clip_id,source_video,start_time,end_time,duration,face_ratio,speech_ratio,snr,file_path,tier,decode_backend,cut_backend,run_id
VCO4vX6QlxM_s0000003010_e0000005246,VCO4vX6QlxM,3.01,5.246,2.236,1.0,1.0,19.73,/kaggle/working/cut_cutfix_full_tier1_20260729_01/tier1/400_440/media/VCO4vX6QlxM_s0000003010_e0000005246.mp4,tier1,cuda,nvenc,cutfix_full_tier1_20260729_01
VCO4vX6QlxM_s0000042242_e0000045150,VCO4vX6QlxM,42.242,45.15,2.908,1.0,1.0,22.84,/kaggle/working/cut_cutfix_full_tier1_20260729_01/tier1/400_440/media/VCO4vX6QlxM_s0000042242_e0000045150.mp4,tier1,cuda,nvenc,cutfix_full_tier1_20260729_01
VCO4vX6QlxM_s0000045826_e0000048254,VCO4vX6QlxM,45.826,48.254,2.428,1.0,1.0,23.66,/kaggle/working/cut_cutfix_full_tier1_20260729_01/tier1/400_440/media/VCO4vX6QlxM_s0000045826_e0000048254.mp4,tier1,cuda,nvenc,cutfix_full_tier1_20260729_01
VCO4vX6QlxM_s0000051970_e0000054558,VCO4vX6QlxM,51.97,54.558,2.588,1.0,1.0,21.9,/kaggle/working/cut_cutfix_full_tier1_20260729_01/tier1/400_440/media/VCO4vX6QlxM_s0000051970_e0000054558.mp4,tier1,cuda,nvenc,cutfix_full_tier1_20260729_01
VCO4vX6QlxM_s0000054658_e0000058174,VCO4vX6QlxM,54.658,58.174,3.516,1.0,1.0,16.41,/kaggle/working/cut_cutfix_full_tier1_20260729_01/tier1/400_440/media/VCO4vX6QlxM_s0000054658_e0000058174.mp4,tier1,cuda,nvenc,cutfix_full_tier1_20260729_01
VCO4vX6QlxM_s0000059138_e0000063710,VCO4vX6QlxM,59.138,63.71,4.572,1.0,1.0,15.8,/kaggle/working/cut_cutfix_full_tier1_20260729_01/tier1/400_440/media/VCO4vX6QlxM_s0000059138_e0000063710.mp4,tier1,cuda,nvenc,cutfix_full_tier1_20260729_01
VCO4vX6QlxM_s0000065026_e0000067358,VCO4vX6QlxM,65.026,67.358,2.332,1.0,1.0,15.04,/kaggle/working/cut_cutfix_full_tier1_20260729_01/tier1/400_440/media/VCO4vX6QlxM_s0000065026_e0000067358.mp4,tier1,cuda,nvenc,cutfix_full_tier1_20260729_01
VCO4vX6QlxM_s0000068002_e0000071006,VCO4vX6QlxM,68.002,71.006,3.004,1.0,1.0,16.81,/kaggle/working/cut_cutfix_full_tier1_20260729_01/tier1/400_440/media/VCO4vX6QlxM_s0000068002_e0000071006.mp4,tier1,cuda,nvenc,cutfix_full_tier1_20260729_01
VCO4vX6QlxM_s0000078082_e0000080382,VCO4vX6QlxM,78.082,80.382,2.3,1.0,1.0,17.09,/kaggle/working/cut_cutfix_full_tier1_20260729_01/tier1/400_440/media/VCO4vX6QlxM_s0000078082_e0000080382.mp4,tier1,cuda,nvenc,cutfix_full_tier1_20260729_01
VCO4vX6QlxM_s0000082626_e0000086494,VCO4vX6QlxM,82.626,86.494,3.868,1.0,1.0,18.29,/kaggle/working/cut_cutfix_full_tier1_20260729_01/tier1/400_440/media/VCO4vX6QlxM_s0000082626_e0000086494.mp4,tier1,cuda,nvenc,cutfix_full_tier1_20260729_01
VCO4vX6QlxM_s0000086946_e0000089982,VCO4vX6QlxM,86.946,89.982,3.036,1.0,1.0,20.19,/kaggle/working/cut_cutfix_full_tier1_20260729_01/tier1/400_440/media/VCO4vX6QlxM_s0000086946_e0000089982.mp4,tier1,cuda,nvenc,cutfix_full_tier1_20260729_01
VCO4vX6QlxM_s0000104930_e0000107742,VCO4vX6QlxM,104.93,107.742,2.812,1.0,1.0,22.04,/kaggle/working/cut_cutfix_full_tier1_20260729_01/tier1/400_440/media/VCO4vX6QlxM_s0000104930_e0000107742.mp4,tier1,cuda,nvenc,cutfix_full_tier1_20260729_01
VCO4vX6QlxM_s0000109154_e0000112894,VCO4vX6QlxM,109.154,112.894,3.74,1.0,1.0,20.14,/kaggle/working/cut_cutfix_full_tier1_20260729_01/tier1/400_440/media/VCO4vX6QlxM_s0000109154_e0000112894.mp4,tier1,cuda,nvenc,cutfix_full_tier1_20260729_01
VCO4vX6QlxM_s0000113858_e0000116286,VCO4vX6QlxM,113.858,116.286,2.428,1.0,1.0,16.86,/kaggle/working/cut_cutfix_full_tier1_20260729_01/tier1/400_440/media/VCO4vX6QlxM_s0000113858_e0000116286.mp4,tier1,cuda,nvenc,cutfix_full_tier1_20260729_01
VCO4vX6QlxM_s0000118498_e0000120606,VCO4vX6QlxM,118.498,120.606,2.108,1.0,1.0,15.37,/kaggle/working/cut_cutfix_full_tier1_20260729_01/tier1/400_440/media/VCO4vX6QlxM_s0000118498_e0000120606.mp4,tier1,cuda,nvenc,cutfix_full_tier1_20260729_01
VCO4vX6QlxM_s0000128834_e0000130974,VCO4vX6QlxM,128.834,130.974,2.14,1.0,1.0,23.87,/kaggle/working/cut_cutfix_full_tier1_20260729_01/tier1/400_440/media/VCO4vX6QlxM_s0000128834_e0000130974.mp4,tier1,cuda,nvenc,cutfix_full_tier1_20260729_01
VCO4vX6QlxM_s0000148226_e0000150430,VCO4vX6QlxM,148.226,150.43,2.204,1.0,1.0,21.51,/kaggle/working/cut_cutfix_full_tier1_20260729_01/tier1/400_440/media/VCO4vX6QlxM_s0000148226_e0000150430.mp4,tier1,cuda,nvenc,cutfix_full_tier1_20260729_01
VCO4vX6QlxM_s0000153570_e0000157406,VCO4vX6QlxM,153.57,157.406,3.836,1.0,1.0,20.49,/kaggle/working/cut_cutfix_full_tier1_20260729_01/tier1/400_440/media/VCO4vX6QlxM_s0000153570_e0000157406.mp4,tier1,cuda,nvenc,cutfix_full_tier1_20260729_01
VCO4vX6QlxM_s0000167458_e0000170270,VCO4vX6QlxM,167.458,170.27,2.812,1.0,1.0,18.66,/kaggle/working/cut_cutfix_full_tier1_20260729_01/tier1/400_440/media/VCO4vX6QlxM_s0000167458_e0000170270.mp4,tier1,cuda,nvenc,cutfix_full_tier1_20260729_01
VCO4vX6QlxM_s0000170754_e0000174334,VCO4vX6QlxM,170.754,174.334,3.58,1.0,1.0,20.11,/kaggle/working/cut_cutfix_full_tier1_20260729_01/tier1/400_440/media/VCO4vX6QlxM_s0000170754_e0000174334.mp4,tier1,cuda,nvenc,cutfix_full_tier1_20260729_01
VCO4vX6QlxM_s0000176482_e0000178910,VCO4vX6QlxM,176.482,178.91,2.428,1.0,1.0,16.48,/kaggle/working/cut_cutfix_full_tier1_20260729_01/tier1/400_440/media/VCO4vX6QlxM_s0000176482_e0000178910.mp4,tier1,cuda,nvenc,cutfix_full_tier1_20260729_01
VCO4vX6QlxM_s0000180770_e0000183006,VCO4vX6QlxM,180.77,183.006,2.236,1.0,1.0,22.54,/kaggle/working/cut_cutfix_full_tier1_20260729_01/tier1/400_440/media/VCO4vX6QlxM_s0000180770_e0000183006.mp4,tier1,cuda,nvenc,cutfix_full_tier1_20260729_01
VCO4vX6QlxM_s0000185890_e0000188030,VCO4vX6QlxM,185.89,188.03,2.14,1.0,1.0,20.47,/kaggle/working/cut_cutfix_full_tier1_20260729_01/tier1/400_440/media/VCO4vX6QlxM_s0000185890_e0000188030.mp4,tier1,cuda,nvenc,cutfix_full_tier1_20260729_01
VCO4vX6QlxM_s0000188642_e0000193726,VCO4vX6QlxM,188.642,193.726,5.084,1.0,1.0,21.63,/kaggle/working/cut_cutfix_full_tier1_20260729_01/tier1/400_440/media/VCO4vX6QlxM_s0000188642_e0000193726.mp4,tier1,cuda,nvenc,cutfix_full_tier1_20260729_01
VCO4vX6QlxM_s0000198562_e0000200606,VCO4vX6QlxM,198.562,200.606,2.044,1.0,1.0,17.52,/kaggle/working/cut_cutfix_full_tier1_20260729_01/tier1/400_440/media/VCO4vX6QlxM_s0000198562_e0000200606.mp4,tier1,cuda,nvenc,cutfix_full_tier1_20260729_01
VCO4vX6QlxM_s0000215970_e0000225246,VCO4vX6QlxM,215.97,225.246,9.276,1.0,1.0,21.16,/kaggle/working/cut_cutfix_full_tier1_20260729_01/tier1/400_440/media/VCO4vX6QlxM_s0000215970_e0000225246.mp4,tier1,cuda,nvenc,cutfix_full_tier1_20260729_01
VCO4vX6QlxM_s0000225474_e0000229438,VCO4vX6QlxM,225.474,229.438,3.964,1.0,1.0,20.25,/kaggle/working/cut_cutfix_full_tier1_20260729_01/tier1/400_440/media/VCO4vX6QlxM_s0000225474_e0000229438.mp4,tier1,cuda,nvenc,cutfix_full_tier1_20260729_01
VCO4vX6QlxM_s0000232258_e0000234526,VCO4vX6QlxM,232.258,234.526,2.268,1.0,1.0,21.73,/kaggle/working/cut_cutfix_full_tier1_20260729_01/tier1/400_440/media/VCO4vX6QlxM_s0000232258_e0000234526.mp4,tier1,cuda,nvenc,cutfix_full_tier1_20260729_01
VCO4vX6QlxM_s0000235170_e0000237246,VCO4vX6QlxM,235.17,237.246,2.076,1.0,1.0,21.94,/kaggle/working/cut_cutfix_full_tier1_20260729_01/tier1/400_440/media/VCO4vX6QlxM_s0000235170_e0000237246.mp4,tier1,cuda,nvenc,cutfix_full_tier1_20260729_01
VCO4vX6QlxM_s0000237922_e0000241982,VCO4vX6QlxM,237.922,241.982,4.06,1.0,1.0,18.29,/kaggle/working/cut_cutfix_full_tier1_20260729_01/tier1/400_440/media/VCO4vX6QlxM_s0000237922_e0000241982.mp4,tier1,cuda,nvenc,cutfix_full_tier1_20260729_01
VCO4vX6QlxM_s0000242690_e0000246046,VCO4vX6QlxM,242.69,246.046,3.356,1.0,1.0,18.81,/kaggle/working/cut_cutfix_full_tier1_20260729_01/tier1/400_440/media/VCO4vX6QlxM_s0000242690_e0000246046.mp4,tier1,cuda,nvenc,cutfix_full_tier1_20260729_01
VCO4vX6QlxM_s0000246626_e0000249150,VCO4vX6QlxM,246.626,249.15,2.524,1.0,1.0,17.74,/kaggle/working/cut_cutfix_full_tier1_20260729_01/tier1/400_440/media/VCO4vX6QlxM_s0000246626_e0000249150.mp4,tier1,cuda,nvenc,cutfix_full_tier1_20260729_01
VCO4vX6QlxM_s0000249826_e0000251870,VCO4vX6QlxM,249.826,251.87,2.044,1.0,1.0,17.63,/kaggle/working/cut_cutfix_full_tier1_20260729_01/tier1/400_440/media/VCO4vX6QlxM_s0000249826_e0000251870.mp4,tier1,cuda,nvenc,cutfix_full_tier1_20260729_01
VCO4vX6QlxM_s0000268770_e0000271198,VCO4vX6QlxM,268.77,271.198,2.428,1.0,1.0,20.48,/kaggle/working/cut_cutfix_full_tier1_20260729_01/tier1/400_440/media/VCO4vX6QlxM_s0000268770_e0000271198.mp4,tier1,cuda,nvenc,cutfix_full_tier1_20260729_01
VCO4vX6QlxM_s0000275266_e0000278046,VCO4vX6QlxM,275.266,278.046,2.78,1.0,1.0,23.55,/kaggle/working/cut_cutfix_full_tier1_20260729_01/tier1/400_440/media/VCO4vX6QlxM_s0000275266_e0000278046.mp4,tier1,cuda,nvenc,cutfix_full_tier1_20260729_01
VCO4vX6QlxM_s0000279266_e0000283870,VCO4vX6QlxM,279.266,283.87,4.604,1.0,1.0,21.99,/kaggle/working/cut_cutfix_full_tier1_20260729_01/tier1/400_440/media/VCO4vX6QlxM_s0000279266_e0000283870.mp4,tier1,cuda,nvenc,cutfix_full_tier1_20260729_01
VCO4vX6QlxM_s0000284258_e0000286334,VCO4vX6QlxM,284.258,286.334,2.076,1.0,1.0,18.98,/kaggle/working/cut_cutfix_full_tier1_20260729_01/tier1/400_440/media/VCO4vX6QlxM_s0000284258_e0000286334.mp4,tier1,cuda,nvenc,cutfix_full_tier1_20260729_01
VCO4vX6QlxM_s0000286690_e0000288702,VCO4vX6QlxM,286.69,288.702,2.012,1.0,1.0,19.38,/kaggle/working/cut_cutfix_full_tier1_20260729_01/tier1/400_440/media/VCO4vX6QlxM_s0000286690_e0000288702.mp4,tier1,cuda,nvenc,cutfix_full_tier1_20260729_01
VCO4vX6QlxM_s0000291202_e0000295230,VCO4vX6QlxM,291.202,295.23,4.028,1.0,1.0,24.37,/kaggle/working/cut_cutfix_full_tier1_20260729_01/tier1/400_440/media/VCO4vX6QlxM_s0000291202_e0000295230.mp4,tier1,cuda,nvenc,cutfix_full_tier1_20260729_01
VCO4vX6QlxM_s0000303554_e0000305822,VCO4vX6QlxM,303.554,305.822,2.268,1.0,1.0,16.5,/kaggle/working/cut_cutfix_full_tier1_20260729_01/tier1/400_440/media/VCO4vX6QlxM_s0000303554_e0000305822.mp4,tier1,cuda,nvenc,cutfix_full_tier1_20260729_01
VCO4vX6QlxM_s0000309154_e0000311742,VCO4vX6QlxM,309.154,311.742,2.588,1.0,1.0,25.84,/kaggle/working/cut_cutfix_full_tier1_20260729_01/tier1/400_440/media/VCO4vX6QlxM_s0000309154_e0000311742.mp4,tier1,cuda,nvenc,cutfix_full_tier1_20260729_01
VCO4vX6QlxM_s0000324610_e0000327070,VCO4vX6QlxM,324.61,327.07,2.46,1.0,1.0,22.41,/kaggle/working/cut_cutfix_full_tier1_20260729_01/tier1/400_440/media/VCO4vX6QlxM_s0000324610_e0000327070.mp4,tier1,cuda,nvenc,cutfix_full_tier1_20260729_01
VCO4vX6QlxM_s0000336866_e0000339838,VCO4vX6QlxM,336.866,339.838,2.972,1.0,1.0,26.23,/kaggle/working/cut_cutfix_full_tier1_20260729_01/tier1/400_440/media/VCO4vX6QlxM_s0000336866_e0000339838.mp4,tier1,cuda,nvenc,cutfix_full_tier1_20260729_01
VCO4vX6QlxM_s0000349922_e0000353406,VCO4vX6QlxM,349.922,353.406,3.484,1.0,1.0,16.21,/kaggle/working/cut_cutfix_full_tier1_20260729_01/tier1/400_440/media/VCO4vX6QlxM_s0000349922_e0000353406.mp4,tier1,cuda,nvenc,cutfix_full_tier1_20260729_01
VCO4vX6QlxM_s0000365762_e0000368926,VCO4vX6QlxM,365.762,368.926,3.164,1.0,1.0,24.81,/kaggle/working/cut_cutfix_full_tier1_20260729_01/tier1/400_440/media/VCO4vX6QlxM_s0000365762_e0000368926.mp4,tier1,cuda,nvenc,cutfix_full_tier1_20260729_01
VCO4vX6QlxM_s0000374306_e0000377246,VCO4vX6QlxM,374.306,377.246,2.94,1.0,1.0,21.88,/kaggle/working/cut_cutfix_full_tier1_20260729_01/tier1/400_440/media/VCO4vX6QlxM_s0000374306_e0000377246.mp4,tier1,cuda,nvenc,cutfix_full_tier1_20260729_01
VCO4vX6QlxM_s0000377506_e0000382430,VCO4vX6QlxM,377.506,382.43,4.924,1.0,1.0,20.18,/kaggle/working/cut_cutfix_full_tier1_20260729_01/tier1/400_440/media/VCO4vX6QlxM_s0000377506_e0000382430.mp4,tier1,cuda,nvenc,cutfix_full_tier1_20260729_01
VCO4vX6QlxM_s0000384098_e0000389566,VCO4vX6QlxM,384.098,389.566,5.468,1.0,1.0,26.17,/kaggle/working/cut_cutfix_full_tier1_20260729_01/tier1/400_440/media/VCO4vX6QlxM_s0000384098_e0000389566.mp4,tier1,cuda,nvenc,cutfix_full_tier1_20260729_01
VCO4vX6QlxM_s0000394370_e0000397950,VCO4vX6QlxM,394.37,397.95,3.58,1.0,1.0,22.28,/kaggle/working/cut_cutfix_full_tier1_20260729_01/tier1/400_440/media/VCO4vX6QlxM_s0000394370_e0000397950.mp4,tier1,cuda,nvenc,cutfix_full_tier1_20260729_01
VCO4vX6QlxM_s0000400130_e0000403518,VCO4vX6QlxM,400.13,403.518,3.388,1.0,1.0,22.13,/kaggle/working/cut_cutfix_full_tier1_20260729_01/tier1/400_440/media/VCO4vX6QlxM_s0000400130_e0000403518.mp4,tier1,cuda,nvenc,cutfix_full_tier1_20260729_01
VCO4vX6QlxM_s0000413890_e0000418366,VCO4vX6QlxM,413.89,418.366,4.476,1.0,1.0,23.39,/kaggle/working/cut_cutfix_full_tier1_20260729_01/tier1/400_440/media/VCO4vX6QlxM_s0000413890_e0000418366.mp4,tier1,cuda,nvenc,cutfix_full_tier1_20260729_01
VCO4vX6QlxM_s0000421506_e0000424926,VCO4vX6QlxM,421.506,424.926,3.42,1.0,1.0,22.35,/kaggle/working/cut_cutfix_full_tier1_20260729_01/tier1/400_440/media/VCO4vX6QlxM_s0000421506_e0000424926.mp4,tier1,cuda,nvenc,cutfix_full_tier1_20260729_01
VCO4vX6QlxM_s0000429474_e0000432574,VCO4vX6QlxM,429.474,432.574,3.1,1.0,1.0,23.02,/kaggle/working/cut_cutfix_full_tier1_20260729_01/tier1/400_440/media/VCO4vX6QlxM_s0000429474_e0000432574.mp4,tier1,cuda,nvenc,cutfix_full_tier1_20260729_01
VCO4vX6QlxM_s0000446050_e0000448254,VCO4vX6QlxM,446.05,448.254,2.204,1.0,1.0,27.35,/kaggle/working/cut_cutfix_full_tier1_20260729_01/tier1/400_440/media/VCO4vX6QlxM_s0000446050_e0000448254.mp4,tier1,cuda,nvenc,cutfix_full_tier1_20260729_01
VMfiHBTDDbc_s0000003010_e0000005982,VMfiHBTDDbc,3.01,5.982,2.972,1.0,1.0,19.39,/kaggle/working/cut_cutfix_full_tier1_20260729_01/tier1/400_440/media/VMfiHBTDDbc_s0000003010_e0000005982.mp4,tier1,cuda,nvenc,cutfix_full_tier1_20260729_01
VMfiHBTDDbc_s0000006146_e0000010078,VMfiHBTDDbc,6.146,10.078,3.932,1.0,1.0,19.5,/kaggle/working/cut_cutfix_full_tier1_20260729_01/tier1/400_440/media/VMfiHBTDDbc_s0000006146_e0000010078.mp4,tier1,cuda,nvenc,cutfix_full_tier1_20260729_01
VMfiHBTDDbc_s0000010242_e0000014718,VMfiHBTDDbc,10.242,14.718,4.476,1.0,1.0,19.71,/kaggle/working/cut_cutfix_full_tier1_20260729_01/tier1/400_440/media/VMfiHBTDDbc_s0000010242_e0000014718.mp4,tier1,cuda,nvenc,cutfix_full_tier1_20260729_01
VMfiHBTDDbc_s0000014850_e0000019614,VMfiHBTDDbc,14.85,19.614,4.764,1.0,1.0,18.02,/kaggle/working/cut_cutfix_full_tier1_20260729_01/tier1/400_440/media/VMfiHBTDDbc_s0000014850_e0000019614.mp4,tier1,cuda,nvenc,cutfix_full_tier1_20260729_01
VMfiHBTDDbc_s0000049698_e0000055294,VMfiHBTDDbc,49.698,55.294,5.596,0.833,1.0,15.69,/kaggle/working/cut_cutfix_full_tier1_20260729_01/tier1/400_440/media/VMfiHBTDDbc_s0000049698_e0000055294.mp4,tier1,cuda,nvenc,cutfix_full_tier1_20260729_01
VMfiHBTDDbc_s0000055746_e0000060158,VMfiHBTDDbc,55.746,60.158,4.412,0.8,1.0,15.23,/kaggle/working/cut_cutfix_full_tier1_20260729_01/tier1/400_440/media/VMfiHBTDDbc_s0000055746_e0000060158.mp4,tier1,cuda,nvenc,cutfix_full_tier1_20260729_01
VMfiHBTDDbc_s0000134850_e0000143774,VMfiHBTDDbc,134.85,143.774,8.924,1.0,1.0,15.15,/kaggle/working/cut_cutfix_full_tier1_20260729_01/tier1/400_440/media/VMfiHBTDDbc_s0000134850_e0000143774.mp4,tier1,cuda,nvenc,cutfix_full_tier1_20260729_01
VMfiHBTDDbc_s0000158082_e0000161822,VMfiHBTDDbc,158.082,161.822,3.74,1.0,1.0,15.88,/kaggle/working/cut_cutfix_full_tier1_20260729_01/tier1/400_440/media/VMfiHBTDDbc_s0000158082_e0000161822.mp4,tier1,cuda,nvenc,cutfix_full_tier1_20260729_01
VMfiHBTDDbc_s0000197218_e0000201918,VMfiHBTDDbc,197.218,201.918,4.7,0.75,1.0,16.49,/kaggle/working/cut_cutfix_full_tier1_20260729_01/tier1/400_440/media/VMfiHBTDDbc_s0000197218_e0000201918.mp4,tier1,cuda,nvenc,cutfix_full_tier1_20260729_01
VMfiHBTDDbc_s0000202242_e0000207242,VMfiHBTDDbc,202.242,207.242,5.0,1.0,1.0,16.18,/kaggle/working/cut_cutfix_full_tier1_20260729_01/tier1/400_440/media/VMfiHBTDDbc_s0000202242_e0000207242.mp4,tier1,cuda,nvenc,cutfix_full_tier1_20260729_01
VMfiHBTDDbc_s0000231362_e0000235454,VMfiHBTDDbc,231.362,235.454,4.092,0.75,1.0,16.71,/kaggle/working/cut_cutfix_full_tier1_20260729_01/tier1/400_440/media/VMfiHBTDDbc_s0000231362_e0000235454.mp4,tier1,cuda,nvenc,cutfix_full_tier1_20260729_01
VMfiHBTDDbc_s0000258178_e0000261950,VMfiHBTDDbc,258.178,261.95,3.772,1.0,1.0,19.46,/kaggle/working/cut_cutfix_full_tier1_20260729_01/tier1/400_440/media/VMfiHBTDDbc_s0000258178_e0000261950.mp4,tier1,cuda,nvenc,cutfix_full_tier1_20260729_01
VMfiHBTDDbc_s0000262178_e0000264350,VMfiHBTDDbc,262.178,264.35,2.172,1.0,1.0,18.94,/kaggle/working/cut_cutfix_full_tier1_20260729_01/tier1/400_440/media/VMfiHBTDDbc_s0000262178_e0000264350.mp4,tier1,cuda,nvenc,cutfix_full_tier1_20260729_01
VMfiHBTDDbc_s0000264514_e0000266878,VMfiHBTDDbc,264.514,266.878,2.364,1.0,1.0,18.02,/kaggle/working/cut_cutfix_full_tier1_20260729_01/tier1/400_440/media/VMfiHBTDDbc_s0000264514_e0000266878.mp4,tier1,cuda,nvenc,cutfix_full_tier1_20260729_01
VMfiHBTDDbc_s0000268194_e0000272834,VMfiHBTDDbc,268.194,272.834,4.64,1.0,1.0,17.35,/kaggle/working/cut_cutfix_full_tier1_20260729_01/tier1/400_440/media/VMfiHBTDDbc_s0000268194_e0000272834.mp4,tier1,cuda,nvenc,cutfix_full_tier1_20260729_01
VR3LDP4mT_c_s0000016994_e0000021994,VR3LDP4mT_c,16.994,21.994,5.0,1.0,1.0,-8.97,/kaggle/working/cut_cutfix_full_tier1_20260729_01/tier1/400_440/media/VR3LDP4mT_c_s0000016994_e0000021994.mp4,tier1,cuda,nvenc,cutfix_full_tier1_20260729_01
VR3LDP4mT_c_s0000020994_e0000024766,VR3LDP4mT_c,20.994,24.766,3.772,1.0,1.0,-9.68,/kaggle/working/cut_cutfix_full_tier1_20260729_01/tier1/400_440/media/VR3LDP4mT_c_s0000020994_e0000024766.mp4,tier1,cuda,nvenc,cutfix_full_tier1_20260729_01
VR3LDP4mT_c_s0000025186_e0000030186,VR3LDP4mT_c,25.186,30.186,5.0,1.0,1.0,-8.98,/kaggle/working/cut_cutfix_full_tier1_20260729_01/tier1/400_440/media/VR3LDP4mT_c_s0000025186_e0000030186.mp4,tier1,cuda,nvenc,cutfix_full_tier1_20260729_01
VR3LDP4mT_c_s0000029186_e0000034186,VR3LDP4mT_c,29.186,34.186,5.0,1.0,1.0,-9.42,/kaggle/working/cut_cutfix_full_tier1_20260729_01/tier1/400_440/media/VR3LDP4mT_c_s0000029186_e0000034186.mp4,tier1,cuda,nvenc,cutfix_full_tier1_20260729_01
VR3LDP4mT_c_s0000033186_e0000038186,VR3LDP4mT_c,33.186,38.186,5.0,1.0,1.0,-9.45,/kaggle/working/cut_cutfix_full_tier1_20260729_01/tier1/400_440/media/VR3LDP4mT_c_s0000033186_e0000038186.mp4,tier1,cuda,nvenc,cutfix_full_tier1_20260729_01
VR3LDP4mT_c_s0000037186_e0000042186,VR3LDP4mT_c,37.186,42.186,5.0,1.0,1.0,-11.36,/kaggle/working/cut_cutfix_full_tier1_20260729_01/tier1/400_440/media/VR3LDP4mT_c_s0000037186_e0000042186.mp4,tier1,cuda,nvenc,cutfix_full_tier1_20260729_01
VR3LDP4mT_c_s0000041186_e0000046186,VR3LDP4mT_c,41.186,46.186,5.0,1.0,1.0,-10.32,/kaggle/working/cut_cutfix_full_tier1_20260729_01/tier1/400_440/media/VR3LDP4mT_c_s0000041186_e0000046186.mp4,tier1,cuda,nvenc,cutfix_full_tier1_20260729_01
VR3LDP4mT_c_s0000045186_e0000050186,VR3LDP4mT_c,45.186,50.186,5.0,1.0,1.0,-9.03,/kaggle/working/cut_cutfix_full_tier1_20260729_01/tier1/400_440/media/VR3LDP4mT_c_s0000045186_e0000050186.mp4,tier1,cuda,nvenc,cutfix_full_tier1_20260729_01
VR3LDP4mT_c_s0000049186_e0000054186,VR3LDP4mT_c,49.186,54.186,5.0,1.0,1.0,-9.6,/kaggle/working/cut_cutfix_full_tier1_20260729_01/tier1/400_440/media/VR3LDP4mT_c_s0000049186_e0000054186.mp4,tier1,cuda,nvenc,cutfix_full_tier1_20260729_01
VR3LDP4mT_c_s0000053186_e0000058186,VR3LDP4mT_c,53.186,58.186,5.0,1.0,1.0,-9.22,/kaggle/working/cut_cutfix_full_tier1_20260729_01/tier1/400_440/media/VR3LDP4mT_c_s0000053186_e0000058186.mp4,tier1,cuda,nvenc,cutfix_full_tier1_20260729_01
VR3LDP4mT_c_s0000085186_e0000090186,VR3LDP4mT_c,85.186,90.186,5.0,0.8,1.0,-9.78,/kaggle/working/cut_cutfix_full_tier1_20260729_01/tier1/400_440/media/VR3LDP4mT_c_s0000085186_e0000090186.mp4,tier1,cuda,nvenc,cutfix_full_tier1_20260729_01
VR3LDP4mT_c_s0000089186_e0000092862,VR3LDP4mT_c,89.186,92.862,3.676,1.0,1.0,-8.97,/kaggle/working/cut_cutfix_full_tier1_20260729_01/tier1/400_440/media/VR3LDP4mT_c_s0000089186_e0000092862.mp4,tier1,cuda,nvenc,cutfix_full_tier1_20260729_01
VR3LDP4mT_c_s0000093058_e0000098058,VR3LDP4mT_c,93.058,98.058,5.0,1.0,1.0,-9.33,/kaggle/working/cut_cutfix_full_tier1_20260729_01/tier1/400_440/media/VR3LDP4mT_c_s0000093058_e0000098058.mp4,tier1,cuda,nvenc,cutfix_full_tier1_20260729_01
VR3LDP4mT_c_s0000097058_e0000102058,VR3LDP4mT_c,97.058,102.058,5.0,1.0,1.0,-9.23,/kaggle/working/cut_cutfix_full_tier1_20260729_01/tier1/400_440/media/VR3LDP4mT_c_s0000097058_e0000102058.mp4,tier1,cuda,nvenc,cutfix_full_tier1_20260729_01
VR3LDP4mT_c_s0000105058_e0000110058,VR3LDP4mT_c,105.058,110.058,5.0,1.0,1.0,-8.8,/kaggle/working/cut_cutfix_full_tier1_20260729_01/tier1/400_440/media/VR3LDP4mT_c_s0000105058_e0000110058.mp4,tier1,cuda,nvenc,cutfix_full_tier1_20260729_01
VR3LDP4mT_c_s0000109058_e0000112830,VR3LDP4mT_c,109.058,112.83,3.772,1.0,1.0,-8.75,/kaggle/working/cut_cutfix_full_tier1_20260729_01/tier1/400_440/media/VR3LDP4mT_c_s0000109058_e0000112830.mp4,tier1,cuda,nvenc,cutfix_full_tier1_20260729_01
VR3LDP4mT_c_s0000114786_e0000117278,VR3LDP4mT_c,114.786,117.278,2.492,1.0,1.0,-7.44,/kaggle/working/cut_cutfix_full_tier1_20260729_01/tier1/400_440/media/VR3LDP4mT_c_s0000114786_e0000117278.mp4,tier1,cuda,nvenc,cutfix_full_tier1_20260729_01
VR3LDP4mT_c_s0000117378_e0000122378,VR3LDP4mT_c,117.378,122.378,5.0,0.8,1.0,-7.78,/kaggle/working/cut_cutfix_full_tier1_20260729_01/tier1/400_440/media/VR3LDP4mT_c_s0000117378_e0000122378.mp4,tier1,cuda,nvenc,cutfix_full_tier1_20260729_01
VR3LDP4mT_c_s0000121378_e0000126378,VR3LDP4mT_c,121.378,126.378,5.0,1.0,1.0,-7.14,/kaggle/working/cut_cutfix_full_tier1_20260729_01/tier1/400_440/media/VR3LDP4mT_c_s0000121378_e0000126378.mp4,tier1,cuda,nvenc,cutfix_full_tier1_20260729_01
VR3LDP4mT_c_s0000125378_e0000130378,VR3LDP4mT_c,125.378,130.378,5.0,1.0,1.0,-8.62,/kaggle/working/cut_cutfix_full_tier1_20260729_01/tier1/400_440/media/VR3LDP4mT_c_s0000125378_e0000130378.mp4,tier1,cuda,nvenc,cutfix_full_tier1_20260729_01
VR3LDP4mT_c_s0000132226_e0000137226,VR3LDP4mT_c,132.226,137.226,5.0,1.0,1.0,-10.04,/kaggle/working/cut_cutfix_full_tier1_20260729_01/tier1/400_440/media/VR3LDP4mT_c_s0000132226_e0000137226.mp4,tier1,cuda,nvenc,cutfix_full_tier1_20260729_01
VR3LDP4mT_c_s0000136226_e0000141226,VR3LDP4mT_c,136.226,141.226,5.0,1.0,1.0,-10.01,/kaggle/working/cut_cutfix_full_tier1_20260729_01/tier1/400_440/media/VR3LDP4mT_c_s0000136226_e0000141226.mp4,tier1,cuda,nvenc,cutfix_full_tier1_20260729_01
VR3LDP4mT_c_s0000140226_e0000145226,VR3LDP4mT_c,140.226,145.226,5.0,0.8,1.0,-9.12,/kaggle/working/cut_cutfix_full_tier1_20260729_01/tier1/400_440/media/VR3LDP4mT_c_s0000140226_e0000145226.mp4,tier1,cuda,nvenc,cutfix_full_tier1_20260729_01
VR3LDP4mT_c_s0000154018_e0000156318,VR3LDP4mT_c,154.018,156.318,2.3,1.0,1.0,-10.16,/kaggle/working/cut_cutfix_full_tier1_20260729_01/tier1/400_440/media/VR3LDP4mT_c_s0000154018_e0000156318.mp4,tier1,cuda,nvenc,cutfix_full_tier1_20260729_01
VR3LDP4mT_c_s0000156514_e0000160670,VR3LDP4mT_c,156.514,160.67,4.156,1.0,1.0,-10.46,/kaggle/working/cut_cutfix_full_tier1_20260729_01/tier1/400_440/media/VR3LDP4mT_c_s0000156514_e0000160670.mp4,tier1,cuda,nvenc,cutfix_full_tier1_20260729_01
VR3LDP4mT_c_s0000160834_e0000167998,VR3LDP4mT_c,160.834,167.998,7.164,0.857,1.0,-8.61,/kaggle/working/cut_cutfix_full_tier1_20260729_01/tier1/400_440/media/VR3LDP4mT_c_s0000160834_e0000167998.mp4,tier1,cuda,nvenc,cutfix_full_tier1_20260729_01
VR3LDP4mT_c_s0000168098_e0000173098,VR3LDP4mT_c,168.098,173.098,5.0,1.0,1.0,-8.25,/kaggle/working/cut_cutfix_full_tier1_20260729_01/tier1/400_440/media/VR3LDP4mT_c_s0000168098_e0000173098.mp4,tier1,cuda,nvenc,cutfix_full_tier1_20260729_01
VR3LDP4mT_c_s0000172098_e0000177098,VR3LDP4mT_c,172.098,177.098,5.0,1.0,1.0,-8.33,/kaggle/working/cut_cutfix_full_tier1_20260729_01/tier1/400_440/media/VR3LDP4mT_c_s0000172098_e0000177098.mp4,tier1,cuda,nvenc,cutfix_full_tier1_20260729_01
VR3LDP4mT_c_s0000176098_e0000181098,VR3LDP4mT_c,176.098,181.098,5.0,1.0,1.0,-10.1,/kaggle/working/cut_cutfix_full_tier1_20260729_01/tier1/400_440/media/VR3LDP4mT_c_s0000176098_e0000181098.mp4,tier1,cuda,nvenc,cutfix_full_tier1_20260729_01
VR3LDP4mT_c_s0000180098_e0000185098,VR3LDP4mT_c,180.098,185.098,5.0,1.0,1.0,-9.97,/kaggle/working/cut_cutfix_full_tier1_20260729_01/tier1/400_440/media/VR3LDP4mT_c_s0000180098_e0000185098.mp4,tier1,cuda,nvenc,cutfix_full_tier1_20260729_01
VR3LDP4mT_c_s0000186018_e0000191018,VR3LDP4mT_c,186.018,191.018,5.0,1.0,1.0,-10.24,/kaggle/working/cut_cutfix_full_tier1_20260729_01/tier1/400_440/media/VR3LDP4mT_c_s0000186018_e0000191018.mp4,tier1,cuda,nvenc,cutfix_full_tier1_20260729_01
VR3LDP4mT_c_s0000190018_e0000195018,VR3LDP4mT_c,190.018,195.018,5.0,1.0,1.0,-11.05,/kaggle/working/cut_cutfix_full_tier1_20260729_01/tier1/400_440/media/VR3LDP4mT_c_s0000190018_e0000195018.mp4,tier1,cuda,nvenc,cutfix_full_tier1_20260729_01
VR3LDP4mT_c_s0000194018_e0000199018,VR3LDP4mT_c,194.018,199.018,5.0,1.0,1.0,-10.94,/kaggle/working/cut_cutfix_full_tier1_20260729_01/tier1/400_440/media/VR3LDP4mT_c_s0000194018_e0000199018.mp4,tier1,cuda,nvenc,cutfix_full_tier1_20260729_01
VR3LDP4mT_c_s0000198018_e0000203018,VR3LDP4mT_c,198.018,203.018,5.0,1.0,1.0,-9.55,/kaggle/working/cut_cutfix_full_tier1_20260729_01/tier1/400_440/media/VR3LDP4mT_c_s0000198018_e0000203018.mp4,tier1,cuda,nvenc,cutfix_full_tier1_20260729_01
VR3LDP4mT_c_s0000203842_e0000208842,VR3LDP4mT_c,203.842,208.842,5.0,1.0,1.0,-8.65,/kaggle/working/cut_cutfix_full_tier1_20260729_01/tier1/400_440/media/VR3LDP4mT_c_s0000203842_e0000208842.mp4,tier1,cuda,nvenc,cutfix_full_tier1_20260729_01
VR3LDP4mT_c_s0000207842_e0000212842,VR3LDP4mT_c,207.842,212.842,5.0,1.0,1.0,-9.59,/kaggle/working/cut_cutfix_full_tier1_20260729_01/tier1/400_440/media/VR3LDP4mT_c_s0000207842_e0000212842.mp4,tier1,cuda,nvenc,cutfix_full_tier1_20260729_01
VR3LDP4mT_c_s0000220098_e0000225098,VR3LDP4mT_c,220.098,225.098,5.0,1.0,1.0,-8.63,/kaggle/working/cut_cutfix_full_tier1_20260729_01/tier1/400_440/media/VR3LDP4mT_c_s0000220098_e0000225098.mp4,tier1,cuda,nvenc,cutfix_full_tier1_20260729_01
VR3LDP4mT_c_s0000234914_e0000237854,VR3LDP4mT_c,234.914,237.854,2.94,1.0,1.0,-8.41,/kaggle/working/cut_cutfix_full_tier1_20260729_01/tier1/400_440/media/VR3LDP4mT_c_s0000234914_e0000237854.mp4,tier1,cuda,nvenc,cutfix_full_tier1_20260729_01
VR3LDP4mT_c_s0000238050_e0000241054,VR3LDP4mT_c,238.05,241.054,3.004,1.0,1.0,-8.58,/kaggle/working/cut_cutfix_full_tier1_20260729_01/tier1/400_440/media/VR3LDP4mT_c_s0000238050_e0000241054.mp4,tier1,cuda,nvenc,cutfix_full_tier1_20260729_01
VR3LDP4mT_c_s0000251138_e0000255358,VR3LDP4mT_c,251.138,255.358,4.22,1.0,1.0,-6.25,/kaggle/working/cut_cutfix_full_tier1_20260729_01/tier1/400_440/media/VR3LDP4mT_c_s0000251138_e0000255358.mp4,tier1,cuda,nvenc,cutfix_full_tier1_20260729_01
VR3LDP4mT_c_s0000260322_e0000265322,VR3LDP4mT_c,260.322,265.322,5.0,0.8,1.0,-7.38,/kaggle/working/cut_cutfix_full_tier1_20260729_01/tier1/400_440/media/VR3LDP4mT_c_s0000260322_e0000265322.mp4,tier1,cuda,nvenc,cutfix_full_tier1_20260729_01
VR3LDP4mT_c_s0000264322_e0000268670,VR3LDP4mT_c,264.322,268.67,4.348,1.0,1.0,-9.54,/kaggle/working/cut_cutfix_full_tier1_20260729_01/tier1/400_440/media/VR3LDP4mT_c_s0000264322_e0000268670.mp4,tier1,cuda,nvenc,cutfix_full_tier1_20260729_01
VR3LDP4mT_c_s0000270850_e0000275850,VR3LDP4mT_c,270.85,275.85,5.0,1.0,1.0,-8.84,/kaggle/working/cut_cutfix_full_tier1_20260729_01/tier1/400_440/media/VR3LDP4mT_c_s0000270850_e0000275850.mp4,tier1,cuda,nvenc,cutfix_full_tier1_20260729_01
VR3LDP4mT_c_s0000274850_e0000279850,VR3LDP4mT_c,274.85,279.85,5.0,1.0,1.0,-8.6,/kaggle/working/cut_cutfix_full_tier1_20260729_01/tier1/400_440/media/VR3LDP4mT_c_s0000274850_e0000279850.mp4,tier1,cuda,nvenc,cutfix_full_tier1_20260729_01
VR3LDP4mT_c_s0000278850_e0000283850,VR3LDP4mT_c,278.85,283.85,5.0,1.0,1.0,-8.65,/kaggle/working/cut_cutfix_full_tier1_20260729_01/tier1/400_440/media/VR3LDP4mT_c_s0000278850_e0000283850.mp4,tier1,cuda,nvenc,cutfix_full_tier1_20260729_01
VR3LDP4mT_c_s0000282850_e0000287850,VR3LDP4mT_c,282.85,287.85,5.0,1.0,1.0,-9.31,/kaggle/working/cut_cutfix_full_tier1_20260729_01/tier1/400_440/media/VR3LDP4mT_c_s0000282850_e0000287850.mp4,tier1,cuda,nvenc,cutfix_full_tier1_20260729_01
VR3LDP4mT_c_s0000286850_e0000291850,VR3LDP4mT_c,286.85,291.85,5.0,1.0,1.0,-9.7,/kaggle/working/cut_cutfix_full_tier1_20260729_01/tier1/400_440/media/VR3LDP4mT_c_s0000286850_e0000291850.mp4,tier1,cuda,nvenc,cutfix_full_tier1_20260729_01
VR3LDP4mT_c_s0000290850_e0000295850,VR3LDP4mT_c,290.85,295.85,5.0,1.0,1.0,-9.64,/kaggle/working/cut_cutfix_full_tier1_20260729_01/tier1/400_440/media/VR3LDP4mT_c_s0000290850_e0000295850.mp4,tier1,cuda,nvenc,cutfix_full_tier1_20260729_01
VR3LDP4mT_c_s0000294850_e0000299850,VR3LDP4mT_c,294.85,299.85,5.0,1.0,1.0,-8.46,/kaggle/working/cut_cutfix_full_tier1_20260729_01/tier1/400_440/media/VR3LDP4mT_c_s0000294850_e0000299850.mp4,tier1,cuda,nvenc,cutfix_full_tier1_20260729_01
VR3LDP4mT_c_s0000298850_e0000303742,VR3LDP4mT_c,298.85,303.742,4.892,1.0,1.0,-6.96,/kaggle/working/cut_cutfix_full_tier1_20260729_01/tier1/400_440/media/VR3LDP4mT_c_s0000298850_e0000303742.mp4,tier1,cuda,nvenc,cutfix_full_tier1_20260729_01
VR3LDP4mT_c_s0000307938_e0000312938,VR3LDP4mT_c,307.938,312.938,5.0,0.8,1.0,-8.65,/kaggle/working/cut_cutfix_full_tier1_20260729_01/tier1/400_440/media/VR3LDP4mT_c_s0000307938_e0000312938.mp4,tier1,cuda,nvenc,cutfix_full_tier1_20260729_01
VR3LDP4mT_c_s0000311938_e0000316938,VR3LDP4mT_c,311.938,316.938,5.0,1.0,1.0,-9.68,/kaggle/working/cut_cutfix_full_tier1_20260729_01/tier1/400_440/media/VR3LDP4mT_c_s0000311938_e0000316938.mp4,tier1,cuda,nvenc,cutfix_full_tier1_20260729_01
VR3LDP4mT_c_s0000315938_e0000320318,VR3LDP4mT_c,315.938,320.318,4.38,1.0,1.0,-10.56,/kaggle/working/cut_cutfix_full_tier1_20260729_01/tier1/400_440/media/VR3LDP4mT_c_s0000315938_e0000320318.mp4,tier1,cuda,nvenc,cutfix_full_tier1_20260729_01
VR3LDP4mT_c_s0000320450_e0000328510,VR3LDP4mT_c,320.45,328.51,8.06,1.0,1.0,-7.12,/kaggle/working/cut_cutfix_full_tier1_20260729_01/tier1/400_440/media/VR3LDP4mT_c_s0000320450_e0000328510.mp4,tier1,cuda,nvenc,cutfix_full_tier1_20260729_01
VR3LDP4mT_c_s0000328642_e0000335454,VR3LDP4mT_c,328.642,335.454,6.812,1.0,1.0,-9.21,/kaggle/working/cut_cutfix_full_tier1_20260729_01/tier1/400_440/media/VR3LDP4mT_c_s0000328642_e0000335454.mp4,tier1,cuda,nvenc,cutfix_full_tier1_20260729_01
VR3LDP4mT_c_s0000352002_e0000359326,VR3LDP4mT_c,352.002,359.326,7.324,1.0,1.0,-11.82,/kaggle/working/cut_cutfix_full_tier1_20260729_01/tier1/400_440/media/VR3LDP4mT_c_s0000352002_e0000359326.mp4,tier1,cuda,nvenc,cutfix_full_tier1_20260729_01
VR3LDP4mT_c_s0000359426_e0000368830,VR3LDP4mT_c,359.426,368.83,9.404,1.0,1.0,-9.78,/kaggle/working/cut_cutfix_full_tier1_20260729_01/tier1/400_440/media/VR3LDP4mT_c_s0000359426_e0000368830.mp4,tier1,cuda,nvenc,cutfix_full_tier1_20260729_01
VR3LDP4mT_c_s0000370338_e0000372350,VR3LDP4mT_c,370.338,372.35,2.012,1.0,1.0,-10.48,/kaggle/working/cut_cutfix_full_tier1_20260729_01/tier1/400_440/media/VR3LDP4mT_c_s0000370338_e0000372350.mp4,tier1,cuda,nvenc,cutfix_full_tier1_20260729_01
VR3LDP4mT_c_s0000380450_e0000385450,VR3LDP4mT_c,380.45,385.45,5.0,0.8,1.0,-9.74,/kaggle/working/cut_cutfix_full_tier1_20260729_01/tier1/400_440/media/VR3LDP4mT_c_s0000380450_e0000385450.mp4,tier1,cuda,nvenc,cutfix_full_tier1_20260729_01
VR3LDP4mT_c_s0000388450_e0000392574,VR3LDP4mT_c,388.45,392.574,4.124,1.0,1.0,-11.18,/kaggle/working/cut_cutfix_full_tier1_20260729_01/tier1/400_440/media/VR3LDP4mT_c_s0000388450_e0000392574.mp4,tier1,cuda,nvenc,cutfix_full_tier1_20260729_01
VR3LDP4mT_c_s0000400258_e0000403422,VR3LDP4mT_c,400.258,403.422,3.164,1.0,1.0,-9.5,/kaggle/working/cut_cutfix_full_tier1_20260729_01/tier1/400_440/media/VR3LDP4mT_c_s0000400258_e0000403422.mp4,tier1,cuda,nvenc,cutfix_full_tier1_20260729_01
VR3LDP4mT_c_s0000403650_e0000406334,VR3LDP4mT_c,403.65,406.334,2.684,1.0,1.0,-11.99,/kaggle/working/cut_cutfix_full_tier1_20260729_01/tier1/400_440/media/VR3LDP4mT_c_s0000403650_e0000406334.mp4,tier1,cuda,nvenc,cutfix_full_tier1_20260729_01
VR3LDP4mT_c_s0000412642_e0000416254,VR3LDP4mT_c,412.642,416.254,3.612,0.75,1.0,-8.49,/kaggle/working/cut_cutfix_full_tier1_20260729_01/tier1/400_440/media/VR3LDP4mT_c_s0000412642_e0000416254.mp4,tier1,cuda,nvenc,cutfix_full_tier1_20260729_01
VR3LDP4mT_c_s0000429186_e0000434186,VR3LDP4mT_c,429.186,434.186,5.0,0.8,1.0,-11.51,/kaggle/working/cut_cutfix_full_tier1_20260729_01/tier1/400_440/media/VR3LDP4mT_c_s0000429186_e0000434186.mp4,tier1,cuda,nvenc,cutfix_full_tier1_20260729_01
VR3LDP4mT_c_s0000433186_e0000438186,VR3LDP4mT_c,433.186,438.186,5.0,1.0,1.0,-11.39,/kaggle/working/cut_cutfix_full_tier1_20260729_01/tier1/400_440/media/VR3LDP4mT_c_s0000433186_e0000438186.mp4,tier1,cuda,nvenc,cutfix_full_tier1_20260729_01
VR3LDP4mT_c_s0000437186_e0000442186,VR3LDP4mT_c,437.186,442.186,5.0,1.0,1.0,-9.97,/kaggle/working/cut_cutfix_full_tier1_20260729_01/tier1/400_440/media/VR3LDP4mT_c_s0000437186_e0000442186.mp4,tier1,cuda,nvenc,cutfix_full_tier1_20260729_01
VR3LDP4mT_c_s0000441186_e0000446186,VR3LDP4mT_c,441.186,446.186,5.0,1.0,1.0,-11.31,/kaggle/working/cut_cutfix_full_tier1_20260729_01/tier1/400_440/media/VR3LDP4mT_c_s0000441186_e0000446186.mp4,tier1,cuda,nvenc,cutfix_full_tier1_20260729_01
VR3LDP4mT_c_s0000445186_e0000448446,VR3LDP4mT_c,445.186,448.446,3.26,1.0,1.0,-8.45,/kaggle/working/cut_cutfix_full_tier1_20260729_01/tier1/400_440/media/VR3LDP4mT_c_s0000445186_e0000448446.mp4,tier1,cuda,nvenc,cutfix_full_tier1_20260729_01
VR3LDP4mT_c_s0000452546_e0000457546,VR3LDP4mT_c,452.546,457.546,5.0,1.0,1.0,-9.38,/kaggle/working/cut_cutfix_full_tier1_20260729_01/tier1/400_440/media/VR3LDP4mT_c_s0000452546_e0000457546.mp4,tier1,cuda,nvenc,cutfix_full_tier1_20260729_01
VR3LDP4mT_c_s0000456546_e0000461546,VR3LDP4mT_c,456.546,461.546,5.0,1.0,1.0,-10.07,/kaggle/working/cut_cutfix_full_tier1_20260729_01/tier1/400_440/media/VR3LDP4mT_c_s0000456546_e0000461546.mp4,tier1,cuda,nvenc,cutfix_full_tier1_20260729_01
VR3LDP4mT_c_s0000460546_e0000465546,VR3LDP4mT_c,460.546,465.546,5.0,1.0,1.0,-10.32,/kaggle/working/cut_cutfix_full_tier1_20260729_01/tier1/400_440/media/VR3LDP4mT_c_s0000460546_e0000465546.mp4,tier1,cuda,nvenc,cutfix_full_tier1_20260729_01
VR3LDP4mT_c_s0000464546_e0000469546,VR3LDP4mT_c,464.546,469.546,5.0,1.0,1.0,-9.37,/kaggle/working/cut_cutfix_full_tier1_20260729_01/tier1/400_440/media/VR3LDP4mT_c_s0000464546_e0000469546.mp4,tier1,cuda,nvenc,cutfix_full_tier1_20260729_01
VR3LDP4mT_c_s0000468546_e0000473546,VR3LDP4mT_c,468.546,473.546,5.0,1.0,1.0,-9.99,/kaggle/working/cut_cutfix_full_tier1_20260729_01/tier1/400_440/media/VR3LDP4mT_c_s0000468546_e0000473546.mp4,tier1,cuda,nvenc,cutfix_full_tier1_20260729_01
VR3LDP4mT_c_s0000472546_e0000477546,VR3LDP4mT_c,472.546,477.546,5.0,1.0,1.0,-10.08,/kaggle/working/cut_cutfix_full_tier1_20260729_01/tier1/400_440/media/VR3LDP4mT_c_s0000472546_e0000477546.mp4,tier1,cuda,nvenc,cutfix_full_tier1_20260729_01
VR3LDP4mT_c_s0000476546_e0000481546,VR3LDP4mT_c,476.546,481.546,5.0,1.0,1.0,-10.5,/kaggle/working/cut_cutfix_full_tier1_20260729_01/tier1/400_440/media/VR3LDP4mT_c_s0000476546_e0000481546.mp4,tier1,cuda,nvenc,cutfix_full_tier1_20260729_01
VR3LDP4mT_c_s0000480546_e0000485546,VR3LDP4mT_c,480.546,485.546,5.0,1.0,1.0,-10.32,/kaggle/working/cut_cutfix_full_tier1_20260729_01/tier1/400_440/media/VR3LDP4mT_c_s0000480546_e0000485546.mp4,tier1,cuda,nvenc,cutfix_full_tier1_20260729_01
VR3LDP4mT_c_s0000484546_e0000489546,VR3LDP4mT_c,484.546,489.546,5.0,1.0,1.0,-10.46,/kaggle/working/cut_cutfix_full_tier1_20260729_01/tier1/400_440/media/VR3LDP4mT_c_s0000484546_e0000489546.mp4,tier1,cuda,nvenc,cutfix_full_tier1_20260729_01
VR3LDP4mT_c_s0000488546_e0000493546,VR3LDP4mT_c,488.546,493.546,5.0,0.8,1.0,-12.15,/kaggle/working/cut_cutfix_full_tier1_20260729_01/tier1/400_440/media/VR3LDP4mT_c_s0000488546_e0000493546.mp4,tier1,cuda,nvenc,cutfix_full_tier1_20260729_01
VR3LDP4mT_c_s0000494082_e0000498590,VR3LDP4mT_c,494.082,498.59,4.508,0.75,1.0,-10.3,/kaggle/working/cut_cutfix_full_tier1_20260729_01/tier1/400_440/media/VR3LDP4mT_c_s0000494082_e0000498590.mp4,tier1,cuda,nvenc,cutfix_full_tier1_20260729_01
VR3LDP4mT_c_s0000510722_e0000516510,VR3LDP4mT_c,510.722,516.51,5.788,0.833,1.0,-9.93,/kaggle/working/cut_cutfix_full_tier1_20260729_01/tier1/400_440/media/VR3LDP4mT_c_s0000510722_e0000516510.mp4,tier1,cuda,nvenc,cutfix_full_tier1_20260729_01
VR3LDP4mT_c_s0000526466_e0000531262,VR3LDP4mT_c,526.466,531.262,4.796,1.0,1.0,-9.07,/kaggle/working/cut_cutfix_full_tier1_20260729_01/tier1/400_440/media/VR3LDP4mT_c_s0000526466_e0000531262.mp4,tier1,cuda,nvenc,cutfix_full_tier1_20260729_01
VR3LDP4mT_c_s0000531490_e0000536446,VR3LDP4mT_c,531.49,536.446,4.956,1.0,1.0,-8.64,/kaggle/working/cut_cutfix_full_tier1_20260729_01/tier1/400_440/media/VR3LDP4mT_c_s0000531490_e0000536446.mp4,tier1,cuda,nvenc,cutfix_full_tier1_20260729_01
VR3LDP4mT_c_s0000536898_e0000544830,VR3LDP4mT_c,536.898,544.83,7.932,1.0,1.0,-9.51,/kaggle/working/cut_cutfix_full_tier1_20260729_01/tier1/400_440/media/VR3LDP4mT_c_s0000536898_e0000544830.mp4,tier1,cuda,nvenc,cutfix_full_tier1_20260729_01
VR3LDP4mT_c_s0000545122_e0000547582,VR3LDP4mT_c,545.122,547.582,2.46,1.0,1.0,-8.93,/kaggle/working/cut_cutfix_full_tier1_20260729_01/tier1/400_440/media/VR3LDP4mT_c_s0000545122_e0000547582.mp4,tier1,cuda,nvenc,cutfix_full_tier1_20260729_01
VR3LDP4mT_c_s0000547874_e0000550366,VR3LDP4mT_c,547.874,550.366,2.492,1.0,1.0,-10.72,/kaggle/working/cut_cutfix_full_tier1_20260729_01/tier1/400_440/media/VR3LDP4mT_c_s0000547874_e0000550366.mp4,tier1,cuda,nvenc,cutfix_full_tier1_20260729_01
VR3LDP4mT_c_s0000550498_e0000555498,VR3LDP4mT_c,550.498,555.498,5.0,1.0,1.0,-8.98,/kaggle/working/cut_cutfix_full_tier1_20260729_01/tier1/400_440/media/VR3LDP4mT_c_s0000550498_e0000555498.mp4,tier1,cuda,nvenc,cutfix_full_tier1_20260729_01
VR3LDP4mT_c_s0000554498_e0000559498,VR3LDP4mT_c,554.498,559.498,5.0,1.0,1.0,-11.14,/kaggle/working/cut_cutfix_full_tier1_20260729_01/tier1/400_440/media/VR3LDP4mT_c_s0000554498_e0000559498.mp4,tier1,cuda,nvenc,cutfix_full_tier1_20260729_01
VR3LDP4mT_c_s0000558498_e0000563498,VR3LDP4mT_c,558.498,563.498,5.0,1.0,1.0,-9.51,/kaggle/working/cut_cutfix_full_tier1_20260729_01/tier1/400_440/media/VR3LDP4mT_c_s0000558498_e0000563498.mp4,tier1,cuda,nvenc,cutfix_full_tier1_20260729_01
VR3LDP4mT_c_s0000566082_e0000570430,VR3LDP4mT_c,566.082,570.43,4.348,0.75,1.0,-11.89,/kaggle/working/cut_cutfix_full_tier1_20260729_01/tier1/400_440/media/VR3LDP4mT_c_s0000566082_e0000570430.mp4,tier1,cuda,nvenc,cutfix_full_tier1_20260729_01
VR3LDP4mT_c_s0000575650_e0000581790,VR3LDP4mT_c,575.65,581.79,6.14,1.0,1.0,-8.91,/kaggle/working/cut_cutfix_full_tier1_20260729_01/tier1/400_440/media/VR3LDP4mT_c_s0000575650_e0000581790.mp4,tier1,cuda,nvenc,cutfix_full_tier1_20260729_01
VR3LDP4mT_c_s0000581922_e0000584734,VR3LDP4mT_c,581.922,584.734,2.812,1.0,1.0,-8.56,/kaggle/working/cut_cutfix_full_tier1_20260729_01/tier1/400_440/media/VR3LDP4mT_c_s0000581922_e0000584734.mp4,tier1,cuda,nvenc,cutfix_full_tier1_20260729_01
VR3LDP4mT_c_s0000584834_e0000589834,VR3LDP4mT_c,584.834,589.834,5.0,1.0,1.0,-11.26,/kaggle/working/cut_cutfix_full_tier1_20260729_01/tier1/400_440/media/VR3LDP4mT_c_s0000584834_e0000589834.mp4,tier1,cuda,nvenc,cutfix_full_tier1_20260729_01
VR3LDP4mT_c_s0000588834_e0000593834,VR3LDP4mT_c,588.834,593.834,5.0,1.0,1.0,-10.39,/kaggle/working/cut_cutfix_full_tier1_20260729_01/tier1/400_440/media/VR3LDP4mT_c_s0000588834_e0000593834.mp4,tier1,cuda,nvenc,cutfix_full_tier1_20260729_01
VR3LDP4mT_c_s0000592834_e0000597834,VR3LDP4mT_c,592.834,597.834,5.0,0.8,1.0,-9.07,/kaggle/working/cut_cutfix_full_tier1_20260729_01/tier1/400_440/media/VR3LDP4mT_c_s0000592834_e0000597834.mp4,tier1,cuda,nvenc,cutfix_full_tier1_20260729_01
VR3LDP4mT_c_s0000596834_e0000599774,VR3LDP4mT_c,596.834,599.774,2.94,1.0,1.0,-8.93,/kaggle/working/cut_cutfix_full_tier1_20260729_01/tier1/400_440/media/VR3LDP4mT_c_s0000596834_e0000599774.mp4,tier1,cuda,nvenc,cutfix_full_tier1_20260729_01
VR3LDP4mT_c_s0000600066_e0000605066,VR3LDP4mT_c,600.066,605.066,5.0,1.0,1.0,-9.8,/kaggle/working/cut_cutfix_full_tier1_20260729_01/tier1/400_440/media/VR3LDP4mT_c_s0000600066_e0000605066.mp4,tier1,cuda,nvenc,cutfix_full_tier1_20260729_01
VR3LDP4mT_c_s0000604066_e0000609066,VR3LDP4mT_c,604.066,609.066,5.0,1.0,1.0,-8.91,/kaggle/working/cut_cutfix_full_tier1_20260729_01/tier1/400_440/media/VR3LDP4mT_c_s0000604066_e0000609066.mp4,tier1,cuda,nvenc,cutfix_full_tier1_20260729_01
VR3LDP4mT_c_s0000608066_e0000613066,VR3LDP4mT_c,608.066,613.066,5.0,1.0,1.0,-9.35,/kaggle/working/cut_cutfix_full_tier1_20260729_01/tier1/400_440/media/VR3LDP4mT_c_s0000608066_e0000613066.mp4,tier1,cuda,nvenc,cutfix_full_tier1_20260729_01
VR3LDP4mT_c_s0000612066_e0000617066,VR3LDP4mT_c,612.066,617.066,5.0,1.0,1.0,-9.23,/kaggle/working/cut_cutfix_full_tier1_20260729_01/tier1/400_440/media/VR3LDP4mT_c_s0000612066_e0000617066.mp4,tier1,cuda,nvenc,cutfix_full_tier1_20260729_01
VR3LDP4mT_c_s0000616066_e0000619646,VR3LDP4mT_c,616.066,619.646,3.58,1.0,1.0,-8.87,/kaggle/working/cut_cutfix_full_tier1_20260729_01/tier1/400_440/media/VR3LDP4mT_c_s0000616066_e0000619646.mp4,tier1,cuda,nvenc,cutfix_full_tier1_20260729_01
VR3LDP4mT_c_s0000621442_e0000626442,VR3LDP4mT_c,621.442,626.442,5.0,1.0,1.0,-10.05,/kaggle/working/cut_cutfix_full_tier1_20260729_01/tier1/400_440/media/VR3LDP4mT_c_s0000621442_e0000626442.mp4,tier1,cuda,nvenc,cutfix_full_tier1_20260729_01
VR3LDP4mT_c_s0000629442_e0000634442,VR3LDP4mT_c,629.442,634.442,5.0,1.0,1.0,-9.66,/kaggle/working/cut_cutfix_full_tier1_20260729_01/tier1/400_440/media/VR3LDP4mT_c_s0000629442_e0000634442.mp4,tier1,cuda,nvenc,cutfix_full_tier1_20260729_01
VR3LDP4mT_c_s0000633442_e0000638442,VR3LDP4mT_c,633.442,638.442,5.0,1.0,1.0,-9.37,/kaggle/working/cut_cutfix_full_tier1_20260729_01/tier1/400_440/media/VR3LDP4mT_c_s0000633442_e0000638442.mp4,tier1,cuda,nvenc,cutfix_full_tier1_20260729_01
VR3LDP4mT_c_s0000637442_e0000642442,VR3LDP4mT_c,637.442,642.442,5.0,0.8,1.0,-11.34,/kaggle/working/cut_cutfix_full_tier1_20260729_01/tier1/400_440/media/VR3LDP4mT_c_s0000637442_e0000642442.mp4,tier1,cuda,nvenc,cutfix_full_tier1_20260729_01
VR3LDP4mT_c_s0000641442_e0000646442,VR3LDP4mT_c,641.442,646.442,5.0,0.8,1.0,-9.56,/kaggle/working/cut_cutfix_full_tier1_20260729_01/tier1/400_440/media/VR3LDP4mT_c_s0000641442_e0000646442.mp4,tier1,cuda,nvenc,cutfix_full_tier1_20260729_01
VR3LDP4mT_c_s0000645442_e0000650442,VR3LDP4mT_c,645.442,650.442,5.0,1.0,1.0,-8.08,/kaggle/working/cut_cutfix_full_tier1_20260729_01/tier1/400_440/media/VR3LDP4mT_c_s0000645442_e0000650442.mp4,tier1,cuda,nvenc,cutfix_full_tier1_20260729_01
VR3LDP4mT_c_s0000663650_e0000668650,VR3LDP4mT_c,663.65,668.65,5.0,1.0,1.0,-4.32,/kaggle/working/cut_cutfix_full_tier1_20260729_01/tier1/400_440/media/VR3LDP4mT_c_s0000663650_e0000668650.mp4,tier1,cuda,nvenc,cutfix_full_tier1_20260729_01
VSERYLVfH7U_s0000045282_e0000050282,VSERYLVfH7U,45.282,50.282,5.0,1.0,1.0,16.94,/kaggle/working/cut_cutfix_full_tier1_20260729_01/tier1/400_440/media/VSERYLVfH7U_s0000045282_e0000050282.mp4,tier1,cuda,nvenc,cutfix_full_tier1_20260729_01
VSERYLVfH7U_s0000058690_e0000063690,VSERYLVfH7U,58.69,63.69,5.0,0.8,1.0,17.43,/kaggle/working/cut_cutfix_full_tier1_20260729_01/tier1/400_440/media/VSERYLVfH7U_s0000058690_e0000063690.mp4,tier1,cuda,nvenc,cutfix_full_tier1_20260729_01
VSERYLVfH7U_s0000074690_e0000079690,VSERYLVfH7U,74.69,79.69,5.0,1.0,1.0,19.63,/kaggle/working/cut_cutfix_full_tier1_20260729_01/tier1/400_440/media/VSERYLVfH7U_s0000074690_e0000079690.mp4,tier1,cuda,nvenc,cutfix_full_tier1_20260729_01
VSERYLVfH7U_s0000086690_e0000091690,VSERYLVfH7U,86.69,91.69,5.0,1.0,1.0,19.77,/kaggle/working/cut_cutfix_full_tier1_20260729_01/tier1/400_440/media/VSERYLVfH7U_s0000086690_e0000091690.mp4,tier1,cuda,nvenc,cutfix_full_tier1_20260729_01
VSERYLVfH7U_s0000090690_e0000095690,VSERYLVfH7U,90.69,95.69,5.0,1.0,1.0,18.73,/kaggle/working/cut_cutfix_full_tier1_20260729_01/tier1/400_440/media/VSERYLVfH7U_s0000090690_e0000095690.mp4,tier1,cuda,nvenc,cutfix_full_tier1_20260729_01
VSERYLVfH7U_s0000143714_e0000146718,VSERYLVfH7U,143.714,146.718,3.004,1.0,1.0,17.61,/kaggle/working/cut_cutfix_full_tier1_20260729_01/tier1/400_440/media/VSERYLVfH7U_s0000143714_e0000146718.mp4,tier1,cuda,nvenc,cutfix_full_tier1_20260729_01
VSERYLVfH7U_s0000147490_e0000149598,VSERYLVfH7U,147.49,149.598,2.108,1.0,1.0,15.83,/kaggle/working/cut_cutfix_full_tier1_20260729_01/tier1/400_440/media/VSERYLVfH7U_s0000147490_e0000149598.mp4,tier1,cuda,nvenc,cutfix_full_tier1_20260729_01
VSERYLVfH7U_s0000249986_e0000254986,VSERYLVfH7U,249.986,254.986,5.0,1.0,1.0,16.0,/kaggle/working/cut_cutfix_full_tier1_20260729_01/tier1/400_440/media/VSERYLVfH7U_s0000249986_e0000254986.mp4,tier1,cuda,nvenc,cutfix_full_tier1_20260729_01
VSERYLVfH7U_s0000261986_e0000266986,VSERYLVfH7U,261.986,266.986,5.0,1.0,1.0,17.52,/kaggle/working/cut_cutfix_full_tier1_20260729_01/tier1/400_440/media/VSERYLVfH7U_s0000261986_e0000266986.mp4,tier1,cuda,nvenc,cutfix_full_tier1_20260729_01
VSERYLVfH7U_s0000388898_e0000391646,VSERYLVfH7U,388.898,391.646,2.748,1.0,1.0,19.63,/kaggle/working/cut_cutfix_full_tier1_20260729_01/tier1/400_440/media/VSERYLVfH7U_s0000388898_e0000391646.mp4,tier1,cuda,nvenc,cutfix_full_tier1_20260729_01
VSERYLVfH7U_s0000407234_e0000411230,VSERYLVfH7U,407.234,411.23,3.996,1.0,1.0,21.19,/kaggle/working/cut_cutfix_full_tier1_20260729_01/tier1/400_440/media/VSERYLVfH7U_s0000407234_e0000411230.mp4,tier1,cuda,nvenc,cutfix_full_tier1_20260729_01
VSERYLVfH7U_s0000435202_e0000439582,VSERYLVfH7U,435.202,439.582,4.38,1.0,1.0,19.54,/kaggle/working/cut_cutfix_full_tier1_20260729_01/tier1/400_440/media/VSERYLVfH7U_s0000435202_e0000439582.mp4,tier1,cuda,nvenc,cutfix_full_tier1_20260729_01
VSERYLVfH7U_s0000441410_e0000444030,VSERYLVfH7U,441.41,444.03,2.62,1.0,1.0,18.26,/kaggle/working/cut_cutfix_full_tier1_20260729_01/tier1/400_440/media/VSERYLVfH7U_s0000441410_e0000444030.mp4,tier1,cuda,nvenc,cutfix_full_tier1_20260729_01
VSERYLVfH7U_s0000479010_e0000482462,VSERYLVfH7U,479.01,482.462,3.452,1.0,1.0,18.73,/kaggle/working/cut_cutfix_full_tier1_20260729_01/tier1/400_440/media/VSERYLVfH7U_s0000479010_e0000482462.mp4,tier1,cuda,nvenc,cutfix_full_tier1_20260729_01
VSERYLVfH7U_s0000537090_e0000542090,VSERYLVfH7U,537.09,542.09,5.0,1.0,1.0,19.28,/kaggle/working/cut_cutfix_full_tier1_20260729_01/tier1/400_440/media/VSERYLVfH7U_s0000537090_e0000542090.mp4,tier1,cuda,nvenc,cutfix_full_tier1_20260729_01
VSERYLVfH7U_s0000561090_e0000563678,VSERYLVfH7U,561.09,563.678,2.588,1.0,1.0,18.65,/kaggle/working/cut_cutfix_full_tier1_20260729_01/tier1/400_440/media/VSERYLVfH7U_s0000561090_e0000563678.mp4,tier1,cuda,nvenc,cutfix_full_tier1_20260729_01
VSERYLVfH7U_s0000604034_e0000606302,VSERYLVfH7U,604.034,606.302,2.268,1.0,1.0,17.98,/kaggle/working/cut_cutfix_full_tier1_20260729_01/tier1/400_440/media/VSERYLVfH7U_s0000604034_e0000606302.mp4,tier1,cuda,nvenc,cutfix_full_tier1_20260729_01
VSERYLVfH7U_s0000606466_e0000609246,VSERYLVfH7U,606.466,609.246,2.78,1.0,1.0,19.25,/kaggle/working/cut_cutfix_full_tier1_20260729_01/tier1/400_440/media/VSERYLVfH7U_s0000606466_e0000609246.mp4,tier1,cuda,nvenc,cutfix_full_tier1_20260729_01
VSERYLVfH7U_s0000610210_e0000612510,VSERYLVfH7U,610.21,612.51,2.3,1.0,1.0,18.62,/kaggle/working/cut_cutfix_full_tier1_20260729_01/tier1/400_440/media/VSERYLVfH7U_s0000610210_e0000612510.mp4,tier1,cuda,nvenc,cutfix_full_tier1_20260729_01
VSERYLVfH7U_s0000616674_e0000621674,VSERYLVfH7U,616.674,621.674,5.0,1.0,1.0,19.44,/kaggle/working/cut_cutfix_full_tier1_20260729_01/tier1/400_440/media/VSERYLVfH7U_s0000616674_e0000621674.mp4,tier1,cuda,nvenc,cutfix_full_tier1_20260729_01
VSERYLVfH7U_s0000668322_e0000671550,VSERYLVfH7U,668.322,671.55,3.228,1.0,1.0,21.04,/kaggle/working/cut_cutfix_full_tier1_20260729_01/tier1/400_440/media/VSERYLVfH7U_s0000668322_e0000671550.mp4,tier1,cuda,nvenc,cutfix_full_tier1_20260729_01
VSERYLVfH7U_s0000671778_e0000674046,VSERYLVfH7U,671.778,674.046,2.268,1.0,1.0,17.62,/kaggle/working/cut_cutfix_full_tier1_20260729_01/tier1/400_440/media/VSERYLVfH7U_s0000671778_e0000674046.mp4,tier1,cuda,nvenc,cutfix_full_tier1_20260729_01
VSERYLVfH7U_s0000733186_e0000736574,VSERYLVfH7U,733.186,736.574,3.388,1.0,1.0,14.99,/kaggle/working/cut_cutfix_full_tier1_20260729_01/tier1/400_440/media/VSERYLVfH7U_s0000733186_e0000736574.mp4,tier1,cuda,nvenc,cutfix_full_tier1_20260729_01
VSERYLVfH7U_s0000740738_e0000743998,VSERYLVfH7U,740.738,743.998,3.26,1.0,1.0,15.91,/kaggle/working/cut_cutfix_full_tier1_20260729_01/tier1/400_440/media/VSERYLVfH7U_s0000740738_e0000743998.mp4,tier1,cuda,nvenc,cutfix_full_tier1_20260729_01
VSERYLVfH7U_s0000744162_e0000748318,VSERYLVfH7U,744.162,748.318,4.156,1.0,1.0,16.93,/kaggle/working/cut_cutfix_full_tier1_20260729_01/tier1/400_440/media/VSERYLVfH7U_s0000744162_e0000748318.mp4,tier1,cuda,nvenc,cutfix_full_tier1_20260729_01
VSERYLVfH7U_s0000759426_e0000764426,VSERYLVfH7U,759.426,764.426,5.0,1.0,1.0,21.07,/kaggle/working/cut_cutfix_full_tier1_20260729_01/tier1/400_440/media/VSERYLVfH7U_s0000759426_e0000764426.mp4,tier1,cuda,nvenc,cutfix_full_tier1_20260729_01
VSERYLVfH7U_s0000782274_e0000785086,VSERYLVfH7U,782.274,785.086,2.812,1.0,1.0,17.87,/kaggle/working/cut_cutfix_full_tier1_20260729_01/tier1/400_440/media/VSERYLVfH7U_s0000782274_e0000785086.mp4,tier1,cuda,nvenc,cutfix_full_tier1_20260729_01
VSERYLVfH7U_s0000938562_e0000941854,VSERYLVfH7U,938.562,941.854,3.292,1.0,1.0,19.01,/kaggle/working/cut_cutfix_full_tier1_20260729_01/tier1/400_440/media/VSERYLVfH7U_s0000938562_e0000941854.mp4,tier1,cuda,nvenc,cutfix_full_tier1_20260729_01
VSERYLVfH7U_s0000942082_e0000944574,VSERYLVfH7U,942.082,944.574,2.492,1.0,1.0,15.13,/kaggle/working/cut_cutfix_full_tier1_20260729_01/tier1/400_440/media/VSERYLVfH7U_s0000942082_e0000944574.mp4,tier1,cuda,nvenc,cutfix_full_tier1_20260729_01
VSERYLVfH7U_s0000949506_e0000951550,VSERYLVfH7U,949.506,951.55,2.044,1.0,1.0,18.6,/kaggle/working/cut_cutfix_full_tier1_20260729_01/tier1/400_440/media/VSERYLVfH7U_s0000949506_e0000951550.mp4,tier1,cuda,nvenc,cutfix_full_tier1_20260729_01
VYotaqBOWkI_s0000007970_e0000011934,VYotaqBOWkI,7.97,11.934,3.964,1.0,1.0,6.6,/kaggle/working/cut_cutfix_full_tier1_20260729_01/tier1/400_440/media/VYotaqBOWkI_s0000007970_e0000011934.mp4,tier1,cuda,nvenc,cutfix_full_tier1_20260729_01
VYotaqBOWkI_s0000014434_e0000016926,VYotaqBOWkI,14.434,16.926,2.492,1.0,1.0,6.59,/kaggle/working/cut_cutfix_full_tier1_20260729_01/tier1/400_440/media/VYotaqBOWkI_s0000014434_e0000016926.mp4,tier1,cuda,nvenc,cutfix_full_tier1_20260729_01
VYotaqBOWkI_s0000020482_e0000024478,VYotaqBOWkI,20.482,24.478,3.996,1.0,1.0,5.56,/kaggle/working/cut_cutfix_full_tier1_20260729_01/tier1/400_440/media/VYotaqBOWkI_s0000020482_e0000024478.mp4,tier1,cuda,nvenc,cutfix_full_tier1_20260729_01
VYotaqBOWkI_s0000029506_e0000034078,VYotaqBOWkI,29.506,34.078,4.572,1.0,1.0,6.62,/kaggle/working/cut_cutfix_full_tier1_20260729_01/tier1/400_440/media/VYotaqBOWkI_s0000029506_e0000034078.mp4,tier1,cuda,nvenc,cutfix_full_tier1_20260729_01
VYotaqBOWkI_s0000038146_e0000040222,VYotaqBOWkI,38.146,40.222,2.076,1.0,1.0,6.49,/kaggle/working/cut_cutfix_full_tier1_20260729_01/tier1/400_440/media/VYotaqBOWkI_s0000038146_e0000040222.mp4,tier1,cuda,nvenc,cutfix_full_tier1_20260729_01
VYotaqBOWkI_s0000040386_e0000042782,VYotaqBOWkI,40.386,42.782,2.396,1.0,1.0,5.87,/kaggle/working/cut_cutfix_full_tier1_20260729_01/tier1/400_440/media/VYotaqBOWkI_s0000040386_e0000042782.mp4,tier1,cuda,nvenc,cutfix_full_tier1_20260729_01
VYotaqBOWkI_s0000058658_e0000066782,VYotaqBOWkI,58.658,66.782,8.124,1.0,1.0,4.7,/kaggle/working/cut_cutfix_full_tier1_20260729_01/tier1/400_440/media/VYotaqBOWkI_s0000058658_e0000066782.mp4,tier1,cuda,nvenc,cutfix_full_tier1_20260729_01
VYotaqBOWkI_s0000066978_e0000071454,VYotaqBOWkI,66.978,71.454,4.476,1.0,1.0,4.55,/kaggle/working/cut_cutfix_full_tier1_20260729_01/tier1/400_440/media/VYotaqBOWkI_s0000066978_e0000071454.mp4,tier1,cuda,nvenc,cutfix_full_tier1_20260729_01
VYotaqBOWkI_s0000074946_e0000078526,VYotaqBOWkI,74.946,78.526,3.58,1.0,1.0,6.46,/kaggle/working/cut_cutfix_full_tier1_20260729_01/tier1/400_440/media/VYotaqBOWkI_s0000074946_e0000078526.mp4,tier1,cuda,nvenc,cutfix_full_tier1_20260729_01
VYotaqBOWkI_s0000078818_e0000081694,VYotaqBOWkI,78.818,81.694,2.876,1.0,1.0,4.4,/kaggle/working/cut_cutfix_full_tier1_20260729_01/tier1/400_440/media/VYotaqBOWkI_s0000078818_e0000081694.mp4,tier1,cuda,nvenc,cutfix_full_tier1_20260729_01
VYotaqBOWkI_s0000109282_e0000111838,VYotaqBOWkI,109.282,111.838,2.556,1.0,1.0,4.63,/kaggle/working/cut_cutfix_full_tier1_20260729_01/tier1/400_440/media/VYotaqBOWkI_s0000109282_e0000111838.mp4,tier1,cuda,nvenc,cutfix_full_tier1_20260729_01
VYotaqBOWkI_s0000112002_e0000115710,VYotaqBOWkI,112.002,115.71,3.708,1.0,1.0,4.9,/kaggle/working/cut_cutfix_full_tier1_20260729_01/tier1/400_440/media/VYotaqBOWkI_s0000112002_e0000115710.mp4,tier1,cuda,nvenc,cutfix_full_tier1_20260729_01
VYotaqBOWkI_s0000146434_e0000150398,VYotaqBOWkI,146.434,150.398,3.964,1.0,1.0,4.38,/kaggle/working/cut_cutfix_full_tier1_20260729_01/tier1/400_440/media/VYotaqBOWkI_s0000146434_e0000150398.mp4,tier1,cuda,nvenc,cutfix_full_tier1_20260729_01
VYotaqBOWkI_s0000150786_e0000153566,VYotaqBOWkI,150.786,153.566,2.78,1.0,1.0,3.83,/kaggle/working/cut_cutfix_full_tier1_20260729_01/tier1/400_440/media/VYotaqBOWkI_s0000150786_e0000153566.mp4,tier1,cuda,nvenc,cutfix_full_tier1_20260729_01
VYotaqBOWkI_s0000153730_e0000157438,VYotaqBOWkI,153.73,157.438,3.708,1.0,1.0,4.38,/kaggle/working/cut_cutfix_full_tier1_20260729_01/tier1/400_440/media/VYotaqBOWkI_s0000153730_e0000157438.mp4,tier1,cuda,nvenc,cutfix_full_tier1_20260729_01
VYotaqBOWkI_s0000157570_e0000160222,VYotaqBOWkI,157.57,160.222,2.652,1.0,1.0,5.62,/kaggle/working/cut_cutfix_full_tier1_20260729_01/tier1/400_440/media/VYotaqBOWkI_s0000157570_e0000160222.mp4,tier1,cuda,nvenc,cutfix_full_tier1_20260729_01
VYotaqBOWkI_s0000161762_e0000164030,VYotaqBOWkI,161.762,164.03,2.268,1.0,1.0,4.44,/kaggle/working/cut_cutfix_full_tier1_20260729_01/tier1/400_440/media/VYotaqBOWkI_s0000161762_e0000164030.mp4,tier1,cuda,nvenc,cutfix_full_tier1_20260729_01
VYotaqBOWkI_s0000164322_e0000167838,VYotaqBOWkI,164.322,167.838,3.516,1.0,1.0,4.33,/kaggle/working/cut_cutfix_full_tier1_20260729_01/tier1/400_440/media/VYotaqBOWkI_s0000164322_e0000167838.mp4,tier1,cuda,nvenc,cutfix_full_tier1_20260729_01
VYotaqBOWkI_s0000168162_e0000170590,VYotaqBOWkI,168.162,170.59,2.428,1.0,1.0,3.18,/kaggle/working/cut_cutfix_full_tier1_20260729_01/tier1/400_440/media/VYotaqBOWkI_s0000168162_e0000170590.mp4,tier1,cuda,nvenc,cutfix_full_tier1_20260729_01
VYotaqBOWkI_s0000171074_e0000173662,VYotaqBOWkI,171.074,173.662,2.588,1.0,1.0,6.55,/kaggle/working/cut_cutfix_full_tier1_20260729_01/tier1/400_440/media/VYotaqBOWkI_s0000171074_e0000173662.mp4,tier1,cuda,nvenc,cutfix_full_tier1_20260729_01
VYotaqBOWkI_s0000174530_e0000177342,VYotaqBOWkI,174.53,177.342,2.812,1.0,1.0,4.55,/kaggle/working/cut_cutfix_full_tier1_20260729_01/tier1/400_440/media/VYotaqBOWkI_s0000174530_e0000177342.mp4,tier1,cuda,nvenc,cutfix_full_tier1_20260729_01
VYotaqBOWkI_s0000185122_e0000187230,VYotaqBOWkI,185.122,187.23,2.108,1.0,1.0,4.47,/kaggle/working/cut_cutfix_full_tier1_20260729_01/tier1/400_440/media/VYotaqBOWkI_s0000185122_e0000187230.mp4,tier1,cuda,nvenc,cutfix_full_tier1_20260729_01
VYotaqBOWkI_s0000192706_e0000195646,VYotaqBOWkI,192.706,195.646,2.94,1.0,1.0,3.28,/kaggle/working/cut_cutfix_full_tier1_20260729_01/tier1/400_440/media/VYotaqBOWkI_s0000192706_e0000195646.mp4,tier1,cuda,nvenc,cutfix_full_tier1_20260729_01
VYotaqBOWkI_s0000211906_e0000215774,VYotaqBOWkI,211.906,215.774,3.868,1.0,1.0,4.61,/kaggle/working/cut_cutfix_full_tier1_20260729_01/tier1/400_440/media/VYotaqBOWkI_s0000211906_e0000215774.mp4,tier1,cuda,nvenc,cutfix_full_tier1_20260729_01
VYotaqBOWkI_s0000239874_e0000242558,VYotaqBOWkI,239.874,242.558,2.684,1.0,1.0,4.98,/kaggle/working/cut_cutfix_full_tier1_20260729_01/tier1/400_440/media/VYotaqBOWkI_s0000239874_e0000242558.mp4,tier1,cuda,nvenc,cutfix_full_tier1_20260729_01
VYotaqBOWkI_s0000242690_e0000244862,VYotaqBOWkI,242.69,244.862,2.172,1.0,1.0,5.1,/kaggle/working/cut_cutfix_full_tier1_20260729_01/tier1/400_440/media/VYotaqBOWkI_s0000242690_e0000244862.mp4,tier1,cuda,nvenc,cutfix_full_tier1_20260729_01
VYotaqBOWkI_s0000247298_e0000250398,VYotaqBOWkI,247.298,250.398,3.1,1.0,1.0,3.12,/kaggle/working/cut_cutfix_full_tier1_20260729_01/tier1/400_440/media/VYotaqBOWkI_s0000247298_e0000250398.mp4,tier1,cuda,nvenc,cutfix_full_tier1_20260729_01
VYotaqBOWkI_s0000260098_e0000262814,VYotaqBOWkI,260.098,262.814,2.716,1.0,1.0,5.09,/kaggle/working/cut_cutfix_full_tier1_20260729_01/tier1/400_440/media/VYotaqBOWkI_s0000260098_e0000262814.mp4,tier1,cuda,nvenc,cutfix_full_tier1_20260729_01
VYotaqBOWkI_s0000263554_e0000266366,VYotaqBOWkI,263.554,266.366,2.812,1.0,1.0,4.26,/kaggle/working/cut_cutfix_full_tier1_20260729_01/tier1/400_440/media/VYotaqBOWkI_s0000263554_e0000266366.mp4,tier1,cuda,nvenc,cutfix_full_tier1_20260729_01
VYotaqBOWkI_s0000267874_e0000272414,VYotaqBOWkI,267.874,272.414,4.54,1.0,1.0,2.33,/kaggle/working/cut_cutfix_full_tier1_20260729_01/tier1/400_440/media/VYotaqBOWkI_s0000267874_e0000272414.mp4,tier1,cuda,nvenc,cutfix_full_tier1_20260729_01
VYotaqBOWkI_s0000280130_e0000283326,VYotaqBOWkI,280.13,283.326,3.196,1.0,1.0,3.41,/kaggle/working/cut_cutfix_full_tier1_20260729_01/tier1/400_440/media/VYotaqBOWkI_s0000280130_e0000283326.mp4,tier1,cuda,nvenc,cutfix_full_tier1_20260729_01
VYotaqBOWkI_s0000288162_e0000291582,VYotaqBOWkI,288.162,291.582,3.42,1.0,1.0,3.74,/kaggle/working/cut_cutfix_full_tier1_20260729_01/tier1/400_440/media/VYotaqBOWkI_s0000288162_e0000291582.mp4,tier1,cuda,nvenc,cutfix_full_tier1_20260729_01
VYotaqBOWkI_s0000295394_e0000297406,VYotaqBOWkI,295.394,297.406,2.012,1.0,1.0,4.19,/kaggle/working/cut_cutfix_full_tier1_20260729_01/tier1/400_440/media/VYotaqBOWkI_s0000295394_e0000297406.mp4,tier1,cuda,nvenc,cutfix_full_tier1_20260729_01
VYotaqBOWkI_s0000299074_e0000301342,VYotaqBOWkI,299.074,301.342,2.268,1.0,1.0,3.31,/kaggle/working/cut_cutfix_full_tier1_20260729_01/tier1/400_440/media/VYotaqBOWkI_s0000299074_e0000301342.mp4,tier1,cuda,nvenc,cutfix_full_tier1_20260729_01
VYotaqBOWkI_s0000304834_e0000307102,VYotaqBOWkI,304.834,307.102,2.268,1.0,1.0,4.52,/kaggle/working/cut_cutfix_full_tier1_20260729_01/tier1/400_440/media/VYotaqBOWkI_s0000304834_e0000307102.mp4,tier1,cuda,nvenc,cutfix_full_tier1_20260729_01
VYotaqBOWkI_s0000310594_e0000312894,VYotaqBOWkI,310.594,312.894,2.3,1.0,1.0,5.0,/kaggle/working/cut_cutfix_full_tier1_20260729_01/tier1/400_440/media/VYotaqBOWkI_s0000310594_e0000312894.mp4,tier1,cuda,nvenc,cutfix_full_tier1_20260729_01
VYotaqBOWkI_s0000318530_e0000320766,VYotaqBOWkI,318.53,320.766,2.236,1.0,1.0,4.39,/kaggle/working/cut_cutfix_full_tier1_20260729_01/tier1/400_440/media/VYotaqBOWkI_s0000318530_e0000320766.mp4,tier1,cuda,nvenc,cutfix_full_tier1_20260729_01
VYotaqBOWkI_s0000320898_e0000322942,VYotaqBOWkI,320.898,322.942,2.044,1.0,1.0,4.83,/kaggle/working/cut_cutfix_full_tier1_20260729_01/tier1/400_440/media/VYotaqBOWkI_s0000320898_e0000322942.mp4,tier1,cuda,nvenc,cutfix_full_tier1_20260729_01
VYotaqBOWkI_s0000328866_e0000330974,VYotaqBOWkI,328.866,330.974,2.108,1.0,1.0,3.9,/kaggle/working/cut_cutfix_full_tier1_20260729_01/tier1/400_440/media/VYotaqBOWkI_s0000328866_e0000330974.mp4,tier1,cuda,nvenc,cutfix_full_tier1_20260729_01
VYotaqBOWkI_s0000338594_e0000341662,VYotaqBOWkI,338.594,341.662,3.068,1.0,1.0,5.62,/kaggle/working/cut_cutfix_full_tier1_20260729_01/tier1/400_440/media/VYotaqBOWkI_s0000338594_e0000341662.mp4,tier1,cuda,nvenc,cutfix_full_tier1_20260729_01
VYotaqBOWkI_s0000344258_e0000346398,VYotaqBOWkI,344.258,346.398,2.14,1.0,1.0,5.26,/kaggle/working/cut_cutfix_full_tier1_20260729_01/tier1/400_440/media/VYotaqBOWkI_s0000344258_e0000346398.mp4,tier1,cuda,nvenc,cutfix_full_tier1_20260729_01
VYotaqBOWkI_s0000351042_e0000356414,VYotaqBOWkI,351.042,356.414,5.372,1.0,1.0,5.01,/kaggle/working/cut_cutfix_full_tier1_20260729_01/tier1/400_440/media/VYotaqBOWkI_s0000351042_e0000356414.mp4,tier1,cuda,nvenc,cutfix_full_tier1_20260729_01
VYotaqBOWkI_s0000369218_e0000371550,VYotaqBOWkI,369.218,371.55,2.332,1.0,1.0,3.91,/kaggle/working/cut_cutfix_full_tier1_20260729_01/tier1/400_440/media/VYotaqBOWkI_s0000369218_e0000371550.mp4,tier1,cuda,nvenc,cutfix_full_tier1_20260729_01
VYotaqBOWkI_s0000371650_e0000373790,VYotaqBOWkI,371.65,373.79,2.14,1.0,1.0,5.99,/kaggle/working/cut_cutfix_full_tier1_20260729_01/tier1/400_440/media/VYotaqBOWkI_s0000371650_e0000373790.mp4,tier1,cuda,nvenc,cutfix_full_tier1_20260729_01
VYotaqBOWkI_s0000374370_e0000376894,VYotaqBOWkI,374.37,376.894,2.524,1.0,1.0,3.04,/kaggle/working/cut_cutfix_full_tier1_20260729_01/tier1/400_440/media/VYotaqBOWkI_s0000374370_e0000376894.mp4,tier1,cuda,nvenc,cutfix_full_tier1_20260729_01
VYotaqBOWkI_s0000391522_e0000394558,VYotaqBOWkI,391.522,394.558,3.036,1.0,1.0,5.4,/kaggle/working/cut_cutfix_full_tier1_20260729_01/tier1/400_440/media/VYotaqBOWkI_s0000391522_e0000394558.mp4,tier1,cuda,nvenc,cutfix_full_tier1_20260729_01
VYotaqBOWkI_s0000408450_e0000411934,VYotaqBOWkI,408.45,411.934,3.484,1.0,1.0,3.18,/kaggle/working/cut_cutfix_full_tier1_20260729_01/tier1/400_440/media/VYotaqBOWkI_s0000408450_e0000411934.mp4,tier1,cuda,nvenc,cutfix_full_tier1_20260729_01
VYotaqBOWkI_s0000428098_e0000430270,VYotaqBOWkI,428.098,430.27,2.172,1.0,1.0,3.1,/kaggle/working/cut_cutfix_full_tier1_20260729_01/tier1/400_440/media/VYotaqBOWkI_s0000428098_e0000430270.mp4,tier1,cuda,nvenc,cutfix_full_tier1_20260729_01
VYotaqBOWkI_s0000435234_e0000438014,VYotaqBOWkI,435.234,438.014,2.78,1.0,1.0,4.66,/kaggle/working/cut_cutfix_full_tier1_20260729_01/tier1/400_440/media/VYotaqBOWkI_s0000435234_e0000438014.mp4,tier1,cuda,nvenc,cutfix_full_tier1_20260729_01
VYotaqBOWkI_s0000438978_e0000442078,VYotaqBOWkI,438.978,442.078,3.1,1.0,1.0,3.29,/kaggle/working/cut_cutfix_full_tier1_20260729_01/tier1/400_440/media/VYotaqBOWkI_s0000438978_e0000442078.mp4,tier1,cuda,nvenc,cutfix_full_tier1_20260729_01
VYotaqBOWkI_s0000442402_e0000444926,VYotaqBOWkI,442.402,444.926,2.524,1.0,1.0,5.01,/kaggle/working/cut_cutfix_full_tier1_20260729_01/tier1/400_440/media/VYotaqBOWkI_s0000442402_e0000444926.mp4,tier1,cuda,nvenc,cutfix_full_tier1_20260729_01
VYotaqBOWkI_s0000458562_e0000460830,VYotaqBOWkI,458.562,460.83,2.268,1.0,1.0,3.95,/kaggle/working/cut_cutfix_full_tier1_20260729_01/tier1/400_440/media/VYotaqBOWkI_s0000458562_e0000460830.mp4,tier1,cuda,nvenc,cutfix_full_tier1_20260729_01
VYotaqBOWkI_s0000461058_e0000463486,VYotaqBOWkI,461.058,463.486,2.428,1.0,1.0,4.06,/kaggle/working/cut_cutfix_full_tier1_20260729_01/tier1/400_440/media/VYotaqBOWkI_s0000461058_e0000463486.mp4,tier1,cuda,nvenc,cutfix_full_tier1_20260729_01
VYotaqBOWkI_s0000465442_e0000468158,VYotaqBOWkI,465.442,468.158,2.716,1.0,1.0,3.23,/kaggle/working/cut_cutfix_full_tier1_20260729_01/tier1/400_440/media/VYotaqBOWkI_s0000465442_e0000468158.mp4,tier1,cuda,nvenc,cutfix_full_tier1_20260729_01
VYotaqBOWkI_s0000473218_e0000476094,VYotaqBOWkI,473.218,476.094,2.876,1.0,1.0,4.11,/kaggle/working/cut_cutfix_full_tier1_20260729_01/tier1/400_440/media/VYotaqBOWkI_s0000473218_e0000476094.mp4,tier1,cuda,nvenc,cutfix_full_tier1_20260729_01
VYotaqBOWkI_s0000476514_e0000479166,VYotaqBOWkI,476.514,479.166,2.652,1.0,1.0,3.9,/kaggle/working/cut_cutfix_full_tier1_20260729_01/tier1/400_440/media/VYotaqBOWkI_s0000476514_e0000479166.mp4,tier1,cuda,nvenc,cutfix_full_tier1_20260729_01
VYotaqBOWkI_s0000487394_e0000490462,VYotaqBOWkI,487.394,490.462,3.068,1.0,1.0,4.02,/kaggle/working/cut_cutfix_full_tier1_20260729_01/tier1/400_440/media/VYotaqBOWkI_s0000487394_e0000490462.mp4,tier1,cuda,nvenc,cutfix_full_tier1_20260729_01
VYotaqBOWkI_s0000490946_e0000494302,VYotaqBOWkI,490.946,494.302,3.356,1.0,1.0,4.24,/kaggle/working/cut_cutfix_full_tier1_20260729_01/tier1/400_440/media/VYotaqBOWkI_s0000490946_e0000494302.mp4,tier1,cuda,nvenc,cutfix_full_tier1_20260729_01
VYotaqBOWkI_s0000499970_e0000502174,VYotaqBOWkI,499.97,502.174,2.204,1.0,1.0,5.07,/kaggle/working/cut_cutfix_full_tier1_20260729_01/tier1/400_440/media/VYotaqBOWkI_s0000499970_e0000502174.mp4,tier1,cuda,nvenc,cutfix_full_tier1_20260729_01
VYotaqBOWkI_s0000506498_e0000510590,VYotaqBOWkI,506.498,510.59,4.092,1.0,1.0,2.78,/kaggle/working/cut_cutfix_full_tier1_20260729_01/tier1/400_440/media/VYotaqBOWkI_s0000506498_e0000510590.mp4,tier1,cuda,nvenc,cutfix_full_tier1_20260729_01
VYotaqBOWkI_s0000516066_e0000519582,VYotaqBOWkI,516.066,519.582,3.516,1.0,1.0,4.04,/kaggle/working/cut_cutfix_full_tier1_20260729_01/tier1/400_440/media/VYotaqBOWkI_s0000516066_e0000519582.mp4,tier1,cuda,nvenc,cutfix_full_tier1_20260729_01
VYotaqBOWkI_s0000520066_e0000523102,VYotaqBOWkI,520.066,523.102,3.036,1.0,1.0,2.14,/kaggle/working/cut_cutfix_full_tier1_20260729_01/tier1/400_440/media/VYotaqBOWkI_s0000520066_e0000523102.mp4,tier1,cuda,nvenc,cutfix_full_tier1_20260729_01
VYotaqBOWkI_s0000524866_e0000528030,VYotaqBOWkI,524.866,528.03,3.164,1.0,1.0,3.71,/kaggle/working/cut_cutfix_full_tier1_20260729_01/tier1/400_440/media/VYotaqBOWkI_s0000524866_e0000528030.mp4,tier1,cuda,nvenc,cutfix_full_tier1_20260729_01
VYotaqBOWkI_s0000528546_e0000530814,VYotaqBOWkI,528.546,530.814,2.268,1.0,1.0,7.02,/kaggle/working/cut_cutfix_full_tier1_20260729_01/tier1/400_440/media/VYotaqBOWkI_s0000528546_e0000530814.mp4,tier1,cuda,nvenc,cutfix_full_tier1_20260729_01
VYotaqBOWkI_s0000531330_e0000533822,VYotaqBOWkI,531.33,533.822,2.492,1.0,1.0,3.67,/kaggle/working/cut_cutfix_full_tier1_20260729_01/tier1/400_440/media/VYotaqBOWkI_s0000531330_e0000533822.mp4,tier1,cuda,nvenc,cutfix_full_tier1_20260729_01
VYotaqBOWkI_s0000534786_e0000537118,VYotaqBOWkI,534.786,537.118,2.332,1.0,1.0,2.43,/kaggle/working/cut_cutfix_full_tier1_20260729_01/tier1/400_440/media/VYotaqBOWkI_s0000534786_e0000537118.mp4,tier1,cuda,nvenc,cutfix_full_tier1_20260729_01
VYotaqBOWkI_s0000555330_e0000561342,VYotaqBOWkI,555.33,561.342,6.012,1.0,1.0,4.3,/kaggle/working/cut_cutfix_full_tier1_20260729_01/tier1/400_440/media/VYotaqBOWkI_s0000555330_e0000561342.mp4,tier1,cuda,nvenc,cutfix_full_tier1_20260729_01
VYotaqBOWkI_s0000562050_e0000566654,VYotaqBOWkI,562.05,566.654,4.604,1.0,1.0,5.29,/kaggle/working/cut_cutfix_full_tier1_20260729_01/tier1/400_440/media/VYotaqBOWkI_s0000562050_e0000566654.mp4,tier1,cuda,nvenc,cutfix_full_tier1_20260729_01
VYotaqBOWkI_s0000570402_e0000572958,VYotaqBOWkI,570.402,572.958,2.556,1.0,1.0,4.0,/kaggle/working/cut_cutfix_full_tier1_20260729_01/tier1/400_440/media/VYotaqBOWkI_s0000570402_e0000572958.mp4,tier1,cuda,nvenc,cutfix_full_tier1_20260729_01
VYotaqBOWkI_s0000591746_e0000594398,VYotaqBOWkI,591.746,594.398,2.652,1.0,1.0,3.56,/kaggle/working/cut_cutfix_full_tier1_20260729_01/tier1/400_440/media/VYotaqBOWkI_s0000591746_e0000594398.mp4,tier1,cuda,nvenc,cutfix_full_tier1_20260729_01
VYotaqBOWkI_s0000595010_e0000597950,VYotaqBOWkI,595.01,597.95,2.94,1.0,1.0,2.96,/kaggle/working/cut_cutfix_full_tier1_20260729_01/tier1/400_440/media/VYotaqBOWkI_s0000595010_e0000597950.mp4,tier1,cuda,nvenc,cutfix_full_tier1_20260729_01
VYotaqBOWkI_s0000598114_e0000601150,VYotaqBOWkI,598.114,601.15,3.036,1.0,1.0,5.41,/kaggle/working/cut_cutfix_full_tier1_20260729_01/tier1/400_440/media/VYotaqBOWkI_s0000598114_e0000601150.mp4,tier1,cuda,nvenc,cutfix_full_tier1_20260729_01
VYotaqBOWkI_s0000603042_e0000605086,VYotaqBOWkI,603.042,605.086,2.044,1.0,1.0,5.24,/kaggle/working/cut_cutfix_full_tier1_20260729_01/tier1/400_440/media/VYotaqBOWkI_s0000603042_e0000605086.mp4,tier1,cuda,nvenc,cutfix_full_tier1_20260729_01
VYotaqBOWkI_s0000605250_e0000608190,VYotaqBOWkI,605.25,608.19,2.94,1.0,1.0,4.9,/kaggle/working/cut_cutfix_full_tier1_20260729_01/tier1/400_440/media/VYotaqBOWkI_s0000605250_e0000608190.mp4,tier1,cuda,nvenc,cutfix_full_tier1_20260729_01
VYotaqBOWkI_s0000608802_e0000617758,VYotaqBOWkI,608.802,617.758,8.956,1.0,1.0,4.57,/kaggle/working/cut_cutfix_full_tier1_20260729_01/tier1/400_440/media/VYotaqBOWkI_s0000608802_e0000617758.mp4,tier1,cuda,nvenc,cutfix_full_tier1_20260729_01
VYotaqBOWkI_s0000618818_e0000621041,VYotaqBOWkI,618.818,621.041,2.223,1.0,1.0,2.85,/kaggle/working/cut_cutfix_full_tier1_20260729_01/tier1/400_440/media/VYotaqBOWkI_s0000618818_e0000621041.mp4,tier1,cuda,nvenc,cutfix_full_tier1_20260729_01
VdHT9nXSw-8_s0000000098_e0000005246,VdHT9nXSw-8,0.098,5.246,5.148,1.0,1.0,26.42,/kaggle/working/cut_cutfix_full_tier1_20260729_01/tier1/400_440/media/VdHT9nXSw-8_s0000000098_e0000005246.mp4,tier1,cuda,nvenc,cutfix_full_tier1_20260729_01
VdHT9nXSw-8_s0000005986_e0000015934,VdHT9nXSw-8,5.986,15.934,9.948,1.0,1.0,26.51,/kaggle/working/cut_cutfix_full_tier1_20260729_01/tier1/400_440/media/VdHT9nXSw-8_s0000005986_e0000015934.mp4,tier1,cuda,nvenc,cutfix_full_tier1_20260729_01
VdHT9nXSw-8_s0000016642_e0000019742,VdHT9nXSw-8,16.642,19.742,3.1,1.0,1.0,27.51,/kaggle/working/cut_cutfix_full_tier1_20260729_01/tier1/400_440/media/VdHT9nXSw-8_s0000016642_e0000019742.mp4,tier1,cuda,nvenc,cutfix_full_tier1_20260729_01
VdHT9nXSw-8_s0000020258_e0000030014,VdHT9nXSw-8,20.258,30.014,9.756,1.0,1.0,26.52,/kaggle/working/cut_cutfix_full_tier1_20260729_01/tier1/400_440/media/VdHT9nXSw-8_s0000020258_e0000030014.mp4,tier1,cuda,nvenc,cutfix_full_tier1_20260729_01
VdHT9nXSw-8_s0000030818_e0000040414,VdHT9nXSw-8,30.818,40.414,9.596,1.0,1.0,26.97,/kaggle/working/cut_cutfix_full_tier1_20260729_01/tier1/400_440/media/VdHT9nXSw-8_s0000030818_e0000040414.mp4,tier1,cuda,nvenc,cutfix_full_tier1_20260729_01
VdHT9nXSw-8_s0000051842_e0000055262,VdHT9nXSw-8,51.842,55.262,3.42,1.0,1.0,27.12,/kaggle/working/cut_cutfix_full_tier1_20260729_01/tier1/400_440/media/VdHT9nXSw-8_s0000051842_e0000055262.mp4,tier1,cuda,nvenc,cutfix_full_tier1_20260729_01
VdHT9nXSw-8_s0000067682_e0000075550,VdHT9nXSw-8,67.682,75.55,7.868,1.0,1.0,26.63,/kaggle/working/cut_cutfix_full_tier1_20260729_01/tier1/400_440/media/VdHT9nXSw-8_s0000067682_e0000075550.mp4,tier1,cuda,nvenc,cutfix_full_tier1_20260729_01
VdHT9nXSw-8_s0000084226_e0000089118,VdHT9nXSw-8,84.226,89.118,4.892,1.0,1.0,27.27,/kaggle/working/cut_cutfix_full_tier1_20260729_01/tier1/400_440/media/VdHT9nXSw-8_s0000084226_e0000089118.mp4,tier1,cuda,nvenc,cutfix_full_tier1_20260729_01
VdHT9nXSw-8_s0000089282_e0000094238,VdHT9nXSw-8,89.282,94.238,4.956,1.0,1.0,27.81,/kaggle/working/cut_cutfix_full_tier1_20260729_01/tier1/400_440/media/VdHT9nXSw-8_s0000089282_e0000094238.mp4,tier1,cuda,nvenc,cutfix_full_tier1_20260729_01
VdHT9nXSw-8_s0000094562_e0000096574,VdHT9nXSw-8,94.562,96.574,2.012,1.0,1.0,25.81,/kaggle/working/cut_cutfix_full_tier1_20260729_01/tier1/400_440/media/VdHT9nXSw-8_s0000094562_e0000096574.mp4,tier1,cuda,nvenc,cutfix_full_tier1_20260729_01
VdHT9nXSw-8_s0000097282_e0000102282,VdHT9nXSw-8,97.282,102.282,5.0,1.0,1.0,26.19,/kaggle/working/cut_cutfix_full_tier1_20260729_01/tier1/400_440/media/VdHT9nXSw-8_s0000097282_e0000102282.mp4,tier1,cuda,nvenc,cutfix_full_tier1_20260729_01
VdHT9nXSw-8_s0000101282_e0000106282,VdHT9nXSw-8,101.282,106.282,5.0,1.0,1.0,25.56,/kaggle/working/cut_cutfix_full_tier1_20260729_01/tier1/400_440/media/VdHT9nXSw-8_s0000101282_e0000106282.mp4,tier1,cuda,nvenc,cutfix_full_tier1_20260729_01
VdHT9nXSw-8_s0000105282_e0000110282,VdHT9nXSw-8,105.282,110.282,5.0,1.0,1.0,26.59,/kaggle/working/cut_cutfix_full_tier1_20260729_01/tier1/400_440/media/VdHT9nXSw-8_s0000105282_e0000110282.mp4,tier1,cuda,nvenc,cutfix_full_tier1_20260729_01
VdHT9nXSw-8_s0000109282_e0000114014,VdHT9nXSw-8,109.282,114.014,4.732,1.0,1.0,26.7,/kaggle/working/cut_cutfix_full_tier1_20260729_01/tier1/400_440/media/VdHT9nXSw-8_s0000109282_e0000114014.mp4,tier1,cuda,nvenc,cutfix_full_tier1_20260729_01
VdHT9nXSw-8_s0000134466_e0000136606,VdHT9nXSw-8,134.466,136.606,2.14,1.0,1.0,26.27,/kaggle/working/cut_cutfix_full_tier1_20260729_01/tier1/400_440/media/VdHT9nXSw-8_s0000134466_e0000136606.mp4,tier1,cuda,nvenc,cutfix_full_tier1_20260729_01
VdHT9nXSw-8_s0000137026_e0000139102,VdHT9nXSw-8,137.026,139.102,2.076,1.0,1.0,27.93,/kaggle/working/cut_cutfix_full_tier1_20260729_01/tier1/400_440/media/VdHT9nXSw-8_s0000137026_e0000139102.mp4,tier1,cuda,nvenc,cutfix_full_tier1_20260729_01
VdHT9nXSw-8_s0000140290_e0000146718,VdHT9nXSw-8,140.29,146.718,6.428,1.0,1.0,25.94,/kaggle/working/cut_cutfix_full_tier1_20260729_01/tier1/400_440/media/VdHT9nXSw-8_s0000140290_e0000146718.mp4,tier1,cuda,nvenc,cutfix_full_tier1_20260729_01
VdHT9nXSw-8_s0000147010_e0000149246,VdHT9nXSw-8,147.01,149.246,2.236,1.0,1.0,25.27,/kaggle/working/cut_cutfix_full_tier1_20260729_01/tier1/400_440/media/VdHT9nXSw-8_s0000147010_e0000149246.mp4,tier1,cuda,nvenc,cutfix_full_tier1_20260729_01
VdHT9nXSw-8_s0000149506_e0000160222,VdHT9nXSw-8,149.506,160.222,10.716,1.0,1.0,27.07,/kaggle/working/cut_cutfix_full_tier1_20260729_01/tier1/400_440/media/VdHT9nXSw-8_s0000149506_e0000160222.mp4,tier1,cuda,nvenc,cutfix_full_tier1_20260729_01
VdHT9nXSw-8_s0000160898_e0000166878,VdHT9nXSw-8,160.898,166.878,5.98,1.0,1.0,27.5,/kaggle/working/cut_cutfix_full_tier1_20260729_01/tier1/400_440/media/VdHT9nXSw-8_s0000160898_e0000166878.mp4,tier1,cuda,nvenc,cutfix_full_tier1_20260729_01
VdHT9nXSw-8_s0000167106_e0000171838,VdHT9nXSw-8,167.106,171.838,4.732,1.0,1.0,27.01,/kaggle/working/cut_cutfix_full_tier1_20260729_01/tier1/400_440/media/VdHT9nXSw-8_s0000167106_e0000171838.mp4,tier1,cuda,nvenc,cutfix_full_tier1_20260729_01
VdHT9nXSw-8_s0000172450_e0000175006,VdHT9nXSw-8,172.45,175.006,2.556,1.0,1.0,27.91,/kaggle/working/cut_cutfix_full_tier1_20260729_01/tier1/400_440/media/VdHT9nXSw-8_s0000172450_e0000175006.mp4,tier1,cuda,nvenc,cutfix_full_tier1_20260729_01
VdHT9nXSw-8_s0000175458_e0000184478,VdHT9nXSw-8,175.458,184.478,9.02,1.0,1.0,27.14,/kaggle/working/cut_cutfix_full_tier1_20260729_01/tier1/400_440/media/VdHT9nXSw-8_s0000175458_e0000184478.mp4,tier1,cuda,nvenc,cutfix_full_tier1_20260729_01
VdHT9nXSw-8_s0000184802_e0000186814,VdHT9nXSw-8,184.802,186.814,2.012,1.0,1.0,27.2,/kaggle/working/cut_cutfix_full_tier1_20260729_01/tier1/400_440/media/VdHT9nXSw-8_s0000184802_e0000186814.mp4,tier1,cuda,nvenc,cutfix_full_tier1_20260729_01
VdHT9nXSw-8_s0000188738_e0000196382,VdHT9nXSw-8,188.738,196.382,7.644,1.0,1.0,25.9,/kaggle/working/cut_cutfix_full_tier1_20260729_01/tier1/400_440/media/VdHT9nXSw-8_s0000188738_e0000196382.mp4,tier1,cuda,nvenc,cutfix_full_tier1_20260729_01
VdHT9nXSw-8_s0000198818_e0000204734,VdHT9nXSw-8,198.818,204.734,5.916,1.0,1.0,26.37,/kaggle/working/cut_cutfix_full_tier1_20260729_01/tier1/400_440/media/VdHT9nXSw-8_s0000198818_e0000204734.mp4,tier1,cuda,nvenc,cutfix_full_tier1_20260729_01
VdHT9nXSw-8_s0000204834_e0000208798,VdHT9nXSw-8,204.834,208.798,3.964,0.75,1.0,24.41,/kaggle/working/cut_cutfix_full_tier1_20260729_01/tier1/400_440/media/VdHT9nXSw-8_s0000204834_e0000208798.mp4,tier1,cuda,nvenc,cutfix_full_tier1_20260729_01
VdHT9nXSw-8_s0000224962_e0000230590,VdHT9nXSw-8,224.962,230.59,5.628,1.0,1.0,26.08,/kaggle/working/cut_cutfix_full_tier1_20260729_01/tier1/400_440/media/VdHT9nXSw-8_s0000224962_e0000230590.mp4,tier1,cuda,nvenc,cutfix_full_tier1_20260729_01
VdHT9nXSw-8_s0000231394_e0000236766,VdHT9nXSw-8,231.394,236.766,5.372,1.0,1.0,26.24,/kaggle/working/cut_cutfix_full_tier1_20260729_01/tier1/400_440/media/VdHT9nXSw-8_s0000231394_e0000236766.mp4,tier1,cuda,nvenc,cutfix_full_tier1_20260729_01
VdHT9nXSw-8_s0000245090_e0000251422,VdHT9nXSw-8,245.09,251.422,6.332,1.0,1.0,26.01,/kaggle/working/cut_cutfix_full_tier1_20260729_01/tier1/400_440/media/VdHT9nXSw-8_s0000245090_e0000251422.mp4,tier1,cuda,nvenc,cutfix_full_tier1_20260729_01
VdHT9nXSw-8_s0000251746_e0000256798,VdHT9nXSw-8,251.746,256.798,5.052,1.0,1.0,26.63,/kaggle/working/cut_cutfix_full_tier1_20260729_01/tier1/400_440/media/VdHT9nXSw-8_s0000251746_e0000256798.mp4,tier1,cuda,nvenc,cutfix_full_tier1_20260729_01
VdHT9nXSw-8_s0000257090_e0000261086,VdHT9nXSw-8,257.09,261.086,3.996,1.0,1.0,27.02,/kaggle/working/cut_cutfix_full_tier1_20260729_01/tier1/400_440/media/VdHT9nXSw-8_s0000257090_e0000261086.mp4,tier1,cuda,nvenc,cutfix_full_tier1_20260729_01
VdHT9nXSw-8_s0000261794_e0000265022,VdHT9nXSw-8,261.794,265.022,3.228,1.0,1.0,26.49,/kaggle/working/cut_cutfix_full_tier1_20260729_01/tier1/400_440/media/VdHT9nXSw-8_s0000261794_e0000265022.mp4,tier1,cuda,nvenc,cutfix_full_tier1_20260729_01
VdHT9nXSw-8_s0000265250_e0000267582,VdHT9nXSw-8,265.25,267.582,2.332,1.0,1.0,26.18,/kaggle/working/cut_cutfix_full_tier1_20260729_01/tier1/400_440/media/VdHT9nXSw-8_s0000265250_e0000267582.mp4,tier1,cuda,nvenc,cutfix_full_tier1_20260729_01
VdHT9nXSw-8_s0000267778_e0000271518,VdHT9nXSw-8,267.778,271.518,3.74,1.0,1.0,26.59,/kaggle/working/cut_cutfix_full_tier1_20260729_01/tier1/400_440/media/VdHT9nXSw-8_s0000267778_e0000271518.mp4,tier1,cuda,nvenc,cutfix_full_tier1_20260729_01
VdHT9nXSw-8_s0000271906_e0000282846,VdHT9nXSw-8,271.906,282.846,10.94,1.0,1.0,26.65,/kaggle/working/cut_cutfix_full_tier1_20260729_01/tier1/400_440/media/VdHT9nXSw-8_s0000271906_e0000282846.mp4,tier1,cuda,nvenc,cutfix_full_tier1_20260729_01
VdHT9nXSw-8_s0000283074_e0000290782,VdHT9nXSw-8,283.074,290.782,7.708,1.0,1.0,26.58,/kaggle/working/cut_cutfix_full_tier1_20260729_01/tier1/400_440/media/VdHT9nXSw-8_s0000283074_e0000290782.mp4,tier1,cuda,nvenc,cutfix_full_tier1_20260729_01
VdHT9nXSw-8_s0000291330_e0000298590,VdHT9nXSw-8,291.33,298.59,7.26,1.0,1.0,25.06,/kaggle/working/cut_cutfix_full_tier1_20260729_01/tier1/400_440/media/VdHT9nXSw-8_s0000291330_e0000298590.mp4,tier1,cuda,nvenc,cutfix_full_tier1_20260729_01
VdHT9nXSw-8_s0000298818_e0000301054,VdHT9nXSw-8,298.818,301.054,2.236,1.0,1.0,27.36,/kaggle/working/cut_cutfix_full_tier1_20260729_01/tier1/400_440/media/VdHT9nXSw-8_s0000298818_e0000301054.mp4,tier1,cuda,nvenc,cutfix_full_tier1_20260729_01
VdHT9nXSw-8_s0000301218_e0000305918,VdHT9nXSw-8,301.218,305.918,4.7,1.0,1.0,27.17,/kaggle/working/cut_cutfix_full_tier1_20260729_01/tier1/400_440/media/VdHT9nXSw-8_s0000301218_e0000305918.mp4,tier1,cuda,nvenc,cutfix_full_tier1_20260729_01
VdHT9nXSw-8_s0000306306_e0000311306,VdHT9nXSw-8,306.306,311.306,5.0,1.0,1.0,26.41,/kaggle/working/cut_cutfix_full_tier1_20260729_01/tier1/400_440/media/VdHT9nXSw-8_s0000306306_e0000311306.mp4,tier1,cuda,nvenc,cutfix_full_tier1_20260729_01
VdHT9nXSw-8_s0000310306_e0000315306,VdHT9nXSw-8,310.306,315.306,5.0,1.0,1.0,25.91,/kaggle/working/cut_cutfix_full_tier1_20260729_01/tier1/400_440/media/VdHT9nXSw-8_s0000310306_e0000315306.mp4,tier1,cuda,nvenc,cutfix_full_tier1_20260729_01
VdHT9nXSw-8_s0000314306_e0000319038,VdHT9nXSw-8,314.306,319.038,4.732,1.0,1.0,24.23,/kaggle/working/cut_cutfix_full_tier1_20260729_01/tier1/400_440/media/VdHT9nXSw-8_s0000314306_e0000319038.mp4,tier1,cuda,nvenc,cutfix_full_tier1_20260729_01
VdHT9nXSw-8_s0000319298_e0000324222,VdHT9nXSw-8,319.298,324.222,4.924,1.0,1.0,27.94,/kaggle/working/cut_cutfix_full_tier1_20260729_01/tier1/400_440/media/VdHT9nXSw-8_s0000319298_e0000324222.mp4,tier1,cuda,nvenc,cutfix_full_tier1_20260729_01
VdHT9nXSw-8_s0000324994_e0000329994,VdHT9nXSw-8,324.994,329.994,5.0,1.0,1.0,27.36,/kaggle/working/cut_cutfix_full_tier1_20260729_01/tier1/400_440/media/VdHT9nXSw-8_s0000324994_e0000329994.mp4,tier1,cuda,nvenc,cutfix_full_tier1_20260729_01
VdHT9nXSw-8_s0000328994_e0000333994,VdHT9nXSw-8,328.994,333.994,5.0,1.0,1.0,26.05,/kaggle/working/cut_cutfix_full_tier1_20260729_01/tier1/400_440/media/VdHT9nXSw-8_s0000328994_e0000333994.mp4,tier1,cuda,nvenc,cutfix_full_tier1_20260729_01
VdHT9nXSw-8_s0000332994_e0000337994,VdHT9nXSw-8,332.994,337.994,5.0,1.0,1.0,27.35,/kaggle/working/cut_cutfix_full_tier1_20260729_01/tier1/400_440/media/VdHT9nXSw-8_s0000332994_e0000337994.mp4,tier1,cuda,nvenc,cutfix_full_tier1_20260729_01
VdHT9nXSw-8_s0000340994_e0000345994,VdHT9nXSw-8,340.994,345.994,5.0,1.0,1.0,26.43,/kaggle/working/cut_cutfix_full_tier1_20260729_01/tier1/400_440/media/VdHT9nXSw-8_s0000340994_e0000345994.mp4,tier1,cuda,nvenc,cutfix_full_tier1_20260729_01
VdHT9nXSw-8_s0000344994_e0000349994,VdHT9nXSw-8,344.994,349.994,5.0,1.0,1.0,28.3,/kaggle/working/cut_cutfix_full_tier1_20260729_01/tier1/400_440/media/VdHT9nXSw-8_s0000344994_e0000349994.mp4,tier1,cuda,nvenc,cutfix_full_tier1_20260729_01
VdHT9nXSw-8_s0000348994_e0000353374,VdHT9nXSw-8,348.994,353.374,4.38,1.0,1.0,26.78,/kaggle/working/cut_cutfix_full_tier1_20260729_01/tier1/400_440/media/VdHT9nXSw-8_s0000348994_e0000353374.mp4,tier1,cuda,nvenc,cutfix_full_tier1_20260729_01
VdHT9nXSw-8_s0000353858_e0000358858,VdHT9nXSw-8,353.858,358.858,5.0,1.0,1.0,27.41,/kaggle/working/cut_cutfix_full_tier1_20260729_01/tier1/400_440/media/VdHT9nXSw-8_s0000353858_e0000358858.mp4,tier1,cuda,nvenc,cutfix_full_tier1_20260729_01
VdHT9nXSw-8_s0000357858_e0000362858,VdHT9nXSw-8,357.858,362.858,5.0,1.0,1.0,27.0,/kaggle/working/cut_cutfix_full_tier1_20260729_01/tier1/400_440/media/VdHT9nXSw-8_s0000357858_e0000362858.mp4,tier1,cuda,nvenc,cutfix_full_tier1_20260729_01
VdHT9nXSw-8_s0000361858_e0000366858,VdHT9nXSw-8,361.858,366.858,5.0,1.0,1.0,27.17,/kaggle/working/cut_cutfix_full_tier1_20260729_01/tier1/400_440/media/VdHT9nXSw-8_s0000361858_e0000366858.mp4,tier1,cuda,nvenc,cutfix_full_tier1_20260729_01
VdHT9nXSw-8_s0000365858_e0000370858,VdHT9nXSw-8,365.858,370.858,5.0,1.0,1.0,27.37,/kaggle/working/cut_cutfix_full_tier1_20260729_01/tier1/400_440/media/VdHT9nXSw-8_s0000365858_e0000370858.mp4,tier1,cuda,nvenc,cutfix_full_tier1_20260729_01
VdHT9nXSw-8_s0000369858_e0000374858,VdHT9nXSw-8,369.858,374.858,5.0,1.0,1.0,27.23,/kaggle/working/cut_cutfix_full_tier1_20260729_01/tier1/400_440/media/VdHT9nXSw-8_s0000369858_e0000374858.mp4,tier1,cuda,nvenc,cutfix_full_tier1_20260729_01
VdHT9nXSw-8_s0000373858_e0000377214,VdHT9nXSw-8,373.858,377.214,3.356,1.0,1.0,27.39,/kaggle/working/cut_cutfix_full_tier1_20260729_01/tier1/400_440/media/VdHT9nXSw-8_s0000373858_e0000377214.mp4,tier1,cuda,nvenc,cutfix_full_tier1_20260729_01
VdHT9nXSw-8_s0000377314_e0000379582,VdHT9nXSw-8,377.314,379.582,2.268,1.0,1.0,25.72,/kaggle/working/cut_cutfix_full_tier1_20260729_01/tier1/400_440/media/VdHT9nXSw-8_s0000377314_e0000379582.mp4,tier1,cuda,nvenc,cutfix_full_tier1_20260729_01
VdHT9nXSw-8_s0000380034_e0000383518,VdHT9nXSw-8,380.034,383.518,3.484,1.0,1.0,27.06,/kaggle/working/cut_cutfix_full_tier1_20260729_01/tier1/400_440/media/VdHT9nXSw-8_s0000380034_e0000383518.mp4,tier1,cuda,nvenc,cutfix_full_tier1_20260729_01
VdHT9nXSw-8_s0000385538_e0000393150,VdHT9nXSw-8,385.538,393.15,7.612,1.0,1.0,26.62,/kaggle/working/cut_cutfix_full_tier1_20260729_01/tier1/400_440/media/VdHT9nXSw-8_s0000385538_e0000393150.mp4,tier1,cuda,nvenc,cutfix_full_tier1_20260729_01
VdHT9nXSw-8_s0000394178_e0000403838,VdHT9nXSw-8,394.178,403.838,9.66,1.0,1.0,26.89,/kaggle/working/cut_cutfix_full_tier1_20260729_01/tier1/400_440/media/VdHT9nXSw-8_s0000394178_e0000403838.mp4,tier1,cuda,nvenc,cutfix_full_tier1_20260729_01
VdHT9nXSw-8_s0000404642_e0000407582,VdHT9nXSw-8,404.642,407.582,2.94,1.0,1.0,27.24,/kaggle/working/cut_cutfix_full_tier1_20260729_01/tier1/400_440/media/VdHT9nXSw-8_s0000404642_e0000407582.mp4,tier1,cuda,nvenc,cutfix_full_tier1_20260729_01
VdHT9nXSw-8_s0000408162_e0000416030,VdHT9nXSw-8,408.162,416.03,7.868,1.0,1.0,27.1,/kaggle/working/cut_cutfix_full_tier1_20260729_01/tier1/400_440/media/VdHT9nXSw-8_s0000408162_e0000416030.mp4,tier1,cuda,nvenc,cutfix_full_tier1_20260729_01
VdHT9nXSw-8_s0000416162_e0000418974,VdHT9nXSw-8,416.162,418.974,2.812,1.0,1.0,27.28,/kaggle/working/cut_cutfix_full_tier1_20260729_01/tier1/400_440/media/VdHT9nXSw-8_s0000416162_e0000418974.mp4,tier1,cuda,nvenc,cutfix_full_tier1_20260729_01
VdHT9nXSw-8_s0000423266_e0000428382,VdHT9nXSw-8,423.266,428.382,5.116,1.0,1.0,25.99,/kaggle/working/cut_cutfix_full_tier1_20260729_01/tier1/400_440/media/VdHT9nXSw-8_s0000423266_e0000428382.mp4,tier1,cuda,nvenc,cutfix_full_tier1_20260729_01
VdHT9nXSw-8_s0000428610_e0000434846,VdHT9nXSw-8,428.61,434.846,6.236,1.0,1.0,27.4,/kaggle/working/cut_cutfix_full_tier1_20260729_01/tier1/400_440/media/VdHT9nXSw-8_s0000428610_e0000434846.mp4,tier1,cuda,nvenc,cutfix_full_tier1_20260729_01
VdHT9nXSw-8_s0000435362_e0000440958,VdHT9nXSw-8,435.362,440.958,5.596,1.0,1.0,26.98,/kaggle/working/cut_cutfix_full_tier1_20260729_01/tier1/400_440/media/VdHT9nXSw-8_s0000435362_e0000440958.mp4,tier1,cuda,nvenc,cutfix_full_tier1_20260729_01
VdHT9nXSw-8_s0000442978_e0000450046,VdHT9nXSw-8,442.978,450.046,7.068,1.0,1.0,26.2,/kaggle/working/cut_cutfix_full_tier1_20260729_01/tier1/400_440/media/VdHT9nXSw-8_s0000442978_e0000450046.mp4,tier1,cuda,nvenc,cutfix_full_tier1_20260729_01
VdHT9nXSw-8_s0000450306_e0000461886,VdHT9nXSw-8,450.306,461.886,11.58,1.0,1.0,27.21,/kaggle/working/cut_cutfix_full_tier1_20260729_01/tier1/400_440/media/VdHT9nXSw-8_s0000450306_e0000461886.mp4,tier1,cuda,nvenc,cutfix_full_tier1_20260729_01
VgGwgxT1hm0_s0000013378_e0000015390,VgGwgxT1hm0,13.378,15.39,2.012,1.0,1.0,7.73,/kaggle/working/cut_cutfix_full_tier1_20260729_01/tier1/400_440/media/VgGwgxT1hm0_s0000013378_e0000015390.mp4,tier1,cuda,nvenc,cutfix_full_tier1_20260729_01
VgGwgxT1hm0_s0000015650_e0000021502,VgGwgxT1hm0,15.65,21.502,5.852,1.0,1.0,1.17,/kaggle/working/cut_cutfix_full_tier1_20260729_01/tier1/400_440/media/VgGwgxT1hm0_s0000015650_e0000021502.mp4,tier1,cuda,nvenc,cutfix_full_tier1_20260729_01
VgGwgxT1hm0_s0000022050_e0000025022,VgGwgxT1hm0,22.05,25.022,2.972,1.0,1.0,6.22,/kaggle/working/cut_cutfix_full_tier1_20260729_01/tier1/400_440/media/VgGwgxT1hm0_s0000022050_e0000025022.mp4,tier1,cuda,nvenc,cutfix_full_tier1_20260729_01
VgGwgxT1hm0_s0000029282_e0000034282,VgGwgxT1hm0,29.282,34.282,5.0,1.0,1.0,4.89,/kaggle/working/cut_cutfix_full_tier1_20260729_01/tier1/400_440/media/VgGwgxT1hm0_s0000029282_e0000034282.mp4,tier1,cuda,nvenc,cutfix_full_tier1_20260729_01
VgGwgxT1hm0_s0000033282_e0000038282,VgGwgxT1hm0,33.282,38.282,5.0,1.0,1.0,4.53,/kaggle/working/cut_cutfix_full_tier1_20260729_01/tier1/400_440/media/VgGwgxT1hm0_s0000033282_e0000038282.mp4,tier1,cuda,nvenc,cutfix_full_tier1_20260729_01
VgGwgxT1hm0_s0000037282_e0000041918,VgGwgxT1hm0,37.282,41.918,4.636,1.0,1.0,1.04,/kaggle/working/cut_cutfix_full_tier1_20260729_01/tier1/400_440/media/VgGwgxT1hm0_s0000037282_e0000041918.mp4,tier1,cuda,nvenc,cutfix_full_tier1_20260729_01
VgGwgxT1hm0_s0000042338_e0000051038,VgGwgxT1hm0,42.338,51.038,8.7,1.0,1.0,6.15,/kaggle/working/cut_cutfix_full_tier1_20260729_01/tier1/400_440/media/VgGwgxT1hm0_s0000042338_e0000051038.mp4,tier1,cuda,nvenc,cutfix_full_tier1_20260729_01
VgGwgxT1hm0_s0000051234_e0000056234,VgGwgxT1hm0,51.234,56.234,5.0,1.0,1.0,5.38,/kaggle/working/cut_cutfix_full_tier1_20260729_01/tier1/400_440/media/VgGwgxT1hm0_s0000051234_e0000056234.mp4,tier1,cuda,nvenc,cutfix_full_tier1_20260729_01
VgGwgxT1hm0_s0000055234_e0000060234,VgGwgxT1hm0,55.234,60.234,5.0,1.0,1.0,4.43,/kaggle/working/cut_cutfix_full_tier1_20260729_01/tier1/400_440/media/VgGwgxT1hm0_s0000055234_e0000060234.mp4,tier1,cuda,nvenc,cutfix_full_tier1_20260729_01
VgGwgxT1hm0_s0000059234_e0000064126,VgGwgxT1hm0,59.234,64.126,4.892,1.0,1.0,4.44,/kaggle/working/cut_cutfix_full_tier1_20260729_01/tier1/400_440/media/VgGwgxT1hm0_s0000059234_e0000064126.mp4,tier1,cuda,nvenc,cutfix_full_tier1_20260729_01
VgGwgxT1hm0_s0000064546_e0000069854,VgGwgxT1hm0,64.546,69.854,5.308,1.0,1.0,6.14,/kaggle/working/cut_cutfix_full_tier1_20260729_01/tier1/400_440/media/VgGwgxT1hm0_s0000064546_e0000069854.mp4,tier1,cuda,nvenc,cutfix_full_tier1_20260729_01
VgGwgxT1hm0_s0000070338_e0000073310,VgGwgxT1hm0,70.338,73.31,2.972,1.0,1.0,3.3,/kaggle/working/cut_cutfix_full_tier1_20260729_01/tier1/400_440/media/VgGwgxT1hm0_s0000070338_e0000073310.mp4,tier1,cuda,nvenc,cutfix_full_tier1_20260729_01
VgGwgxT1hm0_s0000073442_e0000076830,VgGwgxT1hm0,73.442,76.83,3.388,1.0,1.0,2.81,/kaggle/working/cut_cutfix_full_tier1_20260729_01/tier1/400_440/media/VgGwgxT1hm0_s0000073442_e0000076830.mp4,tier1,cuda,nvenc,cutfix_full_tier1_20260729_01
VgGwgxT1hm0_s0000078434_e0000083434,VgGwgxT1hm0,78.434,83.434,5.0,1.0,1.0,5.69,/kaggle/working/cut_cutfix_full_tier1_20260729_01/tier1/400_440/media/VgGwgxT1hm0_s0000078434_e0000083434.mp4,tier1,cuda,nvenc,cutfix_full_tier1_20260729_01
VgGwgxT1hm0_s0000082434_e0000087434,VgGwgxT1hm0,82.434,87.434,5.0,1.0,1.0,5.55,/kaggle/working/cut_cutfix_full_tier1_20260729_01/tier1/400_440/media/VgGwgxT1hm0_s0000082434_e0000087434.mp4,tier1,cuda,nvenc,cutfix_full_tier1_20260729_01
VgGwgxT1hm0_s0000086434_e0000091434,VgGwgxT1hm0,86.434,91.434,5.0,1.0,1.0,3.75,/kaggle/working/cut_cutfix_full_tier1_20260729_01/tier1/400_440/media/VgGwgxT1hm0_s0000086434_e0000091434.mp4,tier1,cuda,nvenc,cutfix_full_tier1_20260729_01
VgGwgxT1hm0_s0000093090_e0000096030,VgGwgxT1hm0,93.09,96.03,2.94,1.0,1.0,6.9,/kaggle/working/cut_cutfix_full_tier1_20260729_01/tier1/400_440/media/VgGwgxT1hm0_s0000093090_e0000096030.mp4,tier1,cuda,nvenc,cutfix_full_tier1_20260729_01
VgGwgxT1hm0_s0000096194_e0000103230,VgGwgxT1hm0,96.194,103.23,7.036,1.0,1.0,3.09,/kaggle/working/cut_cutfix_full_tier1_20260729_01/tier1/400_440/media/VgGwgxT1hm0_s0000096194_e0000103230.mp4,tier1,cuda,nvenc,cutfix_full_tier1_20260729_01
VgGwgxT1hm0_s0000103842_e0000106654,VgGwgxT1hm0,103.842,106.654,2.812,1.0,1.0,6.29,/kaggle/working/cut_cutfix_full_tier1_20260729_01/tier1/400_440/media/VgGwgxT1hm0_s0000103842_e0000106654.mp4,tier1,cuda,nvenc,cutfix_full_tier1_20260729_01
VgGwgxT1hm0_s0000106882_e0000117470,VgGwgxT1hm0,106.882,117.47,10.588,1.0,1.0,4.3,/kaggle/working/cut_cutfix_full_tier1_20260729_01/tier1/400_440/media/VgGwgxT1hm0_s0000106882_e0000117470.mp4,tier1,cuda,nvenc,cutfix_full_tier1_20260729_01
VgGwgxT1hm0_s0000119330_e0000125310,VgGwgxT1hm0,119.33,125.31,5.98,1.0,1.0,5.89,/kaggle/working/cut_cutfix_full_tier1_20260729_01/tier1/400_440/media/VgGwgxT1hm0_s0000119330_e0000125310.mp4,tier1,cuda,nvenc,cutfix_full_tier1_20260729_01
VgGwgxT1hm0_s0000125570_e0000129342,VgGwgxT1hm0,125.57,129.342,3.772,1.0,1.0,4.55,/kaggle/working/cut_cutfix_full_tier1_20260729_01/tier1/400_440/media/VgGwgxT1hm0_s0000125570_e0000129342.mp4,tier1,cuda,nvenc,cutfix_full_tier1_20260729_01
VgGwgxT1hm0_s0000129506_e0000131678,VgGwgxT1hm0,129.506,131.678,2.172,1.0,1.0,7.45,/kaggle/working/cut_cutfix_full_tier1_20260729_01/tier1/400_440/media/VgGwgxT1hm0_s0000129506_e0000131678.mp4,tier1,cuda,nvenc,cutfix_full_tier1_20260729_01
VgGwgxT1hm0_s0000132418_e0000143230,VgGwgxT1hm0,132.418,143.23,10.812,1.0,1.0,6.36,/kaggle/working/cut_cutfix_full_tier1_20260729_01/tier1/400_440/media/VgGwgxT1hm0_s0000132418_e0000143230.mp4,tier1,cuda,nvenc,cutfix_full_tier1_20260729_01
VgGwgxT1hm0_s0000143426_e0000146270,VgGwgxT1hm0,143.426,146.27,2.844,1.0,1.0,1.78,/kaggle/working/cut_cutfix_full_tier1_20260729_01/tier1/400_440/media/VgGwgxT1hm0_s0000143426_e0000146270.mp4,tier1,cuda,nvenc,cutfix_full_tier1_20260729_01
VgGwgxT1hm0_s0000148674_e0000156350,VgGwgxT1hm0,148.674,156.35,7.676,1.0,1.0,5.64,/kaggle/working/cut_cutfix_full_tier1_20260729_01/tier1/400_440/media/VgGwgxT1hm0_s0000148674_e0000156350.mp4,tier1,cuda,nvenc,cutfix_full_tier1_20260729_01
VgGwgxT1hm0_s0000156514_e0000163646,VgGwgxT1hm0,156.514,163.646,7.132,1.0,1.0,0.08,/kaggle/working/cut_cutfix_full_tier1_20260729_01/tier1/400_440/media/VgGwgxT1hm0_s0000156514_e0000163646.mp4,tier1,cuda,nvenc,cutfix_full_tier1_20260729_01
VgGwgxT1hm0_s0000163810_e0000168810,VgGwgxT1hm0,163.81,168.81,5.0,1.0,1.0,4.09,/kaggle/working/cut_cutfix_full_tier1_20260729_01/tier1/400_440/media/VgGwgxT1hm0_s0000163810_e0000168810.mp4,tier1,cuda,nvenc,cutfix_full_tier1_20260729_01
VgGwgxT1hm0_s0000167810_e0000172810,VgGwgxT1hm0,167.81,172.81,5.0,1.0,1.0,5.5,/kaggle/working/cut_cutfix_full_tier1_20260729_01/tier1/400_440/media/VgGwgxT1hm0_s0000167810_e0000172810.mp4,tier1,cuda,nvenc,cutfix_full_tier1_20260729_01
VgGwgxT1hm0_s0000171810_e0000176810,VgGwgxT1hm0,171.81,176.81,5.0,1.0,1.0,5.04,/kaggle/working/cut_cutfix_full_tier1_20260729_01/tier1/400_440/media/VgGwgxT1hm0_s0000171810_e0000176810.mp4,tier1,cuda,nvenc,cutfix_full_tier1_20260729_01
VgGwgxT1hm0_s0000175810_e0000178974,VgGwgxT1hm0,175.81,178.974,3.164,1.0,1.0,5.81,/kaggle/working/cut_cutfix_full_tier1_20260729_01/tier1/400_440/media/VgGwgxT1hm0_s0000175810_e0000178974.mp4,tier1,cuda,nvenc,cutfix_full_tier1_20260729_01
VgGwgxT1hm0_s0000179138_e0000185310,VgGwgxT1hm0,179.138,185.31,6.172,1.0,1.0,6.07,/kaggle/working/cut_cutfix_full_tier1_20260729_01/tier1/400_440/media/VgGwgxT1hm0_s0000179138_e0000185310.mp4,tier1,cuda,nvenc,cutfix_full_tier1_20260729_01
VgGwgxT1hm0_s0000185442_e0000193854,VgGwgxT1hm0,185.442,193.854,8.412,1.0,1.0,3.01,/kaggle/working/cut_cutfix_full_tier1_20260729_01/tier1/400_440/media/VgGwgxT1hm0_s0000185442_e0000193854.mp4,tier1,cuda,nvenc,cutfix_full_tier1_20260729_01
VgGwgxT1hm0_s0000194082_e0000199082,VgGwgxT1hm0,194.082,199.082,5.0,1.0,1.0,6.72,/kaggle/working/cut_cutfix_full_tier1_20260729_01/tier1/400_440/media/VgGwgxT1hm0_s0000194082_e0000199082.mp4,tier1,cuda,nvenc,cutfix_full_tier1_20260729_01
VgGwgxT1hm0_s0000198082_e0000203082,VgGwgxT1hm0,198.082,203.082,5.0,1.0,1.0,7.17,/kaggle/working/cut_cutfix_full_tier1_20260729_01/tier1/400_440/media/VgGwgxT1hm0_s0000198082_e0000203082.mp4,tier1,cuda,nvenc,cutfix_full_tier1_20260729_01
VgGwgxT1hm0_s0000202082_e0000207082,VgGwgxT1hm0,202.082,207.082,5.0,1.0,1.0,5.42,/kaggle/working/cut_cutfix_full_tier1_20260729_01/tier1/400_440/media/VgGwgxT1hm0_s0000202082_e0000207082.mp4,tier1,cuda,nvenc,cutfix_full_tier1_20260729_01
VgGwgxT1hm0_s0000206082_e0000210110,VgGwgxT1hm0,206.082,210.11,4.028,1.0,1.0,4.1,/kaggle/working/cut_cutfix_full_tier1_20260729_01/tier1/400_440/media/VgGwgxT1hm0_s0000206082_e0000210110.mp4,tier1,cuda,nvenc,cutfix_full_tier1_20260729_01
VgGwgxT1hm0_s0000214178_e0000219178,VgGwgxT1hm0,214.178,219.178,5.0,1.0,1.0,5.39,/kaggle/working/cut_cutfix_full_tier1_20260729_01/tier1/400_440/media/VgGwgxT1hm0_s0000214178_e0000219178.mp4,tier1,cuda,nvenc,cutfix_full_tier1_20260729_01
VgGwgxT1hm0_s0000218178_e0000223178,VgGwgxT1hm0,218.178,223.178,5.0,1.0,1.0,5.85,/kaggle/working/cut_cutfix_full_tier1_20260729_01/tier1/400_440/media/VgGwgxT1hm0_s0000218178_e0000223178.mp4,tier1,cuda,nvenc,cutfix_full_tier1_20260729_01
VgGwgxT1hm0_s0000222178_e0000226398,VgGwgxT1hm0,222.178,226.398,4.22,1.0,1.0,6.18,/kaggle/working/cut_cutfix_full_tier1_20260729_01/tier1/400_440/media/VgGwgxT1hm0_s0000222178_e0000226398.mp4,tier1,cuda,nvenc,cutfix_full_tier1_20260729_01
VgGwgxT1hm0_s0000226658_e0000230398,VgGwgxT1hm0,226.658,230.398,3.74,1.0,1.0,5.84,/kaggle/working/cut_cutfix_full_tier1_20260729_01/tier1/400_440/media/VgGwgxT1hm0_s0000226658_e0000230398.mp4,tier1,cuda,nvenc,cutfix_full_tier1_20260729_01
VgGwgxT1hm0_s0000230594_e0000233278,VgGwgxT1hm0,230.594,233.278,2.684,1.0,1.0,6.36,/kaggle/working/cut_cutfix_full_tier1_20260729_01/tier1/400_440/media/VgGwgxT1hm0_s0000230594_e0000233278.mp4,tier1,cuda,nvenc,cutfix_full_tier1_20260729_01
VgGwgxT1hm0_s0000233506_e0000241470,VgGwgxT1hm0,233.506,241.47,7.964,1.0,1.0,5.99,/kaggle/working/cut_cutfix_full_tier1_20260729_01/tier1/400_440/media/VgGwgxT1hm0_s0000233506_e0000241470.mp4,tier1,cuda,nvenc,cutfix_full_tier1_20260729_01
VgGwgxT1hm0_s0000241666_e0000243678,VgGwgxT1hm0,241.666,243.678,2.012,1.0,1.0,7.64,/kaggle/working/cut_cutfix_full_tier1_20260729_01/tier1/400_440/media/VgGwgxT1hm0_s0000241666_e0000243678.mp4,tier1,cuda,nvenc,cutfix_full_tier1_20260729_01
VgGwgxT1hm0_s0000243906_e0000248894,VgGwgxT1hm0,243.906,248.894,4.988,1.0,1.0,3.53,/kaggle/working/cut_cutfix_full_tier1_20260729_01/tier1/400_440/media/VgGwgxT1hm0_s0000243906_e0000248894.mp4,tier1,cuda,nvenc,cutfix_full_tier1_20260729_01
VgGwgxT1hm0_s0000249154_e0000255614,VgGwgxT1hm0,249.154,255.614,6.46,1.0,1.0,6.64,/kaggle/working/cut_cutfix_full_tier1_20260729_01/tier1/400_440/media/VgGwgxT1hm0_s0000249154_e0000255614.mp4,tier1,cuda,nvenc,cutfix_full_tier1_20260729_01
VgGwgxT1hm0_s0000255778_e0000267006,VgGwgxT1hm0,255.778,267.006,11.228,1.0,1.0,6.47,/kaggle/working/cut_cutfix_full_tier1_20260729_01/tier1/400_440/media/VgGwgxT1hm0_s0000255778_e0000267006.mp4,tier1,cuda,nvenc,cutfix_full_tier1_20260729_01
VgGwgxT1hm0_s0000267106_e0000269566,VgGwgxT1hm0,267.106,269.566,2.46,1.0,1.0,8.16,/kaggle/working/cut_cutfix_full_tier1_20260729_01/tier1/400_440/media/VgGwgxT1hm0_s0000267106_e0000269566.mp4,tier1,cuda,nvenc,cutfix_full_tier1_20260729_01
VgGwgxT1hm0_s0000269762_e0000280926,VgGwgxT1hm0,269.762,280.926,11.164,1.0,1.0,6.44,/kaggle/working/cut_cutfix_full_tier1_20260729_01/tier1/400_440/media/VgGwgxT1hm0_s0000269762_e0000280926.mp4,tier1,cuda,nvenc,cutfix_full_tier1_20260729_01
VgGwgxT1hm0_s0000281122_e0000286122,VgGwgxT1hm0,281.122,286.122,5.0,1.0,1.0,5.51,/kaggle/working/cut_cutfix_full_tier1_20260729_01/tier1/400_440/media/VgGwgxT1hm0_s0000281122_e0000286122.mp4,tier1,cuda,nvenc,cutfix_full_tier1_20260729_01
VgGwgxT1hm0_s0000285122_e0000290122,VgGwgxT1hm0,285.122,290.122,5.0,1.0,1.0,6.06,/kaggle/working/cut_cutfix_full_tier1_20260729_01/tier1/400_440/media/VgGwgxT1hm0_s0000285122_e0000290122.mp4,tier1,cuda,nvenc,cutfix_full_tier1_20260729_01
VgGwgxT1hm0_s0000289122_e0000294122,VgGwgxT1hm0,289.122,294.122,5.0,1.0,1.0,6.46,/kaggle/working/cut_cutfix_full_tier1_20260729_01/tier1/400_440/media/VgGwgxT1hm0_s0000289122_e0000294122.mp4,tier1,cuda,nvenc,cutfix_full_tier1_20260729_01
VgGwgxT1hm0_s0000293122_e0000296766,VgGwgxT1hm0,293.122,296.766,3.644,1.0,1.0,6.59,/kaggle/working/cut_cutfix_full_tier1_20260729_01/tier1/400_440/media/VgGwgxT1hm0_s0000293122_e0000296766.mp4,tier1,cuda,nvenc,cutfix_full_tier1_20260729_01
VgGwgxT1hm0_s0000296866_e0000300510,VgGwgxT1hm0,296.866,300.51,3.644,1.0,1.0,7.29,/kaggle/working/cut_cutfix_full_tier1_20260729_01/tier1/400_440/media/VgGwgxT1hm0_s0000296866_e0000300510.mp4,tier1,cuda,nvenc,cutfix_full_tier1_20260729_01
VgGwgxT1hm0_s0000300642_e0000308350,VgGwgxT1hm0,300.642,308.35,7.708,1.0,1.0,6.92,/kaggle/working/cut_cutfix_full_tier1_20260729_01/tier1/400_440/media/VgGwgxT1hm0_s0000300642_e0000308350.mp4,tier1,cuda,nvenc,cutfix_full_tier1_20260729_01
VgGwgxT1hm0_s0000308674_e0000311486,VgGwgxT1hm0,308.674,311.486,2.812,1.0,1.0,5.08,/kaggle/working/cut_cutfix_full_tier1_20260729_01/tier1/400_440/media/VgGwgxT1hm0_s0000308674_e0000311486.mp4,tier1,cuda,nvenc,cutfix_full_tier1_20260729_01
VgGwgxT1hm0_s0000311714_e0000317598,VgGwgxT1hm0,311.714,317.598,5.884,1.0,1.0,6.06,/kaggle/working/cut_cutfix_full_tier1_20260729_01/tier1/400_440/media/VgGwgxT1hm0_s0000311714_e0000317598.mp4,tier1,cuda,nvenc,cutfix_full_tier1_20260729_01
VgGwgxT1hm0_s0000317762_e0000321982,VgGwgxT1hm0,317.762,321.982,4.22,1.0,1.0,4.21,/kaggle/working/cut_cutfix_full_tier1_20260729_01/tier1/400_440/media/VgGwgxT1hm0_s0000317762_e0000321982.mp4,tier1,cuda,nvenc,cutfix_full_tier1_20260729_01
VgGwgxT1hm0_s0000322082_e0000327082,VgGwgxT1hm0,322.082,327.082,5.0,1.0,1.0,6.5,/kaggle/working/cut_cutfix_full_tier1_20260729_01/tier1/400_440/media/VgGwgxT1hm0_s0000322082_e0000327082.mp4,tier1,cuda,nvenc,cutfix_full_tier1_20260729_01
VgGwgxT1hm0_s0000326082_e0000331082,VgGwgxT1hm0,326.082,331.082,5.0,1.0,1.0,5.08,/kaggle/working/cut_cutfix_full_tier1_20260729_01/tier1/400_440/media/VgGwgxT1hm0_s0000326082_e0000331082.mp4,tier1,cuda,nvenc,cutfix_full_tier1_20260729_01
VgGwgxT1hm0_s0000330082_e0000335082,VgGwgxT1hm0,330.082,335.082,5.0,1.0,1.0,5.36,/kaggle/working/cut_cutfix_full_tier1_20260729_01/tier1/400_440/media/VgGwgxT1hm0_s0000330082_e0000335082.mp4,tier1,cuda,nvenc,cutfix_full_tier1_20260729_01
VgGwgxT1hm0_s0000334082_e0000337694,VgGwgxT1hm0,334.082,337.694,3.612,1.0,1.0,3.63,/kaggle/working/cut_cutfix_full_tier1_20260729_01/tier1/400_440/media/VgGwgxT1hm0_s0000334082_e0000337694.mp4,tier1,cuda,nvenc,cutfix_full_tier1_20260729_01
VgGwgxT1hm0_s0000338082_e0000343966,VgGwgxT1hm0,338.082,343.966,5.884,1.0,1.0,5.82,/kaggle/working/cut_cutfix_full_tier1_20260729_01/tier1/400_440/media/VgGwgxT1hm0_s0000338082_e0000343966.mp4,tier1,cuda,nvenc,cutfix_full_tier1_20260729_01
VgGwgxT1hm0_s0000344066_e0000354174,VgGwgxT1hm0,344.066,354.174,10.108,1.0,1.0,5.56,/kaggle/working/cut_cutfix_full_tier1_20260729_01/tier1/400_440/media/VgGwgxT1hm0_s0000344066_e0000354174.mp4,tier1,cuda,nvenc,cutfix_full_tier1_20260729_01
VgGwgxT1hm0_s0000354466_e0000360894,VgGwgxT1hm0,354.466,360.894,6.428,1.0,1.0,6.36,/kaggle/working/cut_cutfix_full_tier1_20260729_01/tier1/400_440/media/VgGwgxT1hm0_s0000354466_e0000360894.mp4,tier1,cuda,nvenc,cutfix_full_tier1_20260729_01
VgGwgxT1hm0_s0000361090_e0000364158,VgGwgxT1hm0,361.09,364.158,3.068,1.0,1.0,4.31,/kaggle/working/cut_cutfix_full_tier1_20260729_01/tier1/400_440/media/VgGwgxT1hm0_s0000361090_e0000364158.mp4,tier1,cuda,nvenc,cutfix_full_tier1_20260729_01
VgGwgxT1hm0_s0000364258_e0000366526,VgGwgxT1hm0,364.258,366.526,2.268,1.0,1.0,4.98,/kaggle/working/cut_cutfix_full_tier1_20260729_01/tier1/400_440/media/VgGwgxT1hm0_s0000364258_e0000366526.mp4,tier1,cuda,nvenc,cutfix_full_tier1_20260729_01
VgGwgxT1hm0_s0000369314_e0000371742,VgGwgxT1hm0,369.314,371.742,2.428,1.0,1.0,5.87,/kaggle/working/cut_cutfix_full_tier1_20260729_01/tier1/400_440/media/VgGwgxT1hm0_s0000369314_e0000371742.mp4,tier1,cuda,nvenc,cutfix_full_tier1_20260729_01
VgGwgxT1hm0_s0000371906_e0000380286,VgGwgxT1hm0,371.906,380.286,8.38,1.0,1.0,5.6,/kaggle/working/cut_cutfix_full_tier1_20260729_01/tier1/400_440/media/VgGwgxT1hm0_s0000371906_e0000380286.mp4,tier1,cuda,nvenc,cutfix_full_tier1_20260729_01
VgGwgxT1hm0_s0000383234_e0000389214,VgGwgxT1hm0,383.234,389.214,5.98,1.0,1.0,6.09,/kaggle/working/cut_cutfix_full_tier1_20260729_01/tier1/400_440/media/VgGwgxT1hm0_s0000383234_e0000389214.mp4,tier1,cuda,nvenc,cutfix_full_tier1_20260729_01
VgGwgxT1hm0_s0000390978_e0000397246,VgGwgxT1hm0,390.978,397.246,6.268,1.0,1.0,6.26,/kaggle/working/cut_cutfix_full_tier1_20260729_01/tier1/400_440/media/VgGwgxT1hm0_s0000390978_e0000397246.mp4,tier1,cuda,nvenc,cutfix_full_tier1_20260729_01
VgGwgxT1hm0_s0000397378_e0000402302,VgGwgxT1hm0,397.378,402.302,4.924,1.0,1.0,5.37,/kaggle/working/cut_cutfix_full_tier1_20260729_01/tier1/400_440/media/VgGwgxT1hm0_s0000397378_e0000402302.mp4,tier1,cuda,nvenc,cutfix_full_tier1_20260729_01
VgGwgxT1hm0_s0000402562_e0000405342,VgGwgxT1hm0,402.562,405.342,2.78,1.0,1.0,6.91,/kaggle/working/cut_cutfix_full_tier1_20260729_01/tier1/400_440/media/VgGwgxT1hm0_s0000402562_e0000405342.mp4,tier1,cuda,nvenc,cutfix_full_tier1_20260729_01
VgGwgxT1hm0_s0000406178_e0000416574,VgGwgxT1hm0,406.178,416.574,10.396,1.0,1.0,5.44,/kaggle/working/cut_cutfix_full_tier1_20260729_01/tier1/400_440/media/VgGwgxT1hm0_s0000406178_e0000416574.mp4,tier1,cuda,nvenc,cutfix_full_tier1_20260729_01
VgGwgxT1hm0_s0000416738_e0000426686,VgGwgxT1hm0,416.738,426.686,9.948,1.0,1.0,5.24,/kaggle/working/cut_cutfix_full_tier1_20260729_01/tier1/400_440/media/VgGwgxT1hm0_s0000416738_e0000426686.mp4,tier1,cuda,nvenc,cutfix_full_tier1_20260729_01
VgGwgxT1hm0_s0000426914_e0000435806,VgGwgxT1hm0,426.914,435.806,8.892,1.0,1.0,5.4,/kaggle/working/cut_cutfix_full_tier1_20260729_01/tier1/400_440/media/VgGwgxT1hm0_s0000426914_e0000435806.mp4,tier1,cuda,nvenc,cutfix_full_tier1_20260729_01
VgGwgxT1hm0_s0000436130_e0000441310,VgGwgxT1hm0,436.13,441.31,5.18,1.0,1.0,5.88,/kaggle/working/cut_cutfix_full_tier1_20260729_01/tier1/400_440/media/VgGwgxT1hm0_s0000436130_e0000441310.mp4,tier1,cuda,nvenc,cutfix_full_tier1_20260729_01
VgGwgxT1hm0_s0000441410_e0000447646,VgGwgxT1hm0,441.41,447.646,6.236,1.0,1.0,6.49,/kaggle/working/cut_cutfix_full_tier1_20260729_01/tier1/400_440/media/VgGwgxT1hm0_s0000441410_e0000447646.mp4,tier1,cuda,nvenc,cutfix_full_tier1_20260729_01
VgGwgxT1hm0_s0000447810_e0000451870,VgGwgxT1hm0,447.81,451.87,4.06,1.0,1.0,5.09,/kaggle/working/cut_cutfix_full_tier1_20260729_01/tier1/400_440/media/VgGwgxT1hm0_s0000447810_e0000451870.mp4,tier1,cuda,nvenc,cutfix_full_tier1_20260729_01
VgGwgxT1hm0_s0000452066_e0000454238,VgGwgxT1hm0,452.066,454.238,2.172,1.0,1.0,-15.66,/kaggle/working/cut_cutfix_full_tier1_20260729_01/tier1/400_440/media/VgGwgxT1hm0_s0000452066_e0000454238.mp4,tier1,cuda,nvenc,cutfix_full_tier1_20260729_01
VgGwgxT1hm0_s0000455138_e0000460446,VgGwgxT1hm0,455.138,460.446,5.308,1.0,1.0,6.09,/kaggle/working/cut_cutfix_full_tier1_20260729_01/tier1/400_440/media/VgGwgxT1hm0_s0000455138_e0000460446.mp4,tier1,cuda,nvenc,cutfix_full_tier1_20260729_01
VgGwgxT1hm0_s0000460546_e0000462718,VgGwgxT1hm0,460.546,462.718,2.172,1.0,1.0,-16.54,/kaggle/working/cut_cutfix_full_tier1_20260729_01/tier1/400_440/media/VgGwgxT1hm0_s0000460546_e0000462718.mp4,tier1,cuda,nvenc,cutfix_full_tier1_20260729_01
VgGwgxT1hm0_s0000463234_e0000471870,VgGwgxT1hm0,463.234,471.87,8.636,1.0,1.0,6.21,/kaggle/working/cut_cutfix_full_tier1_20260729_01/tier1/400_440/media/VgGwgxT1hm0_s0000463234_e0000471870.mp4,tier1,cuda,nvenc,cutfix_full_tier1_20260729_01
VgGwgxT1hm0_s0000473634_e0000485310,VgGwgxT1hm0,473.634,485.31,11.676,1.0,1.0,5.35,/kaggle/working/cut_cutfix_full_tier1_20260729_01/tier1/400_440/media/VgGwgxT1hm0_s0000473634_e0000485310.mp4,tier1,cuda,nvenc,cutfix_full_tier1_20260729_01
VgGwgxT1hm0_s0000485410_e0000490410,VgGwgxT1hm0,485.41,490.41,5.0,1.0,1.0,4.15,/kaggle/working/cut_cutfix_full_tier1_20260729_01/tier1/400_440/media/VgGwgxT1hm0_s0000485410_e0000490410.mp4,tier1,cuda,nvenc,cutfix_full_tier1_20260729_01
VgGwgxT1hm0_s0000489410_e0000494410,VgGwgxT1hm0,489.41,494.41,5.0,1.0,1.0,6.99,/kaggle/working/cut_cutfix_full_tier1_20260729_01/tier1/400_440/media/VgGwgxT1hm0_s0000489410_e0000494410.mp4,tier1,cuda,nvenc,cutfix_full_tier1_20260729_01
VgGwgxT1hm0_s0000493410_e0000498410,VgGwgxT1hm0,493.41,498.41,5.0,1.0,1.0,6.19,/kaggle/working/cut_cutfix_full_tier1_20260729_01/tier1/400_440/media/VgGwgxT1hm0_s0000493410_e0000498410.mp4,tier1,cuda,nvenc,cutfix_full_tier1_20260729_01
VgGwgxT1hm0_s0000497410_e0000502410,VgGwgxT1hm0,497.41,502.41,5.0,1.0,1.0,5.42,/kaggle/working/cut_cutfix_full_tier1_20260729_01/tier1/400_440/media/VgGwgxT1hm0_s0000497410_e0000502410.mp4,tier1,cuda,nvenc,cutfix_full_tier1_20260729_01
VgGwgxT1hm0_s0000501410_e0000506410,VgGwgxT1hm0,501.41,506.41,5.0,1.0,1.0,6.09,/kaggle/working/cut_cutfix_full_tier1_20260729_01/tier1/400_440/media/VgGwgxT1hm0_s0000501410_e0000506410.mp4,tier1,cuda,nvenc,cutfix_full_tier1_20260729_01
VgGwgxT1hm0_s0000509186_e0000514186,VgGwgxT1hm0,509.186,514.186,5.0,1.0,1.0,3.19,/kaggle/working/cut_cutfix_full_tier1_20260729_01/tier1/400_440/media/VgGwgxT1hm0_s0000509186_e0000514186.mp4,tier1,cuda,nvenc,cutfix_full_tier1_20260729_01
VgGwgxT1hm0_s0000513186_e0000518186,VgGwgxT1hm0,513.186,518.186,5.0,1.0,1.0,6.2,/kaggle/working/cut_cutfix_full_tier1_20260729_01/tier1/400_440/media/VgGwgxT1hm0_s0000513186_e0000518186.mp4,tier1,cuda,nvenc,cutfix_full_tier1_20260729_01
VgGwgxT1hm0_s0000517186_e0000522186,VgGwgxT1hm0,517.186,522.186,5.0,1.0,1.0,4.8,/kaggle/working/cut_cutfix_full_tier1_20260729_01/tier1/400_440/media/VgGwgxT1hm0_s0000517186_e0000522186.mp4,tier1,cuda,nvenc,cutfix_full_tier1_20260729_01
VgGwgxT1hm0_s0000523362_e0000527710,VgGwgxT1hm0,523.362,527.71,4.348,1.0,1.0,3.6,/kaggle/working/cut_cutfix_full_tier1_20260729_01/tier1/400_440/media/VgGwgxT1hm0_s0000523362_e0000527710.mp4,tier1,cuda,nvenc,cutfix_full_tier1_20260729_01
VgGwgxT1hm0_s0000527874_e0000535102,VgGwgxT1hm0,527.874,535.102,7.228,1.0,1.0,5.44,/kaggle/working/cut_cutfix_full_tier1_20260729_01/tier1/400_440/media/VgGwgxT1hm0_s0000527874_e0000535102.mp4,tier1,cuda,nvenc,cutfix_full_tier1_20260729_01
VgGwgxT1hm0_s0000537538_e0000542686,VgGwgxT1hm0,537.538,542.686,5.148,1.0,1.0,5.89,/kaggle/working/cut_cutfix_full_tier1_20260729_01/tier1/400_440/media/VgGwgxT1hm0_s0000537538_e0000542686.mp4,tier1,cuda,nvenc,cutfix_full_tier1_20260729_01
VgGwgxT1hm0_s0000543234_e0000551294,VgGwgxT1hm0,543.234,551.294,8.06,1.0,1.0,6.96,/kaggle/working/cut_cutfix_full_tier1_20260729_01/tier1/400_440/media/VgGwgxT1hm0_s0000543234_e0000551294.mp4,tier1,cuda,nvenc,cutfix_full_tier1_20260729_01
VgGwgxT1hm0_s0000551618_e0000558558,VgGwgxT1hm0,551.618,558.558,6.94,1.0,1.0,6.82,/kaggle/working/cut_cutfix_full_tier1_20260729_01/tier1/400_440/media/VgGwgxT1hm0_s0000551618_e0000558558.mp4,tier1,cuda,nvenc,cutfix_full_tier1_20260729_01
VgGwgxT1hm0_s0000558722_e0000560926,VgGwgxT1hm0,558.722,560.926,2.204,1.0,1.0,8.07,/kaggle/working/cut_cutfix_full_tier1_20260729_01/tier1/400_440/media/VgGwgxT1hm0_s0000558722_e0000560926.mp4,tier1,cuda,nvenc,cutfix_full_tier1_20260729_01
VgGwgxT1hm0_s0000561186_e0000566846,VgGwgxT1hm0,561.186,566.846,5.66,1.0,1.0,6.83,/kaggle/working/cut_cutfix_full_tier1_20260729_01/tier1/400_440/media/VgGwgxT1hm0_s0000561186_e0000566846.mp4,tier1,cuda,nvenc,cutfix_full_tier1_20260729_01
VgGwgxT1hm0_s0000567234_e0000572234,VgGwgxT1hm0,567.234,572.234,5.0,1.0,1.0,-4.3,/kaggle/working/cut_cutfix_full_tier1_20260729_01/tier1/400_440/media/VgGwgxT1hm0_s0000567234_e0000572234.mp4,tier1,cuda,nvenc,cutfix_full_tier1_20260729_01
VgGwgxT1hm0_s0000571234_e0000576234,VgGwgxT1hm0,571.234,576.234,5.0,1.0,1.0,6.56,/kaggle/working/cut_cutfix_full_tier1_20260729_01/tier1/400_440/media/VgGwgxT1hm0_s0000571234_e0000576234.mp4,tier1,cuda,nvenc,cutfix_full_tier1_20260729_01
VgGwgxT1hm0_s0000575234_e0000580234,VgGwgxT1hm0,575.234,580.234,5.0,1.0,1.0,-0.44,/kaggle/working/cut_cutfix_full_tier1_20260729_01/tier1/400_440/media/VgGwgxT1hm0_s0000575234_e0000580234.mp4,tier1,cuda,nvenc,cutfix_full_tier1_20260729_01
VgGwgxT1hm0_s0000579234_e0000581822,VgGwgxT1hm0,579.234,581.822,2.588,1.0,1.0,-15.32,/kaggle/working/cut_cutfix_full_tier1_20260729_01/tier1/400_440/media/VgGwgxT1hm0_s0000579234_e0000581822.mp4,tier1,cuda,nvenc,cutfix_full_tier1_20260729_01
VgGwgxT1hm0_s0000582050_e0000587050,VgGwgxT1hm0,582.05,587.05,5.0,1.0,1.0,5.27,/kaggle/working/cut_cutfix_full_tier1_20260729_01/tier1/400_440/media/VgGwgxT1hm0_s0000582050_e0000587050.mp4,tier1,cuda,nvenc,cutfix_full_tier1_20260729_01
VgGwgxT1hm0_s0000586050_e0000591050,VgGwgxT1hm0,586.05,591.05,5.0,1.0,1.0,6.58,/kaggle/working/cut_cutfix_full_tier1_20260729_01/tier1/400_440/media/VgGwgxT1hm0_s0000586050_e0000591050.mp4,tier1,cuda,nvenc,cutfix_full_tier1_20260729_01
VgGwgxT1hm0_s0000590050_e0000595050,VgGwgxT1hm0,590.05,595.05,5.0,1.0,1.0,6.64,/kaggle/working/cut_cutfix_full_tier1_20260729_01/tier1/400_440/media/VgGwgxT1hm0_s0000590050_e0000595050.mp4,tier1,cuda,nvenc,cutfix_full_tier1_20260729_01
VgGwgxT1hm0_s0000594050_e0000599050,VgGwgxT1hm0,594.05,599.05,5.0,1.0,1.0,6.79,/kaggle/working/cut_cutfix_full_tier1_20260729_01/tier1/400_440/media/VgGwgxT1hm0_s0000594050_e0000599050.mp4,tier1,cuda,nvenc,cutfix_full_tier1_20260729_01
VgGwgxT1hm0_s0000598050_e0000601054,VgGwgxT1hm0,598.05,601.054,3.004,1.0,1.0,5.2,/kaggle/working/cut_cutfix_full_tier1_20260729_01/tier1/400_440/media/VgGwgxT1hm0_s0000598050_e0000601054.mp4,tier1,cuda,nvenc,cutfix_full_tier1_20260729_01
VgGwgxT1hm0_s0000601986_e0000604510,VgGwgxT1hm0,601.986,604.51,2.524,1.0,1.0,6.98,/kaggle/working/cut_cutfix_full_tier1_20260729_01/tier1/400_440/media/VgGwgxT1hm0_s0000601986_e0000604510.mp4,tier1,cuda,nvenc,cutfix_full_tier1_20260729_01
VgGwgxT1hm0_s0000604930_e0000609374,VgGwgxT1hm0,604.93,609.374,4.444,1.0,1.0,6.15,/kaggle/working/cut_cutfix_full_tier1_20260729_01/tier1/400_440/media/VgGwgxT1hm0_s0000604930_e0000609374.mp4,tier1,cuda,nvenc,cutfix_full_tier1_20260729_01
VgGwgxT1hm0_s0000609570_e0000618718,VgGwgxT1hm0,609.57,618.718,9.148,1.0,1.0,5.9,/kaggle/working/cut_cutfix_full_tier1_20260729_01/tier1/400_440/media/VgGwgxT1hm0_s0000609570_e0000618718.mp4,tier1,cuda,nvenc,cutfix_full_tier1_20260729_01
VgGwgxT1hm0_s0000618946_e0000624446,VgGwgxT1hm0,618.946,624.446,5.5,1.0,1.0,6.57,/kaggle/working/cut_cutfix_full_tier1_20260729_01/tier1/400_440/media/VgGwgxT1hm0_s0000618946_e0000624446.mp4,tier1,cuda,nvenc,cutfix_full_tier1_20260729_01
VgGwgxT1hm0_s0000624738_e0000626910,VgGwgxT1hm0,624.738,626.91,2.172,1.0,1.0,6.71,/kaggle/working/cut_cutfix_full_tier1_20260729_01/tier1/400_440/media/VgGwgxT1hm0_s0000624738_e0000626910.mp4,tier1,cuda,nvenc,cutfix_full_tier1_20260729_01
VgGwgxT1hm0_s0000627042_e0000629118,VgGwgxT1hm0,627.042,629.118,2.076,1.0,1.0,7.83,/kaggle/working/cut_cutfix_full_tier1_20260729_01/tier1/400_440/media/VgGwgxT1hm0_s0000627042_e0000629118.mp4,tier1,cuda,nvenc,cutfix_full_tier1_20260729_01
VgGwgxT1hm0_s0000629282_e0000631518,VgGwgxT1hm0,629.282,631.518,2.236,1.0,1.0,6.07,/kaggle/working/cut_cutfix_full_tier1_20260729_01/tier1/400_440/media/VgGwgxT1hm0_s0000629282_e0000631518.mp4,tier1,cuda,nvenc,cutfix_full_tier1_20260729_01
VgGwgxT1hm0_s0000631842_e0000634462,VgGwgxT1hm0,631.842,634.462,2.62,1.0,1.0,7.08,/kaggle/working/cut_cutfix_full_tier1_20260729_01/tier1/400_440/media/VgGwgxT1hm0_s0000631842_e0000634462.mp4,tier1,cuda,nvenc,cutfix_full_tier1_20260729_01
VgGwgxT1hm0_s0000634626_e0000639626,VgGwgxT1hm0,634.626,639.626,5.0,1.0,1.0,6.91,/kaggle/working/cut_cutfix_full_tier1_20260729_01/tier1/400_440/media/VgGwgxT1hm0_s0000634626_e0000639626.mp4,tier1,cuda,nvenc,cutfix_full_tier1_20260729_01
VgGwgxT1hm0_s0000638626_e0000643626,VgGwgxT1hm0,638.626,643.626,5.0,1.0,1.0,5.87,/kaggle/working/cut_cutfix_full_tier1_20260729_01/tier1/400_440/media/VgGwgxT1hm0_s0000638626_e0000643626.mp4,tier1,cuda,nvenc,cutfix_full_tier1_20260729_01
VgGwgxT1hm0_s0000642626_e0000647626,VgGwgxT1hm0,642.626,647.626,5.0,1.0,1.0,4.31,/kaggle/working/cut_cutfix_full_tier1_20260729_01/tier1/400_440/media/VgGwgxT1hm0_s0000642626_e0000647626.mp4,tier1,cuda,nvenc,cutfix_full_tier1_20260729_01
VgGwgxT1hm0_s0000646626_e0000651626,VgGwgxT1hm0,646.626,651.626,5.0,1.0,1.0,3.97,/kaggle/working/cut_cutfix_full_tier1_20260729_01/tier1/400_440/media/VgGwgxT1hm0_s0000646626_e0000651626.mp4,tier1,cuda,nvenc,cutfix_full_tier1_20260729_01
VgGwgxT1hm0_s0000650626_e0000655626,VgGwgxT1hm0,650.626,655.626,5.0,1.0,1.0,5.41,/kaggle/working/cut_cutfix_full_tier1_20260729_01/tier1/400_440/media/VgGwgxT1hm0_s0000650626_e0000655626.mp4,tier1,cuda,nvenc,cutfix_full_tier1_20260729_01
VgGwgxT1hm0_s0000654626_e0000659626,VgGwgxT1hm0,654.626,659.626,5.0,1.0,1.0,6.02,/kaggle/working/cut_cutfix_full_tier1_20260729_01/tier1/400_440/media/VgGwgxT1hm0_s0000654626_e0000659626.mp4,tier1,cuda,nvenc,cutfix_full_tier1_20260729_01
VgGwgxT1hm0_s0000658626_e0000663070,VgGwgxT1hm0,658.626,663.07,4.444,1.0,1.0,5.45,/kaggle/working/cut_cutfix_full_tier1_20260729_01/tier1/400_440/media/VgGwgxT1hm0_s0000658626_e0000663070.mp4,tier1,cuda,nvenc,cutfix_full_tier1_20260729_01
VgGwgxT1hm0_s0000663490_e0000667038,VgGwgxT1hm0,663.49,667.038,3.548,1.0,1.0,4.53,/kaggle/working/cut_cutfix_full_tier1_20260729_01/tier1/400_440/media/VgGwgxT1hm0_s0000663490_e0000667038.mp4,tier1,cuda,nvenc,cutfix_full_tier1_20260729_01
VgGwgxT1hm0_s0000667266_e0000671454,VgGwgxT1hm0,667.266,671.454,4.188,1.0,1.0,5.65,/kaggle/working/cut_cutfix_full_tier1_20260729_01/tier1/400_440/media/VgGwgxT1hm0_s0000667266_e0000671454.mp4,tier1,cuda,nvenc,cutfix_full_tier1_20260729_01
VgGwgxT1hm0_s0000671586_e0000678238,VgGwgxT1hm0,671.586,678.238,6.652,1.0,1.0,5.12,/kaggle/working/cut_cutfix_full_tier1_20260729_01/tier1/400_440/media/VgGwgxT1hm0_s0000671586_e0000678238.mp4,tier1,cuda,nvenc,cutfix_full_tier1_20260729_01
VgGwgxT1hm0_s0000678338_e0000685726,VgGwgxT1hm0,678.338,685.726,7.388,1.0,1.0,5.94,/kaggle/working/cut_cutfix_full_tier1_20260729_01/tier1/400_440/media/VgGwgxT1hm0_s0000678338_e0000685726.mp4,tier1,cuda,nvenc,cutfix_full_tier1_20260729_01
VgGwgxT1hm0_s0000685826_e0000691422,VgGwgxT1hm0,685.826,691.422,5.596,1.0,1.0,1.11,/kaggle/working/cut_cutfix_full_tier1_20260729_01/tier1/400_440/media/VgGwgxT1hm0_s0000685826_e0000691422.mp4,tier1,cuda,nvenc,cutfix_full_tier1_20260729_01
VgGwgxT1hm0_s0000691618_e0000701182,VgGwgxT1hm0,691.618,701.182,9.564,1.0,1.0,5.73,/kaggle/working/cut_cutfix_full_tier1_20260729_01/tier1/400_440/media/VgGwgxT1hm0_s0000691618_e0000701182.mp4,tier1,cuda,nvenc,cutfix_full_tier1_20260729_01
VgGwgxT1hm0_s0000701442_e0000706110,VgGwgxT1hm0,701.442,706.11,4.668,1.0,1.0,5.04,/kaggle/working/cut_cutfix_full_tier1_20260729_01/tier1/400_440/media/VgGwgxT1hm0_s0000701442_e0000706110.mp4,tier1,cuda,nvenc,cutfix_full_tier1_20260729_01
VgGwgxT1hm0_s0000709442_e0000714442,VgGwgxT1hm0,709.442,714.442,5.0,1.0,1.0,7.04,/kaggle/working/cut_cutfix_full_tier1_20260729_01/tier1/400_440/media/VgGwgxT1hm0_s0000709442_e0000714442.mp4,tier1,cuda,nvenc,cutfix_full_tier1_20260729_01
VgGwgxT1hm0_s0000713442_e0000718442,VgGwgxT1hm0,713.442,718.442,5.0,1.0,1.0,4.96,/kaggle/working/cut_cutfix_full_tier1_20260729_01/tier1/400_440/media/VgGwgxT1hm0_s0000713442_e0000718442.mp4,tier1,cuda,nvenc,cutfix_full_tier1_20260729_01
VgGwgxT1hm0_s0000717442_e0000722442,VgGwgxT1hm0,717.442,722.442,5.0,1.0,1.0,6.06,/kaggle/working/cut_cutfix_full_tier1_20260729_01/tier1/400_440/media/VgGwgxT1hm0_s0000717442_e0000722442.mp4,tier1,cuda,nvenc,cutfix_full_tier1_20260729_01
VgGwgxT1hm0_s0000721442_e0000726442,VgGwgxT1hm0,721.442,726.442,5.0,1.0,1.0,5.49,/kaggle/working/cut_cutfix_full_tier1_20260729_01/tier1/400_440/media/VgGwgxT1hm0_s0000721442_e0000726442.mp4,tier1,cuda,nvenc,cutfix_full_tier1_20260729_01
VgGwgxT1hm0_s0000725442_e0000728670,VgGwgxT1hm0,725.442,728.67,3.228,1.0,1.0,6.0,/kaggle/working/cut_cutfix_full_tier1_20260729_01/tier1/400_440/media/VgGwgxT1hm0_s0000725442_e0000728670.mp4,tier1,cuda,nvenc,cutfix_full_tier1_20260729_01
VgGwgxT1hm0_s0000728802_e0000733802,VgGwgxT1hm0,728.802,733.802,5.0,1.0,1.0,5.28,/kaggle/working/cut_cutfix_full_tier1_20260729_01/tier1/400_440/media/VgGwgxT1hm0_s0000728802_e0000733802.mp4,tier1,cuda,nvenc,cutfix_full_tier1_20260729_01
VgGwgxT1hm0_s0000732802_e0000737802,VgGwgxT1hm0,732.802,737.802,5.0,1.0,1.0,6.96,/kaggle/working/cut_cutfix_full_tier1_20260729_01/tier1/400_440/media/VgGwgxT1hm0_s0000732802_e0000737802.mp4,tier1,cuda,nvenc,cutfix_full_tier1_20260729_01
VgGwgxT1hm0_s0000736802_e0000741802,VgGwgxT1hm0,736.802,741.802,5.0,1.0,1.0,6.17,/kaggle/working/cut_cutfix_full_tier1_20260729_01/tier1/400_440/media/VgGwgxT1hm0_s0000736802_e0000741802.mp4,tier1,cuda,nvenc,cutfix_full_tier1_20260729_01
VgGwgxT1hm0_s0000740802_e0000745802,VgGwgxT1hm0,740.802,745.802,5.0,1.0,1.0,5.57,/kaggle/working/cut_cutfix_full_tier1_20260729_01/tier1/400_440/media/VgGwgxT1hm0_s0000740802_e0000745802.mp4,tier1,cuda,nvenc,cutfix_full_tier1_20260729_01
VgGwgxT1hm0_s0000746210_e0000750142,VgGwgxT1hm0,746.21,750.142,3.932,1.0,1.0,6.57,/kaggle/working/cut_cutfix_full_tier1_20260729_01/tier1/400_440/media/VgGwgxT1hm0_s0000746210_e0000750142.mp4,tier1,cuda,nvenc,cutfix_full_tier1_20260729_01
VgGwgxT1hm0_s0000750530_e0000755530,VgGwgxT1hm0,750.53,755.53,5.0,1.0,1.0,6.17,/kaggle/working/cut_cutfix_full_tier1_20260729_01/tier1/400_440/media/VgGwgxT1hm0_s0000750530_e0000755530.mp4,tier1,cuda,nvenc,cutfix_full_tier1_20260729_01
VgGwgxT1hm0_s0000754530_e0000759530,VgGwgxT1hm0,754.53,759.53,5.0,1.0,1.0,3.07,/kaggle/working/cut_cutfix_full_tier1_20260729_01/tier1/400_440/media/VgGwgxT1hm0_s0000754530_e0000759530.mp4,tier1,cuda,nvenc,cutfix_full_tier1_20260729_01
VgGwgxT1hm0_s0000758530_e0000763038,VgGwgxT1hm0,758.53,763.038,4.508,1.0,1.0,4.89,/kaggle/working/cut_cutfix_full_tier1_20260729_01/tier1/400_440/media/VgGwgxT1hm0_s0000758530_e0000763038.mp4,tier1,cuda,nvenc,cutfix_full_tier1_20260729_01
VgGwgxT1hm0_s0000763170_e0000767102,VgGwgxT1hm0,763.17,767.102,3.932,1.0,1.0,5.9,/kaggle/working/cut_cutfix_full_tier1_20260729_01/tier1/400_440/media/VgGwgxT1hm0_s0000763170_e0000767102.mp4,tier1,cuda,nvenc,cutfix_full_tier1_20260729_01
VgGwgxT1hm0_s0000769282_e0000779294,VgGwgxT1hm0,769.282,779.294,10.012,1.0,1.0,4.78,/kaggle/working/cut_cutfix_full_tier1_20260729_01/tier1/400_440/media/VgGwgxT1hm0_s0000769282_e0000779294.mp4,tier1,cuda,nvenc,cutfix_full_tier1_20260729_01
VgGwgxT1hm0_s0000779522_e0000789310,VgGwgxT1hm0,779.522,789.31,9.788,1.0,1.0,5.79,/kaggle/working/cut_cutfix_full_tier1_20260729_01/tier1/400_440/media/VgGwgxT1hm0_s0000779522_e0000789310.mp4,tier1,cuda,nvenc,cutfix_full_tier1_20260729_01
VgGwgxT1hm0_s0000789410_e0000800094,VgGwgxT1hm0,789.41,800.094,10.684,1.0,1.0,4.85,/kaggle/working/cut_cutfix_full_tier1_20260729_01/tier1/400_440/media/VgGwgxT1hm0_s0000789410_e0000800094.mp4,tier1,cuda,nvenc,cutfix_full_tier1_20260729_01
VgGwgxT1hm0_s0000800290_e0000810814,VgGwgxT1hm0,800.29,810.814,10.524,1.0,1.0,5.24,/kaggle/working/cut_cutfix_full_tier1_20260729_01/tier1/400_440/media/VgGwgxT1hm0_s0000800290_e0000810814.mp4,tier1,cuda,nvenc,cutfix_full_tier1_20260729_01
VgGwgxT1hm0_s0000811010_e0000816010,VgGwgxT1hm0,811.01,816.01,5.0,1.0,1.0,6.09,/kaggle/working/cut_cutfix_full_tier1_20260729_01/tier1/400_440/media/VgGwgxT1hm0_s0000811010_e0000816010.mp4,tier1,cuda,nvenc,cutfix_full_tier1_20260729_01
VgGwgxT1hm0_s0000815010_e0000820010,VgGwgxT1hm0,815.01,820.01,5.0,1.0,1.0,5.62,/kaggle/working/cut_cutfix_full_tier1_20260729_01/tier1/400_440/media/VgGwgxT1hm0_s0000815010_e0000820010.mp4,tier1,cuda,nvenc,cutfix_full_tier1_20260729_01
VgGwgxT1hm0_s0000819010_e0000824010,VgGwgxT1hm0,819.01,824.01,5.0,1.0,1.0,5.84,/kaggle/working/cut_cutfix_full_tier1_20260729_01/tier1/400_440/media/VgGwgxT1hm0_s0000819010_e0000824010.mp4,tier1,cuda,nvenc,cutfix_full_tier1_20260729_01
VgGwgxT1hm0_s0000823010_e0000828010,VgGwgxT1hm0,823.01,828.01,5.0,1.0,1.0,6.9,/kaggle/working/cut_cutfix_full_tier1_20260729_01/tier1/400_440/media/VgGwgxT1hm0_s0000823010_e0000828010.mp4,tier1,cuda,nvenc,cutfix_full_tier1_20260729_01
VgGwgxT1hm0_s0000827010_e0000832010,VgGwgxT1hm0,827.01,832.01,5.0,1.0,1.0,5.81,/kaggle/working/cut_cutfix_full_tier1_20260729_01/tier1/400_440/media/VgGwgxT1hm0_s0000827010_e0000832010.mp4,tier1,cuda,nvenc,cutfix_full_tier1_20260729_01
VgGwgxT1hm0_s0000832514_e0000841022,VgGwgxT1hm0,832.514,841.022,8.508,1.0,1.0,5.97,/kaggle/working/cut_cutfix_full_tier1_20260729_01/tier1/400_440/media/VgGwgxT1hm0_s0000832514_e0000841022.mp4,tier1,cuda,nvenc,cutfix_full_tier1_20260729_01
VgGwgxT1hm0_s0000842178_e0000847178,VgGwgxT1hm0,842.178,847.178,5.0,1.0,1.0,-4.84,/kaggle/working/cut_cutfix_full_tier1_20260729_01/tier1/400_440/media/VgGwgxT1hm0_s0000842178_e0000847178.mp4,tier1,cuda,nvenc,cutfix_full_tier1_20260729_01
VgGwgxT1hm0_s0000846178_e0000851178,VgGwgxT1hm0,846.178,851.178,5.0,1.0,1.0,5.75,/kaggle/working/cut_cutfix_full_tier1_20260729_01/tier1/400_440/media/VgGwgxT1hm0_s0000846178_e0000851178.mp4,tier1,cuda,nvenc,cutfix_full_tier1_20260729_01
VgGwgxT1hm0_s0000850178_e0000855178,VgGwgxT1hm0,850.178,855.178,5.0,1.0,1.0,6.54,/kaggle/working/cut_cutfix_full_tier1_20260729_01/tier1/400_440/media/VgGwgxT1hm0_s0000850178_e0000855178.mp4,tier1,cuda,nvenc,cutfix_full_tier1_20260729_01
VgGwgxT1hm0_s0000854178_e0000859178,VgGwgxT1hm0,854.178,859.178,5.0,1.0,1.0,5.0,/kaggle/working/cut_cutfix_full_tier1_20260729_01/tier1/400_440/media/VgGwgxT1hm0_s0000854178_e0000859178.mp4,tier1,cuda,nvenc,cutfix_full_tier1_20260729_01
VgGwgxT1hm0_s0000858178_e0000863178,VgGwgxT1hm0,858.178,863.178,5.0,1.0,1.0,5.76,/kaggle/working/cut_cutfix_full_tier1_20260729_01/tier1/400_440/media/VgGwgxT1hm0_s0000858178_e0000863178.mp4,tier1,cuda,nvenc,cutfix_full_tier1_20260729_01
VgGwgxT1hm0_s0000862178_e0000867178,VgGwgxT1hm0,862.178,867.178,5.0,1.0,1.0,3.13,/kaggle/working/cut_cutfix_full_tier1_20260729_01/tier1/400_440/media/VgGwgxT1hm0_s0000862178_e0000867178.mp4,tier1,cuda,nvenc,cutfix_full_tier1_20260729_01
VgGwgxT1hm0_s0000866178_e0000871178,VgGwgxT1hm0,866.178,871.178,5.0,1.0,1.0,4.48,/kaggle/working/cut_cutfix_full_tier1_20260729_01/tier1/400_440/media/VgGwgxT1hm0_s0000866178_e0000871178.mp4,tier1,cuda,nvenc,cutfix_full_tier1_20260729_01
VgGwgxT1hm0_s0000870178_e0000875178,VgGwgxT1hm0,870.178,875.178,5.0,1.0,1.0,5.42,/kaggle/working/cut_cutfix_full_tier1_20260729_01/tier1/400_440/media/VgGwgxT1hm0_s0000870178_e0000875178.mp4,tier1,cuda,nvenc,cutfix_full_tier1_20260729_01
VgGwgxT1hm0_s0000874178_e0000879178,VgGwgxT1hm0,874.178,879.178,5.0,1.0,1.0,1.92,/kaggle/working/cut_cutfix_full_tier1_20260729_01/tier1/400_440/media/VgGwgxT1hm0_s0000874178_e0000879178.mp4,tier1,cuda,nvenc,cutfix_full_tier1_20260729_01
VgGwgxT1hm0_s0000878178_e0000883178,VgGwgxT1hm0,878.178,883.178,5.0,1.0,1.0,2.22,/kaggle/working/cut_cutfix_full_tier1_20260729_01/tier1/400_440/media/VgGwgxT1hm0_s0000878178_e0000883178.mp4,tier1,cuda,nvenc,cutfix_full_tier1_20260729_01
VgGwgxT1hm0_s0000883522_e0000891294,VgGwgxT1hm0,883.522,891.294,7.772,1.0,1.0,5.38,/kaggle/working/cut_cutfix_full_tier1_20260729_01/tier1/400_440/media/VgGwgxT1hm0_s0000883522_e0000891294.mp4,tier1,cuda,nvenc,cutfix_full_tier1_20260729_01
VgGwgxT1hm0_s0000891394_e0000896798,VgGwgxT1hm0,891.394,896.798,5.404,1.0,1.0,6.7,/kaggle/working/cut_cutfix_full_tier1_20260729_01/tier1/400_440/media/VgGwgxT1hm0_s0000891394_e0000896798.mp4,tier1,cuda,nvenc,cutfix_full_tier1_20260729_01
VgGwgxT1hm0_s0000897122_e0000902238,VgGwgxT1hm0,897.122,902.238,5.116,1.0,1.0,4.48,/kaggle/working/cut_cutfix_full_tier1_20260729_01/tier1/400_440/media/VgGwgxT1hm0_s0000897122_e0000902238.mp4,tier1,cuda,nvenc,cutfix_full_tier1_20260729_01
VgGwgxT1hm0_s0000902370_e0000907370,VgGwgxT1hm0,902.37,907.37,5.0,1.0,1.0,6.95,/kaggle/working/cut_cutfix_full_tier1_20260729_01/tier1/400_440/media/VgGwgxT1hm0_s0000902370_e0000907370.mp4,tier1,cuda,nvenc,cutfix_full_tier1_20260729_01
VgGwgxT1hm0_s0000906370_e0000911370,VgGwgxT1hm0,906.37,911.37,5.0,1.0,1.0,4.41,/kaggle/working/cut_cutfix_full_tier1_20260729_01/tier1/400_440/media/VgGwgxT1hm0_s0000906370_e0000911370.mp4,tier1,cuda,nvenc,cutfix_full_tier1_20260729_01
VgGwgxT1hm0_s0000910370_e0000915370,VgGwgxT1hm0,910.37,915.37,5.0,1.0,1.0,3.61,/kaggle/working/cut_cutfix_full_tier1_20260729_01/tier1/400_440/media/VgGwgxT1hm0_s0000910370_e0000915370.mp4,tier1,cuda,nvenc,cutfix_full_tier1_20260729_01
VgGwgxT1hm0_s0000914370_e0000919370,VgGwgxT1hm0,914.37,919.37,5.0,1.0,1.0,6.06,/kaggle/working/cut_cutfix_full_tier1_20260729_01/tier1/400_440/media/VgGwgxT1hm0_s0000914370_e0000919370.mp4,tier1,cuda,nvenc,cutfix_full_tier1_20260729_01
VgGwgxT1hm0_s0000918370_e0000923370,VgGwgxT1hm0,918.37,923.37,5.0,1.0,1.0,6.69,/kaggle/working/cut_cutfix_full_tier1_20260729_01/tier1/400_440/media/VgGwgxT1hm0_s0000918370_e0000923370.mp4,tier1,cuda,nvenc,cutfix_full_tier1_20260729_01
VgGwgxT1hm0_s0000922370_e0000925566,VgGwgxT1hm0,922.37,925.566,3.196,1.0,1.0,7.01,/kaggle/working/cut_cutfix_full_tier1_20260729_01/tier1/400_440/media/VgGwgxT1hm0_s0000922370_e0000925566.mp4,tier1,cuda,nvenc,cutfix_full_tier1_20260729_01
VgGwgxT1hm0_s0000925666_e0000928382,VgGwgxT1hm0,925.666,928.382,2.716,1.0,1.0,7.08,/kaggle/working/cut_cutfix_full_tier1_20260729_01/tier1/400_440/media/VgGwgxT1hm0_s0000925666_e0000928382.mp4,tier1,cuda,nvenc,cutfix_full_tier1_20260729_01
VgGwgxT1hm0_s0000928930_e0000939838,VgGwgxT1hm0,928.93,939.838,10.908,1.0,1.0,5.14,/kaggle/working/cut_cutfix_full_tier1_20260729_01/tier1/400_440/media/VgGwgxT1hm0_s0000928930_e0000939838.mp4,tier1,cuda,nvenc,cutfix_full_tier1_20260729_01
VgGwgxT1hm0_s0000939970_e0000942526,VgGwgxT1hm0,939.97,942.526,2.556,1.0,1.0,6.65,/kaggle/working/cut_cutfix_full_tier1_20260729_01/tier1/400_440/media/VgGwgxT1hm0_s0000939970_e0000942526.mp4,tier1,cuda,nvenc,cutfix_full_tier1_20260729_01
VgGwgxT1hm0_s0000942754_e0000947614,VgGwgxT1hm0,942.754,947.614,4.86,1.0,1.0,6.82,/kaggle/working/cut_cutfix_full_tier1_20260729_01/tier1/400_440/media/VgGwgxT1hm0_s0000942754_e0000947614.mp4,tier1,cuda,nvenc,cutfix_full_tier1_20260729_01
VgGwgxT1hm0_s0000947842_e0000958366,VgGwgxT1hm0,947.842,958.366,10.524,1.0,1.0,5.84,/kaggle/working/cut_cutfix_full_tier1_20260729_01/tier1/400_440/media/VgGwgxT1hm0_s0000947842_e0000958366.mp4,tier1,cuda,nvenc,cutfix_full_tier1_20260729_01
VgGwgxT1hm0_s0000960674_e0000963710,VgGwgxT1hm0,960.674,963.71,3.036,1.0,1.0,6.94,/kaggle/working/cut_cutfix_full_tier1_20260729_01/tier1/400_440/media/VgGwgxT1hm0_s0000960674_e0000963710.mp4,tier1,cuda,nvenc,cutfix_full_tier1_20260729_01
VgGwgxT1hm0_s0000963810_e0000968862,VgGwgxT1hm0,963.81,968.862,5.052,1.0,1.0,4.81,/kaggle/working/cut_cutfix_full_tier1_20260729_01/tier1/400_440/media/VgGwgxT1hm0_s0000963810_e0000968862.mp4,tier1,cuda,nvenc,cutfix_full_tier1_20260729_01
VgGwgxT1hm0_s0000970306_e0000977054,VgGwgxT1hm0,970.306,977.054,6.748,1.0,1.0,5.09,/kaggle/working/cut_cutfix_full_tier1_20260729_01/tier1/400_440/media/VgGwgxT1hm0_s0000970306_e0000977054.mp4,tier1,cuda,nvenc,cutfix_full_tier1_20260729_01
VgGwgxT1hm0_s0000977346_e0000980862,VgGwgxT1hm0,977.346,980.862,3.516,1.0,1.0,5.98,/kaggle/working/cut_cutfix_full_tier1_20260729_01/tier1/400_440/media/VgGwgxT1hm0_s0000977346_e0000980862.mp4,tier1,cuda,nvenc,cutfix_full_tier1_20260729_01
VgGwgxT1hm0_s0000980962_e0000985118,VgGwgxT1hm0,980.962,985.118,4.156,1.0,1.0,3.18,/kaggle/working/cut_cutfix_full_tier1_20260729_01/tier1/400_440/media/VgGwgxT1hm0_s0000980962_e0000985118.mp4,tier1,cuda,nvenc,cutfix_full_tier1_20260729_01
VgGwgxT1hm0_s0000985506_e0000988222,VgGwgxT1hm0,985.506,988.222,2.716,1.0,1.0,7.28,/kaggle/working/cut_cutfix_full_tier1_20260729_01/tier1/400_440/media/VgGwgxT1hm0_s0000985506_e0000988222.mp4,tier1,cuda,nvenc,cutfix_full_tier1_20260729_01
VgGwgxT1hm0_s0000988450_e0000991326,VgGwgxT1hm0,988.45,991.326,2.876,1.0,1.0,6.72,/kaggle/working/cut_cutfix_full_tier1_20260729_01/tier1/400_440/media/VgGwgxT1hm0_s0000988450_e0000991326.mp4,tier1,cuda,nvenc,cutfix_full_tier1_20260729_01
VgGwgxT1hm0_s0000992930_e0000998750,VgGwgxT1hm0,992.93,998.75,5.82,1.0,1.0,5.92,/kaggle/working/cut_cutfix_full_tier1_20260729_01/tier1/400_440/media/VgGwgxT1hm0_s0000992930_e0000998750.mp4,tier1,cuda,nvenc,cutfix_full_tier1_20260729_01
VgGwgxT1hm0_s0000999170_e0001004478,VgGwgxT1hm0,999.17,1004.478,5.308,1.0,1.0,4.8,/kaggle/working/cut_cutfix_full_tier1_20260729_01/tier1/400_440/media/VgGwgxT1hm0_s0000999170_e0001004478.mp4,tier1,cuda,nvenc,cutfix_full_tier1_20260729_01
VgGwgxT1hm0_s0001004962_e0001015102,VgGwgxT1hm0,1004.962,1015.102,10.14,1.0,1.0,4.51,/kaggle/working/cut_cutfix_full_tier1_20260729_01/tier1/400_440/media/VgGwgxT1hm0_s0001004962_e0001015102.mp4,tier1,cuda,nvenc,cutfix_full_tier1_20260729_01
VgnHDIp9x5s_s0000026658_e0000032222,VgnHDIp9x5s,26.658,32.222,5.564,1.0,1.0,4.98,/kaggle/working/cut_cutfix_full_tier1_20260729_01/tier1/400_440/media/VgnHDIp9x5s_s0000026658_e0000032222.mp4,tier1,cuda,nvenc,cutfix_full_tier1_20260729_01
VgnHDIp9x5s_s0000044194_e0000047358,VgnHDIp9x5s,44.194,47.358,3.164,1.0,1.0,8.74,/kaggle/working/cut_cutfix_full_tier1_20260729_01/tier1/400_440/media/VgnHDIp9x5s_s0000044194_e0000047358.mp4,tier1,cuda,nvenc,cutfix_full_tier1_20260729_01
VgnHDIp9x5s_s0000048130_e0000057054,VgnHDIp9x5s,48.13,57.054,8.924,1.0,1.0,8.94,/kaggle/working/cut_cutfix_full_tier1_20260729_01/tier1/400_440/media/VgnHDIp9x5s_s0000048130_e0000057054.mp4,tier1,cuda,nvenc,cutfix_full_tier1_20260729_01
VgnHDIp9x5s_s0000115394_e0000120394,VgnHDIp9x5s,115.394,120.394,5.0,1.0,1.0,7.64,/kaggle/working/cut_cutfix_full_tier1_20260729_01/tier1/400_440/media/VgnHDIp9x5s_s0000115394_e0000120394.mp4,tier1,cuda,nvenc,cutfix_full_tier1_20260729_01
VgnHDIp9x5s_s0000119394_e0000122014,VgnHDIp9x5s,119.394,122.014,2.62,1.0,1.0,5.68,/kaggle/working/cut_cutfix_full_tier1_20260729_01/tier1/400_440/media/VgnHDIp9x5s_s0000119394_e0000122014.mp4,tier1,cuda,nvenc,cutfix_full_tier1_20260729_01
VgnHDIp9x5s_s0000122146_e0000127934,VgnHDIp9x5s,122.146,127.934,5.788,0.8,1.0,7.5,/kaggle/working/cut_cutfix_full_tier1_20260729_01/tier1/400_440/media/VgnHDIp9x5s_s0000122146_e0000127934.mp4,tier1,cuda,nvenc,cutfix_full_tier1_20260729_01
VgnHDIp9x5s_s0000128130_e0000130654,VgnHDIp9x5s,128.13,130.654,2.524,1.0,1.0,8.83,/kaggle/working/cut_cutfix_full_tier1_20260729_01/tier1/400_440/media/VgnHDIp9x5s_s0000128130_e0000130654.mp4,tier1,cuda,nvenc,cutfix_full_tier1_20260729_01
VgnHDIp9x5s_s0000130818_e0000136350,VgnHDIp9x5s,130.818,136.35,5.532,0.833,1.0,8.27,/kaggle/working/cut_cutfix_full_tier1_20260729_01/tier1/400_440/media/VgnHDIp9x5s_s0000130818_e0000136350.mp4,tier1,cuda,nvenc,cutfix_full_tier1_20260729_01
VgnHDIp9x5s_s0000136706_e0000141706,VgnHDIp9x5s,136.706,141.706,5.0,1.0,1.0,7.54,/kaggle/working/cut_cutfix_full_tier1_20260729_01/tier1/400_440/media/VgnHDIp9x5s_s0000136706_e0000141706.mp4,tier1,cuda,nvenc,cutfix_full_tier1_20260729_01
VgnHDIp9x5s_s0000144706_e0000149118,VgnHDIp9x5s,144.706,149.118,4.412,1.0,1.0,5.93,/kaggle/working/cut_cutfix_full_tier1_20260729_01/tier1/400_440/media/VgnHDIp9x5s_s0000144706_e0000149118.mp4,tier1,cuda,nvenc,cutfix_full_tier1_20260729_01
VgnHDIp9x5s_s0000187298_e0000189950,VgnHDIp9x5s,187.298,189.95,2.652,1.0,1.0,6.92,/kaggle/working/cut_cutfix_full_tier1_20260729_01/tier1/400_440/media/VgnHDIp9x5s_s0000187298_e0000189950.mp4,tier1,cuda,nvenc,cutfix_full_tier1_20260729_01
VgnHDIp9x5s_s0000190050_e0000196190,VgnHDIp9x5s,190.05,196.19,6.14,1.0,1.0,6.92,/kaggle/working/cut_cutfix_full_tier1_20260729_01/tier1/400_440/media/VgnHDIp9x5s_s0000190050_e0000196190.mp4,tier1,cuda,nvenc,cutfix_full_tier1_20260729_01
VgnHDIp9x5s_s0000204162_e0000207134,VgnHDIp9x5s,204.162,207.134,2.972,1.0,1.0,10.36,/kaggle/working/cut_cutfix_full_tier1_20260729_01/tier1/400_440/media/VgnHDIp9x5s_s0000204162_e0000207134.mp4,tier1,cuda,nvenc,cutfix_full_tier1_20260729_01
VgnHDIp9x5s_s0000207522_e0000213790,VgnHDIp9x5s,207.522,213.79,6.268,0.833,1.0,8.32,/kaggle/working/cut_cutfix_full_tier1_20260729_01/tier1/400_440/media/VgnHDIp9x5s_s0000207522_e0000213790.mp4,tier1,cuda,nvenc,cutfix_full_tier1_20260729_01
VgnHDIp9x5s_s0000213954_e0000223870,VgnHDIp9x5s,213.954,223.87,9.916,1.0,1.0,7.56,/kaggle/working/cut_cutfix_full_tier1_20260729_01/tier1/400_440/media/VgnHDIp9x5s_s0000213954_e0000223870.mp4,tier1,cuda,nvenc,cutfix_full_tier1_20260729_01
VgnHDIp9x5s_s0000224162_e0000231550,VgnHDIp9x5s,224.162,231.55,7.388,0.857,1.0,7.47,/kaggle/working/cut_cutfix_full_tier1_20260729_01/tier1/400_440/media/VgnHDIp9x5s_s0000224162_e0000231550.mp4,tier1,cuda,nvenc,cutfix_full_tier1_20260729_01
VgnHDIp9x5s_s0000241506_e0000251870,VgnHDIp9x5s,241.506,251.87,10.364,0.9,1.0,8.26,/kaggle/working/cut_cutfix_full_tier1_20260729_01/tier1/400_440/media/VgnHDIp9x5s_s0000241506_e0000251870.mp4,tier1,cuda,nvenc,cutfix_full_tier1_20260729_01
VgnHDIp9x5s_s0000251970_e0000256286,VgnHDIp9x5s,251.97,256.286,4.316,1.0,1.0,6.81,/kaggle/working/cut_cutfix_full_tier1_20260729_01/tier1/400_440/media/VgnHDIp9x5s_s0000251970_e0000256286.mp4,tier1,cuda,nvenc,cutfix_full_tier1_20260729_01
VgnHDIp9x5s_s0000256610_e0000263230,VgnHDIp9x5s,256.61,263.23,6.62,0.857,1.0,6.86,/kaggle/working/cut_cutfix_full_tier1_20260729_01/tier1/400_440/media/VgnHDIp9x5s_s0000256610_e0000263230.mp4,tier1,cuda,nvenc,cutfix_full_tier1_20260729_01
VgnHDIp9x5s_s0000263490_e0000271550,VgnHDIp9x5s,263.49,271.55,8.06,1.0,1.0,6.22,/kaggle/working/cut_cutfix_full_tier1_20260729_01/tier1/400_440/media/VgnHDIp9x5s_s0000263490_e0000271550.mp4,tier1,cuda,nvenc,cutfix_full_tier1_20260729_01
VgnHDIp9x5s_s0000271714_e0000276926,VgnHDIp9x5s,271.714,276.926,5.212,1.0,1.0,6.19,/kaggle/working/cut_cutfix_full_tier1_20260729_01/tier1/400_440/media/VgnHDIp9x5s_s0000271714_e0000276926.mp4,tier1,cuda,nvenc,cutfix_full_tier1_20260729_01
VgnHDIp9x5s_s0000277122_e0000281886,VgnHDIp9x5s,277.122,281.886,4.764,0.75,1.0,7.54,/kaggle/working/cut_cutfix_full_tier1_20260729_01/tier1/400_440/media/VgnHDIp9x5s_s0000277122_e0000281886.mp4,tier1,cuda,nvenc,cutfix_full_tier1_20260729_01
VgnHDIp9x5s_s0000282146_e0000293694,VgnHDIp9x5s,282.146,293.694,11.548,0.909,1.0,6.99,/kaggle/working/cut_cutfix_full_tier1_20260729_01/tier1/400_440/media/VgnHDIp9x5s_s0000282146_e0000293694.mp4,tier1,cuda,nvenc,cutfix_full_tier1_20260729_01
VgnHDIp9x5s_s0000294114_e0000301566,VgnHDIp9x5s,294.114,301.566,7.452,0.857,1.0,6.81,/kaggle/working/cut_cutfix_full_tier1_20260729_01/tier1/400_440/media/VgnHDIp9x5s_s0000294114_e0000301566.mp4,tier1,cuda,nvenc,cutfix_full_tier1_20260729_01
VgnHDIp9x5s_s0000328002_e0000333002,VgnHDIp9x5s,328.002,333.002,5.0,1.0,1.0,7.51,/kaggle/working/cut_cutfix_full_tier1_20260729_01/tier1/400_440/media/VgnHDIp9x5s_s0000328002_e0000333002.mp4,tier1,cuda,nvenc,cutfix_full_tier1_20260729_01
VgnHDIp9x5s_s0000336002_e0000341002,VgnHDIp9x5s,336.002,341.002,5.0,1.0,1.0,8.9,/kaggle/working/cut_cutfix_full_tier1_20260729_01/tier1/400_440/media/VgnHDIp9x5s_s0000336002_e0000341002.mp4,tier1,cuda,nvenc,cutfix_full_tier1_20260729_01
VgnHDIp9x5s_s0000348706_e0000359230,VgnHDIp9x5s,348.706,359.23,10.524,1.0,1.0,7.11,/kaggle/working/cut_cutfix_full_tier1_20260729_01/tier1/400_440/media/VgnHDIp9x5s_s0000348706_e0000359230.mp4,tier1,cuda,nvenc,cutfix_full_tier1_20260729_01
VgnHDIp9x5s_s0000359426_e0000363038,VgnHDIp9x5s,359.426,363.038,3.612,0.75,1.0,7.29,/kaggle/working/cut_cutfix_full_tier1_20260729_01/tier1/400_440/media/VgnHDIp9x5s_s0000359426_e0000363038.mp4,tier1,cuda,nvenc,cutfix_full_tier1_20260729_01
VgnHDIp9x5s_s0000382402_e0000389822,VgnHDIp9x5s,382.402,389.822,7.42,0.857,1.0,8.53,/kaggle/working/cut_cutfix_full_tier1_20260729_01/tier1/400_440/media/VgnHDIp9x5s_s0000382402_e0000389822.mp4,tier1,cuda,nvenc,cutfix_full_tier1_20260729_01
VgnHDIp9x5s_s0000389922_e0000398302,VgnHDIp9x5s,389.922,398.302,8.38,0.889,1.0,7.66,/kaggle/working/cut_cutfix_full_tier1_20260729_01/tier1/400_440/media/VgnHDIp9x5s_s0000389922_e0000398302.mp4,tier1,cuda,nvenc,cutfix_full_tier1_20260729_01
VgnHDIp9x5s_s0000398402_e0000405374,VgnHDIp9x5s,398.402,405.374,6.972,1.0,1.0,5.87,/kaggle/working/cut_cutfix_full_tier1_20260729_01/tier1/400_440/media/VgnHDIp9x5s_s0000398402_e0000405374.mp4,tier1,cuda,nvenc,cutfix_full_tier1_20260729_01
VgnHDIp9x5s_s0000418498_e0000422430,VgnHDIp9x5s,418.498,422.43,3.932,1.0,1.0,8.88,/kaggle/working/cut_cutfix_full_tier1_20260729_01/tier1/400_440/media/VgnHDIp9x5s_s0000418498_e0000422430.mp4,tier1,cuda,nvenc,cutfix_full_tier1_20260729_01
VgnHDIp9x5s_s0000422626_e0000426814,VgnHDIp9x5s,422.626,426.814,4.188,1.0,1.0,6.85,/kaggle/working/cut_cutfix_full_tier1_20260729_01/tier1/400_440/media/VgnHDIp9x5s_s0000422626_e0000426814.mp4,tier1,cuda,nvenc,cutfix_full_tier1_20260729_01
VgnHDIp9x5s_s0000426978_e0000431978,VgnHDIp9x5s,426.978,431.978,5.0,1.0,1.0,7.42,/kaggle/working/cut_cutfix_full_tier1_20260729_01/tier1/400_440/media/VgnHDIp9x5s_s0000426978_e0000431978.mp4,tier1,cuda,nvenc,cutfix_full_tier1_20260729_01
VgnHDIp9x5s_s0000430978_e0000435978,VgnHDIp9x5s,430.978,435.978,5.0,1.0,1.0,8.09,/kaggle/working/cut_cutfix_full_tier1_20260729_01/tier1/400_440/media/VgnHDIp9x5s_s0000430978_e0000435978.mp4,tier1,cuda,nvenc,cutfix_full_tier1_20260729_01
VgnHDIp9x5s_s0000438978_e0000442526,VgnHDIp9x5s,438.978,442.526,3.548,1.0,1.0,6.34,/kaggle/working/cut_cutfix_full_tier1_20260729_01/tier1/400_440/media/VgnHDIp9x5s_s0000438978_e0000442526.mp4,tier1,cuda,nvenc,cutfix_full_tier1_20260729_01
VgnHDIp9x5s_s0000447234_e0000450686,VgnHDIp9x5s,447.234,450.686,3.452,1.0,1.0,9.92,/kaggle/working/cut_cutfix_full_tier1_20260729_01/tier1/400_440/media/VgnHDIp9x5s_s0000447234_e0000450686.mp4,tier1,cuda,nvenc,cutfix_full_tier1_20260729_01
VgnHDIp9x5s_s0000451234_e0000456234,VgnHDIp9x5s,451.234,456.234,5.0,1.0,1.0,7.67,/kaggle/working/cut_cutfix_full_tier1_20260729_01/tier1/400_440/media/VgnHDIp9x5s_s0000451234_e0000456234.mp4,tier1,cuda,nvenc,cutfix_full_tier1_20260729_01
VgnHDIp9x5s_s0000463234_e0000465790,VgnHDIp9x5s,463.234,465.79,2.556,1.0,1.0,6.39,/kaggle/working/cut_cutfix_full_tier1_20260729_01/tier1/400_440/media/VgnHDIp9x5s_s0000463234_e0000465790.mp4,tier1,cuda,nvenc,cutfix_full_tier1_20260729_01
VgnHDIp9x5s_s0000476290_e0000482846,VgnHDIp9x5s,476.29,482.846,6.556,1.0,1.0,7.19,/kaggle/working/cut_cutfix_full_tier1_20260729_01/tier1/400_440/media/VgnHDIp9x5s_s0000476290_e0000482846.mp4,tier1,cuda,nvenc,cutfix_full_tier1_20260729_01
VgnHDIp9x5s_s0000632226_e0000637226,VgnHDIp9x5s,632.226,637.226,5.0,1.0,1.0,7.25,/kaggle/working/cut_cutfix_full_tier1_20260729_01/tier1/400_440/media/VgnHDIp9x5s_s0000632226_e0000637226.mp4,tier1,cuda,nvenc,cutfix_full_tier1_20260729_01
ViEjwRu-j3o_s0000034786_e0000037246,ViEjwRu-j3o,34.786,37.246,2.46,1.0,1.0,6.31,/kaggle/working/cut_cutfix_full_tier1_20260729_01/tier1/400_440/media/ViEjwRu-j3o_s0000034786_e0000037246.mp4,tier1,cuda,nvenc,cutfix_full_tier1_20260729_01
ViEjwRu-j3o_s0000046786_e0000051390,ViEjwRu-j3o,46.786,51.39,4.604,1.0,1.0,5.69,/kaggle/working/cut_cutfix_full_tier1_20260729_01/tier1/400_440/media/ViEjwRu-j3o_s0000046786_e0000051390.mp4,tier1,cuda,nvenc,cutfix_full_tier1_20260729_01
ViEjwRu-j3o_s0000051810_e0000060798,ViEjwRu-j3o,51.81,60.798,8.988,0.889,1.0,4.05,/kaggle/working/cut_cutfix_full_tier1_20260729_01/tier1/400_440/media/ViEjwRu-j3o_s0000051810_e0000060798.mp4,tier1,cuda,nvenc,cutfix_full_tier1_20260729_01
ViEjwRu-j3o_s0000091202_e0000096202,ViEjwRu-j3o,91.202,96.202,5.0,1.0,1.0,2.5,/kaggle/working/cut_cutfix_full_tier1_20260729_01/tier1/400_440/media/ViEjwRu-j3o_s0000091202_e0000096202.mp4,tier1,cuda,nvenc,cutfix_full_tier1_20260729_01
ViEjwRu-j3o_s0000095202_e0000100202,ViEjwRu-j3o,95.202,100.202,5.0,1.0,1.0,2.52,/kaggle/working/cut_cutfix_full_tier1_20260729_01/tier1/400_440/media/ViEjwRu-j3o_s0000095202_e0000100202.mp4,tier1,cuda,nvenc,cutfix_full_tier1_20260729_01
ViEjwRu-j3o_s0000104386_e0000110462,ViEjwRu-j3o,104.386,110.462,6.076,1.0,1.0,2.05,/kaggle/working/cut_cutfix_full_tier1_20260729_01/tier1/400_440/media/ViEjwRu-j3o_s0000104386_e0000110462.mp4,tier1,cuda,nvenc,cutfix_full_tier1_20260729_01
ViEjwRu-j3o_s0000110786_e0000122526,ViEjwRu-j3o,110.786,122.526,11.74,1.0,1.0,2.09,/kaggle/working/cut_cutfix_full_tier1_20260729_01/tier1/400_440/media/ViEjwRu-j3o_s0000110786_e0000122526.mp4,tier1,cuda,nvenc,cutfix_full_tier1_20260729_01
ViEjwRu-j3o_s0000123490_e0000128490,ViEjwRu-j3o,123.49,128.49,5.0,1.0,1.0,2.89,/kaggle/working/cut_cutfix_full_tier1_20260729_01/tier1/400_440/media/ViEjwRu-j3o_s0000123490_e0000128490.mp4,tier1,cuda,nvenc,cutfix_full_tier1_20260729_01
ViEjwRu-j3o_s0000127490_e0000132490,ViEjwRu-j3o,127.49,132.49,5.0,1.0,1.0,2.19,/kaggle/working/cut_cutfix_full_tier1_20260729_01/tier1/400_440/media/ViEjwRu-j3o_s0000127490_e0000132490.mp4,tier1,cuda,nvenc,cutfix_full_tier1_20260729_01
ViEjwRu-j3o_s0000131490_e0000135998,ViEjwRu-j3o,131.49,135.998,4.508,1.0,1.0,2.25,/kaggle/working/cut_cutfix_full_tier1_20260729_01/tier1/400_440/media/ViEjwRu-j3o_s0000131490_e0000135998.mp4,tier1,cuda,nvenc,cutfix_full_tier1_20260729_01
ViEjwRu-j3o_s0000136162_e0000138910,ViEjwRu-j3o,136.162,138.91,2.748,1.0,1.0,5.03,/kaggle/working/cut_cutfix_full_tier1_20260729_01/tier1/400_440/media/ViEjwRu-j3o_s0000136162_e0000138910.mp4,tier1,cuda,nvenc,cutfix_full_tier1_20260729_01
ViEjwRu-j3o_s0000139202_e0000144202,ViEjwRu-j3o,139.202,144.202,5.0,1.0,1.0,4.32,/kaggle/working/cut_cutfix_full_tier1_20260729_01/tier1/400_440/media/ViEjwRu-j3o_s0000139202_e0000144202.mp4,tier1,cuda,nvenc,cutfix_full_tier1_20260729_01
ViEjwRu-j3o_s0000143202_e0000148202,ViEjwRu-j3o,143.202,148.202,5.0,1.0,1.0,2.41,/kaggle/working/cut_cutfix_full_tier1_20260729_01/tier1/400_440/media/ViEjwRu-j3o_s0000143202_e0000148202.mp4,tier1,cuda,nvenc,cutfix_full_tier1_20260729_01
ViEjwRu-j3o_s0000147202_e0000152202,ViEjwRu-j3o,147.202,152.202,5.0,1.0,1.0,1.16,/kaggle/working/cut_cutfix_full_tier1_20260729_01/tier1/400_440/media/ViEjwRu-j3o_s0000147202_e0000152202.mp4,tier1,cuda,nvenc,cutfix_full_tier1_20260729_01
ViEjwRu-j3o_s0000151202_e0000156202,ViEjwRu-j3o,151.202,156.202,5.0,1.0,1.0,2.28,/kaggle/working/cut_cutfix_full_tier1_20260729_01/tier1/400_440/media/ViEjwRu-j3o_s0000151202_e0000156202.mp4,tier1,cuda,nvenc,cutfix_full_tier1_20260729_01
ViEjwRu-j3o_s0000155202_e0000160202,ViEjwRu-j3o,155.202,160.202,5.0,1.0,1.0,2.53,/kaggle/working/cut_cutfix_full_tier1_20260729_01/tier1/400_440/media/ViEjwRu-j3o_s0000155202_e0000160202.mp4,tier1,cuda,nvenc,cutfix_full_tier1_20260729_01
ViEjwRu-j3o_s0000159202_e0000162974,ViEjwRu-j3o,159.202,162.974,3.772,1.0,1.0,2.16,/kaggle/working/cut_cutfix_full_tier1_20260729_01/tier1/400_440/media/ViEjwRu-j3o_s0000159202_e0000162974.mp4,tier1,cuda,nvenc,cutfix_full_tier1_20260729_01
ViEjwRu-j3o_s0000163746_e0000168746,ViEjwRu-j3o,163.746,168.746,5.0,1.0,1.0,2.89,/kaggle/working/cut_cutfix_full_tier1_20260729_01/tier1/400_440/media/ViEjwRu-j3o_s0000163746_e0000168746.mp4,tier1,cuda,nvenc,cutfix_full_tier1_20260729_01
ViEjwRu-j3o_s0000167746_e0000172746,ViEjwRu-j3o,167.746,172.746,5.0,1.0,1.0,1.06,/kaggle/working/cut_cutfix_full_tier1_20260729_01/tier1/400_440/media/ViEjwRu-j3o_s0000167746_e0000172746.mp4,tier1,cuda,nvenc,cutfix_full_tier1_20260729_01
ViEjwRu-j3o_s0000171746_e0000176746,ViEjwRu-j3o,171.746,176.746,5.0,1.0,1.0,1.32,/kaggle/working/cut_cutfix_full_tier1_20260729_01/tier1/400_440/media/ViEjwRu-j3o_s0000171746_e0000176746.mp4,tier1,cuda,nvenc,cutfix_full_tier1_20260729_01
ViEjwRu-j3o_s0000177058_e0000182058,ViEjwRu-j3o,177.058,182.058,5.0,1.0,1.0,3.26,/kaggle/working/cut_cutfix_full_tier1_20260729_01/tier1/400_440/media/ViEjwRu-j3o_s0000177058_e0000182058.mp4,tier1,cuda,nvenc,cutfix_full_tier1_20260729_01
ViEjwRu-j3o_s0000181058_e0000186058,ViEjwRu-j3o,181.058,186.058,5.0,1.0,1.0,2.87,/kaggle/working/cut_cutfix_full_tier1_20260729_01/tier1/400_440/media/ViEjwRu-j3o_s0000181058_e0000186058.mp4,tier1,cuda,nvenc,cutfix_full_tier1_20260729_01
ViEjwRu-j3o_s0000185058_e0000190058,ViEjwRu-j3o,185.058,190.058,5.0,1.0,1.0,3.12,/kaggle/working/cut_cutfix_full_tier1_20260729_01/tier1/400_440/media/ViEjwRu-j3o_s0000185058_e0000190058.mp4,tier1,cuda,nvenc,cutfix_full_tier1_20260729_01
ViEjwRu-j3o_s0000189058_e0000194058,ViEjwRu-j3o,189.058,194.058,5.0,1.0,1.0,2.35,/kaggle/working/cut_cutfix_full_tier1_20260729_01/tier1/400_440/media/ViEjwRu-j3o_s0000189058_e0000194058.mp4,tier1,cuda,nvenc,cutfix_full_tier1_20260729_01
ViEjwRu-j3o_s0000193058_e0000198058,ViEjwRu-j3o,193.058,198.058,5.0,1.0,1.0,0.97,/kaggle/working/cut_cutfix_full_tier1_20260729_01/tier1/400_440/media/ViEjwRu-j3o_s0000193058_e0000198058.mp4,tier1,cuda,nvenc,cutfix_full_tier1_20260729_01
ViEjwRu-j3o_s0000197058_e0000202058,ViEjwRu-j3o,197.058,202.058,5.0,1.0,1.0,1.79,/kaggle/working/cut_cutfix_full_tier1_20260729_01/tier1/400_440/media/ViEjwRu-j3o_s0000197058_e0000202058.mp4,tier1,cuda,nvenc,cutfix_full_tier1_20260729_01
ViEjwRu-j3o_s0000201058_e0000205470,ViEjwRu-j3o,201.058,205.47,4.412,1.0,1.0,1.36,/kaggle/working/cut_cutfix_full_tier1_20260729_01/tier1/400_440/media/ViEjwRu-j3o_s0000201058_e0000205470.mp4,tier1,cuda,nvenc,cutfix_full_tier1_20260729_01
ViEjwRu-j3o_s0000205762_e0000217406,ViEjwRu-j3o,205.762,217.406,11.644,1.0,1.0,1.74,/kaggle/working/cut_cutfix_full_tier1_20260729_01/tier1/400_440/media/ViEjwRu-j3o_s0000205762_e0000217406.mp4,tier1,cuda,nvenc,cutfix_full_tier1_20260729_01
ViEjwRu-j3o_s0000233442_e0000245182,ViEjwRu-j3o,233.442,245.182,11.74,0.833,1.0,1.4,/kaggle/working/cut_cutfix_full_tier1_20260729_01/tier1/400_440/media/ViEjwRu-j3o_s0000233442_e0000245182.mp4,tier1,cuda,nvenc,cutfix_full_tier1_20260729_01
ViEjwRu-j3o_s0000245346_e0000250346,ViEjwRu-j3o,245.346,250.346,5.0,1.0,1.0,1.44,/kaggle/working/cut_cutfix_full_tier1_20260729_01/tier1/400_440/media/ViEjwRu-j3o_s0000245346_e0000250346.mp4,tier1,cuda,nvenc,cutfix_full_tier1_20260729_01
ViEjwRu-j3o_s0000249346_e0000254346,ViEjwRu-j3o,249.346,254.346,5.0,0.8,1.0,1.8,/kaggle/working/cut_cutfix_full_tier1_20260729_01/tier1/400_440/media/ViEjwRu-j3o_s0000249346_e0000254346.mp4,tier1,cuda,nvenc,cutfix_full_tier1_20260729_01
ViEjwRu-j3o_s0000253346_e0000258346,ViEjwRu-j3o,253.346,258.346,5.0,1.0,1.0,1.11,/kaggle/working/cut_cutfix_full_tier1_20260729_01/tier1/400_440/media/ViEjwRu-j3o_s0000253346_e0000258346.mp4,tier1,cuda,nvenc,cutfix_full_tier1_20260729_01
ViEjwRu-j3o_s0000257346_e0000262346,ViEjwRu-j3o,257.346,262.346,5.0,1.0,1.0,0.46,/kaggle/working/cut_cutfix_full_tier1_20260729_01/tier1/400_440/media/ViEjwRu-j3o_s0000257346_e0000262346.mp4,tier1,cuda,nvenc,cutfix_full_tier1_20260729_01
ViEjwRu-j3o_s0000261346_e0000266346,ViEjwRu-j3o,261.346,266.346,5.0,1.0,1.0,1.32,/kaggle/working/cut_cutfix_full_tier1_20260729_01/tier1/400_440/media/ViEjwRu-j3o_s0000261346_e0000266346.mp4,tier1,cuda,nvenc,cutfix_full_tier1_20260729_01
ViEjwRu-j3o_s0000265346_e0000268382,ViEjwRu-j3o,265.346,268.382,3.036,1.0,1.0,-0.02,/kaggle/working/cut_cutfix_full_tier1_20260729_01/tier1/400_440/media/ViEjwRu-j3o_s0000265346_e0000268382.mp4,tier1,cuda,nvenc,cutfix_full_tier1_20260729_01
ViEjwRu-j3o_s0000268514_e0000272990,ViEjwRu-j3o,268.514,272.99,4.476,1.0,1.0,0.7,/kaggle/working/cut_cutfix_full_tier1_20260729_01/tier1/400_440/media/ViEjwRu-j3o_s0000268514_e0000272990.mp4,tier1,cuda,nvenc,cutfix_full_tier1_20260729_01
ViEjwRu-j3o_s0000273250_e0000278250,ViEjwRu-j3o,273.25,278.25,5.0,1.0,1.0,1.13,/kaggle/working/cut_cutfix_full_tier1_20260729_01/tier1/400_440/media/ViEjwRu-j3o_s0000273250_e0000278250.mp4,tier1,cuda,nvenc,cutfix_full_tier1_20260729_01
ViEjwRu-j3o_s0000277250_e0000282250,ViEjwRu-j3o,277.25,282.25,5.0,1.0,1.0,0.58,/kaggle/working/cut_cutfix_full_tier1_20260729_01/tier1/400_440/media/ViEjwRu-j3o_s0000277250_e0000282250.mp4,tier1,cuda,nvenc,cutfix_full_tier1_20260729_01
ViEjwRu-j3o_s0000281250_e0000286250,ViEjwRu-j3o,281.25,286.25,5.0,1.0,1.0,0.52,/kaggle/working/cut_cutfix_full_tier1_20260729_01/tier1/400_440/media/ViEjwRu-j3o_s0000281250_e0000286250.mp4,tier1,cuda,nvenc,cutfix_full_tier1_20260729_01
ViEjwRu-j3o_s0000287554_e0000293950,ViEjwRu-j3o,287.554,293.95,6.396,1.0,1.0,2.91,/kaggle/working/cut_cutfix_full_tier1_20260729_01/tier1/400_440/media/ViEjwRu-j3o_s0000287554_e0000293950.mp4,tier1,cuda,nvenc,cutfix_full_tier1_20260729_01
ViEjwRu-j3o_s0000294082_e0000299082,ViEjwRu-j3o,294.082,299.082,5.0,1.0,1.0,2.82,/kaggle/working/cut_cutfix_full_tier1_20260729_01/tier1/400_440/media/ViEjwRu-j3o_s0000294082_e0000299082.mp4,tier1,cuda,nvenc,cutfix_full_tier1_20260729_01
ViEjwRu-j3o_s0000298082_e0000303082,ViEjwRu-j3o,298.082,303.082,5.0,1.0,1.0,0.57,/kaggle/working/cut_cutfix_full_tier1_20260729_01/tier1/400_440/media/ViEjwRu-j3o_s0000298082_e0000303082.mp4,tier1,cuda,nvenc,cutfix_full_tier1_20260729_01
ViEjwRu-j3o_s0000302082_e0000307082,ViEjwRu-j3o,302.082,307.082,5.0,1.0,1.0,1.55,/kaggle/working/cut_cutfix_full_tier1_20260729_01/tier1/400_440/media/ViEjwRu-j3o_s0000302082_e0000307082.mp4,tier1,cuda,nvenc,cutfix_full_tier1_20260729_01
ViEjwRu-j3o_s0000306082_e0000309150,ViEjwRu-j3o,306.082,309.15,3.068,1.0,1.0,1.1,/kaggle/working/cut_cutfix_full_tier1_20260729_01/tier1/400_440/media/ViEjwRu-j3o_s0000306082_e0000309150.mp4,tier1,cuda,nvenc,cutfix_full_tier1_20260729_01
ViEjwRu-j3o_s0000309410_e0000317758,ViEjwRu-j3o,309.41,317.758,8.348,1.0,1.0,1.86,/kaggle/working/cut_cutfix_full_tier1_20260729_01/tier1/400_440/media/ViEjwRu-j3o_s0000309410_e0000317758.mp4,tier1,cuda,nvenc,cutfix_full_tier1_20260729_01
ViEjwRu-j3o_s0000333474_e0000338474,ViEjwRu-j3o,333.474,338.474,5.0,1.0,1.0,3.32,/kaggle/working/cut_cutfix_full_tier1_20260729_01/tier1/400_440/media/ViEjwRu-j3o_s0000333474_e0000338474.mp4,tier1,cuda,nvenc,cutfix_full_tier1_20260729_01
ViEjwRu-j3o_s0000337474_e0000342474,ViEjwRu-j3o,337.474,342.474,5.0,1.0,1.0,1.1,/kaggle/working/cut_cutfix_full_tier1_20260729_01/tier1/400_440/media/ViEjwRu-j3o_s0000337474_e0000342474.mp4,tier1,cuda,nvenc,cutfix_full_tier1_20260729_01
ViEjwRu-j3o_s0000345474_e0000350474,ViEjwRu-j3o,345.474,350.474,5.0,1.0,1.0,1.69,/kaggle/working/cut_cutfix_full_tier1_20260729_01/tier1/400_440/media/ViEjwRu-j3o_s0000345474_e0000350474.mp4,tier1,cuda,nvenc,cutfix_full_tier1_20260729_01
ViEjwRu-j3o_s0000349474_e0000354474,ViEjwRu-j3o,349.474,354.474,5.0,1.0,1.0,1.33,/kaggle/working/cut_cutfix_full_tier1_20260729_01/tier1/400_440/media/ViEjwRu-j3o_s0000349474_e0000354474.mp4,tier1,cuda,nvenc,cutfix_full_tier1_20260729_01
ViEjwRu-j3o_s0000357474_e0000360542,ViEjwRu-j3o,357.474,360.542,3.068,1.0,1.0,0.66,/kaggle/working/cut_cutfix_full_tier1_20260729_01/tier1/400_440/media/ViEjwRu-j3o_s0000357474_e0000360542.mp4,tier1,cuda,nvenc,cutfix_full_tier1_20260729_01
ViEjwRu-j3o_s0000360738_e0000365738,ViEjwRu-j3o,360.738,365.738,5.0,1.0,1.0,1.85,/kaggle/working/cut_cutfix_full_tier1_20260729_01/tier1/400_440/media/ViEjwRu-j3o_s0000360738_e0000365738.mp4,tier1,cuda,nvenc,cutfix_full_tier1_20260729_01
ViEjwRu-j3o_s0000364738_e0000369738,ViEjwRu-j3o,364.738,369.738,5.0,1.0,1.0,2.36,/kaggle/working/cut_cutfix_full_tier1_20260729_01/tier1/400_440/media/ViEjwRu-j3o_s0000364738_e0000369738.mp4,tier1,cuda,nvenc,cutfix_full_tier1_20260729_01
ViEjwRu-j3o_s0000368738_e0000373738,ViEjwRu-j3o,368.738,373.738,5.0,1.0,1.0,1.19,/kaggle/working/cut_cutfix_full_tier1_20260729_01/tier1/400_440/media/ViEjwRu-j3o_s0000368738_e0000373738.mp4,tier1,cuda,nvenc,cutfix_full_tier1_20260729_01
ViEjwRu-j3o_s0000372738_e0000377738,ViEjwRu-j3o,372.738,377.738,5.0,1.0,1.0,0.51,/kaggle/working/cut_cutfix_full_tier1_20260729_01/tier1/400_440/media/ViEjwRu-j3o_s0000372738_e0000377738.mp4,tier1,cuda,nvenc,cutfix_full_tier1_20260729_01
ViEjwRu-j3o_s0000376738_e0000381738,ViEjwRu-j3o,376.738,381.738,5.0,1.0,1.0,0.21,/kaggle/working/cut_cutfix_full_tier1_20260729_01/tier1/400_440/media/ViEjwRu-j3o_s0000376738_e0000381738.mp4,tier1,cuda,nvenc,cutfix_full_tier1_20260729_01
ViEjwRu-j3o_s0000380738_e0000384542,ViEjwRu-j3o,380.738,384.542,3.804,1.0,1.0,-0.15,/kaggle/working/cut_cutfix_full_tier1_20260729_01/tier1/400_440/media/ViEjwRu-j3o_s0000380738_e0000384542.mp4,tier1,cuda,nvenc,cutfix_full_tier1_20260729_01
ViEjwRu-j3o_s0000384674_e0000389674,ViEjwRu-j3o,384.674,389.674,5.0,1.0,1.0,2.59,/kaggle/working/cut_cutfix_full_tier1_20260729_01/tier1/400_440/media/ViEjwRu-j3o_s0000384674_e0000389674.mp4,tier1,cuda,nvenc,cutfix_full_tier1_20260729_01
ViEjwRu-j3o_s0000388674_e0000393674,ViEjwRu-j3o,388.674,393.674,5.0,1.0,1.0,2.09,/kaggle/working/cut_cutfix_full_tier1_20260729_01/tier1/400_440/media/ViEjwRu-j3o_s0000388674_e0000393674.mp4,tier1,cuda,nvenc,cutfix_full_tier1_20260729_01
ViEjwRu-j3o_s0000392674_e0000397674,ViEjwRu-j3o,392.674,397.674,5.0,1.0,1.0,1.06,/kaggle/working/cut_cutfix_full_tier1_20260729_01/tier1/400_440/media/ViEjwRu-j3o_s0000392674_e0000397674.mp4,tier1,cuda,nvenc,cutfix_full_tier1_20260729_01
ViEjwRu-j3o_s0000398818_e0000406782,ViEjwRu-j3o,398.818,406.782,7.964,1.0,1.0,0.89,/kaggle/working/cut_cutfix_full_tier1_20260729_01/tier1/400_440/media/ViEjwRu-j3o_s0000398818_e0000406782.mp4,tier1,cuda,nvenc,cutfix_full_tier1_20260729_01
ViEjwRu-j3o_s0000406914_e0000413342,ViEjwRu-j3o,406.914,413.342,6.428,1.0,1.0,0.92,/kaggle/working/cut_cutfix_full_tier1_20260729_01/tier1/400_440/media/ViEjwRu-j3o_s0000406914_e0000413342.mp4,tier1,cuda,nvenc,cutfix_full_tier1_20260729_01
ViEjwRu-j3o_s0000426946_e0000430270,ViEjwRu-j3o,426.946,430.27,3.324,0.75,1.0,1.49,/kaggle/working/cut_cutfix_full_tier1_20260729_01/tier1/400_440/media/ViEjwRu-j3o_s0000426946_e0000430270.mp4,tier1,cuda,nvenc,cutfix_full_tier1_20260729_01
ViEjwRu-j3o_s0000440674_e0000446654,ViEjwRu-j3o,440.674,446.654,5.98,0.833,1.0,1.39,/kaggle/working/cut_cutfix_full_tier1_20260729_01/tier1/400_440/media/ViEjwRu-j3o_s0000440674_e0000446654.mp4,tier1,cuda,nvenc,cutfix_full_tier1_20260729_01
ViEjwRu-j3o_s0000446946_e0000457022,ViEjwRu-j3o,446.946,457.022,10.076,0.727,1.0,1.25,/kaggle/working/cut_cutfix_full_tier1_20260729_01/tier1/400_440/media/ViEjwRu-j3o_s0000446946_e0000457022.mp4,tier1,cuda,nvenc,cutfix_full_tier1_20260729_01
ViEjwRu-j3o_s0000520866_e0000524318,ViEjwRu-j3o,520.866,524.318,3.452,1.0,1.0,1.33,/kaggle/working/cut_cutfix_full_tier1_20260729_01/tier1/400_440/media/ViEjwRu-j3o_s0000520866_e0000524318.mp4,tier1,cuda,nvenc,cutfix_full_tier1_20260729_01
ViEjwRu-j3o_s0000633794_e0000638794,ViEjwRu-j3o,633.794,638.794,5.0,1.0,1.0,3.18,/kaggle/working/cut_cutfix_full_tier1_20260729_01/tier1/400_440/media/ViEjwRu-j3o_s0000633794_e0000638794.mp4,tier1,cuda,nvenc,cutfix_full_tier1_20260729_01
VqcyH3fnubE_s0000006562_e0000011006,VqcyH3fnubE,6.562,11.006,4.444,1.0,1.0,15.76,/kaggle/working/cut_cutfix_full_tier1_20260729_01/tier1/400_440/media/VqcyH3fnubE_s0000006562_e0000011006.mp4,tier1,cuda,nvenc,cutfix_full_tier1_20260729_01
VqcyH3fnubE_s0000011266_e0000013982,VqcyH3fnubE,11.266,13.982,2.716,1.0,1.0,14.88,/kaggle/working/cut_cutfix_full_tier1_20260729_01/tier1/400_440/media/VqcyH3fnubE_s0000011266_e0000013982.mp4,tier1,cuda,nvenc,cutfix_full_tier1_20260729_01
VqcyH3fnubE_s0000014114_e0000016958,VqcyH3fnubE,14.114,16.958,2.844,1.0,1.0,16.43,/kaggle/working/cut_cutfix_full_tier1_20260729_01/tier1/400_440/media/VqcyH3fnubE_s0000014114_e0000016958.mp4,tier1,cuda,nvenc,cutfix_full_tier1_20260729_01
VqcyH3fnubE_s0000017410_e0000022942,VqcyH3fnubE,17.41,22.942,5.532,1.0,1.0,16.43,/kaggle/working/cut_cutfix_full_tier1_20260729_01/tier1/400_440/media/VqcyH3fnubE_s0000017410_e0000022942.mp4,tier1,cuda,nvenc,cutfix_full_tier1_20260729_01
VqcyH3fnubE_s0000037954_e0000040382,VqcyH3fnubE,37.954,40.382,2.428,1.0,1.0,19.25,/kaggle/working/cut_cutfix_full_tier1_20260729_01/tier1/400_440/media/VqcyH3fnubE_s0000037954_e0000040382.mp4,tier1,cuda,nvenc,cutfix_full_tier1_20260729_01
VqcyH3fnubE_s0000042850_e0000046110,VqcyH3fnubE,42.85,46.11,3.26,1.0,1.0,15.47,/kaggle/working/cut_cutfix_full_tier1_20260729_01/tier1/400_440/media/VqcyH3fnubE_s0000042850_e0000046110.mp4,tier1,cuda,nvenc,cutfix_full_tier1_20260729_01
VqcyH3fnubE_s0000046274_e0000051230,VqcyH3fnubE,46.274,51.23,4.956,1.0,1.0,17.48,/kaggle/working/cut_cutfix_full_tier1_20260729_01/tier1/400_440/media/VqcyH3fnubE_s0000046274_e0000051230.mp4,tier1,cuda,nvenc,cutfix_full_tier1_20260729_01
VqcyH3fnubE_s0000052098_e0000055422,VqcyH3fnubE,52.098,55.422,3.324,1.0,1.0,16.18,/kaggle/working/cut_cutfix_full_tier1_20260729_01/tier1/400_440/media/VqcyH3fnubE_s0000052098_e0000055422.mp4,tier1,cuda,nvenc,cutfix_full_tier1_20260729_01
VqcyH3fnubE_s0000057602_e0000063454,VqcyH3fnubE,57.602,63.454,5.852,1.0,1.0,16.33,/kaggle/working/cut_cutfix_full_tier1_20260729_01/tier1/400_440/media/VqcyH3fnubE_s0000057602_e0000063454.mp4,tier1,cuda,nvenc,cutfix_full_tier1_20260729_01
VqcyH3fnubE_s0000066114_e0000068158,VqcyH3fnubE,66.114,68.158,2.044,1.0,1.0,17.44,/kaggle/working/cut_cutfix_full_tier1_20260729_01/tier1/400_440/media/VqcyH3fnubE_s0000066114_e0000068158.mp4,tier1,cuda,nvenc,cutfix_full_tier1_20260729_01
VqcyH3fnubE_s0000069282_e0000073662,VqcyH3fnubE,69.282,73.662,4.38,1.0,1.0,16.82,/kaggle/working/cut_cutfix_full_tier1_20260729_01/tier1/400_440/media/VqcyH3fnubE_s0000069282_e0000073662.mp4,tier1,cuda,nvenc,cutfix_full_tier1_20260729_01
VqcyH3fnubE_s0000075810_e0000079166,VqcyH3fnubE,75.81,79.166,3.356,1.0,1.0,16.66,/kaggle/working/cut_cutfix_full_tier1_20260729_01/tier1/400_440/media/VqcyH3fnubE_s0000075810_e0000079166.mp4,tier1,cuda,nvenc,cutfix_full_tier1_20260729_01
VqcyH3fnubE_s0000083906_e0000087038,VqcyH3fnubE,83.906,87.038,3.132,1.0,1.0,15.89,/kaggle/working/cut_cutfix_full_tier1_20260729_01/tier1/400_440/media/VqcyH3fnubE_s0000083906_e0000087038.mp4,tier1,cuda,nvenc,cutfix_full_tier1_20260729_01
VqcyH3fnubE_s0000094594_e0000099934,VqcyH3fnubE,94.594,99.934,5.34,1.0,1.0,16.48,/kaggle/working/cut_cutfix_full_tier1_20260729_01/tier1/400_440/media/VqcyH3fnubE_s0000094594_e0000099934.mp4,tier1,cuda,nvenc,cutfix_full_tier1_20260729_01
VqcyH3fnubE_s0000101122_e0000103998,VqcyH3fnubE,101.122,103.998,2.876,1.0,1.0,15.94,/kaggle/working/cut_cutfix_full_tier1_20260729_01/tier1/400_440/media/VqcyH3fnubE_s0000101122_e0000103998.mp4,tier1,cuda,nvenc,cutfix_full_tier1_20260729_01
VqcyH3fnubE_s0000104738_e0000110974,VqcyH3fnubE,104.738,110.974,6.236,1.0,1.0,15.83,/kaggle/working/cut_cutfix_full_tier1_20260729_01/tier1/400_440/media/VqcyH3fnubE_s0000104738_e0000110974.mp4,tier1,cuda,nvenc,cutfix_full_tier1_20260729_01
VqcyH3fnubE_s0000111394_e0000117438,VqcyH3fnubE,111.394,117.438,6.044,1.0,1.0,16.06,/kaggle/working/cut_cutfix_full_tier1_20260729_01/tier1/400_440/media/VqcyH3fnubE_s0000111394_e0000117438.mp4,tier1,cuda,nvenc,cutfix_full_tier1_20260729_01
VqcyH3fnubE_s0000118402_e0000122974,VqcyH3fnubE,118.402,122.974,4.572,1.0,1.0,16.59,/kaggle/working/cut_cutfix_full_tier1_20260729_01/tier1/400_440/media/VqcyH3fnubE_s0000118402_e0000122974.mp4,tier1,cuda,nvenc,cutfix_full_tier1_20260729_01
VqcyH3fnubE_s0000123266_e0000128638,VqcyH3fnubE,123.266,128.638,5.372,1.0,1.0,14.24,/kaggle/working/cut_cutfix_full_tier1_20260729_01/tier1/400_440/media/VqcyH3fnubE_s0000123266_e0000128638.mp4,tier1,cuda,nvenc,cutfix_full_tier1_20260729_01
VqcyH3fnubE_s0000130594_e0000133758,VqcyH3fnubE,130.594,133.758,3.164,1.0,1.0,16.53,/kaggle/working/cut_cutfix_full_tier1_20260729_01/tier1/400_440/media/VqcyH3fnubE_s0000130594_e0000133758.mp4,tier1,cuda,nvenc,cutfix_full_tier1_20260729_01
VqcyH3fnubE_s0000135330_e0000138366,VqcyH3fnubE,135.33,138.366,3.036,1.0,1.0,16.87,/kaggle/working/cut_cutfix_full_tier1_20260729_01/tier1/400_440/media/VqcyH3fnubE_s0000135330_e0000138366.mp4,tier1,cuda,nvenc,cutfix_full_tier1_20260729_01
VqcyH3fnubE_s0000144162_e0000147006,VqcyH3fnubE,144.162,147.006,2.844,1.0,1.0,17.13,/kaggle/working/cut_cutfix_full_tier1_20260729_01/tier1/400_440/media/VqcyH3fnubE_s0000144162_e0000147006.mp4,tier1,cuda,nvenc,cutfix_full_tier1_20260729_01
VqcyH3fnubE_s0000148098_e0000150302,VqcyH3fnubE,148.098,150.302,2.204,1.0,1.0,16.57,/kaggle/working/cut_cutfix_full_tier1_20260729_01/tier1/400_440/media/VqcyH3fnubE_s0000148098_e0000150302.mp4,tier1,cuda,nvenc,cutfix_full_tier1_20260729_01
VqcyH3fnubE_s0000156002_e0000158174,VqcyH3fnubE,156.002,158.174,2.172,1.0,1.0,16.01,/kaggle/working/cut_cutfix_full_tier1_20260729_01/tier1/400_440/media/VqcyH3fnubE_s0000156002_e0000158174.mp4,tier1,cuda,nvenc,cutfix_full_tier1_20260729_01
VqcyH3fnubE_s0000165378_e0000169022,VqcyH3fnubE,165.378,169.022,3.644,1.0,1.0,17.92,/kaggle/working/cut_cutfix_full_tier1_20260729_01/tier1/400_440/media/VqcyH3fnubE_s0000165378_e0000169022.mp4,tier1,cuda,nvenc,cutfix_full_tier1_20260729_01
VqcyH3fnubE_s0000169666_e0000171934,VqcyH3fnubE,169.666,171.934,2.268,1.0,1.0,16.69,/kaggle/working/cut_cutfix_full_tier1_20260729_01/tier1/400_440/media/VqcyH3fnubE_s0000169666_e0000171934.mp4,tier1,cuda,nvenc,cutfix_full_tier1_20260729_01
VqcyH3fnubE_s0000173122_e0000175998,VqcyH3fnubE,173.122,175.998,2.876,1.0,1.0,16.25,/kaggle/working/cut_cutfix_full_tier1_20260729_01/tier1/400_440/media/VqcyH3fnubE_s0000173122_e0000175998.mp4,tier1,cuda,nvenc,cutfix_full_tier1_20260729_01
VqcyH3fnubE_s0000176418_e0000180766,VqcyH3fnubE,176.418,180.766,4.348,1.0,1.0,16.45,/kaggle/working/cut_cutfix_full_tier1_20260729_01/tier1/400_440/media/VqcyH3fnubE_s0000176418_e0000180766.mp4,tier1,cuda,nvenc,cutfix_full_tier1_20260729_01
VqcyH3fnubE_s0000181218_e0000184798,VqcyH3fnubE,181.218,184.798,3.58,1.0,1.0,15.2,/kaggle/working/cut_cutfix_full_tier1_20260729_01/tier1/400_440/media/VqcyH3fnubE_s0000181218_e0000184798.mp4,tier1,cuda,nvenc,cutfix_full_tier1_20260729_01
VqcyH3fnubE_s0000185026_e0000187070,VqcyH3fnubE,185.026,187.07,2.044,1.0,1.0,15.41,/kaggle/working/cut_cutfix_full_tier1_20260729_01/tier1/400_440/media/VqcyH3fnubE_s0000185026_e0000187070.mp4,tier1,cuda,nvenc,cutfix_full_tier1_20260729_01
VqcyH3fnubE_s0000187202_e0000189790,VqcyH3fnubE,187.202,189.79,2.588,1.0,1.0,15.58,/kaggle/working/cut_cutfix_full_tier1_20260729_01/tier1/400_440/media/VqcyH3fnubE_s0000187202_e0000189790.mp4,tier1,cuda,nvenc,cutfix_full_tier1_20260729_01
VqcyH3fnubE_s0000189890_e0000193182,VqcyH3fnubE,189.89,193.182,3.292,1.0,1.0,17.29,/kaggle/working/cut_cutfix_full_tier1_20260729_01/tier1/400_440/media/VqcyH3fnubE_s0000189890_e0000193182.mp4,tier1,cuda,nvenc,cutfix_full_tier1_20260729_01
VqcyH3fnubE_s0000193442_e0000197246,VqcyH3fnubE,193.442,197.246,3.804,1.0,1.0,15.92,/kaggle/working/cut_cutfix_full_tier1_20260729_01/tier1/400_440/media/VqcyH3fnubE_s0000193442_e0000197246.mp4,tier1,cuda,nvenc,cutfix_full_tier1_20260729_01
VqcyH3fnubE_s0000197986_e0000200830,VqcyH3fnubE,197.986,200.83,2.844,1.0,1.0,16.37,/kaggle/working/cut_cutfix_full_tier1_20260729_01/tier1/400_440/media/VqcyH3fnubE_s0000197986_e0000200830.mp4,tier1,cuda,nvenc,cutfix_full_tier1_20260729_01
VqcyH3fnubE_s0000201698_e0000207422,VqcyH3fnubE,201.698,207.422,5.724,1.0,1.0,15.65,/kaggle/working/cut_cutfix_full_tier1_20260729_01/tier1/400_440/media/VqcyH3fnubE_s0000201698_e0000207422.mp4,tier1,cuda,nvenc,cutfix_full_tier1_20260729_01
VqcyH3fnubE_s0000211394_e0000214910,VqcyH3fnubE,211.394,214.91,3.516,1.0,1.0,16.65,/kaggle/working/cut_cutfix_full_tier1_20260729_01/tier1/400_440/media/VqcyH3fnubE_s0000211394_e0000214910.mp4,tier1,cuda,nvenc,cutfix_full_tier1_20260729_01
VqcyH3fnubE_s0000215202_e0000217758,VqcyH3fnubE,215.202,217.758,2.556,1.0,1.0,16.86,/kaggle/working/cut_cutfix_full_tier1_20260729_01/tier1/400_440/media/VqcyH3fnubE_s0000215202_e0000217758.mp4,tier1,cuda,nvenc,cutfix_full_tier1_20260729_01
VqcyH3fnubE_s0000217922_e0000220350,VqcyH3fnubE,217.922,220.35,2.428,1.0,1.0,17.3,/kaggle/working/cut_cutfix_full_tier1_20260729_01/tier1/400_440/media/VqcyH3fnubE_s0000217922_e0000220350.mp4,tier1,cuda,nvenc,cutfix_full_tier1_20260729_01
VqcyH3fnubE_s0000220802_e0000223838,VqcyH3fnubE,220.802,223.838,3.036,1.0,1.0,14.98,/kaggle/working/cut_cutfix_full_tier1_20260729_01/tier1/400_440/media/VqcyH3fnubE_s0000220802_e0000223838.mp4,tier1,cuda,nvenc,cutfix_full_tier1_20260729_01
VqcyH3fnubE_s0000228770_e0000232126,VqcyH3fnubE,228.77,232.126,3.356,1.0,1.0,18.08,/kaggle/working/cut_cutfix_full_tier1_20260729_01/tier1/400_440/media/VqcyH3fnubE_s0000228770_e0000232126.mp4,tier1,cuda,nvenc,cutfix_full_tier1_20260729_01
VqcyH3fnubE_s0000234306_e0000236862,VqcyH3fnubE,234.306,236.862,2.556,1.0,1.0,14.68,/kaggle/working/cut_cutfix_full_tier1_20260729_01/tier1/400_440/media/VqcyH3fnubE_s0000234306_e0000236862.mp4,tier1,cuda,nvenc,cutfix_full_tier1_20260729_01
VqcyH3fnubE_s0000238274_e0000242014,VqcyH3fnubE,238.274,242.014,3.74,1.0,1.0,14.01,/kaggle/working/cut_cutfix_full_tier1_20260729_01/tier1/400_440/media/VqcyH3fnubE_s0000238274_e0000242014.mp4,tier1,cuda,nvenc,cutfix_full_tier1_20260729_01
VqcyH3fnubE_s0000243586_e0000250494,VqcyH3fnubE,243.586,250.494,6.908,1.0,1.0,16.62,/kaggle/working/cut_cutfix_full_tier1_20260729_01/tier1/400_440/media/VqcyH3fnubE_s0000243586_e0000250494.mp4,tier1,cuda,nvenc,cutfix_full_tier1_20260729_01
VqcyH3fnubE_s0000250690_e0000255102,VqcyH3fnubE,250.69,255.102,4.412,1.0,1.0,16.6,/kaggle/working/cut_cutfix_full_tier1_20260729_01/tier1/400_440/media/VqcyH3fnubE_s0000250690_e0000255102.mp4,tier1,cuda,nvenc,cutfix_full_tier1_20260729_01
VqcyH3fnubE_s0000261186_e0000264254,VqcyH3fnubE,261.186,264.254,3.068,1.0,1.0,15.71,/kaggle/working/cut_cutfix_full_tier1_20260729_01/tier1/400_440/media/VqcyH3fnubE_s0000261186_e0000264254.mp4,tier1,cuda,nvenc,cutfix_full_tier1_20260729_01
VqcyH3fnubE_s0000266498_e0000269918,VqcyH3fnubE,266.498,269.918,3.42,1.0,1.0,18.05,/kaggle/working/cut_cutfix_full_tier1_20260729_01/tier1/400_440/media/VqcyH3fnubE_s0000266498_e0000269918.mp4,tier1,cuda,nvenc,cutfix_full_tier1_20260729_01
VqcyH3fnubE_s0000271618_e0000275998,VqcyH3fnubE,271.618,275.998,4.38,1.0,1.0,16.18,/kaggle/working/cut_cutfix_full_tier1_20260729_01/tier1/400_440/media/VqcyH3fnubE_s0000271618_e0000275998.mp4,tier1,cuda,nvenc,cutfix_full_tier1_20260729_01
VqcyH3fnubE_s0000276418_e0000280190,VqcyH3fnubE,276.418,280.19,3.772,1.0,1.0,16.26,/kaggle/working/cut_cutfix_full_tier1_20260729_01/tier1/400_440/media/VqcyH3fnubE_s0000276418_e0000280190.mp4,tier1,cuda,nvenc,cutfix_full_tier1_20260729_01
VqcyH3fnubE_s0000283714_e0000288318,VqcyH3fnubE,283.714,288.318,4.604,1.0,1.0,16.83,/kaggle/working/cut_cutfix_full_tier1_20260729_01/tier1/400_440/media/VqcyH3fnubE_s0000283714_e0000288318.mp4,tier1,cuda,nvenc,cutfix_full_tier1_20260729_01
VqcyH3fnubE_s0000294498_e0000299678,VqcyH3fnubE,294.498,299.678,5.18,1.0,1.0,16.41,/kaggle/working/cut_cutfix_full_tier1_20260729_01/tier1/400_440/media/VqcyH3fnubE_s0000294498_e0000299678.mp4,tier1,cuda,nvenc,cutfix_full_tier1_20260729_01
VqcyH3fnubE_s0000302242_e0000305790,VqcyH3fnubE,302.242,305.79,3.548,1.0,1.0,15.9,/kaggle/working/cut_cutfix_full_tier1_20260729_01/tier1/400_440/media/VqcyH3fnubE_s0000302242_e0000305790.mp4,tier1,cuda,nvenc,cutfix_full_tier1_20260729_01
VqcyH3fnubE_s0000306338_e0000309406,VqcyH3fnubE,306.338,309.406,3.068,1.0,1.0,16.11,/kaggle/working/cut_cutfix_full_tier1_20260729_01/tier1/400_440/media/VqcyH3fnubE_s0000306338_e0000309406.mp4,tier1,cuda,nvenc,cutfix_full_tier1_20260729_01
VqcyH3fnubE_s0000314018_e0000317374,VqcyH3fnubE,314.018,317.374,3.356,1.0,1.0,15.8,/kaggle/working/cut_cutfix_full_tier1_20260729_01/tier1/400_440/media/VqcyH3fnubE_s0000314018_e0000317374.mp4,tier1,cuda,nvenc,cutfix_full_tier1_20260729_01
VqcyH3fnubE_s0000318114_e0000321406,VqcyH3fnubE,318.114,321.406,3.292,1.0,1.0,16.64,/kaggle/working/cut_cutfix_full_tier1_20260729_01/tier1/400_440/media/VqcyH3fnubE_s0000318114_e0000321406.mp4,tier1,cuda,nvenc,cutfix_full_tier1_20260729_01
VqcyH3fnubE_s0000322786_e0000328990,VqcyH3fnubE,322.786,328.99,6.204,1.0,1.0,17.01,/kaggle/working/cut_cutfix_full_tier1_20260729_01/tier1/400_440/media/VqcyH3fnubE_s0000322786_e0000328990.mp4,tier1,cuda,nvenc,cutfix_full_tier1_20260729_01
VqcyH3fnubE_s0000329954_e0000333790,VqcyH3fnubE,329.954,333.79,3.836,1.0,1.0,17.24,/kaggle/working/cut_cutfix_full_tier1_20260729_01/tier1/400_440/media/VqcyH3fnubE_s0000329954_e0000333790.mp4,tier1,cuda,nvenc,cutfix_full_tier1_20260729_01
VqcyH3fnubE_s0000335042_e0000339102,VqcyH3fnubE,335.042,339.102,4.06,1.0,1.0,16.03,/kaggle/working/cut_cutfix_full_tier1_20260729_01/tier1/400_440/media/VqcyH3fnubE_s0000335042_e0000339102.mp4,tier1,cuda,nvenc,cutfix_full_tier1_20260729_01
VqcyH3fnubE_s0000344514_e0000349118,VqcyH3fnubE,344.514,349.118,4.604,1.0,1.0,14.51,/kaggle/working/cut_cutfix_full_tier1_20260729_01/tier1/400_440/media/VqcyH3fnubE_s0000344514_e0000349118.mp4,tier1,cuda,nvenc,cutfix_full_tier1_20260729_01
VqcyH3fnubE_s0000352098_e0000358750,VqcyH3fnubE,352.098,358.75,6.652,1.0,1.0,15.83,/kaggle/working/cut_cutfix_full_tier1_20260729_01/tier1/400_440/media/VqcyH3fnubE_s0000352098_e0000358750.mp4,tier1,cuda,nvenc,cutfix_full_tier1_20260729_01
VqcyH3fnubE_s0000360450_e0000362910,VqcyH3fnubE,360.45,362.91,2.46,1.0,1.0,15.18,/kaggle/working/cut_cutfix_full_tier1_20260729_01/tier1/400_440/media/VqcyH3fnubE_s0000360450_e0000362910.mp4,tier1,cuda,nvenc,cutfix_full_tier1_20260729_01
VqcyH3fnubE_s0000377410_e0000380606,VqcyH3fnubE,377.41,380.606,3.196,1.0,1.0,17.24,/kaggle/working/cut_cutfix_full_tier1_20260729_01/tier1/400_440/media/VqcyH3fnubE_s0000377410_e0000380606.mp4,tier1,cuda,nvenc,cutfix_full_tier1_20260729_01
VqcyH3fnubE_s0000382434_e0000384574,VqcyH3fnubE,382.434,384.574,2.14,1.0,1.0,18.2,/kaggle/working/cut_cutfix_full_tier1_20260729_01/tier1/400_440/media/VqcyH3fnubE_s0000382434_e0000384574.mp4,tier1,cuda,nvenc,cutfix_full_tier1_20260729_01
VqcyH3fnubE_s0000385730_e0000387934,VqcyH3fnubE,385.73,387.934,2.204,1.0,1.0,15.31,/kaggle/working/cut_cutfix_full_tier1_20260729_01/tier1/400_440/media/VqcyH3fnubE_s0000385730_e0000387934.mp4,tier1,cuda,nvenc,cutfix_full_tier1_20260729_01
VqcyH3fnubE_s0000393122_e0000395358,VqcyH3fnubE,393.122,395.358,2.236,1.0,1.0,17.85,/kaggle/working/cut_cutfix_full_tier1_20260729_01/tier1/400_440/media/VqcyH3fnubE_s0000393122_e0000395358.mp4,tier1,cuda,nvenc,cutfix_full_tier1_20260729_01
VqcyH3fnubE_s0000396130_e0000404222,VqcyH3fnubE,396.13,404.222,8.092,1.0,1.0,16.41,/kaggle/working/cut_cutfix_full_tier1_20260729_01/tier1/400_440/media/VqcyH3fnubE_s0000396130_e0000404222.mp4,tier1,cuda,nvenc,cutfix_full_tier1_20260729_01
VqcyH3fnubE_s0000406466_e0000410846,VqcyH3fnubE,406.466,410.846,4.38,1.0,1.0,15.31,/kaggle/working/cut_cutfix_full_tier1_20260729_01/tier1/400_440/media/VqcyH3fnubE_s0000406466_e0000410846.mp4,tier1,cuda,nvenc,cutfix_full_tier1_20260729_01
VqcyH3fnubE_s0000411042_e0000414558,VqcyH3fnubE,411.042,414.558,3.516,1.0,1.0,16.18,/kaggle/working/cut_cutfix_full_tier1_20260729_01/tier1/400_440/media/VqcyH3fnubE_s0000411042_e0000414558.mp4,tier1,cuda,nvenc,cutfix_full_tier1_20260729_01
VqcyH3fnubE_s0000414946_e0000418206,VqcyH3fnubE,414.946,418.206,3.26,1.0,1.0,17.01,/kaggle/working/cut_cutfix_full_tier1_20260729_01/tier1/400_440/media/VqcyH3fnubE_s0000414946_e0000418206.mp4,tier1,cuda,nvenc,cutfix_full_tier1_20260729_01
VqcyH3fnubE_s0000421794_e0000424894,VqcyH3fnubE,421.794,424.894,3.1,1.0,1.0,16.13,/kaggle/working/cut_cutfix_full_tier1_20260729_01/tier1/400_440/media/VqcyH3fnubE_s0000421794_e0000424894.mp4,tier1,cuda,nvenc,cutfix_full_tier1_20260729_01
VqcyH3fnubE_s0000432738_e0000438110,VqcyH3fnubE,432.738,438.11,5.372,1.0,1.0,15.65,/kaggle/working/cut_cutfix_full_tier1_20260729_01/tier1/400_440/media/VqcyH3fnubE_s0000432738_e0000438110.mp4,tier1,cuda,nvenc,cutfix_full_tier1_20260729_01
VqcyH3fnubE_s0000438498_e0000448030,VqcyH3fnubE,438.498,448.03,9.532,1.0,1.0,15.33,/kaggle/working/cut_cutfix_full_tier1_20260729_01/tier1/400_440/media/VqcyH3fnubE_s0000438498_e0000448030.mp4,tier1,cuda,nvenc,cutfix_full_tier1_20260729_01
VqcyH3fnubE_s0000448322_e0000451774,VqcyH3fnubE,448.322,451.774,3.452,1.0,1.0,16.09,/kaggle/working/cut_cutfix_full_tier1_20260729_01/tier1/400_440/media/VqcyH3fnubE_s0000448322_e0000451774.mp4,tier1,cuda,nvenc,cutfix_full_tier1_20260729_01
VqcyH3fnubE_s0000460194_e0000463070,VqcyH3fnubE,460.194,463.07,2.876,1.0,1.0,17.2,/kaggle/working/cut_cutfix_full_tier1_20260729_01/tier1/400_440/media/VqcyH3fnubE_s0000460194_e0000463070.mp4,tier1,cuda,nvenc,cutfix_full_tier1_20260729_01
VqcyH3fnubE_s0000464706_e0000469470,VqcyH3fnubE,464.706,469.47,4.764,1.0,1.0,16.96,/kaggle/working/cut_cutfix_full_tier1_20260729_01/tier1/400_440/media/VqcyH3fnubE_s0000464706_e0000469470.mp4,tier1,cuda,nvenc,cutfix_full_tier1_20260729_01
VqcyH3fnubE_s0000476258_e0000487902,VqcyH3fnubE,476.258,487.902,11.644,1.0,1.0,16.64,/kaggle/working/cut_cutfix_full_tier1_20260729_01/tier1/400_440/media/VqcyH3fnubE_s0000476258_e0000487902.mp4,tier1,cuda,nvenc,cutfix_full_tier1_20260729_01
VqcyH3fnubE_s0000492130_e0000494686,VqcyH3fnubE,492.13,494.686,2.556,1.0,1.0,16.59,/kaggle/working/cut_cutfix_full_tier1_20260729_01/tier1/400_440/media/VqcyH3fnubE_s0000492130_e0000494686.mp4,tier1,cuda,nvenc,cutfix_full_tier1_20260729_01
VqcyH3fnubE_s0000495362_e0000503326,VqcyH3fnubE,495.362,503.326,7.964,1.0,1.0,16.76,/kaggle/working/cut_cutfix_full_tier1_20260729_01/tier1/400_440/media/VqcyH3fnubE_s0000495362_e0000503326.mp4,tier1,cuda,nvenc,cutfix_full_tier1_20260729_01
VqcyH3fnubE_s0000503714_e0000506398,VqcyH3fnubE,503.714,506.398,2.684,1.0,1.0,16.87,/kaggle/working/cut_cutfix_full_tier1_20260729_01/tier1/400_440/media/VqcyH3fnubE_s0000503714_e0000506398.mp4,tier1,cuda,nvenc,cutfix_full_tier1_20260729_01
VqcyH3fnubE_s0000506850_e0000510238,VqcyH3fnubE,506.85,510.238,3.388,1.0,1.0,18.06,/kaggle/working/cut_cutfix_full_tier1_20260729_01/tier1/400_440/media/VqcyH3fnubE_s0000506850_e0000510238.mp4,tier1,cuda,nvenc,cutfix_full_tier1_20260729_01
VqcyH3fnubE_s0000512418_e0000514782,VqcyH3fnubE,512.418,514.782,2.364,1.0,1.0,15.15,/kaggle/working/cut_cutfix_full_tier1_20260729_01/tier1/400_440/media/VqcyH3fnubE_s0000512418_e0000514782.mp4,tier1,cuda,nvenc,cutfix_full_tier1_20260729_01
VqcyH3fnubE_s0000519362_e0000521598,VqcyH3fnubE,519.362,521.598,2.236,1.0,1.0,17.6,/kaggle/working/cut_cutfix_full_tier1_20260729_01/tier1/400_440/media/VqcyH3fnubE_s0000519362_e0000521598.mp4,tier1,cuda,nvenc,cutfix_full_tier1_20260729_01
VqcyH3fnubE_s0000523618_e0000525950,VqcyH3fnubE,523.618,525.95,2.332,1.0,1.0,16.06,/kaggle/working/cut_cutfix_full_tier1_20260729_01/tier1/400_440/media/VqcyH3fnubE_s0000523618_e0000525950.mp4,tier1,cuda,nvenc,cutfix_full_tier1_20260729_01
VqcyH3fnubE_s0000526850_e0000529150,VqcyH3fnubE,526.85,529.15,2.3,1.0,1.0,16.32,/kaggle/working/cut_cutfix_full_tier1_20260729_01/tier1/400_440/media/VqcyH3fnubE_s0000526850_e0000529150.mp4,tier1,cuda,nvenc,cutfix_full_tier1_20260729_01
VqcyH3fnubE_s0000530114_e0000533566,VqcyH3fnubE,530.114,533.566,3.452,1.0,1.0,17.17,/kaggle/working/cut_cutfix_full_tier1_20260729_01/tier1/400_440/media/VqcyH3fnubE_s0000530114_e0000533566.mp4,tier1,cuda,nvenc,cutfix_full_tier1_20260729_01
VqcyH3fnubE_s0000538082_e0000542014,VqcyH3fnubE,538.082,542.014,3.932,1.0,1.0,17.5,/kaggle/working/cut_cutfix_full_tier1_20260729_01/tier1/400_440/media/VqcyH3fnubE_s0000538082_e0000542014.mp4,tier1,cuda,nvenc,cutfix_full_tier1_20260729_01
VqcyH3fnubE_s0000555522_e0000559134,VqcyH3fnubE,555.522,559.134,3.612,1.0,1.0,17.22,/kaggle/working/cut_cutfix_full_tier1_20260729_01/tier1/400_440/media/VqcyH3fnubE_s0000555522_e0000559134.mp4,tier1,cuda,nvenc,cutfix_full_tier1_20260729_01
VqcyH3fnubE_s0000559906_e0000562142,VqcyH3fnubE,559.906,562.142,2.236,1.0,1.0,17.29,/kaggle/working/cut_cutfix_full_tier1_20260729_01/tier1/400_440/media/VqcyH3fnubE_s0000559906_e0000562142.mp4,tier1,cuda,nvenc,cutfix_full_tier1_20260729_01
VqcyH3fnubE_s0000563682_e0000565694,VqcyH3fnubE,563.682,565.694,2.012,1.0,1.0,14.23,/kaggle/working/cut_cutfix_full_tier1_20260729_01/tier1/400_440/media/VqcyH3fnubE_s0000563682_e0000565694.mp4,tier1,cuda,nvenc,cutfix_full_tier1_20260729_01
VqcyH3fnubE_s0000566818_e0000571838,VqcyH3fnubE,566.818,571.838,5.02,1.0,1.0,16.13,/kaggle/working/cut_cutfix_full_tier1_20260729_01/tier1/400_440/media/VqcyH3fnubE_s0000566818_e0000571838.mp4,tier1,cuda,nvenc,cutfix_full_tier1_20260729_01
VqcyH3fnubE_s0000574818_e0000576830,VqcyH3fnubE,574.818,576.83,2.012,1.0,1.0,17.25,/kaggle/working/cut_cutfix_full_tier1_20260729_01/tier1/400_440/media/VqcyH3fnubE_s0000574818_e0000576830.mp4,tier1,cuda,nvenc,cutfix_full_tier1_20260729_01
VqcyH3fnubE_s0000577282_e0000581950,VqcyH3fnubE,577.282,581.95,4.668,1.0,1.0,16.43,/kaggle/working/cut_cutfix_full_tier1_20260729_01/tier1/400_440/media/VqcyH3fnubE_s0000577282_e0000581950.mp4,tier1,cuda,nvenc,cutfix_full_tier1_20260729_01
VqcyH3fnubE_s0000584962_e0000587838,VqcyH3fnubE,584.962,587.838,2.876,1.0,1.0,14.16,/kaggle/working/cut_cutfix_full_tier1_20260729_01/tier1/400_440/media/VqcyH3fnubE_s0000584962_e0000587838.mp4,tier1,cuda,nvenc,cutfix_full_tier1_20260729_01
VqcyH3fnubE_s0000588034_e0000591966,VqcyH3fnubE,588.034,591.966,3.932,1.0,1.0,15.75,/kaggle/working/cut_cutfix_full_tier1_20260729_01/tier1/400_440/media/VqcyH3fnubE_s0000588034_e0000591966.mp4,tier1,cuda,nvenc,cutfix_full_tier1_20260729_01
VqcyH3fnubE_s0000592962_e0000596062,VqcyH3fnubE,592.962,596.062,3.1,1.0,1.0,16.98,/kaggle/working/cut_cutfix_full_tier1_20260729_01/tier1/400_440/media/VqcyH3fnubE_s0000592962_e0000596062.mp4,tier1,cuda,nvenc,cutfix_full_tier1_20260729_01
Vx59ouLloCg_s0000013602_e0000016030,Vx59ouLloCg,13.602,16.03,2.428,1.0,1.0,6.6,/kaggle/working/cut_cutfix_full_tier1_20260729_01/tier1/400_440/media/Vx59ouLloCg_s0000013602_e0000016030.mp4,tier1,cuda,nvenc,cutfix_full_tier1_20260729_01
Vx59ouLloCg_s0000016290_e0000018910,Vx59ouLloCg,16.29,18.91,2.62,1.0,1.0,5.18,/kaggle/working/cut_cutfix_full_tier1_20260729_01/tier1/400_440/media/Vx59ouLloCg_s0000016290_e0000018910.mp4,tier1,cuda,nvenc,cutfix_full_tier1_20260729_01
Vx59ouLloCg_s0000019298_e0000021886,Vx59ouLloCg,19.298,21.886,2.588,1.0,1.0,6.15,/kaggle/working/cut_cutfix_full_tier1_20260729_01/tier1/400_440/media/Vx59ouLloCg_s0000019298_e0000021886.mp4,tier1,cuda,nvenc,cutfix_full_tier1_20260729_01
Vx59ouLloCg_s0000022018_e0000025246,Vx59ouLloCg,22.018,25.246,3.228,1.0,1.0,3.27,/kaggle/working/cut_cutfix_full_tier1_20260729_01/tier1/400_440/media/Vx59ouLloCg_s0000022018_e0000025246.mp4,tier1,cuda,nvenc,cutfix_full_tier1_20260729_01
Vx59ouLloCg_s0000025410_e0000030078,Vx59ouLloCg,25.41,30.078,4.668,1.0,1.0,4.37,/kaggle/working/cut_cutfix_full_tier1_20260729_01/tier1/400_440/media/Vx59ouLloCg_s0000025410_e0000030078.mp4,tier1,cuda,nvenc,cutfix_full_tier1_20260729_01
Vx59ouLloCg_s0000030242_e0000033214,Vx59ouLloCg,30.242,33.214,2.972,1.0,1.0,2.49,/kaggle/working/cut_cutfix_full_tier1_20260729_01/tier1/400_440/media/Vx59ouLloCg_s0000030242_e0000033214.mp4,tier1,cuda,nvenc,cutfix_full_tier1_20260729_01
Vx59ouLloCg_s0000034562_e0000041758,Vx59ouLloCg,34.562,41.758,7.196,1.0,1.0,3.37,/kaggle/working/cut_cutfix_full_tier1_20260729_01/tier1/400_440/media/Vx59ouLloCg_s0000034562_e0000041758.mp4,tier1,cuda,nvenc,cutfix_full_tier1_20260729_01
Vx59ouLloCg_s0000041858_e0000048670,Vx59ouLloCg,41.858,48.67,6.812,1.0,1.0,6.06,/kaggle/working/cut_cutfix_full_tier1_20260729_01/tier1/400_440/media/Vx59ouLloCg_s0000041858_e0000048670.mp4,tier1,cuda,nvenc,cutfix_full_tier1_20260729_01
Vx59ouLloCg_s0000049442_e0000051838,Vx59ouLloCg,49.442,51.838,2.396,1.0,1.0,6.46,/kaggle/working/cut_cutfix_full_tier1_20260729_01/tier1/400_440/media/Vx59ouLloCg_s0000049442_e0000051838.mp4,tier1,cuda,nvenc,cutfix_full_tier1_20260729_01
Vx59ouLloCg_s0000051938_e0000055646,Vx59ouLloCg,51.938,55.646,3.708,1.0,1.0,5.29,/kaggle/working/cut_cutfix_full_tier1_20260729_01/tier1/400_440/media/Vx59ouLloCg_s0000051938_e0000055646.mp4,tier1,cuda,nvenc,cutfix_full_tier1_20260729_01
Vx59ouLloCg_s0000055842_e0000064606,Vx59ouLloCg,55.842,64.606,8.764,1.0,1.0,4.75,/kaggle/working/cut_cutfix_full_tier1_20260729_01/tier1/400_440/media/Vx59ouLloCg_s0000055842_e0000064606.mp4,tier1,cuda,nvenc,cutfix_full_tier1_20260729_01
Vx59ouLloCg_s0000067170_e0000075038,Vx59ouLloCg,67.17,75.038,7.868,1.0,1.0,4.75,/kaggle/working/cut_cutfix_full_tier1_20260729_01/tier1/400_440/media/Vx59ouLloCg_s0000067170_e0000075038.mp4,tier1,cuda,nvenc,cutfix_full_tier1_20260729_01
Vx59ouLloCg_s0000075266_e0000082622,Vx59ouLloCg,75.266,82.622,7.356,1.0,1.0,4.04,/kaggle/working/cut_cutfix_full_tier1_20260729_01/tier1/400_440/media/Vx59ouLloCg_s0000075266_e0000082622.mp4,tier1,cuda,nvenc,cutfix_full_tier1_20260729_01
Vx59ouLloCg_s0000083938_e0000093086,Vx59ouLloCg,83.938,93.086,9.148,1.0,1.0,4.26,/kaggle/working/cut_cutfix_full_tier1_20260729_01/tier1/400_440/media/Vx59ouLloCg_s0000083938_e0000093086.mp4,tier1,cuda,nvenc,cutfix_full_tier1_20260729_01
Vx59ouLloCg_s0000093826_e0000097182,Vx59ouLloCg,93.826,97.182,3.356,1.0,1.0,4.87,/kaggle/working/cut_cutfix_full_tier1_20260729_01/tier1/400_440/media/Vx59ouLloCg_s0000093826_e0000097182.mp4,tier1,cuda,nvenc,cutfix_full_tier1_20260729_01
Vx59ouLloCg_s0000098274_e0000100830,Vx59ouLloCg,98.274,100.83,2.556,1.0,1.0,4.87,/kaggle/working/cut_cutfix_full_tier1_20260729_01/tier1/400_440/media/Vx59ouLloCg_s0000098274_e0000100830.mp4,tier1,cuda,nvenc,cutfix_full_tier1_20260729_01
Vx59ouLloCg_s0000101026_e0000106026,Vx59ouLloCg,101.026,106.026,5.0,1.0,1.0,4.73,/kaggle/working/cut_cutfix_full_tier1_20260729_01/tier1/400_440/media/Vx59ouLloCg_s0000101026_e0000106026.mp4,tier1,cuda,nvenc,cutfix_full_tier1_20260729_01
Vx59ouLloCg_s0000105026_e0000110026,Vx59ouLloCg,105.026,110.026,5.0,1.0,1.0,5.1,/kaggle/working/cut_cutfix_full_tier1_20260729_01/tier1/400_440/media/Vx59ouLloCg_s0000105026_e0000110026.mp4,tier1,cuda,nvenc,cutfix_full_tier1_20260729_01
Vx59ouLloCg_s0000109026_e0000114026,Vx59ouLloCg,109.026,114.026,5.0,1.0,1.0,4.97,/kaggle/working/cut_cutfix_full_tier1_20260729_01/tier1/400_440/media/Vx59ouLloCg_s0000109026_e0000114026.mp4,tier1,cuda,nvenc,cutfix_full_tier1_20260729_01
Vx59ouLloCg_s0000113026_e0000118026,Vx59ouLloCg,113.026,118.026,5.0,1.0,1.0,5.48,/kaggle/working/cut_cutfix_full_tier1_20260729_01/tier1/400_440/media/Vx59ouLloCg_s0000113026_e0000118026.mp4,tier1,cuda,nvenc,cutfix_full_tier1_20260729_01
Vx59ouLloCg_s0000117026_e0000122026,Vx59ouLloCg,117.026,122.026,5.0,1.0,1.0,4.86,/kaggle/working/cut_cutfix_full_tier1_20260729_01/tier1/400_440/media/Vx59ouLloCg_s0000117026_e0000122026.mp4,tier1,cuda,nvenc,cutfix_full_tier1_20260729_01
Vx59ouLloCg_s0000126210_e0000134398,Vx59ouLloCg,126.21,134.398,8.188,1.0,1.0,4.88,/kaggle/working/cut_cutfix_full_tier1_20260729_01/tier1/400_440/media/Vx59ouLloCg_s0000126210_e0000134398.mp4,tier1,cuda,nvenc,cutfix_full_tier1_20260729_01
Vx59ouLloCg_s0000134626_e0000141918,Vx59ouLloCg,134.626,141.918,7.292,1.0,1.0,3.36,/kaggle/working/cut_cutfix_full_tier1_20260729_01/tier1/400_440/media/Vx59ouLloCg_s0000134626_e0000141918.mp4,tier1,cuda,nvenc,cutfix_full_tier1_20260729_01
Vx59ouLloCg_s0000142146_e0000147146,Vx59ouLloCg,142.146,147.146,5.0,1.0,1.0,5.14,/kaggle/working/cut_cutfix_full_tier1_20260729_01/tier1/400_440/media/Vx59ouLloCg_s0000142146_e0000147146.mp4,tier1,cuda,nvenc,cutfix_full_tier1_20260729_01
Vx59ouLloCg_s0000146146_e0000151146,Vx59ouLloCg,146.146,151.146,5.0,1.0,1.0,5.13,/kaggle/working/cut_cutfix_full_tier1_20260729_01/tier1/400_440/media/Vx59ouLloCg_s0000146146_e0000151146.mp4,tier1,cuda,nvenc,cutfix_full_tier1_20260729_01
Vx59ouLloCg_s0000150146_e0000155146,Vx59ouLloCg,150.146,155.146,5.0,1.0,1.0,3.86,/kaggle/working/cut_cutfix_full_tier1_20260729_01/tier1/400_440/media/Vx59ouLloCg_s0000150146_e0000155146.mp4,tier1,cuda,nvenc,cutfix_full_tier1_20260729_01
Vx59ouLloCg_s0000154146_e0000159146,Vx59ouLloCg,154.146,159.146,5.0,1.0,1.0,5.57,/kaggle/working/cut_cutfix_full_tier1_20260729_01/tier1/400_440/media/Vx59ouLloCg_s0000154146_e0000159146.mp4,tier1,cuda,nvenc,cutfix_full_tier1_20260729_01
Vx59ouLloCg_s0000159554_e0000167998,Vx59ouLloCg,159.554,167.998,8.444,1.0,1.0,2.52,/kaggle/working/cut_cutfix_full_tier1_20260729_01/tier1/400_440/media/Vx59ouLloCg_s0000159554_e0000167998.mp4,tier1,cuda,nvenc,cutfix_full_tier1_20260729_01
Vx59ouLloCg_s0000168130_e0000174462,Vx59ouLloCg,168.13,174.462,6.332,1.0,1.0,4.41,/kaggle/working/cut_cutfix_full_tier1_20260729_01/tier1/400_440/media/Vx59ouLloCg_s0000168130_e0000174462.mp4,tier1,cuda,nvenc,cutfix_full_tier1_20260729_01
Vx59ouLloCg_s0000175970_e0000184862,Vx59ouLloCg,175.97,184.862,8.892,1.0,1.0,3.68,/kaggle/working/cut_cutfix_full_tier1_20260729_01/tier1/400_440/media/Vx59ouLloCg_s0000175970_e0000184862.mp4,tier1,cuda,nvenc,cutfix_full_tier1_20260729_01
Vx59ouLloCg_s0000185122_e0000192862,Vx59ouLloCg,185.122,192.862,7.74,1.0,1.0,5.02,/kaggle/working/cut_cutfix_full_tier1_20260729_01/tier1/400_440/media/Vx59ouLloCg_s0000185122_e0000192862.mp4,tier1,cuda,nvenc,cutfix_full_tier1_20260729_01
Vx59ouLloCg_s0000193346_e0000199870,Vx59ouLloCg,193.346,199.87,6.524,1.0,1.0,4.99,/kaggle/working/cut_cutfix_full_tier1_20260729_01/tier1/400_440/media/Vx59ouLloCg_s0000193346_e0000199870.mp4,tier1,cuda,nvenc,cutfix_full_tier1_20260729_01
Vx59ouLloCg_s0000200034_e0000205374,Vx59ouLloCg,200.034,205.374,5.34,1.0,1.0,4.87,/kaggle/working/cut_cutfix_full_tier1_20260729_01/tier1/400_440/media/Vx59ouLloCg_s0000200034_e0000205374.mp4,tier1,cuda,nvenc,cutfix_full_tier1_20260729_01
Vx59ouLloCg_s0000205474_e0000213502,Vx59ouLloCg,205.474,213.502,8.028,1.0,1.0,5.06,/kaggle/working/cut_cutfix_full_tier1_20260729_01/tier1/400_440/media/Vx59ouLloCg_s0000205474_e0000213502.mp4,tier1,cuda,nvenc,cutfix_full_tier1_20260729_01
Vx59ouLloCg_s0000215778_e0000220542,Vx59ouLloCg,215.778,220.542,4.764,1.0,1.0,4.95,/kaggle/working/cut_cutfix_full_tier1_20260729_01/tier1/400_440/media/Vx59ouLloCg_s0000215778_e0000220542.mp4,tier1,cuda,nvenc,cutfix_full_tier1_20260729_01
Vx59ouLloCg_s0000221954_e0000227038,Vx59ouLloCg,221.954,227.038,5.084,1.0,1.0,6.06,/kaggle/working/cut_cutfix_full_tier1_20260729_01/tier1/400_440/media/Vx59ouLloCg_s0000221954_e0000227038.mp4,tier1,cuda,nvenc,cutfix_full_tier1_20260729_01
Vx59ouLloCg_s0000227138_e0000229470,Vx59ouLloCg,227.138,229.47,2.332,1.0,1.0,-11.56,/kaggle/working/cut_cutfix_full_tier1_20260729_01/tier1/400_440/media/Vx59ouLloCg_s0000227138_e0000229470.mp4,tier1,cuda,nvenc,cutfix_full_tier1_20260729_01
Vx59ouLloCg_s0000231266_e0000236266,Vx59ouLloCg,231.266,236.266,5.0,1.0,1.0,5.81,/kaggle/working/cut_cutfix_full_tier1_20260729_01/tier1/400_440/media/Vx59ouLloCg_s0000231266_e0000236266.mp4,tier1,cuda,nvenc,cutfix_full_tier1_20260729_01
Vx59ouLloCg_s0000235266_e0000240266,Vx59ouLloCg,235.266,240.266,5.0,1.0,1.0,5.45,/kaggle/working/cut_cutfix_full_tier1_20260729_01/tier1/400_440/media/Vx59ouLloCg_s0000235266_e0000240266.mp4,tier1,cuda,nvenc,cutfix_full_tier1_20260729_01
Vx59ouLloCg_s0000239266_e0000243646,Vx59ouLloCg,239.266,243.646,4.38,1.0,1.0,5.25,/kaggle/working/cut_cutfix_full_tier1_20260729_01/tier1/400_440/media/Vx59ouLloCg_s0000239266_e0000243646.mp4,tier1,cuda,nvenc,cutfix_full_tier1_20260729_01
Vx59ouLloCg_s0000244354_e0000249310,Vx59ouLloCg,244.354,249.31,4.956,1.0,1.0,4.23,/kaggle/working/cut_cutfix_full_tier1_20260729_01/tier1/400_440/media/Vx59ouLloCg_s0000244354_e0000249310.mp4,tier1,cuda,nvenc,cutfix_full_tier1_20260729_01
Vx59ouLloCg_s0000249506_e0000255038,Vx59ouLloCg,249.506,255.038,5.532,1.0,1.0,3.04,/kaggle/working/cut_cutfix_full_tier1_20260729_01/tier1/400_440/media/Vx59ouLloCg_s0000249506_e0000255038.mp4,tier1,cuda,nvenc,cutfix_full_tier1_20260729_01
Vx59ouLloCg_s0000255394_e0000258910,Vx59ouLloCg,255.394,258.91,3.516,1.0,1.0,5.97,/kaggle/working/cut_cutfix_full_tier1_20260729_01/tier1/400_440/media/Vx59ouLloCg_s0000255394_e0000258910.mp4,tier1,cuda,nvenc,cutfix_full_tier1_20260729_01
Vx59ouLloCg_s0000259042_e0000266718,Vx59ouLloCg,259.042,266.718,7.676,1.0,1.0,3.0,/kaggle/working/cut_cutfix_full_tier1_20260729_01/tier1/400_440/media/Vx59ouLloCg_s0000259042_e0000266718.mp4,tier1,cuda,nvenc,cutfix_full_tier1_20260729_01
Vx59ouLloCg_s0000266978_e0000270782,Vx59ouLloCg,266.978,270.782,3.804,1.0,1.0,5.92,/kaggle/working/cut_cutfix_full_tier1_20260729_01/tier1/400_440/media/Vx59ouLloCg_s0000266978_e0000270782.mp4,tier1,cuda,nvenc,cutfix_full_tier1_20260729_01
Vx59ouLloCg_s0000274466_e0000276542,Vx59ouLloCg,274.466,276.542,2.076,1.0,1.0,2.47,/kaggle/working/cut_cutfix_full_tier1_20260729_01/tier1/400_440/media/Vx59ouLloCg_s0000274466_e0000276542.mp4,tier1,cuda,nvenc,cutfix_full_tier1_20260729_01
Vx59ouLloCg_s0000278306_e0000282462,Vx59ouLloCg,278.306,282.462,4.156,1.0,1.0,4.68,/kaggle/working/cut_cutfix_full_tier1_20260729_01/tier1/400_440/media/Vx59ouLloCg_s0000278306_e0000282462.mp4,tier1,cuda,nvenc,cutfix_full_tier1_20260729_01
Vx59ouLloCg_s0000282722_e0000288830,Vx59ouLloCg,282.722,288.83,6.108,1.0,1.0,4.65,/kaggle/working/cut_cutfix_full_tier1_20260729_01/tier1/400_440/media/Vx59ouLloCg_s0000282722_e0000288830.mp4,tier1,cuda,nvenc,cutfix_full_tier1_20260729_01
Vx59ouLloCg_s0000289218_e0000291742,Vx59ouLloCg,289.218,291.742,2.524,1.0,1.0,5.67,/kaggle/working/cut_cutfix_full_tier1_20260729_01/tier1/400_440/media/Vx59ouLloCg_s0000289218_e0000291742.mp4,tier1,cuda,nvenc,cutfix_full_tier1_20260729_01
Vx59ouLloCg_s0000291938_e0000295678,Vx59ouLloCg,291.938,295.678,3.74,1.0,1.0,4.33,/kaggle/working/cut_cutfix_full_tier1_20260729_01/tier1/400_440/media/Vx59ouLloCg_s0000291938_e0000295678.mp4,tier1,cuda,nvenc,cutfix_full_tier1_20260729_01
Vx59ouLloCg_s0000295810_e0000298398,Vx59ouLloCg,295.81,298.398,2.588,1.0,1.0,-12.29,/kaggle/working/cut_cutfix_full_tier1_20260729_01/tier1/400_440/media/Vx59ouLloCg_s0000295810_e0000298398.mp4,tier1,cuda,nvenc,cutfix_full_tier1_20260729_01
Vx59ouLloCg_s0000298754_e0000304446,Vx59ouLloCg,298.754,304.446,5.692,1.0,1.0,4.38,/kaggle/working/cut_cutfix_full_tier1_20260729_01/tier1/400_440/media/Vx59ouLloCg_s0000298754_e0000304446.mp4,tier1,cuda,nvenc,cutfix_full_tier1_20260729_01
Vx59ouLloCg_s0000304610_e0000307198,Vx59ouLloCg,304.61,307.198,2.588,1.0,1.0,6.62,/kaggle/working/cut_cutfix_full_tier1_20260729_01/tier1/400_440/media/Vx59ouLloCg_s0000304610_e0000307198.mp4,tier1,cuda,nvenc,cutfix_full_tier1_20260729_01
Vx59ouLloCg_s0000307394_e0000312638,Vx59ouLloCg,307.394,312.638,5.244,1.0,1.0,2.66,/kaggle/working/cut_cutfix_full_tier1_20260729_01/tier1/400_440/media/Vx59ouLloCg_s0000307394_e0000312638.mp4,tier1,cuda,nvenc,cutfix_full_tier1_20260729_01
Vx59ouLloCg_s0000313538_e0000316382,Vx59ouLloCg,313.538,316.382,2.844,1.0,1.0,5.38,/kaggle/working/cut_cutfix_full_tier1_20260729_01/tier1/400_440/media/Vx59ouLloCg_s0000313538_e0000316382.mp4,tier1,cuda,nvenc,cutfix_full_tier1_20260729_01
Vx59ouLloCg_s0000319298_e0000324298,Vx59ouLloCg,319.298,324.298,5.0,1.0,1.0,3.34,/kaggle/working/cut_cutfix_full_tier1_20260729_01/tier1/400_440/media/Vx59ouLloCg_s0000319298_e0000324298.mp4,tier1,cuda,nvenc,cutfix_full_tier1_20260729_01
Vx59ouLloCg_s0000323298_e0000328298,Vx59ouLloCg,323.298,328.298,5.0,1.0,1.0,5.17,/kaggle/working/cut_cutfix_full_tier1_20260729_01/tier1/400_440/media/Vx59ouLloCg_s0000323298_e0000328298.mp4,tier1,cuda,nvenc,cutfix_full_tier1_20260729_01
Vx59ouLloCg_s0000327298_e0000332298,Vx59ouLloCg,327.298,332.298,5.0,1.0,1.0,4.91,/kaggle/working/cut_cutfix_full_tier1_20260729_01/tier1/400_440/media/Vx59ouLloCg_s0000327298_e0000332298.mp4,tier1,cuda,nvenc,cutfix_full_tier1_20260729_01
Vx59ouLloCg_s0000331298_e0000336298,Vx59ouLloCg,331.298,336.298,5.0,1.0,1.0,3.47,/kaggle/working/cut_cutfix_full_tier1_20260729_01/tier1/400_440/media/Vx59ouLloCg_s0000331298_e0000336298.mp4,tier1,cuda,nvenc,cutfix_full_tier1_20260729_01
Vx59ouLloCg_s0000335298_e0000340298,Vx59ouLloCg,335.298,340.298,5.0,1.0,1.0,2.84,/kaggle/working/cut_cutfix_full_tier1_20260729_01/tier1/400_440/media/Vx59ouLloCg_s0000335298_e0000340298.mp4,tier1,cuda,nvenc,cutfix_full_tier1_20260729_01
Vx59ouLloCg_s0000339298_e0000344298,Vx59ouLloCg,339.298,344.298,5.0,1.0,1.0,4.2,/kaggle/working/cut_cutfix_full_tier1_20260729_01/tier1/400_440/media/Vx59ouLloCg_s0000339298_e0000344298.mp4,tier1,cuda,nvenc,cutfix_full_tier1_20260729_01
Vx59ouLloCg_s0000345122_e0000353342,Vx59ouLloCg,345.122,353.342,8.22,1.0,1.0,4.42,/kaggle/working/cut_cutfix_full_tier1_20260729_01/tier1/400_440/media/Vx59ouLloCg_s0000345122_e0000353342.mp4,tier1,cuda,nvenc,cutfix_full_tier1_20260729_01
Vx59ouLloCg_s0000353506_e0000360542,Vx59ouLloCg,353.506,360.542,7.036,1.0,1.0,2.34,/kaggle/working/cut_cutfix_full_tier1_20260729_01/tier1/400_440/media/Vx59ouLloCg_s0000353506_e0000360542.mp4,tier1,cuda,nvenc,cutfix_full_tier1_20260729_01
Vx59ouLloCg_s0000360674_e0000367038,Vx59ouLloCg,360.674,367.038,6.364,1.0,1.0,3.86,/kaggle/working/cut_cutfix_full_tier1_20260729_01/tier1/400_440/media/Vx59ouLloCg_s0000360674_e0000367038.mp4,tier1,cuda,nvenc,cutfix_full_tier1_20260729_01
Vx59ouLloCg_s0000367170_e0000376062,Vx59ouLloCg,367.17,376.062,8.892,1.0,1.0,4.67,/kaggle/working/cut_cutfix_full_tier1_20260729_01/tier1/400_440/media/Vx59ouLloCg_s0000367170_e0000376062.mp4,tier1,cuda,nvenc,cutfix_full_tier1_20260729_01
Vx59ouLloCg_s0000376386_e0000379262,Vx59ouLloCg,376.386,379.262,2.876,1.0,1.0,3.89,/kaggle/working/cut_cutfix_full_tier1_20260729_01/tier1/400_440/media/Vx59ouLloCg_s0000376386_e0000379262.mp4,tier1,cuda,nvenc,cutfix_full_tier1_20260729_01
Vx59ouLloCg_s0000379362_e0000386878,Vx59ouLloCg,379.362,386.878,7.516,1.0,1.0,5.73,/kaggle/working/cut_cutfix_full_tier1_20260729_01/tier1/400_440/media/Vx59ouLloCg_s0000379362_e0000386878.mp4,tier1,cuda,nvenc,cutfix_full_tier1_20260729_01
Vx59ouLloCg_s0000387138_e0000392138,Vx59ouLloCg,387.138,392.138,5.0,1.0,1.0,5.29,/kaggle/working/cut_cutfix_full_tier1_20260729_01/tier1/400_440/media/Vx59ouLloCg_s0000387138_e0000392138.mp4,tier1,cuda,nvenc,cutfix_full_tier1_20260729_01
Vx59ouLloCg_s0000391138_e0000396138,Vx59ouLloCg,391.138,396.138,5.0,1.0,1.0,-4.85,/kaggle/working/cut_cutfix_full_tier1_20260729_01/tier1/400_440/media/Vx59ouLloCg_s0000391138_e0000396138.mp4,tier1,cuda,nvenc,cutfix_full_tier1_20260729_01
Vx59ouLloCg_s0000395138_e0000399262,Vx59ouLloCg,395.138,399.262,4.124,1.0,1.0,4.27,/kaggle/working/cut_cutfix_full_tier1_20260729_01/tier1/400_440/media/Vx59ouLloCg_s0000395138_e0000399262.mp4,tier1,cuda,nvenc,cutfix_full_tier1_20260729_01
Vx59ouLloCg_s0000399394_e0000404318,Vx59ouLloCg,399.394,404.318,4.924,1.0,1.0,5.08,/kaggle/working/cut_cutfix_full_tier1_20260729_01/tier1/400_440/media/Vx59ouLloCg_s0000399394_e0000404318.mp4,tier1,cuda,nvenc,cutfix_full_tier1_20260729_01
Vx59ouLloCg_s0000404450_e0000413694,Vx59ouLloCg,404.45,413.694,9.244,1.0,1.0,4.94,/kaggle/working/cut_cutfix_full_tier1_20260729_01/tier1/400_440/media/Vx59ouLloCg_s0000404450_e0000413694.mp4,tier1,cuda,nvenc,cutfix_full_tier1_20260729_01
Vx59ouLloCg_s0000413922_e0000418974,Vx59ouLloCg,413.922,418.974,5.052,1.0,1.0,5.09,/kaggle/working/cut_cutfix_full_tier1_20260729_01/tier1/400_440/media/Vx59ouLloCg_s0000413922_e0000418974.mp4,tier1,cuda,nvenc,cutfix_full_tier1_20260729_01
Vx59ouLloCg_s0000419074_e0000424074,Vx59ouLloCg,419.074,424.074,5.0,1.0,1.0,5.46,/kaggle/working/cut_cutfix_full_tier1_20260729_01/tier1/400_440/media/Vx59ouLloCg_s0000419074_e0000424074.mp4,tier1,cuda,nvenc,cutfix_full_tier1_20260729_01
Vx59ouLloCg_s0000423074_e0000428074,Vx59ouLloCg,423.074,428.074,5.0,1.0,1.0,5.16,/kaggle/working/cut_cutfix_full_tier1_20260729_01/tier1/400_440/media/Vx59ouLloCg_s0000423074_e0000428074.mp4,tier1,cuda,nvenc,cutfix_full_tier1_20260729_01
Vx59ouLloCg_s0000427074_e0000432074,Vx59ouLloCg,427.074,432.074,5.0,1.0,1.0,3.24,/kaggle/working/cut_cutfix_full_tier1_20260729_01/tier1/400_440/media/Vx59ouLloCg_s0000427074_e0000432074.mp4,tier1,cuda,nvenc,cutfix_full_tier1_20260729_01
Vx59ouLloCg_s0000431074_e0000434622,Vx59ouLloCg,431.074,434.622,3.548,1.0,1.0,5.69,/kaggle/working/cut_cutfix_full_tier1_20260729_01/tier1/400_440/media/Vx59ouLloCg_s0000431074_e0000434622.mp4,tier1,cuda,nvenc,cutfix_full_tier1_20260729_01
Vx59ouLloCg_s0000434786_e0000442142,Vx59ouLloCg,434.786,442.142,7.356,1.0,1.0,5.19,/kaggle/working/cut_cutfix_full_tier1_20260729_01/tier1/400_440/media/Vx59ouLloCg_s0000434786_e0000442142.mp4,tier1,cuda,nvenc,cutfix_full_tier1_20260729_01
Vx59ouLloCg_s0000442786_e0000448542,Vx59ouLloCg,442.786,448.542,5.756,1.0,1.0,4.96,/kaggle/working/cut_cutfix_full_tier1_20260729_01/tier1/400_440/media/Vx59ouLloCg_s0000442786_e0000448542.mp4,tier1,cuda,nvenc,cutfix_full_tier1_20260729_01
Vx59ouLloCg_s0000448738_e0000452926,Vx59ouLloCg,448.738,452.926,4.188,1.0,1.0,5.06,/kaggle/working/cut_cutfix_full_tier1_20260729_01/tier1/400_440/media/Vx59ouLloCg_s0000448738_e0000452926.mp4,tier1,cuda,nvenc,cutfix_full_tier1_20260729_01
Vx59ouLloCg_s0000453090_e0000458782,Vx59ouLloCg,453.09,458.782,5.692,1.0,1.0,4.06,/kaggle/working/cut_cutfix_full_tier1_20260729_01/tier1/400_440/media/Vx59ouLloCg_s0000453090_e0000458782.mp4,tier1,cuda,nvenc,cutfix_full_tier1_20260729_01
Vx59ouLloCg_s0000459874_e0000467486,Vx59ouLloCg,459.874,467.486,7.612,1.0,1.0,3.93,/kaggle/working/cut_cutfix_full_tier1_20260729_01/tier1/400_440/media/Vx59ouLloCg_s0000459874_e0000467486.mp4,tier1,cuda,nvenc,cutfix_full_tier1_20260729_01
Vx59ouLloCg_s0000468290_e0000470750,Vx59ouLloCg,468.29,470.75,2.46,1.0,1.0,-12.11,/kaggle/working/cut_cutfix_full_tier1_20260729_01/tier1/400_440/media/Vx59ouLloCg_s0000468290_e0000470750.mp4,tier1,cuda,nvenc,cutfix_full_tier1_20260729_01
Vx59ouLloCg_s0000470914_e0000475914,Vx59ouLloCg,470.914,475.914,5.0,1.0,1.0,4.33,/kaggle/working/cut_cutfix_full_tier1_20260729_01/tier1/400_440/media/Vx59ouLloCg_s0000470914_e0000475914.mp4,tier1,cuda,nvenc,cutfix_full_tier1_20260729_01
Vx59ouLloCg_s0000474914_e0000479914,Vx59ouLloCg,474.914,479.914,5.0,1.0,1.0,4.39,/kaggle/working/cut_cutfix_full_tier1_20260729_01/tier1/400_440/media/Vx59ouLloCg_s0000474914_e0000479914.mp4,tier1,cuda,nvenc,cutfix_full_tier1_20260729_01
Vx59ouLloCg_s0000478914_e0000483914,Vx59ouLloCg,478.914,483.914,5.0,1.0,1.0,4.27,/kaggle/working/cut_cutfix_full_tier1_20260729_01/tier1/400_440/media/Vx59ouLloCg_s0000478914_e0000483914.mp4,tier1,cuda,nvenc,cutfix_full_tier1_20260729_01
Vx59ouLloCg_s0000485218_e0000490494,Vx59ouLloCg,485.218,490.494,5.276,1.0,1.0,5.06,/kaggle/working/cut_cutfix_full_tier1_20260729_01/tier1/400_440/media/Vx59ouLloCg_s0000485218_e0000490494.mp4,tier1,cuda,nvenc,cutfix_full_tier1_20260729_01
Vx59ouLloCg_s0000490626_e0000495626,Vx59ouLloCg,490.626,495.626,5.0,1.0,1.0,1.97,/kaggle/working/cut_cutfix_full_tier1_20260729_01/tier1/400_440/media/Vx59ouLloCg_s0000490626_e0000495626.mp4,tier1,cuda,nvenc,cutfix_full_tier1_20260729_01
Vx59ouLloCg_s0000494626_e0000499626,Vx59ouLloCg,494.626,499.626,5.0,1.0,1.0,2.74,/kaggle/working/cut_cutfix_full_tier1_20260729_01/tier1/400_440/media/Vx59ouLloCg_s0000494626_e0000499626.mp4,tier1,cuda,nvenc,cutfix_full_tier1_20260729_01
Vx59ouLloCg_s0000498626_e0000503626,Vx59ouLloCg,498.626,503.626,5.0,1.0,1.0,4.54,/kaggle/working/cut_cutfix_full_tier1_20260729_01/tier1/400_440/media/Vx59ouLloCg_s0000498626_e0000503626.mp4,tier1,cuda,nvenc,cutfix_full_tier1_20260729_01
Vx59ouLloCg_s0000502626_e0000507626,Vx59ouLloCg,502.626,507.626,5.0,1.0,1.0,2.79,/kaggle/working/cut_cutfix_full_tier1_20260729_01/tier1/400_440/media/Vx59ouLloCg_s0000502626_e0000507626.mp4,tier1,cuda,nvenc,cutfix_full_tier1_20260729_01
Vx59ouLloCg_s0000506626_e0000510174,Vx59ouLloCg,506.626,510.174,3.548,1.0,1.0,6.45,/kaggle/working/cut_cutfix_full_tier1_20260729_01/tier1/400_440/media/Vx59ouLloCg_s0000506626_e0000510174.mp4,tier1,cuda,nvenc,cutfix_full_tier1_20260729_01
Vx59ouLloCg_s0000510370_e0000515370,Vx59ouLloCg,510.37,515.37,5.0,1.0,1.0,2.79,/kaggle/working/cut_cutfix_full_tier1_20260729_01/tier1/400_440/media/Vx59ouLloCg_s0000510370_e0000515370.mp4,tier1,cuda,nvenc,cutfix_full_tier1_20260729_01
Vx59ouLloCg_s0000514370_e0000519370,Vx59ouLloCg,514.37,519.37,5.0,1.0,1.0,3.57,/kaggle/working/cut_cutfix_full_tier1_20260729_01/tier1/400_440/media/Vx59ouLloCg_s0000514370_e0000519370.mp4,tier1,cuda,nvenc,cutfix_full_tier1_20260729_01
Vx59ouLloCg_s0000518370_e0000523370,Vx59ouLloCg,518.37,523.37,5.0,1.0,1.0,4.88,/kaggle/working/cut_cutfix_full_tier1_20260729_01/tier1/400_440/media/Vx59ouLloCg_s0000518370_e0000523370.mp4,tier1,cuda,nvenc,cutfix_full_tier1_20260729_01
Vx59ouLloCg_s0000524258_e0000528062,Vx59ouLloCg,524.258,528.062,3.804,1.0,1.0,5.08,/kaggle/working/cut_cutfix_full_tier1_20260729_01/tier1/400_440/media/Vx59ouLloCg_s0000524258_e0000528062.mp4,tier1,cuda,nvenc,cutfix_full_tier1_20260729_01
Vx59ouLloCg_s0000528258_e0000535166,Vx59ouLloCg,528.258,535.166,6.908,1.0,1.0,2.41,/kaggle/working/cut_cutfix_full_tier1_20260729_01/tier1/400_440/media/Vx59ouLloCg_s0000528258_e0000535166.mp4,tier1,cuda,nvenc,cutfix_full_tier1_20260729_01
Vx59ouLloCg_s0000535298_e0000540298,Vx59ouLloCg,535.298,540.298,5.0,1.0,1.0,5.18,/kaggle/working/cut_cutfix_full_tier1_20260729_01/tier1/400_440/media/Vx59ouLloCg_s0000535298_e0000540298.mp4,tier1,cuda,nvenc,cutfix_full_tier1_20260729_01
Vx59ouLloCg_s0000539298_e0000544298,Vx59ouLloCg,539.298,544.298,5.0,1.0,1.0,6.07,/kaggle/working/cut_cutfix_full_tier1_20260729_01/tier1/400_440/media/Vx59ouLloCg_s0000539298_e0000544298.mp4,tier1,cuda,nvenc,cutfix_full_tier1_20260729_01
Vx59ouLloCg_s0000543298_e0000548298,Vx59ouLloCg,543.298,548.298,5.0,1.0,1.0,4.75,/kaggle/working/cut_cutfix_full_tier1_20260729_01/tier1/400_440/media/Vx59ouLloCg_s0000543298_e0000548298.mp4,tier1,cuda,nvenc,cutfix_full_tier1_20260729_01
Vx59ouLloCg_s0000547298_e0000552298,Vx59ouLloCg,547.298,552.298,5.0,1.0,1.0,4.89,/kaggle/working/cut_cutfix_full_tier1_20260729_01/tier1/400_440/media/Vx59ouLloCg_s0000547298_e0000552298.mp4,tier1,cuda,nvenc,cutfix_full_tier1_20260729_01
Vx59ouLloCg_s0000551298_e0000556298,Vx59ouLloCg,551.298,556.298,5.0,1.0,1.0,5.11,/kaggle/working/cut_cutfix_full_tier1_20260729_01/tier1/400_440/media/Vx59ouLloCg_s0000551298_e0000556298.mp4,tier1,cuda,nvenc,cutfix_full_tier1_20260729_01
Vx59ouLloCg_s0000555298_e0000560222,Vx59ouLloCg,555.298,560.222,4.924,1.0,1.0,4.37,/kaggle/working/cut_cutfix_full_tier1_20260729_01/tier1/400_440/media/Vx59ouLloCg_s0000555298_e0000560222.mp4,tier1,cuda,nvenc,cutfix_full_tier1_20260729_01
Vx59ouLloCg_s0000562498_e0000571646,Vx59ouLloCg,562.498,571.646,9.148,1.0,1.0,4.56,/kaggle/working/cut_cutfix_full_tier1_20260729_01/tier1/400_440/media/Vx59ouLloCg_s0000562498_e0000571646.mp4,tier1,cuda,nvenc,cutfix_full_tier1_20260729_01
Vx59ouLloCg_s0000571938_e0000578398,Vx59ouLloCg,571.938,578.398,6.46,1.0,1.0,3.93,/kaggle/working/cut_cutfix_full_tier1_20260729_01/tier1/400_440/media/Vx59ouLloCg_s0000571938_e0000578398.mp4,tier1,cuda,nvenc,cutfix_full_tier1_20260729_01
Vx59ouLloCg_s0000578658_e0000582302,Vx59ouLloCg,578.658,582.302,3.644,1.0,1.0,3.29,/kaggle/working/cut_cutfix_full_tier1_20260729_01/tier1/400_440/media/Vx59ouLloCg_s0000578658_e0000582302.mp4,tier1,cuda,nvenc,cutfix_full_tier1_20260729_01
Vx59ouLloCg_s0000582594_e0000584990,Vx59ouLloCg,582.594,584.99,2.396,1.0,1.0,5.56,/kaggle/working/cut_cutfix_full_tier1_20260729_01/tier1/400_440/media/Vx59ouLloCg_s0000582594_e0000584990.mp4,tier1,cuda,nvenc,cutfix_full_tier1_20260729_01
Vx59ouLloCg_s0000585090_e0000590590,Vx59ouLloCg,585.09,590.59,5.5,1.0,1.0,2.41,/kaggle/working/cut_cutfix_full_tier1_20260729_01/tier1/400_440/media/Vx59ouLloCg_s0000585090_e0000590590.mp4,tier1,cuda,nvenc,cutfix_full_tier1_20260729_01
Vx59ouLloCg_s0000590690_e0000595690,Vx59ouLloCg,590.69,595.69,5.0,1.0,1.0,3.03,/kaggle/working/cut_cutfix_full_tier1_20260729_01/tier1/400_440/media/Vx59ouLloCg_s0000590690_e0000595690.mp4,tier1,cuda,nvenc,cutfix_full_tier1_20260729_01
Vx59ouLloCg_s0000594690_e0000599690,Vx59ouLloCg,594.69,599.69,5.0,1.0,1.0,4.66,/kaggle/working/cut_cutfix_full_tier1_20260729_01/tier1/400_440/media/Vx59ouLloCg_s0000594690_e0000599690.mp4,tier1,cuda,nvenc,cutfix_full_tier1_20260729_01
Vx59ouLloCg_s0000598690_e0000603690,Vx59ouLloCg,598.69,603.69,5.0,1.0,1.0,5.08,/kaggle/working/cut_cutfix_full_tier1_20260729_01/tier1/400_440/media/Vx59ouLloCg_s0000598690_e0000603690.mp4,tier1,cuda,nvenc,cutfix_full_tier1_20260729_01
Vx59ouLloCg_s0000602690_e0000607690,Vx59ouLloCg,602.69,607.69,5.0,1.0,1.0,5.75,/kaggle/working/cut_cutfix_full_tier1_20260729_01/tier1/400_440/media/Vx59ouLloCg_s0000602690_e0000607690.mp4,tier1,cuda,nvenc,cutfix_full_tier1_20260729_01
Vx59ouLloCg_s0000610658_e0000614910,Vx59ouLloCg,610.658,614.91,4.252,1.0,1.0,2.26,/kaggle/working/cut_cutfix_full_tier1_20260729_01/tier1/400_440/media/Vx59ouLloCg_s0000610658_e0000614910.mp4,tier1,cuda,nvenc,cutfix_full_tier1_20260729_01
Vx59ouLloCg_s0000615042_e0000620254,Vx59ouLloCg,615.042,620.254,5.212,1.0,1.0,4.14,/kaggle/working/cut_cutfix_full_tier1_20260729_01/tier1/400_440/media/Vx59ouLloCg_s0000615042_e0000620254.mp4,tier1,cuda,nvenc,cutfix_full_tier1_20260729_01
Vx59ouLloCg_s0000620354_e0000625278,Vx59ouLloCg,620.354,625.278,4.924,1.0,1.0,3.37,/kaggle/working/cut_cutfix_full_tier1_20260729_01/tier1/400_440/media/Vx59ouLloCg_s0000620354_e0000625278.mp4,tier1,cuda,nvenc,cutfix_full_tier1_20260729_01
WEn1JaD70dQ_s0000014530_e0000020862,WEn1JaD70dQ,14.53,20.862,6.332,1.0,1.0,18.28,/kaggle/working/cut_cutfix_full_tier1_20260729_01/tier1/400_440/media/WEn1JaD70dQ_s0000014530_e0000020862.mp4,tier1,cuda,nvenc,cutfix_full_tier1_20260729_01
WEn1JaD70dQ_s0000020994_e0000026206,WEn1JaD70dQ,20.994,26.206,5.212,1.0,1.0,21.08,/kaggle/working/cut_cutfix_full_tier1_20260729_01/tier1/400_440/media/WEn1JaD70dQ_s0000020994_e0000026206.mp4,tier1,cuda,nvenc,cutfix_full_tier1_20260729_01
WEn1JaD70dQ_s0000026306_e0000028798,WEn1JaD70dQ,26.306,28.798,2.492,1.0,1.0,21.9,/kaggle/working/cut_cutfix_full_tier1_20260729_01/tier1/400_440/media/WEn1JaD70dQ_s0000026306_e0000028798.mp4,tier1,cuda,nvenc,cutfix_full_tier1_20260729_01
WEn1JaD70dQ_s0000028962_e0000033962,WEn1JaD70dQ,28.962,33.962,5.0,1.0,1.0,20.85,/kaggle/working/cut_cutfix_full_tier1_20260729_01/tier1/400_440/media/WEn1JaD70dQ_s0000028962_e0000033962.mp4,tier1,cuda,nvenc,cutfix_full_tier1_20260729_01
WEn1JaD70dQ_s0000032962_e0000037962,WEn1JaD70dQ,32.962,37.962,5.0,1.0,1.0,18.43,/kaggle/working/cut_cutfix_full_tier1_20260729_01/tier1/400_440/media/WEn1JaD70dQ_s0000032962_e0000037962.mp4,tier1,cuda,nvenc,cutfix_full_tier1_20260729_01
WEn1JaD70dQ_s0000036962_e0000041054,WEn1JaD70dQ,36.962,41.054,4.092,1.0,1.0,18.89,/kaggle/working/cut_cutfix_full_tier1_20260729_01/tier1/400_440/media/WEn1JaD70dQ_s0000036962_e0000041054.mp4,tier1,cuda,nvenc,cutfix_full_tier1_20260729_01
WEn1JaD70dQ_s0000044642_e0000048670,WEn1JaD70dQ,44.642,48.67,4.028,1.0,1.0,21.51,/kaggle/working/cut_cutfix_full_tier1_20260729_01/tier1/400_440/media/WEn1JaD70dQ_s0000044642_e0000048670.mp4,tier1,cuda,nvenc,cutfix_full_tier1_20260729_01
WEn1JaD70dQ_s0000055234_e0000059198,WEn1JaD70dQ,55.234,59.198,3.964,1.0,1.0,21.9,/kaggle/working/cut_cutfix_full_tier1_20260729_01/tier1/400_440/media/WEn1JaD70dQ_s0000055234_e0000059198.mp4,tier1,cuda,nvenc,cutfix_full_tier1_20260729_01
WEn1JaD70dQ_s0000060450_e0000062558,WEn1JaD70dQ,60.45,62.558,2.108,1.0,1.0,15.93,/kaggle/working/cut_cutfix_full_tier1_20260729_01/tier1/400_440/media/WEn1JaD70dQ_s0000060450_e0000062558.mp4,tier1,cuda,nvenc,cutfix_full_tier1_20260729_01
WEn1JaD70dQ_s0000065954_e0000077438,WEn1JaD70dQ,65.954,77.438,11.484,1.0,1.0,19.35,/kaggle/working/cut_cutfix_full_tier1_20260729_01/tier1/400_440/media/WEn1JaD70dQ_s0000065954_e0000077438.mp4,tier1,cuda,nvenc,cutfix_full_tier1_20260729_01
WEn1JaD70dQ_s0000077954_e0000081566,WEn1JaD70dQ,77.954,81.566,3.612,1.0,1.0,24.91,/kaggle/working/cut_cutfix_full_tier1_20260729_01/tier1/400_440/media/WEn1JaD70dQ_s0000077954_e0000081566.mp4,tier1,cuda,nvenc,cutfix_full_tier1_20260729_01
WEn1JaD70dQ_s0000081666_e0000085214,WEn1JaD70dQ,81.666,85.214,3.548,1.0,1.0,18.03,/kaggle/working/cut_cutfix_full_tier1_20260729_01/tier1/400_440/media/WEn1JaD70dQ_s0000081666_e0000085214.mp4,tier1,cuda,nvenc,cutfix_full_tier1_20260729_01
WEn1JaD70dQ_s0000085442_e0000090430,WEn1JaD70dQ,85.442,90.43,4.988,1.0,1.0,20.33,/kaggle/working/cut_cutfix_full_tier1_20260729_01/tier1/400_440/media/WEn1JaD70dQ_s0000085442_e0000090430.mp4,tier1,cuda,nvenc,cutfix_full_tier1_20260729_01
WEn1JaD70dQ_s0000090722_e0000099326,WEn1JaD70dQ,90.722,99.326,8.604,1.0,1.0,18.66,/kaggle/working/cut_cutfix_full_tier1_20260729_01/tier1/400_440/media/WEn1JaD70dQ_s0000090722_e0000099326.mp4,tier1,cuda,nvenc,cutfix_full_tier1_20260729_01
WEn1JaD70dQ_s0000099778_e0000103230,WEn1JaD70dQ,99.778,103.23,3.452,1.0,1.0,20.78,/kaggle/working/cut_cutfix_full_tier1_20260729_01/tier1/400_440/media/WEn1JaD70dQ_s0000099778_e0000103230.mp4,tier1,cuda,nvenc,cutfix_full_tier1_20260729_01
WEn1JaD70dQ_s0000106146_e0000113726,WEn1JaD70dQ,106.146,113.726,7.58,1.0,1.0,21.48,/kaggle/working/cut_cutfix_full_tier1_20260729_01/tier1/400_440/media/WEn1JaD70dQ_s0000106146_e0000113726.mp4,tier1,cuda,nvenc,cutfix_full_tier1_20260729_01
WEn1JaD70dQ_s0000114306_e0000118398,WEn1JaD70dQ,114.306,118.398,4.092,1.0,1.0,20.34,/kaggle/working/cut_cutfix_full_tier1_20260729_01/tier1/400_440/media/WEn1JaD70dQ_s0000114306_e0000118398.mp4,tier1,cuda,nvenc,cutfix_full_tier1_20260729_01
WEn1JaD70dQ_s0000121026_e0000123582,WEn1JaD70dQ,121.026,123.582,2.556,1.0,1.0,21.29,/kaggle/working/cut_cutfix_full_tier1_20260729_01/tier1/400_440/media/WEn1JaD70dQ_s0000121026_e0000123582.mp4,tier1,cuda,nvenc,cutfix_full_tier1_20260729_01
WEn1JaD70dQ_s0000129826_e0000132766,WEn1JaD70dQ,129.826,132.766,2.94,1.0,1.0,22.33,/kaggle/working/cut_cutfix_full_tier1_20260729_01/tier1/400_440/media/WEn1JaD70dQ_s0000129826_e0000132766.mp4,tier1,cuda,nvenc,cutfix_full_tier1_20260729_01
WEn1JaD70dQ_s0000132930_e0000143806,WEn1JaD70dQ,132.93,143.806,10.876,1.0,1.0,22.1,/kaggle/working/cut_cutfix_full_tier1_20260729_01/tier1/400_440/media/WEn1JaD70dQ_s0000132930_e0000143806.mp4,tier1,cuda,nvenc,cutfix_full_tier1_20260729_01
WEn1JaD70dQ_s0000143906_e0000148702,WEn1JaD70dQ,143.906,148.702,4.796,1.0,1.0,19.86,/kaggle/working/cut_cutfix_full_tier1_20260729_01/tier1/400_440/media/WEn1JaD70dQ_s0000143906_e0000148702.mp4,tier1,cuda,nvenc,cutfix_full_tier1_20260729_01
WEn1JaD70dQ_s0000148898_e0000153822,WEn1JaD70dQ,148.898,153.822,4.924,1.0,1.0,22.85,/kaggle/working/cut_cutfix_full_tier1_20260729_01/tier1/400_440/media/WEn1JaD70dQ_s0000148898_e0000153822.mp4,tier1,cuda,nvenc,cutfix_full_tier1_20260729_01
WEn1JaD70dQ_s0000154146_e0000156382,WEn1JaD70dQ,154.146,156.382,2.236,1.0,1.0,21.88,/kaggle/working/cut_cutfix_full_tier1_20260729_01/tier1/400_440/media/WEn1JaD70dQ_s0000154146_e0000156382.mp4,tier1,cuda,nvenc,cutfix_full_tier1_20260729_01
WEn1JaD70dQ_s0000168034_e0000174494,WEn1JaD70dQ,168.034,174.494,6.46,1.0,1.0,22.79,/kaggle/working/cut_cutfix_full_tier1_20260729_01/tier1/400_440/media/WEn1JaD70dQ_s0000168034_e0000174494.mp4,tier1,cuda,nvenc,cutfix_full_tier1_20260729_01
WEn1JaD70dQ_s0000201250_e0000206250,WEn1JaD70dQ,201.25,206.25,5.0,1.0,1.0,22.37,/kaggle/working/cut_cutfix_full_tier1_20260729_01/tier1/400_440/media/WEn1JaD70dQ_s0000201250_e0000206250.mp4,tier1,cuda,nvenc,cutfix_full_tier1_20260729_01
WEn1JaD70dQ_s0000205250_e0000210250,WEn1JaD70dQ,205.25,210.25,5.0,1.0,1.0,21.18,/kaggle/working/cut_cutfix_full_tier1_20260729_01/tier1/400_440/media/WEn1JaD70dQ_s0000205250_e0000210250.mp4,tier1,cuda,nvenc,cutfix_full_tier1_20260729_01
WEn1JaD70dQ_s0000209250_e0000213854,WEn1JaD70dQ,209.25,213.854,4.604,1.0,1.0,21.8,/kaggle/working/cut_cutfix_full_tier1_20260729_01/tier1/400_440/media/WEn1JaD70dQ_s0000209250_e0000213854.mp4,tier1,cuda,nvenc,cutfix_full_tier1_20260729_01
WEn1JaD70dQ_s0000214082_e0000222142,WEn1JaD70dQ,214.082,222.142,8.06,1.0,1.0,20.89,/kaggle/working/cut_cutfix_full_tier1_20260729_01/tier1/400_440/media/WEn1JaD70dQ_s0000214082_e0000222142.mp4,tier1,cuda,nvenc,cutfix_full_tier1_20260729_01
WEn1JaD70dQ_s0000222882_e0000227358,WEn1JaD70dQ,222.882,227.358,4.476,1.0,1.0,20.91,/kaggle/working/cut_cutfix_full_tier1_20260729_01/tier1/400_440/media/WEn1JaD70dQ_s0000222882_e0000227358.mp4,tier1,cuda,nvenc,cutfix_full_tier1_20260729_01
WEn1JaD70dQ_s0000227458_e0000232458,WEn1JaD70dQ,227.458,232.458,5.0,1.0,1.0,20.92,/kaggle/working/cut_cutfix_full_tier1_20260729_01/tier1/400_440/media/WEn1JaD70dQ_s0000227458_e0000232458.mp4,tier1,cuda,nvenc,cutfix_full_tier1_20260729_01
WEn1JaD70dQ_s0000231458_e0000236458,WEn1JaD70dQ,231.458,236.458,5.0,0.8,1.0,21.24,/kaggle/working/cut_cutfix_full_tier1_20260729_01/tier1/400_440/media/WEn1JaD70dQ_s0000231458_e0000236458.mp4,tier1,cuda,nvenc,cutfix_full_tier1_20260729_01
WEn1JaD70dQ_s0000242242_e0000247102,WEn1JaD70dQ,242.242,247.102,4.86,1.0,1.0,21.24,/kaggle/working/cut_cutfix_full_tier1_20260729_01/tier1/400_440/media/WEn1JaD70dQ_s0000242242_e0000247102.mp4,tier1,cuda,nvenc,cutfix_full_tier1_20260729_01
WEn1JaD70dQ_s0000248962_e0000251326,WEn1JaD70dQ,248.962,251.326,2.364,1.0,1.0,22.08,/kaggle/working/cut_cutfix_full_tier1_20260729_01/tier1/400_440/media/WEn1JaD70dQ_s0000248962_e0000251326.mp4,tier1,cuda,nvenc,cutfix_full_tier1_20260729_01
WEn1JaD70dQ_s0000263522_e0000266494,WEn1JaD70dQ,263.522,266.494,2.972,1.0,1.0,21.23,/kaggle/working/cut_cutfix_full_tier1_20260729_01/tier1/400_440/media/WEn1JaD70dQ_s0000263522_e0000266494.mp4,tier1,cuda,nvenc,cutfix_full_tier1_20260729_01
WEn1JaD70dQ_s0000267138_e0000271870,WEn1JaD70dQ,267.138,271.87,4.732,0.75,1.0,24.26,/kaggle/working/cut_cutfix_full_tier1_20260729_01/tier1/400_440/media/WEn1JaD70dQ_s0000267138_e0000271870.mp4,tier1,cuda,nvenc,cutfix_full_tier1_20260729_01
WEn1JaD70dQ_s0000307170_e0000316766,WEn1JaD70dQ,307.17,316.766,9.596,1.0,1.0,22.04,/kaggle/working/cut_cutfix_full_tier1_20260729_01/tier1/400_440/media/WEn1JaD70dQ_s0000307170_e0000316766.mp4,tier1,cuda,nvenc,cutfix_full_tier1_20260729_01
WEn1JaD70dQ_s0000316898_e0000321374,WEn1JaD70dQ,316.898,321.374,4.476,1.0,1.0,20.84,/kaggle/working/cut_cutfix_full_tier1_20260729_01/tier1/400_440/media/WEn1JaD70dQ_s0000316898_e0000321374.mp4,tier1,cuda,nvenc,cutfix_full_tier1_20260729_01
WEn1JaD70dQ_s0000335778_e0000338558,WEn1JaD70dQ,335.778,338.558,2.78,1.0,1.0,20.52,/kaggle/working/cut_cutfix_full_tier1_20260729_01/tier1/400_440/media/WEn1JaD70dQ_s0000335778_e0000338558.mp4,tier1,cuda,nvenc,cutfix_full_tier1_20260729_01
WEn1JaD70dQ_s0000339266_e0000342430,WEn1JaD70dQ,339.266,342.43,3.164,1.0,1.0,18.26,/kaggle/working/cut_cutfix_full_tier1_20260729_01/tier1/400_440/media/WEn1JaD70dQ_s0000339266_e0000342430.mp4,tier1,cuda,nvenc,cutfix_full_tier1_20260729_01
WEn1JaD70dQ_s0000409250_e0000417150,WEn1JaD70dQ,409.25,417.15,7.9,1.0,1.0,22.17,/kaggle/working/cut_cutfix_full_tier1_20260729_01/tier1/400_440/media/WEn1JaD70dQ_s0000409250_e0000417150.mp4,tier1,cuda,nvenc,cutfix_full_tier1_20260729_01
WEn1JaD70dQ_s0000417250_e0000425118,WEn1JaD70dQ,417.25,425.118,7.868,1.0,1.0,19.06,/kaggle/working/cut_cutfix_full_tier1_20260729_01/tier1/400_440/media/WEn1JaD70dQ_s0000417250_e0000425118.mp4,tier1,cuda,nvenc,cutfix_full_tier1_20260729_01
WEn1JaD70dQ_s0000425474_e0000429118,WEn1JaD70dQ,425.474,429.118,3.644,1.0,1.0,21.2,/kaggle/working/cut_cutfix_full_tier1_20260729_01/tier1/400_440/media/WEn1JaD70dQ_s0000425474_e0000429118.mp4,tier1,cuda,nvenc,cutfix_full_tier1_20260729_01
WEn1JaD70dQ_s0000435842_e0000442782,WEn1JaD70dQ,435.842,442.782,6.94,1.0,1.0,19.64,/kaggle/working/cut_cutfix_full_tier1_20260729_01/tier1/400_440/media/WEn1JaD70dQ_s0000435842_e0000442782.mp4,tier1,cuda,nvenc,cutfix_full_tier1_20260729_01
WEn1JaD70dQ_s0000442914_e0000454078,WEn1JaD70dQ,442.914,454.078,11.164,1.0,1.0,20.41,/kaggle/working/cut_cutfix_full_tier1_20260729_01/tier1/400_440/media/WEn1JaD70dQ_s0000442914_e0000454078.mp4,tier1,cuda,nvenc,cutfix_full_tier1_20260729_01
WEn1JaD70dQ_s0000454562_e0000458110,WEn1JaD70dQ,454.562,458.11,3.548,1.0,1.0,15.62,/kaggle/working/cut_cutfix_full_tier1_20260729_01/tier1/400_440/media/WEn1JaD70dQ_s0000454562_e0000458110.mp4,tier1,cuda,nvenc,cutfix_full_tier1_20260729_01
WEn1JaD70dQ_s0000477698_e0000485950,WEn1JaD70dQ,477.698,485.95,8.252,1.0,1.0,19.6,/kaggle/working/cut_cutfix_full_tier1_20260729_01/tier1/400_440/media/WEn1JaD70dQ_s0000477698_e0000485950.mp4,tier1,cuda,nvenc,cutfix_full_tier1_20260729_01
WEn1JaD70dQ_s0000486114_e0000491486,WEn1JaD70dQ,486.114,491.486,5.372,1.0,1.0,21.6,/kaggle/working/cut_cutfix_full_tier1_20260729_01/tier1/400_440/media/WEn1JaD70dQ_s0000486114_e0000491486.mp4,tier1,cuda,nvenc,cutfix_full_tier1_20260729_01
WEn1JaD70dQ_s0000491682_e0000498462,WEn1JaD70dQ,491.682,498.462,6.78,1.0,1.0,18.75,/kaggle/working/cut_cutfix_full_tier1_20260729_01/tier1/400_440/media/WEn1JaD70dQ_s0000491682_e0000498462.mp4,tier1,cuda,nvenc,cutfix_full_tier1_20260729_01
WEn1JaD70dQ_s0000498818_e0000502366,WEn1JaD70dQ,498.818,502.366,3.548,1.0,1.0,20.46,/kaggle/working/cut_cutfix_full_tier1_20260729_01/tier1/400_440/media/WEn1JaD70dQ_s0000498818_e0000502366.mp4,tier1,cuda,nvenc,cutfix_full_tier1_20260729_01
WEn1JaD70dQ_s0000503746_e0000506974,WEn1JaD70dQ,503.746,506.974,3.228,1.0,1.0,19.57,/kaggle/working/cut_cutfix_full_tier1_20260729_01/tier1/400_440/media/WEn1JaD70dQ_s0000503746_e0000506974.mp4,tier1,cuda,nvenc,cutfix_full_tier1_20260729_01
WEn1JaD70dQ_s0000507938_e0000510558,WEn1JaD70dQ,507.938,510.558,2.62,1.0,1.0,20.16,/kaggle/working/cut_cutfix_full_tier1_20260729_01/tier1/400_440/media/WEn1JaD70dQ_s0000507938_e0000510558.mp4,tier1,cuda,nvenc,cutfix_full_tier1_20260729_01
WXLKrhJtTLA_s0000002658_e0000005246,WXLKrhJtTLA,2.658,5.246,2.588,1.0,1.0,19.4,/kaggle/working/cut_cutfix_full_tier1_20260729_01/tier1/400_440/media/WXLKrhJtTLA_s0000002658_e0000005246.mp4,tier1,cuda,nvenc,cutfix_full_tier1_20260729_01
WXLKrhJtTLA_s0000005762_e0000009630,WXLKrhJtTLA,5.762,9.63,3.868,1.0,1.0,19.1,/kaggle/working/cut_cutfix_full_tier1_20260729_01/tier1/400_440/media/WXLKrhJtTLA_s0000005762_e0000009630.mp4,tier1,cuda,nvenc,cutfix_full_tier1_20260729_01
WXLKrhJtTLA_s0000010626_e0000013054,WXLKrhJtTLA,10.626,13.054,2.428,1.0,1.0,20.56,/kaggle/working/cut_cutfix_full_tier1_20260729_01/tier1/400_440/media/WXLKrhJtTLA_s0000010626_e0000013054.mp4,tier1,cuda,nvenc,cutfix_full_tier1_20260729_01
WXLKrhJtTLA_s0000013218_e0000018078,WXLKrhJtTLA,13.218,18.078,4.86,1.0,1.0,19.19,/kaggle/working/cut_cutfix_full_tier1_20260729_01/tier1/400_440/media/WXLKrhJtTLA_s0000013218_e0000018078.mp4,tier1,cuda,nvenc,cutfix_full_tier1_20260729_01
WXLKrhJtTLA_s0000019042_e0000021726,WXLKrhJtTLA,19.042,21.726,2.684,1.0,1.0,18.85,/kaggle/working/cut_cutfix_full_tier1_20260729_01/tier1/400_440/media/WXLKrhJtTLA_s0000019042_e0000021726.mp4,tier1,cuda,nvenc,cutfix_full_tier1_20260729_01
WXLKrhJtTLA_s0000021858_e0000025182,WXLKrhJtTLA,21.858,25.182,3.324,1.0,1.0,16.51,/kaggle/working/cut_cutfix_full_tier1_20260729_01/tier1/400_440/media/WXLKrhJtTLA_s0000021858_e0000025182.mp4,tier1,cuda,nvenc,cutfix_full_tier1_20260729_01
WXLKrhJtTLA_s0000026594_e0000031594,WXLKrhJtTLA,26.594,31.594,5.0,1.0,1.0,19.76,/kaggle/working/cut_cutfix_full_tier1_20260729_01/tier1/400_440/media/WXLKrhJtTLA_s0000026594_e0000031594.mp4,tier1,cuda,nvenc,cutfix_full_tier1_20260729_01
WXLKrhJtTLA_s0000030594_e0000035594,WXLKrhJtTLA,30.594,35.594,5.0,1.0,1.0,19.02,/kaggle/working/cut_cutfix_full_tier1_20260729_01/tier1/400_440/media/WXLKrhJtTLA_s0000030594_e0000035594.mp4,tier1,cuda,nvenc,cutfix_full_tier1_20260729_01
WXLKrhJtTLA_s0000034594_e0000039038,WXLKrhJtTLA,34.594,39.038,4.444,1.0,1.0,17.4,/kaggle/working/cut_cutfix_full_tier1_20260729_01/tier1/400_440/media/WXLKrhJtTLA_s0000034594_e0000039038.mp4,tier1,cuda,nvenc,cutfix_full_tier1_20260729_01
WXLKrhJtTLA_s0000046402_e0000056830,WXLKrhJtTLA,46.402,56.83,10.428,1.0,1.0,17.12,/kaggle/working/cut_cutfix_full_tier1_20260729_01/tier1/400_440/media/WXLKrhJtTLA_s0000046402_e0000056830.mp4,tier1,cuda,nvenc,cutfix_full_tier1_20260729_01
WXLKrhJtTLA_s0000057410_e0000061566,WXLKrhJtTLA,57.41,61.566,4.156,1.0,1.0,17.47,/kaggle/working/cut_cutfix_full_tier1_20260729_01/tier1/400_440/media/WXLKrhJtTLA_s0000057410_e0000061566.mp4,tier1,cuda,nvenc,cutfix_full_tier1_20260729_01
WXLKrhJtTLA_s0000061666_e0000064318,WXLKrhJtTLA,61.666,64.318,2.652,1.0,1.0,19.13,/kaggle/working/cut_cutfix_full_tier1_20260729_01/tier1/400_440/media/WXLKrhJtTLA_s0000061666_e0000064318.mp4,tier1,cuda,nvenc,cutfix_full_tier1_20260729_01
WXLKrhJtTLA_s0000066530_e0000069342,WXLKrhJtTLA,66.53,69.342,2.812,1.0,1.0,16.77,/kaggle/working/cut_cutfix_full_tier1_20260729_01/tier1/400_440/media/WXLKrhJtTLA_s0000066530_e0000069342.mp4,tier1,cuda,nvenc,cutfix_full_tier1_20260729_01
WXLKrhJtTLA_s0000069634_e0000074078,WXLKrhJtTLA,69.634,74.078,4.444,1.0,1.0,17.92,/kaggle/working/cut_cutfix_full_tier1_20260729_01/tier1/400_440/media/WXLKrhJtTLA_s0000069634_e0000074078.mp4,tier1,cuda,nvenc,cutfix_full_tier1_20260729_01
WXLKrhJtTLA_s0000078466_e0000082110,WXLKrhJtTLA,78.466,82.11,3.644,1.0,1.0,20.07,/kaggle/working/cut_cutfix_full_tier1_20260729_01/tier1/400_440/media/WXLKrhJtTLA_s0000078466_e0000082110.mp4,tier1,cuda,nvenc,cutfix_full_tier1_20260729_01
WXLKrhJtTLA_s0000084066_e0000086654,WXLKrhJtTLA,84.066,86.654,2.588,1.0,1.0,19.22,/kaggle/working/cut_cutfix_full_tier1_20260729_01/tier1/400_440/media/WXLKrhJtTLA_s0000084066_e0000086654.mp4,tier1,cuda,nvenc,cutfix_full_tier1_20260729_01
WXLKrhJtTLA_s0000087106_e0000091550,WXLKrhJtTLA,87.106,91.55,4.444,1.0,1.0,16.59,/kaggle/working/cut_cutfix_full_tier1_20260729_01/tier1/400_440/media/WXLKrhJtTLA_s0000087106_e0000091550.mp4,tier1,cuda,nvenc,cutfix_full_tier1_20260729_01
WXLKrhJtTLA_s0000095266_e0000098238,WXLKrhJtTLA,95.266,98.238,2.972,1.0,1.0,17.65,/kaggle/working/cut_cutfix_full_tier1_20260729_01/tier1/400_440/media/WXLKrhJtTLA_s0000095266_e0000098238.mp4,tier1,cuda,nvenc,cutfix_full_tier1_20260729_01
WXLKrhJtTLA_s0000100066_e0000104830,WXLKrhJtTLA,100.066,104.83,4.764,1.0,1.0,20.76,/kaggle/working/cut_cutfix_full_tier1_20260729_01/tier1/400_440/media/WXLKrhJtTLA_s0000100066_e0000104830.mp4,tier1,cuda,nvenc,cutfix_full_tier1_20260729_01
WXLKrhJtTLA_s0000105090_e0000110142,WXLKrhJtTLA,105.09,110.142,5.052,1.0,1.0,17.59,/kaggle/working/cut_cutfix_full_tier1_20260729_01/tier1/400_440/media/WXLKrhJtTLA_s0000105090_e0000110142.mp4,tier1,cuda,nvenc,cutfix_full_tier1_20260729_01
WXLKrhJtTLA_s0000110306_e0000117342,WXLKrhJtTLA,110.306,117.342,7.036,1.0,1.0,16.99,/kaggle/working/cut_cutfix_full_tier1_20260729_01/tier1/400_440/media/WXLKrhJtTLA_s0000110306_e0000117342.mp4,tier1,cuda,nvenc,cutfix_full_tier1_20260729_01
WXLKrhJtTLA_s0000117666_e0000119870,WXLKrhJtTLA,117.666,119.87,2.204,1.0,1.0,18.74,/kaggle/working/cut_cutfix_full_tier1_20260729_01/tier1/400_440/media/WXLKrhJtTLA_s0000117666_e0000119870.mp4,tier1,cuda,nvenc,cutfix_full_tier1_20260729_01
WXLKrhJtTLA_s0000120514_e0000122718,WXLKrhJtTLA,120.514,122.718,2.204,1.0,1.0,19.24,/kaggle/working/cut_cutfix_full_tier1_20260729_01/tier1/400_440/media/WXLKrhJtTLA_s0000120514_e0000122718.mp4,tier1,cuda,nvenc,cutfix_full_tier1_20260729_01
WXLKrhJtTLA_s0000128194_e0000131326,WXLKrhJtTLA,128.194,131.326,3.132,1.0,1.0,17.87,/kaggle/working/cut_cutfix_full_tier1_20260729_01/tier1/400_440/media/WXLKrhJtTLA_s0000128194_e0000131326.mp4,tier1,cuda,nvenc,cutfix_full_tier1_20260729_01
WXLKrhJtTLA_s0000131938_e0000137214,WXLKrhJtTLA,131.938,137.214,5.276,1.0,1.0,18.28,/kaggle/working/cut_cutfix_full_tier1_20260729_01/tier1/400_440/media/WXLKrhJtTLA_s0000131938_e0000137214.mp4,tier1,cuda,nvenc,cutfix_full_tier1_20260729_01
WXLKrhJtTLA_s0000140930_e0000144030,WXLKrhJtTLA,140.93,144.03,3.1,1.0,1.0,16.92,/kaggle/working/cut_cutfix_full_tier1_20260729_01/tier1/400_440/media/WXLKrhJtTLA_s0000140930_e0000144030.mp4,tier1,cuda,nvenc,cutfix_full_tier1_20260729_01
WXLKrhJtTLA_s0000144354_e0000146558,WXLKrhJtTLA,144.354,146.558,2.204,1.0,1.0,14.83,/kaggle/working/cut_cutfix_full_tier1_20260729_01/tier1/400_440/media/WXLKrhJtTLA_s0000144354_e0000146558.mp4,tier1,cuda,nvenc,cutfix_full_tier1_20260729_01
WXLKrhJtTLA_s0000146658_e0000148670,WXLKrhJtTLA,146.658,148.67,2.012,1.0,1.0,18.25,/kaggle/working/cut_cutfix_full_tier1_20260729_01/tier1/400_440/media/WXLKrhJtTLA_s0000146658_e0000148670.mp4,tier1,cuda,nvenc,cutfix_full_tier1_20260729_01
WXLKrhJtTLA_s0000150818_e0000154750,WXLKrhJtTLA,150.818,154.75,3.932,1.0,1.0,14.94,/kaggle/working/cut_cutfix_full_tier1_20260729_01/tier1/400_440/media/WXLKrhJtTLA_s0000150818_e0000154750.mp4,tier1,cuda,nvenc,cutfix_full_tier1_20260729_01
WXLKrhJtTLA_s0000155042_e0000157406,WXLKrhJtTLA,155.042,157.406,2.364,1.0,1.0,18.72,/kaggle/working/cut_cutfix_full_tier1_20260729_01/tier1/400_440/media/WXLKrhJtTLA_s0000155042_e0000157406.mp4,tier1,cuda,nvenc,cutfix_full_tier1_20260729_01
WXLKrhJtTLA_s0000159586_e0000161886,WXLKrhJtTLA,159.586,161.886,2.3,1.0,1.0,18.36,/kaggle/working/cut_cutfix_full_tier1_20260729_01/tier1/400_440/media/WXLKrhJtTLA_s0000159586_e0000161886.mp4,tier1,cuda,nvenc,cutfix_full_tier1_20260729_01
WXLKrhJtTLA_s0000163842_e0000166302,WXLKrhJtTLA,163.842,166.302,2.46,1.0,1.0,17.87,/kaggle/working/cut_cutfix_full_tier1_20260729_01/tier1/400_440/media/WXLKrhJtTLA_s0000163842_e0000166302.mp4,tier1,cuda,nvenc,cutfix_full_tier1_20260729_01
WXLKrhJtTLA_s0000166594_e0000169694,WXLKrhJtTLA,166.594,169.694,3.1,1.0,1.0,14.72,/kaggle/working/cut_cutfix_full_tier1_20260729_01/tier1/400_440/media/WXLKrhJtTLA_s0000166594_e0000169694.mp4,tier1,cuda,nvenc,cutfix_full_tier1_20260729_01
WXLKrhJtTLA_s0000170146_e0000172478,WXLKrhJtTLA,170.146,172.478,2.332,1.0,1.0,22.05,/kaggle/working/cut_cutfix_full_tier1_20260729_01/tier1/400_440/media/WXLKrhJtTLA_s0000170146_e0000172478.mp4,tier1,cuda,nvenc,cutfix_full_tier1_20260729_01
WXLKrhJtTLA_s0000172610_e0000180926,WXLKrhJtTLA,172.61,180.926,8.316,1.0,1.0,16.25,/kaggle/working/cut_cutfix_full_tier1_20260729_01/tier1/400_440/media/WXLKrhJtTLA_s0000172610_e0000180926.mp4,tier1,cuda,nvenc,cutfix_full_tier1_20260729_01
WXLKrhJtTLA_s0000181154_e0000186430,WXLKrhJtTLA,181.154,186.43,5.276,1.0,1.0,19.08,/kaggle/working/cut_cutfix_full_tier1_20260729_01/tier1/400_440/media/WXLKrhJtTLA_s0000181154_e0000186430.mp4,tier1,cuda,nvenc,cutfix_full_tier1_20260729_01
WXLKrhJtTLA_s0000186850_e0000192286,WXLKrhJtTLA,186.85,192.286,5.436,1.0,1.0,19.07,/kaggle/working/cut_cutfix_full_tier1_20260729_01/tier1/400_440/media/WXLKrhJtTLA_s0000186850_e0000192286.mp4,tier1,cuda,nvenc,cutfix_full_tier1_20260729_01
WXLKrhJtTLA_s0000192802_e0000195422,WXLKrhJtTLA,192.802,195.422,2.62,1.0,1.0,19.16,/kaggle/working/cut_cutfix_full_tier1_20260729_01/tier1/400_440/media/WXLKrhJtTLA_s0000192802_e0000195422.mp4,tier1,cuda,nvenc,cutfix_full_tier1_20260729_01
WXLKrhJtTLA_s0000195746_e0000199390,WXLKrhJtTLA,195.746,199.39,3.644,1.0,1.0,17.55,/kaggle/working/cut_cutfix_full_tier1_20260729_01/tier1/400_440/media/WXLKrhJtTLA_s0000195746_e0000199390.mp4,tier1,cuda,nvenc,cutfix_full_tier1_20260729_01
WXLKrhJtTLA_s0000201282_e0000205022,WXLKrhJtTLA,201.282,205.022,3.74,1.0,1.0,18.94,/kaggle/working/cut_cutfix_full_tier1_20260729_01/tier1/400_440/media/WXLKrhJtTLA_s0000201282_e0000205022.mp4,tier1,cuda,nvenc,cutfix_full_tier1_20260729_01
WXLKrhJtTLA_s0000209826_e0000212766,WXLKrhJtTLA,209.826,212.766,2.94,1.0,1.0,16.65,/kaggle/working/cut_cutfix_full_tier1_20260729_01/tier1/400_440/media/WXLKrhJtTLA_s0000209826_e0000212766.mp4,tier1,cuda,nvenc,cutfix_full_tier1_20260729_01
WXLKrhJtTLA_s0000217122_e0000221342,WXLKrhJtTLA,217.122,221.342,4.22,1.0,1.0,17.24,/kaggle/working/cut_cutfix_full_tier1_20260729_01/tier1/400_440/media/WXLKrhJtTLA_s0000217122_e0000221342.mp4,tier1,cuda,nvenc,cutfix_full_tier1_20260729_01
WXLKrhJtTLA_s0000221986_e0000230206,WXLKrhJtTLA,221.986,230.206,8.22,1.0,1.0,17.75,/kaggle/working/cut_cutfix_full_tier1_20260729_01/tier1/400_440/media/WXLKrhJtTLA_s0000221986_e0000230206.mp4,tier1,cuda,nvenc,cutfix_full_tier1_20260729_01
WXLKrhJtTLA_s0000230306_e0000234718,WXLKrhJtTLA,230.306,234.718,4.412,1.0,1.0,19.78,/kaggle/working/cut_cutfix_full_tier1_20260729_01/tier1/400_440/media/WXLKrhJtTLA_s0000230306_e0000234718.mp4,tier1,cuda,nvenc,cutfix_full_tier1_20260729_01
WXLKrhJtTLA_s0000240834_e0000243390,WXLKrhJtTLA,240.834,243.39,2.556,1.0,1.0,20.15,/kaggle/working/cut_cutfix_full_tier1_20260729_01/tier1/400_440/media/WXLKrhJtTLA_s0000240834_e0000243390.mp4,tier1,cuda,nvenc,cutfix_full_tier1_20260729_01
WXLKrhJtTLA_s0000248226_e0000250494,WXLKrhJtTLA,248.226,250.494,2.268,1.0,1.0,19.27,/kaggle/working/cut_cutfix_full_tier1_20260729_01/tier1/400_440/media/WXLKrhJtTLA_s0000248226_e0000250494.mp4,tier1,cuda,nvenc,cutfix_full_tier1_20260729_01
WXLKrhJtTLA_s0000251138_e0000256478,WXLKrhJtTLA,251.138,256.478,5.34,1.0,1.0,19.45,/kaggle/working/cut_cutfix_full_tier1_20260729_01/tier1/400_440/media/WXLKrhJtTLA_s0000251138_e0000256478.mp4,tier1,cuda,nvenc,cutfix_full_tier1_20260729_01
WXLKrhJtTLA_s0000257474_e0000262942,WXLKrhJtTLA,257.474,262.942,5.468,1.0,1.0,20.39,/kaggle/working/cut_cutfix_full_tier1_20260729_01/tier1/400_440/media/WXLKrhJtTLA_s0000257474_e0000262942.mp4,tier1,cuda,nvenc,cutfix_full_tier1_20260729_01
WXLKrhJtTLA_s0000263330_e0000268350,WXLKrhJtTLA,263.33,268.35,5.02,1.0,1.0,16.52,/kaggle/working/cut_cutfix_full_tier1_20260729_01/tier1/400_440/media/WXLKrhJtTLA_s0000263330_e0000268350.mp4,tier1,cuda,nvenc,cutfix_full_tier1_20260729_01
WXLKrhJtTLA_s0000268578_e0000275934,WXLKrhJtTLA,268.578,275.934,7.356,1.0,1.0,19.3,/kaggle/working/cut_cutfix_full_tier1_20260729_01/tier1/400_440/media/WXLKrhJtTLA_s0000268578_e0000275934.mp4,tier1,cuda,nvenc,cutfix_full_tier1_20260729_01
WXLKrhJtTLA_s0000277282_e0000282590,WXLKrhJtTLA,277.282,282.59,5.308,1.0,1.0,20.05,/kaggle/working/cut_cutfix_full_tier1_20260729_01/tier1/400_440/media/WXLKrhJtTLA_s0000277282_e0000282590.mp4,tier1,cuda,nvenc,cutfix_full_tier1_20260729_01
WXLKrhJtTLA_s0000283234_e0000286974,WXLKrhJtTLA,283.234,286.974,3.74,1.0,1.0,19.52,/kaggle/working/cut_cutfix_full_tier1_20260729_01/tier1/400_440/media/WXLKrhJtTLA_s0000283234_e0000286974.mp4,tier1,cuda,nvenc,cutfix_full_tier1_20260729_01
WXLKrhJtTLA_s0000287138_e0000290718,WXLKrhJtTLA,287.138,290.718,3.58,1.0,1.0,19.4,/kaggle/working/cut_cutfix_full_tier1_20260729_01/tier1/400_440/media/WXLKrhJtTLA_s0000287138_e0000290718.mp4,tier1,cuda,nvenc,cutfix_full_tier1_20260729_01
WXLKrhJtTLA_s0000291010_e0000293182,WXLKrhJtTLA,291.01,293.182,2.172,1.0,1.0,17.09,/kaggle/working/cut_cutfix_full_tier1_20260729_01/tier1/400_440/media/WXLKrhJtTLA_s0000291010_e0000293182.mp4,tier1,cuda,nvenc,cutfix_full_tier1_20260729_01
WXLKrhJtTLA_s0000293538_e0000295966,WXLKrhJtTLA,293.538,295.966,2.428,1.0,1.0,17.93,/kaggle/working/cut_cutfix_full_tier1_20260729_01/tier1/400_440/media/WXLKrhJtTLA_s0000293538_e0000295966.mp4,tier1,cuda,nvenc,cutfix_full_tier1_20260729_01
WXLKrhJtTLA_s0000300098_e0000303134,WXLKrhJtTLA,300.098,303.134,3.036,1.0,1.0,19.38,/kaggle/working/cut_cutfix_full_tier1_20260729_01/tier1/400_440/media/WXLKrhJtTLA_s0000300098_e0000303134.mp4,tier1,cuda,nvenc,cutfix_full_tier1_20260729_01
WXLKrhJtTLA_s0000306146_e0000312990,WXLKrhJtTLA,306.146,312.99,6.844,1.0,1.0,17.98,/kaggle/working/cut_cutfix_full_tier1_20260729_01/tier1/400_440/media/WXLKrhJtTLA_s0000306146_e0000312990.mp4,tier1,cuda,nvenc,cutfix_full_tier1_20260729_01
WXLKrhJtTLA_s0000315010_e0000317822,WXLKrhJtTLA,315.01,317.822,2.812,1.0,1.0,19.19,/kaggle/working/cut_cutfix_full_tier1_20260729_01/tier1/400_440/media/WXLKrhJtTLA_s0000315010_e0000317822.mp4,tier1,cuda,nvenc,cutfix_full_tier1_20260729_01
WXLKrhJtTLA_s0000320514_e0000323230,WXLKrhJtTLA,320.514,323.23,2.716,1.0,1.0,19.26,/kaggle/working/cut_cutfix_full_tier1_20260729_01/tier1/400_440/media/WXLKrhJtTLA_s0000320514_e0000323230.mp4,tier1,cuda,nvenc,cutfix_full_tier1_20260729_01
WXLKrhJtTLA_s0000323394_e0000325950,WXLKrhJtTLA,323.394,325.95,2.556,1.0,1.0,18.94,/kaggle/working/cut_cutfix_full_tier1_20260729_01/tier1/400_440/media/WXLKrhJtTLA_s0000323394_e0000325950.mp4,tier1,cuda,nvenc,cutfix_full_tier1_20260729_01
WXLKrhJtTLA_s0000327810_e0000331902,WXLKrhJtTLA,327.81,331.902,4.092,1.0,1.0,17.35,/kaggle/working/cut_cutfix_full_tier1_20260729_01/tier1/400_440/media/WXLKrhJtTLA_s0000327810_e0000331902.mp4,tier1,cuda,nvenc,cutfix_full_tier1_20260729_01
WXLKrhJtTLA_s0000334178_e0000337886,WXLKrhJtTLA,334.178,337.886,3.708,1.0,1.0,16.27,/kaggle/working/cut_cutfix_full_tier1_20260729_01/tier1/400_440/media/WXLKrhJtTLA_s0000334178_e0000337886.mp4,tier1,cuda,nvenc,cutfix_full_tier1_20260729_01
WXLKrhJtTLA_s0000338050_e0000341694,WXLKrhJtTLA,338.05,341.694,3.644,1.0,1.0,18.09,/kaggle/working/cut_cutfix_full_tier1_20260729_01/tier1/400_440/media/WXLKrhJtTLA_s0000338050_e0000341694.mp4,tier1,cuda,nvenc,cutfix_full_tier1_20260729_01
WXLKrhJtTLA_s0000349570_e0000352894,WXLKrhJtTLA,349.57,352.894,3.324,1.0,1.0,16.05,/kaggle/working/cut_cutfix_full_tier1_20260729_01/tier1/400_440/media/WXLKrhJtTLA_s0000349570_e0000352894.mp4,tier1,cuda,nvenc,cutfix_full_tier1_20260729_01
WXLKrhJtTLA_s0000354274_e0000358782,WXLKrhJtTLA,354.274,358.782,4.508,1.0,1.0,17.19,/kaggle/working/cut_cutfix_full_tier1_20260729_01/tier1/400_440/media/WXLKrhJtTLA_s0000354274_e0000358782.mp4,tier1,cuda,nvenc,cutfix_full_tier1_20260729_01
WXLKrhJtTLA_s0000359234_e0000364062,WXLKrhJtTLA,359.234,364.062,4.828,1.0,1.0,16.98,/kaggle/working/cut_cutfix_full_tier1_20260729_01/tier1/400_440/media/WXLKrhJtTLA_s0000359234_e0000364062.mp4,tier1,cuda,nvenc,cutfix_full_tier1_20260729_01
WXLKrhJtTLA_s0000365282_e0000368350,WXLKrhJtTLA,365.282,368.35,3.068,1.0,1.0,15.36,/kaggle/working/cut_cutfix_full_tier1_20260729_01/tier1/400_440/media/WXLKrhJtTLA_s0000365282_e0000368350.mp4,tier1,cuda,nvenc,cutfix_full_tier1_20260729_01
WXLKrhJtTLA_s0000369026_e0000372606,WXLKrhJtTLA,369.026,372.606,3.58,1.0,1.0,19.09,/kaggle/working/cut_cutfix_full_tier1_20260729_01/tier1/400_440/media/WXLKrhJtTLA_s0000369026_e0000372606.mp4,tier1,cuda,nvenc,cutfix_full_tier1_20260729_01
WXLKrhJtTLA_s0000375618_e0000378398,WXLKrhJtTLA,375.618,378.398,2.78,1.0,1.0,16.65,/kaggle/working/cut_cutfix_full_tier1_20260729_01/tier1/400_440/media/WXLKrhJtTLA_s0000375618_e0000378398.mp4,tier1,cuda,nvenc,cutfix_full_tier1_20260729_01
WXLKrhJtTLA_s0000378786_e0000384958,WXLKrhJtTLA,378.786,384.958,6.172,1.0,1.0,17.94,/kaggle/working/cut_cutfix_full_tier1_20260729_01/tier1/400_440/media/WXLKrhJtTLA_s0000378786_e0000384958.mp4,tier1,cuda,nvenc,cutfix_full_tier1_20260729_01
WXLKrhJtTLA_s0000389218_e0000393214,WXLKrhJtTLA,389.218,393.214,3.996,1.0,1.0,16.99,/kaggle/working/cut_cutfix_full_tier1_20260729_01/tier1/400_440/media/WXLKrhJtTLA_s0000389218_e0000393214.mp4,tier1,cuda,nvenc,cutfix_full_tier1_20260729_01
WXLKrhJtTLA_s0000393538_e0000396574,WXLKrhJtTLA,393.538,396.574,3.036,1.0,1.0,16.69,/kaggle/working/cut_cutfix_full_tier1_20260729_01/tier1/400_440/media/WXLKrhJtTLA_s0000393538_e0000396574.mp4,tier1,cuda,nvenc,cutfix_full_tier1_20260729_01
WXLKrhJtTLA_s0000397890_e0000402750,WXLKrhJtTLA,397.89,402.75,4.86,1.0,1.0,16.33,/kaggle/working/cut_cutfix_full_tier1_20260729_01/tier1/400_440/media/WXLKrhJtTLA_s0000397890_e0000402750.mp4,tier1,cuda,nvenc,cutfix_full_tier1_20260729_01
WXLKrhJtTLA_s0000407586_e0000412574,WXLKrhJtTLA,407.586,412.574,4.988,1.0,1.0,15.2,/kaggle/working/cut_cutfix_full_tier1_20260729_01/tier1/400_440/media/WXLKrhJtTLA_s0000407586_e0000412574.mp4,tier1,cuda,nvenc,cutfix_full_tier1_20260729_01
WXLKrhJtTLA_s0000414082_e0000422366,WXLKrhJtTLA,414.082,422.366,8.284,1.0,1.0,16.2,/kaggle/working/cut_cutfix_full_tier1_20260729_01/tier1/400_440/media/WXLKrhJtTLA_s0000414082_e0000422366.mp4,tier1,cuda,nvenc,cutfix_full_tier1_20260729_01
WXLKrhJtTLA_s0000422978_e0000425054,WXLKrhJtTLA,422.978,425.054,2.076,1.0,1.0,18.34,/kaggle/working/cut_cutfix_full_tier1_20260729_01/tier1/400_440/media/WXLKrhJtTLA_s0000422978_e0000425054.mp4,tier1,cuda,nvenc,cutfix_full_tier1_20260729_01
WXLKrhJtTLA_s0000428002_e0000431966,WXLKrhJtTLA,428.002,431.966,3.964,1.0,1.0,18.05,/kaggle/working/cut_cutfix_full_tier1_20260729_01/tier1/400_440/media/WXLKrhJtTLA_s0000428002_e0000431966.mp4,tier1,cuda,nvenc,cutfix_full_tier1_20260729_01
WXLKrhJtTLA_s0000432322_e0000434910,WXLKrhJtTLA,432.322,434.91,2.588,1.0,1.0,18.62,/kaggle/working/cut_cutfix_full_tier1_20260729_01/tier1/400_440/media/WXLKrhJtTLA_s0000432322_e0000434910.mp4,tier1,cuda,nvenc,cutfix_full_tier1_20260729_01
WXLKrhJtTLA_s0000436706_e0000441694,WXLKrhJtTLA,436.706,441.694,4.988,1.0,1.0,17.83,/kaggle/working/cut_cutfix_full_tier1_20260729_01/tier1/400_440/media/WXLKrhJtTLA_s0000436706_e0000441694.mp4,tier1,cuda,nvenc,cutfix_full_tier1_20260729_01
WXLKrhJtTLA_s0000444642_e0000454142,WXLKrhJtTLA,444.642,454.142,9.5,1.0,1.0,17.2,/kaggle/working/cut_cutfix_full_tier1_20260729_01/tier1/400_440/media/WXLKrhJtTLA_s0000444642_e0000454142.mp4,tier1,cuda,nvenc,cutfix_full_tier1_20260729_01
WXLKrhJtTLA_s0000456066_e0000458078,WXLKrhJtTLA,456.066,458.078,2.012,1.0,1.0,17.84,/kaggle/working/cut_cutfix_full_tier1_20260729_01/tier1/400_440/media/WXLKrhJtTLA_s0000456066_e0000458078.mp4,tier1,cuda,nvenc,cutfix_full_tier1_20260729_01
WXLKrhJtTLA_s0000459906_e0000465118,WXLKrhJtTLA,459.906,465.118,5.212,1.0,1.0,16.84,/kaggle/working/cut_cutfix_full_tier1_20260729_01/tier1/400_440/media/WXLKrhJtTLA_s0000459906_e0000465118.mp4,tier1,cuda,nvenc,cutfix_full_tier1_20260729_01
WXLKrhJtTLA_s0000465442_e0000468062,WXLKrhJtTLA,465.442,468.062,2.62,1.0,1.0,20.25,/kaggle/working/cut_cutfix_full_tier1_20260729_01/tier1/400_440/media/WXLKrhJtTLA_s0000465442_e0000468062.mp4,tier1,cuda,nvenc,cutfix_full_tier1_20260729_01
WXLKrhJtTLA_s0000468290_e0000471198,WXLKrhJtTLA,468.29,471.198,2.908,1.0,1.0,16.43,/kaggle/working/cut_cutfix_full_tier1_20260729_01/tier1/400_440/media/WXLKrhJtTLA_s0000468290_e0000471198.mp4,tier1,cuda,nvenc,cutfix_full_tier1_20260729_01
WXLKrhJtTLA_s0000471330_e0000473630,WXLKrhJtTLA,471.33,473.63,2.3,1.0,1.0,18.4,/kaggle/working/cut_cutfix_full_tier1_20260729_01/tier1/400_440/media/WXLKrhJtTLA_s0000471330_e0000473630.mp4,tier1,cuda,nvenc,cutfix_full_tier1_20260729_01
WXLKrhJtTLA_s0000474562_e0000476958,WXLKrhJtTLA,474.562,476.958,2.396,1.0,1.0,16.45,/kaggle/working/cut_cutfix_full_tier1_20260729_01/tier1/400_440/media/WXLKrhJtTLA_s0000474562_e0000476958.mp4,tier1,cuda,nvenc,cutfix_full_tier1_20260729_01
WXLKrhJtTLA_s0000478050_e0000481150,WXLKrhJtTLA,478.05,481.15,3.1,1.0,1.0,19.94,/kaggle/working/cut_cutfix_full_tier1_20260729_01/tier1/400_440/media/WXLKrhJtTLA_s0000478050_e0000481150.mp4,tier1,cuda,nvenc,cutfix_full_tier1_20260729_01
WXLKrhJtTLA_s0000483650_e0000490526,WXLKrhJtTLA,483.65,490.526,6.876,1.0,1.0,17.33,/kaggle/working/cut_cutfix_full_tier1_20260729_01/tier1/400_440/media/WXLKrhJtTLA_s0000483650_e0000490526.mp4,tier1,cuda,nvenc,cutfix_full_tier1_20260729_01
WXLKrhJtTLA_s0000491298_e0000494750,WXLKrhJtTLA,491.298,494.75,3.452,1.0,1.0,19.89,/kaggle/working/cut_cutfix_full_tier1_20260729_01/tier1/400_440/media/WXLKrhJtTLA_s0000491298_e0000494750.mp4,tier1,cuda,nvenc,cutfix_full_tier1_20260729_01
WXLKrhJtTLA_s0000495138_e0000497822,WXLKrhJtTLA,495.138,497.822,2.684,1.0,1.0,18.86,/kaggle/working/cut_cutfix_full_tier1_20260729_01/tier1/400_440/media/WXLKrhJtTLA_s0000495138_e0000497822.mp4,tier1,cuda,nvenc,cutfix_full_tier1_20260729_01
WXLKrhJtTLA_s0000497986_e0000500446,WXLKrhJtTLA,497.986,500.446,2.46,1.0,1.0,18.52,/kaggle/working/cut_cutfix_full_tier1_20260729_01/tier1/400_440/media/WXLKrhJtTLA_s0000497986_e0000500446.mp4,tier1,cuda,nvenc,cutfix_full_tier1_20260729_01
WXLKrhJtTLA_s0000500898_e0000503134,WXLKrhJtTLA,500.898,503.134,2.236,1.0,1.0,17.64,/kaggle/working/cut_cutfix_full_tier1_20260729_01/tier1/400_440/media/WXLKrhJtTLA_s0000500898_e0000503134.mp4,tier1,cuda,nvenc,cutfix_full_tier1_20260729_01
WXLKrhJtTLA_s0000503362_e0000506590,WXLKrhJtTLA,503.362,506.59,3.228,1.0,1.0,18.34,/kaggle/working/cut_cutfix_full_tier1_20260729_01/tier1/400_440/media/WXLKrhJtTLA_s0000503362_e0000506590.mp4,tier1,cuda,nvenc,cutfix_full_tier1_20260729_01
WXLKrhJtTLA_s0000506690_e0000508702,WXLKrhJtTLA,506.69,508.702,2.012,1.0,1.0,16.77,/kaggle/working/cut_cutfix_full_tier1_20260729_01/tier1/400_440/media/WXLKrhJtTLA_s0000506690_e0000508702.mp4,tier1,cuda,nvenc,cutfix_full_tier1_20260729_01
WXLKrhJtTLA_s0000508898_e0000513374,WXLKrhJtTLA,508.898,513.374,4.476,1.0,1.0,17.47,/kaggle/working/cut_cutfix_full_tier1_20260729_01/tier1/400_440/media/WXLKrhJtTLA_s0000508898_e0000513374.mp4,tier1,cuda,nvenc,cutfix_full_tier1_20260729_01
WXLKrhJtTLA_s0000516258_e0000519230,WXLKrhJtTLA,516.258,519.23,2.972,1.0,1.0,16.62,/kaggle/working/cut_cutfix_full_tier1_20260729_01/tier1/400_440/media/WXLKrhJtTLA_s0000516258_e0000519230.mp4,tier1,cuda,nvenc,cutfix_full_tier1_20260729_01
WXLKrhJtTLA_s0000519618_e0000521854,WXLKrhJtTLA,519.618,521.854,2.236,1.0,1.0,15.34,/kaggle/working/cut_cutfix_full_tier1_20260729_01/tier1/400_440/media/WXLKrhJtTLA_s0000519618_e0000521854.mp4,tier1,cuda,nvenc,cutfix_full_tier1_20260729_01
WXLKrhJtTLA_s0000527362_e0000530494,WXLKrhJtTLA,527.362,530.494,3.132,1.0,1.0,16.83,/kaggle/working/cut_cutfix_full_tier1_20260729_01/tier1/400_440/media/WXLKrhJtTLA_s0000527362_e0000530494.mp4,tier1,cuda,nvenc,cutfix_full_tier1_20260729_01
WXLKrhJtTLA_s0000531426_e0000534206,WXLKrhJtTLA,531.426,534.206,2.78,1.0,1.0,17.4,/kaggle/working/cut_cutfix_full_tier1_20260729_01/tier1/400_440/media/WXLKrhJtTLA_s0000531426_e0000534206.mp4,tier1,cuda,nvenc,cutfix_full_tier1_20260729_01
WXLKrhJtTLA_s0000535042_e0000542782,WXLKrhJtTLA,535.042,542.782,7.74,1.0,1.0,15.95,/kaggle/working/cut_cutfix_full_tier1_20260729_01/tier1/400_440/media/WXLKrhJtTLA_s0000535042_e0000542782.mp4,tier1,cuda,nvenc,cutfix_full_tier1_20260729_01
WXLKrhJtTLA_s0000548034_e0000551870,WXLKrhJtTLA,548.034,551.87,3.836,1.0,1.0,19.03,/kaggle/working/cut_cutfix_full_tier1_20260729_01/tier1/400_440/media/WXLKrhJtTLA_s0000548034_e0000551870.mp4,tier1,cuda,nvenc,cutfix_full_tier1_20260729_01
WXLKrhJtTLA_s0000567458_e0000571422,WXLKrhJtTLA,567.458,571.422,3.964,1.0,1.0,18.11,/kaggle/working/cut_cutfix_full_tier1_20260729_01/tier1/400_440/media/WXLKrhJtTLA_s0000567458_e0000571422.mp4,tier1,cuda,nvenc,cutfix_full_tier1_20260729_01
WXLKrhJtTLA_s0000572994_e0000575838,WXLKrhJtTLA,572.994,575.838,2.844,1.0,1.0,15.56,/kaggle/working/cut_cutfix_full_tier1_20260729_01/tier1/400_440/media/WXLKrhJtTLA_s0000572994_e0000575838.mp4,tier1,cuda,nvenc,cutfix_full_tier1_20260729_01
WXLKrhJtTLA_s0000577538_e0000581374,WXLKrhJtTLA,577.538,581.374,3.836,1.0,1.0,19.42,/kaggle/working/cut_cutfix_full_tier1_20260729_01/tier1/400_440/media/WXLKrhJtTLA_s0000577538_e0000581374.mp4,tier1,cuda,nvenc,cutfix_full_tier1_20260729_01
WXLKrhJtTLA_s0000590882_e0000598014,WXLKrhJtTLA,590.882,598.014,7.132,1.0,1.0,16.24,/kaggle/working/cut_cutfix_full_tier1_20260729_01/tier1/400_440/media/WXLKrhJtTLA_s0000590882_e0000598014.mp4,tier1,cuda,nvenc,cutfix_full_tier1_20260729_01
WXLKrhJtTLA_s0000598530_e0000603070,WXLKrhJtTLA,598.53,603.07,4.54,1.0,1.0,16.63,/kaggle/working/cut_cutfix_full_tier1_20260729_01/tier1/400_440/media/WXLKrhJtTLA_s0000598530_e0000603070.mp4,tier1,cuda,nvenc,cutfix_full_tier1_20260729_01
WXLKrhJtTLA_s0000607554_e0000610398,WXLKrhJtTLA,607.554,610.398,2.844,1.0,1.0,15.66,/kaggle/working/cut_cutfix_full_tier1_20260729_01/tier1/400_440/media/WXLKrhJtTLA_s0000607554_e0000610398.mp4,tier1,cuda,nvenc,cutfix_full_tier1_20260729_01
WXLKrhJtTLA_s0000610850_e0000613182,WXLKrhJtTLA,610.85,613.182,2.332,1.0,1.0,17.16,/kaggle/working/cut_cutfix_full_tier1_20260729_01/tier1/400_440/media/WXLKrhJtTLA_s0000610850_e0000613182.mp4,tier1,cuda,nvenc,cutfix_full_tier1_20260729_01
WXLKrhJtTLA_s0000613634_e0000618814,WXLKrhJtTLA,613.634,618.814,5.18,1.0,1.0,16.68,/kaggle/working/cut_cutfix_full_tier1_20260729_01/tier1/400_440/media/WXLKrhJtTLA_s0000613634_e0000618814.mp4,tier1,cuda,nvenc,cutfix_full_tier1_20260729_01
WXLKrhJtTLA_s0000621762_e0000626718,WXLKrhJtTLA,621.762,626.718,4.956,1.0,1.0,17.89,/kaggle/working/cut_cutfix_full_tier1_20260729_01/tier1/400_440/media/WXLKrhJtTLA_s0000621762_e0000626718.mp4,tier1,cuda,nvenc,cutfix_full_tier1_20260729_01
WXLKrhJtTLA_s0000626946_e0000630750,WXLKrhJtTLA,626.946,630.75,3.804,1.0,1.0,18.11,/kaggle/working/cut_cutfix_full_tier1_20260729_01/tier1/400_440/media/WXLKrhJtTLA_s0000626946_e0000630750.mp4,tier1,cuda,nvenc,cutfix_full_tier1_20260729_01
WXLKrhJtTLA_s0000631778_e0000633982,WXLKrhJtTLA,631.778,633.982,2.204,1.0,1.0,19.55,/kaggle/working/cut_cutfix_full_tier1_20260729_01/tier1/400_440/media/WXLKrhJtTLA_s0000631778_e0000633982.mp4,tier1,cuda,nvenc,cutfix_full_tier1_20260729_01
WXLKrhJtTLA_s0000634146_e0000639422,WXLKrhJtTLA,634.146,639.422,5.276,1.0,1.0,15.44,/kaggle/working/cut_cutfix_full_tier1_20260729_01/tier1/400_440/media/WXLKrhJtTLA_s0000634146_e0000639422.mp4,tier1,cuda,nvenc,cutfix_full_tier1_20260729_01
WXLKrhJtTLA_s0000643074_e0000645854,WXLKrhJtTLA,643.074,645.854,2.78,1.0,1.0,17.07,/kaggle/working/cut_cutfix_full_tier1_20260729_01/tier1/400_440/media/WXLKrhJtTLA_s0000643074_e0000645854.mp4,tier1,cuda,nvenc,cutfix_full_tier1_20260729_01
WXLKrhJtTLA_s0000645954_e0000648190,WXLKrhJtTLA,645.954,648.19,2.236,1.0,1.0,16.71,/kaggle/working/cut_cutfix_full_tier1_20260729_01/tier1/400_440/media/WXLKrhJtTLA_s0000645954_e0000648190.mp4,tier1,cuda,nvenc,cutfix_full_tier1_20260729_01
WXLKrhJtTLA_s0000654722_e0000657790,WXLKrhJtTLA,654.722,657.79,3.068,1.0,1.0,18.14,/kaggle/working/cut_cutfix_full_tier1_20260729_01/tier1/400_440/media/WXLKrhJtTLA_s0000654722_e0000657790.mp4,tier1,cuda,nvenc,cutfix_full_tier1_20260729_01
WXLKrhJtTLA_s0000658754_e0000662174,WXLKrhJtTLA,658.754,662.174,3.42,1.0,1.0,16.9,/kaggle/working/cut_cutfix_full_tier1_20260729_01/tier1/400_440/media/WXLKrhJtTLA_s0000658754_e0000662174.mp4,tier1,cuda,nvenc,cutfix_full_tier1_20260729_01
WXLKrhJtTLA_s0000662402_e0000665790,WXLKrhJtTLA,662.402,665.79,3.388,1.0,1.0,14.56,/kaggle/working/cut_cutfix_full_tier1_20260729_01/tier1/400_440/media/WXLKrhJtTLA_s0000662402_e0000665790.mp4,tier1,cuda,nvenc,cutfix_full_tier1_20260729_01
WXLKrhJtTLA_s0000666626_e0000668734,WXLKrhJtTLA,666.626,668.734,2.108,1.0,1.0,17.48,/kaggle/working/cut_cutfix_full_tier1_20260729_01/tier1/400_440/media/WXLKrhJtTLA_s0000666626_e0000668734.mp4,tier1,cuda,nvenc,cutfix_full_tier1_20260729_01
WXLKrhJtTLA_s0000668898_e0000672094,WXLKrhJtTLA,668.898,672.094,3.196,1.0,1.0,17.53,/kaggle/working/cut_cutfix_full_tier1_20260729_01/tier1/400_440/media/WXLKrhJtTLA_s0000668898_e0000672094.mp4,tier1,cuda,nvenc,cutfix_full_tier1_20260729_01
WXLKrhJtTLA_s0000672418_e0000676766,WXLKrhJtTLA,672.418,676.766,4.348,1.0,1.0,19.8,/kaggle/working/cut_cutfix_full_tier1_20260729_01/tier1/400_440/media/WXLKrhJtTLA_s0000672418_e0000676766.mp4,tier1,cuda,nvenc,cutfix_full_tier1_20260729_01
WXLKrhJtTLA_s0000677122_e0000679646,WXLKrhJtTLA,677.122,679.646,2.524,1.0,1.0,20.29,/kaggle/working/cut_cutfix_full_tier1_20260729_01/tier1/400_440/media/WXLKrhJtTLA_s0000677122_e0000679646.mp4,tier1,cuda,nvenc,cutfix_full_tier1_20260729_01
WXLKrhJtTLA_s0000680738_e0000683230,WXLKrhJtTLA,680.738,683.23,2.492,1.0,1.0,18.89,/kaggle/working/cut_cutfix_full_tier1_20260729_01/tier1/400_440/media/WXLKrhJtTLA_s0000680738_e0000683230.mp4,tier1,cuda,nvenc,cutfix_full_tier1_20260729_01
WXLKrhJtTLA_s0000685154_e0000690154,WXLKrhJtTLA,685.154,690.154,5.0,1.0,1.0,16.9,/kaggle/working/cut_cutfix_full_tier1_20260729_01/tier1/400_440/media/WXLKrhJtTLA_s0000685154_e0000690154.mp4,tier1,cuda,nvenc,cutfix_full_tier1_20260729_01
WXLKrhJtTLA_s0000689154_e0000694154,WXLKrhJtTLA,689.154,694.154,5.0,1.0,1.0,18.43,/kaggle/working/cut_cutfix_full_tier1_20260729_01/tier1/400_440/media/WXLKrhJtTLA_s0000689154_e0000694154.mp4,tier1,cuda,nvenc,cutfix_full_tier1_20260729_01
WXLKrhJtTLA_s0000693154_e0000697630,WXLKrhJtTLA,693.154,697.63,4.476,1.0,1.0,17.67,/kaggle/working/cut_cutfix_full_tier1_20260729_01/tier1/400_440/media/WXLKrhJtTLA_s0000693154_e0000697630.mp4,tier1,cuda,nvenc,cutfix_full_tier1_20260729_01
WXLKrhJtTLA_s0000701186_e0000704574,WXLKrhJtTLA,701.186,704.574,3.388,1.0,1.0,17.81,/kaggle/working/cut_cutfix_full_tier1_20260729_01/tier1/400_440/media/WXLKrhJtTLA_s0000701186_e0000704574.mp4,tier1,cuda,nvenc,cutfix_full_tier1_20260729_01
WXLKrhJtTLA_s0000708002_e0000713566,WXLKrhJtTLA,708.002,713.566,5.564,1.0,1.0,19.34,/kaggle/working/cut_cutfix_full_tier1_20260729_01/tier1/400_440/media/WXLKrhJtTLA_s0000708002_e0000713566.mp4,tier1,cuda,nvenc,cutfix_full_tier1_20260729_01
WZI5VJr4rMw_s0000001794_e0000005406,WZI5VJr4rMw,1.794,5.406,3.612,1.0,1.0,10.92,/kaggle/working/cut_cutfix_full_tier1_20260729_01/tier1/400_440/media/WZI5VJr4rMw_s0000001794_e0000005406.mp4,tier1,cuda,nvenc,cutfix_full_tier1_20260729_01
WZI5VJr4rMw_s0000007106_e0000009790,WZI5VJr4rMw,7.106,9.79,2.684,1.0,1.0,11.38,/kaggle/working/cut_cutfix_full_tier1_20260729_01/tier1/400_440/media/WZI5VJr4rMw_s0000007106_e0000009790.mp4,tier1,cuda,nvenc,cutfix_full_tier1_20260729_01
WZI5VJr4rMw_s0000009890_e0000012926,WZI5VJr4rMw,9.89,12.926,3.036,1.0,1.0,14.17,/kaggle/working/cut_cutfix_full_tier1_20260729_01/tier1/400_440/media/WZI5VJr4rMw_s0000009890_e0000012926.mp4,tier1,cuda,nvenc,cutfix_full_tier1_20260729_01
WZI5VJr4rMw_s0000013282_e0000015678,WZI5VJr4rMw,13.282,15.678,2.396,1.0,1.0,13.17,/kaggle/working/cut_cutfix_full_tier1_20260729_01/tier1/400_440/media/WZI5VJr4rMw_s0000013282_e0000015678.mp4,tier1,cuda,nvenc,cutfix_full_tier1_20260729_01
WZI5VJr4rMw_s0000017474_e0000019870,WZI5VJr4rMw,17.474,19.87,2.396,1.0,1.0,11.94,/kaggle/working/cut_cutfix_full_tier1_20260729_01/tier1/400_440/media/WZI5VJr4rMw_s0000017474_e0000019870.mp4,tier1,cuda,nvenc,cutfix_full_tier1_20260729_01
WZI5VJr4rMw_s0000020130_e0000023390,WZI5VJr4rMw,20.13,23.39,3.26,1.0,1.0,10.83,/kaggle/working/cut_cutfix_full_tier1_20260729_01/tier1/400_440/media/WZI5VJr4rMw_s0000020130_e0000023390.mp4,tier1,cuda,nvenc,cutfix_full_tier1_20260729_01
WZI5VJr4rMw_s0000023810_e0000028958,WZI5VJr4rMw,23.81,28.958,5.148,1.0,1.0,10.87,/kaggle/working/cut_cutfix_full_tier1_20260729_01/tier1/400_440/media/WZI5VJr4rMw_s0000023810_e0000028958.mp4,tier1,cuda,nvenc,cutfix_full_tier1_20260729_01
WZI5VJr4rMw_s0000052322_e0000054558,WZI5VJr4rMw,52.322,54.558,2.236,1.0,1.0,14.23,/kaggle/working/cut_cutfix_full_tier1_20260729_01/tier1/400_440/media/WZI5VJr4rMw_s0000052322_e0000054558.mp4,tier1,cuda,nvenc,cutfix_full_tier1_20260729_01
WZI5VJr4rMw_s0000059394_e0000061630,WZI5VJr4rMw,59.394,61.63,2.236,1.0,1.0,13.24,/kaggle/working/cut_cutfix_full_tier1_20260729_01/tier1/400_440/media/WZI5VJr4rMw_s0000059394_e0000061630.mp4,tier1,cuda,nvenc,cutfix_full_tier1_20260729_01
WZI5VJr4rMw_s0000068962_e0000071806,WZI5VJr4rMw,68.962,71.806,2.844,1.0,1.0,11.84,/kaggle/working/cut_cutfix_full_tier1_20260729_01/tier1/400_440/media/WZI5VJr4rMw_s0000068962_e0000071806.mp4,tier1,cuda,nvenc,cutfix_full_tier1_20260729_01
WZI5VJr4rMw_s0000072834_e0000075614,WZI5VJr4rMw,72.834,75.614,2.78,1.0,1.0,11.7,/kaggle/working/cut_cutfix_full_tier1_20260729_01/tier1/400_440/media/WZI5VJr4rMw_s0000072834_e0000075614.mp4,tier1,cuda,nvenc,cutfix_full_tier1_20260729_01
WZI5VJr4rMw_s0000075746_e0000082302,WZI5VJr4rMw,75.746,82.302,6.556,1.0,1.0,10.56,/kaggle/working/cut_cutfix_full_tier1_20260729_01/tier1/400_440/media/WZI5VJr4rMw_s0000075746_e0000082302.mp4,tier1,cuda,nvenc,cutfix_full_tier1_20260729_01
WZI5VJr4rMw_s0000082626_e0000088222,WZI5VJr4rMw,82.626,88.222,5.596,1.0,1.0,11.9,/kaggle/working/cut_cutfix_full_tier1_20260729_01/tier1/400_440/media/WZI5VJr4rMw_s0000082626_e0000088222.mp4,tier1,cuda,nvenc,cutfix_full_tier1_20260729_01
WZI5VJr4rMw_s0000094882_e0000100222,WZI5VJr4rMw,94.882,100.222,5.34,1.0,1.0,13.17,/kaggle/working/cut_cutfix_full_tier1_20260729_01/tier1/400_440/media/WZI5VJr4rMw_s0000094882_e0000100222.mp4,tier1,cuda,nvenc,cutfix_full_tier1_20260729_01
WZI5VJr4rMw_s0000100386_e0000106366,WZI5VJr4rMw,100.386,106.366,5.98,1.0,1.0,11.1,/kaggle/working/cut_cutfix_full_tier1_20260729_01/tier1/400_440/media/WZI5VJr4rMw_s0000100386_e0000106366.mp4,tier1,cuda,nvenc,cutfix_full_tier1_20260729_01
WZI5VJr4rMw_s0000107618_e0000110174,WZI5VJr4rMw,107.618,110.174,2.556,1.0,1.0,12.05,/kaggle/working/cut_cutfix_full_tier1_20260729_01/tier1/400_440/media/WZI5VJr4rMw_s0000107618_e0000110174.mp4,tier1,cuda,nvenc,cutfix_full_tier1_20260729_01
WZI5VJr4rMw_s0000115554_e0000117918,WZI5VJr4rMw,115.554,117.918,2.364,1.0,1.0,12.82,/kaggle/working/cut_cutfix_full_tier1_20260729_01/tier1/400_440/media/WZI5VJr4rMw_s0000115554_e0000117918.mp4,tier1,cuda,nvenc,cutfix_full_tier1_20260729_01
WZI5VJr4rMw_s0000118146_e0000125470,WZI5VJr4rMw,118.146,125.47,7.324,1.0,1.0,15.71,/kaggle/working/cut_cutfix_full_tier1_20260729_01/tier1/400_440/media/WZI5VJr4rMw_s0000118146_e0000125470.mp4,tier1,cuda,nvenc,cutfix_full_tier1_20260729_01
WZI5VJr4rMw_s0000125986_e0000129598,WZI5VJr4rMw,125.986,129.598,3.612,1.0,1.0,10.96,/kaggle/working/cut_cutfix_full_tier1_20260729_01/tier1/400_440/media/WZI5VJr4rMw_s0000125986_e0000129598.mp4,tier1,cuda,nvenc,cutfix_full_tier1_20260729_01
WZI5VJr4rMw_s0000129858_e0000134462,WZI5VJr4rMw,129.858,134.462,4.604,1.0,1.0,13.6,/kaggle/working/cut_cutfix_full_tier1_20260729_01/tier1/400_440/media/WZI5VJr4rMw_s0000129858_e0000134462.mp4,tier1,cuda,nvenc,cutfix_full_tier1_20260729_01
WZI5VJr4rMw_s0000138050_e0000141886,WZI5VJr4rMw,138.05,141.886,3.836,1.0,1.0,13.72,/kaggle/working/cut_cutfix_full_tier1_20260729_01/tier1/400_440/media/WZI5VJr4rMw_s0000138050_e0000141886.mp4,tier1,cuda,nvenc,cutfix_full_tier1_20260729_01
WZI5VJr4rMw_s0000141986_e0000146078,WZI5VJr4rMw,141.986,146.078,4.092,1.0,1.0,10.13,/kaggle/working/cut_cutfix_full_tier1_20260729_01/tier1/400_440/media/WZI5VJr4rMw_s0000141986_e0000146078.mp4,tier1,cuda,nvenc,cutfix_full_tier1_20260729_01
WZI5VJr4rMw_s0000146306_e0000148894,WZI5VJr4rMw,146.306,148.894,2.588,1.0,1.0,10.78,/kaggle/working/cut_cutfix_full_tier1_20260729_01/tier1/400_440/media/WZI5VJr4rMw_s0000146306_e0000148894.mp4,tier1,cuda,nvenc,cutfix_full_tier1_20260729_01
WZI5VJr4rMw_s0000149026_e0000153022,WZI5VJr4rMw,149.026,153.022,3.996,1.0,1.0,12.97,/kaggle/working/cut_cutfix_full_tier1_20260729_01/tier1/400_440/media/WZI5VJr4rMw_s0000149026_e0000153022.mp4,tier1,cuda,nvenc,cutfix_full_tier1_20260729_01
WZI5VJr4rMw_s0000156930_e0000160318,WZI5VJr4rMw,156.93,160.318,3.388,1.0,1.0,13.06,/kaggle/working/cut_cutfix_full_tier1_20260729_01/tier1/400_440/media/WZI5VJr4rMw_s0000156930_e0000160318.mp4,tier1,cuda,nvenc,cutfix_full_tier1_20260729_01
WZI5VJr4rMw_s0000160578_e0000163614,WZI5VJr4rMw,160.578,163.614,3.036,1.0,1.0,8.95,/kaggle/working/cut_cutfix_full_tier1_20260729_01/tier1/400_440/media/WZI5VJr4rMw_s0000160578_e0000163614.mp4,tier1,cuda,nvenc,cutfix_full_tier1_20260729_01
WZI5VJr4rMw_s0000168194_e0000171838,WZI5VJr4rMw,168.194,171.838,3.644,1.0,1.0,12.82,/kaggle/working/cut_cutfix_full_tier1_20260729_01/tier1/400_440/media/WZI5VJr4rMw_s0000168194_e0000171838.mp4,tier1,cuda,nvenc,cutfix_full_tier1_20260729_01
WZI5VJr4rMw_s0000173538_e0000177022,WZI5VJr4rMw,173.538,177.022,3.484,1.0,1.0,13.67,/kaggle/working/cut_cutfix_full_tier1_20260729_01/tier1/400_440/media/WZI5VJr4rMw_s0000173538_e0000177022.mp4,tier1,cuda,nvenc,cutfix_full_tier1_20260729_01
WZI5VJr4rMw_s0000179394_e0000181470,WZI5VJr4rMw,179.394,181.47,2.076,1.0,1.0,14.34,/kaggle/working/cut_cutfix_full_tier1_20260729_01/tier1/400_440/media/WZI5VJr4rMw_s0000179394_e0000181470.mp4,tier1,cuda,nvenc,cutfix_full_tier1_20260729_01
WZI5VJr4rMw_s0000184610_e0000190238,WZI5VJr4rMw,184.61,190.238,5.628,1.0,1.0,11.16,/kaggle/working/cut_cutfix_full_tier1_20260729_01/tier1/400_440/media/WZI5VJr4rMw_s0000184610_e0000190238.mp4,tier1,cuda,nvenc,cutfix_full_tier1_20260729_01
WZI5VJr4rMw_s0000191330_e0000195838,WZI5VJr4rMw,191.33,195.838,4.508,1.0,1.0,12.96,/kaggle/working/cut_cutfix_full_tier1_20260729_01/tier1/400_440/media/WZI5VJr4rMw_s0000191330_e0000195838.mp4,tier1,cuda,nvenc,cutfix_full_tier1_20260729_01
WZI5VJr4rMw_s0000199330_e0000207550,WZI5VJr4rMw,199.33,207.55,8.22,1.0,1.0,12.53,/kaggle/working/cut_cutfix_full_tier1_20260729_01/tier1/400_440/media/WZI5VJr4rMw_s0000199330_e0000207550.mp4,tier1,cuda,nvenc,cutfix_full_tier1_20260729_01
WZI5VJr4rMw_s0000207682_e0000210526,WZI5VJr4rMw,207.682,210.526,2.844,1.0,1.0,10.89,/kaggle/working/cut_cutfix_full_tier1_20260729_01/tier1/400_440/media/WZI5VJr4rMw_s0000207682_e0000210526.mp4,tier1,cuda,nvenc,cutfix_full_tier1_20260729_01
WZI5VJr4rMw_s0000210882_e0000217054,WZI5VJr4rMw,210.882,217.054,6.172,1.0,1.0,11.71,/kaggle/working/cut_cutfix_full_tier1_20260729_01/tier1/400_440/media/WZI5VJr4rMw_s0000210882_e0000217054.mp4,tier1,cuda,nvenc,cutfix_full_tier1_20260729_01
WZI5VJr4rMw_s0000222210_e0000226142,WZI5VJr4rMw,222.21,226.142,3.932,1.0,1.0,10.3,/kaggle/working/cut_cutfix_full_tier1_20260729_01/tier1/400_440/media/WZI5VJr4rMw_s0000222210_e0000226142.mp4,tier1,cuda,nvenc,cutfix_full_tier1_20260729_01
WZI5VJr4rMw_s0000228258_e0000231902,WZI5VJr4rMw,228.258,231.902,3.644,1.0,1.0,13.33,/kaggle/working/cut_cutfix_full_tier1_20260729_01/tier1/400_440/media/WZI5VJr4rMw_s0000228258_e0000231902.mp4,tier1,cuda,nvenc,cutfix_full_tier1_20260729_01
WZI5VJr4rMw_s0000235938_e0000240350,WZI5VJr4rMw,235.938,240.35,4.412,1.0,1.0,13.66,/kaggle/working/cut_cutfix_full_tier1_20260729_01/tier1/400_440/media/WZI5VJr4rMw_s0000235938_e0000240350.mp4,tier1,cuda,nvenc,cutfix_full_tier1_20260729_01
WZI5VJr4rMw_s0000240450_e0000246910,WZI5VJr4rMw,240.45,246.91,6.46,1.0,1.0,12.81,/kaggle/working/cut_cutfix_full_tier1_20260729_01/tier1/400_440/media/WZI5VJr4rMw_s0000240450_e0000246910.mp4,tier1,cuda,nvenc,cutfix_full_tier1_20260729_01
WZI5VJr4rMw_s0000247266_e0000255550,WZI5VJr4rMw,247.266,255.55,8.284,1.0,1.0,13.7,/kaggle/working/cut_cutfix_full_tier1_20260729_01/tier1/400_440/media/WZI5VJr4rMw_s0000247266_e0000255550.mp4,tier1,cuda,nvenc,cutfix_full_tier1_20260729_01
WZI5VJr4rMw_s0000255650_e0000259102,WZI5VJr4rMw,255.65,259.102,3.452,1.0,1.0,11.03,/kaggle/working/cut_cutfix_full_tier1_20260729_01/tier1/400_440/media/WZI5VJr4rMw_s0000255650_e0000259102.mp4,tier1,cuda,nvenc,cutfix_full_tier1_20260729_01
WZI5VJr4rMw_s0000261570_e0000266334,WZI5VJr4rMw,261.57,266.334,4.764,1.0,1.0,12.22,/kaggle/working/cut_cutfix_full_tier1_20260729_01/tier1/400_440/media/WZI5VJr4rMw_s0000261570_e0000266334.mp4,tier1,cuda,nvenc,cutfix_full_tier1_20260729_01
WZI5VJr4rMw_s0000266434_e0000270910,WZI5VJr4rMw,266.434,270.91,4.476,1.0,1.0,9.93,/kaggle/working/cut_cutfix_full_tier1_20260729_01/tier1/400_440/media/WZI5VJr4rMw_s0000266434_e0000270910.mp4,tier1,cuda,nvenc,cutfix_full_tier1_20260729_01
WZI5VJr4rMw_s0000271394_e0000274174,WZI5VJr4rMw,271.394,274.174,2.78,1.0,1.0,10.79,/kaggle/working/cut_cutfix_full_tier1_20260729_01/tier1/400_440/media/WZI5VJr4rMw_s0000271394_e0000274174.mp4,tier1,cuda,nvenc,cutfix_full_tier1_20260729_01
WZI5VJr4rMw_s0000275874_e0000283582,WZI5VJr4rMw,275.874,283.582,7.708,1.0,1.0,11.07,/kaggle/working/cut_cutfix_full_tier1_20260729_01/tier1/400_440/media/WZI5VJr4rMw_s0000275874_e0000283582.mp4,tier1,cuda,nvenc,cutfix_full_tier1_20260729_01
WZI5VJr4rMw_s0000283970_e0000287070,WZI5VJr4rMw,283.97,287.07,3.1,1.0,1.0,13.67,/kaggle/working/cut_cutfix_full_tier1_20260729_01/tier1/400_440/media/WZI5VJr4rMw_s0000283970_e0000287070.mp4,tier1,cuda,nvenc,cutfix_full_tier1_20260729_01
WZI5VJr4rMw_s0000288546_e0000290846,WZI5VJr4rMw,288.546,290.846,2.3,1.0,1.0,12.18,/kaggle/working/cut_cutfix_full_tier1_20260729_01/tier1/400_440/media/WZI5VJr4rMw_s0000288546_e0000290846.mp4,tier1,cuda,nvenc,cutfix_full_tier1_20260729_01
WZI5VJr4rMw_s0000290978_e0000293406,WZI5VJr4rMw,290.978,293.406,2.428,1.0,1.0,12.81,/kaggle/working/cut_cutfix_full_tier1_20260729_01/tier1/400_440/media/WZI5VJr4rMw_s0000290978_e0000293406.mp4,tier1,cuda,nvenc,cutfix_full_tier1_20260729_01
WZI5VJr4rMw_s0000295650_e0000297982,WZI5VJr4rMw,295.65,297.982,2.332,1.0,1.0,11.67,/kaggle/working/cut_cutfix_full_tier1_20260729_01/tier1/400_440/media/WZI5VJr4rMw_s0000295650_e0000297982.mp4,tier1,cuda,nvenc,cutfix_full_tier1_20260729_01
WZI5VJr4rMw_s0000311458_e0000318302,WZI5VJr4rMw,311.458,318.302,6.844,1.0,1.0,13.39,/kaggle/working/cut_cutfix_full_tier1_20260729_01/tier1/400_440/media/WZI5VJr4rMw_s0000311458_e0000318302.mp4,tier1,cuda,nvenc,cutfix_full_tier1_20260729_01
WZI5VJr4rMw_s0000318594_e0000324606,WZI5VJr4rMw,318.594,324.606,6.012,1.0,1.0,12.51,/kaggle/working/cut_cutfix_full_tier1_20260729_01/tier1/400_440/media/WZI5VJr4rMw_s0000318594_e0000324606.mp4,tier1,cuda,nvenc,cutfix_full_tier1_20260729_01
WZI5VJr4rMw_s0000327650_e0000330462,WZI5VJr4rMw,327.65,330.462,2.812,1.0,1.0,11.94,/kaggle/working/cut_cutfix_full_tier1_20260729_01/tier1/400_440/media/WZI5VJr4rMw_s0000327650_e0000330462.mp4,tier1,cuda,nvenc,cutfix_full_tier1_20260729_01
WZI5VJr4rMw_s0000330722_e0000333726,WZI5VJr4rMw,330.722,333.726,3.004,1.0,1.0,11.22,/kaggle/working/cut_cutfix_full_tier1_20260729_01/tier1/400_440/media/WZI5VJr4rMw_s0000330722_e0000333726.mp4,tier1,cuda,nvenc,cutfix_full_tier1_20260729_01
WZI5VJr4rMw_s0000337346_e0000341662,WZI5VJr4rMw,337.346,341.662,4.316,1.0,1.0,10.94,/kaggle/working/cut_cutfix_full_tier1_20260729_01/tier1/400_440/media/WZI5VJr4rMw_s0000337346_e0000341662.mp4,tier1,cuda,nvenc,cutfix_full_tier1_20260729_01
WZI5VJr4rMw_s0000343266_e0000346398,WZI5VJr4rMw,343.266,346.398,3.132,1.0,1.0,12.35,/kaggle/working/cut_cutfix_full_tier1_20260729_01/tier1/400_440/media/WZI5VJr4rMw_s0000343266_e0000346398.mp4,tier1,cuda,nvenc,cutfix_full_tier1_20260729_01
WZI5VJr4rMw_s0000346690_e0000350910,WZI5VJr4rMw,346.69,350.91,4.22,1.0,1.0,13.55,/kaggle/working/cut_cutfix_full_tier1_20260729_01/tier1/400_440/media/WZI5VJr4rMw_s0000346690_e0000350910.mp4,tier1,cuda,nvenc,cutfix_full_tier1_20260729_01
WZI5VJr4rMw_s0000351170_e0000355678,WZI5VJr4rMw,351.17,355.678,4.508,1.0,1.0,11.41,/kaggle/working/cut_cutfix_full_tier1_20260729_01/tier1/400_440/media/WZI5VJr4rMw_s0000351170_e0000355678.mp4,tier1,cuda,nvenc,cutfix_full_tier1_20260729_01
WZI5VJr4rMw_s0000360706_e0000364798,WZI5VJr4rMw,360.706,364.798,4.092,1.0,1.0,11.06,/kaggle/working/cut_cutfix_full_tier1_20260729_01/tier1/400_440/media/WZI5VJr4rMw_s0000360706_e0000364798.mp4,tier1,cuda,nvenc,cutfix_full_tier1_20260729_01
WZI5VJr4rMw_s0000366530_e0000368638,WZI5VJr4rMw,366.53,368.638,2.108,1.0,1.0,8.5,/kaggle/working/cut_cutfix_full_tier1_20260729_01/tier1/400_440/media/WZI5VJr4rMw_s0000366530_e0000368638.mp4,tier1,cuda,nvenc,cutfix_full_tier1_20260729_01
WZI5VJr4rMw_s0000370946_e0000376414,WZI5VJr4rMw,370.946,376.414,5.468,1.0,1.0,12.15,/kaggle/working/cut_cutfix_full_tier1_20260729_01/tier1/400_440/media/WZI5VJr4rMw_s0000370946_e0000376414.mp4,tier1,cuda,nvenc,cutfix_full_tier1_20260729_01
WZI5VJr4rMw_s0000376546_e0000384062,WZI5VJr4rMw,376.546,384.062,7.516,0.875,1.0,11.68,/kaggle/working/cut_cutfix_full_tier1_20260729_01/tier1/400_440/media/WZI5VJr4rMw_s0000376546_e0000384062.mp4,tier1,cuda,nvenc,cutfix_full_tier1_20260729_01
WZI5VJr4rMw_s0000388802_e0000392190,WZI5VJr4rMw,388.802,392.19,3.388,1.0,1.0,11.26,/kaggle/working/cut_cutfix_full_tier1_20260729_01/tier1/400_440/media/WZI5VJr4rMw_s0000388802_e0000392190.mp4,tier1,cuda,nvenc,cutfix_full_tier1_20260729_01
WZI5VJr4rMw_s0000394114_e0000398462,WZI5VJr4rMw,394.114,398.462,4.348,1.0,1.0,11.24,/kaggle/working/cut_cutfix_full_tier1_20260729_01/tier1/400_440/media/WZI5VJr4rMw_s0000394114_e0000398462.mp4,tier1,cuda,nvenc,cutfix_full_tier1_20260729_01
WZI5VJr4rMw_s0000398722_e0000404222,WZI5VJr4rMw,398.722,404.222,5.5,1.0,1.0,11.21,/kaggle/working/cut_cutfix_full_tier1_20260729_01/tier1/400_440/media/WZI5VJr4rMw_s0000398722_e0000404222.mp4,tier1,cuda,nvenc,cutfix_full_tier1_20260729_01
WZI5VJr4rMw_s0000405506_e0000411582,WZI5VJr4rMw,405.506,411.582,6.076,1.0,1.0,10.25,/kaggle/working/cut_cutfix_full_tier1_20260729_01/tier1/400_440/media/WZI5VJr4rMw_s0000405506_e0000411582.mp4,tier1,cuda,nvenc,cutfix_full_tier1_20260729_01
WZI5VJr4rMw_s0000412066_e0000414814,WZI5VJr4rMw,412.066,414.814,2.748,1.0,1.0,9.29,/kaggle/working/cut_cutfix_full_tier1_20260729_01/tier1/400_440/media/WZI5VJr4rMw_s0000412066_e0000414814.mp4,tier1,cuda,nvenc,cutfix_full_tier1_20260729_01
WZI5VJr4rMw_s0000414978_e0000418174,WZI5VJr4rMw,414.978,418.174,3.196,1.0,1.0,10.94,/kaggle/working/cut_cutfix_full_tier1_20260729_01/tier1/400_440/media/WZI5VJr4rMw_s0000414978_e0000418174.mp4,tier1,cuda,nvenc,cutfix_full_tier1_20260729_01
WZI5VJr4rMw_s0000418274_e0000420318,WZI5VJr4rMw,418.274,420.318,2.044,1.0,1.0,12.59,/kaggle/working/cut_cutfix_full_tier1_20260729_01/tier1/400_440/media/WZI5VJr4rMw_s0000418274_e0000420318.mp4,tier1,cuda,nvenc,cutfix_full_tier1_20260729_01
WZI5VJr4rMw_s0000420578_e0000424094,WZI5VJr4rMw,420.578,424.094,3.516,1.0,1.0,13.08,/kaggle/working/cut_cutfix_full_tier1_20260729_01/tier1/400_440/media/WZI5VJr4rMw_s0000420578_e0000424094.mp4,tier1,cuda,nvenc,cutfix_full_tier1_20260729_01
WZI5VJr4rMw_s0000424322_e0000426398,WZI5VJr4rMw,424.322,426.398,2.076,1.0,1.0,11.8,/kaggle/working/cut_cutfix_full_tier1_20260729_01/tier1/400_440/media/WZI5VJr4rMw_s0000424322_e0000426398.mp4,tier1,cuda,nvenc,cutfix_full_tier1_20260729_01
WZI5VJr4rMw_s0000426530_e0000429054,WZI5VJr4rMw,426.53,429.054,2.524,1.0,1.0,10.07,/kaggle/working/cut_cutfix_full_tier1_20260729_01/tier1/400_440/media/WZI5VJr4rMw_s0000426530_e0000429054.mp4,tier1,cuda,nvenc,cutfix_full_tier1_20260729_01
WZI5VJr4rMw_s0000431042_e0000433694,WZI5VJr4rMw,431.042,433.694,2.652,1.0,1.0,10.43,/kaggle/working/cut_cutfix_full_tier1_20260729_01/tier1/400_440/media/WZI5VJr4rMw_s0000431042_e0000433694.mp4,tier1,cuda,nvenc,cutfix_full_tier1_20260729_01
WZI5VJr4rMw_s0000433794_e0000439166,WZI5VJr4rMw,433.794,439.166,5.372,1.0,1.0,11.23,/kaggle/working/cut_cutfix_full_tier1_20260729_01/tier1/400_440/media/WZI5VJr4rMw_s0000433794_e0000439166.mp4,tier1,cuda,nvenc,cutfix_full_tier1_20260729_01
WZI5VJr4rMw_s0000441442_e0000445150,WZI5VJr4rMw,441.442,445.15,3.708,1.0,1.0,10.58,/kaggle/working/cut_cutfix_full_tier1_20260729_01/tier1/400_440/media/WZI5VJr4rMw_s0000441442_e0000445150.mp4,tier1,cuda,nvenc,cutfix_full_tier1_20260729_01
WZI5VJr4rMw_s0000447554_e0000449566,WZI5VJr4rMw,447.554,449.566,2.012,1.0,1.0,11.92,/kaggle/working/cut_cutfix_full_tier1_20260729_01/tier1/400_440/media/WZI5VJr4rMw_s0000447554_e0000449566.mp4,tier1,cuda,nvenc,cutfix_full_tier1_20260729_01
WZI5VJr4rMw_s0000449922_e0000455102,WZI5VJr4rMw,449.922,455.102,5.18,1.0,1.0,11.51,/kaggle/working/cut_cutfix_full_tier1_20260729_01/tier1/400_440/media/WZI5VJr4rMw_s0000449922_e0000455102.mp4,tier1,cuda,nvenc,cutfix_full_tier1_20260729_01
WZI5VJr4rMw_s0000455426_e0000459230,WZI5VJr4rMw,455.426,459.23,3.804,1.0,1.0,10.47,/kaggle/working/cut_cutfix_full_tier1_20260729_01/tier1/400_440/media/WZI5VJr4rMw_s0000455426_e0000459230.mp4,tier1,cuda,nvenc,cutfix_full_tier1_20260729_01
WZI5VJr4rMw_s0000462498_e0000465118,WZI5VJr4rMw,462.498,465.118,2.62,1.0,1.0,10.94,/kaggle/working/cut_cutfix_full_tier1_20260729_01/tier1/400_440/media/WZI5VJr4rMw_s0000462498_e0000465118.mp4,tier1,cuda,nvenc,cutfix_full_tier1_20260729_01
WZI5VJr4rMw_s0000465506_e0000474270,WZI5VJr4rMw,465.506,474.27,8.764,1.0,1.0,13.35,/kaggle/working/cut_cutfix_full_tier1_20260729_01/tier1/400_440/media/WZI5VJr4rMw_s0000465506_e0000474270.mp4,tier1,cuda,nvenc,cutfix_full_tier1_20260729_01
WZI5VJr4rMw_s0000474722_e0000479262,WZI5VJr4rMw,474.722,479.262,4.54,1.0,1.0,13.09,/kaggle/working/cut_cutfix_full_tier1_20260729_01/tier1/400_440/media/WZI5VJr4rMw_s0000474722_e0000479262.mp4,tier1,cuda,nvenc,cutfix_full_tier1_20260729_01
WZI5VJr4rMw_s0000479522_e0000484606,WZI5VJr4rMw,479.522,484.606,5.084,1.0,1.0,10.73,/kaggle/working/cut_cutfix_full_tier1_20260729_01/tier1/400_440/media/WZI5VJr4rMw_s0000479522_e0000484606.mp4,tier1,cuda,nvenc,cutfix_full_tier1_20260729_01
WZI5VJr4rMw_s0000484866_e0000489310,WZI5VJr4rMw,484.866,489.31,4.444,1.0,1.0,13.54,/kaggle/working/cut_cutfix_full_tier1_20260729_01/tier1/400_440/media/WZI5VJr4rMw_s0000484866_e0000489310.mp4,tier1,cuda,nvenc,cutfix_full_tier1_20260729_01
WZI5VJr4rMw_s0000493090_e0000495262,WZI5VJr4rMw,493.09,495.262,2.172,1.0,1.0,15.02,/kaggle/working/cut_cutfix_full_tier1_20260729_01/tier1/400_440/media/WZI5VJr4rMw_s0000493090_e0000495262.mp4,tier1,cuda,nvenc,cutfix_full_tier1_20260729_01
WZI5VJr4rMw_s0000496834_e0000502558,WZI5VJr4rMw,496.834,502.558,5.724,1.0,1.0,10.4,/kaggle/working/cut_cutfix_full_tier1_20260729_01/tier1/400_440/media/WZI5VJr4rMw_s0000496834_e0000502558.mp4,tier1,cuda,nvenc,cutfix_full_tier1_20260729_01
WZI5VJr4rMw_s0000503842_e0000507742,WZI5VJr4rMw,503.842,507.742,3.9,0.75,1.0,12.39,/kaggle/working/cut_cutfix_full_tier1_20260729_01/tier1/400_440/media/WZI5VJr4rMw_s0000503842_e0000507742.mp4,tier1,cuda,nvenc,cutfix_full_tier1_20260729_01
WZI5VJr4rMw_s0000507970_e0000512574,WZI5VJr4rMw,507.97,512.574,4.604,1.0,1.0,12.42,/kaggle/working/cut_cutfix_full_tier1_20260729_01/tier1/400_440/media/WZI5VJr4rMw_s0000507970_e0000512574.mp4,tier1,cuda,nvenc,cutfix_full_tier1_20260729_01
WZI5VJr4rMw_s0000512898_e0000516478,WZI5VJr4rMw,512.898,516.478,3.58,1.0,1.0,14.34,/kaggle/working/cut_cutfix_full_tier1_20260729_01/tier1/400_440/media/WZI5VJr4rMw_s0000512898_e0000516478.mp4,tier1,cuda,nvenc,cutfix_full_tier1_20260729_01
WZI5VJr4rMw_s0000516578_e0000519422,WZI5VJr4rMw,516.578,519.422,2.844,1.0,1.0,11.18,/kaggle/working/cut_cutfix_full_tier1_20260729_01/tier1/400_440/media/WZI5VJr4rMw_s0000516578_e0000519422.mp4,tier1,cuda,nvenc,cutfix_full_tier1_20260729_01
WZI5VJr4rMw_s0000531394_e0000533854,WZI5VJr4rMw,531.394,533.854,2.46,1.0,1.0,11.76,/kaggle/working/cut_cutfix_full_tier1_20260729_01/tier1/400_440/media/WZI5VJr4rMw_s0000531394_e0000533854.mp4,tier1,cuda,nvenc,cutfix_full_tier1_20260729_01
WZI5VJr4rMw_s0000533986_e0000539422,WZI5VJr4rMw,533.986,539.422,5.436,1.0,1.0,12.83,/kaggle/working/cut_cutfix_full_tier1_20260729_01/tier1/400_440/media/WZI5VJr4rMw_s0000533986_e0000539422.mp4,tier1,cuda,nvenc,cutfix_full_tier1_20260729_01
WZI5VJr4rMw_s0000544386_e0000547230,WZI5VJr4rMw,544.386,547.23,2.844,1.0,1.0,9.0,/kaggle/working/cut_cutfix_full_tier1_20260729_01/tier1/400_440/media/WZI5VJr4rMw_s0000544386_e0000547230.mp4,tier1,cuda,nvenc,cutfix_full_tier1_20260729_01
WZI5VJr4rMw_s0000547426_e0000550270,WZI5VJr4rMw,547.426,550.27,2.844,1.0,1.0,12.14,/kaggle/working/cut_cutfix_full_tier1_20260729_01/tier1/400_440/media/WZI5VJr4rMw_s0000547426_e0000550270.mp4,tier1,cuda,nvenc,cutfix_full_tier1_20260729_01
WZI5VJr4rMw_s0000550594_e0000554750,WZI5VJr4rMw,550.594,554.75,4.156,1.0,1.0,13.03,/kaggle/working/cut_cutfix_full_tier1_20260729_01/tier1/400_440/media/WZI5VJr4rMw_s0000550594_e0000554750.mp4,tier1,cuda,nvenc,cutfix_full_tier1_20260729_01
WZI5VJr4rMw_s0000556674_e0000559006,WZI5VJr4rMw,556.674,559.006,2.332,1.0,1.0,12.46,/kaggle/working/cut_cutfix_full_tier1_20260729_01/tier1/400_440/media/WZI5VJr4rMw_s0000556674_e0000559006.mp4,tier1,cuda,nvenc,cutfix_full_tier1_20260729_01
WZI5VJr4rMw_s0000567138_e0000570046,WZI5VJr4rMw,567.138,570.046,2.908,1.0,1.0,9.68,/kaggle/working/cut_cutfix_full_tier1_20260729_01/tier1/400_440/media/WZI5VJr4rMw_s0000567138_e0000570046.mp4,tier1,cuda,nvenc,cutfix_full_tier1_20260729_01
WZI5VJr4rMw_s0000570402_e0000573022,WZI5VJr4rMw,570.402,573.022,2.62,1.0,1.0,10.06,/kaggle/working/cut_cutfix_full_tier1_20260729_01/tier1/400_440/media/WZI5VJr4rMw_s0000570402_e0000573022.mp4,tier1,cuda,nvenc,cutfix_full_tier1_20260729_01
WZI5VJr4rMw_s0000573154_e0000579262,WZI5VJr4rMw,573.154,579.262,6.108,1.0,1.0,11.42,/kaggle/working/cut_cutfix_full_tier1_20260729_01/tier1/400_440/media/WZI5VJr4rMw_s0000573154_e0000579262.mp4,tier1,cuda,nvenc,cutfix_full_tier1_20260729_01
WZI5VJr4rMw_s0000582690_e0000587518,WZI5VJr4rMw,582.69,587.518,4.828,1.0,1.0,10.37,/kaggle/working/cut_cutfix_full_tier1_20260729_01/tier1/400_440/media/WZI5VJr4rMw_s0000582690_e0000587518.mp4,tier1,cuda,nvenc,cutfix_full_tier1_20260729_01
WZI5VJr4rMw_s0000589378_e0000595230,WZI5VJr4rMw,589.378,595.23,5.852,1.0,1.0,11.06,/kaggle/working/cut_cutfix_full_tier1_20260729_01/tier1/400_440/media/WZI5VJr4rMw_s0000589378_e0000595230.mp4,tier1,cuda,nvenc,cutfix_full_tier1_20260729_01
WZI5VJr4rMw_s0000608674_e0000613054,WZI5VJr4rMw,608.674,613.054,4.38,1.0,1.0,11.37,/kaggle/working/cut_cutfix_full_tier1_20260729_01/tier1/400_440/media/WZI5VJr4rMw_s0000608674_e0000613054.mp4,tier1,cuda,nvenc,cutfix_full_tier1_20260729_01
WZI5VJr4rMw_s0000613314_e0000615710,WZI5VJr4rMw,613.314,615.71,2.396,1.0,1.0,11.86,/kaggle/working/cut_cutfix_full_tier1_20260729_01/tier1/400_440/media/WZI5VJr4rMw_s0000613314_e0000615710.mp4,tier1,cuda,nvenc,cutfix_full_tier1_20260729_01
WZI5VJr4rMw_s0000615970_e0000621598,WZI5VJr4rMw,615.97,621.598,5.628,1.0,1.0,11.76,/kaggle/working/cut_cutfix_full_tier1_20260729_01/tier1/400_440/media/WZI5VJr4rMw_s0000615970_e0000621598.mp4,tier1,cuda,nvenc,cutfix_full_tier1_20260729_01
WZI5VJr4rMw_s0000621954_e0000625182,WZI5VJr4rMw,621.954,625.182,3.228,1.0,1.0,14.29,/kaggle/working/cut_cutfix_full_tier1_20260729_01/tier1/400_440/media/WZI5VJr4rMw_s0000621954_e0000625182.mp4,tier1,cuda,nvenc,cutfix_full_tier1_20260729_01
WZI5VJr4rMw_s0000625346_e0000629726,WZI5VJr4rMw,625.346,629.726,4.38,1.0,1.0,13.2,/kaggle/working/cut_cutfix_full_tier1_20260729_01/tier1/400_440/media/WZI5VJr4rMw_s0000625346_e0000629726.mp4,tier1,cuda,nvenc,cutfix_full_tier1_20260729_01
WZI5VJr4rMw_s0000630050_e0000632798,WZI5VJr4rMw,630.05,632.798,2.748,1.0,1.0,13.04,/kaggle/working/cut_cutfix_full_tier1_20260729_01/tier1/400_440/media/WZI5VJr4rMw_s0000630050_e0000632798.mp4,tier1,cuda,nvenc,cutfix_full_tier1_20260729_01
WZI5VJr4rMw_s0000633346_e0000642974,WZI5VJr4rMw,633.346,642.974,9.628,1.0,1.0,11.25,/kaggle/working/cut_cutfix_full_tier1_20260729_01/tier1/400_440/media/WZI5VJr4rMw_s0000633346_e0000642974.mp4,tier1,cuda,nvenc,cutfix_full_tier1_20260729_01
WZI5VJr4rMw_s0000643266_e0000649854,WZI5VJr4rMw,643.266,649.854,6.588,1.0,1.0,11.6,/kaggle/working/cut_cutfix_full_tier1_20260729_01/tier1/400_440/media/WZI5VJr4rMw_s0000643266_e0000649854.mp4,tier1,cuda,nvenc,cutfix_full_tier1_20260729_01
WZI5VJr4rMw_s0000653538_e0000656702,WZI5VJr4rMw,653.538,656.702,3.164,1.0,1.0,14.21,/kaggle/working/cut_cutfix_full_tier1_20260729_01/tier1/400_440/media/WZI5VJr4rMw_s0000653538_e0000656702.mp4,tier1,cuda,nvenc,cutfix_full_tier1_20260729_01
WZI5VJr4rMw_s0000663266_e0000668862,WZI5VJr4rMw,663.266,668.862,5.596,1.0,1.0,12.19,/kaggle/working/cut_cutfix_full_tier1_20260729_01/tier1/400_440/media/WZI5VJr4rMw_s0000663266_e0000668862.mp4,tier1,cuda,nvenc,cutfix_full_tier1_20260729_01
WZI5VJr4rMw_s0000669186_e0000673054,WZI5VJr4rMw,669.186,673.054,3.868,1.0,1.0,11.18,/kaggle/working/cut_cutfix_full_tier1_20260729_01/tier1/400_440/media/WZI5VJr4rMw_s0000669186_e0000673054.mp4,tier1,cuda,nvenc,cutfix_full_tier1_20260729_01
WZI5VJr4rMw_s0000673410_e0000677246,WZI5VJr4rMw,673.41,677.246,3.836,1.0,1.0,11.13,/kaggle/working/cut_cutfix_full_tier1_20260729_01/tier1/400_440/media/WZI5VJr4rMw_s0000673410_e0000677246.mp4,tier1,cuda,nvenc,cutfix_full_tier1_20260729_01
WZI5VJr4rMw_s0000677410_e0000681182,WZI5VJr4rMw,677.41,681.182,3.772,1.0,1.0,12.41,/kaggle/working/cut_cutfix_full_tier1_20260729_01/tier1/400_440/media/WZI5VJr4rMw_s0000677410_e0000681182.mp4,tier1,cuda,nvenc,cutfix_full_tier1_20260729_01
WZI5VJr4rMw_s0000682658_e0000686366,WZI5VJr4rMw,682.658,686.366,3.708,1.0,1.0,12.28,/kaggle/working/cut_cutfix_full_tier1_20260729_01/tier1/400_440/media/WZI5VJr4rMw_s0000682658_e0000686366.mp4,tier1,cuda,nvenc,cutfix_full_tier1_20260729_01
WZI5VJr4rMw_s0000689218_e0000691774,WZI5VJr4rMw,689.218,691.774,2.556,1.0,1.0,13.64,/kaggle/working/cut_cutfix_full_tier1_20260729_01/tier1/400_440/media/WZI5VJr4rMw_s0000689218_e0000691774.mp4,tier1,cuda,nvenc,cutfix_full_tier1_20260729_01
WZI5VJr4rMw_s0000692034_e0000694238,WZI5VJr4rMw,692.034,694.238,2.204,1.0,1.0,11.72,/kaggle/working/cut_cutfix_full_tier1_20260729_01/tier1/400_440/media/WZI5VJr4rMw_s0000692034_e0000694238.mp4,tier1,cuda,nvenc,cutfix_full_tier1_20260729_01
WZI5VJr4rMw_s0000694594_e0000701214,WZI5VJr4rMw,694.594,701.214,6.62,1.0,1.0,12.36,/kaggle/working/cut_cutfix_full_tier1_20260729_01/tier1/400_440/media/WZI5VJr4rMw_s0000694594_e0000701214.mp4,tier1,cuda,nvenc,cutfix_full_tier1_20260729_01
WZI5VJr4rMw_s0000703938_e0000708126,WZI5VJr4rMw,703.938,708.126,4.188,1.0,1.0,10.25,/kaggle/working/cut_cutfix_full_tier1_20260729_01/tier1/400_440/media/WZI5VJr4rMw_s0000703938_e0000708126.mp4,tier1,cuda,nvenc,cutfix_full_tier1_20260729_01
WZI5VJr4rMw_s0000708226_e0000711390,WZI5VJr4rMw,708.226,711.39,3.164,1.0,1.0,11.72,/kaggle/working/cut_cutfix_full_tier1_20260729_01/tier1/400_440/media/WZI5VJr4rMw_s0000708226_e0000711390.mp4,tier1,cuda,nvenc,cutfix_full_tier1_20260729_01
WZI5VJr4rMw_s0000714754_e0000718750,WZI5VJr4rMw,714.754,718.75,3.996,1.0,1.0,12.11,/kaggle/working/cut_cutfix_full_tier1_20260729_01/tier1/400_440/media/WZI5VJr4rMw_s0000714754_e0000718750.mp4,tier1,cuda,nvenc,cutfix_full_tier1_20260729_01
WZI5VJr4rMw_s0000720130_e0000724190,WZI5VJr4rMw,720.13,724.19,4.06,1.0,1.0,10.87,/kaggle/working/cut_cutfix_full_tier1_20260729_01/tier1/400_440/media/WZI5VJr4rMw_s0000720130_e0000724190.mp4,tier1,cuda,nvenc,cutfix_full_tier1_20260729_01
WZI5VJr4rMw_s0000724482_e0000726718,WZI5VJr4rMw,724.482,726.718,2.236,1.0,1.0,10.18,/kaggle/working/cut_cutfix_full_tier1_20260729_01/tier1/400_440/media/WZI5VJr4rMw_s0000724482_e0000726718.mp4,tier1,cuda,nvenc,cutfix_full_tier1_20260729_01
WZI5VJr4rMw_s0000726818_e0000730398,WZI5VJr4rMw,726.818,730.398,3.58,1.0,1.0,11.31,/kaggle/working/cut_cutfix_full_tier1_20260729_01/tier1/400_440/media/WZI5VJr4rMw_s0000726818_e0000730398.mp4,tier1,cuda,nvenc,cutfix_full_tier1_20260729_01
WZI5VJr4rMw_s0000730498_e0000733502,WZI5VJr4rMw,730.498,733.502,3.004,1.0,1.0,10.76,/kaggle/working/cut_cutfix_full_tier1_20260729_01/tier1/400_440/media/WZI5VJr4rMw_s0000730498_e0000733502.mp4,tier1,cuda,nvenc,cutfix_full_tier1_20260729_01
WZI5VJr4rMw_s0000739714_e0000742206,WZI5VJr4rMw,739.714,742.206,2.492,1.0,1.0,10.69,/kaggle/working/cut_cutfix_full_tier1_20260729_01/tier1/400_440/media/WZI5VJr4rMw_s0000739714_e0000742206.mp4,tier1,cuda,nvenc,cutfix_full_tier1_20260729_01
WZI5VJr4rMw_s0000742306_e0000745438,WZI5VJr4rMw,742.306,745.438,3.132,1.0,1.0,8.36,/kaggle/working/cut_cutfix_full_tier1_20260729_01/tier1/400_440/media/WZI5VJr4rMw_s0000742306_e0000745438.mp4,tier1,cuda,nvenc,cutfix_full_tier1_20260729_01
WZI5VJr4rMw_s0000746690_e0000750014,WZI5VJr4rMw,746.69,750.014,3.324,1.0,1.0,12.43,/kaggle/working/cut_cutfix_full_tier1_20260729_01/tier1/400_440/media/WZI5VJr4rMw_s0000746690_e0000750014.mp4,tier1,cuda,nvenc,cutfix_full_tier1_20260729_01
WZI5VJr4rMw_s0000750274_e0000752510,WZI5VJr4rMw,750.274,752.51,2.236,1.0,1.0,9.95,/kaggle/working/cut_cutfix_full_tier1_20260729_01/tier1/400_440/media/WZI5VJr4rMw_s0000750274_e0000752510.mp4,tier1,cuda,nvenc,cutfix_full_tier1_20260729_01
WZI5VJr4rMw_s0000756610_e0000761374,WZI5VJr4rMw,756.61,761.374,4.764,1.0,1.0,12.36,/kaggle/working/cut_cutfix_full_tier1_20260729_01/tier1/400_440/media/WZI5VJr4rMw_s0000756610_e0000761374.mp4,tier1,cuda,nvenc,cutfix_full_tier1_20260729_01
WZI5VJr4rMw_s0000761698_e0000765406,WZI5VJr4rMw,761.698,765.406,3.708,1.0,1.0,13.69,/kaggle/working/cut_cutfix_full_tier1_20260729_01/tier1/400_440/media/WZI5VJr4rMw_s0000761698_e0000765406.mp4,tier1,cuda,nvenc,cutfix_full_tier1_20260729_01
WZI5VJr4rMw_s0000767074_e0000769790,WZI5VJr4rMw,767.074,769.79,2.716,1.0,1.0,11.01,/kaggle/working/cut_cutfix_full_tier1_20260729_01/tier1/400_440/media/WZI5VJr4rMw_s0000767074_e0000769790.mp4,tier1,cuda,nvenc,cutfix_full_tier1_20260729_01
WZI5VJr4rMw_s0000771522_e0000775070,WZI5VJr4rMw,771.522,775.07,3.548,1.0,1.0,12.0,/kaggle/working/cut_cutfix_full_tier1_20260729_01/tier1/400_440/media/WZI5VJr4rMw_s0000771522_e0000775070.mp4,tier1,cuda,nvenc,cutfix_full_tier1_20260729_01
WZI5VJr4rMw_s0000776610_e0000779742,WZI5VJr4rMw,776.61,779.742,3.132,1.0,1.0,9.19,/kaggle/working/cut_cutfix_full_tier1_20260729_01/tier1/400_440/media/WZI5VJr4rMw_s0000776610_e0000779742.mp4,tier1,cuda,nvenc,cutfix_full_tier1_20260729_01
WZI5VJr4rMw_s0000780834_e0000784062,WZI5VJr4rMw,780.834,784.062,3.228,1.0,1.0,12.04,/kaggle/working/cut_cutfix_full_tier1_20260729_01/tier1/400_440/media/WZI5VJr4rMw_s0000780834_e0000784062.mp4,tier1,cuda,nvenc,cutfix_full_tier1_20260729_01
WZI5VJr4rMw_s0000784194_e0000788830,WZI5VJr4rMw,784.194,788.83,4.636,1.0,1.0,8.46,/kaggle/working/cut_cutfix_full_tier1_20260729_01/tier1/400_440/media/WZI5VJr4rMw_s0000784194_e0000788830.mp4,tier1,cuda,nvenc,cutfix_full_tier1_20260729_01
WZI5VJr4rMw_s0000789186_e0000791614,WZI5VJr4rMw,789.186,791.614,2.428,1.0,1.0,10.64,/kaggle/working/cut_cutfix_full_tier1_20260729_01/tier1/400_440/media/WZI5VJr4rMw_s0000789186_e0000791614.mp4,tier1,cuda,nvenc,cutfix_full_tier1_20260729_01
WZI5VJr4rMw_s0000791906_e0000795614,WZI5VJr4rMw,791.906,795.614,3.708,1.0,1.0,9.87,/kaggle/working/cut_cutfix_full_tier1_20260729_01/tier1/400_440/media/WZI5VJr4rMw_s0000791906_e0000795614.mp4,tier1,cuda,nvenc,cutfix_full_tier1_20260729_01
WZI5VJr4rMw_s0000797122_e0000800222,WZI5VJr4rMw,797.122,800.222,3.1,1.0,1.0,7.97,/kaggle/working/cut_cutfix_full_tier1_20260729_01/tier1/400_440/media/WZI5VJr4rMw_s0000797122_e0000800222.mp4,tier1,cuda,nvenc,cutfix_full_tier1_20260729_01
WZI5VJr4rMw_s0000800546_e0000802878,WZI5VJr4rMw,800.546,802.878,2.332,1.0,1.0,8.28,/kaggle/working/cut_cutfix_full_tier1_20260729_01/tier1/400_440/media/WZI5VJr4rMw_s0000800546_e0000802878.mp4,tier1,cuda,nvenc,cutfix_full_tier1_20260729_01
WZI5VJr4rMw_s0000803010_e0000810334,WZI5VJr4rMw,803.01,810.334,7.324,1.0,1.0,11.35,/kaggle/working/cut_cutfix_full_tier1_20260729_01/tier1/400_440/media/WZI5VJr4rMw_s0000803010_e0000810334.mp4,tier1,cuda,nvenc,cutfix_full_tier1_20260729_01
WaXg8jE7yLU_s0000005826_e0000008702,WaXg8jE7yLU,5.826,8.702,2.876,1.0,1.0,4.74,/kaggle/working/cut_cutfix_full_tier1_20260729_01/tier1/400_440/media/WaXg8jE7yLU_s0000005826_e0000008702.mp4,tier1,cuda,nvenc,cutfix_full_tier1_20260729_01
WaXg8jE7yLU_s0000013474_e0000015902,WaXg8jE7yLU,13.474,15.902,2.428,1.0,1.0,6.44,/kaggle/working/cut_cutfix_full_tier1_20260729_01/tier1/400_440/media/WaXg8jE7yLU_s0000013474_e0000015902.mp4,tier1,cuda,nvenc,cutfix_full_tier1_20260729_01
WaXg8jE7yLU_s0000020578_e0000025566,WaXg8jE7yLU,20.578,25.566,4.988,1.0,1.0,0.8,/kaggle/working/cut_cutfix_full_tier1_20260729_01/tier1/400_440/media/WaXg8jE7yLU_s0000020578_e0000025566.mp4,tier1,cuda,nvenc,cutfix_full_tier1_20260729_01
WaXg8jE7yLU_s0000027426_e0000032426,WaXg8jE7yLU,27.426,32.426,5.0,1.0,1.0,5.58,/kaggle/working/cut_cutfix_full_tier1_20260729_01/tier1/400_440/media/WaXg8jE7yLU_s0000027426_e0000032426.mp4,tier1,cuda,nvenc,cutfix_full_tier1_20260729_01
WaXg8jE7yLU_s0000035426_e0000040426,WaXg8jE7yLU,35.426,40.426,5.0,1.0,1.0,3.95,/kaggle/working/cut_cutfix_full_tier1_20260729_01/tier1/400_440/media/WaXg8jE7yLU_s0000035426_e0000040426.mp4,tier1,cuda,nvenc,cutfix_full_tier1_20260729_01
WaXg8jE7yLU_s0000043426_e0000047966,WaXg8jE7yLU,43.426,47.966,4.54,1.0,1.0,4.04,/kaggle/working/cut_cutfix_full_tier1_20260729_01/tier1/400_440/media/WaXg8jE7yLU_s0000043426_e0000047966.mp4,tier1,cuda,nvenc,cutfix_full_tier1_20260729_01
WaXg8jE7yLU_s0000056578_e0000058878,WaXg8jE7yLU,56.578,58.878,2.3,1.0,1.0,2.55,/kaggle/working/cut_cutfix_full_tier1_20260729_01/tier1/400_440/media/WaXg8jE7yLU_s0000056578_e0000058878.mp4,tier1,cuda,nvenc,cutfix_full_tier1_20260729_01
WaXg8jE7yLU_s0000068386_e0000071838,WaXg8jE7yLU,68.386,71.838,3.452,1.0,1.0,5.13,/kaggle/working/cut_cutfix_full_tier1_20260729_01/tier1/400_440/media/WaXg8jE7yLU_s0000068386_e0000071838.mp4,tier1,cuda,nvenc,cutfix_full_tier1_20260729_01
WaXg8jE7yLU_s0000090146_e0000093118,WaXg8jE7yLU,90.146,93.118,2.972,1.0,1.0,7.47,/kaggle/working/cut_cutfix_full_tier1_20260729_01/tier1/400_440/media/WaXg8jE7yLU_s0000090146_e0000093118.mp4,tier1,cuda,nvenc,cutfix_full_tier1_20260729_01
WaXg8jE7yLU_s0000147394_e0000149470,WaXg8jE7yLU,147.394,149.47,2.076,1.0,1.0,5.71,/kaggle/working/cut_cutfix_full_tier1_20260729_01/tier1/400_440/media/WaXg8jE7yLU_s0000147394_e0000149470.mp4,tier1,cuda,nvenc,cutfix_full_tier1_20260729_01
WaXg8jE7yLU_s0000149762_e0000154762,WaXg8jE7yLU,149.762,154.762,5.0,1.0,1.0,4.27,/kaggle/working/cut_cutfix_full_tier1_20260729_01/tier1/400_440/media/WaXg8jE7yLU_s0000149762_e0000154762.mp4,tier1,cuda,nvenc,cutfix_full_tier1_20260729_01
WaXg8jE7yLU_s0000163010_e0000165630,WaXg8jE7yLU,163.01,165.63,2.62,1.0,1.0,4.86,/kaggle/working/cut_cutfix_full_tier1_20260729_01/tier1/400_440/media/WaXg8jE7yLU_s0000163010_e0000165630.mp4,tier1,cuda,nvenc,cutfix_full_tier1_20260729_01
WaXg8jE7yLU_s0000173538_e0000177022,WaXg8jE7yLU,173.538,177.022,3.484,1.0,1.0,5.49,/kaggle/working/cut_cutfix_full_tier1_20260729_01/tier1/400_440/media/WaXg8jE7yLU_s0000173538_e0000177022.mp4,tier1,cuda,nvenc,cutfix_full_tier1_20260729_01
WaXg8jE7yLU_s0000198018_e0000203018,WaXg8jE7yLU,198.018,203.018,5.0,1.0,1.0,5.91,/kaggle/working/cut_cutfix_full_tier1_20260729_01/tier1/400_440/media/WaXg8jE7yLU_s0000198018_e0000203018.mp4,tier1,cuda,nvenc,cutfix_full_tier1_20260729_01
WaXg8jE7yLU_s0000206018_e0000210174,WaXg8jE7yLU,206.018,210.174,4.156,1.0,1.0,5.02,/kaggle/working/cut_cutfix_full_tier1_20260729_01/tier1/400_440/media/WaXg8jE7yLU_s0000206018_e0000210174.mp4,tier1,cuda,nvenc,cutfix_full_tier1_20260729_01
WaXg8jE7yLU_s0000214594_e0000218590,WaXg8jE7yLU,214.594,218.59,3.996,1.0,1.0,4.21,/kaggle/working/cut_cutfix_full_tier1_20260729_01/tier1/400_440/media/WaXg8jE7yLU_s0000214594_e0000218590.mp4,tier1,cuda,nvenc,cutfix_full_tier1_20260729_01
WaXg8jE7yLU_s0000218754_e0000221918,WaXg8jE7yLU,218.754,221.918,3.164,1.0,1.0,4.02,/kaggle/working/cut_cutfix_full_tier1_20260729_01/tier1/400_440/media/WaXg8jE7yLU_s0000218754_e0000221918.mp4,tier1,cuda,nvenc,cutfix_full_tier1_20260729_01
WaXg8jE7yLU_s0000233154_e0000235646,WaXg8jE7yLU,233.154,235.646,2.492,1.0,1.0,6.06,/kaggle/working/cut_cutfix_full_tier1_20260729_01/tier1/400_440/media/WaXg8jE7yLU_s0000233154_e0000235646.mp4,tier1,cuda,nvenc,cutfix_full_tier1_20260729_01
WaXg8jE7yLU_s0000251490_e0000255198,WaXg8jE7yLU,251.49,255.198,3.708,1.0,1.0,4.64,/kaggle/working/cut_cutfix_full_tier1_20260729_01/tier1/400_440/media/WaXg8jE7yLU_s0000251490_e0000255198.mp4,tier1,cuda,nvenc,cutfix_full_tier1_20260729_01
WaXg8jE7yLU_s0000268258_e0000273258,WaXg8jE7yLU,268.258,273.258,5.0,1.0,1.0,5.34,/kaggle/working/cut_cutfix_full_tier1_20260729_01/tier1/400_440/media/WaXg8jE7yLU_s0000268258_e0000273258.mp4,tier1,cuda,nvenc,cutfix_full_tier1_20260729_01
WaXg8jE7yLU_s0000289986_e0000294986,WaXg8jE7yLU,289.986,294.986,5.0,1.0,1.0,6.58,/kaggle/working/cut_cutfix_full_tier1_20260729_01/tier1/400_440/media/WaXg8jE7yLU_s0000289986_e0000294986.mp4,tier1,cuda,nvenc,cutfix_full_tier1_20260729_01
WaXg8jE7yLU_s0000301986_e0000306986,WaXg8jE7yLU,301.986,306.986,5.0,1.0,1.0,5.43,/kaggle/working/cut_cutfix_full_tier1_20260729_01/tier1/400_440/media/WaXg8jE7yLU_s0000301986_e0000306986.mp4,tier1,cuda,nvenc,cutfix_full_tier1_20260729_01
WaXg8jE7yLU_s0000318050_e0000321150,WaXg8jE7yLU,318.05,321.15,3.1,1.0,1.0,4.31,/kaggle/working/cut_cutfix_full_tier1_20260729_01/tier1/400_440/media/WaXg8jE7yLU_s0000318050_e0000321150.mp4,tier1,cuda,nvenc,cutfix_full_tier1_20260729_01
WaXg8jE7yLU_s0000337538_e0000340446,WaXg8jE7yLU,337.538,340.446,2.908,1.0,1.0,5.37,/kaggle/working/cut_cutfix_full_tier1_20260729_01/tier1/400_440/media/WaXg8jE7yLU_s0000337538_e0000340446.mp4,tier1,cuda,nvenc,cutfix_full_tier1_20260729_01
WaXg8jE7yLU_s0000427042_e0000429342,WaXg8jE7yLU,427.042,429.342,2.3,1.0,1.0,0.86,/kaggle/working/cut_cutfix_full_tier1_20260729_01/tier1/400_440/media/WaXg8jE7yLU_s0000427042_e0000429342.mp4,tier1,cuda,nvenc,cutfix_full_tier1_20260729_01
WaXg8jE7yLU_s0000444386_e0000447326,WaXg8jE7yLU,444.386,447.326,2.94,1.0,1.0,5.18,/kaggle/working/cut_cutfix_full_tier1_20260729_01/tier1/400_440/media/WaXg8jE7yLU_s0000444386_e0000447326.mp4,tier1,cuda,nvenc,cutfix_full_tier1_20260729_01
WaXg8jE7yLU_s0000492290_e0000497118,WaXg8jE7yLU,492.29,497.118,4.828,1.0,1.0,6.72,/kaggle/working/cut_cutfix_full_tier1_20260729_01/tier1/400_440/media/WaXg8jE7yLU_s0000492290_e0000497118.mp4,tier1,cuda,nvenc,cutfix_full_tier1_20260729_01
WaXg8jE7yLU_s0000497282_e0000501342,WaXg8jE7yLU,497.282,501.342,4.06,1.0,1.0,2.84,/kaggle/working/cut_cutfix_full_tier1_20260729_01/tier1/400_440/media/WaXg8jE7yLU_s0000497282_e0000501342.mp4,tier1,cuda,nvenc,cutfix_full_tier1_20260729_01
WaXg8jE7yLU_s0000510338_e0000515338,WaXg8jE7yLU,510.338,515.338,5.0,1.0,1.0,5.11,/kaggle/working/cut_cutfix_full_tier1_20260729_01/tier1/400_440/media/WaXg8jE7yLU_s0000510338_e0000515338.mp4,tier1,cuda,nvenc,cutfix_full_tier1_20260729_01
WaXg8jE7yLU_s0000514338_e0000517054,WaXg8jE7yLU,514.338,517.054,2.716,1.0,1.0,3.81,/kaggle/working/cut_cutfix_full_tier1_20260729_01/tier1/400_440/media/WaXg8jE7yLU_s0000514338_e0000517054.mp4,tier1,cuda,nvenc,cutfix_full_tier1_20260729_01
WaXg8jE7yLU_s0000598722_e0000600958,WaXg8jE7yLU,598.722,600.958,2.236,1.0,1.0,6.2,/kaggle/working/cut_cutfix_full_tier1_20260729_01/tier1/400_440/media/WaXg8jE7yLU_s0000598722_e0000600958.mp4,tier1,cuda,nvenc,cutfix_full_tier1_20260729_01
WsHg9aCVIw0_s0000016194_e0000021150,WsHg9aCVIw0,16.194,21.15,4.956,1.0,1.0,3.73,/kaggle/working/cut_cutfix_full_tier1_20260729_01/tier1/400_440/media/WsHg9aCVIw0_s0000016194_e0000021150.mp4,tier1,cuda,nvenc,cutfix_full_tier1_20260729_01
WsHg9aCVIw0_s0000021378_e0000026654,WsHg9aCVIw0,21.378,26.654,5.276,1.0,1.0,3.54,/kaggle/working/cut_cutfix_full_tier1_20260729_01/tier1/400_440/media/WsHg9aCVIw0_s0000021378_e0000026654.mp4,tier1,cuda,nvenc,cutfix_full_tier1_20260729_01
WsHg9aCVIw0_s0000034338_e0000038366,WsHg9aCVIw0,34.338,38.366,4.028,1.0,1.0,6.33,/kaggle/working/cut_cutfix_full_tier1_20260729_01/tier1/400_440/media/WsHg9aCVIw0_s0000034338_e0000038366.mp4,tier1,cuda,nvenc,cutfix_full_tier1_20260729_01
WsHg9aCVIw0_s0000040002_e0000043870,WsHg9aCVIw0,40.002,43.87,3.868,1.0,1.0,6.09,/kaggle/working/cut_cutfix_full_tier1_20260729_01/tier1/400_440/media/WsHg9aCVIw0_s0000040002_e0000043870.mp4,tier1,cuda,nvenc,cutfix_full_tier1_20260729_01
WsHg9aCVIw0_s0000045058_e0000048574,WsHg9aCVIw0,45.058,48.574,3.516,1.0,1.0,5.24,/kaggle/working/cut_cutfix_full_tier1_20260729_01/tier1/400_440/media/WsHg9aCVIw0_s0000045058_e0000048574.mp4,tier1,cuda,nvenc,cutfix_full_tier1_20260729_01
WsHg9aCVIw0_s0000062370_e0000068158,WsHg9aCVIw0,62.37,68.158,5.788,1.0,1.0,5.54,/kaggle/working/cut_cutfix_full_tier1_20260729_01/tier1/400_440/media/WsHg9aCVIw0_s0000062370_e0000068158.mp4,tier1,cuda,nvenc,cutfix_full_tier1_20260729_01
WsHg9aCVIw0_s0000081122_e0000092062,WsHg9aCVIw0,81.122,92.062,10.94,0.909,1.0,5.49,/kaggle/working/cut_cutfix_full_tier1_20260729_01/tier1/400_440/media/WsHg9aCVIw0_s0000081122_e0000092062.mp4,tier1,cuda,nvenc,cutfix_full_tier1_20260729_01
WsHg9aCVIw0_s0000098018_e0000101214,WsHg9aCVIw0,98.018,101.214,3.196,1.0,1.0,5.99,/kaggle/working/cut_cutfix_full_tier1_20260729_01/tier1/400_440/media/WsHg9aCVIw0_s0000098018_e0000101214.mp4,tier1,cuda,nvenc,cutfix_full_tier1_20260729_01
WsHg9aCVIw0_s0000116770_e0000121886,WsHg9aCVIw0,116.77,121.886,5.116,1.0,1.0,4.72,/kaggle/working/cut_cutfix_full_tier1_20260729_01/tier1/400_440/media/WsHg9aCVIw0_s0000116770_e0000121886.mp4,tier1,cuda,nvenc,cutfix_full_tier1_20260729_01
WsHg9aCVIw0_s0000122146_e0000127390,WsHg9aCVIw0,122.146,127.39,5.244,0.8,1.0,5.01,/kaggle/working/cut_cutfix_full_tier1_20260729_01/tier1/400_440/media/WsHg9aCVIw0_s0000122146_e0000127390.mp4,tier1,cuda,nvenc,cutfix_full_tier1_20260729_01
WsHg9aCVIw0_s0000127714_e0000131742,WsHg9aCVIw0,127.714,131.742,4.028,1.0,1.0,5.65,/kaggle/working/cut_cutfix_full_tier1_20260729_01/tier1/400_440/media/WsHg9aCVIw0_s0000127714_e0000131742.mp4,tier1,cuda,nvenc,cutfix_full_tier1_20260729_01
WsHg9aCVIw0_s0000131874_e0000136874,WsHg9aCVIw0,131.874,136.874,5.0,1.0,1.0,5.37,/kaggle/working/cut_cutfix_full_tier1_20260729_01/tier1/400_440/media/WsHg9aCVIw0_s0000131874_e0000136874.mp4,tier1,cuda,nvenc,cutfix_full_tier1_20260729_01
WsHg9aCVIw0_s0000135874_e0000140874,WsHg9aCVIw0,135.874,140.874,5.0,0.8,1.0,5.12,/kaggle/working/cut_cutfix_full_tier1_20260729_01/tier1/400_440/media/WsHg9aCVIw0_s0000135874_e0000140874.mp4,tier1,cuda,nvenc,cutfix_full_tier1_20260729_01
WsHg9aCVIw0_s0000139874_e0000144874,WsHg9aCVIw0,139.874,144.874,5.0,1.0,1.0,5.21,/kaggle/working/cut_cutfix_full_tier1_20260729_01/tier1/400_440/media/WsHg9aCVIw0_s0000139874_e0000144874.mp4,tier1,cuda,nvenc,cutfix_full_tier1_20260729_01
WsHg9aCVIw0_s0000143874_e0000148798,WsHg9aCVIw0,143.874,148.798,4.924,0.8,1.0,4.76,/kaggle/working/cut_cutfix_full_tier1_20260729_01/tier1/400_440/media/WsHg9aCVIw0_s0000143874_e0000148798.mp4,tier1,cuda,nvenc,cutfix_full_tier1_20260729_01
WsHg9aCVIw0_s0000161890_e0000165726,WsHg9aCVIw0,161.89,165.726,3.836,0.75,1.0,6.17,/kaggle/working/cut_cutfix_full_tier1_20260729_01/tier1/400_440/media/WsHg9aCVIw0_s0000161890_e0000165726.mp4,tier1,cuda,nvenc,cutfix_full_tier1_20260729_01
WsHg9aCVIw0_s0000166146_e0000176958,WsHg9aCVIw0,166.146,176.958,10.812,0.8,1.0,4.94,/kaggle/working/cut_cutfix_full_tier1_20260729_01/tier1/400_440/media/WsHg9aCVIw0_s0000166146_e0000176958.mp4,tier1,cuda,nvenc,cutfix_full_tier1_20260729_01
WsHg9aCVIw0_s0000177250_e0000179902,WsHg9aCVIw0,177.25,179.902,2.652,1.0,1.0,5.36,/kaggle/working/cut_cutfix_full_tier1_20260729_01/tier1/400_440/media/WsHg9aCVIw0_s0000177250_e0000179902.mp4,tier1,cuda,nvenc,cutfix_full_tier1_20260729_01
WsHg9aCVIw0_s0000180098_e0000185098,WsHg9aCVIw0,180.098,185.098,5.0,0.8,1.0,4.36,/kaggle/working/cut_cutfix_full_tier1_20260729_01/tier1/400_440/media/WsHg9aCVIw0_s0000180098_e0000185098.mp4,tier1,cuda,nvenc,cutfix_full_tier1_20260729_01
WsHg9aCVIw0_s0000184098_e0000189098,WsHg9aCVIw0,184.098,189.098,5.0,1.0,1.0,4.86,/kaggle/working/cut_cutfix_full_tier1_20260729_01/tier1/400_440/media/WsHg9aCVIw0_s0000184098_e0000189098.mp4,tier1,cuda,nvenc,cutfix_full_tier1_20260729_01
WsHg9aCVIw0_s0000188098_e0000193098,WsHg9aCVIw0,188.098,193.098,5.0,1.0,1.0,4.51,/kaggle/working/cut_cutfix_full_tier1_20260729_01/tier1/400_440/media/WsHg9aCVIw0_s0000188098_e0000193098.mp4,tier1,cuda,nvenc,cutfix_full_tier1_20260729_01
WsHg9aCVIw0_s0000193762_e0000204350,WsHg9aCVIw0,193.762,204.35,10.588,0.818,1.0,5.04,/kaggle/working/cut_cutfix_full_tier1_20260729_01/tier1/400_440/media/WsHg9aCVIw0_s0000193762_e0000204350.mp4,tier1,cuda,nvenc,cutfix_full_tier1_20260729_01
WsHg9aCVIw0_s0000204514_e0000208158,WsHg9aCVIw0,204.514,208.158,3.644,1.0,1.0,4.33,/kaggle/working/cut_cutfix_full_tier1_20260729_01/tier1/400_440/media/WsHg9aCVIw0_s0000204514_e0000208158.mp4,tier1,cuda,nvenc,cutfix_full_tier1_20260729_01
WsHg9aCVIw0_s0000208514_e0000213086,WsHg9aCVIw0,208.514,213.086,4.572,0.8,1.0,3.45,/kaggle/working/cut_cutfix_full_tier1_20260729_01/tier1/400_440/media/WsHg9aCVIw0_s0000208514_e0000213086.mp4,tier1,cuda,nvenc,cutfix_full_tier1_20260729_01
WsHg9aCVIw0_s0000213218_e0000219070,WsHg9aCVIw0,213.218,219.07,5.852,0.833,1.0,3.68,/kaggle/working/cut_cutfix_full_tier1_20260729_01/tier1/400_440/media/WsHg9aCVIw0_s0000213218_e0000219070.mp4,tier1,cuda,nvenc,cutfix_full_tier1_20260729_01
WsHg9aCVIw0_s0000235714_e0000239326,WsHg9aCVIw0,235.714,239.326,3.612,0.75,1.0,4.06,/kaggle/working/cut_cutfix_full_tier1_20260729_01/tier1/400_440/media/WsHg9aCVIw0_s0000235714_e0000239326.mp4,tier1,cuda,nvenc,cutfix_full_tier1_20260729_01
WsHg9aCVIw0_s0000239682_e0000244682,WsHg9aCVIw0,239.682,244.682,5.0,0.8,1.0,5.38,/kaggle/working/cut_cutfix_full_tier1_20260729_01/tier1/400_440/media/WsHg9aCVIw0_s0000239682_e0000244682.mp4,tier1,cuda,nvenc,cutfix_full_tier1_20260729_01
WsHg9aCVIw0_s0000243682_e0000248682,WsHg9aCVIw0,243.682,248.682,5.0,1.0,1.0,5.1,/kaggle/working/cut_cutfix_full_tier1_20260729_01/tier1/400_440/media/WsHg9aCVIw0_s0000243682_e0000248682.mp4,tier1,cuda,nvenc,cutfix_full_tier1_20260729_01
WsHg9aCVIw0_s0000251682_e0000256094,WsHg9aCVIw0,251.682,256.094,4.412,1.0,1.0,3.96,/kaggle/working/cut_cutfix_full_tier1_20260729_01/tier1/400_440/media/WsHg9aCVIw0_s0000251682_e0000256094.mp4,tier1,cuda,nvenc,cutfix_full_tier1_20260729_01
WsHg9aCVIw0_s0000269186_e0000272574,WsHg9aCVIw0,269.186,272.574,3.388,1.0,1.0,5.12,/kaggle/working/cut_cutfix_full_tier1_20260729_01/tier1/400_440/media/WsHg9aCVIw0_s0000269186_e0000272574.mp4,tier1,cuda,nvenc,cutfix_full_tier1_20260729_01
WsHg9aCVIw0_s0000296290_e0000301290,WsHg9aCVIw0,296.29,301.29,5.0,0.8,1.0,5.06,/kaggle/working/cut_cutfix_full_tier1_20260729_01/tier1/400_440/media/WsHg9aCVIw0_s0000296290_e0000301290.mp4,tier1,cuda,nvenc,cutfix_full_tier1_20260729_01
WsHg9aCVIw0_s0000466146_e0000471146,WsHg9aCVIw0,466.146,471.146,5.0,1.0,1.0,3.4,/kaggle/working/cut_cutfix_full_tier1_20260729_01/tier1/400_440/media/WsHg9aCVIw0_s0000466146_e0000471146.mp4,tier1,cuda,nvenc,cutfix_full_tier1_20260729_01
WsHg9aCVIw0_s0000560962_e0000565962,WsHg9aCVIw0,560.962,565.962,5.0,1.0,1.0,1.57,/kaggle/working/cut_cutfix_full_tier1_20260729_01/tier1/400_440/media/WsHg9aCVIw0_s0000560962_e0000565962.mp4,tier1,cuda,nvenc,cutfix_full_tier1_20260729_01
WsHg9aCVIw0_s0000665410_e0000670410,WsHg9aCVIw0,665.41,670.41,5.0,1.0,1.0,1.93,/kaggle/working/cut_cutfix_full_tier1_20260729_01/tier1/400_440/media/WsHg9aCVIw0_s0000665410_e0000670410.mp4,tier1,cuda,nvenc,cutfix_full_tier1_20260729_01
WumvwG5Jk9o_s0000013538_e0000020830,WumvwG5Jk9o,13.538,20.83,7.292,1.0,1.0,7.14,/kaggle/working/cut_cutfix_full_tier1_20260729_01/tier1/400_440/media/WumvwG5Jk9o_s0000013538_e0000020830.mp4,tier1,cuda,nvenc,cutfix_full_tier1_20260729_01
WumvwG5Jk9o_s0000021666_e0000026750,WumvwG5Jk9o,21.666,26.75,5.084,1.0,1.0,4.08,/kaggle/working/cut_cutfix_full_tier1_20260729_01/tier1/400_440/media/WumvwG5Jk9o_s0000021666_e0000026750.mp4,tier1,cuda,nvenc,cutfix_full_tier1_20260729_01
WumvwG5Jk9o_s0000030402_e0000034078,WumvwG5Jk9o,30.402,34.078,3.676,1.0,1.0,5.0,/kaggle/working/cut_cutfix_full_tier1_20260729_01/tier1/400_440/media/WumvwG5Jk9o_s0000030402_e0000034078.mp4,tier1,cuda,nvenc,cutfix_full_tier1_20260729_01
WumvwG5Jk9o_s0000035778_e0000038718,WumvwG5Jk9o,35.778,38.718,2.94,1.0,1.0,4.68,/kaggle/working/cut_cutfix_full_tier1_20260729_01/tier1/400_440/media/WumvwG5Jk9o_s0000035778_e0000038718.mp4,tier1,cuda,nvenc,cutfix_full_tier1_20260729_01
WumvwG5Jk9o_s0000038914_e0000042462,WumvwG5Jk9o,38.914,42.462,3.548,1.0,1.0,3.24,/kaggle/working/cut_cutfix_full_tier1_20260729_01/tier1/400_440/media/WumvwG5Jk9o_s0000038914_e0000042462.mp4,tier1,cuda,nvenc,cutfix_full_tier1_20260729_01
WumvwG5Jk9o_s0000042754_e0000046846,WumvwG5Jk9o,42.754,46.846,4.092,1.0,1.0,4.59,/kaggle/working/cut_cutfix_full_tier1_20260729_01/tier1/400_440/media/WumvwG5Jk9o_s0000042754_e0000046846.mp4,tier1,cuda,nvenc,cutfix_full_tier1_20260729_01
WumvwG5Jk9o_s0000048098_e0000051262,WumvwG5Jk9o,48.098,51.262,3.164,1.0,1.0,3.79,/kaggle/working/cut_cutfix_full_tier1_20260729_01/tier1/400_440/media/WumvwG5Jk9o_s0000048098_e0000051262.mp4,tier1,cuda,nvenc,cutfix_full_tier1_20260729_01
WumvwG5Jk9o_s0000051906_e0000056478,WumvwG5Jk9o,51.906,56.478,4.572,1.0,1.0,4.02,/kaggle/working/cut_cutfix_full_tier1_20260729_01/tier1/400_440/media/WumvwG5Jk9o_s0000051906_e0000056478.mp4,tier1,cuda,nvenc,cutfix_full_tier1_20260729_01
WumvwG5Jk9o_s0000056866_e0000061598,WumvwG5Jk9o,56.866,61.598,4.732,1.0,1.0,4.79,/kaggle/working/cut_cutfix_full_tier1_20260729_01/tier1/400_440/media/WumvwG5Jk9o_s0000056866_e0000061598.mp4,tier1,cuda,nvenc,cutfix_full_tier1_20260729_01
WumvwG5Jk9o_s0000061730_e0000067166,WumvwG5Jk9o,61.73,67.166,5.436,1.0,1.0,4.39,/kaggle/working/cut_cutfix_full_tier1_20260729_01/tier1/400_440/media/WumvwG5Jk9o_s0000061730_e0000067166.mp4,tier1,cuda,nvenc,cutfix_full_tier1_20260729_01
WumvwG5Jk9o_s0000069282_e0000072510,WumvwG5Jk9o,69.282,72.51,3.228,1.0,1.0,4.06,/kaggle/working/cut_cutfix_full_tier1_20260729_01/tier1/400_440/media/WumvwG5Jk9o_s0000069282_e0000072510.mp4,tier1,cuda,nvenc,cutfix_full_tier1_20260729_01
WumvwG5Jk9o_s0000072770_e0000076190,WumvwG5Jk9o,72.77,76.19,3.42,1.0,1.0,5.93,/kaggle/working/cut_cutfix_full_tier1_20260729_01/tier1/400_440/media/WumvwG5Jk9o_s0000072770_e0000076190.mp4,tier1,cuda,nvenc,cutfix_full_tier1_20260729_01
WumvwG5Jk9o_s0000076322_e0000081950,WumvwG5Jk9o,76.322,81.95,5.628,1.0,1.0,4.65,/kaggle/working/cut_cutfix_full_tier1_20260729_01/tier1/400_440/media/WumvwG5Jk9o_s0000076322_e0000081950.mp4,tier1,cuda,nvenc,cutfix_full_tier1_20260729_01
WumvwG5Jk9o_s0000082114_e0000085950,WumvwG5Jk9o,82.114,85.95,3.836,1.0,1.0,4.73,/kaggle/working/cut_cutfix_full_tier1_20260729_01/tier1/400_440/media/WumvwG5Jk9o_s0000082114_e0000085950.mp4,tier1,cuda,nvenc,cutfix_full_tier1_20260729_01
WumvwG5Jk9o_s0000086082_e0000091082,WumvwG5Jk9o,86.082,91.082,5.0,1.0,1.0,4.83,/kaggle/working/cut_cutfix_full_tier1_20260729_01/tier1/400_440/media/WumvwG5Jk9o_s0000086082_e0000091082.mp4,tier1,cuda,nvenc,cutfix_full_tier1_20260729_01
WumvwG5Jk9o_s0000090082_e0000095082,WumvwG5Jk9o,90.082,95.082,5.0,1.0,1.0,5.42,/kaggle/working/cut_cutfix_full_tier1_20260729_01/tier1/400_440/media/WumvwG5Jk9o_s0000090082_e0000095082.mp4,tier1,cuda,nvenc,cutfix_full_tier1_20260729_01
WumvwG5Jk9o_s0000094082_e0000099082,WumvwG5Jk9o,94.082,99.082,5.0,1.0,1.0,4.04,/kaggle/working/cut_cutfix_full_tier1_20260729_01/tier1/400_440/media/WumvwG5Jk9o_s0000094082_e0000099082.mp4,tier1,cuda,nvenc,cutfix_full_tier1_20260729_01
WumvwG5Jk9o_s0000098082_e0000103082,WumvwG5Jk9o,98.082,103.082,5.0,1.0,1.0,4.5,/kaggle/working/cut_cutfix_full_tier1_20260729_01/tier1/400_440/media/WumvwG5Jk9o_s0000098082_e0000103082.mp4,tier1,cuda,nvenc,cutfix_full_tier1_20260729_01
WumvwG5Jk9o_s0000102082_e0000107082,WumvwG5Jk9o,102.082,107.082,5.0,1.0,1.0,4.33,/kaggle/working/cut_cutfix_full_tier1_20260729_01/tier1/400_440/media/WumvwG5Jk9o_s0000102082_e0000107082.mp4,tier1,cuda,nvenc,cutfix_full_tier1_20260729_01
WumvwG5Jk9o_s0000106082_e0000109246,WumvwG5Jk9o,106.082,109.246,3.164,1.0,1.0,5.21,/kaggle/working/cut_cutfix_full_tier1_20260729_01/tier1/400_440/media/WumvwG5Jk9o_s0000106082_e0000109246.mp4,tier1,cuda,nvenc,cutfix_full_tier1_20260729_01
WumvwG5Jk9o_s0000110466_e0000115466,WumvwG5Jk9o,110.466,115.466,5.0,1.0,1.0,5.14,/kaggle/working/cut_cutfix_full_tier1_20260729_01/tier1/400_440/media/WumvwG5Jk9o_s0000110466_e0000115466.mp4,tier1,cuda,nvenc,cutfix_full_tier1_20260729_01
WumvwG5Jk9o_s0000114466_e0000119466,WumvwG5Jk9o,114.466,119.466,5.0,1.0,1.0,5.48,/kaggle/working/cut_cutfix_full_tier1_20260729_01/tier1/400_440/media/WumvwG5Jk9o_s0000114466_e0000119466.mp4,tier1,cuda,nvenc,cutfix_full_tier1_20260729_01
WumvwG5Jk9o_s0000118466_e0000122654,WumvwG5Jk9o,118.466,122.654,4.188,1.0,1.0,5.1,/kaggle/working/cut_cutfix_full_tier1_20260729_01/tier1/400_440/media/WumvwG5Jk9o_s0000118466_e0000122654.mp4,tier1,cuda,nvenc,cutfix_full_tier1_20260729_01
WumvwG5Jk9o_s0000122882_e0000132254,WumvwG5Jk9o,122.882,132.254,9.372,1.0,1.0,3.66,/kaggle/working/cut_cutfix_full_tier1_20260729_01/tier1/400_440/media/WumvwG5Jk9o_s0000122882_e0000132254.mp4,tier1,cuda,nvenc,cutfix_full_tier1_20260729_01
WumvwG5Jk9o_s0000133730_e0000139902,WumvwG5Jk9o,133.73,139.902,6.172,1.0,1.0,3.72,/kaggle/working/cut_cutfix_full_tier1_20260729_01/tier1/400_440/media/WumvwG5Jk9o_s0000133730_e0000139902.mp4,tier1,cuda,nvenc,cutfix_full_tier1_20260729_01
WumvwG5Jk9o_s0000141474_e0000143806,WumvwG5Jk9o,141.474,143.806,2.332,1.0,1.0,-13.48,/kaggle/working/cut_cutfix_full_tier1_20260729_01/tier1/400_440/media/WumvwG5Jk9o_s0000141474_e0000143806.mp4,tier1,cuda,nvenc,cutfix_full_tier1_20260729_01
WumvwG5Jk9o_s0000145154_e0000151710,WumvwG5Jk9o,145.154,151.71,6.556,1.0,1.0,3.97,/kaggle/working/cut_cutfix_full_tier1_20260729_01/tier1/400_440/media/WumvwG5Jk9o_s0000145154_e0000151710.mp4,tier1,cuda,nvenc,cutfix_full_tier1_20260729_01
WumvwG5Jk9o_s0000151874_e0000161918,WumvwG5Jk9o,151.874,161.918,10.044,1.0,1.0,3.53,/kaggle/working/cut_cutfix_full_tier1_20260729_01/tier1/400_440/media/WumvwG5Jk9o_s0000151874_e0000161918.mp4,tier1,cuda,nvenc,cutfix_full_tier1_20260729_01
WumvwG5Jk9o_s0000162082_e0000171358,WumvwG5Jk9o,162.082,171.358,9.276,1.0,1.0,3.45,/kaggle/working/cut_cutfix_full_tier1_20260729_01/tier1/400_440/media/WumvwG5Jk9o_s0000162082_e0000171358.mp4,tier1,cuda,nvenc,cutfix_full_tier1_20260729_01
WumvwG5Jk9o_s0000171522_e0000174526,WumvwG5Jk9o,171.522,174.526,3.004,1.0,1.0,5.02,/kaggle/working/cut_cutfix_full_tier1_20260729_01/tier1/400_440/media/WumvwG5Jk9o_s0000171522_e0000174526.mp4,tier1,cuda,nvenc,cutfix_full_tier1_20260729_01
WumvwG5Jk9o_s0000176034_e0000182718,WumvwG5Jk9o,176.034,182.718,6.684,1.0,1.0,4.48,/kaggle/working/cut_cutfix_full_tier1_20260729_01/tier1/400_440/media/WumvwG5Jk9o_s0000176034_e0000182718.mp4,tier1,cuda,nvenc,cutfix_full_tier1_20260729_01
WumvwG5Jk9o_s0000184962_e0000189758,WumvwG5Jk9o,184.962,189.758,4.796,1.0,1.0,5.86,/kaggle/working/cut_cutfix_full_tier1_20260729_01/tier1/400_440/media/WumvwG5Jk9o_s0000184962_e0000189758.mp4,tier1,cuda,nvenc,cutfix_full_tier1_20260729_01
WumvwG5Jk9o_s0000193986_e0000200638,WumvwG5Jk9o,193.986,200.638,6.652,1.0,1.0,4.45,/kaggle/working/cut_cutfix_full_tier1_20260729_01/tier1/400_440/media/WumvwG5Jk9o_s0000193986_e0000200638.mp4,tier1,cuda,nvenc,cutfix_full_tier1_20260729_01
WumvwG5Jk9o_s0000200962_e0000206334,WumvwG5Jk9o,200.962,206.334,5.372,1.0,1.0,5.96,/kaggle/working/cut_cutfix_full_tier1_20260729_01/tier1/400_440/media/WumvwG5Jk9o_s0000200962_e0000206334.mp4,tier1,cuda,nvenc,cutfix_full_tier1_20260729_01
WumvwG5Jk9o_s0000207362_e0000213566,WumvwG5Jk9o,207.362,213.566,6.204,1.0,1.0,3.67,/kaggle/working/cut_cutfix_full_tier1_20260729_01/tier1/400_440/media/WumvwG5Jk9o_s0000207362_e0000213566.mp4,tier1,cuda,nvenc,cutfix_full_tier1_20260729_01
WumvwG5Jk9o_s0000213730_e0000219902,WumvwG5Jk9o,213.73,219.902,6.172,1.0,1.0,5.48,/kaggle/working/cut_cutfix_full_tier1_20260729_01/tier1/400_440/media/WumvwG5Jk9o_s0000213730_e0000219902.mp4,tier1,cuda,nvenc,cutfix_full_tier1_20260729_01
WumvwG5Jk9o_s0000220642_e0000225642,WumvwG5Jk9o,220.642,225.642,5.0,1.0,1.0,4.44,/kaggle/working/cut_cutfix_full_tier1_20260729_01/tier1/400_440/media/WumvwG5Jk9o_s0000220642_e0000225642.mp4,tier1,cuda,nvenc,cutfix_full_tier1_20260729_01
WumvwG5Jk9o_s0000224642_e0000229642,WumvwG5Jk9o,224.642,229.642,5.0,1.0,1.0,4.11,/kaggle/working/cut_cutfix_full_tier1_20260729_01/tier1/400_440/media/WumvwG5Jk9o_s0000224642_e0000229642.mp4,tier1,cuda,nvenc,cutfix_full_tier1_20260729_01
WumvwG5Jk9o_s0000228642_e0000233642,WumvwG5Jk9o,228.642,233.642,5.0,1.0,1.0,4.41,/kaggle/working/cut_cutfix_full_tier1_20260729_01/tier1/400_440/media/WumvwG5Jk9o_s0000228642_e0000233642.mp4,tier1,cuda,nvenc,cutfix_full_tier1_20260729_01
WumvwG5Jk9o_s0000232642_e0000237642,WumvwG5Jk9o,232.642,237.642,5.0,1.0,1.0,3.73,/kaggle/working/cut_cutfix_full_tier1_20260729_01/tier1/400_440/media/WumvwG5Jk9o_s0000232642_e0000237642.mp4,tier1,cuda,nvenc,cutfix_full_tier1_20260729_01
WumvwG5Jk9o_s0000236642_e0000241642,WumvwG5Jk9o,236.642,241.642,5.0,1.0,1.0,4.7,/kaggle/working/cut_cutfix_full_tier1_20260729_01/tier1/400_440/media/WumvwG5Jk9o_s0000236642_e0000241642.mp4,tier1,cuda,nvenc,cutfix_full_tier1_20260729_01
WumvwG5Jk9o_s0000240642_e0000245642,WumvwG5Jk9o,240.642,245.642,5.0,1.0,1.0,4.85,/kaggle/working/cut_cutfix_full_tier1_20260729_01/tier1/400_440/media/WumvwG5Jk9o_s0000240642_e0000245642.mp4,tier1,cuda,nvenc,cutfix_full_tier1_20260729_01
WumvwG5Jk9o_s0000244642_e0000249642,WumvwG5Jk9o,244.642,249.642,5.0,1.0,1.0,5.5,/kaggle/working/cut_cutfix_full_tier1_20260729_01/tier1/400_440/media/WumvwG5Jk9o_s0000244642_e0000249642.mp4,tier1,cuda,nvenc,cutfix_full_tier1_20260729_01
WumvwG5Jk9o_s0000250594_e0000254974,WumvwG5Jk9o,250.594,254.974,4.38,1.0,1.0,4.33,/kaggle/working/cut_cutfix_full_tier1_20260729_01/tier1/400_440/media/WumvwG5Jk9o_s0000250594_e0000254974.mp4,tier1,cuda,nvenc,cutfix_full_tier1_20260729_01
WumvwG5Jk9o_s0000256130_e0000266590,WumvwG5Jk9o,256.13,266.59,10.46,1.0,1.0,4.43,/kaggle/working/cut_cutfix_full_tier1_20260729_01/tier1/400_440/media/WumvwG5Jk9o_s0000256130_e0000266590.mp4,tier1,cuda,nvenc,cutfix_full_tier1_20260729_01
WumvwG5Jk9o_s0000266690_e0000271390,WumvwG5Jk9o,266.69,271.39,4.7,1.0,1.0,3.22,/kaggle/working/cut_cutfix_full_tier1_20260729_01/tier1/400_440/media/WumvwG5Jk9o_s0000266690_e0000271390.mp4,tier1,cuda,nvenc,cutfix_full_tier1_20260729_01
WumvwG5Jk9o_s0000271522_e0000274110,WumvwG5Jk9o,271.522,274.11,2.588,1.0,1.0,5.08,/kaggle/working/cut_cutfix_full_tier1_20260729_01/tier1/400_440/media/WumvwG5Jk9o_s0000271522_e0000274110.mp4,tier1,cuda,nvenc,cutfix_full_tier1_20260729_01
WumvwG5Jk9o_s0000274242_e0000279242,WumvwG5Jk9o,274.242,279.242,5.0,1.0,1.0,2.83,/kaggle/working/cut_cutfix_full_tier1_20260729_01/tier1/400_440/media/WumvwG5Jk9o_s0000274242_e0000279242.mp4,tier1,cuda,nvenc,cutfix_full_tier1_20260729_01
WumvwG5Jk9o_s0000278242_e0000283242,WumvwG5Jk9o,278.242,283.242,5.0,1.0,1.0,0.96,/kaggle/working/cut_cutfix_full_tier1_20260729_01/tier1/400_440/media/WumvwG5Jk9o_s0000278242_e0000283242.mp4,tier1,cuda,nvenc,cutfix_full_tier1_20260729_01
WumvwG5Jk9o_s0000282242_e0000287242,WumvwG5Jk9o,282.242,287.242,5.0,1.0,1.0,-13.78,/kaggle/working/cut_cutfix_full_tier1_20260729_01/tier1/400_440/media/WumvwG5Jk9o_s0000282242_e0000287242.mp4,tier1,cuda,nvenc,cutfix_full_tier1_20260729_01
WumvwG5Jk9o_s0000286242_e0000291242,WumvwG5Jk9o,286.242,291.242,5.0,1.0,1.0,3.88,/kaggle/working/cut_cutfix_full_tier1_20260729_01/tier1/400_440/media/WumvwG5Jk9o_s0000286242_e0000291242.mp4,tier1,cuda,nvenc,cutfix_full_tier1_20260729_01
WumvwG5Jk9o_s0000293026_e0000298174,WumvwG5Jk9o,293.026,298.174,5.148,1.0,1.0,5.5,/kaggle/working/cut_cutfix_full_tier1_20260729_01/tier1/400_440/media/WumvwG5Jk9o_s0000293026_e0000298174.mp4,tier1,cuda,nvenc,cutfix_full_tier1_20260729_01
WumvwG5Jk9o_s0000298274_e0000302526,WumvwG5Jk9o,298.274,302.526,4.252,1.0,1.0,5.02,/kaggle/working/cut_cutfix_full_tier1_20260729_01/tier1/400_440/media/WumvwG5Jk9o_s0000298274_e0000302526.mp4,tier1,cuda,nvenc,cutfix_full_tier1_20260729_01
WumvwG5Jk9o_s0000304290_e0000308702,WumvwG5Jk9o,304.29,308.702,4.412,1.0,1.0,4.61,/kaggle/working/cut_cutfix_full_tier1_20260729_01/tier1/400_440/media/WumvwG5Jk9o_s0000304290_e0000308702.mp4,tier1,cuda,nvenc,cutfix_full_tier1_20260729_01
WumvwG5Jk9o_s0000309314_e0000312542,WumvwG5Jk9o,309.314,312.542,3.228,1.0,1.0,-2.78,/kaggle/working/cut_cutfix_full_tier1_20260729_01/tier1/400_440/media/WumvwG5Jk9o_s0000309314_e0000312542.mp4,tier1,cuda,nvenc,cutfix_full_tier1_20260729_01
WumvwG5Jk9o_s0000312770_e0000315294,WumvwG5Jk9o,312.77,315.294,2.524,1.0,1.0,5.24,/kaggle/working/cut_cutfix_full_tier1_20260729_01/tier1/400_440/media/WumvwG5Jk9o_s0000312770_e0000315294.mp4,tier1,cuda,nvenc,cutfix_full_tier1_20260729_01
WumvwG5Jk9o_s0000315394_e0000318270,WumvwG5Jk9o,315.394,318.27,2.876,1.0,1.0,5.24,/kaggle/working/cut_cutfix_full_tier1_20260729_01/tier1/400_440/media/WumvwG5Jk9o_s0000315394_e0000318270.mp4,tier1,cuda,nvenc,cutfix_full_tier1_20260729_01
WumvwG5Jk9o_s0000320194_e0000330398,WumvwG5Jk9o,320.194,330.398,10.204,1.0,1.0,3.09,/kaggle/working/cut_cutfix_full_tier1_20260729_01/tier1/400_440/media/WumvwG5Jk9o_s0000320194_e0000330398.mp4,tier1,cuda,nvenc,cutfix_full_tier1_20260729_01
WumvwG5Jk9o_s0000330498_e0000333022,WumvwG5Jk9o,330.498,333.022,2.524,1.0,1.0,5.88,/kaggle/working/cut_cutfix_full_tier1_20260729_01/tier1/400_440/media/WumvwG5Jk9o_s0000330498_e0000333022.mp4,tier1,cuda,nvenc,cutfix_full_tier1_20260729_01
WumvwG5Jk9o_s0000333218_e0000339486,WumvwG5Jk9o,333.218,339.486,6.268,1.0,1.0,2.65,/kaggle/working/cut_cutfix_full_tier1_20260729_01/tier1/400_440/media/WumvwG5Jk9o_s0000333218_e0000339486.mp4,tier1,cuda,nvenc,cutfix_full_tier1_20260729_01
WumvwG5Jk9o_s0000339746_e0000344222,WumvwG5Jk9o,339.746,344.222,4.476,1.0,1.0,4.6,/kaggle/working/cut_cutfix_full_tier1_20260729_01/tier1/400_440/media/WumvwG5Jk9o_s0000339746_e0000344222.mp4,tier1,cuda,nvenc,cutfix_full_tier1_20260729_01
WumvwG5Jk9o_s0000344386_e0000346782,WumvwG5Jk9o,344.386,346.782,2.396,1.0,1.0,-14.52,/kaggle/working/cut_cutfix_full_tier1_20260729_01/tier1/400_440/media/WumvwG5Jk9o_s0000344386_e0000346782.mp4,tier1,cuda,nvenc,cutfix_full_tier1_20260729_01
WumvwG5Jk9o_s0000347138_e0000352574,WumvwG5Jk9o,347.138,352.574,5.436,1.0,1.0,4.31,/kaggle/working/cut_cutfix_full_tier1_20260729_01/tier1/400_440/media/WumvwG5Jk9o_s0000347138_e0000352574.mp4,tier1,cuda,nvenc,cutfix_full_tier1_20260729_01
WumvwG5Jk9o_s0000355522_e0000360522,WumvwG5Jk9o,355.522,360.522,5.0,1.0,1.0,4.72,/kaggle/working/cut_cutfix_full_tier1_20260729_01/tier1/400_440/media/WumvwG5Jk9o_s0000355522_e0000360522.mp4,tier1,cuda,nvenc,cutfix_full_tier1_20260729_01
WumvwG5Jk9o_s0000359522_e0000364522,WumvwG5Jk9o,359.522,364.522,5.0,1.0,1.0,5.37,/kaggle/working/cut_cutfix_full_tier1_20260729_01/tier1/400_440/media/WumvwG5Jk9o_s0000359522_e0000364522.mp4,tier1,cuda,nvenc,cutfix_full_tier1_20260729_01
WumvwG5Jk9o_s0000363522_e0000368522,WumvwG5Jk9o,363.522,368.522,5.0,1.0,1.0,2.48,/kaggle/working/cut_cutfix_full_tier1_20260729_01/tier1/400_440/media/WumvwG5Jk9o_s0000363522_e0000368522.mp4,tier1,cuda,nvenc,cutfix_full_tier1_20260729_01
WumvwG5Jk9o_s0000367522_e0000372522,WumvwG5Jk9o,367.522,372.522,5.0,1.0,1.0,4.4,/kaggle/working/cut_cutfix_full_tier1_20260729_01/tier1/400_440/media/WumvwG5Jk9o_s0000367522_e0000372522.mp4,tier1,cuda,nvenc,cutfix_full_tier1_20260729_01
WumvwG5Jk9o_s0000373058_e0000376382,WumvwG5Jk9o,373.058,376.382,3.324,1.0,1.0,-15.59,/kaggle/working/cut_cutfix_full_tier1_20260729_01/tier1/400_440/media/WumvwG5Jk9o_s0000373058_e0000376382.mp4,tier1,cuda,nvenc,cutfix_full_tier1_20260729_01
WumvwG5Jk9o_s0000376514_e0000384126,WumvwG5Jk9o,376.514,384.126,7.612,1.0,1.0,3.37,/kaggle/working/cut_cutfix_full_tier1_20260729_01/tier1/400_440/media/WumvwG5Jk9o_s0000376514_e0000384126.mp4,tier1,cuda,nvenc,cutfix_full_tier1_20260729_01
WumvwG5Jk9o_s0000384226_e0000390238,WumvwG5Jk9o,384.226,390.238,6.012,1.0,1.0,3.49,/kaggle/working/cut_cutfix_full_tier1_20260729_01/tier1/400_440/media/WumvwG5Jk9o_s0000384226_e0000390238.mp4,tier1,cuda,nvenc,cutfix_full_tier1_20260729_01
WumvwG5Jk9o_s0000390402_e0000395390,WumvwG5Jk9o,390.402,395.39,4.988,1.0,1.0,5.2,/kaggle/working/cut_cutfix_full_tier1_20260729_01/tier1/400_440/media/WumvwG5Jk9o_s0000390402_e0000395390.mp4,tier1,cuda,nvenc,cutfix_full_tier1_20260729_01
WumvwG5Jk9o_s0000396738_e0000399710,WumvwG5Jk9o,396.738,399.71,2.972,1.0,1.0,4.58,/kaggle/working/cut_cutfix_full_tier1_20260729_01/tier1/400_440/media/WumvwG5Jk9o_s0000396738_e0000399710.mp4,tier1,cuda,nvenc,cutfix_full_tier1_20260729_01
WumvwG5Jk9o_s0000400162_e0000402494,WumvwG5Jk9o,400.162,402.494,2.332,1.0,1.0,5.6,/kaggle/working/cut_cutfix_full_tier1_20260729_01/tier1/400_440/media/WumvwG5Jk9o_s0000400162_e0000402494.mp4,tier1,cuda,nvenc,cutfix_full_tier1_20260729_01
WumvwG5Jk9o_s0000402946_e0000406942,WumvwG5Jk9o,402.946,406.942,3.996,1.0,1.0,5.08,/kaggle/working/cut_cutfix_full_tier1_20260729_01/tier1/400_440/media/WumvwG5Jk9o_s0000402946_e0000406942.mp4,tier1,cuda,nvenc,cutfix_full_tier1_20260729_01
WumvwG5Jk9o_s0000407170_e0000410622,WumvwG5Jk9o,407.17,410.622,3.452,1.0,1.0,0.16,/kaggle/working/cut_cutfix_full_tier1_20260729_01/tier1/400_440/media/WumvwG5Jk9o_s0000407170_e0000410622.mp4,tier1,cuda,nvenc,cutfix_full_tier1_20260729_01
WumvwG5Jk9o_s0000410850_e0000414398,WumvwG5Jk9o,410.85,414.398,3.548,1.0,1.0,4.7,/kaggle/working/cut_cutfix_full_tier1_20260729_01/tier1/400_440/media/WumvwG5Jk9o_s0000410850_e0000414398.mp4,tier1,cuda,nvenc,cutfix_full_tier1_20260729_01
WumvwG5Jk9o_s0000417474_e0000421118,WumvwG5Jk9o,417.474,421.118,3.644,1.0,1.0,3.7,/kaggle/working/cut_cutfix_full_tier1_20260729_01/tier1/400_440/media/WumvwG5Jk9o_s0000417474_e0000421118.mp4,tier1,cuda,nvenc,cutfix_full_tier1_20260729_01
WumvwG5Jk9o_s0000421730_e0000424798,WumvwG5Jk9o,421.73,424.798,3.068,1.0,1.0,4.55,/kaggle/working/cut_cutfix_full_tier1_20260729_01/tier1/400_440/media/WumvwG5Jk9o_s0000421730_e0000424798.mp4,tier1,cuda,nvenc,cutfix_full_tier1_20260729_01
WumvwG5Jk9o_s0000425090_e0000429310,WumvwG5Jk9o,425.09,429.31,4.22,1.0,1.0,2.77,/kaggle/working/cut_cutfix_full_tier1_20260729_01/tier1/400_440/media/WumvwG5Jk9o_s0000425090_e0000429310.mp4,tier1,cuda,nvenc,cutfix_full_tier1_20260729_01
WumvwG5Jk9o_s0000429506_e0000434782,WumvwG5Jk9o,429.506,434.782,5.276,1.0,1.0,3.93,/kaggle/working/cut_cutfix_full_tier1_20260729_01/tier1/400_440/media/WumvwG5Jk9o_s0000429506_e0000434782.mp4,tier1,cuda,nvenc,cutfix_full_tier1_20260729_01
WumvwG5Jk9o_s0000434978_e0000437630,WumvwG5Jk9o,434.978,437.63,2.652,1.0,1.0,6.45,/kaggle/working/cut_cutfix_full_tier1_20260729_01/tier1/400_440/media/WumvwG5Jk9o_s0000434978_e0000437630.mp4,tier1,cuda,nvenc,cutfix_full_tier1_20260729_01
Wv2KVSy4j3E_s0000010882_e0000013566,Wv2KVSy4j3E,10.882,13.566,2.684,1.0,1.0,7.15,/kaggle/working/cut_cutfix_full_tier1_20260729_01/tier1/400_440/media/Wv2KVSy4j3E_s0000010882_e0000013566.mp4,tier1,cuda,nvenc,cutfix_full_tier1_20260729_01
Wv2KVSy4j3E_s0000014274_e0000016734,Wv2KVSy4j3E,14.274,16.734,2.46,1.0,1.0,8.6,/kaggle/working/cut_cutfix_full_tier1_20260729_01/tier1/400_440/media/Wv2KVSy4j3E_s0000014274_e0000016734.mp4,tier1,cuda,nvenc,cutfix_full_tier1_20260729_01
Wv2KVSy4j3E_s0000023778_e0000025982,Wv2KVSy4j3E,23.778,25.982,2.204,1.0,1.0,8.99,/kaggle/working/cut_cutfix_full_tier1_20260729_01/tier1/400_440/media/Wv2KVSy4j3E_s0000023778_e0000025982.mp4,tier1,cuda,nvenc,cutfix_full_tier1_20260729_01
Wv2KVSy4j3E_s0000027906_e0000031550,Wv2KVSy4j3E,27.906,31.55,3.644,1.0,1.0,8.29,/kaggle/working/cut_cutfix_full_tier1_20260729_01/tier1/400_440/media/Wv2KVSy4j3E_s0000027906_e0000031550.mp4,tier1,cuda,nvenc,cutfix_full_tier1_20260729_01
Wv2KVSy4j3E_s0000032514_e0000035358,Wv2KVSy4j3E,32.514,35.358,2.844,1.0,1.0,8.01,/kaggle/working/cut_cutfix_full_tier1_20260729_01/tier1/400_440/media/Wv2KVSy4j3E_s0000032514_e0000035358.mp4,tier1,cuda,nvenc,cutfix_full_tier1_20260729_01
Wv2KVSy4j3E_s0000037218_e0000040030,Wv2KVSy4j3E,37.218,40.03,2.812,1.0,1.0,9.01,/kaggle/working/cut_cutfix_full_tier1_20260729_01/tier1/400_440/media/Wv2KVSy4j3E_s0000037218_e0000040030.mp4,tier1,cuda,nvenc,cutfix_full_tier1_20260729_01
Wv2KVSy4j3E_s0000040322_e0000043390,Wv2KVSy4j3E,40.322,43.39,3.068,1.0,1.0,7.13,/kaggle/working/cut_cutfix_full_tier1_20260729_01/tier1/400_440/media/Wv2KVSy4j3E_s0000040322_e0000043390.mp4,tier1,cuda,nvenc,cutfix_full_tier1_20260729_01
Wv2KVSy4j3E_s0000045730_e0000048446,Wv2KVSy4j3E,45.73,48.446,2.716,1.0,1.0,8.7,/kaggle/working/cut_cutfix_full_tier1_20260729_01/tier1/400_440/media/Wv2KVSy4j3E_s0000045730_e0000048446.mp4,tier1,cuda,nvenc,cutfix_full_tier1_20260729_01
Wv2KVSy4j3E_s0000050562_e0000052574,Wv2KVSy4j3E,50.562,52.574,2.012,1.0,1.0,5.9,/kaggle/working/cut_cutfix_full_tier1_20260729_01/tier1/400_440/media/Wv2KVSy4j3E_s0000050562_e0000052574.mp4,tier1,cuda,nvenc,cutfix_full_tier1_20260729_01
Wv2KVSy4j3E_s0000053186_e0000056894,Wv2KVSy4j3E,53.186,56.894,3.708,1.0,1.0,6.46,/kaggle/working/cut_cutfix_full_tier1_20260729_01/tier1/400_440/media/Wv2KVSy4j3E_s0000053186_e0000056894.mp4,tier1,cuda,nvenc,cutfix_full_tier1_20260729_01
Wv2KVSy4j3E_s0000060674_e0000064030,Wv2KVSy4j3E,60.674,64.03,3.356,1.0,1.0,8.31,/kaggle/working/cut_cutfix_full_tier1_20260729_01/tier1/400_440/media/Wv2KVSy4j3E_s0000060674_e0000064030.mp4,tier1,cuda,nvenc,cutfix_full_tier1_20260729_01
Wv2KVSy4j3E_s0000069122_e0000071230,Wv2KVSy4j3E,69.122,71.23,2.108,1.0,1.0,8.88,/kaggle/working/cut_cutfix_full_tier1_20260729_01/tier1/400_440/media/Wv2KVSy4j3E_s0000069122_e0000071230.mp4,tier1,cuda,nvenc,cutfix_full_tier1_20260729_01
Wv2KVSy4j3E_s0000075330_e0000077854,Wv2KVSy4j3E,75.33,77.854,2.524,1.0,1.0,5.84,/kaggle/working/cut_cutfix_full_tier1_20260729_01/tier1/400_440/media/Wv2KVSy4j3E_s0000075330_e0000077854.mp4,tier1,cuda,nvenc,cutfix_full_tier1_20260729_01
Wv2KVSy4j3E_s0000081890_e0000084062,Wv2KVSy4j3E,81.89,84.062,2.172,1.0,1.0,8.74,/kaggle/working/cut_cutfix_full_tier1_20260729_01/tier1/400_440/media/Wv2KVSy4j3E_s0000081890_e0000084062.mp4,tier1,cuda,nvenc,cutfix_full_tier1_20260729_01
Wv2KVSy4j3E_s0000084162_e0000087134,Wv2KVSy4j3E,84.162,87.134,2.972,1.0,1.0,8.82,/kaggle/working/cut_cutfix_full_tier1_20260729_01/tier1/400_440/media/Wv2KVSy4j3E_s0000084162_e0000087134.mp4,tier1,cuda,nvenc,cutfix_full_tier1_20260729_01
Wv2KVSy4j3E_s0000087234_e0000089662,Wv2KVSy4j3E,87.234,89.662,2.428,1.0,1.0,7.82,/kaggle/working/cut_cutfix_full_tier1_20260729_01/tier1/400_440/media/Wv2KVSy4j3E_s0000087234_e0000089662.mp4,tier1,cuda,nvenc,cutfix_full_tier1_20260729_01
Wv2KVSy4j3E_s0000094658_e0000097886,Wv2KVSy4j3E,94.658,97.886,3.228,1.0,1.0,7.69,/kaggle/working/cut_cutfix_full_tier1_20260729_01/tier1/400_440/media/Wv2KVSy4j3E_s0000094658_e0000097886.mp4,tier1,cuda,nvenc,cutfix_full_tier1_20260729_01
Wv2KVSy4j3E_s0000098370_e0000100830,Wv2KVSy4j3E,98.37,100.83,2.46,1.0,1.0,8.9,/kaggle/working/cut_cutfix_full_tier1_20260729_01/tier1/400_440/media/Wv2KVSy4j3E_s0000098370_e0000100830.mp4,tier1,cuda,nvenc,cutfix_full_tier1_20260729_01
Wv2KVSy4j3E_s0000100962_e0000103966,Wv2KVSy4j3E,100.962,103.966,3.004,1.0,1.0,7.21,/kaggle/working/cut_cutfix_full_tier1_20260729_01/tier1/400_440/media/Wv2KVSy4j3E_s0000100962_e0000103966.mp4,tier1,cuda,nvenc,cutfix_full_tier1_20260729_01
Wv2KVSy4j3E_s0000106018_e0000108126,Wv2KVSy4j3E,106.018,108.126,2.108,1.0,1.0,7.87,/kaggle/working/cut_cutfix_full_tier1_20260729_01/tier1/400_440/media/Wv2KVSy4j3E_s0000106018_e0000108126.mp4,tier1,cuda,nvenc,cutfix_full_tier1_20260729_01
Wv2KVSy4j3E_s0000110530_e0000114910,Wv2KVSy4j3E,110.53,114.91,4.38,1.0,1.0,7.43,/kaggle/working/cut_cutfix_full_tier1_20260729_01/tier1/400_440/media/Wv2KVSy4j3E_s0000110530_e0000114910.mp4,tier1,cuda,nvenc,cutfix_full_tier1_20260729_01
Wv2KVSy4j3E_s0000130210_e0000133502,Wv2KVSy4j3E,130.21,133.502,3.292,1.0,1.0,9.22,/kaggle/working/cut_cutfix_full_tier1_20260729_01/tier1/400_440/media/Wv2KVSy4j3E_s0000130210_e0000133502.mp4,tier1,cuda,nvenc,cutfix_full_tier1_20260729_01
Wv2KVSy4j3E_s0000133634_e0000136222,Wv2KVSy4j3E,133.634,136.222,2.588,1.0,1.0,8.46,/kaggle/working/cut_cutfix_full_tier1_20260729_01/tier1/400_440/media/Wv2KVSy4j3E_s0000133634_e0000136222.mp4,tier1,cuda,nvenc,cutfix_full_tier1_20260729_01
Wv2KVSy4j3E_s0000143522_e0000145694,Wv2KVSy4j3E,143.522,145.694,2.172,1.0,1.0,9.25,/kaggle/working/cut_cutfix_full_tier1_20260729_01/tier1/400_440/media/Wv2KVSy4j3E_s0000143522_e0000145694.mp4,tier1,cuda,nvenc,cutfix_full_tier1_20260729_01
Wv2KVSy4j3E_s0000153410_e0000157054,Wv2KVSy4j3E,153.41,157.054,3.644,1.0,1.0,7.91,/kaggle/working/cut_cutfix_full_tier1_20260729_01/tier1/400_440/media/Wv2KVSy4j3E_s0000153410_e0000157054.mp4,tier1,cuda,nvenc,cutfix_full_tier1_20260729_01
Wv2KVSy4j3E_s0000159906_e0000162142,Wv2KVSy4j3E,159.906,162.142,2.236,1.0,1.0,7.58,/kaggle/working/cut_cutfix_full_tier1_20260729_01/tier1/400_440/media/Wv2KVSy4j3E_s0000159906_e0000162142.mp4,tier1,cuda,nvenc,cutfix_full_tier1_20260729_01
Wv2KVSy4j3E_s0000177058_e0000179774,Wv2KVSy4j3E,177.058,179.774,2.716,1.0,1.0,5.74,/kaggle/working/cut_cutfix_full_tier1_20260729_01/tier1/400_440/media/Wv2KVSy4j3E_s0000177058_e0000179774.mp4,tier1,cuda,nvenc,cutfix_full_tier1_20260729_01
Wv2KVSy4j3E_s0000180066_e0000185694,Wv2KVSy4j3E,180.066,185.694,5.628,1.0,1.0,5.29,/kaggle/working/cut_cutfix_full_tier1_20260729_01/tier1/400_440/media/Wv2KVSy4j3E_s0000180066_e0000185694.mp4,tier1,cuda,nvenc,cutfix_full_tier1_20260729_01
Wv2KVSy4j3E_s0000186306_e0000195902,Wv2KVSy4j3E,186.306,195.902,9.596,1.0,1.0,6.16,/kaggle/working/cut_cutfix_full_tier1_20260729_01/tier1/400_440/media/Wv2KVSy4j3E_s0000186306_e0000195902.mp4,tier1,cuda,nvenc,cutfix_full_tier1_20260729_01
Wv2KVSy4j3E_s0000196034_e0000203422,Wv2KVSy4j3E,196.034,203.422,7.388,1.0,1.0,6.31,/kaggle/working/cut_cutfix_full_tier1_20260729_01/tier1/400_440/media/Wv2KVSy4j3E_s0000196034_e0000203422.mp4,tier1,cuda,nvenc,cutfix_full_tier1_20260729_01
Wv2KVSy4j3E_s0000204066_e0000207006,Wv2KVSy4j3E,204.066,207.006,2.94,1.0,1.0,6.2,/kaggle/working/cut_cutfix_full_tier1_20260729_01/tier1/400_440/media/Wv2KVSy4j3E_s0000204066_e0000207006.mp4,tier1,cuda,nvenc,cutfix_full_tier1_20260729_01
Wv2KVSy4j3E_s0000209954_e0000213534,Wv2KVSy4j3E,209.954,213.534,3.58,1.0,1.0,4.08,/kaggle/working/cut_cutfix_full_tier1_20260729_01/tier1/400_440/media/Wv2KVSy4j3E_s0000209954_e0000213534.mp4,tier1,cuda,nvenc,cutfix_full_tier1_20260729_01
Wv2KVSy4j3E_s0000228066_e0000230878,Wv2KVSy4j3E,228.066,230.878,2.812,1.0,1.0,5.83,/kaggle/working/cut_cutfix_full_tier1_20260729_01/tier1/400_440/media/Wv2KVSy4j3E_s0000228066_e0000230878.mp4,tier1,cuda,nvenc,cutfix_full_tier1_20260729_01
Wv2KVSy4j3E_s0000249186_e0000251934,Wv2KVSy4j3E,249.186,251.934,2.748,1.0,1.0,5.36,/kaggle/working/cut_cutfix_full_tier1_20260729_01/tier1/400_440/media/Wv2KVSy4j3E_s0000249186_e0000251934.mp4,tier1,cuda,nvenc,cutfix_full_tier1_20260729_01
Wv2KVSy4j3E_s0000286210_e0000291070,Wv2KVSy4j3E,286.21,291.07,4.86,1.0,1.0,5.25,/kaggle/working/cut_cutfix_full_tier1_20260729_01/tier1/400_440/media/Wv2KVSy4j3E_s0000286210_e0000291070.mp4,tier1,cuda,nvenc,cutfix_full_tier1_20260729_01
Wv2KVSy4j3E_s0000291202_e0000293534,Wv2KVSy4j3E,291.202,293.534,2.332,1.0,1.0,5.71,/kaggle/working/cut_cutfix_full_tier1_20260729_01/tier1/400_440/media/Wv2KVSy4j3E_s0000291202_e0000293534.mp4,tier1,cuda,nvenc,cutfix_full_tier1_20260729_01
Wv2KVSy4j3E_s0000293762_e0000296542,Wv2KVSy4j3E,293.762,296.542,2.78,1.0,1.0,5.84,/kaggle/working/cut_cutfix_full_tier1_20260729_01/tier1/400_440/media/Wv2KVSy4j3E_s0000293762_e0000296542.mp4,tier1,cuda,nvenc,cutfix_full_tier1_20260729_01
Wv2KVSy4j3E_s0000297090_e0000299198,Wv2KVSy4j3E,297.09,299.198,2.108,1.0,1.0,4.63,/kaggle/working/cut_cutfix_full_tier1_20260729_01/tier1/400_440/media/Wv2KVSy4j3E_s0000297090_e0000299198.mp4,tier1,cuda,nvenc,cutfix_full_tier1_20260729_01
Wv2KVSy4j3E_s0000301442_e0000304254,Wv2KVSy4j3E,301.442,304.254,2.812,1.0,1.0,4.62,/kaggle/working/cut_cutfix_full_tier1_20260729_01/tier1/400_440/media/Wv2KVSy4j3E_s0000301442_e0000304254.mp4,tier1,cuda,nvenc,cutfix_full_tier1_20260729_01
Wv2KVSy4j3E_s0000305762_e0000307934,Wv2KVSy4j3E,305.762,307.934,2.172,1.0,1.0,5.17,/kaggle/working/cut_cutfix_full_tier1_20260729_01/tier1/400_440/media/Wv2KVSy4j3E_s0000305762_e0000307934.mp4,tier1,cuda,nvenc,cutfix_full_tier1_20260729_01
Wv2KVSy4j3E_s0000315074_e0000317470,Wv2KVSy4j3E,315.074,317.47,2.396,1.0,1.0,5.83,/kaggle/working/cut_cutfix_full_tier1_20260729_01/tier1/400_440/media/Wv2KVSy4j3E_s0000315074_e0000317470.mp4,tier1,cuda,nvenc,cutfix_full_tier1_20260729_01
Wv2KVSy4j3E_s0000327362_e0000329502,Wv2KVSy4j3E,327.362,329.502,2.14,1.0,1.0,3.47,/kaggle/working/cut_cutfix_full_tier1_20260729_01/tier1/400_440/media/Wv2KVSy4j3E_s0000327362_e0000329502.mp4,tier1,cuda,nvenc,cutfix_full_tier1_20260729_01
Wv2KVSy4j3E_s0000331746_e0000335358,Wv2KVSy4j3E,331.746,335.358,3.612,1.0,1.0,3.82,/kaggle/working/cut_cutfix_full_tier1_20260729_01/tier1/400_440/media/Wv2KVSy4j3E_s0000331746_e0000335358.mp4,tier1,cuda,nvenc,cutfix_full_tier1_20260729_01
Wv2KVSy4j3E_s0000344962_e0000347678,Wv2KVSy4j3E,344.962,347.678,2.716,1.0,1.0,6.01,/kaggle/working/cut_cutfix_full_tier1_20260729_01/tier1/400_440/media/Wv2KVSy4j3E_s0000344962_e0000347678.mp4,tier1,cuda,nvenc,cutfix_full_tier1_20260729_01
Wv2KVSy4j3E_s0000349186_e0000353374,Wv2KVSy4j3E,349.186,353.374,4.188,1.0,1.0,6.12,/kaggle/working/cut_cutfix_full_tier1_20260729_01/tier1/400_440/media/Wv2KVSy4j3E_s0000349186_e0000353374.mp4,tier1,cuda,nvenc,cutfix_full_tier1_20260729_01
Wv2KVSy4j3E_s0000355970_e0000358366,Wv2KVSy4j3E,355.97,358.366,2.396,1.0,1.0,3.45,/kaggle/working/cut_cutfix_full_tier1_20260729_01/tier1/400_440/media/Wv2KVSy4j3E_s0000355970_e0000358366.mp4,tier1,cuda,nvenc,cutfix_full_tier1_20260729_01
Wv2KVSy4j3E_s0000359362_e0000363838,Wv2KVSy4j3E,359.362,363.838,4.476,1.0,1.0,5.89,/kaggle/working/cut_cutfix_full_tier1_20260729_01/tier1/400_440/media/Wv2KVSy4j3E_s0000359362_e0000363838.mp4,tier1,cuda,nvenc,cutfix_full_tier1_20260729_01
Wv2KVSy4j3E_s0000378850_e0000381502,Wv2KVSy4j3E,378.85,381.502,2.652,1.0,1.0,3.47,/kaggle/working/cut_cutfix_full_tier1_20260729_01/tier1/400_440/media/Wv2KVSy4j3E_s0000378850_e0000381502.mp4,tier1,cuda,nvenc,cutfix_full_tier1_20260729_01
Wv2KVSy4j3E_s0000398914_e0000401054,Wv2KVSy4j3E,398.914,401.054,2.14,1.0,1.0,6.42,/kaggle/working/cut_cutfix_full_tier1_20260729_01/tier1/400_440/media/Wv2KVSy4j3E_s0000398914_e0000401054.mp4,tier1,cuda,nvenc,cutfix_full_tier1_20260729_01
Wv2KVSy4j3E_s0000401506_e0000403806,Wv2KVSy4j3E,401.506,403.806,2.3,1.0,1.0,4.62,/kaggle/working/cut_cutfix_full_tier1_20260729_01/tier1/400_440/media/Wv2KVSy4j3E_s0000401506_e0000403806.mp4,tier1,cuda,nvenc,cutfix_full_tier1_20260729_01
Wv2KVSy4j3E_s0000417890_e0000420190,Wv2KVSy4j3E,417.89,420.19,2.3,1.0,1.0,7.18,/kaggle/working/cut_cutfix_full_tier1_20260729_01/tier1/400_440/media/Wv2KVSy4j3E_s0000417890_e0000420190.mp4,tier1,cuda,nvenc,cutfix_full_tier1_20260729_01
Wv2KVSy4j3E_s0000429826_e0000433854,Wv2KVSy4j3E,429.826,433.854,4.028,1.0,1.0,4.1,/kaggle/working/cut_cutfix_full_tier1_20260729_01/tier1/400_440/media/Wv2KVSy4j3E_s0000429826_e0000433854.mp4,tier1,cuda,nvenc,cutfix_full_tier1_20260729_01
Wv2KVSy4j3E_s0000440066_e0000444190,Wv2KVSy4j3E,440.066,444.19,4.124,1.0,1.0,7.05,/kaggle/working/cut_cutfix_full_tier1_20260729_01/tier1/400_440/media/Wv2KVSy4j3E_s0000440066_e0000444190.mp4,tier1,cuda,nvenc,cutfix_full_tier1_20260729_01
Wv2KVSy4j3E_s0000458786_e0000462238,Wv2KVSy4j3E,458.786,462.238,3.452,1.0,1.0,4.65,/kaggle/working/cut_cutfix_full_tier1_20260729_01/tier1/400_440/media/Wv2KVSy4j3E_s0000458786_e0000462238.mp4,tier1,cuda,nvenc,cutfix_full_tier1_20260729_01
Wv2KVSy4j3E_s0000464002_e0000466622,Wv2KVSy4j3E,464.002,466.622,2.62,1.0,1.0,5.1,/kaggle/working/cut_cutfix_full_tier1_20260729_01/tier1/400_440/media/Wv2KVSy4j3E_s0000464002_e0000466622.mp4,tier1,cuda,nvenc,cutfix_full_tier1_20260729_01
Wv2KVSy4j3E_s0000466914_e0000469534,Wv2KVSy4j3E,466.914,469.534,2.62,1.0,1.0,4.57,/kaggle/working/cut_cutfix_full_tier1_20260729_01/tier1/400_440/media/Wv2KVSy4j3E_s0000466914_e0000469534.mp4,tier1,cuda,nvenc,cutfix_full_tier1_20260729_01
Wv2KVSy4j3E_s0000493986_e0000496638,Wv2KVSy4j3E,493.986,496.638,2.652,1.0,1.0,6.59,/kaggle/working/cut_cutfix_full_tier1_20260729_01/tier1/400_440/media/Wv2KVSy4j3E_s0000493986_e0000496638.mp4,tier1,cuda,nvenc,cutfix_full_tier1_20260729_01
Wv2KVSy4j3E_s0000499650_e0000501758,Wv2KVSy4j3E,499.65,501.758,2.108,1.0,1.0,7.15,/kaggle/working/cut_cutfix_full_tier1_20260729_01/tier1/400_440/media/Wv2KVSy4j3E_s0000499650_e0000501758.mp4,tier1,cuda,nvenc,cutfix_full_tier1_20260729_01
Wv2KVSy4j3E_s0000539042_e0000541950,Wv2KVSy4j3E,539.042,541.95,2.908,1.0,1.0,4.59,/kaggle/working/cut_cutfix_full_tier1_20260729_01/tier1/400_440/media/Wv2KVSy4j3E_s0000539042_e0000541950.mp4,tier1,cuda,nvenc,cutfix_full_tier1_20260729_01
Wv2KVSy4j3E_s0000544386_e0000546590,Wv2KVSy4j3E,544.386,546.59,2.204,1.0,1.0,4.03,/kaggle/working/cut_cutfix_full_tier1_20260729_01/tier1/400_440/media/Wv2KVSy4j3E_s0000544386_e0000546590.mp4,tier1,cuda,nvenc,cutfix_full_tier1_20260729_01
Wv2KVSy4j3E_s0000548834_e0000552606,Wv2KVSy4j3E,548.834,552.606,3.772,1.0,1.0,4.2,/kaggle/working/cut_cutfix_full_tier1_20260729_01/tier1/400_440/media/Wv2KVSy4j3E_s0000548834_e0000552606.mp4,tier1,cuda,nvenc,cutfix_full_tier1_20260729_01
Wv2KVSy4j3E_s0000560930_e0000564478,Wv2KVSy4j3E,560.93,564.478,3.548,1.0,1.0,6.31,/kaggle/working/cut_cutfix_full_tier1_20260729_01/tier1/400_440/media/Wv2KVSy4j3E_s0000560930_e0000564478.mp4,tier1,cuda,nvenc,cutfix_full_tier1_20260729_01
Wv2KVSy4j3E_s0000576738_e0000579134,Wv2KVSy4j3E,576.738,579.134,2.396,1.0,1.0,6.63,/kaggle/working/cut_cutfix_full_tier1_20260729_01/tier1/400_440/media/Wv2KVSy4j3E_s0000576738_e0000579134.mp4,tier1,cuda,nvenc,cutfix_full_tier1_20260729_01
Wv2KVSy4j3E_s0000581666_e0000585022,Wv2KVSy4j3E,581.666,585.022,3.356,1.0,1.0,5.61,/kaggle/working/cut_cutfix_full_tier1_20260729_01/tier1/400_440/media/Wv2KVSy4j3E_s0000581666_e0000585022.mp4,tier1,cuda,nvenc,cutfix_full_tier1_20260729_01
Wv2KVSy4j3E_s0000585346_e0000587838,Wv2KVSy4j3E,585.346,587.838,2.492,1.0,1.0,5.67,/kaggle/working/cut_cutfix_full_tier1_20260729_01/tier1/400_440/media/Wv2KVSy4j3E_s0000585346_e0000587838.mp4,tier1,cuda,nvenc,cutfix_full_tier1_20260729_01
Wv2KVSy4j3E_s0000588066_e0000590302,Wv2KVSy4j3E,588.066,590.302,2.236,1.0,1.0,4.23,/kaggle/working/cut_cutfix_full_tier1_20260729_01/tier1/400_440/media/Wv2KVSy4j3E_s0000588066_e0000590302.mp4,tier1,cuda,nvenc,cutfix_full_tier1_20260729_01
Wv2KVSy4j3E_s0000613410_e0000615518,Wv2KVSy4j3E,613.41,615.518,2.108,1.0,1.0,3.81,/kaggle/working/cut_cutfix_full_tier1_20260729_01/tier1/400_440/media/Wv2KVSy4j3E_s0000613410_e0000615518.mp4,tier1,cuda,nvenc,cutfix_full_tier1_20260729_01
Wv2KVSy4j3E_s0000620674_e0000624094,Wv2KVSy4j3E,620.674,624.094,3.42,1.0,1.0,4.38,/kaggle/working/cut_cutfix_full_tier1_20260729_01/tier1/400_440/media/Wv2KVSy4j3E_s0000620674_e0000624094.mp4,tier1,cuda,nvenc,cutfix_full_tier1_20260729_01
Wv2KVSy4j3E_s0000625058_e0000628894,Wv2KVSy4j3E,625.058,628.894,3.836,1.0,1.0,5.59,/kaggle/working/cut_cutfix_full_tier1_20260729_01/tier1/400_440/media/Wv2KVSy4j3E_s0000625058_e0000628894.mp4,tier1,cuda,nvenc,cutfix_full_tier1_20260729_01
Wv2KVSy4j3E_s0000630818_e0000633470,Wv2KVSy4j3E,630.818,633.47,2.652,1.0,1.0,5.98,/kaggle/working/cut_cutfix_full_tier1_20260729_01/tier1/400_440/media/Wv2KVSy4j3E_s0000630818_e0000633470.mp4,tier1,cuda,nvenc,cutfix_full_tier1_20260729_01
Wv2KVSy4j3E_s0000640514_e0000642622,Wv2KVSy4j3E,640.514,642.622,2.108,1.0,1.0,6.63,/kaggle/working/cut_cutfix_full_tier1_20260729_01/tier1/400_440/media/Wv2KVSy4j3E_s0000640514_e0000642622.mp4,tier1,cuda,nvenc,cutfix_full_tier1_20260729_01
Wv2KVSy4j3E_s0000643458_e0000646558,Wv2KVSy4j3E,643.458,646.558,3.1,1.0,1.0,6.23,/kaggle/working/cut_cutfix_full_tier1_20260729_01/tier1/400_440/media/Wv2KVSy4j3E_s0000643458_e0000646558.mp4,tier1,cuda,nvenc,cutfix_full_tier1_20260729_01
Wv2KVSy4j3E_s0000646978_e0000649406,Wv2KVSy4j3E,646.978,649.406,2.428,1.0,1.0,6.79,/kaggle/working/cut_cutfix_full_tier1_20260729_01/tier1/400_440/media/Wv2KVSy4j3E_s0000646978_e0000649406.mp4,tier1,cuda,nvenc,cutfix_full_tier1_20260729_01
Wv2KVSy4j3E_s0000655522_e0000658686,Wv2KVSy4j3E,655.522,658.686,3.164,1.0,1.0,5.3,/kaggle/working/cut_cutfix_full_tier1_20260729_01/tier1/400_440/media/Wv2KVSy4j3E_s0000655522_e0000658686.mp4,tier1,cuda,nvenc,cutfix_full_tier1_20260729_01
Wv2KVSy4j3E_s0000658914_e0000661470,Wv2KVSy4j3E,658.914,661.47,2.556,1.0,1.0,1.97,/kaggle/working/cut_cutfix_full_tier1_20260729_01/tier1/400_440/media/Wv2KVSy4j3E_s0000658914_e0000661470.mp4,tier1,cuda,nvenc,cutfix_full_tier1_20260729_01
Wv2KVSy4j3E_s0000662978_e0000667230,Wv2KVSy4j3E,662.978,667.23,4.252,1.0,1.0,2.99,/kaggle/working/cut_cutfix_full_tier1_20260729_01/tier1/400_440/media/Wv2KVSy4j3E_s0000662978_e0000667230.mp4,tier1,cuda,nvenc,cutfix_full_tier1_20260729_01
Wv2KVSy4j3E_s0000675970_e0000678782,Wv2KVSy4j3E,675.97,678.782,2.812,1.0,1.0,5.75,/kaggle/working/cut_cutfix_full_tier1_20260729_01/tier1/400_440/media/Wv2KVSy4j3E_s0000675970_e0000678782.mp4,tier1,cuda,nvenc,cutfix_full_tier1_20260729_01
Wv2KVSy4j3E_s0000681826_e0000684446,Wv2KVSy4j3E,681.826,684.446,2.62,1.0,1.0,4.34,/kaggle/working/cut_cutfix_full_tier1_20260729_01/tier1/400_440/media/Wv2KVSy4j3E_s0000681826_e0000684446.mp4,tier1,cuda,nvenc,cutfix_full_tier1_20260729_01
Wv2KVSy4j3E_s0000688450_e0000690782,Wv2KVSy4j3E,688.45,690.782,2.332,1.0,1.0,4.71,/kaggle/working/cut_cutfix_full_tier1_20260729_01/tier1/400_440/media/Wv2KVSy4j3E_s0000688450_e0000690782.mp4,tier1,cuda,nvenc,cutfix_full_tier1_20260729_01
Wv2KVSy4j3E_s0000719746_e0000722622,Wv2KVSy4j3E,719.746,722.622,2.876,1.0,1.0,5.39,/kaggle/working/cut_cutfix_full_tier1_20260729_01/tier1/400_440/media/Wv2KVSy4j3E_s0000719746_e0000722622.mp4,tier1,cuda,nvenc,cutfix_full_tier1_20260729_01
Wv2KVSy4j3E_s0000735682_e0000737886,Wv2KVSy4j3E,735.682,737.886,2.204,1.0,1.0,5.56,/kaggle/working/cut_cutfix_full_tier1_20260729_01/tier1/400_440/media/Wv2KVSy4j3E_s0000735682_e0000737886.mp4,tier1,cuda,nvenc,cutfix_full_tier1_20260729_01
Wv2KVSy4j3E_s0000738274_e0000743006,Wv2KVSy4j3E,738.274,743.006,4.732,1.0,1.0,4.29,/kaggle/working/cut_cutfix_full_tier1_20260729_01/tier1/400_440/media/Wv2KVSy4j3E_s0000738274_e0000743006.mp4,tier1,cuda,nvenc,cutfix_full_tier1_20260729_01
X9RVmFFjGY8_s0000008834_e0000011166,X9RVmFFjGY8,8.834,11.166,2.332,1.0,1.0,17.08,/kaggle/working/cut_cutfix_full_tier1_20260729_01/tier1/400_440/media/X9RVmFFjGY8_s0000008834_e0000011166.mp4,tier1,cuda,nvenc,cutfix_full_tier1_20260729_01
X9RVmFFjGY8_s0000014914_e0000018206,X9RVmFFjGY8,14.914,18.206,3.292,1.0,1.0,13.31,/kaggle/working/cut_cutfix_full_tier1_20260729_01/tier1/400_440/media/X9RVmFFjGY8_s0000014914_e0000018206.mp4,tier1,cuda,nvenc,cutfix_full_tier1_20260729_01
X9RVmFFjGY8_s0000022722_e0000027262,X9RVmFFjGY8,22.722,27.262,4.54,1.0,1.0,13.85,/kaggle/working/cut_cutfix_full_tier1_20260729_01/tier1/400_440/media/X9RVmFFjGY8_s0000022722_e0000027262.mp4,tier1,cuda,nvenc,cutfix_full_tier1_20260729_01
X9RVmFFjGY8_s0000027394_e0000030302,X9RVmFFjGY8,27.394,30.302,2.908,1.0,1.0,14.0,/kaggle/working/cut_cutfix_full_tier1_20260729_01/tier1/400_440/media/X9RVmFFjGY8_s0000027394_e0000030302.mp4,tier1,cuda,nvenc,cutfix_full_tier1_20260729_01
X9RVmFFjGY8_s0000030786_e0000033342,X9RVmFFjGY8,30.786,33.342,2.556,1.0,1.0,13.13,/kaggle/working/cut_cutfix_full_tier1_20260729_01/tier1/400_440/media/X9RVmFFjGY8_s0000030786_e0000033342.mp4,tier1,cuda,nvenc,cutfix_full_tier1_20260729_01
X9RVmFFjGY8_s0000033698_e0000038302,X9RVmFFjGY8,33.698,38.302,4.604,1.0,1.0,13.74,/kaggle/working/cut_cutfix_full_tier1_20260729_01/tier1/400_440/media/X9RVmFFjGY8_s0000033698_e0000038302.mp4,tier1,cuda,nvenc,cutfix_full_tier1_20260729_01
X9RVmFFjGY8_s0000039362_e0000047550,X9RVmFFjGY8,39.362,47.55,8.188,1.0,1.0,13.32,/kaggle/working/cut_cutfix_full_tier1_20260729_01/tier1/400_440/media/X9RVmFFjGY8_s0000039362_e0000047550.mp4,tier1,cuda,nvenc,cutfix_full_tier1_20260729_01
X9RVmFFjGY8_s0000048770_e0000054654,X9RVmFFjGY8,48.77,54.654,5.884,1.0,1.0,12.3,/kaggle/working/cut_cutfix_full_tier1_20260729_01/tier1/400_440/media/X9RVmFFjGY8_s0000048770_e0000054654.mp4,tier1,cuda,nvenc,cutfix_full_tier1_20260729_01
X9RVmFFjGY8_s0000056578_e0000062014,X9RVmFFjGY8,56.578,62.014,5.436,1.0,1.0,12.71,/kaggle/working/cut_cutfix_full_tier1_20260729_01/tier1/400_440/media/X9RVmFFjGY8_s0000056578_e0000062014.mp4,tier1,cuda,nvenc,cutfix_full_tier1_20260729_01
X9RVmFFjGY8_s0000062754_e0000065470,X9RVmFFjGY8,62.754,65.47,2.716,1.0,1.0,13.85,/kaggle/working/cut_cutfix_full_tier1_20260729_01/tier1/400_440/media/X9RVmFFjGY8_s0000062754_e0000065470.mp4,tier1,cuda,nvenc,cutfix_full_tier1_20260729_01
X9RVmFFjGY8_s0000065794_e0000069758,X9RVmFFjGY8,65.794,69.758,3.964,1.0,1.0,13.96,/kaggle/working/cut_cutfix_full_tier1_20260729_01/tier1/400_440/media/X9RVmFFjGY8_s0000065794_e0000069758.mp4,tier1,cuda,nvenc,cutfix_full_tier1_20260729_01
X9RVmFFjGY8_s0000071266_e0000075038,X9RVmFFjGY8,71.266,75.038,3.772,1.0,1.0,15.26,/kaggle/working/cut_cutfix_full_tier1_20260729_01/tier1/400_440/media/X9RVmFFjGY8_s0000071266_e0000075038.mp4,tier1,cuda,nvenc,cutfix_full_tier1_20260729_01
X9RVmFFjGY8_s0000075202_e0000081854,X9RVmFFjGY8,75.202,81.854,6.652,1.0,1.0,12.74,/kaggle/working/cut_cutfix_full_tier1_20260729_01/tier1/400_440/media/X9RVmFFjGY8_s0000075202_e0000081854.mp4,tier1,cuda,nvenc,cutfix_full_tier1_20260729_01
X9RVmFFjGY8_s0000081986_e0000084094,X9RVmFFjGY8,81.986,84.094,2.108,1.0,1.0,12.08,/kaggle/working/cut_cutfix_full_tier1_20260729_01/tier1/400_440/media/X9RVmFFjGY8_s0000081986_e0000084094.mp4,tier1,cuda,nvenc,cutfix_full_tier1_20260729_01
X9RVmFFjGY8_s0000084482_e0000089598,X9RVmFFjGY8,84.482,89.598,5.116,1.0,1.0,15.21,/kaggle/working/cut_cutfix_full_tier1_20260729_01/tier1/400_440/media/X9RVmFFjGY8_s0000084482_e0000089598.mp4,tier1,cuda,nvenc,cutfix_full_tier1_20260729_01
X9RVmFFjGY8_s0000090274_e0000092606,X9RVmFFjGY8,90.274,92.606,2.332,1.0,1.0,15.55,/kaggle/working/cut_cutfix_full_tier1_20260729_01/tier1/400_440/media/X9RVmFFjGY8_s0000090274_e0000092606.mp4,tier1,cuda,nvenc,cutfix_full_tier1_20260729_01
X9RVmFFjGY8_s0000092738_e0000095262,X9RVmFFjGY8,92.738,95.262,2.524,1.0,1.0,12.43,/kaggle/working/cut_cutfix_full_tier1_20260729_01/tier1/400_440/media/X9RVmFFjGY8_s0000092738_e0000095262.mp4,tier1,cuda,nvenc,cutfix_full_tier1_20260729_01
X9RVmFFjGY8_s0000095586_e0000100586,X9RVmFFjGY8,95.586,100.586,5.0,1.0,1.0,13.35,/kaggle/working/cut_cutfix_full_tier1_20260729_01/tier1/400_440/media/X9RVmFFjGY8_s0000095586_e0000100586.mp4,tier1,cuda,nvenc,cutfix_full_tier1_20260729_01
X9RVmFFjGY8_s0000099586_e0000104586,X9RVmFFjGY8,99.586,104.586,5.0,1.0,1.0,12.75,/kaggle/working/cut_cutfix_full_tier1_20260729_01/tier1/400_440/media/X9RVmFFjGY8_s0000099586_e0000104586.mp4,tier1,cuda,nvenc,cutfix_full_tier1_20260729_01
X9RVmFFjGY8_s0000103586_e0000108586,X9RVmFFjGY8,103.586,108.586,5.0,1.0,1.0,14.68,/kaggle/working/cut_cutfix_full_tier1_20260729_01/tier1/400_440/media/X9RVmFFjGY8_s0000103586_e0000108586.mp4,tier1,cuda,nvenc,cutfix_full_tier1_20260729_01
X9RVmFFjGY8_s0000107586_e0000111870,X9RVmFFjGY8,107.586,111.87,4.284,1.0,1.0,12.29,/kaggle/working/cut_cutfix_full_tier1_20260729_01/tier1/400_440/media/X9RVmFFjGY8_s0000107586_e0000111870.mp4,tier1,cuda,nvenc,cutfix_full_tier1_20260729_01
X9RVmFFjGY8_s0000112098_e0000115582,X9RVmFFjGY8,112.098,115.582,3.484,1.0,1.0,14.65,/kaggle/working/cut_cutfix_full_tier1_20260729_01/tier1/400_440/media/X9RVmFFjGY8_s0000112098_e0000115582.mp4,tier1,cuda,nvenc,cutfix_full_tier1_20260729_01
X9RVmFFjGY8_s0000115842_e0000120670,X9RVmFFjGY8,115.842,120.67,4.828,1.0,1.0,15.97,/kaggle/working/cut_cutfix_full_tier1_20260729_01/tier1/400_440/media/X9RVmFFjGY8_s0000115842_e0000120670.mp4,tier1,cuda,nvenc,cutfix_full_tier1_20260729_01
X9RVmFFjGY8_s0000120898_e0000124990,X9RVmFFjGY8,120.898,124.99,4.092,1.0,1.0,13.63,/kaggle/working/cut_cutfix_full_tier1_20260729_01/tier1/400_440/media/X9RVmFFjGY8_s0000120898_e0000124990.mp4,tier1,cuda,nvenc,cutfix_full_tier1_20260729_01
X9RVmFFjGY8_s0000134882_e0000139102,X9RVmFFjGY8,134.882,139.102,4.22,0.8,1.0,15.21,/kaggle/working/cut_cutfix_full_tier1_20260729_01/tier1/400_440/media/X9RVmFFjGY8_s0000134882_e0000139102.mp4,tier1,cuda,nvenc,cutfix_full_tier1_20260729_01
X9RVmFFjGY8_s0000156386_e0000159774,X9RVmFFjGY8,156.386,159.774,3.388,1.0,1.0,15.69,/kaggle/working/cut_cutfix_full_tier1_20260729_01/tier1/400_440/media/X9RVmFFjGY8_s0000156386_e0000159774.mp4,tier1,cuda,nvenc,cutfix_full_tier1_20260729_01
X9RVmFFjGY8_s0000159874_e0000162046,X9RVmFFjGY8,159.874,162.046,2.172,1.0,1.0,17.11,/kaggle/working/cut_cutfix_full_tier1_20260729_01/tier1/400_440/media/X9RVmFFjGY8_s0000159874_e0000162046.mp4,tier1,cuda,nvenc,cutfix_full_tier1_20260729_01
X9RVmFFjGY8_s0000162242_e0000165118,X9RVmFFjGY8,162.242,165.118,2.876,1.0,1.0,13.15,/kaggle/working/cut_cutfix_full_tier1_20260729_01/tier1/400_440/media/X9RVmFFjGY8_s0000162242_e0000165118.mp4,tier1,cuda,nvenc,cutfix_full_tier1_20260729_01
X9RVmFFjGY8_s0000167298_e0000170398,X9RVmFFjGY8,167.298,170.398,3.1,1.0,1.0,15.12,/kaggle/working/cut_cutfix_full_tier1_20260729_01/tier1/400_440/media/X9RVmFFjGY8_s0000167298_e0000170398.mp4,tier1,cuda,nvenc,cutfix_full_tier1_20260729_01
X9RVmFFjGY8_s0000171394_e0000173662,X9RVmFFjGY8,171.394,173.662,2.268,1.0,1.0,16.53,/kaggle/working/cut_cutfix_full_tier1_20260729_01/tier1/400_440/media/X9RVmFFjGY8_s0000171394_e0000173662.mp4,tier1,cuda,nvenc,cutfix_full_tier1_20260729_01
X9RVmFFjGY8_s0000192418_e0000203998,X9RVmFFjGY8,192.418,203.998,11.58,0.818,1.0,15.64,/kaggle/working/cut_cutfix_full_tier1_20260729_01/tier1/400_440/media/X9RVmFFjGY8_s0000192418_e0000203998.mp4,tier1,cuda,nvenc,cutfix_full_tier1_20260729_01
X9RVmFFjGY8_s0000222114_e0000224862,X9RVmFFjGY8,222.114,224.862,2.748,1.0,1.0,11.84,/kaggle/working/cut_cutfix_full_tier1_20260729_01/tier1/400_440/media/X9RVmFFjGY8_s0000222114_e0000224862.mp4,tier1,cuda,nvenc,cutfix_full_tier1_20260729_01
X9RVmFFjGY8_s0000225346_e0000230174,X9RVmFFjGY8,225.346,230.174,4.828,0.8,1.0,13.94,/kaggle/working/cut_cutfix_full_tier1_20260729_01/tier1/400_440/media/X9RVmFFjGY8_s0000225346_e0000230174.mp4,tier1,cuda,nvenc,cutfix_full_tier1_20260729_01
X9RVmFFjGY8_s0000230786_e0000234526,X9RVmFFjGY8,230.786,234.526,3.74,1.0,1.0,15.05,/kaggle/working/cut_cutfix_full_tier1_20260729_01/tier1/400_440/media/X9RVmFFjGY8_s0000230786_e0000234526.mp4,tier1,cuda,nvenc,cutfix_full_tier1_20260729_01
X9RVmFFjGY8_s0000235042_e0000238654,X9RVmFFjGY8,235.042,238.654,3.612,1.0,1.0,14.52,/kaggle/working/cut_cutfix_full_tier1_20260729_01/tier1/400_440/media/X9RVmFFjGY8_s0000235042_e0000238654.mp4,tier1,cuda,nvenc,cutfix_full_tier1_20260729_01
X9RVmFFjGY8_s0000238754_e0000241246,X9RVmFFjGY8,238.754,241.246,2.492,1.0,1.0,13.96,/kaggle/working/cut_cutfix_full_tier1_20260729_01/tier1/400_440/media/X9RVmFFjGY8_s0000238754_e0000241246.mp4,tier1,cuda,nvenc,cutfix_full_tier1_20260729_01
X9RVmFFjGY8_s0000241858_e0000244990,X9RVmFFjGY8,241.858,244.99,3.132,1.0,1.0,12.14,/kaggle/working/cut_cutfix_full_tier1_20260729_01/tier1/400_440/media/X9RVmFFjGY8_s0000241858_e0000244990.mp4,tier1,cuda,nvenc,cutfix_full_tier1_20260729_01
X9RVmFFjGY8_s0000246690_e0000249598,X9RVmFFjGY8,246.69,249.598,2.908,1.0,1.0,14.93,/kaggle/working/cut_cutfix_full_tier1_20260729_01/tier1/400_440/media/X9RVmFFjGY8_s0000246690_e0000249598.mp4,tier1,cuda,nvenc,cutfix_full_tier1_20260729_01
X9RVmFFjGY8_s0000249826_e0000253630,X9RVmFFjGY8,249.826,253.63,3.804,1.0,1.0,14.15,/kaggle/working/cut_cutfix_full_tier1_20260729_01/tier1/400_440/media/X9RVmFFjGY8_s0000249826_e0000253630.mp4,tier1,cuda,nvenc,cutfix_full_tier1_20260729_01
X9RVmFFjGY8_s0000254690_e0000257918,X9RVmFFjGY8,254.69,257.918,3.228,1.0,1.0,13.91,/kaggle/working/cut_cutfix_full_tier1_20260729_01/tier1/400_440/media/X9RVmFFjGY8_s0000254690_e0000257918.mp4,tier1,cuda,nvenc,cutfix_full_tier1_20260729_01
X9RVmFFjGY8_s0000258626_e0000264862,X9RVmFFjGY8,258.626,264.862,6.236,1.0,1.0,15.21,/kaggle/working/cut_cutfix_full_tier1_20260729_01/tier1/400_440/media/X9RVmFFjGY8_s0000258626_e0000264862.mp4,tier1,cuda,nvenc,cutfix_full_tier1_20260729_01
X9RVmFFjGY8_s0000265474_e0000270014,X9RVmFFjGY8,265.474,270.014,4.54,1.0,1.0,15.0,/kaggle/working/cut_cutfix_full_tier1_20260729_01/tier1/400_440/media/X9RVmFFjGY8_s0000265474_e0000270014.mp4,tier1,cuda,nvenc,cutfix_full_tier1_20260729_01
X9RVmFFjGY8_s0000271618_e0000275742,X9RVmFFjGY8,271.618,275.742,4.124,1.0,1.0,12.1,/kaggle/working/cut_cutfix_full_tier1_20260729_01/tier1/400_440/media/X9RVmFFjGY8_s0000271618_e0000275742.mp4,tier1,cuda,nvenc,cutfix_full_tier1_20260729_01
X9RVmFFjGY8_s0000276994_e0000286110,X9RVmFFjGY8,276.994,286.11,9.116,1.0,1.0,15.44,/kaggle/working/cut_cutfix_full_tier1_20260729_01/tier1/400_440/media/X9RVmFFjGY8_s0000276994_e0000286110.mp4,tier1,cuda,nvenc,cutfix_full_tier1_20260729_01
X9RVmFFjGY8_s0000298018_e0000303102,X9RVmFFjGY8,298.018,303.102,5.084,0.8,1.0,14.01,/kaggle/working/cut_cutfix_full_tier1_20260729_01/tier1/400_440/media/X9RVmFFjGY8_s0000298018_e0000303102.mp4,tier1,cuda,nvenc,cutfix_full_tier1_20260729_01
X9RVmFFjGY8_s0000304770_e0000312478,X9RVmFFjGY8,304.77,312.478,7.708,1.0,1.0,13.81,/kaggle/working/cut_cutfix_full_tier1_20260729_01/tier1/400_440/media/X9RVmFFjGY8_s0000304770_e0000312478.mp4,tier1,cuda,nvenc,cutfix_full_tier1_20260729_01
X9RVmFFjGY8_s0000315394_e0000317566,X9RVmFFjGY8,315.394,317.566,2.172,1.0,1.0,16.6,/kaggle/working/cut_cutfix_full_tier1_20260729_01/tier1/400_440/media/X9RVmFFjGY8_s0000315394_e0000317566.mp4,tier1,cuda,nvenc,cutfix_full_tier1_20260729_01
X9RVmFFjGY8_s0000317666_e0000320158,X9RVmFFjGY8,317.666,320.158,2.492,1.0,1.0,11.8,/kaggle/working/cut_cutfix_full_tier1_20260729_01/tier1/400_440/media/X9RVmFFjGY8_s0000317666_e0000320158.mp4,tier1,cuda,nvenc,cutfix_full_tier1_20260729_01
X9RVmFFjGY8_s0000320546_e0000323038,X9RVmFFjGY8,320.546,323.038,2.492,1.0,1.0,12.14,/kaggle/working/cut_cutfix_full_tier1_20260729_01/tier1/400_440/media/X9RVmFFjGY8_s0000320546_e0000323038.mp4,tier1,cuda,nvenc,cutfix_full_tier1_20260729_01
X9RVmFFjGY8_s0000323362_e0000327390,X9RVmFFjGY8,323.362,327.39,4.028,1.0,1.0,12.53,/kaggle/working/cut_cutfix_full_tier1_20260729_01/tier1/400_440/media/X9RVmFFjGY8_s0000323362_e0000327390.mp4,tier1,cuda,nvenc,cutfix_full_tier1_20260729_01
X9RVmFFjGY8_s0000327522_e0000330462,X9RVmFFjGY8,327.522,330.462,2.94,1.0,1.0,14.04,/kaggle/working/cut_cutfix_full_tier1_20260729_01/tier1/400_440/media/X9RVmFFjGY8_s0000327522_e0000330462.mp4,tier1,cuda,nvenc,cutfix_full_tier1_20260729_01
X9RVmFFjGY8_s0000331330_e0000334462,X9RVmFFjGY8,331.33,334.462,3.132,1.0,1.0,15.22,/kaggle/working/cut_cutfix_full_tier1_20260729_01/tier1/400_440/media/X9RVmFFjGY8_s0000331330_e0000334462.mp4,tier1,cuda,nvenc,cutfix_full_tier1_20260729_01
X9RVmFFjGY8_s0000335618_e0000340542,X9RVmFFjGY8,335.618,340.542,4.924,1.0,1.0,15.25,/kaggle/working/cut_cutfix_full_tier1_20260729_01/tier1/400_440/media/X9RVmFFjGY8_s0000335618_e0000340542.mp4,tier1,cuda,nvenc,cutfix_full_tier1_20260729_01
X9RVmFFjGY8_s0000344610_e0000347806,X9RVmFFjGY8,344.61,347.806,3.196,1.0,1.0,13.95,/kaggle/working/cut_cutfix_full_tier1_20260729_01/tier1/400_440/media/X9RVmFFjGY8_s0000344610_e0000347806.mp4,tier1,cuda,nvenc,cutfix_full_tier1_20260729_01
X9RVmFFjGY8_s0000349218_e0000355102,X9RVmFFjGY8,349.218,355.102,5.884,1.0,1.0,13.85,/kaggle/working/cut_cutfix_full_tier1_20260729_01/tier1/400_440/media/X9RVmFFjGY8_s0000349218_e0000355102.mp4,tier1,cuda,nvenc,cutfix_full_tier1_20260729_01
X9RVmFFjGY8_s0000355714_e0000358718,X9RVmFFjGY8,355.714,358.718,3.004,1.0,1.0,12.74,/kaggle/working/cut_cutfix_full_tier1_20260729_01/tier1/400_440/media/X9RVmFFjGY8_s0000355714_e0000358718.mp4,tier1,cuda,nvenc,cutfix_full_tier1_20260729_01
X9RVmFFjGY8_s0000358882_e0000362302,X9RVmFFjGY8,358.882,362.302,3.42,1.0,1.0,12.76,/kaggle/working/cut_cutfix_full_tier1_20260729_01/tier1/400_440/media/X9RVmFFjGY8_s0000358882_e0000362302.mp4,tier1,cuda,nvenc,cutfix_full_tier1_20260729_01
X9RVmFFjGY8_s0000362978_e0000366110,X9RVmFFjGY8,362.978,366.11,3.132,1.0,1.0,13.71,/kaggle/working/cut_cutfix_full_tier1_20260729_01/tier1/400_440/media/X9RVmFFjGY8_s0000362978_e0000366110.mp4,tier1,cuda,nvenc,cutfix_full_tier1_20260729_01
X9RVmFFjGY8_s0000374818_e0000377310,X9RVmFFjGY8,374.818,377.31,2.492,1.0,1.0,14.84,/kaggle/working/cut_cutfix_full_tier1_20260729_01/tier1/400_440/media/X9RVmFFjGY8_s0000374818_e0000377310.mp4,tier1,cuda,nvenc,cutfix_full_tier1_20260729_01
X9RVmFFjGY8_s0000378722_e0000384158,X9RVmFFjGY8,378.722,384.158,5.436,1.0,1.0,13.31,/kaggle/working/cut_cutfix_full_tier1_20260729_01/tier1/400_440/media/X9RVmFFjGY8_s0000378722_e0000384158.mp4,tier1,cuda,nvenc,cutfix_full_tier1_20260729_01
X9RVmFFjGY8_s0000384546_e0000390174,X9RVmFFjGY8,384.546,390.174,5.628,0.833,1.0,12.88,/kaggle/working/cut_cutfix_full_tier1_20260729_01/tier1/400_440/media/X9RVmFFjGY8_s0000384546_e0000390174.mp4,tier1,cuda,nvenc,cutfix_full_tier1_20260729_01
X9RVmFFjGY8_s0000391458_e0000399326,X9RVmFFjGY8,391.458,399.326,7.868,0.875,1.0,11.77,/kaggle/working/cut_cutfix_full_tier1_20260729_01/tier1/400_440/media/X9RVmFFjGY8_s0000391458_e0000399326.mp4,tier1,cuda,nvenc,cutfix_full_tier1_20260729_01
X9RVmFFjGY8_s0000399458_e0000402206,X9RVmFFjGY8,399.458,402.206,2.748,1.0,1.0,11.9,/kaggle/working/cut_cutfix_full_tier1_20260729_01/tier1/400_440/media/X9RVmFFjGY8_s0000399458_e0000402206.mp4,tier1,cuda,nvenc,cutfix_full_tier1_20260729_01
X9RVmFFjGY8_s0000415426_e0000421246,X9RVmFFjGY8,415.426,421.246,5.82,1.0,1.0,13.47,/kaggle/working/cut_cutfix_full_tier1_20260729_01/tier1/400_440/media/X9RVmFFjGY8_s0000415426_e0000421246.mp4,tier1,cuda,nvenc,cutfix_full_tier1_20260729_01
X9RVmFFjGY8_s0000426946_e0000429982,X9RVmFFjGY8,426.946,429.982,3.036,1.0,1.0,13.08,/kaggle/working/cut_cutfix_full_tier1_20260729_01/tier1/400_440/media/X9RVmFFjGY8_s0000426946_e0000429982.mp4,tier1,cuda,nvenc,cutfix_full_tier1_20260729_01
X9RVmFFjGY8_s0000441346_e0000445470,X9RVmFFjGY8,441.346,445.47,4.124,0.75,1.0,11.44,/kaggle/working/cut_cutfix_full_tier1_20260729_01/tier1/400_440/media/X9RVmFFjGY8_s0000441346_e0000445470.mp4,tier1,cuda,nvenc,cutfix_full_tier1_20260729_01
X9RVmFFjGY8_s0000446434_e0000449182,X9RVmFFjGY8,446.434,449.182,2.748,1.0,1.0,12.27,/kaggle/working/cut_cutfix_full_tier1_20260729_01/tier1/400_440/media/X9RVmFFjGY8_s0000446434_e0000449182.mp4,tier1,cuda,nvenc,cutfix_full_tier1_20260729_01
X9RVmFFjGY8_s0000450018_e0000456990,X9RVmFFjGY8,450.018,456.99,6.972,1.0,1.0,11.42,/kaggle/working/cut_cutfix_full_tier1_20260729_01/tier1/400_440/media/X9RVmFFjGY8_s0000450018_e0000456990.mp4,tier1,cuda,nvenc,cutfix_full_tier1_20260729_01
X9RVmFFjGY8_s0000463714_e0000469182,X9RVmFFjGY8,463.714,469.182,5.468,1.0,1.0,11.27,/kaggle/working/cut_cutfix_full_tier1_20260729_01/tier1/400_440/media/X9RVmFFjGY8_s0000463714_e0000469182.mp4,tier1,cuda,nvenc,cutfix_full_tier1_20260729_01
X9RVmFFjGY8_s0000470274_e0000473150,X9RVmFFjGY8,470.274,473.15,2.876,1.0,1.0,12.96,/kaggle/working/cut_cutfix_full_tier1_20260729_01/tier1/400_440/media/X9RVmFFjGY8_s0000470274_e0000473150.mp4,tier1,cuda,nvenc,cutfix_full_tier1_20260729_01
X9RVmFFjGY8_s0000479682_e0000483582,X9RVmFFjGY8,479.682,483.582,3.9,0.75,1.0,14.5,/kaggle/working/cut_cutfix_full_tier1_20260729_01/tier1/400_440/media/X9RVmFFjGY8_s0000479682_e0000483582.mp4,tier1,cuda,nvenc,cutfix_full_tier1_20260729_01
X9RVmFFjGY8_s0000483682_e0000486750,X9RVmFFjGY8,483.682,486.75,3.068,1.0,1.0,13.48,/kaggle/working/cut_cutfix_full_tier1_20260729_01/tier1/400_440/media/X9RVmFFjGY8_s0000483682_e0000486750.mp4,tier1,cuda,nvenc,cutfix_full_tier1_20260729_01
X9RVmFFjGY8_s0000492130_e0000495230,X9RVmFFjGY8,492.13,495.23,3.1,1.0,1.0,13.63,/kaggle/working/cut_cutfix_full_tier1_20260729_01/tier1/400_440/media/X9RVmFFjGY8_s0000492130_e0000495230.mp4,tier1,cuda,nvenc,cutfix_full_tier1_20260729_01
X9RVmFFjGY8_s0000495458_e0000500382,X9RVmFFjGY8,495.458,500.382,4.924,1.0,1.0,14.48,/kaggle/working/cut_cutfix_full_tier1_20260729_01/tier1/400_440/media/X9RVmFFjGY8_s0000495458_e0000500382.mp4,tier1,cuda,nvenc,cutfix_full_tier1_20260729_01
X9RVmFFjGY8_s0000500898_e0000503038,X9RVmFFjGY8,500.898,503.038,2.14,1.0,1.0,14.85,/kaggle/working/cut_cutfix_full_tier1_20260729_01/tier1/400_440/media/X9RVmFFjGY8_s0000500898_e0000503038.mp4,tier1,cuda,nvenc,cutfix_full_tier1_20260729_01
X9RVmFFjGY8_s0000508258_e0000512158,X9RVmFFjGY8,508.258,512.158,3.9,1.0,1.0,15.79,/kaggle/working/cut_cutfix_full_tier1_20260729_01/tier1/400_440/media/X9RVmFFjGY8_s0000508258_e0000512158.mp4,tier1,cuda,nvenc,cutfix_full_tier1_20260729_01
X9RVmFFjGY8_s0000513826_e0000516574,X9RVmFFjGY8,513.826,516.574,2.748,1.0,1.0,15.85,/kaggle/working/cut_cutfix_full_tier1_20260729_01/tier1/400_440/media/X9RVmFFjGY8_s0000513826_e0000516574.mp4,tier1,cuda,nvenc,cutfix_full_tier1_20260729_01
X9RVmFFjGY8_s0000521730_e0000524702,X9RVmFFjGY8,521.73,524.702,2.972,1.0,1.0,15.13,/kaggle/working/cut_cutfix_full_tier1_20260729_01/tier1/400_440/media/X9RVmFFjGY8_s0000521730_e0000524702.mp4,tier1,cuda,nvenc,cutfix_full_tier1_20260729_01
X9RVmFFjGY8_s0000527298_e0000529758,X9RVmFFjGY8,527.298,529.758,2.46,1.0,1.0,13.85,/kaggle/working/cut_cutfix_full_tier1_20260729_01/tier1/400_440/media/X9RVmFFjGY8_s0000527298_e0000529758.mp4,tier1,cuda,nvenc,cutfix_full_tier1_20260729_01
X9RVmFFjGY8_s0000531042_e0000533694,X9RVmFFjGY8,531.042,533.694,2.652,1.0,1.0,14.55,/kaggle/working/cut_cutfix_full_tier1_20260729_01/tier1/400_440/media/X9RVmFFjGY8_s0000531042_e0000533694.mp4,tier1,cuda,nvenc,cutfix_full_tier1_20260729_01
X9RVmFFjGY8_s0000533890_e0000537406,X9RVmFFjGY8,533.89,537.406,3.516,1.0,1.0,13.28,/kaggle/working/cut_cutfix_full_tier1_20260729_01/tier1/400_440/media/X9RVmFFjGY8_s0000533890_e0000537406.mp4,tier1,cuda,nvenc,cutfix_full_tier1_20260729_01
X9RVmFFjGY8_s0000561826_e0000563902,X9RVmFFjGY8,561.826,563.902,2.076,1.0,1.0,13.47,/kaggle/working/cut_cutfix_full_tier1_20260729_01/tier1/400_440/media/X9RVmFFjGY8_s0000561826_e0000563902.mp4,tier1,cuda,nvenc,cutfix_full_tier1_20260729_01
X9RVmFFjGY8_s0000575490_e0000577694,X9RVmFFjGY8,575.49,577.694,2.204,1.0,1.0,12.97,/kaggle/working/cut_cutfix_full_tier1_20260729_01/tier1/400_440/media/X9RVmFFjGY8_s0000575490_e0000577694.mp4,tier1,cuda,nvenc,cutfix_full_tier1_20260729_01
X9RVmFFjGY8_s0000577794_e0000581246,X9RVmFFjGY8,577.794,581.246,3.452,1.0,1.0,10.69,/kaggle/working/cut_cutfix_full_tier1_20260729_01/tier1/400_440/media/X9RVmFFjGY8_s0000577794_e0000581246.mp4,tier1,cuda,nvenc,cutfix_full_tier1_20260729_01
X9RVmFFjGY8_s0000583746_e0000586814,X9RVmFFjGY8,583.746,586.814,3.068,1.0,1.0,9.86,/kaggle/working/cut_cutfix_full_tier1_20260729_01/tier1/400_440/media/X9RVmFFjGY8_s0000583746_e0000586814.mp4,tier1,cuda,nvenc,cutfix_full_tier1_20260729_01
Xa6Pn88tiF4_s0000021090_e0000024094,Xa6Pn88tiF4,21.09,24.094,3.004,1.0,1.0,-0.18,/kaggle/working/cut_cutfix_full_tier1_20260729_01/tier1/400_440/media/Xa6Pn88tiF4_s0000021090_e0000024094.mp4,tier1,cuda,nvenc,cutfix_full_tier1_20260729_01
Xa6Pn88tiF4_s0000025506_e0000031070,Xa6Pn88tiF4,25.506,31.07,5.564,0.833,1.0,1.6,/kaggle/working/cut_cutfix_full_tier1_20260729_01/tier1/400_440/media/Xa6Pn88tiF4_s0000025506_e0000031070.mp4,tier1,cuda,nvenc,cutfix_full_tier1_20260729_01
Xa6Pn88tiF4_s0000031266_e0000034942,Xa6Pn88tiF4,31.266,34.942,3.676,1.0,1.0,-1.03,/kaggle/working/cut_cutfix_full_tier1_20260729_01/tier1/400_440/media/Xa6Pn88tiF4_s0000031266_e0000034942.mp4,tier1,cuda,nvenc,cutfix_full_tier1_20260729_01
Xa6Pn88tiF4_s0000037090_e0000040958,Xa6Pn88tiF4,37.09,40.958,3.868,1.0,1.0,0.84,/kaggle/working/cut_cutfix_full_tier1_20260729_01/tier1/400_440/media/Xa6Pn88tiF4_s0000037090_e0000040958.mp4,tier1,cuda,nvenc,cutfix_full_tier1_20260729_01
Xa6Pn88tiF4_s0000046018_e0000049662,Xa6Pn88tiF4,46.018,49.662,3.644,1.0,1.0,1.31,/kaggle/working/cut_cutfix_full_tier1_20260729_01/tier1/400_440/media/Xa6Pn88tiF4_s0000046018_e0000049662.mp4,tier1,cuda,nvenc,cutfix_full_tier1_20260729_01
Xa6Pn88tiF4_s0000055906_e0000059838,Xa6Pn88tiF4,55.906,59.838,3.932,1.0,1.0,2.15,/kaggle/working/cut_cutfix_full_tier1_20260729_01/tier1/400_440/media/Xa6Pn88tiF4_s0000055906_e0000059838.mp4,tier1,cuda,nvenc,cutfix_full_tier1_20260729_01
Xa6Pn88tiF4_s0000066978_e0000070302,Xa6Pn88tiF4,66.978,70.302,3.324,1.0,1.0,0.7,/kaggle/working/cut_cutfix_full_tier1_20260729_01/tier1/400_440/media/Xa6Pn88tiF4_s0000066978_e0000070302.mp4,tier1,cuda,nvenc,cutfix_full_tier1_20260729_01
Xa6Pn88tiF4_s0000088194_e0000090910,Xa6Pn88tiF4,88.194,90.91,2.716,1.0,1.0,-0.81,/kaggle/working/cut_cutfix_full_tier1_20260729_01/tier1/400_440/media/Xa6Pn88tiF4_s0000088194_e0000090910.mp4,tier1,cuda,nvenc,cutfix_full_tier1_20260729_01
Xa6Pn88tiF4_s0000104130_e0000106238,Xa6Pn88tiF4,104.13,106.238,2.108,1.0,1.0,0.67,/kaggle/working/cut_cutfix_full_tier1_20260729_01/tier1/400_440/media/Xa6Pn88tiF4_s0000104130_e0000106238.mp4,tier1,cuda,nvenc,cutfix_full_tier1_20260729_01
Xa6Pn88tiF4_s0000107746_e0000110430,Xa6Pn88tiF4,107.746,110.43,2.684,1.0,1.0,3.17,/kaggle/working/cut_cutfix_full_tier1_20260729_01/tier1/400_440/media/Xa6Pn88tiF4_s0000107746_e0000110430.mp4,tier1,cuda,nvenc,cutfix_full_tier1_20260729_01
Xa6Pn88tiF4_s0000110754_e0000113470,Xa6Pn88tiF4,110.754,113.47,2.716,1.0,1.0,0.08,/kaggle/working/cut_cutfix_full_tier1_20260729_01/tier1/400_440/media/Xa6Pn88tiF4_s0000110754_e0000113470.mp4,tier1,cuda,nvenc,cutfix_full_tier1_20260729_01
Xa6Pn88tiF4_s0000114562_e0000118078,Xa6Pn88tiF4,114.562,118.078,3.516,1.0,1.0,-0.47,/kaggle/working/cut_cutfix_full_tier1_20260729_01/tier1/400_440/media/Xa6Pn88tiF4_s0000114562_e0000118078.mp4,tier1,cuda,nvenc,cutfix_full_tier1_20260729_01
Xa6Pn88tiF4_s0000134274_e0000140862,Xa6Pn88tiF4,134.274,140.862,6.588,1.0,1.0,1.68,/kaggle/working/cut_cutfix_full_tier1_20260729_01/tier1/400_440/media/Xa6Pn88tiF4_s0000134274_e0000140862.mp4,tier1,cuda,nvenc,cutfix_full_tier1_20260729_01
Xa6Pn88tiF4_s0000143554_e0000147870,Xa6Pn88tiF4,143.554,147.87,4.316,1.0,1.0,1.42,/kaggle/working/cut_cutfix_full_tier1_20260729_01/tier1/400_440/media/Xa6Pn88tiF4_s0000143554_e0000147870.mp4,tier1,cuda,nvenc,cutfix_full_tier1_20260729_01
Xa6Pn88tiF4_s0000148002_e0000150014,Xa6Pn88tiF4,148.002,150.014,2.012,1.0,1.0,1.79,/kaggle/working/cut_cutfix_full_tier1_20260729_01/tier1/400_440/media/Xa6Pn88tiF4_s0000148002_e0000150014.mp4,tier1,cuda,nvenc,cutfix_full_tier1_20260729_01
Xa6Pn88tiF4_s0000151618_e0000155134,Xa6Pn88tiF4,151.618,155.134,3.516,1.0,1.0,0.37,/kaggle/working/cut_cutfix_full_tier1_20260729_01/tier1/400_440/media/Xa6Pn88tiF4_s0000151618_e0000155134.mp4,tier1,cuda,nvenc,cutfix_full_tier1_20260729_01
Xa6Pn88tiF4_s0000155458_e0000158462,Xa6Pn88tiF4,155.458,158.462,3.004,1.0,1.0,0.75,/kaggle/working/cut_cutfix_full_tier1_20260729_01/tier1/400_440/media/Xa6Pn88tiF4_s0000155458_e0000158462.mp4,tier1,cuda,nvenc,cutfix_full_tier1_20260729_01
Xa6Pn88tiF4_s0000158754_e0000160926,Xa6Pn88tiF4,158.754,160.926,2.172,1.0,1.0,1.24,/kaggle/working/cut_cutfix_full_tier1_20260729_01/tier1/400_440/media/Xa6Pn88tiF4_s0000158754_e0000160926.mp4,tier1,cuda,nvenc,cutfix_full_tier1_20260729_01
Xa6Pn88tiF4_s0000161090_e0000163262,Xa6Pn88tiF4,161.09,163.262,2.172,1.0,1.0,-2.05,/kaggle/working/cut_cutfix_full_tier1_20260729_01/tier1/400_440/media/Xa6Pn88tiF4_s0000161090_e0000163262.mp4,tier1,cuda,nvenc,cutfix_full_tier1_20260729_01
Xa6Pn88tiF4_s0000165538_e0000173982,Xa6Pn88tiF4,165.538,173.982,8.444,1.0,1.0,-1.28,/kaggle/working/cut_cutfix_full_tier1_20260729_01/tier1/400_440/media/Xa6Pn88tiF4_s0000165538_e0000173982.mp4,tier1,cuda,nvenc,cutfix_full_tier1_20260729_01
Xa6Pn88tiF4_s0000177890_e0000181406,Xa6Pn88tiF4,177.89,181.406,3.516,1.0,1.0,0.52,/kaggle/working/cut_cutfix_full_tier1_20260729_01/tier1/400_440/media/Xa6Pn88tiF4_s0000177890_e0000181406.mp4,tier1,cuda,nvenc,cutfix_full_tier1_20260729_01
Xa6Pn88tiF4_s0000185986_e0000190718,Xa6Pn88tiF4,185.986,190.718,4.732,1.0,1.0,1.79,/kaggle/working/cut_cutfix_full_tier1_20260729_01/tier1/400_440/media/Xa6Pn88tiF4_s0000185986_e0000190718.mp4,tier1,cuda,nvenc,cutfix_full_tier1_20260729_01
Xa6Pn88tiF4_s0000192034_e0000194334,Xa6Pn88tiF4,192.034,194.334,2.3,1.0,1.0,3.55,/kaggle/working/cut_cutfix_full_tier1_20260729_01/tier1/400_440/media/Xa6Pn88tiF4_s0000192034_e0000194334.mp4,tier1,cuda,nvenc,cutfix_full_tier1_20260729_01
Xa6Pn88tiF4_s0000204898_e0000207806,Xa6Pn88tiF4,204.898,207.806,2.908,1.0,1.0,0.81,/kaggle/working/cut_cutfix_full_tier1_20260729_01/tier1/400_440/media/Xa6Pn88tiF4_s0000204898_e0000207806.mp4,tier1,cuda,nvenc,cutfix_full_tier1_20260729_01
Xa6Pn88tiF4_s0000207938_e0000210718,Xa6Pn88tiF4,207.938,210.718,2.78,1.0,1.0,1.33,/kaggle/working/cut_cutfix_full_tier1_20260729_01/tier1/400_440/media/Xa6Pn88tiF4_s0000207938_e0000210718.mp4,tier1,cuda,nvenc,cutfix_full_tier1_20260729_01
Xa6Pn88tiF4_s0000213570_e0000215870,Xa6Pn88tiF4,213.57,215.87,2.3,1.0,1.0,1.15,/kaggle/working/cut_cutfix_full_tier1_20260729_01/tier1/400_440/media/Xa6Pn88tiF4_s0000213570_e0000215870.mp4,tier1,cuda,nvenc,cutfix_full_tier1_20260729_01
Xa6Pn88tiF4_s0000216706_e0000218910,Xa6Pn88tiF4,216.706,218.91,2.204,1.0,1.0,-1.57,/kaggle/working/cut_cutfix_full_tier1_20260729_01/tier1/400_440/media/Xa6Pn88tiF4_s0000216706_e0000218910.mp4,tier1,cuda,nvenc,cutfix_full_tier1_20260729_01
Xa6Pn88tiF4_s0000219042_e0000221502,Xa6Pn88tiF4,219.042,221.502,2.46,1.0,1.0,-1.86,/kaggle/working/cut_cutfix_full_tier1_20260729_01/tier1/400_440/media/Xa6Pn88tiF4_s0000219042_e0000221502.mp4,tier1,cuda,nvenc,cutfix_full_tier1_20260729_01
Xa6Pn88tiF4_s0000224354_e0000227230,Xa6Pn88tiF4,224.354,227.23,2.876,1.0,1.0,1.46,/kaggle/working/cut_cutfix_full_tier1_20260729_01/tier1/400_440/media/Xa6Pn88tiF4_s0000224354_e0000227230.mp4,tier1,cuda,nvenc,cutfix_full_tier1_20260729_01
Xa6Pn88tiF4_s0000227362_e0000232638,Xa6Pn88tiF4,227.362,232.638,5.276,1.0,1.0,0.15,/kaggle/working/cut_cutfix_full_tier1_20260729_01/tier1/400_440/media/Xa6Pn88tiF4_s0000227362_e0000232638.mp4,tier1,cuda,nvenc,cutfix_full_tier1_20260729_01
Xa6Pn88tiF4_s0000234914_e0000236958,Xa6Pn88tiF4,234.914,236.958,2.044,1.0,1.0,0.23,/kaggle/working/cut_cutfix_full_tier1_20260729_01/tier1/400_440/media/Xa6Pn88tiF4_s0000234914_e0000236958.mp4,tier1,cuda,nvenc,cutfix_full_tier1_20260729_01
Xa6Pn88tiF4_s0000237154_e0000239998,Xa6Pn88tiF4,237.154,239.998,2.844,1.0,1.0,-0.85,/kaggle/working/cut_cutfix_full_tier1_20260729_01/tier1/400_440/media/Xa6Pn88tiF4_s0000237154_e0000239998.mp4,tier1,cuda,nvenc,cutfix_full_tier1_20260729_01
Xa6Pn88tiF4_s0000243042_e0000246206,Xa6Pn88tiF4,243.042,246.206,3.164,1.0,1.0,-1.02,/kaggle/working/cut_cutfix_full_tier1_20260729_01/tier1/400_440/media/Xa6Pn88tiF4_s0000243042_e0000246206.mp4,tier1,cuda,nvenc,cutfix_full_tier1_20260729_01
Xa6Pn88tiF4_s0000247362_e0000249534,Xa6Pn88tiF4,247.362,249.534,2.172,1.0,1.0,-0.02,/kaggle/working/cut_cutfix_full_tier1_20260729_01/tier1/400_440/media/Xa6Pn88tiF4_s0000247362_e0000249534.mp4,tier1,cuda,nvenc,cutfix_full_tier1_20260729_01
Xa6Pn88tiF4_s0000256770_e0000261246,Xa6Pn88tiF4,256.77,261.246,4.476,1.0,1.0,0.43,/kaggle/working/cut_cutfix_full_tier1_20260729_01/tier1/400_440/media/Xa6Pn88tiF4_s0000256770_e0000261246.mp4,tier1,cuda,nvenc,cutfix_full_tier1_20260729_01
Xa6Pn88tiF4_s0000261570_e0000263614,Xa6Pn88tiF4,261.57,263.614,2.044,1.0,1.0,-1.3,/kaggle/working/cut_cutfix_full_tier1_20260729_01/tier1/400_440/media/Xa6Pn88tiF4_s0000261570_e0000263614.mp4,tier1,cuda,nvenc,cutfix_full_tier1_20260729_01
Xa6Pn88tiF4_s0000269058_e0000271166,Xa6Pn88tiF4,269.058,271.166,2.108,1.0,1.0,1.17,/kaggle/working/cut_cutfix_full_tier1_20260729_01/tier1/400_440/media/Xa6Pn88tiF4_s0000269058_e0000271166.mp4,tier1,cuda,nvenc,cutfix_full_tier1_20260729_01
Xa6Pn88tiF4_s0000276578_e0000279646,Xa6Pn88tiF4,276.578,279.646,3.068,1.0,1.0,1.7,/kaggle/working/cut_cutfix_full_tier1_20260729_01/tier1/400_440/media/Xa6Pn88tiF4_s0000276578_e0000279646.mp4,tier1,cuda,nvenc,cutfix_full_tier1_20260729_01
Xa6Pn88tiF4_s0000291394_e0000294622,Xa6Pn88tiF4,291.394,294.622,3.228,1.0,1.0,-0.73,/kaggle/working/cut_cutfix_full_tier1_20260729_01/tier1/400_440/media/Xa6Pn88tiF4_s0000291394_e0000294622.mp4,tier1,cuda,nvenc,cutfix_full_tier1_20260729_01
Xa6Pn88tiF4_s0000297058_e0000300126,Xa6Pn88tiF4,297.058,300.126,3.068,1.0,1.0,0.9,/kaggle/working/cut_cutfix_full_tier1_20260729_01/tier1/400_440/media/Xa6Pn88tiF4_s0000297058_e0000300126.mp4,tier1,cuda,nvenc,cutfix_full_tier1_20260729_01
Xa6Pn88tiF4_s0000303490_e0000307230,Xa6Pn88tiF4,303.49,307.23,3.74,1.0,1.0,-1.04,/kaggle/working/cut_cutfix_full_tier1_20260729_01/tier1/400_440/media/Xa6Pn88tiF4_s0000303490_e0000307230.mp4,tier1,cuda,nvenc,cutfix_full_tier1_20260729_01
Xa6Pn88tiF4_s0000309186_e0000312510,Xa6Pn88tiF4,309.186,312.51,3.324,1.0,1.0,1.88,/kaggle/working/cut_cutfix_full_tier1_20260729_01/tier1/400_440/media/Xa6Pn88tiF4_s0000309186_e0000312510.mp4,tier1,cuda,nvenc,cutfix_full_tier1_20260729_01
Xa6Pn88tiF4_s0000312770_e0000316606,Xa6Pn88tiF4,312.77,316.606,3.836,1.0,1.0,1.47,/kaggle/working/cut_cutfix_full_tier1_20260729_01/tier1/400_440/media/Xa6Pn88tiF4_s0000312770_e0000316606.mp4,tier1,cuda,nvenc,cutfix_full_tier1_20260729_01
Xa6Pn88tiF4_s0000316770_e0000322430,Xa6Pn88tiF4,316.77,322.43,5.66,1.0,1.0,1.93,/kaggle/working/cut_cutfix_full_tier1_20260729_01/tier1/400_440/media/Xa6Pn88tiF4_s0000316770_e0000322430.mp4,tier1,cuda,nvenc,cutfix_full_tier1_20260729_01
Xa6Pn88tiF4_s0000323650_e0000326974,Xa6Pn88tiF4,323.65,326.974,3.324,1.0,1.0,-0.25,/kaggle/working/cut_cutfix_full_tier1_20260729_01/tier1/400_440/media/Xa6Pn88tiF4_s0000323650_e0000326974.mp4,tier1,cuda,nvenc,cutfix_full_tier1_20260729_01
Xa6Pn88tiF4_s0000327426_e0000329566,Xa6Pn88tiF4,327.426,329.566,2.14,1.0,1.0,0.86,/kaggle/working/cut_cutfix_full_tier1_20260729_01/tier1/400_440/media/Xa6Pn88tiF4_s0000327426_e0000329566.mp4,tier1,cuda,nvenc,cutfix_full_tier1_20260729_01
Xa6Pn88tiF4_s0000336002_e0000342366,Xa6Pn88tiF4,336.002,342.366,6.364,1.0,1.0,-0.34,/kaggle/working/cut_cutfix_full_tier1_20260729_01/tier1/400_440/media/Xa6Pn88tiF4_s0000336002_e0000342366.mp4,tier1,cuda,nvenc,cutfix_full_tier1_20260729_01
Xa6Pn88tiF4_s0000344770_e0000347038,Xa6Pn88tiF4,344.77,347.038,2.268,1.0,1.0,-1.67,/kaggle/working/cut_cutfix_full_tier1_20260729_01/tier1/400_440/media/Xa6Pn88tiF4_s0000344770_e0000347038.mp4,tier1,cuda,nvenc,cutfix_full_tier1_20260729_01
Xa6Pn88tiF4_s0000348386_e0000355742,Xa6Pn88tiF4,348.386,355.742,7.356,1.0,1.0,1.53,/kaggle/working/cut_cutfix_full_tier1_20260729_01/tier1/400_440/media/Xa6Pn88tiF4_s0000348386_e0000355742.mp4,tier1,cuda,nvenc,cutfix_full_tier1_20260729_01
Xa6Pn88tiF4_s0000358306_e0000361150,Xa6Pn88tiF4,358.306,361.15,2.844,1.0,1.0,1.49,/kaggle/working/cut_cutfix_full_tier1_20260729_01/tier1/400_440/media/Xa6Pn88tiF4_s0000358306_e0000361150.mp4,tier1,cuda,nvenc,cutfix_full_tier1_20260729_01
Xa6Pn88tiF4_s0000361378_e0000363614,Xa6Pn88tiF4,361.378,363.614,2.236,1.0,1.0,-0.79,/kaggle/working/cut_cutfix_full_tier1_20260729_01/tier1/400_440/media/Xa6Pn88tiF4_s0000361378_e0000363614.mp4,tier1,cuda,nvenc,cutfix_full_tier1_20260729_01
Xa6Pn88tiF4_s0000366658_e0000368894,Xa6Pn88tiF4,366.658,368.894,2.236,1.0,1.0,-0.27,/kaggle/working/cut_cutfix_full_tier1_20260729_01/tier1/400_440/media/Xa6Pn88tiF4_s0000366658_e0000368894.mp4,tier1,cuda,nvenc,cutfix_full_tier1_20260729_01
Xa6Pn88tiF4_s0000369314_e0000376062,Xa6Pn88tiF4,369.314,376.062,6.748,1.0,1.0,1.51,/kaggle/working/cut_cutfix_full_tier1_20260729_01/tier1/400_440/media/Xa6Pn88tiF4_s0000369314_e0000376062.mp4,tier1,cuda,nvenc,cutfix_full_tier1_20260729_01
Xa6Pn88tiF4_s0000379618_e0000381918,Xa6Pn88tiF4,379.618,381.918,2.3,1.0,1.0,-0.11,/kaggle/working/cut_cutfix_full_tier1_20260729_01/tier1/400_440/media/Xa6Pn88tiF4_s0000379618_e0000381918.mp4,tier1,cuda,nvenc,cutfix_full_tier1_20260729_01
Xa6Pn88tiF4_s0000387842_e0000393438,Xa6Pn88tiF4,387.842,393.438,5.596,1.0,1.0,1.25,/kaggle/working/cut_cutfix_full_tier1_20260729_01/tier1/400_440/media/Xa6Pn88tiF4_s0000387842_e0000393438.mp4,tier1,cuda,nvenc,cutfix_full_tier1_20260729_01
Xa6Pn88tiF4_s0000393698_e0000398014,Xa6Pn88tiF4,393.698,398.014,4.316,1.0,1.0,-0.06,/kaggle/working/cut_cutfix_full_tier1_20260729_01/tier1/400_440/media/Xa6Pn88tiF4_s0000393698_e0000398014.mp4,tier1,cuda,nvenc,cutfix_full_tier1_20260729_01
Xa6Pn88tiF4_s0000398594_e0000404094,Xa6Pn88tiF4,398.594,404.094,5.5,1.0,1.0,0.29,/kaggle/working/cut_cutfix_full_tier1_20260729_01/tier1/400_440/media/Xa6Pn88tiF4_s0000398594_e0000404094.mp4,tier1,cuda,nvenc,cutfix_full_tier1_20260729_01
Xa6Pn88tiF4_s0000406402_e0000410142,Xa6Pn88tiF4,406.402,410.142,3.74,1.0,1.0,-0.25,/kaggle/working/cut_cutfix_full_tier1_20260729_01/tier1/400_440/media/Xa6Pn88tiF4_s0000406402_e0000410142.mp4,tier1,cuda,nvenc,cutfix_full_tier1_20260729_01
Xa6Pn88tiF4_s0000410370_e0000413726,Xa6Pn88tiF4,410.37,413.726,3.356,1.0,1.0,1.95,/kaggle/working/cut_cutfix_full_tier1_20260729_01/tier1/400_440/media/Xa6Pn88tiF4_s0000410370_e0000413726.mp4,tier1,cuda,nvenc,cutfix_full_tier1_20260729_01
Xa6Pn88tiF4_s0000416386_e0000423262,Xa6Pn88tiF4,416.386,423.262,6.876,1.0,1.0,1.94,/kaggle/working/cut_cutfix_full_tier1_20260729_01/tier1/400_440/media/Xa6Pn88tiF4_s0000416386_e0000423262.mp4,tier1,cuda,nvenc,cutfix_full_tier1_20260729_01
Xa6Pn88tiF4_s0000426146_e0000428702,Xa6Pn88tiF4,426.146,428.702,2.556,1.0,1.0,-1.78,/kaggle/working/cut_cutfix_full_tier1_20260729_01/tier1/400_440/media/Xa6Pn88tiF4_s0000426146_e0000428702.mp4,tier1,cuda,nvenc,cutfix_full_tier1_20260729_01
Xa6Pn88tiF4_s0000429762_e0000437470,Xa6Pn88tiF4,429.762,437.47,7.708,1.0,1.0,0.24,/kaggle/working/cut_cutfix_full_tier1_20260729_01/tier1/400_440/media/Xa6Pn88tiF4_s0000429762_e0000437470.mp4,tier1,cuda,nvenc,cutfix_full_tier1_20260729_01
Xa6Pn88tiF4_s0000441826_e0000447102,Xa6Pn88tiF4,441.826,447.102,5.276,1.0,1.0,1.26,/kaggle/working/cut_cutfix_full_tier1_20260729_01/tier1/400_440/media/Xa6Pn88tiF4_s0000441826_e0000447102.mp4,tier1,cuda,nvenc,cutfix_full_tier1_20260729_01
Xa6Pn88tiF4_s0000455074_e0000457950,Xa6Pn88tiF4,455.074,457.95,2.876,1.0,1.0,0.54,/kaggle/working/cut_cutfix_full_tier1_20260729_01/tier1/400_440/media/Xa6Pn88tiF4_s0000455074_e0000457950.mp4,tier1,cuda,nvenc,cutfix_full_tier1_20260729_01
Xa6Pn88tiF4_s0000461474_e0000464414,Xa6Pn88tiF4,461.474,464.414,2.94,1.0,1.0,-0.84,/kaggle/working/cut_cutfix_full_tier1_20260729_01/tier1/400_440/media/Xa6Pn88tiF4_s0000461474_e0000464414.mp4,tier1,cuda,nvenc,cutfix_full_tier1_20260729_01
Xa6Pn88tiF4_s0000465922_e0000469150,Xa6Pn88tiF4,465.922,469.15,3.228,1.0,1.0,2.2,/kaggle/working/cut_cutfix_full_tier1_20260729_01/tier1/400_440/media/Xa6Pn88tiF4_s0000465922_e0000469150.mp4,tier1,cuda,nvenc,cutfix_full_tier1_20260729_01
Xa6Pn88tiF4_s0000472290_e0000476062,Xa6Pn88tiF4,472.29,476.062,3.772,1.0,1.0,0.61,/kaggle/working/cut_cutfix_full_tier1_20260729_01/tier1/400_440/media/Xa6Pn88tiF4_s0000472290_e0000476062.mp4,tier1,cuda,nvenc,cutfix_full_tier1_20260729_01
Xa6Pn88tiF4_s0000476642_e0000480254,Xa6Pn88tiF4,476.642,480.254,3.612,1.0,1.0,0.94,/kaggle/working/cut_cutfix_full_tier1_20260729_01/tier1/400_440/media/Xa6Pn88tiF4_s0000476642_e0000480254.mp4,tier1,cuda,nvenc,cutfix_full_tier1_20260729_01
Xa6Pn88tiF4_s0000483778_e0000485790,Xa6Pn88tiF4,483.778,485.79,2.012,1.0,1.0,0.85,/kaggle/working/cut_cutfix_full_tier1_20260729_01/tier1/400_440/media/Xa6Pn88tiF4_s0000483778_e0000485790.mp4,tier1,cuda,nvenc,cutfix_full_tier1_20260729_01
Xa6Pn88tiF4_s0000485890_e0000488670,Xa6Pn88tiF4,485.89,488.67,2.78,1.0,1.0,0.66,/kaggle/working/cut_cutfix_full_tier1_20260729_01/tier1/400_440/media/Xa6Pn88tiF4_s0000485890_e0000488670.mp4,tier1,cuda,nvenc,cutfix_full_tier1_20260729_01
Xa6Pn88tiF4_s0000490178_e0000495678,Xa6Pn88tiF4,490.178,495.678,5.5,1.0,1.0,-0.91,/kaggle/working/cut_cutfix_full_tier1_20260729_01/tier1/400_440/media/Xa6Pn88tiF4_s0000490178_e0000495678.mp4,tier1,cuda,nvenc,cutfix_full_tier1_20260729_01
Xa6Pn88tiF4_s0000496258_e0000499006,Xa6Pn88tiF4,496.258,499.006,2.748,1.0,1.0,0.32,/kaggle/working/cut_cutfix_full_tier1_20260729_01/tier1/400_440/media/Xa6Pn88tiF4_s0000496258_e0000499006.mp4,tier1,cuda,nvenc,cutfix_full_tier1_20260729_01
Xa6Pn88tiF4_s0000499330_e0000501822,Xa6Pn88tiF4,499.33,501.822,2.492,1.0,1.0,1.32,/kaggle/working/cut_cutfix_full_tier1_20260729_01/tier1/400_440/media/Xa6Pn88tiF4_s0000499330_e0000501822.mp4,tier1,cuda,nvenc,cutfix_full_tier1_20260729_01
Xa6Pn88tiF4_s0000506530_e0000510974,Xa6Pn88tiF4,506.53,510.974,4.444,1.0,1.0,-1.43,/kaggle/working/cut_cutfix_full_tier1_20260729_01/tier1/400_440/media/Xa6Pn88tiF4_s0000506530_e0000510974.mp4,tier1,cuda,nvenc,cutfix_full_tier1_20260729_01
Xa6Pn88tiF4_s0000513122_e0000516542,Xa6Pn88tiF4,513.122,516.542,3.42,1.0,1.0,0.87,/kaggle/working/cut_cutfix_full_tier1_20260729_01/tier1/400_440/media/Xa6Pn88tiF4_s0000513122_e0000516542.mp4,tier1,cuda,nvenc,cutfix_full_tier1_20260729_01
Xa6Pn88tiF4_s0000520834_e0000523742,Xa6Pn88tiF4,520.834,523.742,2.908,1.0,1.0,-0.33,/kaggle/working/cut_cutfix_full_tier1_20260729_01/tier1/400_440/media/Xa6Pn88tiF4_s0000520834_e0000523742.mp4,tier1,cuda,nvenc,cutfix_full_tier1_20260729_01
Xa6Pn88tiF4_s0000527042_e0000530334,Xa6Pn88tiF4,527.042,530.334,3.292,1.0,1.0,1.79,/kaggle/working/cut_cutfix_full_tier1_20260729_01/tier1/400_440/media/Xa6Pn88tiF4_s0000527042_e0000530334.mp4,tier1,cuda,nvenc,cutfix_full_tier1_20260729_01
Xa6Pn88tiF4_s0000531810_e0000536542,Xa6Pn88tiF4,531.81,536.542,4.732,1.0,1.0,0.98,/kaggle/working/cut_cutfix_full_tier1_20260729_01/tier1/400_440/media/Xa6Pn88tiF4_s0000531810_e0000536542.mp4,tier1,cuda,nvenc,cutfix_full_tier1_20260729_01
Xa6Pn88tiF4_s0000537026_e0000539966,Xa6Pn88tiF4,537.026,539.966,2.94,1.0,1.0,0.31,/kaggle/working/cut_cutfix_full_tier1_20260729_01/tier1/400_440/media/Xa6Pn88tiF4_s0000537026_e0000539966.mp4,tier1,cuda,nvenc,cutfix_full_tier1_20260729_01
Xa6Pn88tiF4_s0000551394_e0000554526,Xa6Pn88tiF4,551.394,554.526,3.132,1.0,1.0,0.59,/kaggle/working/cut_cutfix_full_tier1_20260729_01/tier1/400_440/media/Xa6Pn88tiF4_s0000551394_e0000554526.mp4,tier1,cuda,nvenc,cutfix_full_tier1_20260729_01
Xa6Pn88tiF4_s0000560354_e0000562942,Xa6Pn88tiF4,560.354,562.942,2.588,1.0,1.0,1.64,/kaggle/working/cut_cutfix_full_tier1_20260729_01/tier1/400_440/media/Xa6Pn88tiF4_s0000560354_e0000562942.mp4,tier1,cuda,nvenc,cutfix_full_tier1_20260729_01
Xa6Pn88tiF4_s0000566338_e0000568830,Xa6Pn88tiF4,566.338,568.83,2.492,1.0,1.0,0.38,/kaggle/working/cut_cutfix_full_tier1_20260729_01/tier1/400_440/media/Xa6Pn88tiF4_s0000566338_e0000568830.mp4,tier1,cuda,nvenc,cutfix_full_tier1_20260729_01
Xa6Pn88tiF4_s0000585250_e0000588126,Xa6Pn88tiF4,585.25,588.126,2.876,1.0,1.0,-7.01,/kaggle/working/cut_cutfix_full_tier1_20260729_01/tier1/400_440/media/Xa6Pn88tiF4_s0000585250_e0000588126.mp4,tier1,cuda,nvenc,cutfix_full_tier1_20260729_01
Xa6Pn88tiF4_s0000591202_e0000594526,Xa6Pn88tiF4,591.202,594.526,3.324,1.0,1.0,1.15,/kaggle/working/cut_cutfix_full_tier1_20260729_01/tier1/400_440/media/Xa6Pn88tiF4_s0000591202_e0000594526.mp4,tier1,cuda,nvenc,cutfix_full_tier1_20260729_01
Xa6Pn88tiF4_s0000596834_e0000598910,Xa6Pn88tiF4,596.834,598.91,2.076,1.0,1.0,-1.37,/kaggle/working/cut_cutfix_full_tier1_20260729_01/tier1/400_440/media/Xa6Pn88tiF4_s0000596834_e0000598910.mp4,tier1,cuda,nvenc,cutfix_full_tier1_20260729_01
Xa6Pn88tiF4_s0000615938_e0000621822,Xa6Pn88tiF4,615.938,621.822,5.884,1.0,1.0,0.69,/kaggle/working/cut_cutfix_full_tier1_20260729_01/tier1/400_440/media/Xa6Pn88tiF4_s0000615938_e0000621822.mp4,tier1,cuda,nvenc,cutfix_full_tier1_20260729_01
Xa6Pn88tiF4_s0000624194_e0000629950,Xa6Pn88tiF4,624.194,629.95,5.756,1.0,1.0,1.4,/kaggle/working/cut_cutfix_full_tier1_20260729_01/tier1/400_440/media/Xa6Pn88tiF4_s0000624194_e0000629950.mp4,tier1,cuda,nvenc,cutfix_full_tier1_20260729_01
Xa6Pn88tiF4_s0000637890_e0000640350,Xa6Pn88tiF4,637.89,640.35,2.46,1.0,1.0,1.3,/kaggle/working/cut_cutfix_full_tier1_20260729_01/tier1/400_440/media/Xa6Pn88tiF4_s0000637890_e0000640350.mp4,tier1,cuda,nvenc,cutfix_full_tier1_20260729_01
Xa6Pn88tiF4_s0000640610_e0000644094,Xa6Pn88tiF4,640.61,644.094,3.484,1.0,1.0,-0.18,/kaggle/working/cut_cutfix_full_tier1_20260729_01/tier1/400_440/media/Xa6Pn88tiF4_s0000640610_e0000644094.mp4,tier1,cuda,nvenc,cutfix_full_tier1_20260729_01
Xigg3vUV2Gw_s0000013346_e0000017694,Xigg3vUV2Gw,13.346,17.694,4.348,1.0,1.0,11.3,/kaggle/working/cut_cutfix_full_tier1_20260729_01/tier1/400_440/media/Xigg3vUV2Gw_s0000013346_e0000017694.mp4,tier1,cuda,nvenc,cutfix_full_tier1_20260729_01
Xigg3vUV2Gw_s0000017794_e0000020606,Xigg3vUV2Gw,17.794,20.606,2.812,1.0,1.0,12.38,/kaggle/working/cut_cutfix_full_tier1_20260729_01/tier1/400_440/media/Xigg3vUV2Gw_s0000017794_e0000020606.mp4,tier1,cuda,nvenc,cutfix_full_tier1_20260729_01
Xigg3vUV2Gw_s0000026434_e0000028446,Xigg3vUV2Gw,26.434,28.446,2.012,1.0,1.0,11.54,/kaggle/working/cut_cutfix_full_tier1_20260729_01/tier1/400_440/media/Xigg3vUV2Gw_s0000026434_e0000028446.mp4,tier1,cuda,nvenc,cutfix_full_tier1_20260729_01
Xigg3vUV2Gw_s0000038754_e0000041630,Xigg3vUV2Gw,38.754,41.63,2.876,1.0,1.0,12.35,/kaggle/working/cut_cutfix_full_tier1_20260729_01/tier1/400_440/media/Xigg3vUV2Gw_s0000038754_e0000041630.mp4,tier1,cuda,nvenc,cutfix_full_tier1_20260729_01
Xigg3vUV2Gw_s0000054690_e0000061438,Xigg3vUV2Gw,54.69,61.438,6.748,1.0,1.0,11.78,/kaggle/working/cut_cutfix_full_tier1_20260729_01/tier1/400_440/media/Xigg3vUV2Gw_s0000054690_e0000061438.mp4,tier1,cuda,nvenc,cutfix_full_tier1_20260729_01
Xigg3vUV2Gw_s0000061698_e0000065662,Xigg3vUV2Gw,61.698,65.662,3.964,1.0,1.0,11.57,/kaggle/working/cut_cutfix_full_tier1_20260729_01/tier1/400_440/media/Xigg3vUV2Gw_s0000061698_e0000065662.mp4,tier1,cuda,nvenc,cutfix_full_tier1_20260729_01
Xigg3vUV2Gw_s0000065826_e0000068798,Xigg3vUV2Gw,65.826,68.798,2.972,1.0,1.0,12.05,/kaggle/working/cut_cutfix_full_tier1_20260729_01/tier1/400_440/media/Xigg3vUV2Gw_s0000065826_e0000068798.mp4,tier1,cuda,nvenc,cutfix_full_tier1_20260729_01
Xigg3vUV2Gw_s0000069186_e0000072062,Xigg3vUV2Gw,69.186,72.062,2.876,1.0,1.0,10.83,/kaggle/working/cut_cutfix_full_tier1_20260729_01/tier1/400_440/media/Xigg3vUV2Gw_s0000069186_e0000072062.mp4,tier1,cuda,nvenc,cutfix_full_tier1_20260729_01
Xigg3vUV2Gw_s0000085858_e0000088574,Xigg3vUV2Gw,85.858,88.574,2.716,1.0,1.0,12.27,/kaggle/working/cut_cutfix_full_tier1_20260729_01/tier1/400_440/media/Xigg3vUV2Gw_s0000085858_e0000088574.mp4,tier1,cuda,nvenc,cutfix_full_tier1_20260729_01
Xigg3vUV2Gw_s0000099746_e0000102270,Xigg3vUV2Gw,99.746,102.27,2.524,1.0,1.0,11.72,/kaggle/working/cut_cutfix_full_tier1_20260729_01/tier1/400_440/media/Xigg3vUV2Gw_s0000099746_e0000102270.mp4,tier1,cuda,nvenc,cutfix_full_tier1_20260729_01
Xigg3vUV2Gw_s0000102786_e0000104798,Xigg3vUV2Gw,102.786,104.798,2.012,1.0,1.0,13.12,/kaggle/working/cut_cutfix_full_tier1_20260729_01/tier1/400_440/media/Xigg3vUV2Gw_s0000102786_e0000104798.mp4,tier1,cuda,nvenc,cutfix_full_tier1_20260729_01
Xigg3vUV2Gw_s0000110562_e0000112734,Xigg3vUV2Gw,110.562,112.734,2.172,1.0,1.0,12.02,/kaggle/working/cut_cutfix_full_tier1_20260729_01/tier1/400_440/media/Xigg3vUV2Gw_s0000110562_e0000112734.mp4,tier1,cuda,nvenc,cutfix_full_tier1_20260729_01
Xigg3vUV2Gw_s0000123106_e0000125726,Xigg3vUV2Gw,123.106,125.726,2.62,1.0,1.0,11.52,/kaggle/working/cut_cutfix_full_tier1_20260729_01/tier1/400_440/media/Xigg3vUV2Gw_s0000123106_e0000125726.mp4,tier1,cuda,nvenc,cutfix_full_tier1_20260729_01
Xigg3vUV2Gw_s0000131426_e0000133822,Xigg3vUV2Gw,131.426,133.822,2.396,1.0,1.0,10.48,/kaggle/working/cut_cutfix_full_tier1_20260729_01/tier1/400_440/media/Xigg3vUV2Gw_s0000131426_e0000133822.mp4,tier1,cuda,nvenc,cutfix_full_tier1_20260729_01
Xigg3vUV2Gw_s0000153314_e0000156222,Xigg3vUV2Gw,153.314,156.222,2.908,1.0,1.0,11.43,/kaggle/working/cut_cutfix_full_tier1_20260729_01/tier1/400_440/media/Xigg3vUV2Gw_s0000153314_e0000156222.mp4,tier1,cuda,nvenc,cutfix_full_tier1_20260729_01
Xigg3vUV2Gw_s0000160162_e0000163774,Xigg3vUV2Gw,160.162,163.774,3.612,1.0,1.0,11.35,/kaggle/working/cut_cutfix_full_tier1_20260729_01/tier1/400_440/media/Xigg3vUV2Gw_s0000160162_e0000163774.mp4,tier1,cuda,nvenc,cutfix_full_tier1_20260729_01
Xigg3vUV2Gw_s0000164002_e0000166174,Xigg3vUV2Gw,164.002,166.174,2.172,1.0,1.0,11.29,/kaggle/working/cut_cutfix_full_tier1_20260729_01/tier1/400_440/media/Xigg3vUV2Gw_s0000164002_e0000166174.mp4,tier1,cuda,nvenc,cutfix_full_tier1_20260729_01
Xigg3vUV2Gw_s0000168354_e0000170398,Xigg3vUV2Gw,168.354,170.398,2.044,1.0,1.0,11.32,/kaggle/working/cut_cutfix_full_tier1_20260729_01/tier1/400_440/media/Xigg3vUV2Gw_s0000168354_e0000170398.mp4,tier1,cuda,nvenc,cutfix_full_tier1_20260729_01
Xigg3vUV2Gw_s0000170818_e0000172894,Xigg3vUV2Gw,170.818,172.894,2.076,1.0,1.0,11.92,/kaggle/working/cut_cutfix_full_tier1_20260729_01/tier1/400_440/media/Xigg3vUV2Gw_s0000170818_e0000172894.mp4,tier1,cuda,nvenc,cutfix_full_tier1_20260729_01
Xigg3vUV2Gw_s0000175074_e0000177374,Xigg3vUV2Gw,175.074,177.374,2.3,1.0,1.0,11.89,/kaggle/working/cut_cutfix_full_tier1_20260729_01/tier1/400_440/media/Xigg3vUV2Gw_s0000175074_e0000177374.mp4,tier1,cuda,nvenc,cutfix_full_tier1_20260729_01
Xigg3vUV2Gw_s0000194722_e0000197150,Xigg3vUV2Gw,194.722,197.15,2.428,1.0,1.0,11.19,/kaggle/working/cut_cutfix_full_tier1_20260729_01/tier1/400_440/media/Xigg3vUV2Gw_s0000194722_e0000197150.mp4,tier1,cuda,nvenc,cutfix_full_tier1_20260729_01
Xigg3vUV2Gw_s0000197282_e0000199806,Xigg3vUV2Gw,197.282,199.806,2.524,1.0,1.0,11.53,/kaggle/working/cut_cutfix_full_tier1_20260729_01/tier1/400_440/media/Xigg3vUV2Gw_s0000197282_e0000199806.mp4,tier1,cuda,nvenc,cutfix_full_tier1_20260729_01
Xigg3vUV2Gw_s0000203042_e0000205886,Xigg3vUV2Gw,203.042,205.886,2.844,1.0,1.0,11.88,/kaggle/working/cut_cutfix_full_tier1_20260729_01/tier1/400_440/media/Xigg3vUV2Gw_s0000203042_e0000205886.mp4,tier1,cuda,nvenc,cutfix_full_tier1_20260729_01
Xigg3vUV2Gw_s0000208738_e0000216446,Xigg3vUV2Gw,208.738,216.446,7.708,1.0,1.0,11.82,/kaggle/working/cut_cutfix_full_tier1_20260729_01/tier1/400_440/media/Xigg3vUV2Gw_s0000208738_e0000216446.mp4,tier1,cuda,nvenc,cutfix_full_tier1_20260729_01
Xigg3vUV2Gw_s0000230946_e0000234238,Xigg3vUV2Gw,230.946,234.238,3.292,1.0,1.0,11.72,/kaggle/working/cut_cutfix_full_tier1_20260729_01/tier1/400_440/media/Xigg3vUV2Gw_s0000230946_e0000234238.mp4,tier1,cuda,nvenc,cutfix_full_tier1_20260729_01
Xigg3vUV2Gw_s0000234562_e0000236734,Xigg3vUV2Gw,234.562,236.734,2.172,1.0,1.0,12.5,/kaggle/working/cut_cutfix_full_tier1_20260729_01/tier1/400_440/media/Xigg3vUV2Gw_s0000234562_e0000236734.mp4,tier1,cuda,nvenc,cutfix_full_tier1_20260729_01
Xigg3vUV2Gw_s0000241282_e0000243454,Xigg3vUV2Gw,241.282,243.454,2.172,1.0,1.0,11.63,/kaggle/working/cut_cutfix_full_tier1_20260729_01/tier1/400_440/media/Xigg3vUV2Gw_s0000241282_e0000243454.mp4,tier1,cuda,nvenc,cutfix_full_tier1_20260729_01
Xigg3vUV2Gw_s0000243554_e0000245662,Xigg3vUV2Gw,243.554,245.662,2.108,1.0,1.0,10.8,/kaggle/working/cut_cutfix_full_tier1_20260729_01/tier1/400_440/media/Xigg3vUV2Gw_s0000243554_e0000245662.mp4,tier1,cuda,nvenc,cutfix_full_tier1_20260729_01
Xigg3vUV2Gw_s0000270946_e0000274526,Xigg3vUV2Gw,270.946,274.526,3.58,0.75,1.0,11.31,/kaggle/working/cut_cutfix_full_tier1_20260729_01/tier1/400_440/media/Xigg3vUV2Gw_s0000270946_e0000274526.mp4,tier1,cuda,nvenc,cutfix_full_tier1_20260729_01
Xigg3vUV2Gw_s0000280162_e0000285054,Xigg3vUV2Gw,280.162,285.054,4.892,1.0,1.0,10.61,/kaggle/working/cut_cutfix_full_tier1_20260729_01/tier1/400_440/media/Xigg3vUV2Gw_s0000280162_e0000285054.mp4,tier1,cuda,nvenc,cutfix_full_tier1_20260729_01
Xigg3vUV2Gw_s0000416002_e0000419614,Xigg3vUV2Gw,416.002,419.614,3.612,1.0,1.0,11.17,/kaggle/working/cut_cutfix_full_tier1_20260729_01/tier1/400_440/media/Xigg3vUV2Gw_s0000416002_e0000419614.mp4,tier1,cuda,nvenc,cutfix_full_tier1_20260729_01
Xigg3vUV2Gw_s0000477634_e0000481150,Xigg3vUV2Gw,477.634,481.15,3.516,1.0,1.0,12.07,/kaggle/working/cut_cutfix_full_tier1_20260729_01/tier1/400_440/media/Xigg3vUV2Gw_s0000477634_e0000481150.mp4,tier1,cuda,nvenc,cutfix_full_tier1_20260729_01
Xigg3vUV2Gw_s0000514306_e0000519166,Xigg3vUV2Gw,514.306,519.166,4.86,1.0,1.0,11.64,/kaggle/working/cut_cutfix_full_tier1_20260729_01/tier1/400_440/media/Xigg3vUV2Gw_s0000514306_e0000519166.mp4,tier1,cuda,nvenc,cutfix_full_tier1_20260729_01
Xigg3vUV2Gw_s0000519490_e0000523134,Xigg3vUV2Gw,519.49,523.134,3.644,1.0,1.0,11.48,/kaggle/working/cut_cutfix_full_tier1_20260729_01/tier1/400_440/media/Xigg3vUV2Gw_s0000519490_e0000523134.mp4,tier1,cuda,nvenc,cutfix_full_tier1_20260729_01
Xigg3vUV2Gw_s0000552642_e0000560574,Xigg3vUV2Gw,552.642,560.574,7.932,0.75,1.0,11.47,/kaggle/working/cut_cutfix_full_tier1_20260729_01/tier1/400_440/media/Xigg3vUV2Gw_s0000552642_e0000560574.mp4,tier1,cuda,nvenc,cutfix_full_tier1_20260729_01
Xigg3vUV2Gw_s0000565826_e0000570398,Xigg3vUV2Gw,565.826,570.398,4.572,0.8,1.0,12.4,/kaggle/working/cut_cutfix_full_tier1_20260729_01/tier1/400_440/media/Xigg3vUV2Gw_s0000565826_e0000570398.mp4,tier1,cuda,nvenc,cutfix_full_tier1_20260729_01
Xigg3vUV2Gw_s0000570562_e0000575678,Xigg3vUV2Gw,570.562,575.678,5.116,1.0,1.0,11.58,/kaggle/working/cut_cutfix_full_tier1_20260729_01/tier1/400_440/media/Xigg3vUV2Gw_s0000570562_e0000575678.mp4,tier1,cuda,nvenc,cutfix_full_tier1_20260729_01
Xigg3vUV2Gw_s0000586978_e0000593726,Xigg3vUV2Gw,586.978,593.726,6.748,0.857,1.0,11.83,/kaggle/working/cut_cutfix_full_tier1_20260729_01/tier1/400_440/media/Xigg3vUV2Gw_s0000586978_e0000593726.mp4,tier1,cuda,nvenc,cutfix_full_tier1_20260729_01
Xigg3vUV2Gw_s0000593826_e0000597246,Xigg3vUV2Gw,593.826,597.246,3.42,1.0,1.0,11.77,/kaggle/working/cut_cutfix_full_tier1_20260729_01/tier1/400_440/media/Xigg3vUV2Gw_s0000593826_e0000597246.mp4,tier1,cuda,nvenc,cutfix_full_tier1_20260729_01
Xigg3vUV2Gw_s0000597442_e0000600638,Xigg3vUV2Gw,597.442,600.638,3.196,1.0,1.0,11.32,/kaggle/working/cut_cutfix_full_tier1_20260729_01/tier1/400_440/media/Xigg3vUV2Gw_s0000597442_e0000600638.mp4,tier1,cuda,nvenc,cutfix_full_tier1_20260729_01
Xigg3vUV2Gw_s0000613122_e0000615934,Xigg3vUV2Gw,613.122,615.934,2.812,1.0,1.0,10.32,/kaggle/working/cut_cutfix_full_tier1_20260729_01/tier1/400_440/media/Xigg3vUV2Gw_s0000613122_e0000615934.mp4,tier1,cuda,nvenc,cutfix_full_tier1_20260729_01
Xigg3vUV2Gw_s0000616098_e0000620030,Xigg3vUV2Gw,616.098,620.03,3.932,1.0,1.0,11.34,/kaggle/working/cut_cutfix_full_tier1_20260729_01/tier1/400_440/media/Xigg3vUV2Gw_s0000616098_e0000620030.mp4,tier1,cuda,nvenc,cutfix_full_tier1_20260729_01
Xigg3vUV2Gw_s0000620162_e0000624222,Xigg3vUV2Gw,620.162,624.222,4.06,1.0,1.0,11.8,/kaggle/working/cut_cutfix_full_tier1_20260729_01/tier1/400_440/media/Xigg3vUV2Gw_s0000620162_e0000624222.mp4,tier1,cuda,nvenc,cutfix_full_tier1_20260729_01
Xigg3vUV2Gw_s0000638466_e0000641918,Xigg3vUV2Gw,638.466,641.918,3.452,1.0,1.0,11.06,/kaggle/working/cut_cutfix_full_tier1_20260729_01/tier1/400_440/media/Xigg3vUV2Gw_s0000638466_e0000641918.mp4,tier1,cuda,nvenc,cutfix_full_tier1_20260729_01
Xigg3vUV2Gw_s0000642178_e0000645822,Xigg3vUV2Gw,642.178,645.822,3.644,1.0,1.0,11.71,/kaggle/working/cut_cutfix_full_tier1_20260729_01/tier1/400_440/media/Xigg3vUV2Gw_s0000642178_e0000645822.mp4,tier1,cuda,nvenc,cutfix_full_tier1_20260729_01
Xigg3vUV2Gw_s0000660482_e0000667230,Xigg3vUV2Gw,660.482,667.23,6.748,0.714,1.0,11.45,/kaggle/working/cut_cutfix_full_tier1_20260729_01/tier1/400_440/media/Xigg3vUV2Gw_s0000660482_e0000667230.mp4,tier1,cuda,nvenc,cutfix_full_tier1_20260729_01
Xigg3vUV2Gw_s0000688770_e0000692734,Xigg3vUV2Gw,688.77,692.734,3.964,1.0,1.0,12.64,/kaggle/working/cut_cutfix_full_tier1_20260729_01/tier1/400_440/media/Xigg3vUV2Gw_s0000688770_e0000692734.mp4,tier1,cuda,nvenc,cutfix_full_tier1_20260729_01
Xigg3vUV2Gw_s0000736706_e0000741918,Xigg3vUV2Gw,736.706,741.918,5.212,0.8,1.0,11.95,/kaggle/working/cut_cutfix_full_tier1_20260729_01/tier1/400_440/media/Xigg3vUV2Gw_s0000736706_e0000741918.mp4,tier1,cuda,nvenc,cutfix_full_tier1_20260729_01
Xigg3vUV2Gw_s0000747746_e0000751262,Xigg3vUV2Gw,747.746,751.262,3.516,1.0,1.0,12.05,/kaggle/working/cut_cutfix_full_tier1_20260729_01/tier1/400_440/media/Xigg3vUV2Gw_s0000747746_e0000751262.mp4,tier1,cuda,nvenc,cutfix_full_tier1_20260729_01
Xigg3vUV2Gw_s0000751522_e0000763038,Xigg3vUV2Gw,751.522,763.038,11.516,0.833,1.0,11.19,/kaggle/working/cut_cutfix_full_tier1_20260729_01/tier1/400_440/media/Xigg3vUV2Gw_s0000751522_e0000763038.mp4,tier1,cuda,nvenc,cutfix_full_tier1_20260729_01
Xigg3vUV2Gw_s0000777346_e0000779422,Xigg3vUV2Gw,777.346,779.422,2.076,1.0,1.0,11.59,/kaggle/working/cut_cutfix_full_tier1_20260729_01/tier1/400_440/media/Xigg3vUV2Gw_s0000777346_e0000779422.mp4,tier1,cuda,nvenc,cutfix_full_tier1_20260729_01
Xigg3vUV2Gw_s0000780034_e0000783870,Xigg3vUV2Gw,780.034,783.87,3.836,1.0,1.0,11.96,/kaggle/working/cut_cutfix_full_tier1_20260729_01/tier1/400_440/media/Xigg3vUV2Gw_s0000780034_e0000783870.mp4,tier1,cuda,nvenc,cutfix_full_tier1_20260729_01
Xigg3vUV2Gw_s0000797154_e0000806366,Xigg3vUV2Gw,797.154,806.366,9.212,1.0,1.0,11.3,/kaggle/working/cut_cutfix_full_tier1_20260729_01/tier1/400_440/media/Xigg3vUV2Gw_s0000797154_e0000806366.mp4,tier1,cuda,nvenc,cutfix_full_tier1_20260729_01
Xigg3vUV2Gw_s0000806562_e0000814078,Xigg3vUV2Gw,806.562,814.078,7.516,0.875,1.0,12.05,/kaggle/working/cut_cutfix_full_tier1_20260729_01/tier1/400_440/media/Xigg3vUV2Gw_s0000806562_e0000814078.mp4,tier1,cuda,nvenc,cutfix_full_tier1_20260729_01
vCoi-ZvkA_c_s0000018530_e0000023530,vCoi-ZvkA_c,18.53,23.53,5.0,1.0,1.0,6.07,/kaggle/working/cut_cutfix_full_tier1_20260729_01/tier1/400_440/media/vCoi-ZvkA_c_s0000018530_e0000023530.mp4,tier1,cuda,nvenc,cutfix_full_tier1_20260729_01
vCoi-ZvkA_c_s0000022530_e0000027530,vCoi-ZvkA_c,22.53,27.53,5.0,0.8,1.0,3.82,/kaggle/working/cut_cutfix_full_tier1_20260729_01/tier1/400_440/media/vCoi-ZvkA_c_s0000022530_e0000027530.mp4,tier1,cuda,nvenc,cutfix_full_tier1_20260729_01
vCoi-ZvkA_c_s0000032162_e0000037534,vCoi-ZvkA_c,32.162,37.534,5.372,1.0,1.0,5.24,/kaggle/working/cut_cutfix_full_tier1_20260729_01/tier1/400_440/media/vCoi-ZvkA_c_s0000032162_e0000037534.mp4,tier1,cuda,nvenc,cutfix_full_tier1_20260729_01
vCoi-ZvkA_c_s0000037954_e0000040478,vCoi-ZvkA_c,37.954,40.478,2.524,1.0,1.0,3.21,/kaggle/working/cut_cutfix_full_tier1_20260729_01/tier1/400_440/media/vCoi-ZvkA_c_s0000037954_e0000040478.mp4,tier1,cuda,nvenc,cutfix_full_tier1_20260729_01
vCoi-ZvkA_c_s0000043810_e0000046750,vCoi-ZvkA_c,43.81,46.75,2.94,1.0,1.0,4.73,/kaggle/working/cut_cutfix_full_tier1_20260729_01/tier1/400_440/media/vCoi-ZvkA_c_s0000043810_e0000046750.mp4,tier1,cuda,nvenc,cutfix_full_tier1_20260729_01
vCoi-ZvkA_c_s0000050594_e0000055594,vCoi-ZvkA_c,50.594,55.594,5.0,1.0,1.0,4.31,/kaggle/working/cut_cutfix_full_tier1_20260729_01/tier1/400_440/media/vCoi-ZvkA_c_s0000050594_e0000055594.mp4,tier1,cuda,nvenc,cutfix_full_tier1_20260729_01
vCoi-ZvkA_c_s0000058594_e0000063594,vCoi-ZvkA_c,58.594,63.594,5.0,1.0,1.0,6.27,/kaggle/working/cut_cutfix_full_tier1_20260729_01/tier1/400_440/media/vCoi-ZvkA_c_s0000058594_e0000063594.mp4,tier1,cuda,nvenc,cutfix_full_tier1_20260729_01
vCoi-ZvkA_c_s0000062594_e0000067230,vCoi-ZvkA_c,62.594,67.23,4.636,1.0,1.0,5.82,/kaggle/working/cut_cutfix_full_tier1_20260729_01/tier1/400_440/media/vCoi-ZvkA_c_s0000062594_e0000067230.mp4,tier1,cuda,nvenc,cutfix_full_tier1_20260729_01
vCoi-ZvkA_c_s0000087298_e0000091102,vCoi-ZvkA_c,87.298,91.102,3.804,1.0,1.0,5.14,/kaggle/working/cut_cutfix_full_tier1_20260729_01/tier1/400_440/media/vCoi-ZvkA_c_s0000087298_e0000091102.mp4,tier1,cuda,nvenc,cutfix_full_tier1_20260729_01
vCoi-ZvkA_c_s0000092098_e0000094654,vCoi-ZvkA_c,92.098,94.654,2.556,1.0,1.0,5.78,/kaggle/working/cut_cutfix_full_tier1_20260729_01/tier1/400_440/media/vCoi-ZvkA_c_s0000092098_e0000094654.mp4,tier1,cuda,nvenc,cutfix_full_tier1_20260729_01
vCoi-ZvkA_c_s0000116962_e0000124446,vCoi-ZvkA_c,116.962,124.446,7.484,1.0,1.0,7.19,/kaggle/working/cut_cutfix_full_tier1_20260729_01/tier1/400_440/media/vCoi-ZvkA_c_s0000116962_e0000124446.mp4,tier1,cuda,nvenc,cutfix_full_tier1_20260729_01
vCoi-ZvkA_c_s0000163266_e0000166494,vCoi-ZvkA_c,163.266,166.494,3.228,1.0,1.0,3.6,/kaggle/working/cut_cutfix_full_tier1_20260729_01/tier1/400_440/media/vCoi-ZvkA_c_s0000163266_e0000166494.mp4,tier1,cuda,nvenc,cutfix_full_tier1_20260729_01
vCoi-ZvkA_c_s0000166658_e0000171998,vCoi-ZvkA_c,166.658,171.998,5.34,1.0,1.0,3.99,/kaggle/working/cut_cutfix_full_tier1_20260729_01/tier1/400_440/media/vCoi-ZvkA_c_s0000166658_e0000171998.mp4,tier1,cuda,nvenc,cutfix_full_tier1_20260729_01
vCoi-ZvkA_c_s0000212578_e0000215294,vCoi-ZvkA_c,212.578,215.294,2.716,1.0,1.0,6.93,/kaggle/working/cut_cutfix_full_tier1_20260729_01/tier1/400_440/media/vCoi-ZvkA_c_s0000212578_e0000215294.mp4,tier1,cuda,nvenc,cutfix_full_tier1_20260729_01
vCoi-ZvkA_c_s0000219490_e0000221534,vCoi-ZvkA_c,219.49,221.534,2.044,1.0,1.0,6.88,/kaggle/working/cut_cutfix_full_tier1_20260729_01/tier1/400_440/media/vCoi-ZvkA_c_s0000219490_e0000221534.mp4,tier1,cuda,nvenc,cutfix_full_tier1_20260729_01
vCoi-ZvkA_c_s0000223618_e0000225950,vCoi-ZvkA_c,223.618,225.95,2.332,1.0,1.0,6.71,/kaggle/working/cut_cutfix_full_tier1_20260729_01/tier1/400_440/media/vCoi-ZvkA_c_s0000223618_e0000225950.mp4,tier1,cuda,nvenc,cutfix_full_tier1_20260729_01
vCoi-ZvkA_c_s0000226210_e0000229022,vCoi-ZvkA_c,226.21,229.022,2.812,1.0,1.0,6.62,/kaggle/working/cut_cutfix_full_tier1_20260729_01/tier1/400_440/media/vCoi-ZvkA_c_s0000226210_e0000229022.mp4,tier1,cuda,nvenc,cutfix_full_tier1_20260729_01
vCoi-ZvkA_c_s0000233346_e0000238346,vCoi-ZvkA_c,233.346,238.346,5.0,1.0,1.0,5.87,/kaggle/working/cut_cutfix_full_tier1_20260729_01/tier1/400_440/media/vCoi-ZvkA_c_s0000233346_e0000238346.mp4,tier1,cuda,nvenc,cutfix_full_tier1_20260729_01
vCoi-ZvkA_c_s0000345474_e0000348190,vCoi-ZvkA_c,345.474,348.19,2.716,1.0,1.0,5.8,/kaggle/working/cut_cutfix_full_tier1_20260729_01/tier1/400_440/media/vCoi-ZvkA_c_s0000345474_e0000348190.mp4,tier1,cuda,nvenc,cutfix_full_tier1_20260729_01
vCoi-ZvkA_c_s0000348450_e0000351614,vCoi-ZvkA_c,348.45,351.614,3.164,1.0,1.0,3.66,/kaggle/working/cut_cutfix_full_tier1_20260729_01/tier1/400_440/media/vCoi-ZvkA_c_s0000348450_e0000351614.mp4,tier1,cuda,nvenc,cutfix_full_tier1_20260729_01
vCoi-ZvkA_c_s0000361602_e0000364990,vCoi-ZvkA_c,361.602,364.99,3.388,1.0,1.0,3.92,/kaggle/working/cut_cutfix_full_tier1_20260729_01/tier1/400_440/media/vCoi-ZvkA_c_s0000361602_e0000364990.mp4,tier1,cuda,nvenc,cutfix_full_tier1_20260729_01
vCoi-ZvkA_c_s0000365186_e0000367262,vCoi-ZvkA_c,365.186,367.262,2.076,1.0,1.0,4.47,/kaggle/working/cut_cutfix_full_tier1_20260729_01/tier1/400_440/media/vCoi-ZvkA_c_s0000365186_e0000367262.mp4,tier1,cuda,nvenc,cutfix_full_tier1_20260729_01
vCoi-ZvkA_c_s0000370306_e0000375326,vCoi-ZvkA_c,370.306,375.326,5.02,1.0,1.0,4.44,/kaggle/working/cut_cutfix_full_tier1_20260729_01/tier1/400_440/media/vCoi-ZvkA_c_s0000370306_e0000375326.mp4,tier1,cuda,nvenc,cutfix_full_tier1_20260729_01
vCoi-ZvkA_c_s0000381602_e0000385374,vCoi-ZvkA_c,381.602,385.374,3.772,1.0,1.0,4.2,/kaggle/working/cut_cutfix_full_tier1_20260729_01/tier1/400_440/media/vCoi-ZvkA_c_s0000381602_e0000385374.mp4,tier1,cuda,nvenc,cutfix_full_tier1_20260729_01
vCoi-ZvkA_c_s0000395522_e0000397726,vCoi-ZvkA_c,395.522,397.726,2.204,1.0,1.0,6.27,/kaggle/working/cut_cutfix_full_tier1_20260729_01/tier1/400_440/media/vCoi-ZvkA_c_s0000395522_e0000397726.mp4,tier1,cuda,nvenc,cutfix_full_tier1_20260729_01
vCoi-ZvkA_c_s0000402626_e0000404766,vCoi-ZvkA_c,402.626,404.766,2.14,1.0,1.0,5.93,/kaggle/working/cut_cutfix_full_tier1_20260729_01/tier1/400_440/media/vCoi-ZvkA_c_s0000402626_e0000404766.mp4,tier1,cuda,nvenc,cutfix_full_tier1_20260729_01
vCoi-ZvkA_c_s0000429378_e0000434378,vCoi-ZvkA_c,429.378,434.378,5.0,1.0,1.0,6.57,/kaggle/working/cut_cutfix_full_tier1_20260729_01/tier1/400_440/media/vCoi-ZvkA_c_s0000429378_e0000434378.mp4,tier1,cuda,nvenc,cutfix_full_tier1_20260729_01
vCoi-ZvkA_c_s0000443426_e0000445598,vCoi-ZvkA_c,443.426,445.598,2.172,1.0,1.0,6.52,/kaggle/working/cut_cutfix_full_tier1_20260729_01/tier1/400_440/media/vCoi-ZvkA_c_s0000443426_e0000445598.mp4,tier1,cuda,nvenc,cutfix_full_tier1_20260729_01
vCoi-ZvkA_c_s0000488226_e0000493226,vCoi-ZvkA_c,488.226,493.226,5.0,1.0,1.0,8.03,/kaggle/working/cut_cutfix_full_tier1_20260729_01/tier1/400_440/media/vCoi-ZvkA_c_s0000488226_e0000493226.mp4,tier1,cuda,nvenc,cutfix_full_tier1_20260729_01
vCoi-ZvkA_c_s0000492226_e0000497226,vCoi-ZvkA_c,492.226,497.226,5.0,1.0,1.0,7.28,/kaggle/working/cut_cutfix_full_tier1_20260729_01/tier1/400_440/media/vCoi-ZvkA_c_s0000492226_e0000497226.mp4,tier1,cuda,nvenc,cutfix_full_tier1_20260729_01
vCoi-ZvkA_c_s0000496226_e0000500830,vCoi-ZvkA_c,496.226,500.83,4.604,1.0,1.0,4.52,/kaggle/working/cut_cutfix_full_tier1_20260729_01/tier1/400_440/media/vCoi-ZvkA_c_s0000496226_e0000500830.mp4,tier1,cuda,nvenc,cutfix_full_tier1_20260729_01
vCoi-ZvkA_c_s0000501058_e0000504094,vCoi-ZvkA_c,501.058,504.094,3.036,1.0,1.0,4.2,/kaggle/working/cut_cutfix_full_tier1_20260729_01/tier1/400_440/media/vCoi-ZvkA_c_s0000501058_e0000504094.mp4,tier1,cuda,nvenc,cutfix_full_tier1_20260729_01
vCoi-ZvkA_c_s0000515266_e0000522238,vCoi-ZvkA_c,515.266,522.238,6.972,1.0,1.0,5.55,/kaggle/working/cut_cutfix_full_tier1_20260729_01/tier1/400_440/media/vCoi-ZvkA_c_s0000515266_e0000522238.mp4,tier1,cuda,nvenc,cutfix_full_tier1_20260729_01
vCoi-ZvkA_c_s0000540866_e0000546398,vCoi-ZvkA_c,540.866,546.398,5.532,0.833,1.0,5.48,/kaggle/working/cut_cutfix_full_tier1_20260729_01/tier1/400_440/media/vCoi-ZvkA_c_s0000540866_e0000546398.mp4,tier1,cuda,nvenc,cutfix_full_tier1_20260729_01
vCoi-ZvkA_c_s0000547010_e0000549950,vCoi-ZvkA_c,547.01,549.95,2.94,1.0,1.0,6.67,/kaggle/working/cut_cutfix_full_tier1_20260729_01/tier1/400_440/media/vCoi-ZvkA_c_s0000547010_e0000549950.mp4,tier1,cuda,nvenc,cutfix_full_tier1_20260729_01
vCoi-ZvkA_c_s0000550114_e0000552318,vCoi-ZvkA_c,550.114,552.318,2.204,1.0,1.0,5.83,/kaggle/working/cut_cutfix_full_tier1_20260729_01/tier1/400_440/media/vCoi-ZvkA_c_s0000550114_e0000552318.mp4,tier1,cuda,nvenc,cutfix_full_tier1_20260729_01
vCoi-ZvkA_c_s0000552418_e0000557054,vCoi-ZvkA_c,552.418,557.054,4.636,1.0,1.0,4.31,/kaggle/working/cut_cutfix_full_tier1_20260729_01/tier1/400_440/media/vCoi-ZvkA_c_s0000552418_e0000557054.mp4,tier1,cuda,nvenc,cutfix_full_tier1_20260729_01
vCoi-ZvkA_c_s0000563298_e0000566174,vCoi-ZvkA_c,563.298,566.174,2.876,1.0,1.0,5.06,/kaggle/working/cut_cutfix_full_tier1_20260729_01/tier1/400_440/media/vCoi-ZvkA_c_s0000563298_e0000566174.mp4,tier1,cuda,nvenc,cutfix_full_tier1_20260729_01
vCoi-ZvkA_c_s0000566754_e0000568830,vCoi-ZvkA_c,566.754,568.83,2.076,1.0,1.0,4.1,/kaggle/working/cut_cutfix_full_tier1_20260729_01/tier1/400_440/media/vCoi-ZvkA_c_s0000566754_e0000568830.mp4,tier1,cuda,nvenc,cutfix_full_tier1_20260729_01
vCoi-ZvkA_c_s0000568994_e0000572670,vCoi-ZvkA_c,568.994,572.67,3.676,1.0,1.0,7.14,/kaggle/working/cut_cutfix_full_tier1_20260729_01/tier1/400_440/media/vCoi-ZvkA_c_s0000568994_e0000572670.mp4,tier1,cuda,nvenc,cutfix_full_tier1_20260729_01
vCoi-ZvkA_c_s0000573634_e0000580030,vCoi-ZvkA_c,573.634,580.03,6.396,1.0,1.0,5.72,/kaggle/working/cut_cutfix_full_tier1_20260729_01/tier1/400_440/media/vCoi-ZvkA_c_s0000573634_e0000580030.mp4,tier1,cuda,nvenc,cutfix_full_tier1_20260729_01
vCoi-ZvkA_c_s0000584418_e0000591358,vCoi-ZvkA_c,584.418,591.358,6.94,1.0,1.0,5.72,/kaggle/working/cut_cutfix_full_tier1_20260729_01/tier1/400_440/media/vCoi-ZvkA_c_s0000584418_e0000591358.mp4,tier1,cuda,nvenc,cutfix_full_tier1_20260729_01
vCoi-ZvkA_c_s0000591618_e0000593694,vCoi-ZvkA_c,591.618,593.694,2.076,1.0,1.0,6.78,/kaggle/working/cut_cutfix_full_tier1_20260729_01/tier1/400_440/media/vCoi-ZvkA_c_s0000591618_e0000593694.mp4,tier1,cuda,nvenc,cutfix_full_tier1_20260729_01
vCoi-ZvkA_c_s0000594754_e0000598398,vCoi-ZvkA_c,594.754,598.398,3.644,1.0,1.0,7.63,/kaggle/working/cut_cutfix_full_tier1_20260729_01/tier1/400_440/media/vCoi-ZvkA_c_s0000594754_e0000598398.mp4,tier1,cuda,nvenc,cutfix_full_tier1_20260729_01
vCoi-ZvkA_c_s0000598530_e0000604318,vCoi-ZvkA_c,598.53,604.318,5.788,1.0,1.0,2.99,/kaggle/working/cut_cutfix_full_tier1_20260729_01/tier1/400_440/media/vCoi-ZvkA_c_s0000598530_e0000604318.mp4,tier1,cuda,nvenc,cutfix_full_tier1_20260729_01
vCoi-ZvkA_c_s0000605058_e0000615006,vCoi-ZvkA_c,605.058,615.006,9.948,1.0,1.0,5.95,/kaggle/working/cut_cutfix_full_tier1_20260729_01/tier1/400_440/media/vCoi-ZvkA_c_s0000605058_e0000615006.mp4,tier1,cuda,nvenc,cutfix_full_tier1_20260729_01
vCoi-ZvkA_c_s0000615234_e0000621502,vCoi-ZvkA_c,615.234,621.502,6.268,1.0,1.0,5.59,/kaggle/working/cut_cutfix_full_tier1_20260729_01/tier1/400_440/media/vCoi-ZvkA_c_s0000615234_e0000621502.mp4,tier1,cuda,nvenc,cutfix_full_tier1_20260729_01
vCoi-ZvkA_c_s0000621634_e0000625278,vCoi-ZvkA_c,621.634,625.278,3.644,1.0,1.0,6.7,/kaggle/working/cut_cutfix_full_tier1_20260729_01/tier1/400_440/media/vCoi-ZvkA_c_s0000621634_e0000625278.mp4,tier1,cuda,nvenc,cutfix_full_tier1_20260729_01
vCoi-ZvkA_c_s0000625442_e0000635326,vCoi-ZvkA_c,625.442,635.326,9.884,1.0,1.0,6.89,/kaggle/working/cut_cutfix_full_tier1_20260729_01/tier1/400_440/media/vCoi-ZvkA_c_s0000625442_e0000635326.mp4,tier1,cuda,nvenc,cutfix_full_tier1_20260729_01
vCoi-ZvkA_c_s0000635522_e0000646430,vCoi-ZvkA_c,635.522,646.43,10.908,1.0,1.0,6.09,/kaggle/working/cut_cutfix_full_tier1_20260729_01/tier1/400_440/media/vCoi-ZvkA_c_s0000635522_e0000646430.mp4,tier1,cuda,nvenc,cutfix_full_tier1_20260729_01
vCoi-ZvkA_c_s0000664482_e0000667678,vCoi-ZvkA_c,664.482,667.678,3.196,1.0,1.0,5.03,/kaggle/working/cut_cutfix_full_tier1_20260729_01/tier1/400_440/media/vCoi-ZvkA_c_s0000664482_e0000667678.mp4,tier1,cuda,nvenc,cutfix_full_tier1_20260729_01
vCoi-ZvkA_c_s0000672994_e0000677994,vCoi-ZvkA_c,672.994,677.994,5.0,1.0,1.0,5.22,/kaggle/working/cut_cutfix_full_tier1_20260729_01/tier1/400_440/media/vCoi-ZvkA_c_s0000672994_e0000677994.mp4,tier1,cuda,nvenc,cutfix_full_tier1_20260729_01
vCoi-ZvkA_c_s0000684994_e0000689994,vCoi-ZvkA_c,684.994,689.994,5.0,1.0,1.0,5.0,/kaggle/working/cut_cutfix_full_tier1_20260729_01/tier1/400_440/media/vCoi-ZvkA_c_s0000684994_e0000689994.mp4,tier1,cuda,nvenc,cutfix_full_tier1_20260729_01
vCoi-ZvkA_c_s0000688994_e0000693310,vCoi-ZvkA_c,688.994,693.31,4.316,1.0,1.0,4.21,/kaggle/working/cut_cutfix_full_tier1_20260729_01/tier1/400_440/media/vCoi-ZvkA_c_s0000688994_e0000693310.mp4,tier1,cuda,nvenc,cutfix_full_tier1_20260729_01
vCoi-ZvkA_c_s0000693442_e0000696126,vCoi-ZvkA_c,693.442,696.126,2.684,1.0,1.0,5.64,/kaggle/working/cut_cutfix_full_tier1_20260729_01/tier1/400_440/media/vCoi-ZvkA_c_s0000693442_e0000696126.mp4,tier1,cuda,nvenc,cutfix_full_tier1_20260729_01
vCoi-ZvkA_c_s0000701346_e0000704414,vCoi-ZvkA_c,701.346,704.414,3.068,1.0,1.0,4.88,/kaggle/working/cut_cutfix_full_tier1_20260729_01/tier1/400_440/media/vCoi-ZvkA_c_s0000701346_e0000704414.mp4,tier1,cuda,nvenc,cutfix_full_tier1_20260729_01
vCoi-ZvkA_c_s0000707298_e0000709854,vCoi-ZvkA_c,707.298,709.854,2.556,1.0,1.0,4.97,/kaggle/working/cut_cutfix_full_tier1_20260729_01/tier1/400_440/media/vCoi-ZvkA_c_s0000707298_e0000709854.mp4,tier1,cuda,nvenc,cutfix_full_tier1_20260729_01
vCoi-ZvkA_c_s0000714338_e0000718334,vCoi-ZvkA_c,714.338,718.334,3.996,1.0,1.0,3.74,/kaggle/working/cut_cutfix_full_tier1_20260729_01/tier1/400_440/media/vCoi-ZvkA_c_s0000714338_e0000718334.mp4,tier1,cuda,nvenc,cutfix_full_tier1_20260729_01
vCoi-ZvkA_c_s0000727298_e0000729310,vCoi-ZvkA_c,727.298,729.31,2.012,1.0,1.0,4.91,/kaggle/working/cut_cutfix_full_tier1_20260729_01/tier1/400_440/media/vCoi-ZvkA_c_s0000727298_e0000729310.mp4,tier1,cuda,nvenc,cutfix_full_tier1_20260729_01
vCoi-ZvkA_c_s0000729570_e0000734078,vCoi-ZvkA_c,729.57,734.078,4.508,1.0,1.0,5.13,/kaggle/working/cut_cutfix_full_tier1_20260729_01/tier1/400_440/media/vCoi-ZvkA_c_s0000729570_e0000734078.mp4,tier1,cuda,nvenc,cutfix_full_tier1_20260729_01
vCoi-ZvkA_c_s0000741634_e0000749950,vCoi-ZvkA_c,741.634,749.95,8.316,1.0,1.0,7.86,/kaggle/working/cut_cutfix_full_tier1_20260729_01/tier1/400_440/media/vCoi-ZvkA_c_s0000741634_e0000749950.mp4,tier1,cuda,nvenc,cutfix_full_tier1_20260729_01
vCoi-ZvkA_c_s0000750306_e0000755710,vCoi-ZvkA_c,750.306,755.71,5.404,1.0,1.0,7.89,/kaggle/working/cut_cutfix_full_tier1_20260729_01/tier1/400_440/media/vCoi-ZvkA_c_s0000750306_e0000755710.mp4,tier1,cuda,nvenc,cutfix_full_tier1_20260729_01
vCoi-ZvkA_c_s0000794338_e0000796798,vCoi-ZvkA_c,794.338,796.798,2.46,1.0,1.0,5.58,/kaggle/working/cut_cutfix_full_tier1_20260729_01/tier1/400_440/media/vCoi-ZvkA_c_s0000794338_e0000796798.mp4,tier1,cuda,nvenc,cutfix_full_tier1_20260729_01
vE8wJ17uidE_s0000013538_e0000015806,vE8wJ17uidE,13.538,15.806,2.268,1.0,1.0,6.11,/kaggle/working/cut_cutfix_full_tier1_20260729_01/tier1/400_440/media/vE8wJ17uidE_s0000013538_e0000015806.mp4,tier1,cuda,nvenc,cutfix_full_tier1_20260729_01
vE8wJ17uidE_s0000015970_e0000019038,vE8wJ17uidE,15.97,19.038,3.068,1.0,1.0,3.81,/kaggle/working/cut_cutfix_full_tier1_20260729_01/tier1/400_440/media/vE8wJ17uidE_s0000015970_e0000019038.mp4,tier1,cuda,nvenc,cutfix_full_tier1_20260729_01
vE8wJ17uidE_s0000019490_e0000021886,vE8wJ17uidE,19.49,21.886,2.396,1.0,1.0,5.59,/kaggle/working/cut_cutfix_full_tier1_20260729_01/tier1/400_440/media/vE8wJ17uidE_s0000019490_e0000021886.mp4,tier1,cuda,nvenc,cutfix_full_tier1_20260729_01
vE8wJ17uidE_s0000022658_e0000027486,vE8wJ17uidE,22.658,27.486,4.828,1.0,1.0,5.13,/kaggle/working/cut_cutfix_full_tier1_20260729_01/tier1/400_440/media/vE8wJ17uidE_s0000022658_e0000027486.mp4,tier1,cuda,nvenc,cutfix_full_tier1_20260729_01
vE8wJ17uidE_s0000031074_e0000033406,vE8wJ17uidE,31.074,33.406,2.332,1.0,1.0,6.84,/kaggle/working/cut_cutfix_full_tier1_20260729_01/tier1/400_440/media/vE8wJ17uidE_s0000031074_e0000033406.mp4,tier1,cuda,nvenc,cutfix_full_tier1_20260729_01
vE8wJ17uidE_s0000034690_e0000040990,vE8wJ17uidE,34.69,40.99,6.3,1.0,1.0,5.22,/kaggle/working/cut_cutfix_full_tier1_20260729_01/tier1/400_440/media/vE8wJ17uidE_s0000034690_e0000040990.mp4,tier1,cuda,nvenc,cutfix_full_tier1_20260729_01
vE8wJ17uidE_s0000042370_e0000046142,vE8wJ17uidE,42.37,46.142,3.772,1.0,1.0,5.52,/kaggle/working/cut_cutfix_full_tier1_20260729_01/tier1/400_440/media/vE8wJ17uidE_s0000042370_e0000046142.mp4,tier1,cuda,nvenc,cutfix_full_tier1_20260729_01
vE8wJ17uidE_s0000046338_e0000052382,vE8wJ17uidE,46.338,52.382,6.044,1.0,1.0,6.21,/kaggle/working/cut_cutfix_full_tier1_20260729_01/tier1/400_440/media/vE8wJ17uidE_s0000046338_e0000052382.mp4,tier1,cuda,nvenc,cutfix_full_tier1_20260729_01
vE8wJ17uidE_s0000052546_e0000055678,vE8wJ17uidE,52.546,55.678,3.132,1.0,1.0,6.13,/kaggle/working/cut_cutfix_full_tier1_20260729_01/tier1/400_440/media/vE8wJ17uidE_s0000052546_e0000055678.mp4,tier1,cuda,nvenc,cutfix_full_tier1_20260729_01
vE8wJ17uidE_s0000055874_e0000065150,vE8wJ17uidE,55.874,65.15,9.276,1.0,1.0,4.37,/kaggle/working/cut_cutfix_full_tier1_20260729_01/tier1/400_440/media/vE8wJ17uidE_s0000055874_e0000065150.mp4,tier1,cuda,nvenc,cutfix_full_tier1_20260729_01
vE8wJ17uidE_s0000066274_e0000071274,vE8wJ17uidE,66.274,71.274,5.0,1.0,1.0,6.37,/kaggle/working/cut_cutfix_full_tier1_20260729_01/tier1/400_440/media/vE8wJ17uidE_s0000066274_e0000071274.mp4,tier1,cuda,nvenc,cutfix_full_tier1_20260729_01
vE8wJ17uidE_s0000070274_e0000075274,vE8wJ17uidE,70.274,75.274,5.0,1.0,1.0,3.75,/kaggle/working/cut_cutfix_full_tier1_20260729_01/tier1/400_440/media/vE8wJ17uidE_s0000070274_e0000075274.mp4,tier1,cuda,nvenc,cutfix_full_tier1_20260729_01
vE8wJ17uidE_s0000074274_e0000079274,vE8wJ17uidE,74.274,79.274,5.0,1.0,1.0,5.49,/kaggle/working/cut_cutfix_full_tier1_20260729_01/tier1/400_440/media/vE8wJ17uidE_s0000074274_e0000079274.mp4,tier1,cuda,nvenc,cutfix_full_tier1_20260729_01
vE8wJ17uidE_s0000078274_e0000083274,vE8wJ17uidE,78.274,83.274,5.0,1.0,1.0,6.78,/kaggle/working/cut_cutfix_full_tier1_20260729_01/tier1/400_440/media/vE8wJ17uidE_s0000078274_e0000083274.mp4,tier1,cuda,nvenc,cutfix_full_tier1_20260729_01
vE8wJ17uidE_s0000087426_e0000090654,vE8wJ17uidE,87.426,90.654,3.228,1.0,1.0,4.96,/kaggle/working/cut_cutfix_full_tier1_20260729_01/tier1/400_440/media/vE8wJ17uidE_s0000087426_e0000090654.mp4,tier1,cuda,nvenc,cutfix_full_tier1_20260729_01
vE8wJ17uidE_s0000090786_e0000095838,vE8wJ17uidE,90.786,95.838,5.052,1.0,1.0,4.64,/kaggle/working/cut_cutfix_full_tier1_20260729_01/tier1/400_440/media/vE8wJ17uidE_s0000090786_e0000095838.mp4,tier1,cuda,nvenc,cutfix_full_tier1_20260729_01
vE8wJ17uidE_s0000096226_e0000098878,vE8wJ17uidE,96.226,98.878,2.652,1.0,1.0,7.04,/kaggle/working/cut_cutfix_full_tier1_20260729_01/tier1/400_440/media/vE8wJ17uidE_s0000096226_e0000098878.mp4,tier1,cuda,nvenc,cutfix_full_tier1_20260729_01
vE8wJ17uidE_s0000099010_e0000103966,vE8wJ17uidE,99.01,103.966,4.956,1.0,1.0,6.09,/kaggle/working/cut_cutfix_full_tier1_20260729_01/tier1/400_440/media/vE8wJ17uidE_s0000099010_e0000103966.mp4,tier1,cuda,nvenc,cutfix_full_tier1_20260729_01
vE8wJ17uidE_s0000104066_e0000114334,vE8wJ17uidE,104.066,114.334,10.268,1.0,1.0,5.53,/kaggle/working/cut_cutfix_full_tier1_20260729_01/tier1/400_440/media/vE8wJ17uidE_s0000104066_e0000114334.mp4,tier1,cuda,nvenc,cutfix_full_tier1_20260729_01
vE8wJ17uidE_s0000115074_e0000124638,vE8wJ17uidE,115.074,124.638,9.564,1.0,1.0,6.31,/kaggle/working/cut_cutfix_full_tier1_20260729_01/tier1/400_440/media/vE8wJ17uidE_s0000115074_e0000124638.mp4,tier1,cuda,nvenc,cutfix_full_tier1_20260729_01
vE8wJ17uidE_s0000125058_e0000130014,vE8wJ17uidE,125.058,130.014,4.956,1.0,1.0,5.33,/kaggle/working/cut_cutfix_full_tier1_20260729_01/tier1/400_440/media/vE8wJ17uidE_s0000125058_e0000130014.mp4,tier1,cuda,nvenc,cutfix_full_tier1_20260729_01
vE8wJ17uidE_s0000131810_e0000136126,vE8wJ17uidE,131.81,136.126,4.316,1.0,1.0,4.42,/kaggle/working/cut_cutfix_full_tier1_20260729_01/tier1/400_440/media/vE8wJ17uidE_s0000131810_e0000136126.mp4,tier1,cuda,nvenc,cutfix_full_tier1_20260729_01
vE8wJ17uidE_s0000137570_e0000145438,vE8wJ17uidE,137.57,145.438,7.868,1.0,1.0,6.05,/kaggle/working/cut_cutfix_full_tier1_20260729_01/tier1/400_440/media/vE8wJ17uidE_s0000137570_e0000145438.mp4,tier1,cuda,nvenc,cutfix_full_tier1_20260729_01
vE8wJ17uidE_s0000145538_e0000147934,vE8wJ17uidE,145.538,147.934,2.396,1.0,1.0,-13.67,/kaggle/working/cut_cutfix_full_tier1_20260729_01/tier1/400_440/media/vE8wJ17uidE_s0000145538_e0000147934.mp4,tier1,cuda,nvenc,cutfix_full_tier1_20260729_01
vE8wJ17uidE_s0000148098_e0000152254,vE8wJ17uidE,148.098,152.254,4.156,1.0,1.0,5.37,/kaggle/working/cut_cutfix_full_tier1_20260729_01/tier1/400_440/media/vE8wJ17uidE_s0000148098_e0000152254.mp4,tier1,cuda,nvenc,cutfix_full_tier1_20260729_01
vE8wJ17uidE_s0000152450_e0000159262,vE8wJ17uidE,152.45,159.262,6.812,1.0,1.0,4.21,/kaggle/working/cut_cutfix_full_tier1_20260729_01/tier1/400_440/media/vE8wJ17uidE_s0000152450_e0000159262.mp4,tier1,cuda,nvenc,cutfix_full_tier1_20260729_01
vE8wJ17uidE_s0000159394_e0000162270,vE8wJ17uidE,159.394,162.27,2.876,1.0,1.0,6.41,/kaggle/working/cut_cutfix_full_tier1_20260729_01/tier1/400_440/media/vE8wJ17uidE_s0000159394_e0000162270.mp4,tier1,cuda,nvenc,cutfix_full_tier1_20260729_01
vE8wJ17uidE_s0000162466_e0000166782,vE8wJ17uidE,162.466,166.782,4.316,1.0,1.0,6.81,/kaggle/working/cut_cutfix_full_tier1_20260729_01/tier1/400_440/media/vE8wJ17uidE_s0000162466_e0000166782.mp4,tier1,cuda,nvenc,cutfix_full_tier1_20260729_01
vE8wJ17uidE_s0000167074_e0000172798,vE8wJ17uidE,167.074,172.798,5.724,1.0,1.0,6.19,/kaggle/working/cut_cutfix_full_tier1_20260729_01/tier1/400_440/media/vE8wJ17uidE_s0000167074_e0000172798.mp4,tier1,cuda,nvenc,cutfix_full_tier1_20260729_01
vE8wJ17uidE_s0000174530_e0000184766,vE8wJ17uidE,174.53,184.766,10.236,1.0,1.0,6.26,/kaggle/working/cut_cutfix_full_tier1_20260729_01/tier1/400_440/media/vE8wJ17uidE_s0000174530_e0000184766.mp4,tier1,cuda,nvenc,cutfix_full_tier1_20260729_01
vE8wJ17uidE_s0000184930_e0000193278,vE8wJ17uidE,184.93,193.278,8.348,1.0,1.0,6.02,/kaggle/working/cut_cutfix_full_tier1_20260729_01/tier1/400_440/media/vE8wJ17uidE_s0000184930_e0000193278.mp4,tier1,cuda,nvenc,cutfix_full_tier1_20260729_01
vE8wJ17uidE_s0000193762_e0000195806,vE8wJ17uidE,193.762,195.806,2.044,1.0,1.0,3.88,/kaggle/working/cut_cutfix_full_tier1_20260729_01/tier1/400_440/media/vE8wJ17uidE_s0000193762_e0000195806.mp4,tier1,cuda,nvenc,cutfix_full_tier1_20260729_01
vE8wJ17uidE_s0000196258_e0000201258,vE8wJ17uidE,196.258,201.258,5.0,1.0,1.0,6.11,/kaggle/working/cut_cutfix_full_tier1_20260729_01/tier1/400_440/media/vE8wJ17uidE_s0000196258_e0000201258.mp4,tier1,cuda,nvenc,cutfix_full_tier1_20260729_01
vE8wJ17uidE_s0000200258_e0000205258,vE8wJ17uidE,200.258,205.258,5.0,1.0,1.0,6.5,/kaggle/working/cut_cutfix_full_tier1_20260729_01/tier1/400_440/media/vE8wJ17uidE_s0000200258_e0000205258.mp4,tier1,cuda,nvenc,cutfix_full_tier1_20260729_01
vE8wJ17uidE_s0000204258_e0000209258,vE8wJ17uidE,204.258,209.258,5.0,1.0,1.0,5.26,/kaggle/working/cut_cutfix_full_tier1_20260729_01/tier1/400_440/media/vE8wJ17uidE_s0000204258_e0000209258.mp4,tier1,cuda,nvenc,cutfix_full_tier1_20260729_01
vE8wJ17uidE_s0000208258_e0000213258,vE8wJ17uidE,208.258,213.258,5.0,1.0,1.0,5.23,/kaggle/working/cut_cutfix_full_tier1_20260729_01/tier1/400_440/media/vE8wJ17uidE_s0000208258_e0000213258.mp4,tier1,cuda,nvenc,cutfix_full_tier1_20260729_01
vE8wJ17uidE_s0000212258_e0000217258,vE8wJ17uidE,212.258,217.258,5.0,1.0,1.0,6.46,/kaggle/working/cut_cutfix_full_tier1_20260729_01/tier1/400_440/media/vE8wJ17uidE_s0000212258_e0000217258.mp4,tier1,cuda,nvenc,cutfix_full_tier1_20260729_01
vE8wJ17uidE_s0000220066_e0000222846,vE8wJ17uidE,220.066,222.846,2.78,1.0,1.0,4.54,/kaggle/working/cut_cutfix_full_tier1_20260729_01/tier1/400_440/media/vE8wJ17uidE_s0000220066_e0000222846.mp4,tier1,cuda,nvenc,cutfix_full_tier1_20260729_01
vE8wJ17uidE_s0000223042_e0000227262,vE8wJ17uidE,223.042,227.262,4.22,1.0,1.0,5.96,/kaggle/working/cut_cutfix_full_tier1_20260729_01/tier1/400_440/media/vE8wJ17uidE_s0000223042_e0000227262.mp4,tier1,cuda,nvenc,cutfix_full_tier1_20260729_01
vE8wJ17uidE_s0000227458_e0000236926,vE8wJ17uidE,227.458,236.926,9.468,1.0,1.0,5.39,/kaggle/working/cut_cutfix_full_tier1_20260729_01/tier1/400_440/media/vE8wJ17uidE_s0000227458_e0000236926.mp4,tier1,cuda,nvenc,cutfix_full_tier1_20260729_01
vE8wJ17uidE_s0000237090_e0000242090,vE8wJ17uidE,237.09,242.09,5.0,1.0,1.0,6.2,/kaggle/working/cut_cutfix_full_tier1_20260729_01/tier1/400_440/media/vE8wJ17uidE_s0000237090_e0000242090.mp4,tier1,cuda,nvenc,cutfix_full_tier1_20260729_01
vE8wJ17uidE_s0000241090_e0000246090,vE8wJ17uidE,241.09,246.09,5.0,1.0,1.0,5.26,/kaggle/working/cut_cutfix_full_tier1_20260729_01/tier1/400_440/media/vE8wJ17uidE_s0000241090_e0000246090.mp4,tier1,cuda,nvenc,cutfix_full_tier1_20260729_01
vE8wJ17uidE_s0000245090_e0000250090,vE8wJ17uidE,245.09,250.09,5.0,1.0,1.0,6.83,/kaggle/working/cut_cutfix_full_tier1_20260729_01/tier1/400_440/media/vE8wJ17uidE_s0000245090_e0000250090.mp4,tier1,cuda,nvenc,cutfix_full_tier1_20260729_01
vE8wJ17uidE_s0000249090_e0000254078,vE8wJ17uidE,249.09,254.078,4.988,1.0,1.0,5.11,/kaggle/working/cut_cutfix_full_tier1_20260729_01/tier1/400_440/media/vE8wJ17uidE_s0000249090_e0000254078.mp4,tier1,cuda,nvenc,cutfix_full_tier1_20260729_01
vE8wJ17uidE_s0000254178_e0000258270,vE8wJ17uidE,254.178,258.27,4.092,1.0,1.0,4.2,/kaggle/working/cut_cutfix_full_tier1_20260729_01/tier1/400_440/media/vE8wJ17uidE_s0000254178_e0000258270.mp4,tier1,cuda,nvenc,cutfix_full_tier1_20260729_01
vE8wJ17uidE_s0000258370_e0000270238,vE8wJ17uidE,258.37,270.238,11.868,1.0,1.0,6.37,/kaggle/working/cut_cutfix_full_tier1_20260729_01/tier1/400_440/media/vE8wJ17uidE_s0000258370_e0000270238.mp4,tier1,cuda,nvenc,cutfix_full_tier1_20260729_01
vE8wJ17uidE_s0000270498_e0000276894,vE8wJ17uidE,270.498,276.894,6.396,1.0,1.0,4.48,/kaggle/working/cut_cutfix_full_tier1_20260729_01/tier1/400_440/media/vE8wJ17uidE_s0000270498_e0000276894.mp4,tier1,cuda,nvenc,cutfix_full_tier1_20260729_01
vE8wJ17uidE_s0000280898_e0000286686,vE8wJ17uidE,280.898,286.686,5.788,1.0,1.0,5.66,/kaggle/working/cut_cutfix_full_tier1_20260729_01/tier1/400_440/media/vE8wJ17uidE_s0000280898_e0000286686.mp4,tier1,cuda,nvenc,cutfix_full_tier1_20260729_01
vE8wJ17uidE_s0000286946_e0000295966,vE8wJ17uidE,286.946,295.966,9.02,1.0,1.0,6.1,/kaggle/working/cut_cutfix_full_tier1_20260729_01/tier1/400_440/media/vE8wJ17uidE_s0000286946_e0000295966.mp4,tier1,cuda,nvenc,cutfix_full_tier1_20260729_01
vE8wJ17uidE_s0000296162_e0000300414,vE8wJ17uidE,296.162,300.414,4.252,1.0,1.0,5.66,/kaggle/working/cut_cutfix_full_tier1_20260729_01/tier1/400_440/media/vE8wJ17uidE_s0000296162_e0000300414.mp4,tier1,cuda,nvenc,cutfix_full_tier1_20260729_01
vE8wJ17uidE_s0000300642_e0000310110,vE8wJ17uidE,300.642,310.11,9.468,1.0,1.0,3.29,/kaggle/working/cut_cutfix_full_tier1_20260729_01/tier1/400_440/media/vE8wJ17uidE_s0000300642_e0000310110.mp4,tier1,cuda,nvenc,cutfix_full_tier1_20260729_01
vE8wJ17uidE_s0000310210_e0000315210,vE8wJ17uidE,310.21,315.21,5.0,1.0,1.0,5.32,/kaggle/working/cut_cutfix_full_tier1_20260729_01/tier1/400_440/media/vE8wJ17uidE_s0000310210_e0000315210.mp4,tier1,cuda,nvenc,cutfix_full_tier1_20260729_01
vE8wJ17uidE_s0000314210_e0000319210,vE8wJ17uidE,314.21,319.21,5.0,1.0,1.0,5.67,/kaggle/working/cut_cutfix_full_tier1_20260729_01/tier1/400_440/media/vE8wJ17uidE_s0000314210_e0000319210.mp4,tier1,cuda,nvenc,cutfix_full_tier1_20260729_01
vE8wJ17uidE_s0000318210_e0000323210,vE8wJ17uidE,318.21,323.21,5.0,1.0,1.0,5.08,/kaggle/working/cut_cutfix_full_tier1_20260729_01/tier1/400_440/media/vE8wJ17uidE_s0000318210_e0000323210.mp4,tier1,cuda,nvenc,cutfix_full_tier1_20260729_01
vE8wJ17uidE_s0000322210_e0000326558,vE8wJ17uidE,322.21,326.558,4.348,1.0,1.0,6.54,/kaggle/working/cut_cutfix_full_tier1_20260729_01/tier1/400_440/media/vE8wJ17uidE_s0000322210_e0000326558.mp4,tier1,cuda,nvenc,cutfix_full_tier1_20260729_01
vE8wJ17uidE_s0000327138_e0000331198,vE8wJ17uidE,327.138,331.198,4.06,1.0,1.0,6.45,/kaggle/working/cut_cutfix_full_tier1_20260729_01/tier1/400_440/media/vE8wJ17uidE_s0000327138_e0000331198.mp4,tier1,cuda,nvenc,cutfix_full_tier1_20260729_01
vE8wJ17uidE_s0000331554_e0000343198,vE8wJ17uidE,331.554,343.198,11.644,1.0,1.0,5.95,/kaggle/working/cut_cutfix_full_tier1_20260729_01/tier1/400_440/media/vE8wJ17uidE_s0000331554_e0000343198.mp4,tier1,cuda,nvenc,cutfix_full_tier1_20260729_01
vE8wJ17uidE_s0000344450_e0000350014,vE8wJ17uidE,344.45,350.014,5.564,1.0,1.0,6.15,/kaggle/working/cut_cutfix_full_tier1_20260729_01/tier1/400_440/media/vE8wJ17uidE_s0000344450_e0000350014.mp4,tier1,cuda,nvenc,cutfix_full_tier1_20260729_01
vE8wJ17uidE_s0000350178_e0000352414,vE8wJ17uidE,350.178,352.414,2.236,1.0,1.0,-13.71,/kaggle/working/cut_cutfix_full_tier1_20260729_01/tier1/400_440/media/vE8wJ17uidE_s0000350178_e0000352414.mp4,tier1,cuda,nvenc,cutfix_full_tier1_20260729_01
vE8wJ17uidE_s0000353986_e0000356158,vE8wJ17uidE,353.986,356.158,2.172,1.0,1.0,5.85,/kaggle/working/cut_cutfix_full_tier1_20260729_01/tier1/400_440/media/vE8wJ17uidE_s0000353986_e0000356158.mp4,tier1,cuda,nvenc,cutfix_full_tier1_20260729_01
vE8wJ17uidE_s0000356546_e0000360766,vE8wJ17uidE,356.546,360.766,4.22,1.0,1.0,6.02,/kaggle/working/cut_cutfix_full_tier1_20260729_01/tier1/400_440/media/vE8wJ17uidE_s0000356546_e0000360766.mp4,tier1,cuda,nvenc,cutfix_full_tier1_20260729_01
vE8wJ17uidE_s0000360898_e0000364318,vE8wJ17uidE,360.898,364.318,3.42,1.0,1.0,3.19,/kaggle/working/cut_cutfix_full_tier1_20260729_01/tier1/400_440/media/vE8wJ17uidE_s0000360898_e0000364318.mp4,tier1,cuda,nvenc,cutfix_full_tier1_20260729_01
vE8wJ17uidE_s0000365186_e0000372190,vE8wJ17uidE,365.186,372.19,7.004,1.0,1.0,4.9,/kaggle/working/cut_cutfix_full_tier1_20260729_01/tier1/400_440/media/vE8wJ17uidE_s0000365186_e0000372190.mp4,tier1,cuda,nvenc,cutfix_full_tier1_20260729_01
vE8wJ17uidE_s0000372546_e0000381854,vE8wJ17uidE,372.546,381.854,9.308,1.0,1.0,5.52,/kaggle/working/cut_cutfix_full_tier1_20260729_01/tier1/400_440/media/vE8wJ17uidE_s0000372546_e0000381854.mp4,tier1,cuda,nvenc,cutfix_full_tier1_20260729_01
vE8wJ17uidE_s0000381986_e0000390590,vE8wJ17uidE,381.986,390.59,8.604,1.0,1.0,4.67,/kaggle/working/cut_cutfix_full_tier1_20260729_01/tier1/400_440/media/vE8wJ17uidE_s0000381986_e0000390590.mp4,tier1,cuda,nvenc,cutfix_full_tier1_20260729_01
vE8wJ17uidE_s0000390690_e0000394782,vE8wJ17uidE,390.69,394.782,4.092,1.0,1.0,5.19,/kaggle/working/cut_cutfix_full_tier1_20260729_01/tier1/400_440/media/vE8wJ17uidE_s0000390690_e0000394782.mp4,tier1,cuda,nvenc,cutfix_full_tier1_20260729_01
vE8wJ17uidE_s0000394882_e0000400958,vE8wJ17uidE,394.882,400.958,6.076,1.0,1.0,4.68,/kaggle/working/cut_cutfix_full_tier1_20260729_01/tier1/400_440/media/vE8wJ17uidE_s0000394882_e0000400958.mp4,tier1,cuda,nvenc,cutfix_full_tier1_20260729_01
vE8wJ17uidE_s0000403234_e0000410942,vE8wJ17uidE,403.234,410.942,7.708,1.0,1.0,4.9,/kaggle/working/cut_cutfix_full_tier1_20260729_01/tier1/400_440/media/vE8wJ17uidE_s0000403234_e0000410942.mp4,tier1,cuda,nvenc,cutfix_full_tier1_20260729_01
vE8wJ17uidE_s0000411074_e0000414078,vE8wJ17uidE,411.074,414.078,3.004,1.0,1.0,6.02,/kaggle/working/cut_cutfix_full_tier1_20260729_01/tier1/400_440/media/vE8wJ17uidE_s0000411074_e0000414078.mp4,tier1,cuda,nvenc,cutfix_full_tier1_20260729_01
vE8wJ17uidE_s0000414434_e0000418782,vE8wJ17uidE,414.434,418.782,4.348,1.0,1.0,6.45,/kaggle/working/cut_cutfix_full_tier1_20260729_01/tier1/400_440/media/vE8wJ17uidE_s0000414434_e0000418782.mp4,tier1,cuda,nvenc,cutfix_full_tier1_20260729_01
vE8wJ17uidE_s0000419938_e0000421950,vE8wJ17uidE,419.938,421.95,2.012,1.0,1.0,7.16,/kaggle/working/cut_cutfix_full_tier1_20260729_01/tier1/400_440/media/vE8wJ17uidE_s0000419938_e0000421950.mp4,tier1,cuda,nvenc,cutfix_full_tier1_20260729_01
vE8wJ17uidE_s0000422082_e0000429246,vE8wJ17uidE,422.082,429.246,7.164,1.0,1.0,4.61,/kaggle/working/cut_cutfix_full_tier1_20260729_01/tier1/400_440/media/vE8wJ17uidE_s0000422082_e0000429246.mp4,tier1,cuda,nvenc,cutfix_full_tier1_20260729_01
vE8wJ17uidE_s0000429378_e0000438206,vE8wJ17uidE,429.378,438.206,8.828,1.0,1.0,4.25,/kaggle/working/cut_cutfix_full_tier1_20260729_01/tier1/400_440/media/vE8wJ17uidE_s0000429378_e0000438206.mp4,tier1,cuda,nvenc,cutfix_full_tier1_20260729_01
vE8wJ17uidE_s0000438370_e0000443710,vE8wJ17uidE,438.37,443.71,5.34,1.0,1.0,6.26,/kaggle/working/cut_cutfix_full_tier1_20260729_01/tier1/400_440/media/vE8wJ17uidE_s0000438370_e0000443710.mp4,tier1,cuda,nvenc,cutfix_full_tier1_20260729_01
vE8wJ17uidE_s0000446434_e0000449438,vE8wJ17uidE,446.434,449.438,3.004,1.0,1.0,5.88,/kaggle/working/cut_cutfix_full_tier1_20260729_01/tier1/400_440/media/vE8wJ17uidE_s0000446434_e0000449438.mp4,tier1,cuda,nvenc,cutfix_full_tier1_20260729_01
vE8wJ17uidE_s0000449698_e0000455838,vE8wJ17uidE,449.698,455.838,6.14,1.0,1.0,6.37,/kaggle/working/cut_cutfix_full_tier1_20260729_01/tier1/400_440/media/vE8wJ17uidE_s0000449698_e0000455838.mp4,tier1,cuda,nvenc,cutfix_full_tier1_20260729_01
vE8wJ17uidE_s0000456034_e0000461034,vE8wJ17uidE,456.034,461.034,5.0,1.0,1.0,6.01,/kaggle/working/cut_cutfix_full_tier1_20260729_01/tier1/400_440/media/vE8wJ17uidE_s0000456034_e0000461034.mp4,tier1,cuda,nvenc,cutfix_full_tier1_20260729_01
vE8wJ17uidE_s0000460034_e0000465034,vE8wJ17uidE,460.034,465.034,5.0,1.0,1.0,7.19,/kaggle/working/cut_cutfix_full_tier1_20260729_01/tier1/400_440/media/vE8wJ17uidE_s0000460034_e0000465034.mp4,tier1,cuda,nvenc,cutfix_full_tier1_20260729_01
vE8wJ17uidE_s0000464034_e0000469034,vE8wJ17uidE,464.034,469.034,5.0,1.0,1.0,3.21,/kaggle/working/cut_cutfix_full_tier1_20260729_01/tier1/400_440/media/vE8wJ17uidE_s0000464034_e0000469034.mp4,tier1,cuda,nvenc,cutfix_full_tier1_20260729_01
vE8wJ17uidE_s0000471362_e0000479006,vE8wJ17uidE,471.362,479.006,7.644,1.0,1.0,5.28,/kaggle/working/cut_cutfix_full_tier1_20260729_01/tier1/400_440/media/vE8wJ17uidE_s0000471362_e0000479006.mp4,tier1,cuda,nvenc,cutfix_full_tier1_20260729_01
vE8wJ17uidE_s0000479170_e0000483582,vE8wJ17uidE,479.17,483.582,4.412,1.0,1.0,5.82,/kaggle/working/cut_cutfix_full_tier1_20260729_01/tier1/400_440/media/vE8wJ17uidE_s0000479170_e0000483582.mp4,tier1,cuda,nvenc,cutfix_full_tier1_20260729_01
vE8wJ17uidE_s0000483810_e0000485918,vE8wJ17uidE,483.81,485.918,2.108,1.0,1.0,5.51,/kaggle/working/cut_cutfix_full_tier1_20260729_01/tier1/400_440/media/vE8wJ17uidE_s0000483810_e0000485918.mp4,tier1,cuda,nvenc,cutfix_full_tier1_20260729_01
vE8wJ17uidE_s0000486178_e0000496798,vE8wJ17uidE,486.178,496.798,10.62,1.0,1.0,5.3,/kaggle/working/cut_cutfix_full_tier1_20260729_01/tier1/400_440/media/vE8wJ17uidE_s0000486178_e0000496798.mp4,tier1,cuda,nvenc,cutfix_full_tier1_20260729_01
vE8wJ17uidE_s0000496930_e0000503134,vE8wJ17uidE,496.93,503.134,6.204,1.0,1.0,4.5,/kaggle/working/cut_cutfix_full_tier1_20260729_01/tier1/400_440/media/vE8wJ17uidE_s0000496930_e0000503134.mp4,tier1,cuda,nvenc,cutfix_full_tier1_20260729_01
vE8wJ17uidE_s0000503394_e0000507966,vE8wJ17uidE,503.394,507.966,4.572,1.0,1.0,5.06,/kaggle/working/cut_cutfix_full_tier1_20260729_01/tier1/400_440/media/vE8wJ17uidE_s0000503394_e0000507966.mp4,tier1,cuda,nvenc,cutfix_full_tier1_20260729_01
vE8wJ17uidE_s0000508098_e0000512702,vE8wJ17uidE,508.098,512.702,4.604,1.0,1.0,5.56,/kaggle/working/cut_cutfix_full_tier1_20260729_01/tier1/400_440/media/vE8wJ17uidE_s0000508098_e0000512702.mp4,tier1,cuda,nvenc,cutfix_full_tier1_20260729_01
vE8wJ17uidE_s0000514530_e0000522462,vE8wJ17uidE,514.53,522.462,7.932,1.0,1.0,4.66,/kaggle/working/cut_cutfix_full_tier1_20260729_01/tier1/400_440/media/vE8wJ17uidE_s0000514530_e0000522462.mp4,tier1,cuda,nvenc,cutfix_full_tier1_20260729_01
vE8wJ17uidE_s0000522594_e0000526014,vE8wJ17uidE,522.594,526.014,3.42,1.0,1.0,6.43,/kaggle/working/cut_cutfix_full_tier1_20260729_01/tier1/400_440/media/vE8wJ17uidE_s0000522594_e0000526014.mp4,tier1,cuda,nvenc,cutfix_full_tier1_20260729_01
vE8wJ17uidE_s0000526114_e0000536958,vE8wJ17uidE,526.114,536.958,10.844,1.0,1.0,4.1,/kaggle/working/cut_cutfix_full_tier1_20260729_01/tier1/400_440/media/vE8wJ17uidE_s0000526114_e0000536958.mp4,tier1,cuda,nvenc,cutfix_full_tier1_20260729_01
vE8wJ17uidE_s0000539042_e0000550622,vE8wJ17uidE,539.042,550.622,11.58,1.0,1.0,4.74,/kaggle/working/cut_cutfix_full_tier1_20260729_01/tier1/400_440/media/vE8wJ17uidE_s0000539042_e0000550622.mp4,tier1,cuda,nvenc,cutfix_full_tier1_20260729_01
vE8wJ17uidE_s0000550914_e0000553150,vE8wJ17uidE,550.914,553.15,2.236,1.0,1.0,4.43,/kaggle/working/cut_cutfix_full_tier1_20260729_01/tier1/400_440/media/vE8wJ17uidE_s0000550914_e0000553150.mp4,tier1,cuda,nvenc,cutfix_full_tier1_20260729_01
vE8wJ17uidE_s0000553538_e0000559646,vE8wJ17uidE,553.538,559.646,6.108,1.0,1.0,5.95,/kaggle/working/cut_cutfix_full_tier1_20260729_01/tier1/400_440/media/vE8wJ17uidE_s0000553538_e0000559646.mp4,tier1,cuda,nvenc,cutfix_full_tier1_20260729_01
vE8wJ17uidE_s0000559874_e0000563998,vE8wJ17uidE,559.874,563.998,4.124,1.0,1.0,2.87,/kaggle/working/cut_cutfix_full_tier1_20260729_01/tier1/400_440/media/vE8wJ17uidE_s0000559874_e0000563998.mp4,tier1,cuda,nvenc,cutfix_full_tier1_20260729_01
vE8wJ17uidE_s0000564194_e0000568062,vE8wJ17uidE,564.194,568.062,3.868,1.0,1.0,6.11,/kaggle/working/cut_cutfix_full_tier1_20260729_01/tier1/400_440/media/vE8wJ17uidE_s0000564194_e0000568062.mp4,tier1,cuda,nvenc,cutfix_full_tier1_20260729_01
vE8wJ17uidE_s0000570146_e0000577982,vE8wJ17uidE,570.146,577.982,7.836,1.0,1.0,6.02,/kaggle/working/cut_cutfix_full_tier1_20260729_01/tier1/400_440/media/vE8wJ17uidE_s0000570146_e0000577982.mp4,tier1,cuda,nvenc,cutfix_full_tier1_20260729_01
vE8wJ17uidE_s0000578146_e0000583146,vE8wJ17uidE,578.146,583.146,5.0,1.0,1.0,3.38,/kaggle/working/cut_cutfix_full_tier1_20260729_01/tier1/400_440/media/vE8wJ17uidE_s0000578146_e0000583146.mp4,tier1,cuda,nvenc,cutfix_full_tier1_20260729_01
vE8wJ17uidE_s0000582146_e0000587146,vE8wJ17uidE,582.146,587.146,5.0,1.0,1.0,5.7,/kaggle/working/cut_cutfix_full_tier1_20260729_01/tier1/400_440/media/vE8wJ17uidE_s0000582146_e0000587146.mp4,tier1,cuda,nvenc,cutfix_full_tier1_20260729_01
vE8wJ17uidE_s0000586146_e0000591146,vE8wJ17uidE,586.146,591.146,5.0,1.0,1.0,4.86,/kaggle/working/cut_cutfix_full_tier1_20260729_01/tier1/400_440/media/vE8wJ17uidE_s0000586146_e0000591146.mp4,tier1,cuda,nvenc,cutfix_full_tier1_20260729_01
vE8wJ17uidE_s0000592642_e0000595038,vE8wJ17uidE,592.642,595.038,2.396,1.0,1.0,-13.71,/kaggle/working/cut_cutfix_full_tier1_20260729_01/tier1/400_440/media/vE8wJ17uidE_s0000592642_e0000595038.mp4,tier1,cuda,nvenc,cutfix_full_tier1_20260729_01
vE8wJ17uidE_s0000596194_e0000603934,vE8wJ17uidE,596.194,603.934,7.74,1.0,1.0,6.59,/kaggle/working/cut_cutfix_full_tier1_20260729_01/tier1/400_440/media/vE8wJ17uidE_s0000596194_e0000603934.mp4,tier1,cuda,nvenc,cutfix_full_tier1_20260729_01
vE8wJ17uidE_s0000607138_e0000612478,vE8wJ17uidE,607.138,612.478,5.34,1.0,1.0,5.52,/kaggle/working/cut_cutfix_full_tier1_20260729_01/tier1/400_440/media/vE8wJ17uidE_s0000607138_e0000612478.mp4,tier1,cuda,nvenc,cutfix_full_tier1_20260729_01
vE8wJ17uidE_s0000612706_e0000616254,vE8wJ17uidE,612.706,616.254,3.548,1.0,1.0,6.48,/kaggle/working/cut_cutfix_full_tier1_20260729_01/tier1/400_440/media/vE8wJ17uidE_s0000612706_e0000616254.mp4,tier1,cuda,nvenc,cutfix_full_tier1_20260729_01
vE8wJ17uidE_s0000616450_e0000619966,vE8wJ17uidE,616.45,619.966,3.516,1.0,1.0,5.68,/kaggle/working/cut_cutfix_full_tier1_20260729_01/tier1/400_440/media/vE8wJ17uidE_s0000616450_e0000619966.mp4,tier1,cuda,nvenc,cutfix_full_tier1_20260729_01
vE8wJ17uidE_s0000623554_e0000629758,vE8wJ17uidE,623.554,629.758,6.204,1.0,1.0,6.08,/kaggle/working/cut_cutfix_full_tier1_20260729_01/tier1/400_440/media/vE8wJ17uidE_s0000623554_e0000629758.mp4,tier1,cuda,nvenc,cutfix_full_tier1_20260729_01
vE8wJ17uidE_s0000631010_e0000634974,vE8wJ17uidE,631.01,634.974,3.964,1.0,1.0,6.41,/kaggle/working/cut_cutfix_full_tier1_20260729_01/tier1/400_440/media/vE8wJ17uidE_s0000631010_e0000634974.mp4,tier1,cuda,nvenc,cutfix_full_tier1_20260729_01
vE8wJ17uidE_s0000635138_e0000639134,vE8wJ17uidE,635.138,639.134,3.996,1.0,1.0,3.07,/kaggle/working/cut_cutfix_full_tier1_20260729_01/tier1/400_440/media/vE8wJ17uidE_s0000635138_e0000639134.mp4,tier1,cuda,nvenc,cutfix_full_tier1_20260729_01
vE8wJ17uidE_s0000639394_e0000648606,vE8wJ17uidE,639.394,648.606,9.212,1.0,1.0,5.79,/kaggle/working/cut_cutfix_full_tier1_20260729_01/tier1/400_440/media/vE8wJ17uidE_s0000639394_e0000648606.mp4,tier1,cuda,nvenc,cutfix_full_tier1_20260729_01
vE8wJ17uidE_s0000648930_e0000660030,vE8wJ17uidE,648.93,660.03,11.1,1.0,1.0,6.19,/kaggle/working/cut_cutfix_full_tier1_20260729_01/tier1/400_440/media/vE8wJ17uidE_s0000648930_e0000660030.mp4,tier1,cuda,nvenc,cutfix_full_tier1_20260729_01
vE8wJ17uidE_s0000660194_e0000665310,vE8wJ17uidE,660.194,665.31,5.116,1.0,1.0,1.38,/kaggle/working/cut_cutfix_full_tier1_20260729_01/tier1/400_440/media/vE8wJ17uidE_s0000660194_e0000665310.mp4,tier1,cuda,nvenc,cutfix_full_tier1_20260729_01
vE8wJ17uidE_s0000665602_e0000670602,vE8wJ17uidE,665.602,670.602,5.0,1.0,1.0,7.51,/kaggle/working/cut_cutfix_full_tier1_20260729_01/tier1/400_440/media/vE8wJ17uidE_s0000665602_e0000670602.mp4,tier1,cuda,nvenc,cutfix_full_tier1_20260729_01
vE8wJ17uidE_s0000669602_e0000674602,vE8wJ17uidE,669.602,674.602,5.0,1.0,1.0,5.11,/kaggle/working/cut_cutfix_full_tier1_20260729_01/tier1/400_440/media/vE8wJ17uidE_s0000669602_e0000674602.mp4,tier1,cuda,nvenc,cutfix_full_tier1_20260729_01
vE8wJ17uidE_s0000673602_e0000678270,vE8wJ17uidE,673.602,678.27,4.668,1.0,1.0,2.96,/kaggle/working/cut_cutfix_full_tier1_20260729_01/tier1/400_440/media/vE8wJ17uidE_s0000673602_e0000678270.mp4,tier1,cuda,nvenc,cutfix_full_tier1_20260729_01
vE8wJ17uidE_s0000678402_e0000683262,vE8wJ17uidE,678.402,683.262,4.86,1.0,1.0,5.65,/kaggle/working/cut_cutfix_full_tier1_20260729_01/tier1/400_440/media/vE8wJ17uidE_s0000678402_e0000683262.mp4,tier1,cuda,nvenc,cutfix_full_tier1_20260729_01
vE8wJ17uidE_s0000683458_e0000686430,vE8wJ17uidE,683.458,686.43,2.972,1.0,1.0,5.76,/kaggle/working/cut_cutfix_full_tier1_20260729_01/tier1/400_440/media/vE8wJ17uidE_s0000683458_e0000686430.mp4,tier1,cuda,nvenc,cutfix_full_tier1_20260729_01
vE8wJ17uidE_s0000686626_e0000690334,vE8wJ17uidE,686.626,690.334,3.708,1.0,1.0,4.96,/kaggle/working/cut_cutfix_full_tier1_20260729_01/tier1/400_440/media/vE8wJ17uidE_s0000686626_e0000690334.mp4,tier1,cuda,nvenc,cutfix_full_tier1_20260729_01
vE8wJ17uidE_s0000690466_e0000693086,vE8wJ17uidE,690.466,693.086,2.62,1.0,1.0,6.31,/kaggle/working/cut_cutfix_full_tier1_20260729_01/tier1/400_440/media/vE8wJ17uidE_s0000690466_e0000693086.mp4,tier1,cuda,nvenc,cutfix_full_tier1_20260729_01
vE8wJ17uidE_s0000694530_e0000705534,vE8wJ17uidE,694.53,705.534,11.004,1.0,1.0,5.44,/kaggle/working/cut_cutfix_full_tier1_20260729_01/tier1/400_440/media/vE8wJ17uidE_s0000694530_e0000705534.mp4,tier1,cuda,nvenc,cutfix_full_tier1_20260729_01
vE8wJ17uidE_s0000705922_e0000716286,vE8wJ17uidE,705.922,716.286,10.364,1.0,1.0,4.0,/kaggle/working/cut_cutfix_full_tier1_20260729_01/tier1/400_440/media/vE8wJ17uidE_s0000705922_e0000716286.mp4,tier1,cuda,nvenc,cutfix_full_tier1_20260729_01
vE8wJ17uidE_s0000716546_e0000725726,vE8wJ17uidE,716.546,725.726,9.18,1.0,1.0,6.09,/kaggle/working/cut_cutfix_full_tier1_20260729_01/tier1/400_440/media/vE8wJ17uidE_s0000716546_e0000725726.mp4,tier1,cuda,nvenc,cutfix_full_tier1_20260729_01
vE8wJ17uidE_s0000726242_e0000730878,vE8wJ17uidE,726.242,730.878,4.636,1.0,1.0,7.04,/kaggle/working/cut_cutfix_full_tier1_20260729_01/tier1/400_440/media/vE8wJ17uidE_s0000726242_e0000730878.mp4,tier1,cuda,nvenc,cutfix_full_tier1_20260729_01
vE8wJ17uidE_s0000731106_e0000733566,vE8wJ17uidE,731.106,733.566,2.46,1.0,1.0,5.38,/kaggle/working/cut_cutfix_full_tier1_20260729_01/tier1/400_440/media/vE8wJ17uidE_s0000731106_e0000733566.mp4,tier1,cuda,nvenc,cutfix_full_tier1_20260729_01
vE8wJ17uidE_s0000734050_e0000736766,vE8wJ17uidE,734.05,736.766,2.716,1.0,1.0,5.87,/kaggle/working/cut_cutfix_full_tier1_20260729_01/tier1/400_440/media/vE8wJ17uidE_s0000734050_e0000736766.mp4,tier1,cuda,nvenc,cutfix_full_tier1_20260729_01
vE8wJ17uidE_s0000736994_e0000741214,vE8wJ17uidE,736.994,741.214,4.22,1.0,1.0,4.43,/kaggle/working/cut_cutfix_full_tier1_20260729_01/tier1/400_440/media/vE8wJ17uidE_s0000736994_e0000741214.mp4,tier1,cuda,nvenc,cutfix_full_tier1_20260729_01
vE8wJ17uidE_s0000741410_e0000747262,vE8wJ17uidE,741.41,747.262,5.852,1.0,1.0,4.77,/kaggle/working/cut_cutfix_full_tier1_20260729_01/tier1/400_440/media/vE8wJ17uidE_s0000741410_e0000747262.mp4,tier1,cuda,nvenc,cutfix_full_tier1_20260729_01
vE8wJ17uidE_s0000749794_e0000755966,vE8wJ17uidE,749.794,755.966,6.172,1.0,1.0,6.5,/kaggle/working/cut_cutfix_full_tier1_20260729_01/tier1/400_440/media/vE8wJ17uidE_s0000749794_e0000755966.mp4,tier1,cuda,nvenc,cutfix_full_tier1_20260729_01
vE8wJ17uidE_s0000756066_e0000761086,vE8wJ17uidE,756.066,761.086,5.02,1.0,1.0,4.9,/kaggle/working/cut_cutfix_full_tier1_20260729_01/tier1/400_440/media/vE8wJ17uidE_s0000756066_e0000761086.mp4,tier1,cuda,nvenc,cutfix_full_tier1_20260729_01
vFhiH29FXxE_s0000008898_e0000013662,vFhiH29FXxE,8.898,13.662,4.764,1.0,1.0,6.19,/kaggle/working/cut_cutfix_full_tier1_20260729_01/tier1/400_440/media/vFhiH29FXxE_s0000008898_e0000013662.mp4,tier1,cuda,nvenc,cutfix_full_tier1_20260729_01
vFhiH29FXxE_s0000014018_e0000019018,vFhiH29FXxE,14.018,19.018,5.0,1.0,1.0,5.53,/kaggle/working/cut_cutfix_full_tier1_20260729_01/tier1/400_440/media/vFhiH29FXxE_s0000014018_e0000019018.mp4,tier1,cuda,nvenc,cutfix_full_tier1_20260729_01
vFhiH29FXxE_s0000018018_e0000023018,vFhiH29FXxE,18.018,23.018,5.0,1.0,1.0,4.36,/kaggle/working/cut_cutfix_full_tier1_20260729_01/tier1/400_440/media/vFhiH29FXxE_s0000018018_e0000023018.mp4,tier1,cuda,nvenc,cutfix_full_tier1_20260729_01
vFhiH29FXxE_s0000022018_e0000027018,vFhiH29FXxE,22.018,27.018,5.0,1.0,1.0,4.73,/kaggle/working/cut_cutfix_full_tier1_20260729_01/tier1/400_440/media/vFhiH29FXxE_s0000022018_e0000027018.mp4,tier1,cuda,nvenc,cutfix_full_tier1_20260729_01
vFhiH29FXxE_s0000026018_e0000028862,vFhiH29FXxE,26.018,28.862,2.844,1.0,1.0,4.67,/kaggle/working/cut_cutfix_full_tier1_20260729_01/tier1/400_440/media/vFhiH29FXxE_s0000026018_e0000028862.mp4,tier1,cuda,nvenc,cutfix_full_tier1_20260729_01
vFhiH29FXxE_s0000029218_e0000032414,vFhiH29FXxE,29.218,32.414,3.196,1.0,1.0,4.21,/kaggle/working/cut_cutfix_full_tier1_20260729_01/tier1/400_440/media/vFhiH29FXxE_s0000029218_e0000032414.mp4,tier1,cuda,nvenc,cutfix_full_tier1_20260729_01
vFhiH29FXxE_s0000061666_e0000065662,vFhiH29FXxE,61.666,65.662,3.996,1.0,1.0,2.6,/kaggle/working/cut_cutfix_full_tier1_20260729_01/tier1/400_440/media/vFhiH29FXxE_s0000061666_e0000065662.mp4,tier1,cuda,nvenc,cutfix_full_tier1_20260729_01
vFhiH29FXxE_s0000119298_e0000124958,vFhiH29FXxE,119.298,124.958,5.66,1.0,1.0,3.69,/kaggle/working/cut_cutfix_full_tier1_20260729_01/tier1/400_440/media/vFhiH29FXxE_s0000119298_e0000124958.mp4,tier1,cuda,nvenc,cutfix_full_tier1_20260729_01
vFhiH29FXxE_s0000125346_e0000129534,vFhiH29FXxE,125.346,129.534,4.188,1.0,1.0,4.04,/kaggle/working/cut_cutfix_full_tier1_20260729_01/tier1/400_440/media/vFhiH29FXxE_s0000125346_e0000129534.mp4,tier1,cuda,nvenc,cutfix_full_tier1_20260729_01
vFhiH29FXxE_s0000130018_e0000132158,vFhiH29FXxE,130.018,132.158,2.14,1.0,1.0,4.3,/kaggle/working/cut_cutfix_full_tier1_20260729_01/tier1/400_440/media/vFhiH29FXxE_s0000130018_e0000132158.mp4,tier1,cuda,nvenc,cutfix_full_tier1_20260729_01
vFhiH29FXxE_s0000155778_e0000161630,vFhiH29FXxE,155.778,161.63,5.852,1.0,1.0,6.1,/kaggle/working/cut_cutfix_full_tier1_20260729_01/tier1/400_440/media/vFhiH29FXxE_s0000155778_e0000161630.mp4,tier1,cuda,nvenc,cutfix_full_tier1_20260729_01
vFhiH29FXxE_s0000197762_e0000199998,vFhiH29FXxE,197.762,199.998,2.236,1.0,1.0,4.63,/kaggle/working/cut_cutfix_full_tier1_20260729_01/tier1/400_440/media/vFhiH29FXxE_s0000197762_e0000199998.mp4,tier1,cuda,nvenc,cutfix_full_tier1_20260729_01
vFhiH29FXxE_s0000209314_e0000214314,vFhiH29FXxE,209.314,214.314,5.0,1.0,1.0,5.6,/kaggle/working/cut_cutfix_full_tier1_20260729_01/tier1/400_440/media/vFhiH29FXxE_s0000209314_e0000214314.mp4,tier1,cuda,nvenc,cutfix_full_tier1_20260729_01
vFhiH29FXxE_s0000213314_e0000218314,vFhiH29FXxE,213.314,218.314,5.0,1.0,1.0,5.22,/kaggle/working/cut_cutfix_full_tier1_20260729_01/tier1/400_440/media/vFhiH29FXxE_s0000213314_e0000218314.mp4,tier1,cuda,nvenc,cutfix_full_tier1_20260729_01
vFhiH29FXxE_s0000217314_e0000222314,vFhiH29FXxE,217.314,222.314,5.0,1.0,1.0,4.83,/kaggle/working/cut_cutfix_full_tier1_20260729_01/tier1/400_440/media/vFhiH29FXxE_s0000217314_e0000222314.mp4,tier1,cuda,nvenc,cutfix_full_tier1_20260729_01
vFhiH29FXxE_s0000251522_e0000254846,vFhiH29FXxE,251.522,254.846,3.324,1.0,1.0,4.65,/kaggle/working/cut_cutfix_full_tier1_20260729_01/tier1/400_440/media/vFhiH29FXxE_s0000251522_e0000254846.mp4,tier1,cuda,nvenc,cutfix_full_tier1_20260729_01
vFhiH29FXxE_s0000255042_e0000257534,vFhiH29FXxE,255.042,257.534,2.492,1.0,1.0,6.13,/kaggle/working/cut_cutfix_full_tier1_20260729_01/tier1/400_440/media/vFhiH29FXxE_s0000255042_e0000257534.mp4,tier1,cuda,nvenc,cutfix_full_tier1_20260729_01
vFhiH29FXxE_s0000284994_e0000292926,vFhiH29FXxE,284.994,292.926,7.932,1.0,1.0,3.16,/kaggle/working/cut_cutfix_full_tier1_20260729_01/tier1/400_440/media/vFhiH29FXxE_s0000284994_e0000292926.mp4,tier1,cuda,nvenc,cutfix_full_tier1_20260729_01
vFhiH29FXxE_s0000339586_e0000345470,vFhiH29FXxE,339.586,345.47,5.884,1.0,1.0,4.43,/kaggle/working/cut_cutfix_full_tier1_20260729_01/tier1/400_440/media/vFhiH29FXxE_s0000339586_e0000345470.mp4,tier1,cuda,nvenc,cutfix_full_tier1_20260729_01
vFhiH29FXxE_s0000345602_e0000348670,vFhiH29FXxE,345.602,348.67,3.068,1.0,1.0,4.64,/kaggle/working/cut_cutfix_full_tier1_20260729_01/tier1/400_440/media/vFhiH29FXxE_s0000345602_e0000348670.mp4,tier1,cuda,nvenc,cutfix_full_tier1_20260729_01
vFhiH29FXxE_s0000351618_e0000356414,vFhiH29FXxE,351.618,356.414,4.796,1.0,1.0,4.77,/kaggle/working/cut_cutfix_full_tier1_20260729_01/tier1/400_440/media/vFhiH29FXxE_s0000351618_e0000356414.mp4,tier1,cuda,nvenc,cutfix_full_tier1_20260729_01
vFhiH29FXxE_s0000356578_e0000359326,vFhiH29FXxE,356.578,359.326,2.748,1.0,1.0,3.63,/kaggle/working/cut_cutfix_full_tier1_20260729_01/tier1/400_440/media/vFhiH29FXxE_s0000356578_e0000359326.mp4,tier1,cuda,nvenc,cutfix_full_tier1_20260729_01
vFhiH29FXxE_s0000359618_e0000365214,vFhiH29FXxE,359.618,365.214,5.596,1.0,1.0,4.31,/kaggle/working/cut_cutfix_full_tier1_20260729_01/tier1/400_440/media/vFhiH29FXxE_s0000359618_e0000365214.mp4,tier1,cuda,nvenc,cutfix_full_tier1_20260729_01
vFhiH29FXxE_s0000365698_e0000368318,vFhiH29FXxE,365.698,368.318,2.62,1.0,1.0,3.41,/kaggle/working/cut_cutfix_full_tier1_20260729_01/tier1/400_440/media/vFhiH29FXxE_s0000365698_e0000368318.mp4,tier1,cuda,nvenc,cutfix_full_tier1_20260729_01
vFhiH29FXxE_s0000370274_e0000374398,vFhiH29FXxE,370.274,374.398,4.124,1.0,1.0,3.97,/kaggle/working/cut_cutfix_full_tier1_20260729_01/tier1/400_440/media/vFhiH29FXxE_s0000370274_e0000374398.mp4,tier1,cuda,nvenc,cutfix_full_tier1_20260729_01
vFhiH29FXxE_s0000382210_e0000384862,vFhiH29FXxE,382.21,384.862,2.652,1.0,1.0,4.21,/kaggle/working/cut_cutfix_full_tier1_20260729_01/tier1/400_440/media/vFhiH29FXxE_s0000382210_e0000384862.mp4,tier1,cuda,nvenc,cutfix_full_tier1_20260729_01
vFhiH29FXxE_s0000399938_e0000402014,vFhiH29FXxE,399.938,402.014,2.076,1.0,1.0,5.97,/kaggle/working/cut_cutfix_full_tier1_20260729_01/tier1/400_440/media/vFhiH29FXxE_s0000399938_e0000402014.mp4,tier1,cuda,nvenc,cutfix_full_tier1_20260729_01
vFhiH29FXxE_s0000423298_e0000428126,vFhiH29FXxE,423.298,428.126,4.828,1.0,1.0,4.07,/kaggle/working/cut_cutfix_full_tier1_20260729_01/tier1/400_440/media/vFhiH29FXxE_s0000423298_e0000428126.mp4,tier1,cuda,nvenc,cutfix_full_tier1_20260729_01
vFhiH29FXxE_s0000428226_e0000430334,vFhiH29FXxE,428.226,430.334,2.108,1.0,1.0,4.44,/kaggle/working/cut_cutfix_full_tier1_20260729_01/tier1/400_440/media/vFhiH29FXxE_s0000428226_e0000430334.mp4,tier1,cuda,nvenc,cutfix_full_tier1_20260729_01
vFhiH29FXxE_s0000432002_e0000434238,vFhiH29FXxE,432.002,434.238,2.236,1.0,1.0,4.36,/kaggle/working/cut_cutfix_full_tier1_20260729_01/tier1/400_440/media/vFhiH29FXxE_s0000432002_e0000434238.mp4,tier1,cuda,nvenc,cutfix_full_tier1_20260729_01
vFhiH29FXxE_s0000456098_e0000460286,vFhiH29FXxE,456.098,460.286,4.188,1.0,1.0,3.93,/kaggle/working/cut_cutfix_full_tier1_20260729_01/tier1/400_440/media/vFhiH29FXxE_s0000456098_e0000460286.mp4,tier1,cuda,nvenc,cutfix_full_tier1_20260729_01
vFhiH29FXxE_s0000462498_e0000464926,vFhiH29FXxE,462.498,464.926,2.428,1.0,1.0,3.68,/kaggle/working/cut_cutfix_full_tier1_20260729_01/tier1/400_440/media/vFhiH29FXxE_s0000462498_e0000464926.mp4,tier1,cuda,nvenc,cutfix_full_tier1_20260729_01
vFhiH29FXxE_s0000466338_e0000468638,vFhiH29FXxE,466.338,468.638,2.3,1.0,1.0,4.57,/kaggle/working/cut_cutfix_full_tier1_20260729_01/tier1/400_440/media/vFhiH29FXxE_s0000466338_e0000468638.mp4,tier1,cuda,nvenc,cutfix_full_tier1_20260729_01
vFhiH29FXxE_s0000497890_e0000505598,vFhiH29FXxE,497.89,505.598,7.708,1.0,1.0,5.87,/kaggle/working/cut_cutfix_full_tier1_20260729_01/tier1/400_440/media/vFhiH29FXxE_s0000497890_e0000505598.mp4,tier1,cuda,nvenc,cutfix_full_tier1_20260729_01
vFhiH29FXxE_s0000505698_e0000510110,vFhiH29FXxE,505.698,510.11,4.412,1.0,1.0,4.62,/kaggle/working/cut_cutfix_full_tier1_20260729_01/tier1/400_440/media/vFhiH29FXxE_s0000505698_e0000510110.mp4,tier1,cuda,nvenc,cutfix_full_tier1_20260729_01
vFhiH29FXxE_s0000510242_e0000516222,vFhiH29FXxE,510.242,516.222,5.98,1.0,1.0,4.39,/kaggle/working/cut_cutfix_full_tier1_20260729_01/tier1/400_440/media/vFhiH29FXxE_s0000510242_e0000516222.mp4,tier1,cuda,nvenc,cutfix_full_tier1_20260729_01
vFhiH29FXxE_s0000519170_e0000524170,vFhiH29FXxE,519.17,524.17,5.0,0.8,1.0,6.46,/kaggle/working/cut_cutfix_full_tier1_20260729_01/tier1/400_440/media/vFhiH29FXxE_s0000519170_e0000524170.mp4,tier1,cuda,nvenc,cutfix_full_tier1_20260729_01
vFhiH29FXxE_s0000523170_e0000528170,vFhiH29FXxE,523.17,528.17,5.0,1.0,1.0,6.02,/kaggle/working/cut_cutfix_full_tier1_20260729_01/tier1/400_440/media/vFhiH29FXxE_s0000523170_e0000528170.mp4,tier1,cuda,nvenc,cutfix_full_tier1_20260729_01
vFhiH29FXxE_s0000527170_e0000532170,vFhiH29FXxE,527.17,532.17,5.0,1.0,1.0,5.96,/kaggle/working/cut_cutfix_full_tier1_20260729_01/tier1/400_440/media/vFhiH29FXxE_s0000527170_e0000532170.mp4,tier1,cuda,nvenc,cutfix_full_tier1_20260729_01
vFhiH29FXxE_s0000536034_e0000538270,vFhiH29FXxE,536.034,538.27,2.236,1.0,1.0,5.26,/kaggle/working/cut_cutfix_full_tier1_20260729_01/tier1/400_440/media/vFhiH29FXxE_s0000536034_e0000538270.mp4,tier1,cuda,nvenc,cutfix_full_tier1_20260729_01
vFhiH29FXxE_s0000540930_e0000543614,vFhiH29FXxE,540.93,543.614,2.684,1.0,1.0,5.45,/kaggle/working/cut_cutfix_full_tier1_20260729_01/tier1/400_440/media/vFhiH29FXxE_s0000540930_e0000543614.mp4,tier1,cuda,nvenc,cutfix_full_tier1_20260729_01
vFhiH29FXxE_s0000605570_e0000609054,vFhiH29FXxE,605.57,609.054,3.484,1.0,1.0,6.31,/kaggle/working/cut_cutfix_full_tier1_20260729_01/tier1/400_440/media/vFhiH29FXxE_s0000605570_e0000609054.mp4,tier1,cuda,nvenc,cutfix_full_tier1_20260729_01
vFhiH29FXxE_s0000609186_e0000613278,vFhiH29FXxE,609.186,613.278,4.092,1.0,1.0,5.11,/kaggle/working/cut_cutfix_full_tier1_20260729_01/tier1/400_440/media/vFhiH29FXxE_s0000609186_e0000613278.mp4,tier1,cuda,nvenc,cutfix_full_tier1_20260729_01
vFhiH29FXxE_s0000615682_e0000621982,vFhiH29FXxE,615.682,621.982,6.3,1.0,1.0,3.77,/kaggle/working/cut_cutfix_full_tier1_20260729_01/tier1/400_440/media/vFhiH29FXxE_s0000615682_e0000621982.mp4,tier1,cuda,nvenc,cutfix_full_tier1_20260729_01
vFhiH29FXxE_s0000640322_e0000643678,vFhiH29FXxE,640.322,643.678,3.356,1.0,1.0,4.57,/kaggle/working/cut_cutfix_full_tier1_20260729_01/tier1/400_440/media/vFhiH29FXxE_s0000640322_e0000643678.mp4,tier1,cuda,nvenc,cutfix_full_tier1_20260729_01
vFhiH29FXxE_s0000666434_e0000668478,vFhiH29FXxE,666.434,668.478,2.044,1.0,1.0,2.11,/kaggle/working/cut_cutfix_full_tier1_20260729_01/tier1/400_440/media/vFhiH29FXxE_s0000666434_e0000668478.mp4,tier1,cuda,nvenc,cutfix_full_tier1_20260729_01
vFhiH29FXxE_s0000668930_e0000671134,vFhiH29FXxE,668.93,671.134,2.204,1.0,1.0,1.31,/kaggle/working/cut_cutfix_full_tier1_20260729_01/tier1/400_440/media/vFhiH29FXxE_s0000668930_e0000671134.mp4,tier1,cuda,nvenc,cutfix_full_tier1_20260729_01
vFhiH29FXxE_s0000676610_e0000678750,vFhiH29FXxE,676.61,678.75,2.14,1.0,1.0,0.68,/kaggle/working/cut_cutfix_full_tier1_20260729_01/tier1/400_440/media/vFhiH29FXxE_s0000676610_e0000678750.mp4,tier1,cuda,nvenc,cutfix_full_tier1_20260729_01
vFhiH29FXxE_s0000678978_e0000681758,vFhiH29FXxE,678.978,681.758,2.78,1.0,1.0,1.05,/kaggle/working/cut_cutfix_full_tier1_20260729_01/tier1/400_440/media/vFhiH29FXxE_s0000678978_e0000681758.mp4,tier1,cuda,nvenc,cutfix_full_tier1_20260729_01
vFhiH29FXxE_s0000700930_e0000703710,vFhiH29FXxE,700.93,703.71,2.78,1.0,1.0,6.22,/kaggle/working/cut_cutfix_full_tier1_20260729_01/tier1/400_440/media/vFhiH29FXxE_s0000700930_e0000703710.mp4,tier1,cuda,nvenc,cutfix_full_tier1_20260729_01
vFhiH29FXxE_s0000705762_e0000708190,vFhiH29FXxE,705.762,708.19,2.428,1.0,1.0,5.97,/kaggle/working/cut_cutfix_full_tier1_20260729_01/tier1/400_440/media/vFhiH29FXxE_s0000705762_e0000708190.mp4,tier1,cuda,nvenc,cutfix_full_tier1_20260729_01
vFhiH29FXxE_s0000708290_e0000711518,vFhiH29FXxE,708.29,711.518,3.228,1.0,1.0,5.58,/kaggle/working/cut_cutfix_full_tier1_20260729_01/tier1/400_440/media/vFhiH29FXxE_s0000708290_e0000711518.mp4,tier1,cuda,nvenc,cutfix_full_tier1_20260729_01
vFhiH29FXxE_s0000713282_e0000715870,vFhiH29FXxE,713.282,715.87,2.588,1.0,1.0,3.27,/kaggle/working/cut_cutfix_full_tier1_20260729_01/tier1/400_440/media/vFhiH29FXxE_s0000713282_e0000715870.mp4,tier1,cuda,nvenc,cutfix_full_tier1_20260729_01
vFhiH29FXxE_s0000716034_e0000719134,vFhiH29FXxE,716.034,719.134,3.1,1.0,1.0,4.61,/kaggle/working/cut_cutfix_full_tier1_20260729_01/tier1/400_440/media/vFhiH29FXxE_s0000716034_e0000719134.mp4,tier1,cuda,nvenc,cutfix_full_tier1_20260729_01
vFhiH29FXxE_s0000719426_e0000723486,vFhiH29FXxE,719.426,723.486,4.06,1.0,1.0,5.06,/kaggle/working/cut_cutfix_full_tier1_20260729_01/tier1/400_440/media/vFhiH29FXxE_s0000719426_e0000723486.mp4,tier1,cuda,nvenc,cutfix_full_tier1_20260729_01
vFhiH29FXxE_s0000748066_e0000758174,vFhiH29FXxE,748.066,758.174,10.108,1.0,1.0,5.8,/kaggle/working/cut_cutfix_full_tier1_20260729_01/tier1/400_440/media/vFhiH29FXxE_s0000748066_e0000758174.mp4,tier1,cuda,nvenc,cutfix_full_tier1_20260729_01
vFhiH29FXxE_s0000758434_e0000769118,vFhiH29FXxE,758.434,769.118,10.684,1.0,1.0,4.35,/kaggle/working/cut_cutfix_full_tier1_20260729_01/tier1/400_440/media/vFhiH29FXxE_s0000758434_e0000769118.mp4,tier1,cuda,nvenc,cutfix_full_tier1_20260729_01
vFhiH29FXxE_s0000774114_e0000779114,vFhiH29FXxE,774.114,779.114,5.0,1.0,1.0,7.2,/kaggle/working/cut_cutfix_full_tier1_20260729_01/tier1/400_440/media/vFhiH29FXxE_s0000774114_e0000779114.mp4,tier1,cuda,nvenc,cutfix_full_tier1_20260729_01
vFhiH29FXxE_s0000778114_e0000783114,vFhiH29FXxE,778.114,783.114,5.0,1.0,1.0,5.51,/kaggle/working/cut_cutfix_full_tier1_20260729_01/tier1/400_440/media/vFhiH29FXxE_s0000778114_e0000783114.mp4,tier1,cuda,nvenc,cutfix_full_tier1_20260729_01
vFhiH29FXxE_s0000788354_e0000792606,vFhiH29FXxE,788.354,792.606,4.252,1.0,1.0,3.54,/kaggle/working/cut_cutfix_full_tier1_20260729_01/tier1/400_440/media/vFhiH29FXxE_s0000788354_e0000792606.mp4,tier1,cuda,nvenc,cutfix_full_tier1_20260729_01
vFhiH29FXxE_s0000793186_e0000795230,vFhiH29FXxE,793.186,795.23,2.044,1.0,1.0,4.01,/kaggle/working/cut_cutfix_full_tier1_20260729_01/tier1/400_440/media/vFhiH29FXxE_s0000793186_e0000795230.mp4,tier1,cuda,nvenc,cutfix_full_tier1_20260729_01
vFhiH29FXxE_s0000827298_e0000831230,vFhiH29FXxE,827.298,831.23,3.932,1.0,1.0,6.14,/kaggle/working/cut_cutfix_full_tier1_20260729_01/tier1/400_440/media/vFhiH29FXxE_s0000827298_e0000831230.mp4,tier1,cuda,nvenc,cutfix_full_tier1_20260729_01
vFhiH29FXxE_s0000831330_e0000833502,vFhiH29FXxE,831.33,833.502,2.172,1.0,1.0,4.18,/kaggle/working/cut_cutfix_full_tier1_20260729_01/tier1/400_440/media/vFhiH29FXxE_s0000831330_e0000833502.mp4,tier1,cuda,nvenc,cutfix_full_tier1_20260729_01
vFhiH29FXxE_s0000848514_e0000852350,vFhiH29FXxE,848.514,852.35,3.836,1.0,1.0,5.95,/kaggle/working/cut_cutfix_full_tier1_20260729_01/tier1/400_440/media/vFhiH29FXxE_s0000848514_e0000852350.mp4,tier1,cuda,nvenc,cutfix_full_tier1_20260729_01
vFhiH29FXxE_s0000852706_e0000854974,vFhiH29FXxE,852.706,854.974,2.268,1.0,1.0,5.77,/kaggle/working/cut_cutfix_full_tier1_20260729_01/tier1/400_440/media/vFhiH29FXxE_s0000852706_e0000854974.mp4,tier1,cuda,nvenc,cutfix_full_tier1_20260729_01
vFhiH29FXxE_s0000855394_e0000858110,vFhiH29FXxE,855.394,858.11,2.716,1.0,1.0,5.76,/kaggle/working/cut_cutfix_full_tier1_20260729_01/tier1/400_440/media/vFhiH29FXxE_s0000855394_e0000858110.mp4,tier1,cuda,nvenc,cutfix_full_tier1_20260729_01
vFhiH29FXxE_s0000860642_e0000866782,vFhiH29FXxE,860.642,866.782,6.14,1.0,1.0,5.19,/kaggle/working/cut_cutfix_full_tier1_20260729_01/tier1/400_440/media/vFhiH29FXxE_s0000860642_e0000866782.mp4,tier1,cuda,nvenc,cutfix_full_tier1_20260729_01
vFhiH29FXxE_s0000882754_e0000891806,vFhiH29FXxE,882.754,891.806,9.052,1.0,1.0,4.63,/kaggle/working/cut_cutfix_full_tier1_20260729_01/tier1/400_440/media/vFhiH29FXxE_s0000882754_e0000891806.mp4,tier1,cuda,nvenc,cutfix_full_tier1_20260729_01
vFhiH29FXxE_s0000922978_e0000927978,vFhiH29FXxE,922.978,927.978,5.0,1.0,1.0,5.73,/kaggle/working/cut_cutfix_full_tier1_20260729_01/tier1/400_440/media/vFhiH29FXxE_s0000922978_e0000927978.mp4,tier1,cuda,nvenc,cutfix_full_tier1_20260729_01
vFhiH29FXxE_s0000942146_e0000945086,vFhiH29FXxE,942.146,945.086,2.94,1.0,1.0,5.68,/kaggle/working/cut_cutfix_full_tier1_20260729_01/tier1/400_440/media/vFhiH29FXxE_s0000942146_e0000945086.mp4,tier1,cuda,nvenc,cutfix_full_tier1_20260729_01
vMcmYmAI4Ew_s0000035746_e0000039710,vMcmYmAI4Ew,35.746,39.71,3.964,1.0,1.0,-2.3,/kaggle/working/cut_cutfix_full_tier1_20260729_01/tier1/400_440/media/vMcmYmAI4Ew_s0000035746_e0000039710.mp4,tier1,cuda,nvenc,cutfix_full_tier1_20260729_01
vMcmYmAI4Ew_s0000039906_e0000042142,vMcmYmAI4Ew,39.906,42.142,2.236,1.0,1.0,-2.21,/kaggle/working/cut_cutfix_full_tier1_20260729_01/tier1/400_440/media/vMcmYmAI4Ew_s0000039906_e0000042142.mp4,tier1,cuda,nvenc,cutfix_full_tier1_20260729_01
vMcmYmAI4Ew_s0000075298_e0000086782,vMcmYmAI4Ew,75.298,86.782,11.484,1.0,1.0,-3.86,/kaggle/working/cut_cutfix_full_tier1_20260729_01/tier1/400_440/media/vMcmYmAI4Ew_s0000075298_e0000086782.mp4,tier1,cuda,nvenc,cutfix_full_tier1_20260729_01
vMcmYmAI4Ew_s0000086914_e0000093630,vMcmYmAI4Ew,86.914,93.63,6.716,1.0,1.0,-4.41,/kaggle/working/cut_cutfix_full_tier1_20260729_01/tier1/400_440/media/vMcmYmAI4Ew_s0000086914_e0000093630.mp4,tier1,cuda,nvenc,cutfix_full_tier1_20260729_01
vMcmYmAI4Ew_s0000094082_e0000096926,vMcmYmAI4Ew,94.082,96.926,2.844,1.0,1.0,0.22,/kaggle/working/cut_cutfix_full_tier1_20260729_01/tier1/400_440/media/vMcmYmAI4Ew_s0000094082_e0000096926.mp4,tier1,cuda,nvenc,cutfix_full_tier1_20260729_01
vMcmYmAI4Ew_s0000104258_e0000107870,vMcmYmAI4Ew,104.258,107.87,3.612,1.0,1.0,-0.69,/kaggle/working/cut_cutfix_full_tier1_20260729_01/tier1/400_440/media/vMcmYmAI4Ew_s0000104258_e0000107870.mp4,tier1,cuda,nvenc,cutfix_full_tier1_20260729_01
vMcmYmAI4Ew_s0000119938_e0000123934,vMcmYmAI4Ew,119.938,123.934,3.996,1.0,1.0,-1.61,/kaggle/working/cut_cutfix_full_tier1_20260729_01/tier1/400_440/media/vMcmYmAI4Ew_s0000119938_e0000123934.mp4,tier1,cuda,nvenc,cutfix_full_tier1_20260729_01
vMcmYmAI4Ew_s0000124322_e0000126622,vMcmYmAI4Ew,124.322,126.622,2.3,1.0,1.0,-0.56,/kaggle/working/cut_cutfix_full_tier1_20260729_01/tier1/400_440/media/vMcmYmAI4Ew_s0000124322_e0000126622.mp4,tier1,cuda,nvenc,cutfix_full_tier1_20260729_01
vMcmYmAI4Ew_s0000127042_e0000129598,vMcmYmAI4Ew,127.042,129.598,2.556,1.0,1.0,-0.82,/kaggle/working/cut_cutfix_full_tier1_20260729_01/tier1/400_440/media/vMcmYmAI4Ew_s0000127042_e0000129598.mp4,tier1,cuda,nvenc,cutfix_full_tier1_20260729_01
vMcmYmAI4Ew_s0000129698_e0000132062,vMcmYmAI4Ew,129.698,132.062,2.364,1.0,1.0,-3.79,/kaggle/working/cut_cutfix_full_tier1_20260729_01/tier1/400_440/media/vMcmYmAI4Ew_s0000129698_e0000132062.mp4,tier1,cuda,nvenc,cutfix_full_tier1_20260729_01
vMcmYmAI4Ew_s0000142242_e0000144638,vMcmYmAI4Ew,142.242,144.638,2.396,1.0,1.0,-3.17,/kaggle/working/cut_cutfix_full_tier1_20260729_01/tier1/400_440/media/vMcmYmAI4Ew_s0000142242_e0000144638.mp4,tier1,cuda,nvenc,cutfix_full_tier1_20260729_01
vMcmYmAI4Ew_s0000146530_e0000153054,vMcmYmAI4Ew,146.53,153.054,6.524,1.0,1.0,-4.11,/kaggle/working/cut_cutfix_full_tier1_20260729_01/tier1/400_440/media/vMcmYmAI4Ew_s0000146530_e0000153054.mp4,tier1,cuda,nvenc,cutfix_full_tier1_20260729_01
vMcmYmAI4Ew_s0000158786_e0000161758,vMcmYmAI4Ew,158.786,161.758,2.972,1.0,1.0,0.13,/kaggle/working/cut_cutfix_full_tier1_20260729_01/tier1/400_440/media/vMcmYmAI4Ew_s0000158786_e0000161758.mp4,tier1,cuda,nvenc,cutfix_full_tier1_20260729_01
vMcmYmAI4Ew_s0000161858_e0000169118,vMcmYmAI4Ew,161.858,169.118,7.26,1.0,1.0,-1.36,/kaggle/working/cut_cutfix_full_tier1_20260729_01/tier1/400_440/media/vMcmYmAI4Ew_s0000161858_e0000169118.mp4,tier1,cuda,nvenc,cutfix_full_tier1_20260729_01
vMcmYmAI4Ew_s0000169218_e0000175838,vMcmYmAI4Ew,169.218,175.838,6.62,1.0,1.0,-1.66,/kaggle/working/cut_cutfix_full_tier1_20260729_01/tier1/400_440/media/vMcmYmAI4Ew_s0000169218_e0000175838.mp4,tier1,cuda,nvenc,cutfix_full_tier1_20260729_01
vMcmYmAI4Ew_s0000178178_e0000181022,vMcmYmAI4Ew,178.178,181.022,2.844,1.0,1.0,-2.28,/kaggle/working/cut_cutfix_full_tier1_20260729_01/tier1/400_440/media/vMcmYmAI4Ew_s0000178178_e0000181022.mp4,tier1,cuda,nvenc,cutfix_full_tier1_20260729_01
vMcmYmAI4Ew_s0000189154_e0000191326,vMcmYmAI4Ew,189.154,191.326,2.172,1.0,1.0,-2.26,/kaggle/working/cut_cutfix_full_tier1_20260729_01/tier1/400_440/media/vMcmYmAI4Ew_s0000189154_e0000191326.mp4,tier1,cuda,nvenc,cutfix_full_tier1_20260729_01
vMcmYmAI4Ew_s0000194146_e0000199146,vMcmYmAI4Ew,194.146,199.146,5.0,1.0,1.0,-1.58,/kaggle/working/cut_cutfix_full_tier1_20260729_01/tier1/400_440/media/vMcmYmAI4Ew_s0000194146_e0000199146.mp4,tier1,cuda,nvenc,cutfix_full_tier1_20260729_01
vMcmYmAI4Ew_s0000198146_e0000203146,vMcmYmAI4Ew,198.146,203.146,5.0,1.0,1.0,-2.33,/kaggle/working/cut_cutfix_full_tier1_20260729_01/tier1/400_440/media/vMcmYmAI4Ew_s0000198146_e0000203146.mp4,tier1,cuda,nvenc,cutfix_full_tier1_20260729_01
vMcmYmAI4Ew_s0000202146_e0000207146,vMcmYmAI4Ew,202.146,207.146,5.0,1.0,1.0,-2.43,/kaggle/working/cut_cutfix_full_tier1_20260729_01/tier1/400_440/media/vMcmYmAI4Ew_s0000202146_e0000207146.mp4,tier1,cuda,nvenc,cutfix_full_tier1_20260729_01
vMcmYmAI4Ew_s0000207970_e0000211358,vMcmYmAI4Ew,207.97,211.358,3.388,1.0,1.0,-3.16,/kaggle/working/cut_cutfix_full_tier1_20260729_01/tier1/400_440/media/vMcmYmAI4Ew_s0000207970_e0000211358.mp4,tier1,cuda,nvenc,cutfix_full_tier1_20260729_01
vMcmYmAI4Ew_s0000273698_e0000281534,vMcmYmAI4Ew,273.698,281.534,7.836,1.0,1.0,-3.94,/kaggle/working/cut_cutfix_full_tier1_20260729_01/tier1/400_440/media/vMcmYmAI4Ew_s0000273698_e0000281534.mp4,tier1,cuda,nvenc,cutfix_full_tier1_20260729_01
vMcmYmAI4Ew_s0000322210_e0000331742,vMcmYmAI4Ew,322.21,331.742,9.532,1.0,1.0,-1.58,/kaggle/working/cut_cutfix_full_tier1_20260729_01/tier1/400_440/media/vMcmYmAI4Ew_s0000322210_e0000331742.mp4,tier1,cuda,nvenc,cutfix_full_tier1_20260729_01
vMcmYmAI4Ew_s0000331938_e0000335710,vMcmYmAI4Ew,331.938,335.71,3.772,1.0,1.0,-3.38,/kaggle/working/cut_cutfix_full_tier1_20260729_01/tier1/400_440/media/vMcmYmAI4Ew_s0000331938_e0000335710.mp4,tier1,cuda,nvenc,cutfix_full_tier1_20260729_01
vMcmYmAI4Ew_s0000378050_e0000383050,vMcmYmAI4Ew,378.05,383.05,5.0,1.0,1.0,-3.64,/kaggle/working/cut_cutfix_full_tier1_20260729_01/tier1/400_440/media/vMcmYmAI4Ew_s0000378050_e0000383050.mp4,tier1,cuda,nvenc,cutfix_full_tier1_20260729_01
vMcmYmAI4Ew_s0000382050_e0000387050,vMcmYmAI4Ew,382.05,387.05,5.0,1.0,1.0,-1.29,/kaggle/working/cut_cutfix_full_tier1_20260729_01/tier1/400_440/media/vMcmYmAI4Ew_s0000382050_e0000387050.mp4,tier1,cuda,nvenc,cutfix_full_tier1_20260729_01
vMcmYmAI4Ew_s0000386050_e0000391050,vMcmYmAI4Ew,386.05,391.05,5.0,1.0,1.0,-1.64,/kaggle/working/cut_cutfix_full_tier1_20260729_01/tier1/400_440/media/vMcmYmAI4Ew_s0000386050_e0000391050.mp4,tier1,cuda,nvenc,cutfix_full_tier1_20260729_01
vMcmYmAI4Ew_s0000409538_e0000414334,vMcmYmAI4Ew,409.538,414.334,4.796,1.0,1.0,-2.51,/kaggle/working/cut_cutfix_full_tier1_20260729_01/tier1/400_440/media/vMcmYmAI4Ew_s0000409538_e0000414334.mp4,tier1,cuda,nvenc,cutfix_full_tier1_20260729_01
vMcmYmAI4Ew_s0000414498_e0000423230,vMcmYmAI4Ew,414.498,423.23,8.732,1.0,1.0,-3.81,/kaggle/working/cut_cutfix_full_tier1_20260729_01/tier1/400_440/media/vMcmYmAI4Ew_s0000414498_e0000423230.mp4,tier1,cuda,nvenc,cutfix_full_tier1_20260729_01
vMcmYmAI4Ew_s0000432578_e0000435454,vMcmYmAI4Ew,432.578,435.454,2.876,1.0,1.0,-2.21,/kaggle/working/cut_cutfix_full_tier1_20260729_01/tier1/400_440/media/vMcmYmAI4Ew_s0000432578_e0000435454.mp4,tier1,cuda,nvenc,cutfix_full_tier1_20260729_01
vMcmYmAI4Ew_s0000435618_e0000437886,vMcmYmAI4Ew,435.618,437.886,2.268,1.0,1.0,-1.61,/kaggle/working/cut_cutfix_full_tier1_20260729_01/tier1/400_440/media/vMcmYmAI4Ew_s0000435618_e0000437886.mp4,tier1,cuda,nvenc,cutfix_full_tier1_20260729_01
vMcmYmAI4Ew_s0000438306_e0000440670,vMcmYmAI4Ew,438.306,440.67,2.364,1.0,1.0,-1.34,/kaggle/working/cut_cutfix_full_tier1_20260729_01/tier1/400_440/media/vMcmYmAI4Ew_s0000438306_e0000440670.mp4,tier1,cuda,nvenc,cutfix_full_tier1_20260729_01
vMcmYmAI4Ew_s0000476194_e0000486654,vMcmYmAI4Ew,476.194,486.654,10.46,1.0,1.0,-2.13,/kaggle/working/cut_cutfix_full_tier1_20260729_01/tier1/400_440/media/vMcmYmAI4Ew_s0000476194_e0000486654.mp4,tier1,cuda,nvenc,cutfix_full_tier1_20260729_01
vMcmYmAI4Ew_s0000488898_e0000498878,vMcmYmAI4Ew,488.898,498.878,9.98,1.0,1.0,-2.15,/kaggle/working/cut_cutfix_full_tier1_20260729_01/tier1/400_440/media/vMcmYmAI4Ew_s0000488898_e0000498878.mp4,tier1,cuda,nvenc,cutfix_full_tier1_20260729_01
vMcmYmAI4Ew_s0000521122_e0000523454,vMcmYmAI4Ew,521.122,523.454,2.332,1.0,1.0,-0.99,/kaggle/working/cut_cutfix_full_tier1_20260729_01/tier1/400_440/media/vMcmYmAI4Ew_s0000521122_e0000523454.mp4,tier1,cuda,nvenc,cutfix_full_tier1_20260729_01
vMcmYmAI4Ew_s0000548130_e0000555486,vMcmYmAI4Ew,548.13,555.486,7.356,1.0,1.0,-2.06,/kaggle/working/cut_cutfix_full_tier1_20260729_01/tier1/400_440/media/vMcmYmAI4Ew_s0000548130_e0000555486.mp4,tier1,cuda,nvenc,cutfix_full_tier1_20260729_01
vMcmYmAI4Ew_s0000555586_e0000561470,vMcmYmAI4Ew,555.586,561.47,5.884,1.0,1.0,-3.75,/kaggle/working/cut_cutfix_full_tier1_20260729_01/tier1/400_440/media/vMcmYmAI4Ew_s0000555586_e0000561470.mp4,tier1,cuda,nvenc,cutfix_full_tier1_20260729_01
vMcmYmAI4Ew_s0000561666_e0000571198,vMcmYmAI4Ew,561.666,571.198,9.532,1.0,1.0,-3.51,/kaggle/working/cut_cutfix_full_tier1_20260729_01/tier1/400_440/media/vMcmYmAI4Ew_s0000561666_e0000571198.mp4,tier1,cuda,nvenc,cutfix_full_tier1_20260729_01
vMcmYmAI4Ew_s0000582274_e0000584414,vMcmYmAI4Ew,582.274,584.414,2.14,1.0,1.0,-1.54,/kaggle/working/cut_cutfix_full_tier1_20260729_01/tier1/400_440/media/vMcmYmAI4Ew_s0000582274_e0000584414.mp4,tier1,cuda,nvenc,cutfix_full_tier1_20260729_01
vMcmYmAI4Ew_s0000610690_e0000614334,vMcmYmAI4Ew,610.69,614.334,3.644,1.0,1.0,-1.58,/kaggle/working/cut_cutfix_full_tier1_20260729_01/tier1/400_440/media/vMcmYmAI4Ew_s0000610690_e0000614334.mp4,tier1,cuda,nvenc,cutfix_full_tier1_20260729_01
vMcmYmAI4Ew_s0000614978_e0000617470,vMcmYmAI4Ew,614.978,617.47,2.492,1.0,1.0,-1.56,/kaggle/working/cut_cutfix_full_tier1_20260729_01/tier1/400_440/media/vMcmYmAI4Ew_s0000614978_e0000617470.mp4,tier1,cuda,nvenc,cutfix_full_tier1_20260729_01
vMcmYmAI4Ew_s0000638242_e0000643242,vMcmYmAI4Ew,638.242,643.242,5.0,1.0,1.0,-1.91,/kaggle/working/cut_cutfix_full_tier1_20260729_01/tier1/400_440/media/vMcmYmAI4Ew_s0000638242_e0000643242.mp4,tier1,cuda,nvenc,cutfix_full_tier1_20260729_01
vMcmYmAI4Ew_s0000642242_e0000647242,vMcmYmAI4Ew,642.242,647.242,5.0,1.0,1.0,-3.1,/kaggle/working/cut_cutfix_full_tier1_20260729_01/tier1/400_440/media/vMcmYmAI4Ew_s0000642242_e0000647242.mp4,tier1,cuda,nvenc,cutfix_full_tier1_20260729_01
vMcmYmAI4Ew_s0000646242_e0000650270,vMcmYmAI4Ew,646.242,650.27,4.028,1.0,1.0,-2.01,/kaggle/working/cut_cutfix_full_tier1_20260729_01/tier1/400_440/media/vMcmYmAI4Ew_s0000646242_e0000650270.mp4,tier1,cuda,nvenc,cutfix_full_tier1_20260729_01
vMcmYmAI4Ew_s0000650498_e0000658142,vMcmYmAI4Ew,650.498,658.142,7.644,1.0,1.0,-2.31,/kaggle/working/cut_cutfix_full_tier1_20260729_01/tier1/400_440/media/vMcmYmAI4Ew_s0000650498_e0000658142.mp4,tier1,cuda,nvenc,cutfix_full_tier1_20260729_01
vMcmYmAI4Ew_s0000658338_e0000660894,vMcmYmAI4Ew,658.338,660.894,2.556,1.0,1.0,-2.18,/kaggle/working/cut_cutfix_full_tier1_20260729_01/tier1/400_440/media/vMcmYmAI4Ew_s0000658338_e0000660894.mp4,tier1,cuda,nvenc,cutfix_full_tier1_20260729_01
vMcmYmAI4Ew_s0000661058_e0000664318,vMcmYmAI4Ew,661.058,664.318,3.26,1.0,1.0,-4.14,/kaggle/working/cut_cutfix_full_tier1_20260729_01/tier1/400_440/media/vMcmYmAI4Ew_s0000661058_e0000664318.mp4,tier1,cuda,nvenc,cutfix_full_tier1_20260729_01
vMcmYmAI4Ew_s0000669666_e0000673342,vMcmYmAI4Ew,669.666,673.342,3.676,1.0,1.0,-2.67,/kaggle/working/cut_cutfix_full_tier1_20260729_01/tier1/400_440/media/vMcmYmAI4Ew_s0000669666_e0000673342.mp4,tier1,cuda,nvenc,cutfix_full_tier1_20260729_01
vMcmYmAI4Ew_s0000673634_e0000678846,vMcmYmAI4Ew,673.634,678.846,5.212,1.0,1.0,-3.2,/kaggle/working/cut_cutfix_full_tier1_20260729_01/tier1/400_440/media/vMcmYmAI4Ew_s0000673634_e0000678846.mp4,tier1,cuda,nvenc,cutfix_full_tier1_20260729_01
vMcmYmAI4Ew_s0000679394_e0000682302,vMcmYmAI4Ew,679.394,682.302,2.908,1.0,1.0,-2.0,/kaggle/working/cut_cutfix_full_tier1_20260729_01/tier1/400_440/media/vMcmYmAI4Ew_s0000679394_e0000682302.mp4,tier1,cuda,nvenc,cutfix_full_tier1_20260729_01
vMcmYmAI4Ew_s0000688066_e0000690238,vMcmYmAI4Ew,688.066,690.238,2.172,1.0,1.0,-2.86,/kaggle/working/cut_cutfix_full_tier1_20260729_01/tier1/400_440/media/vMcmYmAI4Ew_s0000688066_e0000690238.mp4,tier1,cuda,nvenc,cutfix_full_tier1_20260729_01
vMcmYmAI4Ew_s0000690402_e0000692958,vMcmYmAI4Ew,690.402,692.958,2.556,1.0,1.0,-1.35,/kaggle/working/cut_cutfix_full_tier1_20260729_01/tier1/400_440/media/vMcmYmAI4Ew_s0000690402_e0000692958.mp4,tier1,cuda,nvenc,cutfix_full_tier1_20260729_01
vMcmYmAI4Ew_s0000707362_e0000710974,vMcmYmAI4Ew,707.362,710.974,3.612,1.0,1.0,-1.92,/kaggle/working/cut_cutfix_full_tier1_20260729_01/tier1/400_440/media/vMcmYmAI4Ew_s0000707362_e0000710974.mp4,tier1,cuda,nvenc,cutfix_full_tier1_20260729_01
vMcmYmAI4Ew_s0000711170_e0000713854,vMcmYmAI4Ew,711.17,713.854,2.684,1.0,1.0,-2.07,/kaggle/working/cut_cutfix_full_tier1_20260729_01/tier1/400_440/media/vMcmYmAI4Ew_s0000711170_e0000713854.mp4,tier1,cuda,nvenc,cutfix_full_tier1_20260729_01
vMcmYmAI4Ew_s0000714050_e0000718206,vMcmYmAI4Ew,714.05,718.206,4.156,1.0,1.0,-1.97,/kaggle/working/cut_cutfix_full_tier1_20260729_01/tier1/400_440/media/vMcmYmAI4Ew_s0000714050_e0000718206.mp4,tier1,cuda,nvenc,cutfix_full_tier1_20260729_01
vMcmYmAI4Ew_s0000718594_e0000721694,vMcmYmAI4Ew,718.594,721.694,3.1,1.0,1.0,-2.05,/kaggle/working/cut_cutfix_full_tier1_20260729_01/tier1/400_440/media/vMcmYmAI4Ew_s0000718594_e0000721694.mp4,tier1,cuda,nvenc,cutfix_full_tier1_20260729_01
vMcmYmAI4Ew_s0000733634_e0000741246,vMcmYmAI4Ew,733.634,741.246,7.612,1.0,1.0,-2.39,/kaggle/working/cut_cutfix_full_tier1_20260729_01/tier1/400_440/media/vMcmYmAI4Ew_s0000733634_e0000741246.mp4,tier1,cuda,nvenc,cutfix_full_tier1_20260729_01
vMcmYmAI4Ew_s0000741442_e0000744862,vMcmYmAI4Ew,741.442,744.862,3.42,1.0,1.0,-2.79,/kaggle/working/cut_cutfix_full_tier1_20260729_01/tier1/400_440/media/vMcmYmAI4Ew_s0000741442_e0000744862.mp4,tier1,cuda,nvenc,cutfix_full_tier1_20260729_01
vMcmYmAI4Ew_s0000745058_e0000747518,vMcmYmAI4Ew,745.058,747.518,2.46,1.0,1.0,-4.1,/kaggle/working/cut_cutfix_full_tier1_20260729_01/tier1/400_440/media/vMcmYmAI4Ew_s0000745058_e0000747518.mp4,tier1,cuda,nvenc,cutfix_full_tier1_20260729_01
vMcmYmAI4Ew_s0000778562_e0000788798,vMcmYmAI4Ew,778.562,788.798,10.236,1.0,1.0,-2.51,/kaggle/working/cut_cutfix_full_tier1_20260729_01/tier1/400_440/media/vMcmYmAI4Ew_s0000778562_e0000788798.mp4,tier1,cuda,nvenc,cutfix_full_tier1_20260729_01
vMcmYmAI4Ew_s0000823842_e0000832190,vMcmYmAI4Ew,823.842,832.19,8.348,1.0,1.0,-4.02,/kaggle/working/cut_cutfix_full_tier1_20260729_01/tier1/400_440/media/vMcmYmAI4Ew_s0000823842_e0000832190.mp4,tier1,cuda,nvenc,cutfix_full_tier1_20260729_01
vMcmYmAI4Ew_s0000836866_e0000840798,vMcmYmAI4Ew,836.866,840.798,3.932,0.75,1.0,0.2,/kaggle/working/cut_cutfix_full_tier1_20260729_01/tier1/400_440/media/vMcmYmAI4Ew_s0000836866_e0000840798.mp4,tier1,cuda,nvenc,cutfix_full_tier1_20260729_01
vMcmYmAI4Ew_s0000868130_e0000873310,vMcmYmAI4Ew,868.13,873.31,5.18,1.0,1.0,-0.31,/kaggle/working/cut_cutfix_full_tier1_20260729_01/tier1/400_440/media/vMcmYmAI4Ew_s0000868130_e0000873310.mp4,tier1,cuda,nvenc,cutfix_full_tier1_20260729_01
vMcmYmAI4Ew_s0000874274_e0000881150,vMcmYmAI4Ew,874.274,881.15,6.876,1.0,1.0,-2.07,/kaggle/working/cut_cutfix_full_tier1_20260729_01/tier1/400_440/media/vMcmYmAI4Ew_s0000874274_e0000881150.mp4,tier1,cuda,nvenc,cutfix_full_tier1_20260729_01
vMcmYmAI4Ew_s0000881250_e0000887390,vMcmYmAI4Ew,881.25,887.39,6.14,1.0,1.0,-3.39,/kaggle/working/cut_cutfix_full_tier1_20260729_01/tier1/400_440/media/vMcmYmAI4Ew_s0000881250_e0000887390.mp4,tier1,cuda,nvenc,cutfix_full_tier1_20260729_01
vMcmYmAI4Ew_s0000943490_e0000950366,vMcmYmAI4Ew,943.49,950.366,6.876,1.0,1.0,-1.95,/kaggle/working/cut_cutfix_full_tier1_20260729_01/tier1/400_440/media/vMcmYmAI4Ew_s0000943490_e0000950366.mp4,tier1,cuda,nvenc,cutfix_full_tier1_20260729_01
vMcmYmAI4Ew_s0000950722_e0000955722,vMcmYmAI4Ew,950.722,955.722,5.0,1.0,1.0,-2.96,/kaggle/working/cut_cutfix_full_tier1_20260729_01/tier1/400_440/media/vMcmYmAI4Ew_s0000950722_e0000955722.mp4,tier1,cuda,nvenc,cutfix_full_tier1_20260729_01
vMcmYmAI4Ew_s0000954722_e0000959722,vMcmYmAI4Ew,954.722,959.722,5.0,1.0,1.0,-3.82,/kaggle/working/cut_cutfix_full_tier1_20260729_01/tier1/400_440/media/vMcmYmAI4Ew_s0000954722_e0000959722.mp4,tier1,cuda,nvenc,cutfix_full_tier1_20260729_01
vMcmYmAI4Ew_s0000958722_e0000962846,vMcmYmAI4Ew,958.722,962.846,4.124,1.0,1.0,-3.73,/kaggle/working/cut_cutfix_full_tier1_20260729_01/tier1/400_440/media/vMcmYmAI4Ew_s0000958722_e0000962846.mp4,tier1,cuda,nvenc,cutfix_full_tier1_20260729_01
vMcmYmAI4Ew_s0000963010_e0000970078,vMcmYmAI4Ew,963.01,970.078,7.068,1.0,1.0,-3.91,/kaggle/working/cut_cutfix_full_tier1_20260729_01/tier1/400_440/media/vMcmYmAI4Ew_s0000963010_e0000970078.mp4,tier1,cuda,nvenc,cutfix_full_tier1_20260729_01
vMcmYmAI4Ew_s0000986114_e0000988318,vMcmYmAI4Ew,986.114,988.318,2.204,1.0,1.0,-3.06,/kaggle/working/cut_cutfix_full_tier1_20260729_01/tier1/400_440/media/vMcmYmAI4Ew_s0000986114_e0000988318.mp4,tier1,cuda,nvenc,cutfix_full_tier1_20260729_01
vMcmYmAI4Ew_s0000988706_e0000991870,vMcmYmAI4Ew,988.706,991.87,3.164,1.0,1.0,-2.17,/kaggle/working/cut_cutfix_full_tier1_20260729_01/tier1/400_440/media/vMcmYmAI4Ew_s0000988706_e0000991870.mp4,tier1,cuda,nvenc,cutfix_full_tier1_20260729_01
vMcmYmAI4Ew_s0000996386_e0001003678,vMcmYmAI4Ew,996.386,1003.678,7.292,1.0,1.0,-0.88,/kaggle/working/cut_cutfix_full_tier1_20260729_01/tier1/400_440/media/vMcmYmAI4Ew_s0000996386_e0001003678.mp4,tier1,cuda,nvenc,cutfix_full_tier1_20260729_01
vMcmYmAI4Ew_s0001007746_e0001010270,vMcmYmAI4Ew,1007.746,1010.27,2.524,1.0,1.0,-3.63,/kaggle/working/cut_cutfix_full_tier1_20260729_01/tier1/400_440/media/vMcmYmAI4Ew_s0001007746_e0001010270.mp4,tier1,cuda,nvenc,cutfix_full_tier1_20260729_01
vMcmYmAI4Ew_s0001010466_e0001014046,vMcmYmAI4Ew,1010.466,1014.046,3.58,1.0,1.0,-3.54,/kaggle/working/cut_cutfix_full_tier1_20260729_01/tier1/400_440/media/vMcmYmAI4Ew_s0001010466_e0001014046.mp4,tier1,cuda,nvenc,cutfix_full_tier1_20260729_01
vMcmYmAI4Ew_s0001014946_e0001017086,vMcmYmAI4Ew,1014.946,1017.086,2.14,1.0,1.0,-2.72,/kaggle/working/cut_cutfix_full_tier1_20260729_01/tier1/400_440/media/vMcmYmAI4Ew_s0001014946_e0001017086.mp4,tier1,cuda,nvenc,cutfix_full_tier1_20260729_01
vMcmYmAI4Ew_s0001027458_e0001032030,vMcmYmAI4Ew,1027.458,1032.03,4.572,1.0,1.0,-1.18,/kaggle/working/cut_cutfix_full_tier1_20260729_01/tier1/400_440/media/vMcmYmAI4Ew_s0001027458_e0001032030.mp4,tier1,cuda,nvenc,cutfix_full_tier1_20260729_01
vMcmYmAI4Ew_s0001034018_e0001038238,vMcmYmAI4Ew,1034.018,1038.238,4.22,1.0,1.0,-2.51,/kaggle/working/cut_cutfix_full_tier1_20260729_01/tier1/400_440/media/vMcmYmAI4Ew_s0001034018_e0001038238.mp4,tier1,cuda,nvenc,cutfix_full_tier1_20260729_01
vMcmYmAI4Ew_s0001038466_e0001042398,vMcmYmAI4Ew,1038.466,1042.398,3.932,1.0,1.0,-6.57,/kaggle/working/cut_cutfix_full_tier1_20260729_01/tier1/400_440/media/vMcmYmAI4Ew_s0001038466_e0001042398.mp4,tier1,cuda,nvenc,cutfix_full_tier1_20260729_01
vMcmYmAI4Ew_s0001050050_e0001053118,vMcmYmAI4Ew,1050.05,1053.118,3.068,1.0,1.0,-3.16,/kaggle/working/cut_cutfix_full_tier1_20260729_01/tier1/400_440/media/vMcmYmAI4Ew_s0001050050_e0001053118.mp4,tier1,cuda,nvenc,cutfix_full_tier1_20260729_01
vMcmYmAI4Ew_s0001055682_e0001057694,vMcmYmAI4Ew,1055.682,1057.694,2.012,1.0,1.0,-0.64,/kaggle/working/cut_cutfix_full_tier1_20260729_01/tier1/400_440/media/vMcmYmAI4Ew_s0001055682_e0001057694.mp4,tier1,cuda,nvenc,cutfix_full_tier1_20260729_01
vMcmYmAI4Ew_s0001071650_e0001079262,vMcmYmAI4Ew,1071.65,1079.262,7.612,1.0,1.0,-2.04,/kaggle/working/cut_cutfix_full_tier1_20260729_01/tier1/400_440/media/vMcmYmAI4Ew_s0001071650_e0001079262.mp4,tier1,cuda,nvenc,cutfix_full_tier1_20260729_01
vMcmYmAI4Ew_s0001079362_e0001082238,vMcmYmAI4Ew,1079.362,1082.238,2.876,1.0,1.0,-5.34,/kaggle/working/cut_cutfix_full_tier1_20260729_01/tier1/400_440/media/vMcmYmAI4Ew_s0001079362_e0001082238.mp4,tier1,cuda,nvenc,cutfix_full_tier1_20260729_01
vMcmYmAI4Ew_s0001098466_e0001100734,vMcmYmAI4Ew,1098.466,1100.734,2.268,1.0,1.0,0.14,/kaggle/working/cut_cutfix_full_tier1_20260729_01/tier1/400_440/media/vMcmYmAI4Ew_s0001098466_e0001100734.mp4,tier1,cuda,nvenc,cutfix_full_tier1_20260729_01
vMcmYmAI4Ew_s0001112002_e0001116542,vMcmYmAI4Ew,1112.002,1116.542,4.54,1.0,1.0,-1.05,/kaggle/working/cut_cutfix_full_tier1_20260729_01/tier1/400_440/media/vMcmYmAI4Ew_s0001112002_e0001116542.mp4,tier1,cuda,nvenc,cutfix_full_tier1_20260729_01
vSbsHomePqE_s0000012322_e0000016286,vSbsHomePqE,12.322,16.286,3.964,1.0,1.0,9.64,/kaggle/working/cut_cutfix_full_tier1_20260729_01/tier1/400_440/media/vSbsHomePqE_s0000012322_e0000016286.mp4,tier1,cuda,nvenc,cutfix_full_tier1_20260729_01
vSbsHomePqE_s0000016418_e0000021418,vSbsHomePqE,16.418,21.418,5.0,1.0,1.0,9.34,/kaggle/working/cut_cutfix_full_tier1_20260729_01/tier1/400_440/media/vSbsHomePqE_s0000016418_e0000021418.mp4,tier1,cuda,nvenc,cutfix_full_tier1_20260729_01
vSbsHomePqE_s0000020418_e0000025418,vSbsHomePqE,20.418,25.418,5.0,1.0,1.0,9.52,/kaggle/working/cut_cutfix_full_tier1_20260729_01/tier1/400_440/media/vSbsHomePqE_s0000020418_e0000025418.mp4,tier1,cuda,nvenc,cutfix_full_tier1_20260729_01
vSbsHomePqE_s0000024418_e0000029418,vSbsHomePqE,24.418,29.418,5.0,1.0,1.0,9.12,/kaggle/working/cut_cutfix_full_tier1_20260729_01/tier1/400_440/media/vSbsHomePqE_s0000024418_e0000029418.mp4,tier1,cuda,nvenc,cutfix_full_tier1_20260729_01
vSbsHomePqE_s0000028418_e0000033054,vSbsHomePqE,28.418,33.054,4.636,1.0,1.0,6.03,/kaggle/working/cut_cutfix_full_tier1_20260729_01/tier1/400_440/media/vSbsHomePqE_s0000028418_e0000033054.mp4,tier1,cuda,nvenc,cutfix_full_tier1_20260729_01
vSbsHomePqE_s0000033186_e0000039166,vSbsHomePqE,33.186,39.166,5.98,1.0,1.0,5.2,/kaggle/working/cut_cutfix_full_tier1_20260729_01/tier1/400_440/media/vSbsHomePqE_s0000033186_e0000039166.mp4,tier1,cuda,nvenc,cutfix_full_tier1_20260729_01
vSbsHomePqE_s0000039554_e0000046494,vSbsHomePqE,39.554,46.494,6.94,1.0,1.0,7.53,/kaggle/working/cut_cutfix_full_tier1_20260729_01/tier1/400_440/media/vSbsHomePqE_s0000039554_e0000046494.mp4,tier1,cuda,nvenc,cutfix_full_tier1_20260729_01
vSbsHomePqE_s0000046626_e0000049150,vSbsHomePqE,46.626,49.15,2.524,1.0,1.0,5.76,/kaggle/working/cut_cutfix_full_tier1_20260729_01/tier1/400_440/media/vSbsHomePqE_s0000046626_e0000049150.mp4,tier1,cuda,nvenc,cutfix_full_tier1_20260729_01
vSbsHomePqE_s0000049250_e0000051582,vSbsHomePqE,49.25,51.582,2.332,1.0,1.0,10.18,/kaggle/working/cut_cutfix_full_tier1_20260729_01/tier1/400_440/media/vSbsHomePqE_s0000049250_e0000051582.mp4,tier1,cuda,nvenc,cutfix_full_tier1_20260729_01
vSbsHomePqE_s0000051682_e0000056286,vSbsHomePqE,51.682,56.286,4.604,1.0,1.0,5.79,/kaggle/working/cut_cutfix_full_tier1_20260729_01/tier1/400_440/media/vSbsHomePqE_s0000051682_e0000056286.mp4,tier1,cuda,nvenc,cutfix_full_tier1_20260729_01
vSbsHomePqE_s0000056418_e0000068222,vSbsHomePqE,56.418,68.222,11.804,1.0,1.0,8.9,/kaggle/working/cut_cutfix_full_tier1_20260729_01/tier1/400_440/media/vSbsHomePqE_s0000056418_e0000068222.mp4,tier1,cuda,nvenc,cutfix_full_tier1_20260729_01
vSbsHomePqE_s0000072738_e0000082750,vSbsHomePqE,72.738,82.75,10.012,0.9,1.0,6.75,/kaggle/working/cut_cutfix_full_tier1_20260729_01/tier1/400_440/media/vSbsHomePqE_s0000072738_e0000082750.mp4,tier1,cuda,nvenc,cutfix_full_tier1_20260729_01
vSbsHomePqE_s0000093570_e0000099166,vSbsHomePqE,93.57,99.166,5.596,1.0,1.0,6.89,/kaggle/working/cut_cutfix_full_tier1_20260729_01/tier1/400_440/media/vSbsHomePqE_s0000093570_e0000099166.mp4,tier1,cuda,nvenc,cutfix_full_tier1_20260729_01
vSbsHomePqE_s0000104610_e0000114206,vSbsHomePqE,104.61,114.206,9.596,0.8,1.0,8.64,/kaggle/working/cut_cutfix_full_tier1_20260729_01/tier1/400_440/media/vSbsHomePqE_s0000104610_e0000114206.mp4,tier1,cuda,nvenc,cutfix_full_tier1_20260729_01
vSbsHomePqE_s0000146658_e0000148734,vSbsHomePqE,146.658,148.734,2.076,1.0,1.0,7.62,/kaggle/working/cut_cutfix_full_tier1_20260729_01/tier1/400_440/media/vSbsHomePqE_s0000146658_e0000148734.mp4,tier1,cuda,nvenc,cutfix_full_tier1_20260729_01
vSbsHomePqE_s0000165378_e0000167518,vSbsHomePqE,165.378,167.518,2.14,1.0,1.0,1.72,/kaggle/working/cut_cutfix_full_tier1_20260729_01/tier1/400_440/media/vSbsHomePqE_s0000165378_e0000167518.mp4,tier1,cuda,nvenc,cutfix_full_tier1_20260729_01
vSbsHomePqE_s0000173762_e0000176062,vSbsHomePqE,173.762,176.062,2.3,1.0,1.0,3.01,/kaggle/working/cut_cutfix_full_tier1_20260729_01/tier1/400_440/media/vSbsHomePqE_s0000173762_e0000176062.mp4,tier1,cuda,nvenc,cutfix_full_tier1_20260729_01
vSbsHomePqE_s0000253090_e0000258398,vSbsHomePqE,253.09,258.398,5.308,1.0,1.0,10.8,/kaggle/working/cut_cutfix_full_tier1_20260729_01/tier1/400_440/media/vSbsHomePqE_s0000253090_e0000258398.mp4,tier1,cuda,nvenc,cutfix_full_tier1_20260729_01
vSbsHomePqE_s0000264642_e0000268510,vSbsHomePqE,264.642,268.51,3.868,1.0,1.0,11.63,/kaggle/working/cut_cutfix_full_tier1_20260729_01/tier1/400_440/media/vSbsHomePqE_s0000264642_e0000268510.mp4,tier1,cuda,nvenc,cutfix_full_tier1_20260729_01
vSbsHomePqE_s0000287074_e0000289950,vSbsHomePqE,287.074,289.95,2.876,1.0,1.0,10.01,/kaggle/working/cut_cutfix_full_tier1_20260729_01/tier1/400_440/media/vSbsHomePqE_s0000287074_e0000289950.mp4,tier1,cuda,nvenc,cutfix_full_tier1_20260729_01
vSbsHomePqE_s0000325378_e0000330378,vSbsHomePqE,325.378,330.378,5.0,1.0,1.0,9.43,/kaggle/working/cut_cutfix_full_tier1_20260729_01/tier1/400_440/media/vSbsHomePqE_s0000325378_e0000330378.mp4,tier1,cuda,nvenc,cutfix_full_tier1_20260729_01
vSbsHomePqE_s0000329378_e0000334378,vSbsHomePqE,329.378,334.378,5.0,1.0,1.0,9.15,/kaggle/working/cut_cutfix_full_tier1_20260729_01/tier1/400_440/media/vSbsHomePqE_s0000329378_e0000334378.mp4,tier1,cuda,nvenc,cutfix_full_tier1_20260729_01
vSbsHomePqE_s0000333378_e0000337662,vSbsHomePqE,333.378,337.662,4.284,1.0,1.0,10.78,/kaggle/working/cut_cutfix_full_tier1_20260729_01/tier1/400_440/media/vSbsHomePqE_s0000333378_e0000337662.mp4,tier1,cuda,nvenc,cutfix_full_tier1_20260729_01
vSbsHomePqE_s0000480322_e0000483262,vSbsHomePqE,480.322,483.262,2.94,1.0,1.0,4.52,/kaggle/working/cut_cutfix_full_tier1_20260729_01/tier1/400_440/media/vSbsHomePqE_s0000480322_e0000483262.mp4,tier1,cuda,nvenc,cutfix_full_tier1_20260729_01
vWIrluPVe64_s0000009378_e0000011710,vWIrluPVe64,9.378,11.71,2.332,1.0,1.0,6.45,/kaggle/working/cut_cutfix_full_tier1_20260729_01/tier1/400_440/media/vWIrluPVe64_s0000009378_e0000011710.mp4,tier1,cuda,nvenc,cutfix_full_tier1_20260729_01
vWIrluPVe64_s0000016258_e0000019006,vWIrluPVe64,16.258,19.006,2.748,1.0,1.0,4.21,/kaggle/working/cut_cutfix_full_tier1_20260729_01/tier1/400_440/media/vWIrluPVe64_s0000016258_e0000019006.mp4,tier1,cuda,nvenc,cutfix_full_tier1_20260729_01
vWIrluPVe64_s0000019330_e0000021790,vWIrluPVe64,19.33,21.79,2.46,1.0,1.0,8.28,/kaggle/working/cut_cutfix_full_tier1_20260729_01/tier1/400_440/media/vWIrluPVe64_s0000019330_e0000021790.mp4,tier1,cuda,nvenc,cutfix_full_tier1_20260729_01
vWIrluPVe64_s0000021922_e0000024734,vWIrluPVe64,21.922,24.734,2.812,1.0,1.0,3.79,/kaggle/working/cut_cutfix_full_tier1_20260729_01/tier1/400_440/media/vWIrluPVe64_s0000021922_e0000024734.mp4,tier1,cuda,nvenc,cutfix_full_tier1_20260729_01
vWIrluPVe64_s0000025570_e0000027934,vWIrluPVe64,25.57,27.934,2.364,1.0,1.0,9.79,/kaggle/working/cut_cutfix_full_tier1_20260729_01/tier1/400_440/media/vWIrluPVe64_s0000025570_e0000027934.mp4,tier1,cuda,nvenc,cutfix_full_tier1_20260729_01
vWIrluPVe64_s0000034754_e0000038558,vWIrluPVe64,34.754,38.558,3.804,1.0,1.0,8.53,/kaggle/working/cut_cutfix_full_tier1_20260729_01/tier1/400_440/media/vWIrluPVe64_s0000034754_e0000038558.mp4,tier1,cuda,nvenc,cutfix_full_tier1_20260729_01
vWIrluPVe64_s0000059810_e0000063518,vWIrluPVe64,59.81,63.518,3.708,1.0,1.0,7.29,/kaggle/working/cut_cutfix_full_tier1_20260729_01/tier1/400_440/media/vWIrluPVe64_s0000059810_e0000063518.mp4,tier1,cuda,nvenc,cutfix_full_tier1_20260729_01
vWIrluPVe64_s0000066466_e0000069150,vWIrluPVe64,66.466,69.15,2.684,1.0,1.0,9.73,/kaggle/working/cut_cutfix_full_tier1_20260729_01/tier1/400_440/media/vWIrluPVe64_s0000066466_e0000069150.mp4,tier1,cuda,nvenc,cutfix_full_tier1_20260729_01
vWIrluPVe64_s0000075234_e0000079838,vWIrluPVe64,75.234,79.838,4.604,1.0,1.0,8.89,/kaggle/working/cut_cutfix_full_tier1_20260729_01/tier1/400_440/media/vWIrluPVe64_s0000075234_e0000079838.mp4,tier1,cuda,nvenc,cutfix_full_tier1_20260729_01
vWIrluPVe64_s0000080002_e0000082014,vWIrluPVe64,80.002,82.014,2.012,1.0,1.0,7.15,/kaggle/working/cut_cutfix_full_tier1_20260729_01/tier1/400_440/media/vWIrluPVe64_s0000080002_e0000082014.mp4,tier1,cuda,nvenc,cutfix_full_tier1_20260729_01
vWIrluPVe64_s0000083010_e0000090910,vWIrluPVe64,83.01,90.91,7.9,1.0,1.0,8.77,/kaggle/working/cut_cutfix_full_tier1_20260729_01/tier1/400_440/media/vWIrluPVe64_s0000083010_e0000090910.mp4,tier1,cuda,nvenc,cutfix_full_tier1_20260729_01
vWIrluPVe64_s0000094242_e0000096830,vWIrluPVe64,94.242,96.83,2.588,1.0,1.0,9.1,/kaggle/working/cut_cutfix_full_tier1_20260729_01/tier1/400_440/media/vWIrluPVe64_s0000094242_e0000096830.mp4,tier1,cuda,nvenc,cutfix_full_tier1_20260729_01
vWIrluPVe64_s0000097218_e0000101086,vWIrluPVe64,97.218,101.086,3.868,1.0,1.0,7.43,/kaggle/working/cut_cutfix_full_tier1_20260729_01/tier1/400_440/media/vWIrluPVe64_s0000097218_e0000101086.mp4,tier1,cuda,nvenc,cutfix_full_tier1_20260729_01
vWIrluPVe64_s0000101282_e0000103774,vWIrluPVe64,101.282,103.774,2.492,1.0,1.0,4.79,/kaggle/working/cut_cutfix_full_tier1_20260729_01/tier1/400_440/media/vWIrluPVe64_s0000101282_e0000103774.mp4,tier1,cuda,nvenc,cutfix_full_tier1_20260729_01
vWIrluPVe64_s0000105538_e0000109758,vWIrluPVe64,105.538,109.758,4.22,1.0,1.0,8.99,/kaggle/working/cut_cutfix_full_tier1_20260729_01/tier1/400_440/media/vWIrluPVe64_s0000105538_e0000109758.mp4,tier1,cuda,nvenc,cutfix_full_tier1_20260729_01
vWIrluPVe64_s0000110306_e0000112734,vWIrluPVe64,110.306,112.734,2.428,1.0,1.0,4.89,/kaggle/working/cut_cutfix_full_tier1_20260729_01/tier1/400_440/media/vWIrluPVe64_s0000110306_e0000112734.mp4,tier1,cuda,nvenc,cutfix_full_tier1_20260729_01
vWIrluPVe64_s0000115682_e0000118046,vWIrluPVe64,115.682,118.046,2.364,1.0,1.0,7.55,/kaggle/working/cut_cutfix_full_tier1_20260729_01/tier1/400_440/media/vWIrluPVe64_s0000115682_e0000118046.mp4,tier1,cuda,nvenc,cutfix_full_tier1_20260729_01
vWIrluPVe64_s0000118402_e0000122910,vWIrluPVe64,118.402,122.91,4.508,1.0,1.0,8.03,/kaggle/working/cut_cutfix_full_tier1_20260729_01/tier1/400_440/media/vWIrluPVe64_s0000118402_e0000122910.mp4,tier1,cuda,nvenc,cutfix_full_tier1_20260729_01
vWIrluPVe64_s0000126754_e0000133150,vWIrluPVe64,126.754,133.15,6.396,1.0,1.0,8.27,/kaggle/working/cut_cutfix_full_tier1_20260729_01/tier1/400_440/media/vWIrluPVe64_s0000126754_e0000133150.mp4,tier1,cuda,nvenc,cutfix_full_tier1_20260729_01
vWIrluPVe64_s0000133378_e0000135710,vWIrluPVe64,133.378,135.71,2.332,1.0,1.0,5.79,/kaggle/working/cut_cutfix_full_tier1_20260729_01/tier1/400_440/media/vWIrluPVe64_s0000133378_e0000135710.mp4,tier1,cuda,nvenc,cutfix_full_tier1_20260729_01
vWIrluPVe64_s0000139106_e0000141534,vWIrluPVe64,139.106,141.534,2.428,1.0,1.0,7.07,/kaggle/working/cut_cutfix_full_tier1_20260729_01/tier1/400_440/media/vWIrluPVe64_s0000139106_e0000141534.mp4,tier1,cuda,nvenc,cutfix_full_tier1_20260729_01
vWIrluPVe64_s0000141954_e0000144926,vWIrluPVe64,141.954,144.926,2.972,1.0,1.0,6.31,/kaggle/working/cut_cutfix_full_tier1_20260729_01/tier1/400_440/media/vWIrluPVe64_s0000141954_e0000144926.mp4,tier1,cuda,nvenc,cutfix_full_tier1_20260729_01
vWIrluPVe64_s0000149026_e0000153694,vWIrluPVe64,149.026,153.694,4.668,1.0,1.0,8.72,/kaggle/working/cut_cutfix_full_tier1_20260729_01/tier1/400_440/media/vWIrluPVe64_s0000149026_e0000153694.mp4,tier1,cuda,nvenc,cutfix_full_tier1_20260729_01
vWIrluPVe64_s0000159234_e0000162206,vWIrluPVe64,159.234,162.206,2.972,1.0,1.0,6.58,/kaggle/working/cut_cutfix_full_tier1_20260729_01/tier1/400_440/media/vWIrluPVe64_s0000159234_e0000162206.mp4,tier1,cuda,nvenc,cutfix_full_tier1_20260729_01
vWIrluPVe64_s0000164482_e0000166526,vWIrluPVe64,164.482,166.526,2.044,1.0,1.0,3.73,/kaggle/working/cut_cutfix_full_tier1_20260729_01/tier1/400_440/media/vWIrluPVe64_s0000164482_e0000166526.mp4,tier1,cuda,nvenc,cutfix_full_tier1_20260729_01
vWIrluPVe64_s0000169506_e0000173886,vWIrluPVe64,169.506,173.886,4.38,1.0,1.0,7.83,/kaggle/working/cut_cutfix_full_tier1_20260729_01/tier1/400_440/media/vWIrluPVe64_s0000169506_e0000173886.mp4,tier1,cuda,nvenc,cutfix_full_tier1_20260729_01
vWIrluPVe64_s0000178914_e0000183742,vWIrluPVe64,178.914,183.742,4.828,1.0,1.0,9.21,/kaggle/working/cut_cutfix_full_tier1_20260729_01/tier1/400_440/media/vWIrluPVe64_s0000178914_e0000183742.mp4,tier1,cuda,nvenc,cutfix_full_tier1_20260729_01
vWIrluPVe64_s0000186498_e0000189470,vWIrluPVe64,186.498,189.47,2.972,1.0,1.0,8.69,/kaggle/working/cut_cutfix_full_tier1_20260729_01/tier1/400_440/media/vWIrluPVe64_s0000186498_e0000189470.mp4,tier1,cuda,nvenc,cutfix_full_tier1_20260729_01
vWIrluPVe64_s0000189794_e0000192734,vWIrluPVe64,189.794,192.734,2.94,1.0,1.0,6.71,/kaggle/working/cut_cutfix_full_tier1_20260729_01/tier1/400_440/media/vWIrluPVe64_s0000189794_e0000192734.mp4,tier1,cuda,nvenc,cutfix_full_tier1_20260729_01
vWIrluPVe64_s0000199234_e0000202462,vWIrluPVe64,199.234,202.462,3.228,1.0,1.0,9.38,/kaggle/working/cut_cutfix_full_tier1_20260729_01/tier1/400_440/media/vWIrluPVe64_s0000199234_e0000202462.mp4,tier1,cuda,nvenc,cutfix_full_tier1_20260729_01
vWIrluPVe64_s0000202722_e0000204926,vWIrluPVe64,202.722,204.926,2.204,1.0,1.0,7.29,/kaggle/working/cut_cutfix_full_tier1_20260729_01/tier1/400_440/media/vWIrluPVe64_s0000202722_e0000204926.mp4,tier1,cuda,nvenc,cutfix_full_tier1_20260729_01
vWIrluPVe64_s0000206466_e0000210366,vWIrluPVe64,206.466,210.366,3.9,1.0,1.0,8.12,/kaggle/working/cut_cutfix_full_tier1_20260729_01/tier1/400_440/media/vWIrluPVe64_s0000206466_e0000210366.mp4,tier1,cuda,nvenc,cutfix_full_tier1_20260729_01
vWIrluPVe64_s0000211074_e0000213662,vWIrluPVe64,211.074,213.662,2.588,1.0,1.0,10.38,/kaggle/working/cut_cutfix_full_tier1_20260729_01/tier1/400_440/media/vWIrluPVe64_s0000211074_e0000213662.mp4,tier1,cuda,nvenc,cutfix_full_tier1_20260729_01
vWIrluPVe64_s0000213922_e0000216894,vWIrluPVe64,213.922,216.894,2.972,1.0,1.0,8.61,/kaggle/working/cut_cutfix_full_tier1_20260729_01/tier1/400_440/media/vWIrluPVe64_s0000213922_e0000216894.mp4,tier1,cuda,nvenc,cutfix_full_tier1_20260729_01
vWIrluPVe64_s0000220226_e0000223038,vWIrluPVe64,220.226,223.038,2.812,1.0,1.0,10.6,/kaggle/working/cut_cutfix_full_tier1_20260729_01/tier1/400_440/media/vWIrluPVe64_s0000220226_e0000223038.mp4,tier1,cuda,nvenc,cutfix_full_tier1_20260729_01
vWIrluPVe64_s0000223330_e0000225566,vWIrluPVe64,223.33,225.566,2.236,1.0,1.0,8.18,/kaggle/working/cut_cutfix_full_tier1_20260729_01/tier1/400_440/media/vWIrluPVe64_s0000223330_e0000225566.mp4,tier1,cuda,nvenc,cutfix_full_tier1_20260729_01
vWIrluPVe64_s0000225762_e0000228222,vWIrluPVe64,225.762,228.222,2.46,1.0,1.0,5.57,/kaggle/working/cut_cutfix_full_tier1_20260729_01/tier1/400_440/media/vWIrluPVe64_s0000225762_e0000228222.mp4,tier1,cuda,nvenc,cutfix_full_tier1_20260729_01
vWIrluPVe64_s0000231938_e0000236638,vWIrluPVe64,231.938,236.638,4.7,1.0,1.0,7.73,/kaggle/working/cut_cutfix_full_tier1_20260729_01/tier1/400_440/media/vWIrluPVe64_s0000231938_e0000236638.mp4,tier1,cuda,nvenc,cutfix_full_tier1_20260729_01
vWIrluPVe64_s0000241634_e0000246238,vWIrluPVe64,241.634,246.238,4.604,1.0,1.0,10.23,/kaggle/working/cut_cutfix_full_tier1_20260729_01/tier1/400_440/media/vWIrluPVe64_s0000241634_e0000246238.mp4,tier1,cuda,nvenc,cutfix_full_tier1_20260729_01
vWIrluPVe64_s0000249506_e0000251518,vWIrluPVe64,249.506,251.518,2.012,1.0,1.0,12.3,/kaggle/working/cut_cutfix_full_tier1_20260729_01/tier1/400_440/media/vWIrluPVe64_s0000249506_e0000251518.mp4,tier1,cuda,nvenc,cutfix_full_tier1_20260729_01
vWIrluPVe64_s0000251714_e0000254014,vWIrluPVe64,251.714,254.014,2.3,1.0,1.0,9.97,/kaggle/working/cut_cutfix_full_tier1_20260729_01/tier1/400_440/media/vWIrluPVe64_s0000251714_e0000254014.mp4,tier1,cuda,nvenc,cutfix_full_tier1_20260729_01
vWIrluPVe64_s0000254754_e0000258558,vWIrluPVe64,254.754,258.558,3.804,1.0,1.0,10.57,/kaggle/working/cut_cutfix_full_tier1_20260729_01/tier1/400_440/media/vWIrluPVe64_s0000254754_e0000258558.mp4,tier1,cuda,nvenc,cutfix_full_tier1_20260729_01
vWIrluPVe64_s0000258754_e0000261406,vWIrluPVe64,258.754,261.406,2.652,1.0,1.0,8.57,/kaggle/working/cut_cutfix_full_tier1_20260729_01/tier1/400_440/media/vWIrluPVe64_s0000258754_e0000261406.mp4,tier1,cuda,nvenc,cutfix_full_tier1_20260729_01
vWIrluPVe64_s0000268578_e0000270750,vWIrluPVe64,268.578,270.75,2.172,1.0,1.0,8.82,/kaggle/working/cut_cutfix_full_tier1_20260729_01/tier1/400_440/media/vWIrluPVe64_s0000268578_e0000270750.mp4,tier1,cuda,nvenc,cutfix_full_tier1_20260729_01
vWIrluPVe64_s0000271394_e0000273598,vWIrluPVe64,271.394,273.598,2.204,1.0,1.0,5.84,/kaggle/working/cut_cutfix_full_tier1_20260729_01/tier1/400_440/media/vWIrluPVe64_s0000271394_e0000273598.mp4,tier1,cuda,nvenc,cutfix_full_tier1_20260729_01
vWIrluPVe64_s0000279170_e0000281246,vWIrluPVe64,279.17,281.246,2.076,1.0,1.0,10.76,/kaggle/working/cut_cutfix_full_tier1_20260729_01/tier1/400_440/media/vWIrluPVe64_s0000279170_e0000281246.mp4,tier1,cuda,nvenc,cutfix_full_tier1_20260729_01
vWIrluPVe64_s0000281506_e0000284414,vWIrluPVe64,281.506,284.414,2.908,1.0,1.0,8.75,/kaggle/working/cut_cutfix_full_tier1_20260729_01/tier1/400_440/media/vWIrluPVe64_s0000281506_e0000284414.mp4,tier1,cuda,nvenc,cutfix_full_tier1_20260729_01
vWIrluPVe64_s0000288546_e0000291646,vWIrluPVe64,288.546,291.646,3.1,1.0,1.0,10.0,/kaggle/working/cut_cutfix_full_tier1_20260729_01/tier1/400_440/media/vWIrluPVe64_s0000288546_e0000291646.mp4,tier1,cuda,nvenc,cutfix_full_tier1_20260729_01
vWIrluPVe64_s0000294082_e0000297822,vWIrluPVe64,294.082,297.822,3.74,1.0,1.0,10.28,/kaggle/working/cut_cutfix_full_tier1_20260729_01/tier1/400_440/media/vWIrluPVe64_s0000294082_e0000297822.mp4,tier1,cuda,nvenc,cutfix_full_tier1_20260729_01
vWIrluPVe64_s0000298082_e0000301182,vWIrluPVe64,298.082,301.182,3.1,1.0,1.0,7.58,/kaggle/working/cut_cutfix_full_tier1_20260729_01/tier1/400_440/media/vWIrluPVe64_s0000298082_e0000301182.mp4,tier1,cuda,nvenc,cutfix_full_tier1_20260729_01
vWIrluPVe64_s0000306626_e0000310462,vWIrluPVe64,306.626,310.462,3.836,1.0,1.0,9.75,/kaggle/working/cut_cutfix_full_tier1_20260729_01/tier1/400_440/media/vWIrluPVe64_s0000306626_e0000310462.mp4,tier1,cuda,nvenc,cutfix_full_tier1_20260729_01
vWIrluPVe64_s0000317186_e0000321918,vWIrluPVe64,317.186,321.918,4.732,1.0,1.0,8.6,/kaggle/working/cut_cutfix_full_tier1_20260729_01/tier1/400_440/media/vWIrluPVe64_s0000317186_e0000321918.mp4,tier1,cuda,nvenc,cutfix_full_tier1_20260729_01
vWIrluPVe64_s0000325442_e0000328990,vWIrluPVe64,325.442,328.99,3.548,1.0,1.0,11.48,/kaggle/working/cut_cutfix_full_tier1_20260729_01/tier1/400_440/media/vWIrluPVe64_s0000325442_e0000328990.mp4,tier1,cuda,nvenc,cutfix_full_tier1_20260729_01
vWIrluPVe64_s0000329282_e0000332222,vWIrluPVe64,329.282,332.222,2.94,1.0,1.0,8.96,/kaggle/working/cut_cutfix_full_tier1_20260729_01/tier1/400_440/media/vWIrluPVe64_s0000329282_e0000332222.mp4,tier1,cuda,nvenc,cutfix_full_tier1_20260729_01
vWIrluPVe64_s0000334530_e0000336542,vWIrluPVe64,334.53,336.542,2.012,1.0,1.0,9.63,/kaggle/working/cut_cutfix_full_tier1_20260729_01/tier1/400_440/media/vWIrluPVe64_s0000334530_e0000336542.mp4,tier1,cuda,nvenc,cutfix_full_tier1_20260729_01
vWIrluPVe64_s0000337826_e0000342110,vWIrluPVe64,337.826,342.11,4.284,1.0,1.0,9.63,/kaggle/working/cut_cutfix_full_tier1_20260729_01/tier1/400_440/media/vWIrluPVe64_s0000337826_e0000342110.mp4,tier1,cuda,nvenc,cutfix_full_tier1_20260729_01
vWIrluPVe64_s0000342402_e0000345278,vWIrluPVe64,342.402,345.278,2.876,1.0,1.0,8.52,/kaggle/working/cut_cutfix_full_tier1_20260729_01/tier1/400_440/media/vWIrluPVe64_s0000342402_e0000345278.mp4,tier1,cuda,nvenc,cutfix_full_tier1_20260729_01
vWIrluPVe64_s0000345474_e0000347678,vWIrluPVe64,345.474,347.678,2.204,1.0,1.0,6.09,/kaggle/working/cut_cutfix_full_tier1_20260729_01/tier1/400_440/media/vWIrluPVe64_s0000345474_e0000347678.mp4,tier1,cuda,nvenc,cutfix_full_tier1_20260729_01
vWIrluPVe64_s0000348002_e0000351806,vWIrluPVe64,348.002,351.806,3.804,1.0,1.0,10.57,/kaggle/working/cut_cutfix_full_tier1_20260729_01/tier1/400_440/media/vWIrluPVe64_s0000348002_e0000351806.mp4,tier1,cuda,nvenc,cutfix_full_tier1_20260729_01
vWIrluPVe64_s0000351970_e0000355646,vWIrluPVe64,351.97,355.646,3.676,1.0,1.0,8.94,/kaggle/working/cut_cutfix_full_tier1_20260729_01/tier1/400_440/media/vWIrluPVe64_s0000351970_e0000355646.mp4,tier1,cuda,nvenc,cutfix_full_tier1_20260729_01
vWIrluPVe64_s0000361250_e0000364542,vWIrluPVe64,361.25,364.542,3.292,1.0,1.0,9.17,/kaggle/working/cut_cutfix_full_tier1_20260729_01/tier1/400_440/media/vWIrluPVe64_s0000361250_e0000364542.mp4,tier1,cuda,nvenc,cutfix_full_tier1_20260729_01
vWIrluPVe64_s0000364706_e0000367422,vWIrluPVe64,364.706,367.422,2.716,1.0,1.0,6.68,/kaggle/working/cut_cutfix_full_tier1_20260729_01/tier1/400_440/media/vWIrluPVe64_s0000364706_e0000367422.mp4,tier1,cuda,nvenc,cutfix_full_tier1_20260729_01
vWIrluPVe64_s0000370370_e0000374206,vWIrluPVe64,370.37,374.206,3.836,1.0,1.0,9.92,/kaggle/working/cut_cutfix_full_tier1_20260729_01/tier1/400_440/media/vWIrluPVe64_s0000370370_e0000374206.mp4,tier1,cuda,nvenc,cutfix_full_tier1_20260729_01
vWIrluPVe64_s0000374466_e0000377310,vWIrluPVe64,374.466,377.31,2.844,1.0,1.0,9.38,/kaggle/working/cut_cutfix_full_tier1_20260729_01/tier1/400_440/media/vWIrluPVe64_s0000374466_e0000377310.mp4,tier1,cuda,nvenc,cutfix_full_tier1_20260729_01
vWIrluPVe64_s0000380354_e0000382398,vWIrluPVe64,380.354,382.398,2.044,1.0,1.0,9.18,/kaggle/working/cut_cutfix_full_tier1_20260729_01/tier1/400_440/media/vWIrluPVe64_s0000380354_e0000382398.mp4,tier1,cuda,nvenc,cutfix_full_tier1_20260729_01
vWIrluPVe64_s0000383010_e0000385854,vWIrluPVe64,383.01,385.854,2.844,1.0,1.0,9.19,/kaggle/working/cut_cutfix_full_tier1_20260729_01/tier1/400_440/media/vWIrluPVe64_s0000383010_e0000385854.mp4,tier1,cuda,nvenc,cutfix_full_tier1_20260729_01
vWIrluPVe64_s0000392098_e0000396894,vWIrluPVe64,392.098,396.894,4.796,1.0,1.0,8.41,/kaggle/working/cut_cutfix_full_tier1_20260729_01/tier1/400_440/media/vWIrluPVe64_s0000392098_e0000396894.mp4,tier1,cuda,nvenc,cutfix_full_tier1_20260729_01
vWIrluPVe64_s0000401858_e0000404798,vWIrluPVe64,401.858,404.798,2.94,1.0,1.0,5.93,/kaggle/working/cut_cutfix_full_tier1_20260729_01/tier1/400_440/media/vWIrluPVe64_s0000401858_e0000404798.mp4,tier1,cuda,nvenc,cutfix_full_tier1_20260729_01
vWIrluPVe64_s0000414434_e0000416926,vWIrluPVe64,414.434,416.926,2.492,1.0,1.0,6.85,/kaggle/working/cut_cutfix_full_tier1_20260729_01/tier1/400_440/media/vWIrluPVe64_s0000414434_e0000416926.mp4,tier1,cuda,nvenc,cutfix_full_tier1_20260729_01
vWIrluPVe64_s0000420834_e0000422974,vWIrluPVe64,420.834,422.974,2.14,1.0,1.0,9.73,/kaggle/working/cut_cutfix_full_tier1_20260729_01/tier1/400_440/media/vWIrluPVe64_s0000420834_e0000422974.mp4,tier1,cuda,nvenc,cutfix_full_tier1_20260729_01
vWIrluPVe64_s0000423394_e0000428446,vWIrluPVe64,423.394,428.446,5.052,1.0,1.0,9.06,/kaggle/working/cut_cutfix_full_tier1_20260729_01/tier1/400_440/media/vWIrluPVe64_s0000423394_e0000428446.mp4,tier1,cuda,nvenc,cutfix_full_tier1_20260729_01
vWIrluPVe64_s0000432386_e0000436990,vWIrluPVe64,432.386,436.99,4.604,1.0,1.0,8.67,/kaggle/working/cut_cutfix_full_tier1_20260729_01/tier1/400_440/media/vWIrluPVe64_s0000432386_e0000436990.mp4,tier1,cuda,nvenc,cutfix_full_tier1_20260729_01
vWIrluPVe64_s0000439490_e0000441886,vWIrluPVe64,439.49,441.886,2.396,1.0,1.0,9.41,/kaggle/working/cut_cutfix_full_tier1_20260729_01/tier1/400_440/media/vWIrluPVe64_s0000439490_e0000441886.mp4,tier1,cuda,nvenc,cutfix_full_tier1_20260729_01
vWIrluPVe64_s0000448034_e0000450238,vWIrluPVe64,448.034,450.238,2.204,1.0,1.0,7.55,/kaggle/working/cut_cutfix_full_tier1_20260729_01/tier1/400_440/media/vWIrluPVe64_s0000448034_e0000450238.mp4,tier1,cuda,nvenc,cutfix_full_tier1_20260729_01
vWIrluPVe64_s0000453602_e0000456062,vWIrluPVe64,453.602,456.062,2.46,1.0,1.0,9.4,/kaggle/working/cut_cutfix_full_tier1_20260729_01/tier1/400_440/media/vWIrluPVe64_s0000453602_e0000456062.mp4,tier1,cuda,nvenc,cutfix_full_tier1_20260729_01
vWIrluPVe64_s0000462370_e0000464958,vWIrluPVe64,462.37,464.958,2.588,1.0,1.0,10.53,/kaggle/working/cut_cutfix_full_tier1_20260729_01/tier1/400_440/media/vWIrluPVe64_s0000462370_e0000464958.mp4,tier1,cuda,nvenc,cutfix_full_tier1_20260729_01
vWIrluPVe64_s0000465154_e0000470206,vWIrluPVe64,465.154,470.206,5.052,1.0,1.0,8.8,/kaggle/working/cut_cutfix_full_tier1_20260729_01/tier1/400_440/media/vWIrluPVe64_s0000465154_e0000470206.mp4,tier1,cuda,nvenc,cutfix_full_tier1_20260729_01
vWIrluPVe64_s0000472866_e0000475742,vWIrluPVe64,472.866,475.742,2.876,1.0,1.0,9.27,/kaggle/working/cut_cutfix_full_tier1_20260729_01/tier1/400_440/media/vWIrluPVe64_s0000472866_e0000475742.mp4,tier1,cuda,nvenc,cutfix_full_tier1_20260729_01
vWIrluPVe64_s0000490306_e0000493278,vWIrluPVe64,490.306,493.278,2.972,1.0,1.0,7.48,/kaggle/working/cut_cutfix_full_tier1_20260729_01/tier1/400_440/media/vWIrluPVe64_s0000490306_e0000493278.mp4,tier1,cuda,nvenc,cutfix_full_tier1_20260729_01
vWIrluPVe64_s0000498594_e0000501022,vWIrluPVe64,498.594,501.022,2.428,1.0,1.0,9.85,/kaggle/working/cut_cutfix_full_tier1_20260729_01/tier1/400_440/media/vWIrluPVe64_s0000498594_e0000501022.mp4,tier1,cuda,nvenc,cutfix_full_tier1_20260729_01
vWIrluPVe64_s0000501314_e0000504446,vWIrluPVe64,501.314,504.446,3.132,1.0,1.0,8.32,/kaggle/working/cut_cutfix_full_tier1_20260729_01/tier1/400_440/media/vWIrluPVe64_s0000501314_e0000504446.mp4,tier1,cuda,nvenc,cutfix_full_tier1_20260729_01
vWIrluPVe64_s0000510242_e0000512670,vWIrluPVe64,510.242,512.67,2.428,1.0,1.0,7.63,/kaggle/working/cut_cutfix_full_tier1_20260729_01/tier1/400_440/media/vWIrluPVe64_s0000510242_e0000512670.mp4,tier1,cuda,nvenc,cutfix_full_tier1_20260729_01
vWIrluPVe64_s0000517058_e0000519838,vWIrluPVe64,517.058,519.838,2.78,1.0,1.0,9.26,/kaggle/working/cut_cutfix_full_tier1_20260729_01/tier1/400_440/media/vWIrluPVe64_s0000517058_e0000519838.mp4,tier1,cuda,nvenc,cutfix_full_tier1_20260729_01
vWIrluPVe64_s0000520002_e0000522142,vWIrluPVe64,520.002,522.142,2.14,1.0,1.0,6.79,/kaggle/working/cut_cutfix_full_tier1_20260729_01/tier1/400_440/media/vWIrluPVe64_s0000520002_e0000522142.mp4,tier1,cuda,nvenc,cutfix_full_tier1_20260729_01
vWIrluPVe64_s0000525250_e0000527742,vWIrluPVe64,525.25,527.742,2.492,1.0,1.0,8.81,/kaggle/working/cut_cutfix_full_tier1_20260729_01/tier1/400_440/media/vWIrluPVe64_s0000525250_e0000527742.mp4,tier1,cuda,nvenc,cutfix_full_tier1_20260729_01
vWIrluPVe64_s0000535842_e0000538494,vWIrluPVe64,535.842,538.494,2.652,1.0,1.0,8.21,/kaggle/working/cut_cutfix_full_tier1_20260729_01/tier1/400_440/media/vWIrluPVe64_s0000535842_e0000538494.mp4,tier1,cuda,nvenc,cutfix_full_tier1_20260729_01
vWIrluPVe64_s0000540610_e0000543166,vWIrluPVe64,540.61,543.166,2.556,1.0,1.0,7.79,/kaggle/working/cut_cutfix_full_tier1_20260729_01/tier1/400_440/media/vWIrluPVe64_s0000540610_e0000543166.mp4,tier1,cuda,nvenc,cutfix_full_tier1_20260729_01
vWIrluPVe64_s0000543810_e0000545822,vWIrluPVe64,543.81,545.822,2.012,1.0,1.0,9.16,/kaggle/working/cut_cutfix_full_tier1_20260729_01/tier1/400_440/media/vWIrluPVe64_s0000543810_e0000545822.mp4,tier1,cuda,nvenc,cutfix_full_tier1_20260729_01
vWIrluPVe64_s0000547426_e0000550014,vWIrluPVe64,547.426,550.014,2.588,1.0,1.0,6.65,/kaggle/working/cut_cutfix_full_tier1_20260729_01/tier1/400_440/media/vWIrluPVe64_s0000547426_e0000550014.mp4,tier1,cuda,nvenc,cutfix_full_tier1_20260729_01
vWIrluPVe64_s0000552322_e0000554558,vWIrluPVe64,552.322,554.558,2.236,1.0,1.0,7.7,/kaggle/working/cut_cutfix_full_tier1_20260729_01/tier1/400_440/media/vWIrluPVe64_s0000552322_e0000554558.mp4,tier1,cuda,nvenc,cutfix_full_tier1_20260729_01
vWIrluPVe64_s0000556834_e0000559134,vWIrluPVe64,556.834,559.134,2.3,1.0,1.0,7.49,/kaggle/working/cut_cutfix_full_tier1_20260729_01/tier1/400_440/media/vWIrluPVe64_s0000556834_e0000559134.mp4,tier1,cuda,nvenc,cutfix_full_tier1_20260729_01
vWIrluPVe64_s0000562978_e0000565310,vWIrluPVe64,562.978,565.31,2.332,1.0,1.0,7.84,/kaggle/working/cut_cutfix_full_tier1_20260729_01/tier1/400_440/media/vWIrluPVe64_s0000562978_e0000565310.mp4,tier1,cuda,nvenc,cutfix_full_tier1_20260729_01
vWIrluPVe64_s0000566082_e0000568286,vWIrluPVe64,566.082,568.286,2.204,1.0,1.0,9.67,/kaggle/working/cut_cutfix_full_tier1_20260729_01/tier1/400_440/media/vWIrluPVe64_s0000566082_e0000568286.mp4,tier1,cuda,nvenc,cutfix_full_tier1_20260729_01
vWIrluPVe64_s0000568802_e0000570974,vWIrluPVe64,568.802,570.974,2.172,1.0,1.0,11.77,/kaggle/working/cut_cutfix_full_tier1_20260729_01/tier1/400_440/media/vWIrluPVe64_s0000568802_e0000570974.mp4,tier1,cuda,nvenc,cutfix_full_tier1_20260729_01
vWIrluPVe64_s0000571202_e0000573470,vWIrluPVe64,571.202,573.47,2.268,1.0,1.0,6.42,/kaggle/working/cut_cutfix_full_tier1_20260729_01/tier1/400_440/media/vWIrluPVe64_s0000571202_e0000573470.mp4,tier1,cuda,nvenc,cutfix_full_tier1_20260729_01
vWIrluPVe64_s0000575362_e0000577982,vWIrluPVe64,575.362,577.982,2.62,1.0,1.0,8.86,/kaggle/working/cut_cutfix_full_tier1_20260729_01/tier1/400_440/media/vWIrluPVe64_s0000575362_e0000577982.mp4,tier1,cuda,nvenc,cutfix_full_tier1_20260729_01
vWIrluPVe64_s0000580834_e0000583454,vWIrluPVe64,580.834,583.454,2.62,1.0,1.0,7.95,/kaggle/working/cut_cutfix_full_tier1_20260729_01/tier1/400_440/media/vWIrluPVe64_s0000580834_e0000583454.mp4,tier1,cuda,nvenc,cutfix_full_tier1_20260729_01
vWIrluPVe64_s0000585378_e0000587870,vWIrluPVe64,585.378,587.87,2.492,1.0,1.0,8.19,/kaggle/working/cut_cutfix_full_tier1_20260729_01/tier1/400_440/media/vWIrluPVe64_s0000585378_e0000587870.mp4,tier1,cuda,nvenc,cutfix_full_tier1_20260729_01
vWIrluPVe64_s0000592610_e0000595294,vWIrluPVe64,592.61,595.294,2.684,1.0,1.0,7.64,/kaggle/working/cut_cutfix_full_tier1_20260729_01/tier1/400_440/media/vWIrluPVe64_s0000592610_e0000595294.mp4,tier1,cuda,nvenc,cutfix_full_tier1_20260729_01
vWIrluPVe64_s0000599874_e0000602526,vWIrluPVe64,599.874,602.526,2.652,1.0,1.0,6.67,/kaggle/working/cut_cutfix_full_tier1_20260729_01/tier1/400_440/media/vWIrluPVe64_s0000599874_e0000602526.mp4,tier1,cuda,nvenc,cutfix_full_tier1_20260729_01
vWIrluPVe64_s0000607522_e0000610558,vWIrluPVe64,607.522,610.558,3.036,1.0,1.0,10.44,/kaggle/working/cut_cutfix_full_tier1_20260729_01/tier1/400_440/media/vWIrluPVe64_s0000607522_e0000610558.mp4,tier1,cuda,nvenc,cutfix_full_tier1_20260729_01
vWIrluPVe64_s0000612386_e0000615454,vWIrluPVe64,612.386,615.454,3.068,1.0,1.0,6.79,/kaggle/working/cut_cutfix_full_tier1_20260729_01/tier1/400_440/media/vWIrluPVe64_s0000612386_e0000615454.mp4,tier1,cuda,nvenc,cutfix_full_tier1_20260729_01
vWIrluPVe64_s0000618338_e0000620862,vWIrluPVe64,618.338,620.862,2.524,1.0,1.0,8.58,/kaggle/working/cut_cutfix_full_tier1_20260729_01/tier1/400_440/media/vWIrluPVe64_s0000618338_e0000620862.mp4,tier1,cuda,nvenc,cutfix_full_tier1_20260729_01
vWIrluPVe64_s0000626594_e0000629118,vWIrluPVe64,626.594,629.118,2.524,1.0,1.0,7.56,/kaggle/working/cut_cutfix_full_tier1_20260729_01/tier1/400_440/media/vWIrluPVe64_s0000626594_e0000629118.mp4,tier1,cuda,nvenc,cutfix_full_tier1_20260729_01
vWIrluPVe64_s0000634274_e0000636830,vWIrluPVe64,634.274,636.83,2.556,1.0,1.0,7.99,/kaggle/working/cut_cutfix_full_tier1_20260729_01/tier1/400_440/media/vWIrluPVe64_s0000634274_e0000636830.mp4,tier1,cuda,nvenc,cutfix_full_tier1_20260729_01
vWIrluPVe64_s0000638562_e0000641182,vWIrluPVe64,638.562,641.182,2.62,1.0,1.0,7.66,/kaggle/working/cut_cutfix_full_tier1_20260729_01/tier1/400_440/media/vWIrluPVe64_s0000638562_e0000641182.mp4,tier1,cuda,nvenc,cutfix_full_tier1_20260729_01
vWIrluPVe64_s0000641890_e0000644062,vWIrluPVe64,641.89,644.062,2.172,1.0,1.0,9.96,/kaggle/working/cut_cutfix_full_tier1_20260729_01/tier1/400_440/media/vWIrluPVe64_s0000641890_e0000644062.mp4,tier1,cuda,nvenc,cutfix_full_tier1_20260729_01
vWIrluPVe64_s0000649634_e0000652222,vWIrluPVe64,649.634,652.222,2.588,1.0,1.0,7.96,/kaggle/working/cut_cutfix_full_tier1_20260729_01/tier1/400_440/media/vWIrluPVe64_s0000649634_e0000652222.mp4,tier1,cuda,nvenc,cutfix_full_tier1_20260729_01
vWIrluPVe64_s0000652418_e0000655166,vWIrluPVe64,652.418,655.166,2.748,1.0,1.0,10.49,/kaggle/working/cut_cutfix_full_tier1_20260729_01/tier1/400_440/media/vWIrluPVe64_s0000652418_e0000655166.mp4,tier1,cuda,nvenc,cutfix_full_tier1_20260729_01
vWIrluPVe64_s0000665666_e0000667934,vWIrluPVe64,665.666,667.934,2.268,1.0,1.0,7.96,/kaggle/working/cut_cutfix_full_tier1_20260729_01/tier1/400_440/media/vWIrluPVe64_s0000665666_e0000667934.mp4,tier1,cuda,nvenc,cutfix_full_tier1_20260729_01
vWIrluPVe64_s0000668610_e0000671102,vWIrluPVe64,668.61,671.102,2.492,1.0,1.0,9.51,/kaggle/working/cut_cutfix_full_tier1_20260729_01/tier1/400_440/media/vWIrluPVe64_s0000668610_e0000671102.mp4,tier1,cuda,nvenc,cutfix_full_tier1_20260729_01
vWIrluPVe64_s0000678146_e0000681150,vWIrluPVe64,678.146,681.15,3.004,1.0,1.0,12.55,/kaggle/working/cut_cutfix_full_tier1_20260729_01/tier1/400_440/media/vWIrluPVe64_s0000678146_e0000681150.mp4,tier1,cuda,nvenc,cutfix_full_tier1_20260729_01
vWIrluPVe64_s0000685570_e0000688350,vWIrluPVe64,685.57,688.35,2.78,1.0,1.0,5.74,/kaggle/working/cut_cutfix_full_tier1_20260729_01/tier1/400_440/media/vWIrluPVe64_s0000685570_e0000688350.mp4,tier1,cuda,nvenc,cutfix_full_tier1_20260729_01
vWIrluPVe64_s0000688674_e0000691070,vWIrluPVe64,688.674,691.07,2.396,1.0,1.0,6.71,/kaggle/working/cut_cutfix_full_tier1_20260729_01/tier1/400_440/media/vWIrluPVe64_s0000688674_e0000691070.mp4,tier1,cuda,nvenc,cutfix_full_tier1_20260729_01
vWIrluPVe64_s0000691298_e0000693406,vWIrluPVe64,691.298,693.406,2.108,1.0,1.0,4.7,/kaggle/working/cut_cutfix_full_tier1_20260729_01/tier1/400_440/media/vWIrluPVe64_s0000691298_e0000693406.mp4,tier1,cuda,nvenc,cutfix_full_tier1_20260729_01
vZRkeUx8LOU_s0000005922_e0000015678,vZRkeUx8LOU,5.922,15.678,9.756,1.0,1.0,11.93,/kaggle/working/cut_cutfix_full_tier1_20260729_01/tier1/400_440/media/vZRkeUx8LOU_s0000005922_e0000015678.mp4,tier1,cuda,nvenc,cutfix_full_tier1_20260729_01
vZRkeUx8LOU_s0000016034_e0000018430,vZRkeUx8LOU,16.034,18.43,2.396,1.0,1.0,13.15,/kaggle/working/cut_cutfix_full_tier1_20260729_01/tier1/400_440/media/vZRkeUx8LOU_s0000016034_e0000018430.mp4,tier1,cuda,nvenc,cutfix_full_tier1_20260729_01
vZRkeUx8LOU_s0000018530_e0000027486,vZRkeUx8LOU,18.53,27.486,8.956,1.0,1.0,10.91,/kaggle/working/cut_cutfix_full_tier1_20260729_01/tier1/400_440/media/vZRkeUx8LOU_s0000018530_e0000027486.mp4,tier1,cuda,nvenc,cutfix_full_tier1_20260729_01
vZRkeUx8LOU_s0000027618_e0000030462,vZRkeUx8LOU,27.618,30.462,2.844,1.0,1.0,11.32,/kaggle/working/cut_cutfix_full_tier1_20260729_01/tier1/400_440/media/vZRkeUx8LOU_s0000027618_e0000030462.mp4,tier1,cuda,nvenc,cutfix_full_tier1_20260729_01
vZRkeUx8LOU_s0000030562_e0000035562,vZRkeUx8LOU,30.562,35.562,5.0,1.0,1.0,12.35,/kaggle/working/cut_cutfix_full_tier1_20260729_01/tier1/400_440/media/vZRkeUx8LOU_s0000030562_e0000035562.mp4,tier1,cuda,nvenc,cutfix_full_tier1_20260729_01
vZRkeUx8LOU_s0000034562_e0000039562,vZRkeUx8LOU,34.562,39.562,5.0,1.0,1.0,12.18,/kaggle/working/cut_cutfix_full_tier1_20260729_01/tier1/400_440/media/vZRkeUx8LOU_s0000034562_e0000039562.mp4,tier1,cuda,nvenc,cutfix_full_tier1_20260729_01
vZRkeUx8LOU_s0000038562_e0000042750,vZRkeUx8LOU,38.562,42.75,4.188,1.0,1.0,11.36,/kaggle/working/cut_cutfix_full_tier1_20260729_01/tier1/400_440/media/vZRkeUx8LOU_s0000038562_e0000042750.mp4,tier1,cuda,nvenc,cutfix_full_tier1_20260729_01
vZRkeUx8LOU_s0000050114_e0000058526,vZRkeUx8LOU,50.114,58.526,8.412,1.0,1.0,12.13,/kaggle/working/cut_cutfix_full_tier1_20260729_01/tier1/400_440/media/vZRkeUx8LOU_s0000050114_e0000058526.mp4,tier1,cuda,nvenc,cutfix_full_tier1_20260729_01
vZRkeUx8LOU_s0000062818_e0000067818,vZRkeUx8LOU,62.818,67.818,5.0,1.0,1.0,12.27,/kaggle/working/cut_cutfix_full_tier1_20260729_01/tier1/400_440/media/vZRkeUx8LOU_s0000062818_e0000067818.mp4,tier1,cuda,nvenc,cutfix_full_tier1_20260729_01
vZRkeUx8LOU_s0000066818_e0000071818,vZRkeUx8LOU,66.818,71.818,5.0,1.0,1.0,12.64,/kaggle/working/cut_cutfix_full_tier1_20260729_01/tier1/400_440/media/vZRkeUx8LOU_s0000066818_e0000071818.mp4,tier1,cuda,nvenc,cutfix_full_tier1_20260729_01
vZRkeUx8LOU_s0000070818_e0000075818,vZRkeUx8LOU,70.818,75.818,5.0,1.0,1.0,12.4,/kaggle/working/cut_cutfix_full_tier1_20260729_01/tier1/400_440/media/vZRkeUx8LOU_s0000070818_e0000075818.mp4,tier1,cuda,nvenc,cutfix_full_tier1_20260729_01
vZRkeUx8LOU_s0000082978_e0000087978,vZRkeUx8LOU,82.978,87.978,5.0,1.0,1.0,8.86,/kaggle/working/cut_cutfix_full_tier1_20260729_01/tier1/400_440/media/vZRkeUx8LOU_s0000082978_e0000087978.mp4,tier1,cuda,nvenc,cutfix_full_tier1_20260729_01
vZRkeUx8LOU_s0000086978_e0000091978,vZRkeUx8LOU,86.978,91.978,5.0,1.0,1.0,10.53,/kaggle/working/cut_cutfix_full_tier1_20260729_01/tier1/400_440/media/vZRkeUx8LOU_s0000086978_e0000091978.mp4,tier1,cuda,nvenc,cutfix_full_tier1_20260729_01
vZRkeUx8LOU_s0000090978_e0000095934,vZRkeUx8LOU,90.978,95.934,4.956,1.0,1.0,10.08,/kaggle/working/cut_cutfix_full_tier1_20260729_01/tier1/400_440/media/vZRkeUx8LOU_s0000090978_e0000095934.mp4,tier1,cuda,nvenc,cutfix_full_tier1_20260729_01
vZRkeUx8LOU_s0000096226_e0000101226,vZRkeUx8LOU,96.226,101.226,5.0,1.0,1.0,9.13,/kaggle/working/cut_cutfix_full_tier1_20260729_01/tier1/400_440/media/vZRkeUx8LOU_s0000096226_e0000101226.mp4,tier1,cuda,nvenc,cutfix_full_tier1_20260729_01
vZRkeUx8LOU_s0000100226_e0000105226,vZRkeUx8LOU,100.226,105.226,5.0,1.0,1.0,9.4,/kaggle/working/cut_cutfix_full_tier1_20260729_01/tier1/400_440/media/vZRkeUx8LOU_s0000100226_e0000105226.mp4,tier1,cuda,nvenc,cutfix_full_tier1_20260729_01
vZRkeUx8LOU_s0000104226_e0000109226,vZRkeUx8LOU,104.226,109.226,5.0,1.0,1.0,9.8,/kaggle/working/cut_cutfix_full_tier1_20260729_01/tier1/400_440/media/vZRkeUx8LOU_s0000104226_e0000109226.mp4,tier1,cuda,nvenc,cutfix_full_tier1_20260729_01
vZRkeUx8LOU_s0000112226_e0000117054,vZRkeUx8LOU,112.226,117.054,4.828,1.0,1.0,10.31,/kaggle/working/cut_cutfix_full_tier1_20260729_01/tier1/400_440/media/vZRkeUx8LOU_s0000112226_e0000117054.mp4,tier1,cuda,nvenc,cutfix_full_tier1_20260729_01
vZRkeUx8LOU_s0000121538_e0000126538,vZRkeUx8LOU,121.538,126.538,5.0,1.0,1.0,9.9,/kaggle/working/cut_cutfix_full_tier1_20260729_01/tier1/400_440/media/vZRkeUx8LOU_s0000121538_e0000126538.mp4,tier1,cuda,nvenc,cutfix_full_tier1_20260729_01
vZRkeUx8LOU_s0000125538_e0000130238,vZRkeUx8LOU,125.538,130.238,4.7,0.8,1.0,10.11,/kaggle/working/cut_cutfix_full_tier1_20260729_01/tier1/400_440/media/vZRkeUx8LOU_s0000125538_e0000130238.mp4,tier1,cuda,nvenc,cutfix_full_tier1_20260729_01
vZRkeUx8LOU_s0000168770_e0000176638,vZRkeUx8LOU,168.77,176.638,7.868,1.0,1.0,10.03,/kaggle/working/cut_cutfix_full_tier1_20260729_01/tier1/400_440/media/vZRkeUx8LOU_s0000168770_e0000176638.mp4,tier1,cuda,nvenc,cutfix_full_tier1_20260729_01
vZRkeUx8LOU_s0000252290_e0000255742,vZRkeUx8LOU,252.29,255.742,3.452,1.0,1.0,12.21,/kaggle/working/cut_cutfix_full_tier1_20260729_01/tier1/400_440/media/vZRkeUx8LOU_s0000252290_e0000255742.mp4,tier1,cuda,nvenc,cutfix_full_tier1_20260729_01
vZRkeUx8LOU_s0000256066_e0000259422,vZRkeUx8LOU,256.066,259.422,3.356,1.0,1.0,11.71,/kaggle/working/cut_cutfix_full_tier1_20260729_01/tier1/400_440/media/vZRkeUx8LOU_s0000256066_e0000259422.mp4,tier1,cuda,nvenc,cutfix_full_tier1_20260729_01
vqmz6Ras5ns_s0000000386_e0000004542,vqmz6Ras5ns,0.386,4.542,4.156,1.0,1.0,8.17,/kaggle/working/cut_cutfix_full_tier1_20260729_01/tier1/400_440/media/vqmz6Ras5ns_s0000000386_e0000004542.mp4,tier1,cuda,nvenc,cutfix_full_tier1_20260729_01
vqmz6Ras5ns_s0000013122_e0000016574,vqmz6Ras5ns,13.122,16.574,3.452,1.0,1.0,9.8,/kaggle/working/cut_cutfix_full_tier1_20260729_01/tier1/400_440/media/vqmz6Ras5ns_s0000013122_e0000016574.mp4,tier1,cuda,nvenc,cutfix_full_tier1_20260729_01
vqmz6Ras5ns_s0000016706_e0000018846,vqmz6Ras5ns,16.706,18.846,2.14,1.0,1.0,9.41,/kaggle/working/cut_cutfix_full_tier1_20260729_01/tier1/400_440/media/vqmz6Ras5ns_s0000016706_e0000018846.mp4,tier1,cuda,nvenc,cutfix_full_tier1_20260729_01
vqmz6Ras5ns_s0000020002_e0000025822,vqmz6Ras5ns,20.002,25.822,5.82,1.0,1.0,8.84,/kaggle/working/cut_cutfix_full_tier1_20260729_01/tier1/400_440/media/vqmz6Ras5ns_s0000020002_e0000025822.mp4,tier1,cuda,nvenc,cutfix_full_tier1_20260729_01
vqmz6Ras5ns_s0000025922_e0000029118,vqmz6Ras5ns,25.922,29.118,3.196,1.0,1.0,8.38,/kaggle/working/cut_cutfix_full_tier1_20260729_01/tier1/400_440/media/vqmz6Ras5ns_s0000025922_e0000029118.mp4,tier1,cuda,nvenc,cutfix_full_tier1_20260729_01
vqmz6Ras5ns_s0000030242_e0000033758,vqmz6Ras5ns,30.242,33.758,3.516,1.0,1.0,8.6,/kaggle/working/cut_cutfix_full_tier1_20260729_01/tier1/400_440/media/vqmz6Ras5ns_s0000030242_e0000033758.mp4,tier1,cuda,nvenc,cutfix_full_tier1_20260729_01
vqmz6Ras5ns_s0000034402_e0000039402,vqmz6Ras5ns,34.402,39.402,5.0,1.0,1.0,9.44,/kaggle/working/cut_cutfix_full_tier1_20260729_01/tier1/400_440/media/vqmz6Ras5ns_s0000034402_e0000039402.mp4,tier1,cuda,nvenc,cutfix_full_tier1_20260729_01
vqmz6Ras5ns_s0000042402_e0000047402,vqmz6Ras5ns,42.402,47.402,5.0,1.0,1.0,9.06,/kaggle/working/cut_cutfix_full_tier1_20260729_01/tier1/400_440/media/vqmz6Ras5ns_s0000042402_e0000047402.mp4,tier1,cuda,nvenc,cutfix_full_tier1_20260729_01
vqmz6Ras5ns_s0000046402_e0000051402,vqmz6Ras5ns,46.402,51.402,5.0,1.0,1.0,9.05,/kaggle/working/cut_cutfix_full_tier1_20260729_01/tier1/400_440/media/vqmz6Ras5ns_s0000046402_e0000051402.mp4,tier1,cuda,nvenc,cutfix_full_tier1_20260729_01
vqmz6Ras5ns_s0000051586_e0000056586,vqmz6Ras5ns,51.586,56.586,5.0,1.0,1.0,9.48,/kaggle/working/cut_cutfix_full_tier1_20260729_01/tier1/400_440/media/vqmz6Ras5ns_s0000051586_e0000056586.mp4,tier1,cuda,nvenc,cutfix_full_tier1_20260729_01
vqmz6Ras5ns_s0000055586_e0000060586,vqmz6Ras5ns,55.586,60.586,5.0,1.0,1.0,9.79,/kaggle/working/cut_cutfix_full_tier1_20260729_01/tier1/400_440/media/vqmz6Ras5ns_s0000055586_e0000060586.mp4,tier1,cuda,nvenc,cutfix_full_tier1_20260729_01
vqmz6Ras5ns_s0000063586_e0000068254,vqmz6Ras5ns,63.586,68.254,4.668,1.0,1.0,8.85,/kaggle/working/cut_cutfix_full_tier1_20260729_01/tier1/400_440/media/vqmz6Ras5ns_s0000063586_e0000068254.mp4,tier1,cuda,nvenc,cutfix_full_tier1_20260729_01
vqmz6Ras5ns_s0000068610_e0000078846,vqmz6Ras5ns,68.61,78.846,10.236,1.0,1.0,9.06,/kaggle/working/cut_cutfix_full_tier1_20260729_01/tier1/400_440/media/vqmz6Ras5ns_s0000068610_e0000078846.mp4,tier1,cuda,nvenc,cutfix_full_tier1_20260729_01
vqmz6Ras5ns_s0000078978_e0000083358,vqmz6Ras5ns,78.978,83.358,4.38,1.0,1.0,9.33,/kaggle/working/cut_cutfix_full_tier1_20260729_01/tier1/400_440/media/vqmz6Ras5ns_s0000078978_e0000083358.mp4,tier1,cuda,nvenc,cutfix_full_tier1_20260729_01
vqmz6Ras5ns_s0000083650_e0000089182,vqmz6Ras5ns,83.65,89.182,5.532,1.0,1.0,9.21,/kaggle/working/cut_cutfix_full_tier1_20260729_01/tier1/400_440/media/vqmz6Ras5ns_s0000083650_e0000089182.mp4,tier1,cuda,nvenc,cutfix_full_tier1_20260729_01
vqmz6Ras5ns_s0000089346_e0000091518,vqmz6Ras5ns,89.346,91.518,2.172,1.0,1.0,10.24,/kaggle/working/cut_cutfix_full_tier1_20260729_01/tier1/400_440/media/vqmz6Ras5ns_s0000089346_e0000091518.mp4,tier1,cuda,nvenc,cutfix_full_tier1_20260729_01
vqmz6Ras5ns_s0000091714_e0000095518,vqmz6Ras5ns,91.714,95.518,3.804,1.0,1.0,9.66,/kaggle/working/cut_cutfix_full_tier1_20260729_01/tier1/400_440/media/vqmz6Ras5ns_s0000091714_e0000095518.mp4,tier1,cuda,nvenc,cutfix_full_tier1_20260729_01
vqmz6Ras5ns_s0000095682_e0000102046,vqmz6Ras5ns,95.682,102.046,6.364,1.0,1.0,9.09,/kaggle/working/cut_cutfix_full_tier1_20260729_01/tier1/400_440/media/vqmz6Ras5ns_s0000095682_e0000102046.mp4,tier1,cuda,nvenc,cutfix_full_tier1_20260729_01
vqmz6Ras5ns_s0000102274_e0000107518,vqmz6Ras5ns,102.274,107.518,5.244,1.0,1.0,9.35,/kaggle/working/cut_cutfix_full_tier1_20260729_01/tier1/400_440/media/vqmz6Ras5ns_s0000102274_e0000107518.mp4,tier1,cuda,nvenc,cutfix_full_tier1_20260729_01
vqmz6Ras5ns_s0000107938_e0000112938,vqmz6Ras5ns,107.938,112.938,5.0,1.0,1.0,9.64,/kaggle/working/cut_cutfix_full_tier1_20260729_01/tier1/400_440/media/vqmz6Ras5ns_s0000107938_e0000112938.mp4,tier1,cuda,nvenc,cutfix_full_tier1_20260729_01
vqmz6Ras5ns_s0000111938_e0000116938,vqmz6Ras5ns,111.938,116.938,5.0,1.0,1.0,9.58,/kaggle/working/cut_cutfix_full_tier1_20260729_01/tier1/400_440/media/vqmz6Ras5ns_s0000111938_e0000116938.mp4,tier1,cuda,nvenc,cutfix_full_tier1_20260729_01
vqmz6Ras5ns_s0000115938_e0000120938,vqmz6Ras5ns,115.938,120.938,5.0,1.0,1.0,9.75,/kaggle/working/cut_cutfix_full_tier1_20260729_01/tier1/400_440/media/vqmz6Ras5ns_s0000115938_e0000120938.mp4,tier1,cuda,nvenc,cutfix_full_tier1_20260729_01
vqmz6Ras5ns_s0000119938_e0000124938,vqmz6Ras5ns,119.938,124.938,5.0,1.0,1.0,9.53,/kaggle/working/cut_cutfix_full_tier1_20260729_01/tier1/400_440/media/vqmz6Ras5ns_s0000119938_e0000124938.mp4,tier1,cuda,nvenc,cutfix_full_tier1_20260729_01
vqmz6Ras5ns_s0000123938_e0000128938,vqmz6Ras5ns,123.938,128.938,5.0,1.0,1.0,9.96,/kaggle/working/cut_cutfix_full_tier1_20260729_01/tier1/400_440/media/vqmz6Ras5ns_s0000123938_e0000128938.mp4,tier1,cuda,nvenc,cutfix_full_tier1_20260729_01
vqmz6Ras5ns_s0000127938_e0000132938,vqmz6Ras5ns,127.938,132.938,5.0,1.0,1.0,9.2,/kaggle/working/cut_cutfix_full_tier1_20260729_01/tier1/400_440/media/vqmz6Ras5ns_s0000127938_e0000132938.mp4,tier1,cuda,nvenc,cutfix_full_tier1_20260729_01
vqmz6Ras5ns_s0000133762_e0000140926,vqmz6Ras5ns,133.762,140.926,7.164,1.0,1.0,9.71,/kaggle/working/cut_cutfix_full_tier1_20260729_01/tier1/400_440/media/vqmz6Ras5ns_s0000133762_e0000140926.mp4,tier1,cuda,nvenc,cutfix_full_tier1_20260729_01
vqmz6Ras5ns_s0000141090_e0000143198,vqmz6Ras5ns,141.09,143.198,2.108,1.0,1.0,9.91,/kaggle/working/cut_cutfix_full_tier1_20260729_01/tier1/400_440/media/vqmz6Ras5ns_s0000141090_e0000143198.mp4,tier1,cuda,nvenc,cutfix_full_tier1_20260729_01
vqmz6Ras5ns_s0000143490_e0000148490,vqmz6Ras5ns,143.49,148.49,5.0,1.0,1.0,9.27,/kaggle/working/cut_cutfix_full_tier1_20260729_01/tier1/400_440/media/vqmz6Ras5ns_s0000143490_e0000148490.mp4,tier1,cuda,nvenc,cutfix_full_tier1_20260729_01
vqmz6Ras5ns_s0000147490_e0000152490,vqmz6Ras5ns,147.49,152.49,5.0,1.0,1.0,8.94,/kaggle/working/cut_cutfix_full_tier1_20260729_01/tier1/400_440/media/vqmz6Ras5ns_s0000147490_e0000152490.mp4,tier1,cuda,nvenc,cutfix_full_tier1_20260729_01
vqmz6Ras5ns_s0000151490_e0000156030,vqmz6Ras5ns,151.49,156.03,4.54,1.0,1.0,8.97,/kaggle/working/cut_cutfix_full_tier1_20260729_01/tier1/400_440/media/vqmz6Ras5ns_s0000151490_e0000156030.mp4,tier1,cuda,nvenc,cutfix_full_tier1_20260729_01
vqmz6Ras5ns_s0000157122_e0000167998,vqmz6Ras5ns,157.122,167.998,10.876,1.0,1.0,8.59,/kaggle/working/cut_cutfix_full_tier1_20260729_01/tier1/400_440/media/vqmz6Ras5ns_s0000157122_e0000167998.mp4,tier1,cuda,nvenc,cutfix_full_tier1_20260729_01
vqmz6Ras5ns_s0000169314_e0000175198,vqmz6Ras5ns,169.314,175.198,5.884,1.0,1.0,8.64,/kaggle/working/cut_cutfix_full_tier1_20260729_01/tier1/400_440/media/vqmz6Ras5ns_s0000169314_e0000175198.mp4,tier1,cuda,nvenc,cutfix_full_tier1_20260729_01
vqmz6Ras5ns_s0000175298_e0000180094,vqmz6Ras5ns,175.298,180.094,4.796,1.0,1.0,9.43,/kaggle/working/cut_cutfix_full_tier1_20260729_01/tier1/400_440/media/vqmz6Ras5ns_s0000175298_e0000180094.mp4,tier1,cuda,nvenc,cutfix_full_tier1_20260729_01
vqmz6Ras5ns_s0000180514_e0000185514,vqmz6Ras5ns,180.514,185.514,5.0,1.0,1.0,8.53,/kaggle/working/cut_cutfix_full_tier1_20260729_01/tier1/400_440/media/vqmz6Ras5ns_s0000180514_e0000185514.mp4,tier1,cuda,nvenc,cutfix_full_tier1_20260729_01
vqmz6Ras5ns_s0000184514_e0000189514,vqmz6Ras5ns,184.514,189.514,5.0,1.0,1.0,9.31,/kaggle/working/cut_cutfix_full_tier1_20260729_01/tier1/400_440/media/vqmz6Ras5ns_s0000184514_e0000189514.mp4,tier1,cuda,nvenc,cutfix_full_tier1_20260729_01
vqmz6Ras5ns_s0000188514_e0000193514,vqmz6Ras5ns,188.514,193.514,5.0,1.0,1.0,9.16,/kaggle/working/cut_cutfix_full_tier1_20260729_01/tier1/400_440/media/vqmz6Ras5ns_s0000188514_e0000193514.mp4,tier1,cuda,nvenc,cutfix_full_tier1_20260729_01
vqmz6Ras5ns_s0000192514_e0000197514,vqmz6Ras5ns,192.514,197.514,5.0,1.0,1.0,8.95,/kaggle/working/cut_cutfix_full_tier1_20260729_01/tier1/400_440/media/vqmz6Ras5ns_s0000192514_e0000197514.mp4,tier1,cuda,nvenc,cutfix_full_tier1_20260729_01
vqmz6Ras5ns_s0000196514_e0000200606,vqmz6Ras5ns,196.514,200.606,4.092,1.0,1.0,8.27,/kaggle/working/cut_cutfix_full_tier1_20260729_01/tier1/400_440/media/vqmz6Ras5ns_s0000196514_e0000200606.mp4,tier1,cuda,nvenc,cutfix_full_tier1_20260729_01
vqmz6Ras5ns_s0000200802_e0000203518,vqmz6Ras5ns,200.802,203.518,2.716,1.0,1.0,9.56,/kaggle/working/cut_cutfix_full_tier1_20260729_01/tier1/400_440/media/vqmz6Ras5ns_s0000200802_e0000203518.mp4,tier1,cuda,nvenc,cutfix_full_tier1_20260729_01
vqmz6Ras5ns_s0000207842_e0000212926,vqmz6Ras5ns,207.842,212.926,5.084,1.0,1.0,9.57,/kaggle/working/cut_cutfix_full_tier1_20260729_01/tier1/400_440/media/vqmz6Ras5ns_s0000207842_e0000212926.mp4,tier1,cuda,nvenc,cutfix_full_tier1_20260729_01
vqmz6Ras5ns_s0000213058_e0000216190,vqmz6Ras5ns,213.058,216.19,3.132,1.0,1.0,10.46,/kaggle/working/cut_cutfix_full_tier1_20260729_01/tier1/400_440/media/vqmz6Ras5ns_s0000213058_e0000216190.mp4,tier1,cuda,nvenc,cutfix_full_tier1_20260729_01
vqmz6Ras5ns_s0000216322_e0000221322,vqmz6Ras5ns,216.322,221.322,5.0,1.0,1.0,9.38,/kaggle/working/cut_cutfix_full_tier1_20260729_01/tier1/400_440/media/vqmz6Ras5ns_s0000216322_e0000221322.mp4,tier1,cuda,nvenc,cutfix_full_tier1_20260729_01
vqmz6Ras5ns_s0000220322_e0000225322,vqmz6Ras5ns,220.322,225.322,5.0,1.0,1.0,8.77,/kaggle/working/cut_cutfix_full_tier1_20260729_01/tier1/400_440/media/vqmz6Ras5ns_s0000220322_e0000225322.mp4,tier1,cuda,nvenc,cutfix_full_tier1_20260729_01
vqmz6Ras5ns_s0000224322_e0000229322,vqmz6Ras5ns,224.322,229.322,5.0,1.0,1.0,8.68,/kaggle/working/cut_cutfix_full_tier1_20260729_01/tier1/400_440/media/vqmz6Ras5ns_s0000224322_e0000229322.mp4,tier1,cuda,nvenc,cutfix_full_tier1_20260729_01
vqmz6Ras5ns_s0000230274_e0000237214,vqmz6Ras5ns,230.274,237.214,6.94,1.0,1.0,8.68,/kaggle/working/cut_cutfix_full_tier1_20260729_01/tier1/400_440/media/vqmz6Ras5ns_s0000230274_e0000237214.mp4,tier1,cuda,nvenc,cutfix_full_tier1_20260729_01
vqmz6Ras5ns_s0000237346_e0000245502,vqmz6Ras5ns,237.346,245.502,8.156,1.0,1.0,9.26,/kaggle/working/cut_cutfix_full_tier1_20260729_01/tier1/400_440/media/vqmz6Ras5ns_s0000237346_e0000245502.mp4,tier1,cuda,nvenc,cutfix_full_tier1_20260729_01
vqmz6Ras5ns_s0000245698_e0000247742,vqmz6Ras5ns,245.698,247.742,2.044,1.0,1.0,8.26,/kaggle/working/cut_cutfix_full_tier1_20260729_01/tier1/400_440/media/vqmz6Ras5ns_s0000245698_e0000247742.mp4,tier1,cuda,nvenc,cutfix_full_tier1_20260729_01
vqmz6Ras5ns_s0000253442_e0000258442,vqmz6Ras5ns,253.442,258.442,5.0,1.0,1.0,8.59,/kaggle/working/cut_cutfix_full_tier1_20260729_01/tier1/400_440/media/vqmz6Ras5ns_s0000253442_e0000258442.mp4,tier1,cuda,nvenc,cutfix_full_tier1_20260729_01
vqmz6Ras5ns_s0000257442_e0000262442,vqmz6Ras5ns,257.442,262.442,5.0,1.0,1.0,8.12,/kaggle/working/cut_cutfix_full_tier1_20260729_01/tier1/400_440/media/vqmz6Ras5ns_s0000257442_e0000262442.mp4,tier1,cuda,nvenc,cutfix_full_tier1_20260729_01
vqmz6Ras5ns_s0000261442_e0000266442,vqmz6Ras5ns,261.442,266.442,5.0,1.0,1.0,8.35,/kaggle/working/cut_cutfix_full_tier1_20260729_01/tier1/400_440/media/vqmz6Ras5ns_s0000261442_e0000266442.mp4,tier1,cuda,nvenc,cutfix_full_tier1_20260729_01
vqmz6Ras5ns_s0000265442_e0000270442,vqmz6Ras5ns,265.442,270.442,5.0,1.0,1.0,8.65,/kaggle/working/cut_cutfix_full_tier1_20260729_01/tier1/400_440/media/vqmz6Ras5ns_s0000265442_e0000270442.mp4,tier1,cuda,nvenc,cutfix_full_tier1_20260729_01
vqmz6Ras5ns_s0000269442_e0000274442,vqmz6Ras5ns,269.442,274.442,5.0,1.0,1.0,9.13,/kaggle/working/cut_cutfix_full_tier1_20260729_01/tier1/400_440/media/vqmz6Ras5ns_s0000269442_e0000274442.mp4,tier1,cuda,nvenc,cutfix_full_tier1_20260729_01
vqmz6Ras5ns_s0000273442_e0000278442,vqmz6Ras5ns,273.442,278.442,5.0,1.0,1.0,8.77,/kaggle/working/cut_cutfix_full_tier1_20260729_01/tier1/400_440/media/vqmz6Ras5ns_s0000273442_e0000278442.mp4,tier1,cuda,nvenc,cutfix_full_tier1_20260729_01
vqmz6Ras5ns_s0000277442_e0000282442,vqmz6Ras5ns,277.442,282.442,5.0,1.0,1.0,8.69,/kaggle/working/cut_cutfix_full_tier1_20260729_01/tier1/400_440/media/vqmz6Ras5ns_s0000277442_e0000282442.mp4,tier1,cuda,nvenc,cutfix_full_tier1_20260729_01
vqmz6Ras5ns_s0000281442_e0000286442,vqmz6Ras5ns,281.442,286.442,5.0,1.0,1.0,8.98,/kaggle/working/cut_cutfix_full_tier1_20260729_01/tier1/400_440/media/vqmz6Ras5ns_s0000281442_e0000286442.mp4,tier1,cuda,nvenc,cutfix_full_tier1_20260729_01
vqmz6Ras5ns_s0000285442_e0000288670,vqmz6Ras5ns,285.442,288.67,3.228,1.0,1.0,8.75,/kaggle/working/cut_cutfix_full_tier1_20260729_01/tier1/400_440/media/vqmz6Ras5ns_s0000285442_e0000288670.mp4,tier1,cuda,nvenc,cutfix_full_tier1_20260729_01
vqmz6Ras5ns_s0000288834_e0000295230,vqmz6Ras5ns,288.834,295.23,6.396,1.0,1.0,8.76,/kaggle/working/cut_cutfix_full_tier1_20260729_01/tier1/400_440/media/vqmz6Ras5ns_s0000288834_e0000295230.mp4,tier1,cuda,nvenc,cutfix_full_tier1_20260729_01
vqmz6Ras5ns_s0000295522_e0000299614,vqmz6Ras5ns,295.522,299.614,4.092,1.0,1.0,9.89,/kaggle/working/cut_cutfix_full_tier1_20260729_01/tier1/400_440/media/vqmz6Ras5ns_s0000295522_e0000299614.mp4,tier1,cuda,nvenc,cutfix_full_tier1_20260729_01
vqmz6Ras5ns_s0000300098_e0000311838,vqmz6Ras5ns,300.098,311.838,11.74,1.0,1.0,9.77,/kaggle/working/cut_cutfix_full_tier1_20260729_01/tier1/400_440/media/vqmz6Ras5ns_s0000300098_e0000311838.mp4,tier1,cuda,nvenc,cutfix_full_tier1_20260729_01
vqmz6Ras5ns_s0000313058_e0000323998,vqmz6Ras5ns,313.058,323.998,10.94,1.0,1.0,9.43,/kaggle/working/cut_cutfix_full_tier1_20260729_01/tier1/400_440/media/vqmz6Ras5ns_s0000313058_e0000323998.mp4,tier1,cuda,nvenc,cutfix_full_tier1_20260729_01
w8nTnXGMRVM_s0000000130_e0000008190,w8nTnXGMRVM,0.13,8.19,8.06,1.0,1.0,14.65,/kaggle/working/cut_cutfix_full_tier1_20260729_01/tier1/400_440/media/w8nTnXGMRVM_s0000000130_e0000008190.mp4,tier1,cuda,nvenc,cutfix_full_tier1_20260729_01
w8nTnXGMRVM_s0000008482_e0000012222,w8nTnXGMRVM,8.482,12.222,3.74,1.0,1.0,16.76,/kaggle/working/cut_cutfix_full_tier1_20260729_01/tier1/400_440/media/w8nTnXGMRVM_s0000008482_e0000012222.mp4,tier1,cuda,nvenc,cutfix_full_tier1_20260729_01
w8nTnXGMRVM_s0000012386_e0000023806,w8nTnXGMRVM,12.386,23.806,11.42,1.0,1.0,15.68,/kaggle/working/cut_cutfix_full_tier1_20260729_01/tier1/400_440/media/w8nTnXGMRVM_s0000012386_e0000023806.mp4,tier1,cuda,nvenc,cutfix_full_tier1_20260729_01
w8nTnXGMRVM_s0000023906_e0000028906,w8nTnXGMRVM,23.906,28.906,5.0,1.0,1.0,15.74,/kaggle/working/cut_cutfix_full_tier1_20260729_01/tier1/400_440/media/w8nTnXGMRVM_s0000023906_e0000028906.mp4,tier1,cuda,nvenc,cutfix_full_tier1_20260729_01
w8nTnXGMRVM_s0000027906_e0000032906,w8nTnXGMRVM,27.906,32.906,5.0,1.0,1.0,15.55,/kaggle/working/cut_cutfix_full_tier1_20260729_01/tier1/400_440/media/w8nTnXGMRVM_s0000027906_e0000032906.mp4,tier1,cuda,nvenc,cutfix_full_tier1_20260729_01
w8nTnXGMRVM_s0000431394_e0000437854,w8nTnXGMRVM,431.394,437.854,6.46,1.0,1.0,16.31,/kaggle/working/cut_cutfix_full_tier1_20260729_01/tier1/400_440/media/w8nTnXGMRVM_s0000431394_e0000437854.mp4,tier1,cuda,nvenc,cutfix_full_tier1_20260729_01
w8nTnXGMRVM_s0000438082_e0000443082,w8nTnXGMRVM,438.082,443.082,5.0,1.0,1.0,15.64,/kaggle/working/cut_cutfix_full_tier1_20260729_01/tier1/400_440/media/w8nTnXGMRVM_s0000438082_e0000443082.mp4,tier1,cuda,nvenc,cutfix_full_tier1_20260729_01
w8nTnXGMRVM_s0000442082_e0000447082,w8nTnXGMRVM,442.082,447.082,5.0,1.0,1.0,14.93,/kaggle/working/cut_cutfix_full_tier1_20260729_01/tier1/400_440/media/w8nTnXGMRVM_s0000442082_e0000447082.mp4,tier1,cuda,nvenc,cutfix_full_tier1_20260729_01
w8nTnXGMRVM_s0000446082_e0000450878,w8nTnXGMRVM,446.082,450.878,4.796,1.0,1.0,13.19,/kaggle/working/cut_cutfix_full_tier1_20260729_01/tier1/400_440/media/w8nTnXGMRVM_s0000446082_e0000450878.mp4,tier1,cuda,nvenc,cutfix_full_tier1_20260729_01
w8nTnXGMRVM_s0000451010_e0000457214,w8nTnXGMRVM,451.01,457.214,6.204,1.0,1.0,16.4,/kaggle/working/cut_cutfix_full_tier1_20260729_01/tier1/400_440/media/w8nTnXGMRVM_s0000451010_e0000457214.mp4,tier1,cuda,nvenc,cutfix_full_tier1_20260729_01
wXgGPMFD6DA_s0000046082_e0000048862,wXgGPMFD6DA,46.082,48.862,2.78,1.0,1.0,3.84,/kaggle/working/cut_cutfix_full_tier1_20260729_01/tier1/400_440/media/wXgGPMFD6DA_s0000046082_e0000048862.mp4,tier1,cuda,nvenc,cutfix_full_tier1_20260729_01
wXgGPMFD6DA_s0000055618_e0000057694,wXgGPMFD6DA,55.618,57.694,2.076,1.0,1.0,4.12,/kaggle/working/cut_cutfix_full_tier1_20260729_01/tier1/400_440/media/wXgGPMFD6DA_s0000055618_e0000057694.mp4,tier1,cuda,nvenc,cutfix_full_tier1_20260729_01
wXgGPMFD6DA_s0000057986_e0000062718,wXgGPMFD6DA,57.986,62.718,4.732,1.0,1.0,5.79,/kaggle/working/cut_cutfix_full_tier1_20260729_01/tier1/400_440/media/wXgGPMFD6DA_s0000057986_e0000062718.mp4,tier1,cuda,nvenc,cutfix_full_tier1_20260729_01
wXgGPMFD6DA_s0000065442_e0000067582,wXgGPMFD6DA,65.442,67.582,2.14,1.0,1.0,6.71,/kaggle/working/cut_cutfix_full_tier1_20260729_01/tier1/400_440/media/wXgGPMFD6DA_s0000065442_e0000067582.mp4,tier1,cuda,nvenc,cutfix_full_tier1_20260729_01
wXgGPMFD6DA_s0000068354_e0000073182,wXgGPMFD6DA,68.354,73.182,4.828,1.0,1.0,5.94,/kaggle/working/cut_cutfix_full_tier1_20260729_01/tier1/400_440/media/wXgGPMFD6DA_s0000068354_e0000073182.mp4,tier1,cuda,nvenc,cutfix_full_tier1_20260729_01
wXgGPMFD6DA_s0000073346_e0000078346,wXgGPMFD6DA,73.346,78.346,5.0,1.0,1.0,7.52,/kaggle/working/cut_cutfix_full_tier1_20260729_01/tier1/400_440/media/wXgGPMFD6DA_s0000073346_e0000078346.mp4,tier1,cuda,nvenc,cutfix_full_tier1_20260729_01
wXgGPMFD6DA_s0000077346_e0000082346,wXgGPMFD6DA,77.346,82.346,5.0,1.0,1.0,6.44,/kaggle/working/cut_cutfix_full_tier1_20260729_01/tier1/400_440/media/wXgGPMFD6DA_s0000077346_e0000082346.mp4,tier1,cuda,nvenc,cutfix_full_tier1_20260729_01
wXgGPMFD6DA_s0000081346_e0000086346,wXgGPMFD6DA,81.346,86.346,5.0,1.0,1.0,7.32,/kaggle/working/cut_cutfix_full_tier1_20260729_01/tier1/400_440/media/wXgGPMFD6DA_s0000081346_e0000086346.mp4,tier1,cuda,nvenc,cutfix_full_tier1_20260729_01
wXgGPMFD6DA_s0000090402_e0000095454,wXgGPMFD6DA,90.402,95.454,5.052,1.0,1.0,7.19,/kaggle/working/cut_cutfix_full_tier1_20260729_01/tier1/400_440/media/wXgGPMFD6DA_s0000090402_e0000095454.mp4,tier1,cuda,nvenc,cutfix_full_tier1_20260729_01
wXgGPMFD6DA_s0000114530_e0000118942,wXgGPMFD6DA,114.53,118.942,4.412,1.0,1.0,5.65,/kaggle/working/cut_cutfix_full_tier1_20260729_01/tier1/400_440/media/wXgGPMFD6DA_s0000114530_e0000118942.mp4,tier1,cuda,nvenc,cutfix_full_tier1_20260729_01
wXgGPMFD6DA_s0000150306_e0000152638,wXgGPMFD6DA,150.306,152.638,2.332,1.0,1.0,6.13,/kaggle/working/cut_cutfix_full_tier1_20260729_01/tier1/400_440/media/wXgGPMFD6DA_s0000150306_e0000152638.mp4,tier1,cuda,nvenc,cutfix_full_tier1_20260729_01
wXgGPMFD6DA_s0000159650_e0000163966,wXgGPMFD6DA,159.65,163.966,4.316,1.0,1.0,7.34,/kaggle/working/cut_cutfix_full_tier1_20260729_01/tier1/400_440/media/wXgGPMFD6DA_s0000159650_e0000163966.mp4,tier1,cuda,nvenc,cutfix_full_tier1_20260729_01
wXgGPMFD6DA_s0000176162_e0000178430,wXgGPMFD6DA,176.162,178.43,2.268,1.0,1.0,1.33,/kaggle/working/cut_cutfix_full_tier1_20260729_01/tier1/400_440/media/wXgGPMFD6DA_s0000176162_e0000178430.mp4,tier1,cuda,nvenc,cutfix_full_tier1_20260729_01
wXgGPMFD6DA_s0000180898_e0000184190,wXgGPMFD6DA,180.898,184.19,3.292,1.0,1.0,5.77,/kaggle/working/cut_cutfix_full_tier1_20260729_01/tier1/400_440/media/wXgGPMFD6DA_s0000180898_e0000184190.mp4,tier1,cuda,nvenc,cutfix_full_tier1_20260729_01
wXgGPMFD6DA_s0000238498_e0000243774,wXgGPMFD6DA,238.498,243.774,5.276,1.0,1.0,7.22,/kaggle/working/cut_cutfix_full_tier1_20260729_01/tier1/400_440/media/wXgGPMFD6DA_s0000238498_e0000243774.mp4,tier1,cuda,nvenc,cutfix_full_tier1_20260729_01
wXgGPMFD6DA_s0000251842_e0000255966,wXgGPMFD6DA,251.842,255.966,4.124,1.0,1.0,6.94,/kaggle/working/cut_cutfix_full_tier1_20260729_01/tier1/400_440/media/wXgGPMFD6DA_s0000251842_e0000255966.mp4,tier1,cuda,nvenc,cutfix_full_tier1_20260729_01
wXgGPMFD6DA_s0000256386_e0000258622,wXgGPMFD6DA,256.386,258.622,2.236,1.0,1.0,5.68,/kaggle/working/cut_cutfix_full_tier1_20260729_01/tier1/400_440/media/wXgGPMFD6DA_s0000256386_e0000258622.mp4,tier1,cuda,nvenc,cutfix_full_tier1_20260729_01
wXgGPMFD6DA_s0000275138_e0000278654,wXgGPMFD6DA,275.138,278.654,3.516,1.0,1.0,5.64,/kaggle/working/cut_cutfix_full_tier1_20260729_01/tier1/400_440/media/wXgGPMFD6DA_s0000275138_e0000278654.mp4,tier1,cuda,nvenc,cutfix_full_tier1_20260729_01
wXgGPMFD6DA_s0000309058_e0000311358,wXgGPMFD6DA,309.058,311.358,2.3,1.0,1.0,4.0,/kaggle/working/cut_cutfix_full_tier1_20260729_01/tier1/400_440/media/wXgGPMFD6DA_s0000309058_e0000311358.mp4,tier1,cuda,nvenc,cutfix_full_tier1_20260729_01
wXgGPMFD6DA_s0000311618_e0000319230,wXgGPMFD6DA,311.618,319.23,7.612,1.0,1.0,5.24,/kaggle/working/cut_cutfix_full_tier1_20260729_01/tier1/400_440/media/wXgGPMFD6DA_s0000311618_e0000319230.mp4,tier1,cuda,nvenc,cutfix_full_tier1_20260729_01
wXgGPMFD6DA_s0000321602_e0000323902,wXgGPMFD6DA,321.602,323.902,2.3,1.0,1.0,5.11,/kaggle/working/cut_cutfix_full_tier1_20260729_01/tier1/400_440/media/wXgGPMFD6DA_s0000321602_e0000323902.mp4,tier1,cuda,nvenc,cutfix_full_tier1_20260729_01
wXgGPMFD6DA_s0000324194_e0000327262,wXgGPMFD6DA,324.194,327.262,3.068,1.0,1.0,4.07,/kaggle/working/cut_cutfix_full_tier1_20260729_01/tier1/400_440/media/wXgGPMFD6DA_s0000324194_e0000327262.mp4,tier1,cuda,nvenc,cutfix_full_tier1_20260729_01
wXgGPMFD6DA_s0000384418_e0000389418,wXgGPMFD6DA,384.418,389.418,5.0,1.0,1.0,4.1,/kaggle/working/cut_cutfix_full_tier1_20260729_01/tier1/400_440/media/wXgGPMFD6DA_s0000384418_e0000389418.mp4,tier1,cuda,nvenc,cutfix_full_tier1_20260729_01
wXgGPMFD6DA_s0000388418_e0000393418,wXgGPMFD6DA,388.418,393.418,5.0,1.0,1.0,6.31,/kaggle/working/cut_cutfix_full_tier1_20260729_01/tier1/400_440/media/wXgGPMFD6DA_s0000388418_e0000393418.mp4,tier1,cuda,nvenc,cutfix_full_tier1_20260729_01
wXgGPMFD6DA_s0000398562_e0000402334,wXgGPMFD6DA,398.562,402.334,3.772,1.0,1.0,7.87,/kaggle/working/cut_cutfix_full_tier1_20260729_01/tier1/400_440/media/wXgGPMFD6DA_s0000398562_e0000402334.mp4,tier1,cuda,nvenc,cutfix_full_tier1_20260729_01
wXgGPMFD6DA_s0000426306_e0000428926,wXgGPMFD6DA,426.306,428.926,2.62,1.0,1.0,6.5,/kaggle/working/cut_cutfix_full_tier1_20260729_01/tier1/400_440/media/wXgGPMFD6DA_s0000426306_e0000428926.mp4,tier1,cuda,nvenc,cutfix_full_tier1_20260729_01
wXgGPMFD6DA_s0000429058_e0000432542,wXgGPMFD6DA,429.058,432.542,3.484,1.0,1.0,4.65,/kaggle/working/cut_cutfix_full_tier1_20260729_01/tier1/400_440/media/wXgGPMFD6DA_s0000429058_e0000432542.mp4,tier1,cuda,nvenc,cutfix_full_tier1_20260729_01
wXgGPMFD6DA_s0000432802_e0000438494,wXgGPMFD6DA,432.802,438.494,5.692,1.0,1.0,6.62,/kaggle/working/cut_cutfix_full_tier1_20260729_01/tier1/400_440/media/wXgGPMFD6DA_s0000432802_e0000438494.mp4,tier1,cuda,nvenc,cutfix_full_tier1_20260729_01
wXgGPMFD6DA_s0000438626_e0000441886,wXgGPMFD6DA,438.626,441.886,3.26,1.0,1.0,6.84,/kaggle/working/cut_cutfix_full_tier1_20260729_01/tier1/400_440/media/wXgGPMFD6DA_s0000438626_e0000441886.mp4,tier1,cuda,nvenc,cutfix_full_tier1_20260729_01
wXgGPMFD6DA_s0000443362_e0000447038,wXgGPMFD6DA,443.362,447.038,3.676,1.0,1.0,6.36,/kaggle/working/cut_cutfix_full_tier1_20260729_01/tier1/400_440/media/wXgGPMFD6DA_s0000443362_e0000447038.mp4,tier1,cuda,nvenc,cutfix_full_tier1_20260729_01
wXgGPMFD6DA_s0000447298_e0000450622,wXgGPMFD6DA,447.298,450.622,3.324,1.0,1.0,6.85,/kaggle/working/cut_cutfix_full_tier1_20260729_01/tier1/400_440/media/wXgGPMFD6DA_s0000447298_e0000450622.mp4,tier1,cuda,nvenc,cutfix_full_tier1_20260729_01
wXgGPMFD6DA_s0000465602_e0000469054,wXgGPMFD6DA,465.602,469.054,3.452,1.0,1.0,7.67,/kaggle/working/cut_cutfix_full_tier1_20260729_01/tier1/400_440/media/wXgGPMFD6DA_s0000465602_e0000469054.mp4,tier1,cuda,nvenc,cutfix_full_tier1_20260729_01
wXgGPMFD6DA_s0000477186_e0000479966,wXgGPMFD6DA,477.186,479.966,2.78,1.0,1.0,6.6,/kaggle/working/cut_cutfix_full_tier1_20260729_01/tier1/400_440/media/wXgGPMFD6DA_s0000477186_e0000479966.mp4,tier1,cuda,nvenc,cutfix_full_tier1_20260729_01
wXgGPMFD6DA_s0000480290_e0000483550,wXgGPMFD6DA,480.29,483.55,3.26,1.0,1.0,7.78,/kaggle/working/cut_cutfix_full_tier1_20260729_01/tier1/400_440/media/wXgGPMFD6DA_s0000480290_e0000483550.mp4,tier1,cuda,nvenc,cutfix_full_tier1_20260729_01
wXgGPMFD6DA_s0000483714_e0000488286,wXgGPMFD6DA,483.714,488.286,4.572,1.0,1.0,7.27,/kaggle/working/cut_cutfix_full_tier1_20260729_01/tier1/400_440/media/wXgGPMFD6DA_s0000483714_e0000488286.mp4,tier1,cuda,nvenc,cutfix_full_tier1_20260729_01
wXgGPMFD6DA_s0000531458_e0000534942,wXgGPMFD6DA,531.458,534.942,3.484,1.0,1.0,3.78,/kaggle/working/cut_cutfix_full_tier1_20260729_01/tier1/400_440/media/wXgGPMFD6DA_s0000531458_e0000534942.mp4,tier1,cuda,nvenc,cutfix_full_tier1_20260729_01
wXgGPMFD6DA_s0000557826_e0000561886,wXgGPMFD6DA,557.826,561.886,4.06,1.0,1.0,9.41,/kaggle/working/cut_cutfix_full_tier1_20260729_01/tier1/400_440/media/wXgGPMFD6DA_s0000557826_e0000561886.mp4,tier1,cuda,nvenc,cutfix_full_tier1_20260729_01
wXgGPMFD6DA_s0000572706_e0000577706,wXgGPMFD6DA,572.706,577.706,5.0,1.0,1.0,5.01,/kaggle/working/cut_cutfix_full_tier1_20260729_01/tier1/400_440/media/wXgGPMFD6DA_s0000572706_e0000577706.mp4,tier1,cuda,nvenc,cutfix_full_tier1_20260729_01
wXgGPMFD6DA_s0000580706_e0000585706,wXgGPMFD6DA,580.706,585.706,5.0,1.0,1.0,5.74,/kaggle/working/cut_cutfix_full_tier1_20260729_01/tier1/400_440/media/wXgGPMFD6DA_s0000580706_e0000585706.mp4,tier1,cuda,nvenc,cutfix_full_tier1_20260729_01
wXgGPMFD6DA_s0000584706_e0000589706,wXgGPMFD6DA,584.706,589.706,5.0,1.0,1.0,5.69,/kaggle/working/cut_cutfix_full_tier1_20260729_01/tier1/400_440/media/wXgGPMFD6DA_s0000584706_e0000589706.mp4,tier1,cuda,nvenc,cutfix_full_tier1_20260729_01
wXgGPMFD6DA_s0000659906_e0000662462,wXgGPMFD6DA,659.906,662.462,2.556,1.0,1.0,7.32,/kaggle/working/cut_cutfix_full_tier1_20260729_01/tier1/400_440/media/wXgGPMFD6DA_s0000659906_e0000662462.mp4,tier1,cuda,nvenc,cutfix_full_tier1_20260729_01
wXgGPMFD6DA_s0000663842_e0000666046,wXgGPMFD6DA,663.842,666.046,2.204,1.0,1.0,6.55,/kaggle/working/cut_cutfix_full_tier1_20260729_01/tier1/400_440/media/wXgGPMFD6DA_s0000663842_e0000666046.mp4,tier1,cuda,nvenc,cutfix_full_tier1_20260729_01
wXgGPMFD6DA_s0000667394_e0000669566,wXgGPMFD6DA,667.394,669.566,2.172,1.0,1.0,5.99,/kaggle/working/cut_cutfix_full_tier1_20260729_01/tier1/400_440/media/wXgGPMFD6DA_s0000667394_e0000669566.mp4,tier1,cuda,nvenc,cutfix_full_tier1_20260729_01
wXgGPMFD6DA_s0000675074_e0000677566,wXgGPMFD6DA,675.074,677.566,2.492,1.0,1.0,5.61,/kaggle/working/cut_cutfix_full_tier1_20260729_01/tier1/400_440/media/wXgGPMFD6DA_s0000675074_e0000677566.mp4,tier1,cuda,nvenc,cutfix_full_tier1_20260729_01
wXgGPMFD6DA_s0000697474_e0000703038,wXgGPMFD6DA,697.474,703.038,5.564,1.0,1.0,7.09,/kaggle/working/cut_cutfix_full_tier1_20260729_01/tier1/400_440/media/wXgGPMFD6DA_s0000697474_e0000703038.mp4,tier1,cuda,nvenc,cutfix_full_tier1_20260729_01
wXgGPMFD6DA_s0000703362_e0000706718,wXgGPMFD6DA,703.362,706.718,3.356,1.0,1.0,8.56,/kaggle/working/cut_cutfix_full_tier1_20260729_01/tier1/400_440/media/wXgGPMFD6DA_s0000703362_e0000706718.mp4,tier1,cuda,nvenc,cutfix_full_tier1_20260729_01
wXgGPMFD6DA_s0000711138_e0000716138,wXgGPMFD6DA,711.138,716.138,5.0,1.0,1.0,9.07,/kaggle/working/cut_cutfix_full_tier1_20260729_01/tier1/400_440/media/wXgGPMFD6DA_s0000711138_e0000716138.mp4,tier1,cuda,nvenc,cutfix_full_tier1_20260729_01
wXgGPMFD6DA_s0000752514_e0000755038,wXgGPMFD6DA,752.514,755.038,2.524,1.0,1.0,6.64,/kaggle/working/cut_cutfix_full_tier1_20260729_01/tier1/400_440/media/wXgGPMFD6DA_s0000752514_e0000755038.mp4,tier1,cuda,nvenc,cutfix_full_tier1_20260729_01
wXgGPMFD6DA_s0000757698_e0000765598,wXgGPMFD6DA,757.698,765.598,7.9,1.0,1.0,4.83,/kaggle/working/cut_cutfix_full_tier1_20260729_01/tier1/400_440/media/wXgGPMFD6DA_s0000757698_e0000765598.mp4,tier1,cuda,nvenc,cutfix_full_tier1_20260729_01
wXgGPMFD6DA_s0000826146_e0000829182,wXgGPMFD6DA,826.146,829.182,3.036,1.0,1.0,4.55,/kaggle/working/cut_cutfix_full_tier1_20260729_01/tier1/400_440/media/wXgGPMFD6DA_s0000826146_e0000829182.mp4,tier1,cuda,nvenc,cutfix_full_tier1_20260729_01
wXgGPMFD6DA_s0000829410_e0000833118,wXgGPMFD6DA,829.41,833.118,3.708,1.0,1.0,4.78,/kaggle/working/cut_cutfix_full_tier1_20260729_01/tier1/400_440/media/wXgGPMFD6DA_s0000829410_e0000833118.mp4,tier1,cuda,nvenc,cutfix_full_tier1_20260729_01
wXgGPMFD6DA_s0000850370_e0000853758,wXgGPMFD6DA,850.37,853.758,3.388,1.0,1.0,3.59,/kaggle/working/cut_cutfix_full_tier1_20260729_01/tier1/400_440/media/wXgGPMFD6DA_s0000850370_e0000853758.mp4,tier1,cuda,nvenc,cutfix_full_tier1_20260729_01
wXgGPMFD6DA_s0000854082_e0000856350,wXgGPMFD6DA,854.082,856.35,2.268,1.0,1.0,6.58,/kaggle/working/cut_cutfix_full_tier1_20260729_01/tier1/400_440/media/wXgGPMFD6DA_s0000854082_e0000856350.mp4,tier1,cuda,nvenc,cutfix_full_tier1_20260729_01
wttuvGomhr4_s0000000194_e0000007070,wttuvGomhr4,0.194,7.07,6.876,1.0,1.0,35.31,/kaggle/working/cut_cutfix_full_tier1_20260729_01/tier1/400_440/media/wttuvGomhr4_s0000000194_e0000007070.mp4,tier1,cuda,nvenc,cutfix_full_tier1_20260729_01
wttuvGomhr4_s0000007458_e0000010878,wttuvGomhr4,7.458,10.878,3.42,1.0,1.0,36.12,/kaggle/working/cut_cutfix_full_tier1_20260729_01/tier1/400_440/media/wttuvGomhr4_s0000007458_e0000010878.mp4,tier1,cuda,nvenc,cutfix_full_tier1_20260729_01
wttuvGomhr4_s0000011106_e0000018878,wttuvGomhr4,11.106,18.878,7.772,1.0,1.0,35.46,/kaggle/working/cut_cutfix_full_tier1_20260729_01/tier1/400_440/media/wttuvGomhr4_s0000011106_e0000018878.mp4,tier1,cuda,nvenc,cutfix_full_tier1_20260729_01
wttuvGomhr4_s0000019202_e0000028702,wttuvGomhr4,19.202,28.702,9.5,1.0,1.0,34.9,/kaggle/working/cut_cutfix_full_tier1_20260729_01/tier1/400_440/media/wttuvGomhr4_s0000019202_e0000028702.mp4,tier1,cuda,nvenc,cutfix_full_tier1_20260729_01
wttuvGomhr4_s0000028994_e0000033598,wttuvGomhr4,28.994,33.598,4.604,1.0,1.0,35.09,/kaggle/working/cut_cutfix_full_tier1_20260729_01/tier1/400_440/media/wttuvGomhr4_s0000028994_e0000033598.mp4,tier1,cuda,nvenc,cutfix_full_tier1_20260729_01
wttuvGomhr4_s0000033826_e0000036958,wttuvGomhr4,33.826,36.958,3.132,1.0,1.0,35.65,/kaggle/working/cut_cutfix_full_tier1_20260729_01/tier1/400_440/media/wttuvGomhr4_s0000033826_e0000036958.mp4,tier1,cuda,nvenc,cutfix_full_tier1_20260729_01
wttuvGomhr4_s0000037090_e0000043550,wttuvGomhr4,37.09,43.55,6.46,1.0,1.0,34.67,/kaggle/working/cut_cutfix_full_tier1_20260729_01/tier1/400_440/media/wttuvGomhr4_s0000037090_e0000043550.mp4,tier1,cuda,nvenc,cutfix_full_tier1_20260729_01
wttuvGomhr4_s0000043874_e0000051198,wttuvGomhr4,43.874,51.198,7.324,1.0,1.0,35.11,/kaggle/working/cut_cutfix_full_tier1_20260729_01/tier1/400_440/media/wttuvGomhr4_s0000043874_e0000051198.mp4,tier1,cuda,nvenc,cutfix_full_tier1_20260729_01
wttuvGomhr4_s0000051394_e0000057246,wttuvGomhr4,51.394,57.246,5.852,1.0,1.0,36.07,/kaggle/working/cut_cutfix_full_tier1_20260729_01/tier1/400_440/media/wttuvGomhr4_s0000051394_e0000057246.mp4,tier1,cuda,nvenc,cutfix_full_tier1_20260729_01
wttuvGomhr4_s0000065154_e0000073534,wttuvGomhr4,65.154,73.534,8.38,1.0,1.0,35.69,/kaggle/working/cut_cutfix_full_tier1_20260729_01/tier1/400_440/media/wttuvGomhr4_s0000065154_e0000073534.mp4,tier1,cuda,nvenc,cutfix_full_tier1_20260729_01
wttuvGomhr4_s0000073858_e0000082590,wttuvGomhr4,73.858,82.59,8.732,1.0,1.0,35.07,/kaggle/working/cut_cutfix_full_tier1_20260729_01/tier1/400_440/media/wttuvGomhr4_s0000073858_e0000082590.mp4,tier1,cuda,nvenc,cutfix_full_tier1_20260729_01
wttuvGomhr4_s0000082882_e0000091102,wttuvGomhr4,82.882,91.102,8.22,1.0,1.0,34.76,/kaggle/working/cut_cutfix_full_tier1_20260729_01/tier1/400_440/media/wttuvGomhr4_s0000082882_e0000091102.mp4,tier1,cuda,nvenc,cutfix_full_tier1_20260729_01
wttuvGomhr4_s0000091394_e0000097630,wttuvGomhr4,91.394,97.63,6.236,1.0,1.0,35.47,/kaggle/working/cut_cutfix_full_tier1_20260729_01/tier1/400_440/media/wttuvGomhr4_s0000091394_e0000097630.mp4,tier1,cuda,nvenc,cutfix_full_tier1_20260729_01
wttuvGomhr4_s0000097794_e0000104382,wttuvGomhr4,97.794,104.382,6.588,1.0,1.0,35.18,/kaggle/working/cut_cutfix_full_tier1_20260729_01/tier1/400_440/media/wttuvGomhr4_s0000097794_e0000104382.mp4,tier1,cuda,nvenc,cutfix_full_tier1_20260729_01
wttuvGomhr4_s0000104578_e0000111614,wttuvGomhr4,104.578,111.614,7.036,1.0,1.0,35.57,/kaggle/working/cut_cutfix_full_tier1_20260729_01/tier1/400_440/media/wttuvGomhr4_s0000104578_e0000111614.mp4,tier1,cuda,nvenc,cutfix_full_tier1_20260729_01
wttuvGomhr4_s0000111970_e0000115422,wttuvGomhr4,111.97,115.422,3.452,1.0,1.0,34.2,/kaggle/working/cut_cutfix_full_tier1_20260729_01/tier1/400_440/media/wttuvGomhr4_s0000111970_e0000115422.mp4,tier1,cuda,nvenc,cutfix_full_tier1_20260729_01
wttuvGomhr4_s0000115522_e0000120190,wttuvGomhr4,115.522,120.19,4.668,1.0,1.0,35.1,/kaggle/working/cut_cutfix_full_tier1_20260729_01/tier1/400_440/media/wttuvGomhr4_s0000115522_e0000120190.mp4,tier1,cuda,nvenc,cutfix_full_tier1_20260729_01
wttuvGomhr4_s0000127650_e0000132478,wttuvGomhr4,127.65,132.478,4.828,1.0,1.0,35.61,/kaggle/working/cut_cutfix_full_tier1_20260729_01/tier1/400_440/media/wttuvGomhr4_s0000127650_e0000132478.mp4,tier1,cuda,nvenc,cutfix_full_tier1_20260729_01
wttuvGomhr4_s0000132770_e0000138270,wttuvGomhr4,132.77,138.27,5.5,1.0,1.0,35.45,/kaggle/working/cut_cutfix_full_tier1_20260729_01/tier1/400_440/media/wttuvGomhr4_s0000132770_e0000138270.mp4,tier1,cuda,nvenc,cutfix_full_tier1_20260729_01
wttuvGomhr4_s0000140642_e0000143102,wttuvGomhr4,140.642,143.102,2.46,1.0,1.0,35.85,/kaggle/working/cut_cutfix_full_tier1_20260729_01/tier1/400_440/media/wttuvGomhr4_s0000140642_e0000143102.mp4,tier1,cuda,nvenc,cutfix_full_tier1_20260729_01
wttuvGomhr4_s0000143426_e0000149406,wttuvGomhr4,143.426,149.406,5.98,1.0,1.0,36.07,/kaggle/working/cut_cutfix_full_tier1_20260729_01/tier1/400_440/media/wttuvGomhr4_s0000143426_e0000149406.mp4,tier1,cuda,nvenc,cutfix_full_tier1_20260729_01
wttuvGomhr4_s0000149666_e0000153726,wttuvGomhr4,149.666,153.726,4.06,1.0,1.0,37.05,/kaggle/working/cut_cutfix_full_tier1_20260729_01/tier1/400_440/media/wttuvGomhr4_s0000149666_e0000153726.mp4,tier1,cuda,nvenc,cutfix_full_tier1_20260729_01
wttuvGomhr4_s0000153858_e0000157054,wttuvGomhr4,153.858,157.054,3.196,1.0,1.0,36.18,/kaggle/working/cut_cutfix_full_tier1_20260729_01/tier1/400_440/media/wttuvGomhr4_s0000153858_e0000157054.mp4,tier1,cuda,nvenc,cutfix_full_tier1_20260729_01
wttuvGomhr4_s0000157218_e0000161310,wttuvGomhr4,157.218,161.31,4.092,1.0,1.0,34.66,/kaggle/working/cut_cutfix_full_tier1_20260729_01/tier1/400_440/media/wttuvGomhr4_s0000157218_e0000161310.mp4,tier1,cuda,nvenc,cutfix_full_tier1_20260729_01
wttuvGomhr4_s0000161442_e0000166046,wttuvGomhr4,161.442,166.046,4.604,1.0,1.0,35.33,/kaggle/working/cut_cutfix_full_tier1_20260729_01/tier1/400_440/media/wttuvGomhr4_s0000161442_e0000166046.mp4,tier1,cuda,nvenc,cutfix_full_tier1_20260729_01
wttuvGomhr4_s0000166242_e0000169566,wttuvGomhr4,166.242,169.566,3.324,1.0,1.0,34.81,/kaggle/working/cut_cutfix_full_tier1_20260729_01/tier1/400_440/media/wttuvGomhr4_s0000166242_e0000169566.mp4,tier1,cuda,nvenc,cutfix_full_tier1_20260729_01
wttuvGomhr4_s0000169858_e0000179038,wttuvGomhr4,169.858,179.038,9.18,1.0,1.0,34.89,/kaggle/working/cut_cutfix_full_tier1_20260729_01/tier1/400_440/media/wttuvGomhr4_s0000169858_e0000179038.mp4,tier1,cuda,nvenc,cutfix_full_tier1_20260729_01
wttuvGomhr4_s0000179202_e0000184638,wttuvGomhr4,179.202,184.638,5.436,1.0,1.0,35.6,/kaggle/working/cut_cutfix_full_tier1_20260729_01/tier1/400_440/media/wttuvGomhr4_s0000179202_e0000184638.mp4,tier1,cuda,nvenc,cutfix_full_tier1_20260729_01
wttuvGomhr4_s0000184898_e0000193950,wttuvGomhr4,184.898,193.95,9.052,1.0,1.0,35.15,/kaggle/working/cut_cutfix_full_tier1_20260729_01/tier1/400_440/media/wttuvGomhr4_s0000184898_e0000193950.mp4,tier1,cuda,nvenc,cutfix_full_tier1_20260729_01
wttuvGomhr4_s0000195266_e0000203230,wttuvGomhr4,195.266,203.23,7.964,1.0,1.0,35.2,/kaggle/working/cut_cutfix_full_tier1_20260729_01/tier1/400_440/media/wttuvGomhr4_s0000195266_e0000203230.mp4,tier1,cuda,nvenc,cutfix_full_tier1_20260729_01
wttuvGomhr4_s0000203554_e0000210078,wttuvGomhr4,203.554,210.078,6.524,1.0,1.0,35.91,/kaggle/working/cut_cutfix_full_tier1_20260729_01/tier1/400_440/media/wttuvGomhr4_s0000203554_e0000210078.mp4,tier1,cuda,nvenc,cutfix_full_tier1_20260729_01
wttuvGomhr4_s0000210274_e0000218654,wttuvGomhr4,210.274,218.654,8.38,1.0,1.0,35.43,/kaggle/working/cut_cutfix_full_tier1_20260729_01/tier1/400_440/media/wttuvGomhr4_s0000210274_e0000218654.mp4,tier1,cuda,nvenc,cutfix_full_tier1_20260729_01
wttuvGomhr4_s0000218754_e0000221950,wttuvGomhr4,218.754,221.95,3.196,1.0,1.0,35.14,/kaggle/working/cut_cutfix_full_tier1_20260729_01/tier1/400_440/media/wttuvGomhr4_s0000218754_e0000221950.mp4,tier1,cuda,nvenc,cutfix_full_tier1_20260729_01
wttuvGomhr4_s0000222242_e0000229182,wttuvGomhr4,222.242,229.182,6.94,1.0,1.0,35.7,/kaggle/working/cut_cutfix_full_tier1_20260729_01/tier1/400_440/media/wttuvGomhr4_s0000222242_e0000229182.mp4,tier1,cuda,nvenc,cutfix_full_tier1_20260729_01
wttuvGomhr4_s0000229506_e0000237374,wttuvGomhr4,229.506,237.374,7.868,1.0,1.0,35.29,/kaggle/working/cut_cutfix_full_tier1_20260729_01/tier1/400_440/media/wttuvGomhr4_s0000229506_e0000237374.mp4,tier1,cuda,nvenc,cutfix_full_tier1_20260729_01
wttuvGomhr4_s0000245538_e0000249662,wttuvGomhr4,245.538,249.662,4.124,1.0,1.0,35.4,/kaggle/working/cut_cutfix_full_tier1_20260729_01/tier1/400_440/media/wttuvGomhr4_s0000245538_e0000249662.mp4,tier1,cuda,nvenc,cutfix_full_tier1_20260729_01
wttuvGomhr4_s0000249954_e0000257822,wttuvGomhr4,249.954,257.822,7.868,1.0,1.0,35.01,/kaggle/working/cut_cutfix_full_tier1_20260729_01/tier1/400_440/media/wttuvGomhr4_s0000249954_e0000257822.mp4,tier1,cuda,nvenc,cutfix_full_tier1_20260729_01
wttuvGomhr4_s0000257954_e0000261310,wttuvGomhr4,257.954,261.31,3.356,1.0,1.0,34.29,/kaggle/working/cut_cutfix_full_tier1_20260729_01/tier1/400_440/media/wttuvGomhr4_s0000257954_e0000261310.mp4,tier1,cuda,nvenc,cutfix_full_tier1_20260729_01
wttuvGomhr4_s0000261634_e0000265022,wttuvGomhr4,261.634,265.022,3.388,1.0,1.0,34.95,/kaggle/working/cut_cutfix_full_tier1_20260729_01/tier1/400_440/media/wttuvGomhr4_s0000261634_e0000265022.mp4,tier1,cuda,nvenc,cutfix_full_tier1_20260729_01
wttuvGomhr4_s0000265314_e0000270046,wttuvGomhr4,265.314,270.046,4.732,1.0,1.0,35.96,/kaggle/working/cut_cutfix_full_tier1_20260729_01/tier1/400_440/media/wttuvGomhr4_s0000265314_e0000270046.mp4,tier1,cuda,nvenc,cutfix_full_tier1_20260729_01
wttuvGomhr4_s0000270178_e0000273982,wttuvGomhr4,270.178,273.982,3.804,1.0,1.0,35.55,/kaggle/working/cut_cutfix_full_tier1_20260729_01/tier1/400_440/media/wttuvGomhr4_s0000270178_e0000273982.mp4,tier1,cuda,nvenc,cutfix_full_tier1_20260729_01
wttuvGomhr4_s0000275458_e0000280286,wttuvGomhr4,275.458,280.286,4.828,1.0,1.0,35.84,/kaggle/working/cut_cutfix_full_tier1_20260729_01/tier1/400_440/media/wttuvGomhr4_s0000275458_e0000280286.mp4,tier1,cuda,nvenc,cutfix_full_tier1_20260729_01
wttuvGomhr4_s0000280578_e0000282942,wttuvGomhr4,280.578,282.942,2.364,1.0,1.0,36.18,/kaggle/working/cut_cutfix_full_tier1_20260729_01/tier1/400_440/media/wttuvGomhr4_s0000280578_e0000282942.mp4,tier1,cuda,nvenc,cutfix_full_tier1_20260729_01
wttuvGomhr4_s0000283202_e0000286558,wttuvGomhr4,283.202,286.558,3.356,1.0,1.0,35.47,/kaggle/working/cut_cutfix_full_tier1_20260729_01/tier1/400_440/media/wttuvGomhr4_s0000283202_e0000286558.mp4,tier1,cuda,nvenc,cutfix_full_tier1_20260729_01
wttuvGomhr4_s0000286786_e0000292094,wttuvGomhr4,286.786,292.094,5.308,1.0,1.0,35.16,/kaggle/working/cut_cutfix_full_tier1_20260729_01/tier1/400_440/media/wttuvGomhr4_s0000286786_e0000292094.mp4,tier1,cuda,nvenc,cutfix_full_tier1_20260729_01
wttuvGomhr4_s0000292418_e0000301470,wttuvGomhr4,292.418,301.47,9.052,1.0,1.0,34.89,/kaggle/working/cut_cutfix_full_tier1_20260729_01/tier1/400_440/media/wttuvGomhr4_s0000292418_e0000301470.mp4,tier1,cuda,nvenc,cutfix_full_tier1_20260729_01
wttuvGomhr4_s0000302786_e0000309854,wttuvGomhr4,302.786,309.854,7.068,1.0,1.0,35.13,/kaggle/working/cut_cutfix_full_tier1_20260729_01/tier1/400_440/media/wttuvGomhr4_s0000302786_e0000309854.mp4,tier1,cuda,nvenc,cutfix_full_tier1_20260729_01
wttuvGomhr4_s0000310210_e0000317502,wttuvGomhr4,310.21,317.502,7.292,1.0,1.0,35.53,/kaggle/working/cut_cutfix_full_tier1_20260729_01/tier1/400_440/media/wttuvGomhr4_s0000310210_e0000317502.mp4,tier1,cuda,nvenc,cutfix_full_tier1_20260729_01
wttuvGomhr4_s0000317794_e0000326110,wttuvGomhr4,317.794,326.11,8.316,1.0,1.0,35.33,/kaggle/working/cut_cutfix_full_tier1_20260729_01/tier1/400_440/media/wttuvGomhr4_s0000317794_e0000326110.mp4,tier1,cuda,nvenc,cutfix_full_tier1_20260729_01
wttuvGomhr4_s0000326402_e0000329662,wttuvGomhr4,326.402,329.662,3.26,1.0,1.0,35.52,/kaggle/working/cut_cutfix_full_tier1_20260729_01/tier1/400_440/media/wttuvGomhr4_s0000326402_e0000329662.mp4,tier1,cuda,nvenc,cutfix_full_tier1_20260729_01
wttuvGomhr4_s0000329954_e0000336222,wttuvGomhr4,329.954,336.222,6.268,1.0,1.0,35.55,/kaggle/working/cut_cutfix_full_tier1_20260729_01/tier1/400_440/media/wttuvGomhr4_s0000329954_e0000336222.mp4,tier1,cuda,nvenc,cutfix_full_tier1_20260729_01
wttuvGomhr4_s0000336546_e0000345438,wttuvGomhr4,336.546,345.438,8.892,1.0,1.0,35.27,/kaggle/working/cut_cutfix_full_tier1_20260729_01/tier1/400_440/media/wttuvGomhr4_s0000336546_e0000345438.mp4,tier1,cuda,nvenc,cutfix_full_tier1_20260729_01
wttuvGomhr4_s0000345762_e0000353086,wttuvGomhr4,345.762,353.086,7.324,1.0,1.0,36.41,/kaggle/working/cut_cutfix_full_tier1_20260729_01/tier1/400_440/media/wttuvGomhr4_s0000345762_e0000353086.mp4,tier1,cuda,nvenc,cutfix_full_tier1_20260729_01
wttuvGomhr4_s0000353282_e0000357182,wttuvGomhr4,353.282,357.182,3.9,1.0,1.0,34.93,/kaggle/working/cut_cutfix_full_tier1_20260729_01/tier1/400_440/media/wttuvGomhr4_s0000353282_e0000357182.mp4,tier1,cuda,nvenc,cutfix_full_tier1_20260729_01
wttuvGomhr4_s0000357506_e0000362750,wttuvGomhr4,357.506,362.75,5.244,1.0,1.0,35.73,/kaggle/working/cut_cutfix_full_tier1_20260729_01/tier1/400_440/media/wttuvGomhr4_s0000357506_e0000362750.mp4,tier1,cuda,nvenc,cutfix_full_tier1_20260729_01
wttuvGomhr4_s0000363074_e0000372990,wttuvGomhr4,363.074,372.99,9.916,1.0,1.0,35.57,/kaggle/working/cut_cutfix_full_tier1_20260729_01/tier1/400_440/media/wttuvGomhr4_s0000363074_e0000372990.mp4,tier1,cuda,nvenc,cutfix_full_tier1_20260729_01
wttuvGomhr4_s0000374594_e0000377118,wttuvGomhr4,374.594,377.118,2.524,1.0,1.0,34.71,/kaggle/working/cut_cutfix_full_tier1_20260729_01/tier1/400_440/media/wttuvGomhr4_s0000374594_e0000377118.mp4,tier1,cuda,nvenc,cutfix_full_tier1_20260729_01
wttuvGomhr4_s0000377410_e0000380446,wttuvGomhr4,377.41,380.446,3.036,1.0,1.0,34.93,/kaggle/working/cut_cutfix_full_tier1_20260729_01/tier1/400_440/media/wttuvGomhr4_s0000377410_e0000380446.mp4,tier1,cuda,nvenc,cutfix_full_tier1_20260729_01
wttuvGomhr4_s0000381922_e0000387902,wttuvGomhr4,381.922,387.902,5.98,1.0,1.0,35.94,/kaggle/working/cut_cutfix_full_tier1_20260729_01/tier1/400_440/media/wttuvGomhr4_s0000381922_e0000387902.mp4,tier1,cuda,nvenc,cutfix_full_tier1_20260729_01
wttuvGomhr4_s0000388162_e0000392894,wttuvGomhr4,388.162,392.894,4.732,1.0,1.0,35.74,/kaggle/working/cut_cutfix_full_tier1_20260729_01/tier1/400_440/media/wttuvGomhr4_s0000388162_e0000392894.mp4,tier1,cuda,nvenc,cutfix_full_tier1_20260729_01
wttuvGomhr4_s0000393186_e0000395806,wttuvGomhr4,393.186,395.806,2.62,1.0,1.0,36.09,/kaggle/working/cut_cutfix_full_tier1_20260729_01/tier1/400_440/media/wttuvGomhr4_s0000393186_e0000395806.mp4,tier1,cuda,nvenc,cutfix_full_tier1_20260729_01
wttuvGomhr4_s0000396066_e0000400830,wttuvGomhr4,396.066,400.83,4.764,1.0,1.0,34.96,/kaggle/working/cut_cutfix_full_tier1_20260729_01/tier1/400_440/media/wttuvGomhr4_s0000396066_e0000400830.mp4,tier1,cuda,nvenc,cutfix_full_tier1_20260729_01
wttuvGomhr4_s0000401090_e0000405342,wttuvGomhr4,401.09,405.342,4.252,1.0,1.0,34.73,/kaggle/working/cut_cutfix_full_tier1_20260729_01/tier1/400_440/media/wttuvGomhr4_s0000401090_e0000405342.mp4,tier1,cuda,nvenc,cutfix_full_tier1_20260729_01
wttuvGomhr4_s0000405570_e0000411326,wttuvGomhr4,405.57,411.326,5.756,1.0,1.0,35.25,/kaggle/working/cut_cutfix_full_tier1_20260729_01/tier1/400_440/media/wttuvGomhr4_s0000405570_e0000411326.mp4,tier1,cuda,nvenc,cutfix_full_tier1_20260729_01
wttuvGomhr4_s0000413666_e0000418238,wttuvGomhr4,413.666,418.238,4.572,1.0,1.0,35.49,/kaggle/working/cut_cutfix_full_tier1_20260729_01/tier1/400_440/media/wttuvGomhr4_s0000413666_e0000418238.mp4,tier1,cuda,nvenc,cutfix_full_tier1_20260729_01
wttuvGomhr4_s0000418498_e0000423390,wttuvGomhr4,418.498,423.39,4.892,1.0,1.0,34.91,/kaggle/working/cut_cutfix_full_tier1_20260729_01/tier1/400_440/media/wttuvGomhr4_s0000418498_e0000423390.mp4,tier1,cuda,nvenc,cutfix_full_tier1_20260729_01
wttuvGomhr4_s0000423650_e0000429086,wttuvGomhr4,423.65,429.086,5.436,1.0,1.0,35.51,/kaggle/working/cut_cutfix_full_tier1_20260729_01/tier1/400_440/media/wttuvGomhr4_s0000423650_e0000429086.mp4,tier1,cuda,nvenc,cutfix_full_tier1_20260729_01
wttuvGomhr4_s0000430530_e0000436062,wttuvGomhr4,430.53,436.062,5.532,1.0,1.0,35.4,/kaggle/working/cut_cutfix_full_tier1_20260729_01/tier1/400_440/media/wttuvGomhr4_s0000430530_e0000436062.mp4,tier1,cuda,nvenc,cutfix_full_tier1_20260729_01
wttuvGomhr4_s0000437058_e0000439806,wttuvGomhr4,437.058,439.806,2.748,1.0,1.0,36.54,/kaggle/working/cut_cutfix_full_tier1_20260729_01/tier1/400_440/media/wttuvGomhr4_s0000437058_e0000439806.mp4,tier1,cuda,nvenc,cutfix_full_tier1_20260729_01
wttuvGomhr4_s0000445474_e0000450846,wttuvGomhr4,445.474,450.846,5.372,1.0,1.0,35.12,/kaggle/working/cut_cutfix_full_tier1_20260729_01/tier1/400_440/media/wttuvGomhr4_s0000445474_e0000450846.mp4,tier1,cuda,nvenc,cutfix_full_tier1_20260729_01
wttuvGomhr4_s0000451138_e0000454334,wttuvGomhr4,451.138,454.334,3.196,1.0,1.0,36.53,/kaggle/working/cut_cutfix_full_tier1_20260729_01/tier1/400_440/media/wttuvGomhr4_s0000451138_e0000454334.mp4,tier1,cuda,nvenc,cutfix_full_tier1_20260729_01
wttuvGomhr4_s0000460642_e0000466782,wttuvGomhr4,460.642,466.782,6.14,1.0,1.0,35.57,/kaggle/working/cut_cutfix_full_tier1_20260729_01/tier1/400_440/media/wttuvGomhr4_s0000460642_e0000466782.mp4,tier1,cuda,nvenc,cutfix_full_tier1_20260729_01
wttuvGomhr4_s0000467074_e0000475934,wttuvGomhr4,467.074,475.934,8.86,1.0,1.0,36.17,/kaggle/working/cut_cutfix_full_tier1_20260729_01/tier1/400_440/media/wttuvGomhr4_s0000467074_e0000475934.mp4,tier1,cuda,nvenc,cutfix_full_tier1_20260729_01
wttuvGomhr4_s0000476290_e0000485086,wttuvGomhr4,476.29,485.086,8.796,1.0,1.0,35.08,/kaggle/working/cut_cutfix_full_tier1_20260729_01/tier1/400_440/media/wttuvGomhr4_s0000476290_e0000485086.mp4,tier1,cuda,nvenc,cutfix_full_tier1_20260729_01
wttuvGomhr4_s0000485442_e0000492350,wttuvGomhr4,485.442,492.35,6.908,1.0,1.0,35.35,/kaggle/working/cut_cutfix_full_tier1_20260729_01/tier1/400_440/media/wttuvGomhr4_s0000485442_e0000492350.mp4,tier1,cuda,nvenc,cutfix_full_tier1_20260729_01
wttuvGomhr4_s0000492674_e0000498718,wttuvGomhr4,492.674,498.718,6.044,1.0,1.0,35.14,/kaggle/working/cut_cutfix_full_tier1_20260729_01/tier1/400_440/media/wttuvGomhr4_s0000492674_e0000498718.mp4,tier1,cuda,nvenc,cutfix_full_tier1_20260729_01
wttuvGomhr4_s0000499074_e0000502078,wttuvGomhr4,499.074,502.078,3.004,1.0,1.0,35.44,/kaggle/working/cut_cutfix_full_tier1_20260729_01/tier1/400_440/media/wttuvGomhr4_s0000499074_e0000502078.mp4,tier1,cuda,nvenc,cutfix_full_tier1_20260729_01
wttuvGomhr4_s0000502210_e0000505694,wttuvGomhr4,502.21,505.694,3.484,1.0,1.0,34.94,/kaggle/working/cut_cutfix_full_tier1_20260729_01/tier1/400_440/media/wttuvGomhr4_s0000502210_e0000505694.mp4,tier1,cuda,nvenc,cutfix_full_tier1_20260729_01
wttuvGomhr4_s0000505954_e0000515614,wttuvGomhr4,505.954,515.614,9.66,1.0,1.0,35.4,/kaggle/working/cut_cutfix_full_tier1_20260729_01/tier1/400_440/media/wttuvGomhr4_s0000505954_e0000515614.mp4,tier1,cuda,nvenc,cutfix_full_tier1_20260729_01
wttuvGomhr4_s0000515970_e0000520382,wttuvGomhr4,515.97,520.382,4.412,1.0,1.0,35.0,/kaggle/working/cut_cutfix_full_tier1_20260729_01/tier1/400_440/media/wttuvGomhr4_s0000515970_e0000520382.mp4,tier1,cuda,nvenc,cutfix_full_tier1_20260729_01
wttuvGomhr4_s0000520706_e0000527262,wttuvGomhr4,520.706,527.262,6.556,1.0,1.0,35.73,/kaggle/working/cut_cutfix_full_tier1_20260729_01/tier1/400_440/media/wttuvGomhr4_s0000520706_e0000527262.mp4,tier1,cuda,nvenc,cutfix_full_tier1_20260729_01
wttuvGomhr4_s0000527586_e0000529662,wttuvGomhr4,527.586,529.662,2.076,1.0,1.0,37.08,/kaggle/working/cut_cutfix_full_tier1_20260729_01/tier1/400_440/media/wttuvGomhr4_s0000527586_e0000529662.mp4,tier1,cuda,nvenc,cutfix_full_tier1_20260729_01
wttuvGomhr4_s0000534562_e0000537246,wttuvGomhr4,534.562,537.246,2.684,1.0,1.0,35.86,/kaggle/working/cut_cutfix_full_tier1_20260729_01/tier1/400_440/media/wttuvGomhr4_s0000534562_e0000537246.mp4,tier1,cuda,nvenc,cutfix_full_tier1_20260729_01
wttuvGomhr4_s0000537474_e0000543838,wttuvGomhr4,537.474,543.838,6.364,1.0,1.0,34.96,/kaggle/working/cut_cutfix_full_tier1_20260729_01/tier1/400_440/media/wttuvGomhr4_s0000537474_e0000543838.mp4,tier1,cuda,nvenc,cutfix_full_tier1_20260729_01
wttuvGomhr4_s0000544002_e0000555070,wttuvGomhr4,544.002,555.07,11.068,1.0,1.0,35.15,/kaggle/working/cut_cutfix_full_tier1_20260729_01/tier1/400_440/media/wttuvGomhr4_s0000544002_e0000555070.mp4,tier1,cuda,nvenc,cutfix_full_tier1_20260729_01
wttuvGomhr4_s0000555298_e0000561918,wttuvGomhr4,555.298,561.918,6.62,1.0,1.0,35.07,/kaggle/working/cut_cutfix_full_tier1_20260729_01/tier1/400_440/media/wttuvGomhr4_s0000555298_e0000561918.mp4,tier1,cuda,nvenc,cutfix_full_tier1_20260729_01
wttuvGomhr4_s0000562082_e0000564830,wttuvGomhr4,562.082,564.83,2.748,1.0,1.0,35.72,/kaggle/working/cut_cutfix_full_tier1_20260729_01/tier1/400_440/media/wttuvGomhr4_s0000562082_e0000564830.mp4,tier1,cuda,nvenc,cutfix_full_tier1_20260729_01
wttuvGomhr4_s0000565026_e0000570526,wttuvGomhr4,565.026,570.526,5.5,1.0,1.0,34.73,/kaggle/working/cut_cutfix_full_tier1_20260729_01/tier1/400_440/media/wttuvGomhr4_s0000565026_e0000570526.mp4,tier1,cuda,nvenc,cutfix_full_tier1_20260729_01
wttuvGomhr4_s0000570850_e0000579038,wttuvGomhr4,570.85,579.038,8.188,1.0,1.0,35.41,/kaggle/working/cut_cutfix_full_tier1_20260729_01/tier1/400_440/media/wttuvGomhr4_s0000570850_e0000579038.mp4,tier1,cuda,nvenc,cutfix_full_tier1_20260729_01
wttuvGomhr4_s0000579362_e0000587966,wttuvGomhr4,579.362,587.966,8.604,1.0,1.0,35.5,/kaggle/working/cut_cutfix_full_tier1_20260729_01/tier1/400_440/media/wttuvGomhr4_s0000579362_e0000587966.mp4,tier1,cuda,nvenc,cutfix_full_tier1_20260729_01
wttuvGomhr4_s0000588226_e0000593226,wttuvGomhr4,588.226,593.226,5.0,1.0,1.0,35.53,/kaggle/working/cut_cutfix_full_tier1_20260729_01/tier1/400_440/media/wttuvGomhr4_s0000588226_e0000593226.mp4,tier1,cuda,nvenc,cutfix_full_tier1_20260729_01
wttuvGomhr4_s0000592226_e0000597226,wttuvGomhr4,592.226,597.226,5.0,1.0,1.0,34.75,/kaggle/working/cut_cutfix_full_tier1_20260729_01/tier1/400_440/media/wttuvGomhr4_s0000592226_e0000597226.mp4,tier1,cuda,nvenc,cutfix_full_tier1_20260729_01
wttuvGomhr4_s0000596226_e0000600478,wttuvGomhr4,596.226,600.478,4.252,1.0,1.0,34.95,/kaggle/working/cut_cutfix_full_tier1_20260729_01/tier1/400_440/media/wttuvGomhr4_s0000596226_e0000600478.mp4,tier1,cuda,nvenc,cutfix_full_tier1_20260729_01
wttuvGomhr4_s0000600770_e0000604702,wttuvGomhr4,600.77,604.702,3.932,1.0,1.0,35.38,/kaggle/working/cut_cutfix_full_tier1_20260729_01/tier1/400_440/media/wttuvGomhr4_s0000600770_e0000604702.mp4,tier1,cuda,nvenc,cutfix_full_tier1_20260729_01
wttuvGomhr4_s0000604898_e0000608702,wttuvGomhr4,604.898,608.702,3.804,1.0,1.0,35.18,/kaggle/working/cut_cutfix_full_tier1_20260729_01/tier1/400_440/media/wttuvGomhr4_s0000604898_e0000608702.mp4,tier1,cuda,nvenc,cutfix_full_tier1_20260729_01
wttuvGomhr4_s0000608994_e0000612478,wttuvGomhr4,608.994,612.478,3.484,1.0,1.0,35.26,/kaggle/working/cut_cutfix_full_tier1_20260729_01/tier1/400_440/media/wttuvGomhr4_s0000608994_e0000612478.mp4,tier1,cuda,nvenc,cutfix_full_tier1_20260729_01
wttuvGomhr4_s0000612834_e0000620702,wttuvGomhr4,612.834,620.702,7.868,1.0,1.0,35.32,/kaggle/working/cut_cutfix_full_tier1_20260729_01/tier1/400_440/media/wttuvGomhr4_s0000612834_e0000620702.mp4,tier1,cuda,nvenc,cutfix_full_tier1_20260729_01
wttuvGomhr4_s0000620834_e0000624446,wttuvGomhr4,620.834,624.446,3.612,1.0,1.0,35.02,/kaggle/working/cut_cutfix_full_tier1_20260729_01/tier1/400_440/media/wttuvGomhr4_s0000620834_e0000624446.mp4,tier1,cuda,nvenc,cutfix_full_tier1_20260729_01
wttuvGomhr4_s0000624674_e0000628638,wttuvGomhr4,624.674,628.638,3.964,1.0,1.0,35.6,/kaggle/working/cut_cutfix_full_tier1_20260729_01/tier1/400_440/media/wttuvGomhr4_s0000624674_e0000628638.mp4,tier1,cuda,nvenc,cutfix_full_tier1_20260729_01
wttuvGomhr4_s0000628738_e0000631742,wttuvGomhr4,628.738,631.742,3.004,1.0,1.0,34.81,/kaggle/working/cut_cutfix_full_tier1_20260729_01/tier1/400_440/media/wttuvGomhr4_s0000628738_e0000631742.mp4,tier1,cuda,nvenc,cutfix_full_tier1_20260729_01
wttuvGomhr4_s0000632034_e0000639934,wttuvGomhr4,632.034,639.934,7.9,1.0,1.0,35.65,/kaggle/working/cut_cutfix_full_tier1_20260729_01/tier1/400_440/media/wttuvGomhr4_s0000632034_e0000639934.mp4,tier1,cuda,nvenc,cutfix_full_tier1_20260729_01
wttuvGomhr4_s0000640258_e0000644734,wttuvGomhr4,640.258,644.734,4.476,1.0,1.0,35.4,/kaggle/working/cut_cutfix_full_tier1_20260729_01/tier1/400_440/media/wttuvGomhr4_s0000640258_e0000644734.mp4,tier1,cuda,nvenc,cutfix_full_tier1_20260729_01
wttuvGomhr4_s0000652002_e0000654558,wttuvGomhr4,652.002,654.558,2.556,1.0,1.0,35.84,/kaggle/working/cut_cutfix_full_tier1_20260729_01/tier1/400_440/media/wttuvGomhr4_s0000652002_e0000654558.mp4,tier1,cuda,nvenc,cutfix_full_tier1_20260729_01
wttuvGomhr4_s0000656258_e0000664318,wttuvGomhr4,656.258,664.318,8.06,1.0,1.0,36.25,/kaggle/working/cut_cutfix_full_tier1_20260729_01/tier1/400_440/media/wttuvGomhr4_s0000656258_e0000664318.mp4,tier1,cuda,nvenc,cutfix_full_tier1_20260729_01
wttuvGomhr4_s0000664674_e0000672734,wttuvGomhr4,664.674,672.734,8.06,1.0,1.0,35.35,/kaggle/working/cut_cutfix_full_tier1_20260729_01/tier1/400_440/media/wttuvGomhr4_s0000664674_e0000672734.mp4,tier1,cuda,nvenc,cutfix_full_tier1_20260729_01
wttuvGomhr4_s0000673026_e0000681374,wttuvGomhr4,673.026,681.374,8.348,1.0,1.0,35.17,/kaggle/working/cut_cutfix_full_tier1_20260729_01/tier1/400_440/media/wttuvGomhr4_s0000673026_e0000681374.mp4,tier1,cuda,nvenc,cutfix_full_tier1_20260729_01
wttuvGomhr4_s0000681538_e0000684286,wttuvGomhr4,681.538,684.286,2.748,1.0,1.0,34.18,/kaggle/working/cut_cutfix_full_tier1_20260729_01/tier1/400_440/media/wttuvGomhr4_s0000681538_e0000684286.mp4,tier1,cuda,nvenc,cutfix_full_tier1_20260729_01
wttuvGomhr4_s0000684578_e0000688958,wttuvGomhr4,684.578,688.958,4.38,1.0,1.0,35.81,/kaggle/working/cut_cutfix_full_tier1_20260729_01/tier1/400_440/media/wttuvGomhr4_s0000684578_e0000688958.mp4,tier1,cuda,nvenc,cutfix_full_tier1_20260729_01
wttuvGomhr4_s0000689282_e0000698430,wttuvGomhr4,689.282,698.43,9.148,1.0,1.0,35.11,/kaggle/working/cut_cutfix_full_tier1_20260729_01/tier1/400_440/media/wttuvGomhr4_s0000689282_e0000698430.mp4,tier1,cuda,nvenc,cutfix_full_tier1_20260729_01
wttuvGomhr4_s0000698754_e0000702526,wttuvGomhr4,698.754,702.526,3.772,1.0,1.0,35.59,/kaggle/working/cut_cutfix_full_tier1_20260729_01/tier1/400_440/media/wttuvGomhr4_s0000698754_e0000702526.mp4,tier1,cuda,nvenc,cutfix_full_tier1_20260729_01
wttuvGomhr4_s0000702786_e0000705630,wttuvGomhr4,702.786,705.63,2.844,1.0,1.0,35.26,/kaggle/working/cut_cutfix_full_tier1_20260729_01/tier1/400_440/media/wttuvGomhr4_s0000702786_e0000705630.mp4,tier1,cuda,nvenc,cutfix_full_tier1_20260729_01
wttuvGomhr4_s0000705826_e0000713662,wttuvGomhr4,705.826,713.662,7.836,1.0,1.0,35.87,/kaggle/working/cut_cutfix_full_tier1_20260729_01/tier1/400_440/media/wttuvGomhr4_s0000705826_e0000713662.mp4,tier1,cuda,nvenc,cutfix_full_tier1_20260729_01
wttuvGomhr4_s0000713986_e0000720670,wttuvGomhr4,713.986,720.67,6.684,1.0,1.0,35.12,/kaggle/working/cut_cutfix_full_tier1_20260729_01/tier1/400_440/media/wttuvGomhr4_s0000713986_e0000720670.mp4,tier1,cuda,nvenc,cutfix_full_tier1_20260729_01
wttuvGomhr4_s0000720962_e0000725118,wttuvGomhr4,720.962,725.118,4.156,1.0,1.0,35.59,/kaggle/working/cut_cutfix_full_tier1_20260729_01/tier1/400_440/media/wttuvGomhr4_s0000720962_e0000725118.mp4,tier1,cuda,nvenc,cutfix_full_tier1_20260729_01
wttuvGomhr4_s0000725442_e0000731262,wttuvGomhr4,725.442,731.262,5.82,1.0,1.0,35.88,/kaggle/working/cut_cutfix_full_tier1_20260729_01/tier1/400_440/media/wttuvGomhr4_s0000725442_e0000731262.mp4,tier1,cuda,nvenc,cutfix_full_tier1_20260729_01
wttuvGomhr4_s0000731458_e0000735422,wttuvGomhr4,731.458,735.422,3.964,1.0,1.0,35.74,/kaggle/working/cut_cutfix_full_tier1_20260729_01/tier1/400_440/media/wttuvGomhr4_s0000731458_e0000735422.mp4,tier1,cuda,nvenc,cutfix_full_tier1_20260729_01
wttuvGomhr4_s0000735714_e0000746654,wttuvGomhr4,735.714,746.654,10.94,1.0,1.0,35.25,/kaggle/working/cut_cutfix_full_tier1_20260729_01/tier1/400_440/media/wttuvGomhr4_s0000735714_e0000746654.mp4,tier1,cuda,nvenc,cutfix_full_tier1_20260729_01
wttuvGomhr4_s0000747010_e0000753854,wttuvGomhr4,747.01,753.854,6.844,1.0,1.0,35.07,/kaggle/working/cut_cutfix_full_tier1_20260729_01/tier1/400_440/media/wttuvGomhr4_s0000747010_e0000753854.mp4,tier1,cuda,nvenc,cutfix_full_tier1_20260729_01
wttuvGomhr4_s0000755042_e0000761502,wttuvGomhr4,755.042,761.502,6.46,1.0,1.0,35.19,/kaggle/working/cut_cutfix_full_tier1_20260729_01/tier1/400_440/media/wttuvGomhr4_s0000755042_e0000761502.mp4,tier1,cuda,nvenc,cutfix_full_tier1_20260729_01
wttuvGomhr4_s0000763746_e0000769726,wttuvGomhr4,763.746,769.726,5.98,1.0,1.0,35.15,/kaggle/working/cut_cutfix_full_tier1_20260729_01/tier1/400_440/media/wttuvGomhr4_s0000763746_e0000769726.mp4,tier1,cuda,nvenc,cutfix_full_tier1_20260729_01
wttuvGomhr4_s0000769858_e0000773310,wttuvGomhr4,769.858,773.31,3.452,1.0,1.0,35.13,/kaggle/working/cut_cutfix_full_tier1_20260729_01/tier1/400_440/media/wttuvGomhr4_s0000769858_e0000773310.mp4,tier1,cuda,nvenc,cutfix_full_tier1_20260729_01
wttuvGomhr4_s0000773602_e0000782526,wttuvGomhr4,773.602,782.526,8.924,1.0,1.0,35.07,/kaggle/working/cut_cutfix_full_tier1_20260729_01/tier1/400_440/media/wttuvGomhr4_s0000773602_e0000782526.mp4,tier1,cuda,nvenc,cutfix_full_tier1_20260729_01
wttuvGomhr4_s0000782914_e0000787838,wttuvGomhr4,782.914,787.838,4.924,1.0,1.0,35.14,/kaggle/working/cut_cutfix_full_tier1_20260729_01/tier1/400_440/media/wttuvGomhr4_s0000782914_e0000787838.mp4,tier1,cuda,nvenc,cutfix_full_tier1_20260729_01
wttuvGomhr4_s0000788130_e0000796734,wttuvGomhr4,788.13,796.734,8.604,1.0,1.0,35.49,/kaggle/working/cut_cutfix_full_tier1_20260729_01/tier1/400_440/media/wttuvGomhr4_s0000788130_e0000796734.mp4,tier1,cuda,nvenc,cutfix_full_tier1_20260729_01
wttuvGomhr4_s0000796930_e0000804830,wttuvGomhr4,796.93,804.83,7.9,1.0,1.0,35.76,/kaggle/working/cut_cutfix_full_tier1_20260729_01/tier1/400_440/media/wttuvGomhr4_s0000796930_e0000804830.mp4,tier1,cuda,nvenc,cutfix_full_tier1_20260729_01
wttuvGomhr4_s0000805090_e0000810654,wttuvGomhr4,805.09,810.654,5.564,1.0,1.0,34.79,/kaggle/working/cut_cutfix_full_tier1_20260729_01/tier1/400_440/media/wttuvGomhr4_s0000805090_e0000810654.mp4,tier1,cuda,nvenc,cutfix_full_tier1_20260729_01
wttuvGomhr4_s0000810818_e0000813758,wttuvGomhr4,810.818,813.758,2.94,1.0,1.0,35.97,/kaggle/working/cut_cutfix_full_tier1_20260729_01/tier1/400_440/media/wttuvGomhr4_s0000810818_e0000813758.mp4,tier1,cuda,nvenc,cutfix_full_tier1_20260729_01
wttuvGomhr4_s0000818242_e0000825822,wttuvGomhr4,818.242,825.822,7.58,1.0,1.0,35.69,/kaggle/working/cut_cutfix_full_tier1_20260729_01/tier1/400_440/media/wttuvGomhr4_s0000818242_e0000825822.mp4,tier1,cuda,nvenc,cutfix_full_tier1_20260729_01
wttuvGomhr4_s0000826178_e0000831454,wttuvGomhr4,826.178,831.454,5.276,1.0,1.0,34.92,/kaggle/working/cut_cutfix_full_tier1_20260729_01/tier1/400_440/media/wttuvGomhr4_s0000826178_e0000831454.mp4,tier1,cuda,nvenc,cutfix_full_tier1_20260729_01
wttuvGomhr4_s0000831618_e0000837374,wttuvGomhr4,831.618,837.374,5.756,1.0,1.0,35.26,/kaggle/working/cut_cutfix_full_tier1_20260729_01/tier1/400_440/media/wttuvGomhr4_s0000831618_e0000837374.mp4,tier1,cuda,nvenc,cutfix_full_tier1_20260729_01
wttuvGomhr4_s0000837602_e0000842846,wttuvGomhr4,837.602,842.846,5.244,1.0,1.0,35.78,/kaggle/working/cut_cutfix_full_tier1_20260729_01/tier1/400_440/media/wttuvGomhr4_s0000837602_e0000842846.mp4,tier1,cuda,nvenc,cutfix_full_tier1_20260729_01
wttuvGomhr4_s0000843074_e0000846910,wttuvGomhr4,843.074,846.91,3.836,1.0,1.0,35.41,/kaggle/working/cut_cutfix_full_tier1_20260729_01/tier1/400_440/media/wttuvGomhr4_s0000843074_e0000846910.mp4,tier1,cuda,nvenc,cutfix_full_tier1_20260729_01
wttuvGomhr4_s0000847266_e0000854558,wttuvGomhr4,847.266,854.558,7.292,1.0,1.0,35.34,/kaggle/working/cut_cutfix_full_tier1_20260729_01/tier1/400_440/media/wttuvGomhr4_s0000847266_e0000854558.mp4,tier1,cuda,nvenc,cutfix_full_tier1_20260729_01
wttuvGomhr4_s0000854882_e0000861022,wttuvGomhr4,854.882,861.022,6.14,1.0,1.0,33.82,/kaggle/working/cut_cutfix_full_tier1_20260729_01/tier1/400_440/media/wttuvGomhr4_s0000854882_e0000861022.mp4,tier1,cuda,nvenc,cutfix_full_tier1_20260729_01
wttuvGomhr4_s0000861218_e0000866462,wttuvGomhr4,861.218,866.462,5.244,1.0,1.0,35.08,/kaggle/working/cut_cutfix_full_tier1_20260729_01/tier1/400_440/media/wttuvGomhr4_s0000861218_e0000866462.mp4,tier1,cuda,nvenc,cutfix_full_tier1_20260729_01
wttuvGomhr4_s0000868898_e0000870942,wttuvGomhr4,868.898,870.942,2.044,1.0,1.0,36.94,/kaggle/working/cut_cutfix_full_tier1_20260729_01/tier1/400_440/media/wttuvGomhr4_s0000868898_e0000870942.mp4,tier1,cuda,nvenc,cutfix_full_tier1_20260729_01
wttuvGomhr4_s0000871202_e0000875998,wttuvGomhr4,871.202,875.998,4.796,1.0,1.0,35.65,/kaggle/working/cut_cutfix_full_tier1_20260729_01/tier1/400_440/media/wttuvGomhr4_s0000871202_e0000875998.mp4,tier1,cuda,nvenc,cutfix_full_tier1_20260729_01
wttuvGomhr4_s0000876226_e0000881022,wttuvGomhr4,876.226,881.022,4.796,1.0,1.0,35.46,/kaggle/working/cut_cutfix_full_tier1_20260729_01/tier1/400_440/media/wttuvGomhr4_s0000876226_e0000881022.mp4,tier1,cuda,nvenc,cutfix_full_tier1_20260729_01
wttuvGomhr4_s0000881346_e0000888542,wttuvGomhr4,881.346,888.542,7.196,1.0,1.0,35.42,/kaggle/working/cut_cutfix_full_tier1_20260729_01/tier1/400_440/media/wttuvGomhr4_s0000881346_e0000888542.mp4,tier1,cuda,nvenc,cutfix_full_tier1_20260729_01
wttuvGomhr4_s0000890050_e0000895294,wttuvGomhr4,890.05,895.294,5.244,1.0,1.0,34.13,/kaggle/working/cut_cutfix_full_tier1_20260729_01/tier1/400_440/media/wttuvGomhr4_s0000890050_e0000895294.mp4,tier1,cuda,nvenc,cutfix_full_tier1_20260729_01
wttuvGomhr4_s0000895618_e0000901886,wttuvGomhr4,895.618,901.886,6.268,1.0,1.0,35.39,/kaggle/working/cut_cutfix_full_tier1_20260729_01/tier1/400_440/media/wttuvGomhr4_s0000895618_e0000901886.mp4,tier1,cuda,nvenc,cutfix_full_tier1_20260729_01
wttuvGomhr4_s0000902082_e0000907326,wttuvGomhr4,902.082,907.326,5.244,1.0,1.0,35.26,/kaggle/working/cut_cutfix_full_tier1_20260729_01/tier1/400_440/media/wttuvGomhr4_s0000902082_e0000907326.mp4,tier1,cuda,nvenc,cutfix_full_tier1_20260729_01
wttuvGomhr4_s0000907554_e0000913438,wttuvGomhr4,907.554,913.438,5.884,1.0,1.0,35.46,/kaggle/working/cut_cutfix_full_tier1_20260729_01/tier1/400_440/media/wttuvGomhr4_s0000907554_e0000913438.mp4,tier1,cuda,nvenc,cutfix_full_tier1_20260729_01
wttuvGomhr4_s0000913730_e0000918174,wttuvGomhr4,913.73,918.174,4.444,1.0,1.0,35.36,/kaggle/working/cut_cutfix_full_tier1_20260729_01/tier1/400_440/media/wttuvGomhr4_s0000913730_e0000918174.mp4,tier1,cuda,nvenc,cutfix_full_tier1_20260729_01
wttuvGomhr4_s0000919426_e0000923262,wttuvGomhr4,919.426,923.262,3.836,1.0,1.0,36.2,/kaggle/working/cut_cutfix_full_tier1_20260729_01/tier1/400_440/media/wttuvGomhr4_s0000919426_e0000923262.mp4,tier1,cuda,nvenc,cutfix_full_tier1_20260729_01
wttuvGomhr4_s0000923458_e0000928766,wttuvGomhr4,923.458,928.766,5.308,1.0,1.0,35.28,/kaggle/working/cut_cutfix_full_tier1_20260729_01/tier1/400_440/media/wttuvGomhr4_s0000923458_e0000928766.mp4,tier1,cuda,nvenc,cutfix_full_tier1_20260729_01
wttuvGomhr4_s0000935394_e0000942750,wttuvGomhr4,935.394,942.75,7.356,1.0,1.0,34.87,/kaggle/working/cut_cutfix_full_tier1_20260729_01/tier1/400_440/media/wttuvGomhr4_s0000935394_e0000942750.mp4,tier1,cuda,nvenc,cutfix_full_tier1_20260729_01
wttuvGomhr4_s0000943074_e0000949598,wttuvGomhr4,943.074,949.598,6.524,1.0,1.0,34.71,/kaggle/working/cut_cutfix_full_tier1_20260729_01/tier1/400_440/media/wttuvGomhr4_s0000943074_e0000949598.mp4,tier1,cuda,nvenc,cutfix_full_tier1_20260729_01
wttuvGomhr4_s0000951778_e0000954110,wttuvGomhr4,951.778,954.11,2.332,1.0,1.0,34.68,/kaggle/working/cut_cutfix_full_tier1_20260729_01/tier1/400_440/media/wttuvGomhr4_s0000951778_e0000954110.mp4,tier1,cuda,nvenc,cutfix_full_tier1_20260729_01
x-Mij9RO6Tc_s0000015906_e0000017950,x-Mij9RO6Tc,15.906,17.95,2.044,1.0,1.0,0.35,/kaggle/working/cut_cutfix_full_tier1_20260729_01/tier1/400_440/media/x-Mij9RO6Tc_s0000015906_e0000017950.mp4,tier1,cuda,nvenc,cutfix_full_tier1_20260729_01
x-Mij9RO6Tc_s0000031042_e0000035262,x-Mij9RO6Tc,31.042,35.262,4.22,1.0,1.0,6.03,/kaggle/working/cut_cutfix_full_tier1_20260729_01/tier1/400_440/media/x-Mij9RO6Tc_s0000031042_e0000035262.mp4,tier1,cuda,nvenc,cutfix_full_tier1_20260729_01
x-Mij9RO6Tc_s0000052930_e0000057930,x-Mij9RO6Tc,52.93,57.93,5.0,1.0,1.0,4.53,/kaggle/working/cut_cutfix_full_tier1_20260729_01/tier1/400_440/media/x-Mij9RO6Tc_s0000052930_e0000057930.mp4,tier1,cuda,nvenc,cutfix_full_tier1_20260729_01
x-Mij9RO6Tc_s0000056930_e0000061930,x-Mij9RO6Tc,56.93,61.93,5.0,1.0,1.0,4.44,/kaggle/working/cut_cutfix_full_tier1_20260729_01/tier1/400_440/media/x-Mij9RO6Tc_s0000056930_e0000061930.mp4,tier1,cuda,nvenc,cutfix_full_tier1_20260729_01
x-Mij9RO6Tc_s0000060930_e0000065854,x-Mij9RO6Tc,60.93,65.854,4.924,1.0,1.0,4.41,/kaggle/working/cut_cutfix_full_tier1_20260729_01/tier1/400_440/media/x-Mij9RO6Tc_s0000060930_e0000065854.mp4,tier1,cuda,nvenc,cutfix_full_tier1_20260729_01
x-Mij9RO6Tc_s0000066050_e0000071050,x-Mij9RO6Tc,66.05,71.05,5.0,1.0,1.0,7.09,/kaggle/working/cut_cutfix_full_tier1_20260729_01/tier1/400_440/media/x-Mij9RO6Tc_s0000066050_e0000071050.mp4,tier1,cuda,nvenc,cutfix_full_tier1_20260729_01
x-Mij9RO6Tc_s0000070050_e0000075050,x-Mij9RO6Tc,70.05,75.05,5.0,1.0,1.0,5.87,/kaggle/working/cut_cutfix_full_tier1_20260729_01/tier1/400_440/media/x-Mij9RO6Tc_s0000070050_e0000075050.mp4,tier1,cuda,nvenc,cutfix_full_tier1_20260729_01
x-Mij9RO6Tc_s0000074050_e0000079050,x-Mij9RO6Tc,74.05,79.05,5.0,1.0,1.0,5.78,/kaggle/working/cut_cutfix_full_tier1_20260729_01/tier1/400_440/media/x-Mij9RO6Tc_s0000074050_e0000079050.mp4,tier1,cuda,nvenc,cutfix_full_tier1_20260729_01
x-Mij9RO6Tc_s0000078050_e0000083050,x-Mij9RO6Tc,78.05,83.05,5.0,1.0,1.0,5.68,/kaggle/working/cut_cutfix_full_tier1_20260729_01/tier1/400_440/media/x-Mij9RO6Tc_s0000078050_e0000083050.mp4,tier1,cuda,nvenc,cutfix_full_tier1_20260729_01
x-Mij9RO6Tc_s0000082050_e0000087050,x-Mij9RO6Tc,82.05,87.05,5.0,1.0,1.0,6.3,/kaggle/working/cut_cutfix_full_tier1_20260729_01/tier1/400_440/media/x-Mij9RO6Tc_s0000082050_e0000087050.mp4,tier1,cuda,nvenc,cutfix_full_tier1_20260729_01
x-Mij9RO6Tc_s0000086050_e0000091050,x-Mij9RO6Tc,86.05,91.05,5.0,1.0,1.0,6.78,/kaggle/working/cut_cutfix_full_tier1_20260729_01/tier1/400_440/media/x-Mij9RO6Tc_s0000086050_e0000091050.mp4,tier1,cuda,nvenc,cutfix_full_tier1_20260729_01
x-Mij9RO6Tc_s0000090050_e0000095050,x-Mij9RO6Tc,90.05,95.05,5.0,1.0,1.0,4.53,/kaggle/working/cut_cutfix_full_tier1_20260729_01/tier1/400_440/media/x-Mij9RO6Tc_s0000090050_e0000095050.mp4,tier1,cuda,nvenc,cutfix_full_tier1_20260729_01
x-Mij9RO6Tc_s0000113154_e0000115230,x-Mij9RO6Tc,113.154,115.23,2.076,1.0,1.0,2.89,/kaggle/working/cut_cutfix_full_tier1_20260729_01/tier1/400_440/media/x-Mij9RO6Tc_s0000113154_e0000115230.mp4,tier1,cuda,nvenc,cutfix_full_tier1_20260729_01
x-Mij9RO6Tc_s0000115970_e0000118270,x-Mij9RO6Tc,115.97,118.27,2.3,1.0,1.0,-1.41,/kaggle/working/cut_cutfix_full_tier1_20260729_01/tier1/400_440/media/x-Mij9RO6Tc_s0000115970_e0000118270.mp4,tier1,cuda,nvenc,cutfix_full_tier1_20260729_01
x-Mij9RO6Tc_s0000121378_e0000124830,x-Mij9RO6Tc,121.378,124.83,3.452,1.0,1.0,3.15,/kaggle/working/cut_cutfix_full_tier1_20260729_01/tier1/400_440/media/x-Mij9RO6Tc_s0000121378_e0000124830.mp4,tier1,cuda,nvenc,cutfix_full_tier1_20260729_01
x-Mij9RO6Tc_s0000124994_e0000130142,x-Mij9RO6Tc,124.994,130.142,5.148,1.0,1.0,4.94,/kaggle/working/cut_cutfix_full_tier1_20260729_01/tier1/400_440/media/x-Mij9RO6Tc_s0000124994_e0000130142.mp4,tier1,cuda,nvenc,cutfix_full_tier1_20260729_01
x-Mij9RO6Tc_s0000145218_e0000147838,x-Mij9RO6Tc,145.218,147.838,2.62,1.0,1.0,6.06,/kaggle/working/cut_cutfix_full_tier1_20260729_01/tier1/400_440/media/x-Mij9RO6Tc_s0000145218_e0000147838.mp4,tier1,cuda,nvenc,cutfix_full_tier1_20260729_01
x-Mij9RO6Tc_s0000153794_e0000157598,x-Mij9RO6Tc,153.794,157.598,3.804,1.0,1.0,3.44,/kaggle/working/cut_cutfix_full_tier1_20260729_01/tier1/400_440/media/x-Mij9RO6Tc_s0000153794_e0000157598.mp4,tier1,cuda,nvenc,cutfix_full_tier1_20260729_01
x-Mij9RO6Tc_s0000157698_e0000164126,x-Mij9RO6Tc,157.698,164.126,6.428,1.0,1.0,1.41,/kaggle/working/cut_cutfix_full_tier1_20260729_01/tier1/400_440/media/x-Mij9RO6Tc_s0000157698_e0000164126.mp4,tier1,cuda,nvenc,cutfix_full_tier1_20260729_01
x-Mij9RO6Tc_s0000216322_e0000218590,x-Mij9RO6Tc,216.322,218.59,2.268,1.0,1.0,6.61,/kaggle/working/cut_cutfix_full_tier1_20260729_01/tier1/400_440/media/x-Mij9RO6Tc_s0000216322_e0000218590.mp4,tier1,cuda,nvenc,cutfix_full_tier1_20260729_01
x-Mij9RO6Tc_s0000219202_e0000222590,x-Mij9RO6Tc,219.202,222.59,3.388,1.0,1.0,7.6,/kaggle/working/cut_cutfix_full_tier1_20260729_01/tier1/400_440/media/x-Mij9RO6Tc_s0000219202_e0000222590.mp4,tier1,cuda,nvenc,cutfix_full_tier1_20260729_01
x-Mij9RO6Tc_s0000223362_e0000225470,x-Mij9RO6Tc,223.362,225.47,2.108,1.0,1.0,5.25,/kaggle/working/cut_cutfix_full_tier1_20260729_01/tier1/400_440/media/x-Mij9RO6Tc_s0000223362_e0000225470.mp4,tier1,cuda,nvenc,cutfix_full_tier1_20260729_01
x-Mij9RO6Tc_s0000226338_e0000228862,x-Mij9RO6Tc,226.338,228.862,2.524,1.0,1.0,6.35,/kaggle/working/cut_cutfix_full_tier1_20260729_01/tier1/400_440/media/x-Mij9RO6Tc_s0000226338_e0000228862.mp4,tier1,cuda,nvenc,cutfix_full_tier1_20260729_01
x-Mij9RO6Tc_s0000229282_e0000235070,x-Mij9RO6Tc,229.282,235.07,5.788,1.0,1.0,6.08,/kaggle/working/cut_cutfix_full_tier1_20260729_01/tier1/400_440/media/x-Mij9RO6Tc_s0000229282_e0000235070.mp4,tier1,cuda,nvenc,cutfix_full_tier1_20260729_01
x-Mij9RO6Tc_s0000240258_e0000252222,x-Mij9RO6Tc,240.258,252.222,11.964,0.75,1.0,5.17,/kaggle/working/cut_cutfix_full_tier1_20260729_01/tier1/400_440/media/x-Mij9RO6Tc_s0000240258_e0000252222.mp4,tier1,cuda,nvenc,cutfix_full_tier1_20260729_01
x-Mij9RO6Tc_s0000258018_e0000263902,x-Mij9RO6Tc,258.018,263.902,5.884,1.0,1.0,5.28,/kaggle/working/cut_cutfix_full_tier1_20260729_01/tier1/400_440/media/x-Mij9RO6Tc_s0000258018_e0000263902.mp4,tier1,cuda,nvenc,cutfix_full_tier1_20260729_01
x-Mij9RO6Tc_s0000264130_e0000266206,x-Mij9RO6Tc,264.13,266.206,2.076,1.0,1.0,0.86,/kaggle/working/cut_cutfix_full_tier1_20260729_01/tier1/400_440/media/x-Mij9RO6Tc_s0000264130_e0000266206.mp4,tier1,cuda,nvenc,cutfix_full_tier1_20260729_01
x-Mij9RO6Tc_s0000266466_e0000271326,x-Mij9RO6Tc,266.466,271.326,4.86,1.0,1.0,3.04,/kaggle/working/cut_cutfix_full_tier1_20260729_01/tier1/400_440/media/x-Mij9RO6Tc_s0000266466_e0000271326.mp4,tier1,cuda,nvenc,cutfix_full_tier1_20260729_01
x-Mij9RO6Tc_s0000329506_e0000332446,x-Mij9RO6Tc,329.506,332.446,2.94,1.0,1.0,8.69,/kaggle/working/cut_cutfix_full_tier1_20260729_01/tier1/400_440/media/x-Mij9RO6Tc_s0000329506_e0000332446.mp4,tier1,cuda,nvenc,cutfix_full_tier1_20260729_01
x-Mij9RO6Tc_s0000339394_e0000341982,x-Mij9RO6Tc,339.394,341.982,2.588,1.0,1.0,7.5,/kaggle/working/cut_cutfix_full_tier1_20260729_01/tier1/400_440/media/x-Mij9RO6Tc_s0000339394_e0000341982.mp4,tier1,cuda,nvenc,cutfix_full_tier1_20260729_01
x-Mij9RO6Tc_s0000349474_e0000352094,x-Mij9RO6Tc,349.474,352.094,2.62,1.0,1.0,7.74,/kaggle/working/cut_cutfix_full_tier1_20260729_01/tier1/400_440/media/x-Mij9RO6Tc_s0000349474_e0000352094.mp4,tier1,cuda,nvenc,cutfix_full_tier1_20260729_01
x-Mij9RO6Tc_s0000356258_e0000361258,x-Mij9RO6Tc,356.258,361.258,5.0,1.0,1.0,6.79,/kaggle/working/cut_cutfix_full_tier1_20260729_01/tier1/400_440/media/x-Mij9RO6Tc_s0000356258_e0000361258.mp4,tier1,cuda,nvenc,cutfix_full_tier1_20260729_01
x-Mij9RO6Tc_s0000360258_e0000365258,x-Mij9RO6Tc,360.258,365.258,5.0,1.0,1.0,7.31,/kaggle/working/cut_cutfix_full_tier1_20260729_01/tier1/400_440/media/x-Mij9RO6Tc_s0000360258_e0000365258.mp4,tier1,cuda,nvenc,cutfix_full_tier1_20260729_01
x-Mij9RO6Tc_s0000364258_e0000369258,x-Mij9RO6Tc,364.258,369.258,5.0,1.0,1.0,7.78,/kaggle/working/cut_cutfix_full_tier1_20260729_01/tier1/400_440/media/x-Mij9RO6Tc_s0000364258_e0000369258.mp4,tier1,cuda,nvenc,cutfix_full_tier1_20260729_01
x-Mij9RO6Tc_s0000381538_e0000386538,x-Mij9RO6Tc,381.538,386.538,5.0,1.0,1.0,7.03,/kaggle/working/cut_cutfix_full_tier1_20260729_01/tier1/400_440/media/x-Mij9RO6Tc_s0000381538_e0000386538.mp4,tier1,cuda,nvenc,cutfix_full_tier1_20260729_01
x-Mij9RO6Tc_s0000398370_e0000401086,x-Mij9RO6Tc,398.37,401.086,2.716,1.0,1.0,5.46,/kaggle/working/cut_cutfix_full_tier1_20260729_01/tier1/400_440/media/x-Mij9RO6Tc_s0000398370_e0000401086.mp4,tier1,cuda,nvenc,cutfix_full_tier1_20260729_01
x-Mij9RO6Tc_s0000410434_e0000415434,x-Mij9RO6Tc,410.434,415.434,5.0,1.0,1.0,7.0,/kaggle/working/cut_cutfix_full_tier1_20260729_01/tier1/400_440/media/x-Mij9RO6Tc_s0000410434_e0000415434.mp4,tier1,cuda,nvenc,cutfix_full_tier1_20260729_01
x-Mij9RO6Tc_s0000438434_e0000441694,x-Mij9RO6Tc,438.434,441.694,3.26,1.0,1.0,7.23,/kaggle/working/cut_cutfix_full_tier1_20260729_01/tier1/400_440/media/x-Mij9RO6Tc_s0000438434_e0000441694.mp4,tier1,cuda,nvenc,cutfix_full_tier1_20260729_01
x-Mij9RO6Tc_s0000468162_e0000470462,x-Mij9RO6Tc,468.162,470.462,2.3,1.0,1.0,6.34,/kaggle/working/cut_cutfix_full_tier1_20260729_01/tier1/400_440/media/x-Mij9RO6Tc_s0000468162_e0000470462.mp4,tier1,cuda,nvenc,cutfix_full_tier1_20260729_01
x-Mij9RO6Tc_s0000473250_e0000475486,x-Mij9RO6Tc,473.25,475.486,2.236,1.0,1.0,7.12,/kaggle/working/cut_cutfix_full_tier1_20260729_01/tier1/400_440/media/x-Mij9RO6Tc_s0000473250_e0000475486.mp4,tier1,cuda,nvenc,cutfix_full_tier1_20260729_01
x-Mij9RO6Tc_s0000481282_e0000483390,x-Mij9RO6Tc,481.282,483.39,2.108,1.0,1.0,5.45,/kaggle/working/cut_cutfix_full_tier1_20260729_01/tier1/400_440/media/x-Mij9RO6Tc_s0000481282_e0000483390.mp4,tier1,cuda,nvenc,cutfix_full_tier1_20260729_01
x-Mij9RO6Tc_s0000524546_e0000527262,x-Mij9RO6Tc,524.546,527.262,2.716,1.0,1.0,6.19,/kaggle/working/cut_cutfix_full_tier1_20260729_01/tier1/400_440/media/x-Mij9RO6Tc_s0000524546_e0000527262.mp4,tier1,cuda,nvenc,cutfix_full_tier1_20260729_01
x0i5w_1fjDM_s0000171906_e0000175166,x0i5w_1fjDM,171.906,175.166,3.26,0.75,1.0,6.63,/kaggle/working/cut_cutfix_full_tier1_20260729_01/tier1/400_440/media/x0i5w_1fjDM_s0000171906_e0000175166.mp4,tier1,cuda,nvenc,cutfix_full_tier1_20260729_01
x0i5w_1fjDM_s0000248002_e0000252126,x0i5w_1fjDM,248.002,252.126,4.124,1.0,1.0,6.88,/kaggle/working/cut_cutfix_full_tier1_20260729_01/tier1/400_440/media/x0i5w_1fjDM_s0000248002_e0000252126.mp4,tier1,cuda,nvenc,cutfix_full_tier1_20260729_01
x0i5w_1fjDM_s0000415554_e0000419838,x0i5w_1fjDM,415.554,419.838,4.284,1.0,1.0,6.8,/kaggle/working/cut_cutfix_full_tier1_20260729_01/tier1/400_440/media/x0i5w_1fjDM_s0000415554_e0000419838.mp4,tier1,cuda,nvenc,cutfix_full_tier1_20260729_01
x0i5w_1fjDM_s0000422914_e0000429598,x0i5w_1fjDM,422.914,429.598,6.684,1.0,1.0,7.36,/kaggle/working/cut_cutfix_full_tier1_20260729_01/tier1/400_440/media/x0i5w_1fjDM_s0000422914_e0000429598.mp4,tier1,cuda,nvenc,cutfix_full_tier1_20260729_01
x0i5w_1fjDM_s0000430626_e0000434398,x0i5w_1fjDM,430.626,434.398,3.772,1.0,1.0,5.04,/kaggle/working/cut_cutfix_full_tier1_20260729_01/tier1/400_440/media/x0i5w_1fjDM_s0000430626_e0000434398.mp4,tier1,cuda,nvenc,cutfix_full_tier1_20260729_01
x0i5w_1fjDM_s0000441122_e0000444510,x0i5w_1fjDM,441.122,444.51,3.388,1.0,1.0,7.62,/kaggle/working/cut_cutfix_full_tier1_20260729_01/tier1/400_440/media/x0i5w_1fjDM_s0000441122_e0000444510.mp4,tier1,cuda,nvenc,cutfix_full_tier1_20260729_01
x0i5w_1fjDM_s0000454978_e0000458654,x0i5w_1fjDM,454.978,458.654,3.676,1.0,1.0,7.53,/kaggle/working/cut_cutfix_full_tier1_20260729_01/tier1/400_440/media/x0i5w_1fjDM_s0000454978_e0000458654.mp4,tier1,cuda,nvenc,cutfix_full_tier1_20260729_01
x0i5w_1fjDM_s0000470018_e0000473502,x0i5w_1fjDM,470.018,473.502,3.484,1.0,1.0,7.03,/kaggle/working/cut_cutfix_full_tier1_20260729_01/tier1/400_440/media/x0i5w_1fjDM_s0000470018_e0000473502.mp4,tier1,cuda,nvenc,cutfix_full_tier1_20260729_01
x0i5w_1fjDM_s0000473762_e0000475966,x0i5w_1fjDM,473.762,475.966,2.204,1.0,1.0,5.82,/kaggle/working/cut_cutfix_full_tier1_20260729_01/tier1/400_440/media/x0i5w_1fjDM_s0000473762_e0000475966.mp4,tier1,cuda,nvenc,cutfix_full_tier1_20260729_01
x0i5w_1fjDM_s0000476194_e0000480094,x0i5w_1fjDM,476.194,480.094,3.9,1.0,1.0,5.85,/kaggle/working/cut_cutfix_full_tier1_20260729_01/tier1/400_440/media/x0i5w_1fjDM_s0000476194_e0000480094.mp4,tier1,cuda,nvenc,cutfix_full_tier1_20260729_01
x0i5w_1fjDM_s0000480834_e0000482910,x0i5w_1fjDM,480.834,482.91,2.076,1.0,1.0,6.71,/kaggle/working/cut_cutfix_full_tier1_20260729_01/tier1/400_440/media/x0i5w_1fjDM_s0000480834_e0000482910.mp4,tier1,cuda,nvenc,cutfix_full_tier1_20260729_01
x0i5w_1fjDM_s0000483106_e0000485374,x0i5w_1fjDM,483.106,485.374,2.268,1.0,1.0,6.75,/kaggle/working/cut_cutfix_full_tier1_20260729_01/tier1/400_440/media/x0i5w_1fjDM_s0000483106_e0000485374.mp4,tier1,cuda,nvenc,cutfix_full_tier1_20260729_01
x0i5w_1fjDM_s0000486786_e0000489374,x0i5w_1fjDM,486.786,489.374,2.588,1.0,1.0,6.75,/kaggle/working/cut_cutfix_full_tier1_20260729_01/tier1/400_440/media/x0i5w_1fjDM_s0000486786_e0000489374.mp4,tier1,cuda,nvenc,cutfix_full_tier1_20260729_01
x0i5w_1fjDM_s0000499266_e0000501758,x0i5w_1fjDM,499.266,501.758,2.492,1.0,1.0,6.68,/kaggle/working/cut_cutfix_full_tier1_20260729_01/tier1/400_440/media/x0i5w_1fjDM_s0000499266_e0000501758.mp4,tier1,cuda,nvenc,cutfix_full_tier1_20260729_01
x0i5w_1fjDM_s0000502178_e0000504830,x0i5w_1fjDM,502.178,504.83,2.652,1.0,1.0,7.64,/kaggle/working/cut_cutfix_full_tier1_20260729_01/tier1/400_440/media/x0i5w_1fjDM_s0000502178_e0000504830.mp4,tier1,cuda,nvenc,cutfix_full_tier1_20260729_01
x0i5w_1fjDM_s0000507106_e0000510526,x0i5w_1fjDM,507.106,510.526,3.42,1.0,1.0,5.96,/kaggle/working/cut_cutfix_full_tier1_20260729_01/tier1/400_440/media/x0i5w_1fjDM_s0000507106_e0000510526.mp4,tier1,cuda,nvenc,cutfix_full_tier1_20260729_01
x0i5w_1fjDM_s0000511330_e0000513502,x0i5w_1fjDM,511.33,513.502,2.172,1.0,1.0,3.32,/kaggle/working/cut_cutfix_full_tier1_20260729_01/tier1/400_440/media/x0i5w_1fjDM_s0000511330_e0000513502.mp4,tier1,cuda,nvenc,cutfix_full_tier1_20260729_01
x0i5w_1fjDM_s0000569122_e0000571870,x0i5w_1fjDM,569.122,571.87,2.748,1.0,1.0,6.35,/kaggle/working/cut_cutfix_full_tier1_20260729_01/tier1/400_440/media/x0i5w_1fjDM_s0000569122_e0000571870.mp4,tier1,cuda,nvenc,cutfix_full_tier1_20260729_01
x0i5w_1fjDM_s0000573218_e0000575326,x0i5w_1fjDM,573.218,575.326,2.108,1.0,1.0,7.55,/kaggle/working/cut_cutfix_full_tier1_20260729_01/tier1/400_440/media/x0i5w_1fjDM_s0000573218_e0000575326.mp4,tier1,cuda,nvenc,cutfix_full_tier1_20260729_01
x0i5w_1fjDM_s0000583586_e0000585918,x0i5w_1fjDM,583.586,585.918,2.332,1.0,1.0,6.4,/kaggle/working/cut_cutfix_full_tier1_20260729_01/tier1/400_440/media/x0i5w_1fjDM_s0000583586_e0000585918.mp4,tier1,cuda,nvenc,cutfix_full_tier1_20260729_01
x0i5w_1fjDM_s0000619650_e0000621790,x0i5w_1fjDM,619.65,621.79,2.14,1.0,1.0,9.7,/kaggle/working/cut_cutfix_full_tier1_20260729_01/tier1/400_440/media/x0i5w_1fjDM_s0000619650_e0000621790.mp4,tier1,cuda,nvenc,cutfix_full_tier1_20260729_01
x0i5w_1fjDM_s0000624290_e0000629246,x0i5w_1fjDM,624.29,629.246,4.956,1.0,1.0,7.98,/kaggle/working/cut_cutfix_full_tier1_20260729_01/tier1/400_440/media/x0i5w_1fjDM_s0000624290_e0000629246.mp4,tier1,cuda,nvenc,cutfix_full_tier1_20260729_01
x0i5w_1fjDM_s0000631106_e0000634782,x0i5w_1fjDM,631.106,634.782,3.676,1.0,1.0,5.5,/kaggle/working/cut_cutfix_full_tier1_20260729_01/tier1/400_440/media/x0i5w_1fjDM_s0000631106_e0000634782.mp4,tier1,cuda,nvenc,cutfix_full_tier1_20260729_01
x0i5w_1fjDM_s0000635298_e0000637438,x0i5w_1fjDM,635.298,637.438,2.14,1.0,1.0,7.81,/kaggle/working/cut_cutfix_full_tier1_20260729_01/tier1/400_440/media/x0i5w_1fjDM_s0000635298_e0000637438.mp4,tier1,cuda,nvenc,cutfix_full_tier1_20260729_01
x0i5w_1fjDM_s0000639522_e0000645310,x0i5w_1fjDM,639.522,645.31,5.788,1.0,1.0,6.54,/kaggle/working/cut_cutfix_full_tier1_20260729_01/tier1/400_440/media/x0i5w_1fjDM_s0000639522_e0000645310.mp4,tier1,cuda,nvenc,cutfix_full_tier1_20260729_01
x0i5w_1fjDM_s0000645954_e0000648894,x0i5w_1fjDM,645.954,648.894,2.94,1.0,1.0,5.48,/kaggle/working/cut_cutfix_full_tier1_20260729_01/tier1/400_440/media/x0i5w_1fjDM_s0000645954_e0000648894.mp4,tier1,cuda,nvenc,cutfix_full_tier1_20260729_01
x0i5w_1fjDM_s0000649666_e0000652830,x0i5w_1fjDM,649.666,652.83,3.164,1.0,1.0,4.21,/kaggle/working/cut_cutfix_full_tier1_20260729_01/tier1/400_440/media/x0i5w_1fjDM_s0000649666_e0000652830.mp4,tier1,cuda,nvenc,cutfix_full_tier1_20260729_01
x0i5w_1fjDM_s0000653442_e0000656798,x0i5w_1fjDM,653.442,656.798,3.356,1.0,1.0,4.38,/kaggle/working/cut_cutfix_full_tier1_20260729_01/tier1/400_440/media/x0i5w_1fjDM_s0000653442_e0000656798.mp4,tier1,cuda,nvenc,cutfix_full_tier1_20260729_01
x0i5w_1fjDM_s0000667554_e0000670174,x0i5w_1fjDM,667.554,670.174,2.62,1.0,1.0,4.92,/kaggle/working/cut_cutfix_full_tier1_20260729_01/tier1/400_440/media/x0i5w_1fjDM_s0000667554_e0000670174.mp4,tier1,cuda,nvenc,cutfix_full_tier1_20260729_01
x0i5w_1fjDM_s0000670338_e0000672766,x0i5w_1fjDM,670.338,672.766,2.428,1.0,1.0,3.39,/kaggle/working/cut_cutfix_full_tier1_20260729_01/tier1/400_440/media/x0i5w_1fjDM_s0000670338_e0000672766.mp4,tier1,cuda,nvenc,cutfix_full_tier1_20260729_01
x0i5w_1fjDM_s0000672898_e0000675294,x0i5w_1fjDM,672.898,675.294,2.396,1.0,1.0,2.85,/kaggle/working/cut_cutfix_full_tier1_20260729_01/tier1/400_440/media/x0i5w_1fjDM_s0000672898_e0000675294.mp4,tier1,cuda,nvenc,cutfix_full_tier1_20260729_01
x0i5w_1fjDM_s0000676514_e0000679358,x0i5w_1fjDM,676.514,679.358,2.844,1.0,1.0,4.44,/kaggle/working/cut_cutfix_full_tier1_20260729_01/tier1/400_440/media/x0i5w_1fjDM_s0000676514_e0000679358.mp4,tier1,cuda,nvenc,cutfix_full_tier1_20260729_01
x0i5w_1fjDM_s0000681506_e0000683614,x0i5w_1fjDM,681.506,683.614,2.108,1.0,1.0,1.62,/kaggle/working/cut_cutfix_full_tier1_20260729_01/tier1/400_440/media/x0i5w_1fjDM_s0000681506_e0000683614.mp4,tier1,cuda,nvenc,cutfix_full_tier1_20260729_01
x0i5w_1fjDM_s0000690242_e0000692606,x0i5w_1fjDM,690.242,692.606,2.364,1.0,1.0,1.82,/kaggle/working/cut_cutfix_full_tier1_20260729_01/tier1/400_440/media/x0i5w_1fjDM_s0000690242_e0000692606.mp4,tier1,cuda,nvenc,cutfix_full_tier1_20260729_01
x0i5w_1fjDM_s0000708194_e0000711486,x0i5w_1fjDM,708.194,711.486,3.292,1.0,1.0,4.43,/kaggle/working/cut_cutfix_full_tier1_20260729_01/tier1/400_440/media/x0i5w_1fjDM_s0000708194_e0000711486.mp4,tier1,cuda,nvenc,cutfix_full_tier1_20260729_01
x0i5w_1fjDM_s0000715458_e0000717790,x0i5w_1fjDM,715.458,717.79,2.332,1.0,1.0,5.02,/kaggle/working/cut_cutfix_full_tier1_20260729_01/tier1/400_440/media/x0i5w_1fjDM_s0000715458_e0000717790.mp4,tier1,cuda,nvenc,cutfix_full_tier1_20260729_01
x0i5w_1fjDM_s0000721218_e0000724830,x0i5w_1fjDM,721.218,724.83,3.612,1.0,1.0,4.33,/kaggle/working/cut_cutfix_full_tier1_20260729_01/tier1/400_440/media/x0i5w_1fjDM_s0000721218_e0000724830.mp4,tier1,cuda,nvenc,cutfix_full_tier1_20260729_01
x0i5w_1fjDM_s0000725282_e0000727902,x0i5w_1fjDM,725.282,727.902,2.62,1.0,1.0,4.95,/kaggle/working/cut_cutfix_full_tier1_20260729_01/tier1/400_440/media/x0i5w_1fjDM_s0000725282_e0000727902.mp4,tier1,cuda,nvenc,cutfix_full_tier1_20260729_01
x0i5w_1fjDM_s0000728866_e0000732606,x0i5w_1fjDM,728.866,732.606,3.74,1.0,1.0,2.55,/kaggle/working/cut_cutfix_full_tier1_20260729_01/tier1/400_440/media/x0i5w_1fjDM_s0000728866_e0000732606.mp4,tier1,cuda,nvenc,cutfix_full_tier1_20260729_01
x0i5w_1fjDM_s0000732866_e0000735230,x0i5w_1fjDM,732.866,735.23,2.364,1.0,1.0,5.9,/kaggle/working/cut_cutfix_full_tier1_20260729_01/tier1/400_440/media/x0i5w_1fjDM_s0000732866_e0000735230.mp4,tier1,cuda,nvenc,cutfix_full_tier1_20260729_01
x0i5w_1fjDM_s0000735426_e0000738654,x0i5w_1fjDM,735.426,738.654,3.228,1.0,1.0,2.17,/kaggle/working/cut_cutfix_full_tier1_20260729_01/tier1/400_440/media/x0i5w_1fjDM_s0000735426_e0000738654.mp4,tier1,cuda,nvenc,cutfix_full_tier1_20260729_01
x0i5w_1fjDM_s0000743746_e0000746526,x0i5w_1fjDM,743.746,746.526,2.78,1.0,1.0,4.24,/kaggle/working/cut_cutfix_full_tier1_20260729_01/tier1/400_440/media/x0i5w_1fjDM_s0000743746_e0000746526.mp4,tier1,cuda,nvenc,cutfix_full_tier1_20260729_01
xDtxtg7BajU_s0000024098_e0000029246,xDtxtg7BajU,24.098,29.246,5.148,1.0,1.0,1.01,/kaggle/working/cut_cutfix_full_tier1_20260729_01/tier1/400_440/media/xDtxtg7BajU_s0000024098_e0000029246.mp4,tier1,cuda,nvenc,cutfix_full_tier1_20260729_01
xDtxtg7BajU_s0000029730_e0000034174,xDtxtg7BajU,29.73,34.174,4.444,1.0,1.0,4.58,/kaggle/working/cut_cutfix_full_tier1_20260729_01/tier1/400_440/media/xDtxtg7BajU_s0000029730_e0000034174.mp4,tier1,cuda,nvenc,cutfix_full_tier1_20260729_01
xDtxtg7BajU_s0000036226_e0000039006,xDtxtg7BajU,36.226,39.006,2.78,1.0,1.0,-0.28,/kaggle/working/cut_cutfix_full_tier1_20260729_01/tier1/400_440/media/xDtxtg7BajU_s0000036226_e0000039006.mp4,tier1,cuda,nvenc,cutfix_full_tier1_20260729_01
xDtxtg7BajU_s0000039106_e0000041982,xDtxtg7BajU,39.106,41.982,2.876,1.0,1.0,1.23,/kaggle/working/cut_cutfix_full_tier1_20260729_01/tier1/400_440/media/xDtxtg7BajU_s0000039106_e0000041982.mp4,tier1,cuda,nvenc,cutfix_full_tier1_20260729_01
xDtxtg7BajU_s0000042274_e0000045822,xDtxtg7BajU,42.274,45.822,3.548,1.0,1.0,1.47,/kaggle/working/cut_cutfix_full_tier1_20260729_01/tier1/400_440/media/xDtxtg7BajU_s0000042274_e0000045822.mp4,tier1,cuda,nvenc,cutfix_full_tier1_20260729_01
xDtxtg7BajU_s0000048002_e0000050494,xDtxtg7BajU,48.002,50.494,2.492,1.0,1.0,-1.4,/kaggle/working/cut_cutfix_full_tier1_20260729_01/tier1/400_440/media/xDtxtg7BajU_s0000048002_e0000050494.mp4,tier1,cuda,nvenc,cutfix_full_tier1_20260729_01
xDtxtg7BajU_s0000050626_e0000052862,xDtxtg7BajU,50.626,52.862,2.236,1.0,1.0,8.43,/kaggle/working/cut_cutfix_full_tier1_20260729_01/tier1/400_440/media/xDtxtg7BajU_s0000050626_e0000052862.mp4,tier1,cuda,nvenc,cutfix_full_tier1_20260729_01
xDtxtg7BajU_s0000053154_e0000055774,xDtxtg7BajU,53.154,55.774,2.62,1.0,1.0,3.44,/kaggle/working/cut_cutfix_full_tier1_20260729_01/tier1/400_440/media/xDtxtg7BajU_s0000053154_e0000055774.mp4,tier1,cuda,nvenc,cutfix_full_tier1_20260729_01
xDtxtg7BajU_s0000063554_e0000067966,xDtxtg7BajU,63.554,67.966,4.412,1.0,1.0,-1.79,/kaggle/working/cut_cutfix_full_tier1_20260729_01/tier1/400_440/media/xDtxtg7BajU_s0000063554_e0000067966.mp4,tier1,cuda,nvenc,cutfix_full_tier1_20260729_01
xDtxtg7BajU_s0000068226_e0000070366,xDtxtg7BajU,68.226,70.366,2.14,1.0,1.0,-2.63,/kaggle/working/cut_cutfix_full_tier1_20260729_01/tier1/400_440/media/xDtxtg7BajU_s0000068226_e0000070366.mp4,tier1,cuda,nvenc,cutfix_full_tier1_20260729_01
xDtxtg7BajU_s0000070498_e0000072638,xDtxtg7BajU,70.498,72.638,2.14,1.0,1.0,-0.97,/kaggle/working/cut_cutfix_full_tier1_20260729_01/tier1/400_440/media/xDtxtg7BajU_s0000070498_e0000072638.mp4,tier1,cuda,nvenc,cutfix_full_tier1_20260729_01
xDtxtg7BajU_s0000074754_e0000078302,xDtxtg7BajU,74.754,78.302,3.548,1.0,1.0,-0.09,/kaggle/working/cut_cutfix_full_tier1_20260729_01/tier1/400_440/media/xDtxtg7BajU_s0000074754_e0000078302.mp4,tier1,cuda,nvenc,cutfix_full_tier1_20260729_01
xDtxtg7BajU_s0000078402_e0000082558,xDtxtg7BajU,78.402,82.558,4.156,1.0,1.0,-0.64,/kaggle/working/cut_cutfix_full_tier1_20260729_01/tier1/400_440/media/xDtxtg7BajU_s0000078402_e0000082558.mp4,tier1,cuda,nvenc,cutfix_full_tier1_20260729_01
xDtxtg7BajU_s0000086146_e0000089406,xDtxtg7BajU,86.146,89.406,3.26,1.0,1.0,4.04,/kaggle/working/cut_cutfix_full_tier1_20260729_01/tier1/400_440/media/xDtxtg7BajU_s0000086146_e0000089406.mp4,tier1,cuda,nvenc,cutfix_full_tier1_20260729_01
xDtxtg7BajU_s0000093282_e0000095742,xDtxtg7BajU,93.282,95.742,2.46,1.0,1.0,2.51,/kaggle/working/cut_cutfix_full_tier1_20260729_01/tier1/400_440/media/xDtxtg7BajU_s0000093282_e0000095742.mp4,tier1,cuda,nvenc,cutfix_full_tier1_20260729_01
xDtxtg7BajU_s0000098786_e0000110590,xDtxtg7BajU,98.786,110.59,11.804,1.0,1.0,4.47,/kaggle/working/cut_cutfix_full_tier1_20260729_01/tier1/400_440/media/xDtxtg7BajU_s0000098786_e0000110590.mp4,tier1,cuda,nvenc,cutfix_full_tier1_20260729_01
xDtxtg7BajU_s0000110722_e0000113182,xDtxtg7BajU,110.722,113.182,2.46,1.0,1.0,7.27,/kaggle/working/cut_cutfix_full_tier1_20260729_01/tier1/400_440/media/xDtxtg7BajU_s0000110722_e0000113182.mp4,tier1,cuda,nvenc,cutfix_full_tier1_20260729_01
xDtxtg7BajU_s0000118306_e0000121630,xDtxtg7BajU,118.306,121.63,3.324,1.0,1.0,3.83,/kaggle/working/cut_cutfix_full_tier1_20260729_01/tier1/400_440/media/xDtxtg7BajU_s0000118306_e0000121630.mp4,tier1,cuda,nvenc,cutfix_full_tier1_20260729_01
xDtxtg7BajU_s0000121762_e0000124222,xDtxtg7BajU,121.762,124.222,2.46,1.0,1.0,2.67,/kaggle/working/cut_cutfix_full_tier1_20260729_01/tier1/400_440/media/xDtxtg7BajU_s0000121762_e0000124222.mp4,tier1,cuda,nvenc,cutfix_full_tier1_20260729_01
xDtxtg7BajU_s0000126530_e0000129598,xDtxtg7BajU,126.53,129.598,3.068,1.0,1.0,2.05,/kaggle/working/cut_cutfix_full_tier1_20260729_01/tier1/400_440/media/xDtxtg7BajU_s0000126530_e0000129598.mp4,tier1,cuda,nvenc,cutfix_full_tier1_20260729_01
xDtxtg7BajU_s0000130850_e0000133118,xDtxtg7BajU,130.85,133.118,2.268,1.0,1.0,0.83,/kaggle/working/cut_cutfix_full_tier1_20260729_01/tier1/400_440/media/xDtxtg7BajU_s0000130850_e0000133118.mp4,tier1,cuda,nvenc,cutfix_full_tier1_20260729_01
xDtxtg7BajU_s0000135074_e0000139966,xDtxtg7BajU,135.074,139.966,4.892,0.75,1.0,-0.86,/kaggle/working/cut_cutfix_full_tier1_20260729_01/tier1/400_440/media/xDtxtg7BajU_s0000135074_e0000139966.mp4,tier1,cuda,nvenc,cutfix_full_tier1_20260729_01
xDtxtg7BajU_s0000141730_e0000146942,xDtxtg7BajU,141.73,146.942,5.212,1.0,1.0,0.19,/kaggle/working/cut_cutfix_full_tier1_20260729_01/tier1/400_440/media/xDtxtg7BajU_s0000141730_e0000146942.mp4,tier1,cuda,nvenc,cutfix_full_tier1_20260729_01
xDtxtg7BajU_s0000147874_e0000151262,xDtxtg7BajU,147.874,151.262,3.388,1.0,1.0,0.37,/kaggle/working/cut_cutfix_full_tier1_20260729_01/tier1/400_440/media/xDtxtg7BajU_s0000147874_e0000151262.mp4,tier1,cuda,nvenc,cutfix_full_tier1_20260729_01
xDtxtg7BajU_s0000151522_e0000155518,xDtxtg7BajU,151.522,155.518,3.996,1.0,1.0,0.54,/kaggle/working/cut_cutfix_full_tier1_20260729_01/tier1/400_440/media/xDtxtg7BajU_s0000151522_e0000155518.mp4,tier1,cuda,nvenc,cutfix_full_tier1_20260729_01
xDtxtg7BajU_s0000157730_e0000160958,xDtxtg7BajU,157.73,160.958,3.228,1.0,1.0,2.79,/kaggle/working/cut_cutfix_full_tier1_20260729_01/tier1/400_440/media/xDtxtg7BajU_s0000157730_e0000160958.mp4,tier1,cuda,nvenc,cutfix_full_tier1_20260729_01
xDtxtg7BajU_s0000161154_e0000163166,xDtxtg7BajU,161.154,163.166,2.012,1.0,1.0,3.18,/kaggle/working/cut_cutfix_full_tier1_20260729_01/tier1/400_440/media/xDtxtg7BajU_s0000161154_e0000163166.mp4,tier1,cuda,nvenc,cutfix_full_tier1_20260729_01
xDtxtg7BajU_s0000163938_e0000170910,xDtxtg7BajU,163.938,170.91,6.972,1.0,1.0,0.28,/kaggle/working/cut_cutfix_full_tier1_20260729_01/tier1/400_440/media/xDtxtg7BajU_s0000163938_e0000170910.mp4,tier1,cuda,nvenc,cutfix_full_tier1_20260729_01
xDtxtg7BajU_s0000171362_e0000174238,xDtxtg7BajU,171.362,174.238,2.876,1.0,1.0,-2.38,/kaggle/working/cut_cutfix_full_tier1_20260729_01/tier1/400_440/media/xDtxtg7BajU_s0000171362_e0000174238.mp4,tier1,cuda,nvenc,cutfix_full_tier1_20260729_01
xDtxtg7BajU_s0000174754_e0000178430,xDtxtg7BajU,174.754,178.43,3.676,1.0,1.0,2.81,/kaggle/working/cut_cutfix_full_tier1_20260729_01/tier1/400_440/media/xDtxtg7BajU_s0000174754_e0000178430.mp4,tier1,cuda,nvenc,cutfix_full_tier1_20260729_01
xDtxtg7BajU_s0000178690_e0000181438,xDtxtg7BajU,178.69,181.438,2.748,1.0,1.0,0.11,/kaggle/working/cut_cutfix_full_tier1_20260729_01/tier1/400_440/media/xDtxtg7BajU_s0000178690_e0000181438.mp4,tier1,cuda,nvenc,cutfix_full_tier1_20260729_01
xDtxtg7BajU_s0000187042_e0000190750,xDtxtg7BajU,187.042,190.75,3.708,1.0,1.0,5.36,/kaggle/working/cut_cutfix_full_tier1_20260729_01/tier1/400_440/media/xDtxtg7BajU_s0000187042_e0000190750.mp4,tier1,cuda,nvenc,cutfix_full_tier1_20260729_01
xDtxtg7BajU_s0000190850_e0000193086,xDtxtg7BajU,190.85,193.086,2.236,1.0,1.0,6.95,/kaggle/working/cut_cutfix_full_tier1_20260729_01/tier1/400_440/media/xDtxtg7BajU_s0000190850_e0000193086.mp4,tier1,cuda,nvenc,cutfix_full_tier1_20260729_01
xDtxtg7BajU_s0000193378_e0000198974,xDtxtg7BajU,193.378,198.974,5.596,1.0,1.0,3.54,/kaggle/working/cut_cutfix_full_tier1_20260729_01/tier1/400_440/media/xDtxtg7BajU_s0000193378_e0000198974.mp4,tier1,cuda,nvenc,cutfix_full_tier1_20260729_01
xDtxtg7BajU_s0000199106_e0000203454,xDtxtg7BajU,199.106,203.454,4.348,1.0,1.0,1.98,/kaggle/working/cut_cutfix_full_tier1_20260729_01/tier1/400_440/media/xDtxtg7BajU_s0000199106_e0000203454.mp4,tier1,cuda,nvenc,cutfix_full_tier1_20260729_01
xDtxtg7BajU_s0000204770_e0000207006,xDtxtg7BajU,204.77,207.006,2.236,1.0,1.0,1.89,/kaggle/working/cut_cutfix_full_tier1_20260729_01/tier1/400_440/media/xDtxtg7BajU_s0000204770_e0000207006.mp4,tier1,cuda,nvenc,cutfix_full_tier1_20260729_01
xDtxtg7BajU_s0000207266_e0000209790,xDtxtg7BajU,207.266,209.79,2.524,1.0,1.0,-0.78,/kaggle/working/cut_cutfix_full_tier1_20260729_01/tier1/400_440/media/xDtxtg7BajU_s0000207266_e0000209790.mp4,tier1,cuda,nvenc,cutfix_full_tier1_20260729_01
xDtxtg7BajU_s0000213442_e0000218442,xDtxtg7BajU,213.442,218.442,5.0,1.0,1.0,-0.94,/kaggle/working/cut_cutfix_full_tier1_20260729_01/tier1/400_440/media/xDtxtg7BajU_s0000213442_e0000218442.mp4,tier1,cuda,nvenc,cutfix_full_tier1_20260729_01
xDtxtg7BajU_s0000217442_e0000222442,xDtxtg7BajU,217.442,222.442,5.0,1.0,1.0,5.13,/kaggle/working/cut_cutfix_full_tier1_20260729_01/tier1/400_440/media/xDtxtg7BajU_s0000217442_e0000222442.mp4,tier1,cuda,nvenc,cutfix_full_tier1_20260729_01
xDtxtg7BajU_s0000221442_e0000226442,xDtxtg7BajU,221.442,226.442,5.0,1.0,1.0,7.68,/kaggle/working/cut_cutfix_full_tier1_20260729_01/tier1/400_440/media/xDtxtg7BajU_s0000221442_e0000226442.mp4,tier1,cuda,nvenc,cutfix_full_tier1_20260729_01
xDtxtg7BajU_s0000228450_e0000230686,xDtxtg7BajU,228.45,230.686,2.236,1.0,1.0,-1.3,/kaggle/working/cut_cutfix_full_tier1_20260729_01/tier1/400_440/media/xDtxtg7BajU_s0000228450_e0000230686.mp4,tier1,cuda,nvenc,cutfix_full_tier1_20260729_01
xDtxtg7BajU_s0000233442_e0000237790,xDtxtg7BajU,233.442,237.79,4.348,1.0,1.0,4.06,/kaggle/working/cut_cutfix_full_tier1_20260729_01/tier1/400_440/media/xDtxtg7BajU_s0000233442_e0000237790.mp4,tier1,cuda,nvenc,cutfix_full_tier1_20260729_01
xDtxtg7BajU_s0000239362_e0000242366,xDtxtg7BajU,239.362,242.366,3.004,1.0,1.0,3.0,/kaggle/working/cut_cutfix_full_tier1_20260729_01/tier1/400_440/media/xDtxtg7BajU_s0000239362_e0000242366.mp4,tier1,cuda,nvenc,cutfix_full_tier1_20260729_01
xDtxtg7BajU_s0000244930_e0000247070,xDtxtg7BajU,244.93,247.07,2.14,1.0,1.0,3.37,/kaggle/working/cut_cutfix_full_tier1_20260729_01/tier1/400_440/media/xDtxtg7BajU_s0000244930_e0000247070.mp4,tier1,cuda,nvenc,cutfix_full_tier1_20260729_01
xDtxtg7BajU_s0000250498_e0000256862,xDtxtg7BajU,250.498,256.862,6.364,1.0,1.0,5.86,/kaggle/working/cut_cutfix_full_tier1_20260729_01/tier1/400_440/media/xDtxtg7BajU_s0000250498_e0000256862.mp4,tier1,cuda,nvenc,cutfix_full_tier1_20260729_01
xDtxtg7BajU_s0000257154_e0000259166,xDtxtg7BajU,257.154,259.166,2.012,1.0,1.0,-1.42,/kaggle/working/cut_cutfix_full_tier1_20260729_01/tier1/400_440/media/xDtxtg7BajU_s0000257154_e0000259166.mp4,tier1,cuda,nvenc,cutfix_full_tier1_20260729_01
xDtxtg7BajU_s0000259778_e0000263038,xDtxtg7BajU,259.778,263.038,3.26,1.0,1.0,2.77,/kaggle/working/cut_cutfix_full_tier1_20260729_01/tier1/400_440/media/xDtxtg7BajU_s0000259778_e0000263038.mp4,tier1,cuda,nvenc,cutfix_full_tier1_20260729_01
xDtxtg7BajU_s0000263170_e0000266782,xDtxtg7BajU,263.17,266.782,3.612,1.0,1.0,3.36,/kaggle/working/cut_cutfix_full_tier1_20260729_01/tier1/400_440/media/xDtxtg7BajU_s0000263170_e0000266782.mp4,tier1,cuda,nvenc,cutfix_full_tier1_20260729_01
xDtxtg7BajU_s0000268450_e0000271582,xDtxtg7BajU,268.45,271.582,3.132,1.0,1.0,5.52,/kaggle/working/cut_cutfix_full_tier1_20260729_01/tier1/400_440/media/xDtxtg7BajU_s0000268450_e0000271582.mp4,tier1,cuda,nvenc,cutfix_full_tier1_20260729_01
xDtxtg7BajU_s0000274050_e0000276318,xDtxtg7BajU,274.05,276.318,2.268,1.0,1.0,-1.19,/kaggle/working/cut_cutfix_full_tier1_20260729_01/tier1/400_440/media/xDtxtg7BajU_s0000274050_e0000276318.mp4,tier1,cuda,nvenc,cutfix_full_tier1_20260729_01
xDtxtg7BajU_s0000278402_e0000283402,xDtxtg7BajU,278.402,283.402,5.0,1.0,1.0,1.52,/kaggle/working/cut_cutfix_full_tier1_20260729_01/tier1/400_440/media/xDtxtg7BajU_s0000278402_e0000283402.mp4,tier1,cuda,nvenc,cutfix_full_tier1_20260729_01
xDtxtg7BajU_s0000282402_e0000287402,xDtxtg7BajU,282.402,287.402,5.0,1.0,1.0,6.43,/kaggle/working/cut_cutfix_full_tier1_20260729_01/tier1/400_440/media/xDtxtg7BajU_s0000282402_e0000287402.mp4,tier1,cuda,nvenc,cutfix_full_tier1_20260729_01
xDtxtg7BajU_s0000286402_e0000291402,xDtxtg7BajU,286.402,291.402,5.0,1.0,1.0,7.5,/kaggle/working/cut_cutfix_full_tier1_20260729_01/tier1/400_440/media/xDtxtg7BajU_s0000286402_e0000291402.mp4,tier1,cuda,nvenc,cutfix_full_tier1_20260729_01
xDtxtg7BajU_s0000290402_e0000295402,xDtxtg7BajU,290.402,295.402,5.0,1.0,1.0,5.68,/kaggle/working/cut_cutfix_full_tier1_20260729_01/tier1/400_440/media/xDtxtg7BajU_s0000290402_e0000295402.mp4,tier1,cuda,nvenc,cutfix_full_tier1_20260729_01
xDtxtg7BajU_s0000294402_e0000299402,xDtxtg7BajU,294.402,299.402,5.0,1.0,1.0,3.03,/kaggle/working/cut_cutfix_full_tier1_20260729_01/tier1/400_440/media/xDtxtg7BajU_s0000294402_e0000299402.mp4,tier1,cuda,nvenc,cutfix_full_tier1_20260729_01
xDtxtg7BajU_s0000305698_e0000311390,xDtxtg7BajU,305.698,311.39,5.692,1.0,1.0,6.38,/kaggle/working/cut_cutfix_full_tier1_20260729_01/tier1/400_440/media/xDtxtg7BajU_s0000305698_e0000311390.mp4,tier1,cuda,nvenc,cutfix_full_tier1_20260729_01
xDtxtg7BajU_s0000314146_e0000317406,xDtxtg7BajU,314.146,317.406,3.26,1.0,1.0,4.59,/kaggle/working/cut_cutfix_full_tier1_20260729_01/tier1/400_440/media/xDtxtg7BajU_s0000314146_e0000317406.mp4,tier1,cuda,nvenc,cutfix_full_tier1_20260729_01
xDtxtg7BajU_s0000320066_e0000322398,xDtxtg7BajU,320.066,322.398,2.332,1.0,1.0,2.42,/kaggle/working/cut_cutfix_full_tier1_20260729_01/tier1/400_440/media/xDtxtg7BajU_s0000320066_e0000322398.mp4,tier1,cuda,nvenc,cutfix_full_tier1_20260729_01
xDtxtg7BajU_s0000322882_e0000325694,xDtxtg7BajU,322.882,325.694,2.812,1.0,1.0,3.67,/kaggle/working/cut_cutfix_full_tier1_20260729_01/tier1/400_440/media/xDtxtg7BajU_s0000322882_e0000325694.mp4,tier1,cuda,nvenc,cutfix_full_tier1_20260729_01
xDtxtg7BajU_s0000328738_e0000331838,xDtxtg7BajU,328.738,331.838,3.1,1.0,1.0,7.53,/kaggle/working/cut_cutfix_full_tier1_20260729_01/tier1/400_440/media/xDtxtg7BajU_s0000328738_e0000331838.mp4,tier1,cuda,nvenc,cutfix_full_tier1_20260729_01
xDtxtg7BajU_s0000332098_e0000334814,xDtxtg7BajU,332.098,334.814,2.716,1.0,1.0,7.79,/kaggle/working/cut_cutfix_full_tier1_20260729_01/tier1/400_440/media/xDtxtg7BajU_s0000332098_e0000334814.mp4,tier1,cuda,nvenc,cutfix_full_tier1_20260729_01
xDtxtg7BajU_s0000340226_e0000346718,xDtxtg7BajU,340.226,346.718,6.492,1.0,1.0,6.5,/kaggle/working/cut_cutfix_full_tier1_20260729_01/tier1/400_440/media/xDtxtg7BajU_s0000340226_e0000346718.mp4,tier1,cuda,nvenc,cutfix_full_tier1_20260729_01
xDtxtg7BajU_s0000347394_e0000349470,xDtxtg7BajU,347.394,349.47,2.076,1.0,1.0,3.81,/kaggle/working/cut_cutfix_full_tier1_20260729_01/tier1/400_440/media/xDtxtg7BajU_s0000347394_e0000349470.mp4,tier1,cuda,nvenc,cutfix_full_tier1_20260729_01
xDtxtg7BajU_s0000349762_e0000355518,xDtxtg7BajU,349.762,355.518,5.756,1.0,1.0,2.87,/kaggle/working/cut_cutfix_full_tier1_20260729_01/tier1/400_440/media/xDtxtg7BajU_s0000349762_e0000355518.mp4,tier1,cuda,nvenc,cutfix_full_tier1_20260729_01
xDtxtg7BajU_s0000355682_e0000359966,xDtxtg7BajU,355.682,359.966,4.284,1.0,1.0,2.35,/kaggle/working/cut_cutfix_full_tier1_20260729_01/tier1/400_440/media/xDtxtg7BajU_s0000355682_e0000359966.mp4,tier1,cuda,nvenc,cutfix_full_tier1_20260729_01
xDtxtg7BajU_s0000360610_e0000364158,xDtxtg7BajU,360.61,364.158,3.548,1.0,1.0,9.67,/kaggle/working/cut_cutfix_full_tier1_20260729_01/tier1/400_440/media/xDtxtg7BajU_s0000360610_e0000364158.mp4,tier1,cuda,nvenc,cutfix_full_tier1_20260729_01
xDtxtg7BajU_s0000369666_e0000376062,xDtxtg7BajU,369.666,376.062,6.396,1.0,1.0,8.37,/kaggle/working/cut_cutfix_full_tier1_20260729_01/tier1/400_440/media/xDtxtg7BajU_s0000369666_e0000376062.mp4,tier1,cuda,nvenc,cutfix_full_tier1_20260729_01
xDtxtg7BajU_s0000380226_e0000384734,xDtxtg7BajU,380.226,384.734,4.508,1.0,1.0,2.13,/kaggle/working/cut_cutfix_full_tier1_20260729_01/tier1/400_440/media/xDtxtg7BajU_s0000380226_e0000384734.mp4,tier1,cuda,nvenc,cutfix_full_tier1_20260729_01
xDtxtg7BajU_s0000385186_e0000391774,xDtxtg7BajU,385.186,391.774,6.588,1.0,1.0,1.56,/kaggle/working/cut_cutfix_full_tier1_20260729_01/tier1/400_440/media/xDtxtg7BajU_s0000385186_e0000391774.mp4,tier1,cuda,nvenc,cutfix_full_tier1_20260729_01
xDtxtg7BajU_s0000392034_e0000394846,xDtxtg7BajU,392.034,394.846,2.812,1.0,1.0,-2.31,/kaggle/working/cut_cutfix_full_tier1_20260729_01/tier1/400_440/media/xDtxtg7BajU_s0000392034_e0000394846.mp4,tier1,cuda,nvenc,cutfix_full_tier1_20260729_01
xDtxtg7BajU_s0000395042_e0000397246,xDtxtg7BajU,395.042,397.246,2.204,1.0,1.0,6.85,/kaggle/working/cut_cutfix_full_tier1_20260729_01/tier1/400_440/media/xDtxtg7BajU_s0000395042_e0000397246.mp4,tier1,cuda,nvenc,cutfix_full_tier1_20260729_01
xDtxtg7BajU_s0000398402_e0000400798,xDtxtg7BajU,398.402,400.798,2.396,1.0,1.0,2.2,/kaggle/working/cut_cutfix_full_tier1_20260729_01/tier1/400_440/media/xDtxtg7BajU_s0000398402_e0000400798.mp4,tier1,cuda,nvenc,cutfix_full_tier1_20260729_01
xDtxtg7BajU_s0000404354_e0000407358,xDtxtg7BajU,404.354,407.358,3.004,1.0,1.0,6.62,/kaggle/working/cut_cutfix_full_tier1_20260729_01/tier1/400_440/media/xDtxtg7BajU_s0000404354_e0000407358.mp4,tier1,cuda,nvenc,cutfix_full_tier1_20260729_01
xDtxtg7BajU_s0000410562_e0000415562,xDtxtg7BajU,410.562,415.562,5.0,1.0,1.0,-3.73,/kaggle/working/cut_cutfix_full_tier1_20260729_01/tier1/400_440/media/xDtxtg7BajU_s0000410562_e0000415562.mp4,tier1,cuda,nvenc,cutfix_full_tier1_20260729_01
xDtxtg7BajU_s0000414562_e0000419562,xDtxtg7BajU,414.562,419.562,5.0,1.0,1.0,-1.03,/kaggle/working/cut_cutfix_full_tier1_20260729_01/tier1/400_440/media/xDtxtg7BajU_s0000414562_e0000419562.mp4,tier1,cuda,nvenc,cutfix_full_tier1_20260729_01
xDtxtg7BajU_s0000418562_e0000423562,xDtxtg7BajU,418.562,423.562,5.0,1.0,1.0,-2.52,/kaggle/working/cut_cutfix_full_tier1_20260729_01/tier1/400_440/media/xDtxtg7BajU_s0000418562_e0000423562.mp4,tier1,cuda,nvenc,cutfix_full_tier1_20260729_01
xDtxtg7BajU_s0000422562_e0000425406,xDtxtg7BajU,422.562,425.406,2.844,1.0,1.0,-2.1,/kaggle/working/cut_cutfix_full_tier1_20260729_01/tier1/400_440/media/xDtxtg7BajU_s0000422562_e0000425406.mp4,tier1,cuda,nvenc,cutfix_full_tier1_20260729_01
xDtxtg7BajU_s0000431554_e0000437470,xDtxtg7BajU,431.554,437.47,5.916,1.0,1.0,4.05,/kaggle/working/cut_cutfix_full_tier1_20260729_01/tier1/400_440/media/xDtxtg7BajU_s0000431554_e0000437470.mp4,tier1,cuda,nvenc,cutfix_full_tier1_20260729_01
xDtxtg7BajU_s0000440834_e0000443710,xDtxtg7BajU,440.834,443.71,2.876,1.0,1.0,1.93,/kaggle/working/cut_cutfix_full_tier1_20260729_01/tier1/400_440/media/xDtxtg7BajU_s0000440834_e0000443710.mp4,tier1,cuda,nvenc,cutfix_full_tier1_20260729_01
xDtxtg7BajU_s0000444898_e0000450270,xDtxtg7BajU,444.898,450.27,5.372,1.0,1.0,-1.6,/kaggle/working/cut_cutfix_full_tier1_20260729_01/tier1/400_440/media/xDtxtg7BajU_s0000444898_e0000450270.mp4,tier1,cuda,nvenc,cutfix_full_tier1_20260729_01
xDtxtg7BajU_s0000450370_e0000453246,xDtxtg7BajU,450.37,453.246,2.876,1.0,1.0,-0.86,/kaggle/working/cut_cutfix_full_tier1_20260729_01/tier1/400_440/media/xDtxtg7BajU_s0000450370_e0000453246.mp4,tier1,cuda,nvenc,cutfix_full_tier1_20260729_01
xDtxtg7BajU_s0000453698_e0000457982,xDtxtg7BajU,453.698,457.982,4.284,1.0,1.0,6.13,/kaggle/working/cut_cutfix_full_tier1_20260729_01/tier1/400_440/media/xDtxtg7BajU_s0000453698_e0000457982.mp4,tier1,cuda,nvenc,cutfix_full_tier1_20260729_01
xDtxtg7BajU_s0000460258_e0000465534,xDtxtg7BajU,460.258,465.534,5.276,1.0,1.0,3.12,/kaggle/working/cut_cutfix_full_tier1_20260729_01/tier1/400_440/media/xDtxtg7BajU_s0000460258_e0000465534.mp4,tier1,cuda,nvenc,cutfix_full_tier1_20260729_01
xDtxtg7BajU_s0000465634_e0000468478,xDtxtg7BajU,465.634,468.478,2.844,1.0,1.0,4.56,/kaggle/working/cut_cutfix_full_tier1_20260729_01/tier1/400_440/media/xDtxtg7BajU_s0000465634_e0000468478.mp4,tier1,cuda,nvenc,cutfix_full_tier1_20260729_01
xDtxtg7BajU_s0000468610_e0000470878,xDtxtg7BajU,468.61,470.878,2.268,1.0,1.0,10.05,/kaggle/working/cut_cutfix_full_tier1_20260729_01/tier1/400_440/media/xDtxtg7BajU_s0000468610_e0000470878.mp4,tier1,cuda,nvenc,cutfix_full_tier1_20260729_01
xDtxtg7BajU_s0000471106_e0000474654,xDtxtg7BajU,471.106,474.654,3.548,1.0,1.0,6.67,/kaggle/working/cut_cutfix_full_tier1_20260729_01/tier1/400_440/media/xDtxtg7BajU_s0000471106_e0000474654.mp4,tier1,cuda,nvenc,cutfix_full_tier1_20260729_01
xDtxtg7BajU_s0000476482_e0000478654,xDtxtg7BajU,476.482,478.654,2.172,1.0,1.0,-3.66,/kaggle/working/cut_cutfix_full_tier1_20260729_01/tier1/400_440/media/xDtxtg7BajU_s0000476482_e0000478654.mp4,tier1,cuda,nvenc,cutfix_full_tier1_20260729_01
xDtxtg7BajU_s0000479202_e0000485598,xDtxtg7BajU,479.202,485.598,6.396,1.0,1.0,0.56,/kaggle/working/cut_cutfix_full_tier1_20260729_01/tier1/400_440/media/xDtxtg7BajU_s0000479202_e0000485598.mp4,tier1,cuda,nvenc,cutfix_full_tier1_20260729_01
xDtxtg7BajU_s0000485698_e0000488414,xDtxtg7BajU,485.698,488.414,2.716,1.0,1.0,-0.15,/kaggle/working/cut_cutfix_full_tier1_20260729_01/tier1/400_440/media/xDtxtg7BajU_s0000485698_e0000488414.mp4,tier1,cuda,nvenc,cutfix_full_tier1_20260729_01
xDtxtg7BajU_s0000488610_e0000490878,xDtxtg7BajU,488.61,490.878,2.268,1.0,1.0,-3.03,/kaggle/working/cut_cutfix_full_tier1_20260729_01/tier1/400_440/media/xDtxtg7BajU_s0000488610_e0000490878.mp4,tier1,cuda,nvenc,cutfix_full_tier1_20260729_01
xDtxtg7BajU_s0000491202_e0000494526,xDtxtg7BajU,491.202,494.526,3.324,1.0,1.0,-1.31,/kaggle/working/cut_cutfix_full_tier1_20260729_01/tier1/400_440/media/xDtxtg7BajU_s0000491202_e0000494526.mp4,tier1,cuda,nvenc,cutfix_full_tier1_20260729_01
xDtxtg7BajU_s0000498946_e0000503070,xDtxtg7BajU,498.946,503.07,4.124,1.0,1.0,2.1,/kaggle/working/cut_cutfix_full_tier1_20260729_01/tier1/400_440/media/xDtxtg7BajU_s0000498946_e0000503070.mp4,tier1,cuda,nvenc,cutfix_full_tier1_20260729_01
xDtxtg7BajU_s0000503170_e0000506462,xDtxtg7BajU,503.17,506.462,3.292,1.0,1.0,-1.54,/kaggle/working/cut_cutfix_full_tier1_20260729_01/tier1/400_440/media/xDtxtg7BajU_s0000503170_e0000506462.mp4,tier1,cuda,nvenc,cutfix_full_tier1_20260729_01
xDtxtg7BajU_s0000507074_e0000511038,xDtxtg7BajU,507.074,511.038,3.964,1.0,1.0,-1.02,/kaggle/working/cut_cutfix_full_tier1_20260729_01/tier1/400_440/media/xDtxtg7BajU_s0000507074_e0000511038.mp4,tier1,cuda,nvenc,cutfix_full_tier1_20260729_01
xDtxtg7BajU_s0000513506_e0000517694,xDtxtg7BajU,513.506,517.694,4.188,1.0,1.0,7.57,/kaggle/working/cut_cutfix_full_tier1_20260729_01/tier1/400_440/media/xDtxtg7BajU_s0000513506_e0000517694.mp4,tier1,cuda,nvenc,cutfix_full_tier1_20260729_01
xDtxtg7BajU_s0000518082_e0000524862,xDtxtg7BajU,518.082,524.862,6.78,1.0,1.0,8.07,/kaggle/working/cut_cutfix_full_tier1_20260729_01/tier1/400_440/media/xDtxtg7BajU_s0000518082_e0000524862.mp4,tier1,cuda,nvenc,cutfix_full_tier1_20260729_01
xDtxtg7BajU_s0000525218_e0000527486,xDtxtg7BajU,525.218,527.486,2.268,1.0,1.0,7.75,/kaggle/working/cut_cutfix_full_tier1_20260729_01/tier1/400_440/media/xDtxtg7BajU_s0000525218_e0000527486.mp4,tier1,cuda,nvenc,cutfix_full_tier1_20260729_01
xDtxtg7BajU_s0000527842_e0000531934,xDtxtg7BajU,527.842,531.934,4.092,1.0,1.0,7.09,/kaggle/working/cut_cutfix_full_tier1_20260729_01/tier1/400_440/media/xDtxtg7BajU_s0000527842_e0000531934.mp4,tier1,cuda,nvenc,cutfix_full_tier1_20260729_01
xOrGF328sRI_s0000004386_e0000015774,xOrGF328sRI,4.386,15.774,11.388,1.0,1.0,9.72,/kaggle/working/cut_cutfix_full_tier1_20260729_01/tier1/400_440/media/xOrGF328sRI_s0000004386_e0000015774.mp4,tier1,cuda,nvenc,cutfix_full_tier1_20260729_01
xOrGF328sRI_s0000016034_e0000020862,xOrGF328sRI,16.034,20.862,4.828,1.0,1.0,11.7,/kaggle/working/cut_cutfix_full_tier1_20260729_01/tier1/400_440/media/xOrGF328sRI_s0000016034_e0000020862.mp4,tier1,cuda,nvenc,cutfix_full_tier1_20260729_01
xOrGF328sRI_s0000021154_e0000027902,xOrGF328sRI,21.154,27.902,6.748,1.0,1.0,8.02,/kaggle/working/cut_cutfix_full_tier1_20260729_01/tier1/400_440/media/xOrGF328sRI_s0000021154_e0000027902.mp4,tier1,cuda,nvenc,cutfix_full_tier1_20260729_01
xOrGF328sRI_s0000048290_e0000053290,xOrGF328sRI,48.29,53.29,5.0,1.0,1.0,6.79,/kaggle/working/cut_cutfix_full_tier1_20260729_01/tier1/400_440/media/xOrGF328sRI_s0000048290_e0000053290.mp4,tier1,cuda,nvenc,cutfix_full_tier1_20260729_01
xOrGF328sRI_s0000074850_e0000077982,xOrGF328sRI,74.85,77.982,3.132,1.0,1.0,6.92,/kaggle/working/cut_cutfix_full_tier1_20260729_01/tier1/400_440/media/xOrGF328sRI_s0000074850_e0000077982.mp4,tier1,cuda,nvenc,cutfix_full_tier1_20260729_01
xOrGF328sRI_s0000078210_e0000083210,xOrGF328sRI,78.21,83.21,5.0,1.0,1.0,7.2,/kaggle/working/cut_cutfix_full_tier1_20260729_01/tier1/400_440/media/xOrGF328sRI_s0000078210_e0000083210.mp4,tier1,cuda,nvenc,cutfix_full_tier1_20260729_01
xOrGF328sRI_s0000082210_e0000087210,xOrGF328sRI,82.21,87.21,5.0,1.0,1.0,6.32,/kaggle/working/cut_cutfix_full_tier1_20260729_01/tier1/400_440/media/xOrGF328sRI_s0000082210_e0000087210.mp4,tier1,cuda,nvenc,cutfix_full_tier1_20260729_01
xOrGF328sRI_s0000086210_e0000091210,xOrGF328sRI,86.21,91.21,5.0,1.0,1.0,6.11,/kaggle/working/cut_cutfix_full_tier1_20260729_01/tier1/400_440/media/xOrGF328sRI_s0000086210_e0000091210.mp4,tier1,cuda,nvenc,cutfix_full_tier1_20260729_01
xOrGF328sRI_s0000098210_e0000103210,xOrGF328sRI,98.21,103.21,5.0,1.0,1.0,5.71,/kaggle/working/cut_cutfix_full_tier1_20260729_01/tier1/400_440/media/xOrGF328sRI_s0000098210_e0000103210.mp4,tier1,cuda,nvenc,cutfix_full_tier1_20260729_01
xOrGF328sRI_s0000102210_e0000107210,xOrGF328sRI,102.21,107.21,5.0,1.0,1.0,5.33,/kaggle/working/cut_cutfix_full_tier1_20260729_01/tier1/400_440/media/xOrGF328sRI_s0000102210_e0000107210.mp4,tier1,cuda,nvenc,cutfix_full_tier1_20260729_01
xOrGF328sRI_s0000106210_e0000111210,xOrGF328sRI,106.21,111.21,5.0,1.0,1.0,5.25,/kaggle/working/cut_cutfix_full_tier1_20260729_01/tier1/400_440/media/xOrGF328sRI_s0000106210_e0000111210.mp4,tier1,cuda,nvenc,cutfix_full_tier1_20260729_01
xOrGF328sRI_s0000110210_e0000113214,xOrGF328sRI,110.21,113.214,3.004,1.0,1.0,3.88,/kaggle/working/cut_cutfix_full_tier1_20260729_01/tier1/400_440/media/xOrGF328sRI_s0000110210_e0000113214.mp4,tier1,cuda,nvenc,cutfix_full_tier1_20260729_01
xOrGF328sRI_s0000114818_e0000121822,xOrGF328sRI,114.818,121.822,7.004,1.0,1.0,5.42,/kaggle/working/cut_cutfix_full_tier1_20260729_01/tier1/400_440/media/xOrGF328sRI_s0000114818_e0000121822.mp4,tier1,cuda,nvenc,cutfix_full_tier1_20260729_01
xOrGF328sRI_s0000160290_e0000163966,xOrGF328sRI,160.29,163.966,3.676,1.0,1.0,10.96,/kaggle/working/cut_cutfix_full_tier1_20260729_01/tier1/400_440/media/xOrGF328sRI_s0000160290_e0000163966.mp4,tier1,cuda,nvenc,cutfix_full_tier1_20260729_01
xOrGF328sRI_s0000164290_e0000168446,xOrGF328sRI,164.29,168.446,4.156,1.0,1.0,6.96,/kaggle/working/cut_cutfix_full_tier1_20260729_01/tier1/400_440/media/xOrGF328sRI_s0000164290_e0000168446.mp4,tier1,cuda,nvenc,cutfix_full_tier1_20260729_01
xOrGF328sRI_s0000171426_e0000173502,xOrGF328sRI,171.426,173.502,2.076,1.0,1.0,5.38,/kaggle/working/cut_cutfix_full_tier1_20260729_01/tier1/400_440/media/xOrGF328sRI_s0000171426_e0000173502.mp4,tier1,cuda,nvenc,cutfix_full_tier1_20260729_01
xOrGF328sRI_s0000173858_e0000176990,xOrGF328sRI,173.858,176.99,3.132,1.0,1.0,8.81,/kaggle/working/cut_cutfix_full_tier1_20260729_01/tier1/400_440/media/xOrGF328sRI_s0000173858_e0000176990.mp4,tier1,cuda,nvenc,cutfix_full_tier1_20260729_01
xOrGF328sRI_s0000180546_e0000183102,xOrGF328sRI,180.546,183.102,2.556,1.0,1.0,8.71,/kaggle/working/cut_cutfix_full_tier1_20260729_01/tier1/400_440/media/xOrGF328sRI_s0000180546_e0000183102.mp4,tier1,cuda,nvenc,cutfix_full_tier1_20260729_01
xOrGF328sRI_s0000185666_e0000188926,xOrGF328sRI,185.666,188.926,3.26,1.0,1.0,8.16,/kaggle/working/cut_cutfix_full_tier1_20260729_01/tier1/400_440/media/xOrGF328sRI_s0000185666_e0000188926.mp4,tier1,cuda,nvenc,cutfix_full_tier1_20260729_01
xOrGF328sRI_s0000189442_e0000192798,xOrGF328sRI,189.442,192.798,3.356,1.0,1.0,12.34,/kaggle/working/cut_cutfix_full_tier1_20260729_01/tier1/400_440/media/xOrGF328sRI_s0000189442_e0000192798.mp4,tier1,cuda,nvenc,cutfix_full_tier1_20260729_01
xOrGF328sRI_s0000193282_e0000196094,xOrGF328sRI,193.282,196.094,2.812,1.0,1.0,10.03,/kaggle/working/cut_cutfix_full_tier1_20260729_01/tier1/400_440/media/xOrGF328sRI_s0000193282_e0000196094.mp4,tier1,cuda,nvenc,cutfix_full_tier1_20260729_01
xOrGF328sRI_s0000199042_e0000201374,xOrGF328sRI,199.042,201.374,2.332,1.0,1.0,9.82,/kaggle/working/cut_cutfix_full_tier1_20260729_01/tier1/400_440/media/xOrGF328sRI_s0000199042_e0000201374.mp4,tier1,cuda,nvenc,cutfix_full_tier1_20260729_01
xOrGF328sRI_s0000201762_e0000204222,xOrGF328sRI,201.762,204.222,2.46,1.0,1.0,9.69,/kaggle/working/cut_cutfix_full_tier1_20260729_01/tier1/400_440/media/xOrGF328sRI_s0000201762_e0000204222.mp4,tier1,cuda,nvenc,cutfix_full_tier1_20260729_01
xOrGF328sRI_s0000204610_e0000207166,xOrGF328sRI,204.61,207.166,2.556,1.0,1.0,8.91,/kaggle/working/cut_cutfix_full_tier1_20260729_01/tier1/400_440/media/xOrGF328sRI_s0000204610_e0000207166.mp4,tier1,cuda,nvenc,cutfix_full_tier1_20260729_01
xOrGF328sRI_s0000207554_e0000209758,xOrGF328sRI,207.554,209.758,2.204,1.0,1.0,9.58,/kaggle/working/cut_cutfix_full_tier1_20260729_01/tier1/400_440/media/xOrGF328sRI_s0000207554_e0000209758.mp4,tier1,cuda,nvenc,cutfix_full_tier1_20260729_01
xOrGF328sRI_s0000210082_e0000212158,xOrGF328sRI,210.082,212.158,2.076,1.0,1.0,11.24,/kaggle/working/cut_cutfix_full_tier1_20260729_01/tier1/400_440/media/xOrGF328sRI_s0000210082_e0000212158.mp4,tier1,cuda,nvenc,cutfix_full_tier1_20260729_01
xOrGF328sRI_s0000215266_e0000217470,xOrGF328sRI,215.266,217.47,2.204,1.0,1.0,12.01,/kaggle/working/cut_cutfix_full_tier1_20260729_01/tier1/400_440/media/xOrGF328sRI_s0000215266_e0000217470.mp4,tier1,cuda,nvenc,cutfix_full_tier1_20260729_01
xOrGF328sRI_s0000217826_e0000220318,xOrGF328sRI,217.826,220.318,2.492,1.0,1.0,7.81,/kaggle/working/cut_cutfix_full_tier1_20260729_01/tier1/400_440/media/xOrGF328sRI_s0000217826_e0000220318.mp4,tier1,cuda,nvenc,cutfix_full_tier1_20260729_01
xOrGF328sRI_s0000225570_e0000229950,xOrGF328sRI,225.57,229.95,4.38,1.0,1.0,7.89,/kaggle/working/cut_cutfix_full_tier1_20260729_01/tier1/400_440/media/xOrGF328sRI_s0000225570_e0000229950.mp4,tier1,cuda,nvenc,cutfix_full_tier1_20260729_01
xOrGF328sRI_s0000235074_e0000238270,xOrGF328sRI,235.074,238.27,3.196,1.0,1.0,11.18,/kaggle/working/cut_cutfix_full_tier1_20260729_01/tier1/400_440/media/xOrGF328sRI_s0000235074_e0000238270.mp4,tier1,cuda,nvenc,cutfix_full_tier1_20260729_01
xOrGF328sRI_s0000240802_e0000242846,xOrGF328sRI,240.802,242.846,2.044,1.0,1.0,5.04,/kaggle/working/cut_cutfix_full_tier1_20260729_01/tier1/400_440/media/xOrGF328sRI_s0000240802_e0000242846.mp4,tier1,cuda,nvenc,cutfix_full_tier1_20260729_01
xOrGF328sRI_s0000243074_e0000246174,xOrGF328sRI,243.074,246.174,3.1,1.0,1.0,5.36,/kaggle/working/cut_cutfix_full_tier1_20260729_01/tier1/400_440/media/xOrGF328sRI_s0000243074_e0000246174.mp4,tier1,cuda,nvenc,cutfix_full_tier1_20260729_01
xOrGF328sRI_s0000246338_e0000249246,xOrGF328sRI,246.338,249.246,2.908,1.0,1.0,8.82,/kaggle/working/cut_cutfix_full_tier1_20260729_01/tier1/400_440/media/xOrGF328sRI_s0000246338_e0000249246.mp4,tier1,cuda,nvenc,cutfix_full_tier1_20260729_01
xOrGF328sRI_s0000252546_e0000256062,xOrGF328sRI,252.546,256.062,3.516,1.0,1.0,10.7,/kaggle/working/cut_cutfix_full_tier1_20260729_01/tier1/400_440/media/xOrGF328sRI_s0000252546_e0000256062.mp4,tier1,cuda,nvenc,cutfix_full_tier1_20260729_01
xfYTbyjf4GY_s0000109442_e0000111486,xfYTbyjf4GY,109.442,111.486,2.044,1.0,1.0,4.04,/kaggle/working/cut_cutfix_full_tier1_20260729_01/tier1/400_440/media/xfYTbyjf4GY_s0000109442_e0000111486.mp4,tier1,cuda,nvenc,cutfix_full_tier1_20260729_01
xfYTbyjf4GY_s0000111682_e0000117822,xfYTbyjf4GY,111.682,117.822,6.14,1.0,1.0,5.57,/kaggle/working/cut_cutfix_full_tier1_20260729_01/tier1/400_440/media/xfYTbyjf4GY_s0000111682_e0000117822.mp4,tier1,cuda,nvenc,cutfix_full_tier1_20260729_01
xfYTbyjf4GY_s0000119170_e0000121886,xfYTbyjf4GY,119.17,121.886,2.716,1.0,1.0,4.03,/kaggle/working/cut_cutfix_full_tier1_20260729_01/tier1/400_440/media/xfYTbyjf4GY_s0000119170_e0000121886.mp4,tier1,cuda,nvenc,cutfix_full_tier1_20260729_01
xfYTbyjf4GY_s0000122754_e0000128478,xfYTbyjf4GY,122.754,128.478,5.724,1.0,1.0,5.63,/kaggle/working/cut_cutfix_full_tier1_20260729_01/tier1/400_440/media/xfYTbyjf4GY_s0000122754_e0000128478.mp4,tier1,cuda,nvenc,cutfix_full_tier1_20260729_01
xfYTbyjf4GY_s0000128994_e0000133950,xfYTbyjf4GY,128.994,133.95,4.956,1.0,1.0,5.03,/kaggle/working/cut_cutfix_full_tier1_20260729_01/tier1/400_440/media/xfYTbyjf4GY_s0000128994_e0000133950.mp4,tier1,cuda,nvenc,cutfix_full_tier1_20260729_01
xfYTbyjf4GY_s0000137954_e0000140766,xfYTbyjf4GY,137.954,140.766,2.812,1.0,1.0,2.89,/kaggle/working/cut_cutfix_full_tier1_20260729_01/tier1/400_440/media/xfYTbyjf4GY_s0000137954_e0000140766.mp4,tier1,cuda,nvenc,cutfix_full_tier1_20260729_01
xfYTbyjf4GY_s0000143458_e0000145918,xfYTbyjf4GY,143.458,145.918,2.46,1.0,1.0,4.48,/kaggle/working/cut_cutfix_full_tier1_20260729_01/tier1/400_440/media/xfYTbyjf4GY_s0000143458_e0000145918.mp4,tier1,cuda,nvenc,cutfix_full_tier1_20260729_01
xfYTbyjf4GY_s0000146018_e0000149086,xfYTbyjf4GY,146.018,149.086,3.068,1.0,1.0,4.22,/kaggle/working/cut_cutfix_full_tier1_20260729_01/tier1/400_440/media/xfYTbyjf4GY_s0000146018_e0000149086.mp4,tier1,cuda,nvenc,cutfix_full_tier1_20260729_01
xfYTbyjf4GY_s0000158178_e0000160862,xfYTbyjf4GY,158.178,160.862,2.684,1.0,1.0,5.16,/kaggle/working/cut_cutfix_full_tier1_20260729_01/tier1/400_440/media/xfYTbyjf4GY_s0000158178_e0000160862.mp4,tier1,cuda,nvenc,cutfix_full_tier1_20260729_01
xfYTbyjf4GY_s0000162882_e0000167614,xfYTbyjf4GY,162.882,167.614,4.732,1.0,1.0,4.96,/kaggle/working/cut_cutfix_full_tier1_20260729_01/tier1/400_440/media/xfYTbyjf4GY_s0000162882_e0000167614.mp4,tier1,cuda,nvenc,cutfix_full_tier1_20260729_01
xfYTbyjf4GY_s0000171682_e0000174334,xfYTbyjf4GY,171.682,174.334,2.652,1.0,1.0,1.67,/kaggle/working/cut_cutfix_full_tier1_20260729_01/tier1/400_440/media/xfYTbyjf4GY_s0000171682_e0000174334.mp4,tier1,cuda,nvenc,cutfix_full_tier1_20260729_01
xfYTbyjf4GY_s0000177538_e0000183102,xfYTbyjf4GY,177.538,183.102,5.564,1.0,1.0,0.28,/kaggle/working/cut_cutfix_full_tier1_20260729_01/tier1/400_440/media/xfYTbyjf4GY_s0000177538_e0000183102.mp4,tier1,cuda,nvenc,cutfix_full_tier1_20260729_01
xfYTbyjf4GY_s0000183362_e0000187006,xfYTbyjf4GY,183.362,187.006,3.644,1.0,1.0,1.99,/kaggle/working/cut_cutfix_full_tier1_20260729_01/tier1/400_440/media/xfYTbyjf4GY_s0000183362_e0000187006.mp4,tier1,cuda,nvenc,cutfix_full_tier1_20260729_01
xfYTbyjf4GY_s0000190210_e0000192670,xfYTbyjf4GY,190.21,192.67,2.46,1.0,1.0,2.93,/kaggle/working/cut_cutfix_full_tier1_20260729_01/tier1/400_440/media/xfYTbyjf4GY_s0000190210_e0000192670.mp4,tier1,cuda,nvenc,cutfix_full_tier1_20260729_01
xfYTbyjf4GY_s0000197314_e0000199550,xfYTbyjf4GY,197.314,199.55,2.236,1.0,1.0,4.36,/kaggle/working/cut_cutfix_full_tier1_20260729_01/tier1/400_440/media/xfYTbyjf4GY_s0000197314_e0000199550.mp4,tier1,cuda,nvenc,cutfix_full_tier1_20260729_01
xfYTbyjf4GY_s0000199682_e0000205118,xfYTbyjf4GY,199.682,205.118,5.436,1.0,1.0,1.75,/kaggle/working/cut_cutfix_full_tier1_20260729_01/tier1/400_440/media/xfYTbyjf4GY_s0000199682_e0000205118.mp4,tier1,cuda,nvenc,cutfix_full_tier1_20260729_01
xfYTbyjf4GY_s0000207202_e0000209950,xfYTbyjf4GY,207.202,209.95,2.748,1.0,1.0,2.39,/kaggle/working/cut_cutfix_full_tier1_20260729_01/tier1/400_440/media/xfYTbyjf4GY_s0000207202_e0000209950.mp4,tier1,cuda,nvenc,cutfix_full_tier1_20260729_01
xfYTbyjf4GY_s0000215394_e0000219134,xfYTbyjf4GY,215.394,219.134,3.74,1.0,1.0,2.41,/kaggle/working/cut_cutfix_full_tier1_20260729_01/tier1/400_440/media/xfYTbyjf4GY_s0000215394_e0000219134.mp4,tier1,cuda,nvenc,cutfix_full_tier1_20260729_01
xfYTbyjf4GY_s0000222050_e0000225470,xfYTbyjf4GY,222.05,225.47,3.42,1.0,1.0,1.46,/kaggle/working/cut_cutfix_full_tier1_20260729_01/tier1/400_440/media/xfYTbyjf4GY_s0000222050_e0000225470.mp4,tier1,cuda,nvenc,cutfix_full_tier1_20260729_01
xfYTbyjf4GY_s0000225826_e0000229310,xfYTbyjf4GY,225.826,229.31,3.484,1.0,1.0,4.7,/kaggle/working/cut_cutfix_full_tier1_20260729_01/tier1/400_440/media/xfYTbyjf4GY_s0000225826_e0000229310.mp4,tier1,cuda,nvenc,cutfix_full_tier1_20260729_01
xfYTbyjf4GY_s0000231842_e0000235390,xfYTbyjf4GY,231.842,235.39,3.548,1.0,1.0,3.81,/kaggle/working/cut_cutfix_full_tier1_20260729_01/tier1/400_440/media/xfYTbyjf4GY_s0000231842_e0000235390.mp4,tier1,cuda,nvenc,cutfix_full_tier1_20260729_01
xfYTbyjf4GY_s0000238210_e0000241438,xfYTbyjf4GY,238.21,241.438,3.228,1.0,1.0,3.49,/kaggle/working/cut_cutfix_full_tier1_20260729_01/tier1/400_440/media/xfYTbyjf4GY_s0000238210_e0000241438.mp4,tier1,cuda,nvenc,cutfix_full_tier1_20260729_01
xfYTbyjf4GY_s0000241602_e0000244030,xfYTbyjf4GY,241.602,244.03,2.428,1.0,1.0,5.03,/kaggle/working/cut_cutfix_full_tier1_20260729_01/tier1/400_440/media/xfYTbyjf4GY_s0000241602_e0000244030.mp4,tier1,cuda,nvenc,cutfix_full_tier1_20260729_01
xfYTbyjf4GY_s0000244674_e0000247806,xfYTbyjf4GY,244.674,247.806,3.132,1.0,1.0,1.6,/kaggle/working/cut_cutfix_full_tier1_20260729_01/tier1/400_440/media/xfYTbyjf4GY_s0000244674_e0000247806.mp4,tier1,cuda,nvenc,cutfix_full_tier1_20260729_01
xfYTbyjf4GY_s0000248162_e0000251134,xfYTbyjf4GY,248.162,251.134,2.972,1.0,1.0,-0.02,/kaggle/working/cut_cutfix_full_tier1_20260729_01/tier1/400_440/media/xfYTbyjf4GY_s0000248162_e0000251134.mp4,tier1,cuda,nvenc,cutfix_full_tier1_20260729_01
xfYTbyjf4GY_s0000251234_e0000253854,xfYTbyjf4GY,251.234,253.854,2.62,1.0,1.0,1.31,/kaggle/working/cut_cutfix_full_tier1_20260729_01/tier1/400_440/media/xfYTbyjf4GY_s0000251234_e0000253854.mp4,tier1,cuda,nvenc,cutfix_full_tier1_20260729_01
xfYTbyjf4GY_s0000255362_e0000259870,xfYTbyjf4GY,255.362,259.87,4.508,1.0,1.0,3.73,/kaggle/working/cut_cutfix_full_tier1_20260729_01/tier1/400_440/media/xfYTbyjf4GY_s0000255362_e0000259870.mp4,tier1,cuda,nvenc,cutfix_full_tier1_20260729_01
xfYTbyjf4GY_s0000263650_e0000268574,xfYTbyjf4GY,263.65,268.574,4.924,1.0,1.0,5.51,/kaggle/working/cut_cutfix_full_tier1_20260729_01/tier1/400_440/media/xfYTbyjf4GY_s0000263650_e0000268574.mp4,tier1,cuda,nvenc,cutfix_full_tier1_20260729_01
xfYTbyjf4GY_s0000271522_e0000273822,xfYTbyjf4GY,271.522,273.822,2.3,1.0,1.0,6.21,/kaggle/working/cut_cutfix_full_tier1_20260729_01/tier1/400_440/media/xfYTbyjf4GY_s0000271522_e0000273822.mp4,tier1,cuda,nvenc,cutfix_full_tier1_20260729_01
xfYTbyjf4GY_s0000273954_e0000278046,xfYTbyjf4GY,273.954,278.046,4.092,1.0,1.0,4.5,/kaggle/working/cut_cutfix_full_tier1_20260729_01/tier1/400_440/media/xfYTbyjf4GY_s0000273954_e0000278046.mp4,tier1,cuda,nvenc,cutfix_full_tier1_20260729_01
xfYTbyjf4GY_s0000279042_e0000281630,xfYTbyjf4GY,279.042,281.63,2.588,1.0,1.0,7.72,/kaggle/working/cut_cutfix_full_tier1_20260729_01/tier1/400_440/media/xfYTbyjf4GY_s0000279042_e0000281630.mp4,tier1,cuda,nvenc,cutfix_full_tier1_20260729_01
xfYTbyjf4GY_s0000282402_e0000284638,xfYTbyjf4GY,282.402,284.638,2.236,1.0,1.0,4.13,/kaggle/working/cut_cutfix_full_tier1_20260729_01/tier1/400_440/media/xfYTbyjf4GY_s0000282402_e0000284638.mp4,tier1,cuda,nvenc,cutfix_full_tier1_20260729_01
xjTnaI3tItI_s0000013570_e0000016638,xjTnaI3tItI,13.57,16.638,3.068,1.0,1.0,1.92,/kaggle/working/cut_cutfix_full_tier1_20260729_01/tier1/400_440/media/xjTnaI3tItI_s0000013570_e0000016638.mp4,tier1,cuda,nvenc,cutfix_full_tier1_20260729_01
xjTnaI3tItI_s0000018722_e0000022270,xjTnaI3tItI,18.722,22.27,3.548,1.0,1.0,2.02,/kaggle/working/cut_cutfix_full_tier1_20260729_01/tier1/400_440/media/xjTnaI3tItI_s0000018722_e0000022270.mp4,tier1,cuda,nvenc,cutfix_full_tier1_20260729_01
xjTnaI3tItI_s0000022466_e0000024574,xjTnaI3tItI,22.466,24.574,2.108,1.0,1.0,1.96,/kaggle/working/cut_cutfix_full_tier1_20260729_01/tier1/400_440/media/xjTnaI3tItI_s0000022466_e0000024574.mp4,tier1,cuda,nvenc,cutfix_full_tier1_20260729_01
xjTnaI3tItI_s0000031426_e0000033502,xjTnaI3tItI,31.426,33.502,2.076,1.0,1.0,5.54,/kaggle/working/cut_cutfix_full_tier1_20260729_01/tier1/400_440/media/xjTnaI3tItI_s0000031426_e0000033502.mp4,tier1,cuda,nvenc,cutfix_full_tier1_20260729_01
xjTnaI3tItI_s0000033730_e0000035742,xjTnaI3tItI,33.73,35.742,2.012,1.0,1.0,1.95,/kaggle/working/cut_cutfix_full_tier1_20260729_01/tier1/400_440/media/xjTnaI3tItI_s0000033730_e0000035742.mp4,tier1,cuda,nvenc,cutfix_full_tier1_20260729_01
xjTnaI3tItI_s0000036002_e0000038494,xjTnaI3tItI,36.002,38.494,2.492,1.0,1.0,3.05,/kaggle/working/cut_cutfix_full_tier1_20260729_01/tier1/400_440/media/xjTnaI3tItI_s0000036002_e0000038494.mp4,tier1,cuda,nvenc,cutfix_full_tier1_20260729_01
xjTnaI3tItI_s0000060514_e0000063134,xjTnaI3tItI,60.514,63.134,2.62,1.0,1.0,12.29,/kaggle/working/cut_cutfix_full_tier1_20260729_01/tier1/400_440/media/xjTnaI3tItI_s0000060514_e0000063134.mp4,tier1,cuda,nvenc,cutfix_full_tier1_20260729_01
xjTnaI3tItI_s0000076802_e0000079518,xjTnaI3tItI,76.802,79.518,2.716,1.0,1.0,3.25,/kaggle/working/cut_cutfix_full_tier1_20260729_01/tier1/400_440/media/xjTnaI3tItI_s0000076802_e0000079518.mp4,tier1,cuda,nvenc,cutfix_full_tier1_20260729_01
xjTnaI3tItI_s0000081570_e0000083646,xjTnaI3tItI,81.57,83.646,2.076,1.0,1.0,5.44,/kaggle/working/cut_cutfix_full_tier1_20260729_01/tier1/400_440/media/xjTnaI3tItI_s0000081570_e0000083646.mp4,tier1,cuda,nvenc,cutfix_full_tier1_20260729_01
xjTnaI3tItI_s0000088930_e0000091198,xjTnaI3tItI,88.93,91.198,2.268,1.0,1.0,3.98,/kaggle/working/cut_cutfix_full_tier1_20260729_01/tier1/400_440/media/xjTnaI3tItI_s0000088930_e0000091198.mp4,tier1,cuda,nvenc,cutfix_full_tier1_20260729_01
xjTnaI3tItI_s0000098146_e0000100222,xjTnaI3tItI,98.146,100.222,2.076,1.0,1.0,1.83,/kaggle/working/cut_cutfix_full_tier1_20260729_01/tier1/400_440/media/xjTnaI3tItI_s0000098146_e0000100222.mp4,tier1,cuda,nvenc,cutfix_full_tier1_20260729_01
xjTnaI3tItI_s0000104226_e0000107774,xjTnaI3tItI,104.226,107.774,3.548,1.0,1.0,4.3,/kaggle/working/cut_cutfix_full_tier1_20260729_01/tier1/400_440/media/xjTnaI3tItI_s0000104226_e0000107774.mp4,tier1,cuda,nvenc,cutfix_full_tier1_20260729_01
xjTnaI3tItI_s0000112098_e0000114398,xjTnaI3tItI,112.098,114.398,2.3,1.0,1.0,6.84,/kaggle/working/cut_cutfix_full_tier1_20260729_01/tier1/400_440/media/xjTnaI3tItI_s0000112098_e0000114398.mp4,tier1,cuda,nvenc,cutfix_full_tier1_20260729_01
xjTnaI3tItI_s0000115010_e0000117246,xjTnaI3tItI,115.01,117.246,2.236,1.0,1.0,5.0,/kaggle/working/cut_cutfix_full_tier1_20260729_01/tier1/400_440/media/xjTnaI3tItI_s0000115010_e0000117246.mp4,tier1,cuda,nvenc,cutfix_full_tier1_20260729_01
xjTnaI3tItI_s0000117538_e0000120318,xjTnaI3tItI,117.538,120.318,2.78,1.0,1.0,3.11,/kaggle/working/cut_cutfix_full_tier1_20260729_01/tier1/400_440/media/xjTnaI3tItI_s0000117538_e0000120318.mp4,tier1,cuda,nvenc,cutfix_full_tier1_20260729_01
xjTnaI3tItI_s0000137250_e0000141662,xjTnaI3tItI,137.25,141.662,4.412,1.0,1.0,3.75,/kaggle/working/cut_cutfix_full_tier1_20260729_01/tier1/400_440/media/xjTnaI3tItI_s0000137250_e0000141662.mp4,tier1,cuda,nvenc,cutfix_full_tier1_20260729_01
xjTnaI3tItI_s0000147010_e0000149470,xjTnaI3tItI,147.01,149.47,2.46,1.0,1.0,5.55,/kaggle/working/cut_cutfix_full_tier1_20260729_01/tier1/400_440/media/xjTnaI3tItI_s0000147010_e0000149470.mp4,tier1,cuda,nvenc,cutfix_full_tier1_20260729_01
xjTnaI3tItI_s0000149890_e0000154782,xjTnaI3tItI,149.89,154.782,4.892,1.0,1.0,9.22,/kaggle/working/cut_cutfix_full_tier1_20260729_01/tier1/400_440/media/xjTnaI3tItI_s0000149890_e0000154782.mp4,tier1,cuda,nvenc,cutfix_full_tier1_20260729_01
xjTnaI3tItI_s0000160322_e0000162622,xjTnaI3tItI,160.322,162.622,2.3,1.0,1.0,12.92,/kaggle/working/cut_cutfix_full_tier1_20260729_01/tier1/400_440/media/xjTnaI3tItI_s0000160322_e0000162622.mp4,tier1,cuda,nvenc,cutfix_full_tier1_20260729_01
xjTnaI3tItI_s0000164770_e0000167390,xjTnaI3tItI,164.77,167.39,2.62,1.0,1.0,10.42,/kaggle/working/cut_cutfix_full_tier1_20260729_01/tier1/400_440/media/xjTnaI3tItI_s0000164770_e0000167390.mp4,tier1,cuda,nvenc,cutfix_full_tier1_20260729_01
xjTnaI3tItI_s0000178658_e0000183134,xjTnaI3tItI,178.658,183.134,4.476,1.0,1.0,9.6,/kaggle/working/cut_cutfix_full_tier1_20260729_01/tier1/400_440/media/xjTnaI3tItI_s0000178658_e0000183134.mp4,tier1,cuda,nvenc,cutfix_full_tier1_20260729_01
xjTnaI3tItI_s0000191458_e0000194078,xjTnaI3tItI,191.458,194.078,2.62,1.0,1.0,4.06,/kaggle/working/cut_cutfix_full_tier1_20260729_01/tier1/400_440/media/xjTnaI3tItI_s0000191458_e0000194078.mp4,tier1,cuda,nvenc,cutfix_full_tier1_20260729_01
xjTnaI3tItI_s0000194402_e0000196478,xjTnaI3tItI,194.402,196.478,2.076,1.0,1.0,3.83,/kaggle/working/cut_cutfix_full_tier1_20260729_01/tier1/400_440/media/xjTnaI3tItI_s0000194402_e0000196478.mp4,tier1,cuda,nvenc,cutfix_full_tier1_20260729_01
xjTnaI3tItI_s0000198658_e0000201502,xjTnaI3tItI,198.658,201.502,2.844,1.0,1.0,3.03,/kaggle/working/cut_cutfix_full_tier1_20260729_01/tier1/400_440/media/xjTnaI3tItI_s0000198658_e0000201502.mp4,tier1,cuda,nvenc,cutfix_full_tier1_20260729_01
xjTnaI3tItI_s0000201730_e0000204478,xjTnaI3tItI,201.73,204.478,2.748,1.0,1.0,3.56,/kaggle/working/cut_cutfix_full_tier1_20260729_01/tier1/400_440/media/xjTnaI3tItI_s0000201730_e0000204478.mp4,tier1,cuda,nvenc,cutfix_full_tier1_20260729_01
xjTnaI3tItI_s0000205922_e0000208094,xjTnaI3tItI,205.922,208.094,2.172,1.0,1.0,5.32,/kaggle/working/cut_cutfix_full_tier1_20260729_01/tier1/400_440/media/xjTnaI3tItI_s0000205922_e0000208094.mp4,tier1,cuda,nvenc,cutfix_full_tier1_20260729_01
xjTnaI3tItI_s0000211874_e0000214686,xjTnaI3tItI,211.874,214.686,2.812,1.0,1.0,11.75,/kaggle/working/cut_cutfix_full_tier1_20260729_01/tier1/400_440/media/xjTnaI3tItI_s0000211874_e0000214686.mp4,tier1,cuda,nvenc,cutfix_full_tier1_20260729_01
xjTnaI3tItI_s0000218658_e0000220894,xjTnaI3tItI,218.658,220.894,2.236,1.0,1.0,15.17,/kaggle/working/cut_cutfix_full_tier1_20260729_01/tier1/400_440/media/xjTnaI3tItI_s0000218658_e0000220894.mp4,tier1,cuda,nvenc,cutfix_full_tier1_20260729_01
xjTnaI3tItI_s0000221314_e0000224862,xjTnaI3tItI,221.314,224.862,3.548,1.0,1.0,13.42,/kaggle/working/cut_cutfix_full_tier1_20260729_01/tier1/400_440/media/xjTnaI3tItI_s0000221314_e0000224862.mp4,tier1,cuda,nvenc,cutfix_full_tier1_20260729_01
xjTnaI3tItI_s0000225186_e0000228862,xjTnaI3tItI,225.186,228.862,3.676,1.0,1.0,11.55,/kaggle/working/cut_cutfix_full_tier1_20260729_01/tier1/400_440/media/xjTnaI3tItI_s0000225186_e0000228862.mp4,tier1,cuda,nvenc,cutfix_full_tier1_20260729_01
xjTnaI3tItI_s0000229058_e0000231262,xjTnaI3tItI,229.058,231.262,2.204,1.0,1.0,14.13,/kaggle/working/cut_cutfix_full_tier1_20260729_01/tier1/400_440/media/xjTnaI3tItI_s0000229058_e0000231262.mp4,tier1,cuda,nvenc,cutfix_full_tier1_20260729_01
xjTnaI3tItI_s0000232322_e0000237662,xjTnaI3tItI,232.322,237.662,5.34,1.0,1.0,13.55,/kaggle/working/cut_cutfix_full_tier1_20260729_01/tier1/400_440/media/xjTnaI3tItI_s0000232322_e0000237662.mp4,tier1,cuda,nvenc,cutfix_full_tier1_20260729_01
xjTnaI3tItI_s0000237922_e0000242910,xjTnaI3tItI,237.922,242.91,4.988,1.0,1.0,13.91,/kaggle/working/cut_cutfix_full_tier1_20260729_01/tier1/400_440/media/xjTnaI3tItI_s0000237922_e0000242910.mp4,tier1,cuda,nvenc,cutfix_full_tier1_20260729_01
xjTnaI3tItI_s0000243010_e0000245278,xjTnaI3tItI,243.01,245.278,2.268,1.0,1.0,14.45,/kaggle/working/cut_cutfix_full_tier1_20260729_01/tier1/400_440/media/xjTnaI3tItI_s0000243010_e0000245278.mp4,tier1,cuda,nvenc,cutfix_full_tier1_20260729_01
xjTnaI3tItI_s0000245602_e0000249150,xjTnaI3tItI,245.602,249.15,3.548,1.0,1.0,13.81,/kaggle/working/cut_cutfix_full_tier1_20260729_01/tier1/400_440/media/xjTnaI3tItI_s0000245602_e0000249150.mp4,tier1,cuda,nvenc,cutfix_full_tier1_20260729_01
xjTnaI3tItI_s0000255106_e0000258142,xjTnaI3tItI,255.106,258.142,3.036,1.0,1.0,1.39,/kaggle/working/cut_cutfix_full_tier1_20260729_01/tier1/400_440/media/xjTnaI3tItI_s0000255106_e0000258142.mp4,tier1,cuda,nvenc,cutfix_full_tier1_20260729_01
xjTnaI3tItI_s0000258466_e0000260862,xjTnaI3tItI,258.466,260.862,2.396,1.0,1.0,4.36,/kaggle/working/cut_cutfix_full_tier1_20260729_01/tier1/400_440/media/xjTnaI3tItI_s0000258466_e0000260862.mp4,tier1,cuda,nvenc,cutfix_full_tier1_20260729_01
xjTnaI3tItI_s0000261026_e0000263582,xjTnaI3tItI,261.026,263.582,2.556,1.0,1.0,3.1,/kaggle/working/cut_cutfix_full_tier1_20260729_01/tier1/400_440/media/xjTnaI3tItI_s0000261026_e0000263582.mp4,tier1,cuda,nvenc,cutfix_full_tier1_20260729_01
xjTnaI3tItI_s0000266818_e0000271838,xjTnaI3tItI,266.818,271.838,5.02,1.0,1.0,2.8,/kaggle/working/cut_cutfix_full_tier1_20260729_01/tier1/400_440/media/xjTnaI3tItI_s0000266818_e0000271838.mp4,tier1,cuda,nvenc,cutfix_full_tier1_20260729_01
xjTnaI3tItI_s0000272098_e0000274238,xjTnaI3tItI,272.098,274.238,2.14,1.0,1.0,2.67,/kaggle/working/cut_cutfix_full_tier1_20260729_01/tier1/400_440/media/xjTnaI3tItI_s0000272098_e0000274238.mp4,tier1,cuda,nvenc,cutfix_full_tier1_20260729_01
xjTnaI3tItI_s0000274338_e0000276670,xjTnaI3tItI,274.338,276.67,2.332,1.0,1.0,0.51,/kaggle/working/cut_cutfix_full_tier1_20260729_01/tier1/400_440/media/xjTnaI3tItI_s0000274338_e0000276670.mp4,tier1,cuda,nvenc,cutfix_full_tier1_20260729_01
xjTnaI3tItI_s0000277922_e0000280414,xjTnaI3tItI,277.922,280.414,2.492,1.0,1.0,3.57,/kaggle/working/cut_cutfix_full_tier1_20260729_01/tier1/400_440/media/xjTnaI3tItI_s0000277922_e0000280414.mp4,tier1,cuda,nvenc,cutfix_full_tier1_20260729_01
xjTnaI3tItI_s0000280674_e0000283358,xjTnaI3tItI,280.674,283.358,2.684,1.0,1.0,3.89,/kaggle/working/cut_cutfix_full_tier1_20260729_01/tier1/400_440/media/xjTnaI3tItI_s0000280674_e0000283358.mp4,tier1,cuda,nvenc,cutfix_full_tier1_20260729_01
xjTnaI3tItI_s0000286658_e0000289982,xjTnaI3tItI,286.658,289.982,3.324,1.0,1.0,4.36,/kaggle/working/cut_cutfix_full_tier1_20260729_01/tier1/400_440/media/xjTnaI3tItI_s0000286658_e0000289982.mp4,tier1,cuda,nvenc,cutfix_full_tier1_20260729_01
xjTnaI3tItI_s0000295938_e0000298398,xjTnaI3tItI,295.938,298.398,2.46,1.0,1.0,5.21,/kaggle/working/cut_cutfix_full_tier1_20260729_01/tier1/400_440/media/xjTnaI3tItI_s0000295938_e0000298398.mp4,tier1,cuda,nvenc,cutfix_full_tier1_20260729_01
xjTnaI3tItI_s0000302786_e0000304830,xjTnaI3tItI,302.786,304.83,2.044,1.0,1.0,3.63,/kaggle/working/cut_cutfix_full_tier1_20260729_01/tier1/400_440/media/xjTnaI3tItI_s0000302786_e0000304830.mp4,tier1,cuda,nvenc,cutfix_full_tier1_20260729_01
xjTnaI3tItI_s0000313602_e0000315966,xjTnaI3tItI,313.602,315.966,2.364,1.0,1.0,2.54,/kaggle/working/cut_cutfix_full_tier1_20260729_01/tier1/400_440/media/xjTnaI3tItI_s0000313602_e0000315966.mp4,tier1,cuda,nvenc,cutfix_full_tier1_20260729_01
xjTnaI3tItI_s0000322850_e0000326302,xjTnaI3tItI,322.85,326.302,3.452,1.0,1.0,5.08,/kaggle/working/cut_cutfix_full_tier1_20260729_01/tier1/400_440/media/xjTnaI3tItI_s0000322850_e0000326302.mp4,tier1,cuda,nvenc,cutfix_full_tier1_20260729_01
xjTnaI3tItI_s0000330594_e0000333022,xjTnaI3tItI,330.594,333.022,2.428,1.0,1.0,4.83,/kaggle/working/cut_cutfix_full_tier1_20260729_01/tier1/400_440/media/xjTnaI3tItI_s0000330594_e0000333022.mp4,tier1,cuda,nvenc,cutfix_full_tier1_20260729_01
xjTnaI3tItI_s0000333154_e0000336382,xjTnaI3tItI,333.154,336.382,3.228,1.0,1.0,2.7,/kaggle/working/cut_cutfix_full_tier1_20260729_01/tier1/400_440/media/xjTnaI3tItI_s0000333154_e0000336382.mp4,tier1,cuda,nvenc,cutfix_full_tier1_20260729_01
xjTnaI3tItI_s0000344194_e0000347230,xjTnaI3tItI,344.194,347.23,3.036,1.0,1.0,2.55,/kaggle/working/cut_cutfix_full_tier1_20260729_01/tier1/400_440/media/xjTnaI3tItI_s0000344194_e0000347230.mp4,tier1,cuda,nvenc,cutfix_full_tier1_20260729_01
xjTnaI3tItI_s0000349666_e0000356030,xjTnaI3tItI,349.666,356.03,6.364,1.0,1.0,8.9,/kaggle/working/cut_cutfix_full_tier1_20260729_01/tier1/400_440/media/xjTnaI3tItI_s0000349666_e0000356030.mp4,tier1,cuda,nvenc,cutfix_full_tier1_20260729_01
xjTnaI3tItI_s0000357538_e0000359934,xjTnaI3tItI,357.538,359.934,2.396,1.0,1.0,9.26,/kaggle/working/cut_cutfix_full_tier1_20260729_01/tier1/400_440/media/xjTnaI3tItI_s0000357538_e0000359934.mp4,tier1,cuda,nvenc,cutfix_full_tier1_20260729_01
xjTnaI3tItI_s0000373058_e0000377214,xjTnaI3tItI,373.058,377.214,4.156,1.0,1.0,9.49,/kaggle/working/cut_cutfix_full_tier1_20260729_01/tier1/400_440/media/xjTnaI3tItI_s0000373058_e0000377214.mp4,tier1,cuda,nvenc,cutfix_full_tier1_20260729_01
xjTnaI3tItI_s0000381058_e0000384382,xjTnaI3tItI,381.058,384.382,3.324,1.0,1.0,8.17,/kaggle/working/cut_cutfix_full_tier1_20260729_01/tier1/400_440/media/xjTnaI3tItI_s0000381058_e0000384382.mp4,tier1,cuda,nvenc,cutfix_full_tier1_20260729_01
xjTnaI3tItI_s0000385634_e0000387934,xjTnaI3tItI,385.634,387.934,2.3,1.0,1.0,7.31,/kaggle/working/cut_cutfix_full_tier1_20260729_01/tier1/400_440/media/xjTnaI3tItI_s0000385634_e0000387934.mp4,tier1,cuda,nvenc,cutfix_full_tier1_20260729_01
xjTnaI3tItI_s0000398914_e0000401118,xjTnaI3tItI,398.914,401.118,2.204,1.0,1.0,7.02,/kaggle/working/cut_cutfix_full_tier1_20260729_01/tier1/400_440/media/xjTnaI3tItI_s0000398914_e0000401118.mp4,tier1,cuda,nvenc,cutfix_full_tier1_20260729_01
xjTnaI3tItI_s0000405602_e0000408094,xjTnaI3tItI,405.602,408.094,2.492,1.0,1.0,5.7,/kaggle/working/cut_cutfix_full_tier1_20260729_01/tier1/400_440/media/xjTnaI3tItI_s0000405602_e0000408094.mp4,tier1,cuda,nvenc,cutfix_full_tier1_20260729_01
xjTnaI3tItI_s0000422434_e0000424958,xjTnaI3tItI,422.434,424.958,2.524,1.0,1.0,4.32,/kaggle/working/cut_cutfix_full_tier1_20260729_01/tier1/400_440/media/xjTnaI3tItI_s0000422434_e0000424958.mp4,tier1,cuda,nvenc,cutfix_full_tier1_20260729_01
xjTnaI3tItI_s0000425826_e0000430334,xjTnaI3tItI,425.826,430.334,4.508,1.0,1.0,11.49,/kaggle/working/cut_cutfix_full_tier1_20260729_01/tier1/400_440/media/xjTnaI3tItI_s0000425826_e0000430334.mp4,tier1,cuda,nvenc,cutfix_full_tier1_20260729_01
xjTnaI3tItI_s0000440130_e0000442238,xjTnaI3tItI,440.13,442.238,2.108,1.0,1.0,9.74,/kaggle/working/cut_cutfix_full_tier1_20260729_01/tier1/400_440/media/xjTnaI3tItI_s0000440130_e0000442238.mp4,tier1,cuda,nvenc,cutfix_full_tier1_20260729_01
xjTnaI3tItI_s0000444674_e0000446814,xjTnaI3tItI,444.674,446.814,2.14,1.0,1.0,8.44,/kaggle/working/cut_cutfix_full_tier1_20260729_01/tier1/400_440/media/xjTnaI3tItI_s0000444674_e0000446814.mp4,tier1,cuda,nvenc,cutfix_full_tier1_20260729_01
xjTnaI3tItI_s0000447746_e0000450334,xjTnaI3tItI,447.746,450.334,2.588,1.0,1.0,8.24,/kaggle/working/cut_cutfix_full_tier1_20260729_01/tier1/400_440/media/xjTnaI3tItI_s0000447746_e0000450334.mp4,tier1,cuda,nvenc,cutfix_full_tier1_20260729_01
xjTnaI3tItI_s0000452866_e0000459038,xjTnaI3tItI,452.866,459.038,6.172,1.0,1.0,8.52,/kaggle/working/cut_cutfix_full_tier1_20260729_01/tier1/400_440/media/xjTnaI3tItI_s0000452866_e0000459038.mp4,tier1,cuda,nvenc,cutfix_full_tier1_20260729_01
xjTnaI3tItI_s0000461474_e0000463582,xjTnaI3tItI,461.474,463.582,2.108,1.0,1.0,8.24,/kaggle/working/cut_cutfix_full_tier1_20260729_01/tier1/400_440/media/xjTnaI3tItI_s0000461474_e0000463582.mp4,tier1,cuda,nvenc,cutfix_full_tier1_20260729_01
xjTnaI3tItI_s0000465186_e0000467486,xjTnaI3tItI,465.186,467.486,2.3,1.0,1.0,10.86,/kaggle/working/cut_cutfix_full_tier1_20260729_01/tier1/400_440/media/xjTnaI3tItI_s0000465186_e0000467486.mp4,tier1,cuda,nvenc,cutfix_full_tier1_20260729_01
xjTnaI3tItI_s0000468706_e0000473054,xjTnaI3tItI,468.706,473.054,4.348,1.0,1.0,8.15,/kaggle/working/cut_cutfix_full_tier1_20260729_01/tier1/400_440/media/xjTnaI3tItI_s0000468706_e0000473054.mp4,tier1,cuda,nvenc,cutfix_full_tier1_20260729_01
xjTnaI3tItI_s0000496322_e0000498462,xjTnaI3tItI,496.322,498.462,2.14,1.0,1.0,12.09,/kaggle/working/cut_cutfix_full_tier1_20260729_01/tier1/400_440/media/xjTnaI3tItI_s0000496322_e0000498462.mp4,tier1,cuda,nvenc,cutfix_full_tier1_20260729_01
xjTnaI3tItI_s0000511426_e0000513502,xjTnaI3tItI,511.426,513.502,2.076,1.0,1.0,9.93,/kaggle/working/cut_cutfix_full_tier1_20260729_01/tier1/400_440/media/xjTnaI3tItI_s0000511426_e0000513502.mp4,tier1,cuda,nvenc,cutfix_full_tier1_20260729_01
xjTnaI3tItI_s0000517794_e0000521598,xjTnaI3tItI,517.794,521.598,3.804,1.0,1.0,10.07,/kaggle/working/cut_cutfix_full_tier1_20260729_01/tier1/400_440/media/xjTnaI3tItI_s0000517794_e0000521598.mp4,tier1,cuda,nvenc,cutfix_full_tier1_20260729_01
xjTnaI3tItI_s0000530338_e0000532574,xjTnaI3tItI,530.338,532.574,2.236,1.0,1.0,10.6,/kaggle/working/cut_cutfix_full_tier1_20260729_01/tier1/400_440/media/xjTnaI3tItI_s0000530338_e0000532574.mp4,tier1,cuda,nvenc,cutfix_full_tier1_20260729_01
xjTnaI3tItI_s0000535618_e0000538430,xjTnaI3tItI,535.618,538.43,2.812,1.0,1.0,9.4,/kaggle/working/cut_cutfix_full_tier1_20260729_01/tier1/400_440/media/xjTnaI3tItI_s0000535618_e0000538430.mp4,tier1,cuda,nvenc,cutfix_full_tier1_20260729_01
xjTnaI3tItI_s0000559330_e0000563934,xjTnaI3tItI,559.33,563.934,4.604,1.0,1.0,6.09,/kaggle/working/cut_cutfix_full_tier1_20260729_01/tier1/400_440/media/xjTnaI3tItI_s0000559330_e0000563934.mp4,tier1,cuda,nvenc,cutfix_full_tier1_20260729_01
xjTnaI3tItI_s0000572962_e0000575038,xjTnaI3tItI,572.962,575.038,2.076,1.0,1.0,8.99,/kaggle/working/cut_cutfix_full_tier1_20260729_01/tier1/400_440/media/xjTnaI3tItI_s0000572962_e0000575038.mp4,tier1,cuda,nvenc,cutfix_full_tier1_20260729_01
xjTnaI3tItI_s0000577826_e0000580030,xjTnaI3tItI,577.826,580.03,2.204,1.0,1.0,7.51,/kaggle/working/cut_cutfix_full_tier1_20260729_01/tier1/400_440/media/xjTnaI3tItI_s0000577826_e0000580030.mp4,tier1,cuda,nvenc,cutfix_full_tier1_20260729_01
xjTnaI3tItI_s0000582018_e0000585374,xjTnaI3tItI,582.018,585.374,3.356,1.0,1.0,8.22,/kaggle/working/cut_cutfix_full_tier1_20260729_01/tier1/400_440/media/xjTnaI3tItI_s0000582018_e0000585374.mp4,tier1,cuda,nvenc,cutfix_full_tier1_20260729_01
xjTnaI3tItI_s0000592258_e0000595102,xjTnaI3tItI,592.258,595.102,2.844,1.0,1.0,9.01,/kaggle/working/cut_cutfix_full_tier1_20260729_01/tier1/400_440/media/xjTnaI3tItI_s0000592258_e0000595102.mp4,tier1,cuda,nvenc,cutfix_full_tier1_20260729_01
xjTnaI3tItI_s0000601090_e0000603486,xjTnaI3tItI,601.09,603.486,2.396,1.0,1.0,9.63,/kaggle/working/cut_cutfix_full_tier1_20260729_01/tier1/400_440/media/xjTnaI3tItI_s0000601090_e0000603486.mp4,tier1,cuda,nvenc,cutfix_full_tier1_20260729_01
xjTnaI3tItI_s0000603746_e0000606878,xjTnaI3tItI,603.746,606.878,3.132,1.0,1.0,8.86,/kaggle/working/cut_cutfix_full_tier1_20260729_01/tier1/400_440/media/xjTnaI3tItI_s0000603746_e0000606878.mp4,tier1,cuda,nvenc,cutfix_full_tier1_20260729_01
xjTnaI3tItI_s0000609986_e0000612446,xjTnaI3tItI,609.986,612.446,2.46,1.0,1.0,11.0,/kaggle/working/cut_cutfix_full_tier1_20260729_01/tier1/400_440/media/xjTnaI3tItI_s0000609986_e0000612446.mp4,tier1,cuda,nvenc,cutfix_full_tier1_20260729_01
xjTnaI3tItI_s0000613826_e0000616190,xjTnaI3tItI,613.826,616.19,2.364,1.0,1.0,8.74,/kaggle/working/cut_cutfix_full_tier1_20260729_01/tier1/400_440/media/xjTnaI3tItI_s0000613826_e0000616190.mp4,tier1,cuda,nvenc,cutfix_full_tier1_20260729_01
xjTnaI3tItI_s0000616386_e0000620958,xjTnaI3tItI,616.386,620.958,4.572,1.0,1.0,7.42,/kaggle/working/cut_cutfix_full_tier1_20260729_01/tier1/400_440/media/xjTnaI3tItI_s0000616386_e0000620958.mp4,tier1,cuda,nvenc,cutfix_full_tier1_20260729_01
xjTnaI3tItI_s0000621090_e0000623710,xjTnaI3tItI,621.09,623.71,2.62,1.0,1.0,7.48,/kaggle/working/cut_cutfix_full_tier1_20260729_01/tier1/400_440/media/xjTnaI3tItI_s0000621090_e0000623710.mp4,tier1,cuda,nvenc,cutfix_full_tier1_20260729_01
