video,filename,start,end,reason,detail,run_id,tier
VCO4vX6QlxM,VCO4vX6QlxM.mp4,5.954,6.27,segment_too_short,,cutfix_full_tier1_20260729_01,tier1
VCO4vX6QlxM,VCO4vX6QlxM.mp4,6.402,7.838,segment_too_short,,cutfix_full_tier1_20260729_01,tier1
VCO4vX6QlxM,VCO4vX6QlxM.mp4,8.866,9.598,segment_too_short,,cutfix_full_tier1_20260729_01,tier1
VCO4vX6QlxM,VCO4vX6QlxM.mp4,12.866,14.142,segment_too_short,,cutfix_full_tier1_20260729_01,tier1
VCO4vX6QlxM,VCO4vX6QlxM.mp4,14.306,15.39,segment_too_short,,cutfix_full_tier1_20260729_01,tier1
VCO4vX6QlxM,VCO4vX6QlxM.mp4,16.418,17.342,segment_too_short,,cutfix_full_tier1_20260729_01,tier1
VCO4vX6QlxM,VCO4vX6QlxM.mp4,21.186,22.59,segment_too_short,,cutfix_full_tier1_20260729_01,tier1
VCO4vX6QlxM,VCO4vX6QlxM.mp4,24.194,25.95,segment_too_short,,cutfix_full_tier1_20260729_01,tier1
VCO4vX6QlxM,VCO4vX6QlxM.mp4,27.234,28.862,segment_too_short,,cutfix_full_tier1_20260729_01,tier1
VCO4vX6QlxM,VCO4vX6QlxM.mp4,29.442,30.686,segment_too_short,,cutfix_full_tier1_20260729_01,tier1
VCO4vX6QlxM,VCO4vX6QlxM.mp4,31.298,32.798,segment_too_short,,cutfix_full_tier1_20260729_01,tier1
VCO4vX6QlxM,VCO4vX6QlxM.mp4,33.09,34.27,segment_too_short,,cutfix_full_tier1_20260729_01,tier1
VCO4vX6QlxM,VCO4vX6QlxM.mp4,35.202,35.87,segment_too_short,,cutfix_full_tier1_20260729_01,tier1
VCO4vX6QlxM,VCO4vX6QlxM.mp4,39.106,41.054,segment_too_short,,cutfix_full_tier1_20260729_01,tier1
VCO4vX6QlxM,VCO4vX6QlxM.mp4,49.634,51.358,segment_too_short,,cutfix_full_tier1_20260729_01,tier1
VCO4vX6QlxM,VCO4vX6QlxM.mp4,71.842,73.278,segment_too_short,,cutfix_full_tier1_20260729_01,tier1
VCO4vX6QlxM,VCO4vX6QlxM.mp4,74.178,75.39,segment_too_short,,cutfix_full_tier1_20260729_01,tier1
VCO4vX6QlxM,VCO4vX6QlxM.mp4,80.802,81.758,segment_too_short,,cutfix_full_tier1_20260729_01,tier1
VCO4vX6QlxM,VCO4vX6QlxM.mp4,90.306,91.806,segment_too_short,,cutfix_full_tier1_20260729_01,tier1
VCO4vX6QlxM,VCO4vX6QlxM.mp4,93.282,94.238,segment_too_short,,cutfix_full_tier1_20260729_01,tier1
VCO4vX6QlxM,VCO4vX6QlxM.mp4,95.202,96.542,segment_too_short,,cutfix_full_tier1_20260729_01,tier1
VCO4vX6QlxM,VCO4vX6QlxM.mp4,96.93,97.758,segment_too_short,,cutfix_full_tier1_20260729_01,tier1
VCO4vX6QlxM,VCO4vX6QlxM.mp4,98.466,99.358,segment_too_short,,cutfix_full_tier1_20260729_01,tier1
VCO4vX6QlxM,VCO4vX6QlxM.mp4,100.226,101.15,segment_too_short,,cutfix_full_tier1_20260729_01,tier1
VCO4vX6QlxM,VCO4vX6QlxM.mp4,103.106,104.094,segment_too_short,,cutfix_full_tier1_20260729_01,tier1
VCO4vX6QlxM,VCO4vX6QlxM.mp4,117.314,118.302,segment_too_short,,cutfix_full_tier1_20260729_01,tier1
VCO4vX6QlxM,VCO4vX6QlxM.mp4,134.114,135.422,segment_too_short,,cutfix_full_tier1_20260729_01,tier1
VCO4vX6QlxM,VCO4vX6QlxM.mp4,136.898,138.334,segment_too_short,,cutfix_full_tier1_20260729_01,tier1
VCO4vX6QlxM,VCO4vX6QlxM.mp4,141.378,142.622,segment_too_short,,cutfix_full_tier1_20260729_01,tier1
VCO4vX6QlxM,VCO4vX6QlxM.mp4,143.714,144.99,segment_too_short,,cutfix_full_tier1_20260729_01,tier1
VCO4vX6QlxM,VCO4vX6QlxM.mp4,145.506,146.59,segment_too_short,,cutfix_full_tier1_20260729_01,tier1
VCO4vX6QlxM,VCO4vX6QlxM.mp4,147.426,148.126,segment_too_short,,cutfix_full_tier1_20260729_01,tier1
VCO4vX6QlxM,VCO4vX6QlxM.mp4,151.522,152.99,segment_too_short,,cutfix_full_tier1_20260729_01,tier1
VCO4vX6QlxM,VCO4vX6QlxM.mp4,163.362,165.31,segment_too_short,,cutfix_full_tier1_20260729_01,tier1
VCO4vX6QlxM,VCO4vX6QlxM.mp4,175.106,176.382,segment_too_short,,cutfix_full_tier1_20260729_01,tier1
VCO4vX6QlxM,VCO4vX6QlxM.mp4,183.298,184.766,segment_too_short,,cutfix_full_tier1_20260729_01,tier1
VCO4vX6QlxM,VCO4vX6QlxM.mp4,194.69,195.998,segment_too_short,,cutfix_full_tier1_20260729_01,tier1
VCO4vX6QlxM,VCO4vX6QlxM.mp4,196.322,197.79,segment_too_short,,cutfix_full_tier1_20260729_01,tier1
VCO4vX6QlxM,VCO4vX6QlxM.mp4,202.37,203.742,segment_too_short,,cutfix_full_tier1_20260729_01,tier1
VCO4vX6QlxM,VCO4vX6QlxM.mp4,204.194,204.894,segment_too_short,,cutfix_full_tier1_20260729_01,tier1
VCO4vX6QlxM,VCO4vX6QlxM.mp4,205.57,207.134,segment_too_short,,cutfix_full_tier1_20260729_01,tier1
VCO4vX6QlxM,VCO4vX6QlxM.mp4,207.714,209.694,segment_too_short,,cutfix_full_tier1_20260729_01,tier1
VCO4vX6QlxM,VCO4vX6QlxM.mp4,210.114,211.07,segment_too_short,,cutfix_full_tier1_20260729_01,tier1
VCO4vX6QlxM,VCO4vX6QlxM.mp4,212.834,214.142,segment_too_short,,cutfix_full_tier1_20260729_01,tier1
VCO4vX6QlxM,VCO4vX6QlxM.mp4,229.73,231.582,segment_too_short,,cutfix_full_tier1_20260729_01,tier1
VCO4vX6QlxM,VCO4vX6QlxM.mp4,252.482,254.046,segment_too_short,,cutfix_full_tier1_20260729_01,tier1
VCO4vX6QlxM,VCO4vX6QlxM.mp4,256.546,257.79,segment_too_short,,cutfix_full_tier1_20260729_01,tier1
VCO4vX6QlxM,VCO4vX6QlxM.mp4,258.434,259.902,segment_too_short,,cutfix_full_tier1_20260729_01,tier1
VCO4vX6QlxM,VCO4vX6QlxM.mp4,260.354,261.566,segment_too_short,,cutfix_full_tier1_20260729_01,tier1
VCO4vX6QlxM,VCO4vX6QlxM.mp4,263.17,264.99,segment_too_short,,cutfix_full_tier1_20260729_01,tier1
VCO4vX6QlxM,VCO4vX6QlxM.mp4,265.09,265.758,segment_too_short,,cutfix_full_tier1_20260729_01,tier1
VCO4vX6QlxM,VCO4vX6QlxM.mp4,265.922,267.134,segment_too_short,,cutfix_full_tier1_20260729_01,tier1
VCO4vX6QlxM,VCO4vX6QlxM.mp4,271.874,273.758,segment_too_short,,cutfix_full_tier1_20260729_01,tier1
VCO4vX6QlxM,VCO4vX6QlxM.mp4,288.962,290.366,segment_too_short,,cutfix_full_tier1_20260729_01,tier1
VCO4vX6QlxM,VCO4vX6QlxM.mp4,296.066,297.534,segment_too_short,,cutfix_full_tier1_20260729_01,tier1
VCO4vX6QlxM,VCO4vX6QlxM.mp4,301.602,303.07,segment_too_short,,cutfix_full_tier1_20260729_01,tier1
VCO4vX6QlxM,VCO4vX6QlxM.mp4,307.81,309.022,segment_too_short,,cutfix_full_tier1_20260729_01,tier1
VCO4vX6QlxM,VCO4vX6QlxM.mp4,313.314,314.11,segment_too_short,,cutfix_full_tier1_20260729_01,tier1
VCO4vX6QlxM,VCO4vX6QlxM.mp4,316.066,317.118,segment_too_short,,cutfix_full_tier1_20260729_01,tier1
VCO4vX6QlxM,VCO4vX6QlxM.mp4,317.506,318.302,segment_too_short,,cutfix_full_tier1_20260729_01,tier1
VCO4vX6QlxM,VCO4vX6QlxM.mp4,318.85,319.262,segment_too_short,,cutfix_full_tier1_20260729_01,tier1
VCO4vX6QlxM,VCO4vX6QlxM.mp4,319.618,321.534,segment_too_short,,cutfix_full_tier1_20260729_01,tier1
VCO4vX6QlxM,VCO4vX6QlxM.mp4,321.634,322.686,segment_too_short,,cutfix_full_tier1_20260729_01,tier1
VCO4vX6QlxM,VCO4vX6QlxM.mp4,327.746,328.414,segment_too_short,,cutfix_full_tier1_20260729_01,tier1
VCO4vX6QlxM,VCO4vX6QlxM.mp4,332.226,333.086,segment_too_short,,cutfix_full_tier1_20260729_01,tier1
VCO4vX6QlxM,VCO4vX6QlxM.mp4,334.338,335.742,segment_too_short,,cutfix_full_tier1_20260729_01,tier1
VCO4vX6QlxM,VCO4vX6QlxM.mp4,341.666,342.846,segment_too_short,,cutfix_full_tier1_20260729_01,tier1
VCO4vX6QlxM,VCO4vX6QlxM.mp4,344.002,345.406,segment_too_short,,cutfix_full_tier1_20260729_01,tier1
VCO4vX6QlxM,VCO4vX6QlxM.mp4,347.714,348.862,segment_too_short,,cutfix_full_tier1_20260729_01,tier1
VCO4vX6QlxM,VCO4vX6QlxM.mp4,353.794,354.174,segment_too_short,,cutfix_full_tier1_20260729_01,tier1
VCO4vX6QlxM,VCO4vX6QlxM.mp4,355.682,357.278,segment_too_short,,cutfix_full_tier1_20260729_01,tier1
VCO4vX6QlxM,VCO4vX6QlxM.mp4,358.146,359.326,segment_too_short,,cutfix_full_tier1_20260729_01,tier1
VCO4vX6QlxM,VCO4vX6QlxM.mp4,360.45,361.342,segment_too_short,,cutfix_full_tier1_20260729_01,tier1
VCO4vX6QlxM,VCO4vX6QlxM.mp4,361.602,362.398,segment_too_short,,cutfix_full_tier1_20260729_01,tier1
VCO4vX6QlxM,VCO4vX6QlxM.mp4,362.562,363.07,segment_too_short,,cutfix_full_tier1_20260729_01,tier1
VCO4vX6QlxM,VCO4vX6QlxM.mp4,364.258,365.086,segment_too_short,,cutfix_full_tier1_20260729_01,tier1
VCO4vX6QlxM,VCO4vX6QlxM.mp4,369.282,371.23,segment_too_short,,cutfix_full_tier1_20260729_01,tier1
VCO4vX6QlxM,VCO4vX6QlxM.mp4,372.834,374.174,segment_too_short,,cutfix_full_tier1_20260729_01,tier1
VCO4vX6QlxM,VCO4vX6QlxM.mp4,398.306,398.654,segment_too_short,,cutfix_full_tier1_20260729_01,tier1
VCO4vX6QlxM,VCO4vX6QlxM.mp4,398.85,399.678,segment_too_short,,cutfix_full_tier1_20260729_01,tier1
VCO4vX6QlxM,VCO4vX6QlxM.mp4,403.618,403.934,segment_too_short,,cutfix_full_tier1_20260729_01,tier1
VCO4vX6QlxM,VCO4vX6QlxM.mp4,404.802,405.31,segment_too_short,,cutfix_full_tier1_20260729_01,tier1
VCO4vX6QlxM,VCO4vX6QlxM.mp4,406.402,408.062,segment_too_short,,cutfix_full_tier1_20260729_01,tier1
VCO4vX6QlxM,VCO4vX6QlxM.mp4,408.194,409.15,segment_too_short,,cutfix_full_tier1_20260729_01,tier1
VCO4vX6QlxM,VCO4vX6QlxM.mp4,409.25,409.694,segment_too_short,,cutfix_full_tier1_20260729_01,tier1
VCO4vX6QlxM,VCO4vX6QlxM.mp4,411.01,412.958,segment_too_short,,cutfix_full_tier1_20260729_01,tier1
VCO4vX6QlxM,VCO4vX6QlxM.mp4,420.034,421.054,segment_too_short,,cutfix_full_tier1_20260729_01,tier1
VCO4vX6QlxM,VCO4vX6QlxM.mp4,425.634,426.27,segment_too_short,,cutfix_full_tier1_20260729_01,tier1
VCO4vX6QlxM,VCO4vX6QlxM.mp4,426.37,427.166,segment_too_short,,cutfix_full_tier1_20260729_01,tier1
VCO4vX6QlxM,VCO4vX6QlxM.mp4,427.49,429.022,segment_too_short,,cutfix_full_tier1_20260729_01,tier1
VCO4vX6QlxM,VCO4vX6QlxM.mp4,433.218,434.974,segment_too_short,,cutfix_full_tier1_20260729_01,tier1
VCO4vX6QlxM,VCO4vX6QlxM.mp4,435.138,436.222,segment_too_short,,cutfix_full_tier1_20260729_01,tier1
VCO4vX6QlxM,VCO4vX6QlxM.mp4,436.418,437.566,segment_too_short,,cutfix_full_tier1_20260729_01,tier1
VCO4vX6QlxM,VCO4vX6QlxM.mp4,437.89,438.814,segment_too_short,,cutfix_full_tier1_20260729_01,tier1
VCO4vX6QlxM,VCO4vX6QlxM.mp4,441.282,443.07,segment_too_short,,cutfix_full_tier1_20260729_01,tier1
VCO4vX6QlxM,VCO4vX6QlxM.mp4,444.514,445.342,segment_too_short,,cutfix_full_tier1_20260729_01,tier1
VMfiHBTDDbc,VMfiHBTDDbc.mp4,19.906,28.606,scene_cut_detected,,cutfix_full_tier1_20260729_01,tier1
VMfiHBTDDbc,VMfiHBTDDbc.mp4,28.738,32.126,face_density_low,,cutfix_full_tier1_20260729_01,tier1
VMfiHBTDDbc,VMfiHBTDDbc.mp4,32.386,34.878,face_density_low,,cutfix_full_tier1_20260729_01,tier1
VMfiHBTDDbc,VMfiHBTDDbc.mp4,34.978,37.662,scene_cut_detected,,cutfix_full_tier1_20260729_01,tier1
VMfiHBTDDbc,VMfiHBTDDbc.mp4,38.018,40.67,face_density_low,,cutfix_full_tier1_20260729_01,tier1
VMfiHBTDDbc,VMfiHBTDDbc.mp4,40.866,47.934,scene_cut_detected,,cutfix_full_tier1_20260729_01,tier1
VMfiHBTDDbc,VMfiHBTDDbc.mp4,48.034,49.438,segment_too_short,,cutfix_full_tier1_20260729_01,tier1
VMfiHBTDDbc,VMfiHBTDDbc.mp4,60.29,66.526,face_density_low,,cutfix_full_tier1_20260729_01,tier1
VMfiHBTDDbc,VMfiHBTDDbc.mp4,66.882,68.318,segment_too_short,,cutfix_full_tier1_20260729_01,tier1
VMfiHBTDDbc,VMfiHBTDDbc.mp4,68.514,75.55,scene_cut_detected,,cutfix_full_tier1_20260729_01,tier1
VMfiHBTDDbc,VMfiHBTDDbc.mp4,75.65,81.246,scene_cut_detected,,cutfix_full_tier1_20260729_01,tier1
VMfiHBTDDbc,VMfiHBTDDbc.mp4,81.474,85.31,face_density_low,,cutfix_full_tier1_20260729_01,tier1
VMfiHBTDDbc,VMfiHBTDDbc.mp4,85.41,87.454,face_density_low,,cutfix_full_tier1_20260729_01,tier1
VMfiHBTDDbc,VMfiHBTDDbc.mp4,87.842,97.598,scene_cut_detected,,cutfix_full_tier1_20260729_01,tier1
VMfiHBTDDbc,VMfiHBTDDbc.mp4,97.698,101.502,scene_cut_detected,,cutfix_full_tier1_20260729_01,tier1
VMfiHBTDDbc,VMfiHBTDDbc.mp4,101.826,105.214,face_density_low,,cutfix_full_tier1_20260729_01,tier1
VMfiHBTDDbc,VMfiHBTDDbc.mp4,105.602,113.758,scene_cut_detected,,cutfix_full_tier1_20260729_01,tier1
VMfiHBTDDbc,VMfiHBTDDbc.mp4,113.986,115.326,segment_too_short,,cutfix_full_tier1_20260729_01,tier1
VMfiHBTDDbc,VMfiHBTDDbc.mp4,115.522,118.398,scene_cut_detected,,cutfix_full_tier1_20260729_01,tier1
VMfiHBTDDbc,VMfiHBTDDbc.mp4,118.498,120.254,segment_too_short,,cutfix_full_tier1_20260729_01,tier1
VMfiHBTDDbc,VMfiHBTDDbc.mp4,120.418,123.39,face_density_low,,cutfix_full_tier1_20260729_01,tier1
VMfiHBTDDbc,VMfiHBTDDbc.mp4,123.618,126.942,face_density_low,,cutfix_full_tier1_20260729_01,tier1
VMfiHBTDDbc,VMfiHBTDDbc.mp4,127.042,132.67,face_density_low,,cutfix_full_tier1_20260729_01,tier1
VMfiHBTDDbc,VMfiHBTDDbc.mp4,133.154,134.718,segment_too_short,,cutfix_full_tier1_20260729_01,tier1
VMfiHBTDDbc,VMfiHBTDDbc.mp4,144.13,150.206,scene_cut_detected,,cutfix_full_tier1_20260729_01,tier1
VMfiHBTDDbc,VMfiHBTDDbc.mp4,150.402,154.014,scene_cut_detected,,cutfix_full_tier1_20260729_01,tier1
VMfiHBTDDbc,VMfiHBTDDbc.mp4,154.114,155.422,segment_too_short,,cutfix_full_tier1_20260729_01,tier1
VMfiHBTDDbc,VMfiHBTDDbc.mp4,155.714,157.854,face_density_low,,cutfix_full_tier1_20260729_01,tier1
VMfiHBTDDbc,VMfiHBTDDbc.mp4,162.018,167.486,face_density_low,,cutfix_full_tier1_20260729_01,tier1
VMfiHBTDDbc,VMfiHBTDDbc.mp4,167.65,174.366,scene_cut_detected,,cutfix_full_tier1_20260729_01,tier1
VMfiHBTDDbc,VMfiHBTDDbc.mp4,174.466,180.254,face_density_low,,cutfix_full_tier1_20260729_01,tier1
VMfiHBTDDbc,VMfiHBTDDbc.mp4,180.418,184.158,face_density_low,,cutfix_full_tier1_20260729_01,tier1
VMfiHBTDDbc,VMfiHBTDDbc.mp4,184.29,185.758,segment_too_short,,cutfix_full_tier1_20260729_01,tier1
VMfiHBTDDbc,VMfiHBTDDbc.mp4,185.922,189.342,face_density_low,,cutfix_full_tier1_20260729_01,tier1
VMfiHBTDDbc,VMfiHBTDDbc.mp4,189.538,193.822,scene_cut_detected,,cutfix_full_tier1_20260729_01,tier1
VMfiHBTDDbc,VMfiHBTDDbc.mp4,194.114,197.118,face_density_low,,cutfix_full_tier1_20260729_01,tier1
VMfiHBTDDbc,VMfiHBTDDbc.mp4,206.242,211.242,scene_cut_detected,,cutfix_full_tier1_20260729_01,tier1
VMfiHBTDDbc,VMfiHBTDDbc.mp4,210.242,215.242,scene_cut_detected,,cutfix_full_tier1_20260729_01,tier1
VMfiHBTDDbc,VMfiHBTDDbc.mp4,214.242,219.242,face_density_low,,cutfix_full_tier1_20260729_01,tier1
VMfiHBTDDbc,VMfiHBTDDbc.mp4,218.242,221.054,scene_cut_detected,,cutfix_full_tier1_20260729_01,tier1
VMfiHBTDDbc,VMfiHBTDDbc.mp4,221.218,224.574,face_density_low,,cutfix_full_tier1_20260729_01,tier1
VMfiHBTDDbc,VMfiHBTDDbc.mp4,224.834,226.558,segment_too_short,,cutfix_full_tier1_20260729_01,tier1
VMfiHBTDDbc,VMfiHBTDDbc.mp4,226.722,228.03,segment_too_short,,cutfix_full_tier1_20260729_01,tier1
VMfiHBTDDbc,VMfiHBTDDbc.mp4,228.13,231.198,scene_cut_detected,,cutfix_full_tier1_20260729_01,tier1
VMfiHBTDDbc,VMfiHBTDDbc.mp4,235.746,240.446,scene_cut_detected,,cutfix_full_tier1_20260729_01,tier1
VMfiHBTDDbc,VMfiHBTDDbc.mp4,240.642,243.71,face_density_low,,cutfix_full_tier1_20260729_01,tier1
VMfiHBTDDbc,VMfiHBTDDbc.mp4,243.874,247.614,face_density_low,,cutfix_full_tier1_20260729_01,tier1
VMfiHBTDDbc,VMfiHBTDDbc.mp4,247.906,252.446,scene_cut_detected,,cutfix_full_tier1_20260729_01,tier1
VMfiHBTDDbc,VMfiHBTDDbc.mp4,252.77,257.982,scene_cut_detected,,cutfix_full_tier1_20260729_01,tier1
VMfiHBTDDbc,VMfiHBTDDbc.mp4,267.17,268.03,segment_too_short,,cutfix_full_tier1_20260729_01,tier1
VR3LDP4mT_c,VR3LDP4mT_c.mp4,4.994,9.994,scene_cut_detected,,cutfix_full_tier1_20260729_01,tier1
VR3LDP4mT_c,VR3LDP4mT_c.mp4,8.994,13.994,scene_cut_detected,,cutfix_full_tier1_20260729_01,tier1
VR3LDP4mT_c,VR3LDP4mT_c.mp4,12.994,17.994,scene_cut_detected,,cutfix_full_tier1_20260729_01,tier1
VR3LDP4mT_c,VR3LDP4mT_c.mp4,57.186,62.186,scene_cut_detected,,cutfix_full_tier1_20260729_01,tier1
VR3LDP4mT_c,VR3LDP4mT_c.mp4,61.186,66.186,scene_cut_detected,,cutfix_full_tier1_20260729_01,tier1
VR3LDP4mT_c,VR3LDP4mT_c.mp4,65.186,70.186,face_density_low,,cutfix_full_tier1_20260729_01,tier1
VR3LDP4mT_c,VR3LDP4mT_c.mp4,69.186,74.186,scene_cut_detected,,cutfix_full_tier1_20260729_01,tier1
VR3LDP4mT_c,VR3LDP4mT_c.mp4,73.186,78.186,scene_cut_detected,,cutfix_full_tier1_20260729_01,tier1
VR3LDP4mT_c,VR3LDP4mT_c.mp4,77.186,82.186,scene_cut_detected,,cutfix_full_tier1_20260729_01,tier1
VR3LDP4mT_c,VR3LDP4mT_c.mp4,81.186,86.186,scene_cut_detected,,cutfix_full_tier1_20260729_01,tier1
VR3LDP4mT_c,VR3LDP4mT_c.mp4,101.058,106.058,scene_cut_detected,,cutfix_full_tier1_20260729_01,tier1
VR3LDP4mT_c,VR3LDP4mT_c.mp4,113.378,114.622,segment_too_short,,cutfix_full_tier1_20260729_01,tier1
VR3LDP4mT_c,VR3LDP4mT_c.mp4,144.226,149.226,scene_cut_detected,,cutfix_full_tier1_20260729_01,tier1
VR3LDP4mT_c,VR3LDP4mT_c.mp4,148.226,151.102,face_density_low,,cutfix_full_tier1_20260729_01,tier1
VR3LDP4mT_c,VR3LDP4mT_c.mp4,151.266,153.854,face_density_low,,cutfix_full_tier1_20260729_01,tier1
VR3LDP4mT_c,VR3LDP4mT_c.mp4,211.842,215.966,scene_cut_detected,,cutfix_full_tier1_20260729_01,tier1
VR3LDP4mT_c,VR3LDP4mT_c.mp4,216.098,221.098,scene_cut_detected,,cutfix_full_tier1_20260729_01,tier1
VR3LDP4mT_c,VR3LDP4mT_c.mp4,224.098,228.606,scene_cut_detected,,cutfix_full_tier1_20260729_01,tier1
VR3LDP4mT_c,VR3LDP4mT_c.mp4,231.33,233.502,scene_cut_detected,,cutfix_full_tier1_20260729_01,tier1
VR3LDP4mT_c,VR3LDP4mT_c.mp4,233.602,234.75,segment_too_short,,cutfix_full_tier1_20260729_01,tier1
VR3LDP4mT_c,VR3LDP4mT_c.mp4,241.506,242.59,segment_too_short,,cutfix_full_tier1_20260729_01,tier1
VR3LDP4mT_c,VR3LDP4mT_c.mp4,242.786,249.054,scene_cut_detected,,cutfix_full_tier1_20260729_01,tier1
VR3LDP4mT_c,VR3LDP4mT_c.mp4,249.154,251.038,segment_too_short,,cutfix_full_tier1_20260729_01,tier1
VR3LDP4mT_c,VR3LDP4mT_c.mp4,255.554,255.966,segment_too_short,,cutfix_full_tier1_20260729_01,tier1
VR3LDP4mT_c,VR3LDP4mT_c.mp4,256.322,261.322,face_density_low,,cutfix_full_tier1_20260729_01,tier1
VR3LDP4mT_c,VR3LDP4mT_c.mp4,268.898,270.718,segment_too_short,,cutfix_full_tier1_20260729_01,tier1
VR3LDP4mT_c,VR3LDP4mT_c.mp4,303.938,308.938,scene_cut_detected,,cutfix_full_tier1_20260729_01,tier1
VR3LDP4mT_c,VR3LDP4mT_c.mp4,335.682,340.382,scene_cut_detected,,cutfix_full_tier1_20260729_01,tier1
VR3LDP4mT_c,VR3LDP4mT_c.mp4,340.546,351.87,scene_cut_detected,,cutfix_full_tier1_20260729_01,tier1
VR3LDP4mT_c,VR3LDP4mT_c.mp4,369.154,370.206,segment_too_short,,cutfix_full_tier1_20260729_01,tier1
VR3LDP4mT_c,VR3LDP4mT_c.mp4,372.45,377.45,scene_cut_detected,,cutfix_full_tier1_20260729_01,tier1
VR3LDP4mT_c,VR3LDP4mT_c.mp4,376.45,381.45,face_density_low,,cutfix_full_tier1_20260729_01,tier1
VR3LDP4mT_c,VR3LDP4mT_c.mp4,384.45,389.45,scene_cut_detected,,cutfix_full_tier1_20260729_01,tier1
VR3LDP4mT_c,VR3LDP4mT_c.mp4,396.802,400.03,face_density_low,,cutfix_full_tier1_20260729_01,tier1
VR3LDP4mT_c,VR3LDP4mT_c.mp4,406.53,408.19,segment_too_short,,cutfix_full_tier1_20260729_01,tier1
VR3LDP4mT_c,VR3LDP4mT_c.mp4,408.386,409.854,segment_too_short,,cutfix_full_tier1_20260729_01,tier1
VR3LDP4mT_c,VR3LDP4mT_c.mp4,409.954,411.55,segment_too_short,,cutfix_full_tier1_20260729_01,tier1
VR3LDP4mT_c,VR3LDP4mT_c.mp4,416.546,418.11,segment_too_short,,cutfix_full_tier1_20260729_01,tier1
VR3LDP4mT_c,VR3LDP4mT_c.mp4,418.242,423.198,scene_cut_detected,,cutfix_full_tier1_20260729_01,tier1
VR3LDP4mT_c,VR3LDP4mT_c.mp4,423.298,424.126,segment_too_short,,cutfix_full_tier1_20260729_01,tier1
VR3LDP4mT_c,VR3LDP4mT_c.mp4,424.386,425.214,segment_too_short,,cutfix_full_tier1_20260729_01,tier1
VR3LDP4mT_c,VR3LDP4mT_c.mp4,425.41,429.054,face_density_low,,cutfix_full_tier1_20260729_01,tier1
VR3LDP4mT_c,VR3LDP4mT_c.mp4,448.546,453.546,scene_cut_detected,,cutfix_full_tier1_20260729_01,tier1
VR3LDP4mT_c,VR3LDP4mT_c.mp4,499.714,501.214,segment_too_short,,cutfix_full_tier1_20260729_01,tier1
VR3LDP4mT_c,VR3LDP4mT_c.mp4,507.298,510.334,scene_cut_detected,,cutfix_full_tier1_20260729_01,tier1
VR3LDP4mT_c,VR3LDP4mT_c.mp4,516.674,523.742,scene_cut_detected,,cutfix_full_tier1_20260729_01,tier1
VR3LDP4mT_c,VR3LDP4mT_c.mp4,524.482,526.302,segment_too_short,,cutfix_full_tier1_20260729_01,tier1
VR3LDP4mT_c,VR3LDP4mT_c.mp4,564.962,565.342,segment_too_short,,cutfix_full_tier1_20260729_01,tier1
VR3LDP4mT_c,VR3LDP4mT_c.mp4,572.866,575.518,face_density_low,,cutfix_full_tier1_20260729_01,tier1
VR3LDP4mT_c,VR3LDP4mT_c.mp4,619.842,620.766,segment_too_short,,cutfix_full_tier1_20260729_01,tier1
VR3LDP4mT_c,VR3LDP4mT_c.mp4,625.442,630.442,scene_cut_detected,,cutfix_full_tier1_20260729_01,tier1
VR3LDP4mT_c,VR3LDP4mT_c.mp4,651.65,656.65,scene_cut_detected,,cutfix_full_tier1_20260729_01,tier1
VR3LDP4mT_c,VR3LDP4mT_c.mp4,655.65,660.65,face_density_low,,cutfix_full_tier1_20260729_01,tier1
VR3LDP4mT_c,VR3LDP4mT_c.mp4,659.65,664.65,scene_cut_detected,,cutfix_full_tier1_20260729_01,tier1
VR3LDP4mT_c,VR3LDP4mT_c.mp4,667.65,670.398,face_density_low,,cutfix_full_tier1_20260729_01,tier1
VSERYLVfH7U,VSERYLVfH7U.mp4,0.034,5.034,scene_cut_detected,,cutfix_full_tier1_20260729_01,tier1
VSERYLVfH7U,VSERYLVfH7U.mp4,4.034,9.034,scene_cut_detected,,cutfix_full_tier1_20260729_01,tier1
VSERYLVfH7U,VSERYLVfH7U.mp4,8.034,13.034,scene_cut_detected,,cutfix_full_tier1_20260729_01,tier1
VSERYLVfH7U,VSERYLVfH7U.mp4,12.034,17.034,scene_cut_detected,,cutfix_full_tier1_20260729_01,tier1
VSERYLVfH7U,VSERYLVfH7U.mp4,16.034,21.034,scene_cut_detected,,cutfix_full_tier1_20260729_01,tier1
VSERYLVfH7U,VSERYLVfH7U.mp4,20.034,24.99,scene_cut_detected,,cutfix_full_tier1_20260729_01,tier1
VSERYLVfH7U,VSERYLVfH7U.mp4,25.218,26.302,segment_too_short,,cutfix_full_tier1_20260729_01,tier1
VSERYLVfH7U,VSERYLVfH7U.mp4,26.402,27.39,segment_too_short,,cutfix_full_tier1_20260729_01,tier1
VSERYLVfH7U,VSERYLVfH7U.mp4,27.49,31.646,scene_cut_detected,,cutfix_full_tier1_20260729_01,tier1
VSERYLVfH7U,VSERYLVfH7U.mp4,31.81,35.262,scene_cut_detected,,cutfix_full_tier1_20260729_01,tier1
VSERYLVfH7U,VSERYLVfH7U.mp4,35.65,36.798,segment_too_short,,cutfix_full_tier1_20260729_01,tier1
VSERYLVfH7U,VSERYLVfH7U.mp4,37.282,42.282,scene_cut_detected,,cutfix_full_tier1_20260729_01,tier1
VSERYLVfH7U,VSERYLVfH7U.mp4,41.282,46.282,scene_cut_detected,,cutfix_full_tier1_20260729_01,tier1
VSERYLVfH7U,VSERYLVfH7U.mp4,49.282,54.282,scene_cut_detected,,cutfix_full_tier1_20260729_01,tier1
VSERYLVfH7U,VSERYLVfH7U.mp4,53.282,58.27,scene_cut_detected,,cutfix_full_tier1_20260729_01,tier1
VSERYLVfH7U,VSERYLVfH7U.mp4,62.69,67.69,scene_cut_detected,,cutfix_full_tier1_20260729_01,tier1
VSERYLVfH7U,VSERYLVfH7U.mp4,66.69,71.69,scene_cut_detected,,cutfix_full_tier1_20260729_01,tier1
VSERYLVfH7U,VSERYLVfH7U.mp4,70.69,75.69,scene_cut_detected,,cutfix_full_tier1_20260729_01,tier1
VSERYLVfH7U,VSERYLVfH7U.mp4,78.69,83.69,scene_cut_detected,,cutfix_full_tier1_20260729_01,tier1
VSERYLVfH7U,VSERYLVfH7U.mp4,82.69,87.69,scene_cut_detected,,cutfix_full_tier1_20260729_01,tier1
VSERYLVfH7U,VSERYLVfH7U.mp4,94.69,99.69,scene_cut_detected,,cutfix_full_tier1_20260729_01,tier1
VSERYLVfH7U,VSERYLVfH7U.mp4,98.69,103.69,scene_cut_detected,,cutfix_full_tier1_20260729_01,tier1
VSERYLVfH7U,VSERYLVfH7U.mp4,102.69,107.69,scene_cut_detected,,cutfix_full_tier1_20260729_01,tier1
VSERYLVfH7U,VSERYLVfH7U.mp4,106.69,111.69,scene_cut_detected,,cutfix_full_tier1_20260729_01,tier1
VSERYLVfH7U,VSERYLVfH7U.mp4,110.69,115.69,scene_cut_detected,,cutfix_full_tier1_20260729_01,tier1
VSERYLVfH7U,VSERYLVfH7U.mp4,116.642,123.87,scene_cut_detected,,cutfix_full_tier1_20260729_01,tier1
VSERYLVfH7U,VSERYLVfH7U.mp4,124.482,135.614,scene_cut_detected,,cutfix_full_tier1_20260729_01,tier1
VSERYLVfH7U,VSERYLVfH7U.mp4,135.746,136.734,segment_too_short,,cutfix_full_tier1_20260729_01,tier1
VSERYLVfH7U,VSERYLVfH7U.mp4,136.834,143.55,scene_cut_detected,,cutfix_full_tier1_20260729_01,tier1
VSERYLVfH7U,VSERYLVfH7U.mp4,149.986,151.71,segment_too_short,,cutfix_full_tier1_20260729_01,tier1
VSERYLVfH7U,VSERYLVfH7U.mp4,152.066,153.822,segment_too_short,,cutfix_full_tier1_20260729_01,tier1
VSERYLVfH7U,VSERYLVfH7U.mp4,154.05,159.05,scene_cut_detected,,cutfix_full_tier1_20260729_01,tier1
VSERYLVfH7U,VSERYLVfH7U.mp4,158.05,163.05,scene_cut_detected,,cutfix_full_tier1_20260729_01,tier1
VSERYLVfH7U,VSERYLVfH7U.mp4,162.05,167.05,scene_cut_detected,,cutfix_full_tier1_20260729_01,tier1
VSERYLVfH7U,VSERYLVfH7U.mp4,166.05,171.05,scene_cut_detected,,cutfix_full_tier1_20260729_01,tier1
VSERYLVfH7U,VSERYLVfH7U.mp4,170.05,174.718,scene_cut_detected,,cutfix_full_tier1_20260729_01,tier1
VSERYLVfH7U,VSERYLVfH7U.mp4,175.01,180.01,scene_cut_detected,,cutfix_full_tier1_20260729_01,tier1
VSERYLVfH7U,VSERYLVfH7U.mp4,179.01,184.01,scene_cut_detected,,cutfix_full_tier1_20260729_01,tier1
VSERYLVfH7U,VSERYLVfH7U.mp4,183.01,188.01,scene_cut_detected,,cutfix_full_tier1_20260729_01,tier1
VSERYLVfH7U,VSERYLVfH7U.mp4,187.01,192.01,scene_cut_detected,,cutfix_full_tier1_20260729_01,tier1
VSERYLVfH7U,VSERYLVfH7U.mp4,191.01,196.01,scene_cut_detected,,cutfix_full_tier1_20260729_01,tier1
VSERYLVfH7U,VSERYLVfH7U.mp4,195.01,200.01,scene_cut_detected,,cutfix_full_tier1_20260729_01,tier1
VSERYLVfH7U,VSERYLVfH7U.mp4,199.01,204.01,scene_cut_detected,,cutfix_full_tier1_20260729_01,tier1
VSERYLVfH7U,VSERYLVfH7U.mp4,203.01,208.01,scene_cut_detected,,cutfix_full_tier1_20260729_01,tier1
VSERYLVfH7U,VSERYLVfH7U.mp4,207.01,212.01,scene_cut_detected,,cutfix_full_tier1_20260729_01,tier1
VSERYLVfH7U,VSERYLVfH7U.mp4,211.01,216.01,scene_cut_detected,,cutfix_full_tier1_20260729_01,tier1
VSERYLVfH7U,VSERYLVfH7U.mp4,215.01,220.01,scene_cut_detected,,cutfix_full_tier1_20260729_01,tier1
VSERYLVfH7U,VSERYLVfH7U.mp4,219.01,224.01,scene_cut_detected,,cutfix_full_tier1_20260729_01,tier1
VSERYLVfH7U,VSERYLVfH7U.mp4,224.418,227.614,scene_cut_detected,,cutfix_full_tier1_20260729_01,tier1
VSERYLVfH7U,VSERYLVfH7U.mp4,227.714,232.714,scene_cut_detected,,cutfix_full_tier1_20260729_01,tier1
VSERYLVfH7U,VSERYLVfH7U.mp4,231.714,236.714,scene_cut_detected,,cutfix_full_tier1_20260729_01,tier1
VSERYLVfH7U,VSERYLVfH7U.mp4,235.714,240.714,scene_cut_detected,,cutfix_full_tier1_20260729_01,tier1
VSERYLVfH7U,VSERYLVfH7U.mp4,239.714,244.714,scene_cut_detected,,cutfix_full_tier1_20260729_01,tier1
VSERYLVfH7U,VSERYLVfH7U.mp4,245.986,250.986,scene_cut_detected,,cutfix_full_tier1_20260729_01,tier1
VSERYLVfH7U,VSERYLVfH7U.mp4,253.986,258.986,scene_cut_detected,,cutfix_full_tier1_20260729_01,tier1
VSERYLVfH7U,VSERYLVfH7U.mp4,257.986,262.986,scene_cut_detected,,cutfix_full_tier1_20260729_01,tier1
VSERYLVfH7U,VSERYLVfH7U.mp4,265.986,270.986,scene_cut_detected,,cutfix_full_tier1_20260729_01,tier1
VSERYLVfH7U,VSERYLVfH7U.mp4,269.986,274.986,scene_cut_detected,,cutfix_full_tier1_20260729_01,tier1
VSERYLVfH7U,VSERYLVfH7U.mp4,273.986,278.986,scene_cut_detected,,cutfix_full_tier1_20260729_01,tier1
VSERYLVfH7U,VSERYLVfH7U.mp4,277.986,282.986,scene_cut_detected,,cutfix_full_tier1_20260729_01,tier1
VSERYLVfH7U,VSERYLVfH7U.mp4,281.986,286.986,scene_cut_detected,,cutfix_full_tier1_20260729_01,tier1
VSERYLVfH7U,VSERYLVfH7U.mp4,285.986,289.758,scene_cut_detected,,cutfix_full_tier1_20260729_01,tier1
VSERYLVfH7U,VSERYLVfH7U.mp4,290.018,295.018,scene_cut_detected,,cutfix_full_tier1_20260729_01,tier1
VSERYLVfH7U,VSERYLVfH7U.mp4,294.018,299.018,scene_cut_detected,,cutfix_full_tier1_20260729_01,tier1
VSERYLVfH7U,VSERYLVfH7U.mp4,298.018,303.018,scene_cut_detected,,cutfix_full_tier1_20260729_01,tier1
VSERYLVfH7U,VSERYLVfH7U.mp4,302.018,307.018,scene_cut_detected,,cutfix_full_tier1_20260729_01,tier1
VSERYLVfH7U,VSERYLVfH7U.mp4,306.018,309.598,scene_cut_detected,,cutfix_full_tier1_20260729_01,tier1
VSERYLVfH7U,VSERYLVfH7U.mp4,309.698,314.698,scene_cut_detected,,cutfix_full_tier1_20260729_01,tier1
VSERYLVfH7U,VSERYLVfH7U.mp4,313.698,318.698,scene_cut_detected,,cutfix_full_tier1_20260729_01,tier1
VSERYLVfH7U,VSERYLVfH7U.mp4,317.698,322.698,scene_cut_detected,,cutfix_full_tier1_20260729_01,tier1
VSERYLVfH7U,VSERYLVfH7U.mp4,321.698,326.698,scene_cut_detected,,cutfix_full_tier1_20260729_01,tier1
VSERYLVfH7U,VSERYLVfH7U.mp4,325.698,330.698,scene_cut_detected,,cutfix_full_tier1_20260729_01,tier1
VSERYLVfH7U,VSERYLVfH7U.mp4,329.698,334.698,scene_cut_detected,,cutfix_full_tier1_20260729_01,tier1
VSERYLVfH7U,VSERYLVfH7U.mp4,335.074,337.054,segment_too_short,,cutfix_full_tier1_20260729_01,tier1
VSERYLVfH7U,VSERYLVfH7U.mp4,337.218,338.974,segment_too_short,,cutfix_full_tier1_20260729_01,tier1
VSERYLVfH7U,VSERYLVfH7U.mp4,339.426,341.022,segment_too_short,,cutfix_full_tier1_20260729_01,tier1
VSERYLVfH7U,VSERYLVfH7U.mp4,341.122,352.862,scene_cut_detected,,cutfix_full_tier1_20260729_01,tier1
VSERYLVfH7U,VSERYLVfH7U.mp4,352.994,355.934,scene_cut_detected,,cutfix_full_tier1_20260729_01,tier1
VSERYLVfH7U,VSERYLVfH7U.mp4,356.162,360.318,scene_cut_detected,,cutfix_full_tier1_20260729_01,tier1
VSERYLVfH7U,VSERYLVfH7U.mp4,360.482,368.766,scene_cut_detected,,cutfix_full_tier1_20260729_01,tier1
VSERYLVfH7U,VSERYLVfH7U.mp4,368.898,373.898,scene_cut_detected,,cutfix_full_tier1_20260729_01,tier1
VSERYLVfH7U,VSERYLVfH7U.mp4,372.898,377.898,scene_cut_detected,,cutfix_full_tier1_20260729_01,tier1
VSERYLVfH7U,VSERYLVfH7U.mp4,376.898,381.898,scene_cut_detected,,cutfix_full_tier1_20260729_01,tier1
VSERYLVfH7U,VSERYLVfH7U.mp4,380.898,385.898,scene_cut_detected,,cutfix_full_tier1_20260729_01,tier1
VSERYLVfH7U,VSERYLVfH7U.mp4,384.898,389.898,scene_cut_detected,,cutfix_full_tier1_20260729_01,tier1
VSERYLVfH7U,VSERYLVfH7U.mp4,391.778,396.778,scene_cut_detected,,cutfix_full_tier1_20260729_01,tier1
VSERYLVfH7U,VSERYLVfH7U.mp4,395.778,400.778,scene_cut_detected,,cutfix_full_tier1_20260729_01,tier1
VSERYLVfH7U,VSERYLVfH7U.mp4,399.778,404.778,scene_cut_detected,,cutfix_full_tier1_20260729_01,tier1
VSERYLVfH7U,VSERYLVfH7U.mp4,403.778,407.102,scene_cut_detected,,cutfix_full_tier1_20260729_01,tier1
VSERYLVfH7U,VSERYLVfH7U.mp4,411.362,420.51,scene_cut_detected,,cutfix_full_tier1_20260729_01,tier1
VSERYLVfH7U,VSERYLVfH7U.mp4,420.834,426.846,scene_cut_detected,,cutfix_full_tier1_20260729_01,tier1
VSERYLVfH7U,VSERYLVfH7U.mp4,426.978,435.102,scene_cut_detected,,cutfix_full_tier1_20260729_01,tier1
VSERYLVfH7U,VSERYLVfH7U.mp4,439.746,441.15,segment_too_short,,cutfix_full_tier1_20260729_01,tier1
VSERYLVfH7U,VSERYLVfH7U.mp4,444.226,449.226,scene_cut_detected,,cutfix_full_tier1_20260729_01,tier1
VSERYLVfH7U,VSERYLVfH7U.mp4,448.226,453.226,scene_cut_detected,,cutfix_full_tier1_20260729_01,tier1
VSERYLVfH7U,VSERYLVfH7U.mp4,452.226,457.226,scene_cut_detected,,cutfix_full_tier1_20260729_01,tier1
VSERYLVfH7U,VSERYLVfH7U.mp4,456.226,459.774,scene_cut_detected,,cutfix_full_tier1_20260729_01,tier1
VSERYLVfH7U,VSERYLVfH7U.mp4,459.874,464.874,scene_cut_detected,,cutfix_full_tier1_20260729_01,tier1
VSERYLVfH7U,VSERYLVfH7U.mp4,463.874,468.874,scene_cut_detected,,cutfix_full_tier1_20260729_01,tier1
VSERYLVfH7U,VSERYLVfH7U.mp4,467.874,472.19,scene_cut_detected,,cutfix_full_tier1_20260729_01,tier1
VSERYLVfH7U,VSERYLVfH7U.mp4,472.418,473.502,segment_too_short,,cutfix_full_tier1_20260729_01,tier1
VSERYLVfH7U,VSERYLVfH7U.mp4,473.602,474.59,segment_too_short,,cutfix_full_tier1_20260729_01,tier1
VSERYLVfH7U,VSERYLVfH7U.mp4,474.69,478.846,scene_cut_detected,,cutfix_full_tier1_20260729_01,tier1
VSERYLVfH7U,VSERYLVfH7U.mp4,482.85,483.998,segment_too_short,,cutfix_full_tier1_20260729_01,tier1
VSERYLVfH7U,VSERYLVfH7U.mp4,484.482,489.482,scene_cut_detected,,cutfix_full_tier1_20260729_01,tier1
VSERYLVfH7U,VSERYLVfH7U.mp4,488.482,493.482,scene_cut_detected,,cutfix_full_tier1_20260729_01,tier1
VSERYLVfH7U,VSERYLVfH7U.mp4,492.482,497.482,scene_cut_detected,,cutfix_full_tier1_20260729_01,tier1
VSERYLVfH7U,VSERYLVfH7U.mp4,496.482,501.482,scene_cut_detected,,cutfix_full_tier1_20260729_01,tier1
VSERYLVfH7U,VSERYLVfH7U.mp4,500.482,505.47,scene_cut_detected,,cutfix_full_tier1_20260729_01,tier1
VSERYLVfH7U,VSERYLVfH7U.mp4,505.89,512.99,scene_cut_detected,,cutfix_full_tier1_20260729_01,tier1
VSERYLVfH7U,VSERYLVfH7U.mp4,513.09,518.09,scene_cut_detected,,cutfix_full_tier1_20260729_01,tier1
VSERYLVfH7U,VSERYLVfH7U.mp4,517.09,522.09,scene_cut_detected,,cutfix_full_tier1_20260729_01,tier1
VSERYLVfH7U,VSERYLVfH7U.mp4,521.09,526.09,scene_cut_detected,,cutfix_full_tier1_20260729_01,tier1
VSERYLVfH7U,VSERYLVfH7U.mp4,525.09,530.09,scene_cut_detected,,cutfix_full_tier1_20260729_01,tier1
VSERYLVfH7U,VSERYLVfH7U.mp4,529.09,534.09,scene_cut_detected,,cutfix_full_tier1_20260729_01,tier1
VSERYLVfH7U,VSERYLVfH7U.mp4,533.09,538.09,scene_cut_detected,,cutfix_full_tier1_20260729_01,tier1
VSERYLVfH7U,VSERYLVfH7U.mp4,541.09,546.09,scene_cut_detected,,cutfix_full_tier1_20260729_01,tier1
VSERYLVfH7U,VSERYLVfH7U.mp4,545.09,550.09,scene_cut_detected,,cutfix_full_tier1_20260729_01,tier1
VSERYLVfH7U,VSERYLVfH7U.mp4,549.09,554.09,scene_cut_detected,,cutfix_full_tier1_20260729_01,tier1
VSERYLVfH7U,VSERYLVfH7U.mp4,553.09,558.09,scene_cut_detected,,cutfix_full_tier1_20260729_01,tier1
VSERYLVfH7U,VSERYLVfH7U.mp4,557.09,562.09,scene_cut_detected,,cutfix_full_tier1_20260729_01,tier1
VSERYLVfH7U,VSERYLVfH7U.mp4,563.842,571.07,scene_cut_detected,,cutfix_full_tier1_20260729_01,tier1
VSERYLVfH7U,VSERYLVfH7U.mp4,571.682,582.782,scene_cut_detected,,cutfix_full_tier1_20260729_01,tier1
VSERYLVfH7U,VSERYLVfH7U.mp4,582.946,583.934,segment_too_short,,cutfix_full_tier1_20260729_01,tier1
VSERYLVfH7U,VSERYLVfH7U.mp4,584.034,590.75,scene_cut_detected,,cutfix_full_tier1_20260729_01,tier1
VSERYLVfH7U,VSERYLVfH7U.mp4,590.914,594.942,scene_cut_detected,,cutfix_full_tier1_20260729_01,tier1
VSERYLVfH7U,VSERYLVfH7U.mp4,595.202,603.902,scene_cut_detected,,cutfix_full_tier1_20260729_01,tier1
VSERYLVfH7U,VSERYLVfH7U.mp4,609.474,610.078,segment_too_short,,cutfix_full_tier1_20260729_01,tier1
VSERYLVfH7U,VSERYLVfH7U.mp4,612.674,617.674,scene_cut_detected,,cutfix_full_tier1_20260729_01,tier1
VSERYLVfH7U,VSERYLVfH7U.mp4,620.674,625.674,scene_cut_detected,,cutfix_full_tier1_20260729_01,tier1
VSERYLVfH7U,VSERYLVfH7U.mp4,624.674,629.674,scene_cut_detected,,cutfix_full_tier1_20260729_01,tier1
VSERYLVfH7U,VSERYLVfH7U.mp4,628.674,633.674,scene_cut_detected,,cutfix_full_tier1_20260729_01,tier1
VSERYLVfH7U,VSERYLVfH7U.mp4,632.674,635.678,scene_cut_detected,,cutfix_full_tier1_20260729_01,tier1
VSERYLVfH7U,VSERYLVfH7U.mp4,635.81,637.086,segment_too_short,,cutfix_full_tier1_20260729_01,tier1
VSERYLVfH7U,VSERYLVfH7U.mp4,637.57,639.806,scene_cut_detected,,cutfix_full_tier1_20260729_01,tier1
VSERYLVfH7U,VSERYLVfH7U.mp4,640.066,647.39,scene_cut_detected,,cutfix_full_tier1_20260729_01,tier1
VSERYLVfH7U,VSERYLVfH7U.mp4,647.554,652.554,scene_cut_detected,,cutfix_full_tier1_20260729_01,tier1
VSERYLVfH7U,VSERYLVfH7U.mp4,651.554,656.554,scene_cut_detected,,cutfix_full_tier1_20260729_01,tier1
VSERYLVfH7U,VSERYLVfH7U.mp4,655.554,660.554,scene_cut_detected,,cutfix_full_tier1_20260729_01,tier1
VSERYLVfH7U,VSERYLVfH7U.mp4,659.554,664.554,scene_cut_detected,,cutfix_full_tier1_20260729_01,tier1
VSERYLVfH7U,VSERYLVfH7U.mp4,663.554,667.07,scene_cut_detected,,cutfix_full_tier1_20260729_01,tier1
VSERYLVfH7U,VSERYLVfH7U.mp4,667.202,668.126,segment_too_short,,cutfix_full_tier1_20260729_01,tier1
VSERYLVfH7U,VSERYLVfH7U.mp4,674.306,677.598,scene_cut_detected,,cutfix_full_tier1_20260729_01,tier1
VSERYLVfH7U,VSERYLVfH7U.mp4,677.73,679.71,segment_too_short,,cutfix_full_tier1_20260729_01,tier1
VSERYLVfH7U,VSERYLVfH7U.mp4,679.938,684.938,scene_cut_detected,,cutfix_full_tier1_20260729_01,tier1
VSERYLVfH7U,VSERYLVfH7U.mp4,683.938,688.938,scene_cut_detected,,cutfix_full_tier1_20260729_01,tier1
VSERYLVfH7U,VSERYLVfH7U.mp4,687.938,692.938,scene_cut_detected,,cutfix_full_tier1_20260729_01,tier1
VSERYLVfH7U,VSERYLVfH7U.mp4,691.938,696.938,scene_cut_detected,,cutfix_full_tier1_20260729_01,tier1
VSERYLVfH7U,VSERYLVfH7U.mp4,695.938,700.734,scene_cut_detected,,cutfix_full_tier1_20260729_01,tier1
VSERYLVfH7U,VSERYLVfH7U.mp4,700.898,703.038,scene_cut_detected,,cutfix_full_tier1_20260729_01,tier1
VSERYLVfH7U,VSERYLVfH7U.mp4,703.17,710.494,scene_cut_detected,,cutfix_full_tier1_20260729_01,tier1
VSERYLVfH7U,VSERYLVfH7U.mp4,710.754,712.03,segment_too_short,,cutfix_full_tier1_20260729_01,tier1
VSERYLVfH7U,VSERYLVfH7U.mp4,712.194,715.742,scene_cut_detected,,cutfix_full_tier1_20260729_01,tier1
VSERYLVfH7U,VSERYLVfH7U.mp4,715.906,717.726,segment_too_short,,cutfix_full_tier1_20260729_01,tier1
VSERYLVfH7U,VSERYLVfH7U.mp4,717.826,722.826,scene_cut_detected,,cutfix_full_tier1_20260729_01,tier1
VSERYLVfH7U,VSERYLVfH7U.mp4,721.826,726.826,scene_cut_detected,,cutfix_full_tier1_20260729_01,tier1
VSERYLVfH7U,VSERYLVfH7U.mp4,725.826,729.982,scene_cut_detected,,cutfix_full_tier1_20260729_01,tier1
VSERYLVfH7U,VSERYLVfH7U.mp4,730.53,731.518,segment_too_short,,cutfix_full_tier1_20260729_01,tier1
VSERYLVfH7U,VSERYLVfH7U.mp4,731.874,733.054,segment_too_short,,cutfix_full_tier1_20260729_01,tier1
VSERYLVfH7U,VSERYLVfH7U.mp4,736.706,738.302,segment_too_short,,cutfix_full_tier1_20260729_01,tier1
VSERYLVfH7U,VSERYLVfH7U.mp4,738.498,740.414,segment_too_short,,cutfix_full_tier1_20260729_01,tier1
VSERYLVfH7U,VSERYLVfH7U.mp4,748.674,754.942,scene_cut_detected,,cutfix_full_tier1_20260729_01,tier1
VSERYLVfH7U,VSERYLVfH7U.mp4,755.426,760.426,scene_cut_detected,,cutfix_full_tier1_20260729_01,tier1
VSERYLVfH7U,VSERYLVfH7U.mp4,763.426,768.426,scene_cut_detected,,cutfix_full_tier1_20260729_01,tier1
VSERYLVfH7U,VSERYLVfH7U.mp4,767.426,772.426,scene_cut_detected,,cutfix_full_tier1_20260729_01,tier1
VSERYLVfH7U,VSERYLVfH7U.mp4,771.426,775.582,scene_cut_detected,,cutfix_full_tier1_20260729_01,tier1
VSERYLVfH7U,VSERYLVfH7U.mp4,775.746,778.366,scene_cut_detected,,cutfix_full_tier1_20260729_01,tier1
VSERYLVfH7U,VSERYLVfH7U.mp4,778.722,780.126,segment_too_short,,cutfix_full_tier1_20260729_01,tier1
VSERYLVfH7U,VSERYLVfH7U.mp4,780.322,782.11,segment_too_short,,cutfix_full_tier1_20260729_01,tier1
VSERYLVfH7U,VSERYLVfH7U.mp4,785.41,787.198,segment_too_short,,cutfix_full_tier1_20260729_01,tier1
VSERYLVfH7U,VSERYLVfH7U.mp4,787.362,788.99,segment_too_short,,cutfix_full_tier1_20260729_01,tier1
VSERYLVfH7U,VSERYLVfH7U.mp4,789.25,794.25,scene_cut_detected,,cutfix_full_tier1_20260729_01,tier1
VSERYLVfH7U,VSERYLVfH7U.mp4,793.25,798.25,scene_cut_detected,,cutfix_full_tier1_20260729_01,tier1
VSERYLVfH7U,VSERYLVfH7U.mp4,797.25,802.25,scene_cut_detected,,cutfix_full_tier1_20260729_01,tier1
VSERYLVfH7U,VSERYLVfH7U.mp4,801.25,806.25,scene_cut_detected,,cutfix_full_tier1_20260729_01,tier1
VSERYLVfH7U,VSERYLVfH7U.mp4,805.25,810.25,scene_cut_detected,,cutfix_full_tier1_20260729_01,tier1
VSERYLVfH7U,VSERYLVfH7U.mp4,809.25,812.798,scene_cut_detected,,cutfix_full_tier1_20260729_01,tier1
VSERYLVfH7U,VSERYLVfH7U.mp4,813.058,819.678,scene_cut_detected,,cutfix_full_tier1_20260729_01,tier1
VSERYLVfH7U,VSERYLVfH7U.mp4,820.098,820.766,segment_too_short,,cutfix_full_tier1_20260729_01,tier1
VSERYLVfH7U,VSERYLVfH7U.mp4,820.898,827.71,scene_cut_detected,,cutfix_full_tier1_20260729_01,tier1
VSERYLVfH7U,VSERYLVfH7U.mp4,828.034,832.574,scene_cut_detected,,cutfix_full_tier1_20260729_01,tier1
VSERYLVfH7U,VSERYLVfH7U.mp4,832.738,843.806,scene_cut_detected,,cutfix_full_tier1_20260729_01,tier1
VSERYLVfH7U,VSERYLVfH7U.mp4,843.938,848.938,scene_cut_detected,,cutfix_full_tier1_20260729_01,tier1
VSERYLVfH7U,VSERYLVfH7U.mp4,847.938,852.938,scene_cut_detected,,cutfix_full_tier1_20260729_01,tier1
VSERYLVfH7U,VSERYLVfH7U.mp4,851.938,856.938,scene_cut_detected,,cutfix_full_tier1_20260729_01,tier1
VSERYLVfH7U,VSERYLVfH7U.mp4,858.786,860.222,segment_too_short,,cutfix_full_tier1_20260729_01,tier1
VSERYLVfH7U,VSERYLVfH7U.mp4,860.354,860.798,segment_too_short,,cutfix_full_tier1_20260729_01,tier1
VSERYLVfH7U,VSERYLVfH7U.mp4,861.186,866.186,scene_cut_detected,,cutfix_full_tier1_20260729_01,tier1
VSERYLVfH7U,VSERYLVfH7U.mp4,865.186,870.186,scene_cut_detected,,cutfix_full_tier1_20260729_01,tier1
VSERYLVfH7U,VSERYLVfH7U.mp4,869.186,874.186,scene_cut_detected,,cutfix_full_tier1_20260729_01,tier1
VSERYLVfH7U,VSERYLVfH7U.mp4,873.186,878.186,scene_cut_detected,,cutfix_full_tier1_20260729_01,tier1
VSERYLVfH7U,VSERYLVfH7U.mp4,878.53,883.454,scene_cut_detected,,cutfix_full_tier1_20260729_01,tier1
VSERYLVfH7U,VSERYLVfH7U.mp4,883.554,890.494,scene_cut_detected,,cutfix_full_tier1_20260729_01,tier1
VSERYLVfH7U,VSERYLVfH7U.mp4,890.626,897.438,scene_cut_detected,,cutfix_full_tier1_20260729_01,tier1
VSERYLVfH7U,VSERYLVfH7U.mp4,897.826,900.03,scene_cut_detected,,cutfix_full_tier1_20260729_01,tier1
VSERYLVfH7U,VSERYLVfH7U.mp4,900.226,905.226,scene_cut_detected,,cutfix_full_tier1_20260729_01,tier1
VSERYLVfH7U,VSERYLVfH7U.mp4,904.226,909.226,scene_cut_detected,,cutfix_full_tier1_20260729_01,tier1
VSERYLVfH7U,VSERYLVfH7U.mp4,908.226,913.226,scene_cut_detected,,cutfix_full_tier1_20260729_01,tier1
VSERYLVfH7U,VSERYLVfH7U.mp4,912.226,917.226,scene_cut_detected,,cutfix_full_tier1_20260729_01,tier1
VSERYLVfH7U,VSERYLVfH7U.mp4,916.226,921.226,scene_cut_detected,,cutfix_full_tier1_20260729_01,tier1
VSERYLVfH7U,VSERYLVfH7U.mp4,920.226,925.226,scene_cut_detected,,cutfix_full_tier1_20260729_01,tier1
VSERYLVfH7U,VSERYLVfH7U.mp4,924.226,928.35,scene_cut_detected,,cutfix_full_tier1_20260729_01,tier1
VSERYLVfH7U,VSERYLVfH7U.mp4,928.514,938.238,scene_cut_detected,,cutfix_full_tier1_20260729_01,tier1
VSERYLVfH7U,VSERYLVfH7U.mp4,944.93,947.806,scene_cut_detected,,cutfix_full_tier1_20260729_01,tier1
VSERYLVfH7U,VSERYLVfH7U.mp4,948.13,948.99,segment_too_short,,cutfix_full_tier1_20260729_01,tier1
VSERYLVfH7U,VSERYLVfH7U.mp4,952.034,953.15,segment_too_short,,cutfix_full_tier1_20260729_01,tier1
VSERYLVfH7U,VSERYLVfH7U.mp4,953.41,954.398,segment_too_short,,cutfix_full_tier1_20260729_01,tier1
VSERYLVfH7U,VSERYLVfH7U.mp4,955.042,956.926,segment_too_short,,cutfix_full_tier1_20260729_01,tier1
VSERYLVfH7U,VSERYLVfH7U.mp4,958.338,963.902,scene_cut_detected,,cutfix_full_tier1_20260729_01,tier1
VYotaqBOWkI,VYotaqBOWkI.mp4,12.066,13.918,segment_too_short,,cutfix_full_tier1_20260729_01,tier1
VYotaqBOWkI,VYotaqBOWkI.mp4,17.058,18.046,segment_too_short,,cutfix_full_tier1_20260729_01,tier1
VYotaqBOWkI,VYotaqBOWkI.mp4,18.274,19.87,segment_too_short,,cutfix_full_tier1_20260729_01,tier1
VYotaqBOWkI,VYotaqBOWkI.mp4,24.61,25.886,segment_too_short,,cutfix_full_tier1_20260729_01,tier1
VYotaqBOWkI,VYotaqBOWkI.mp4,26.05,27.518,segment_too_short,,cutfix_full_tier1_20260729_01,tier1
VYotaqBOWkI,VYotaqBOWkI.mp4,27.874,29.31,segment_too_short,,cutfix_full_tier1_20260729_01,tier1
VYotaqBOWkI,VYotaqBOWkI.mp4,34.21,35.71,segment_too_short,,cutfix_full_tier1_20260729_01,tier1
VYotaqBOWkI,VYotaqBOWkI.mp4,35.938,37.886,segment_too_short,,cutfix_full_tier1_20260729_01,tier1
VYotaqBOWkI,VYotaqBOWkI.mp4,43.33,45.054,segment_too_short,,cutfix_full_tier1_20260729_01,tier1
VYotaqBOWkI,VYotaqBOWkI.mp4,45.186,46.942,segment_too_short,,cutfix_full_tier1_20260729_01,tier1
VYotaqBOWkI,VYotaqBOWkI.mp4,47.042,48.318,segment_too_short,,cutfix_full_tier1_20260729_01,tier1
VYotaqBOWkI,VYotaqBOWkI.mp4,48.418,49.342,segment_too_short,,cutfix_full_tier1_20260729_01,tier1
VYotaqBOWkI,VYotaqBOWkI.mp4,49.474,51.038,segment_too_short,,cutfix_full_tier1_20260729_01,tier1
VYotaqBOWkI,VYotaqBOWkI.mp4,71.618,72.446,segment_too_short,,cutfix_full_tier1_20260729_01,tier1
VYotaqBOWkI,VYotaqBOWkI.mp4,72.546,72.926,segment_too_short,,cutfix_full_tier1_20260729_01,tier1
VYotaqBOWkI,VYotaqBOWkI.mp4,73.122,73.502,segment_too_short,,cutfix_full_tier1_20260729_01,tier1
VYotaqBOWkI,VYotaqBOWkI.mp4,82.05,82.494,segment_too_short,,cutfix_full_tier1_20260729_01,tier1
VYotaqBOWkI,VYotaqBOWkI.mp4,82.818,85.086,scene_cut_detected,,cutfix_full_tier1_20260729_01,tier1
VYotaqBOWkI,VYotaqBOWkI.mp4,85.282,86.366,segment_too_short,,cutfix_full_tier1_20260729_01,tier1
VYotaqBOWkI,VYotaqBOWkI.mp4,86.914,87.71,segment_too_short,,cutfix_full_tier1_20260729_01,tier1
VYotaqBOWkI,VYotaqBOWkI.mp4,87.842,88.606,segment_too_short,,cutfix_full_tier1_20260729_01,tier1
VYotaqBOWkI,VYotaqBOWkI.mp4,88.77,89.982,segment_too_short,,cutfix_full_tier1_20260729_01,tier1
VYotaqBOWkI,VYotaqBOWkI.mp4,90.114,91.326,segment_too_short,,cutfix_full_tier1_20260729_01,tier1
VYotaqBOWkI,VYotaqBOWkI.mp4,91.49,92.862,segment_too_short,,cutfix_full_tier1_20260729_01,tier1
VYotaqBOWkI,VYotaqBOWkI.mp4,93.122,94.654,segment_too_short,,cutfix_full_tier1_20260729_01,tier1
VYotaqBOWkI,VYotaqBOWkI.mp4,94.978,95.454,segment_too_short,,cutfix_full_tier1_20260729_01,tier1
VYotaqBOWkI,VYotaqBOWkI.mp4,95.618,96.99,segment_too_short,,cutfix_full_tier1_20260729_01,tier1
VYotaqBOWkI,VYotaqBOWkI.mp4,97.282,100.19,scene_cut_detected,,cutfix_full_tier1_20260729_01,tier1
VYotaqBOWkI,VYotaqBOWkI.mp4,100.61,102.334,segment_too_short,,cutfix_full_tier1_20260729_01,tier1
VYotaqBOWkI,VYotaqBOWkI.mp4,102.69,105.694,face_density_low,,cutfix_full_tier1_20260729_01,tier1
VYotaqBOWkI,VYotaqBOWkI.mp4,106.946,108.83,segment_too_short,,cutfix_full_tier1_20260729_01,tier1
VYotaqBOWkI,VYotaqBOWkI.mp4,116.834,120.862,scene_cut_detected,,cutfix_full_tier1_20260729_01,tier1
VYotaqBOWkI,VYotaqBOWkI.mp4,121.282,123.55,face_density_low,,cutfix_full_tier1_20260729_01,tier1
VYotaqBOWkI,VYotaqBOWkI.mp4,123.938,125.662,segment_too_short,,cutfix_full_tier1_20260729_01,tier1
VYotaqBOWkI,VYotaqBOWkI.mp4,125.762,129.47,face_density_low,,cutfix_full_tier1_20260729_01,tier1
VYotaqBOWkI,VYotaqBOWkI.mp4,129.602,131.358,segment_too_short,,cutfix_full_tier1_20260729_01,tier1
VYotaqBOWkI,VYotaqBOWkI.mp4,131.49,134.302,face_density_low,,cutfix_full_tier1_20260729_01,tier1
VYotaqBOWkI,VYotaqBOWkI.mp4,134.402,136.286,segment_too_short,,cutfix_full_tier1_20260729_01,tier1
VYotaqBOWkI,VYotaqBOWkI.mp4,136.514,138.558,face_density_low,,cutfix_full_tier1_20260729_01,tier1
VYotaqBOWkI,VYotaqBOWkI.mp4,139.074,139.422,segment_too_short,,cutfix_full_tier1_20260729_01,tier1
VYotaqBOWkI,VYotaqBOWkI.mp4,139.746,140.862,segment_too_short,,cutfix_full_tier1_20260729_01,tier1
VYotaqBOWkI,VYotaqBOWkI.mp4,141.186,142.494,segment_too_short,,cutfix_full_tier1_20260729_01,tier1
VYotaqBOWkI,VYotaqBOWkI.mp4,142.786,143.71,segment_too_short,,cutfix_full_tier1_20260729_01,tier1
VYotaqBOWkI,VYotaqBOWkI.mp4,144.546,145.982,segment_too_short,,cutfix_full_tier1_20260729_01,tier1
VYotaqBOWkI,VYotaqBOWkI.mp4,160.386,161.534,segment_too_short,,cutfix_full_tier1_20260729_01,tier1
VYotaqBOWkI,VYotaqBOWkI.mp4,177.858,179.774,segment_too_short,,cutfix_full_tier1_20260729_01,tier1
VYotaqBOWkI,VYotaqBOWkI.mp4,180.066,183.646,scene_cut_detected,,cutfix_full_tier1_20260729_01,tier1
VYotaqBOWkI,VYotaqBOWkI.mp4,183.97,184.606,segment_too_short,,cutfix_full_tier1_20260729_01,tier1
VYotaqBOWkI,VYotaqBOWkI.mp4,187.618,189.022,segment_too_short,,cutfix_full_tier1_20260729_01,tier1
VYotaqBOWkI,VYotaqBOWkI.mp4,189.25,190.142,segment_too_short,,cutfix_full_tier1_20260729_01,tier1
VYotaqBOWkI,VYotaqBOWkI.mp4,190.658,192.19,segment_too_short,,cutfix_full_tier1_20260729_01,tier1
VYotaqBOWkI,VYotaqBOWkI.mp4,196.29,197.214,segment_too_short,,cutfix_full_tier1_20260729_01,tier1
VYotaqBOWkI,VYotaqBOWkI.mp4,197.826,199.774,segment_too_short,,cutfix_full_tier1_20260729_01,tier1
VYotaqBOWkI,VYotaqBOWkI.mp4,200.034,200.734,segment_too_short,,cutfix_full_tier1_20260729_01,tier1
VYotaqBOWkI,VYotaqBOWkI.mp4,200.866,211.678,scene_cut_detected,,cutfix_full_tier1_20260729_01,tier1
VYotaqBOWkI,VYotaqBOWkI.mp4,215.906,226.398,scene_cut_detected,,cutfix_full_tier1_20260729_01,tier1
VYotaqBOWkI,VYotaqBOWkI.mp4,226.594,227.998,segment_too_short,,cutfix_full_tier1_20260729_01,tier1
VYotaqBOWkI,VYotaqBOWkI.mp4,228.706,237.566,scene_cut_detected,,cutfix_full_tier1_20260729_01,tier1
VYotaqBOWkI,VYotaqBOWkI.mp4,238.05,239.55,segment_too_short,,cutfix_full_tier1_20260729_01,tier1
VYotaqBOWkI,VYotaqBOWkI.mp4,245.058,246.814,segment_too_short,,cutfix_full_tier1_20260729_01,tier1
VYotaqBOWkI,VYotaqBOWkI.mp4,250.69,259.71,scene_cut_detected,,cutfix_full_tier1_20260729_01,tier1
VYotaqBOWkI,VYotaqBOWkI.mp4,273.41,274.11,segment_too_short,,cutfix_full_tier1_20260729_01,tier1
VYotaqBOWkI,VYotaqBOWkI.mp4,274.69,279.166,scene_cut_detected,,cutfix_full_tier1_20260729_01,tier1
VYotaqBOWkI,VYotaqBOWkI.mp4,283.426,285.246,segment_too_short,,cutfix_full_tier1_20260729_01,tier1
VYotaqBOWkI,VYotaqBOWkI.mp4,285.41,287.166,segment_too_short,,cutfix_full_tier1_20260729_01,tier1
VYotaqBOWkI,VYotaqBOWkI.mp4,287.362,287.71,segment_too_short,,cutfix_full_tier1_20260729_01,tier1
VYotaqBOWkI,VYotaqBOWkI.mp4,292.706,293.31,segment_too_short,,cutfix_full_tier1_20260729_01,tier1
VYotaqBOWkI,VYotaqBOWkI.mp4,293.474,294.75,segment_too_short,,cutfix_full_tier1_20260729_01,tier1
VYotaqBOWkI,VYotaqBOWkI.mp4,294.914,295.262,segment_too_short,,cutfix_full_tier1_20260729_01,tier1
VYotaqBOWkI,VYotaqBOWkI.mp4,302.018,303.582,segment_too_short,,cutfix_full_tier1_20260729_01,tier1
VYotaqBOWkI,VYotaqBOWkI.mp4,307.65,308.638,segment_too_short,,cutfix_full_tier1_20260729_01,tier1
VYotaqBOWkI,VYotaqBOWkI.mp4,309.282,309.886,segment_too_short,,cutfix_full_tier1_20260729_01,tier1
VYotaqBOWkI,VYotaqBOWkI.mp4,313.122,313.79,segment_too_short,,cutfix_full_tier1_20260729_01,tier1
VYotaqBOWkI,VYotaqBOWkI.mp4,314.178,316.414,scene_cut_detected,,cutfix_full_tier1_20260729_01,tier1
VYotaqBOWkI,VYotaqBOWkI.mp4,316.674,318.366,segment_too_short,,cutfix_full_tier1_20260729_01,tier1
VYotaqBOWkI,VYotaqBOWkI.mp4,323.362,325.214,segment_too_short,,cutfix_full_tier1_20260729_01,tier1
VYotaqBOWkI,VYotaqBOWkI.mp4,325.506,328.35,scene_cut_detected,,cutfix_full_tier1_20260729_01,tier1
VYotaqBOWkI,VYotaqBOWkI.mp4,332.322,332.99,segment_too_short,,cutfix_full_tier1_20260729_01,tier1
VYotaqBOWkI,VYotaqBOWkI.mp4,333.698,335.038,segment_too_short,,cutfix_full_tier1_20260729_01,tier1
VYotaqBOWkI,VYotaqBOWkI.mp4,335.554,336.766,segment_too_short,,cutfix_full_tier1_20260729_01,tier1
VYotaqBOWkI,VYotaqBOWkI.mp4,337.218,338.142,segment_too_short,,cutfix_full_tier1_20260729_01,tier1
VYotaqBOWkI,VYotaqBOWkI.mp4,342.018,343.71,segment_too_short,,cutfix_full_tier1_20260729_01,tier1
VYotaqBOWkI,VYotaqBOWkI.mp4,347.17,348.126,segment_too_short,,cutfix_full_tier1_20260729_01,tier1
VYotaqBOWkI,VYotaqBOWkI.mp4,348.61,349.982,segment_too_short,,cutfix_full_tier1_20260729_01,tier1
VYotaqBOWkI,VYotaqBOWkI.mp4,357.858,359.55,segment_too_short,,cutfix_full_tier1_20260729_01,tier1
VYotaqBOWkI,VYotaqBOWkI.mp4,361.09,361.982,segment_too_short,,cutfix_full_tier1_20260729_01,tier1
VYotaqBOWkI,VYotaqBOWkI.mp4,362.082,362.75,segment_too_short,,cutfix_full_tier1_20260729_01,tier1
VYotaqBOWkI,VYotaqBOWkI.mp4,363.17,364.734,segment_too_short,,cutfix_full_tier1_20260729_01,tier1
VYotaqBOWkI,VYotaqBOWkI.mp4,365.122,369.054,scene_cut_detected,,cutfix_full_tier1_20260729_01,tier1
VYotaqBOWkI,VYotaqBOWkI.mp4,377.73,378.814,segment_too_short,,cutfix_full_tier1_20260729_01,tier1
VYotaqBOWkI,VYotaqBOWkI.mp4,379.042,386.622,scene_cut_detected,,cutfix_full_tier1_20260729_01,tier1
VYotaqBOWkI,VYotaqBOWkI.mp4,387.042,387.838,segment_too_short,,cutfix_full_tier1_20260729_01,tier1
VYotaqBOWkI,VYotaqBOWkI.mp4,388.226,389.47,segment_too_short,,cutfix_full_tier1_20260729_01,tier1
VYotaqBOWkI,VYotaqBOWkI.mp4,389.698,390.046,segment_too_short,,cutfix_full_tier1_20260729_01,tier1
VYotaqBOWkI,VYotaqBOWkI.mp4,390.338,390.846,segment_too_short,,cutfix_full_tier1_20260729_01,tier1
VYotaqBOWkI,VYotaqBOWkI.mp4,395.298,396.862,segment_too_short,,cutfix_full_tier1_20260729_01,tier1
VYotaqBOWkI,VYotaqBOWkI.mp4,397.57,399.07,segment_too_short,,cutfix_full_tier1_20260729_01,tier1
VYotaqBOWkI,VYotaqBOWkI.mp4,399.586,401.15,segment_too_short,,cutfix_full_tier1_20260729_01,tier1
VYotaqBOWkI,VYotaqBOWkI.mp4,401.41,402.942,segment_too_short,,cutfix_full_tier1_20260729_01,tier1
VYotaqBOWkI,VYotaqBOWkI.mp4,403.074,404.03,segment_too_short,,cutfix_full_tier1_20260729_01,tier1
VYotaqBOWkI,VYotaqBOWkI.mp4,404.354,405.278,segment_too_short,,cutfix_full_tier1_20260729_01,tier1
VYotaqBOWkI,VYotaqBOWkI.mp4,406.434,407.966,segment_too_short,,cutfix_full_tier1_20260729_01,tier1
VYotaqBOWkI,VYotaqBOWkI.mp4,412.322,413.118,segment_too_short,,cutfix_full_tier1_20260729_01,tier1
VYotaqBOWkI,VYotaqBOWkI.mp4,413.474,414.366,segment_too_short,,cutfix_full_tier1_20260729_01,tier1
VYotaqBOWkI,VYotaqBOWkI.mp4,414.562,417.886,scene_cut_detected,,cutfix_full_tier1_20260729_01,tier1
VYotaqBOWkI,VYotaqBOWkI.mp4,419.042,420.478,segment_too_short,,cutfix_full_tier1_20260729_01,tier1
VYotaqBOWkI,VYotaqBOWkI.mp4,420.93,422.654,segment_too_short,,cutfix_full_tier1_20260729_01,tier1
VYotaqBOWkI,VYotaqBOWkI.mp4,423.138,423.934,segment_too_short,,cutfix_full_tier1_20260729_01,tier1
VYotaqBOWkI,VYotaqBOWkI.mp4,424.866,425.694,segment_too_short,,cutfix_full_tier1_20260729_01,tier1
VYotaqBOWkI,VYotaqBOWkI.mp4,425.954,427.454,segment_too_short,,cutfix_full_tier1_20260729_01,tier1
VYotaqBOWkI,VYotaqBOWkI.mp4,430.562,433.822,scene_cut_detected,,cutfix_full_tier1_20260729_01,tier1
VYotaqBOWkI,VYotaqBOWkI.mp4,445.538,447.134,segment_too_short,,cutfix_full_tier1_20260729_01,tier1
VYotaqBOWkI,VYotaqBOWkI.mp4,449.058,449.854,segment_too_short,,cutfix_full_tier1_20260729_01,tier1
VYotaqBOWkI,VYotaqBOWkI.mp4,451.106,453.342,scene_cut_detected,,cutfix_full_tier1_20260729_01,tier1
VYotaqBOWkI,VYotaqBOWkI.mp4,454.178,456.062,segment_too_short,,cutfix_full_tier1_20260729_01,tier1
VYotaqBOWkI,VYotaqBOWkI.mp4,456.386,458.27,segment_too_short,,cutfix_full_tier1_20260729_01,tier1
VYotaqBOWkI,VYotaqBOWkI.mp4,464.034,465.278,segment_too_short,,cutfix_full_tier1_20260729_01,tier1
VYotaqBOWkI,VYotaqBOWkI.mp4,468.546,469.31,segment_too_short,,cutfix_full_tier1_20260729_01,tier1
VYotaqBOWkI,VYotaqBOWkI.mp4,469.666,471.166,segment_too_short,,cutfix_full_tier1_20260729_01,tier1
VYotaqBOWkI,VYotaqBOWkI.mp4,479.682,480.318,segment_too_short,,cutfix_full_tier1_20260729_01,tier1
VYotaqBOWkI,VYotaqBOWkI.mp4,480.61,482.462,segment_too_short,,cutfix_full_tier1_20260729_01,tier1
VYotaqBOWkI,VYotaqBOWkI.mp4,482.786,483.934,segment_too_short,,cutfix_full_tier1_20260729_01,tier1
VYotaqBOWkI,VYotaqBOWkI.mp4,485.538,487.134,segment_too_short,,cutfix_full_tier1_20260729_01,tier1
VYotaqBOWkI,VYotaqBOWkI.mp4,494.85,496.766,segment_too_short,,cutfix_full_tier1_20260729_01,tier1
VYotaqBOWkI,VYotaqBOWkI.mp4,497.282,499.198,segment_too_short,,cutfix_full_tier1_20260729_01,tier1
VYotaqBOWkI,VYotaqBOWkI.mp4,502.402,503.678,segment_too_short,,cutfix_full_tier1_20260729_01,tier1
VYotaqBOWkI,VYotaqBOWkI.mp4,504.29,506.078,segment_too_short,,cutfix_full_tier1_20260729_01,tier1
VYotaqBOWkI,VYotaqBOWkI.mp4,511.074,511.646,segment_too_short,,cutfix_full_tier1_20260729_01,tier1
VYotaqBOWkI,VYotaqBOWkI.mp4,512.418,513.438,segment_too_short,,cutfix_full_tier1_20260729_01,tier1
VYotaqBOWkI,VYotaqBOWkI.mp4,514.338,515.006,segment_too_short,,cutfix_full_tier1_20260729_01,tier1
VYotaqBOWkI,VYotaqBOWkI.mp4,523.266,524.158,segment_too_short,,cutfix_full_tier1_20260729_01,tier1
VYotaqBOWkI,VYotaqBOWkI.mp4,537.25,538.75,segment_too_short,,cutfix_full_tier1_20260729_01,tier1
VYotaqBOWkI,VYotaqBOWkI.mp4,538.946,539.678,segment_too_short,,cutfix_full_tier1_20260729_01,tier1
VYotaqBOWkI,VYotaqBOWkI.mp4,540.066,541.054,segment_too_short,,cutfix_full_tier1_20260729_01,tier1
VYotaqBOWkI,VYotaqBOWkI.mp4,541.826,543.102,segment_too_short,,cutfix_full_tier1_20260729_01,tier1
VYotaqBOWkI,VYotaqBOWkI.mp4,543.49,544.67,segment_too_short,,cutfix_full_tier1_20260729_01,tier1
VYotaqBOWkI,VYotaqBOWkI.mp4,545.506,547.07,segment_too_short,,cutfix_full_tier1_20260729_01,tier1
VYotaqBOWkI,VYotaqBOWkI.mp4,548.194,551.55,scene_cut_detected,,cutfix_full_tier1_20260729_01,tier1
VYotaqBOWkI,VYotaqBOWkI.mp4,552.386,554.302,segment_too_short,,cutfix_full_tier1_20260729_01,tier1
VYotaqBOWkI,VYotaqBOWkI.mp4,567.106,568.254,segment_too_short,,cutfix_full_tier1_20260729_01,tier1
VYotaqBOWkI,VYotaqBOWkI.mp4,569.186,569.822,segment_too_short,,cutfix_full_tier1_20260729_01,tier1
VYotaqBOWkI,VYotaqBOWkI.mp4,574.114,575.582,segment_too_short,,cutfix_full_tier1_20260729_01,tier1
VYotaqBOWkI,VYotaqBOWkI.mp4,576.258,577.118,segment_too_short,,cutfix_full_tier1_20260729_01,tier1
VYotaqBOWkI,VYotaqBOWkI.mp4,577.346,578.622,segment_too_short,,cutfix_full_tier1_20260729_01,tier1
VYotaqBOWkI,VYotaqBOWkI.mp4,579.138,580.542,segment_too_short,,cutfix_full_tier1_20260729_01,tier1
VYotaqBOWkI,VYotaqBOWkI.mp4,581.314,583.23,segment_too_short,,cutfix_full_tier1_20260729_01,tier1
VYotaqBOWkI,VYotaqBOWkI.mp4,584.386,587.038,scene_cut_detected,,cutfix_full_tier1_20260729_01,tier1
VYotaqBOWkI,VYotaqBOWkI.mp4,587.33,588.382,segment_too_short,,cutfix_full_tier1_20260729_01,tier1
VYotaqBOWkI,VYotaqBOWkI.mp4,590.21,591.262,segment_too_short,,cutfix_full_tier1_20260729_01,tier1
VYotaqBOWkI,VYotaqBOWkI.mp4,601.378,602.942,segment_too_short,,cutfix_full_tier1_20260729_01,tier1
VdHT9nXSw-8,VdHT9nXSw-8.mp4,40.61,41.598,segment_too_short,,cutfix_full_tier1_20260729_01,tier1
VdHT9nXSw-8,VdHT9nXSw-8.mp4,42.018,51.742,scene_cut_detected,,cutfix_full_tier1_20260729_01,tier1
VdHT9nXSw-8,VdHT9nXSw-8.mp4,55.618,67.262,scene_cut_detected,,cutfix_full_tier1_20260729_01,tier1
VdHT9nXSw-8,VdHT9nXSw-8.mp4,76.322,83.87,scene_cut_detected,,cutfix_full_tier1_20260729_01,tier1
VdHT9nXSw-8,VdHT9nXSw-8.mp4,114.882,119.102,scene_cut_detected,,cutfix_full_tier1_20260729_01,tier1
VdHT9nXSw-8,VdHT9nXSw-8.mp4,119.234,124.19,scene_cut_detected,,cutfix_full_tier1_20260729_01,tier1
VdHT9nXSw-8,VdHT9nXSw-8.mp4,124.834,132.702,scene_cut_detected,,cutfix_full_tier1_20260729_01,tier1
VdHT9nXSw-8,VdHT9nXSw-8.mp4,133.378,134.238,segment_too_short,,cutfix_full_tier1_20260729_01,tier1
VdHT9nXSw-8,VdHT9nXSw-8.mp4,139.234,139.646,segment_too_short,,cutfix_full_tier1_20260729_01,tier1
VdHT9nXSw-8,VdHT9nXSw-8.mp4,187.298,188.638,segment_too_short,,cutfix_full_tier1_20260729_01,tier1
VdHT9nXSw-8,VdHT9nXSw-8.mp4,196.866,198.366,segment_too_short,,cutfix_full_tier1_20260729_01,tier1
VdHT9nXSw-8,VdHT9nXSw-8.mp4,208.898,210.622,segment_too_short,,cutfix_full_tier1_20260729_01,tier1
VdHT9nXSw-8,VdHT9nXSw-8.mp4,211.202,222.462,scene_cut_detected,,cutfix_full_tier1_20260729_01,tier1
VdHT9nXSw-8,VdHT9nXSw-8.mp4,222.882,224.222,segment_too_short,,cutfix_full_tier1_20260729_01,tier1
VdHT9nXSw-8,VdHT9nXSw-8.mp4,236.962,244.766,scene_cut_detected,,cutfix_full_tier1_20260729_01,tier1
VdHT9nXSw-8,VdHT9nXSw-8.mp4,336.994,341.994,scene_cut_detected,,cutfix_full_tier1_20260729_01,tier1
VdHT9nXSw-8,VdHT9nXSw-8.mp4,383.906,385.31,segment_too_short,,cutfix_full_tier1_20260729_01,tier1
VdHT9nXSw-8,VdHT9nXSw-8.mp4,393.346,393.886,segment_too_short,,cutfix_full_tier1_20260729_01,tier1
VdHT9nXSw-8,VdHT9nXSw-8.mp4,421.314,422.75,segment_too_short,,cutfix_full_tier1_20260729_01,tier1
VdHT9nXSw-8,VdHT9nXSw-8.mp4,441.058,442.494,segment_too_short,,cutfix_full_tier1_20260729_01,tier1
VdHT9nXSw-8,VdHT9nXSw-8.mp4,462.082,463.447,segment_too_short,,cutfix_full_tier1_20260729_01,tier1
VgGwgxT1hm0,VgGwgxT1hm0.mp4,25.282,30.282,scene_cut_detected,,cutfix_full_tier1_20260729_01,tier1
VgGwgxT1hm0,VgGwgxT1hm0.mp4,117.698,119.038,segment_too_short,,cutfix_full_tier1_20260729_01,tier1
VgGwgxT1hm0,VgGwgxT1hm0.mp4,146.434,148.062,segment_too_short,,cutfix_full_tier1_20260729_01,tier1
VgGwgxT1hm0,VgGwgxT1hm0.mp4,210.37,211.07,segment_too_short,,cutfix_full_tier1_20260729_01,tier1
VgGwgxT1hm0,VgGwgxT1hm0.mp4,211.458,212.766,segment_too_short,,cutfix_full_tier1_20260729_01,tier1
VgGwgxT1hm0,VgGwgxT1hm0.mp4,212.866,213.95,segment_too_short,,cutfix_full_tier1_20260729_01,tier1
VgGwgxT1hm0,VgGwgxT1hm0.mp4,366.658,368.094,segment_too_short,,cutfix_full_tier1_20260729_01,tier1
VgGwgxT1hm0,VgGwgxT1hm0.mp4,368.226,368.99,segment_too_short,,cutfix_full_tier1_20260729_01,tier1
VgGwgxT1hm0,VgGwgxT1hm0.mp4,380.482,382.43,segment_too_short,,cutfix_full_tier1_20260729_01,tier1
VgGwgxT1hm0,VgGwgxT1hm0.mp4,389.314,390.814,segment_too_short,,cutfix_full_tier1_20260729_01,tier1
VgGwgxT1hm0,VgGwgxT1hm0.mp4,472.034,473.406,segment_too_short,,cutfix_full_tier1_20260729_01,tier1
VgGwgxT1hm0,VgGwgxT1hm0.mp4,507.394,508.862,segment_too_short,,cutfix_full_tier1_20260729_01,tier1
VgGwgxT1hm0,VgGwgxT1hm0.mp4,535.65,537.182,segment_too_short,,cutfix_full_tier1_20260729_01,tier1
VgGwgxT1hm0,VgGwgxT1hm0.mp4,707.586,709.246,segment_too_short,,cutfix_full_tier1_20260729_01,tier1
VgGwgxT1hm0,VgGwgxT1hm0.mp4,767.522,769.15,segment_too_short,,cutfix_full_tier1_20260729_01,tier1
VgGwgxT1hm0,VgGwgxT1hm0.mp4,841.186,842.078,segment_too_short,,cutfix_full_tier1_20260729_01,tier1
VgGwgxT1hm0,VgGwgxT1hm0.mp4,958.466,960.062,segment_too_short,,cutfix_full_tier1_20260729_01,tier1
VgGwgxT1hm0,VgGwgxT1hm0.mp4,969.09,970.142,segment_too_short,,cutfix_full_tier1_20260729_01,tier1
VgGwgxT1hm0,VgGwgxT1hm0.mp4,991.458,992.382,segment_too_short,,cutfix_full_tier1_20260729_01,tier1
VgGwgxT1hm0,VgGwgxT1hm0.mp4,1020.834,1022.334,segment_too_short,,cutfix_full_tier1_20260729_01,tier1
VgGwgxT1hm0,VgGwgxT1hm0.mp4,1022.434,1023.038,segment_too_short,,cutfix_full_tier1_20260729_01,tier1
VgGwgxT1hm0,VgGwgxT1hm0.mp4,1024.098,1024.766,segment_too_short,,cutfix_full_tier1_20260729_01,tier1
VgnHDIp9x5s,VgnHDIp9x5s.mp4,16.802,24.35,scene_cut_detected,,cutfix_full_tier1_20260729_01,tier1
VgnHDIp9x5s,VgnHDIp9x5s.mp4,24.45,26.046,segment_too_short,,cutfix_full_tier1_20260729_01,tier1
VgnHDIp9x5s,VgnHDIp9x5s.mp4,32.674,34.366,segment_too_short,,cutfix_full_tier1_20260729_01,tier1
VgnHDIp9x5s,VgnHDIp9x5s.mp4,35.234,35.55,segment_too_short,,cutfix_full_tier1_20260729_01,tier1
VgnHDIp9x5s,VgnHDIp9x5s.mp4,39.522,43.55,face_density_low,,cutfix_full_tier1_20260729_01,tier1
VgnHDIp9x5s,VgnHDIp9x5s.mp4,57.57,61.054,face_density_low,,cutfix_full_tier1_20260729_01,tier1
VgnHDIp9x5s,VgnHDIp9x5s.mp4,61.442,62.814,segment_too_short,,cutfix_full_tier1_20260729_01,tier1
VgnHDIp9x5s,VgnHDIp9x5s.mp4,64.258,64.606,segment_too_short,,cutfix_full_tier1_20260729_01,tier1
VgnHDIp9x5s,VgnHDIp9x5s.mp4,69.314,73.598,face_density_low,,cutfix_full_tier1_20260729_01,tier1
VgnHDIp9x5s,VgnHDIp9x5s.mp4,73.954,76.286,face_density_low,,cutfix_full_tier1_20260729_01,tier1
VgnHDIp9x5s,VgnHDIp9x5s.mp4,76.386,81.15,scene_cut_detected,,cutfix_full_tier1_20260729_01,tier1
VgnHDIp9x5s,VgnHDIp9x5s.mp4,81.282,92.606,scene_cut_detected,,cutfix_full_tier1_20260729_01,tier1
VgnHDIp9x5s,VgnHDIp9x5s.mp4,92.802,98.59,scene_cut_detected,,cutfix_full_tier1_20260729_01,tier1
VgnHDIp9x5s,VgnHDIp9x5s.mp4,99.394,104.394,scene_cut_detected,,cutfix_full_tier1_20260729_01,tier1
VgnHDIp9x5s,VgnHDIp9x5s.mp4,103.394,108.394,face_density_low,,cutfix_full_tier1_20260729_01,tier1
VgnHDIp9x5s,VgnHDIp9x5s.mp4,107.394,112.394,face_density_low,,cutfix_full_tier1_20260729_01,tier1
VgnHDIp9x5s,VgnHDIp9x5s.mp4,111.394,116.394,face_density_low,,cutfix_full_tier1_20260729_01,tier1
VgnHDIp9x5s,VgnHDIp9x5s.mp4,140.706,145.706,scene_cut_detected,,cutfix_full_tier1_20260729_01,tier1
VgnHDIp9x5s,VgnHDIp9x5s.mp4,149.474,157.63,scene_cut_detected,,cutfix_full_tier1_20260729_01,tier1
VgnHDIp9x5s,VgnHDIp9x5s.mp4,158.306,163.306,scene_cut_detected,,cutfix_full_tier1_20260729_01,tier1
VgnHDIp9x5s,VgnHDIp9x5s.mp4,162.306,167.306,scene_cut_detected,,cutfix_full_tier1_20260729_01,tier1
VgnHDIp9x5s,VgnHDIp9x5s.mp4,166.306,171.306,face_density_low,,cutfix_full_tier1_20260729_01,tier1
VgnHDIp9x5s,VgnHDIp9x5s.mp4,170.306,175.23,scene_cut_detected,,cutfix_full_tier1_20260729_01,tier1
VgnHDIp9x5s,VgnHDIp9x5s.mp4,175.49,187.198,scene_cut_detected,,cutfix_full_tier1_20260729_01,tier1
VgnHDIp9x5s,VgnHDIp9x5s.mp4,199.042,199.774,segment_too_short,,cutfix_full_tier1_20260729_01,tier1
VgnHDIp9x5s,VgnHDIp9x5s.mp4,231.81,238.27,face_density_low,,cutfix_full_tier1_20260729_01,tier1
VgnHDIp9x5s,VgnHDIp9x5s.mp4,238.818,240.926,face_density_low,,cutfix_full_tier1_20260729_01,tier1
VgnHDIp9x5s,VgnHDIp9x5s.mp4,303.778,304.382,segment_too_short,,cutfix_full_tier1_20260729_01,tier1
VgnHDIp9x5s,VgnHDIp9x5s.mp4,307.618,316.254,face_density_low,,cutfix_full_tier1_20260729_01,tier1
VgnHDIp9x5s,VgnHDIp9x5s.mp4,316.802,327.806,scene_cut_detected,,cutfix_full_tier1_20260729_01,tier1
VgnHDIp9x5s,VgnHDIp9x5s.mp4,332.002,337.002,scene_cut_detected,,cutfix_full_tier1_20260729_01,tier1
VgnHDIp9x5s,VgnHDIp9x5s.mp4,341.922,348.318,scene_cut_detected,,cutfix_full_tier1_20260729_01,tier1
VgnHDIp9x5s,VgnHDIp9x5s.mp4,363.298,373.63,scene_cut_detected,,cutfix_full_tier1_20260729_01,tier1
VgnHDIp9x5s,VgnHDIp9x5s.mp4,374.082,380.19,scene_cut_detected,,cutfix_full_tier1_20260729_01,tier1
VgnHDIp9x5s,VgnHDIp9x5s.mp4,380.546,381.982,segment_too_short,,cutfix_full_tier1_20260729_01,tier1
VgnHDIp9x5s,VgnHDIp9x5s.mp4,405.666,412.446,scene_cut_detected,,cutfix_full_tier1_20260729_01,tier1
VgnHDIp9x5s,VgnHDIp9x5s.mp4,412.642,418.174,scene_cut_detected,,cutfix_full_tier1_20260729_01,tier1
VgnHDIp9x5s,VgnHDIp9x5s.mp4,434.978,439.978,scene_cut_detected,,cutfix_full_tier1_20260729_01,tier1
VgnHDIp9x5s,VgnHDIp9x5s.mp4,443.394,444.03,segment_too_short,,cutfix_full_tier1_20260729_01,tier1
VgnHDIp9x5s,VgnHDIp9x5s.mp4,455.234,460.234,scene_cut_detected,,cutfix_full_tier1_20260729_01,tier1
VgnHDIp9x5s,VgnHDIp9x5s.mp4,459.234,464.234,scene_cut_detected,,cutfix_full_tier1_20260729_01,tier1
VgnHDIp9x5s,VgnHDIp9x5s.mp4,466.658,475.774,scene_cut_detected,,cutfix_full_tier1_20260729_01,tier1
VgnHDIp9x5s,VgnHDIp9x5s.mp4,483.298,488.298,face_density_low,,cutfix_full_tier1_20260729_01,tier1
VgnHDIp9x5s,VgnHDIp9x5s.mp4,487.298,492.298,face_density_low,,cutfix_full_tier1_20260729_01,tier1
VgnHDIp9x5s,VgnHDIp9x5s.mp4,491.298,496.298,face_density_low,,cutfix_full_tier1_20260729_01,tier1
VgnHDIp9x5s,VgnHDIp9x5s.mp4,495.298,499.294,face_density_low,,cutfix_full_tier1_20260729_01,tier1
VgnHDIp9x5s,VgnHDIp9x5s.mp4,499.394,504.394,face_density_low,,cutfix_full_tier1_20260729_01,tier1
VgnHDIp9x5s,VgnHDIp9x5s.mp4,503.394,508.394,face_density_low,,cutfix_full_tier1_20260729_01,tier1
VgnHDIp9x5s,VgnHDIp9x5s.mp4,507.394,511.742,face_density_low,,cutfix_full_tier1_20260729_01,tier1
VgnHDIp9x5s,VgnHDIp9x5s.mp4,512.066,517.066,face_density_low,,cutfix_full_tier1_20260729_01,tier1
VgnHDIp9x5s,VgnHDIp9x5s.mp4,516.066,521.066,face_density_low,,cutfix_full_tier1_20260729_01,tier1
VgnHDIp9x5s,VgnHDIp9x5s.mp4,520.066,525.066,face_density_low,,cutfix_full_tier1_20260729_01,tier1
VgnHDIp9x5s,VgnHDIp9x5s.mp4,524.066,529.066,face_density_low,,cutfix_full_tier1_20260729_01,tier1
VgnHDIp9x5s,VgnHDIp9x5s.mp4,530.85,538.654,face_density_low,,cutfix_full_tier1_20260729_01,tier1
VgnHDIp9x5s,VgnHDIp9x5s.mp4,538.914,543.914,face_density_low,,cutfix_full_tier1_20260729_01,tier1
VgnHDIp9x5s,VgnHDIp9x5s.mp4,542.914,547.914,face_density_low,,cutfix_full_tier1_20260729_01,tier1
VgnHDIp9x5s,VgnHDIp9x5s.mp4,546.914,551.914,face_density_low,,cutfix_full_tier1_20260729_01,tier1
VgnHDIp9x5s,VgnHDIp9x5s.mp4,550.914,555.914,face_density_low,,cutfix_full_tier1_20260729_01,tier1
VgnHDIp9x5s,VgnHDIp9x5s.mp4,554.914,559.914,face_density_low,,cutfix_full_tier1_20260729_01,tier1
VgnHDIp9x5s,VgnHDIp9x5s.mp4,558.914,563.914,face_density_low,,cutfix_full_tier1_20260729_01,tier1
VgnHDIp9x5s,VgnHDIp9x5s.mp4,562.914,567.23,face_density_low,,cutfix_full_tier1_20260729_01,tier1
VgnHDIp9x5s,VgnHDIp9x5s.mp4,567.906,571.326,scene_cut_detected,,cutfix_full_tier1_20260729_01,tier1
VgnHDIp9x5s,VgnHDIp9x5s.mp4,571.714,575.806,face_density_low,,cutfix_full_tier1_20260729_01,tier1
VgnHDIp9x5s,VgnHDIp9x5s.mp4,576.066,576.574,segment_too_short,,cutfix_full_tier1_20260729_01,tier1
VgnHDIp9x5s,VgnHDIp9x5s.mp4,576.738,583.646,scene_cut_detected,,cutfix_full_tier1_20260729_01,tier1
VgnHDIp9x5s,VgnHDIp9x5s.mp4,583.746,595.454,face_density_low,,cutfix_full_tier1_20260729_01,tier1
VgnHDIp9x5s,VgnHDIp9x5s.mp4,595.746,606.91,face_density_low,,cutfix_full_tier1_20260729_01,tier1
VgnHDIp9x5s,VgnHDIp9x5s.mp4,607.394,612.394,face_density_low,,cutfix_full_tier1_20260729_01,tier1
VgnHDIp9x5s,VgnHDIp9x5s.mp4,611.394,616.394,face_density_low,,cutfix_full_tier1_20260729_01,tier1
VgnHDIp9x5s,VgnHDIp9x5s.mp4,615.394,620.394,face_density_low,,cutfix_full_tier1_20260729_01,tier1
VgnHDIp9x5s,VgnHDIp9x5s.mp4,619.394,624.394,face_density_low,,cutfix_full_tier1_20260729_01,tier1
VgnHDIp9x5s,VgnHDIp9x5s.mp4,623.394,626.078,face_density_low,,cutfix_full_tier1_20260729_01,tier1
VgnHDIp9x5s,VgnHDIp9x5s.mp4,627.618,631.774,scene_cut_detected,,cutfix_full_tier1_20260729_01,tier1
VgnHDIp9x5s,VgnHDIp9x5s.mp4,636.226,641.226,scene_cut_detected,,cutfix_full_tier1_20260729_01,tier1
VgnHDIp9x5s,VgnHDIp9x5s.mp4,640.226,645.226,face_density_low,,cutfix_full_tier1_20260729_01,tier1
VgnHDIp9x5s,VgnHDIp9x5s.mp4,644.226,649.226,face_density_low,,cutfix_full_tier1_20260729_01,tier1
VgnHDIp9x5s,VgnHDIp9x5s.mp4,648.226,653.226,face_density_low,,cutfix_full_tier1_20260729_01,tier1
VgnHDIp9x5s,VgnHDIp9x5s.mp4,652.226,656.094,face_density_low,,cutfix_full_tier1_20260729_01,tier1
VgnHDIp9x5s,VgnHDIp9x5s.mp4,656.546,664.35,face_density_low,,cutfix_full_tier1_20260729_01,tier1
VgnHDIp9x5s,VgnHDIp9x5s.mp4,664.482,666.366,segment_too_short,,cutfix_full_tier1_20260729_01,tier1
VgnHDIp9x5s,VgnHDIp9x5s.mp4,666.722,667.518,segment_too_short,,cutfix_full_tier1_20260729_01,tier1
VgnHDIp9x5s,VgnHDIp9x5s.mp4,668.034,673.034,face_density_low,,cutfix_full_tier1_20260729_01,tier1
VgnHDIp9x5s,VgnHDIp9x5s.mp4,672.034,677.034,face_density_low,,cutfix_full_tier1_20260729_01,tier1
VgnHDIp9x5s,VgnHDIp9x5s.mp4,676.034,681.034,face_density_low,,cutfix_full_tier1_20260729_01,tier1
VgnHDIp9x5s,VgnHDIp9x5s.mp4,682.178,687.038,face_density_low,,cutfix_full_tier1_20260729_01,tier1
VgnHDIp9x5s,VgnHDIp9x5s.mp4,687.426,692.426,face_density_low,,cutfix_full_tier1_20260729_01,tier1
VgnHDIp9x5s,VgnHDIp9x5s.mp4,691.426,696.426,face_density_low,,cutfix_full_tier1_20260729_01,tier1
VgnHDIp9x5s,VgnHDIp9x5s.mp4,695.426,700.426,face_density_low,,cutfix_full_tier1_20260729_01,tier1
VgnHDIp9x5s,VgnHDIp9x5s.mp4,699.426,704.426,face_density_low,,cutfix_full_tier1_20260729_01,tier1
VgnHDIp9x5s,VgnHDIp9x5s.mp4,703.426,706.142,face_density_low,,cutfix_full_tier1_20260729_01,tier1
VgnHDIp9x5s,VgnHDIp9x5s.mp4,706.37,711.37,face_density_low,,cutfix_full_tier1_20260729_01,tier1
VgnHDIp9x5s,VgnHDIp9x5s.mp4,710.37,715.37,scene_cut_detected,,cutfix_full_tier1_20260729_01,tier1
VgnHDIp9x5s,VgnHDIp9x5s.mp4,714.37,719.37,face_density_low,,cutfix_full_tier1_20260729_01,tier1
ViEjwRu-j3o,ViEjwRu-j3o.mp4,17.346,28.862,scene_cut_detected,,cutfix_full_tier1_20260729_01,tier1
ViEjwRu-j3o,ViEjwRu-j3o.mp4,29.474,34.366,face_density_low,,cutfix_full_tier1_20260729_01,tier1
ViEjwRu-j3o,ViEjwRu-j3o.mp4,37.698,41.374,scene_cut_detected,,cutfix_full_tier1_20260729_01,tier1
ViEjwRu-j3o,ViEjwRu-j3o.mp4,41.826,43.262,segment_too_short,,cutfix_full_tier1_20260729_01,tier1
ViEjwRu-j3o,ViEjwRu-j3o.mp4,60.898,65.342,face_density_low,,cutfix_full_tier1_20260729_01,tier1
ViEjwRu-j3o,ViEjwRu-j3o.mp4,65.442,67.998,face_density_low,,cutfix_full_tier1_20260729_01,tier1
ViEjwRu-j3o,ViEjwRu-j3o.mp4,68.322,76.062,face_density_low,,cutfix_full_tier1_20260729_01,tier1
ViEjwRu-j3o,ViEjwRu-j3o.mp4,76.322,83.102,face_density_low,,cutfix_full_tier1_20260729_01,tier1
ViEjwRu-j3o,ViEjwRu-j3o.mp4,83.202,88.202,face_density_low,,cutfix_full_tier1_20260729_01,tier1
ViEjwRu-j3o,ViEjwRu-j3o.mp4,87.202,92.202,scene_cut_detected,,cutfix_full_tier1_20260729_01,tier1
ViEjwRu-j3o,ViEjwRu-j3o.mp4,100.578,104.286,scene_cut_detected,,cutfix_full_tier1_20260729_01,tier1
ViEjwRu-j3o,ViEjwRu-j3o.mp4,217.634,227.358,face_density_low,,cutfix_full_tier1_20260729_01,tier1
ViEjwRu-j3o,ViEjwRu-j3o.mp4,227.586,233.31,face_density_low,,cutfix_full_tier1_20260729_01,tier1
ViEjwRu-j3o,ViEjwRu-j3o.mp4,330.914,332.894,segment_too_short,,cutfix_full_tier1_20260729_01,tier1
ViEjwRu-j3o,ViEjwRu-j3o.mp4,341.474,346.474,face_density_low,,cutfix_full_tier1_20260729_01,tier1
ViEjwRu-j3o,ViEjwRu-j3o.mp4,353.474,358.474,scene_cut_detected,,cutfix_full_tier1_20260729_01,tier1
ViEjwRu-j3o,ViEjwRu-j3o.mp4,430.754,440.286,face_density_low,,cutfix_full_tier1_20260729_01,tier1
ViEjwRu-j3o,ViEjwRu-j3o.mp4,457.442,466.238,face_density_low,,cutfix_full_tier1_20260729_01,tier1
ViEjwRu-j3o,ViEjwRu-j3o.mp4,466.37,477.022,scene_cut_detected,,cutfix_full_tier1_20260729_01,tier1
ViEjwRu-j3o,ViEjwRu-j3o.mp4,477.154,479.742,face_density_low,,cutfix_full_tier1_20260729_01,tier1
ViEjwRu-j3o,ViEjwRu-j3o.mp4,479.842,484.926,face_density_low,,cutfix_full_tier1_20260729_01,tier1
ViEjwRu-j3o,ViEjwRu-j3o.mp4,485.058,485.598,segment_too_short,,cutfix_full_tier1_20260729_01,tier1
ViEjwRu-j3o,ViEjwRu-j3o.mp4,485.73,491.87,face_density_low,,cutfix_full_tier1_20260729_01,tier1
ViEjwRu-j3o,ViEjwRu-j3o.mp4,492.226,497.226,face_density_low,,cutfix_full_tier1_20260729_01,tier1
ViEjwRu-j3o,ViEjwRu-j3o.mp4,496.226,501.226,face_density_low,,cutfix_full_tier1_20260729_01,tier1
ViEjwRu-j3o,ViEjwRu-j3o.mp4,500.226,505.226,face_density_low,,cutfix_full_tier1_20260729_01,tier1
ViEjwRu-j3o,ViEjwRu-j3o.mp4,507.042,509.982,face_density_low,,cutfix_full_tier1_20260729_01,tier1
ViEjwRu-j3o,ViEjwRu-j3o.mp4,510.114,519.87,face_density_low,,cutfix_full_tier1_20260729_01,tier1
ViEjwRu-j3o,ViEjwRu-j3o.mp4,524.802,535.486,scene_cut_detected,,cutfix_full_tier1_20260729_01,tier1
ViEjwRu-j3o,ViEjwRu-j3o.mp4,535.618,536.094,segment_too_short,,cutfix_full_tier1_20260729_01,tier1
ViEjwRu-j3o,ViEjwRu-j3o.mp4,536.834,542.814,scene_cut_detected,,cutfix_full_tier1_20260729_01,tier1
ViEjwRu-j3o,ViEjwRu-j3o.mp4,542.914,547.934,face_density_low,,cutfix_full_tier1_20260729_01,tier1
ViEjwRu-j3o,ViEjwRu-j3o.mp4,548.29,549.566,segment_too_short,,cutfix_full_tier1_20260729_01,tier1
ViEjwRu-j3o,ViEjwRu-j3o.mp4,549.794,554.27,face_density_low,,cutfix_full_tier1_20260729_01,tier1
ViEjwRu-j3o,ViEjwRu-j3o.mp4,554.402,559.614,face_density_low,,cutfix_full_tier1_20260729_01,tier1
ViEjwRu-j3o,ViEjwRu-j3o.mp4,559.746,569.374,face_density_low,,cutfix_full_tier1_20260729_01,tier1
ViEjwRu-j3o,ViEjwRu-j3o.mp4,569.826,574.782,face_density_low,,cutfix_full_tier1_20260729_01,tier1
ViEjwRu-j3o,ViEjwRu-j3o.mp4,575.202,577.79,face_density_low,,cutfix_full_tier1_20260729_01,tier1
ViEjwRu-j3o,ViEjwRu-j3o.mp4,577.986,579.39,segment_too_short,,cutfix_full_tier1_20260729_01,tier1
ViEjwRu-j3o,ViEjwRu-j3o.mp4,579.522,584.542,face_density_low,,cutfix_full_tier1_20260729_01,tier1
ViEjwRu-j3o,ViEjwRu-j3o.mp4,584.706,589.566,face_density_low,,cutfix_full_tier1_20260729_01,tier1
ViEjwRu-j3o,ViEjwRu-j3o.mp4,589.986,601.822,face_density_low,,cutfix_full_tier1_20260729_01,tier1
ViEjwRu-j3o,ViEjwRu-j3o.mp4,602.05,608.702,face_density_low,,cutfix_full_tier1_20260729_01,tier1
ViEjwRu-j3o,ViEjwRu-j3o.mp4,608.962,618.846,face_density_low,,cutfix_full_tier1_20260729_01,tier1
ViEjwRu-j3o,ViEjwRu-j3o.mp4,619.138,621.566,face_density_low,,cutfix_full_tier1_20260729_01,tier1
ViEjwRu-j3o,ViEjwRu-j3o.mp4,621.858,625.502,face_density_low,,cutfix_full_tier1_20260729_01,tier1
ViEjwRu-j3o,ViEjwRu-j3o.mp4,625.954,633.598,face_density_low,,cutfix_full_tier1_20260729_01,tier1
ViEjwRu-j3o,ViEjwRu-j3o.mp4,637.794,642.794,face_density_low,,cutfix_full_tier1_20260729_01,tier1
ViEjwRu-j3o,ViEjwRu-j3o.mp4,641.794,646.794,face_density_low,,cutfix_full_tier1_20260729_01,tier1
ViEjwRu-j3o,ViEjwRu-j3o.mp4,645.794,650.794,face_density_low,,cutfix_full_tier1_20260729_01,tier1
ViEjwRu-j3o,ViEjwRu-j3o.mp4,649.794,654.794,face_density_low,,cutfix_full_tier1_20260729_01,tier1
ViEjwRu-j3o,ViEjwRu-j3o.mp4,653.794,658.794,face_density_low,,cutfix_full_tier1_20260729_01,tier1
ViEjwRu-j3o,ViEjwRu-j3o.mp4,657.794,660.894,face_density_low,,cutfix_full_tier1_20260729_01,tier1
ViEjwRu-j3o,ViEjwRu-j3o.mp4,660.994,669.886,face_density_low,,cutfix_full_tier1_20260729_01,tier1
ViEjwRu-j3o,ViEjwRu-j3o.mp4,670.21,676.542,face_density_low,,cutfix_full_tier1_20260729_01,tier1
ViEjwRu-j3o,ViEjwRu-j3o.mp4,676.642,683.678,face_density_low,,cutfix_full_tier1_20260729_01,tier1
VqcyH3fnubE,VqcyH3fnubE.mp4,4.226,5.598,segment_too_short,,cutfix_full_tier1_20260729_01,tier1
VqcyH3fnubE,VqcyH3fnubE.mp4,24.258,26.078,segment_too_short,,cutfix_full_tier1_20260729_01,tier1
VqcyH3fnubE,VqcyH3fnubE.mp4,26.338,28.286,segment_too_short,,cutfix_full_tier1_20260729_01,tier1
VqcyH3fnubE,VqcyH3fnubE.mp4,28.386,37.246,scene_cut_detected,,cutfix_full_tier1_20260729_01,tier1
VqcyH3fnubE,VqcyH3fnubE.mp4,40.706,42.59,segment_too_short,,cutfix_full_tier1_20260729_01,tier1
VqcyH3fnubE,VqcyH3fnubE.mp4,55.554,56.638,segment_too_short,,cutfix_full_tier1_20260729_01,tier1
VqcyH3fnubE,VqcyH3fnubE.mp4,63.746,65.694,segment_too_short,,cutfix_full_tier1_20260729_01,tier1
VqcyH3fnubE,VqcyH3fnubE.mp4,74.306,75.646,segment_too_short,,cutfix_full_tier1_20260729_01,tier1
VqcyH3fnubE,VqcyH3fnubE.mp4,79.81,81.182,segment_too_short,,cutfix_full_tier1_20260729_01,tier1
VqcyH3fnubE,VqcyH3fnubE.mp4,81.794,83.454,segment_too_short,,cutfix_full_tier1_20260729_01,tier1
VqcyH3fnubE,VqcyH3fnubE.mp4,87.682,89.342,segment_too_short,,cutfix_full_tier1_20260729_01,tier1
VqcyH3fnubE,VqcyH3fnubE.mp4,89.794,91.006,segment_too_short,,cutfix_full_tier1_20260729_01,tier1
VqcyH3fnubE,VqcyH3fnubE.mp4,91.65,92.382,segment_too_short,,cutfix_full_tier1_20260729_01,tier1
VqcyH3fnubE,VqcyH3fnubE.mp4,92.642,94.014,segment_too_short,,cutfix_full_tier1_20260729_01,tier1
VqcyH3fnubE,VqcyH3fnubE.mp4,129.09,129.726,segment_too_short,,cutfix_full_tier1_20260729_01,tier1
VqcyH3fnubE,VqcyH3fnubE.mp4,138.978,140.894,segment_too_short,,cutfix_full_tier1_20260729_01,tier1
VqcyH3fnubE,VqcyH3fnubE.mp4,141.954,142.622,segment_too_short,,cutfix_full_tier1_20260729_01,tier1
VqcyH3fnubE,VqcyH3fnubE.mp4,142.722,143.518,segment_too_short,,cutfix_full_tier1_20260729_01,tier1
VqcyH3fnubE,VqcyH3fnubE.mp4,151.106,152.99,segment_too_short,,cutfix_full_tier1_20260729_01,tier1
VqcyH3fnubE,VqcyH3fnubE.mp4,153.186,154.494,segment_too_short,,cutfix_full_tier1_20260729_01,tier1
VqcyH3fnubE,VqcyH3fnubE.mp4,154.658,155.454,segment_too_short,,cutfix_full_tier1_20260729_01,tier1
VqcyH3fnubE,VqcyH3fnubE.mp4,159.906,161.246,segment_too_short,,cutfix_full_tier1_20260729_01,tier1
VqcyH3fnubE,VqcyH3fnubE.mp4,161.346,163.262,segment_too_short,,cutfix_full_tier1_20260729_01,tier1
VqcyH3fnubE,VqcyH3fnubE.mp4,163.714,164.734,segment_too_short,,cutfix_full_tier1_20260729_01,tier1
VqcyH3fnubE,VqcyH3fnubE.mp4,208.77,210.59,segment_too_short,,cutfix_full_tier1_20260729_01,tier1
VqcyH3fnubE,VqcyH3fnubE.mp4,224.61,226.27,segment_too_short,,cutfix_full_tier1_20260729_01,tier1
VqcyH3fnubE,VqcyH3fnubE.mp4,227.234,228.446,segment_too_short,,cutfix_full_tier1_20260729_01,tier1
VqcyH3fnubE,VqcyH3fnubE.mp4,232.898,233.662,segment_too_short,,cutfix_full_tier1_20260729_01,tier1
VqcyH3fnubE,VqcyH3fnubE.mp4,237.122,237.918,segment_too_short,,cutfix_full_tier1_20260729_01,tier1
VqcyH3fnubE,VqcyH3fnubE.mp4,242.146,243.166,segment_too_short,,cutfix_full_tier1_20260729_01,tier1
VqcyH3fnubE,VqcyH3fnubE.mp4,256.002,257.982,segment_too_short,,cutfix_full_tier1_20260729_01,tier1
VqcyH3fnubE,VqcyH3fnubE.mp4,259.49,261.086,segment_too_short,,cutfix_full_tier1_20260729_01,tier1
VqcyH3fnubE,VqcyH3fnubE.mp4,264.418,264.798,segment_too_short,,cutfix_full_tier1_20260729_01,tier1
VqcyH3fnubE,VqcyH3fnubE.mp4,270.53,271.454,segment_too_short,,cutfix_full_tier1_20260729_01,tier1
VqcyH3fnubE,VqcyH3fnubE.mp4,281.314,282.75,segment_too_short,,cutfix_full_tier1_20260729_01,tier1
VqcyH3fnubE,VqcyH3fnubE.mp4,288.482,289.758,segment_too_short,,cutfix_full_tier1_20260729_01,tier1
VqcyH3fnubE,VqcyH3fnubE.mp4,300.226,301.342,segment_too_short,,cutfix_full_tier1_20260729_01,tier1
VqcyH3fnubE,VqcyH3fnubE.mp4,309.826,310.814,segment_too_short,,cutfix_full_tier1_20260729_01,tier1
VqcyH3fnubE,VqcyH3fnubE.mp4,311.49,312.958,segment_too_short,,cutfix_full_tier1_20260729_01,tier1
VqcyH3fnubE,VqcyH3fnubE.mp4,340.866,342.686,segment_too_short,,cutfix_full_tier1_20260729_01,tier1
VqcyH3fnubE,VqcyH3fnubE.mp4,342.786,343.646,segment_too_short,,cutfix_full_tier1_20260729_01,tier1
VqcyH3fnubE,VqcyH3fnubE.mp4,349.794,351.07,segment_too_short,,cutfix_full_tier1_20260729_01,tier1
VqcyH3fnubE,VqcyH3fnubE.mp4,358.85,359.358,segment_too_short,,cutfix_full_tier1_20260729_01,tier1
VqcyH3fnubE,VqcyH3fnubE.mp4,359.618,360.35,segment_too_short,,cutfix_full_tier1_20260729_01,tier1
VqcyH3fnubE,VqcyH3fnubE.mp4,363.394,364.958,segment_too_short,,cutfix_full_tier1_20260729_01,tier1
VqcyH3fnubE,VqcyH3fnubE.mp4,367.81,369.406,segment_too_short,,cutfix_full_tier1_20260729_01,tier1
VqcyH3fnubE,VqcyH3fnubE.mp4,369.73,371.678,segment_too_short,,cutfix_full_tier1_20260729_01,tier1
VqcyH3fnubE,VqcyH3fnubE.mp4,373.442,376.67,scene_cut_detected,,cutfix_full_tier1_20260729_01,tier1
VqcyH3fnubE,VqcyH3fnubE.mp4,381.058,381.822,segment_too_short,,cutfix_full_tier1_20260729_01,tier1
VqcyH3fnubE,VqcyH3fnubE.mp4,384.802,385.406,segment_too_short,,cutfix_full_tier1_20260729_01,tier1
VqcyH3fnubE,VqcyH3fnubE.mp4,388.482,390.238,segment_too_short,,cutfix_full_tier1_20260729_01,tier1
VqcyH3fnubE,VqcyH3fnubE.mp4,391.042,392.542,segment_too_short,,cutfix_full_tier1_20260729_01,tier1
VqcyH3fnubE,VqcyH3fnubE.mp4,405.602,406.334,segment_too_short,,cutfix_full_tier1_20260729_01,tier1
VqcyH3fnubE,VqcyH3fnubE.mp4,418.978,420.574,segment_too_short,,cutfix_full_tier1_20260729_01,tier1
VqcyH3fnubE,VqcyH3fnubE.mp4,425.41,426.846,segment_too_short,,cutfix_full_tier1_20260729_01,tier1
VqcyH3fnubE,VqcyH3fnubE.mp4,428.13,429.534,segment_too_short,,cutfix_full_tier1_20260729_01,tier1
VqcyH3fnubE,VqcyH3fnubE.mp4,429.762,431.166,segment_too_short,,cutfix_full_tier1_20260729_01,tier1
VqcyH3fnubE,VqcyH3fnubE.mp4,453.218,454.686,segment_too_short,,cutfix_full_tier1_20260729_01,tier1
VqcyH3fnubE,VqcyH3fnubE.mp4,455.266,456.19,segment_too_short,,cutfix_full_tier1_20260729_01,tier1
VqcyH3fnubE,VqcyH3fnubE.mp4,456.962,458.558,segment_too_short,,cutfix_full_tier1_20260729_01,tier1
VqcyH3fnubE,VqcyH3fnubE.mp4,458.882,459.23,segment_too_short,,cutfix_full_tier1_20260729_01,tier1
VqcyH3fnubE,VqcyH3fnubE.mp4,470.53,472.51,segment_too_short,,cutfix_full_tier1_20260729_01,tier1
VqcyH3fnubE,VqcyH3fnubE.mp4,473.218,473.534,segment_too_short,,cutfix_full_tier1_20260729_01,tier1
VqcyH3fnubE,VqcyH3fnubE.mp4,475.394,475.998,segment_too_short,,cutfix_full_tier1_20260729_01,tier1
VqcyH3fnubE,VqcyH3fnubE.mp4,488.386,489.63,segment_too_short,,cutfix_full_tier1_20260729_01,tier1
VqcyH3fnubE,VqcyH3fnubE.mp4,491.33,492.03,segment_too_short,,cutfix_full_tier1_20260729_01,tier1
VqcyH3fnubE,VqcyH3fnubE.mp4,515.554,516.702,segment_too_short,,cutfix_full_tier1_20260729_01,tier1
VqcyH3fnubE,VqcyH3fnubE.mp4,534.37,536.094,segment_too_short,,cutfix_full_tier1_20260729_01,tier1
VqcyH3fnubE,VqcyH3fnubE.mp4,542.658,544.35,segment_too_short,,cutfix_full_tier1_20260729_01,tier1
VqcyH3fnubE,VqcyH3fnubE.mp4,545.986,547.966,segment_too_short,,cutfix_full_tier1_20260729_01,tier1
VqcyH3fnubE,VqcyH3fnubE.mp4,549.186,549.982,segment_too_short,,cutfix_full_tier1_20260729_01,tier1
VqcyH3fnubE,VqcyH3fnubE.mp4,550.338,551.87,segment_too_short,,cutfix_full_tier1_20260729_01,tier1
VqcyH3fnubE,VqcyH3fnubE.mp4,552.418,554.206,segment_too_short,,cutfix_full_tier1_20260729_01,tier1
VqcyH3fnubE,VqcyH3fnubE.mp4,562.658,563.518,segment_too_short,,cutfix_full_tier1_20260729_01,tier1
VqcyH3fnubE,VqcyH3fnubE.mp4,572.706,574.526,segment_too_short,,cutfix_full_tier1_20260729_01,tier1
VqcyH3fnubE,VqcyH3fnubE.mp4,583.81,584.222,segment_too_short,,cutfix_full_tier1_20260729_01,tier1
Vx59ouLloCg,Vx59ouLloCg.mp4,65.026,66.974,segment_too_short,,cutfix_full_tier1_20260729_01,tier1
Vx59ouLloCg,Vx59ouLloCg.mp4,82.754,83.806,segment_too_short,,cutfix_full_tier1_20260729_01,tier1
Vx59ouLloCg,Vx59ouLloCg.mp4,123.042,123.39,segment_too_short,,cutfix_full_tier1_20260729_01,tier1
Vx59ouLloCg,Vx59ouLloCg.mp4,123.586,124.926,segment_too_short,,cutfix_full_tier1_20260729_01,tier1
Vx59ouLloCg,Vx59ouLloCg.mp4,125.602,126.014,segment_too_short,,cutfix_full_tier1_20260729_01,tier1
Vx59ouLloCg,Vx59ouLloCg.mp4,175.394,175.87,segment_too_short,,cutfix_full_tier1_20260729_01,tier1
Vx59ouLloCg,Vx59ouLloCg.mp4,213.698,215.55,segment_too_short,,cutfix_full_tier1_20260729_01,tier1
Vx59ouLloCg,Vx59ouLloCg.mp4,220.642,221.79,segment_too_short,,cutfix_full_tier1_20260729_01,tier1
Vx59ouLloCg,Vx59ouLloCg.mp4,229.698,230.974,segment_too_short,,cutfix_full_tier1_20260729_01,tier1
Vx59ouLloCg,Vx59ouLloCg.mp4,243.81,244.222,segment_too_short,,cutfix_full_tier1_20260729_01,tier1
Vx59ouLloCg,Vx59ouLloCg.mp4,271.074,272.414,segment_too_short,,cutfix_full_tier1_20260729_01,tier1
Vx59ouLloCg,Vx59ouLloCg.mp4,272.898,274.366,segment_too_short,,cutfix_full_tier1_20260729_01,tier1
Vx59ouLloCg,Vx59ouLloCg.mp4,277.73,278.142,segment_too_short,,cutfix_full_tier1_20260729_01,tier1
Vx59ouLloCg,Vx59ouLloCg.mp4,316.994,318.846,segment_too_short,,cutfix_full_tier1_20260729_01,tier1
Vx59ouLloCg,Vx59ouLloCg.mp4,458.914,459.774,segment_too_short,,cutfix_full_tier1_20260729_01,tier1
Vx59ouLloCg,Vx59ouLloCg.mp4,467.65,468.158,segment_too_short,,cutfix_full_tier1_20260729_01,tier1
Vx59ouLloCg,Vx59ouLloCg.mp4,560.354,562.334,segment_too_short,,cutfix_full_tier1_20260729_01,tier1
Vx59ouLloCg,Vx59ouLloCg.mp4,608.994,610.526,segment_too_short,,cutfix_full_tier1_20260729_01,tier1
Vx59ouLloCg,Vx59ouLloCg.mp4,625.41,626.558,segment_too_short,,cutfix_full_tier1_20260729_01,tier1
Vx59ouLloCg,Vx59ouLloCg.mp4,626.722,632.254,scene_cut_detected,,cutfix_full_tier1_20260729_01,tier1
WEn1JaD70dQ,WEn1JaD70dQ.mp4,0.226,1.758,segment_too_short,,cutfix_full_tier1_20260729_01,tier1
WEn1JaD70dQ,WEn1JaD70dQ.mp4,1.986,6.986,scene_cut_detected,,cutfix_full_tier1_20260729_01,tier1
WEn1JaD70dQ,WEn1JaD70dQ.mp4,5.986,10.986,scene_cut_detected,,cutfix_full_tier1_20260729_01,tier1
WEn1JaD70dQ,WEn1JaD70dQ.mp4,9.986,14.366,scene_cut_detected,,cutfix_full_tier1_20260729_01,tier1
WEn1JaD70dQ,WEn1JaD70dQ.mp4,41.538,42.398,segment_too_short,,cutfix_full_tier1_20260729_01,tier1
WEn1JaD70dQ,WEn1JaD70dQ.mp4,42.498,43.518,segment_too_short,,cutfix_full_tier1_20260729_01,tier1
WEn1JaD70dQ,WEn1JaD70dQ.mp4,43.714,44.062,segment_too_short,,cutfix_full_tier1_20260729_01,tier1
WEn1JaD70dQ,WEn1JaD70dQ.mp4,48.898,49.918,segment_too_short,,cutfix_full_tier1_20260729_01,tier1
WEn1JaD70dQ,WEn1JaD70dQ.mp4,50.082,51.294,segment_too_short,,cutfix_full_tier1_20260729_01,tier1
WEn1JaD70dQ,WEn1JaD70dQ.mp4,51.426,52.094,segment_too_short,,cutfix_full_tier1_20260729_01,tier1
WEn1JaD70dQ,WEn1JaD70dQ.mp4,52.29,53.534,segment_too_short,,cutfix_full_tier1_20260729_01,tier1
WEn1JaD70dQ,WEn1JaD70dQ.mp4,53.666,54.846,segment_too_short,,cutfix_full_tier1_20260729_01,tier1
WEn1JaD70dQ,WEn1JaD70dQ.mp4,59.81,60.158,segment_too_short,,cutfix_full_tier1_20260729_01,tier1
WEn1JaD70dQ,WEn1JaD70dQ.mp4,62.85,63.774,segment_too_short,,cutfix_full_tier1_20260729_01,tier1
WEn1JaD70dQ,WEn1JaD70dQ.mp4,63.97,65.79,segment_too_short,,cutfix_full_tier1_20260729_01,tier1
WEn1JaD70dQ,WEn1JaD70dQ.mp4,103.522,104.446,segment_too_short,,cutfix_full_tier1_20260729_01,tier1
WEn1JaD70dQ,WEn1JaD70dQ.mp4,104.61,105.918,segment_too_short,,cutfix_full_tier1_20260729_01,tier1
WEn1JaD70dQ,WEn1JaD70dQ.mp4,119.074,120.766,segment_too_short,,cutfix_full_tier1_20260729_01,tier1
WEn1JaD70dQ,WEn1JaD70dQ.mp4,124.13,128.158,scene_cut_detected,,cutfix_full_tier1_20260729_01,tier1
WEn1JaD70dQ,WEn1JaD70dQ.mp4,128.738,129.246,segment_too_short,,cutfix_full_tier1_20260729_01,tier1
WEn1JaD70dQ,WEn1JaD70dQ.mp4,156.482,158.174,segment_too_short,,cutfix_full_tier1_20260729_01,tier1
WEn1JaD70dQ,WEn1JaD70dQ.mp4,158.37,159.102,segment_too_short,,cutfix_full_tier1_20260729_01,tier1
WEn1JaD70dQ,WEn1JaD70dQ.mp4,160.066,160.766,segment_too_short,,cutfix_full_tier1_20260729_01,tier1
WEn1JaD70dQ,WEn1JaD70dQ.mp4,161.314,162.174,segment_too_short,,cutfix_full_tier1_20260729_01,tier1
WEn1JaD70dQ,WEn1JaD70dQ.mp4,162.978,163.838,segment_too_short,,cutfix_full_tier1_20260729_01,tier1
WEn1JaD70dQ,WEn1JaD70dQ.mp4,164.258,166.11,segment_too_short,,cutfix_full_tier1_20260729_01,tier1
WEn1JaD70dQ,WEn1JaD70dQ.mp4,166.53,167.582,segment_too_short,,cutfix_full_tier1_20260729_01,tier1
WEn1JaD70dQ,WEn1JaD70dQ.mp4,174.914,176.222,segment_too_short,,cutfix_full_tier1_20260729_01,tier1
WEn1JaD70dQ,WEn1JaD70dQ.mp4,176.578,177.502,segment_too_short,,cutfix_full_tier1_20260729_01,tier1
WEn1JaD70dQ,WEn1JaD70dQ.mp4,178.818,180.062,segment_too_short,,cutfix_full_tier1_20260729_01,tier1
WEn1JaD70dQ,WEn1JaD70dQ.mp4,181.058,182.398,segment_too_short,,cutfix_full_tier1_20260729_01,tier1
WEn1JaD70dQ,WEn1JaD70dQ.mp4,182.562,185.694,face_density_low,,cutfix_full_tier1_20260729_01,tier1
WEn1JaD70dQ,WEn1JaD70dQ.mp4,186.434,188.574,face_density_low,,cutfix_full_tier1_20260729_01,tier1
WEn1JaD70dQ,WEn1JaD70dQ.mp4,188.898,191.646,face_density_low,,cutfix_full_tier1_20260729_01,tier1
WEn1JaD70dQ,WEn1JaD70dQ.mp4,191.778,193.086,segment_too_short,,cutfix_full_tier1_20260729_01,tier1
WEn1JaD70dQ,WEn1JaD70dQ.mp4,193.186,194.686,segment_too_short,,cutfix_full_tier1_20260729_01,tier1
WEn1JaD70dQ,WEn1JaD70dQ.mp4,195.106,195.614,segment_too_short,,cutfix_full_tier1_20260729_01,tier1
WEn1JaD70dQ,WEn1JaD70dQ.mp4,196.002,201.118,face_density_low,,cutfix_full_tier1_20260729_01,tier1
WEn1JaD70dQ,WEn1JaD70dQ.mp4,222.338,222.686,segment_too_short,,cutfix_full_tier1_20260729_01,tier1
WEn1JaD70dQ,WEn1JaD70dQ.mp4,235.458,239.646,face_density_low,,cutfix_full_tier1_20260729_01,tier1
WEn1JaD70dQ,WEn1JaD70dQ.mp4,239.906,241.79,segment_too_short,,cutfix_full_tier1_20260729_01,tier1
WEn1JaD70dQ,WEn1JaD70dQ.mp4,247.714,248.766,segment_too_short,,cutfix_full_tier1_20260729_01,tier1
WEn1JaD70dQ,WEn1JaD70dQ.mp4,251.554,252.798,segment_too_short,,cutfix_full_tier1_20260729_01,tier1
WEn1JaD70dQ,WEn1JaD70dQ.mp4,253.026,263.294,scene_cut_detected,,cutfix_full_tier1_20260729_01,tier1
WEn1JaD70dQ,WEn1JaD70dQ.mp4,272.098,278.206,scene_cut_detected,,cutfix_full_tier1_20260729_01,tier1
WEn1JaD70dQ,WEn1JaD70dQ.mp4,278.498,279.422,segment_too_short,,cutfix_full_tier1_20260729_01,tier1
WEn1JaD70dQ,WEn1JaD70dQ.mp4,279.618,282.526,face_density_low,,cutfix_full_tier1_20260729_01,tier1
WEn1JaD70dQ,WEn1JaD70dQ.mp4,282.786,284.318,segment_too_short,,cutfix_full_tier1_20260729_01,tier1
WEn1JaD70dQ,WEn1JaD70dQ.mp4,284.962,285.47,segment_too_short,,cutfix_full_tier1_20260729_01,tier1
WEn1JaD70dQ,WEn1JaD70dQ.mp4,285.826,286.782,segment_too_short,,cutfix_full_tier1_20260729_01,tier1
WEn1JaD70dQ,WEn1JaD70dQ.mp4,287.01,291.038,scene_cut_detected,,cutfix_full_tier1_20260729_01,tier1
WEn1JaD70dQ,WEn1JaD70dQ.mp4,291.17,296.17,scene_cut_detected,,cutfix_full_tier1_20260729_01,tier1
WEn1JaD70dQ,WEn1JaD70dQ.mp4,295.17,300.17,face_density_low,,cutfix_full_tier1_20260729_01,tier1
WEn1JaD70dQ,WEn1JaD70dQ.mp4,299.17,304.17,face_density_low,,cutfix_full_tier1_20260729_01,tier1
WEn1JaD70dQ,WEn1JaD70dQ.mp4,303.17,307.038,face_density_low,,cutfix_full_tier1_20260729_01,tier1
WEn1JaD70dQ,WEn1JaD70dQ.mp4,321.89,322.622,segment_too_short,,cutfix_full_tier1_20260729_01,tier1
WEn1JaD70dQ,WEn1JaD70dQ.mp4,323.778,328.778,face_density_low,,cutfix_full_tier1_20260729_01,tier1
WEn1JaD70dQ,WEn1JaD70dQ.mp4,327.778,332.778,face_density_low,,cutfix_full_tier1_20260729_01,tier1
WEn1JaD70dQ,WEn1JaD70dQ.mp4,331.778,336.778,face_density_low,,cutfix_full_tier1_20260729_01,tier1
WEn1JaD70dQ,WEn1JaD70dQ.mp4,338.658,339.134,segment_too_short,,cutfix_full_tier1_20260729_01,tier1
WEn1JaD70dQ,WEn1JaD70dQ.mp4,342.594,344.062,segment_too_short,,cutfix_full_tier1_20260729_01,tier1
WEn1JaD70dQ,WEn1JaD70dQ.mp4,344.29,354.782,scene_cut_detected,,cutfix_full_tier1_20260729_01,tier1
WEn1JaD70dQ,WEn1JaD70dQ.mp4,354.946,359.582,face_density_low,,cutfix_full_tier1_20260729_01,tier1
WEn1JaD70dQ,WEn1JaD70dQ.mp4,359.778,369.726,scene_cut_detected,,cutfix_full_tier1_20260729_01,tier1
WEn1JaD70dQ,WEn1JaD70dQ.mp4,370.114,371.198,segment_too_short,,cutfix_full_tier1_20260729_01,tier1
WEn1JaD70dQ,WEn1JaD70dQ.mp4,372.098,378.462,face_density_low,,cutfix_full_tier1_20260729_01,tier1
WEn1JaD70dQ,WEn1JaD70dQ.mp4,378.626,380.382,segment_too_short,,cutfix_full_tier1_20260729_01,tier1
WEn1JaD70dQ,WEn1JaD70dQ.mp4,380.642,385.642,face_density_low,,cutfix_full_tier1_20260729_01,tier1
WEn1JaD70dQ,WEn1JaD70dQ.mp4,384.642,389.642,face_density_low,,cutfix_full_tier1_20260729_01,tier1
WEn1JaD70dQ,WEn1JaD70dQ.mp4,388.642,393.642,face_density_low,,cutfix_full_tier1_20260729_01,tier1
WEn1JaD70dQ,WEn1JaD70dQ.mp4,392.642,397.642,face_density_low,,cutfix_full_tier1_20260729_01,tier1
WEn1JaD70dQ,WEn1JaD70dQ.mp4,396.642,401.642,face_density_low,,cutfix_full_tier1_20260729_01,tier1
WEn1JaD70dQ,WEn1JaD70dQ.mp4,400.642,403.39,face_density_low,,cutfix_full_tier1_20260729_01,tier1
WEn1JaD70dQ,WEn1JaD70dQ.mp4,403.81,408.894,face_density_low,,cutfix_full_tier1_20260729_01,tier1
WEn1JaD70dQ,WEn1JaD70dQ.mp4,429.666,434.206,scene_cut_detected,,cutfix_full_tier1_20260729_01,tier1
WEn1JaD70dQ,WEn1JaD70dQ.mp4,434.37,435.294,segment_too_short,,cutfix_full_tier1_20260729_01,tier1
WEn1JaD70dQ,WEn1JaD70dQ.mp4,458.562,459.998,segment_too_short,,cutfix_full_tier1_20260729_01,tier1
WEn1JaD70dQ,WEn1JaD70dQ.mp4,460.546,471.87,scene_cut_detected,,cutfix_full_tier1_20260729_01,tier1
WEn1JaD70dQ,WEn1JaD70dQ.mp4,472.162,475.006,face_density_low,,cutfix_full_tier1_20260729_01,tier1
WEn1JaD70dQ,WEn1JaD70dQ.mp4,475.33,476.19,segment_too_short,,cutfix_full_tier1_20260729_01,tier1
WEn1JaD70dQ,WEn1JaD70dQ.mp4,476.514,477.566,segment_too_short,,cutfix_full_tier1_20260729_01,tier1
WEn1JaD70dQ,WEn1JaD70dQ.mp4,502.466,503.646,segment_too_short,,cutfix_full_tier1_20260729_01,tier1
WEn1JaD70dQ,WEn1JaD70dQ.mp4,507.138,507.838,segment_too_short,,cutfix_full_tier1_20260729_01,tier1
WEn1JaD70dQ,WEn1JaD70dQ.mp4,510.722,512.19,segment_too_short,,cutfix_full_tier1_20260729_01,tier1
WXLKrhJtTLA,WXLKrhJtTLA.mp4,1.762,2.398,segment_too_short,,cutfix_full_tier1_20260729_01,tier1
WXLKrhJtTLA,WXLKrhJtTLA.mp4,25.282,26.43,segment_too_short,,cutfix_full_tier1_20260729_01,tier1
WXLKrhJtTLA,WXLKrhJtTLA.mp4,64.578,66.43,segment_too_short,,cutfix_full_tier1_20260729_01,tier1
WXLKrhJtTLA,WXLKrhJtTLA.mp4,74.498,75.358,segment_too_short,,cutfix_full_tier1_20260729_01,tier1
WXLKrhJtTLA,WXLKrhJtTLA.mp4,75.778,77.662,segment_too_short,,cutfix_full_tier1_20260729_01,tier1
WXLKrhJtTLA,WXLKrhJtTLA.mp4,82.434,83.55,segment_too_short,,cutfix_full_tier1_20260729_01,tier1
WXLKrhJtTLA,WXLKrhJtTLA.mp4,92.098,93.598,segment_too_short,,cutfix_full_tier1_20260729_01,tier1
WXLKrhJtTLA,WXLKrhJtTLA.mp4,93.858,95.006,segment_too_short,,cutfix_full_tier1_20260729_01,tier1
WXLKrhJtTLA,WXLKrhJtTLA.mp4,123.682,125.63,segment_too_short,,cutfix_full_tier1_20260729_01,tier1
WXLKrhJtTLA,WXLKrhJtTLA.mp4,126.178,127.87,segment_too_short,,cutfix_full_tier1_20260729_01,tier1
WXLKrhJtTLA,WXLKrhJtTLA.mp4,137.57,138.686,segment_too_short,,cutfix_full_tier1_20260729_01,tier1
WXLKrhJtTLA,WXLKrhJtTLA.mp4,138.818,140.254,segment_too_short,,cutfix_full_tier1_20260729_01,tier1
WXLKrhJtTLA,WXLKrhJtTLA.mp4,148.898,149.918,segment_too_short,,cutfix_full_tier1_20260729_01,tier1
WXLKrhJtTLA,WXLKrhJtTLA.mp4,150.146,150.718,segment_too_short,,cutfix_full_tier1_20260729_01,tier1
WXLKrhJtTLA,WXLKrhJtTLA.mp4,157.57,158.846,segment_too_short,,cutfix_full_tier1_20260729_01,tier1
WXLKrhJtTLA,WXLKrhJtTLA.mp4,162.178,163.71,segment_too_short,,cutfix_full_tier1_20260729_01,tier1
WXLKrhJtTLA,WXLKrhJtTLA.mp4,200.034,201.086,segment_too_short,,cutfix_full_tier1_20260729_01,tier1
WXLKrhJtTLA,WXLKrhJtTLA.mp4,205.442,207.326,segment_too_short,,cutfix_full_tier1_20260729_01,tier1
WXLKrhJtTLA,WXLKrhJtTLA.mp4,207.874,209.278,segment_too_short,,cutfix_full_tier1_20260729_01,tier1
WXLKrhJtTLA,WXLKrhJtTLA.mp4,213.026,214.398,segment_too_short,,cutfix_full_tier1_20260729_01,tier1
WXLKrhJtTLA,WXLKrhJtTLA.mp4,214.562,216.03,segment_too_short,,cutfix_full_tier1_20260729_01,tier1
WXLKrhJtTLA,WXLKrhJtTLA.mp4,235.106,236.67,segment_too_short,,cutfix_full_tier1_20260729_01,tier1
WXLKrhJtTLA,WXLKrhJtTLA.mp4,237.346,240.35,scene_cut_detected,,cutfix_full_tier1_20260729_01,tier1
WXLKrhJtTLA,WXLKrhJtTLA.mp4,243.714,247.742,scene_cut_detected,,cutfix_full_tier1_20260729_01,tier1
WXLKrhJtTLA,WXLKrhJtTLA.mp4,276.226,276.734,segment_too_short,,cutfix_full_tier1_20260729_01,tier1
WXLKrhJtTLA,WXLKrhJtTLA.mp4,296.29,297.822,segment_too_short,,cutfix_full_tier1_20260729_01,tier1
WXLKrhJtTLA,WXLKrhJtTLA.mp4,298.146,299.454,segment_too_short,,cutfix_full_tier1_20260729_01,tier1
WXLKrhJtTLA,WXLKrhJtTLA.mp4,303.458,305.374,segment_too_short,,cutfix_full_tier1_20260729_01,tier1
WXLKrhJtTLA,WXLKrhJtTLA.mp4,313.09,314.654,segment_too_short,,cutfix_full_tier1_20260729_01,tier1
WXLKrhJtTLA,WXLKrhJtTLA.mp4,318.146,319.902,segment_too_short,,cutfix_full_tier1_20260729_01,tier1
WXLKrhJtTLA,WXLKrhJtTLA.mp4,326.37,327.71,segment_too_short,,cutfix_full_tier1_20260729_01,tier1
WXLKrhJtTLA,WXLKrhJtTLA.mp4,332.29,332.734,segment_too_short,,cutfix_full_tier1_20260729_01,tier1
WXLKrhJtTLA,WXLKrhJtTLA.mp4,332.962,334.014,segment_too_short,,cutfix_full_tier1_20260729_01,tier1
WXLKrhJtTLA,WXLKrhJtTLA.mp4,342.05,343.934,segment_too_short,,cutfix_full_tier1_20260729_01,tier1
WXLKrhJtTLA,WXLKrhJtTLA.mp4,344.13,344.734,segment_too_short,,cutfix_full_tier1_20260729_01,tier1
WXLKrhJtTLA,WXLKrhJtTLA.mp4,344.866,346.494,segment_too_short,,cutfix_full_tier1_20260729_01,tier1
WXLKrhJtTLA,WXLKrhJtTLA.mp4,347.266,348.99,segment_too_short,,cutfix_full_tier1_20260729_01,tier1
WXLKrhJtTLA,WXLKrhJtTLA.mp4,364.226,365.15,segment_too_short,,cutfix_full_tier1_20260729_01,tier1
WXLKrhJtTLA,WXLKrhJtTLA.mp4,373.314,374.974,segment_too_short,,cutfix_full_tier1_20260729_01,tier1
WXLKrhJtTLA,WXLKrhJtTLA.mp4,385.058,386.206,segment_too_short,,cutfix_full_tier1_20260729_01,tier1
WXLKrhJtTLA,WXLKrhJtTLA.mp4,386.53,387.294,segment_too_short,,cutfix_full_tier1_20260729_01,tier1
WXLKrhJtTLA,WXLKrhJtTLA.mp4,387.554,388.702,segment_too_short,,cutfix_full_tier1_20260729_01,tier1
WXLKrhJtTLA,WXLKrhJtTLA.mp4,396.866,397.534,segment_too_short,,cutfix_full_tier1_20260729_01,tier1
WXLKrhJtTLA,WXLKrhJtTLA.mp4,403.042,404.062,segment_too_short,,cutfix_full_tier1_20260729_01,tier1
WXLKrhJtTLA,WXLKrhJtTLA.mp4,404.162,405.086,segment_too_short,,cutfix_full_tier1_20260729_01,tier1
WXLKrhJtTLA,WXLKrhJtTLA.mp4,405.602,406.366,segment_too_short,,cutfix_full_tier1_20260729_01,tier1
WXLKrhJtTLA,WXLKrhJtTLA.mp4,406.658,407.358,segment_too_short,,cutfix_full_tier1_20260729_01,tier1
WXLKrhJtTLA,WXLKrhJtTLA.mp4,412.738,413.598,segment_too_short,,cutfix_full_tier1_20260729_01,tier1
WXLKrhJtTLA,WXLKrhJtTLA.mp4,425.186,427.102,segment_too_short,,cutfix_full_tier1_20260729_01,tier1
WXLKrhJtTLA,WXLKrhJtTLA.mp4,435.586,436.414,segment_too_short,,cutfix_full_tier1_20260729_01,tier1
WXLKrhJtTLA,WXLKrhJtTLA.mp4,441.794,442.27,segment_too_short,,cutfix_full_tier1_20260729_01,tier1
WXLKrhJtTLA,WXLKrhJtTLA.mp4,442.594,444.414,segment_too_short,,cutfix_full_tier1_20260729_01,tier1
WXLKrhJtTLA,WXLKrhJtTLA.mp4,454.658,455.934,segment_too_short,,cutfix_full_tier1_20260729_01,tier1
WXLKrhJtTLA,WXLKrhJtTLA.mp4,458.37,459.646,segment_too_short,,cutfix_full_tier1_20260729_01,tier1
WXLKrhJtTLA,WXLKrhJtTLA.mp4,473.89,474.462,segment_too_short,,cutfix_full_tier1_20260729_01,tier1
WXLKrhJtTLA,WXLKrhJtTLA.mp4,477.09,477.886,segment_too_short,,cutfix_full_tier1_20260729_01,tier1
WXLKrhJtTLA,WXLKrhJtTLA.mp4,481.378,482.814,segment_too_short,,cutfix_full_tier1_20260729_01,tier1
WXLKrhJtTLA,WXLKrhJtTLA.mp4,513.826,514.622,segment_too_short,,cutfix_full_tier1_20260729_01,tier1
WXLKrhJtTLA,WXLKrhJtTLA.mp4,514.946,515.934,segment_too_short,,cutfix_full_tier1_20260729_01,tier1
WXLKrhJtTLA,WXLKrhJtTLA.mp4,522.146,523.742,segment_too_short,,cutfix_full_tier1_20260729_01,tier1
WXLKrhJtTLA,WXLKrhJtTLA.mp4,523.938,525.182,segment_too_short,,cutfix_full_tier1_20260729_01,tier1
WXLKrhJtTLA,WXLKrhJtTLA.mp4,525.442,526.974,segment_too_short,,cutfix_full_tier1_20260729_01,tier1
WXLKrhJtTLA,WXLKrhJtTLA.mp4,530.69,531.198,segment_too_short,,cutfix_full_tier1_20260729_01,tier1
WXLKrhJtTLA,WXLKrhJtTLA.mp4,543.01,544.062,segment_too_short,,cutfix_full_tier1_20260729_01,tier1
WXLKrhJtTLA,WXLKrhJtTLA.mp4,544.162,546.078,segment_too_short,,cutfix_full_tier1_20260729_01,tier1
WXLKrhJtTLA,WXLKrhJtTLA.mp4,546.338,547.71,segment_too_short,,cutfix_full_tier1_20260729_01,tier1
WXLKrhJtTLA,WXLKrhJtTLA.mp4,552.194,553.822,segment_too_short,,cutfix_full_tier1_20260729_01,tier1
WXLKrhJtTLA,WXLKrhJtTLA.mp4,554.018,555.582,segment_too_short,,cutfix_full_tier1_20260729_01,tier1
WXLKrhJtTLA,WXLKrhJtTLA.mp4,556.066,557.502,segment_too_short,,cutfix_full_tier1_20260729_01,tier1
WXLKrhJtTLA,WXLKrhJtTLA.mp4,557.954,558.814,segment_too_short,,cutfix_full_tier1_20260729_01,tier1
WXLKrhJtTLA,WXLKrhJtTLA.mp4,559.586,561.054,segment_too_short,,cutfix_full_tier1_20260729_01,tier1
WXLKrhJtTLA,WXLKrhJtTLA.mp4,561.186,563.006,segment_too_short,,cutfix_full_tier1_20260729_01,tier1
WXLKrhJtTLA,WXLKrhJtTLA.mp4,563.298,564.606,segment_too_short,,cutfix_full_tier1_20260729_01,tier1
WXLKrhJtTLA,WXLKrhJtTLA.mp4,565.186,565.95,segment_too_short,,cutfix_full_tier1_20260729_01,tier1
WXLKrhJtTLA,WXLKrhJtTLA.mp4,566.53,567.294,segment_too_short,,cutfix_full_tier1_20260729_01,tier1
WXLKrhJtTLA,WXLKrhJtTLA.mp4,571.554,572.702,segment_too_short,,cutfix_full_tier1_20260729_01,tier1
WXLKrhJtTLA,WXLKrhJtTLA.mp4,576.418,577.31,segment_too_short,,cutfix_full_tier1_20260729_01,tier1
WXLKrhJtTLA,WXLKrhJtTLA.mp4,581.602,582.91,segment_too_short,,cutfix_full_tier1_20260729_01,tier1
WXLKrhJtTLA,WXLKrhJtTLA.mp4,583.138,583.902,segment_too_short,,cutfix_full_tier1_20260729_01,tier1
WXLKrhJtTLA,WXLKrhJtTLA.mp4,584.162,585.534,segment_too_short,,cutfix_full_tier1_20260729_01,tier1
WXLKrhJtTLA,WXLKrhJtTLA.mp4,585.922,587.23,segment_too_short,,cutfix_full_tier1_20260729_01,tier1
WXLKrhJtTLA,WXLKrhJtTLA.mp4,587.65,588.574,segment_too_short,,cutfix_full_tier1_20260729_01,tier1
WXLKrhJtTLA,WXLKrhJtTLA.mp4,588.706,589.566,segment_too_short,,cutfix_full_tier1_20260729_01,tier1
WXLKrhJtTLA,WXLKrhJtTLA.mp4,590.146,590.75,segment_too_short,,cutfix_full_tier1_20260729_01,tier1
WXLKrhJtTLA,WXLKrhJtTLA.mp4,603.298,604.126,segment_too_short,,cutfix_full_tier1_20260729_01,tier1
WXLKrhJtTLA,WXLKrhJtTLA.mp4,604.674,606.014,segment_too_short,,cutfix_full_tier1_20260729_01,tier1
WXLKrhJtTLA,WXLKrhJtTLA.mp4,606.306,607.454,segment_too_short,,cutfix_full_tier1_20260729_01,tier1
WXLKrhJtTLA,WXLKrhJtTLA.mp4,619.234,621.214,segment_too_short,,cutfix_full_tier1_20260729_01,tier1
WXLKrhJtTLA,WXLKrhJtTLA.mp4,631.074,631.614,segment_too_short,,cutfix_full_tier1_20260729_01,tier1
WXLKrhJtTLA,WXLKrhJtTLA.mp4,639.65,641.246,segment_too_short,,cutfix_full_tier1_20260729_01,tier1
WXLKrhJtTLA,WXLKrhJtTLA.mp4,641.698,642.654,segment_too_short,,cutfix_full_tier1_20260729_01,tier1
WXLKrhJtTLA,WXLKrhJtTLA.mp4,648.45,650.302,segment_too_short,,cutfix_full_tier1_20260729_01,tier1
WXLKrhJtTLA,WXLKrhJtTLA.mp4,650.722,652.35,segment_too_short,,cutfix_full_tier1_20260729_01,tier1
WXLKrhJtTLA,WXLKrhJtTLA.mp4,653.058,653.982,segment_too_short,,cutfix_full_tier1_20260729_01,tier1
WXLKrhJtTLA,WXLKrhJtTLA.mp4,657.922,658.654,segment_too_short,,cutfix_full_tier1_20260729_01,tier1
WXLKrhJtTLA,WXLKrhJtTLA.mp4,679.938,680.446,segment_too_short,,cutfix_full_tier1_20260729_01,tier1
WXLKrhJtTLA,WXLKrhJtTLA.mp4,683.586,685.054,segment_too_short,,cutfix_full_tier1_20260729_01,tier1
WXLKrhJtTLA,WXLKrhJtTLA.mp4,697.922,699.358,segment_too_short,,cutfix_full_tier1_20260729_01,tier1
WXLKrhJtTLA,WXLKrhJtTLA.mp4,699.522,700.606,segment_too_short,,cutfix_full_tier1_20260729_01,tier1
WXLKrhJtTLA,WXLKrhJtTLA.mp4,704.866,706.526,segment_too_short,,cutfix_full_tier1_20260729_01,tier1
WXLKrhJtTLA,WXLKrhJtTLA.mp4,706.658,707.742,segment_too_short,,cutfix_full_tier1_20260729_01,tier1
WXLKrhJtTLA,WXLKrhJtTLA.mp4,713.986,715.87,segment_too_short,,cutfix_full_tier1_20260729_01,tier1
WZI5VJr4rMw,WZI5VJr4rMw.mp4,1.154,1.566,segment_too_short,,cutfix_full_tier1_20260729_01,tier1
WZI5VJr4rMw,WZI5VJr4rMw.mp4,5.826,7.006,segment_too_short,,cutfix_full_tier1_20260729_01,tier1
WZI5VJr4rMw,WZI5VJr4rMw.mp4,16.322,17.022,segment_too_short,,cutfix_full_tier1_20260729_01,tier1
WZI5VJr4rMw,WZI5VJr4rMw.mp4,29.218,37.854,scene_cut_detected,,cutfix_full_tier1_20260729_01,tier1
WZI5VJr4rMw,WZI5VJr4rMw.mp4,38.082,39.934,segment_too_short,,cutfix_full_tier1_20260729_01,tier1
WZI5VJr4rMw,WZI5VJr4rMw.mp4,40.066,41.662,segment_too_short,,cutfix_full_tier1_20260729_01,tier1
WZI5VJr4rMw,WZI5VJr4rMw.mp4,42.018,43.998,segment_too_short,,cutfix_full_tier1_20260729_01,tier1
WZI5VJr4rMw,WZI5VJr4rMw.mp4,44.162,44.83,segment_too_short,,cutfix_full_tier1_20260729_01,tier1
WZI5VJr4rMw,WZI5VJr4rMw.mp4,45.026,50.366,face_density_low,,cutfix_full_tier1_20260729_01,tier1
WZI5VJr4rMw,WZI5VJr4rMw.mp4,50.53,52.19,segment_too_short,,cutfix_full_tier1_20260729_01,tier1
WZI5VJr4rMw,WZI5VJr4rMw.mp4,54.914,57.982,face_density_low,,cutfix_full_tier1_20260729_01,tier1
WZI5VJr4rMw,WZI5VJr4rMw.mp4,58.722,59.102,segment_too_short,,cutfix_full_tier1_20260729_01,tier1
WZI5VJr4rMw,WZI5VJr4rMw.mp4,61.794,68.734,face_density_low,,cutfix_full_tier1_20260729_01,tier1
WZI5VJr4rMw,WZI5VJr4rMw.mp4,71.97,72.638,segment_too_short,,cutfix_full_tier1_20260729_01,tier1
WZI5VJr4rMw,WZI5VJr4rMw.mp4,88.514,90.398,segment_too_short,,cutfix_full_tier1_20260729_01,tier1
WZI5VJr4rMw,WZI5VJr4rMw.mp4,90.53,91.934,segment_too_short,,cutfix_full_tier1_20260729_01,tier1
WZI5VJr4rMw,WZI5VJr4rMw.mp4,92.098,93.374,segment_too_short,,cutfix_full_tier1_20260729_01,tier1
WZI5VJr4rMw,WZI5VJr4rMw.mp4,93.634,94.558,segment_too_short,,cutfix_full_tier1_20260729_01,tier1
WZI5VJr4rMw,WZI5VJr4rMw.mp4,106.658,107.486,segment_too_short,,cutfix_full_tier1_20260729_01,tier1
WZI5VJr4rMw,WZI5VJr4rMw.mp4,110.306,111.39,segment_too_short,,cutfix_full_tier1_20260729_01,tier1
WZI5VJr4rMw,WZI5VJr4rMw.mp4,111.618,113.534,segment_too_short,,cutfix_full_tier1_20260729_01,tier1
WZI5VJr4rMw,WZI5VJr4rMw.mp4,113.698,114.43,segment_too_short,,cutfix_full_tier1_20260729_01,tier1
WZI5VJr4rMw,WZI5VJr4rMw.mp4,114.53,115.454,segment_too_short,,cutfix_full_tier1_20260729_01,tier1
WZI5VJr4rMw,WZI5VJr4rMw.mp4,134.722,135.038,segment_too_short,,cutfix_full_tier1_20260729_01,tier1
WZI5VJr4rMw,WZI5VJr4rMw.mp4,135.874,136.734,segment_too_short,,cutfix_full_tier1_20260729_01,tier1
WZI5VJr4rMw,WZI5VJr4rMw.mp4,136.866,137.886,segment_too_short,,cutfix_full_tier1_20260729_01,tier1
WZI5VJr4rMw,WZI5VJr4rMw.mp4,153.218,154.878,segment_too_short,,cutfix_full_tier1_20260729_01,tier1
WZI5VJr4rMw,WZI5VJr4rMw.mp4,155.074,155.678,segment_too_short,,cutfix_full_tier1_20260729_01,tier1
WZI5VJr4rMw,WZI5VJr4rMw.mp4,164.098,165.726,segment_too_short,,cutfix_full_tier1_20260729_01,tier1
WZI5VJr4rMw,WZI5VJr4rMw.mp4,165.922,167.87,segment_too_short,,cutfix_full_tier1_20260729_01,tier1
WZI5VJr4rMw,WZI5VJr4rMw.mp4,172.034,173.31,segment_too_short,,cutfix_full_tier1_20260729_01,tier1
WZI5VJr4rMw,WZI5VJr4rMw.mp4,177.25,179.134,segment_too_short,,cutfix_full_tier1_20260729_01,tier1
WZI5VJr4rMw,WZI5VJr4rMw.mp4,181.826,183.454,segment_too_short,,cutfix_full_tier1_20260729_01,tier1
WZI5VJr4rMw,WZI5VJr4rMw.mp4,184.002,184.478,segment_too_short,,cutfix_full_tier1_20260729_01,tier1
WZI5VJr4rMw,WZI5VJr4rMw.mp4,190.37,190.974,segment_too_short,,cutfix_full_tier1_20260729_01,tier1
WZI5VJr4rMw,WZI5VJr4rMw.mp4,196.066,197.342,segment_too_short,,cutfix_full_tier1_20260729_01,tier1
WZI5VJr4rMw,WZI5VJr4rMw.mp4,197.986,199.102,segment_too_short,,cutfix_full_tier1_20260729_01,tier1
WZI5VJr4rMw,WZI5VJr4rMw.mp4,217.378,219.358,segment_too_short,,cutfix_full_tier1_20260729_01,tier1
WZI5VJr4rMw,WZI5VJr4rMw.mp4,219.618,220.35,segment_too_short,,cutfix_full_tier1_20260729_01,tier1
WZI5VJr4rMw,WZI5VJr4rMw.mp4,220.738,221.854,segment_too_short,,cutfix_full_tier1_20260729_01,tier1
WZI5VJr4rMw,WZI5VJr4rMw.mp4,226.274,227.87,segment_too_short,,cutfix_full_tier1_20260729_01,tier1
WZI5VJr4rMw,WZI5VJr4rMw.mp4,232.162,233.31,segment_too_short,,cutfix_full_tier1_20260729_01,tier1
WZI5VJr4rMw,WZI5VJr4rMw.mp4,233.602,235.518,segment_too_short,,cutfix_full_tier1_20260729_01,tier1
WZI5VJr4rMw,WZI5VJr4rMw.mp4,259.266,261.086,segment_too_short,,cutfix_full_tier1_20260729_01,tier1
WZI5VJr4rMw,WZI5VJr4rMw.mp4,274.306,275.614,segment_too_short,,cutfix_full_tier1_20260729_01,tier1
WZI5VJr4rMw,WZI5VJr4rMw.mp4,287.33,288.382,segment_too_short,,cutfix_full_tier1_20260729_01,tier1
WZI5VJr4rMw,WZI5VJr4rMw.mp4,293.602,295.454,segment_too_short,,cutfix_full_tier1_20260729_01,tier1
WZI5VJr4rMw,WZI5VJr4rMw.mp4,298.082,299.134,segment_too_short,,cutfix_full_tier1_20260729_01,tier1
WZI5VJr4rMw,WZI5VJr4rMw.mp4,299.49,301.086,segment_too_short,,cutfix_full_tier1_20260729_01,tier1
WZI5VJr4rMw,WZI5VJr4rMw.mp4,301.186,303.134,segment_too_short,,cutfix_full_tier1_20260729_01,tier1
WZI5VJr4rMw,WZI5VJr4rMw.mp4,303.234,311.07,scene_cut_detected,,cutfix_full_tier1_20260729_01,tier1
WZI5VJr4rMw,WZI5VJr4rMw.mp4,324.898,326.43,segment_too_short,,cutfix_full_tier1_20260729_01,tier1
WZI5VJr4rMw,WZI5VJr4rMw.mp4,326.882,327.55,segment_too_short,,cutfix_full_tier1_20260729_01,tier1
WZI5VJr4rMw,WZI5VJr4rMw.mp4,334.05,335.646,segment_too_short,,cutfix_full_tier1_20260729_01,tier1
WZI5VJr4rMw,WZI5VJr4rMw.mp4,336.642,337.214,segment_too_short,,cutfix_full_tier1_20260729_01,tier1
WZI5VJr4rMw,WZI5VJr4rMw.mp4,341.922,342.59,segment_too_short,,cutfix_full_tier1_20260729_01,tier1
WZI5VJr4rMw,WZI5VJr4rMw.mp4,355.97,357.758,segment_too_short,,cutfix_full_tier1_20260729_01,tier1
WZI5VJr4rMw,WZI5VJr4rMw.mp4,358.05,358.462,segment_too_short,,cutfix_full_tier1_20260729_01,tier1
WZI5VJr4rMw,WZI5VJr4rMw.mp4,358.658,360.51,segment_too_short,,cutfix_full_tier1_20260729_01,tier1
WZI5VJr4rMw,WZI5VJr4rMw.mp4,365.026,366.398,segment_too_short,,cutfix_full_tier1_20260729_01,tier1
WZI5VJr4rMw,WZI5VJr4rMw.mp4,368.93,370.59,segment_too_short,,cutfix_full_tier1_20260729_01,tier1
WZI5VJr4rMw,WZI5VJr4rMw.mp4,384.162,387.23,face_density_low,,cutfix_full_tier1_20260729_01,tier1
WZI5VJr4rMw,WZI5VJr4rMw.mp4,387.522,388.606,segment_too_short,,cutfix_full_tier1_20260729_01,tier1
WZI5VJr4rMw,WZI5VJr4rMw.mp4,392.354,393.79,segment_too_short,,cutfix_full_tier1_20260729_01,tier1
WZI5VJr4rMw,WZI5VJr4rMw.mp4,404.354,405.214,segment_too_short,,cutfix_full_tier1_20260729_01,tier1
WZI5VJr4rMw,WZI5VJr4rMw.mp4,429.218,430.814,segment_too_short,,cutfix_full_tier1_20260729_01,tier1
WZI5VJr4rMw,WZI5VJr4rMw.mp4,439.298,441.214,segment_too_short,,cutfix_full_tier1_20260729_01,tier1
WZI5VJr4rMw,WZI5VJr4rMw.mp4,445.346,447.166,segment_too_short,,cutfix_full_tier1_20260729_01,tier1
WZI5VJr4rMw,WZI5VJr4rMw.mp4,459.65,462.398,scene_cut_detected,,cutfix_full_tier1_20260729_01,tier1
WZI5VJr4rMw,WZI5VJr4rMw.mp4,489.57,490.686,segment_too_short,,cutfix_full_tier1_20260729_01,tier1
WZI5VJr4rMw,WZI5VJr4rMw.mp4,491.074,492.958,segment_too_short,,cutfix_full_tier1_20260729_01,tier1
WZI5VJr4rMw,WZI5VJr4rMw.mp4,495.618,496.51,segment_too_short,,cutfix_full_tier1_20260729_01,tier1
WZI5VJr4rMw,WZI5VJr4rMw.mp4,502.69,503.582,segment_too_short,,cutfix_full_tier1_20260729_01,tier1
WZI5VJr4rMw,WZI5VJr4rMw.mp4,519.554,520.766,segment_too_short,,cutfix_full_tier1_20260729_01,tier1
WZI5VJr4rMw,WZI5VJr4rMw.mp4,520.898,522.43,segment_too_short,,cutfix_full_tier1_20260729_01,tier1
WZI5VJr4rMw,WZI5VJr4rMw.mp4,522.658,523.55,segment_too_short,,cutfix_full_tier1_20260729_01,tier1
WZI5VJr4rMw,WZI5VJr4rMw.mp4,523.938,526.238,scene_cut_detected,,cutfix_full_tier1_20260729_01,tier1
WZI5VJr4rMw,WZI5VJr4rMw.mp4,526.37,529.79,face_density_low,,cutfix_full_tier1_20260729_01,tier1
WZI5VJr4rMw,WZI5VJr4rMw.mp4,530.146,530.942,segment_too_short,,cutfix_full_tier1_20260729_01,tier1
WZI5VJr4rMw,WZI5VJr4rMw.mp4,539.586,541.054,segment_too_short,,cutfix_full_tier1_20260729_01,tier1
WZI5VJr4rMw,WZI5VJr4rMw.mp4,541.186,541.726,segment_too_short,,cutfix_full_tier1_20260729_01,tier1
WZI5VJr4rMw,WZI5VJr4rMw.mp4,542.498,544.254,segment_too_short,,cutfix_full_tier1_20260729_01,tier1
WZI5VJr4rMw,WZI5VJr4rMw.mp4,555.01,556.254,segment_too_short,,cutfix_full_tier1_20260729_01,tier1
WZI5VJr4rMw,WZI5VJr4rMw.mp4,559.17,560.062,segment_too_short,,cutfix_full_tier1_20260729_01,tier1
WZI5VJr4rMw,WZI5VJr4rMw.mp4,560.226,562.206,segment_too_short,,cutfix_full_tier1_20260729_01,tier1
WZI5VJr4rMw,WZI5VJr4rMw.mp4,562.978,564.766,segment_too_short,,cutfix_full_tier1_20260729_01,tier1
WZI5VJr4rMw,WZI5VJr4rMw.mp4,565.09,566.942,segment_too_short,,cutfix_full_tier1_20260729_01,tier1
WZI5VJr4rMw,WZI5VJr4rMw.mp4,579.426,580.19,segment_too_short,,cutfix_full_tier1_20260729_01,tier1
WZI5VJr4rMw,WZI5VJr4rMw.mp4,580.578,582.334,segment_too_short,,cutfix_full_tier1_20260729_01,tier1
WZI5VJr4rMw,WZI5VJr4rMw.mp4,588.258,589.086,segment_too_short,,cutfix_full_tier1_20260729_01,tier1
WZI5VJr4rMw,WZI5VJr4rMw.mp4,595.49,597.214,segment_too_short,,cutfix_full_tier1_20260729_01,tier1
WZI5VJr4rMw,WZI5VJr4rMw.mp4,597.89,605.15,scene_cut_detected,,cutfix_full_tier1_20260729_01,tier1
WZI5VJr4rMw,WZI5VJr4rMw.mp4,605.506,606.59,segment_too_short,,cutfix_full_tier1_20260729_01,tier1
WZI5VJr4rMw,WZI5VJr4rMw.mp4,606.722,608.51,segment_too_short,,cutfix_full_tier1_20260729_01,tier1
WZI5VJr4rMw,WZI5VJr4rMw.mp4,650.69,651.422,segment_too_short,,cutfix_full_tier1_20260729_01,tier1
WZI5VJr4rMw,WZI5VJr4rMw.mp4,651.554,653.022,segment_too_short,,cutfix_full_tier1_20260729_01,tier1
WZI5VJr4rMw,WZI5VJr4rMw.mp4,656.866,657.31,segment_too_short,,cutfix_full_tier1_20260729_01,tier1
WZI5VJr4rMw,WZI5VJr4rMw.mp4,657.442,658.174,segment_too_short,,cutfix_full_tier1_20260729_01,tier1
WZI5VJr4rMw,WZI5VJr4rMw.mp4,658.466,659.39,segment_too_short,,cutfix_full_tier1_20260729_01,tier1
WZI5VJr4rMw,WZI5VJr4rMw.mp4,660.29,660.702,segment_too_short,,cutfix_full_tier1_20260729_01,tier1
WZI5VJr4rMw,WZI5VJr4rMw.mp4,661.154,662.878,segment_too_short,,cutfix_full_tier1_20260729_01,tier1
WZI5VJr4rMw,WZI5VJr4rMw.mp4,681.506,682.11,segment_too_short,,cutfix_full_tier1_20260729_01,tier1
WZI5VJr4rMw,WZI5VJr4rMw.mp4,686.53,688.094,segment_too_short,,cutfix_full_tier1_20260729_01,tier1
WZI5VJr4rMw,WZI5VJr4rMw.mp4,688.578,689.022,segment_too_short,,cutfix_full_tier1_20260729_01,tier1
WZI5VJr4rMw,WZI5VJr4rMw.mp4,701.506,702.974,segment_too_short,,cutfix_full_tier1_20260729_01,tier1
WZI5VJr4rMw,WZI5VJr4rMw.mp4,703.202,703.806,segment_too_short,,cutfix_full_tier1_20260729_01,tier1
WZI5VJr4rMw,WZI5VJr4rMw.mp4,711.746,712.478,segment_too_short,,cutfix_full_tier1_20260729_01,tier1
WZI5VJr4rMw,WZI5VJr4rMw.mp4,712.674,714.462,segment_too_short,,cutfix_full_tier1_20260729_01,tier1
WZI5VJr4rMw,WZI5VJr4rMw.mp4,718.946,719.646,segment_too_short,,cutfix_full_tier1_20260729_01,tier1
WZI5VJr4rMw,WZI5VJr4rMw.mp4,733.73,735.646,segment_too_short,,cutfix_full_tier1_20260729_01,tier1
WZI5VJr4rMw,WZI5VJr4rMw.mp4,736.066,737.694,segment_too_short,,cutfix_full_tier1_20260729_01,tier1
WZI5VJr4rMw,WZI5VJr4rMw.mp4,737.986,739.486,segment_too_short,,cutfix_full_tier1_20260729_01,tier1
WZI5VJr4rMw,WZI5VJr4rMw.mp4,745.762,746.43,segment_too_short,,cutfix_full_tier1_20260729_01,tier1
WZI5VJr4rMw,WZI5VJr4rMw.mp4,752.674,754.11,segment_too_short,,cutfix_full_tier1_20260729_01,tier1
WZI5VJr4rMw,WZI5VJr4rMw.mp4,754.434,755.038,segment_too_short,,cutfix_full_tier1_20260729_01,tier1
WZI5VJr4rMw,WZI5VJr4rMw.mp4,755.202,756.382,segment_too_short,,cutfix_full_tier1_20260729_01,tier1
WZI5VJr4rMw,WZI5VJr4rMw.mp4,765.794,766.878,segment_too_short,,cutfix_full_tier1_20260729_01,tier1
WZI5VJr4rMw,WZI5VJr4rMw.mp4,770.018,771.134,segment_too_short,,cutfix_full_tier1_20260729_01,tier1
WZI5VJr4rMw,WZI5VJr4rMw.mp4,775.394,776.478,segment_too_short,,cutfix_full_tier1_20260729_01,tier1
WZI5VJr4rMw,WZI5VJr4rMw.mp4,779.874,780.638,segment_too_short,,cutfix_full_tier1_20260729_01,tier1
WZI5VJr4rMw,WZI5VJr4rMw.mp4,795.842,796.926,segment_too_short,,cutfix_full_tier1_20260729_01,tier1
WZI5VJr4rMw,WZI5VJr4rMw.mp4,810.818,811.422,segment_too_short,,cutfix_full_tier1_20260729_01,tier1
WaXg8jE7yLU,WaXg8jE7yLU.mp4,0.034,1.118,segment_too_short,,cutfix_full_tier1_20260729_01,tier1
WaXg8jE7yLU,WaXg8jE7yLU.mp4,4.546,5.662,segment_too_short,,cutfix_full_tier1_20260729_01,tier1
WaXg8jE7yLU,WaXg8jE7yLU.mp4,8.866,13.118,scene_cut_detected,,cutfix_full_tier1_20260729_01,tier1
WaXg8jE7yLU,WaXg8jE7yLU.mp4,18.594,20.382,segment_too_short,,cutfix_full_tier1_20260729_01,tier1
WaXg8jE7yLU,WaXg8jE7yLU.mp4,26.274,26.974,segment_too_short,,cutfix_full_tier1_20260729_01,tier1
WaXg8jE7yLU,WaXg8jE7yLU.mp4,31.426,36.426,scene_cut_detected,,cutfix_full_tier1_20260729_01,tier1
WaXg8jE7yLU,WaXg8jE7yLU.mp4,39.426,44.426,scene_cut_detected,,cutfix_full_tier1_20260729_01,tier1
WaXg8jE7yLU,WaXg8jE7yLU.mp4,48.162,56.382,scene_cut_detected,,cutfix_full_tier1_20260729_01,tier1
WaXg8jE7yLU,WaXg8jE7yLU.mp4,59.01,64.638,scene_cut_detected,,cutfix_full_tier1_20260729_01,tier1
WaXg8jE7yLU,WaXg8jE7yLU.mp4,66.21,67.39,segment_too_short,,cutfix_full_tier1_20260729_01,tier1
WaXg8jE7yLU,WaXg8jE7yLU.mp4,74.658,75.358,segment_too_short,,cutfix_full_tier1_20260729_01,tier1
WaXg8jE7yLU,WaXg8jE7yLU.mp4,75.49,76.894,segment_too_short,,cutfix_full_tier1_20260729_01,tier1
WaXg8jE7yLU,WaXg8jE7yLU.mp4,76.994,78.11,segment_too_short,,cutfix_full_tier1_20260729_01,tier1
WaXg8jE7yLU,WaXg8jE7yLU.mp4,87.938,89.886,segment_too_short,,cutfix_full_tier1_20260729_01,tier1
WaXg8jE7yLU,WaXg8jE7yLU.mp4,93.25,94.878,segment_too_short,,cutfix_full_tier1_20260729_01,tier1
WaXg8jE7yLU,WaXg8jE7yLU.mp4,95.074,103.198,scene_cut_detected,,cutfix_full_tier1_20260729_01,tier1
WaXg8jE7yLU,WaXg8jE7yLU.mp4,103.298,104.638,segment_too_short,,cutfix_full_tier1_20260729_01,tier1
WaXg8jE7yLU,WaXg8jE7yLU.mp4,104.834,105.758,segment_too_short,,cutfix_full_tier1_20260729_01,tier1
WaXg8jE7yLU,WaXg8jE7yLU.mp4,119.714,120.03,segment_too_short,,cutfix_full_tier1_20260729_01,tier1
WaXg8jE7yLU,WaXg8jE7yLU.mp4,120.962,121.822,segment_too_short,,cutfix_full_tier1_20260729_01,tier1
WaXg8jE7yLU,WaXg8jE7yLU.mp4,122.242,127.614,scene_cut_detected,,cutfix_full_tier1_20260729_01,tier1
WaXg8jE7yLU,WaXg8jE7yLU.mp4,127.97,135.486,scene_cut_detected,,cutfix_full_tier1_20260729_01,tier1
WaXg8jE7yLU,WaXg8jE7yLU.mp4,136.226,139.39,scene_cut_detected,,cutfix_full_tier1_20260729_01,tier1
WaXg8jE7yLU,WaXg8jE7yLU.mp4,139.778,142.302,scene_cut_detected,,cutfix_full_tier1_20260729_01,tier1
WaXg8jE7yLU,WaXg8jE7yLU.mp4,142.882,147.102,scene_cut_detected,,cutfix_full_tier1_20260729_01,tier1
WaXg8jE7yLU,WaXg8jE7yLU.mp4,153.762,158.762,scene_cut_detected,,cutfix_full_tier1_20260729_01,tier1
WaXg8jE7yLU,WaXg8jE7yLU.mp4,157.762,162.762,scene_cut_detected,,cutfix_full_tier1_20260729_01,tier1
WaXg8jE7yLU,WaXg8jE7yLU.mp4,168.258,168.926,segment_too_short,,cutfix_full_tier1_20260729_01,tier1
WaXg8jE7yLU,WaXg8jE7yLU.mp4,169.474,169.79,segment_too_short,,cutfix_full_tier1_20260729_01,tier1
WaXg8jE7yLU,WaXg8jE7yLU.mp4,170.37,173.31,scene_cut_detected,,cutfix_full_tier1_20260729_01,tier1
WaXg8jE7yLU,WaXg8jE7yLU.mp4,177.154,177.982,segment_too_short,,cutfix_full_tier1_20260729_01,tier1
WaXg8jE7yLU,WaXg8jE7yLU.mp4,178.114,180.062,segment_too_short,,cutfix_full_tier1_20260729_01,tier1
WaXg8jE7yLU,WaXg8jE7yLU.mp4,180.162,182.654,scene_cut_detected,,cutfix_full_tier1_20260729_01,tier1
WaXg8jE7yLU,WaXg8jE7yLU.mp4,182.85,189.63,scene_cut_detected,,cutfix_full_tier1_20260729_01,tier1
WaXg8jE7yLU,WaXg8jE7yLU.mp4,190.018,195.018,scene_cut_detected,,cutfix_full_tier1_20260729_01,tier1
WaXg8jE7yLU,WaXg8jE7yLU.mp4,194.018,199.018,scene_cut_detected,,cutfix_full_tier1_20260729_01,tier1
WaXg8jE7yLU,WaXg8jE7yLU.mp4,202.018,207.018,scene_cut_detected,,cutfix_full_tier1_20260729_01,tier1
WaXg8jE7yLU,WaXg8jE7yLU.mp4,210.402,214.366,scene_cut_detected,,cutfix_full_tier1_20260729_01,tier1
WaXg8jE7yLU,WaXg8jE7yLU.mp4,222.274,232.83,scene_cut_detected,,cutfix_full_tier1_20260729_01,tier1
WaXg8jE7yLU,WaXg8jE7yLU.mp4,235.746,239.966,scene_cut_detected,,cutfix_full_tier1_20260729_01,tier1
WaXg8jE7yLU,WaXg8jE7yLU.mp4,240.066,241.31,segment_too_short,,cutfix_full_tier1_20260729_01,tier1
WaXg8jE7yLU,WaXg8jE7yLU.mp4,241.986,246.718,scene_cut_detected,,cutfix_full_tier1_20260729_01,tier1
WaXg8jE7yLU,WaXg8jE7yLU.mp4,246.946,249.694,scene_cut_detected,,cutfix_full_tier1_20260729_01,tier1
WaXg8jE7yLU,WaXg8jE7yLU.mp4,250.114,251.358,segment_too_short,,cutfix_full_tier1_20260729_01,tier1
WaXg8jE7yLU,WaXg8jE7yLU.mp4,255.298,256.126,segment_too_short,,cutfix_full_tier1_20260729_01,tier1
WaXg8jE7yLU,WaXg8jE7yLU.mp4,256.354,266.75,scene_cut_detected,,cutfix_full_tier1_20260729_01,tier1
WaXg8jE7yLU,WaXg8jE7yLU.mp4,266.85,268.126,segment_too_short,,cutfix_full_tier1_20260729_01,tier1
WaXg8jE7yLU,WaXg8jE7yLU.mp4,272.258,277.258,scene_cut_detected,,cutfix_full_tier1_20260729_01,tier1
WaXg8jE7yLU,WaXg8jE7yLU.mp4,276.258,281.258,scene_cut_detected,,cutfix_full_tier1_20260729_01,tier1
WaXg8jE7yLU,WaXg8jE7yLU.mp4,281.986,286.986,scene_cut_detected,,cutfix_full_tier1_20260729_01,tier1
WaXg8jE7yLU,WaXg8jE7yLU.mp4,285.986,290.986,scene_cut_detected,,cutfix_full_tier1_20260729_01,tier1
WaXg8jE7yLU,WaXg8jE7yLU.mp4,293.986,298.986,scene_cut_detected,,cutfix_full_tier1_20260729_01,tier1
WaXg8jE7yLU,WaXg8jE7yLU.mp4,297.986,302.986,scene_cut_detected,,cutfix_full_tier1_20260729_01,tier1
WaXg8jE7yLU,WaXg8jE7yLU.mp4,305.986,308.798,scene_cut_detected,,cutfix_full_tier1_20260729_01,tier1
WaXg8jE7yLU,WaXg8jE7yLU.mp4,308.93,309.726,segment_too_short,,cutfix_full_tier1_20260729_01,tier1
WaXg8jE7yLU,WaXg8jE7yLU.mp4,310.05,311.166,segment_too_short,,cutfix_full_tier1_20260729_01,tier1
WaXg8jE7yLU,WaXg8jE7yLU.mp4,311.362,316.318,scene_cut_detected,,cutfix_full_tier1_20260729_01,tier1
WaXg8jE7yLU,WaXg8jE7yLU.mp4,316.418,317.854,segment_too_short,,cutfix_full_tier1_20260729_01,tier1
WaXg8jE7yLU,WaXg8jE7yLU.mp4,321.378,322.206,segment_too_short,,cutfix_full_tier1_20260729_01,tier1
WaXg8jE7yLU,WaXg8jE7yLU.mp4,322.306,323.518,segment_too_short,,cutfix_full_tier1_20260729_01,tier1
WaXg8jE7yLU,WaXg8jE7yLU.mp4,323.682,330.43,scene_cut_detected,,cutfix_full_tier1_20260729_01,tier1
WaXg8jE7yLU,WaXg8jE7yLU.mp4,330.594,335.774,scene_cut_detected,,cutfix_full_tier1_20260729_01,tier1
WaXg8jE7yLU,WaXg8jE7yLU.mp4,335.938,337.374,segment_too_short,,cutfix_full_tier1_20260729_01,tier1
WaXg8jE7yLU,WaXg8jE7yLU.mp4,340.866,345.758,scene_cut_detected,,cutfix_full_tier1_20260729_01,tier1
WaXg8jE7yLU,WaXg8jE7yLU.mp4,346.434,347.102,segment_too_short,,cutfix_full_tier1_20260729_01,tier1
WaXg8jE7yLU,WaXg8jE7yLU.mp4,347.554,356.35,scene_cut_detected,,cutfix_full_tier1_20260729_01,tier1
WaXg8jE7yLU,WaXg8jE7yLU.mp4,356.482,363.39,scene_cut_detected,,cutfix_full_tier1_20260729_01,tier1
WaXg8jE7yLU,WaXg8jE7yLU.mp4,363.586,369.406,scene_cut_detected,,cutfix_full_tier1_20260729_01,tier1
WaXg8jE7yLU,WaXg8jE7yLU.mp4,369.826,378.27,scene_cut_detected,,cutfix_full_tier1_20260729_01,tier1
WaXg8jE7yLU,WaXg8jE7yLU.mp4,378.402,390.206,scene_cut_detected,,cutfix_full_tier1_20260729_01,tier1
WaXg8jE7yLU,WaXg8jE7yLU.mp4,395.842,403.23,scene_cut_detected,,cutfix_full_tier1_20260729_01,tier1
WaXg8jE7yLU,WaXg8jE7yLU.mp4,403.842,404.35,segment_too_short,,cutfix_full_tier1_20260729_01,tier1
WaXg8jE7yLU,WaXg8jE7yLU.mp4,404.834,405.214,segment_too_short,,cutfix_full_tier1_20260729_01,tier1
WaXg8jE7yLU,WaXg8jE7yLU.mp4,408.13,417.534,scene_cut_detected,,cutfix_full_tier1_20260729_01,tier1
WaXg8jE7yLU,WaXg8jE7yLU.mp4,418.722,421.534,scene_cut_detected,,cutfix_full_tier1_20260729_01,tier1
WaXg8jE7yLU,WaXg8jE7yLU.mp4,421.666,426.846,scene_cut_detected,,cutfix_full_tier1_20260729_01,tier1
WaXg8jE7yLU,WaXg8jE7yLU.mp4,429.506,430.654,segment_too_short,,cutfix_full_tier1_20260729_01,tier1
WaXg8jE7yLU,WaXg8jE7yLU.mp4,434.978,436.382,segment_too_short,,cutfix_full_tier1_20260729_01,tier1
WaXg8jE7yLU,WaXg8jE7yLU.mp4,442.69,443.966,segment_too_short,,cutfix_full_tier1_20260729_01,tier1
WaXg8jE7yLU,WaXg8jE7yLU.mp4,447.714,449.438,segment_too_short,,cutfix_full_tier1_20260729_01,tier1
WaXg8jE7yLU,WaXg8jE7yLU.mp4,449.57,450.238,segment_too_short,,cutfix_full_tier1_20260729_01,tier1
WaXg8jE7yLU,WaXg8jE7yLU.mp4,450.498,454.878,scene_cut_detected,,cutfix_full_tier1_20260729_01,tier1
WaXg8jE7yLU,WaXg8jE7yLU.mp4,455.266,455.966,segment_too_short,,cutfix_full_tier1_20260729_01,tier1
WaXg8jE7yLU,WaXg8jE7yLU.mp4,456.354,458.622,scene_cut_detected,,cutfix_full_tier1_20260729_01,tier1
WaXg8jE7yLU,WaXg8jE7yLU.mp4,458.818,460.062,segment_too_short,,cutfix_full_tier1_20260729_01,tier1
WaXg8jE7yLU,WaXg8jE7yLU.mp4,460.354,462.782,scene_cut_detected,,cutfix_full_tier1_20260729_01,tier1
WaXg8jE7yLU,WaXg8jE7yLU.mp4,463.202,464.094,segment_too_short,,cutfix_full_tier1_20260729_01,tier1
WaXg8jE7yLU,WaXg8jE7yLU.mp4,464.482,466.078,segment_too_short,,cutfix_full_tier1_20260729_01,tier1
WaXg8jE7yLU,WaXg8jE7yLU.mp4,466.21,467.07,segment_too_short,,cutfix_full_tier1_20260729_01,tier1
WaXg8jE7yLU,WaXg8jE7yLU.mp4,467.842,468.254,segment_too_short,,cutfix_full_tier1_20260729_01,tier1
WaXg8jE7yLU,WaXg8jE7yLU.mp4,468.674,469.79,segment_too_short,,cutfix_full_tier1_20260729_01,tier1
WaXg8jE7yLU,WaXg8jE7yLU.mp4,469.922,471.262,segment_too_short,,cutfix_full_tier1_20260729_01,tier1
WaXg8jE7yLU,WaXg8jE7yLU.mp4,471.746,476.03,scene_cut_detected,,cutfix_full_tier1_20260729_01,tier1
WaXg8jE7yLU,WaXg8jE7yLU.mp4,476.322,477.342,segment_too_short,,cutfix_full_tier1_20260729_01,tier1
WaXg8jE7yLU,WaXg8jE7yLU.mp4,477.442,478.622,segment_too_short,,cutfix_full_tier1_20260729_01,tier1
WaXg8jE7yLU,WaXg8jE7yLU.mp4,479.202,480.542,segment_too_short,,cutfix_full_tier1_20260729_01,tier1
WaXg8jE7yLU,WaXg8jE7yLU.mp4,480.866,481.854,segment_too_short,,cutfix_full_tier1_20260729_01,tier1
WaXg8jE7yLU,WaXg8jE7yLU.mp4,482.338,487.39,scene_cut_detected,,cutfix_full_tier1_20260729_01,tier1
WaXg8jE7yLU,WaXg8jE7yLU.mp4,487.906,491.678,scene_cut_detected,,cutfix_full_tier1_20260729_01,tier1
WaXg8jE7yLU,WaXg8jE7yLU.mp4,502.338,507.338,scene_cut_detected,,cutfix_full_tier1_20260729_01,tier1
WaXg8jE7yLU,WaXg8jE7yLU.mp4,506.338,511.338,scene_cut_detected,,cutfix_full_tier1_20260729_01,tier1
WaXg8jE7yLU,WaXg8jE7yLU.mp4,517.57,520.254,face_density_low,,cutfix_full_tier1_20260729_01,tier1
WaXg8jE7yLU,WaXg8jE7yLU.mp4,520.354,526.91,scene_cut_detected,,cutfix_full_tier1_20260729_01,tier1
WaXg8jE7yLU,WaXg8jE7yLU.mp4,527.074,528.67,segment_too_short,,cutfix_full_tier1_20260729_01,tier1
WaXg8jE7yLU,WaXg8jE7yLU.mp4,528.994,530.206,segment_too_short,,cutfix_full_tier1_20260729_01,tier1
WaXg8jE7yLU,WaXg8jE7yLU.mp4,530.626,534.462,scene_cut_detected,,cutfix_full_tier1_20260729_01,tier1
WaXg8jE7yLU,WaXg8jE7yLU.mp4,535.106,535.998,segment_too_short,,cutfix_full_tier1_20260729_01,tier1
WaXg8jE7yLU,WaXg8jE7yLU.mp4,539.682,543.358,scene_cut_detected,,cutfix_full_tier1_20260729_01,tier1
WaXg8jE7yLU,WaXg8jE7yLU.mp4,543.522,549.47,scene_cut_detected,,cutfix_full_tier1_20260729_01,tier1
WaXg8jE7yLU,WaXg8jE7yLU.mp4,550.178,552.414,scene_cut_detected,,cutfix_full_tier1_20260729_01,tier1
WaXg8jE7yLU,WaXg8jE7yLU.mp4,552.642,554.558,segment_too_short,,cutfix_full_tier1_20260729_01,tier1
WaXg8jE7yLU,WaXg8jE7yLU.mp4,555.586,556.222,segment_too_short,,cutfix_full_tier1_20260729_01,tier1
WaXg8jE7yLU,WaXg8jE7yLU.mp4,556.962,558.302,segment_too_short,,cutfix_full_tier1_20260729_01,tier1
WaXg8jE7yLU,WaXg8jE7yLU.mp4,558.498,561.31,scene_cut_detected,,cutfix_full_tier1_20260729_01,tier1
WaXg8jE7yLU,WaXg8jE7yLU.mp4,561.474,562.206,segment_too_short,,cutfix_full_tier1_20260729_01,tier1
WaXg8jE7yLU,WaXg8jE7yLU.mp4,563.01,565.246,scene_cut_detected,,cutfix_full_tier1_20260729_01,tier1
WaXg8jE7yLU,WaXg8jE7yLU.mp4,565.378,566.814,segment_too_short,,cutfix_full_tier1_20260729_01,tier1
WaXg8jE7yLU,WaXg8jE7yLU.mp4,568.066,568.574,segment_too_short,,cutfix_full_tier1_20260729_01,tier1
WaXg8jE7yLU,WaXg8jE7yLU.mp4,569.25,570.398,segment_too_short,,cutfix_full_tier1_20260729_01,tier1
WaXg8jE7yLU,WaXg8jE7yLU.mp4,570.594,572.03,segment_too_short,,cutfix_full_tier1_20260729_01,tier1
WaXg8jE7yLU,WaXg8jE7yLU.mp4,572.674,574.27,segment_too_short,,cutfix_full_tier1_20260729_01,tier1
WaXg8jE7yLU,WaXg8jE7yLU.mp4,578.466,578.942,segment_too_short,,cutfix_full_tier1_20260729_01,tier1
WaXg8jE7yLU,WaXg8jE7yLU.mp4,587.202,587.838,segment_too_short,,cutfix_full_tier1_20260729_01,tier1
WaXg8jE7yLU,WaXg8jE7yLU.mp4,588.098,590.238,scene_cut_detected,,cutfix_full_tier1_20260729_01,tier1
WaXg8jE7yLU,WaXg8jE7yLU.mp4,590.882,592.126,segment_too_short,,cutfix_full_tier1_20260729_01,tier1
WaXg8jE7yLU,WaXg8jE7yLU.mp4,592.514,598.046,scene_cut_detected,,cutfix_full_tier1_20260729_01,tier1
WaXg8jE7yLU,WaXg8jE7yLU.mp4,601.506,607.07,scene_cut_detected,,cutfix_full_tier1_20260729_01,tier1
WsHg9aCVIw0,WsHg9aCVIw0.mp4,26.882,28.318,segment_too_short,,cutfix_full_tier1_20260729_01,tier1
WsHg9aCVIw0,WsHg9aCVIw0.mp4,28.93,29.438,segment_too_short,,cutfix_full_tier1_20260729_01,tier1
WsHg9aCVIw0,WsHg9aCVIw0.mp4,48.706,50.27,segment_too_short,,cutfix_full_tier1_20260729_01,tier1
WsHg9aCVIw0,WsHg9aCVIw0.mp4,55.81,59.198,face_density_low,,cutfix_full_tier1_20260729_01,tier1
WsHg9aCVIw0,WsHg9aCVIw0.mp4,59.682,62.27,scene_cut_detected,,cutfix_full_tier1_20260729_01,tier1
WsHg9aCVIw0,WsHg9aCVIw0.mp4,68.354,68.862,segment_too_short,,cutfix_full_tier1_20260729_01,tier1
WsHg9aCVIw0,WsHg9aCVIw0.mp4,68.962,76.862,scene_cut_detected,,cutfix_full_tier1_20260729_01,tier1
WsHg9aCVIw0,WsHg9aCVIw0.mp4,77.218,80.99,face_density_low,,cutfix_full_tier1_20260729_01,tier1
WsHg9aCVIw0,WsHg9aCVIw0.mp4,92.226,97.822,scene_cut_detected,,cutfix_full_tier1_20260729_01,tier1
WsHg9aCVIw0,WsHg9aCVIw0.mp4,101.346,104.894,scene_cut_detected,,cutfix_full_tier1_20260729_01,tier1
WsHg9aCVIw0,WsHg9aCVIw0.mp4,105.026,106.59,segment_too_short,,cutfix_full_tier1_20260729_01,tier1
WsHg9aCVIw0,WsHg9aCVIw0.mp4,106.722,111.166,face_density_low,,cutfix_full_tier1_20260729_01,tier1
WsHg9aCVIw0,WsHg9aCVIw0.mp4,111.458,114.942,scene_cut_detected,,cutfix_full_tier1_20260729_01,tier1
WsHg9aCVIw0,WsHg9aCVIw0.mp4,115.042,116.574,segment_too_short,,cutfix_full_tier1_20260729_01,tier1
WsHg9aCVIw0,WsHg9aCVIw0.mp4,156.674,157.278,segment_too_short,,cutfix_full_tier1_20260729_01,tier1
WsHg9aCVIw0,WsHg9aCVIw0.mp4,219.266,222.782,face_density_low,,cutfix_full_tier1_20260729_01,tier1
WsHg9aCVIw0,WsHg9aCVIw0.mp4,223.49,225.246,segment_too_short,,cutfix_full_tier1_20260729_01,tier1
WsHg9aCVIw0,WsHg9aCVIw0.mp4,225.538,235.55,face_density_low,,cutfix_full_tier1_20260729_01,tier1
WsHg9aCVIw0,WsHg9aCVIw0.mp4,247.682,252.682,scene_cut_detected,,cutfix_full_tier1_20260729_01,tier1
WsHg9aCVIw0,WsHg9aCVIw0.mp4,256.322,258.942,face_density_low,,cutfix_full_tier1_20260729_01,tier1
WsHg9aCVIw0,WsHg9aCVIw0.mp4,262.754,263.422,segment_too_short,,cutfix_full_tier1_20260729_01,tier1
WsHg9aCVIw0,WsHg9aCVIw0.mp4,272.93,282.206,face_density_low,,cutfix_full_tier1_20260729_01,tier1
WsHg9aCVIw0,WsHg9aCVIw0.mp4,282.626,290.302,face_density_low,,cutfix_full_tier1_20260729_01,tier1
WsHg9aCVIw0,WsHg9aCVIw0.mp4,290.402,296.158,face_density_low,,cutfix_full_tier1_20260729_01,tier1
WsHg9aCVIw0,WsHg9aCVIw0.mp4,300.29,305.29,face_density_low,,cutfix_full_tier1_20260729_01,tier1
WsHg9aCVIw0,WsHg9aCVIw0.mp4,304.29,309.29,scene_cut_detected,,cutfix_full_tier1_20260729_01,tier1
WsHg9aCVIw0,WsHg9aCVIw0.mp4,308.29,313.29,face_density_low,,cutfix_full_tier1_20260729_01,tier1
WsHg9aCVIw0,WsHg9aCVIw0.mp4,312.29,314.846,face_density_low,,cutfix_full_tier1_20260729_01,tier1
WsHg9aCVIw0,WsHg9aCVIw0.mp4,314.946,319.582,scene_cut_detected,,cutfix_full_tier1_20260729_01,tier1
WsHg9aCVIw0,WsHg9aCVIw0.mp4,319.81,327.518,face_density_low,,cutfix_full_tier1_20260729_01,tier1
WsHg9aCVIw0,WsHg9aCVIw0.mp4,327.618,331.166,face_density_low,,cutfix_full_tier1_20260729_01,tier1
WsHg9aCVIw0,WsHg9aCVIw0.mp4,331.33,336.33,face_density_low,,cutfix_full_tier1_20260729_01,tier1
WsHg9aCVIw0,WsHg9aCVIw0.mp4,335.33,340.33,face_density_low,,cutfix_full_tier1_20260729_01,tier1
WsHg9aCVIw0,WsHg9aCVIw0.mp4,339.33,344.33,scene_cut_detected,,cutfix_full_tier1_20260729_01,tier1
WsHg9aCVIw0,WsHg9aCVIw0.mp4,343.33,348.33,face_density_low,,cutfix_full_tier1_20260729_01,tier1
WsHg9aCVIw0,WsHg9aCVIw0.mp4,347.33,350.75,scene_cut_detected,,cutfix_full_tier1_20260729_01,tier1
WsHg9aCVIw0,WsHg9aCVIw0.mp4,350.85,359.006,scene_cut_detected,,cutfix_full_tier1_20260729_01,tier1
WsHg9aCVIw0,WsHg9aCVIw0.mp4,359.234,362.622,scene_cut_detected,,cutfix_full_tier1_20260729_01,tier1
WsHg9aCVIw0,WsHg9aCVIw0.mp4,362.722,372.798,scene_cut_detected,,cutfix_full_tier1_20260729_01,tier1
WsHg9aCVIw0,WsHg9aCVIw0.mp4,373.474,382.206,face_density_low,,cutfix_full_tier1_20260729_01,tier1
WsHg9aCVIw0,WsHg9aCVIw0.mp4,382.306,387.306,face_density_low,,cutfix_full_tier1_20260729_01,tier1
WsHg9aCVIw0,WsHg9aCVIw0.mp4,386.306,391.306,face_density_low,,cutfix_full_tier1_20260729_01,tier1
WsHg9aCVIw0,WsHg9aCVIw0.mp4,390.306,395.306,face_density_low,,cutfix_full_tier1_20260729_01,tier1
WsHg9aCVIw0,WsHg9aCVIw0.mp4,394.306,399.306,face_density_low,,cutfix_full_tier1_20260729_01,tier1
WsHg9aCVIw0,WsHg9aCVIw0.mp4,398.306,402.142,face_density_low,,cutfix_full_tier1_20260729_01,tier1
WsHg9aCVIw0,WsHg9aCVIw0.mp4,402.242,406.11,scene_cut_detected,,cutfix_full_tier1_20260729_01,tier1
WsHg9aCVIw0,WsHg9aCVIw0.mp4,410.018,413.758,scene_cut_detected,,cutfix_full_tier1_20260729_01,tier1
WsHg9aCVIw0,WsHg9aCVIw0.mp4,414.242,418.526,face_density_low,,cutfix_full_tier1_20260729_01,tier1
WsHg9aCVIw0,WsHg9aCVIw0.mp4,418.658,420.99,face_density_low,,cutfix_full_tier1_20260729_01,tier1
WsHg9aCVIw0,WsHg9aCVIw0.mp4,421.09,426.09,scene_cut_detected,,cutfix_full_tier1_20260729_01,tier1
WsHg9aCVIw0,WsHg9aCVIw0.mp4,425.09,430.09,face_density_low,,cutfix_full_tier1_20260729_01,tier1
WsHg9aCVIw0,WsHg9aCVIw0.mp4,429.09,434.09,face_density_low,,cutfix_full_tier1_20260729_01,tier1
WsHg9aCVIw0,WsHg9aCVIw0.mp4,433.09,438.09,scene_cut_detected,,cutfix_full_tier1_20260729_01,tier1
WsHg9aCVIw0,WsHg9aCVIw0.mp4,437.09,442.09,face_density_low,,cutfix_full_tier1_20260729_01,tier1
WsHg9aCVIw0,WsHg9aCVIw0.mp4,441.09,445.982,scene_cut_detected,,cutfix_full_tier1_20260729_01,tier1
WsHg9aCVIw0,WsHg9aCVIw0.mp4,446.146,451.146,face_density_low,,cutfix_full_tier1_20260729_01,tier1
WsHg9aCVIw0,WsHg9aCVIw0.mp4,450.146,455.146,face_density_low,,cutfix_full_tier1_20260729_01,tier1
WsHg9aCVIw0,WsHg9aCVIw0.mp4,454.146,459.146,face_density_low,,cutfix_full_tier1_20260729_01,tier1
WsHg9aCVIw0,WsHg9aCVIw0.mp4,458.146,463.146,face_density_low,,cutfix_full_tier1_20260729_01,tier1
WsHg9aCVIw0,WsHg9aCVIw0.mp4,462.146,467.146,scene_cut_detected,,cutfix_full_tier1_20260729_01,tier1
WsHg9aCVIw0,WsHg9aCVIw0.mp4,471.554,476.554,face_density_low,,cutfix_full_tier1_20260729_01,tier1
WsHg9aCVIw0,WsHg9aCVIw0.mp4,475.554,480.554,face_density_low,,cutfix_full_tier1_20260729_01,tier1
WsHg9aCVIw0,WsHg9aCVIw0.mp4,479.554,484.554,face_density_low,,cutfix_full_tier1_20260729_01,tier1
WsHg9aCVIw0,WsHg9aCVIw0.mp4,483.554,487.006,face_density_low,,cutfix_full_tier1_20260729_01,tier1
WsHg9aCVIw0,WsHg9aCVIw0.mp4,487.298,495.198,scene_cut_detected,,cutfix_full_tier1_20260729_01,tier1
WsHg9aCVIw0,WsHg9aCVIw0.mp4,495.298,500.298,face_density_low,,cutfix_full_tier1_20260729_01,tier1
WsHg9aCVIw0,WsHg9aCVIw0.mp4,499.298,504.298,face_density_low,,cutfix_full_tier1_20260729_01,tier1
WsHg9aCVIw0,WsHg9aCVIw0.mp4,503.298,508.298,scene_cut_detected,,cutfix_full_tier1_20260729_01,tier1
WsHg9aCVIw0,WsHg9aCVIw0.mp4,507.298,510.686,face_density_low,,cutfix_full_tier1_20260729_01,tier1
WsHg9aCVIw0,WsHg9aCVIw0.mp4,511.362,519.39,face_density_low,,cutfix_full_tier1_20260729_01,tier1
WsHg9aCVIw0,WsHg9aCVIw0.mp4,519.49,526.59,face_density_low,,cutfix_full_tier1_20260729_01,tier1
WsHg9aCVIw0,WsHg9aCVIw0.mp4,526.69,531.038,face_density_low,,cutfix_full_tier1_20260729_01,tier1
WsHg9aCVIw0,WsHg9aCVIw0.mp4,531.33,537.054,face_density_low,,cutfix_full_tier1_20260729_01,tier1
WsHg9aCVIw0,WsHg9aCVIw0.mp4,537.154,537.79,segment_too_short,,cutfix_full_tier1_20260729_01,tier1
WsHg9aCVIw0,WsHg9aCVIw0.mp4,537.954,548.446,scene_cut_detected,,cutfix_full_tier1_20260729_01,tier1
WsHg9aCVIw0,WsHg9aCVIw0.mp4,551.778,556.03,face_density_low,,cutfix_full_tier1_20260729_01,tier1
WsHg9aCVIw0,WsHg9aCVIw0.mp4,556.962,561.962,scene_cut_detected,,cutfix_full_tier1_20260729_01,tier1
WsHg9aCVIw0,WsHg9aCVIw0.mp4,564.962,569.962,scene_cut_detected,,cutfix_full_tier1_20260729_01,tier1
WsHg9aCVIw0,WsHg9aCVIw0.mp4,568.962,572.83,face_density_low,,cutfix_full_tier1_20260729_01,tier1
WsHg9aCVIw0,WsHg9aCVIw0.mp4,572.93,577.93,face_density_low,,cutfix_full_tier1_20260729_01,tier1
WsHg9aCVIw0,WsHg9aCVIw0.mp4,576.93,581.93,scene_cut_detected,,cutfix_full_tier1_20260729_01,tier1
WsHg9aCVIw0,WsHg9aCVIw0.mp4,580.93,585.93,face_density_low,,cutfix_full_tier1_20260729_01,tier1
WsHg9aCVIw0,WsHg9aCVIw0.mp4,584.93,589.278,face_density_low,,cutfix_full_tier1_20260729_01,tier1
WsHg9aCVIw0,WsHg9aCVIw0.mp4,589.666,598.686,face_density_low,,cutfix_full_tier1_20260729_01,tier1
WsHg9aCVIw0,WsHg9aCVIw0.mp4,598.85,599.838,segment_too_short,,cutfix_full_tier1_20260729_01,tier1
WsHg9aCVIw0,WsHg9aCVIw0.mp4,600.514,605.342,scene_cut_detected,,cutfix_full_tier1_20260729_01,tier1
WsHg9aCVIw0,WsHg9aCVIw0.mp4,605.73,614.11,scene_cut_detected,,cutfix_full_tier1_20260729_01,tier1
WsHg9aCVIw0,WsHg9aCVIw0.mp4,614.274,619.274,face_density_low,,cutfix_full_tier1_20260729_01,tier1
WsHg9aCVIw0,WsHg9aCVIw0.mp4,618.274,623.274,scene_cut_detected,,cutfix_full_tier1_20260729_01,tier1
WsHg9aCVIw0,WsHg9aCVIw0.mp4,622.274,627.274,face_density_low,,cutfix_full_tier1_20260729_01,tier1
WsHg9aCVIw0,WsHg9aCVIw0.mp4,627.874,632.874,face_density_low,,cutfix_full_tier1_20260729_01,tier1
WsHg9aCVIw0,WsHg9aCVIw0.mp4,631.874,636.874,scene_cut_detected,,cutfix_full_tier1_20260729_01,tier1
WsHg9aCVIw0,WsHg9aCVIw0.mp4,635.874,640.874,face_density_low,,cutfix_full_tier1_20260729_01,tier1
WsHg9aCVIw0,WsHg9aCVIw0.mp4,639.874,644.874,scene_cut_detected,,cutfix_full_tier1_20260729_01,tier1
WsHg9aCVIw0,WsHg9aCVIw0.mp4,643.874,648.874,face_density_low,,cutfix_full_tier1_20260729_01,tier1
WsHg9aCVIw0,WsHg9aCVIw0.mp4,647.874,652.874,face_density_low,,cutfix_full_tier1_20260729_01,tier1
WsHg9aCVIw0,WsHg9aCVIw0.mp4,651.874,656.638,face_density_low,,cutfix_full_tier1_20260729_01,tier1
WsHg9aCVIw0,WsHg9aCVIw0.mp4,657.41,662.41,face_density_low,,cutfix_full_tier1_20260729_01,tier1
WsHg9aCVIw0,WsHg9aCVIw0.mp4,661.41,666.41,scene_cut_detected,,cutfix_full_tier1_20260729_01,tier1
WsHg9aCVIw0,WsHg9aCVIw0.mp4,669.41,674.41,face_density_low,,cutfix_full_tier1_20260729_01,tier1
WsHg9aCVIw0,WsHg9aCVIw0.mp4,673.41,678.41,face_density_low,,cutfix_full_tier1_20260729_01,tier1
WsHg9aCVIw0,WsHg9aCVIw0.mp4,677.41,682.41,face_density_low,,cutfix_full_tier1_20260729_01,tier1
WsHg9aCVIw0,WsHg9aCVIw0.mp4,682.946,687.946,face_density_low,,cutfix_full_tier1_20260729_01,tier1
WsHg9aCVIw0,WsHg9aCVIw0.mp4,686.946,691.946,face_density_low,,cutfix_full_tier1_20260729_01,tier1
WsHg9aCVIw0,WsHg9aCVIw0.mp4,690.946,695.946,face_density_low,,cutfix_full_tier1_20260729_01,tier1
WsHg9aCVIw0,WsHg9aCVIw0.mp4,696.546,706.814,face_density_low,,cutfix_full_tier1_20260729_01,tier1
WsHg9aCVIw0,WsHg9aCVIw0.mp4,706.914,707.966,segment_too_short,,cutfix_full_tier1_20260729_01,tier1
WsHg9aCVIw0,WsHg9aCVIw0.mp4,708.066,709.694,segment_too_short,,cutfix_full_tier1_20260729_01,tier1
WsHg9aCVIw0,WsHg9aCVIw0.mp4,709.954,714.59,face_density_low,,cutfix_full_tier1_20260729_01,tier1
WsHg9aCVIw0,WsHg9aCVIw0.mp4,714.722,717.886,face_density_low,,cutfix_full_tier1_20260729_01,tier1
WsHg9aCVIw0,WsHg9aCVIw0.mp4,718.05,720.222,face_density_low,,cutfix_full_tier1_20260729_01,tier1
WsHg9aCVIw0,WsHg9aCVIw0.mp4,720.61,728.254,face_density_low,,cutfix_full_tier1_20260729_01,tier1
WsHg9aCVIw0,WsHg9aCVIw0.mp4,728.578,734.334,face_density_low,,cutfix_full_tier1_20260729_01,tier1
WsHg9aCVIw0,WsHg9aCVIw0.mp4,734.594,744.51,scene_cut_detected,,cutfix_full_tier1_20260729_01,tier1
WsHg9aCVIw0,WsHg9aCVIw0.mp4,744.802,751.422,scene_cut_detected,,cutfix_full_tier1_20260729_01,tier1
WsHg9aCVIw0,WsHg9aCVIw0.mp4,751.522,754.366,face_density_low,,cutfix_full_tier1_20260729_01,tier1
WumvwG5Jk9o,WumvwG5Jk9o.mp4,21.058,21.534,segment_too_short,,cutfix_full_tier1_20260729_01,tier1
WumvwG5Jk9o,WumvwG5Jk9o.mp4,26.882,27.55,segment_too_short,,cutfix_full_tier1_20260729_01,tier1
WumvwG5Jk9o,WumvwG5Jk9o.mp4,28.674,30.302,segment_too_short,,cutfix_full_tier1_20260729_01,tier1
WumvwG5Jk9o,WumvwG5Jk9o.mp4,34.274,35.39,segment_too_short,,cutfix_full_tier1_20260729_01,tier1
WumvwG5Jk9o,WumvwG5Jk9o.mp4,67.298,68.702,segment_too_short,,cutfix_full_tier1_20260729_01,tier1
WumvwG5Jk9o,WumvwG5Jk9o.mp4,132.514,133.566,segment_too_short,,cutfix_full_tier1_20260729_01,tier1
WumvwG5Jk9o,WumvwG5Jk9o.mp4,140.29,141.374,segment_too_short,,cutfix_full_tier1_20260729_01,tier1
WumvwG5Jk9o,WumvwG5Jk9o.mp4,174.786,175.55,segment_too_short,,cutfix_full_tier1_20260729_01,tier1
WumvwG5Jk9o,WumvwG5Jk9o.mp4,182.914,184.606,segment_too_short,,cutfix_full_tier1_20260729_01,tier1
WumvwG5Jk9o,WumvwG5Jk9o.mp4,190.594,191.742,segment_too_short,,cutfix_full_tier1_20260729_01,tier1
WumvwG5Jk9o,WumvwG5Jk9o.mp4,191.906,193.886,segment_too_short,,cutfix_full_tier1_20260729_01,tier1
WumvwG5Jk9o,WumvwG5Jk9o.mp4,303.522,304.094,segment_too_short,,cutfix_full_tier1_20260729_01,tier1
WumvwG5Jk9o,WumvwG5Jk9o.mp4,318.434,319.966,segment_too_short,,cutfix_full_tier1_20260729_01,tier1
WumvwG5Jk9o,WumvwG5Jk9o.mp4,353.57,355.198,segment_too_short,,cutfix_full_tier1_20260729_01,tier1
WumvwG5Jk9o,WumvwG5Jk9o.mp4,395.522,396.606,segment_too_short,,cutfix_full_tier1_20260729_01,tier1
WumvwG5Jk9o,WumvwG5Jk9o.mp4,414.562,415.326,segment_too_short,,cutfix_full_tier1_20260729_01,tier1
WumvwG5Jk9o,WumvwG5Jk9o.mp4,415.458,416.574,segment_too_short,,cutfix_full_tier1_20260729_01,tier1
WumvwG5Jk9o,WumvwG5Jk9o.mp4,437.89,438.75,segment_too_short,,cutfix_full_tier1_20260729_01,tier1
WumvwG5Jk9o,WumvwG5Jk9o.mp4,444.386,445.79,segment_too_short,,cutfix_full_tier1_20260729_01,tier1
WumvwG5Jk9o,WumvwG5Jk9o.mp4,446.018,446.526,segment_too_short,,cutfix_full_tier1_20260729_01,tier1
WumvwG5Jk9o,WumvwG5Jk9o.mp4,447.714,448.254,segment_too_short,,cutfix_full_tier1_20260729_01,tier1
Wv2KVSy4j3E,Wv2KVSy4j3E.mp4,7.714,9.438,segment_too_short,,cutfix_full_tier1_20260729_01,tier1
Wv2KVSy4j3E,Wv2KVSy4j3E.mp4,9.634,10.718,segment_too_short,,cutfix_full_tier1_20260729_01,tier1
Wv2KVSy4j3E,Wv2KVSy4j3E.mp4,16.834,17.982,segment_too_short,,cutfix_full_tier1_20260729_01,tier1
Wv2KVSy4j3E,Wv2KVSy4j3E.mp4,18.146,19.71,segment_too_short,,cutfix_full_tier1_20260729_01,tier1
Wv2KVSy4j3E,Wv2KVSy4j3E.mp4,20.706,21.566,segment_too_short,,cutfix_full_tier1_20260729_01,tier1
Wv2KVSy4j3E,Wv2KVSy4j3E.mp4,21.954,23.646,segment_too_short,,cutfix_full_tier1_20260729_01,tier1
Wv2KVSy4j3E,Wv2KVSy4j3E.mp4,26.082,27.198,segment_too_short,,cutfix_full_tier1_20260729_01,tier1
Wv2KVSy4j3E,Wv2KVSy4j3E.mp4,31.714,32.382,segment_too_short,,cutfix_full_tier1_20260729_01,tier1
Wv2KVSy4j3E,Wv2KVSy4j3E.mp4,35.554,36.446,segment_too_short,,cutfix_full_tier1_20260729_01,tier1
Wv2KVSy4j3E,Wv2KVSy4j3E.mp4,43.554,43.966,segment_too_short,,cutfix_full_tier1_20260729_01,tier1
Wv2KVSy4j3E,Wv2KVSy4j3E.mp4,44.546,45.566,segment_too_short,,cutfix_full_tier1_20260729_01,tier1
Wv2KVSy4j3E,Wv2KVSy4j3E.mp4,48.994,50.334,segment_too_short,,cutfix_full_tier1_20260729_01,tier1
Wv2KVSy4j3E,Wv2KVSy4j3E.mp4,57.442,59.198,segment_too_short,,cutfix_full_tier1_20260729_01,tier1
Wv2KVSy4j3E,Wv2KVSy4j3E.mp4,59.49,60.414,segment_too_short,,cutfix_full_tier1_20260729_01,tier1
Wv2KVSy4j3E,Wv2KVSy4j3E.mp4,64.642,65.63,segment_too_short,,cutfix_full_tier1_20260729_01,tier1
Wv2KVSy4j3E,Wv2KVSy4j3E.mp4,65.762,67.582,segment_too_short,,cutfix_full_tier1_20260729_01,tier1
Wv2KVSy4j3E,Wv2KVSy4j3E.mp4,67.874,68.958,segment_too_short,,cutfix_full_tier1_20260729_01,tier1
Wv2KVSy4j3E,Wv2KVSy4j3E.mp4,72.098,73.502,segment_too_short,,cutfix_full_tier1_20260729_01,tier1
Wv2KVSy4j3E,Wv2KVSy4j3E.mp4,73.826,75.166,segment_too_short,,cutfix_full_tier1_20260729_01,tier1
Wv2KVSy4j3E,Wv2KVSy4j3E.mp4,78.082,79.07,segment_too_short,,cutfix_full_tier1_20260729_01,tier1
Wv2KVSy4j3E,Wv2KVSy4j3E.mp4,79.234,80.094,segment_too_short,,cutfix_full_tier1_20260729_01,tier1
Wv2KVSy4j3E,Wv2KVSy4j3E.mp4,80.258,81.118,segment_too_short,,cutfix_full_tier1_20260729_01,tier1
Wv2KVSy4j3E,Wv2KVSy4j3E.mp4,90.53,91.55,segment_too_short,,cutfix_full_tier1_20260729_01,tier1
Wv2KVSy4j3E,Wv2KVSy4j3E.mp4,91.714,93.374,segment_too_short,,cutfix_full_tier1_20260729_01,tier1
Wv2KVSy4j3E,Wv2KVSy4j3E.mp4,93.634,94.462,segment_too_short,,cutfix_full_tier1_20260729_01,tier1
Wv2KVSy4j3E,Wv2KVSy4j3E.mp4,104.77,105.886,segment_too_short,,cutfix_full_tier1_20260729_01,tier1
Wv2KVSy4j3E,Wv2KVSy4j3E.mp4,108.738,110.334,segment_too_short,,cutfix_full_tier1_20260729_01,tier1
Wv2KVSy4j3E,Wv2KVSy4j3E.mp4,115.97,117.662,segment_too_short,,cutfix_full_tier1_20260729_01,tier1
Wv2KVSy4j3E,Wv2KVSy4j3E.mp4,117.858,119.806,segment_too_short,,cutfix_full_tier1_20260729_01,tier1
Wv2KVSy4j3E,Wv2KVSy4j3E.mp4,120.002,120.99,segment_too_short,,cutfix_full_tier1_20260729_01,tier1
Wv2KVSy4j3E,Wv2KVSy4j3E.mp4,121.41,122.142,segment_too_short,,cutfix_full_tier1_20260729_01,tier1
Wv2KVSy4j3E,Wv2KVSy4j3E.mp4,122.242,123.39,segment_too_short,,cutfix_full_tier1_20260729_01,tier1
Wv2KVSy4j3E,Wv2KVSy4j3E.mp4,123.586,125.054,segment_too_short,,cutfix_full_tier1_20260729_01,tier1
Wv2KVSy4j3E,Wv2KVSy4j3E.mp4,125.186,126.526,segment_too_short,,cutfix_full_tier1_20260729_01,tier1
Wv2KVSy4j3E,Wv2KVSy4j3E.mp4,126.626,129.502,scene_cut_detected,,cutfix_full_tier1_20260729_01,tier1
Wv2KVSy4j3E,Wv2KVSy4j3E.mp4,137.026,138.142,segment_too_short,,cutfix_full_tier1_20260729_01,tier1
Wv2KVSy4j3E,Wv2KVSy4j3E.mp4,138.69,139.198,segment_too_short,,cutfix_full_tier1_20260729_01,tier1
Wv2KVSy4j3E,Wv2KVSy4j3E.mp4,139.394,140.734,segment_too_short,,cutfix_full_tier1_20260729_01,tier1
Wv2KVSy4j3E,Wv2KVSy4j3E.mp4,141.538,143.358,segment_too_short,,cutfix_full_tier1_20260729_01,tier1
Wv2KVSy4j3E,Wv2KVSy4j3E.mp4,145.922,146.974,segment_too_short,,cutfix_full_tier1_20260729_01,tier1
Wv2KVSy4j3E,Wv2KVSy4j3E.mp4,147.234,148.766,segment_too_short,,cutfix_full_tier1_20260729_01,tier1
Wv2KVSy4j3E,Wv2KVSy4j3E.mp4,149.026,149.886,segment_too_short,,cutfix_full_tier1_20260729_01,tier1
Wv2KVSy4j3E,Wv2KVSy4j3E.mp4,150.146,151.742,segment_too_short,,cutfix_full_tier1_20260729_01,tier1
Wv2KVSy4j3E,Wv2KVSy4j3E.mp4,152.002,153.246,segment_too_short,,cutfix_full_tier1_20260729_01,tier1
Wv2KVSy4j3E,Wv2KVSy4j3E.mp4,157.73,159.71,segment_too_short,,cutfix_full_tier1_20260729_01,tier1
Wv2KVSy4j3E,Wv2KVSy4j3E.mp4,162.274,163.454,segment_too_short,,cutfix_full_tier1_20260729_01,tier1
Wv2KVSy4j3E,Wv2KVSy4j3E.mp4,163.65,164.574,segment_too_short,,cutfix_full_tier1_20260729_01,tier1
Wv2KVSy4j3E,Wv2KVSy4j3E.mp4,164.706,166.078,segment_too_short,,cutfix_full_tier1_20260729_01,tier1
Wv2KVSy4j3E,Wv2KVSy4j3E.mp4,171.714,173.47,segment_too_short,,cutfix_full_tier1_20260729_01,tier1
Wv2KVSy4j3E,Wv2KVSy4j3E.mp4,173.602,176.286,scene_cut_detected,,cutfix_full_tier1_20260729_01,tier1
Wv2KVSy4j3E,Wv2KVSy4j3E.mp4,176.418,176.894,segment_too_short,,cutfix_full_tier1_20260729_01,tier1
Wv2KVSy4j3E,Wv2KVSy4j3E.mp4,207.458,209.342,segment_too_short,,cutfix_full_tier1_20260729_01,tier1
Wv2KVSy4j3E,Wv2KVSy4j3E.mp4,214.306,215.646,segment_too_short,,cutfix_full_tier1_20260729_01,tier1
Wv2KVSy4j3E,Wv2KVSy4j3E.mp4,216.194,217.918,segment_too_short,,cutfix_full_tier1_20260729_01,tier1
Wv2KVSy4j3E,Wv2KVSy4j3E.mp4,218.338,219.422,segment_too_short,,cutfix_full_tier1_20260729_01,tier1
Wv2KVSy4j3E,Wv2KVSy4j3E.mp4,220.418,222.878,scene_cut_detected,,cutfix_full_tier1_20260729_01,tier1
Wv2KVSy4j3E,Wv2KVSy4j3E.mp4,223.298,227.39,face_density_low,,cutfix_full_tier1_20260729_01,tier1
Wv2KVSy4j3E,Wv2KVSy4j3E.mp4,231.33,232.638,segment_too_short,,cutfix_full_tier1_20260729_01,tier1
Wv2KVSy4j3E,Wv2KVSy4j3E.mp4,233.218,233.758,segment_too_short,,cutfix_full_tier1_20260729_01,tier1
Wv2KVSy4j3E,Wv2KVSy4j3E.mp4,234.306,235.678,segment_too_short,,cutfix_full_tier1_20260729_01,tier1
Wv2KVSy4j3E,Wv2KVSy4j3E.mp4,235.874,237.822,segment_too_short,,cutfix_full_tier1_20260729_01,tier1
Wv2KVSy4j3E,Wv2KVSy4j3E.mp4,238.722,241.63,face_density_low,,cutfix_full_tier1_20260729_01,tier1
Wv2KVSy4j3E,Wv2KVSy4j3E.mp4,242.338,244.702,face_density_low,,cutfix_full_tier1_20260729_01,tier1
Wv2KVSy4j3E,Wv2KVSy4j3E.mp4,245.154,246.654,segment_too_short,,cutfix_full_tier1_20260729_01,tier1
Wv2KVSy4j3E,Wv2KVSy4j3E.mp4,247.234,248.798,segment_too_short,,cutfix_full_tier1_20260729_01,tier1
Wv2KVSy4j3E,Wv2KVSy4j3E.mp4,252.258,253.342,segment_too_short,,cutfix_full_tier1_20260729_01,tier1
Wv2KVSy4j3E,Wv2KVSy4j3E.mp4,253.57,255.07,segment_too_short,,cutfix_full_tier1_20260729_01,tier1
Wv2KVSy4j3E,Wv2KVSy4j3E.mp4,255.33,256.606,segment_too_short,,cutfix_full_tier1_20260729_01,tier1
Wv2KVSy4j3E,Wv2KVSy4j3E.mp4,257.058,258.142,segment_too_short,,cutfix_full_tier1_20260729_01,tier1
Wv2KVSy4j3E,Wv2KVSy4j3E.mp4,259.362,262.494,scene_cut_detected,,cutfix_full_tier1_20260729_01,tier1
Wv2KVSy4j3E,Wv2KVSy4j3E.mp4,263.17,264.318,segment_too_short,,cutfix_full_tier1_20260729_01,tier1
Wv2KVSy4j3E,Wv2KVSy4j3E.mp4,264.546,265.086,segment_too_short,,cutfix_full_tier1_20260729_01,tier1
Wv2KVSy4j3E,Wv2KVSy4j3E.mp4,265.442,267.902,scene_cut_detected,,cutfix_full_tier1_20260729_01,tier1
Wv2KVSy4j3E,Wv2KVSy4j3E.mp4,268.642,271.262,face_density_low,,cutfix_full_tier1_20260729_01,tier1
Wv2KVSy4j3E,Wv2KVSy4j3E.mp4,272.002,273.374,segment_too_short,,cutfix_full_tier1_20260729_01,tier1
Wv2KVSy4j3E,Wv2KVSy4j3E.mp4,273.826,274.814,segment_too_short,,cutfix_full_tier1_20260729_01,tier1
Wv2KVSy4j3E,Wv2KVSy4j3E.mp4,275.234,276.51,segment_too_short,,cutfix_full_tier1_20260729_01,tier1
Wv2KVSy4j3E,Wv2KVSy4j3E.mp4,277.282,279.998,scene_cut_detected,,cutfix_full_tier1_20260729_01,tier1
Wv2KVSy4j3E,Wv2KVSy4j3E.mp4,281.794,283.262,segment_too_short,,cutfix_full_tier1_20260729_01,tier1
Wv2KVSy4j3E,Wv2KVSy4j3E.mp4,284.258,286.014,segment_too_short,,cutfix_full_tier1_20260729_01,tier1
Wv2KVSy4j3E,Wv2KVSy4j3E.mp4,299.81,301.31,segment_too_short,,cutfix_full_tier1_20260729_01,tier1
Wv2KVSy4j3E,Wv2KVSy4j3E.mp4,304.706,305.406,segment_too_short,,cutfix_full_tier1_20260729_01,tier1
Wv2KVSy4j3E,Wv2KVSy4j3E.mp4,308.162,309.022,segment_too_short,,cutfix_full_tier1_20260729_01,tier1
Wv2KVSy4j3E,Wv2KVSy4j3E.mp4,310.274,311.006,segment_too_short,,cutfix_full_tier1_20260729_01,tier1
Wv2KVSy4j3E,Wv2KVSy4j3E.mp4,311.426,312.318,segment_too_short,,cutfix_full_tier1_20260729_01,tier1
Wv2KVSy4j3E,Wv2KVSy4j3E.mp4,312.93,314.91,segment_too_short,,cutfix_full_tier1_20260729_01,tier1
Wv2KVSy4j3E,Wv2KVSy4j3E.mp4,317.954,319.262,segment_too_short,,cutfix_full_tier1_20260729_01,tier1
Wv2KVSy4j3E,Wv2KVSy4j3E.mp4,319.618,321.022,segment_too_short,,cutfix_full_tier1_20260729_01,tier1
Wv2KVSy4j3E,Wv2KVSy4j3E.mp4,321.73,323.294,segment_too_short,,cutfix_full_tier1_20260729_01,tier1
Wv2KVSy4j3E,Wv2KVSy4j3E.mp4,323.97,325.47,segment_too_short,,cutfix_full_tier1_20260729_01,tier1
Wv2KVSy4j3E,Wv2KVSy4j3E.mp4,326.082,327.006,segment_too_short,,cutfix_full_tier1_20260729_01,tier1
Wv2KVSy4j3E,Wv2KVSy4j3E.mp4,329.954,330.59,segment_too_short,,cutfix_full_tier1_20260729_01,tier1
Wv2KVSy4j3E,Wv2KVSy4j3E.mp4,335.874,336.83,segment_too_short,,cutfix_full_tier1_20260729_01,tier1
Wv2KVSy4j3E,Wv2KVSy4j3E.mp4,337.506,339.07,segment_too_short,,cutfix_full_tier1_20260729_01,tier1
Wv2KVSy4j3E,Wv2KVSy4j3E.mp4,339.65,343.166,scene_cut_detected,,cutfix_full_tier1_20260729_01,tier1
Wv2KVSy4j3E,Wv2KVSy4j3E.mp4,343.426,344.798,segment_too_short,,cutfix_full_tier1_20260729_01,tier1
Wv2KVSy4j3E,Wv2KVSy4j3E.mp4,348.546,348.958,segment_too_short,,cutfix_full_tier1_20260729_01,tier1
Wv2KVSy4j3E,Wv2KVSy4j3E.mp4,353.474,354.91,segment_too_short,,cutfix_full_tier1_20260729_01,tier1
Wv2KVSy4j3E,Wv2KVSy4j3E.mp4,355.33,355.774,segment_too_short,,cutfix_full_tier1_20260729_01,tier1
Wv2KVSy4j3E,Wv2KVSy4j3E.mp4,358.882,359.262,segment_too_short,,cutfix_full_tier1_20260729_01,tier1
Wv2KVSy4j3E,Wv2KVSy4j3E.mp4,364.674,374.43,scene_cut_detected,,cutfix_full_tier1_20260729_01,tier1
Wv2KVSy4j3E,Wv2KVSy4j3E.mp4,374.85,375.774,segment_too_short,,cutfix_full_tier1_20260729_01,tier1
Wv2KVSy4j3E,Wv2KVSy4j3E.mp4,377.666,378.558,segment_too_short,,cutfix_full_tier1_20260729_01,tier1
Wv2KVSy4j3E,Wv2KVSy4j3E.mp4,381.826,383.102,segment_too_short,,cutfix_full_tier1_20260729_01,tier1
Wv2KVSy4j3E,Wv2KVSy4j3E.mp4,383.458,384.542,segment_too_short,,cutfix_full_tier1_20260729_01,tier1
Wv2KVSy4j3E,Wv2KVSy4j3E.mp4,384.962,385.918,segment_too_short,,cutfix_full_tier1_20260729_01,tier1
Wv2KVSy4j3E,Wv2KVSy4j3E.mp4,386.402,387.294,segment_too_short,,cutfix_full_tier1_20260729_01,tier1
Wv2KVSy4j3E,Wv2KVSy4j3E.mp4,387.522,388.926,segment_too_short,,cutfix_full_tier1_20260729_01,tier1
Wv2KVSy4j3E,Wv2KVSy4j3E.mp4,389.634,390.942,segment_too_short,,cutfix_full_tier1_20260729_01,tier1
Wv2KVSy4j3E,Wv2KVSy4j3E.mp4,391.362,392.67,segment_too_short,,cutfix_full_tier1_20260729_01,tier1
Wv2KVSy4j3E,Wv2KVSy4j3E.mp4,393.026,394.718,segment_too_short,,cutfix_full_tier1_20260729_01,tier1
Wv2KVSy4j3E,Wv2KVSy4j3E.mp4,395.746,396.798,segment_too_short,,cutfix_full_tier1_20260729_01,tier1
Wv2KVSy4j3E,Wv2KVSy4j3E.mp4,397.41,398.59,segment_too_short,,cutfix_full_tier1_20260729_01,tier1
Wv2KVSy4j3E,Wv2KVSy4j3E.mp4,404.034,410.462,scene_cut_detected,,cutfix_full_tier1_20260729_01,tier1
Wv2KVSy4j3E,Wv2KVSy4j3E.mp4,410.978,411.806,segment_too_short,,cutfix_full_tier1_20260729_01,tier1
Wv2KVSy4j3E,Wv2KVSy4j3E.mp4,412.514,413.79,segment_too_short,,cutfix_full_tier1_20260729_01,tier1
Wv2KVSy4j3E,Wv2KVSy4j3E.mp4,414.082,415.55,segment_too_short,,cutfix_full_tier1_20260729_01,tier1
Wv2KVSy4j3E,Wv2KVSy4j3E.mp4,416.322,417.022,segment_too_short,,cutfix_full_tier1_20260729_01,tier1
Wv2KVSy4j3E,Wv2KVSy4j3E.mp4,420.546,421.982,segment_too_short,,cutfix_full_tier1_20260729_01,tier1
Wv2KVSy4j3E,Wv2KVSy4j3E.mp4,422.562,423.262,segment_too_short,,cutfix_full_tier1_20260729_01,tier1
Wv2KVSy4j3E,Wv2KVSy4j3E.mp4,423.458,424.286,segment_too_short,,cutfix_full_tier1_20260729_01,tier1
Wv2KVSy4j3E,Wv2KVSy4j3E.mp4,424.514,425.278,segment_too_short,,cutfix_full_tier1_20260729_01,tier1
Wv2KVSy4j3E,Wv2KVSy4j3E.mp4,425.378,427.038,segment_too_short,,cutfix_full_tier1_20260729_01,tier1
Wv2KVSy4j3E,Wv2KVSy4j3E.mp4,427.33,427.966,segment_too_short,,cutfix_full_tier1_20260729_01,tier1
Wv2KVSy4j3E,Wv2KVSy4j3E.mp4,428.29,429.598,segment_too_short,,cutfix_full_tier1_20260729_01,tier1
Wv2KVSy4j3E,Wv2KVSy4j3E.mp4,434.338,435.326,segment_too_short,,cutfix_full_tier1_20260729_01,tier1
Wv2KVSy4j3E,Wv2KVSy4j3E.mp4,435.778,436.958,segment_too_short,,cutfix_full_tier1_20260729_01,tier1
Wv2KVSy4j3E,Wv2KVSy4j3E.mp4,437.058,437.918,segment_too_short,,cutfix_full_tier1_20260729_01,tier1
Wv2KVSy4j3E,Wv2KVSy4j3E.mp4,438.082,438.91,segment_too_short,,cutfix_full_tier1_20260729_01,tier1
Wv2KVSy4j3E,Wv2KVSy4j3E.mp4,444.578,446.398,segment_too_short,,cutfix_full_tier1_20260729_01,tier1
Wv2KVSy4j3E,Wv2KVSy4j3E.mp4,446.658,455.582,scene_cut_detected,,cutfix_full_tier1_20260729_01,tier1
Wv2KVSy4j3E,Wv2KVSy4j3E.mp4,455.778,456.19,segment_too_short,,cutfix_full_tier1_20260729_01,tier1
Wv2KVSy4j3E,Wv2KVSy4j3E.mp4,456.354,458.046,segment_too_short,,cutfix_full_tier1_20260729_01,tier1
Wv2KVSy4j3E,Wv2KVSy4j3E.mp4,462.53,463.87,segment_too_short,,cutfix_full_tier1_20260729_01,tier1
Wv2KVSy4j3E,Wv2KVSy4j3E.mp4,469.794,478.974,scene_cut_detected,,cutfix_full_tier1_20260729_01,tier1
Wv2KVSy4j3E,Wv2KVSy4j3E.mp4,479.074,483.166,scene_cut_detected,,cutfix_full_tier1_20260729_01,tier1
Wv2KVSy4j3E,Wv2KVSy4j3E.mp4,483.618,484.542,segment_too_short,,cutfix_full_tier1_20260729_01,tier1
Wv2KVSy4j3E,Wv2KVSy4j3E.mp4,486.338,493.214,scene_cut_detected,,cutfix_full_tier1_20260729_01,tier1
Wv2KVSy4j3E,Wv2KVSy4j3E.mp4,497.122,498.494,segment_too_short,,cutfix_full_tier1_20260729_01,tier1
Wv2KVSy4j3E,Wv2KVSy4j3E.mp4,502.242,503.454,segment_too_short,,cutfix_full_tier1_20260729_01,tier1
Wv2KVSy4j3E,Wv2KVSy4j3E.mp4,504.77,506.206,segment_too_short,,cutfix_full_tier1_20260729_01,tier1
Wv2KVSy4j3E,Wv2KVSy4j3E.mp4,506.658,507.966,segment_too_short,,cutfix_full_tier1_20260729_01,tier1
Wv2KVSy4j3E,Wv2KVSy4j3E.mp4,508.226,508.862,segment_too_short,,cutfix_full_tier1_20260729_01,tier1
Wv2KVSy4j3E,Wv2KVSy4j3E.mp4,509.954,510.974,segment_too_short,,cutfix_full_tier1_20260729_01,tier1
Wv2KVSy4j3E,Wv2KVSy4j3E.mp4,512.386,513.022,segment_too_short,,cutfix_full_tier1_20260729_01,tier1
Wv2KVSy4j3E,Wv2KVSy4j3E.mp4,513.634,515.358,segment_too_short,,cutfix_full_tier1_20260729_01,tier1
Wv2KVSy4j3E,Wv2KVSy4j3E.mp4,515.81,517.15,segment_too_short,,cutfix_full_tier1_20260729_01,tier1
Wv2KVSy4j3E,Wv2KVSy4j3E.mp4,518.338,519.102,segment_too_short,,cutfix_full_tier1_20260729_01,tier1
Wv2KVSy4j3E,Wv2KVSy4j3E.mp4,519.746,525.086,scene_cut_detected,,cutfix_full_tier1_20260729_01,tier1
Wv2KVSy4j3E,Wv2KVSy4j3E.mp4,525.666,527.294,segment_too_short,,cutfix_full_tier1_20260729_01,tier1
Wv2KVSy4j3E,Wv2KVSy4j3E.mp4,527.906,528.766,segment_too_short,,cutfix_full_tier1_20260729_01,tier1
Wv2KVSy4j3E,Wv2KVSy4j3E.mp4,530.018,531.326,segment_too_short,,cutfix_full_tier1_20260729_01,tier1
Wv2KVSy4j3E,Wv2KVSy4j3E.mp4,531.906,533.15,segment_too_short,,cutfix_full_tier1_20260729_01,tier1
Wv2KVSy4j3E,Wv2KVSy4j3E.mp4,533.986,535.198,segment_too_short,,cutfix_full_tier1_20260729_01,tier1
Wv2KVSy4j3E,Wv2KVSy4j3E.mp4,536.578,537.15,segment_too_short,,cutfix_full_tier1_20260729_01,tier1
Wv2KVSy4j3E,Wv2KVSy4j3E.mp4,537.474,538.27,segment_too_short,,cutfix_full_tier1_20260729_01,tier1
Wv2KVSy4j3E,Wv2KVSy4j3E.mp4,543.298,543.87,segment_too_short,,cutfix_full_tier1_20260729_01,tier1
Wv2KVSy4j3E,Wv2KVSy4j3E.mp4,547.394,548.606,segment_too_short,,cutfix_full_tier1_20260729_01,tier1
Wv2KVSy4j3E,Wv2KVSy4j3E.mp4,553.09,553.854,segment_too_short,,cutfix_full_tier1_20260729_01,tier1
Wv2KVSy4j3E,Wv2KVSy4j3E.mp4,554.37,554.974,segment_too_short,,cutfix_full_tier1_20260729_01,tier1
Wv2KVSy4j3E,Wv2KVSy4j3E.mp4,556.098,557.118,segment_too_short,,cutfix_full_tier1_20260729_01,tier1
Wv2KVSy4j3E,Wv2KVSy4j3E.mp4,557.442,558.43,segment_too_short,,cutfix_full_tier1_20260729_01,tier1
Wv2KVSy4j3E,Wv2KVSy4j3E.mp4,559.202,560.03,segment_too_short,,cutfix_full_tier1_20260729_01,tier1
Wv2KVSy4j3E,Wv2KVSy4j3E.mp4,564.674,565.694,segment_too_short,,cutfix_full_tier1_20260729_01,tier1
Wv2KVSy4j3E,Wv2KVSy4j3E.mp4,567.106,570.942,scene_cut_detected,,cutfix_full_tier1_20260729_01,tier1
Wv2KVSy4j3E,Wv2KVSy4j3E.mp4,571.17,572.062,segment_too_short,,cutfix_full_tier1_20260729_01,tier1
Wv2KVSy4j3E,Wv2KVSy4j3E.mp4,572.77,574.078,segment_too_short,,cutfix_full_tier1_20260729_01,tier1
Wv2KVSy4j3E,Wv2KVSy4j3E.mp4,574.466,575.774,segment_too_short,,cutfix_full_tier1_20260729_01,tier1
Wv2KVSy4j3E,Wv2KVSy4j3E.mp4,579.618,581.374,segment_too_short,,cutfix_full_tier1_20260729_01,tier1
Wv2KVSy4j3E,Wv2KVSy4j3E.mp4,591.074,592.35,segment_too_short,,cutfix_full_tier1_20260729_01,tier1
Wv2KVSy4j3E,Wv2KVSy4j3E.mp4,592.898,593.982,segment_too_short,,cutfix_full_tier1_20260729_01,tier1
Wv2KVSy4j3E,Wv2KVSy4j3E.mp4,594.242,595.454,segment_too_short,,cutfix_full_tier1_20260729_01,tier1
Wv2KVSy4j3E,Wv2KVSy4j3E.mp4,595.65,598.078,face_density_low,,cutfix_full_tier1_20260729_01,tier1
Wv2KVSy4j3E,Wv2KVSy4j3E.mp4,598.434,599.07,segment_too_short,,cutfix_full_tier1_20260729_01,tier1
Wv2KVSy4j3E,Wv2KVSy4j3E.mp4,599.458,602.27,face_density_low,,cutfix_full_tier1_20260729_01,tier1
Wv2KVSy4j3E,Wv2KVSy4j3E.mp4,603.17,604.766,segment_too_short,,cutfix_full_tier1_20260729_01,tier1
Wv2KVSy4j3E,Wv2KVSy4j3E.mp4,605.058,607.934,face_density_low,,cutfix_full_tier1_20260729_01,tier1
Wv2KVSy4j3E,Wv2KVSy4j3E.mp4,608.386,610.174,segment_too_short,,cutfix_full_tier1_20260729_01,tier1
Wv2KVSy4j3E,Wv2KVSy4j3E.mp4,610.594,612.35,segment_too_short,,cutfix_full_tier1_20260729_01,tier1
Wv2KVSy4j3E,Wv2KVSy4j3E.mp4,612.482,613.214,segment_too_short,,cutfix_full_tier1_20260729_01,tier1
Wv2KVSy4j3E,Wv2KVSy4j3E.mp4,615.65,616.254,segment_too_short,,cutfix_full_tier1_20260729_01,tier1
Wv2KVSy4j3E,Wv2KVSy4j3E.mp4,616.386,620.126,scene_cut_detected,,cutfix_full_tier1_20260729_01,tier1
Wv2KVSy4j3E,Wv2KVSy4j3E.mp4,624.418,624.734,segment_too_short,,cutfix_full_tier1_20260729_01,tier1
Wv2KVSy4j3E,Wv2KVSy4j3E.mp4,629.122,630.558,segment_too_short,,cutfix_full_tier1_20260729_01,tier1
Wv2KVSy4j3E,Wv2KVSy4j3E.mp4,634.754,635.966,segment_too_short,,cutfix_full_tier1_20260729_01,tier1
Wv2KVSy4j3E,Wv2KVSy4j3E.mp4,636.258,637.886,segment_too_short,,cutfix_full_tier1_20260729_01,tier1
Wv2KVSy4j3E,Wv2KVSy4j3E.mp4,649.698,653.182,scene_cut_detected,,cutfix_full_tier1_20260729_01,tier1
Wv2KVSy4j3E,Wv2KVSy4j3E.mp4,653.442,655.038,segment_too_short,,cutfix_full_tier1_20260729_01,tier1
Wv2KVSy4j3E,Wv2KVSy4j3E.mp4,661.698,662.75,segment_too_short,,cutfix_full_tier1_20260729_01,tier1
Wv2KVSy4j3E,Wv2KVSy4j3E.mp4,667.522,668.734,segment_too_short,,cutfix_full_tier1_20260729_01,tier1
Wv2KVSy4j3E,Wv2KVSy4j3E.mp4,669.218,673.15,scene_cut_detected,,cutfix_full_tier1_20260729_01,tier1
Wv2KVSy4j3E,Wv2KVSy4j3E.mp4,673.73,675.486,segment_too_short,,cutfix_full_tier1_20260729_01,tier1
Wv2KVSy4j3E,Wv2KVSy4j3E.mp4,680.066,681.694,segment_too_short,,cutfix_full_tier1_20260729_01,tier1
Wv2KVSy4j3E,Wv2KVSy4j3E.mp4,684.77,688.318,scene_cut_detected,,cutfix_full_tier1_20260729_01,tier1
Wv2KVSy4j3E,Wv2KVSy4j3E.mp4,690.882,692.094,segment_too_short,,cutfix_full_tier1_20260729_01,tier1
Wv2KVSy4j3E,Wv2KVSy4j3E.mp4,693.25,695.102,segment_too_short,,cutfix_full_tier1_20260729_01,tier1
Wv2KVSy4j3E,Wv2KVSy4j3E.mp4,695.586,696.414,segment_too_short,,cutfix_full_tier1_20260729_01,tier1
Wv2KVSy4j3E,Wv2KVSy4j3E.mp4,696.77,698.302,segment_too_short,,cutfix_full_tier1_20260729_01,tier1
Wv2KVSy4j3E,Wv2KVSy4j3E.mp4,698.53,700.414,segment_too_short,,cutfix_full_tier1_20260729_01,tier1
Wv2KVSy4j3E,Wv2KVSy4j3E.mp4,700.546,702.174,segment_too_short,,cutfix_full_tier1_20260729_01,tier1
Wv2KVSy4j3E,Wv2KVSy4j3E.mp4,702.466,705.406,scene_cut_detected,,cutfix_full_tier1_20260729_01,tier1
Wv2KVSy4j3E,Wv2KVSy4j3E.mp4,705.57,707.134,segment_too_short,,cutfix_full_tier1_20260729_01,tier1
Wv2KVSy4j3E,Wv2KVSy4j3E.mp4,707.682,709.854,face_density_low,,cutfix_full_tier1_20260729_01,tier1
Wv2KVSy4j3E,Wv2KVSy4j3E.mp4,710.786,711.71,segment_too_short,,cutfix_full_tier1_20260729_01,tier1
Wv2KVSy4j3E,Wv2KVSy4j3E.mp4,711.874,713.022,segment_too_short,,cutfix_full_tier1_20260729_01,tier1
Wv2KVSy4j3E,Wv2KVSy4j3E.mp4,713.282,714.782,segment_too_short,,cutfix_full_tier1_20260729_01,tier1
Wv2KVSy4j3E,Wv2KVSy4j3E.mp4,715.842,718.014,face_density_low,,cutfix_full_tier1_20260729_01,tier1
Wv2KVSy4j3E,Wv2KVSy4j3E.mp4,718.21,719.294,segment_too_short,,cutfix_full_tier1_20260729_01,tier1
Wv2KVSy4j3E,Wv2KVSy4j3E.mp4,722.85,724.766,segment_too_short,,cutfix_full_tier1_20260729_01,tier1
Wv2KVSy4j3E,Wv2KVSy4j3E.mp4,725.026,725.438,segment_too_short,,cutfix_full_tier1_20260729_01,tier1
Wv2KVSy4j3E,Wv2KVSy4j3E.mp4,725.794,731.998,scene_cut_detected,,cutfix_full_tier1_20260729_01,tier1
Wv2KVSy4j3E,Wv2KVSy4j3E.mp4,732.386,734.174,segment_too_short,,cutfix_full_tier1_20260729_01,tier1
Wv2KVSy4j3E,Wv2KVSy4j3E.mp4,734.562,735.358,segment_too_short,,cutfix_full_tier1_20260729_01,tier1
Wv2KVSy4j3E,Wv2KVSy4j3E.mp4,743.458,744.926,segment_too_short,,cutfix_full_tier1_20260729_01,tier1
X9RVmFFjGY8,X9RVmFFjGY8.mp4,0.098,1.438,segment_too_short,,cutfix_full_tier1_20260729_01,tier1
X9RVmFFjGY8,X9RVmFFjGY8.mp4,1.762,7.326,scene_cut_detected,,cutfix_full_tier1_20260729_01,tier1
X9RVmFFjGY8,X9RVmFFjGY8.mp4,7.426,8.414,segment_too_short,,cutfix_full_tier1_20260729_01,tier1
X9RVmFFjGY8,X9RVmFFjGY8.mp4,11.298,14.814,scene_cut_detected,,cutfix_full_tier1_20260729_01,tier1
X9RVmFFjGY8,X9RVmFFjGY8.mp4,18.882,20.446,segment_too_short,,cutfix_full_tier1_20260729_01,tier1
X9RVmFFjGY8,X9RVmFFjGY8.mp4,20.578,22.398,segment_too_short,,cutfix_full_tier1_20260729_01,tier1
X9RVmFFjGY8,X9RVmFFjGY8.mp4,89.73,90.142,segment_too_short,,cutfix_full_tier1_20260729_01,tier1
X9RVmFFjGY8,X9RVmFFjGY8.mp4,125.826,129.406,face_density_low,,cutfix_full_tier1_20260729_01,tier1
X9RVmFFjGY8,X9RVmFFjGY8.mp4,129.538,131.326,segment_too_short,,cutfix_full_tier1_20260729_01,tier1
X9RVmFFjGY8,X9RVmFFjGY8.mp4,131.554,133.95,face_density_low,,cutfix_full_tier1_20260729_01,tier1
X9RVmFFjGY8,X9RVmFFjGY8.mp4,139.362,140.702,segment_too_short,,cutfix_full_tier1_20260729_01,tier1
X9RVmFFjGY8,X9RVmFFjGY8.mp4,141.122,142.526,segment_too_short,,cutfix_full_tier1_20260729_01,tier1
X9RVmFFjGY8,X9RVmFFjGY8.mp4,143.33,144.126,segment_too_short,,cutfix_full_tier1_20260729_01,tier1
X9RVmFFjGY8,X9RVmFFjGY8.mp4,144.674,155.71,face_density_low,,cutfix_full_tier1_20260729_01,tier1
X9RVmFFjGY8,X9RVmFFjGY8.mp4,165.57,166.782,segment_too_short,,cutfix_full_tier1_20260729_01,tier1
X9RVmFFjGY8,X9RVmFFjGY8.mp4,174.722,179.55,face_density_low,,cutfix_full_tier1_20260729_01,tier1
X9RVmFFjGY8,X9RVmFFjGY8.mp4,179.746,181.374,segment_too_short,,cutfix_full_tier1_20260729_01,tier1
X9RVmFFjGY8,X9RVmFFjGY8.mp4,182.082,186.91,face_density_low,,cutfix_full_tier1_20260729_01,tier1
X9RVmFFjGY8,X9RVmFFjGY8.mp4,187.746,188.286,segment_too_short,,cutfix_full_tier1_20260729_01,tier1
X9RVmFFjGY8,X9RVmFFjGY8.mp4,189.154,191.902,face_density_low,,cutfix_full_tier1_20260729_01,tier1
X9RVmFFjGY8,X9RVmFFjGY8.mp4,204.162,204.958,segment_too_short,,cutfix_full_tier1_20260729_01,tier1
X9RVmFFjGY8,X9RVmFFjGY8.mp4,205.154,206.43,segment_too_short,,cutfix_full_tier1_20260729_01,tier1
X9RVmFFjGY8,X9RVmFFjGY8.mp4,206.786,218.014,face_density_low,,cutfix_full_tier1_20260729_01,tier1
X9RVmFFjGY8,X9RVmFFjGY8.mp4,218.114,219.838,segment_too_short,,cutfix_full_tier1_20260729_01,tier1
X9RVmFFjGY8,X9RVmFFjGY8.mp4,220.13,221.694,segment_too_short,,cutfix_full_tier1_20260729_01,tier1
X9RVmFFjGY8,X9RVmFFjGY8.mp4,245.25,246.366,segment_too_short,,cutfix_full_tier1_20260729_01,tier1
X9RVmFFjGY8,X9RVmFFjGY8.mp4,270.786,271.358,segment_too_short,,cutfix_full_tier1_20260729_01,tier1
X9RVmFFjGY8,X9RVmFFjGY8.mp4,286.37,287.87,segment_too_short,,cutfix_full_tier1_20260729_01,tier1
X9RVmFFjGY8,X9RVmFFjGY8.mp4,288.61,291.23,face_density_low,,cutfix_full_tier1_20260729_01,tier1
X9RVmFFjGY8,X9RVmFFjGY8.mp4,291.362,293.31,segment_too_short,,cutfix_full_tier1_20260729_01,tier1
X9RVmFFjGY8,X9RVmFFjGY8.mp4,293.41,297.918,face_density_low,,cutfix_full_tier1_20260729_01,tier1
X9RVmFFjGY8,X9RVmFFjGY8.mp4,303.298,304.638,segment_too_short,,cutfix_full_tier1_20260729_01,tier1
X9RVmFFjGY8,X9RVmFFjGY8.mp4,312.578,314.206,segment_too_short,,cutfix_full_tier1_20260729_01,tier1
X9RVmFFjGY8,X9RVmFFjGY8.mp4,341.41,342.494,segment_too_short,,cutfix_full_tier1_20260729_01,tier1
X9RVmFFjGY8,X9RVmFFjGY8.mp4,342.722,344.51,segment_too_short,,cutfix_full_tier1_20260729_01,tier1
X9RVmFFjGY8,X9RVmFFjGY8.mp4,366.946,369.054,face_density_low,,cutfix_full_tier1_20260729_01,tier1
X9RVmFFjGY8,X9RVmFFjGY8.mp4,369.346,370.206,segment_too_short,,cutfix_full_tier1_20260729_01,tier1
X9RVmFFjGY8,X9RVmFFjGY8.mp4,370.498,373.79,face_density_low,,cutfix_full_tier1_20260729_01,tier1
X9RVmFFjGY8,X9RVmFFjGY8.mp4,373.89,374.718,segment_too_short,,cutfix_full_tier1_20260729_01,tier1
X9RVmFFjGY8,X9RVmFFjGY8.mp4,377.57,378.206,segment_too_short,,cutfix_full_tier1_20260729_01,tier1
X9RVmFFjGY8,X9RVmFFjGY8.mp4,390.274,391.358,segment_too_short,,cutfix_full_tier1_20260729_01,tier1
X9RVmFFjGY8,X9RVmFFjGY8.mp4,403.522,406.558,face_density_low,,cutfix_full_tier1_20260729_01,tier1
X9RVmFFjGY8,X9RVmFFjGY8.mp4,407.682,410.718,face_density_low,,cutfix_full_tier1_20260729_01,tier1
X9RVmFFjGY8,X9RVmFFjGY8.mp4,411.394,414.782,face_density_low,,cutfix_full_tier1_20260729_01,tier1
X9RVmFFjGY8,X9RVmFFjGY8.mp4,421.794,423.166,segment_too_short,,cutfix_full_tier1_20260729_01,tier1
X9RVmFFjGY8,X9RVmFFjGY8.mp4,423.298,426.494,face_density_low,,cutfix_full_tier1_20260729_01,tier1
X9RVmFFjGY8,X9RVmFFjGY8.mp4,430.114,432.094,segment_too_short,,cutfix_full_tier1_20260729_01,tier1
X9RVmFFjGY8,X9RVmFFjGY8.mp4,434.786,441.022,face_density_low,,cutfix_full_tier1_20260729_01,tier1
X9RVmFFjGY8,X9RVmFFjGY8.mp4,457.186,463.518,face_density_low,,cutfix_full_tier1_20260729_01,tier1
X9RVmFFjGY8,X9RVmFFjGY8.mp4,473.474,475.454,segment_too_short,,cutfix_full_tier1_20260729_01,tier1
X9RVmFFjGY8,X9RVmFFjGY8.mp4,477.378,477.982,segment_too_short,,cutfix_full_tier1_20260729_01,tier1
X9RVmFFjGY8,X9RVmFFjGY8.mp4,478.114,479.166,segment_too_short,,cutfix_full_tier1_20260729_01,tier1
X9RVmFFjGY8,X9RVmFFjGY8.mp4,487.266,488.51,segment_too_short,,cutfix_full_tier1_20260729_01,tier1
X9RVmFFjGY8,X9RVmFFjGY8.mp4,504.482,507.39,face_density_low,,cutfix_full_tier1_20260729_01,tier1
X9RVmFFjGY8,X9RVmFFjGY8.mp4,516.834,517.726,segment_too_short,,cutfix_full_tier1_20260729_01,tier1
X9RVmFFjGY8,X9RVmFFjGY8.mp4,517.986,518.494,segment_too_short,,cutfix_full_tier1_20260729_01,tier1
X9RVmFFjGY8,X9RVmFFjGY8.mp4,518.594,519.902,segment_too_short,,cutfix_full_tier1_20260729_01,tier1
X9RVmFFjGY8,X9RVmFFjGY8.mp4,525.826,527.134,segment_too_short,,cutfix_full_tier1_20260729_01,tier1
X9RVmFFjGY8,X9RVmFFjGY8.mp4,538.626,540.606,segment_too_short,,cutfix_full_tier1_20260729_01,tier1
X9RVmFFjGY8,X9RVmFFjGY8.mp4,540.77,542.654,segment_too_short,,cutfix_full_tier1_20260729_01,tier1
X9RVmFFjGY8,X9RVmFFjGY8.mp4,543.042,544.734,segment_too_short,,cutfix_full_tier1_20260729_01,tier1
X9RVmFFjGY8,X9RVmFFjGY8.mp4,544.994,549.822,face_density_low,,cutfix_full_tier1_20260729_01,tier1
X9RVmFFjGY8,X9RVmFFjGY8.mp4,550.05,550.718,segment_too_short,,cutfix_full_tier1_20260729_01,tier1
X9RVmFFjGY8,X9RVmFFjGY8.mp4,550.882,552.318,segment_too_short,,cutfix_full_tier1_20260729_01,tier1
X9RVmFFjGY8,X9RVmFFjGY8.mp4,552.61,553.982,segment_too_short,,cutfix_full_tier1_20260729_01,tier1
X9RVmFFjGY8,X9RVmFFjGY8.mp4,554.818,557.95,face_density_low,,cutfix_full_tier1_20260729_01,tier1
X9RVmFFjGY8,X9RVmFFjGY8.mp4,558.21,561.534,face_density_low,,cutfix_full_tier1_20260729_01,tier1
X9RVmFFjGY8,X9RVmFFjGY8.mp4,564.386,565.278,segment_too_short,,cutfix_full_tier1_20260729_01,tier1
X9RVmFFjGY8,X9RVmFFjGY8.mp4,565.442,565.854,segment_too_short,,cutfix_full_tier1_20260729_01,tier1
X9RVmFFjGY8,X9RVmFFjGY8.mp4,565.954,567.774,segment_too_short,,cutfix_full_tier1_20260729_01,tier1
X9RVmFFjGY8,X9RVmFFjGY8.mp4,569.026,570.398,segment_too_short,,cutfix_full_tier1_20260729_01,tier1
X9RVmFFjGY8,X9RVmFFjGY8.mp4,570.786,572.638,segment_too_short,,cutfix_full_tier1_20260729_01,tier1
X9RVmFFjGY8,X9RVmFFjGY8.mp4,572.834,574.238,segment_too_short,,cutfix_full_tier1_20260729_01,tier1
X9RVmFFjGY8,X9RVmFFjGY8.mp4,582.114,583.422,segment_too_short,,cutfix_full_tier1_20260729_01,tier1
X9RVmFFjGY8,X9RVmFFjGY8.mp4,587.426,587.934,segment_too_short,,cutfix_full_tier1_20260729_01,tier1
X9RVmFFjGY8,X9RVmFFjGY8.mp4,588.578,590.878,face_density_low,,cutfix_full_tier1_20260729_01,tier1
X9RVmFFjGY8,X9RVmFFjGY8.mp4,591.362,594.43,face_density_low,,cutfix_full_tier1_20260729_01,tier1
X9RVmFFjGY8,X9RVmFFjGY8.mp4,594.722,596.638,segment_too_short,,cutfix_full_tier1_20260729_01,tier1
X9RVmFFjGY8,X9RVmFFjGY8.mp4,596.866,598.366,segment_too_short,,cutfix_full_tier1_20260729_01,tier1
X9RVmFFjGY8,X9RVmFFjGY8.mp4,599.202,600.446,segment_too_short,,cutfix_full_tier1_20260729_01,tier1
X9RVmFFjGY8,X9RVmFFjGY8.mp4,600.77,602.654,segment_too_short,,cutfix_full_tier1_20260729_01,tier1
X9RVmFFjGY8,X9RVmFFjGY8.mp4,604.418,606.334,segment_too_short,,cutfix_full_tier1_20260729_01,tier1
Xa6Pn88tiF4,Xa6Pn88tiF4.mp4,19.426,20.99,segment_too_short,,cutfix_full_tier1_20260729_01,tier1
Xa6Pn88tiF4,Xa6Pn88tiF4.mp4,24.194,24.926,segment_too_short,,cutfix_full_tier1_20260729_01,tier1
Xa6Pn88tiF4,Xa6Pn88tiF4.mp4,35.042,35.39,segment_too_short,,cutfix_full_tier1_20260729_01,tier1
Xa6Pn88tiF4,Xa6Pn88tiF4.mp4,35.746,36.19,segment_too_short,,cutfix_full_tier1_20260729_01,tier1
Xa6Pn88tiF4,Xa6Pn88tiF4.mp4,41.09,41.79,segment_too_short,,cutfix_full_tier1_20260729_01,tier1
Xa6Pn88tiF4,Xa6Pn88tiF4.mp4,42.594,44.126,segment_too_short,,cutfix_full_tier1_20260729_01,tier1
Xa6Pn88tiF4,Xa6Pn88tiF4.mp4,44.354,44.83,segment_too_short,,cutfix_full_tier1_20260729_01,tier1
Xa6Pn88tiF4,Xa6Pn88tiF4.mp4,49.922,50.494,segment_too_short,,cutfix_full_tier1_20260729_01,tier1
Xa6Pn88tiF4,Xa6Pn88tiF4.mp4,51.298,52.254,segment_too_short,,cutfix_full_tier1_20260729_01,tier1
Xa6Pn88tiF4,Xa6Pn88tiF4.mp4,54.05,55.55,segment_too_short,,cutfix_full_tier1_20260729_01,tier1
Xa6Pn88tiF4,Xa6Pn88tiF4.mp4,60.194,61.918,segment_too_short,,cutfix_full_tier1_20260729_01,tier1
Xa6Pn88tiF4,Xa6Pn88tiF4.mp4,62.146,62.558,segment_too_short,,cutfix_full_tier1_20260729_01,tier1
Xa6Pn88tiF4,Xa6Pn88tiF4.mp4,62.946,66.526,scene_cut_detected,,cutfix_full_tier1_20260729_01,tier1
Xa6Pn88tiF4,Xa6Pn88tiF4.mp4,70.498,71.71,segment_too_short,,cutfix_full_tier1_20260729_01,tier1
Xa6Pn88tiF4,Xa6Pn88tiF4.mp4,73.218,75.166,segment_too_short,,cutfix_full_tier1_20260729_01,tier1
Xa6Pn88tiF4,Xa6Pn88tiF4.mp4,79.33,79.934,segment_too_short,,cutfix_full_tier1_20260729_01,tier1
Xa6Pn88tiF4,Xa6Pn88tiF4.mp4,83.074,83.774,segment_too_short,,cutfix_full_tier1_20260729_01,tier1
Xa6Pn88tiF4,Xa6Pn88tiF4.mp4,84.706,86.238,segment_too_short,,cutfix_full_tier1_20260729_01,tier1
Xa6Pn88tiF4,Xa6Pn88tiF4.mp4,86.466,87.87,segment_too_short,,cutfix_full_tier1_20260729_01,tier1
Xa6Pn88tiF4,Xa6Pn88tiF4.mp4,91.362,92.702,segment_too_short,,cutfix_full_tier1_20260729_01,tier1
Xa6Pn88tiF4,Xa6Pn88tiF4.mp4,93.09,93.694,segment_too_short,,cutfix_full_tier1_20260729_01,tier1
Xa6Pn88tiF4,Xa6Pn88tiF4.mp4,94.498,97.31,scene_cut_detected,,cutfix_full_tier1_20260729_01,tier1
Xa6Pn88tiF4,Xa6Pn88tiF4.mp4,97.634,98.974,segment_too_short,,cutfix_full_tier1_20260729_01,tier1
Xa6Pn88tiF4,Xa6Pn88tiF4.mp4,99.458,100.094,segment_too_short,,cutfix_full_tier1_20260729_01,tier1
Xa6Pn88tiF4,Xa6Pn88tiF4.mp4,100.322,102.142,segment_too_short,,cutfix_full_tier1_20260729_01,tier1
Xa6Pn88tiF4,Xa6Pn88tiF4.mp4,102.402,103.326,segment_too_short,,cutfix_full_tier1_20260729_01,tier1
Xa6Pn88tiF4,Xa6Pn88tiF4.mp4,106.658,107.422,segment_too_short,,cutfix_full_tier1_20260729_01,tier1
Xa6Pn88tiF4,Xa6Pn88tiF4.mp4,113.922,114.366,segment_too_short,,cutfix_full_tier1_20260729_01,tier1
Xa6Pn88tiF4,Xa6Pn88tiF4.mp4,118.178,119.486,segment_too_short,,cutfix_full_tier1_20260729_01,tier1
Xa6Pn88tiF4,Xa6Pn88tiF4.mp4,119.682,121.502,segment_too_short,,cutfix_full_tier1_20260729_01,tier1
Xa6Pn88tiF4,Xa6Pn88tiF4.mp4,121.698,122.59,segment_too_short,,cutfix_full_tier1_20260729_01,tier1
Xa6Pn88tiF4,Xa6Pn88tiF4.mp4,123.49,123.966,segment_too_short,,cutfix_full_tier1_20260729_01,tier1
Xa6Pn88tiF4,Xa6Pn88tiF4.mp4,124.61,126.494,segment_too_short,,cutfix_full_tier1_20260729_01,tier1
Xa6Pn88tiF4,Xa6Pn88tiF4.mp4,126.594,127.55,segment_too_short,,cutfix_full_tier1_20260729_01,tier1
Xa6Pn88tiF4,Xa6Pn88tiF4.mp4,127.906,128.894,segment_too_short,,cutfix_full_tier1_20260729_01,tier1
Xa6Pn88tiF4,Xa6Pn88tiF4.mp4,129.314,129.822,segment_too_short,,cutfix_full_tier1_20260729_01,tier1
Xa6Pn88tiF4,Xa6Pn88tiF4.mp4,130.466,131.934,segment_too_short,,cutfix_full_tier1_20260729_01,tier1
Xa6Pn88tiF4,Xa6Pn88tiF4.mp4,132.066,133.054,segment_too_short,,cutfix_full_tier1_20260729_01,tier1
Xa6Pn88tiF4,Xa6Pn88tiF4.mp4,133.154,133.79,segment_too_short,,cutfix_full_tier1_20260729_01,tier1
Xa6Pn88tiF4,Xa6Pn88tiF4.mp4,141.314,142.142,segment_too_short,,cutfix_full_tier1_20260729_01,tier1
Xa6Pn88tiF4,Xa6Pn88tiF4.mp4,142.498,143.038,segment_too_short,,cutfix_full_tier1_20260729_01,tier1
Xa6Pn88tiF4,Xa6Pn88tiF4.mp4,150.434,151.486,segment_too_short,,cutfix_full_tier1_20260729_01,tier1
Xa6Pn88tiF4,Xa6Pn88tiF4.mp4,163.458,164.35,segment_too_short,,cutfix_full_tier1_20260729_01,tier1
Xa6Pn88tiF4,Xa6Pn88tiF4.mp4,174.21,174.686,segment_too_short,,cutfix_full_tier1_20260729_01,tier1
Xa6Pn88tiF4,Xa6Pn88tiF4.mp4,175.138,177.118,segment_too_short,,cutfix_full_tier1_20260729_01,tier1
Xa6Pn88tiF4,Xa6Pn88tiF4.mp4,181.666,182.398,segment_too_short,,cutfix_full_tier1_20260729_01,tier1
Xa6Pn88tiF4,Xa6Pn88tiF4.mp4,182.626,183.134,segment_too_short,,cutfix_full_tier1_20260729_01,tier1
Xa6Pn88tiF4,Xa6Pn88tiF4.mp4,183.298,184.062,segment_too_short,,cutfix_full_tier1_20260729_01,tier1
Xa6Pn88tiF4,Xa6Pn88tiF4.mp4,184.29,185.054,segment_too_short,,cutfix_full_tier1_20260729_01,tier1
Xa6Pn88tiF4,Xa6Pn88tiF4.mp4,185.282,185.63,segment_too_short,,cutfix_full_tier1_20260729_01,tier1
Xa6Pn88tiF4,Xa6Pn88tiF4.mp4,191.074,191.774,segment_too_short,,cutfix_full_tier1_20260729_01,tier1
Xa6Pn88tiF4,Xa6Pn88tiF4.mp4,194.466,194.942,segment_too_short,,cutfix_full_tier1_20260729_01,tier1
Xa6Pn88tiF4,Xa6Pn88tiF4.mp4,195.138,199.838,scene_cut_detected,,cutfix_full_tier1_20260729_01,tier1
Xa6Pn88tiF4,Xa6Pn88tiF4.mp4,200.034,202.558,scene_cut_detected,,cutfix_full_tier1_20260729_01,tier1
Xa6Pn88tiF4,Xa6Pn88tiF4.mp4,202.722,204.606,segment_too_short,,cutfix_full_tier1_20260729_01,tier1
Xa6Pn88tiF4,Xa6Pn88tiF4.mp4,210.85,212.542,segment_too_short,,cutfix_full_tier1_20260729_01,tier1
Xa6Pn88tiF4,Xa6Pn88tiF4.mp4,212.77,213.406,segment_too_short,,cutfix_full_tier1_20260729_01,tier1
Xa6Pn88tiF4,Xa6Pn88tiF4.mp4,216.13,216.574,segment_too_short,,cutfix_full_tier1_20260729_01,tier1
Xa6Pn88tiF4,Xa6Pn88tiF4.mp4,222.53,223.966,segment_too_short,,cutfix_full_tier1_20260729_01,tier1
Xa6Pn88tiF4,Xa6Pn88tiF4.mp4,233.41,234.654,segment_too_short,,cutfix_full_tier1_20260729_01,tier1
Xa6Pn88tiF4,Xa6Pn88tiF4.mp4,241.122,241.758,segment_too_short,,cutfix_full_tier1_20260729_01,tier1
Xa6Pn88tiF4,Xa6Pn88tiF4.mp4,246.37,246.942,segment_too_short,,cutfix_full_tier1_20260729_01,tier1
Xa6Pn88tiF4,Xa6Pn88tiF4.mp4,250.402,252.158,segment_too_short,,cutfix_full_tier1_20260729_01,tier1
Xa6Pn88tiF4,Xa6Pn88tiF4.mp4,252.738,253.214,segment_too_short,,cutfix_full_tier1_20260729_01,tier1
Xa6Pn88tiF4,Xa6Pn88tiF4.mp4,253.378,254.686,segment_too_short,,cutfix_full_tier1_20260729_01,tier1
Xa6Pn88tiF4,Xa6Pn88tiF4.mp4,255.202,255.582,segment_too_short,,cutfix_full_tier1_20260729_01,tier1
Xa6Pn88tiF4,Xa6Pn88tiF4.mp4,264.738,265.79,segment_too_short,,cutfix_full_tier1_20260729_01,tier1
Xa6Pn88tiF4,Xa6Pn88tiF4.mp4,266.178,267.102,segment_too_short,,cutfix_full_tier1_20260729_01,tier1
Xa6Pn88tiF4,Xa6Pn88tiF4.mp4,271.458,272.414,segment_too_short,,cutfix_full_tier1_20260729_01,tier1
Xa6Pn88tiF4,Xa6Pn88tiF4.mp4,272.866,273.95,segment_too_short,,cutfix_full_tier1_20260729_01,tier1
Xa6Pn88tiF4,Xa6Pn88tiF4.mp4,274.05,274.494,segment_too_short,,cutfix_full_tier1_20260729_01,tier1
Xa6Pn88tiF4,Xa6Pn88tiF4.mp4,274.626,275.294,segment_too_short,,cutfix_full_tier1_20260729_01,tier1
Xa6Pn88tiF4,Xa6Pn88tiF4.mp4,275.426,276.478,segment_too_short,,cutfix_full_tier1_20260729_01,tier1
Xa6Pn88tiF4,Xa6Pn88tiF4.mp4,280.034,280.574,segment_too_short,,cutfix_full_tier1_20260729_01,tier1
Xa6Pn88tiF4,Xa6Pn88tiF4.mp4,280.77,281.694,segment_too_short,,cutfix_full_tier1_20260729_01,tier1
Xa6Pn88tiF4,Xa6Pn88tiF4.mp4,282.402,283.358,segment_too_short,,cutfix_full_tier1_20260729_01,tier1
Xa6Pn88tiF4,Xa6Pn88tiF4.mp4,284.258,291.262,scene_cut_detected,,cutfix_full_tier1_20260729_01,tier1
Xa6Pn88tiF4,Xa6Pn88tiF4.mp4,295.074,296.478,segment_too_short,,cutfix_full_tier1_20260729_01,tier1
Xa6Pn88tiF4,Xa6Pn88tiF4.mp4,300.45,300.894,segment_too_short,,cutfix_full_tier1_20260729_01,tier1
Xa6Pn88tiF4,Xa6Pn88tiF4.mp4,300.994,302.846,segment_too_short,,cutfix_full_tier1_20260729_01,tier1
Xa6Pn88tiF4,Xa6Pn88tiF4.mp4,307.97,308.542,segment_too_short,,cutfix_full_tier1_20260729_01,tier1
Xa6Pn88tiF4,Xa6Pn88tiF4.mp4,322.722,323.454,segment_too_short,,cutfix_full_tier1_20260729_01,tier1
Xa6Pn88tiF4,Xa6Pn88tiF4.mp4,329.698,333.982,scene_cut_detected,,cutfix_full_tier1_20260729_01,tier1
Xa6Pn88tiF4,Xa6Pn88tiF4.mp4,334.306,335.614,segment_too_short,,cutfix_full_tier1_20260729_01,tier1
Xa6Pn88tiF4,Xa6Pn88tiF4.mp4,342.85,344.51,segment_too_short,,cutfix_full_tier1_20260729_01,tier1
Xa6Pn88tiF4,Xa6Pn88tiF4.mp4,347.394,347.902,segment_too_short,,cutfix_full_tier1_20260729_01,tier1
Xa6Pn88tiF4,Xa6Pn88tiF4.mp4,356.034,356.734,segment_too_short,,cutfix_full_tier1_20260729_01,tier1
Xa6Pn88tiF4,Xa6Pn88tiF4.mp4,356.866,357.79,segment_too_short,,cutfix_full_tier1_20260729_01,tier1
Xa6Pn88tiF4,Xa6Pn88tiF4.mp4,363.938,364.35,segment_too_short,,cutfix_full_tier1_20260729_01,tier1
Xa6Pn88tiF4,Xa6Pn88tiF4.mp4,364.546,366.526,segment_too_short,,cutfix_full_tier1_20260729_01,tier1
Xa6Pn88tiF4,Xa6Pn88tiF4.mp4,376.354,377.182,segment_too_short,,cutfix_full_tier1_20260729_01,tier1
Xa6Pn88tiF4,Xa6Pn88tiF4.mp4,377.282,378.078,segment_too_short,,cutfix_full_tier1_20260729_01,tier1
Xa6Pn88tiF4,Xa6Pn88tiF4.mp4,378.242,379.102,segment_too_short,,cutfix_full_tier1_20260729_01,tier1
Xa6Pn88tiF4,Xa6Pn88tiF4.mp4,382.402,382.974,segment_too_short,,cutfix_full_tier1_20260729_01,tier1
Xa6Pn88tiF4,Xa6Pn88tiF4.mp4,383.97,385.15,segment_too_short,,cutfix_full_tier1_20260729_01,tier1
Xa6Pn88tiF4,Xa6Pn88tiF4.mp4,385.442,387.422,segment_too_short,,cutfix_full_tier1_20260729_01,tier1
Xa6Pn88tiF4,Xa6Pn88tiF4.mp4,404.29,405.438,segment_too_short,,cutfix_full_tier1_20260729_01,tier1
Xa6Pn88tiF4,Xa6Pn88tiF4.mp4,413.954,415.806,segment_too_short,,cutfix_full_tier1_20260729_01,tier1
Xa6Pn88tiF4,Xa6Pn88tiF4.mp4,423.554,424.414,segment_too_short,,cutfix_full_tier1_20260729_01,tier1
Xa6Pn88tiF4,Xa6Pn88tiF4.mp4,424.962,425.438,segment_too_short,,cutfix_full_tier1_20260729_01,tier1
Xa6Pn88tiF4,Xa6Pn88tiF4.mp4,437.826,439.006,segment_too_short,,cutfix_full_tier1_20260729_01,tier1
Xa6Pn88tiF4,Xa6Pn88tiF4.mp4,439.138,440.798,segment_too_short,,cutfix_full_tier1_20260729_01,tier1
Xa6Pn88tiF4,Xa6Pn88tiF4.mp4,447.394,448.734,segment_too_short,,cutfix_full_tier1_20260729_01,tier1
Xa6Pn88tiF4,Xa6Pn88tiF4.mp4,450.498,451.742,segment_too_short,,cutfix_full_tier1_20260729_01,tier1
Xa6Pn88tiF4,Xa6Pn88tiF4.mp4,452.194,453.278,segment_too_short,,cutfix_full_tier1_20260729_01,tier1
Xa6Pn88tiF4,Xa6Pn88tiF4.mp4,453.442,454.462,segment_too_short,,cutfix_full_tier1_20260729_01,tier1
Xa6Pn88tiF4,Xa6Pn88tiF4.mp4,458.178,459.262,segment_too_short,,cutfix_full_tier1_20260729_01,tier1
Xa6Pn88tiF4,Xa6Pn88tiF4.mp4,459.554,460.478,segment_too_short,,cutfix_full_tier1_20260729_01,tier1
Xa6Pn88tiF4,Xa6Pn88tiF4.mp4,460.834,461.374,segment_too_short,,cutfix_full_tier1_20260729_01,tier1
Xa6Pn88tiF4,Xa6Pn88tiF4.mp4,464.802,465.694,segment_too_short,,cutfix_full_tier1_20260729_01,tier1
Xa6Pn88tiF4,Xa6Pn88tiF4.mp4,469.25,470.942,segment_too_short,,cutfix_full_tier1_20260729_01,tier1
Xa6Pn88tiF4,Xa6Pn88tiF4.mp4,471.394,472.094,segment_too_short,,cutfix_full_tier1_20260729_01,tier1
Xa6Pn88tiF4,Xa6Pn88tiF4.mp4,480.578,481.022,segment_too_short,,cutfix_full_tier1_20260729_01,tier1
Xa6Pn88tiF4,Xa6Pn88tiF4.mp4,481.602,482.238,segment_too_short,,cutfix_full_tier1_20260729_01,tier1
Xa6Pn88tiF4,Xa6Pn88tiF4.mp4,482.466,483.134,segment_too_short,,cutfix_full_tier1_20260729_01,tier1
Xa6Pn88tiF4,Xa6Pn88tiF4.mp4,489.026,489.438,segment_too_short,,cutfix_full_tier1_20260729_01,tier1
Xa6Pn88tiF4,Xa6Pn88tiF4.mp4,501.986,502.462,segment_too_short,,cutfix_full_tier1_20260729_01,tier1
Xa6Pn88tiF4,Xa6Pn88tiF4.mp4,503.234,503.71,segment_too_short,,cutfix_full_tier1_20260729_01,tier1
Xa6Pn88tiF4,Xa6Pn88tiF4.mp4,504.482,505.118,segment_too_short,,cutfix_full_tier1_20260729_01,tier1
Xa6Pn88tiF4,Xa6Pn88tiF4.mp4,505.25,506.046,segment_too_short,,cutfix_full_tier1_20260729_01,tier1
Xa6Pn88tiF4,Xa6Pn88tiF4.mp4,511.266,512.126,segment_too_short,,cutfix_full_tier1_20260729_01,tier1
Xa6Pn88tiF4,Xa6Pn88tiF4.mp4,512.322,512.766,segment_too_short,,cutfix_full_tier1_20260729_01,tier1
Xa6Pn88tiF4,Xa6Pn88tiF4.mp4,517.09,518.398,segment_too_short,,cutfix_full_tier1_20260729_01,tier1
Xa6Pn88tiF4,Xa6Pn88tiF4.mp4,524.226,525.278,segment_too_short,,cutfix_full_tier1_20260729_01,tier1
Xa6Pn88tiF4,Xa6Pn88tiF4.mp4,525.602,526.238,segment_too_short,,cutfix_full_tier1_20260729_01,tier1
Xa6Pn88tiF4,Xa6Pn88tiF4.mp4,530.594,531.166,segment_too_short,,cutfix_full_tier1_20260729_01,tier1
Xa6Pn88tiF4,Xa6Pn88tiF4.mp4,540.194,540.83,segment_too_short,,cutfix_full_tier1_20260729_01,tier1
Xa6Pn88tiF4,Xa6Pn88tiF4.mp4,541.186,542.238,segment_too_short,,cutfix_full_tier1_20260729_01,tier1
Xa6Pn88tiF4,Xa6Pn88tiF4.mp4,543.362,544.158,segment_too_short,,cutfix_full_tier1_20260729_01,tier1
Xa6Pn88tiF4,Xa6Pn88tiF4.mp4,544.482,546.142,segment_too_short,,cutfix_full_tier1_20260729_01,tier1
Xa6Pn88tiF4,Xa6Pn88tiF4.mp4,548.258,549.438,segment_too_short,,cutfix_full_tier1_20260729_01,tier1
Xa6Pn88tiF4,Xa6Pn88tiF4.mp4,550.082,550.878,segment_too_short,,cutfix_full_tier1_20260729_01,tier1
Xa6Pn88tiF4,Xa6Pn88tiF4.mp4,554.978,557.662,scene_cut_detected,,cutfix_full_tier1_20260729_01,tier1
Xa6Pn88tiF4,Xa6Pn88tiF4.mp4,557.858,558.302,segment_too_short,,cutfix_full_tier1_20260729_01,tier1
Xa6Pn88tiF4,Xa6Pn88tiF4.mp4,564.93,565.694,segment_too_short,,cutfix_full_tier1_20260729_01,tier1
Xa6Pn88tiF4,Xa6Pn88tiF4.mp4,569.474,570.526,segment_too_short,,cutfix_full_tier1_20260729_01,tier1
Xa6Pn88tiF4,Xa6Pn88tiF4.mp4,572.194,573.182,segment_too_short,,cutfix_full_tier1_20260729_01,tier1
Xa6Pn88tiF4,Xa6Pn88tiF4.mp4,574.914,575.614,segment_too_short,,cutfix_full_tier1_20260729_01,tier1
Xa6Pn88tiF4,Xa6Pn88tiF4.mp4,575.778,576.606,segment_too_short,,cutfix_full_tier1_20260729_01,tier1
Xa6Pn88tiF4,Xa6Pn88tiF4.mp4,577.378,578.814,segment_too_short,,cutfix_full_tier1_20260729_01,tier1
Xa6Pn88tiF4,Xa6Pn88tiF4.mp4,579.554,580.734,segment_too_short,,cutfix_full_tier1_20260729_01,tier1
Xa6Pn88tiF4,Xa6Pn88tiF4.mp4,581.186,581.95,segment_too_short,,cutfix_full_tier1_20260729_01,tier1
Xa6Pn88tiF4,Xa6Pn88tiF4.mp4,582.306,583.774,segment_too_short,,cutfix_full_tier1_20260729_01,tier1
Xa6Pn88tiF4,Xa6Pn88tiF4.mp4,584.002,584.798,segment_too_short,,cutfix_full_tier1_20260729_01,tier1
Xa6Pn88tiF4,Xa6Pn88tiF4.mp4,594.978,595.966,segment_too_short,,cutfix_full_tier1_20260729_01,tier1
Xa6Pn88tiF4,Xa6Pn88tiF4.mp4,602.594,603.294,segment_too_short,,cutfix_full_tier1_20260729_01,tier1
Xa6Pn88tiF4,Xa6Pn88tiF4.mp4,604.706,605.374,segment_too_short,,cutfix_full_tier1_20260729_01,tier1
Xa6Pn88tiF4,Xa6Pn88tiF4.mp4,606.05,606.942,segment_too_short,,cutfix_full_tier1_20260729_01,tier1
Xa6Pn88tiF4,Xa6Pn88tiF4.mp4,607.298,607.966,segment_too_short,,cutfix_full_tier1_20260729_01,tier1
Xa6Pn88tiF4,Xa6Pn88tiF4.mp4,614.466,615.39,segment_too_short,,cutfix_full_tier1_20260729_01,tier1
Xa6Pn88tiF4,Xa6Pn88tiF4.mp4,622.114,624.03,segment_too_short,,cutfix_full_tier1_20260729_01,tier1
Xa6Pn88tiF4,Xa6Pn88tiF4.mp4,635.842,636.478,segment_too_short,,cutfix_full_tier1_20260729_01,tier1
Xa6Pn88tiF4,Xa6Pn88tiF4.mp4,649.954,652.19,face_density_low,,cutfix_full_tier1_20260729_01,tier1
Xa6Pn88tiF4,Xa6Pn88tiF4.mp4,652.77,654.366,segment_too_short,,cutfix_full_tier1_20260729_01,tier1
Xa6Pn88tiF4,Xa6Pn88tiF4.mp4,654.562,656.894,face_density_low,,cutfix_full_tier1_20260729_01,tier1
Xigg3vUV2Gw,Xigg3vUV2Gw.mp4,0.322,12.318,scene_cut_detected,,cutfix_full_tier1_20260729_01,tier1
Xigg3vUV2Gw,Xigg3vUV2Gw.mp4,23.426,26.334,face_density_low,,cutfix_full_tier1_20260729_01,tier1
Xigg3vUV2Gw,Xigg3vUV2Gw.mp4,29.89,34.846,face_density_low,,cutfix_full_tier1_20260729_01,tier1
Xigg3vUV2Gw,Xigg3vUV2Gw.mp4,37.538,38.59,segment_too_short,,cutfix_full_tier1_20260729_01,tier1
Xigg3vUV2Gw,Xigg3vUV2Gw.mp4,45.058,49.31,face_density_low,,cutfix_full_tier1_20260729_01,tier1
Xigg3vUV2Gw,Xigg3vUV2Gw.mp4,49.634,51.198,segment_too_short,,cutfix_full_tier1_20260729_01,tier1
Xigg3vUV2Gw,Xigg3vUV2Gw.mp4,72.322,75.23,scene_cut_detected,,cutfix_full_tier1_20260729_01,tier1
Xigg3vUV2Gw,Xigg3vUV2Gw.mp4,75.394,78.622,face_density_low,,cutfix_full_tier1_20260729_01,tier1
Xigg3vUV2Gw,Xigg3vUV2Gw.mp4,78.786,80.894,face_density_low,,cutfix_full_tier1_20260729_01,tier1
Xigg3vUV2Gw,Xigg3vUV2Gw.mp4,81.122,85.726,scene_cut_detected,,cutfix_full_tier1_20260729_01,tier1
Xigg3vUV2Gw,Xigg3vUV2Gw.mp4,88.834,90.718,segment_too_short,,cutfix_full_tier1_20260729_01,tier1
Xigg3vUV2Gw,Xigg3vUV2Gw.mp4,90.882,93.822,scene_cut_detected,,cutfix_full_tier1_20260729_01,tier1
Xigg3vUV2Gw,Xigg3vUV2Gw.mp4,94.018,95.582,segment_too_short,,cutfix_full_tier1_20260729_01,tier1
Xigg3vUV2Gw,Xigg3vUV2Gw.mp4,95.714,96.99,segment_too_short,,cutfix_full_tier1_20260729_01,tier1
Xigg3vUV2Gw,Xigg3vUV2Gw.mp4,97.09,98.43,segment_too_short,,cutfix_full_tier1_20260729_01,tier1
Xigg3vUV2Gw,Xigg3vUV2Gw.mp4,98.53,99.614,segment_too_short,,cutfix_full_tier1_20260729_01,tier1
Xigg3vUV2Gw,Xigg3vUV2Gw.mp4,104.962,106.878,segment_too_short,,cutfix_full_tier1_20260729_01,tier1
Xigg3vUV2Gw,Xigg3vUV2Gw.mp4,107.042,109.086,scene_cut_detected,,cutfix_full_tier1_20260729_01,tier1
Xigg3vUV2Gw,Xigg3vUV2Gw.mp4,109.218,110.43,segment_too_short,,cutfix_full_tier1_20260729_01,tier1
Xigg3vUV2Gw,Xigg3vUV2Gw.mp4,112.898,113.95,segment_too_short,,cutfix_full_tier1_20260729_01,tier1
Xigg3vUV2Gw,Xigg3vUV2Gw.mp4,114.05,115.134,segment_too_short,,cutfix_full_tier1_20260729_01,tier1
Xigg3vUV2Gw,Xigg3vUV2Gw.mp4,115.234,117.054,segment_too_short,,cutfix_full_tier1_20260729_01,tier1
Xigg3vUV2Gw,Xigg3vUV2Gw.mp4,117.282,118.078,segment_too_short,,cutfix_full_tier1_20260729_01,tier1
Xigg3vUV2Gw,Xigg3vUV2Gw.mp4,118.21,119.006,segment_too_short,,cutfix_full_tier1_20260729_01,tier1
Xigg3vUV2Gw,Xigg3vUV2Gw.mp4,119.138,119.966,segment_too_short,,cutfix_full_tier1_20260729_01,tier1
Xigg3vUV2Gw,Xigg3vUV2Gw.mp4,120.13,121.022,segment_too_short,,cutfix_full_tier1_20260729_01,tier1
Xigg3vUV2Gw,Xigg3vUV2Gw.mp4,121.186,122.974,segment_too_short,,cutfix_full_tier1_20260729_01,tier1
Xigg3vUV2Gw,Xigg3vUV2Gw.mp4,125.89,126.718,segment_too_short,,cutfix_full_tier1_20260729_01,tier1
Xigg3vUV2Gw,Xigg3vUV2Gw.mp4,126.818,128.35,segment_too_short,,cutfix_full_tier1_20260729_01,tier1
Xigg3vUV2Gw,Xigg3vUV2Gw.mp4,128.61,130.142,segment_too_short,,cutfix_full_tier1_20260729_01,tier1
Xigg3vUV2Gw,Xigg3vUV2Gw.mp4,130.274,131.038,segment_too_short,,cutfix_full_tier1_20260729_01,tier1
Xigg3vUV2Gw,Xigg3vUV2Gw.mp4,134.818,136.542,segment_too_short,,cutfix_full_tier1_20260729_01,tier1
Xigg3vUV2Gw,Xigg3vUV2Gw.mp4,136.738,143.39,scene_cut_detected,,cutfix_full_tier1_20260729_01,tier1
Xigg3vUV2Gw,Xigg3vUV2Gw.mp4,143.778,146.11,face_density_low,,cutfix_full_tier1_20260729_01,tier1
Xigg3vUV2Gw,Xigg3vUV2Gw.mp4,146.274,148.222,segment_too_short,,cutfix_full_tier1_20260729_01,tier1
Xigg3vUV2Gw,Xigg3vUV2Gw.mp4,148.418,151.55,face_density_low,,cutfix_full_tier1_20260729_01,tier1
Xigg3vUV2Gw,Xigg3vUV2Gw.mp4,151.746,153.214,segment_too_short,,cutfix_full_tier1_20260729_01,tier1
Xigg3vUV2Gw,Xigg3vUV2Gw.mp4,156.514,159.934,scene_cut_detected,,cutfix_full_tier1_20260729_01,tier1
Xigg3vUV2Gw,Xigg3vUV2Gw.mp4,166.306,168.254,segment_too_short,,cutfix_full_tier1_20260729_01,tier1
Xigg3vUV2Gw,Xigg3vUV2Gw.mp4,173.026,174.942,segment_too_short,,cutfix_full_tier1_20260729_01,tier1
Xigg3vUV2Gw,Xigg3vUV2Gw.mp4,177.474,179.39,segment_too_short,,cutfix_full_tier1_20260729_01,tier1
Xigg3vUV2Gw,Xigg3vUV2Gw.mp4,179.618,181.662,scene_cut_detected,,cutfix_full_tier1_20260729_01,tier1
Xigg3vUV2Gw,Xigg3vUV2Gw.mp4,181.762,183.614,segment_too_short,,cutfix_full_tier1_20260729_01,tier1
Xigg3vUV2Gw,Xigg3vUV2Gw.mp4,183.842,185.47,segment_too_short,,cutfix_full_tier1_20260729_01,tier1
Xigg3vUV2Gw,Xigg3vUV2Gw.mp4,185.602,187.262,segment_too_short,,cutfix_full_tier1_20260729_01,tier1
Xigg3vUV2Gw,Xigg3vUV2Gw.mp4,187.458,188.35,segment_too_short,,cutfix_full_tier1_20260729_01,tier1
Xigg3vUV2Gw,Xigg3vUV2Gw.mp4,188.642,190.366,segment_too_short,,cutfix_full_tier1_20260729_01,tier1
Xigg3vUV2Gw,Xigg3vUV2Gw.mp4,190.466,192.862,scene_cut_detected,,cutfix_full_tier1_20260729_01,tier1
Xigg3vUV2Gw,Xigg3vUV2Gw.mp4,193.09,194.622,segment_too_short,,cutfix_full_tier1_20260729_01,tier1
Xigg3vUV2Gw,Xigg3vUV2Gw.mp4,206.018,208.126,face_density_low,,cutfix_full_tier1_20260729_01,tier1
Xigg3vUV2Gw,Xigg3vUV2Gw.mp4,217.122,219.902,scene_cut_detected,,cutfix_full_tier1_20260729_01,tier1
Xigg3vUV2Gw,Xigg3vUV2Gw.mp4,220.13,221.822,segment_too_short,,cutfix_full_tier1_20260729_01,tier1
Xigg3vUV2Gw,Xigg3vUV2Gw.mp4,221.986,223.55,segment_too_short,,cutfix_full_tier1_20260729_01,tier1
Xigg3vUV2Gw,Xigg3vUV2Gw.mp4,223.746,225.982,face_density_low,,cutfix_full_tier1_20260729_01,tier1
Xigg3vUV2Gw,Xigg3vUV2Gw.mp4,226.21,230.814,scene_cut_detected,,cutfix_full_tier1_20260729_01,tier1
Xigg3vUV2Gw,Xigg3vUV2Gw.mp4,237.186,241.086,scene_cut_detected,,cutfix_full_tier1_20260729_01,tier1
Xigg3vUV2Gw,Xigg3vUV2Gw.mp4,246.306,250.398,scene_cut_detected,,cutfix_full_tier1_20260729_01,tier1
Xigg3vUV2Gw,Xigg3vUV2Gw.mp4,250.658,254.366,face_density_low,,cutfix_full_tier1_20260729_01,tier1
Xigg3vUV2Gw,Xigg3vUV2Gw.mp4,254.498,255.966,segment_too_short,,cutfix_full_tier1_20260729_01,tier1
Xigg3vUV2Gw,Xigg3vUV2Gw.mp4,256.226,258.046,segment_too_short,,cutfix_full_tier1_20260729_01,tier1
Xigg3vUV2Gw,Xigg3vUV2Gw.mp4,258.242,261.15,scene_cut_detected,,cutfix_full_tier1_20260729_01,tier1
Xigg3vUV2Gw,Xigg3vUV2Gw.mp4,261.282,263.166,segment_too_short,,cutfix_full_tier1_20260729_01,tier1
Xigg3vUV2Gw,Xigg3vUV2Gw.mp4,263.266,268.958,scene_cut_detected,,cutfix_full_tier1_20260729_01,tier1
Xigg3vUV2Gw,Xigg3vUV2Gw.mp4,269.058,270.494,segment_too_short,,cutfix_full_tier1_20260729_01,tier1
Xigg3vUV2Gw,Xigg3vUV2Gw.mp4,274.914,278.142,face_density_low,,cutfix_full_tier1_20260729_01,tier1
Xigg3vUV2Gw,Xigg3vUV2Gw.mp4,278.306,280.03,segment_too_short,,cutfix_full_tier1_20260729_01,tier1
Xigg3vUV2Gw,Xigg3vUV2Gw.mp4,285.378,289.182,scene_cut_detected,,cutfix_full_tier1_20260729_01,tier1
Xigg3vUV2Gw,Xigg3vUV2Gw.mp4,289.474,301.47,scene_cut_detected,,cutfix_full_tier1_20260729_01,tier1
Xigg3vUV2Gw,Xigg3vUV2Gw.mp4,301.634,306.206,face_density_low,,cutfix_full_tier1_20260729_01,tier1
Xigg3vUV2Gw,Xigg3vUV2Gw.mp4,306.434,313.246,scene_cut_detected,,cutfix_full_tier1_20260729_01,tier1
Xigg3vUV2Gw,Xigg3vUV2Gw.mp4,316.994,321.886,face_density_low,,cutfix_full_tier1_20260729_01,tier1
Xigg3vUV2Gw,Xigg3vUV2Gw.mp4,322.466,325.95,face_density_low,,cutfix_full_tier1_20260729_01,tier1
Xigg3vUV2Gw,Xigg3vUV2Gw.mp4,326.082,329.822,face_density_low,,cutfix_full_tier1_20260729_01,tier1
Xigg3vUV2Gw,Xigg3vUV2Gw.mp4,330.114,335.114,scene_cut_detected,,cutfix_full_tier1_20260729_01,tier1
Xigg3vUV2Gw,Xigg3vUV2Gw.mp4,334.114,339.114,face_density_low,,cutfix_full_tier1_20260729_01,tier1
Xigg3vUV2Gw,Xigg3vUV2Gw.mp4,338.114,342.238,face_density_low,,cutfix_full_tier1_20260729_01,tier1
Xigg3vUV2Gw,Xigg3vUV2Gw.mp4,342.434,346.91,scene_cut_detected,,cutfix_full_tier1_20260729_01,tier1
Xigg3vUV2Gw,Xigg3vUV2Gw.mp4,347.394,351.422,face_density_low,,cutfix_full_tier1_20260729_01,tier1
Xigg3vUV2Gw,Xigg3vUV2Gw.mp4,351.714,353.662,segment_too_short,,cutfix_full_tier1_20260729_01,tier1
Xigg3vUV2Gw,Xigg3vUV2Gw.mp4,353.826,356.542,scene_cut_detected,,cutfix_full_tier1_20260729_01,tier1
Xigg3vUV2Gw,Xigg3vUV2Gw.mp4,356.802,360.126,face_density_low,,cutfix_full_tier1_20260729_01,tier1
Xigg3vUV2Gw,Xigg3vUV2Gw.mp4,360.322,361.406,segment_too_short,,cutfix_full_tier1_20260729_01,tier1
Xigg3vUV2Gw,Xigg3vUV2Gw.mp4,361.538,364.126,face_density_low,,cutfix_full_tier1_20260729_01,tier1
Xigg3vUV2Gw,Xigg3vUV2Gw.mp4,364.258,368.03,face_density_low,,cutfix_full_tier1_20260729_01,tier1
Xigg3vUV2Gw,Xigg3vUV2Gw.mp4,368.194,369.374,segment_too_short,,cutfix_full_tier1_20260729_01,tier1
Xigg3vUV2Gw,Xigg3vUV2Gw.mp4,369.538,372.094,face_density_low,,cutfix_full_tier1_20260729_01,tier1
Xigg3vUV2Gw,Xigg3vUV2Gw.mp4,372.45,378.782,face_density_low,,cutfix_full_tier1_20260729_01,tier1
Xigg3vUV2Gw,Xigg3vUV2Gw.mp4,379.266,385.406,face_density_low,,cutfix_full_tier1_20260729_01,tier1
Xigg3vUV2Gw,Xigg3vUV2Gw.mp4,385.506,387.326,segment_too_short,,cutfix_full_tier1_20260729_01,tier1
Xigg3vUV2Gw,Xigg3vUV2Gw.mp4,387.682,397.918,face_density_low,,cutfix_full_tier1_20260729_01,tier1
Xigg3vUV2Gw,Xigg3vUV2Gw.mp4,398.018,403.134,face_density_low,,cutfix_full_tier1_20260729_01,tier1
Xigg3vUV2Gw,Xigg3vUV2Gw.mp4,403.522,405.63,scene_cut_detected,,cutfix_full_tier1_20260729_01,tier1
Xigg3vUV2Gw,Xigg3vUV2Gw.mp4,405.73,409.022,face_density_low,,cutfix_full_tier1_20260729_01,tier1
Xigg3vUV2Gw,Xigg3vUV2Gw.mp4,409.218,411.838,face_density_low,,cutfix_full_tier1_20260729_01,tier1
Xigg3vUV2Gw,Xigg3vUV2Gw.mp4,412.002,415.678,scene_cut_detected,,cutfix_full_tier1_20260729_01,tier1
Xigg3vUV2Gw,Xigg3vUV2Gw.mp4,419.81,425.63,face_density_low,,cutfix_full_tier1_20260729_01,tier1
Xigg3vUV2Gw,Xigg3vUV2Gw.mp4,425.826,428.222,face_density_low,,cutfix_full_tier1_20260729_01,tier1
Xigg3vUV2Gw,Xigg3vUV2Gw.mp4,428.322,431.07,face_density_low,,cutfix_full_tier1_20260729_01,tier1
Xigg3vUV2Gw,Xigg3vUV2Gw.mp4,431.618,433.15,segment_too_short,,cutfix_full_tier1_20260729_01,tier1
Xigg3vUV2Gw,Xigg3vUV2Gw.mp4,433.25,437.95,face_density_low,,cutfix_full_tier1_20260729_01,tier1
Xigg3vUV2Gw,Xigg3vUV2Gw.mp4,438.05,441.182,face_density_low,,cutfix_full_tier1_20260729_01,tier1
Xigg3vUV2Gw,Xigg3vUV2Gw.mp4,441.282,443.262,segment_too_short,,cutfix_full_tier1_20260729_01,tier1
Xigg3vUV2Gw,Xigg3vUV2Gw.mp4,443.618,445.726,face_density_low,,cutfix_full_tier1_20260729_01,tier1
Xigg3vUV2Gw,Xigg3vUV2Gw.mp4,445.826,453.31,face_density_low,,cutfix_full_tier1_20260729_01,tier1
Xigg3vUV2Gw,Xigg3vUV2Gw.mp4,453.73,460.926,face_density_low,,cutfix_full_tier1_20260729_01,tier1
Xigg3vUV2Gw,Xigg3vUV2Gw.mp4,464.514,468.286,face_density_low,,cutfix_full_tier1_20260729_01,tier1
Xigg3vUV2Gw,Xigg3vUV2Gw.mp4,468.802,477.502,scene_cut_detected,,cutfix_full_tier1_20260729_01,tier1
Xigg3vUV2Gw,Xigg3vUV2Gw.mp4,481.506,483.262,segment_too_short,,cutfix_full_tier1_20260729_01,tier1
Xigg3vUV2Gw,Xigg3vUV2Gw.mp4,483.426,491.294,scene_cut_detected,,cutfix_full_tier1_20260729_01,tier1
Xigg3vUV2Gw,Xigg3vUV2Gw.mp4,491.682,497.022,face_density_low,,cutfix_full_tier1_20260729_01,tier1
Xigg3vUV2Gw,Xigg3vUV2Gw.mp4,497.346,502.346,scene_cut_detected,,cutfix_full_tier1_20260729_01,tier1
Xigg3vUV2Gw,Xigg3vUV2Gw.mp4,501.346,506.346,face_density_low,,cutfix_full_tier1_20260729_01,tier1
Xigg3vUV2Gw,Xigg3vUV2Gw.mp4,505.346,510.142,face_density_low,,cutfix_full_tier1_20260729_01,tier1
Xigg3vUV2Gw,Xigg3vUV2Gw.mp4,510.274,514.174,scene_cut_detected,,cutfix_full_tier1_20260729_01,tier1
Xigg3vUV2Gw,Xigg3vUV2Gw.mp4,523.33,528.126,scene_cut_detected,,cutfix_full_tier1_20260729_01,tier1
Xigg3vUV2Gw,Xigg3vUV2Gw.mp4,528.546,534.078,face_density_low,,cutfix_full_tier1_20260729_01,tier1
Xigg3vUV2Gw,Xigg3vUV2Gw.mp4,534.178,539.178,scene_cut_detected,,cutfix_full_tier1_20260729_01,tier1
Xigg3vUV2Gw,Xigg3vUV2Gw.mp4,538.178,543.178,face_density_low,,cutfix_full_tier1_20260729_01,tier1
Xigg3vUV2Gw,Xigg3vUV2Gw.mp4,542.178,547.178,face_density_low,,cutfix_full_tier1_20260729_01,tier1
Xigg3vUV2Gw,Xigg3vUV2Gw.mp4,547.522,552.542,scene_cut_detected,,cutfix_full_tier1_20260729_01,tier1
Xigg3vUV2Gw,Xigg3vUV2Gw.mp4,561.026,565.31,scene_cut_detected,,cutfix_full_tier1_20260729_01,tier1
Xigg3vUV2Gw,Xigg3vUV2Gw.mp4,575.81,586.43,face_density_low,,cutfix_full_tier1_20260729_01,tier1
Xigg3vUV2Gw,Xigg3vUV2Gw.mp4,600.866,602.654,segment_too_short,,cutfix_full_tier1_20260729_01,tier1
Xigg3vUV2Gw,Xigg3vUV2Gw.mp4,603.042,609.438,face_density_low,,cutfix_full_tier1_20260729_01,tier1
Xigg3vUV2Gw,Xigg3vUV2Gw.mp4,609.538,613.022,face_density_low,,cutfix_full_tier1_20260729_01,tier1
Xigg3vUV2Gw,Xigg3vUV2Gw.mp4,624.546,631.806,scene_cut_detected,,cutfix_full_tier1_20260729_01,tier1
Xigg3vUV2Gw,Xigg3vUV2Gw.mp4,632.29,635.294,face_density_low,,cutfix_full_tier1_20260729_01,tier1
Xigg3vUV2Gw,Xigg3vUV2Gw.mp4,635.394,638.302,scene_cut_detected,,cutfix_full_tier1_20260729_01,tier1
Xigg3vUV2Gw,Xigg3vUV2Gw.mp4,645.986,647.486,segment_too_short,,cutfix_full_tier1_20260729_01,tier1
Xigg3vUV2Gw,Xigg3vUV2Gw.mp4,647.65,654.654,face_density_low,,cutfix_full_tier1_20260729_01,tier1
Xigg3vUV2Gw,Xigg3vUV2Gw.mp4,655.234,659.838,face_density_low,,cutfix_full_tier1_20260729_01,tier1
Xigg3vUV2Gw,Xigg3vUV2Gw.mp4,668.226,677.086,scene_cut_detected,,cutfix_full_tier1_20260729_01,tier1
Xigg3vUV2Gw,Xigg3vUV2Gw.mp4,677.442,681.918,face_density_low,,cutfix_full_tier1_20260729_01,tier1
Xigg3vUV2Gw,Xigg3vUV2Gw.mp4,682.018,685.246,face_density_low,,cutfix_full_tier1_20260729_01,tier1
Xigg3vUV2Gw,Xigg3vUV2Gw.mp4,693.346,699.87,scene_cut_detected,,cutfix_full_tier1_20260729_01,tier1
Xigg3vUV2Gw,Xigg3vUV2Gw.mp4,700.002,700.894,segment_too_short,,cutfix_full_tier1_20260729_01,tier1
Xigg3vUV2Gw,Xigg3vUV2Gw.mp4,700.994,704.734,face_density_low,,cutfix_full_tier1_20260729_01,tier1
Xigg3vUV2Gw,Xigg3vUV2Gw.mp4,704.834,708.35,scene_cut_detected,,cutfix_full_tier1_20260729_01,tier1
Xigg3vUV2Gw,Xigg3vUV2Gw.mp4,708.578,713.31,face_density_low,,cutfix_full_tier1_20260729_01,tier1
Xigg3vUV2Gw,Xigg3vUV2Gw.mp4,713.41,714.942,segment_too_short,,cutfix_full_tier1_20260729_01,tier1
Xigg3vUV2Gw,Xigg3vUV2Gw.mp4,715.266,723.806,scene_cut_detected,,cutfix_full_tier1_20260729_01,tier1
Xigg3vUV2Gw,Xigg3vUV2Gw.mp4,724.29,733.982,scene_cut_detected,,cutfix_full_tier1_20260729_01,tier1
Xigg3vUV2Gw,Xigg3vUV2Gw.mp4,734.178,736.542,face_density_low,,cutfix_full_tier1_20260729_01,tier1
Xigg3vUV2Gw,Xigg3vUV2Gw.mp4,742.274,747.582,scene_cut_detected,,cutfix_full_tier1_20260729_01,tier1
Xigg3vUV2Gw,Xigg3vUV2Gw.mp4,763.202,766.206,face_density_low,,cutfix_full_tier1_20260729_01,tier1
Xigg3vUV2Gw,Xigg3vUV2Gw.mp4,766.338,768.318,segment_too_short,,cutfix_full_tier1_20260729_01,tier1
Xigg3vUV2Gw,Xigg3vUV2Gw.mp4,768.482,770.718,face_density_low,,cutfix_full_tier1_20260729_01,tier1
Xigg3vUV2Gw,Xigg3vUV2Gw.mp4,770.85,772.83,segment_too_short,,cutfix_full_tier1_20260729_01,tier1
Xigg3vUV2Gw,Xigg3vUV2Gw.mp4,773.09,777.118,scene_cut_detected,,cutfix_full_tier1_20260729_01,tier1
Xigg3vUV2Gw,Xigg3vUV2Gw.mp4,784.226,788.062,face_density_low,,cutfix_full_tier1_20260729_01,tier1
Xigg3vUV2Gw,Xigg3vUV2Gw.mp4,788.162,790.142,segment_too_short,,cutfix_full_tier1_20260729_01,tier1
Xigg3vUV2Gw,Xigg3vUV2Gw.mp4,790.818,796.926,scene_cut_detected,,cutfix_full_tier1_20260729_01,tier1
Xigg3vUV2Gw,Xigg3vUV2Gw.mp4,816.162,826.686,scene_cut_detected,,cutfix_full_tier1_20260729_01,tier1
vCoi-ZvkA_c,vCoi-ZvkA_c.mp4,0.098,0.926,segment_too_short,,cutfix_full_tier1_20260729_01,tier1
vCoi-ZvkA_c,vCoi-ZvkA_c.mp4,7.458,7.934,segment_too_short,,cutfix_full_tier1_20260729_01,tier1
vCoi-ZvkA_c,vCoi-ZvkA_c.mp4,8.194,9.982,segment_too_short,,cutfix_full_tier1_20260729_01,tier1
vCoi-ZvkA_c,vCoi-ZvkA_c.mp4,16.962,18.27,segment_too_short,,cutfix_full_tier1_20260729_01,tier1
vCoi-ZvkA_c,vCoi-ZvkA_c.mp4,26.53,31.53,scene_cut_detected,,cutfix_full_tier1_20260729_01,tier1
vCoi-ZvkA_c,vCoi-ZvkA_c.mp4,40.706,42.27,segment_too_short,,cutfix_full_tier1_20260729_01,tier1
vCoi-ZvkA_c,vCoi-ZvkA_c.mp4,42.562,43.614,segment_too_short,,cutfix_full_tier1_20260729_01,tier1
vCoi-ZvkA_c,vCoi-ZvkA_c.mp4,46.946,50.462,scene_cut_detected,,cutfix_full_tier1_20260729_01,tier1
vCoi-ZvkA_c,vCoi-ZvkA_c.mp4,54.594,59.594,scene_cut_detected,,cutfix_full_tier1_20260729_01,tier1
vCoi-ZvkA_c,vCoi-ZvkA_c.mp4,67.394,67.806,segment_too_short,,cutfix_full_tier1_20260729_01,tier1
vCoi-ZvkA_c,vCoi-ZvkA_c.mp4,68.194,75.326,scene_cut_detected,,cutfix_full_tier1_20260729_01,tier1
vCoi-ZvkA_c,vCoi-ZvkA_c.mp4,75.458,75.934,segment_too_short,,cutfix_full_tier1_20260729_01,tier1
vCoi-ZvkA_c,vCoi-ZvkA_c.mp4,76.258,82.302,scene_cut_detected,,cutfix_full_tier1_20260729_01,tier1
vCoi-ZvkA_c,vCoi-ZvkA_c.mp4,82.562,86.878,scene_cut_detected,,cutfix_full_tier1_20260729_01,tier1
vCoi-ZvkA_c,vCoi-ZvkA_c.mp4,91.33,91.966,segment_too_short,,cutfix_full_tier1_20260729_01,tier1
vCoi-ZvkA_c,vCoi-ZvkA_c.mp4,94.786,96.414,segment_too_short,,cutfix_full_tier1_20260729_01,tier1
vCoi-ZvkA_c,vCoi-ZvkA_c.mp4,96.514,96.99,segment_too_short,,cutfix_full_tier1_20260729_01,tier1
vCoi-ZvkA_c,vCoi-ZvkA_c.mp4,97.09,101.246,scene_cut_detected,,cutfix_full_tier1_20260729_01,tier1
vCoi-ZvkA_c,vCoi-ZvkA_c.mp4,101.378,101.854,segment_too_short,,cutfix_full_tier1_20260729_01,tier1
vCoi-ZvkA_c,vCoi-ZvkA_c.mp4,102.018,110.142,scene_cut_detected,,cutfix_full_tier1_20260729_01,tier1
vCoi-ZvkA_c,vCoi-ZvkA_c.mp4,110.306,111.518,segment_too_short,,cutfix_full_tier1_20260729_01,tier1
vCoi-ZvkA_c,vCoi-ZvkA_c.mp4,112.61,116.254,scene_cut_detected,,cutfix_full_tier1_20260729_01,tier1
vCoi-ZvkA_c,vCoi-ZvkA_c.mp4,124.578,125.662,segment_too_short,,cutfix_full_tier1_20260729_01,tier1
vCoi-ZvkA_c,vCoi-ZvkA_c.mp4,125.922,128.798,face_density_low,,cutfix_full_tier1_20260729_01,tier1
vCoi-ZvkA_c,vCoi-ZvkA_c.mp4,128.898,129.598,segment_too_short,,cutfix_full_tier1_20260729_01,tier1
vCoi-ZvkA_c,vCoi-ZvkA_c.mp4,129.794,134.794,scene_cut_detected,,cutfix_full_tier1_20260729_01,tier1
vCoi-ZvkA_c,vCoi-ZvkA_c.mp4,133.794,138.794,scene_cut_detected,,cutfix_full_tier1_20260729_01,tier1
vCoi-ZvkA_c,vCoi-ZvkA_c.mp4,137.794,141.886,face_density_low,,cutfix_full_tier1_20260729_01,tier1
vCoi-ZvkA_c,vCoi-ZvkA_c.mp4,142.05,143.902,segment_too_short,,cutfix_full_tier1_20260729_01,tier1
vCoi-ZvkA_c,vCoi-ZvkA_c.mp4,144.45,151.134,scene_cut_detected,,cutfix_full_tier1_20260729_01,tier1
vCoi-ZvkA_c,vCoi-ZvkA_c.mp4,151.266,156.266,scene_cut_detected,,cutfix_full_tier1_20260729_01,tier1
vCoi-ZvkA_c,vCoi-ZvkA_c.mp4,155.266,160.266,scene_cut_detected,,cutfix_full_tier1_20260729_01,tier1
vCoi-ZvkA_c,vCoi-ZvkA_c.mp4,159.266,164.266,scene_cut_detected,,cutfix_full_tier1_20260729_01,tier1
vCoi-ZvkA_c,vCoi-ZvkA_c.mp4,172.194,178.014,scene_cut_detected,,cutfix_full_tier1_20260729_01,tier1
vCoi-ZvkA_c,vCoi-ZvkA_c.mp4,178.178,183.166,scene_cut_detected,,cutfix_full_tier1_20260729_01,tier1
vCoi-ZvkA_c,vCoi-ZvkA_c.mp4,183.298,195.294,scene_cut_detected,,cutfix_full_tier1_20260729_01,tier1
vCoi-ZvkA_c,vCoi-ZvkA_c.mp4,195.49,202.494,scene_cut_detected,,cutfix_full_tier1_20260729_01,tier1
vCoi-ZvkA_c,vCoi-ZvkA_c.mp4,203.586,209.854,scene_cut_detected,,cutfix_full_tier1_20260729_01,tier1
vCoi-ZvkA_c,vCoi-ZvkA_c.mp4,210.21,211.198,segment_too_short,,cutfix_full_tier1_20260729_01,tier1
vCoi-ZvkA_c,vCoi-ZvkA_c.mp4,211.394,212.318,segment_too_short,,cutfix_full_tier1_20260729_01,tier1
vCoi-ZvkA_c,vCoi-ZvkA_c.mp4,215.458,215.838,segment_too_short,,cutfix_full_tier1_20260729_01,tier1
vCoi-ZvkA_c,vCoi-ZvkA_c.mp4,216.066,217.246,segment_too_short,,cutfix_full_tier1_20260729_01,tier1
vCoi-ZvkA_c,vCoi-ZvkA_c.mp4,229.442,233.246,scene_cut_detected,,cutfix_full_tier1_20260729_01,tier1
vCoi-ZvkA_c,vCoi-ZvkA_c.mp4,237.346,242.346,scene_cut_detected,,cutfix_full_tier1_20260729_01,tier1
vCoi-ZvkA_c,vCoi-ZvkA_c.mp4,241.346,246.346,scene_cut_detected,,cutfix_full_tier1_20260729_01,tier1
vCoi-ZvkA_c,vCoi-ZvkA_c.mp4,245.346,250.346,scene_cut_detected,,cutfix_full_tier1_20260729_01,tier1
vCoi-ZvkA_c,vCoi-ZvkA_c.mp4,251.682,256.682,scene_cut_detected,,cutfix_full_tier1_20260729_01,tier1
vCoi-ZvkA_c,vCoi-ZvkA_c.mp4,255.682,260.682,scene_cut_detected,,cutfix_full_tier1_20260729_01,tier1
vCoi-ZvkA_c,vCoi-ZvkA_c.mp4,259.682,264.682,scene_cut_detected,,cutfix_full_tier1_20260729_01,tier1
vCoi-ZvkA_c,vCoi-ZvkA_c.mp4,263.682,268.606,scene_cut_detected,,cutfix_full_tier1_20260729_01,tier1
vCoi-ZvkA_c,vCoi-ZvkA_c.mp4,268.834,271.966,scene_cut_detected,,cutfix_full_tier1_20260729_01,tier1
vCoi-ZvkA_c,vCoi-ZvkA_c.mp4,272.066,273.662,segment_too_short,,cutfix_full_tier1_20260729_01,tier1
vCoi-ZvkA_c,vCoi-ZvkA_c.mp4,273.954,282.59,scene_cut_detected,,cutfix_full_tier1_20260729_01,tier1
vCoi-ZvkA_c,vCoi-ZvkA_c.mp4,282.69,284.734,scene_cut_detected,,cutfix_full_tier1_20260729_01,tier1
vCoi-ZvkA_c,vCoi-ZvkA_c.mp4,285.026,285.886,segment_too_short,,cutfix_full_tier1_20260729_01,tier1
vCoi-ZvkA_c,vCoi-ZvkA_c.mp4,286.082,296.638,scene_cut_detected,,cutfix_full_tier1_20260729_01,tier1
vCoi-ZvkA_c,vCoi-ZvkA_c.mp4,296.834,303.358,scene_cut_detected,,cutfix_full_tier1_20260729_01,tier1
vCoi-ZvkA_c,vCoi-ZvkA_c.mp4,303.49,305.438,segment_too_short,,cutfix_full_tier1_20260729_01,tier1
vCoi-ZvkA_c,vCoi-ZvkA_c.mp4,305.922,316.574,scene_cut_detected,,cutfix_full_tier1_20260729_01,tier1
vCoi-ZvkA_c,vCoi-ZvkA_c.mp4,316.738,317.822,segment_too_short,,cutfix_full_tier1_20260729_01,tier1
vCoi-ZvkA_c,vCoi-ZvkA_c.mp4,317.986,321.726,scene_cut_detected,,cutfix_full_tier1_20260729_01,tier1
vCoi-ZvkA_c,vCoi-ZvkA_c.mp4,322.306,327.306,scene_cut_detected,,cutfix_full_tier1_20260729_01,tier1
vCoi-ZvkA_c,vCoi-ZvkA_c.mp4,326.306,331.306,scene_cut_detected,,cutfix_full_tier1_20260729_01,tier1
vCoi-ZvkA_c,vCoi-ZvkA_c.mp4,330.306,335.306,scene_cut_detected,,cutfix_full_tier1_20260729_01,tier1
vCoi-ZvkA_c,vCoi-ZvkA_c.mp4,334.306,337.726,scene_cut_detected,,cutfix_full_tier1_20260729_01,tier1
vCoi-ZvkA_c,vCoi-ZvkA_c.mp4,338.85,339.774,segment_too_short,,cutfix_full_tier1_20260729_01,tier1
vCoi-ZvkA_c,vCoi-ZvkA_c.mp4,340.098,344.414,scene_cut_detected,,cutfix_full_tier1_20260729_01,tier1
vCoi-ZvkA_c,vCoi-ZvkA_c.mp4,352.226,353.31,segment_too_short,,cutfix_full_tier1_20260729_01,tier1
vCoi-ZvkA_c,vCoi-ZvkA_c.mp4,353.506,361.086,face_density_low,,cutfix_full_tier1_20260729_01,tier1
vCoi-ZvkA_c,vCoi-ZvkA_c.mp4,367.394,368.702,segment_too_short,,cutfix_full_tier1_20260729_01,tier1
vCoi-ZvkA_c,vCoi-ZvkA_c.mp4,368.866,370.174,segment_too_short,,cutfix_full_tier1_20260729_01,tier1
vCoi-ZvkA_c,vCoi-ZvkA_c.mp4,375.746,376.318,segment_too_short,,cutfix_full_tier1_20260729_01,tier1
vCoi-ZvkA_c,vCoi-ZvkA_c.mp4,376.674,378.494,segment_too_short,,cutfix_full_tier1_20260729_01,tier1
vCoi-ZvkA_c,vCoi-ZvkA_c.mp4,378.818,381.31,scene_cut_detected,,cutfix_full_tier1_20260729_01,tier1
vCoi-ZvkA_c,vCoi-ZvkA_c.mp4,385.89,386.366,segment_too_short,,cutfix_full_tier1_20260729_01,tier1
vCoi-ZvkA_c,vCoi-ZvkA_c.mp4,386.818,388.158,segment_too_short,,cutfix_full_tier1_20260729_01,tier1
vCoi-ZvkA_c,vCoi-ZvkA_c.mp4,389.314,390.238,segment_too_short,,cutfix_full_tier1_20260729_01,tier1
vCoi-ZvkA_c,vCoi-ZvkA_c.mp4,390.402,393.342,scene_cut_detected,,cutfix_full_tier1_20260729_01,tier1
vCoi-ZvkA_c,vCoi-ZvkA_c.mp4,393.698,395.006,segment_too_short,,cutfix_full_tier1_20260729_01,tier1
vCoi-ZvkA_c,vCoi-ZvkA_c.mp4,398.21,402.366,scene_cut_detected,,cutfix_full_tier1_20260729_01,tier1
vCoi-ZvkA_c,vCoi-ZvkA_c.mp4,405.122,416.382,scene_cut_detected,,cutfix_full_tier1_20260729_01,tier1
vCoi-ZvkA_c,vCoi-ZvkA_c.mp4,416.61,421.822,scene_cut_detected,,cutfix_full_tier1_20260729_01,tier1
vCoi-ZvkA_c,vCoi-ZvkA_c.mp4,421.954,429.246,scene_cut_detected,,cutfix_full_tier1_20260729_01,tier1
vCoi-ZvkA_c,vCoi-ZvkA_c.mp4,433.378,438.378,scene_cut_detected,,cutfix_full_tier1_20260729_01,tier1
vCoi-ZvkA_c,vCoi-ZvkA_c.mp4,437.378,442.378,scene_cut_detected,,cutfix_full_tier1_20260729_01,tier1
vCoi-ZvkA_c,vCoi-ZvkA_c.mp4,446.05,448.286,scene_cut_detected,,cutfix_full_tier1_20260729_01,tier1
vCoi-ZvkA_c,vCoi-ZvkA_c.mp4,448.706,449.246,segment_too_short,,cutfix_full_tier1_20260729_01,tier1
vCoi-ZvkA_c,vCoi-ZvkA_c.mp4,449.89,450.206,segment_too_short,,cutfix_full_tier1_20260729_01,tier1
vCoi-ZvkA_c,vCoi-ZvkA_c.mp4,453.954,454.462,segment_too_short,,cutfix_full_tier1_20260729_01,tier1
vCoi-ZvkA_c,vCoi-ZvkA_c.mp4,455.01,455.902,segment_too_short,,cutfix_full_tier1_20260729_01,tier1
vCoi-ZvkA_c,vCoi-ZvkA_c.mp4,460.418,461.374,segment_too_short,,cutfix_full_tier1_20260729_01,tier1
vCoi-ZvkA_c,vCoi-ZvkA_c.mp4,461.73,462.142,segment_too_short,,cutfix_full_tier1_20260729_01,tier1
vCoi-ZvkA_c,vCoi-ZvkA_c.mp4,462.498,463.55,segment_too_short,,cutfix_full_tier1_20260729_01,tier1
vCoi-ZvkA_c,vCoi-ZvkA_c.mp4,463.714,464.702,segment_too_short,,cutfix_full_tier1_20260729_01,tier1
vCoi-ZvkA_c,vCoi-ZvkA_c.mp4,466.434,476.382,scene_cut_detected,,cutfix_full_tier1_20260729_01,tier1
vCoi-ZvkA_c,vCoi-ZvkA_c.mp4,476.514,480.094,scene_cut_detected,,cutfix_full_tier1_20260729_01,tier1
vCoi-ZvkA_c,vCoi-ZvkA_c.mp4,480.226,485.226,face_density_low,,cutfix_full_tier1_20260729_01,tier1
vCoi-ZvkA_c,vCoi-ZvkA_c.mp4,484.226,489.226,scene_cut_detected,,cutfix_full_tier1_20260729_01,tier1
vCoi-ZvkA_c,vCoi-ZvkA_c.mp4,504.386,515.134,scene_cut_detected,,cutfix_full_tier1_20260729_01,tier1
vCoi-ZvkA_c,vCoi-ZvkA_c.mp4,522.754,527.454,scene_cut_detected,,cutfix_full_tier1_20260729_01,tier1
vCoi-ZvkA_c,vCoi-ZvkA_c.mp4,527.618,529.118,segment_too_short,,cutfix_full_tier1_20260729_01,tier1
vCoi-ZvkA_c,vCoi-ZvkA_c.mp4,529.314,537.63,scene_cut_detected,,cutfix_full_tier1_20260729_01,tier1
vCoi-ZvkA_c,vCoi-ZvkA_c.mp4,557.762,562.974,scene_cut_detected,,cutfix_full_tier1_20260729_01,tier1
vCoi-ZvkA_c,vCoi-ZvkA_c.mp4,580.13,584.318,scene_cut_detected,,cutfix_full_tier1_20260729_01,tier1
vCoi-ZvkA_c,vCoi-ZvkA_c.mp4,647.01,647.838,segment_too_short,,cutfix_full_tier1_20260729_01,tier1
vCoi-ZvkA_c,vCoi-ZvkA_c.mp4,647.938,648.862,segment_too_short,,cutfix_full_tier1_20260729_01,tier1
vCoi-ZvkA_c,vCoi-ZvkA_c.mp4,649.09,651.07,segment_too_short,,cutfix_full_tier1_20260729_01,tier1
vCoi-ZvkA_c,vCoi-ZvkA_c.mp4,651.234,656.19,scene_cut_detected,,cutfix_full_tier1_20260729_01,tier1
vCoi-ZvkA_c,vCoi-ZvkA_c.mp4,656.45,664.35,scene_cut_detected,,cutfix_full_tier1_20260729_01,tier1
vCoi-ZvkA_c,vCoi-ZvkA_c.mp4,667.842,672.862,scene_cut_detected,,cutfix_full_tier1_20260729_01,tier1
vCoi-ZvkA_c,vCoi-ZvkA_c.mp4,676.994,681.994,scene_cut_detected,,cutfix_full_tier1_20260729_01,tier1
vCoi-ZvkA_c,vCoi-ZvkA_c.mp4,680.994,685.994,scene_cut_detected,,cutfix_full_tier1_20260729_01,tier1
vCoi-ZvkA_c,vCoi-ZvkA_c.mp4,696.322,701.118,scene_cut_detected,,cutfix_full_tier1_20260729_01,tier1
vCoi-ZvkA_c,vCoi-ZvkA_c.mp4,704.802,707.102,scene_cut_detected,,cutfix_full_tier1_20260729_01,tier1
vCoi-ZvkA_c,vCoi-ZvkA_c.mp4,710.21,711.422,segment_too_short,,cutfix_full_tier1_20260729_01,tier1
vCoi-ZvkA_c,vCoi-ZvkA_c.mp4,712.258,714.206,segment_too_short,,cutfix_full_tier1_20260729_01,tier1
vCoi-ZvkA_c,vCoi-ZvkA_c.mp4,718.69,726.942,scene_cut_detected,,cutfix_full_tier1_20260729_01,tier1
vCoi-ZvkA_c,vCoi-ZvkA_c.mp4,734.274,735.358,segment_too_short,,cutfix_full_tier1_20260729_01,tier1
vCoi-ZvkA_c,vCoi-ZvkA_c.mp4,740.002,741.31,segment_too_short,,cutfix_full_tier1_20260729_01,tier1
vCoi-ZvkA_c,vCoi-ZvkA_c.mp4,756.322,756.798,segment_too_short,,cutfix_full_tier1_20260729_01,tier1
vCoi-ZvkA_c,vCoi-ZvkA_c.mp4,758.498,759.07,segment_too_short,,cutfix_full_tier1_20260729_01,tier1
vCoi-ZvkA_c,vCoi-ZvkA_c.mp4,760.322,760.83,segment_too_short,,cutfix_full_tier1_20260729_01,tier1
vCoi-ZvkA_c,vCoi-ZvkA_c.mp4,763.426,764.222,segment_too_short,,cutfix_full_tier1_20260729_01,tier1
vCoi-ZvkA_c,vCoi-ZvkA_c.mp4,765.762,766.398,segment_too_short,,cutfix_full_tier1_20260729_01,tier1
vCoi-ZvkA_c,vCoi-ZvkA_c.mp4,767.522,767.998,segment_too_short,,cutfix_full_tier1_20260729_01,tier1
vCoi-ZvkA_c,vCoi-ZvkA_c.mp4,769.826,772.606,scene_cut_detected,,cutfix_full_tier1_20260729_01,tier1
vCoi-ZvkA_c,vCoi-ZvkA_c.mp4,772.706,773.47,segment_too_short,,cutfix_full_tier1_20260729_01,tier1
vCoi-ZvkA_c,vCoi-ZvkA_c.mp4,773.922,778.27,scene_cut_detected,,cutfix_full_tier1_20260729_01,tier1
vCoi-ZvkA_c,vCoi-ZvkA_c.mp4,778.658,779.55,segment_too_short,,cutfix_full_tier1_20260729_01,tier1
vCoi-ZvkA_c,vCoi-ZvkA_c.mp4,779.65,781.406,segment_too_short,,cutfix_full_tier1_20260729_01,tier1
vCoi-ZvkA_c,vCoi-ZvkA_c.mp4,781.634,782.398,segment_too_short,,cutfix_full_tier1_20260729_01,tier1
vCoi-ZvkA_c,vCoi-ZvkA_c.mp4,782.626,790.206,scene_cut_detected,,cutfix_full_tier1_20260729_01,tier1
vCoi-ZvkA_c,vCoi-ZvkA_c.mp4,793.41,793.79,segment_too_short,,cutfix_full_tier1_20260729_01,tier1
vCoi-ZvkA_c,vCoi-ZvkA_c.mp4,796.93,798.59,segment_too_short,,cutfix_full_tier1_20260729_01,tier1
vCoi-ZvkA_c,vCoi-ZvkA_c.mp4,800.578,802.046,segment_too_short,,cutfix_full_tier1_20260729_01,tier1
vE8wJ17uidE,vE8wJ17uidE.mp4,27.682,29.118,segment_too_short,,cutfix_full_tier1_20260729_01,tier1
vE8wJ17uidE,vE8wJ17uidE.mp4,29.218,30.718,segment_too_short,,cutfix_full_tier1_20260729_01,tier1
vE8wJ17uidE,vE8wJ17uidE.mp4,33.602,34.27,segment_too_short,,cutfix_full_tier1_20260729_01,tier1
vE8wJ17uidE,vE8wJ17uidE.mp4,41.09,42.046,segment_too_short,,cutfix_full_tier1_20260729_01,tier1
vE8wJ17uidE,vE8wJ17uidE.mp4,65.25,66.078,segment_too_short,,cutfix_full_tier1_20260729_01,tier1
vE8wJ17uidE,vE8wJ17uidE.mp4,84.29,85.758,segment_too_short,,cutfix_full_tier1_20260729_01,tier1
vE8wJ17uidE,vE8wJ17uidE.mp4,86.018,86.558,segment_too_short,,cutfix_full_tier1_20260729_01,tier1
vE8wJ17uidE,vE8wJ17uidE.mp4,130.242,131.71,segment_too_short,,cutfix_full_tier1_20260729_01,tier1
vE8wJ17uidE,vE8wJ17uidE.mp4,136.258,137.278,segment_too_short,,cutfix_full_tier1_20260729_01,tier1
vE8wJ17uidE,vE8wJ17uidE.mp4,172.994,173.982,segment_too_short,,cutfix_full_tier1_20260729_01,tier1
vE8wJ17uidE,vE8wJ17uidE.mp4,218.338,219.87,segment_too_short,,cutfix_full_tier1_20260729_01,tier1
vE8wJ17uidE,vE8wJ17uidE.mp4,277.026,278.686,segment_too_short,,cutfix_full_tier1_20260729_01,tier1
vE8wJ17uidE,vE8wJ17uidE.mp4,278.786,279.518,segment_too_short,,cutfix_full_tier1_20260729_01,tier1
vE8wJ17uidE,vE8wJ17uidE.mp4,279.682,280.766,segment_too_short,,cutfix_full_tier1_20260729_01,tier1
vE8wJ17uidE,vE8wJ17uidE.mp4,343.298,344.222,segment_too_short,,cutfix_full_tier1_20260729_01,tier1
vE8wJ17uidE,vE8wJ17uidE.mp4,353.506,353.886,segment_too_short,,cutfix_full_tier1_20260729_01,tier1
vE8wJ17uidE,vE8wJ17uidE.mp4,364.61,364.99,segment_too_short,,cutfix_full_tier1_20260729_01,tier1
vE8wJ17uidE,vE8wJ17uidE.mp4,401.122,402.814,segment_too_short,,cutfix_full_tier1_20260729_01,tier1
vE8wJ17uidE,vE8wJ17uidE.mp4,443.97,445.15,segment_too_short,,cutfix_full_tier1_20260729_01,tier1
vE8wJ17uidE,vE8wJ17uidE.mp4,469.314,471.166,segment_too_short,,cutfix_full_tier1_20260729_01,tier1
vE8wJ17uidE,vE8wJ17uidE.mp4,513.89,514.302,segment_too_short,,cutfix_full_tier1_20260729_01,tier1
vE8wJ17uidE,vE8wJ17uidE.mp4,538.082,538.75,segment_too_short,,cutfix_full_tier1_20260729_01,tier1
vE8wJ17uidE,vE8wJ17uidE.mp4,568.386,569.982,segment_too_short,,cutfix_full_tier1_20260729_01,tier1
vE8wJ17uidE,vE8wJ17uidE.mp4,592.098,592.414,segment_too_short,,cutfix_full_tier1_20260729_01,tier1
vE8wJ17uidE,vE8wJ17uidE.mp4,604.098,605.918,segment_too_short,,cutfix_full_tier1_20260729_01,tier1
vE8wJ17uidE,vE8wJ17uidE.mp4,606.114,607.038,segment_too_short,,cutfix_full_tier1_20260729_01,tier1
vE8wJ17uidE,vE8wJ17uidE.mp4,620.258,621.662,segment_too_short,,cutfix_full_tier1_20260729_01,tier1
vE8wJ17uidE,vE8wJ17uidE.mp4,621.89,623.39,segment_too_short,,cutfix_full_tier1_20260729_01,tier1
vE8wJ17uidE,vE8wJ17uidE.mp4,747.746,749.534,segment_too_short,,cutfix_full_tier1_20260729_01,tier1
vE8wJ17uidE,vE8wJ17uidE.mp4,767.426,769.662,scene_cut_detected,,cutfix_full_tier1_20260729_01,tier1
vE8wJ17uidE,vE8wJ17uidE.mp4,770.114,770.43,segment_too_short,,cutfix_full_tier1_20260729_01,tier1
vE8wJ17uidE,vE8wJ17uidE.mp4,770.722,771.39,segment_too_short,,cutfix_full_tier1_20260729_01,tier1
vFhiH29FXxE,vFhiH29FXxE.mp4,33.666,34.014,segment_too_short,,cutfix_full_tier1_20260729_01,tier1
vFhiH29FXxE,vFhiH29FXxE.mp4,37.41,42.046,face_density_low,,cutfix_full_tier1_20260729_01,tier1
vFhiH29FXxE,vFhiH29FXxE.mp4,42.242,47.614,face_density_low,,cutfix_full_tier1_20260729_01,tier1
vFhiH29FXxE,vFhiH29FXxE.mp4,47.906,57.406,scene_cut_detected,,cutfix_full_tier1_20260729_01,tier1
vFhiH29FXxE,vFhiH29FXxE.mp4,57.666,58.11,segment_too_short,,cutfix_full_tier1_20260729_01,tier1
vFhiH29FXxE,vFhiH29FXxE.mp4,68.29,74.654,scene_cut_detected,,cutfix_full_tier1_20260729_01,tier1
vFhiH29FXxE,vFhiH29FXxE.mp4,74.85,79.85,scene_cut_detected,,cutfix_full_tier1_20260729_01,tier1
vFhiH29FXxE,vFhiH29FXxE.mp4,78.85,83.85,scene_cut_detected,,cutfix_full_tier1_20260729_01,tier1
vFhiH29FXxE,vFhiH29FXxE.mp4,82.85,87.85,scene_cut_detected,,cutfix_full_tier1_20260729_01,tier1
vFhiH29FXxE,vFhiH29FXxE.mp4,92.706,97.706,face_density_low,,cutfix_full_tier1_20260729_01,tier1
vFhiH29FXxE,vFhiH29FXxE.mp4,96.706,101.706,face_density_low,,cutfix_full_tier1_20260729_01,tier1
vFhiH29FXxE,vFhiH29FXxE.mp4,100.706,105.706,face_density_low,,cutfix_full_tier1_20260729_01,tier1
vFhiH29FXxE,vFhiH29FXxE.mp4,104.706,109.706,scene_cut_detected,,cutfix_full_tier1_20260729_01,tier1
vFhiH29FXxE,vFhiH29FXxE.mp4,110.818,116.702,face_density_low,,cutfix_full_tier1_20260729_01,tier1
vFhiH29FXxE,vFhiH29FXxE.mp4,132.258,134.398,scene_cut_detected,,cutfix_full_tier1_20260729_01,tier1
vFhiH29FXxE,vFhiH29FXxE.mp4,134.978,143.454,scene_cut_detected,,cutfix_full_tier1_20260729_01,tier1
vFhiH29FXxE,vFhiH29FXxE.mp4,143.554,144.734,segment_too_short,,cutfix_full_tier1_20260729_01,tier1
vFhiH29FXxE,vFhiH29FXxE.mp4,145.25,149.95,scene_cut_detected,,cutfix_full_tier1_20260729_01,tier1
vFhiH29FXxE,vFhiH29FXxE.mp4,150.242,152.094,segment_too_short,,cutfix_full_tier1_20260729_01,tier1
vFhiH29FXxE,vFhiH29FXxE.mp4,161.986,170.622,scene_cut_detected,,cutfix_full_tier1_20260729_01,tier1
vFhiH29FXxE,vFhiH29FXxE.mp4,170.978,175.838,scene_cut_detected,,cutfix_full_tier1_20260729_01,tier1
vFhiH29FXxE,vFhiH29FXxE.mp4,178.402,186.398,scene_cut_detected,,cutfix_full_tier1_20260729_01,tier1
vFhiH29FXxE,vFhiH29FXxE.mp4,186.754,197.47,scene_cut_detected,,cutfix_full_tier1_20260729_01,tier1
vFhiH29FXxE,vFhiH29FXxE.mp4,221.314,224.702,scene_cut_detected,,cutfix_full_tier1_20260729_01,tier1
vFhiH29FXxE,vFhiH29FXxE.mp4,224.898,235.838,scene_cut_detected,,cutfix_full_tier1_20260729_01,tier1
vFhiH29FXxE,vFhiH29FXxE.mp4,236.226,241.226,face_density_low,,cutfix_full_tier1_20260729_01,tier1
vFhiH29FXxE,vFhiH29FXxE.mp4,240.226,245.226,scene_cut_detected,,cutfix_full_tier1_20260729_01,tier1
vFhiH29FXxE,vFhiH29FXxE.mp4,244.226,249.226,scene_cut_detected,,cutfix_full_tier1_20260729_01,tier1
vFhiH29FXxE,vFhiH29FXxE.mp4,257.666,259.102,segment_too_short,,cutfix_full_tier1_20260729_01,tier1
vFhiH29FXxE,vFhiH29FXxE.mp4,259.586,264.446,face_density_low,,cutfix_full_tier1_20260729_01,tier1
vFhiH29FXxE,vFhiH29FXxE.mp4,264.802,266.718,segment_too_short,,cutfix_full_tier1_20260729_01,tier1
vFhiH29FXxE,vFhiH29FXxE.mp4,266.946,270.302,face_density_low,,cutfix_full_tier1_20260729_01,tier1
vFhiH29FXxE,vFhiH29FXxE.mp4,270.402,271.838,segment_too_short,,cutfix_full_tier1_20260729_01,tier1
vFhiH29FXxE,vFhiH29FXxE.mp4,272.418,276.062,face_density_low,,cutfix_full_tier1_20260729_01,tier1
vFhiH29FXxE,vFhiH29FXxE.mp4,276.194,278.846,face_density_low,,cutfix_full_tier1_20260729_01,tier1
vFhiH29FXxE,vFhiH29FXxE.mp4,279.362,283.294,face_density_low,,cutfix_full_tier1_20260729_01,tier1
vFhiH29FXxE,vFhiH29FXxE.mp4,293.25,295.102,segment_too_short,,cutfix_full_tier1_20260729_01,tier1
vFhiH29FXxE,vFhiH29FXxE.mp4,296.866,301.866,scene_cut_detected,,cutfix_full_tier1_20260729_01,tier1
vFhiH29FXxE,vFhiH29FXxE.mp4,300.866,305.866,scene_cut_detected,,cutfix_full_tier1_20260729_01,tier1
vFhiH29FXxE,vFhiH29FXxE.mp4,304.866,309.866,scene_cut_detected,,cutfix_full_tier1_20260729_01,tier1
vFhiH29FXxE,vFhiH29FXxE.mp4,312.322,316.958,face_density_low,,cutfix_full_tier1_20260729_01,tier1
vFhiH29FXxE,vFhiH29FXxE.mp4,317.122,319.038,segment_too_short,,cutfix_full_tier1_20260729_01,tier1
vFhiH29FXxE,vFhiH29FXxE.mp4,319.138,321.278,face_density_low,,cutfix_full_tier1_20260729_01,tier1
vFhiH29FXxE,vFhiH29FXxE.mp4,321.41,327.422,face_density_low,,cutfix_full_tier1_20260729_01,tier1
vFhiH29FXxE,vFhiH29FXxE.mp4,327.65,332.222,scene_cut_detected,,cutfix_full_tier1_20260729_01,tier1
vFhiH29FXxE,vFhiH29FXxE.mp4,332.482,332.862,segment_too_short,,cutfix_full_tier1_20260729_01,tier1
vFhiH29FXxE,vFhiH29FXxE.mp4,334.082,338.526,scene_cut_detected,,cutfix_full_tier1_20260729_01,tier1
vFhiH29FXxE,vFhiH29FXxE.mp4,348.77,350.398,segment_too_short,,cutfix_full_tier1_20260729_01,tier1
vFhiH29FXxE,vFhiH29FXxE.mp4,368.77,370.174,segment_too_short,,cutfix_full_tier1_20260729_01,tier1
vFhiH29FXxE,vFhiH29FXxE.mp4,375.01,382.078,scene_cut_detected,,cutfix_full_tier1_20260729_01,tier1
vFhiH29FXxE,vFhiH29FXxE.mp4,385.218,389.182,scene_cut_detected,,cutfix_full_tier1_20260729_01,tier1
vFhiH29FXxE,vFhiH29FXxE.mp4,389.314,391.358,face_density_low,,cutfix_full_tier1_20260729_01,tier1
vFhiH29FXxE,vFhiH29FXxE.mp4,391.778,393.502,segment_too_short,,cutfix_full_tier1_20260729_01,tier1
vFhiH29FXxE,vFhiH29FXxE.mp4,393.602,395.198,segment_too_short,,cutfix_full_tier1_20260729_01,tier1
vFhiH29FXxE,vFhiH29FXxE.mp4,395.554,399.774,face_density_low,,cutfix_full_tier1_20260729_01,tier1
vFhiH29FXxE,vFhiH29FXxE.mp4,402.21,405.502,face_density_low,,cutfix_full_tier1_20260729_01,tier1
vFhiH29FXxE,vFhiH29FXxE.mp4,406.018,410.11,scene_cut_detected,,cutfix_full_tier1_20260729_01,tier1
vFhiH29FXxE,vFhiH29FXxE.mp4,410.466,415.07,scene_cut_detected,,cutfix_full_tier1_20260729_01,tier1
vFhiH29FXxE,vFhiH29FXxE.mp4,415.65,421.278,scene_cut_detected,,cutfix_full_tier1_20260729_01,tier1
vFhiH29FXxE,vFhiH29FXxE.mp4,430.434,431.582,segment_too_short,,cutfix_full_tier1_20260729_01,tier1
vFhiH29FXxE,vFhiH29FXxE.mp4,434.53,437.982,scene_cut_detected,,cutfix_full_tier1_20260729_01,tier1
vFhiH29FXxE,vFhiH29FXxE.mp4,438.242,443.134,face_density_low,,cutfix_full_tier1_20260729_01,tier1
vFhiH29FXxE,vFhiH29FXxE.mp4,443.298,445.886,face_density_low,,cutfix_full_tier1_20260729_01,tier1
vFhiH29FXxE,vFhiH29FXxE.mp4,445.986,449.278,face_density_low,,cutfix_full_tier1_20260729_01,tier1
vFhiH29FXxE,vFhiH29FXxE.mp4,449.73,453.214,face_density_low,,cutfix_full_tier1_20260729_01,tier1
vFhiH29FXxE,vFhiH29FXxE.mp4,460.706,462.398,segment_too_short,,cutfix_full_tier1_20260729_01,tier1
vFhiH29FXxE,vFhiH29FXxE.mp4,465.346,466.238,segment_too_short,,cutfix_full_tier1_20260729_01,tier1
vFhiH29FXxE,vFhiH29FXxE.mp4,469.218,474.59,scene_cut_detected,,cutfix_full_tier1_20260729_01,tier1
vFhiH29FXxE,vFhiH29FXxE.mp4,474.786,476.99,scene_cut_detected,,cutfix_full_tier1_20260729_01,tier1
vFhiH29FXxE,vFhiH29FXxE.mp4,477.25,480.094,face_density_low,,cutfix_full_tier1_20260729_01,tier1
vFhiH29FXxE,vFhiH29FXxE.mp4,480.258,482.046,segment_too_short,,cutfix_full_tier1_20260729_01,tier1
vFhiH29FXxE,vFhiH29FXxE.mp4,482.562,483.966,segment_too_short,,cutfix_full_tier1_20260729_01,tier1
vFhiH29FXxE,vFhiH29FXxE.mp4,484.066,487.102,face_density_low,,cutfix_full_tier1_20260729_01,tier1
vFhiH29FXxE,vFhiH29FXxE.mp4,487.33,489.982,scene_cut_detected,,cutfix_full_tier1_20260729_01,tier1
vFhiH29FXxE,vFhiH29FXxE.mp4,490.37,491.998,segment_too_short,,cutfix_full_tier1_20260729_01,tier1
vFhiH29FXxE,vFhiH29FXxE.mp4,492.162,494.59,scene_cut_detected,,cutfix_full_tier1_20260729_01,tier1
vFhiH29FXxE,vFhiH29FXxE.mp4,531.17,535.486,scene_cut_detected,,cutfix_full_tier1_20260729_01,tier1
vFhiH29FXxE,vFhiH29FXxE.mp4,538.85,540.574,segment_too_short,,cutfix_full_tier1_20260729_01,tier1
vFhiH29FXxE,vFhiH29FXxE.mp4,544.642,553.822,scene_cut_detected,,cutfix_full_tier1_20260729_01,tier1
vFhiH29FXxE,vFhiH29FXxE.mp4,557.634,559.422,segment_too_short,,cutfix_full_tier1_20260729_01,tier1
vFhiH29FXxE,vFhiH29FXxE.mp4,559.682,563.774,face_density_low,,cutfix_full_tier1_20260729_01,tier1
vFhiH29FXxE,vFhiH29FXxE.mp4,564.066,567.774,scene_cut_detected,,cutfix_full_tier1_20260729_01,tier1
vFhiH29FXxE,vFhiH29FXxE.mp4,568.354,570.622,face_density_low,,cutfix_full_tier1_20260729_01,tier1
vFhiH29FXxE,vFhiH29FXxE.mp4,570.754,573.022,face_density_low,,cutfix_full_tier1_20260729_01,tier1
vFhiH29FXxE,vFhiH29FXxE.mp4,573.826,582.366,scene_cut_detected,,cutfix_full_tier1_20260729_01,tier1
vFhiH29FXxE,vFhiH29FXxE.mp4,582.914,588.126,scene_cut_detected,,cutfix_full_tier1_20260729_01,tier1
vFhiH29FXxE,vFhiH29FXxE.mp4,588.514,590.59,face_density_low,,cutfix_full_tier1_20260729_01,tier1
vFhiH29FXxE,vFhiH29FXxE.mp4,590.754,592.798,scene_cut_detected,,cutfix_full_tier1_20260729_01,tier1
vFhiH29FXxE,vFhiH29FXxE.mp4,593.73,604.51,scene_cut_detected,,cutfix_full_tier1_20260729_01,tier1
vFhiH29FXxE,vFhiH29FXxE.mp4,613.378,615.358,segment_too_short,,cutfix_full_tier1_20260729_01,tier1
vFhiH29FXxE,vFhiH29FXxE.mp4,624.994,629.598,scene_cut_detected,,cutfix_full_tier1_20260729_01,tier1
vFhiH29FXxE,vFhiH29FXxE.mp4,630.306,632.286,segment_too_short,,cutfix_full_tier1_20260729_01,tier1
vFhiH29FXxE,vFhiH29FXxE.mp4,632.45,634.718,face_density_low,,cutfix_full_tier1_20260729_01,tier1
vFhiH29FXxE,vFhiH29FXxE.mp4,635.042,638.718,face_density_low,,cutfix_full_tier1_20260729_01,tier1
vFhiH29FXxE,vFhiH29FXxE.mp4,638.914,639.87,segment_too_short,,cutfix_full_tier1_20260729_01,tier1
vFhiH29FXxE,vFhiH29FXxE.mp4,643.842,644.766,segment_too_short,,cutfix_full_tier1_20260729_01,tier1
vFhiH29FXxE,vFhiH29FXxE.mp4,645.378,645.758,segment_too_short,,cutfix_full_tier1_20260729_01,tier1
vFhiH29FXxE,vFhiH29FXxE.mp4,645.922,650.494,face_density_low,,cutfix_full_tier1_20260729_01,tier1
vFhiH29FXxE,vFhiH29FXxE.mp4,650.786,654.91,scene_cut_detected,,cutfix_full_tier1_20260729_01,tier1
vFhiH29FXxE,vFhiH29FXxE.mp4,655.33,657.342,scene_cut_detected,,cutfix_full_tier1_20260729_01,tier1
vFhiH29FXxE,vFhiH29FXxE.mp4,657.442,660.702,scene_cut_detected,,cutfix_full_tier1_20260729_01,tier1
vFhiH29FXxE,vFhiH29FXxE.mp4,661.154,663.902,scene_cut_detected,,cutfix_full_tier1_20260729_01,tier1
vFhiH29FXxE,vFhiH29FXxE.mp4,664.13,664.638,segment_too_short,,cutfix_full_tier1_20260729_01,tier1
vFhiH29FXxE,vFhiH29FXxE.mp4,664.866,665.694,segment_too_short,,cutfix_full_tier1_20260729_01,tier1
vFhiH29FXxE,vFhiH29FXxE.mp4,671.234,672.574,segment_too_short,,cutfix_full_tier1_20260729_01,tier1
vFhiH29FXxE,vFhiH29FXxE.mp4,673.25,674.302,segment_too_short,,cutfix_full_tier1_20260729_01,tier1
vFhiH29FXxE,vFhiH29FXxE.mp4,674.722,676.382,segment_too_short,,cutfix_full_tier1_20260729_01,tier1
vFhiH29FXxE,vFhiH29FXxE.mp4,682.242,684.062,segment_too_short,,cutfix_full_tier1_20260729_01,tier1
vFhiH29FXxE,vFhiH29FXxE.mp4,685.442,687.038,segment_too_short,,cutfix_full_tier1_20260729_01,tier1
vFhiH29FXxE,vFhiH29FXxE.mp4,687.138,690.718,scene_cut_detected,,cutfix_full_tier1_20260729_01,tier1
vFhiH29FXxE,vFhiH29FXxE.mp4,691.074,694.974,scene_cut_detected,,cutfix_full_tier1_20260729_01,tier1
vFhiH29FXxE,vFhiH29FXxE.mp4,695.298,697.406,face_density_low,,cutfix_full_tier1_20260729_01,tier1
vFhiH29FXxE,vFhiH29FXxE.mp4,697.538,699.71,scene_cut_detected,,cutfix_full_tier1_20260729_01,tier1
vFhiH29FXxE,vFhiH29FXxE.mp4,703.874,705.406,segment_too_short,,cutfix_full_tier1_20260729_01,tier1
vFhiH29FXxE,vFhiH29FXxE.mp4,711.714,712.894,segment_too_short,,cutfix_full_tier1_20260729_01,tier1
vFhiH29FXxE,vFhiH29FXxE.mp4,723.714,724.094,segment_too_short,,cutfix_full_tier1_20260729_01,tier1
vFhiH29FXxE,vFhiH29FXxE.mp4,724.578,726.014,segment_too_short,,cutfix_full_tier1_20260729_01,tier1
vFhiH29FXxE,vFhiH29FXxE.mp4,726.146,727.806,segment_too_short,,cutfix_full_tier1_20260729_01,tier1
vFhiH29FXxE,vFhiH29FXxE.mp4,728.066,729.406,segment_too_short,,cutfix_full_tier1_20260729_01,tier1
vFhiH29FXxE,vFhiH29FXxE.mp4,730.882,733.15,scene_cut_detected,,cutfix_full_tier1_20260729_01,tier1
vFhiH29FXxE,vFhiH29FXxE.mp4,733.25,737.086,scene_cut_detected,,cutfix_full_tier1_20260729_01,tier1
vFhiH29FXxE,vFhiH29FXxE.mp4,737.442,740.414,face_density_low,,cutfix_full_tier1_20260729_01,tier1
vFhiH29FXxE,vFhiH29FXxE.mp4,740.642,744.318,scene_cut_detected,,cutfix_full_tier1_20260729_01,tier1
vFhiH29FXxE,vFhiH29FXxE.mp4,782.114,786.846,scene_cut_detected,,cutfix_full_tier1_20260729_01,tier1
vFhiH29FXxE,vFhiH29FXxE.mp4,787.234,787.966,segment_too_short,,cutfix_full_tier1_20260729_01,tier1
vFhiH29FXxE,vFhiH29FXxE.mp4,796.13,801.63,face_density_low,,cutfix_full_tier1_20260729_01,tier1
vFhiH29FXxE,vFhiH29FXxE.mp4,801.73,805.534,face_density_low,,cutfix_full_tier1_20260729_01,tier1
vFhiH29FXxE,vFhiH29FXxE.mp4,805.826,810.462,face_density_low,,cutfix_full_tier1_20260729_01,tier1
vFhiH29FXxE,vFhiH29FXxE.mp4,811.522,822.75,scene_cut_detected,,cutfix_full_tier1_20260729_01,tier1
vFhiH29FXxE,vFhiH29FXxE.mp4,822.914,824.158,segment_too_short,,cutfix_full_tier1_20260729_01,tier1
vFhiH29FXxE,vFhiH29FXxE.mp4,824.482,827.198,scene_cut_detected,,cutfix_full_tier1_20260729_01,tier1
vFhiH29FXxE,vFhiH29FXxE.mp4,835.042,838.878,face_density_low,,cutfix_full_tier1_20260729_01,tier1
vFhiH29FXxE,vFhiH29FXxE.mp4,839.17,845.982,scene_cut_detected,,cutfix_full_tier1_20260729_01,tier1
vFhiH29FXxE,vFhiH29FXxE.mp4,858.274,860.222,segment_too_short,,cutfix_full_tier1_20260729_01,tier1
vFhiH29FXxE,vFhiH29FXxE.mp4,867.906,871.454,scene_cut_detected,,cutfix_full_tier1_20260729_01,tier1
vFhiH29FXxE,vFhiH29FXxE.mp4,871.65,881.182,scene_cut_detected,,cutfix_full_tier1_20260729_01,tier1
vFhiH29FXxE,vFhiH29FXxE.mp4,892.962,899.166,scene_cut_detected,,cutfix_full_tier1_20260729_01,tier1
vFhiH29FXxE,vFhiH29FXxE.mp4,899.458,905.758,scene_cut_detected,,cutfix_full_tier1_20260729_01,tier1
vFhiH29FXxE,vFhiH29FXxE.mp4,905.858,911.006,scene_cut_detected,,cutfix_full_tier1_20260729_01,tier1
vFhiH29FXxE,vFhiH29FXxE.mp4,911.362,916.478,scene_cut_detected,,cutfix_full_tier1_20260729_01,tier1
vFhiH29FXxE,vFhiH29FXxE.mp4,916.802,920.35,scene_cut_detected,,cutfix_full_tier1_20260729_01,tier1
vFhiH29FXxE,vFhiH29FXxE.mp4,926.978,931.978,scene_cut_detected,,cutfix_full_tier1_20260729_01,tier1
vFhiH29FXxE,vFhiH29FXxE.mp4,930.978,935.978,face_density_low,,cutfix_full_tier1_20260729_01,tier1
vFhiH29FXxE,vFhiH29FXxE.mp4,934.978,939.978,face_density_low,,cutfix_full_tier1_20260729_01,tier1
vFhiH29FXxE,vFhiH29FXxE.mp4,938.978,941.886,face_density_low,,cutfix_full_tier1_20260729_01,tier1
vFhiH29FXxE,vFhiH29FXxE.mp4,945.378,953.182,scene_cut_detected,,cutfix_full_tier1_20260729_01,tier1
vFhiH29FXxE,vFhiH29FXxE.mp4,953.57,961.502,scene_cut_detected,,cutfix_full_tier1_20260729_01,tier1
vFhiH29FXxE,vFhiH29FXxE.mp4,961.794,962.398,segment_too_short,,cutfix_full_tier1_20260729_01,tier1
vHJhbuxCqmc,vHJhbuxCqmc.mp4,0.77,2.078,segment_too_short,,cutfix_full_tier1_20260729_01,tier1
vHJhbuxCqmc,vHJhbuxCqmc.mp4,2.434,5.598,face_density_low,,cutfix_full_tier1_20260729_01,tier1
vHJhbuxCqmc,vHJhbuxCqmc.mp4,5.89,6.782,segment_too_short,,cutfix_full_tier1_20260729_01,tier1
vHJhbuxCqmc,vHJhbuxCqmc.mp4,7.202,10.014,face_density_low,,cutfix_full_tier1_20260729_01,tier1
vHJhbuxCqmc,vHJhbuxCqmc.mp4,10.306,11.326,segment_too_short,,cutfix_full_tier1_20260729_01,tier1
vHJhbuxCqmc,vHJhbuxCqmc.mp4,11.714,12.798,segment_too_short,,cutfix_full_tier1_20260729_01,tier1
vHJhbuxCqmc,vHJhbuxCqmc.mp4,13.218,16.35,face_density_low,,cutfix_full_tier1_20260729_01,tier1
vHJhbuxCqmc,vHJhbuxCqmc.mp4,16.738,20.158,face_density_low,,cutfix_full_tier1_20260729_01,tier1
vHJhbuxCqmc,vHJhbuxCqmc.mp4,20.642,21.982,segment_too_short,,cutfix_full_tier1_20260729_01,tier1
vHJhbuxCqmc,vHJhbuxCqmc.mp4,22.498,24.83,face_density_low,,cutfix_full_tier1_20260729_01,tier1
vHJhbuxCqmc,vHJhbuxCqmc.mp4,25.25,27.934,face_density_low,,cutfix_full_tier1_20260729_01,tier1
vHJhbuxCqmc,vHJhbuxCqmc.mp4,28.514,30.942,face_density_low,,cutfix_full_tier1_20260729_01,tier1
vHJhbuxCqmc,vHJhbuxCqmc.mp4,31.234,32.446,segment_too_short,,cutfix_full_tier1_20260729_01,tier1
vHJhbuxCqmc,vHJhbuxCqmc.mp4,32.642,33.246,segment_too_short,,cutfix_full_tier1_20260729_01,tier1
vHJhbuxCqmc,vHJhbuxCqmc.mp4,33.57,35.806,face_density_low,,cutfix_full_tier1_20260729_01,tier1
vHJhbuxCqmc,vHJhbuxCqmc.mp4,36.13,38.622,face_density_low,,cutfix_full_tier1_20260729_01,tier1
vHJhbuxCqmc,vHJhbuxCqmc.mp4,39.042,41.278,face_density_low,,cutfix_full_tier1_20260729_01,tier1
vHJhbuxCqmc,vHJhbuxCqmc.mp4,41.57,43.166,segment_too_short,,cutfix_full_tier1_20260729_01,tier1
vHJhbuxCqmc,vHJhbuxCqmc.mp4,43.362,45.374,face_density_low,,cutfix_full_tier1_20260729_01,tier1
vHJhbuxCqmc,vHJhbuxCqmc.mp4,45.538,47.07,segment_too_short,,cutfix_full_tier1_20260729_01,tier1
vHJhbuxCqmc,vHJhbuxCqmc.mp4,47.522,49.182,segment_too_short,,cutfix_full_tier1_20260729_01,tier1
vHJhbuxCqmc,vHJhbuxCqmc.mp4,49.346,52.382,face_density_low,,cutfix_full_tier1_20260729_01,tier1
vHJhbuxCqmc,vHJhbuxCqmc.mp4,52.546,53.438,segment_too_short,,cutfix_full_tier1_20260729_01,tier1
vHJhbuxCqmc,vHJhbuxCqmc.mp4,53.922,55.934,face_density_low,,cutfix_full_tier1_20260729_01,tier1
vHJhbuxCqmc,vHJhbuxCqmc.mp4,56.162,57.15,segment_too_short,,cutfix_full_tier1_20260729_01,tier1
vHJhbuxCqmc,vHJhbuxCqmc.mp4,57.314,58.878,segment_too_short,,cutfix_full_tier1_20260729_01,tier1
vHJhbuxCqmc,vHJhbuxCqmc.mp4,59.97,61.918,segment_too_short,,cutfix_full_tier1_20260729_01,tier1
vHJhbuxCqmc,vHJhbuxCqmc.mp4,62.434,63.262,segment_too_short,,cutfix_full_tier1_20260729_01,tier1
vHJhbuxCqmc,vHJhbuxCqmc.mp4,63.49,63.966,segment_too_short,,cutfix_full_tier1_20260729_01,tier1
vHJhbuxCqmc,vHJhbuxCqmc.mp4,64.194,64.702,segment_too_short,,cutfix_full_tier1_20260729_01,tier1
vHJhbuxCqmc,vHJhbuxCqmc.mp4,64.962,68.51,face_density_low,,cutfix_full_tier1_20260729_01,tier1
vHJhbuxCqmc,vHJhbuxCqmc.mp4,68.674,69.342,segment_too_short,,cutfix_full_tier1_20260729_01,tier1
vHJhbuxCqmc,vHJhbuxCqmc.mp4,69.538,71.07,segment_too_short,,cutfix_full_tier1_20260729_01,tier1
vHJhbuxCqmc,vHJhbuxCqmc.mp4,71.746,74.366,face_density_low,,cutfix_full_tier1_20260729_01,tier1
vHJhbuxCqmc,vHJhbuxCqmc.mp4,74.626,77.694,face_density_low,,cutfix_full_tier1_20260729_01,tier1
vHJhbuxCqmc,vHJhbuxCqmc.mp4,77.954,79.166,segment_too_short,,cutfix_full_tier1_20260729_01,tier1
vHJhbuxCqmc,vHJhbuxCqmc.mp4,79.554,81.982,face_density_low,,cutfix_full_tier1_20260729_01,tier1
vHJhbuxCqmc,vHJhbuxCqmc.mp4,82.978,85.918,face_density_low,,cutfix_full_tier1_20260729_01,tier1
vHJhbuxCqmc,vHJhbuxCqmc.mp4,86.05,90.974,face_density_low,,cutfix_full_tier1_20260729_01,tier1
vHJhbuxCqmc,vHJhbuxCqmc.mp4,91.234,93.63,face_density_low,,cutfix_full_tier1_20260729_01,tier1
vHJhbuxCqmc,vHJhbuxCqmc.mp4,93.858,94.558,segment_too_short,,cutfix_full_tier1_20260729_01,tier1
vHJhbuxCqmc,vHJhbuxCqmc.mp4,94.658,96.318,segment_too_short,,cutfix_full_tier1_20260729_01,tier1
vHJhbuxCqmc,vHJhbuxCqmc.mp4,96.738,100.094,face_density_low,,cutfix_full_tier1_20260729_01,tier1
vHJhbuxCqmc,vHJhbuxCqmc.mp4,100.354,104.286,face_density_low,,cutfix_full_tier1_20260729_01,tier1
vHJhbuxCqmc,vHJhbuxCqmc.mp4,104.642,107.326,face_density_low,,cutfix_full_tier1_20260729_01,tier1
vHJhbuxCqmc,vHJhbuxCqmc.mp4,107.458,109.214,segment_too_short,,cutfix_full_tier1_20260729_01,tier1
vHJhbuxCqmc,vHJhbuxCqmc.mp4,109.442,111.774,face_density_low,,cutfix_full_tier1_20260729_01,tier1
vHJhbuxCqmc,vHJhbuxCqmc.mp4,112.546,114.622,face_density_low,,cutfix_full_tier1_20260729_01,tier1
vHJhbuxCqmc,vHJhbuxCqmc.mp4,115.01,117.502,face_density_low,,cutfix_full_tier1_20260729_01,tier1
vHJhbuxCqmc,vHJhbuxCqmc.mp4,117.826,121.502,face_density_low,,cutfix_full_tier1_20260729_01,tier1
vHJhbuxCqmc,vHJhbuxCqmc.mp4,121.73,123.774,face_density_low,,cutfix_full_tier1_20260729_01,tier1
vHJhbuxCqmc,vHJhbuxCqmc.mp4,124.034,127.486,face_density_low,,cutfix_full_tier1_20260729_01,tier1
vHJhbuxCqmc,vHJhbuxCqmc.mp4,127.618,131.774,face_density_low,,cutfix_full_tier1_20260729_01,tier1
vHJhbuxCqmc,vHJhbuxCqmc.mp4,132.066,133.598,segment_too_short,,cutfix_full_tier1_20260729_01,tier1
vHJhbuxCqmc,vHJhbuxCqmc.mp4,133.698,136.382,face_density_low,,cutfix_full_tier1_20260729_01,tier1
vHJhbuxCqmc,vHJhbuxCqmc.mp4,136.738,137.342,segment_too_short,,cutfix_full_tier1_20260729_01,tier1
vHJhbuxCqmc,vHJhbuxCqmc.mp4,138.018,138.846,segment_too_short,,cutfix_full_tier1_20260729_01,tier1
vHJhbuxCqmc,vHJhbuxCqmc.mp4,139.138,143.038,face_density_low,,cutfix_full_tier1_20260729_01,tier1
vHJhbuxCqmc,vHJhbuxCqmc.mp4,143.138,144.798,segment_too_short,,cutfix_full_tier1_20260729_01,tier1
vHJhbuxCqmc,vHJhbuxCqmc.mp4,144.994,146.59,segment_too_short,,cutfix_full_tier1_20260729_01,tier1
vHJhbuxCqmc,vHJhbuxCqmc.mp4,146.754,148.094,segment_too_short,,cutfix_full_tier1_20260729_01,tier1
vHJhbuxCqmc,vHJhbuxCqmc.mp4,148.354,150.622,face_density_low,,cutfix_full_tier1_20260729_01,tier1
vHJhbuxCqmc,vHJhbuxCqmc.mp4,150.786,151.902,segment_too_short,,cutfix_full_tier1_20260729_01,tier1
vHJhbuxCqmc,vHJhbuxCqmc.mp4,152.098,154.302,face_density_low,,cutfix_full_tier1_20260729_01,tier1
vHJhbuxCqmc,vHJhbuxCqmc.mp4,154.786,157.758,face_density_low,,cutfix_full_tier1_20260729_01,tier1
vHJhbuxCqmc,vHJhbuxCqmc.mp4,158.082,161.15,face_density_low,,cutfix_full_tier1_20260729_01,tier1
vHJhbuxCqmc,vHJhbuxCqmc.mp4,161.378,162.046,segment_too_short,,cutfix_full_tier1_20260729_01,tier1
vHJhbuxCqmc,vHJhbuxCqmc.mp4,162.274,164.894,face_density_low,,cutfix_full_tier1_20260729_01,tier1
vHJhbuxCqmc,vHJhbuxCqmc.mp4,165.154,166.142,segment_too_short,,cutfix_full_tier1_20260729_01,tier1
vHJhbuxCqmc,vHJhbuxCqmc.mp4,167.746,176.094,face_density_low,,cutfix_full_tier1_20260729_01,tier1
vHJhbuxCqmc,vHJhbuxCqmc.mp4,176.194,177.694,segment_too_short,,cutfix_full_tier1_20260729_01,tier1
vHJhbuxCqmc,vHJhbuxCqmc.mp4,177.986,179.486,segment_too_short,,cutfix_full_tier1_20260729_01,tier1
vHJhbuxCqmc,vHJhbuxCqmc.mp4,180.162,182.334,face_density_low,,cutfix_full_tier1_20260729_01,tier1
vHJhbuxCqmc,vHJhbuxCqmc.mp4,182.594,183.134,segment_too_short,,cutfix_full_tier1_20260729_01,tier1
vHJhbuxCqmc,vHJhbuxCqmc.mp4,183.394,184.478,segment_too_short,,cutfix_full_tier1_20260729_01,tier1
vHJhbuxCqmc,vHJhbuxCqmc.mp4,184.802,186.846,face_density_low,,cutfix_full_tier1_20260729_01,tier1
vHJhbuxCqmc,vHJhbuxCqmc.mp4,187.17,189.534,face_density_low,,cutfix_full_tier1_20260729_01,tier1
vHJhbuxCqmc,vHJhbuxCqmc.mp4,189.954,191.934,segment_too_short,,cutfix_full_tier1_20260729_01,tier1
vHJhbuxCqmc,vHJhbuxCqmc.mp4,192.226,195.358,face_density_low,,cutfix_full_tier1_20260729_01,tier1
vHJhbuxCqmc,vHJhbuxCqmc.mp4,195.554,198.91,face_density_low,,cutfix_full_tier1_20260729_01,tier1
vHJhbuxCqmc,vHJhbuxCqmc.mp4,199.074,200.286,segment_too_short,,cutfix_full_tier1_20260729_01,tier1
vHJhbuxCqmc,vHJhbuxCqmc.mp4,200.738,202.91,face_density_low,,cutfix_full_tier1_20260729_01,tier1
vHJhbuxCqmc,vHJhbuxCqmc.mp4,203.458,205.598,face_density_low,,cutfix_full_tier1_20260729_01,tier1
vHJhbuxCqmc,vHJhbuxCqmc.mp4,205.698,207.07,segment_too_short,,cutfix_full_tier1_20260729_01,tier1
vHJhbuxCqmc,vHJhbuxCqmc.mp4,207.266,208.67,segment_too_short,,cutfix_full_tier1_20260729_01,tier1
vHJhbuxCqmc,vHJhbuxCqmc.mp4,208.898,211.71,face_density_low,,cutfix_full_tier1_20260729_01,tier1
vHJhbuxCqmc,vHJhbuxCqmc.mp4,211.874,215.518,face_density_low,,cutfix_full_tier1_20260729_01,tier1
vHJhbuxCqmc,vHJhbuxCqmc.mp4,216.354,218.878,face_density_low,,cutfix_full_tier1_20260729_01,tier1
vHJhbuxCqmc,vHJhbuxCqmc.mp4,219.074,223.742,face_density_low,,cutfix_full_tier1_20260729_01,tier1
vHJhbuxCqmc,vHJhbuxCqmc.mp4,223.938,227.806,face_density_low,,cutfix_full_tier1_20260729_01,tier1
vHJhbuxCqmc,vHJhbuxCqmc.mp4,227.97,230.238,face_density_low,,cutfix_full_tier1_20260729_01,tier1
vHJhbuxCqmc,vHJhbuxCqmc.mp4,230.626,231.23,segment_too_short,,cutfix_full_tier1_20260729_01,tier1
vHJhbuxCqmc,vHJhbuxCqmc.mp4,231.746,232.67,segment_too_short,,cutfix_full_tier1_20260729_01,tier1
vHJhbuxCqmc,vHJhbuxCqmc.mp4,232.962,237.214,face_density_low,,cutfix_full_tier1_20260729_01,tier1
vMcmYmAI4Ew,vMcmYmAI4Ew.mp4,44.93,47.23,face_density_low,,cutfix_full_tier1_20260729_01,tier1
vMcmYmAI4Ew,vMcmYmAI4Ew.mp4,51.17,54.942,face_density_low,,cutfix_full_tier1_20260729_01,tier1
vMcmYmAI4Ew,vMcmYmAI4Ew.mp4,57.922,62.302,scene_cut_detected,,cutfix_full_tier1_20260729_01,tier1
vMcmYmAI4Ew,vMcmYmAI4Ew.mp4,65.41,69.822,face_density_low,,cutfix_full_tier1_20260729_01,tier1
vMcmYmAI4Ew,vMcmYmAI4Ew.mp4,70.818,71.582,segment_too_short,,cutfix_full_tier1_20260729_01,tier1
vMcmYmAI4Ew,vMcmYmAI4Ew.mp4,97.122,101.214,scene_cut_detected,,cutfix_full_tier1_20260729_01,tier1
vMcmYmAI4Ew,vMcmYmAI4Ew.mp4,101.314,102.078,segment_too_short,,cutfix_full_tier1_20260729_01,tier1
vMcmYmAI4Ew,vMcmYmAI4Ew.mp4,102.21,103.614,segment_too_short,,cutfix_full_tier1_20260729_01,tier1
vMcmYmAI4Ew,vMcmYmAI4Ew.mp4,108.066,112.382,scene_cut_detected,,cutfix_full_tier1_20260729_01,tier1
vMcmYmAI4Ew,vMcmYmAI4Ew.mp4,112.898,114.366,segment_too_short,,cutfix_full_tier1_20260729_01,tier1
vMcmYmAI4Ew,vMcmYmAI4Ew.mp4,114.466,116.798,face_density_low,,cutfix_full_tier1_20260729_01,tier1
vMcmYmAI4Ew,vMcmYmAI4Ew.mp4,117.986,119.742,segment_too_short,,cutfix_full_tier1_20260729_01,tier1
vMcmYmAI4Ew,vMcmYmAI4Ew.mp4,132.354,142.078,scene_cut_detected,,cutfix_full_tier1_20260729_01,tier1
vMcmYmAI4Ew,vMcmYmAI4Ew.mp4,144.93,146.206,segment_too_short,,cutfix_full_tier1_20260729_01,tier1
vMcmYmAI4Ew,vMcmYmAI4Ew.mp4,153.186,154.398,segment_too_short,,cutfix_full_tier1_20260729_01,tier1
vMcmYmAI4Ew,vMcmYmAI4Ew.mp4,154.626,156.286,segment_too_short,,cutfix_full_tier1_20260729_01,tier1
vMcmYmAI4Ew,vMcmYmAI4Ew.mp4,156.482,158.11,segment_too_short,,cutfix_full_tier1_20260729_01,tier1
vMcmYmAI4Ew,vMcmYmAI4Ew.mp4,175.97,177.502,segment_too_short,,cutfix_full_tier1_20260729_01,tier1
vMcmYmAI4Ew,vMcmYmAI4Ew.mp4,181.186,183.678,scene_cut_detected,,cutfix_full_tier1_20260729_01,tier1
vMcmYmAI4Ew,vMcmYmAI4Ew.mp4,183.97,186.718,scene_cut_detected,,cutfix_full_tier1_20260729_01,tier1
vMcmYmAI4Ew,vMcmYmAI4Ew.mp4,186.978,188.83,segment_too_short,,cutfix_full_tier1_20260729_01,tier1
vMcmYmAI4Ew,vMcmYmAI4Ew.mp4,191.426,193.118,segment_too_short,,cutfix_full_tier1_20260729_01,tier1
vMcmYmAI4Ew,vMcmYmAI4Ew.mp4,211.97,216.19,scene_cut_detected,,cutfix_full_tier1_20260729_01,tier1
vMcmYmAI4Ew,vMcmYmAI4Ew.mp4,216.706,219.838,face_density_low,,cutfix_full_tier1_20260729_01,tier1
vMcmYmAI4Ew,vMcmYmAI4Ew.mp4,220.706,223.55,face_density_low,,cutfix_full_tier1_20260729_01,tier1
vMcmYmAI4Ew,vMcmYmAI4Ew.mp4,224.162,224.766,segment_too_short,,cutfix_full_tier1_20260729_01,tier1
vMcmYmAI4Ew,vMcmYmAI4Ew.mp4,224.93,227.07,face_density_low,,cutfix_full_tier1_20260729_01,tier1
vMcmYmAI4Ew,vMcmYmAI4Ew.mp4,227.298,228.862,segment_too_short,,cutfix_full_tier1_20260729_01,tier1
vMcmYmAI4Ew,vMcmYmAI4Ew.mp4,229.09,230.91,segment_too_short,,cutfix_full_tier1_20260729_01,tier1
vMcmYmAI4Ew,vMcmYmAI4Ew.mp4,231.042,231.838,segment_too_short,,cutfix_full_tier1_20260729_01,tier1
vMcmYmAI4Ew,vMcmYmAI4Ew.mp4,233.026,234.238,segment_too_short,,cutfix_full_tier1_20260729_01,tier1
vMcmYmAI4Ew,vMcmYmAI4Ew.mp4,234.37,237.182,scene_cut_detected,,cutfix_full_tier1_20260729_01,tier1
vMcmYmAI4Ew,vMcmYmAI4Ew.mp4,237.282,240.702,scene_cut_detected,,cutfix_full_tier1_20260729_01,tier1
vMcmYmAI4Ew,vMcmYmAI4Ew.mp4,240.962,244.03,scene_cut_detected,,cutfix_full_tier1_20260729_01,tier1
vMcmYmAI4Ew,vMcmYmAI4Ew.mp4,244.162,245.502,segment_too_short,,cutfix_full_tier1_20260729_01,tier1
vMcmYmAI4Ew,vMcmYmAI4Ew.mp4,245.858,249.278,scene_cut_detected,,cutfix_full_tier1_20260729_01,tier1
vMcmYmAI4Ew,vMcmYmAI4Ew.mp4,249.474,251.742,scene_cut_detected,,cutfix_full_tier1_20260729_01,tier1
vMcmYmAI4Ew,vMcmYmAI4Ew.mp4,252.258,255.678,scene_cut_detected,,cutfix_full_tier1_20260729_01,tier1
vMcmYmAI4Ew,vMcmYmAI4Ew.mp4,256.002,260.766,scene_cut_detected,,cutfix_full_tier1_20260729_01,tier1
vMcmYmAI4Ew,vMcmYmAI4Ew.mp4,261.858,273.438,scene_cut_detected,,cutfix_full_tier1_20260729_01,tier1
vMcmYmAI4Ew,vMcmYmAI4Ew.mp4,282.658,286.814,scene_cut_detected,,cutfix_full_tier1_20260729_01,tier1
vMcmYmAI4Ew,vMcmYmAI4Ew.mp4,287.202,289.822,face_density_low,,cutfix_full_tier1_20260729_01,tier1
vMcmYmAI4Ew,vMcmYmAI4Ew.mp4,290.658,293.534,scene_cut_detected,,cutfix_full_tier1_20260729_01,tier1
vMcmYmAI4Ew,vMcmYmAI4Ew.mp4,293.634,296.062,face_density_low,,cutfix_full_tier1_20260729_01,tier1
vMcmYmAI4Ew,vMcmYmAI4Ew.mp4,296.834,300.542,face_density_low,,cutfix_full_tier1_20260729_01,tier1
vMcmYmAI4Ew,vMcmYmAI4Ew.mp4,301.218,304.702,face_density_low,,cutfix_full_tier1_20260729_01,tier1
vMcmYmAI4Ew,vMcmYmAI4Ew.mp4,305.154,305.79,segment_too_short,,cutfix_full_tier1_20260729_01,tier1
vMcmYmAI4Ew,vMcmYmAI4Ew.mp4,306.018,310.206,face_density_low,,cutfix_full_tier1_20260729_01,tier1
vMcmYmAI4Ew,vMcmYmAI4Ew.mp4,310.466,312.126,segment_too_short,,cutfix_full_tier1_20260729_01,tier1
vMcmYmAI4Ew,vMcmYmAI4Ew.mp4,312.898,315.966,scene_cut_detected,,cutfix_full_tier1_20260729_01,tier1
vMcmYmAI4Ew,vMcmYmAI4Ew.mp4,316.578,318.526,segment_too_short,,cutfix_full_tier1_20260729_01,tier1
vMcmYmAI4Ew,vMcmYmAI4Ew.mp4,318.626,321.15,face_density_low,,cutfix_full_tier1_20260729_01,tier1
vMcmYmAI4Ew,vMcmYmAI4Ew.mp4,336.77,344.798,scene_cut_detected,,cutfix_full_tier1_20260729_01,tier1
vMcmYmAI4Ew,vMcmYmAI4Ew.mp4,345.09,350.686,scene_cut_detected,,cutfix_full_tier1_20260729_01,tier1
vMcmYmAI4Ew,vMcmYmAI4Ew.mp4,350.85,355.07,face_density_low,,cutfix_full_tier1_20260729_01,tier1
vMcmYmAI4Ew,vMcmYmAI4Ew.mp4,355.17,358.366,face_density_low,,cutfix_full_tier1_20260729_01,tier1
vMcmYmAI4Ew,vMcmYmAI4Ew.mp4,358.498,364.542,face_density_low,,cutfix_full_tier1_20260729_01,tier1
vMcmYmAI4Ew,vMcmYmAI4Ew.mp4,364.706,371.774,face_density_low,,cutfix_full_tier1_20260729_01,tier1
vMcmYmAI4Ew,vMcmYmAI4Ew.mp4,371.874,373.758,segment_too_short,,cutfix_full_tier1_20260729_01,tier1
vMcmYmAI4Ew,vMcmYmAI4Ew.mp4,374.05,379.05,scene_cut_detected,,cutfix_full_tier1_20260729_01,tier1
vMcmYmAI4Ew,vMcmYmAI4Ew.mp4,392.098,399.166,face_density_low,,cutfix_full_tier1_20260729_01,tier1
vMcmYmAI4Ew,vMcmYmAI4Ew.mp4,399.266,400.862,segment_too_short,,cutfix_full_tier1_20260729_01,tier1
vMcmYmAI4Ew,vMcmYmAI4Ew.mp4,401.218,403.998,face_density_low,,cutfix_full_tier1_20260729_01,tier1
vMcmYmAI4Ew,vMcmYmAI4Ew.mp4,404.098,406.942,face_density_low,,cutfix_full_tier1_20260729_01,tier1
vMcmYmAI4Ew,vMcmYmAI4Ew.mp4,407.042,408.926,segment_too_short,,cutfix_full_tier1_20260729_01,tier1
vMcmYmAI4Ew,vMcmYmAI4Ew.mp4,423.714,426.174,face_density_low,,cutfix_full_tier1_20260729_01,tier1
vMcmYmAI4Ew,vMcmYmAI4Ew.mp4,426.306,428.19,segment_too_short,,cutfix_full_tier1_20260729_01,tier1
vMcmYmAI4Ew,vMcmYmAI4Ew.mp4,428.322,429.438,segment_too_short,,cutfix_full_tier1_20260729_01,tier1
vMcmYmAI4Ew,vMcmYmAI4Ew.mp4,429.57,430.718,segment_too_short,,cutfix_full_tier1_20260729_01,tier1
vMcmYmAI4Ew,vMcmYmAI4Ew.mp4,430.882,432.478,segment_too_short,,cutfix_full_tier1_20260729_01,tier1
vMcmYmAI4Ew,vMcmYmAI4Ew.mp4,440.962,442.974,scene_cut_detected,,cutfix_full_tier1_20260729_01,tier1
vMcmYmAI4Ew,vMcmYmAI4Ew.mp4,443.106,444.51,segment_too_short,,cutfix_full_tier1_20260729_01,tier1
vMcmYmAI4Ew,vMcmYmAI4Ew.mp4,444.642,446.43,segment_too_short,,cutfix_full_tier1_20260729_01,tier1
vMcmYmAI4Ew,vMcmYmAI4Ew.mp4,446.818,448.158,segment_too_short,,cutfix_full_tier1_20260729_01,tier1
vMcmYmAI4Ew,vMcmYmAI4Ew.mp4,448.322,450.014,segment_too_short,,cutfix_full_tier1_20260729_01,tier1
vMcmYmAI4Ew,vMcmYmAI4Ew.mp4,450.146,451.518,segment_too_short,,cutfix_full_tier1_20260729_01,tier1
vMcmYmAI4Ew,vMcmYmAI4Ew.mp4,451.65,455.262,scene_cut_detected,,cutfix_full_tier1_20260729_01,tier1
vMcmYmAI4Ew,vMcmYmAI4Ew.mp4,455.618,457.758,face_density_low,,cutfix_full_tier1_20260729_01,tier1
vMcmYmAI4Ew,vMcmYmAI4Ew.mp4,458.53,464.894,scene_cut_detected,,cutfix_full_tier1_20260729_01,tier1
vMcmYmAI4Ew,vMcmYmAI4Ew.mp4,465.122,467.678,scene_cut_detected,,cutfix_full_tier1_20260729_01,tier1
vMcmYmAI4Ew,vMcmYmAI4Ew.mp4,467.778,468.702,segment_too_short,,cutfix_full_tier1_20260729_01,tier1
vMcmYmAI4Ew,vMcmYmAI4Ew.mp4,469.25,472.158,scene_cut_detected,,cutfix_full_tier1_20260729_01,tier1
vMcmYmAI4Ew,vMcmYmAI4Ew.mp4,472.258,475.486,face_density_low,,cutfix_full_tier1_20260729_01,tier1
vMcmYmAI4Ew,vMcmYmAI4Ew.mp4,486.754,488.702,segment_too_short,,cutfix_full_tier1_20260729_01,tier1
vMcmYmAI4Ew,vMcmYmAI4Ew.mp4,499.746,501.406,segment_too_short,,cutfix_full_tier1_20260729_01,tier1
vMcmYmAI4Ew,vMcmYmAI4Ew.mp4,501.57,503.742,face_density_low,,cutfix_full_tier1_20260729_01,tier1
vMcmYmAI4Ew,vMcmYmAI4Ew.mp4,503.842,509.31,scene_cut_detected,,cutfix_full_tier1_20260729_01,tier1
vMcmYmAI4Ew,vMcmYmAI4Ew.mp4,509.762,510.238,segment_too_short,,cutfix_full_tier1_20260729_01,tier1
vMcmYmAI4Ew,vMcmYmAI4Ew.mp4,510.466,513.278,scene_cut_detected,,cutfix_full_tier1_20260729_01,tier1
vMcmYmAI4Ew,vMcmYmAI4Ew.mp4,513.442,514.59,segment_too_short,,cutfix_full_tier1_20260729_01,tier1
vMcmYmAI4Ew,vMcmYmAI4Ew.mp4,514.754,515.646,segment_too_short,,cutfix_full_tier1_20260729_01,tier1
vMcmYmAI4Ew,vMcmYmAI4Ew.mp4,516.098,518.814,scene_cut_detected,,cutfix_full_tier1_20260729_01,tier1
vMcmYmAI4Ew,vMcmYmAI4Ew.mp4,519.33,520.99,segment_too_short,,cutfix_full_tier1_20260729_01,tier1
vMcmYmAI4Ew,vMcmYmAI4Ew.mp4,524.226,527.038,face_density_low,,cutfix_full_tier1_20260729_01,tier1
vMcmYmAI4Ew,vMcmYmAI4Ew.mp4,527.17,530.91,scene_cut_detected,,cutfix_full_tier1_20260729_01,tier1
vMcmYmAI4Ew,vMcmYmAI4Ew.mp4,531.33,532.67,segment_too_short,,cutfix_full_tier1_20260729_01,tier1
vMcmYmAI4Ew,vMcmYmAI4Ew.mp4,532.802,541.246,scene_cut_detected,,cutfix_full_tier1_20260729_01,tier1
vMcmYmAI4Ew,vMcmYmAI4Ew.mp4,541.666,546.878,face_density_low,,cutfix_full_tier1_20260729_01,tier1
vMcmYmAI4Ew,vMcmYmAI4Ew.mp4,571.586,577.054,scene_cut_detected,,cutfix_full_tier1_20260729_01,tier1
vMcmYmAI4Ew,vMcmYmAI4Ew.mp4,577.666,578.718,segment_too_short,,cutfix_full_tier1_20260729_01,tier1
vMcmYmAI4Ew,vMcmYmAI4Ew.mp4,578.818,582.174,scene_cut_detected,,cutfix_full_tier1_20260729_01,tier1
vMcmYmAI4Ew,vMcmYmAI4Ew.mp4,584.962,589.214,scene_cut_detected,,cutfix_full_tier1_20260729_01,tier1
vMcmYmAI4Ew,vMcmYmAI4Ew.mp4,589.314,590.526,segment_too_short,,cutfix_full_tier1_20260729_01,tier1
vMcmYmAI4Ew,vMcmYmAI4Ew.mp4,590.85,592.382,segment_too_short,,cutfix_full_tier1_20260729_01,tier1
vMcmYmAI4Ew,vMcmYmAI4Ew.mp4,592.802,593.47,segment_too_short,,cutfix_full_tier1_20260729_01,tier1
vMcmYmAI4Ew,vMcmYmAI4Ew.mp4,594.05,595.07,segment_too_short,,cutfix_full_tier1_20260729_01,tier1
vMcmYmAI4Ew,vMcmYmAI4Ew.mp4,595.33,596.926,segment_too_short,,cutfix_full_tier1_20260729_01,tier1
vMcmYmAI4Ew,vMcmYmAI4Ew.mp4,597.026,598.43,segment_too_short,,cutfix_full_tier1_20260729_01,tier1
vMcmYmAI4Ew,vMcmYmAI4Ew.mp4,598.562,603.23,scene_cut_detected,,cutfix_full_tier1_20260729_01,tier1
vMcmYmAI4Ew,vMcmYmAI4Ew.mp4,603.746,610.302,scene_cut_detected,,cutfix_full_tier1_20260729_01,tier1
vMcmYmAI4Ew,vMcmYmAI4Ew.mp4,617.634,620.254,face_density_low,,cutfix_full_tier1_20260729_01,tier1
vMcmYmAI4Ew,vMcmYmAI4Ew.mp4,620.61,621.726,segment_too_short,,cutfix_full_tier1_20260729_01,tier1
vMcmYmAI4Ew,vMcmYmAI4Ew.mp4,621.826,627.614,scene_cut_detected,,cutfix_full_tier1_20260729_01,tier1
vMcmYmAI4Ew,vMcmYmAI4Ew.mp4,627.874,629.502,segment_too_short,,cutfix_full_tier1_20260729_01,tier1
vMcmYmAI4Ew,vMcmYmAI4Ew.mp4,629.602,631.934,face_density_low,,cutfix_full_tier1_20260729_01,tier1
vMcmYmAI4Ew,vMcmYmAI4Ew.mp4,635.874,638.11,scene_cut_detected,,cutfix_full_tier1_20260729_01,tier1
vMcmYmAI4Ew,vMcmYmAI4Ew.mp4,665.25,669.534,scene_cut_detected,,cutfix_full_tier1_20260729_01,tier1
vMcmYmAI4Ew,vMcmYmAI4Ew.mp4,682.466,687.966,scene_cut_detected,,cutfix_full_tier1_20260729_01,tier1
vMcmYmAI4Ew,vMcmYmAI4Ew.mp4,693.09,696.254,scene_cut_detected,,cutfix_full_tier1_20260729_01,tier1
vMcmYmAI4Ew,vMcmYmAI4Ew.mp4,696.738,698.622,segment_too_short,,cutfix_full_tier1_20260729_01,tier1
vMcmYmAI4Ew,vMcmYmAI4Ew.mp4,698.786,700.35,segment_too_short,,cutfix_full_tier1_20260729_01,tier1
vMcmYmAI4Ew,vMcmYmAI4Ew.mp4,700.45,701.534,segment_too_short,,cutfix_full_tier1_20260729_01,tier1
vMcmYmAI4Ew,vMcmYmAI4Ew.mp4,701.634,702.206,segment_too_short,,cutfix_full_tier1_20260729_01,tier1
vMcmYmAI4Ew,vMcmYmAI4Ew.mp4,702.306,706.046,scene_cut_detected,,cutfix_full_tier1_20260729_01,tier1
vMcmYmAI4Ew,vMcmYmAI4Ew.mp4,706.402,707.262,segment_too_short,,cutfix_full_tier1_20260729_01,tier1
vMcmYmAI4Ew,vMcmYmAI4Ew.mp4,721.794,732.926,scene_cut_detected,,cutfix_full_tier1_20260729_01,tier1
vMcmYmAI4Ew,vMcmYmAI4Ew.mp4,747.842,751.358,face_density_low,,cutfix_full_tier1_20260729_01,tier1
vMcmYmAI4Ew,vMcmYmAI4Ew.mp4,751.458,753.79,face_density_low,,cutfix_full_tier1_20260729_01,tier1
vMcmYmAI4Ew,vMcmYmAI4Ew.mp4,754.082,760.062,scene_cut_detected,,cutfix_full_tier1_20260729_01,tier1
vMcmYmAI4Ew,vMcmYmAI4Ew.mp4,760.226,763.774,scene_cut_detected,,cutfix_full_tier1_20260729_01,tier1
vMcmYmAI4Ew,vMcmYmAI4Ew.mp4,764.226,767.07,scene_cut_detected,,cutfix_full_tier1_20260729_01,tier1
vMcmYmAI4Ew,vMcmYmAI4Ew.mp4,767.458,769.246,segment_too_short,,cutfix_full_tier1_20260729_01,tier1
vMcmYmAI4Ew,vMcmYmAI4Ew.mp4,769.346,770.718,segment_too_short,,cutfix_full_tier1_20260729_01,tier1
vMcmYmAI4Ew,vMcmYmAI4Ew.mp4,771.362,775.614,scene_cut_detected,,cutfix_full_tier1_20260729_01,tier1
vMcmYmAI4Ew,vMcmYmAI4Ew.mp4,775.81,778.014,scene_cut_detected,,cutfix_full_tier1_20260729_01,tier1
vMcmYmAI4Ew,vMcmYmAI4Ew.mp4,789.762,791.518,segment_too_short,,cutfix_full_tier1_20260729_01,tier1
vMcmYmAI4Ew,vMcmYmAI4Ew.mp4,791.65,794.91,scene_cut_detected,,cutfix_full_tier1_20260729_01,tier1
vMcmYmAI4Ew,vMcmYmAI4Ew.mp4,795.362,802.686,scene_cut_detected,,cutfix_full_tier1_20260729_01,tier1
vMcmYmAI4Ew,vMcmYmAI4Ew.mp4,802.818,804.542,segment_too_short,,cutfix_full_tier1_20260729_01,tier1
vMcmYmAI4Ew,vMcmYmAI4Ew.mp4,804.642,806.302,segment_too_short,,cutfix_full_tier1_20260729_01,tier1
vMcmYmAI4Ew,vMcmYmAI4Ew.mp4,807.01,808.222,segment_too_short,,cutfix_full_tier1_20260729_01,tier1
vMcmYmAI4Ew,vMcmYmAI4Ew.mp4,808.354,810.206,segment_too_short,,cutfix_full_tier1_20260729_01,tier1
vMcmYmAI4Ew,vMcmYmAI4Ew.mp4,810.338,812.158,segment_too_short,,cutfix_full_tier1_20260729_01,tier1
vMcmYmAI4Ew,vMcmYmAI4Ew.mp4,812.258,813.758,segment_too_short,,cutfix_full_tier1_20260729_01,tier1
vMcmYmAI4Ew,vMcmYmAI4Ew.mp4,814.274,816.414,scene_cut_detected,,cutfix_full_tier1_20260729_01,tier1
vMcmYmAI4Ew,vMcmYmAI4Ew.mp4,816.994,823.742,scene_cut_detected,,cutfix_full_tier1_20260729_01,tier1
vMcmYmAI4Ew,vMcmYmAI4Ew.mp4,832.93,834.59,segment_too_short,,cutfix_full_tier1_20260729_01,tier1
vMcmYmAI4Ew,vMcmYmAI4Ew.mp4,834.754,836.542,segment_too_short,,cutfix_full_tier1_20260729_01,tier1
vMcmYmAI4Ew,vMcmYmAI4Ew.mp4,840.994,842.014,segment_too_short,,cutfix_full_tier1_20260729_01,tier1
vMcmYmAI4Ew,vMcmYmAI4Ew.mp4,842.114,844.03,segment_too_short,,cutfix_full_tier1_20260729_01,tier1
vMcmYmAI4Ew,vMcmYmAI4Ew.mp4,844.45,847.23,face_density_low,,cutfix_full_tier1_20260729_01,tier1
vMcmYmAI4Ew,vMcmYmAI4Ew.mp4,847.33,849.438,face_density_low,,cutfix_full_tier1_20260729_01,tier1
vMcmYmAI4Ew,vMcmYmAI4Ew.mp4,849.666,851.902,face_density_low,,cutfix_full_tier1_20260729_01,tier1
vMcmYmAI4Ew,vMcmYmAI4Ew.mp4,852.482,854.974,face_density_low,,cutfix_full_tier1_20260729_01,tier1
vMcmYmAI4Ew,vMcmYmAI4Ew.mp4,855.33,858.878,face_density_low,,cutfix_full_tier1_20260729_01,tier1
vMcmYmAI4Ew,vMcmYmAI4Ew.mp4,859.458,861.086,segment_too_short,,cutfix_full_tier1_20260729_01,tier1
vMcmYmAI4Ew,vMcmYmAI4Ew.mp4,861.186,863.198,face_density_low,,cutfix_full_tier1_20260729_01,tier1
vMcmYmAI4Ew,vMcmYmAI4Ew.mp4,863.778,864.83,segment_too_short,,cutfix_full_tier1_20260729_01,tier1
vMcmYmAI4Ew,vMcmYmAI4Ew.mp4,864.93,867.774,face_density_low,,cutfix_full_tier1_20260729_01,tier1
vMcmYmAI4Ew,vMcmYmAI4Ew.mp4,888.066,893.054,scene_cut_detected,,cutfix_full_tier1_20260729_01,tier1
vMcmYmAI4Ew,vMcmYmAI4Ew.mp4,893.282,900.03,face_density_low,,cutfix_full_tier1_20260729_01,tier1
vMcmYmAI4Ew,vMcmYmAI4Ew.mp4,900.226,903.646,face_density_low,,cutfix_full_tier1_20260729_01,tier1
vMcmYmAI4Ew,vMcmYmAI4Ew.mp4,903.746,906.046,face_density_low,,cutfix_full_tier1_20260729_01,tier1
vMcmYmAI4Ew,vMcmYmAI4Ew.mp4,906.21,907.23,segment_too_short,,cutfix_full_tier1_20260729_01,tier1
vMcmYmAI4Ew,vMcmYmAI4Ew.mp4,907.554,910.014,face_density_low,,cutfix_full_tier1_20260729_01,tier1
vMcmYmAI4Ew,vMcmYmAI4Ew.mp4,910.178,913.79,face_density_low,,cutfix_full_tier1_20260729_01,tier1
vMcmYmAI4Ew,vMcmYmAI4Ew.mp4,913.89,915.966,face_density_low,,cutfix_full_tier1_20260729_01,tier1
vMcmYmAI4Ew,vMcmYmAI4Ew.mp4,916.194,919.262,face_density_low,,cutfix_full_tier1_20260729_01,tier1
vMcmYmAI4Ew,vMcmYmAI4Ew.mp4,919.714,922.782,face_density_low,,cutfix_full_tier1_20260729_01,tier1
vMcmYmAI4Ew,vMcmYmAI4Ew.mp4,922.882,926.494,face_density_low,,cutfix_full_tier1_20260729_01,tier1
vMcmYmAI4Ew,vMcmYmAI4Ew.mp4,926.754,928.798,face_density_low,,cutfix_full_tier1_20260729_01,tier1
vMcmYmAI4Ew,vMcmYmAI4Ew.mp4,928.93,931.038,face_density_low,,cutfix_full_tier1_20260729_01,tier1
vMcmYmAI4Ew,vMcmYmAI4Ew.mp4,931.138,935.614,face_density_low,,cutfix_full_tier1_20260729_01,tier1
vMcmYmAI4Ew,vMcmYmAI4Ew.mp4,935.714,938.526,face_density_low,,cutfix_full_tier1_20260729_01,tier1
vMcmYmAI4Ew,vMcmYmAI4Ew.mp4,938.69,939.166,segment_too_short,,cutfix_full_tier1_20260729_01,tier1
vMcmYmAI4Ew,vMcmYmAI4Ew.mp4,970.434,972.574,face_density_low,,cutfix_full_tier1_20260729_01,tier1
vMcmYmAI4Ew,vMcmYmAI4Ew.mp4,972.674,974.11,segment_too_short,,cutfix_full_tier1_20260729_01,tier1
vMcmYmAI4Ew,vMcmYmAI4Ew.mp4,974.338,976.286,segment_too_short,,cutfix_full_tier1_20260729_01,tier1
vMcmYmAI4Ew,vMcmYmAI4Ew.mp4,976.514,981.79,scene_cut_detected,,cutfix_full_tier1_20260729_01,tier1
vMcmYmAI4Ew,vMcmYmAI4Ew.mp4,982.114,983.038,segment_too_short,,cutfix_full_tier1_20260729_01,tier1
vMcmYmAI4Ew,vMcmYmAI4Ew.mp4,983.394,985.374,segment_too_short,,cutfix_full_tier1_20260729_01,tier1
vMcmYmAI4Ew,vMcmYmAI4Ew.mp4,992.514,993.79,segment_too_short,,cutfix_full_tier1_20260729_01,tier1
vMcmYmAI4Ew,vMcmYmAI4Ew.mp4,994.498,995.966,segment_too_short,,cutfix_full_tier1_20260729_01,tier1
vMcmYmAI4Ew,vMcmYmAI4Ew.mp4,1003.938,1005.342,segment_too_short,,cutfix_full_tier1_20260729_01,tier1
vMcmYmAI4Ew,vMcmYmAI4Ew.mp4,1005.474,1007.39,segment_too_short,,cutfix_full_tier1_20260729_01,tier1
vMcmYmAI4Ew,vMcmYmAI4Ew.mp4,1017.218,1020.382,scene_cut_detected,,cutfix_full_tier1_20260729_01,tier1
vMcmYmAI4Ew,vMcmYmAI4Ew.mp4,1020.578,1024.542,scene_cut_detected,,cutfix_full_tier1_20260729_01,tier1
vMcmYmAI4Ew,vMcmYmAI4Ew.mp4,1024.706,1026.686,segment_too_short,,cutfix_full_tier1_20260729_01,tier1
vMcmYmAI4Ew,vMcmYmAI4Ew.mp4,1032.386,1033.47,segment_too_short,,cutfix_full_tier1_20260729_01,tier1
vMcmYmAI4Ew,vMcmYmAI4Ew.mp4,1042.722,1044.062,segment_too_short,,cutfix_full_tier1_20260729_01,tier1
vMcmYmAI4Ew,vMcmYmAI4Ew.mp4,1044.482,1045.918,segment_too_short,,cutfix_full_tier1_20260729_01,tier1
vMcmYmAI4Ew,vMcmYmAI4Ew.mp4,1046.274,1047.998,segment_too_short,,cutfix_full_tier1_20260729_01,tier1
vMcmYmAI4Ew,vMcmYmAI4Ew.mp4,1048.162,1049.566,segment_too_short,,cutfix_full_tier1_20260729_01,tier1
vMcmYmAI4Ew,vMcmYmAI4Ew.mp4,1053.282,1054.366,segment_too_short,,cutfix_full_tier1_20260729_01,tier1
vMcmYmAI4Ew,vMcmYmAI4Ew.mp4,1054.466,1055.422,segment_too_short,,cutfix_full_tier1_20260729_01,tier1
vMcmYmAI4Ew,vMcmYmAI4Ew.mp4,1057.826,1059.774,segment_too_short,,cutfix_full_tier1_20260729_01,tier1
vMcmYmAI4Ew,vMcmYmAI4Ew.mp4,1060.034,1060.83,segment_too_short,,cutfix_full_tier1_20260729_01,tier1
vMcmYmAI4Ew,vMcmYmAI4Ew.mp4,1061.442,1065.118,scene_cut_detected,,cutfix_full_tier1_20260729_01,tier1
vMcmYmAI4Ew,vMcmYmAI4Ew.mp4,1065.314,1065.982,segment_too_short,,cutfix_full_tier1_20260729_01,tier1
vMcmYmAI4Ew,vMcmYmAI4Ew.mp4,1066.082,1070.942,scene_cut_detected,,cutfix_full_tier1_20260729_01,tier1
vMcmYmAI4Ew,vMcmYmAI4Ew.mp4,1105.314,1108.574,face_density_low,,cutfix_full_tier1_20260729_01,tier1
vMcmYmAI4Ew,vMcmYmAI4Ew.mp4,1119.522,1125.086,face_density_low,,cutfix_full_tier1_20260729_01,tier1
vSbsHomePqE,vSbsHomePqE.mp4,0.066,6.238,face_density_low,,cutfix_full_tier1_20260729_01,tier1
vSbsHomePqE,vSbsHomePqE.mp4,6.562,7.23,segment_too_short,,cutfix_full_tier1_20260729_01,tier1
vSbsHomePqE,vSbsHomePqE.mp4,7.938,8.926,segment_too_short,,cutfix_full_tier1_20260729_01,tier1
vSbsHomePqE,vSbsHomePqE.mp4,10.178,12.03,segment_too_short,,cutfix_full_tier1_20260729_01,tier1
vSbsHomePqE,vSbsHomePqE.mp4,69.826,70.43,segment_too_short,,cutfix_full_tier1_20260729_01,tier1
vSbsHomePqE,vSbsHomePqE.mp4,89.378,91.134,segment_too_short,,cutfix_full_tier1_20260729_01,tier1
vSbsHomePqE,vSbsHomePqE.mp4,91.298,93.31,face_density_low,,cutfix_full_tier1_20260729_01,tier1
vSbsHomePqE,vSbsHomePqE.mp4,102.178,102.75,segment_too_short,,cutfix_full_tier1_20260729_01,tier1
vSbsHomePqE,vSbsHomePqE.mp4,114.594,116.862,face_density_low,,cutfix_full_tier1_20260729_01,tier1
vSbsHomePqE,vSbsHomePqE.mp4,117.154,118.366,segment_too_short,,cutfix_full_tier1_20260729_01,tier1
vSbsHomePqE,vSbsHomePqE.mp4,120.386,124.222,face_density_low,,cutfix_full_tier1_20260729_01,tier1
vSbsHomePqE,vSbsHomePqE.mp4,124.866,126.014,segment_too_short,,cutfix_full_tier1_20260729_01,tier1
vSbsHomePqE,vSbsHomePqE.mp4,126.53,128.67,face_density_low,,cutfix_full_tier1_20260729_01,tier1
vSbsHomePqE,vSbsHomePqE.mp4,129.026,139.102,scene_cut_detected,,cutfix_full_tier1_20260729_01,tier1
vSbsHomePqE,vSbsHomePqE.mp4,139.202,145.502,scene_cut_detected,,cutfix_full_tier1_20260729_01,tier1
vSbsHomePqE,vSbsHomePqE.mp4,145.602,146.43,segment_too_short,,cutfix_full_tier1_20260729_01,tier1
vSbsHomePqE,vSbsHomePqE.mp4,148.994,149.342,segment_too_short,,cutfix_full_tier1_20260729_01,tier1
vSbsHomePqE,vSbsHomePqE.mp4,150.626,151.422,segment_too_short,,cutfix_full_tier1_20260729_01,tier1
vSbsHomePqE,vSbsHomePqE.mp4,151.554,152.19,segment_too_short,,cutfix_full_tier1_20260729_01,tier1
vSbsHomePqE,vSbsHomePqE.mp4,152.77,154.11,segment_too_short,,cutfix_full_tier1_20260729_01,tier1
vSbsHomePqE,vSbsHomePqE.mp4,155.106,155.838,segment_too_short,,cutfix_full_tier1_20260729_01,tier1
vSbsHomePqE,vSbsHomePqE.mp4,156.162,158.43,face_density_low,,cutfix_full_tier1_20260729_01,tier1
vSbsHomePqE,vSbsHomePqE.mp4,158.882,160.286,segment_too_short,,cutfix_full_tier1_20260729_01,tier1
vSbsHomePqE,vSbsHomePqE.mp4,160.738,162.238,segment_too_short,,cutfix_full_tier1_20260729_01,tier1
vSbsHomePqE,vSbsHomePqE.mp4,162.946,163.806,segment_too_short,,cutfix_full_tier1_20260729_01,tier1
vSbsHomePqE,vSbsHomePqE.mp4,168.738,169.278,segment_too_short,,cutfix_full_tier1_20260729_01,tier1
vSbsHomePqE,vSbsHomePqE.mp4,170.69,172.19,segment_too_short,,cutfix_full_tier1_20260729_01,tier1
vSbsHomePqE,vSbsHomePqE.mp4,176.194,176.926,segment_too_short,,cutfix_full_tier1_20260729_01,tier1
vSbsHomePqE,vSbsHomePqE.mp4,177.218,177.95,segment_too_short,,cutfix_full_tier1_20260729_01,tier1
vSbsHomePqE,vSbsHomePqE.mp4,178.21,179.102,segment_too_short,,cutfix_full_tier1_20260729_01,tier1
vSbsHomePqE,vSbsHomePqE.mp4,180.354,180.99,segment_too_short,,cutfix_full_tier1_20260729_01,tier1
vSbsHomePqE,vSbsHomePqE.mp4,181.506,183.102,segment_too_short,,cutfix_full_tier1_20260729_01,tier1
vSbsHomePqE,vSbsHomePqE.mp4,183.298,184.958,segment_too_short,,cutfix_full_tier1_20260729_01,tier1
vSbsHomePqE,vSbsHomePqE.mp4,185.122,191.422,face_density_low,,cutfix_full_tier1_20260729_01,tier1
vSbsHomePqE,vSbsHomePqE.mp4,192.482,193.758,segment_too_short,,cutfix_full_tier1_20260729_01,tier1
vSbsHomePqE,vSbsHomePqE.mp4,194.114,194.846,segment_too_short,,cutfix_full_tier1_20260729_01,tier1
vSbsHomePqE,vSbsHomePqE.mp4,195.17,195.646,segment_too_short,,cutfix_full_tier1_20260729_01,tier1
vSbsHomePqE,vSbsHomePqE.mp4,196.418,197.278,segment_too_short,,cutfix_full_tier1_20260729_01,tier1
vSbsHomePqE,vSbsHomePqE.mp4,197.858,198.526,segment_too_short,,cutfix_full_tier1_20260729_01,tier1
vSbsHomePqE,vSbsHomePqE.mp4,199.106,199.966,segment_too_short,,cutfix_full_tier1_20260729_01,tier1
vSbsHomePqE,vSbsHomePqE.mp4,201.89,202.782,segment_too_short,,cutfix_full_tier1_20260729_01,tier1
vSbsHomePqE,vSbsHomePqE.mp4,216.258,217.118,segment_too_short,,cutfix_full_tier1_20260729_01,tier1
vSbsHomePqE,vSbsHomePqE.mp4,218.178,218.622,segment_too_short,,cutfix_full_tier1_20260729_01,tier1
vSbsHomePqE,vSbsHomePqE.mp4,221.186,222.718,segment_too_short,,cutfix_full_tier1_20260729_01,tier1
vSbsHomePqE,vSbsHomePqE.mp4,223.138,223.774,segment_too_short,,cutfix_full_tier1_20260729_01,tier1
vSbsHomePqE,vSbsHomePqE.mp4,224.482,225.246,segment_too_short,,cutfix_full_tier1_20260729_01,tier1
vSbsHomePqE,vSbsHomePqE.mp4,225.89,229.694,face_density_low,,cutfix_full_tier1_20260729_01,tier1
vSbsHomePqE,vSbsHomePqE.mp4,230.594,231.038,segment_too_short,,cutfix_full_tier1_20260729_01,tier1
vSbsHomePqE,vSbsHomePqE.mp4,239.394,239.966,segment_too_short,,cutfix_full_tier1_20260729_01,tier1
vSbsHomePqE,vSbsHomePqE.mp4,241.186,242.59,segment_too_short,,cutfix_full_tier1_20260729_01,tier1
vSbsHomePqE,vSbsHomePqE.mp4,244.418,245.374,segment_too_short,,cutfix_full_tier1_20260729_01,tier1
vSbsHomePqE,vSbsHomePqE.mp4,245.474,246.046,segment_too_short,,cutfix_full_tier1_20260729_01,tier1
vSbsHomePqE,vSbsHomePqE.mp4,247.65,248.19,segment_too_short,,cutfix_full_tier1_20260729_01,tier1
vSbsHomePqE,vSbsHomePqE.mp4,250.146,250.782,segment_too_short,,cutfix_full_tier1_20260729_01,tier1
vSbsHomePqE,vSbsHomePqE.mp4,251.33,252.958,segment_too_short,,cutfix_full_tier1_20260729_01,tier1
vSbsHomePqE,vSbsHomePqE.mp4,261.058,261.534,segment_too_short,,cutfix_full_tier1_20260729_01,tier1
vSbsHomePqE,vSbsHomePqE.mp4,268.61,269.598,segment_too_short,,cutfix_full_tier1_20260729_01,tier1
vSbsHomePqE,vSbsHomePqE.mp4,271.234,271.838,segment_too_short,,cutfix_full_tier1_20260729_01,tier1
vSbsHomePqE,vSbsHomePqE.mp4,272.61,280.926,scene_cut_detected,,cutfix_full_tier1_20260729_01,tier1
vSbsHomePqE,vSbsHomePqE.mp4,282.338,283.55,segment_too_short,,cutfix_full_tier1_20260729_01,tier1
vSbsHomePqE,vSbsHomePqE.mp4,284.194,284.926,segment_too_short,,cutfix_full_tier1_20260729_01,tier1
vSbsHomePqE,vSbsHomePqE.mp4,290.082,293.47,scene_cut_detected,,cutfix_full_tier1_20260729_01,tier1
vSbsHomePqE,vSbsHomePqE.mp4,297.762,299.678,segment_too_short,,cutfix_full_tier1_20260729_01,tier1
vSbsHomePqE,vSbsHomePqE.mp4,305.218,310.718,scene_cut_detected,,cutfix_full_tier1_20260729_01,tier1
vSbsHomePqE,vSbsHomePqE.mp4,311.362,313.374,face_density_low,,cutfix_full_tier1_20260729_01,tier1
vSbsHomePqE,vSbsHomePqE.mp4,314.466,314.91,segment_too_short,,cutfix_full_tier1_20260729_01,tier1
vSbsHomePqE,vSbsHomePqE.mp4,317.186,318.046,segment_too_short,,cutfix_full_tier1_20260729_01,tier1
vSbsHomePqE,vSbsHomePqE.mp4,322.242,325.214,scene_cut_detected,,cutfix_full_tier1_20260729_01,tier1
vSbsHomePqE,vSbsHomePqE.mp4,351.778,352.158,segment_too_short,,cutfix_full_tier1_20260729_01,tier1
vSbsHomePqE,vSbsHomePqE.mp4,380.642,380.958,segment_too_short,,cutfix_full_tier1_20260729_01,tier1
vSbsHomePqE,vSbsHomePqE.mp4,421.026,421.982,segment_too_short,,cutfix_full_tier1_20260729_01,tier1
vSbsHomePqE,vSbsHomePqE.mp4,423.17,424.926,segment_too_short,,cutfix_full_tier1_20260729_01,tier1
vSbsHomePqE,vSbsHomePqE.mp4,426.242,427.07,segment_too_short,,cutfix_full_tier1_20260729_01,tier1
vSbsHomePqE,vSbsHomePqE.mp4,431.298,432.158,segment_too_short,,cutfix_full_tier1_20260729_01,tier1
vSbsHomePqE,vSbsHomePqE.mp4,432.61,433.182,segment_too_short,,cutfix_full_tier1_20260729_01,tier1
vSbsHomePqE,vSbsHomePqE.mp4,436.93,437.278,segment_too_short,,cutfix_full_tier1_20260729_01,tier1
vSbsHomePqE,vSbsHomePqE.mp4,437.474,438.174,segment_too_short,,cutfix_full_tier1_20260729_01,tier1
vSbsHomePqE,vSbsHomePqE.mp4,439.138,442.43,face_density_low,,cutfix_full_tier1_20260729_01,tier1
vSbsHomePqE,vSbsHomePqE.mp4,443.522,443.966,segment_too_short,,cutfix_full_tier1_20260729_01,tier1
vSbsHomePqE,vSbsHomePqE.mp4,449.666,450.174,segment_too_short,,cutfix_full_tier1_20260729_01,tier1
vSbsHomePqE,vSbsHomePqE.mp4,450.626,451.198,segment_too_short,,cutfix_full_tier1_20260729_01,tier1
vSbsHomePqE,vSbsHomePqE.mp4,455.618,456.126,segment_too_short,,cutfix_full_tier1_20260729_01,tier1
vSbsHomePqE,vSbsHomePqE.mp4,458.786,460.638,segment_too_short,,cutfix_full_tier1_20260729_01,tier1
vSbsHomePqE,vSbsHomePqE.mp4,461.506,461.918,segment_too_short,,cutfix_full_tier1_20260729_01,tier1
vSbsHomePqE,vSbsHomePqE.mp4,474.274,475.166,segment_too_short,,cutfix_full_tier1_20260729_01,tier1
vSbsHomePqE,vSbsHomePqE.mp4,475.394,475.71,segment_too_short,,cutfix_full_tier1_20260729_01,tier1
vSbsHomePqE,vSbsHomePqE.mp4,479.714,480.03,segment_too_short,,cutfix_full_tier1_20260729_01,tier1
vWIrluPVe64,vWIrluPVe64.mp4,7.138,8.254,segment_too_short,,cutfix_full_tier1_20260729_01,tier1
vWIrluPVe64,vWIrluPVe64.mp4,8.514,9.246,segment_too_short,,cutfix_full_tier1_20260729_01,tier1
vWIrluPVe64,vWIrluPVe64.mp4,12.13,13.63,segment_too_short,,cutfix_full_tier1_20260729_01,tier1
vWIrluPVe64,vWIrluPVe64.mp4,13.858,14.846,segment_too_short,,cutfix_full_tier1_20260729_01,tier1
vWIrluPVe64,vWIrluPVe64.mp4,14.946,15.806,segment_too_short,,cutfix_full_tier1_20260729_01,tier1
vWIrluPVe64,vWIrluPVe64.mp4,28.098,29.022,segment_too_short,,cutfix_full_tier1_20260729_01,tier1
vWIrluPVe64,vWIrluPVe64.mp4,29.154,30.526,segment_too_short,,cutfix_full_tier1_20260729_01,tier1
vWIrluPVe64,vWIrluPVe64.mp4,31.586,32.702,segment_too_short,,cutfix_full_tier1_20260729_01,tier1
vWIrluPVe64,vWIrluPVe64.mp4,32.898,34.494,segment_too_short,,cutfix_full_tier1_20260729_01,tier1
vWIrluPVe64,vWIrluPVe64.mp4,38.786,39.71,segment_too_short,,cutfix_full_tier1_20260729_01,tier1
vWIrluPVe64,vWIrluPVe64.mp4,40.578,41.63,segment_too_short,,cutfix_full_tier1_20260729_01,tier1
vWIrluPVe64,vWIrluPVe64.mp4,41.762,43.358,segment_too_short,,cutfix_full_tier1_20260729_01,tier1
vWIrluPVe64,vWIrluPVe64.mp4,43.554,45.342,segment_too_short,,cutfix_full_tier1_20260729_01,tier1
vWIrluPVe64,vWIrluPVe64.mp4,45.698,47.23,segment_too_short,,cutfix_full_tier1_20260729_01,tier1
vWIrluPVe64,vWIrluPVe64.mp4,47.842,49.118,segment_too_short,,cutfix_full_tier1_20260729_01,tier1
vWIrluPVe64,vWIrluPVe64.mp4,49.218,50.782,segment_too_short,,cutfix_full_tier1_20260729_01,tier1
vWIrluPVe64,vWIrluPVe64.mp4,50.978,52.734,segment_too_short,,cutfix_full_tier1_20260729_01,tier1
vWIrluPVe64,vWIrluPVe64.mp4,53.314,55.006,segment_too_short,,cutfix_full_tier1_20260729_01,tier1
vWIrluPVe64,vWIrluPVe64.mp4,56.098,57.79,segment_too_short,,cutfix_full_tier1_20260729_01,tier1
vWIrluPVe64,vWIrluPVe64.mp4,57.954,59.518,segment_too_short,,cutfix_full_tier1_20260729_01,tier1
vWIrluPVe64,vWIrluPVe64.mp4,63.81,64.606,segment_too_short,,cutfix_full_tier1_20260729_01,tier1
vWIrluPVe64,vWIrluPVe64.mp4,65.41,66.334,segment_too_short,,cutfix_full_tier1_20260729_01,tier1
vWIrluPVe64,vWIrluPVe64.mp4,69.346,71.23,segment_too_short,,cutfix_full_tier1_20260729_01,tier1
vWIrluPVe64,vWIrluPVe64.mp4,71.426,73.182,segment_too_short,,cutfix_full_tier1_20260729_01,tier1
vWIrluPVe64,vWIrluPVe64.mp4,74.306,75.102,segment_too_short,,cutfix_full_tier1_20260729_01,tier1
vWIrluPVe64,vWIrluPVe64.mp4,91.426,93.31,segment_too_short,,cutfix_full_tier1_20260729_01,tier1
vWIrluPVe64,vWIrluPVe64.mp4,104.098,105.406,segment_too_short,,cutfix_full_tier1_20260729_01,tier1
vWIrluPVe64,vWIrluPVe64.mp4,113.506,115.39,segment_too_short,,cutfix_full_tier1_20260729_01,tier1
vWIrluPVe64,vWIrluPVe64.mp4,123.106,124.734,segment_too_short,,cutfix_full_tier1_20260729_01,tier1
vWIrluPVe64,vWIrluPVe64.mp4,125.378,126.622,segment_too_short,,cutfix_full_tier1_20260729_01,tier1
vWIrluPVe64,vWIrluPVe64.mp4,137.058,138.974,segment_too_short,,cutfix_full_tier1_20260729_01,tier1
vWIrluPVe64,vWIrluPVe64.mp4,145.122,146.782,segment_too_short,,cutfix_full_tier1_20260729_01,tier1
vWIrluPVe64,vWIrluPVe64.mp4,147.618,148.83,segment_too_short,,cutfix_full_tier1_20260729_01,tier1
vWIrluPVe64,vWIrluPVe64.mp4,153.954,155.71,segment_too_short,,cutfix_full_tier1_20260729_01,tier1
vWIrluPVe64,vWIrluPVe64.mp4,156.354,157.214,segment_too_short,,cutfix_full_tier1_20260729_01,tier1
vWIrluPVe64,vWIrluPVe64.mp4,157.41,159.038,segment_too_short,,cutfix_full_tier1_20260729_01,tier1
vWIrluPVe64,vWIrluPVe64.mp4,162.434,164.158,segment_too_short,,cutfix_full_tier1_20260729_01,tier1
vWIrluPVe64,vWIrluPVe64.mp4,167.234,168.574,segment_too_short,,cutfix_full_tier1_20260729_01,tier1
vWIrluPVe64,vWIrluPVe64.mp4,174.146,175.902,segment_too_short,,cutfix_full_tier1_20260729_01,tier1
vWIrluPVe64,vWIrluPVe64.mp4,184.002,185.662,segment_too_short,,cutfix_full_tier1_20260729_01,tier1
vWIrluPVe64,vWIrluPVe64.mp4,192.962,194.718,segment_too_short,,cutfix_full_tier1_20260729_01,tier1
vWIrluPVe64,vWIrluPVe64.mp4,195.202,196.702,segment_too_short,,cutfix_full_tier1_20260729_01,tier1
vWIrluPVe64,vWIrluPVe64.mp4,197.794,199.102,segment_too_short,,cutfix_full_tier1_20260729_01,tier1
vWIrluPVe64,vWIrluPVe64.mp4,205.122,206.11,segment_too_short,,cutfix_full_tier1_20260729_01,tier1
vWIrluPVe64,vWIrluPVe64.mp4,217.122,218.75,segment_too_short,,cutfix_full_tier1_20260729_01,tier1
vWIrluPVe64,vWIrluPVe64.mp4,228.834,230.462,segment_too_short,,cutfix_full_tier1_20260729_01,tier1
vWIrluPVe64,vWIrluPVe64.mp4,230.658,231.518,segment_too_short,,cutfix_full_tier1_20260729_01,tier1
vWIrluPVe64,vWIrluPVe64.mp4,237.058,238.398,segment_too_short,,cutfix_full_tier1_20260729_01,tier1
vWIrluPVe64,vWIrluPVe64.mp4,238.69,239.646,segment_too_short,,cutfix_full_tier1_20260729_01,tier1
vWIrluPVe64,vWIrluPVe64.mp4,239.874,241.374,segment_too_short,,cutfix_full_tier1_20260729_01,tier1
vWIrluPVe64,vWIrluPVe64.mp4,247.266,249.118,segment_too_short,,cutfix_full_tier1_20260729_01,tier1
vWIrluPVe64,vWIrluPVe64.mp4,261.73,263.262,segment_too_short,,cutfix_full_tier1_20260729_01,tier1
vWIrluPVe64,vWIrluPVe64.mp4,263.714,265.47,segment_too_short,,cutfix_full_tier1_20260729_01,tier1
vWIrluPVe64,vWIrluPVe64.mp4,265.602,266.398,segment_too_short,,cutfix_full_tier1_20260729_01,tier1
vWIrluPVe64,vWIrluPVe64.mp4,266.786,268.286,segment_too_short,,cutfix_full_tier1_20260729_01,tier1
vWIrluPVe64,vWIrluPVe64.mp4,273.89,275.454,segment_too_short,,cutfix_full_tier1_20260729_01,tier1
vWIrluPVe64,vWIrluPVe64.mp4,277.698,279.006,segment_too_short,,cutfix_full_tier1_20260729_01,tier1
vWIrluPVe64,vWIrluPVe64.mp4,284.61,286.334,segment_too_short,,cutfix_full_tier1_20260729_01,tier1
vWIrluPVe64,vWIrluPVe64.mp4,286.626,288.19,segment_too_short,,cutfix_full_tier1_20260729_01,tier1
vWIrluPVe64,vWIrluPVe64.mp4,291.81,293.47,segment_too_short,,cutfix_full_tier1_20260729_01,tier1
vWIrluPVe64,vWIrluPVe64.mp4,301.346,303.102,segment_too_short,,cutfix_full_tier1_20260729_01,tier1
vWIrluPVe64,vWIrluPVe64.mp4,303.49,305.054,segment_too_short,,cutfix_full_tier1_20260729_01,tier1
vWIrluPVe64,vWIrluPVe64.mp4,305.442,306.366,segment_too_short,,cutfix_full_tier1_20260729_01,tier1
vWIrluPVe64,vWIrluPVe64.mp4,310.722,312.094,segment_too_short,,cutfix_full_tier1_20260729_01,tier1
vWIrluPVe64,vWIrluPVe64.mp4,313.026,314.59,segment_too_short,,cutfix_full_tier1_20260729_01,tier1
vWIrluPVe64,vWIrluPVe64.mp4,314.882,316.766,segment_too_short,,cutfix_full_tier1_20260729_01,tier1
vWIrluPVe64,vWIrluPVe64.mp4,322.21,323.518,segment_too_short,,cutfix_full_tier1_20260729_01,tier1
vWIrluPVe64,vWIrluPVe64.mp4,332.418,334.174,segment_too_short,,cutfix_full_tier1_20260729_01,tier1
vWIrluPVe64,vWIrluPVe64.mp4,355.874,357.182,segment_too_short,,cutfix_full_tier1_20260729_01,tier1
vWIrluPVe64,vWIrluPVe64.mp4,357.442,358.91,segment_too_short,,cutfix_full_tier1_20260729_01,tier1
vWIrluPVe64,vWIrluPVe64.mp4,359.906,361.022,segment_too_short,,cutfix_full_tier1_20260729_01,tier1
vWIrluPVe64,vWIrluPVe64.mp4,377.538,379.486,segment_too_short,,cutfix_full_tier1_20260729_01,tier1
vWIrluPVe64,vWIrluPVe64.mp4,386.082,388.03,segment_too_short,,cutfix_full_tier1_20260729_01,tier1
vWIrluPVe64,vWIrluPVe64.mp4,389.826,391.358,segment_too_short,,cutfix_full_tier1_20260729_01,tier1
vWIrluPVe64,vWIrluPVe64.mp4,397.89,398.782,segment_too_short,,cutfix_full_tier1_20260729_01,tier1
vWIrluPVe64,vWIrluPVe64.mp4,399.17,400.798,segment_too_short,,cutfix_full_tier1_20260729_01,tier1
vWIrluPVe64,vWIrluPVe64.mp4,400.962,401.63,segment_too_short,,cutfix_full_tier1_20260729_01,tier1
vWIrluPVe64,vWIrluPVe64.mp4,405.73,406.878,segment_too_short,,cutfix_full_tier1_20260729_01,tier1
vWIrluPVe64,vWIrluPVe64.mp4,407.106,407.902,segment_too_short,,cutfix_full_tier1_20260729_01,tier1
vWIrluPVe64,vWIrluPVe64.mp4,408.706,410.686,segment_too_short,,cutfix_full_tier1_20260729_01,tier1
vWIrluPVe64,vWIrluPVe64.mp4,410.946,411.294,segment_too_short,,cutfix_full_tier1_20260729_01,tier1
vWIrluPVe64,vWIrluPVe64.mp4,411.938,412.574,segment_too_short,,cutfix_full_tier1_20260729_01,tier1
vWIrluPVe64,vWIrluPVe64.mp4,412.994,413.982,segment_too_short,,cutfix_full_tier1_20260729_01,tier1
vWIrluPVe64,vWIrluPVe64.mp4,417.762,419.102,segment_too_short,,cutfix_full_tier1_20260729_01,tier1
vWIrluPVe64,vWIrluPVe64.mp4,419.394,420.35,segment_too_short,,cutfix_full_tier1_20260729_01,tier1
vWIrluPVe64,vWIrluPVe64.mp4,428.674,429.726,segment_too_short,,cutfix_full_tier1_20260729_01,tier1
vWIrluPVe64,vWIrluPVe64.mp4,430.722,431.678,segment_too_short,,cutfix_full_tier1_20260729_01,tier1
vWIrluPVe64,vWIrluPVe64.mp4,437.698,438.686,segment_too_short,,cutfix_full_tier1_20260729_01,tier1
vWIrluPVe64,vWIrluPVe64.mp4,442.242,444.222,segment_too_short,,cutfix_full_tier1_20260729_01,tier1
vWIrluPVe64,vWIrluPVe64.mp4,444.706,446.654,segment_too_short,,cutfix_full_tier1_20260729_01,tier1
vWIrluPVe64,vWIrluPVe64.mp4,446.754,447.646,segment_too_short,,cutfix_full_tier1_20260729_01,tier1
vWIrluPVe64,vWIrluPVe64.mp4,450.338,451.294,segment_too_short,,cutfix_full_tier1_20260729_01,tier1
vWIrluPVe64,vWIrluPVe64.mp4,452.066,453.054,segment_too_short,,cutfix_full_tier1_20260729_01,tier1
vWIrluPVe64,vWIrluPVe64.mp4,456.29,458.11,segment_too_short,,cutfix_full_tier1_20260729_01,tier1
vWIrluPVe64,vWIrluPVe64.mp4,458.21,460.062,segment_too_short,,cutfix_full_tier1_20260729_01,tier1
vWIrluPVe64,vWIrluPVe64.mp4,460.802,462.142,segment_too_short,,cutfix_full_tier1_20260729_01,tier1
vWIrluPVe64,vWIrluPVe64.mp4,471.874,472.734,segment_too_short,,cutfix_full_tier1_20260729_01,tier1
vWIrluPVe64,vWIrluPVe64.mp4,475.938,477.63,segment_too_short,,cutfix_full_tier1_20260729_01,tier1
vWIrluPVe64,vWIrluPVe64.mp4,477.826,479.806,segment_too_short,,cutfix_full_tier1_20260729_01,tier1
vWIrluPVe64,vWIrluPVe64.mp4,480.066,481.31,segment_too_short,,cutfix_full_tier1_20260729_01,tier1
vWIrluPVe64,vWIrluPVe64.mp4,481.538,483.39,segment_too_short,,cutfix_full_tier1_20260729_01,tier1
vWIrluPVe64,vWIrluPVe64.mp4,483.49,484.67,segment_too_short,,cutfix_full_tier1_20260729_01,tier1
vWIrluPVe64,vWIrluPVe64.mp4,485.346,486.334,segment_too_short,,cutfix_full_tier1_20260729_01,tier1
vWIrluPVe64,vWIrluPVe64.mp4,486.594,487.582,segment_too_short,,cutfix_full_tier1_20260729_01,tier1
vWIrluPVe64,vWIrluPVe64.mp4,488.002,489.886,segment_too_short,,cutfix_full_tier1_20260729_01,tier1
vWIrluPVe64,vWIrluPVe64.mp4,493.634,494.782,segment_too_short,,cutfix_full_tier1_20260729_01,tier1
vWIrluPVe64,vWIrluPVe64.mp4,494.978,496.222,segment_too_short,,cutfix_full_tier1_20260729_01,tier1
vWIrluPVe64,vWIrluPVe64.mp4,497.186,498.238,segment_too_short,,cutfix_full_tier1_20260729_01,tier1
vWIrluPVe64,vWIrluPVe64.mp4,504.898,506.046,segment_too_short,,cutfix_full_tier1_20260729_01,tier1
vWIrluPVe64,vWIrluPVe64.mp4,507.01,508.094,segment_too_short,,cutfix_full_tier1_20260729_01,tier1
vWIrluPVe64,vWIrluPVe64.mp4,508.45,509.982,segment_too_short,,cutfix_full_tier1_20260729_01,tier1
vWIrluPVe64,vWIrluPVe64.mp4,513.57,515.102,segment_too_short,,cutfix_full_tier1_20260729_01,tier1
vWIrluPVe64,vWIrluPVe64.mp4,515.426,516.382,segment_too_short,,cutfix_full_tier1_20260729_01,tier1
vWIrluPVe64,vWIrluPVe64.mp4,522.626,524.446,segment_too_short,,cutfix_full_tier1_20260729_01,tier1
vWIrluPVe64,vWIrluPVe64.mp4,528.418,529.534,segment_too_short,,cutfix_full_tier1_20260729_01,tier1
vWIrluPVe64,vWIrluPVe64.mp4,530.306,531.07,segment_too_short,,cutfix_full_tier1_20260729_01,tier1
vWIrluPVe64,vWIrluPVe64.mp4,531.266,532.702,segment_too_short,,cutfix_full_tier1_20260729_01,tier1
vWIrluPVe64,vWIrluPVe64.mp4,534.146,535.23,segment_too_short,,cutfix_full_tier1_20260729_01,tier1
vWIrluPVe64,vWIrluPVe64.mp4,539.106,539.966,segment_too_short,,cutfix_full_tier1_20260729_01,tier1
vWIrluPVe64,vWIrluPVe64.mp4,546.114,546.942,segment_too_short,,cutfix_full_tier1_20260729_01,tier1
vWIrluPVe64,vWIrluPVe64.mp4,550.786,551.742,segment_too_short,,cutfix_full_tier1_20260729_01,tier1
vWIrluPVe64,vWIrluPVe64.mp4,555.65,556.606,segment_too_short,,cutfix_full_tier1_20260729_01,tier1
vWIrluPVe64,vWIrluPVe64.mp4,559.778,561.662,segment_too_short,,cutfix_full_tier1_20260729_01,tier1
vWIrluPVe64,vWIrluPVe64.mp4,561.89,562.686,segment_too_short,,cutfix_full_tier1_20260729_01,tier1
vWIrluPVe64,vWIrluPVe64.mp4,574.05,574.942,segment_too_short,,cutfix_full_tier1_20260729_01,tier1
vWIrluPVe64,vWIrluPVe64.mp4,578.658,580.318,segment_too_short,,cutfix_full_tier1_20260729_01,tier1
vWIrluPVe64,vWIrluPVe64.mp4,584.066,584.926,segment_too_short,,cutfix_full_tier1_20260729_01,tier1
vWIrluPVe64,vWIrluPVe64.mp4,588.514,590.014,segment_too_short,,cutfix_full_tier1_20260729_01,tier1
vWIrluPVe64,vWIrluPVe64.mp4,590.498,592.414,segment_too_short,,cutfix_full_tier1_20260729_01,tier1
vWIrluPVe64,vWIrluPVe64.mp4,596.066,597.566,segment_too_short,,cutfix_full_tier1_20260729_01,tier1
vWIrluPVe64,vWIrluPVe64.mp4,597.922,599.742,segment_too_short,,cutfix_full_tier1_20260729_01,tier1
vWIrluPVe64,vWIrluPVe64.mp4,603.202,604.766,segment_too_short,,cutfix_full_tier1_20260729_01,tier1
vWIrluPVe64,vWIrluPVe64.mp4,605.282,606.782,segment_too_short,,cutfix_full_tier1_20260729_01,tier1
vWIrluPVe64,vWIrluPVe64.mp4,610.658,612.03,segment_too_short,,cutfix_full_tier1_20260729_01,tier1
vWIrluPVe64,vWIrluPVe64.mp4,616.226,618.11,segment_too_short,,cutfix_full_tier1_20260729_01,tier1
vWIrluPVe64,vWIrluPVe64.mp4,621.602,622.942,segment_too_short,,cutfix_full_tier1_20260729_01,tier1
vWIrluPVe64,vWIrluPVe64.mp4,623.106,623.934,segment_too_short,,cutfix_full_tier1_20260729_01,tier1
vWIrluPVe64,vWIrluPVe64.mp4,624.226,626.206,segment_too_short,,cutfix_full_tier1_20260729_01,tier1
vWIrluPVe64,vWIrluPVe64.mp4,629.602,630.654,segment_too_short,,cutfix_full_tier1_20260729_01,tier1
vWIrluPVe64,vWIrluPVe64.mp4,632.322,633.918,segment_too_short,,cutfix_full_tier1_20260729_01,tier1
vWIrluPVe64,vWIrluPVe64.mp4,637.122,638.174,segment_too_short,,cutfix_full_tier1_20260729_01,tier1
vWIrluPVe64,vWIrluPVe64.mp4,644.61,646.11,segment_too_short,,cutfix_full_tier1_20260729_01,tier1
vWIrluPVe64,vWIrluPVe64.mp4,646.274,647.71,segment_too_short,,cutfix_full_tier1_20260729_01,tier1
vWIrluPVe64,vWIrluPVe64.mp4,648.034,649.534,segment_too_short,,cutfix_full_tier1_20260729_01,tier1
vWIrluPVe64,vWIrluPVe64.mp4,655.554,656.382,segment_too_short,,cutfix_full_tier1_20260729_01,tier1
vWIrluPVe64,vWIrluPVe64.mp4,656.77,658.366,segment_too_short,,cutfix_full_tier1_20260729_01,tier1
vWIrluPVe64,vWIrluPVe64.mp4,658.722,659.646,segment_too_short,,cutfix_full_tier1_20260729_01,tier1
vWIrluPVe64,vWIrluPVe64.mp4,659.874,661.118,segment_too_short,,cutfix_full_tier1_20260729_01,tier1
vWIrluPVe64,vWIrluPVe64.mp4,661.282,662.558,segment_too_short,,cutfix_full_tier1_20260729_01,tier1
vWIrluPVe64,vWIrluPVe64.mp4,662.786,664.158,segment_too_short,,cutfix_full_tier1_20260729_01,tier1
vWIrluPVe64,vWIrluPVe64.mp4,664.354,665.182,segment_too_short,,cutfix_full_tier1_20260729_01,tier1
vWIrluPVe64,vWIrluPVe64.mp4,671.33,672.19,segment_too_short,,cutfix_full_tier1_20260729_01,tier1
vWIrluPVe64,vWIrluPVe64.mp4,672.418,673.918,segment_too_short,,cutfix_full_tier1_20260729_01,tier1
vWIrluPVe64,vWIrluPVe64.mp4,674.146,674.878,segment_too_short,,cutfix_full_tier1_20260729_01,tier1
vWIrluPVe64,vWIrluPVe64.mp4,675.17,676.446,segment_too_short,,cutfix_full_tier1_20260729_01,tier1
vWIrluPVe64,vWIrluPVe64.mp4,676.578,677.886,segment_too_short,,cutfix_full_tier1_20260729_01,tier1
vWIrluPVe64,vWIrluPVe64.mp4,681.378,682.462,segment_too_short,,cutfix_full_tier1_20260729_01,tier1
vWIrluPVe64,vWIrluPVe64.mp4,682.626,683.998,segment_too_short,,cutfix_full_tier1_20260729_01,tier1
vWIrluPVe64,vWIrluPVe64.mp4,684.418,685.31,segment_too_short,,cutfix_full_tier1_20260729_01,tier1
vWIrluPVe64,vWIrluPVe64.mp4,693.602,694.462,segment_too_short,,cutfix_full_tier1_20260729_01,tier1
vZRkeUx8LOU,vZRkeUx8LOU.mp4,43.074,49.918,scene_cut_detected,,cutfix_full_tier1_20260729_01,tier1
vZRkeUx8LOU,vZRkeUx8LOU.mp4,58.818,63.818,scene_cut_detected,,cutfix_full_tier1_20260729_01,tier1
vZRkeUx8LOU,vZRkeUx8LOU.mp4,108.226,113.226,scene_cut_detected,,cutfix_full_tier1_20260729_01,tier1
vZRkeUx8LOU,vZRkeUx8LOU.mp4,117.538,122.538,face_density_low,,cutfix_full_tier1_20260729_01,tier1
vZRkeUx8LOU,vZRkeUx8LOU.mp4,130.722,135.722,face_density_low,,cutfix_full_tier1_20260729_01,tier1
vZRkeUx8LOU,vZRkeUx8LOU.mp4,134.722,139.722,face_density_low,,cutfix_full_tier1_20260729_01,tier1
vZRkeUx8LOU,vZRkeUx8LOU.mp4,138.722,143.722,face_density_low,,cutfix_full_tier1_20260729_01,tier1
vZRkeUx8LOU,vZRkeUx8LOU.mp4,145.122,153.822,face_density_low,,cutfix_full_tier1_20260729_01,tier1
vZRkeUx8LOU,vZRkeUx8LOU.mp4,154.082,159.262,face_density_low,,cutfix_full_tier1_20260729_01,tier1
vZRkeUx8LOU,vZRkeUx8LOU.mp4,159.394,161.662,face_density_low,,cutfix_full_tier1_20260729_01,tier1
vZRkeUx8LOU,vZRkeUx8LOU.mp4,161.922,168.478,scene_cut_detected,,cutfix_full_tier1_20260729_01,tier1
vZRkeUx8LOU,vZRkeUx8LOU.mp4,182.146,187.146,face_density_low,,cutfix_full_tier1_20260729_01,tier1
vZRkeUx8LOU,vZRkeUx8LOU.mp4,186.146,191.146,face_density_low,,cutfix_full_tier1_20260729_01,tier1
vZRkeUx8LOU,vZRkeUx8LOU.mp4,190.146,195.146,face_density_low,,cutfix_full_tier1_20260729_01,tier1
vZRkeUx8LOU,vZRkeUx8LOU.mp4,194.146,199.146,scene_cut_detected,,cutfix_full_tier1_20260729_01,tier1
vZRkeUx8LOU,vZRkeUx8LOU.mp4,200.13,210.686,face_density_low,,cutfix_full_tier1_20260729_01,tier1
vZRkeUx8LOU,vZRkeUx8LOU.mp4,210.85,214.814,face_density_low,,cutfix_full_tier1_20260729_01,tier1
vZRkeUx8LOU,vZRkeUx8LOU.mp4,215.106,222.59,face_density_low,,cutfix_full_tier1_20260729_01,tier1
vZRkeUx8LOU,vZRkeUx8LOU.mp4,226.466,228.35,segment_too_short,,cutfix_full_tier1_20260729_01,tier1
vZRkeUx8LOU,vZRkeUx8LOU.mp4,228.482,231.454,face_density_low,,cutfix_full_tier1_20260729_01,tier1
vZRkeUx8LOU,vZRkeUx8LOU.mp4,231.586,233.598,face_density_low,,cutfix_full_tier1_20260729_01,tier1
vZRkeUx8LOU,vZRkeUx8LOU.mp4,233.762,237.758,face_density_low,,cutfix_full_tier1_20260729_01,tier1
vZRkeUx8LOU,vZRkeUx8LOU.mp4,237.954,238.91,segment_too_short,,cutfix_full_tier1_20260729_01,tier1
vZRkeUx8LOU,vZRkeUx8LOU.mp4,239.234,242.142,face_density_low,,cutfix_full_tier1_20260729_01,tier1
vZRkeUx8LOU,vZRkeUx8LOU.mp4,242.53,243.806,segment_too_short,,cutfix_full_tier1_20260729_01,tier1
vZRkeUx8LOU,vZRkeUx8LOU.mp4,243.938,246.078,face_density_low,,cutfix_full_tier1_20260729_01,tier1
vZRkeUx8LOU,vZRkeUx8LOU.mp4,246.658,247.326,segment_too_short,,cutfix_full_tier1_20260729_01,tier1
vZRkeUx8LOU,vZRkeUx8LOU.mp4,247.458,252.158,scene_cut_detected,,cutfix_full_tier1_20260729_01,tier1
vZRkeUx8LOU,vZRkeUx8LOU.mp4,259.586,261.982,face_density_low,,cutfix_full_tier1_20260729_01,tier1
vZRkeUx8LOU,vZRkeUx8LOU.mp4,264.61,273.662,face_density_low,,cutfix_full_tier1_20260729_01,tier1
vZRkeUx8LOU,vZRkeUx8LOU.mp4,273.858,276.99,scene_cut_detected,,cutfix_full_tier1_20260729_01,tier1
vZRkeUx8LOU,vZRkeUx8LOU.mp4,277.314,284.862,face_density_low,,cutfix_full_tier1_20260729_01,tier1
vZRkeUx8LOU,vZRkeUx8LOU.mp4,285.09,289.054,scene_cut_detected,,cutfix_full_tier1_20260729_01,tier1
vZRkeUx8LOU,vZRkeUx8LOU.mp4,289.25,294.846,face_density_low,,cutfix_full_tier1_20260729_01,tier1
vZRkeUx8LOU,vZRkeUx8LOU.mp4,295.202,300.202,face_density_low,,cutfix_full_tier1_20260729_01,tier1
vZRkeUx8LOU,vZRkeUx8LOU.mp4,299.202,304.202,scene_cut_detected,,cutfix_full_tier1_20260729_01,tier1
vZRkeUx8LOU,vZRkeUx8LOU.mp4,303.202,308.202,face_density_low,,cutfix_full_tier1_20260729_01,tier1
vZRkeUx8LOU,vZRkeUx8LOU.mp4,307.202,310.686,face_density_low,,cutfix_full_tier1_20260729_01,tier1
vZRkeUx8LOU,vZRkeUx8LOU.mp4,311.042,317.278,face_density_low,,cutfix_full_tier1_20260729_01,tier1
vZRkeUx8LOU,vZRkeUx8LOU.mp4,317.474,321.502,face_density_low,,cutfix_full_tier1_20260729_01,tier1
vZRkeUx8LOU,vZRkeUx8LOU.mp4,325.794,334.046,face_density_low,,cutfix_full_tier1_20260729_01,tier1
vZRkeUx8LOU,vZRkeUx8LOU.mp4,334.306,341.342,scene_cut_detected,,cutfix_full_tier1_20260729_01,tier1
vZRkeUx8LOU,vZRkeUx8LOU.mp4,341.634,349.982,scene_cut_detected,,cutfix_full_tier1_20260729_01,tier1
vZRkeUx8LOU,vZRkeUx8LOU.mp4,350.466,352.478,face_density_low,,cutfix_full_tier1_20260729_01,tier1
vZRkeUx8LOU,vZRkeUx8LOU.mp4,352.578,357.086,face_density_low,,cutfix_full_tier1_20260729_01,tier1
vZRkeUx8LOU,vZRkeUx8LOU.mp4,357.218,363.486,face_density_low,,cutfix_full_tier1_20260729_01,tier1
vZRkeUx8LOU,vZRkeUx8LOU.mp4,363.874,368.222,face_density_low,,cutfix_full_tier1_20260729_01,tier1
vZRkeUx8LOU,vZRkeUx8LOU.mp4,368.45,374.622,scene_cut_detected,,cutfix_full_tier1_20260729_01,tier1
vZRkeUx8LOU,vZRkeUx8LOU.mp4,374.978,381.694,scene_cut_detected,,cutfix_full_tier1_20260729_01,tier1
vZRkeUx8LOU,vZRkeUx8LOU.mp4,381.858,389.918,face_density_low,,cutfix_full_tier1_20260729_01,tier1
vZRkeUx8LOU,vZRkeUx8LOU.mp4,390.146,395.934,face_density_low,,cutfix_full_tier1_20260729_01,tier1
vqmz6Ras5ns,vqmz6Ras5ns.mp4,5.154,11.326,scene_cut_detected,,cutfix_full_tier1_20260729_01,tier1
vqmz6Ras5ns,vqmz6Ras5ns.mp4,11.938,12.99,segment_too_short,,cutfix_full_tier1_20260729_01,tier1
vqmz6Ras5ns,vqmz6Ras5ns.mp4,29.218,30.078,segment_too_short,,cutfix_full_tier1_20260729_01,tier1
vqmz6Ras5ns,vqmz6Ras5ns.mp4,38.402,43.402,scene_cut_detected,,cutfix_full_tier1_20260729_01,tier1
vqmz6Ras5ns,vqmz6Ras5ns.mp4,59.586,64.586,scene_cut_detected,,cutfix_full_tier1_20260729_01,tier1
vqmz6Ras5ns,vqmz6Ras5ns.mp4,203.682,205.15,segment_too_short,,cutfix_full_tier1_20260729_01,tier1
vqmz6Ras5ns,vqmz6Ras5ns.mp4,247.938,252.734,scene_cut_detected,,cutfix_full_tier1_20260729_01,tier1
vqmz6Ras5ns,vqmz6Ras5ns.mp4,311.97,312.798,segment_too_short,,cutfix_full_tier1_20260729_01,tier1
vqmz6Ras5ns,vqmz6Ras5ns.mp4,324.514,325.056,segment_too_short,,cutfix_full_tier1_20260729_01,tier1
w8nTnXGMRVM,w8nTnXGMRVM.mp4,31.906,36.906,face_density_low,,cutfix_full_tier1_20260729_01,tier1
w8nTnXGMRVM,w8nTnXGMRVM.mp4,35.906,39.07,face_density_low,,cutfix_full_tier1_20260729_01,tier1
w8nTnXGMRVM,w8nTnXGMRVM.mp4,39.17,43.198,face_density_low,,cutfix_full_tier1_20260729_01,tier1
w8nTnXGMRVM,w8nTnXGMRVM.mp4,43.394,46.942,face_density_low,,cutfix_full_tier1_20260729_01,tier1
w8nTnXGMRVM,w8nTnXGMRVM.mp4,47.074,49.214,face_density_low,,cutfix_full_tier1_20260729_01,tier1
w8nTnXGMRVM,w8nTnXGMRVM.mp4,49.442,57.278,face_density_low,,cutfix_full_tier1_20260729_01,tier1
w8nTnXGMRVM,w8nTnXGMRVM.mp4,57.41,61.214,face_density_low,,cutfix_full_tier1_20260729_01,tier1
w8nTnXGMRVM,w8nTnXGMRVM.mp4,61.666,66.718,scene_cut_detected,,cutfix_full_tier1_20260729_01,tier1
w8nTnXGMRVM,w8nTnXGMRVM.mp4,66.882,71.882,scene_cut_detected,,cutfix_full_tier1_20260729_01,tier1
w8nTnXGMRVM,w8nTnXGMRVM.mp4,70.882,75.882,face_density_low,,cutfix_full_tier1_20260729_01,tier1
w8nTnXGMRVM,w8nTnXGMRVM.mp4,74.882,78.91,face_density_low,,cutfix_full_tier1_20260729_01,tier1
w8nTnXGMRVM,w8nTnXGMRVM.mp4,79.458,85.086,face_density_low,,cutfix_full_tier1_20260729_01,tier1
w8nTnXGMRVM,w8nTnXGMRVM.mp4,86.146,92.51,face_density_low,,cutfix_full_tier1_20260729_01,tier1
w8nTnXGMRVM,w8nTnXGMRVM.mp4,92.642,101.822,scene_cut_detected,,cutfix_full_tier1_20260729_01,tier1
w8nTnXGMRVM,w8nTnXGMRVM.mp4,102.946,103.902,segment_too_short,,cutfix_full_tier1_20260729_01,tier1
w8nTnXGMRVM,w8nTnXGMRVM.mp4,106.37,107.262,segment_too_short,,cutfix_full_tier1_20260729_01,tier1
w8nTnXGMRVM,w8nTnXGMRVM.mp4,108.034,111.326,face_density_low,,cutfix_full_tier1_20260729_01,tier1
w8nTnXGMRVM,w8nTnXGMRVM.mp4,112.098,114.398,face_density_low,,cutfix_full_tier1_20260729_01,tier1
w8nTnXGMRVM,w8nTnXGMRVM.mp4,115.458,117.662,face_density_low,,cutfix_full_tier1_20260729_01,tier1
w8nTnXGMRVM,w8nTnXGMRVM.mp4,118.562,120.574,face_density_low,,cutfix_full_tier1_20260729_01,tier1
w8nTnXGMRVM,w8nTnXGMRVM.mp4,123.138,126.718,face_density_low,,cutfix_full_tier1_20260729_01,tier1
w8nTnXGMRVM,w8nTnXGMRVM.mp4,127.106,129.31,face_density_low,,cutfix_full_tier1_20260729_01,tier1
w8nTnXGMRVM,w8nTnXGMRVM.mp4,129.922,132.318,face_density_low,,cutfix_full_tier1_20260729_01,tier1
w8nTnXGMRVM,w8nTnXGMRVM.mp4,135.906,138.27,face_density_low,,cutfix_full_tier1_20260729_01,tier1
w8nTnXGMRVM,w8nTnXGMRVM.mp4,138.914,142.91,face_density_low,,cutfix_full_tier1_20260729_01,tier1
w8nTnXGMRVM,w8nTnXGMRVM.mp4,143.842,147.006,face_density_low,,cutfix_full_tier1_20260729_01,tier1
w8nTnXGMRVM,w8nTnXGMRVM.mp4,148.226,151.038,face_density_low,,cutfix_full_tier1_20260729_01,tier1
w8nTnXGMRVM,w8nTnXGMRVM.mp4,151.554,154.142,face_density_low,,cutfix_full_tier1_20260729_01,tier1
w8nTnXGMRVM,w8nTnXGMRVM.mp4,155.106,158.59,face_density_low,,cutfix_full_tier1_20260729_01,tier1
w8nTnXGMRVM,w8nTnXGMRVM.mp4,158.69,162.398,face_density_low,,cutfix_full_tier1_20260729_01,tier1
w8nTnXGMRVM,w8nTnXGMRVM.mp4,163.554,171.23,face_density_low,,cutfix_full_tier1_20260729_01,tier1
w8nTnXGMRVM,w8nTnXGMRVM.mp4,171.554,182.334,face_density_low,,cutfix_full_tier1_20260729_01,tier1
w8nTnXGMRVM,w8nTnXGMRVM.mp4,182.722,185.63,face_density_low,,cutfix_full_tier1_20260729_01,tier1
w8nTnXGMRVM,w8nTnXGMRVM.mp4,186.018,193.502,face_density_low,,cutfix_full_tier1_20260729_01,tier1
w8nTnXGMRVM,w8nTnXGMRVM.mp4,194.146,197.502,face_density_low,,cutfix_full_tier1_20260729_01,tier1
w8nTnXGMRVM,w8nTnXGMRVM.mp4,198.146,199.902,segment_too_short,,cutfix_full_tier1_20260729_01,tier1
w8nTnXGMRVM,w8nTnXGMRVM.mp4,200.13,203.582,face_density_low,,cutfix_full_tier1_20260729_01,tier1
w8nTnXGMRVM,w8nTnXGMRVM.mp4,203.778,207.166,face_density_low,,cutfix_full_tier1_20260729_01,tier1
w8nTnXGMRVM,w8nTnXGMRVM.mp4,207.554,209.086,segment_too_short,,cutfix_full_tier1_20260729_01,tier1
w8nTnXGMRVM,w8nTnXGMRVM.mp4,209.314,217.246,face_density_low,,cutfix_full_tier1_20260729_01,tier1
w8nTnXGMRVM,w8nTnXGMRVM.mp4,217.73,224.19,face_density_low,,cutfix_full_tier1_20260729_01,tier1
w8nTnXGMRVM,w8nTnXGMRVM.mp4,224.802,226.302,segment_too_short,,cutfix_full_tier1_20260729_01,tier1
w8nTnXGMRVM,w8nTnXGMRVM.mp4,226.466,231.102,face_density_low,,cutfix_full_tier1_20260729_01,tier1
w8nTnXGMRVM,w8nTnXGMRVM.mp4,231.33,233.438,face_density_low,,cutfix_full_tier1_20260729_01,tier1
w8nTnXGMRVM,w8nTnXGMRVM.mp4,233.538,238.078,face_density_low,,cutfix_full_tier1_20260729_01,tier1
w8nTnXGMRVM,w8nTnXGMRVM.mp4,238.594,240.158,segment_too_short,,cutfix_full_tier1_20260729_01,tier1
w8nTnXGMRVM,w8nTnXGMRVM.mp4,240.418,244.222,face_density_low,,cutfix_full_tier1_20260729_01,tier1
w8nTnXGMRVM,w8nTnXGMRVM.mp4,244.898,246.526,segment_too_short,,cutfix_full_tier1_20260729_01,tier1
w8nTnXGMRVM,w8nTnXGMRVM.mp4,246.658,250.206,face_density_low,,cutfix_full_tier1_20260729_01,tier1
w8nTnXGMRVM,w8nTnXGMRVM.mp4,250.626,258.526,face_density_low,,cutfix_full_tier1_20260729_01,tier1
w8nTnXGMRVM,w8nTnXGMRVM.mp4,259.426,263.07,face_density_low,,cutfix_full_tier1_20260729_01,tier1
w8nTnXGMRVM,w8nTnXGMRVM.mp4,263.394,266.494,face_density_low,,cutfix_full_tier1_20260729_01,tier1
w8nTnXGMRVM,w8nTnXGMRVM.mp4,266.658,278.11,face_density_low,,cutfix_full_tier1_20260729_01,tier1
w8nTnXGMRVM,w8nTnXGMRVM.mp4,278.21,281.214,face_density_low,,cutfix_full_tier1_20260729_01,tier1
w8nTnXGMRVM,w8nTnXGMRVM.mp4,281.378,283.614,face_density_low,,cutfix_full_tier1_20260729_01,tier1
w8nTnXGMRVM,w8nTnXGMRVM.mp4,283.778,291.646,face_density_low,,cutfix_full_tier1_20260729_01,tier1
w8nTnXGMRVM,w8nTnXGMRVM.mp4,291.746,295.774,face_density_low,,cutfix_full_tier1_20260729_01,tier1
w8nTnXGMRVM,w8nTnXGMRVM.mp4,296.45,299.934,face_density_low,,cutfix_full_tier1_20260729_01,tier1
w8nTnXGMRVM,w8nTnXGMRVM.mp4,300.13,302.494,face_density_low,,cutfix_full_tier1_20260729_01,tier1
w8nTnXGMRVM,w8nTnXGMRVM.mp4,302.818,307.646,face_density_low,,cutfix_full_tier1_20260729_01,tier1
w8nTnXGMRVM,w8nTnXGMRVM.mp4,308.194,313.342,face_density_low,,cutfix_full_tier1_20260729_01,tier1
w8nTnXGMRVM,w8nTnXGMRVM.mp4,313.634,318.494,face_density_low,,cutfix_full_tier1_20260729_01,tier1
w8nTnXGMRVM,w8nTnXGMRVM.mp4,319.01,320.862,segment_too_short,,cutfix_full_tier1_20260729_01,tier1
w8nTnXGMRVM,w8nTnXGMRVM.mp4,321.09,326.09,face_density_low,,cutfix_full_tier1_20260729_01,tier1
w8nTnXGMRVM,w8nTnXGMRVM.mp4,325.09,330.09,face_density_low,,cutfix_full_tier1_20260729_01,tier1
w8nTnXGMRVM,w8nTnXGMRVM.mp4,329.09,334.09,face_density_low,,cutfix_full_tier1_20260729_01,tier1
w8nTnXGMRVM,w8nTnXGMRVM.mp4,333.09,336.894,face_density_low,,cutfix_full_tier1_20260729_01,tier1
w8nTnXGMRVM,w8nTnXGMRVM.mp4,336.994,340.894,face_density_low,,cutfix_full_tier1_20260729_01,tier1
w8nTnXGMRVM,w8nTnXGMRVM.mp4,341.25,348.734,face_density_low,,cutfix_full_tier1_20260729_01,tier1
w8nTnXGMRVM,w8nTnXGMRVM.mp4,350.53,356.382,scene_cut_detected,,cutfix_full_tier1_20260729_01,tier1
w8nTnXGMRVM,w8nTnXGMRVM.mp4,356.61,361.246,face_density_low,,cutfix_full_tier1_20260729_01,tier1
w8nTnXGMRVM,w8nTnXGMRVM.mp4,361.538,364.542,face_density_low,,cutfix_full_tier1_20260729_01,tier1
w8nTnXGMRVM,w8nTnXGMRVM.mp4,365.538,368.254,face_density_low,,cutfix_full_tier1_20260729_01,tier1
w8nTnXGMRVM,w8nTnXGMRVM.mp4,368.482,371.134,face_density_low,,cutfix_full_tier1_20260729_01,tier1
w8nTnXGMRVM,w8nTnXGMRVM.mp4,371.778,375.198,face_density_low,,cutfix_full_tier1_20260729_01,tier1
w8nTnXGMRVM,w8nTnXGMRVM.mp4,376.066,381.694,face_density_low,,cutfix_full_tier1_20260729_01,tier1
w8nTnXGMRVM,w8nTnXGMRVM.mp4,381.858,385.63,face_density_low,,cutfix_full_tier1_20260729_01,tier1
w8nTnXGMRVM,w8nTnXGMRVM.mp4,386.594,391.454,face_density_low,,cutfix_full_tier1_20260729_01,tier1
w8nTnXGMRVM,w8nTnXGMRVM.mp4,391.682,395.134,face_density_low,,cutfix_full_tier1_20260729_01,tier1
w8nTnXGMRVM,w8nTnXGMRVM.mp4,395.714,399.134,face_density_low,,cutfix_full_tier1_20260729_01,tier1
w8nTnXGMRVM,w8nTnXGMRVM.mp4,399.65,403.806,face_density_low,,cutfix_full_tier1_20260729_01,tier1
w8nTnXGMRVM,w8nTnXGMRVM.mp4,403.97,406.494,face_density_low,,cutfix_full_tier1_20260729_01,tier1
w8nTnXGMRVM,w8nTnXGMRVM.mp4,409.538,412.894,face_density_low,,cutfix_full_tier1_20260729_01,tier1
w8nTnXGMRVM,w8nTnXGMRVM.mp4,413.954,416.446,face_density_low,,cutfix_full_tier1_20260729_01,tier1
w8nTnXGMRVM,w8nTnXGMRVM.mp4,416.546,420.606,face_density_low,,cutfix_full_tier1_20260729_01,tier1
w8nTnXGMRVM,w8nTnXGMRVM.mp4,421.026,425.022,face_density_low,,cutfix_full_tier1_20260729_01,tier1
w8nTnXGMRVM,w8nTnXGMRVM.mp4,425.122,427.55,face_density_low,,cutfix_full_tier1_20260729_01,tier1
w8nTnXGMRVM,w8nTnXGMRVM.mp4,427.746,431.134,face_density_low,,cutfix_full_tier1_20260729_01,tier1
wXgGPMFD6DA,wXgGPMFD6DA.mp4,0.034,8.382,scene_cut_detected,,cutfix_full_tier1_20260729_01,tier1
wXgGPMFD6DA,wXgGPMFD6DA.mp4,8.61,13.79,scene_cut_detected,,cutfix_full_tier1_20260729_01,tier1
wXgGPMFD6DA,wXgGPMFD6DA.mp4,13.986,14.398,segment_too_short,,cutfix_full_tier1_20260729_01,tier1
wXgGPMFD6DA,wXgGPMFD6DA.mp4,14.786,21.438,scene_cut_detected,,cutfix_full_tier1_20260729_01,tier1
wXgGPMFD6DA,wXgGPMFD6DA.mp4,21.57,23.422,segment_too_short,,cutfix_full_tier1_20260729_01,tier1
wXgGPMFD6DA,wXgGPMFD6DA.mp4,23.714,27.806,scene_cut_detected,,cutfix_full_tier1_20260729_01,tier1
wXgGPMFD6DA,wXgGPMFD6DA.mp4,28.034,28.574,segment_too_short,,cutfix_full_tier1_20260729_01,tier1
wXgGPMFD6DA,wXgGPMFD6DA.mp4,28.706,29.662,segment_too_short,,cutfix_full_tier1_20260729_01,tier1
wXgGPMFD6DA,wXgGPMFD6DA.mp4,29.794,30.974,segment_too_short,,cutfix_full_tier1_20260729_01,tier1
wXgGPMFD6DA,wXgGPMFD6DA.mp4,31.074,32.734,segment_too_short,,cutfix_full_tier1_20260729_01,tier1
wXgGPMFD6DA,wXgGPMFD6DA.mp4,32.834,34.366,segment_too_short,,cutfix_full_tier1_20260729_01,tier1
wXgGPMFD6DA,wXgGPMFD6DA.mp4,34.658,45.982,scene_cut_detected,,cutfix_full_tier1_20260729_01,tier1
wXgGPMFD6DA,wXgGPMFD6DA.mp4,49.026,52.734,scene_cut_detected,,cutfix_full_tier1_20260729_01,tier1
wXgGPMFD6DA,wXgGPMFD6DA.mp4,52.834,55.326,scene_cut_detected,,cutfix_full_tier1_20260729_01,tier1
wXgGPMFD6DA,wXgGPMFD6DA.mp4,62.882,63.198,segment_too_short,,cutfix_full_tier1_20260729_01,tier1
wXgGPMFD6DA,wXgGPMFD6DA.mp4,63.33,64.926,segment_too_short,,cutfix_full_tier1_20260729_01,tier1
wXgGPMFD6DA,wXgGPMFD6DA.mp4,67.682,68.222,segment_too_short,,cutfix_full_tier1_20260729_01,tier1
wXgGPMFD6DA,wXgGPMFD6DA.mp4,86.658,90.27,scene_cut_detected,,cutfix_full_tier1_20260729_01,tier1
wXgGPMFD6DA,wXgGPMFD6DA.mp4,95.586,104.734,scene_cut_detected,,cutfix_full_tier1_20260729_01,tier1
wXgGPMFD6DA,wXgGPMFD6DA.mp4,104.866,113.63,scene_cut_detected,,cutfix_full_tier1_20260729_01,tier1
wXgGPMFD6DA,wXgGPMFD6DA.mp4,113.762,114.366,segment_too_short,,cutfix_full_tier1_20260729_01,tier1
wXgGPMFD6DA,wXgGPMFD6DA.mp4,119.298,128.222,scene_cut_detected,,cutfix_full_tier1_20260729_01,tier1
wXgGPMFD6DA,wXgGPMFD6DA.mp4,128.418,132.094,scene_cut_detected,,cutfix_full_tier1_20260729_01,tier1
wXgGPMFD6DA,wXgGPMFD6DA.mp4,132.738,133.406,segment_too_short,,cutfix_full_tier1_20260729_01,tier1
wXgGPMFD6DA,wXgGPMFD6DA.mp4,133.57,144.35,scene_cut_detected,,cutfix_full_tier1_20260729_01,tier1
wXgGPMFD6DA,wXgGPMFD6DA.mp4,144.674,148.67,scene_cut_detected,,cutfix_full_tier1_20260729_01,tier1
wXgGPMFD6DA,wXgGPMFD6DA.mp4,152.802,154.686,segment_too_short,,cutfix_full_tier1_20260729_01,tier1
wXgGPMFD6DA,wXgGPMFD6DA.mp4,154.85,159.23,scene_cut_detected,,cutfix_full_tier1_20260729_01,tier1
wXgGPMFD6DA,wXgGPMFD6DA.mp4,164.29,165.886,segment_too_short,,cutfix_full_tier1_20260729_01,tier1
wXgGPMFD6DA,wXgGPMFD6DA.mp4,166.018,167.39,segment_too_short,,cutfix_full_tier1_20260729_01,tier1
wXgGPMFD6DA,wXgGPMFD6DA.mp4,167.65,174.206,scene_cut_detected,,cutfix_full_tier1_20260729_01,tier1
wXgGPMFD6DA,wXgGPMFD6DA.mp4,174.37,175.902,segment_too_short,,cutfix_full_tier1_20260729_01,tier1
wXgGPMFD6DA,wXgGPMFD6DA.mp4,179.106,179.518,segment_too_short,,cutfix_full_tier1_20260729_01,tier1
wXgGPMFD6DA,wXgGPMFD6DA.mp4,179.778,180.734,segment_too_short,,cutfix_full_tier1_20260729_01,tier1
wXgGPMFD6DA,wXgGPMFD6DA.mp4,184.674,187.038,scene_cut_detected,,cutfix_full_tier1_20260729_01,tier1
wXgGPMFD6DA,wXgGPMFD6DA.mp4,187.234,198.27,scene_cut_detected,,cutfix_full_tier1_20260729_01,tier1
wXgGPMFD6DA,wXgGPMFD6DA.mp4,198.626,199.55,segment_too_short,,cutfix_full_tier1_20260729_01,tier1
wXgGPMFD6DA,wXgGPMFD6DA.mp4,199.714,204.714,scene_cut_detected,,cutfix_full_tier1_20260729_01,tier1
wXgGPMFD6DA,wXgGPMFD6DA.mp4,203.714,208.714,scene_cut_detected,,cutfix_full_tier1_20260729_01,tier1
wXgGPMFD6DA,wXgGPMFD6DA.mp4,207.714,212.714,scene_cut_detected,,cutfix_full_tier1_20260729_01,tier1
wXgGPMFD6DA,wXgGPMFD6DA.mp4,214.37,223.358,scene_cut_detected,,cutfix_full_tier1_20260729_01,tier1
wXgGPMFD6DA,wXgGPMFD6DA.mp4,223.458,224.382,segment_too_short,,cutfix_full_tier1_20260729_01,tier1
wXgGPMFD6DA,wXgGPMFD6DA.mp4,224.482,230.142,scene_cut_detected,,cutfix_full_tier1_20260729_01,tier1
wXgGPMFD6DA,wXgGPMFD6DA.mp4,230.274,238.11,scene_cut_detected,,cutfix_full_tier1_20260729_01,tier1
wXgGPMFD6DA,wXgGPMFD6DA.mp4,244.066,250.206,scene_cut_detected,,cutfix_full_tier1_20260729_01,tier1
wXgGPMFD6DA,wXgGPMFD6DA.mp4,250.498,251.678,segment_too_short,,cutfix_full_tier1_20260729_01,tier1
wXgGPMFD6DA,wXgGPMFD6DA.mp4,258.914,260.19,segment_too_short,,cutfix_full_tier1_20260729_01,tier1
wXgGPMFD6DA,wXgGPMFD6DA.mp4,260.578,261.086,segment_too_short,,cutfix_full_tier1_20260729_01,tier1
wXgGPMFD6DA,wXgGPMFD6DA.mp4,261.986,263.39,segment_too_short,,cutfix_full_tier1_20260729_01,tier1
wXgGPMFD6DA,wXgGPMFD6DA.mp4,264.322,272.606,scene_cut_detected,,cutfix_full_tier1_20260729_01,tier1
wXgGPMFD6DA,wXgGPMFD6DA.mp4,272.93,274.302,segment_too_short,,cutfix_full_tier1_20260729_01,tier1
wXgGPMFD6DA,wXgGPMFD6DA.mp4,278.754,279.678,segment_too_short,,cutfix_full_tier1_20260729_01,tier1
wXgGPMFD6DA,wXgGPMFD6DA.mp4,280.13,280.862,segment_too_short,,cutfix_full_tier1_20260729_01,tier1
wXgGPMFD6DA,wXgGPMFD6DA.mp4,281.154,286.206,scene_cut_detected,,cutfix_full_tier1_20260729_01,tier1
wXgGPMFD6DA,wXgGPMFD6DA.mp4,286.626,287.358,segment_too_short,,cutfix_full_tier1_20260729_01,tier1
wXgGPMFD6DA,wXgGPMFD6DA.mp4,287.618,288.318,segment_too_short,,cutfix_full_tier1_20260729_01,tier1
wXgGPMFD6DA,wXgGPMFD6DA.mp4,288.482,291.806,scene_cut_detected,,cutfix_full_tier1_20260729_01,tier1
wXgGPMFD6DA,wXgGPMFD6DA.mp4,292.066,295.838,scene_cut_detected,,cutfix_full_tier1_20260729_01,tier1
wXgGPMFD6DA,wXgGPMFD6DA.mp4,296.034,297.054,segment_too_short,,cutfix_full_tier1_20260729_01,tier1
wXgGPMFD6DA,wXgGPMFD6DA.mp4,297.506,308.766,scene_cut_detected,,cutfix_full_tier1_20260729_01,tier1
wXgGPMFD6DA,wXgGPMFD6DA.mp4,319.586,321.15,segment_too_short,,cutfix_full_tier1_20260729_01,tier1
wXgGPMFD6DA,wXgGPMFD6DA.mp4,327.362,330.334,scene_cut_detected,,cutfix_full_tier1_20260729_01,tier1
wXgGPMFD6DA,wXgGPMFD6DA.mp4,330.626,332.062,segment_too_short,,cutfix_full_tier1_20260729_01,tier1
wXgGPMFD6DA,wXgGPMFD6DA.mp4,332.258,333.31,segment_too_short,,cutfix_full_tier1_20260729_01,tier1
wXgGPMFD6DA,wXgGPMFD6DA.mp4,334.274,335.166,segment_too_short,,cutfix_full_tier1_20260729_01,tier1
wXgGPMFD6DA,wXgGPMFD6DA.mp4,335.81,343.07,scene_cut_detected,,cutfix_full_tier1_20260729_01,tier1
wXgGPMFD6DA,wXgGPMFD6DA.mp4,343.202,347.646,scene_cut_detected,,cutfix_full_tier1_20260729_01,tier1
wXgGPMFD6DA,wXgGPMFD6DA.mp4,350.178,350.942,segment_too_short,,cutfix_full_tier1_20260729_01,tier1
wXgGPMFD6DA,wXgGPMFD6DA.mp4,351.074,352.702,segment_too_short,,cutfix_full_tier1_20260729_01,tier1
wXgGPMFD6DA,wXgGPMFD6DA.mp4,353.09,357.086,scene_cut_detected,,cutfix_full_tier1_20260729_01,tier1
wXgGPMFD6DA,wXgGPMFD6DA.mp4,357.346,357.918,segment_too_short,,cutfix_full_tier1_20260729_01,tier1
wXgGPMFD6DA,wXgGPMFD6DA.mp4,358.082,359.102,segment_too_short,,cutfix_full_tier1_20260729_01,tier1
wXgGPMFD6DA,wXgGPMFD6DA.mp4,360.066,371.806,scene_cut_detected,,cutfix_full_tier1_20260729_01,tier1
wXgGPMFD6DA,wXgGPMFD6DA.mp4,372.002,376.926,scene_cut_detected,,cutfix_full_tier1_20260729_01,tier1
wXgGPMFD6DA,wXgGPMFD6DA.mp4,377.058,380.318,scene_cut_detected,,cutfix_full_tier1_20260729_01,tier1
wXgGPMFD6DA,wXgGPMFD6DA.mp4,380.418,385.418,scene_cut_detected,,cutfix_full_tier1_20260729_01,tier1
wXgGPMFD6DA,wXgGPMFD6DA.mp4,392.418,397.418,scene_cut_detected,,cutfix_full_tier1_20260729_01,tier1
wXgGPMFD6DA,wXgGPMFD6DA.mp4,402.626,404.286,segment_too_short,,cutfix_full_tier1_20260729_01,tier1
wXgGPMFD6DA,wXgGPMFD6DA.mp4,404.546,414.942,scene_cut_detected,,cutfix_full_tier1_20260729_01,tier1
wXgGPMFD6DA,wXgGPMFD6DA.mp4,415.074,416.542,segment_too_short,,cutfix_full_tier1_20260729_01,tier1
wXgGPMFD6DA,wXgGPMFD6DA.mp4,416.866,418.718,segment_too_short,,cutfix_full_tier1_20260729_01,tier1
wXgGPMFD6DA,wXgGPMFD6DA.mp4,418.946,426.142,scene_cut_detected,,cutfix_full_tier1_20260729_01,tier1
wXgGPMFD6DA,wXgGPMFD6DA.mp4,442.05,443.134,segment_too_short,,cutfix_full_tier1_20260729_01,tier1
wXgGPMFD6DA,wXgGPMFD6DA.mp4,450.882,457.15,scene_cut_detected,,cutfix_full_tier1_20260729_01,tier1
wXgGPMFD6DA,wXgGPMFD6DA.mp4,458.402,465.278,scene_cut_detected,,cutfix_full_tier1_20260729_01,tier1
wXgGPMFD6DA,wXgGPMFD6DA.mp4,469.378,470.206,segment_too_short,,cutfix_full_tier1_20260729_01,tier1
wXgGPMFD6DA,wXgGPMFD6DA.mp4,470.466,471.486,segment_too_short,,cutfix_full_tier1_20260729_01,tier1
wXgGPMFD6DA,wXgGPMFD6DA.mp4,471.65,473.342,segment_too_short,,cutfix_full_tier1_20260729_01,tier1
wXgGPMFD6DA,wXgGPMFD6DA.mp4,473.506,474.686,segment_too_short,,cutfix_full_tier1_20260729_01,tier1
wXgGPMFD6DA,wXgGPMFD6DA.mp4,475.074,475.582,segment_too_short,,cutfix_full_tier1_20260729_01,tier1
wXgGPMFD6DA,wXgGPMFD6DA.mp4,476.45,477.022,segment_too_short,,cutfix_full_tier1_20260729_01,tier1
wXgGPMFD6DA,wXgGPMFD6DA.mp4,488.578,489.822,segment_too_short,,cutfix_full_tier1_20260729_01,tier1
wXgGPMFD6DA,wXgGPMFD6DA.mp4,490.05,490.558,segment_too_short,,cutfix_full_tier1_20260729_01,tier1
wXgGPMFD6DA,wXgGPMFD6DA.mp4,490.882,491.486,segment_too_short,,cutfix_full_tier1_20260729_01,tier1
wXgGPMFD6DA,wXgGPMFD6DA.mp4,491.682,502.782,scene_cut_detected,,cutfix_full_tier1_20260729_01,tier1
wXgGPMFD6DA,wXgGPMFD6DA.mp4,502.914,512.958,scene_cut_detected,,cutfix_full_tier1_20260729_01,tier1
wXgGPMFD6DA,wXgGPMFD6DA.mp4,513.186,523.902,scene_cut_detected,,cutfix_full_tier1_20260729_01,tier1
wXgGPMFD6DA,wXgGPMFD6DA.mp4,524.194,525.79,segment_too_short,,cutfix_full_tier1_20260729_01,tier1
wXgGPMFD6DA,wXgGPMFD6DA.mp4,526.434,527.582,segment_too_short,,cutfix_full_tier1_20260729_01,tier1
wXgGPMFD6DA,wXgGPMFD6DA.mp4,528.13,529.278,segment_too_short,,cutfix_full_tier1_20260729_01,tier1
wXgGPMFD6DA,wXgGPMFD6DA.mp4,529.634,531.294,segment_too_short,,cutfix_full_tier1_20260729_01,tier1
wXgGPMFD6DA,wXgGPMFD6DA.mp4,535.138,544.83,scene_cut_detected,,cutfix_full_tier1_20260729_01,tier1
wXgGPMFD6DA,wXgGPMFD6DA.mp4,544.994,553.598,scene_cut_detected,,cutfix_full_tier1_20260729_01,tier1
wXgGPMFD6DA,wXgGPMFD6DA.mp4,553.89,557.694,scene_cut_detected,,cutfix_full_tier1_20260729_01,tier1
wXgGPMFD6DA,wXgGPMFD6DA.mp4,562.082,572.318,scene_cut_detected,,cutfix_full_tier1_20260729_01,tier1
wXgGPMFD6DA,wXgGPMFD6DA.mp4,576.706,581.706,scene_cut_detected,,cutfix_full_tier1_20260729_01,tier1
wXgGPMFD6DA,wXgGPMFD6DA.mp4,588.706,593.706,scene_cut_detected,,cutfix_full_tier1_20260729_01,tier1
wXgGPMFD6DA,wXgGPMFD6DA.mp4,592.706,597.706,scene_cut_detected,,cutfix_full_tier1_20260729_01,tier1
wXgGPMFD6DA,wXgGPMFD6DA.mp4,596.706,600.766,scene_cut_detected,,cutfix_full_tier1_20260729_01,tier1
wXgGPMFD6DA,wXgGPMFD6DA.mp4,601.09,606.398,scene_cut_detected,,cutfix_full_tier1_20260729_01,tier1
wXgGPMFD6DA,wXgGPMFD6DA.mp4,606.914,611.038,scene_cut_detected,,cutfix_full_tier1_20260729_01,tier1
wXgGPMFD6DA,wXgGPMFD6DA.mp4,611.522,612.318,segment_too_short,,cutfix_full_tier1_20260729_01,tier1
wXgGPMFD6DA,wXgGPMFD6DA.mp4,614.498,620.35,scene_cut_detected,,cutfix_full_tier1_20260729_01,tier1
wXgGPMFD6DA,wXgGPMFD6DA.mp4,620.61,621.79,segment_too_short,,cutfix_full_tier1_20260729_01,tier1
wXgGPMFD6DA,wXgGPMFD6DA.mp4,622.338,628.158,scene_cut_detected,,cutfix_full_tier1_20260729_01,tier1
wXgGPMFD6DA,wXgGPMFD6DA.mp4,628.354,628.798,segment_too_short,,cutfix_full_tier1_20260729_01,tier1
wXgGPMFD6DA,wXgGPMFD6DA.mp4,628.994,630.398,segment_too_short,,cutfix_full_tier1_20260729_01,tier1
wXgGPMFD6DA,wXgGPMFD6DA.mp4,630.658,632.062,segment_too_short,,cutfix_full_tier1_20260729_01,tier1
wXgGPMFD6DA,wXgGPMFD6DA.mp4,632.194,633.918,segment_too_short,,cutfix_full_tier1_20260729_01,tier1
wXgGPMFD6DA,wXgGPMFD6DA.mp4,634.594,637.47,scene_cut_detected,,cutfix_full_tier1_20260729_01,tier1
wXgGPMFD6DA,wXgGPMFD6DA.mp4,637.954,642.954,scene_cut_detected,,cutfix_full_tier1_20260729_01,tier1
wXgGPMFD6DA,wXgGPMFD6DA.mp4,641.954,646.954,scene_cut_detected,,cutfix_full_tier1_20260729_01,tier1
wXgGPMFD6DA,wXgGPMFD6DA.mp4,645.954,650.142,scene_cut_detected,,cutfix_full_tier1_20260729_01,tier1
wXgGPMFD6DA,wXgGPMFD6DA.mp4,651.234,651.934,segment_too_short,,cutfix_full_tier1_20260729_01,tier1
wXgGPMFD6DA,wXgGPMFD6DA.mp4,653.378,658.878,scene_cut_detected,,cutfix_full_tier1_20260729_01,tier1
wXgGPMFD6DA,wXgGPMFD6DA.mp4,659.266,659.742,segment_too_short,,cutfix_full_tier1_20260729_01,tier1
wXgGPMFD6DA,wXgGPMFD6DA.mp4,662.85,663.71,segment_too_short,,cutfix_full_tier1_20260729_01,tier1
wXgGPMFD6DA,wXgGPMFD6DA.mp4,666.242,667.102,segment_too_short,,cutfix_full_tier1_20260729_01,tier1
wXgGPMFD6DA,wXgGPMFD6DA.mp4,670.466,671.806,segment_too_short,,cutfix_full_tier1_20260729_01,tier1
wXgGPMFD6DA,wXgGPMFD6DA.mp4,677.73,678.398,segment_too_short,,cutfix_full_tier1_20260729_01,tier1
wXgGPMFD6DA,wXgGPMFD6DA.mp4,678.658,679.294,segment_too_short,,cutfix_full_tier1_20260729_01,tier1
wXgGPMFD6DA,wXgGPMFD6DA.mp4,679.394,680.67,segment_too_short,,cutfix_full_tier1_20260729_01,tier1
wXgGPMFD6DA,wXgGPMFD6DA.mp4,682.69,687.774,scene_cut_detected,,cutfix_full_tier1_20260729_01,tier1
wXgGPMFD6DA,wXgGPMFD6DA.mp4,688.77,692.83,scene_cut_detected,,cutfix_full_tier1_20260729_01,tier1
wXgGPMFD6DA,wXgGPMFD6DA.mp4,693.058,695.87,face_density_low,,cutfix_full_tier1_20260729_01,tier1
wXgGPMFD6DA,wXgGPMFD6DA.mp4,696.13,696.67,segment_too_short,,cutfix_full_tier1_20260729_01,tier1
wXgGPMFD6DA,wXgGPMFD6DA.mp4,696.834,697.214,segment_too_short,,cutfix_full_tier1_20260729_01,tier1
wXgGPMFD6DA,wXgGPMFD6DA.mp4,707.138,712.138,scene_cut_detected,,cutfix_full_tier1_20260729_01,tier1
wXgGPMFD6DA,wXgGPMFD6DA.mp4,715.138,720.138,scene_cut_detected,,cutfix_full_tier1_20260729_01,tier1
wXgGPMFD6DA,wXgGPMFD6DA.mp4,723.714,731.998,scene_cut_detected,,cutfix_full_tier1_20260729_01,tier1
wXgGPMFD6DA,wXgGPMFD6DA.mp4,732.322,740.222,scene_cut_detected,,cutfix_full_tier1_20260729_01,tier1
wXgGPMFD6DA,wXgGPMFD6DA.mp4,740.514,745.514,scene_cut_detected,,cutfix_full_tier1_20260729_01,tier1
wXgGPMFD6DA,wXgGPMFD6DA.mp4,744.514,749.514,scene_cut_detected,,cutfix_full_tier1_20260729_01,tier1
wXgGPMFD6DA,wXgGPMFD6DA.mp4,748.514,753.514,scene_cut_detected,,cutfix_full_tier1_20260729_01,tier1
wXgGPMFD6DA,wXgGPMFD6DA.mp4,755.266,756.766,segment_too_short,,cutfix_full_tier1_20260729_01,tier1
wXgGPMFD6DA,wXgGPMFD6DA.mp4,756.962,757.502,segment_too_short,,cutfix_full_tier1_20260729_01,tier1
wXgGPMFD6DA,wXgGPMFD6DA.mp4,765.826,773.278,scene_cut_detected,,cutfix_full_tier1_20260729_01,tier1
wXgGPMFD6DA,wXgGPMFD6DA.mp4,773.41,774.11,segment_too_short,,cutfix_full_tier1_20260729_01,tier1
wXgGPMFD6DA,wXgGPMFD6DA.mp4,774.562,775.326,segment_too_short,,cutfix_full_tier1_20260729_01,tier1
wXgGPMFD6DA,wXgGPMFD6DA.mp4,775.522,781.15,scene_cut_detected,,cutfix_full_tier1_20260729_01,tier1
wXgGPMFD6DA,wXgGPMFD6DA.mp4,781.25,787.198,scene_cut_detected,,cutfix_full_tier1_20260729_01,tier1
wXgGPMFD6DA,wXgGPMFD6DA.mp4,787.554,788.286,segment_too_short,,cutfix_full_tier1_20260729_01,tier1
wXgGPMFD6DA,wXgGPMFD6DA.mp4,788.962,790.654,segment_too_short,,cutfix_full_tier1_20260729_01,tier1
wXgGPMFD6DA,wXgGPMFD6DA.mp4,790.882,791.39,segment_too_short,,cutfix_full_tier1_20260729_01,tier1
wXgGPMFD6DA,wXgGPMFD6DA.mp4,791.842,799.998,scene_cut_detected,,cutfix_full_tier1_20260729_01,tier1
wXgGPMFD6DA,wXgGPMFD6DA.mp4,800.162,805.162,scene_cut_detected,,cutfix_full_tier1_20260729_01,tier1
wXgGPMFD6DA,wXgGPMFD6DA.mp4,804.162,809.162,scene_cut_detected,,cutfix_full_tier1_20260729_01,tier1
wXgGPMFD6DA,wXgGPMFD6DA.mp4,808.162,813.162,scene_cut_detected,,cutfix_full_tier1_20260729_01,tier1
wXgGPMFD6DA,wXgGPMFD6DA.mp4,812.162,817.162,scene_cut_detected,,cutfix_full_tier1_20260729_01,tier1
wXgGPMFD6DA,wXgGPMFD6DA.mp4,816.162,821.162,scene_cut_detected,,cutfix_full_tier1_20260729_01,tier1
wXgGPMFD6DA,wXgGPMFD6DA.mp4,820.162,825.162,scene_cut_detected,,cutfix_full_tier1_20260729_01,tier1
wXgGPMFD6DA,wXgGPMFD6DA.mp4,833.25,840.862,scene_cut_detected,,cutfix_full_tier1_20260729_01,tier1
wXgGPMFD6DA,wXgGPMFD6DA.mp4,840.962,848.734,scene_cut_detected,,cutfix_full_tier1_20260729_01,tier1
wXgGPMFD6DA,wXgGPMFD6DA.mp4,848.93,850.014,segment_too_short,,cutfix_full_tier1_20260729_01,tier1
wttuvGomhr4,wttuvGomhr4.mp4,57.506,64.83,scene_cut_detected,,cutfix_full_tier1_20260729_01,tier1
wttuvGomhr4,wttuvGomhr4.mp4,120.514,127.486,scene_cut_detected,,cutfix_full_tier1_20260729_01,tier1
wttuvGomhr4,wttuvGomhr4.mp4,138.498,140.414,segment_too_short,,cutfix_full_tier1_20260729_01,tier1
wttuvGomhr4,wttuvGomhr4.mp4,194.306,195.166,segment_too_short,,cutfix_full_tier1_20260729_01,tier1
wttuvGomhr4,wttuvGomhr4.mp4,237.666,245.342,scene_cut_detected,,cutfix_full_tier1_20260729_01,tier1
wttuvGomhr4,wttuvGomhr4.mp4,274.274,275.326,segment_too_short,,cutfix_full_tier1_20260729_01,tier1
wttuvGomhr4,wttuvGomhr4.mp4,301.794,302.622,segment_too_short,,cutfix_full_tier1_20260729_01,tier1
wttuvGomhr4,wttuvGomhr4.mp4,373.314,374.494,segment_too_short,,cutfix_full_tier1_20260729_01,tier1
wttuvGomhr4,wttuvGomhr4.mp4,380.546,381.694,segment_too_short,,cutfix_full_tier1_20260729_01,tier1
wttuvGomhr4,wttuvGomhr4.mp4,411.522,413.502,segment_too_short,,cutfix_full_tier1_20260729_01,tier1
wttuvGomhr4,wttuvGomhr4.mp4,429.314,430.43,segment_too_short,,cutfix_full_tier1_20260729_01,tier1
wttuvGomhr4,wttuvGomhr4.mp4,436.258,436.958,segment_too_short,,cutfix_full_tier1_20260729_01,tier1
wttuvGomhr4,wttuvGomhr4.mp4,440.098,445.342,scene_cut_detected,,cutfix_full_tier1_20260729_01,tier1
wttuvGomhr4,wttuvGomhr4.mp4,454.466,460.35,scene_cut_detected,,cutfix_full_tier1_20260729_01,tier1
wttuvGomhr4,wttuvGomhr4.mp4,529.826,531.326,segment_too_short,,cutfix_full_tier1_20260729_01,tier1
wttuvGomhr4,wttuvGomhr4.mp4,531.682,533.502,segment_too_short,,cutfix_full_tier1_20260729_01,tier1
wttuvGomhr4,wttuvGomhr4.mp4,533.634,534.462,segment_too_short,,cutfix_full_tier1_20260729_01,tier1
wttuvGomhr4,wttuvGomhr4.mp4,644.866,651.742,scene_cut_detected,,cutfix_full_tier1_20260729_01,tier1
wttuvGomhr4,wttuvGomhr4.mp4,654.658,656.158,segment_too_short,,cutfix_full_tier1_20260729_01,tier1
wttuvGomhr4,wttuvGomhr4.mp4,754.178,754.942,segment_too_short,,cutfix_full_tier1_20260729_01,tier1
wttuvGomhr4,wttuvGomhr4.mp4,761.698,763.518,segment_too_short,,cutfix_full_tier1_20260729_01,tier1
wttuvGomhr4,wttuvGomhr4.mp4,814.018,817.95,scene_cut_detected,,cutfix_full_tier1_20260729_01,tier1
wttuvGomhr4,wttuvGomhr4.mp4,866.754,868.734,segment_too_short,,cutfix_full_tier1_20260729_01,tier1
wttuvGomhr4,wttuvGomhr4.mp4,888.834,889.95,segment_too_short,,cutfix_full_tier1_20260729_01,tier1
wttuvGomhr4,wttuvGomhr4.mp4,918.434,919.262,segment_too_short,,cutfix_full_tier1_20260729_01,tier1
wttuvGomhr4,wttuvGomhr4.mp4,928.994,935.102,scene_cut_detected,,cutfix_full_tier1_20260729_01,tier1
wttuvGomhr4,wttuvGomhr4.mp4,949.922,951.646,segment_too_short,,cutfix_full_tier1_20260729_01,tier1
x-Mij9RO6Tc,x-Mij9RO6Tc.mp4,0.258,10.494,scene_cut_detected,,cutfix_full_tier1_20260729_01,tier1
x-Mij9RO6Tc,x-Mij9RO6Tc.mp4,11.778,12.766,segment_too_short,,cutfix_full_tier1_20260729_01,tier1
x-Mij9RO6Tc,x-Mij9RO6Tc.mp4,12.93,13.726,segment_too_short,,cutfix_full_tier1_20260729_01,tier1
x-Mij9RO6Tc,x-Mij9RO6Tc.mp4,13.826,15.134,segment_too_short,,cutfix_full_tier1_20260729_01,tier1
x-Mij9RO6Tc,x-Mij9RO6Tc.mp4,15.234,15.742,segment_too_short,,cutfix_full_tier1_20260729_01,tier1
x-Mij9RO6Tc,x-Mij9RO6Tc.mp4,18.242,19.038,segment_too_short,,cutfix_full_tier1_20260729_01,tier1
x-Mij9RO6Tc,x-Mij9RO6Tc.mp4,19.298,23.838,scene_cut_detected,,cutfix_full_tier1_20260729_01,tier1
x-Mij9RO6Tc,x-Mij9RO6Tc.mp4,24.354,25.054,segment_too_short,,cutfix_full_tier1_20260729_01,tier1
x-Mij9RO6Tc,x-Mij9RO6Tc.mp4,25.762,27.326,segment_too_short,,cutfix_full_tier1_20260729_01,tier1
x-Mij9RO6Tc,x-Mij9RO6Tc.mp4,27.97,30.942,scene_cut_detected,,cutfix_full_tier1_20260729_01,tier1
x-Mij9RO6Tc,x-Mij9RO6Tc.mp4,35.426,36.318,segment_too_short,,cutfix_full_tier1_20260729_01,tier1
x-Mij9RO6Tc,x-Mij9RO6Tc.mp4,36.482,37.854,segment_too_short,,cutfix_full_tier1_20260729_01,tier1
x-Mij9RO6Tc,x-Mij9RO6Tc.mp4,38.434,38.814,segment_too_short,,cutfix_full_tier1_20260729_01,tier1
x-Mij9RO6Tc,x-Mij9RO6Tc.mp4,38.978,40.19,segment_too_short,,cutfix_full_tier1_20260729_01,tier1
x-Mij9RO6Tc,x-Mij9RO6Tc.mp4,40.29,40.926,segment_too_short,,cutfix_full_tier1_20260729_01,tier1
x-Mij9RO6Tc,x-Mij9RO6Tc.mp4,41.282,41.886,segment_too_short,,cutfix_full_tier1_20260729_01,tier1
x-Mij9RO6Tc,x-Mij9RO6Tc.mp4,42.05,42.878,segment_too_short,,cutfix_full_tier1_20260729_01,tier1
x-Mij9RO6Tc,x-Mij9RO6Tc.mp4,43.01,43.646,segment_too_short,,cutfix_full_tier1_20260729_01,tier1
x-Mij9RO6Tc,x-Mij9RO6Tc.mp4,51.618,52.798,segment_too_short,,cutfix_full_tier1_20260729_01,tier1
x-Mij9RO6Tc,x-Mij9RO6Tc.mp4,101.89,102.334,segment_too_short,,cutfix_full_tier1_20260729_01,tier1
x-Mij9RO6Tc,x-Mij9RO6Tc.mp4,102.722,103.422,segment_too_short,,cutfix_full_tier1_20260729_01,tier1
x-Mij9RO6Tc,x-Mij9RO6Tc.mp4,104.77,105.246,segment_too_short,,cutfix_full_tier1_20260729_01,tier1
x-Mij9RO6Tc,x-Mij9RO6Tc.mp4,106.626,107.806,segment_too_short,,cutfix_full_tier1_20260729_01,tier1
x-Mij9RO6Tc,x-Mij9RO6Tc.mp4,108.002,109.278,segment_too_short,,cutfix_full_tier1_20260729_01,tier1
x-Mij9RO6Tc,x-Mij9RO6Tc.mp4,109.57,111.134,segment_too_short,,cutfix_full_tier1_20260729_01,tier1
x-Mij9RO6Tc,x-Mij9RO6Tc.mp4,111.33,112.798,segment_too_short,,cutfix_full_tier1_20260729_01,tier1
x-Mij9RO6Tc,x-Mij9RO6Tc.mp4,118.562,120.254,segment_too_short,,cutfix_full_tier1_20260729_01,tier1
x-Mij9RO6Tc,x-Mij9RO6Tc.mp4,120.45,121.182,segment_too_short,,cutfix_full_tier1_20260729_01,tier1
x-Mij9RO6Tc,x-Mij9RO6Tc.mp4,130.562,132.286,segment_too_short,,cutfix_full_tier1_20260729_01,tier1
x-Mij9RO6Tc,x-Mij9RO6Tc.mp4,132.45,134.206,segment_too_short,,cutfix_full_tier1_20260729_01,tier1
x-Mij9RO6Tc,x-Mij9RO6Tc.mp4,134.594,139.07,scene_cut_detected,,cutfix_full_tier1_20260729_01,tier1
x-Mij9RO6Tc,x-Mij9RO6Tc.mp4,148.45,150.43,segment_too_short,,cutfix_full_tier1_20260729_01,tier1
x-Mij9RO6Tc,x-Mij9RO6Tc.mp4,151.266,153.182,segment_too_short,,cutfix_full_tier1_20260729_01,tier1
x-Mij9RO6Tc,x-Mij9RO6Tc.mp4,164.93,165.63,segment_too_short,,cutfix_full_tier1_20260729_01,tier1
x-Mij9RO6Tc,x-Mij9RO6Tc.mp4,165.89,167.518,segment_too_short,,cutfix_full_tier1_20260729_01,tier1
x-Mij9RO6Tc,x-Mij9RO6Tc.mp4,172.002,180.222,scene_cut_detected,,cutfix_full_tier1_20260729_01,tier1
x-Mij9RO6Tc,x-Mij9RO6Tc.mp4,180.322,180.83,segment_too_short,,cutfix_full_tier1_20260729_01,tier1
x-Mij9RO6Tc,x-Mij9RO6Tc.mp4,181.122,184.926,scene_cut_detected,,cutfix_full_tier1_20260729_01,tier1
x-Mij9RO6Tc,x-Mij9RO6Tc.mp4,185.41,196.958,scene_cut_detected,,cutfix_full_tier1_20260729_01,tier1
x-Mij9RO6Tc,x-Mij9RO6Tc.mp4,197.314,202.314,scene_cut_detected,,cutfix_full_tier1_20260729_01,tier1
x-Mij9RO6Tc,x-Mij9RO6Tc.mp4,201.314,206.314,scene_cut_detected,,cutfix_full_tier1_20260729_01,tier1
x-Mij9RO6Tc,x-Mij9RO6Tc.mp4,205.314,209.758,scene_cut_detected,,cutfix_full_tier1_20260729_01,tier1
x-Mij9RO6Tc,x-Mij9RO6Tc.mp4,209.954,210.59,segment_too_short,,cutfix_full_tier1_20260729_01,tier1
x-Mij9RO6Tc,x-Mij9RO6Tc.mp4,212.418,214.174,segment_too_short,,cutfix_full_tier1_20260729_01,tier1
x-Mij9RO6Tc,x-Mij9RO6Tc.mp4,214.338,216.222,segment_too_short,,cutfix_full_tier1_20260729_01,tier1
x-Mij9RO6Tc,x-Mij9RO6Tc.mp4,235.682,236.862,segment_too_short,,cutfix_full_tier1_20260729_01,tier1
x-Mij9RO6Tc,x-Mij9RO6Tc.mp4,252.386,252.926,segment_too_short,,cutfix_full_tier1_20260729_01,tier1
x-Mij9RO6Tc,x-Mij9RO6Tc.mp4,254.594,255.102,segment_too_short,,cutfix_full_tier1_20260729_01,tier1
x-Mij9RO6Tc,x-Mij9RO6Tc.mp4,274.274,279.274,scene_cut_detected,,cutfix_full_tier1_20260729_01,tier1
x-Mij9RO6Tc,x-Mij9RO6Tc.mp4,278.274,283.274,scene_cut_detected,,cutfix_full_tier1_20260729_01,tier1
x-Mij9RO6Tc,x-Mij9RO6Tc.mp4,282.274,287.274,scene_cut_detected,,cutfix_full_tier1_20260729_01,tier1
x-Mij9RO6Tc,x-Mij9RO6Tc.mp4,286.274,291.274,scene_cut_detected,,cutfix_full_tier1_20260729_01,tier1
x-Mij9RO6Tc,x-Mij9RO6Tc.mp4,294.53,304.222,scene_cut_detected,,cutfix_full_tier1_20260729_01,tier1
x-Mij9RO6Tc,x-Mij9RO6Tc.mp4,304.642,316.446,scene_cut_detected,,cutfix_full_tier1_20260729_01,tier1
x-Mij9RO6Tc,x-Mij9RO6Tc.mp4,316.834,326.814,scene_cut_detected,,cutfix_full_tier1_20260729_01,tier1
x-Mij9RO6Tc,x-Mij9RO6Tc.mp4,326.946,328.542,segment_too_short,,cutfix_full_tier1_20260729_01,tier1
x-Mij9RO6Tc,x-Mij9RO6Tc.mp4,332.834,333.31,segment_too_short,,cutfix_full_tier1_20260729_01,tier1
x-Mij9RO6Tc,x-Mij9RO6Tc.mp4,333.57,334.334,segment_too_short,,cutfix_full_tier1_20260729_01,tier1
x-Mij9RO6Tc,x-Mij9RO6Tc.mp4,334.85,335.87,segment_too_short,,cutfix_full_tier1_20260729_01,tier1
x-Mij9RO6Tc,x-Mij9RO6Tc.mp4,336.546,337.022,segment_too_short,,cutfix_full_tier1_20260729_01,tier1
x-Mij9RO6Tc,x-Mij9RO6Tc.mp4,338.434,339.198,segment_too_short,,cutfix_full_tier1_20260729_01,tier1
x-Mij9RO6Tc,x-Mij9RO6Tc.mp4,348.034,349.214,segment_too_short,,cutfix_full_tier1_20260729_01,tier1
x-Mij9RO6Tc,x-Mij9RO6Tc.mp4,352.258,357.258,scene_cut_detected,,cutfix_full_tier1_20260729_01,tier1
x-Mij9RO6Tc,x-Mij9RO6Tc.mp4,369.986,380.99,scene_cut_detected,,cutfix_full_tier1_20260729_01,tier1
x-Mij9RO6Tc,x-Mij9RO6Tc.mp4,385.538,390.538,scene_cut_detected,,cutfix_full_tier1_20260729_01,tier1
x-Mij9RO6Tc,x-Mij9RO6Tc.mp4,389.538,394.538,scene_cut_detected,,cutfix_full_tier1_20260729_01,tier1
x-Mij9RO6Tc,x-Mij9RO6Tc.mp4,393.538,398.046,scene_cut_detected,,cutfix_full_tier1_20260729_01,tier1
x-Mij9RO6Tc,x-Mij9RO6Tc.mp4,402.434,407.434,scene_cut_detected,,cutfix_full_tier1_20260729_01,tier1
x-Mij9RO6Tc,x-Mij9RO6Tc.mp4,406.434,411.434,scene_cut_detected,,cutfix_full_tier1_20260729_01,tier1
x-Mij9RO6Tc,x-Mij9RO6Tc.mp4,414.434,419.434,scene_cut_detected,,cutfix_full_tier1_20260729_01,tier1
x-Mij9RO6Tc,x-Mij9RO6Tc.mp4,418.434,423.434,scene_cut_detected,,cutfix_full_tier1_20260729_01,tier1
x-Mij9RO6Tc,x-Mij9RO6Tc.mp4,422.434,427.434,scene_cut_detected,,cutfix_full_tier1_20260729_01,tier1
x-Mij9RO6Tc,x-Mij9RO6Tc.mp4,426.434,431.434,scene_cut_detected,,cutfix_full_tier1_20260729_01,tier1
x-Mij9RO6Tc,x-Mij9RO6Tc.mp4,430.434,435.434,scene_cut_detected,,cutfix_full_tier1_20260729_01,tier1
x-Mij9RO6Tc,x-Mij9RO6Tc.mp4,434.434,439.434,scene_cut_detected,,cutfix_full_tier1_20260729_01,tier1
x-Mij9RO6Tc,x-Mij9RO6Tc.mp4,462.722,468.03,scene_cut_detected,,cutfix_full_tier1_20260729_01,tier1
x-Mij9RO6Tc,x-Mij9RO6Tc.mp4,470.818,472.734,segment_too_short,,cutfix_full_tier1_20260729_01,tier1
x-Mij9RO6Tc,x-Mij9RO6Tc.mp4,475.586,476.958,segment_too_short,,cutfix_full_tier1_20260729_01,tier1
x-Mij9RO6Tc,x-Mij9RO6Tc.mp4,477.666,480.542,scene_cut_detected,,cutfix_full_tier1_20260729_01,tier1
x-Mij9RO6Tc,x-Mij9RO6Tc.mp4,483.842,485.918,scene_cut_detected,,cutfix_full_tier1_20260729_01,tier1
x-Mij9RO6Tc,x-Mij9RO6Tc.mp4,486.082,486.43,segment_too_short,,cutfix_full_tier1_20260729_01,tier1
x-Mij9RO6Tc,x-Mij9RO6Tc.mp4,486.882,488.894,scene_cut_detected,,cutfix_full_tier1_20260729_01,tier1
x-Mij9RO6Tc,x-Mij9RO6Tc.mp4,488.994,490.782,segment_too_short,,cutfix_full_tier1_20260729_01,tier1
x-Mij9RO6Tc,x-Mij9RO6Tc.mp4,491.522,493.47,segment_too_short,,cutfix_full_tier1_20260729_01,tier1
x-Mij9RO6Tc,x-Mij9RO6Tc.mp4,493.602,499.454,scene_cut_detected,,cutfix_full_tier1_20260729_01,tier1
x-Mij9RO6Tc,x-Mij9RO6Tc.mp4,499.682,511.486,scene_cut_detected,,cutfix_full_tier1_20260729_01,tier1
x-Mij9RO6Tc,x-Mij9RO6Tc.mp4,511.714,512.126,segment_too_short,,cutfix_full_tier1_20260729_01,tier1
x-Mij9RO6Tc,x-Mij9RO6Tc.mp4,512.674,524.414,scene_cut_detected,,cutfix_full_tier1_20260729_01,tier1
x-Mij9RO6Tc,x-Mij9RO6Tc.mp4,527.938,528.286,segment_too_short,,cutfix_full_tier1_20260729_01,tier1
x-Mij9RO6Tc,x-Mij9RO6Tc.mp4,528.706,534.206,scene_cut_detected,,cutfix_full_tier1_20260729_01,tier1
x-Mij9RO6Tc,x-Mij9RO6Tc.mp4,534.306,535.102,segment_too_short,,cutfix_full_tier1_20260729_01,tier1
x-Mij9RO6Tc,x-Mij9RO6Tc.mp4,535.33,535.847,segment_too_short,,cutfix_full_tier1_20260729_01,tier1
x0i5w_1fjDM,x0i5w_1fjDM.mp4,17.378,18.942,segment_too_short,,cutfix_full_tier1_20260729_01,tier1
x0i5w_1fjDM,x0i5w_1fjDM.mp4,19.362,20.99,segment_too_short,,cutfix_full_tier1_20260729_01,tier1
x0i5w_1fjDM,x0i5w_1fjDM.mp4,21.666,23.326,segment_too_short,,cutfix_full_tier1_20260729_01,tier1
x0i5w_1fjDM,x0i5w_1fjDM.mp4,23.714,24.734,segment_too_short,,cutfix_full_tier1_20260729_01,tier1
x0i5w_1fjDM,x0i5w_1fjDM.mp4,24.834,25.694,segment_too_short,,cutfix_full_tier1_20260729_01,tier1
x0i5w_1fjDM,x0i5w_1fjDM.mp4,26.754,28.67,segment_too_short,,cutfix_full_tier1_20260729_01,tier1
x0i5w_1fjDM,x0i5w_1fjDM.mp4,28.834,30.654,segment_too_short,,cutfix_full_tier1_20260729_01,tier1
x0i5w_1fjDM,x0i5w_1fjDM.mp4,31.394,33.47,face_density_low,,cutfix_full_tier1_20260729_01,tier1
x0i5w_1fjDM,x0i5w_1fjDM.mp4,33.922,35.934,face_density_low,,cutfix_full_tier1_20260729_01,tier1
x0i5w_1fjDM,x0i5w_1fjDM.mp4,36.642,38.686,face_density_low,,cutfix_full_tier1_20260729_01,tier1
x0i5w_1fjDM,x0i5w_1fjDM.mp4,39.202,41.758,face_density_low,,cutfix_full_tier1_20260729_01,tier1
x0i5w_1fjDM,x0i5w_1fjDM.mp4,64.834,65.342,segment_too_short,,cutfix_full_tier1_20260729_01,tier1
x0i5w_1fjDM,x0i5w_1fjDM.mp4,65.442,66.11,segment_too_short,,cutfix_full_tier1_20260729_01,tier1
x0i5w_1fjDM,x0i5w_1fjDM.mp4,71.714,78.686,face_density_low,,cutfix_full_tier1_20260729_01,tier1
x0i5w_1fjDM,x0i5w_1fjDM.mp4,108.13,108.478,segment_too_short,,cutfix_full_tier1_20260729_01,tier1
x0i5w_1fjDM,x0i5w_1fjDM.mp4,108.578,109.086,segment_too_short,,cutfix_full_tier1_20260729_01,tier1
x0i5w_1fjDM,x0i5w_1fjDM.mp4,109.25,110.462,segment_too_short,,cutfix_full_tier1_20260729_01,tier1
x0i5w_1fjDM,x0i5w_1fjDM.mp4,126.402,127.326,segment_too_short,,cutfix_full_tier1_20260729_01,tier1
x0i5w_1fjDM,x0i5w_1fjDM.mp4,133.698,135.454,segment_too_short,,cutfix_full_tier1_20260729_01,tier1
x0i5w_1fjDM,x0i5w_1fjDM.mp4,164.226,165.566,segment_too_short,,cutfix_full_tier1_20260729_01,tier1
x0i5w_1fjDM,x0i5w_1fjDM.mp4,165.89,166.974,segment_too_short,,cutfix_full_tier1_20260729_01,tier1
x0i5w_1fjDM,x0i5w_1fjDM.mp4,167.17,170.046,face_density_low,,cutfix_full_tier1_20260729_01,tier1
x0i5w_1fjDM,x0i5w_1fjDM.mp4,170.498,171.55,segment_too_short,,cutfix_full_tier1_20260729_01,tier1
x0i5w_1fjDM,x0i5w_1fjDM.mp4,175.874,177.758,segment_too_short,,cutfix_full_tier1_20260729_01,tier1
x0i5w_1fjDM,x0i5w_1fjDM.mp4,177.986,181.982,scene_cut_detected,,cutfix_full_tier1_20260729_01,tier1
x0i5w_1fjDM,x0i5w_1fjDM.mp4,183.554,187.838,face_density_low,,cutfix_full_tier1_20260729_01,tier1
x0i5w_1fjDM,x0i5w_1fjDM.mp4,189.186,192.574,face_density_low,,cutfix_full_tier1_20260729_01,tier1
x0i5w_1fjDM,x0i5w_1fjDM.mp4,195.266,199.262,face_density_low,,cutfix_full_tier1_20260729_01,tier1
x0i5w_1fjDM,x0i5w_1fjDM.mp4,202.562,205.886,face_density_low,,cutfix_full_tier1_20260729_01,tier1
x0i5w_1fjDM,x0i5w_1fjDM.mp4,207.522,212.382,face_density_low,,cutfix_full_tier1_20260729_01,tier1
x0i5w_1fjDM,x0i5w_1fjDM.mp4,219.17,221.214,face_density_low,,cutfix_full_tier1_20260729_01,tier1
x0i5w_1fjDM,x0i5w_1fjDM.mp4,221.346,222.078,segment_too_short,,cutfix_full_tier1_20260729_01,tier1
x0i5w_1fjDM,x0i5w_1fjDM.mp4,222.498,228.926,scene_cut_detected,,cutfix_full_tier1_20260729_01,tier1
x0i5w_1fjDM,x0i5w_1fjDM.mp4,229.026,230.75,segment_too_short,,cutfix_full_tier1_20260729_01,tier1
x0i5w_1fjDM,x0i5w_1fjDM.mp4,232.322,234.014,segment_too_short,,cutfix_full_tier1_20260729_01,tier1
x0i5w_1fjDM,x0i5w_1fjDM.mp4,234.37,237.566,face_density_low,,cutfix_full_tier1_20260729_01,tier1
x0i5w_1fjDM,x0i5w_1fjDM.mp4,240.962,243.07,face_density_low,,cutfix_full_tier1_20260729_01,tier1
x0i5w_1fjDM,x0i5w_1fjDM.mp4,244.29,247.326,face_density_low,,cutfix_full_tier1_20260729_01,tier1
x0i5w_1fjDM,x0i5w_1fjDM.mp4,252.93,253.662,segment_too_short,,cutfix_full_tier1_20260729_01,tier1
x0i5w_1fjDM,x0i5w_1fjDM.mp4,254.498,255.71,segment_too_short,,cutfix_full_tier1_20260729_01,tier1
x0i5w_1fjDM,x0i5w_1fjDM.mp4,256.034,257.438,segment_too_short,,cutfix_full_tier1_20260729_01,tier1
x0i5w_1fjDM,x0i5w_1fjDM.mp4,257.89,261.918,face_density_low,,cutfix_full_tier1_20260729_01,tier1
x0i5w_1fjDM,x0i5w_1fjDM.mp4,265.666,266.846,segment_too_short,,cutfix_full_tier1_20260729_01,tier1
x0i5w_1fjDM,x0i5w_1fjDM.mp4,267.234,269.342,face_density_low,,cutfix_full_tier1_20260729_01,tier1
x0i5w_1fjDM,x0i5w_1fjDM.mp4,370.306,371.262,segment_too_short,,cutfix_full_tier1_20260729_01,tier1
x0i5w_1fjDM,x0i5w_1fjDM.mp4,383.522,383.902,segment_too_short,,cutfix_full_tier1_20260729_01,tier1
x0i5w_1fjDM,x0i5w_1fjDM.mp4,384.258,384.798,segment_too_short,,cutfix_full_tier1_20260729_01,tier1
x0i5w_1fjDM,x0i5w_1fjDM.mp4,409.282,409.79,segment_too_short,,cutfix_full_tier1_20260729_01,tier1
x0i5w_1fjDM,x0i5w_1fjDM.mp4,410.754,412.062,segment_too_short,,cutfix_full_tier1_20260729_01,tier1
x0i5w_1fjDM,x0i5w_1fjDM.mp4,413.026,413.886,segment_too_short,,cutfix_full_tier1_20260729_01,tier1
x0i5w_1fjDM,x0i5w_1fjDM.mp4,420.226,421.822,segment_too_short,,cutfix_full_tier1_20260729_01,tier1
x0i5w_1fjDM,x0i5w_1fjDM.mp4,437.73,439.038,segment_too_short,,cutfix_full_tier1_20260729_01,tier1
x0i5w_1fjDM,x0i5w_1fjDM.mp4,439.266,440.19,segment_too_short,,cutfix_full_tier1_20260729_01,tier1
x0i5w_1fjDM,x0i5w_1fjDM.mp4,449.25,449.726,segment_too_short,,cutfix_full_tier1_20260729_01,tier1
x0i5w_1fjDM,x0i5w_1fjDM.mp4,449.89,451.326,segment_too_short,,cutfix_full_tier1_20260729_01,tier1
x0i5w_1fjDM,x0i5w_1fjDM.mp4,452.738,453.406,segment_too_short,,cutfix_full_tier1_20260729_01,tier1
x0i5w_1fjDM,x0i5w_1fjDM.mp4,453.634,454.11,segment_too_short,,cutfix_full_tier1_20260729_01,tier1
x0i5w_1fjDM,x0i5w_1fjDM.mp4,459.202,460.894,segment_too_short,,cutfix_full_tier1_20260729_01,tier1
x0i5w_1fjDM,x0i5w_1fjDM.mp4,464.61,469.246,face_density_low,,cutfix_full_tier1_20260729_01,tier1
x0i5w_1fjDM,x0i5w_1fjDM.mp4,490.338,493.214,face_density_low,,cutfix_full_tier1_20260729_01,tier1
x0i5w_1fjDM,x0i5w_1fjDM.mp4,494.37,498.942,face_density_low,,cutfix_full_tier1_20260729_01,tier1
x0i5w_1fjDM,x0i5w_1fjDM.mp4,572.226,572.958,segment_too_short,,cutfix_full_tier1_20260729_01,tier1
x0i5w_1fjDM,x0i5w_1fjDM.mp4,578.21,579.55,segment_too_short,,cutfix_full_tier1_20260729_01,tier1
x0i5w_1fjDM,x0i5w_1fjDM.mp4,581.378,582.942,segment_too_short,,cutfix_full_tier1_20260729_01,tier1
x0i5w_1fjDM,x0i5w_1fjDM.mp4,586.082,588.158,face_density_low,,cutfix_full_tier1_20260729_01,tier1
x0i5w_1fjDM,x0i5w_1fjDM.mp4,595.938,598.526,face_density_low,,cutfix_full_tier1_20260729_01,tier1
x0i5w_1fjDM,x0i5w_1fjDM.mp4,604.418,610.494,face_density_low,,cutfix_full_tier1_20260729_01,tier1
x0i5w_1fjDM,x0i5w_1fjDM.mp4,657.25,659.454,face_density_low,,cutfix_full_tier1_20260729_01,tier1
x0i5w_1fjDM,x0i5w_1fjDM.mp4,660.994,661.534,segment_too_short,,cutfix_full_tier1_20260729_01,tier1
x0i5w_1fjDM,x0i5w_1fjDM.mp4,663.362,664.382,segment_too_short,,cutfix_full_tier1_20260729_01,tier1
x0i5w_1fjDM,x0i5w_1fjDM.mp4,665.058,666.27,segment_too_short,,cutfix_full_tier1_20260729_01,tier1
x0i5w_1fjDM,x0i5w_1fjDM.mp4,683.938,685.598,segment_too_short,,cutfix_full_tier1_20260729_01,tier1
x0i5w_1fjDM,x0i5w_1fjDM.mp4,694.69,695.006,segment_too_short,,cutfix_full_tier1_20260729_01,tier1
x0i5w_1fjDM,x0i5w_1fjDM.mp4,701.25,704.414,face_density_low,,cutfix_full_tier1_20260729_01,tier1
x0i5w_1fjDM,x0i5w_1fjDM.mp4,704.674,706.558,segment_too_short,,cutfix_full_tier1_20260729_01,tier1
x0i5w_1fjDM,x0i5w_1fjDM.mp4,712.162,715.07,face_density_low,,cutfix_full_tier1_20260729_01,tier1
x0i5w_1fjDM,x0i5w_1fjDM.mp4,742.402,743.486,segment_too_short,,cutfix_full_tier1_20260729_01,tier1
x0i5w_1fjDM,x0i5w_1fjDM.mp4,747.042,749.438,face_density_low,,cutfix_full_tier1_20260729_01,tier1
x0i5w_1fjDM,x0i5w_1fjDM.mp4,749.538,750.654,segment_too_short,,cutfix_full_tier1_20260729_01,tier1
x0i5w_1fjDM,x0i5w_1fjDM.mp4,750.978,752.926,segment_too_short,,cutfix_full_tier1_20260729_01,tier1
x0i5w_1fjDM,x0i5w_1fjDM.mp4,754.274,756.062,segment_too_short,,cutfix_full_tier1_20260729_01,tier1
x7bWqXbF030,x7bWqXbF030.mp4,2.498,3.518,segment_too_short,,cutfix_full_tier1_20260729_01,tier1
x7bWqXbF030,x7bWqXbF030.mp4,4.226,5.566,segment_too_short,,cutfix_full_tier1_20260729_01,tier1
x7bWqXbF030,x7bWqXbF030.mp4,5.762,8.734,face_density_low,,cutfix_full_tier1_20260729_01,tier1
x7bWqXbF030,x7bWqXbF030.mp4,9.474,10.622,segment_too_short,,cutfix_full_tier1_20260729_01,tier1
x7bWqXbF030,x7bWqXbF030.mp4,10.914,12.062,segment_too_short,,cutfix_full_tier1_20260729_01,tier1
x7bWqXbF030,x7bWqXbF030.mp4,12.578,15.582,face_density_low,,cutfix_full_tier1_20260729_01,tier1
x7bWqXbF030,x7bWqXbF030.mp4,16.354,24.19,face_density_low,,cutfix_full_tier1_20260729_01,tier1
x7bWqXbF030,x7bWqXbF030.mp4,26.914,31.646,face_density_low,,cutfix_full_tier1_20260729_01,tier1
x7bWqXbF030,x7bWqXbF030.mp4,32.194,38.59,face_density_low,,cutfix_full_tier1_20260729_01,tier1
x7bWqXbF030,x7bWqXbF030.mp4,41.73,45.822,face_density_low,,cutfix_full_tier1_20260729_01,tier1
x7bWqXbF030,x7bWqXbF030.mp4,46.594,48.99,face_density_low,,cutfix_full_tier1_20260729_01,tier1
x7bWqXbF030,x7bWqXbF030.mp4,51.618,52.798,segment_too_short,,cutfix_full_tier1_20260729_01,tier1
x7bWqXbF030,x7bWqXbF030.mp4,53.218,54.878,segment_too_short,,cutfix_full_tier1_20260729_01,tier1
x7bWqXbF030,x7bWqXbF030.mp4,55.65,56.766,segment_too_short,,cutfix_full_tier1_20260729_01,tier1
x7bWqXbF030,x7bWqXbF030.mp4,57.378,58.718,segment_too_short,,cutfix_full_tier1_20260729_01,tier1
x7bWqXbF030,x7bWqXbF030.mp4,59.33,60.03,segment_too_short,,cutfix_full_tier1_20260729_01,tier1
x7bWqXbF030,x7bWqXbF030.mp4,61.506,65.086,face_density_low,,cutfix_full_tier1_20260729_01,tier1
x7bWqXbF030,x7bWqXbF030.mp4,65.954,70.142,face_density_low,,cutfix_full_tier1_20260729_01,tier1
x7bWqXbF030,x7bWqXbF030.mp4,71.074,71.55,segment_too_short,,cutfix_full_tier1_20260729_01,tier1
x7bWqXbF030,x7bWqXbF030.mp4,71.938,75.71,face_density_low,,cutfix_full_tier1_20260729_01,tier1
x7bWqXbF030,x7bWqXbF030.mp4,75.81,79.678,face_density_low,,cutfix_full_tier1_20260729_01,tier1
x7bWqXbF030,x7bWqXbF030.mp4,80.578,84.766,face_density_low,,cutfix_full_tier1_20260729_01,tier1
x7bWqXbF030,x7bWqXbF030.mp4,85.73,89.47,face_density_low,,cutfix_full_tier1_20260729_01,tier1
x7bWqXbF030,x7bWqXbF030.mp4,90.722,91.934,segment_too_short,,cutfix_full_tier1_20260729_01,tier1
x7bWqXbF030,x7bWqXbF030.mp4,92.642,97.182,face_density_low,,cutfix_full_tier1_20260729_01,tier1
x7bWqXbF030,x7bWqXbF030.mp4,97.922,99.454,segment_too_short,,cutfix_full_tier1_20260729_01,tier1
x7bWqXbF030,x7bWqXbF030.mp4,99.842,103.326,face_density_low,,cutfix_full_tier1_20260729_01,tier1
x7bWqXbF030,x7bWqXbF030.mp4,103.426,105.342,segment_too_short,,cutfix_full_tier1_20260729_01,tier1
x7bWqXbF030,x7bWqXbF030.mp4,106.082,108.158,face_density_low,,cutfix_full_tier1_20260729_01,tier1
x7bWqXbF030,x7bWqXbF030.mp4,108.482,110.974,face_density_low,,cutfix_full_tier1_20260729_01,tier1
x7bWqXbF030,x7bWqXbF030.mp4,111.97,114.142,face_density_low,,cutfix_full_tier1_20260729_01,tier1
x7bWqXbF030,x7bWqXbF030.mp4,114.274,116.894,face_density_low,,cutfix_full_tier1_20260729_01,tier1
x7bWqXbF030,x7bWqXbF030.mp4,117.794,119.262,segment_too_short,,cutfix_full_tier1_20260729_01,tier1
x7bWqXbF030,x7bWqXbF030.mp4,120.322,123.006,face_density_low,,cutfix_full_tier1_20260729_01,tier1
x7bWqXbF030,x7bWqXbF030.mp4,123.49,124.126,segment_too_short,,cutfix_full_tier1_20260729_01,tier1
x7bWqXbF030,x7bWqXbF030.mp4,124.482,125.086,segment_too_short,,cutfix_full_tier1_20260729_01,tier1
x7bWqXbF030,x7bWqXbF030.mp4,125.666,126.142,segment_too_short,,cutfix_full_tier1_20260729_01,tier1
x7bWqXbF030,x7bWqXbF030.mp4,126.306,127.102,segment_too_short,,cutfix_full_tier1_20260729_01,tier1
x7bWqXbF030,x7bWqXbF030.mp4,131.778,134.43,face_density_low,,cutfix_full_tier1_20260729_01,tier1
x7bWqXbF030,x7bWqXbF030.mp4,134.914,137.406,face_density_low,,cutfix_full_tier1_20260729_01,tier1
x7bWqXbF030,x7bWqXbF030.mp4,137.922,142.334,face_density_low,,cutfix_full_tier1_20260729_01,tier1
x7bWqXbF030,x7bWqXbF030.mp4,143.106,144.766,segment_too_short,,cutfix_full_tier1_20260729_01,tier1
x7bWqXbF030,x7bWqXbF030.mp4,145.25,146.878,segment_too_short,,cutfix_full_tier1_20260729_01,tier1
x7bWqXbF030,x7bWqXbF030.mp4,147.682,151.134,face_density_low,,cutfix_full_tier1_20260729_01,tier1
x7bWqXbF030,x7bWqXbF030.mp4,151.362,151.934,segment_too_short,,cutfix_full_tier1_20260729_01,tier1
x7bWqXbF030,x7bWqXbF030.mp4,152.034,153.246,segment_too_short,,cutfix_full_tier1_20260729_01,tier1
x7bWqXbF030,x7bWqXbF030.mp4,154.274,159.07,face_density_low,,cutfix_full_tier1_20260729_01,tier1
x7bWqXbF030,x7bWqXbF030.mp4,159.618,161.118,segment_too_short,,cutfix_full_tier1_20260729_01,tier1
x7bWqXbF030,x7bWqXbF030.mp4,161.666,163.07,segment_too_short,,cutfix_full_tier1_20260729_01,tier1
x7bWqXbF030,x7bWqXbF030.mp4,164.098,165.918,segment_too_short,,cutfix_full_tier1_20260729_01,tier1
x7bWqXbF030,x7bWqXbF030.mp4,166.69,168.894,face_density_low,,cutfix_full_tier1_20260729_01,tier1
x7bWqXbF030,x7bWqXbF030.mp4,169.57,173.982,face_density_low,,cutfix_full_tier1_20260729_01,tier1
x7bWqXbF030,x7bWqXbF030.mp4,174.69,177.758,face_density_low,,cutfix_full_tier1_20260729_01,tier1
x7bWqXbF030,x7bWqXbF030.mp4,178.274,179.134,segment_too_short,,cutfix_full_tier1_20260729_01,tier1
x7bWqXbF030,x7bWqXbF030.mp4,179.938,180.734,segment_too_short,,cutfix_full_tier1_20260729_01,tier1
x7bWqXbF030,x7bWqXbF030.mp4,180.994,183.87,face_density_low,,cutfix_full_tier1_20260729_01,tier1
x7bWqXbF030,x7bWqXbF030.mp4,184.642,186.43,segment_too_short,,cutfix_full_tier1_20260729_01,tier1
x7bWqXbF030,x7bWqXbF030.mp4,186.85,189.118,face_density_low,,cutfix_full_tier1_20260729_01,tier1
x7bWqXbF030,x7bWqXbF030.mp4,189.634,190.494,segment_too_short,,cutfix_full_tier1_20260729_01,tier1
x7bWqXbF030,x7bWqXbF030.mp4,191.298,192.286,segment_too_short,,cutfix_full_tier1_20260729_01,tier1
x7bWqXbF030,x7bWqXbF030.mp4,192.514,194.91,face_density_low,,cutfix_full_tier1_20260729_01,tier1
x7bWqXbF030,x7bWqXbF030.mp4,195.778,197.662,segment_too_short,,cutfix_full_tier1_20260729_01,tier1
x7bWqXbF030,x7bWqXbF030.mp4,198.146,200.542,face_density_low,,cutfix_full_tier1_20260729_01,tier1
x7bWqXbF030,x7bWqXbF030.mp4,201.282,204.254,face_density_low,,cutfix_full_tier1_20260729_01,tier1
x7bWqXbF030,x7bWqXbF030.mp4,205.25,206.11,segment_too_short,,cutfix_full_tier1_20260729_01,tier1
x7bWqXbF030,x7bWqXbF030.mp4,206.21,207.838,segment_too_short,,cutfix_full_tier1_20260729_01,tier1
x7bWqXbF030,x7bWqXbF030.mp4,208.482,212.19,face_density_low,,cutfix_full_tier1_20260729_01,tier1
x7bWqXbF030,x7bWqXbF030.mp4,212.77,215.998,face_density_low,,cutfix_full_tier1_20260729_01,tier1
x7bWqXbF030,x7bWqXbF030.mp4,216.738,220.83,face_density_low,,cutfix_full_tier1_20260729_01,tier1
x7bWqXbF030,x7bWqXbF030.mp4,220.93,221.758,segment_too_short,,cutfix_full_tier1_20260729_01,tier1
x7bWqXbF030,x7bWqXbF030.mp4,221.986,224.414,face_density_low,,cutfix_full_tier1_20260729_01,tier1
x7bWqXbF030,x7bWqXbF030.mp4,225.346,230.046,face_density_low,,cutfix_full_tier1_20260729_01,tier1
x7bWqXbF030,x7bWqXbF030.mp4,230.754,232.062,segment_too_short,,cutfix_full_tier1_20260729_01,tier1
x7bWqXbF030,x7bWqXbF030.mp4,232.674,234.27,segment_too_short,,cutfix_full_tier1_20260729_01,tier1
x7bWqXbF030,x7bWqXbF030.mp4,234.818,235.518,segment_too_short,,cutfix_full_tier1_20260729_01,tier1
x7bWqXbF030,x7bWqXbF030.mp4,235.65,236.67,segment_too_short,,cutfix_full_tier1_20260729_01,tier1
x7bWqXbF030,x7bWqXbF030.mp4,237.41,238.078,segment_too_short,,cutfix_full_tier1_20260729_01,tier1
x7bWqXbF030,x7bWqXbF030.mp4,238.562,240.574,face_density_low,,cutfix_full_tier1_20260729_01,tier1
x7bWqXbF030,x7bWqXbF030.mp4,241.314,243.87,face_density_low,,cutfix_full_tier1_20260729_01,tier1
x7bWqXbF030,x7bWqXbF030.mp4,244.002,245.15,segment_too_short,,cutfix_full_tier1_20260729_01,tier1
x7bWqXbF030,x7bWqXbF030.mp4,247.01,248.926,segment_too_short,,cutfix_full_tier1_20260729_01,tier1
x7bWqXbF030,x7bWqXbF030.mp4,254.69,256.094,segment_too_short,,cutfix_full_tier1_20260729_01,tier1
x7bWqXbF030,x7bWqXbF030.mp4,260.994,261.854,segment_too_short,,cutfix_full_tier1_20260729_01,tier1
x7bWqXbF030,x7bWqXbF030.mp4,262.114,264.158,face_density_low,,cutfix_full_tier1_20260729_01,tier1
x7bWqXbF030,x7bWqXbF030.mp4,264.386,265.246,segment_too_short,,cutfix_full_tier1_20260729_01,tier1
x7bWqXbF030,x7bWqXbF030.mp4,275.682,279.87,face_density_low,,cutfix_full_tier1_20260729_01,tier1
x7bWqXbF030,x7bWqXbF030.mp4,291.33,292.862,segment_too_short,,cutfix_full_tier1_20260729_01,tier1
x7bWqXbF030,x7bWqXbF030.mp4,299.458,304.03,face_density_low,,cutfix_full_tier1_20260729_01,tier1
x7bWqXbF030,x7bWqXbF030.mp4,304.258,308.478,face_density_low,,cutfix_full_tier1_20260729_01,tier1
x7bWqXbF030,x7bWqXbF030.mp4,308.738,311.742,face_density_low,,cutfix_full_tier1_20260729_01,tier1
x7bWqXbF030,x7bWqXbF030.mp4,312.546,313.662,segment_too_short,,cutfix_full_tier1_20260729_01,tier1
x7bWqXbF030,x7bWqXbF030.mp4,313.986,315.294,segment_too_short,,cutfix_full_tier1_20260729_01,tier1
x7bWqXbF030,x7bWqXbF030.mp4,315.746,320.414,face_density_low,,cutfix_full_tier1_20260729_01,tier1
x7bWqXbF030,x7bWqXbF030.mp4,322.658,323.262,segment_too_short,,cutfix_full_tier1_20260729_01,tier1
x7bWqXbF030,x7bWqXbF030.mp4,323.394,325.502,face_density_low,,cutfix_full_tier1_20260729_01,tier1
x7bWqXbF030,x7bWqXbF030.mp4,326.178,326.686,segment_too_short,,cutfix_full_tier1_20260729_01,tier1
x7bWqXbF030,x7bWqXbF030.mp4,327.01,328.638,segment_too_short,,cutfix_full_tier1_20260729_01,tier1
x7bWqXbF030,x7bWqXbF030.mp4,329.346,336.318,face_density_low,,cutfix_full_tier1_20260729_01,tier1
x7bWqXbF030,x7bWqXbF030.mp4,337.314,339.582,face_density_low,,cutfix_full_tier1_20260729_01,tier1
x7bWqXbF030,x7bWqXbF030.mp4,340.322,343.07,face_density_low,,cutfix_full_tier1_20260729_01,tier1
x7bWqXbF030,x7bWqXbF030.mp4,343.266,346.494,face_density_low,,cutfix_full_tier1_20260729_01,tier1
x7bWqXbF030,x7bWqXbF030.mp4,347.906,351.582,face_density_low,,cutfix_full_tier1_20260729_01,tier1
x7bWqXbF030,x7bWqXbF030.mp4,352.674,354.142,segment_too_short,,cutfix_full_tier1_20260729_01,tier1
x7bWqXbF030,x7bWqXbF030.mp4,354.466,355.998,segment_too_short,,cutfix_full_tier1_20260729_01,tier1
x7bWqXbF030,x7bWqXbF030.mp4,356.258,357.758,segment_too_short,,cutfix_full_tier1_20260729_01,tier1
x7bWqXbF030,x7bWqXbF030.mp4,359.17,364.51,face_density_low,,cutfix_full_tier1_20260729_01,tier1
x7bWqXbF030,x7bWqXbF030.mp4,365.474,368.382,face_density_low,,cutfix_full_tier1_20260729_01,tier1
x7bWqXbF030,x7bWqXbF030.mp4,368.642,370.59,segment_too_short,,cutfix_full_tier1_20260729_01,tier1
x7bWqXbF030,x7bWqXbF030.mp4,371.458,374.27,face_density_low,,cutfix_full_tier1_20260729_01,tier1
x7bWqXbF030,x7bWqXbF030.mp4,374.658,376.734,face_density_low,,cutfix_full_tier1_20260729_01,tier1
x7bWqXbF030,x7bWqXbF030.mp4,377.634,378.974,segment_too_short,,cutfix_full_tier1_20260729_01,tier1
x7bWqXbF030,x7bWqXbF030.mp4,379.234,380.414,segment_too_short,,cutfix_full_tier1_20260729_01,tier1
x7bWqXbF030,x7bWqXbF030.mp4,380.738,381.822,segment_too_short,,cutfix_full_tier1_20260729_01,tier1
x7bWqXbF030,x7bWqXbF030.mp4,382.466,383.134,segment_too_short,,cutfix_full_tier1_20260729_01,tier1
x7bWqXbF030,x7bWqXbF030.mp4,383.458,386.078,face_density_low,,cutfix_full_tier1_20260729_01,tier1
x7bWqXbF030,x7bWqXbF030.mp4,387.074,388.158,segment_too_short,,cutfix_full_tier1_20260729_01,tier1
x7bWqXbF030,x7bWqXbF030.mp4,388.514,391.518,face_density_low,,cutfix_full_tier1_20260729_01,tier1
x7bWqXbF030,x7bWqXbF030.mp4,392.738,393.95,segment_too_short,,cutfix_full_tier1_20260729_01,tier1
x7bWqXbF030,x7bWqXbF030.mp4,394.274,395.966,segment_too_short,,cutfix_full_tier1_20260729_01,tier1
x7bWqXbF030,x7bWqXbF030.mp4,397.314,401.502,face_density_low,,cutfix_full_tier1_20260729_01,tier1
x7bWqXbF030,x7bWqXbF030.mp4,401.698,403.006,segment_too_short,,cutfix_full_tier1_20260729_01,tier1
x7bWqXbF030,x7bWqXbF030.mp4,403.202,404.286,segment_too_short,,cutfix_full_tier1_20260729_01,tier1
x7bWqXbF030,x7bWqXbF030.mp4,405.186,412.574,face_density_low,,cutfix_full_tier1_20260729_01,tier1
x7bWqXbF030,x7bWqXbF030.mp4,413.826,414.398,segment_too_short,,cutfix_full_tier1_20260729_01,tier1
x7bWqXbF030,x7bWqXbF030.mp4,414.498,415.454,segment_too_short,,cutfix_full_tier1_20260729_01,tier1
x7bWqXbF030,x7bWqXbF030.mp4,415.938,419.902,face_density_low,,cutfix_full_tier1_20260729_01,tier1
x7bWqXbF030,x7bWqXbF030.mp4,421.058,421.854,segment_too_short,,cutfix_full_tier1_20260729_01,tier1
x7bWqXbF030,x7bWqXbF030.mp4,422.466,423.902,segment_too_short,,cutfix_full_tier1_20260729_01,tier1
x7bWqXbF030,x7bWqXbF030.mp4,424.674,426.59,segment_too_short,,cutfix_full_tier1_20260729_01,tier1
x7bWqXbF030,x7bWqXbF030.mp4,427.362,427.998,segment_too_short,,cutfix_full_tier1_20260729_01,tier1
x7bWqXbF030,x7bWqXbF030.mp4,428.194,430.846,face_density_low,,cutfix_full_tier1_20260729_01,tier1
x7bWqXbF030,x7bWqXbF030.mp4,439.65,443.71,face_density_low,,cutfix_full_tier1_20260729_01,tier1
x7bWqXbF030,x7bWqXbF030.mp4,444.578,445.214,segment_too_short,,cutfix_full_tier1_20260729_01,tier1
x7bWqXbF030,x7bWqXbF030.mp4,445.346,447.422,face_density_low,,cutfix_full_tier1_20260729_01,tier1
x7bWqXbF030,x7bWqXbF030.mp4,448.194,448.702,segment_too_short,,cutfix_full_tier1_20260729_01,tier1
x7bWqXbF030,x7bWqXbF030.mp4,448.93,450.526,segment_too_short,,cutfix_full_tier1_20260729_01,tier1
x7bWqXbF030,x7bWqXbF030.mp4,451.298,452.926,segment_too_short,,cutfix_full_tier1_20260729_01,tier1
x7bWqXbF030,x7bWqXbF030.mp4,453.442,455.23,segment_too_short,,cutfix_full_tier1_20260729_01,tier1
x7bWqXbF030,x7bWqXbF030.mp4,455.714,457.758,face_density_low,,cutfix_full_tier1_20260729_01,tier1
x7bWqXbF030,x7bWqXbF030.mp4,458.21,462.078,face_density_low,,cutfix_full_tier1_20260729_01,tier1
x7bWqXbF030,x7bWqXbF030.mp4,464.386,464.99,segment_too_short,,cutfix_full_tier1_20260729_01,tier1
x7bWqXbF030,x7bWqXbF030.mp4,465.282,467.614,face_density_low,,cutfix_full_tier1_20260729_01,tier1
x7bWqXbF030,x7bWqXbF030.mp4,477.058,478.814,segment_too_short,,cutfix_full_tier1_20260729_01,tier1
x7bWqXbF030,x7bWqXbF030.mp4,484.002,486.174,face_density_low,,cutfix_full_tier1_20260729_01,tier1
x7bWqXbF030,x7bWqXbF030.mp4,486.53,488.478,segment_too_short,,cutfix_full_tier1_20260729_01,tier1
x7bWqXbF030,x7bWqXbF030.mp4,488.578,491.262,face_density_low,,cutfix_full_tier1_20260729_01,tier1
x7bWqXbF030,x7bWqXbF030.mp4,491.618,495.326,face_density_low,,cutfix_full_tier1_20260729_01,tier1
x7bWqXbF030,x7bWqXbF030.mp4,495.65,496.638,segment_too_short,,cutfix_full_tier1_20260729_01,tier1
x7bWqXbF030,x7bWqXbF030.mp4,497.442,504.446,face_density_low,,cutfix_full_tier1_20260729_01,tier1
x7bWqXbF030,x7bWqXbF030.mp4,505.026,508.734,face_density_low,,cutfix_full_tier1_20260729_01,tier1
x7bWqXbF030,x7bWqXbF030.mp4,510.082,512.254,face_density_low,,cutfix_full_tier1_20260729_01,tier1
x7bWqXbF030,x7bWqXbF030.mp4,512.898,515.518,face_density_low,,cutfix_full_tier1_20260729_01,tier1
x7bWqXbF030,x7bWqXbF030.mp4,515.81,519.038,face_density_low,,cutfix_full_tier1_20260729_01,tier1
x7bWqXbF030,x7bWqXbF030.mp4,519.874,520.574,segment_too_short,,cutfix_full_tier1_20260729_01,tier1
x7bWqXbF030,x7bWqXbF030.mp4,520.93,522.974,face_density_low,,cutfix_full_tier1_20260729_01,tier1
x7bWqXbF030,x7bWqXbF030.mp4,523.17,525.31,face_density_low,,cutfix_full_tier1_20260729_01,tier1
x7bWqXbF030,x7bWqXbF030.mp4,527.042,531.326,face_density_low,,cutfix_full_tier1_20260729_01,tier1
x7bWqXbF030,x7bWqXbF030.mp4,531.682,534.558,face_density_low,,cutfix_full_tier1_20260729_01,tier1
x7bWqXbF030,x7bWqXbF030.mp4,535.106,538.59,face_density_low,,cutfix_full_tier1_20260729_01,tier1
x7bWqXbF030,x7bWqXbF030.mp4,539.426,540.158,segment_too_short,,cutfix_full_tier1_20260729_01,tier1
x7bWqXbF030,x7bWqXbF030.mp4,540.29,542.846,face_density_low,,cutfix_full_tier1_20260729_01,tier1
x7bWqXbF030,x7bWqXbF030.mp4,543.842,544.446,segment_too_short,,cutfix_full_tier1_20260729_01,tier1
x7bWqXbF030,x7bWqXbF030.mp4,544.834,547.518,face_density_low,,cutfix_full_tier1_20260729_01,tier1
x7bWqXbF030,x7bWqXbF030.mp4,548.674,550.27,segment_too_short,,cutfix_full_tier1_20260729_01,tier1
x7bWqXbF030,x7bWqXbF030.mp4,550.658,552.766,face_density_low,,cutfix_full_tier1_20260729_01,tier1
x7bWqXbF030,x7bWqXbF030.mp4,553.666,555.166,segment_too_short,,cutfix_full_tier1_20260729_01,tier1
x7bWqXbF030,x7bWqXbF030.mp4,555.426,558.078,face_density_low,,cutfix_full_tier1_20260729_01,tier1
x7bWqXbF030,x7bWqXbF030.mp4,559.074,561.438,face_density_low,,cutfix_full_tier1_20260729_01,tier1
x7bWqXbF030,x7bWqXbF030.mp4,561.762,563.006,segment_too_short,,cutfix_full_tier1_20260729_01,tier1
x7bWqXbF030,x7bWqXbF030.mp4,565.25,568.446,face_density_low,,cutfix_full_tier1_20260729_01,tier1
x7bWqXbF030,x7bWqXbF030.mp4,576.738,579.198,face_density_low,,cutfix_full_tier1_20260729_01,tier1
x7bWqXbF030,x7bWqXbF030.mp4,587.394,588.03,segment_too_short,,cutfix_full_tier1_20260729_01,tier1
x7bWqXbF030,x7bWqXbF030.mp4,588.226,590.974,face_density_low,,cutfix_full_tier1_20260729_01,tier1
x7bWqXbF030,x7bWqXbF030.mp4,601.762,605.758,face_density_low,,cutfix_full_tier1_20260729_01,tier1
x7bWqXbF030,x7bWqXbF030.mp4,619.746,623.166,face_density_low,,cutfix_full_tier1_20260729_01,tier1
x7bWqXbF030,x7bWqXbF030.mp4,623.426,625.054,segment_too_short,,cutfix_full_tier1_20260729_01,tier1
x7bWqXbF030,x7bWqXbF030.mp4,625.858,631.198,face_density_low,,cutfix_full_tier1_20260729_01,tier1
x7bWqXbF030,x7bWqXbF030.mp4,631.714,634.718,face_density_low,,cutfix_full_tier1_20260729_01,tier1
x7bWqXbF030,x7bWqXbF030.mp4,634.946,637.054,face_density_low,,cutfix_full_tier1_20260729_01,tier1
x7bWqXbF030,x7bWqXbF030.mp4,637.922,640.19,face_density_low,,cutfix_full_tier1_20260729_01,tier1
x7bWqXbF030,x7bWqXbF030.mp4,640.482,642.91,face_density_low,,cutfix_full_tier1_20260729_01,tier1
x7bWqXbF030,x7bWqXbF030.mp4,643.01,644.894,segment_too_short,,cutfix_full_tier1_20260729_01,tier1
x7bWqXbF030,x7bWqXbF030.mp4,645.346,648.766,face_density_low,,cutfix_full_tier1_20260729_01,tier1
x7bWqXbF030,x7bWqXbF030.mp4,649.25,652.606,face_density_low,,cutfix_full_tier1_20260729_01,tier1
x7bWqXbF030,x7bWqXbF030.mp4,653.538,657.47,face_density_low,,cutfix_full_tier1_20260729_01,tier1
x7bWqXbF030,x7bWqXbF030.mp4,658.178,662.974,face_density_low,,cutfix_full_tier1_20260729_01,tier1
x7bWqXbF030,x7bWqXbF030.mp4,664.034,666.334,face_density_low,,cutfix_full_tier1_20260729_01,tier1
x7bWqXbF030,x7bWqXbF030.mp4,666.53,667.806,segment_too_short,,cutfix_full_tier1_20260729_01,tier1
x7bWqXbF030,x7bWqXbF030.mp4,670.242,673.662,face_density_low,,cutfix_full_tier1_20260729_01,tier1
x7bWqXbF030,x7bWqXbF030.mp4,684.418,688.318,face_density_low,,cutfix_full_tier1_20260729_01,tier1
x7bWqXbF030,x7bWqXbF030.mp4,701.442,706.206,face_density_low,,cutfix_full_tier1_20260729_01,tier1
x7bWqXbF030,x7bWqXbF030.mp4,706.434,709.406,face_density_low,,cutfix_full_tier1_20260729_01,tier1
x7bWqXbF030,x7bWqXbF030.mp4,710.21,713.054,face_density_low,,cutfix_full_tier1_20260729_01,tier1
x7bWqXbF030,x7bWqXbF030.mp4,713.442,715.518,face_density_low,,cutfix_full_tier1_20260729_01,tier1
x7bWqXbF030,x7bWqXbF030.mp4,716.194,718.846,face_density_low,,cutfix_full_tier1_20260729_01,tier1
x7bWqXbF030,x7bWqXbF030.mp4,720.322,721.726,segment_too_short,,cutfix_full_tier1_20260729_01,tier1
x7bWqXbF030,x7bWqXbF030.mp4,721.922,723.102,segment_too_short,,cutfix_full_tier1_20260729_01,tier1
x7bWqXbF030,x7bWqXbF030.mp4,723.426,724.542,segment_too_short,,cutfix_full_tier1_20260729_01,tier1
x7bWqXbF030,x7bWqXbF030.mp4,725.154,725.886,segment_too_short,,cutfix_full_tier1_20260729_01,tier1
x7bWqXbF030,x7bWqXbF030.mp4,726.146,728.766,face_density_low,,cutfix_full_tier1_20260729_01,tier1
x7bWqXbF030,x7bWqXbF030.mp4,729.186,729.886,segment_too_short,,cutfix_full_tier1_20260729_01,tier1
x7bWqXbF030,x7bWqXbF030.mp4,730.018,732.67,face_density_low,,cutfix_full_tier1_20260729_01,tier1
x7bWqXbF030,x7bWqXbF030.mp4,733.634,737.886,face_density_low,,cutfix_full_tier1_20260729_01,tier1
x7bWqXbF030,x7bWqXbF030.mp4,737.986,740.03,face_density_low,,cutfix_full_tier1_20260729_01,tier1
x7bWqXbF030,x7bWqXbF030.mp4,740.866,746.558,face_density_low,,cutfix_full_tier1_20260729_01,tier1
x7bWqXbF030,x7bWqXbF030.mp4,747.554,749.118,segment_too_short,,cutfix_full_tier1_20260729_01,tier1
x7bWqXbF030,x7bWqXbF030.mp4,749.922,751.518,segment_too_short,,cutfix_full_tier1_20260729_01,tier1
x7bWqXbF030,x7bWqXbF030.mp4,751.746,754.302,face_density_low,,cutfix_full_tier1_20260729_01,tier1
x7bWqXbF030,x7bWqXbF030.mp4,755.298,759.358,face_density_low,,cutfix_full_tier1_20260729_01,tier1
x7bWqXbF030,x7bWqXbF030.mp4,760.354,761.854,segment_too_short,,cutfix_full_tier1_20260729_01,tier1
x7bWqXbF030,x7bWqXbF030.mp4,762.05,763.934,segment_too_short,,cutfix_full_tier1_20260729_01,tier1
x7bWqXbF030,x7bWqXbF030.mp4,764.834,767.678,face_density_low,,cutfix_full_tier1_20260729_01,tier1
x7bWqXbF030,x7bWqXbF030.mp4,767.938,769.502,segment_too_short,,cutfix_full_tier1_20260729_01,tier1
x7bWqXbF030,x7bWqXbF030.mp4,770.85,772.382,segment_too_short,,cutfix_full_tier1_20260729_01,tier1
x7bWqXbF030,x7bWqXbF030.mp4,772.514,773.662,segment_too_short,,cutfix_full_tier1_20260729_01,tier1
x7bWqXbF030,x7bWqXbF030.mp4,773.826,775.23,segment_too_short,,cutfix_full_tier1_20260729_01,tier1
x7bWqXbF030,x7bWqXbF030.mp4,776.994,779.582,face_density_low,,cutfix_full_tier1_20260729_01,tier1
x7bWqXbF030,x7bWqXbF030.mp4,779.746,781.022,segment_too_short,,cutfix_full_tier1_20260729_01,tier1
x7bWqXbF030,x7bWqXbF030.mp4,782.818,788.51,face_density_low,,cutfix_full_tier1_20260729_01,tier1
x7bWqXbF030,x7bWqXbF030.mp4,804.45,808.51,face_density_low,,cutfix_full_tier1_20260729_01,tier1
x7bWqXbF030,x7bWqXbF030.mp4,819.33,822.078,face_density_low,,cutfix_full_tier1_20260729_01,tier1
x7bWqXbF030,x7bWqXbF030.mp4,822.402,825.054,face_density_low,,cutfix_full_tier1_20260729_01,tier1
x7bWqXbF030,x7bWqXbF030.mp4,825.186,829.022,face_density_low,,cutfix_full_tier1_20260729_01,tier1
x7bWqXbF030,x7bWqXbF030.mp4,829.474,832.862,face_density_low,,cutfix_full_tier1_20260729_01,tier1
x7bWqXbF030,x7bWqXbF030.mp4,833.442,835.038,segment_too_short,,cutfix_full_tier1_20260729_01,tier1
x7bWqXbF030,x7bWqXbF030.mp4,835.202,838.654,face_density_low,,cutfix_full_tier1_20260729_01,tier1
x7bWqXbF030,x7bWqXbF030.mp4,839.682,847.07,face_density_low,,cutfix_full_tier1_20260729_01,tier1
x7bWqXbF030,x7bWqXbF030.mp4,847.17,850.11,face_density_low,,cutfix_full_tier1_20260729_01,tier1
x7bWqXbF030,x7bWqXbF030.mp4,850.594,853.758,face_density_low,,cutfix_full_tier1_20260729_01,tier1
x7bWqXbF030,x7bWqXbF030.mp4,854.018,855.582,segment_too_short,,cutfix_full_tier1_20260729_01,tier1
x7bWqXbF030,x7bWqXbF030.mp4,855.778,857.246,segment_too_short,,cutfix_full_tier1_20260729_01,tier1
x7bWqXbF030,x7bWqXbF030.mp4,858.05,859.646,segment_too_short,,cutfix_full_tier1_20260729_01,tier1
x7bWqXbF030,x7bWqXbF030.mp4,859.746,861.118,segment_too_short,,cutfix_full_tier1_20260729_01,tier1
x7bWqXbF030,x7bWqXbF030.mp4,861.474,863.038,segment_too_short,,cutfix_full_tier1_20260729_01,tier1
x7bWqXbF030,x7bWqXbF030.mp4,863.266,864.702,segment_too_short,,cutfix_full_tier1_20260729_01,tier1
x7bWqXbF030,x7bWqXbF030.mp4,865.218,870.462,face_density_low,,cutfix_full_tier1_20260729_01,tier1
xDtxtg7BajU,xDtxtg7BajU.mp4,15.522,16.702,segment_too_short,,cutfix_full_tier1_20260729_01,tier1
xDtxtg7BajU,xDtxtg7BajU.mp4,16.93,20.702,scene_cut_detected,,cutfix_full_tier1_20260729_01,tier1
xDtxtg7BajU,xDtxtg7BajU.mp4,21.346,21.758,segment_too_short,,cutfix_full_tier1_20260729_01,tier1
xDtxtg7BajU,xDtxtg7BajU.mp4,22.37,23.486,segment_too_short,,cutfix_full_tier1_20260729_01,tier1
xDtxtg7BajU,xDtxtg7BajU.mp4,34.818,35.806,segment_too_short,,cutfix_full_tier1_20260729_01,tier1
xDtxtg7BajU,xDtxtg7BajU.mp4,46.242,47.71,segment_too_short,,cutfix_full_tier1_20260729_01,tier1
xDtxtg7BajU,xDtxtg7BajU.mp4,56.098,56.446,segment_too_short,,cutfix_full_tier1_20260729_01,tier1
xDtxtg7BajU,xDtxtg7BajU.mp4,56.546,57.438,segment_too_short,,cutfix_full_tier1_20260729_01,tier1
xDtxtg7BajU,xDtxtg7BajU.mp4,57.794,59.646,segment_too_short,,cutfix_full_tier1_20260729_01,tier1
xDtxtg7BajU,xDtxtg7BajU.mp4,59.938,61.054,segment_too_short,,cutfix_full_tier1_20260729_01,tier1
xDtxtg7BajU,xDtxtg7BajU.mp4,61.378,62.59,segment_too_short,,cutfix_full_tier1_20260729_01,tier1
xDtxtg7BajU,xDtxtg7BajU.mp4,72.77,74.654,segment_too_short,,cutfix_full_tier1_20260729_01,tier1
xDtxtg7BajU,xDtxtg7BajU.mp4,82.754,83.774,segment_too_short,,cutfix_full_tier1_20260729_01,tier1
xDtxtg7BajU,xDtxtg7BajU.mp4,84.034,86.014,segment_too_short,,cutfix_full_tier1_20260729_01,tier1
xDtxtg7BajU,xDtxtg7BajU.mp4,89.634,93.086,scene_cut_detected,,cutfix_full_tier1_20260729_01,tier1
xDtxtg7BajU,xDtxtg7BajU.mp4,95.938,97.79,segment_too_short,,cutfix_full_tier1_20260729_01,tier1
xDtxtg7BajU,xDtxtg7BajU.mp4,113.314,114.174,segment_too_short,,cutfix_full_tier1_20260729_01,tier1
xDtxtg7BajU,xDtxtg7BajU.mp4,114.402,118.046,face_density_low,,cutfix_full_tier1_20260729_01,tier1
xDtxtg7BajU,xDtxtg7BajU.mp4,124.546,126.206,segment_too_short,,cutfix_full_tier1_20260729_01,tier1
xDtxtg7BajU,xDtxtg7BajU.mp4,133.986,134.686,segment_too_short,,cutfix_full_tier1_20260729_01,tier1
xDtxtg7BajU,xDtxtg7BajU.mp4,140.066,141.598,segment_too_short,,cutfix_full_tier1_20260729_01,tier1
xDtxtg7BajU,xDtxtg7BajU.mp4,155.714,157.374,segment_too_short,,cutfix_full_tier1_20260729_01,tier1
xDtxtg7BajU,xDtxtg7BajU.mp4,182.082,184.062,segment_too_short,,cutfix_full_tier1_20260729_01,tier1
xDtxtg7BajU,xDtxtg7BajU.mp4,184.386,185.95,segment_too_short,,cutfix_full_tier1_20260729_01,tier1
xDtxtg7BajU,xDtxtg7BajU.mp4,186.338,186.782,segment_too_short,,cutfix_full_tier1_20260729_01,tier1
xDtxtg7BajU,xDtxtg7BajU.mp4,203.682,204.606,segment_too_short,,cutfix_full_tier1_20260729_01,tier1
xDtxtg7BajU,xDtxtg7BajU.mp4,210.306,211.614,segment_too_short,,cutfix_full_tier1_20260729_01,tier1
xDtxtg7BajU,xDtxtg7BajU.mp4,211.746,213.246,segment_too_short,,cutfix_full_tier1_20260729_01,tier1
xDtxtg7BajU,xDtxtg7BajU.mp4,230.978,231.966,segment_too_short,,cutfix_full_tier1_20260729_01,tier1
xDtxtg7BajU,xDtxtg7BajU.mp4,232.514,233.31,segment_too_short,,cutfix_full_tier1_20260729_01,tier1
xDtxtg7BajU,xDtxtg7BajU.mp4,238.37,239.134,segment_too_short,,cutfix_full_tier1_20260729_01,tier1
xDtxtg7BajU,xDtxtg7BajU.mp4,242.498,242.942,segment_too_short,,cutfix_full_tier1_20260729_01,tier1
xDtxtg7BajU,xDtxtg7BajU.mp4,243.298,243.806,segment_too_short,,cutfix_full_tier1_20260729_01,tier1
xDtxtg7BajU,xDtxtg7BajU.mp4,247.394,248.158,segment_too_short,,cutfix_full_tier1_20260729_01,tier1
xDtxtg7BajU,xDtxtg7BajU.mp4,248.418,250.27,segment_too_short,,cutfix_full_tier1_20260729_01,tier1
xDtxtg7BajU,xDtxtg7BajU.mp4,267.01,268.286,segment_too_short,,cutfix_full_tier1_20260729_01,tier1
xDtxtg7BajU,xDtxtg7BajU.mp4,271.97,273.918,segment_too_short,,cutfix_full_tier1_20260729_01,tier1
xDtxtg7BajU,xDtxtg7BajU.mp4,276.418,278.11,segment_too_short,,cutfix_full_tier1_20260729_01,tier1
xDtxtg7BajU,xDtxtg7BajU.mp4,300.13,300.446,segment_too_short,,cutfix_full_tier1_20260729_01,tier1
xDtxtg7BajU,xDtxtg7BajU.mp4,301.218,301.918,segment_too_short,,cutfix_full_tier1_20260729_01,tier1
xDtxtg7BajU,xDtxtg7BajU.mp4,302.082,303.71,segment_too_short,,cutfix_full_tier1_20260729_01,tier1
xDtxtg7BajU,xDtxtg7BajU.mp4,305.09,305.534,segment_too_short,,cutfix_full_tier1_20260729_01,tier1
xDtxtg7BajU,xDtxtg7BajU.mp4,311.586,313.342,segment_too_short,,cutfix_full_tier1_20260729_01,tier1
xDtxtg7BajU,xDtxtg7BajU.mp4,317.954,319.71,segment_too_short,,cutfix_full_tier1_20260729_01,tier1
xDtxtg7BajU,xDtxtg7BajU.mp4,326.466,328.414,segment_too_short,,cutfix_full_tier1_20260729_01,tier1
xDtxtg7BajU,xDtxtg7BajU.mp4,335.234,336.222,segment_too_short,,cutfix_full_tier1_20260729_01,tier1
xDtxtg7BajU,xDtxtg7BajU.mp4,336.834,338.59,segment_too_short,,cutfix_full_tier1_20260729_01,tier1
xDtxtg7BajU,xDtxtg7BajU.mp4,338.722,339.55,segment_too_short,,cutfix_full_tier1_20260729_01,tier1
xDtxtg7BajU,xDtxtg7BajU.mp4,364.482,366.398,segment_too_short,,cutfix_full_tier1_20260729_01,tier1
xDtxtg7BajU,xDtxtg7BajU.mp4,366.626,367.294,segment_too_short,,cutfix_full_tier1_20260729_01,tier1
xDtxtg7BajU,xDtxtg7BajU.mp4,367.554,369.438,segment_too_short,,cutfix_full_tier1_20260729_01,tier1
xDtxtg7BajU,xDtxtg7BajU.mp4,376.578,378.11,segment_too_short,,cutfix_full_tier1_20260729_01,tier1
xDtxtg7BajU,xDtxtg7BajU.mp4,379.33,380.126,segment_too_short,,cutfix_full_tier1_20260729_01,tier1
xDtxtg7BajU,xDtxtg7BajU.mp4,401.602,403.198,segment_too_short,,cutfix_full_tier1_20260729_01,tier1
xDtxtg7BajU,xDtxtg7BajU.mp4,408.29,410.014,segment_too_short,,cutfix_full_tier1_20260729_01,tier1
xDtxtg7BajU,xDtxtg7BajU.mp4,426.466,427.678,segment_too_short,,cutfix_full_tier1_20260729_01,tier1
xDtxtg7BajU,xDtxtg7BajU.mp4,429.442,431.326,segment_too_short,,cutfix_full_tier1_20260729_01,tier1
xDtxtg7BajU,xDtxtg7BajU.mp4,438.146,439.134,segment_too_short,,cutfix_full_tier1_20260729_01,tier1
xDtxtg7BajU,xDtxtg7BajU.mp4,439.298,440.638,segment_too_short,,cutfix_full_tier1_20260729_01,tier1
xDtxtg7BajU,xDtxtg7BajU.mp4,443.842,444.702,segment_too_short,,cutfix_full_tier1_20260729_01,tier1
xDtxtg7BajU,xDtxtg7BajU.mp4,458.114,459.966,segment_too_short,,cutfix_full_tier1_20260729_01,tier1
xDtxtg7BajU,xDtxtg7BajU.mp4,475.65,476.094,segment_too_short,,cutfix_full_tier1_20260729_01,tier1
xDtxtg7BajU,xDtxtg7BajU.mp4,494.722,496.446,segment_too_short,,cutfix_full_tier1_20260729_01,tier1
xDtxtg7BajU,xDtxtg7BajU.mp4,496.61,497.214,segment_too_short,,cutfix_full_tier1_20260729_01,tier1
xDtxtg7BajU,xDtxtg7BajU.mp4,497.73,498.686,segment_too_short,,cutfix_full_tier1_20260729_01,tier1
xDtxtg7BajU,xDtxtg7BajU.mp4,511.746,513.246,segment_too_short,,cutfix_full_tier1_20260729_01,tier1
xOrGF328sRI,xOrGF328sRI.mp4,28.29,33.29,scene_cut_detected,,cutfix_full_tier1_20260729_01,tier1
xOrGF328sRI,xOrGF328sRI.mp4,32.29,37.29,scene_cut_detected,,cutfix_full_tier1_20260729_01,tier1
xOrGF328sRI,xOrGF328sRI.mp4,36.29,41.29,scene_cut_detected,,cutfix_full_tier1_20260729_01,tier1
xOrGF328sRI,xOrGF328sRI.mp4,40.29,45.29,scene_cut_detected,,cutfix_full_tier1_20260729_01,tier1
xOrGF328sRI,xOrGF328sRI.mp4,44.29,49.29,scene_cut_detected,,cutfix_full_tier1_20260729_01,tier1
xOrGF328sRI,xOrGF328sRI.mp4,52.29,57.29,scene_cut_detected,,cutfix_full_tier1_20260729_01,tier1
xOrGF328sRI,xOrGF328sRI.mp4,58.85,63.85,scene_cut_detected,,cutfix_full_tier1_20260729_01,tier1
xOrGF328sRI,xOrGF328sRI.mp4,62.85,67.85,scene_cut_detected,,cutfix_full_tier1_20260729_01,tier1
xOrGF328sRI,xOrGF328sRI.mp4,66.85,71.85,scene_cut_detected,,cutfix_full_tier1_20260729_01,tier1
xOrGF328sRI,xOrGF328sRI.mp4,70.85,75.85,scene_cut_detected,,cutfix_full_tier1_20260729_01,tier1
xOrGF328sRI,xOrGF328sRI.mp4,90.21,95.21,scene_cut_detected,,cutfix_full_tier1_20260729_01,tier1
xOrGF328sRI,xOrGF328sRI.mp4,94.21,99.21,scene_cut_detected,,cutfix_full_tier1_20260729_01,tier1
xOrGF328sRI,xOrGF328sRI.mp4,113.314,114.43,segment_too_short,,cutfix_full_tier1_20260729_01,tier1
xOrGF328sRI,xOrGF328sRI.mp4,121.922,127.806,scene_cut_detected,,cutfix_full_tier1_20260729_01,tier1
xOrGF328sRI,xOrGF328sRI.mp4,128.034,132.478,scene_cut_detected,,cutfix_full_tier1_20260729_01,tier1
xOrGF328sRI,xOrGF328sRI.mp4,132.93,133.918,segment_too_short,,cutfix_full_tier1_20260729_01,tier1
xOrGF328sRI,xOrGF328sRI.mp4,134.05,137.182,scene_cut_detected,,cutfix_full_tier1_20260729_01,tier1
xOrGF328sRI,xOrGF328sRI.mp4,137.698,144.35,scene_cut_detected,,cutfix_full_tier1_20260729_01,tier1
xOrGF328sRI,xOrGF328sRI.mp4,144.834,153.214,scene_cut_detected,,cutfix_full_tier1_20260729_01,tier1
xOrGF328sRI,xOrGF328sRI.mp4,153.314,158.238,scene_cut_detected,,cutfix_full_tier1_20260729_01,tier1
xOrGF328sRI,xOrGF328sRI.mp4,158.37,159.902,segment_too_short,,cutfix_full_tier1_20260729_01,tier1
xOrGF328sRI,xOrGF328sRI.mp4,168.77,170.206,segment_too_short,,cutfix_full_tier1_20260729_01,tier1
xOrGF328sRI,xOrGF328sRI.mp4,170.338,171.23,segment_too_short,,cutfix_full_tier1_20260729_01,tier1
xOrGF328sRI,xOrGF328sRI.mp4,177.186,178.014,segment_too_short,,cutfix_full_tier1_20260729_01,tier1
xOrGF328sRI,xOrGF328sRI.mp4,178.402,180.126,segment_too_short,,cutfix_full_tier1_20260729_01,tier1
xOrGF328sRI,xOrGF328sRI.mp4,183.49,184.766,segment_too_short,,cutfix_full_tier1_20260729_01,tier1
xOrGF328sRI,xOrGF328sRI.mp4,196.61,197.63,segment_too_short,,cutfix_full_tier1_20260729_01,tier1
xOrGF328sRI,xOrGF328sRI.mp4,198.05,198.75,segment_too_short,,cutfix_full_tier1_20260729_01,tier1
xOrGF328sRI,xOrGF328sRI.mp4,212.354,213.022,segment_too_short,,cutfix_full_tier1_20260729_01,tier1
xOrGF328sRI,xOrGF328sRI.mp4,213.282,215.038,segment_too_short,,cutfix_full_tier1_20260729_01,tier1
xOrGF328sRI,xOrGF328sRI.mp4,220.61,221.726,segment_too_short,,cutfix_full_tier1_20260729_01,tier1
xOrGF328sRI,xOrGF328sRI.mp4,222.242,223.102,segment_too_short,,cutfix_full_tier1_20260729_01,tier1
xOrGF328sRI,xOrGF328sRI.mp4,223.522,225.246,segment_too_short,,cutfix_full_tier1_20260729_01,tier1
xOrGF328sRI,xOrGF328sRI.mp4,230.21,234.526,scene_cut_detected,,cutfix_full_tier1_20260729_01,tier1
xOrGF328sRI,xOrGF328sRI.mp4,238.69,240.446,segment_too_short,,cutfix_full_tier1_20260729_01,tier1
xOrGF328sRI,xOrGF328sRI.mp4,249.954,251.902,segment_too_short,,cutfix_full_tier1_20260729_01,tier1
xOrGF328sRI,xOrGF328sRI.mp4,256.674,258.014,segment_too_short,,cutfix_full_tier1_20260729_01,tier1
xOrGF328sRI,xOrGF328sRI.mp4,258.754,269.694,scene_cut_detected,,cutfix_full_tier1_20260729_01,tier1
xOrGF328sRI,xOrGF328sRI.mp4,270.498,279.39,scene_cut_detected,,cutfix_full_tier1_20260729_01,tier1
xOrGF328sRI,xOrGF328sRI.mp4,279.65,281.17,segment_too_short,,cutfix_full_tier1_20260729_01,tier1
xfYTbyjf4GY,xfYTbyjf4GY.mp4,1.09,1.406,segment_too_short,,cutfix_full_tier1_20260729_01,tier1
xfYTbyjf4GY,xfYTbyjf4GY.mp4,13.73,15.038,segment_too_short,,cutfix_full_tier1_20260729_01,tier1
xfYTbyjf4GY,xfYTbyjf4GY.mp4,135.234,135.998,segment_too_short,,cutfix_full_tier1_20260729_01,tier1
xfYTbyjf4GY,xfYTbyjf4GY.mp4,136.45,137.822,segment_too_short,,cutfix_full_tier1_20260729_01,tier1
xfYTbyjf4GY,xfYTbyjf4GY.mp4,141.89,143.294,segment_too_short,,cutfix_full_tier1_20260729_01,tier1
xfYTbyjf4GY,xfYTbyjf4GY.mp4,149.634,150.878,segment_too_short,,cutfix_full_tier1_20260729_01,tier1
xfYTbyjf4GY,xfYTbyjf4GY.mp4,153.026,153.918,segment_too_short,,cutfix_full_tier1_20260729_01,tier1
xfYTbyjf4GY,xfYTbyjf4GY.mp4,154.114,155.934,segment_too_short,,cutfix_full_tier1_20260729_01,tier1
xfYTbyjf4GY,xfYTbyjf4GY.mp4,156.066,157.918,segment_too_short,,cutfix_full_tier1_20260729_01,tier1
xfYTbyjf4GY,xfYTbyjf4GY.mp4,162.114,162.718,segment_too_short,,cutfix_full_tier1_20260729_01,tier1
xfYTbyjf4GY,xfYTbyjf4GY.mp4,168.642,169.438,segment_too_short,,cutfix_full_tier1_20260729_01,tier1
xfYTbyjf4GY,xfYTbyjf4GY.mp4,169.73,171.55,segment_too_short,,cutfix_full_tier1_20260729_01,tier1
xfYTbyjf4GY,xfYTbyjf4GY.mp4,176.45,177.246,segment_too_short,,cutfix_full_tier1_20260729_01,tier1
xfYTbyjf4GY,xfYTbyjf4GY.mp4,189.09,189.982,segment_too_short,,cutfix_full_tier1_20260729_01,tier1
xfYTbyjf4GY,xfYTbyjf4GY.mp4,192.93,193.918,segment_too_short,,cutfix_full_tier1_20260729_01,tier1
xfYTbyjf4GY,xfYTbyjf4GY.mp4,195.714,197.054,segment_too_short,,cutfix_full_tier1_20260729_01,tier1
xfYTbyjf4GY,xfYTbyjf4GY.mp4,210.21,211.87,segment_too_short,,cutfix_full_tier1_20260729_01,tier1
xfYTbyjf4GY,xfYTbyjf4GY.mp4,212.77,213.086,segment_too_short,,cutfix_full_tier1_20260729_01,tier1
xfYTbyjf4GY,xfYTbyjf4GY.mp4,213.282,215.262,segment_too_short,,cutfix_full_tier1_20260729_01,tier1
xfYTbyjf4GY,xfYTbyjf4GY.mp4,219.266,220.19,segment_too_short,,cutfix_full_tier1_20260729_01,tier1
xfYTbyjf4GY,xfYTbyjf4GY.mp4,229.89,231.422,segment_too_short,,cutfix_full_tier1_20260729_01,tier1
xfYTbyjf4GY,xfYTbyjf4GY.mp4,237.218,237.886,segment_too_short,,cutfix_full_tier1_20260729_01,tier1
xfYTbyjf4GY,xfYTbyjf4GY.mp4,260.226,261.438,segment_too_short,,cutfix_full_tier1_20260729_01,tier1
xfYTbyjf4GY,xfYTbyjf4GY.mp4,261.634,263.358,segment_too_short,,cutfix_full_tier1_20260729_01,tier1
xfYTbyjf4GY,xfYTbyjf4GY.mp4,270.21,271.23,segment_too_short,,cutfix_full_tier1_20260729_01,tier1
xjTnaI3tItI,xjTnaI3tItI.mp4,6.69,7.07,segment_too_short,,cutfix_full_tier1_20260729_01,tier1
xjTnaI3tItI,xjTnaI3tItI.mp4,7.33,8.254,segment_too_short,,cutfix_full_tier1_20260729_01,tier1
xjTnaI3tItI,xjTnaI3tItI.mp4,11.522,12.83,segment_too_short,,cutfix_full_tier1_20260729_01,tier1
xjTnaI3tItI,xjTnaI3tItI.mp4,17.57,18.59,segment_too_short,,cutfix_full_tier1_20260729_01,tier1
xjTnaI3tItI,xjTnaI3tItI.mp4,42.402,42.782,segment_too_short,,cutfix_full_tier1_20260729_01,tier1
xjTnaI3tItI,xjTnaI3tItI.mp4,43.298,43.646,segment_too_short,,cutfix_full_tier1_20260729_01,tier1
xjTnaI3tItI,xjTnaI3tItI.mp4,44.418,45.022,segment_too_short,,cutfix_full_tier1_20260729_01,tier1
xjTnaI3tItI,xjTnaI3tItI.mp4,45.154,45.502,segment_too_short,,cutfix_full_tier1_20260729_01,tier1
xjTnaI3tItI,xjTnaI3tItI.mp4,47.778,48.574,segment_too_short,,cutfix_full_tier1_20260729_01,tier1
xjTnaI3tItI,xjTnaI3tItI.mp4,48.674,49.214,segment_too_short,,cutfix_full_tier1_20260729_01,tier1
xjTnaI3tItI,xjTnaI3tItI.mp4,49.794,50.43,segment_too_short,,cutfix_full_tier1_20260729_01,tier1
xjTnaI3tItI,xjTnaI3tItI.mp4,51.49,53.15,segment_too_short,,cutfix_full_tier1_20260729_01,tier1
xjTnaI3tItI,xjTnaI3tItI.mp4,53.378,54.078,segment_too_short,,cutfix_full_tier1_20260729_01,tier1
xjTnaI3tItI,xjTnaI3tItI.mp4,54.242,54.782,segment_too_short,,cutfix_full_tier1_20260729_01,tier1
xjTnaI3tItI,xjTnaI3tItI.mp4,55.81,56.798,segment_too_short,,cutfix_full_tier1_20260729_01,tier1
xjTnaI3tItI,xjTnaI3tItI.mp4,57.346,58.27,segment_too_short,,cutfix_full_tier1_20260729_01,tier1
xjTnaI3tItI,xjTnaI3tItI.mp4,58.818,60.222,segment_too_short,,cutfix_full_tier1_20260729_01,tier1
xjTnaI3tItI,xjTnaI3tItI.mp4,74.626,75.166,segment_too_short,,cutfix_full_tier1_20260729_01,tier1
xjTnaI3tItI,xjTnaI3tItI.mp4,75.522,75.87,segment_too_short,,cutfix_full_tier1_20260729_01,tier1
xjTnaI3tItI,xjTnaI3tItI.mp4,76.13,76.574,segment_too_short,,cutfix_full_tier1_20260729_01,tier1
xjTnaI3tItI,xjTnaI3tItI.mp4,79.778,81.47,segment_too_short,,cutfix_full_tier1_20260729_01,tier1
xjTnaI3tItI,xjTnaI3tItI.mp4,83.746,84.99,segment_too_short,,cutfix_full_tier1_20260729_01,tier1
xjTnaI3tItI,xjTnaI3tItI.mp4,85.09,86.526,segment_too_short,,cutfix_full_tier1_20260729_01,tier1
xjTnaI3tItI,xjTnaI3tItI.mp4,86.722,87.102,segment_too_short,,cutfix_full_tier1_20260729_01,tier1
xjTnaI3tItI,xjTnaI3tItI.mp4,87.522,88.798,segment_too_short,,cutfix_full_tier1_20260729_01,tier1
xjTnaI3tItI,xjTnaI3tItI.mp4,91.362,92.126,segment_too_short,,cutfix_full_tier1_20260729_01,tier1
xjTnaI3tItI,xjTnaI3tItI.mp4,92.674,93.63,segment_too_short,,cutfix_full_tier1_20260729_01,tier1
xjTnaI3tItI,xjTnaI3tItI.mp4,96.514,97.31,segment_too_short,,cutfix_full_tier1_20260729_01,tier1
xjTnaI3tItI,xjTnaI3tItI.mp4,100.386,101.118,segment_too_short,,cutfix_full_tier1_20260729_01,tier1
xjTnaI3tItI,xjTnaI3tItI.mp4,101.41,102.366,segment_too_short,,cutfix_full_tier1_20260729_01,tier1
xjTnaI3tItI,xjTnaI3tItI.mp4,102.722,103.326,segment_too_short,,cutfix_full_tier1_20260729_01,tier1
xjTnaI3tItI,xjTnaI3tItI.mp4,103.554,104.126,segment_too_short,,cutfix_full_tier1_20260729_01,tier1
xjTnaI3tItI,xjTnaI3tItI.mp4,107.906,109.598,segment_too_short,,cutfix_full_tier1_20260729_01,tier1
xjTnaI3tItI,xjTnaI3tItI.mp4,109.73,111.678,segment_too_short,,cutfix_full_tier1_20260729_01,tier1
xjTnaI3tItI,xjTnaI3tItI.mp4,121.09,121.662,segment_too_short,,cutfix_full_tier1_20260729_01,tier1
xjTnaI3tItI,xjTnaI3tItI.mp4,121.762,122.558,segment_too_short,,cutfix_full_tier1_20260729_01,tier1
xjTnaI3tItI,xjTnaI3tItI.mp4,122.722,123.678,segment_too_short,,cutfix_full_tier1_20260729_01,tier1
xjTnaI3tItI,xjTnaI3tItI.mp4,124.034,125.886,segment_too_short,,cutfix_full_tier1_20260729_01,tier1
xjTnaI3tItI,xjTnaI3tItI.mp4,126.21,127.998,segment_too_short,,cutfix_full_tier1_20260729_01,tier1
xjTnaI3tItI,xjTnaI3tItI.mp4,135.042,136.382,segment_too_short,,cutfix_full_tier1_20260729_01,tier1
xjTnaI3tItI,xjTnaI3tItI.mp4,142.018,143.166,segment_too_short,,cutfix_full_tier1_20260729_01,tier1
xjTnaI3tItI,xjTnaI3tItI.mp4,156.13,157.694,segment_too_short,,cutfix_full_tier1_20260729_01,tier1
xjTnaI3tItI,xjTnaI3tItI.mp4,158.082,158.462,segment_too_short,,cutfix_full_tier1_20260729_01,tier1
xjTnaI3tItI,xjTnaI3tItI.mp4,158.914,159.614,segment_too_short,,cutfix_full_tier1_20260729_01,tier1
xjTnaI3tItI,xjTnaI3tItI.mp4,163.65,164.158,segment_too_short,,cutfix_full_tier1_20260729_01,tier1
xjTnaI3tItI,xjTnaI3tItI.mp4,168.194,169.95,segment_too_short,,cutfix_full_tier1_20260729_01,tier1
xjTnaI3tItI,xjTnaI3tItI.mp4,170.498,172.286,segment_too_short,,cutfix_full_tier1_20260729_01,tier1
xjTnaI3tItI,xjTnaI3tItI.mp4,172.45,174.43,segment_too_short,,cutfix_full_tier1_20260729_01,tier1
xjTnaI3tItI,xjTnaI3tItI.mp4,174.946,176.446,segment_too_short,,cutfix_full_tier1_20260729_01,tier1
xjTnaI3tItI,xjTnaI3tItI.mp4,176.546,176.99,segment_too_short,,cutfix_full_tier1_20260729_01,tier1
xjTnaI3tItI,xjTnaI3tItI.mp4,177.666,178.366,segment_too_short,,cutfix_full_tier1_20260729_01,tier1
xjTnaI3tItI,xjTnaI3tItI.mp4,183.298,184.286,segment_too_short,,cutfix_full_tier1_20260729_01,tier1
xjTnaI3tItI,xjTnaI3tItI.mp4,184.418,185.726,segment_too_short,,cutfix_full_tier1_20260729_01,tier1
xjTnaI3tItI,xjTnaI3tItI.mp4,186.402,186.814,segment_too_short,,cutfix_full_tier1_20260729_01,tier1
xjTnaI3tItI,xjTnaI3tItI.mp4,188.642,189.63,segment_too_short,,cutfix_full_tier1_20260729_01,tier1
xjTnaI3tItI,xjTnaI3tItI.mp4,189.858,191.294,segment_too_short,,cutfix_full_tier1_20260729_01,tier1
xjTnaI3tItI,xjTnaI3tItI.mp4,197.154,198.174,segment_too_short,,cutfix_full_tier1_20260729_01,tier1
xjTnaI3tItI,xjTnaI3tItI.mp4,204.706,205.726,segment_too_short,,cutfix_full_tier1_20260729_01,tier1
xjTnaI3tItI,xjTnaI3tItI.mp4,208.354,208.894,segment_too_short,,cutfix_full_tier1_20260729_01,tier1
xjTnaI3tItI,xjTnaI3tItI.mp4,209.026,210.366,segment_too_short,,cutfix_full_tier1_20260729_01,tier1
xjTnaI3tItI,xjTnaI3tItI.mp4,215.618,216.094,segment_too_short,,cutfix_full_tier1_20260729_01,tier1
xjTnaI3tItI,xjTnaI3tItI.mp4,216.194,217.95,segment_too_short,,cutfix_full_tier1_20260729_01,tier1
xjTnaI3tItI,xjTnaI3tItI.mp4,231.394,231.934,segment_too_short,,cutfix_full_tier1_20260729_01,tier1
xjTnaI3tItI,xjTnaI3tItI.mp4,249.602,250.142,segment_too_short,,cutfix_full_tier1_20260729_01,tier1
xjTnaI3tItI,xjTnaI3tItI.mp4,251.714,252.35,segment_too_short,,cutfix_full_tier1_20260729_01,tier1
xjTnaI3tItI,xjTnaI3tItI.mp4,252.482,253.086,segment_too_short,,cutfix_full_tier1_20260729_01,tier1
xjTnaI3tItI,xjTnaI3tItI.mp4,253.186,254.782,segment_too_short,,cutfix_full_tier1_20260729_01,tier1
xjTnaI3tItI,xjTnaI3tItI.mp4,277.122,277.822,segment_too_short,,cutfix_full_tier1_20260729_01,tier1
xjTnaI3tItI,xjTnaI3tItI.mp4,283.906,284.67,segment_too_short,,cutfix_full_tier1_20260729_01,tier1
xjTnaI3tItI,xjTnaI3tItI.mp4,284.866,286.366,segment_too_short,,cutfix_full_tier1_20260729_01,tier1
xjTnaI3tItI,xjTnaI3tItI.mp4,293.57,295.358,segment_too_short,,cutfix_full_tier1_20260729_01,tier1
xjTnaI3tItI,xjTnaI3tItI.mp4,298.69,299.774,segment_too_short,,cutfix_full_tier1_20260729_01,tier1
xjTnaI3tItI,xjTnaI3tItI.mp4,300.002,301.31,segment_too_short,,cutfix_full_tier1_20260729_01,tier1
xjTnaI3tItI,xjTnaI3tItI.mp4,301.73,302.494,segment_too_short,,cutfix_full_tier1_20260729_01,tier1
xjTnaI3tItI,xjTnaI3tItI.mp4,310.53,311.902,segment_too_short,,cutfix_full_tier1_20260729_01,tier1
xjTnaI3tItI,xjTnaI3tItI.mp4,312.098,313.438,segment_too_short,,cutfix_full_tier1_20260729_01,tier1
xjTnaI3tItI,xjTnaI3tItI.mp4,316.418,317.854,segment_too_short,,cutfix_full_tier1_20260729_01,tier1
xjTnaI3tItI,xjTnaI3tItI.mp4,318.498,319.582,segment_too_short,,cutfix_full_tier1_20260729_01,tier1
xjTnaI3tItI,xjTnaI3tItI.mp4,319.906,320.766,segment_too_short,,cutfix_full_tier1_20260729_01,tier1
xjTnaI3tItI,xjTnaI3tItI.mp4,320.866,321.758,segment_too_short,,cutfix_full_tier1_20260729_01,tier1
xjTnaI3tItI,xjTnaI3tItI.mp4,326.722,328.286,segment_too_short,,cutfix_full_tier1_20260729_01,tier1
xjTnaI3tItI,xjTnaI3tItI.mp4,328.45,328.99,segment_too_short,,cutfix_full_tier1_20260729_01,tier1
xjTnaI3tItI,xjTnaI3tItI.mp4,329.122,330.398,segment_too_short,,cutfix_full_tier1_20260729_01,tier1
xjTnaI3tItI,xjTnaI3tItI.mp4,336.674,337.566,segment_too_short,,cutfix_full_tier1_20260729_01,tier1
xjTnaI3tItI,xjTnaI3tItI.mp4,337.858,339.198,segment_too_short,,cutfix_full_tier1_20260729_01,tier1
xjTnaI3tItI,xjTnaI3tItI.mp4,339.65,341.054,segment_too_short,,cutfix_full_tier1_20260729_01,tier1
xjTnaI3tItI,xjTnaI3tItI.mp4,341.762,343.71,segment_too_short,,cutfix_full_tier1_20260729_01,tier1
xjTnaI3tItI,xjTnaI3tItI.mp4,356.354,357.374,segment_too_short,,cutfix_full_tier1_20260729_01,tier1
xjTnaI3tItI,xjTnaI3tItI.mp4,360.578,361.47,segment_too_short,,cutfix_full_tier1_20260729_01,tier1
xjTnaI3tItI,xjTnaI3tItI.mp4,361.57,362.238,segment_too_short,,cutfix_full_tier1_20260729_01,tier1
xjTnaI3tItI,xjTnaI3tItI.mp4,362.754,363.166,segment_too_short,,cutfix_full_tier1_20260729_01,tier1
xjTnaI3tItI,xjTnaI3tItI.mp4,363.458,365.374,segment_too_short,,cutfix_full_tier1_20260729_01,tier1
xjTnaI3tItI,xjTnaI3tItI.mp4,365.57,366.014,segment_too_short,,cutfix_full_tier1_20260729_01,tier1
xjTnaI3tItI,xjTnaI3tItI.mp4,366.818,368.222,segment_too_short,,cutfix_full_tier1_20260729_01,tier1
xjTnaI3tItI,xjTnaI3tItI.mp4,369.506,370.654,segment_too_short,,cutfix_full_tier1_20260729_01,tier1
xjTnaI3tItI,xjTnaI3tItI.mp4,370.914,371.486,segment_too_short,,cutfix_full_tier1_20260729_01,tier1
xjTnaI3tItI,xjTnaI3tItI.mp4,379.01,379.806,segment_too_short,,cutfix_full_tier1_20260729_01,tier1
xjTnaI3tItI,xjTnaI3tItI.mp4,388.93,390.334,segment_too_short,,cutfix_full_tier1_20260729_01,tier1
xjTnaI3tItI,xjTnaI3tItI.mp4,390.978,392.766,segment_too_short,,cutfix_full_tier1_20260729_01,tier1
xjTnaI3tItI,xjTnaI3tItI.mp4,393.282,394.91,segment_too_short,,cutfix_full_tier1_20260729_01,tier1
xjTnaI3tItI,xjTnaI3tItI.mp4,395.266,396.862,segment_too_short,,cutfix_full_tier1_20260729_01,tier1
xjTnaI3tItI,xjTnaI3tItI.mp4,397.41,398.59,segment_too_short,,cutfix_full_tier1_20260729_01,tier1
xjTnaI3tItI,xjTnaI3tItI.mp4,401.41,402.654,segment_too_short,,cutfix_full_tier1_20260729_01,tier1
xjTnaI3tItI,xjTnaI3tItI.mp4,402.882,403.486,segment_too_short,,cutfix_full_tier1_20260729_01,tier1
xjTnaI3tItI,xjTnaI3tItI.mp4,403.874,405.246,segment_too_short,,cutfix_full_tier1_20260729_01,tier1
xjTnaI3tItI,xjTnaI3tItI.mp4,408.418,408.99,segment_too_short,,cutfix_full_tier1_20260729_01,tier1
xjTnaI3tItI,xjTnaI3tItI.mp4,409.634,410.366,segment_too_short,,cutfix_full_tier1_20260729_01,tier1
xjTnaI3tItI,xjTnaI3tItI.mp4,411.074,411.966,segment_too_short,,cutfix_full_tier1_20260729_01,tier1
xjTnaI3tItI,xjTnaI3tItI.mp4,412.226,413.214,segment_too_short,,cutfix_full_tier1_20260729_01,tier1
xjTnaI3tItI,xjTnaI3tItI.mp4,414.114,414.942,segment_too_short,,cutfix_full_tier1_20260729_01,tier1
xjTnaI3tItI,xjTnaI3tItI.mp4,415.65,417.054,segment_too_short,,cutfix_full_tier1_20260729_01,tier1
xjTnaI3tItI,xjTnaI3tItI.mp4,417.474,418.43,segment_too_short,,cutfix_full_tier1_20260729_01,tier1
xjTnaI3tItI,xjTnaI3tItI.mp4,418.978,420.798,segment_too_short,,cutfix_full_tier1_20260729_01,tier1
xjTnaI3tItI,xjTnaI3tItI.mp4,421.218,421.854,segment_too_short,,cutfix_full_tier1_20260729_01,tier1
xjTnaI3tItI,xjTnaI3tItI.mp4,430.498,431.87,segment_too_short,,cutfix_full_tier1_20260729_01,tier1
xjTnaI3tItI,xjTnaI3tItI.mp4,432.066,432.734,segment_too_short,,cutfix_full_tier1_20260729_01,tier1
xjTnaI3tItI,xjTnaI3tItI.mp4,433.41,435.39,segment_too_short,,cutfix_full_tier1_20260729_01,tier1
xjTnaI3tItI,xjTnaI3tItI.mp4,436.066,437.15,segment_too_short,,cutfix_full_tier1_20260729_01,tier1
xjTnaI3tItI,xjTnaI3tItI.mp4,437.634,438.59,segment_too_short,,cutfix_full_tier1_20260729_01,tier1
xjTnaI3tItI,xjTnaI3tItI.mp4,439.042,439.582,segment_too_short,,cutfix_full_tier1_20260729_01,tier1
xjTnaI3tItI,xjTnaI3tItI.mp4,442.658,444.286,segment_too_short,,cutfix_full_tier1_20260729_01,tier1
xjTnaI3tItI,xjTnaI3tItI.mp4,451.17,451.966,segment_too_short,,cutfix_full_tier1_20260729_01,tier1
xjTnaI3tItI,xjTnaI3tItI.mp4,459.266,461.246,segment_too_short,,cutfix_full_tier1_20260729_01,tier1
xjTnaI3tItI,xjTnaI3tItI.mp4,463.714,464.67,segment_too_short,,cutfix_full_tier1_20260729_01,tier1
xjTnaI3tItI,xjTnaI3tItI.mp4,467.778,468.606,segment_too_short,,cutfix_full_tier1_20260729_01,tier1
xjTnaI3tItI,xjTnaI3tItI.mp4,474.114,475.102,segment_too_short,,cutfix_full_tier1_20260729_01,tier1
xjTnaI3tItI,xjTnaI3tItI.mp4,475.266,476.382,segment_too_short,,cutfix_full_tier1_20260729_01,tier1
xjTnaI3tItI,xjTnaI3tItI.mp4,476.994,477.31,segment_too_short,,cutfix_full_tier1_20260729_01,tier1
xjTnaI3tItI,xjTnaI3tItI.mp4,477.506,479.326,segment_too_short,,cutfix_full_tier1_20260729_01,tier1
xjTnaI3tItI,xjTnaI3tItI.mp4,480.866,481.662,segment_too_short,,cutfix_full_tier1_20260729_01,tier1
xjTnaI3tItI,xjTnaI3tItI.mp4,482.818,484.158,segment_too_short,,cutfix_full_tier1_20260729_01,tier1
xjTnaI3tItI,xjTnaI3tItI.mp4,484.45,485.374,segment_too_short,,cutfix_full_tier1_20260729_01,tier1
xjTnaI3tItI,xjTnaI3tItI.mp4,485.506,486.174,segment_too_short,,cutfix_full_tier1_20260729_01,tier1
xjTnaI3tItI,xjTnaI3tItI.mp4,486.466,487.102,segment_too_short,,cutfix_full_tier1_20260729_01,tier1
xjTnaI3tItI,xjTnaI3tItI.mp4,487.49,488.926,segment_too_short,,cutfix_full_tier1_20260729_01,tier1
xjTnaI3tItI,xjTnaI3tItI.mp4,489.538,490.142,segment_too_short,,cutfix_full_tier1_20260729_01,tier1
xjTnaI3tItI,xjTnaI3tItI.mp4,490.658,491.166,segment_too_short,,cutfix_full_tier1_20260729_01,tier1
xjTnaI3tItI,xjTnaI3tItI.mp4,492.066,492.606,segment_too_short,,cutfix_full_tier1_20260729_01,tier1
xjTnaI3tItI,xjTnaI3tItI.mp4,492.77,493.63,segment_too_short,,cutfix_full_tier1_20260729_01,tier1
xjTnaI3tItI,xjTnaI3tItI.mp4,494.338,495.006,segment_too_short,,cutfix_full_tier1_20260729_01,tier1
xjTnaI3tItI,xjTnaI3tItI.mp4,500.002,500.926,segment_too_short,,cutfix_full_tier1_20260729_01,tier1
xjTnaI3tItI,xjTnaI3tItI.mp4,503.362,503.678,segment_too_short,,cutfix_full_tier1_20260729_01,tier1
xjTnaI3tItI,xjTnaI3tItI.mp4,506.69,508.03,segment_too_short,,cutfix_full_tier1_20260729_01,tier1
xjTnaI3tItI,xjTnaI3tItI.mp4,514.658,515.294,segment_too_short,,cutfix_full_tier1_20260729_01,tier1
xjTnaI3tItI,xjTnaI3tItI.mp4,515.778,516.542,segment_too_short,,cutfix_full_tier1_20260729_01,tier1
xjTnaI3tItI,xjTnaI3tItI.mp4,516.962,517.47,segment_too_short,,cutfix_full_tier1_20260729_01,tier1
xjTnaI3tItI,xjTnaI3tItI.mp4,521.826,522.526,segment_too_short,,cutfix_full_tier1_20260729_01,tier1
xjTnaI3tItI,xjTnaI3tItI.mp4,522.978,524.446,segment_too_short,,cutfix_full_tier1_20260729_01,tier1
xjTnaI3tItI,xjTnaI3tItI.mp4,525.154,525.726,segment_too_short,,cutfix_full_tier1_20260729_01,tier1
xjTnaI3tItI,xjTnaI3tItI.mp4,527.106,528.158,segment_too_short,,cutfix_full_tier1_20260729_01,tier1
xjTnaI3tItI,xjTnaI3tItI.mp4,533.762,534.462,segment_too_short,,cutfix_full_tier1_20260729_01,tier1
xjTnaI3tItI,xjTnaI3tItI.mp4,538.562,539.07,segment_too_short,,cutfix_full_tier1_20260729_01,tier1
xjTnaI3tItI,xjTnaI3tItI.mp4,539.426,540.542,segment_too_short,,cutfix_full_tier1_20260729_01,tier1
xjTnaI3tItI,xjTnaI3tItI.mp4,542.466,543.038,segment_too_short,,cutfix_full_tier1_20260729_01,tier1
xjTnaI3tItI,xjTnaI3tItI.mp4,543.202,543.934,segment_too_short,,cutfix_full_tier1_20260729_01,tier1
xjTnaI3tItI,xjTnaI3tItI.mp4,544.098,544.638,segment_too_short,,cutfix_full_tier1_20260729_01,tier1
xjTnaI3tItI,xjTnaI3tItI.mp4,544.77,545.438,segment_too_short,,cutfix_full_tier1_20260729_01,tier1
xjTnaI3tItI,xjTnaI3tItI.mp4,545.666,546.59,segment_too_short,,cutfix_full_tier1_20260729_01,tier1
xjTnaI3tItI,xjTnaI3tItI.mp4,546.85,548.126,segment_too_short,,cutfix_full_tier1_20260729_01,tier1
xjTnaI3tItI,xjTnaI3tItI.mp4,548.386,549.118,segment_too_short,,cutfix_full_tier1_20260729_01,tier1
xjTnaI3tItI,xjTnaI3tItI.mp4,549.89,551.678,segment_too_short,,cutfix_full_tier1_20260729_01,tier1
xjTnaI3tItI,xjTnaI3tItI.mp4,552.226,552.83,segment_too_short,,cutfix_full_tier1_20260729_01,tier1
xjTnaI3tItI,xjTnaI3tItI.mp4,553.922,555.614,segment_too_short,,cutfix_full_tier1_20260729_01,tier1
xjTnaI3tItI,xjTnaI3tItI.mp4,555.906,556.638,segment_too_short,,cutfix_full_tier1_20260729_01,tier1
xjTnaI3tItI,xjTnaI3tItI.mp4,556.834,558.27,segment_too_short,,cutfix_full_tier1_20260729_01,tier1
xjTnaI3tItI,xjTnaI3tItI.mp4,558.37,559.006,segment_too_short,,cutfix_full_tier1_20260729_01,tier1
xjTnaI3tItI,xjTnaI3tItI.mp4,564.45,565.182,segment_too_short,,cutfix_full_tier1_20260729_01,tier1
xjTnaI3tItI,xjTnaI3tItI.mp4,565.442,566.782,segment_too_short,,cutfix_full_tier1_20260729_01,tier1
xjTnaI3tItI,xjTnaI3tItI.mp4,567.042,568.83,segment_too_short,,cutfix_full_tier1_20260729_01,tier1
xjTnaI3tItI,xjTnaI3tItI.mp4,569.698,570.75,segment_too_short,,cutfix_full_tier1_20260729_01,tier1
xjTnaI3tItI,xjTnaI3tItI.mp4,571.234,572.606,segment_too_short,,cutfix_full_tier1_20260729_01,tier1
xjTnaI3tItI,xjTnaI3tItI.mp4,575.458,576.606,segment_too_short,,cutfix_full_tier1_20260729_01,tier1
xjTnaI3tItI,xjTnaI3tItI.mp4,576.77,577.63,segment_too_short,,cutfix_full_tier1_20260729_01,tier1
xjTnaI3tItI,xjTnaI3tItI.mp4,581.058,581.566,segment_too_short,,cutfix_full_tier1_20260729_01,tier1
xjTnaI3tItI,xjTnaI3tItI.mp4,585.922,586.846,segment_too_short,,cutfix_full_tier1_20260729_01,tier1
xjTnaI3tItI,xjTnaI3tItI.mp4,587.426,588.03,segment_too_short,,cutfix_full_tier1_20260729_01,tier1
xjTnaI3tItI,xjTnaI3tItI.mp4,588.194,589.054,segment_too_short,,cutfix_full_tier1_20260729_01,tier1
xjTnaI3tItI,xjTnaI3tItI.mp4,589.186,590.526,segment_too_short,,cutfix_full_tier1_20260729_01,tier1
xjTnaI3tItI,xjTnaI3tItI.mp4,591.234,591.998,segment_too_short,,cutfix_full_tier1_20260729_01,tier1
xjTnaI3tItI,xjTnaI3tItI.mp4,595.65,597.022,segment_too_short,,cutfix_full_tier1_20260729_01,tier1
xjTnaI3tItI,xjTnaI3tItI.mp4,597.57,598.27,segment_too_short,,cutfix_full_tier1_20260729_01,tier1
xjTnaI3tItI,xjTnaI3tItI.mp4,599.042,600.702,segment_too_short,,cutfix_full_tier1_20260729_01,tier1
xjTnaI3tItI,xjTnaI3tItI.mp4,607.042,607.742,segment_too_short,,cutfix_full_tier1_20260729_01,tier1
xjTnaI3tItI,xjTnaI3tItI.mp4,607.938,609.726,segment_too_short,,cutfix_full_tier1_20260729_01,tier1
xjTnaI3tItI,xjTnaI3tItI.mp4,612.706,613.47,segment_too_short,,cutfix_full_tier1_20260729_01,tier1
xjTnaI3tItI,xjTnaI3tItI.mp4,623.874,625.054,segment_too_short,,cutfix_full_tier1_20260729_01,tier1
xjTnaI3tItI,xjTnaI3tItI.mp4,625.698,626.654,segment_too_short,,cutfix_full_tier1_20260729_01,tier1
xjTnaI3tItI,xjTnaI3tItI.mp4,628.834,630.014,segment_too_short,,cutfix_full_tier1_20260729_01,tier1
xjTnaI3tItI,xjTnaI3tItI.mp4,630.242,630.654,segment_too_short,,cutfix_full_tier1_20260729_01,tier1
xjTnaI3tItI,xjTnaI3tItI.mp4,631.042,632.478,segment_too_short,,cutfix_full_tier1_20260729_01,tier1
xjTnaI3tItI,xjTnaI3tItI.mp4,633.282,634.206,segment_too_short,,cutfix_full_tier1_20260729_01,tier1
xjTnaI3tItI,xjTnaI3tItI.mp4,634.53,635.262,segment_too_short,,cutfix_full_tier1_20260729_01,tier1
xjTnaI3tItI,xjTnaI3tItI.mp4,635.394,636.158,segment_too_short,,cutfix_full_tier1_20260729_01,tier1
xjTnaI3tItI,xjTnaI3tItI.mp4,636.866,638.302,segment_too_short,,cutfix_full_tier1_20260729_01,tier1
