clip_id,source_video,start_time,end_time,duration,face_ratio,speech_ratio,snr,file_path,tier,decode_backend,cut_backend,run_id
I5pa5xQhDeQ_s0000000226_e0000005226,I5pa5xQhDeQ,0.226,5.226,5.0,1.0,1.0,9.0,/kaggle/working/cut_cutfix_full_tier1_20260729_01/tier1/200_250/media/I5pa5xQhDeQ_s0000000226_e0000005226.mp4,tier1,cuda,nvenc,cutfix_full_tier1_20260729_01
I5pa5xQhDeQ_s0000004226_e0000009226,I5pa5xQhDeQ,4.226,9.226,5.0,1.0,1.0,8.15,/kaggle/working/cut_cutfix_full_tier1_20260729_01/tier1/200_250/media/I5pa5xQhDeQ_s0000004226_e0000009226.mp4,tier1,cuda,nvenc,cutfix_full_tier1_20260729_01
I5pa5xQhDeQ_s0000008226_e0000013226,I5pa5xQhDeQ,8.226,13.226,5.0,1.0,1.0,8.78,/kaggle/working/cut_cutfix_full_tier1_20260729_01/tier1/200_250/media/I5pa5xQhDeQ_s0000008226_e0000013226.mp4,tier1,cuda,nvenc,cutfix_full_tier1_20260729_01
I5pa5xQhDeQ_s0000012226_e0000017226,I5pa5xQhDeQ,12.226,17.226,5.0,1.0,1.0,8.78,/kaggle/working/cut_cutfix_full_tier1_20260729_01/tier1/200_250/media/I5pa5xQhDeQ_s0000012226_e0000017226.mp4,tier1,cuda,nvenc,cutfix_full_tier1_20260729_01
I5pa5xQhDeQ_s0000024386_e0000029386,I5pa5xQhDeQ,24.386,29.386,5.0,1.0,1.0,7.8,/kaggle/working/cut_cutfix_full_tier1_20260729_01/tier1/200_250/media/I5pa5xQhDeQ_s0000024386_e0000029386.mp4,tier1,cuda,nvenc,cutfix_full_tier1_20260729_01
I5pa5xQhDeQ_s0000028386_e0000033386,I5pa5xQhDeQ,28.386,33.386,5.0,1.0,1.0,7.26,/kaggle/working/cut_cutfix_full_tier1_20260729_01/tier1/200_250/media/I5pa5xQhDeQ_s0000028386_e0000033386.mp4,tier1,cuda,nvenc,cutfix_full_tier1_20260729_01
I5pa5xQhDeQ_s0000032386_e0000037386,I5pa5xQhDeQ,32.386,37.386,5.0,1.0,1.0,8.04,/kaggle/working/cut_cutfix_full_tier1_20260729_01/tier1/200_250/media/I5pa5xQhDeQ_s0000032386_e0000037386.mp4,tier1,cuda,nvenc,cutfix_full_tier1_20260729_01
I5pa5xQhDeQ_s0000036386_e0000041022,I5pa5xQhDeQ,36.386,41.022,4.636,1.0,1.0,8.24,/kaggle/working/cut_cutfix_full_tier1_20260729_01/tier1/200_250/media/I5pa5xQhDeQ_s0000036386_e0000041022.mp4,tier1,cuda,nvenc,cutfix_full_tier1_20260729_01
I5pa5xQhDeQ_s0000041122_e0000048606,I5pa5xQhDeQ,41.122,48.606,7.484,1.0,1.0,7.86,/kaggle/working/cut_cutfix_full_tier1_20260729_01/tier1/200_250/media/I5pa5xQhDeQ_s0000041122_e0000048606.mp4,tier1,cuda,nvenc,cutfix_full_tier1_20260729_01
I5pa5xQhDeQ_s0000053346_e0000065246,I5pa5xQhDeQ,53.346,65.246,11.9,0.917,1.0,8.15,/kaggle/working/cut_cutfix_full_tier1_20260729_01/tier1/200_250/media/I5pa5xQhDeQ_s0000053346_e0000065246.mp4,tier1,cuda,nvenc,cutfix_full_tier1_20260729_01
I5pa5xQhDeQ_s0000083362_e0000088362,I5pa5xQhDeQ,83.362,88.362,5.0,1.0,1.0,7.6,/kaggle/working/cut_cutfix_full_tier1_20260729_01/tier1/200_250/media/I5pa5xQhDeQ_s0000083362_e0000088362.mp4,tier1,cuda,nvenc,cutfix_full_tier1_20260729_01
I5pa5xQhDeQ_s0000087362_e0000092362,I5pa5xQhDeQ,87.362,92.362,5.0,1.0,1.0,8.59,/kaggle/working/cut_cutfix_full_tier1_20260729_01/tier1/200_250/media/I5pa5xQhDeQ_s0000087362_e0000092362.mp4,tier1,cuda,nvenc,cutfix_full_tier1_20260729_01
I5pa5xQhDeQ_s0000091362_e0000095454,I5pa5xQhDeQ,91.362,95.454,4.092,1.0,1.0,7.94,/kaggle/working/cut_cutfix_full_tier1_20260729_01/tier1/200_250/media/I5pa5xQhDeQ_s0000091362_e0000095454.mp4,tier1,cuda,nvenc,cutfix_full_tier1_20260729_01
I5pa5xQhDeQ_s0000095618_e0000100618,I5pa5xQhDeQ,95.618,100.618,5.0,1.0,1.0,7.95,/kaggle/working/cut_cutfix_full_tier1_20260729_01/tier1/200_250/media/I5pa5xQhDeQ_s0000095618_e0000100618.mp4,tier1,cuda,nvenc,cutfix_full_tier1_20260729_01
I5pa5xQhDeQ_s0000099618_e0000104618,I5pa5xQhDeQ,99.618,104.618,5.0,1.0,1.0,8.37,/kaggle/working/cut_cutfix_full_tier1_20260729_01/tier1/200_250/media/I5pa5xQhDeQ_s0000099618_e0000104618.mp4,tier1,cuda,nvenc,cutfix_full_tier1_20260729_01
I5pa5xQhDeQ_s0000103618_e0000108618,I5pa5xQhDeQ,103.618,108.618,5.0,1.0,1.0,7.73,/kaggle/working/cut_cutfix_full_tier1_20260729_01/tier1/200_250/media/I5pa5xQhDeQ_s0000103618_e0000108618.mp4,tier1,cuda,nvenc,cutfix_full_tier1_20260729_01
I5pa5xQhDeQ_s0000109570_e0000114570,I5pa5xQhDeQ,109.57,114.57,5.0,1.0,1.0,8.4,/kaggle/working/cut_cutfix_full_tier1_20260729_01/tier1/200_250/media/I5pa5xQhDeQ_s0000109570_e0000114570.mp4,tier1,cuda,nvenc,cutfix_full_tier1_20260729_01
I5pa5xQhDeQ_s0000121570_e0000126570,I5pa5xQhDeQ,121.57,126.57,5.0,1.0,1.0,8.04,/kaggle/working/cut_cutfix_full_tier1_20260729_01/tier1/200_250/media/I5pa5xQhDeQ_s0000121570_e0000126570.mp4,tier1,cuda,nvenc,cutfix_full_tier1_20260729_01
I5pa5xQhDeQ_s0000125570_e0000128766,I5pa5xQhDeQ,125.57,128.766,3.196,1.0,1.0,7.4,/kaggle/working/cut_cutfix_full_tier1_20260729_01/tier1/200_250/media/I5pa5xQhDeQ_s0000125570_e0000128766.mp4,tier1,cuda,nvenc,cutfix_full_tier1_20260729_01
I5pa5xQhDeQ_s0000128898_e0000132926,I5pa5xQhDeQ,128.898,132.926,4.028,1.0,1.0,8.35,/kaggle/working/cut_cutfix_full_tier1_20260729_01/tier1/200_250/media/I5pa5xQhDeQ_s0000128898_e0000132926.mp4,tier1,cuda,nvenc,cutfix_full_tier1_20260729_01
I5pa5xQhDeQ_s0000133474_e0000138686,I5pa5xQhDeQ,133.474,138.686,5.212,1.0,1.0,8.63,/kaggle/working/cut_cutfix_full_tier1_20260729_01/tier1/200_250/media/I5pa5xQhDeQ_s0000133474_e0000138686.mp4,tier1,cuda,nvenc,cutfix_full_tier1_20260729_01
I5pa5xQhDeQ_s0000140706_e0000148798,I5pa5xQhDeQ,140.706,148.798,8.092,1.0,1.0,8.0,/kaggle/working/cut_cutfix_full_tier1_20260729_01/tier1/200_250/media/I5pa5xQhDeQ_s0000140706_e0000148798.mp4,tier1,cuda,nvenc,cutfix_full_tier1_20260729_01
I5pa5xQhDeQ_s0000149602_e0000154814,I5pa5xQhDeQ,149.602,154.814,5.212,1.0,1.0,7.92,/kaggle/working/cut_cutfix_full_tier1_20260729_01/tier1/200_250/media/I5pa5xQhDeQ_s0000149602_e0000154814.mp4,tier1,cuda,nvenc,cutfix_full_tier1_20260729_01
I5pa5xQhDeQ_s0000156418_e0000166174,I5pa5xQhDeQ,156.418,166.174,9.756,1.0,1.0,7.96,/kaggle/working/cut_cutfix_full_tier1_20260729_01/tier1/200_250/media/I5pa5xQhDeQ_s0000156418_e0000166174.mp4,tier1,cuda,nvenc,cutfix_full_tier1_20260729_01
I5pa5xQhDeQ_s0000166306_e0000170334,I5pa5xQhDeQ,166.306,170.334,4.028,1.0,1.0,7.67,/kaggle/working/cut_cutfix_full_tier1_20260729_01/tier1/200_250/media/I5pa5xQhDeQ_s0000166306_e0000170334.mp4,tier1,cuda,nvenc,cutfix_full_tier1_20260729_01
I5pa5xQhDeQ_s0000170434_e0000175582,I5pa5xQhDeQ,170.434,175.582,5.148,1.0,1.0,7.48,/kaggle/working/cut_cutfix_full_tier1_20260729_01/tier1/200_250/media/I5pa5xQhDeQ_s0000170434_e0000175582.mp4,tier1,cuda,nvenc,cutfix_full_tier1_20260729_01
I5pa5xQhDeQ_s0000180450_e0000187262,I5pa5xQhDeQ,180.45,187.262,6.812,0.714,1.0,7.53,/kaggle/working/cut_cutfix_full_tier1_20260729_01/tier1/200_250/media/I5pa5xQhDeQ_s0000180450_e0000187262.mp4,tier1,cuda,nvenc,cutfix_full_tier1_20260729_01
I5pa5xQhDeQ_s0000187394_e0000192222,I5pa5xQhDeQ,187.394,192.222,4.828,1.0,1.0,8.24,/kaggle/working/cut_cutfix_full_tier1_20260729_01/tier1/200_250/media/I5pa5xQhDeQ_s0000187394_e0000192222.mp4,tier1,cuda,nvenc,cutfix_full_tier1_20260729_01
I5pa5xQhDeQ_s0000194690_e0000199690,I5pa5xQhDeQ,194.69,199.69,5.0,1.0,1.0,8.65,/kaggle/working/cut_cutfix_full_tier1_20260729_01/tier1/200_250/media/I5pa5xQhDeQ_s0000194690_e0000199690.mp4,tier1,cuda,nvenc,cutfix_full_tier1_20260729_01
I5pa5xQhDeQ_s0000198690_e0000203690,I5pa5xQhDeQ,198.69,203.69,5.0,1.0,1.0,8.91,/kaggle/working/cut_cutfix_full_tier1_20260729_01/tier1/200_250/media/I5pa5xQhDeQ_s0000198690_e0000203690.mp4,tier1,cuda,nvenc,cutfix_full_tier1_20260729_01
I5pa5xQhDeQ_s0000202690_e0000206750,I5pa5xQhDeQ,202.69,206.75,4.06,1.0,1.0,7.97,/kaggle/working/cut_cutfix_full_tier1_20260729_01/tier1/200_250/media/I5pa5xQhDeQ_s0000202690_e0000206750.mp4,tier1,cuda,nvenc,cutfix_full_tier1_20260729_01
I5pa5xQhDeQ_s0000207202_e0000211582,I5pa5xQhDeQ,207.202,211.582,4.38,1.0,1.0,8.38,/kaggle/working/cut_cutfix_full_tier1_20260729_01/tier1/200_250/media/I5pa5xQhDeQ_s0000207202_e0000211582.mp4,tier1,cuda,nvenc,cutfix_full_tier1_20260729_01
I5pa5xQhDeQ_s0000218242_e0000222110,I5pa5xQhDeQ,218.242,222.11,3.868,1.0,1.0,8.51,/kaggle/working/cut_cutfix_full_tier1_20260729_01/tier1/200_250/media/I5pa5xQhDeQ_s0000218242_e0000222110.mp4,tier1,cuda,nvenc,cutfix_full_tier1_20260729_01
I5pa5xQhDeQ_s0000246146_e0000249214,I5pa5xQhDeQ,246.146,249.214,3.068,1.0,1.0,8.73,/kaggle/working/cut_cutfix_full_tier1_20260729_01/tier1/200_250/media/I5pa5xQhDeQ_s0000246146_e0000249214.mp4,tier1,cuda,nvenc,cutfix_full_tier1_20260729_01
I5pa5xQhDeQ_s0000249346_e0000253182,I5pa5xQhDeQ,249.346,253.182,3.836,1.0,1.0,8.08,/kaggle/working/cut_cutfix_full_tier1_20260729_01/tier1/200_250/media/I5pa5xQhDeQ_s0000249346_e0000253182.mp4,tier1,cuda,nvenc,cutfix_full_tier1_20260729_01
I5pa5xQhDeQ_s0000254754_e0000258110,I5pa5xQhDeQ,254.754,258.11,3.356,1.0,1.0,7.77,/kaggle/working/cut_cutfix_full_tier1_20260729_01/tier1/200_250/media/I5pa5xQhDeQ_s0000254754_e0000258110.mp4,tier1,cuda,nvenc,cutfix_full_tier1_20260729_01
I5pa5xQhDeQ_s0000263170_e0000265310,I5pa5xQhDeQ,263.17,265.31,2.14,1.0,1.0,7.8,/kaggle/working/cut_cutfix_full_tier1_20260729_01/tier1/200_250/media/I5pa5xQhDeQ_s0000263170_e0000265310.mp4,tier1,cuda,nvenc,cutfix_full_tier1_20260729_01
I5pa5xQhDeQ_s0000271650_e0000277182,I5pa5xQhDeQ,271.65,277.182,5.532,1.0,1.0,8.17,/kaggle/working/cut_cutfix_full_tier1_20260729_01/tier1/200_250/media/I5pa5xQhDeQ_s0000271650_e0000277182.mp4,tier1,cuda,nvenc,cutfix_full_tier1_20260729_01
I5pa5xQhDeQ_s0000277314_e0000280638,I5pa5xQhDeQ,277.314,280.638,3.324,1.0,1.0,8.02,/kaggle/working/cut_cutfix_full_tier1_20260729_01/tier1/200_250/media/I5pa5xQhDeQ_s0000277314_e0000280638.mp4,tier1,cuda,nvenc,cutfix_full_tier1_20260729_01
I5pa5xQhDeQ_s0000283874_e0000288874,I5pa5xQhDeQ,283.874,288.874,5.0,1.0,1.0,7.91,/kaggle/working/cut_cutfix_full_tier1_20260729_01/tier1/200_250/media/I5pa5xQhDeQ_s0000283874_e0000288874.mp4,tier1,cuda,nvenc,cutfix_full_tier1_20260729_01
I5pa5xQhDeQ_s0000287874_e0000292874,I5pa5xQhDeQ,287.874,292.874,5.0,1.0,1.0,7.29,/kaggle/working/cut_cutfix_full_tier1_20260729_01/tier1/200_250/media/I5pa5xQhDeQ_s0000287874_e0000292874.mp4,tier1,cuda,nvenc,cutfix_full_tier1_20260729_01
I5pa5xQhDeQ_s0000304674_e0000311902,I5pa5xQhDeQ,304.674,311.902,7.228,1.0,1.0,8.17,/kaggle/working/cut_cutfix_full_tier1_20260729_01/tier1/200_250/media/I5pa5xQhDeQ_s0000304674_e0000311902.mp4,tier1,cuda,nvenc,cutfix_full_tier1_20260729_01
I5pa5xQhDeQ_s0000312578_e0000316414,I5pa5xQhDeQ,312.578,316.414,3.836,1.0,1.0,7.78,/kaggle/working/cut_cutfix_full_tier1_20260729_01/tier1/200_250/media/I5pa5xQhDeQ_s0000312578_e0000316414.mp4,tier1,cuda,nvenc,cutfix_full_tier1_20260729_01
I5pa5xQhDeQ_s0000316834_e0000321950,I5pa5xQhDeQ,316.834,321.95,5.116,1.0,1.0,7.94,/kaggle/working/cut_cutfix_full_tier1_20260729_01/tier1/200_250/media/I5pa5xQhDeQ_s0000316834_e0000321950.mp4,tier1,cuda,nvenc,cutfix_full_tier1_20260729_01
I5pa5xQhDeQ_s0000322626_e0000327626,I5pa5xQhDeQ,322.626,327.626,5.0,1.0,1.0,8.46,/kaggle/working/cut_cutfix_full_tier1_20260729_01/tier1/200_250/media/I5pa5xQhDeQ_s0000322626_e0000327626.mp4,tier1,cuda,nvenc,cutfix_full_tier1_20260729_01
I5pa5xQhDeQ_s0000326626_e0000331626,I5pa5xQhDeQ,326.626,331.626,5.0,1.0,1.0,7.96,/kaggle/working/cut_cutfix_full_tier1_20260729_01/tier1/200_250/media/I5pa5xQhDeQ_s0000326626_e0000331626.mp4,tier1,cuda,nvenc,cutfix_full_tier1_20260729_01
I5pa5xQhDeQ_s0000330626_e0000335626,I5pa5xQhDeQ,330.626,335.626,5.0,1.0,1.0,8.07,/kaggle/working/cut_cutfix_full_tier1_20260729_01/tier1/200_250/media/I5pa5xQhDeQ_s0000330626_e0000335626.mp4,tier1,cuda,nvenc,cutfix_full_tier1_20260729_01
I5pa5xQhDeQ_s0000334626_e0000339626,I5pa5xQhDeQ,334.626,339.626,5.0,1.0,1.0,8.39,/kaggle/working/cut_cutfix_full_tier1_20260729_01/tier1/200_250/media/I5pa5xQhDeQ_s0000334626_e0000339626.mp4,tier1,cuda,nvenc,cutfix_full_tier1_20260729_01
I5pa5xQhDeQ_s0000338626_e0000343626,I5pa5xQhDeQ,338.626,343.626,5.0,1.0,1.0,8.21,/kaggle/working/cut_cutfix_full_tier1_20260729_01/tier1/200_250/media/I5pa5xQhDeQ_s0000338626_e0000343626.mp4,tier1,cuda,nvenc,cutfix_full_tier1_20260729_01
I5pa5xQhDeQ_s0000342626_e0000347626,I5pa5xQhDeQ,342.626,347.626,5.0,1.0,1.0,7.71,/kaggle/working/cut_cutfix_full_tier1_20260729_01/tier1/200_250/media/I5pa5xQhDeQ_s0000342626_e0000347626.mp4,tier1,cuda,nvenc,cutfix_full_tier1_20260729_01
I5pa5xQhDeQ_s0000346626_e0000351626,I5pa5xQhDeQ,346.626,351.626,5.0,1.0,1.0,7.45,/kaggle/working/cut_cutfix_full_tier1_20260729_01/tier1/200_250/media/I5pa5xQhDeQ_s0000346626_e0000351626.mp4,tier1,cuda,nvenc,cutfix_full_tier1_20260729_01
I5pa5xQhDeQ_s0000350626_e0000355626,I5pa5xQhDeQ,350.626,355.626,5.0,1.0,1.0,7.67,/kaggle/working/cut_cutfix_full_tier1_20260729_01/tier1/200_250/media/I5pa5xQhDeQ_s0000350626_e0000355626.mp4,tier1,cuda,nvenc,cutfix_full_tier1_20260729_01
I5pa5xQhDeQ_s0000354626_e0000359626,I5pa5xQhDeQ,354.626,359.626,5.0,1.0,1.0,8.21,/kaggle/working/cut_cutfix_full_tier1_20260729_01/tier1/200_250/media/I5pa5xQhDeQ_s0000354626_e0000359626.mp4,tier1,cuda,nvenc,cutfix_full_tier1_20260729_01
I5pa5xQhDeQ_s0000358626_e0000363626,I5pa5xQhDeQ,358.626,363.626,5.0,1.0,1.0,7.77,/kaggle/working/cut_cutfix_full_tier1_20260729_01/tier1/200_250/media/I5pa5xQhDeQ_s0000358626_e0000363626.mp4,tier1,cuda,nvenc,cutfix_full_tier1_20260729_01
I5pa5xQhDeQ_s0000362626_e0000367626,I5pa5xQhDeQ,362.626,367.626,5.0,1.0,1.0,8.5,/kaggle/working/cut_cutfix_full_tier1_20260729_01/tier1/200_250/media/I5pa5xQhDeQ_s0000362626_e0000367626.mp4,tier1,cuda,nvenc,cutfix_full_tier1_20260729_01
I5pa5xQhDeQ_s0000376162_e0000381162,I5pa5xQhDeQ,376.162,381.162,5.0,1.0,1.0,8.29,/kaggle/working/cut_cutfix_full_tier1_20260729_01/tier1/200_250/media/I5pa5xQhDeQ_s0000376162_e0000381162.mp4,tier1,cuda,nvenc,cutfix_full_tier1_20260729_01
I5pa5xQhDeQ_s0000380162_e0000385162,I5pa5xQhDeQ,380.162,385.162,5.0,1.0,1.0,8.35,/kaggle/working/cut_cutfix_full_tier1_20260729_01/tier1/200_250/media/I5pa5xQhDeQ_s0000380162_e0000385162.mp4,tier1,cuda,nvenc,cutfix_full_tier1_20260729_01
I5pa5xQhDeQ_s0000384162_e0000389162,I5pa5xQhDeQ,384.162,389.162,5.0,1.0,1.0,8.36,/kaggle/working/cut_cutfix_full_tier1_20260729_01/tier1/200_250/media/I5pa5xQhDeQ_s0000384162_e0000389162.mp4,tier1,cuda,nvenc,cutfix_full_tier1_20260729_01
I5pa5xQhDeQ_s0000388162_e0000393162,I5pa5xQhDeQ,388.162,393.162,5.0,1.0,1.0,7.94,/kaggle/working/cut_cutfix_full_tier1_20260729_01/tier1/200_250/media/I5pa5xQhDeQ_s0000388162_e0000393162.mp4,tier1,cuda,nvenc,cutfix_full_tier1_20260729_01
I5pa5xQhDeQ_s0000392162_e0000397162,I5pa5xQhDeQ,392.162,397.162,5.0,1.0,1.0,8.28,/kaggle/working/cut_cutfix_full_tier1_20260729_01/tier1/200_250/media/I5pa5xQhDeQ_s0000392162_e0000397162.mp4,tier1,cuda,nvenc,cutfix_full_tier1_20260729_01
I5pa5xQhDeQ_s0000397442_e0000402442,I5pa5xQhDeQ,397.442,402.442,5.0,1.0,1.0,8.14,/kaggle/working/cut_cutfix_full_tier1_20260729_01/tier1/200_250/media/I5pa5xQhDeQ_s0000397442_e0000402442.mp4,tier1,cuda,nvenc,cutfix_full_tier1_20260729_01
I5pa5xQhDeQ_s0000401442_e0000406442,I5pa5xQhDeQ,401.442,406.442,5.0,1.0,1.0,8.5,/kaggle/working/cut_cutfix_full_tier1_20260729_01/tier1/200_250/media/I5pa5xQhDeQ_s0000401442_e0000406442.mp4,tier1,cuda,nvenc,cutfix_full_tier1_20260729_01
I5pa5xQhDeQ_s0000417442_e0000422442,I5pa5xQhDeQ,417.442,422.442,5.0,1.0,1.0,7.9,/kaggle/working/cut_cutfix_full_tier1_20260729_01/tier1/200_250/media/I5pa5xQhDeQ_s0000417442_e0000422442.mp4,tier1,cuda,nvenc,cutfix_full_tier1_20260729_01
I5pa5xQhDeQ_s0000421442_e0000426442,I5pa5xQhDeQ,421.442,426.442,5.0,1.0,1.0,8.38,/kaggle/working/cut_cutfix_full_tier1_20260729_01/tier1/200_250/media/I5pa5xQhDeQ_s0000421442_e0000426442.mp4,tier1,cuda,nvenc,cutfix_full_tier1_20260729_01
I5pa5xQhDeQ_s0000425442_e0000430442,I5pa5xQhDeQ,425.442,430.442,5.0,1.0,1.0,8.34,/kaggle/working/cut_cutfix_full_tier1_20260729_01/tier1/200_250/media/I5pa5xQhDeQ_s0000425442_e0000430442.mp4,tier1,cuda,nvenc,cutfix_full_tier1_20260729_01
I5pa5xQhDeQ_s0000429442_e0000434442,I5pa5xQhDeQ,429.442,434.442,5.0,1.0,1.0,7.81,/kaggle/working/cut_cutfix_full_tier1_20260729_01/tier1/200_250/media/I5pa5xQhDeQ_s0000429442_e0000434442.mp4,tier1,cuda,nvenc,cutfix_full_tier1_20260729_01
I5pa5xQhDeQ_s0000433442_e0000438442,I5pa5xQhDeQ,433.442,438.442,5.0,1.0,1.0,7.36,/kaggle/working/cut_cutfix_full_tier1_20260729_01/tier1/200_250/media/I5pa5xQhDeQ_s0000433442_e0000438442.mp4,tier1,cuda,nvenc,cutfix_full_tier1_20260729_01
I5pa5xQhDeQ_s0000437442_e0000442442,I5pa5xQhDeQ,437.442,442.442,5.0,1.0,1.0,7.56,/kaggle/working/cut_cutfix_full_tier1_20260729_01/tier1/200_250/media/I5pa5xQhDeQ_s0000437442_e0000442442.mp4,tier1,cuda,nvenc,cutfix_full_tier1_20260729_01
I5pa5xQhDeQ_s0000441442_e0000446442,I5pa5xQhDeQ,441.442,446.442,5.0,1.0,1.0,8.14,/kaggle/working/cut_cutfix_full_tier1_20260729_01/tier1/200_250/media/I5pa5xQhDeQ_s0000441442_e0000446442.mp4,tier1,cuda,nvenc,cutfix_full_tier1_20260729_01
I5pa5xQhDeQ_s0000445442_e0000450442,I5pa5xQhDeQ,445.442,450.442,5.0,1.0,1.0,8.1,/kaggle/working/cut_cutfix_full_tier1_20260729_01/tier1/200_250/media/I5pa5xQhDeQ_s0000445442_e0000450442.mp4,tier1,cuda,nvenc,cutfix_full_tier1_20260729_01
I5pa5xQhDeQ_s0000449442_e0000454442,I5pa5xQhDeQ,449.442,454.442,5.0,1.0,1.0,8.35,/kaggle/working/cut_cutfix_full_tier1_20260729_01/tier1/200_250/media/I5pa5xQhDeQ_s0000449442_e0000454442.mp4,tier1,cuda,nvenc,cutfix_full_tier1_20260729_01
I5pa5xQhDeQ_s0000453442_e0000456542,I5pa5xQhDeQ,453.442,456.542,3.1,1.0,1.0,8.81,/kaggle/working/cut_cutfix_full_tier1_20260729_01/tier1/200_250/media/I5pa5xQhDeQ_s0000453442_e0000456542.mp4,tier1,cuda,nvenc,cutfix_full_tier1_20260729_01
I5pa5xQhDeQ_s0000456674_e0000461674,I5pa5xQhDeQ,456.674,461.674,5.0,1.0,1.0,8.25,/kaggle/working/cut_cutfix_full_tier1_20260729_01/tier1/200_250/media/I5pa5xQhDeQ_s0000456674_e0000461674.mp4,tier1,cuda,nvenc,cutfix_full_tier1_20260729_01
I5pa5xQhDeQ_s0000460674_e0000465674,I5pa5xQhDeQ,460.674,465.674,5.0,1.0,1.0,7.29,/kaggle/working/cut_cutfix_full_tier1_20260729_01/tier1/200_250/media/I5pa5xQhDeQ_s0000460674_e0000465674.mp4,tier1,cuda,nvenc,cutfix_full_tier1_20260729_01
I5pa5xQhDeQ_s0000464674_e0000469674,I5pa5xQhDeQ,464.674,469.674,5.0,1.0,1.0,7.89,/kaggle/working/cut_cutfix_full_tier1_20260729_01/tier1/200_250/media/I5pa5xQhDeQ_s0000464674_e0000469674.mp4,tier1,cuda,nvenc,cutfix_full_tier1_20260729_01
I5pa5xQhDeQ_s0000468674_e0000473674,I5pa5xQhDeQ,468.674,473.674,5.0,1.0,1.0,7.64,/kaggle/working/cut_cutfix_full_tier1_20260729_01/tier1/200_250/media/I5pa5xQhDeQ_s0000468674_e0000473674.mp4,tier1,cuda,nvenc,cutfix_full_tier1_20260729_01
I5pa5xQhDeQ_s0000472674_e0000477674,I5pa5xQhDeQ,472.674,477.674,5.0,1.0,1.0,7.89,/kaggle/working/cut_cutfix_full_tier1_20260729_01/tier1/200_250/media/I5pa5xQhDeQ_s0000472674_e0000477674.mp4,tier1,cuda,nvenc,cutfix_full_tier1_20260729_01
I5pa5xQhDeQ_s0000476674_e0000480638,I5pa5xQhDeQ,476.674,480.638,3.964,1.0,1.0,7.86,/kaggle/working/cut_cutfix_full_tier1_20260729_01/tier1/200_250/media/I5pa5xQhDeQ_s0000476674_e0000480638.mp4,tier1,cuda,nvenc,cutfix_full_tier1_20260729_01
I5pa5xQhDeQ_s0000480834_e0000485918,I5pa5xQhDeQ,480.834,485.918,5.084,1.0,1.0,8.06,/kaggle/working/cut_cutfix_full_tier1_20260729_01/tier1/200_250/media/I5pa5xQhDeQ_s0000480834_e0000485918.mp4,tier1,cuda,nvenc,cutfix_full_tier1_20260729_01
I5pa5xQhDeQ_s0000486274_e0000491274,I5pa5xQhDeQ,486.274,491.274,5.0,1.0,1.0,7.97,/kaggle/working/cut_cutfix_full_tier1_20260729_01/tier1/200_250/media/I5pa5xQhDeQ_s0000486274_e0000491274.mp4,tier1,cuda,nvenc,cutfix_full_tier1_20260729_01
I5pa5xQhDeQ_s0000490274_e0000495274,I5pa5xQhDeQ,490.274,495.274,5.0,1.0,1.0,7.86,/kaggle/working/cut_cutfix_full_tier1_20260729_01/tier1/200_250/media/I5pa5xQhDeQ_s0000490274_e0000495274.mp4,tier1,cuda,nvenc,cutfix_full_tier1_20260729_01
I5pa5xQhDeQ_s0000494274_e0000499274,I5pa5xQhDeQ,494.274,499.274,5.0,1.0,1.0,7.59,/kaggle/working/cut_cutfix_full_tier1_20260729_01/tier1/200_250/media/I5pa5xQhDeQ_s0000494274_e0000499274.mp4,tier1,cuda,nvenc,cutfix_full_tier1_20260729_01
I5pa5xQhDeQ_s0000498274_e0000503274,I5pa5xQhDeQ,498.274,503.274,5.0,1.0,1.0,7.38,/kaggle/working/cut_cutfix_full_tier1_20260729_01/tier1/200_250/media/I5pa5xQhDeQ_s0000498274_e0000503274.mp4,tier1,cuda,nvenc,cutfix_full_tier1_20260729_01
I5pa5xQhDeQ_s0000502274_e0000505854,I5pa5xQhDeQ,502.274,505.854,3.58,1.0,1.0,7.5,/kaggle/working/cut_cutfix_full_tier1_20260729_01/tier1/200_250/media/I5pa5xQhDeQ_s0000502274_e0000505854.mp4,tier1,cuda,nvenc,cutfix_full_tier1_20260729_01
I5pa5xQhDeQ_s0000506914_e0000511006,I5pa5xQhDeQ,506.914,511.006,4.092,1.0,1.0,8.33,/kaggle/working/cut_cutfix_full_tier1_20260729_01/tier1/200_250/media/I5pa5xQhDeQ_s0000506914_e0000511006.mp4,tier1,cuda,nvenc,cutfix_full_tier1_20260729_01
I5pa5xQhDeQ_s0000511458_e0000516458,I5pa5xQhDeQ,511.458,516.458,5.0,1.0,1.0,8.17,/kaggle/working/cut_cutfix_full_tier1_20260729_01/tier1/200_250/media/I5pa5xQhDeQ_s0000511458_e0000516458.mp4,tier1,cuda,nvenc,cutfix_full_tier1_20260729_01
I5pa5xQhDeQ_s0000515458_e0000520458,I5pa5xQhDeQ,515.458,520.458,5.0,1.0,1.0,8.15,/kaggle/working/cut_cutfix_full_tier1_20260729_01/tier1/200_250/media/I5pa5xQhDeQ_s0000515458_e0000520458.mp4,tier1,cuda,nvenc,cutfix_full_tier1_20260729_01
I5pa5xQhDeQ_s0000519458_e0000524458,I5pa5xQhDeQ,519.458,524.458,5.0,1.0,1.0,8.03,/kaggle/working/cut_cutfix_full_tier1_20260729_01/tier1/200_250/media/I5pa5xQhDeQ_s0000519458_e0000524458.mp4,tier1,cuda,nvenc,cutfix_full_tier1_20260729_01
I5pa5xQhDeQ_s0000523458_e0000528458,I5pa5xQhDeQ,523.458,528.458,5.0,1.0,1.0,8.18,/kaggle/working/cut_cutfix_full_tier1_20260729_01/tier1/200_250/media/I5pa5xQhDeQ_s0000523458_e0000528458.mp4,tier1,cuda,nvenc,cutfix_full_tier1_20260729_01
I5pa5xQhDeQ_s0000530050_e0000537950,I5pa5xQhDeQ,530.05,537.95,7.9,1.0,1.0,8.02,/kaggle/working/cut_cutfix_full_tier1_20260729_01/tier1/200_250/media/I5pa5xQhDeQ_s0000530050_e0000537950.mp4,tier1,cuda,nvenc,cutfix_full_tier1_20260729_01
I5pa5xQhDeQ_s0000538050_e0000549470,I5pa5xQhDeQ,538.05,549.47,11.42,1.0,1.0,7.68,/kaggle/working/cut_cutfix_full_tier1_20260729_01/tier1/200_250/media/I5pa5xQhDeQ_s0000538050_e0000549470.mp4,tier1,cuda,nvenc,cutfix_full_tier1_20260729_01
I5pa5xQhDeQ_s0000549666_e0000552158,I5pa5xQhDeQ,549.666,552.158,2.492,1.0,1.0,8.0,/kaggle/working/cut_cutfix_full_tier1_20260729_01/tier1/200_250/media/I5pa5xQhDeQ_s0000549666_e0000552158.mp4,tier1,cuda,nvenc,cutfix_full_tier1_20260729_01
I5pa5xQhDeQ_s0000552258_e0000556286,I5pa5xQhDeQ,552.258,556.286,4.028,1.0,1.0,8.34,/kaggle/working/cut_cutfix_full_tier1_20260729_01/tier1/200_250/media/I5pa5xQhDeQ_s0000552258_e0000556286.mp4,tier1,cuda,nvenc,cutfix_full_tier1_20260729_01
I5pa5xQhDeQ_s0000556418_e0000559486,I5pa5xQhDeQ,556.418,559.486,3.068,1.0,1.0,7.5,/kaggle/working/cut_cutfix_full_tier1_20260729_01/tier1/200_250/media/I5pa5xQhDeQ_s0000556418_e0000559486.mp4,tier1,cuda,nvenc,cutfix_full_tier1_20260729_01
I5pa5xQhDeQ_s0000559970_e0000565054,I5pa5xQhDeQ,559.97,565.054,5.084,1.0,1.0,7.77,/kaggle/working/cut_cutfix_full_tier1_20260729_01/tier1/200_250/media/I5pa5xQhDeQ_s0000559970_e0000565054.mp4,tier1,cuda,nvenc,cutfix_full_tier1_20260729_01
I5pa5xQhDeQ_s0000566050_e0000577310,I5pa5xQhDeQ,566.05,577.31,11.26,1.0,1.0,7.83,/kaggle/working/cut_cutfix_full_tier1_20260729_01/tier1/200_250/media/I5pa5xQhDeQ_s0000566050_e0000577310.mp4,tier1,cuda,nvenc,cutfix_full_tier1_20260729_01
I5pa5xQhDeQ_s0000577538_e0000583966,I5pa5xQhDeQ,577.538,583.966,6.428,1.0,1.0,7.51,/kaggle/working/cut_cutfix_full_tier1_20260729_01/tier1/200_250/media/I5pa5xQhDeQ_s0000577538_e0000583966.mp4,tier1,cuda,nvenc,cutfix_full_tier1_20260729_01
I5pa5xQhDeQ_s0000584098_e0000589098,I5pa5xQhDeQ,584.098,589.098,5.0,1.0,1.0,7.93,/kaggle/working/cut_cutfix_full_tier1_20260729_01/tier1/200_250/media/I5pa5xQhDeQ_s0000584098_e0000589098.mp4,tier1,cuda,nvenc,cutfix_full_tier1_20260729_01
I5pa5xQhDeQ_s0000588098_e0000593098,I5pa5xQhDeQ,588.098,593.098,5.0,1.0,1.0,7.73,/kaggle/working/cut_cutfix_full_tier1_20260729_01/tier1/200_250/media/I5pa5xQhDeQ_s0000588098_e0000593098.mp4,tier1,cuda,nvenc,cutfix_full_tier1_20260729_01
I5pa5xQhDeQ_s0000592098_e0000596286,I5pa5xQhDeQ,592.098,596.286,4.188,1.0,1.0,7.76,/kaggle/working/cut_cutfix_full_tier1_20260729_01/tier1/200_250/media/I5pa5xQhDeQ_s0000592098_e0000596286.mp4,tier1,cuda,nvenc,cutfix_full_tier1_20260729_01
I5pa5xQhDeQ_s0000596482_e0000601482,I5pa5xQhDeQ,596.482,601.482,5.0,1.0,1.0,8.0,/kaggle/working/cut_cutfix_full_tier1_20260729_01/tier1/200_250/media/I5pa5xQhDeQ_s0000596482_e0000601482.mp4,tier1,cuda,nvenc,cutfix_full_tier1_20260729_01
I5pa5xQhDeQ_s0000600482_e0000605482,I5pa5xQhDeQ,600.482,605.482,5.0,1.0,1.0,8.72,/kaggle/working/cut_cutfix_full_tier1_20260729_01/tier1/200_250/media/I5pa5xQhDeQ_s0000600482_e0000605482.mp4,tier1,cuda,nvenc,cutfix_full_tier1_20260729_01
I5pa5xQhDeQ_s0000604482_e0000609118,I5pa5xQhDeQ,604.482,609.118,4.636,1.0,1.0,8.18,/kaggle/working/cut_cutfix_full_tier1_20260729_01/tier1/200_250/media/I5pa5xQhDeQ_s0000604482_e0000609118.mp4,tier1,cuda,nvenc,cutfix_full_tier1_20260729_01
I5pa5xQhDeQ_s0000609634_e0000614634,I5pa5xQhDeQ,609.634,614.634,5.0,1.0,1.0,6.99,/kaggle/working/cut_cutfix_full_tier1_20260729_01/tier1/200_250/media/I5pa5xQhDeQ_s0000609634_e0000614634.mp4,tier1,cuda,nvenc,cutfix_full_tier1_20260729_01
I5pa5xQhDeQ_s0000613634_e0000618634,I5pa5xQhDeQ,613.634,618.634,5.0,1.0,1.0,6.89,/kaggle/working/cut_cutfix_full_tier1_20260729_01/tier1/200_250/media/I5pa5xQhDeQ_s0000613634_e0000618634.mp4,tier1,cuda,nvenc,cutfix_full_tier1_20260729_01
I5pa5xQhDeQ_s0000617634_e0000622634,I5pa5xQhDeQ,617.634,622.634,5.0,1.0,1.0,7.82,/kaggle/working/cut_cutfix_full_tier1_20260729_01/tier1/200_250/media/I5pa5xQhDeQ_s0000617634_e0000622634.mp4,tier1,cuda,nvenc,cutfix_full_tier1_20260729_01
I5pa5xQhDeQ_s0000621634_e0000626634,I5pa5xQhDeQ,621.634,626.634,5.0,1.0,1.0,7.9,/kaggle/working/cut_cutfix_full_tier1_20260729_01/tier1/200_250/media/I5pa5xQhDeQ_s0000621634_e0000626634.mp4,tier1,cuda,nvenc,cutfix_full_tier1_20260729_01
I5pa5xQhDeQ_s0000625634_e0000630634,I5pa5xQhDeQ,625.634,630.634,5.0,1.0,1.0,8.11,/kaggle/working/cut_cutfix_full_tier1_20260729_01/tier1/200_250/media/I5pa5xQhDeQ_s0000625634_e0000630634.mp4,tier1,cuda,nvenc,cutfix_full_tier1_20260729_01
I5pa5xQhDeQ_s0000629634_e0000634634,I5pa5xQhDeQ,629.634,634.634,5.0,1.0,1.0,7.75,/kaggle/working/cut_cutfix_full_tier1_20260729_01/tier1/200_250/media/I5pa5xQhDeQ_s0000629634_e0000634634.mp4,tier1,cuda,nvenc,cutfix_full_tier1_20260729_01
I5pa5xQhDeQ_s0000633634_e0000636478,I5pa5xQhDeQ,633.634,636.478,2.844,1.0,1.0,6.95,/kaggle/working/cut_cutfix_full_tier1_20260729_01/tier1/200_250/media/I5pa5xQhDeQ_s0000633634_e0000636478.mp4,tier1,cuda,nvenc,cutfix_full_tier1_20260729_01
I5pa5xQhDeQ_s0000636610_e0000646526,I5pa5xQhDeQ,636.61,646.526,9.916,1.0,1.0,7.78,/kaggle/working/cut_cutfix_full_tier1_20260729_01/tier1/200_250/media/I5pa5xQhDeQ_s0000636610_e0000646526.mp4,tier1,cuda,nvenc,cutfix_full_tier1_20260729_01
I5pa5xQhDeQ_s0000646722_e0000651454,I5pa5xQhDeQ,646.722,651.454,4.732,1.0,1.0,7.71,/kaggle/working/cut_cutfix_full_tier1_20260729_01/tier1/200_250/media/I5pa5xQhDeQ_s0000646722_e0000651454.mp4,tier1,cuda,nvenc,cutfix_full_tier1_20260729_01
I5pa5xQhDeQ_s0000651586_e0000656586,I5pa5xQhDeQ,651.586,656.586,5.0,1.0,1.0,6.58,/kaggle/working/cut_cutfix_full_tier1_20260729_01/tier1/200_250/media/I5pa5xQhDeQ_s0000651586_e0000656586.mp4,tier1,cuda,nvenc,cutfix_full_tier1_20260729_01
I5pa5xQhDeQ_s0000655586_e0000660586,I5pa5xQhDeQ,655.586,660.586,5.0,1.0,1.0,7.36,/kaggle/working/cut_cutfix_full_tier1_20260729_01/tier1/200_250/media/I5pa5xQhDeQ_s0000655586_e0000660586.mp4,tier1,cuda,nvenc,cutfix_full_tier1_20260729_01
I5pa5xQhDeQ_s0000659586_e0000664586,I5pa5xQhDeQ,659.586,664.586,5.0,1.0,1.0,6.86,/kaggle/working/cut_cutfix_full_tier1_20260729_01/tier1/200_250/media/I5pa5xQhDeQ_s0000659586_e0000664586.mp4,tier1,cuda,nvenc,cutfix_full_tier1_20260729_01
I5pa5xQhDeQ_s0000666114_e0000677022,I5pa5xQhDeQ,666.114,677.022,10.908,1.0,1.0,7.7,/kaggle/working/cut_cutfix_full_tier1_20260729_01/tier1/200_250/media/I5pa5xQhDeQ_s0000666114_e0000677022.mp4,tier1,cuda,nvenc,cutfix_full_tier1_20260729_01
I5pa5xQhDeQ_s0000678338_e0000681438,I5pa5xQhDeQ,678.338,681.438,3.1,1.0,1.0,7.11,/kaggle/working/cut_cutfix_full_tier1_20260729_01/tier1/200_250/media/I5pa5xQhDeQ_s0000678338_e0000681438.mp4,tier1,cuda,nvenc,cutfix_full_tier1_20260729_01
I5pa5xQhDeQ_s0000681666_e0000684574,I5pa5xQhDeQ,681.666,684.574,2.908,1.0,1.0,8.4,/kaggle/working/cut_cutfix_full_tier1_20260729_01/tier1/200_250/media/I5pa5xQhDeQ_s0000681666_e0000684574.mp4,tier1,cuda,nvenc,cutfix_full_tier1_20260729_01
I5pa5xQhDeQ_s0000685442_e0000692350,I5pa5xQhDeQ,685.442,692.35,6.908,1.0,1.0,7.81,/kaggle/working/cut_cutfix_full_tier1_20260729_01/tier1/200_250/media/I5pa5xQhDeQ_s0000685442_e0000692350.mp4,tier1,cuda,nvenc,cutfix_full_tier1_20260729_01
I5pa5xQhDeQ_s0000692578_e0000699422,I5pa5xQhDeQ,692.578,699.422,6.844,1.0,1.0,7.56,/kaggle/working/cut_cutfix_full_tier1_20260729_01/tier1/200_250/media/I5pa5xQhDeQ_s0000692578_e0000699422.mp4,tier1,cuda,nvenc,cutfix_full_tier1_20260729_01
IKmc8AcRSlI_s0000004610_e0000006814,IKmc8AcRSlI,4.61,6.814,2.204,1.0,1.0,9.24,/kaggle/working/cut_cutfix_full_tier1_20260729_01/tier1/200_250/media/IKmc8AcRSlI_s0000004610_e0000006814.mp4,tier1,cuda,nvenc,cutfix_full_tier1_20260729_01
IKmc8AcRSlI_s0000024002_e0000026974,IKmc8AcRSlI,24.002,26.974,2.972,1.0,1.0,8.82,/kaggle/working/cut_cutfix_full_tier1_20260729_01/tier1/200_250/media/IKmc8AcRSlI_s0000024002_e0000026974.mp4,tier1,cuda,nvenc,cutfix_full_tier1_20260729_01
IKmc8AcRSlI_s0000059810_e0000062110,IKmc8AcRSlI,59.81,62.11,2.3,1.0,1.0,6.75,/kaggle/working/cut_cutfix_full_tier1_20260729_01/tier1/200_250/media/IKmc8AcRSlI_s0000059810_e0000062110.mp4,tier1,cuda,nvenc,cutfix_full_tier1_20260729_01
IKmc8AcRSlI_s0000065314_e0000067326,IKmc8AcRSlI,65.314,67.326,2.012,1.0,1.0,7.83,/kaggle/working/cut_cutfix_full_tier1_20260729_01/tier1/200_250/media/IKmc8AcRSlI_s0000065314_e0000067326.mp4,tier1,cuda,nvenc,cutfix_full_tier1_20260729_01
IKmc8AcRSlI_s0000078434_e0000081630,IKmc8AcRSlI,78.434,81.63,3.196,1.0,1.0,9.2,/kaggle/working/cut_cutfix_full_tier1_20260729_01/tier1/200_250/media/IKmc8AcRSlI_s0000078434_e0000081630.mp4,tier1,cuda,nvenc,cutfix_full_tier1_20260729_01
IKmc8AcRSlI_s0000096610_e0000099454,IKmc8AcRSlI,96.61,99.454,2.844,1.0,1.0,6.65,/kaggle/working/cut_cutfix_full_tier1_20260729_01/tier1/200_250/media/IKmc8AcRSlI_s0000096610_e0000099454.mp4,tier1,cuda,nvenc,cutfix_full_tier1_20260729_01
IKmc8AcRSlI_s0000109186_e0000112734,IKmc8AcRSlI,109.186,112.734,3.548,1.0,1.0,8.95,/kaggle/working/cut_cutfix_full_tier1_20260729_01/tier1/200_250/media/IKmc8AcRSlI_s0000109186_e0000112734.mp4,tier1,cuda,nvenc,cutfix_full_tier1_20260729_01
IKmc8AcRSlI_s0000122530_e0000124798,IKmc8AcRSlI,122.53,124.798,2.268,1.0,1.0,4.97,/kaggle/working/cut_cutfix_full_tier1_20260729_01/tier1/200_250/media/IKmc8AcRSlI_s0000122530_e0000124798.mp4,tier1,cuda,nvenc,cutfix_full_tier1_20260729_01
IKmc8AcRSlI_s0000204994_e0000207102,IKmc8AcRSlI,204.994,207.102,2.108,1.0,1.0,6.65,/kaggle/working/cut_cutfix_full_tier1_20260729_01/tier1/200_250/media/IKmc8AcRSlI_s0000204994_e0000207102.mp4,tier1,cuda,nvenc,cutfix_full_tier1_20260729_01
IKmc8AcRSlI_s0000207554_e0000210334,IKmc8AcRSlI,207.554,210.334,2.78,1.0,1.0,6.67,/kaggle/working/cut_cutfix_full_tier1_20260729_01/tier1/200_250/media/IKmc8AcRSlI_s0000207554_e0000210334.mp4,tier1,cuda,nvenc,cutfix_full_tier1_20260729_01
IKmc8AcRSlI_s0000217474_e0000219934,IKmc8AcRSlI,217.474,219.934,2.46,1.0,1.0,7.36,/kaggle/working/cut_cutfix_full_tier1_20260729_01/tier1/200_250/media/IKmc8AcRSlI_s0000217474_e0000219934.mp4,tier1,cuda,nvenc,cutfix_full_tier1_20260729_01
IKmc8AcRSlI_s0000225154_e0000227678,IKmc8AcRSlI,225.154,227.678,2.524,1.0,1.0,7.52,/kaggle/working/cut_cutfix_full_tier1_20260729_01/tier1/200_250/media/IKmc8AcRSlI_s0000225154_e0000227678.mp4,tier1,cuda,nvenc,cutfix_full_tier1_20260729_01
IKmc8AcRSlI_s0000247138_e0000250430,IKmc8AcRSlI,247.138,250.43,3.292,1.0,1.0,9.29,/kaggle/working/cut_cutfix_full_tier1_20260729_01/tier1/200_250/media/IKmc8AcRSlI_s0000247138_e0000250430.mp4,tier1,cuda,nvenc,cutfix_full_tier1_20260729_01
IKmc8AcRSlI_s0000273058_e0000277790,IKmc8AcRSlI,273.058,277.79,4.732,1.0,1.0,6.72,/kaggle/working/cut_cutfix_full_tier1_20260729_01/tier1/200_250/media/IKmc8AcRSlI_s0000273058_e0000277790.mp4,tier1,cuda,nvenc,cutfix_full_tier1_20260729_01
IKmc8AcRSlI_s0000283042_e0000285598,IKmc8AcRSlI,283.042,285.598,2.556,1.0,1.0,9.02,/kaggle/working/cut_cutfix_full_tier1_20260729_01/tier1/200_250/media/IKmc8AcRSlI_s0000283042_e0000285598.mp4,tier1,cuda,nvenc,cutfix_full_tier1_20260729_01
IKmc8AcRSlI_s0000290402_e0000293726,IKmc8AcRSlI,290.402,293.726,3.324,1.0,1.0,7.24,/kaggle/working/cut_cutfix_full_tier1_20260729_01/tier1/200_250/media/IKmc8AcRSlI_s0000290402_e0000293726.mp4,tier1,cuda,nvenc,cutfix_full_tier1_20260729_01
IKmc8AcRSlI_s0000315938_e0000322526,IKmc8AcRSlI,315.938,322.526,6.588,1.0,1.0,8.64,/kaggle/working/cut_cutfix_full_tier1_20260729_01/tier1/200_250/media/IKmc8AcRSlI_s0000315938_e0000322526.mp4,tier1,cuda,nvenc,cutfix_full_tier1_20260729_01
IKmc8AcRSlI_s0000348162_e0000350430,IKmc8AcRSlI,348.162,350.43,2.268,1.0,1.0,6.2,/kaggle/working/cut_cutfix_full_tier1_20260729_01/tier1/200_250/media/IKmc8AcRSlI_s0000348162_e0000350430.mp4,tier1,cuda,nvenc,cutfix_full_tier1_20260729_01
IKmc8AcRSlI_s0000373314_e0000376990,IKmc8AcRSlI,373.314,376.99,3.676,1.0,1.0,6.66,/kaggle/working/cut_cutfix_full_tier1_20260729_01/tier1/200_250/media/IKmc8AcRSlI_s0000373314_e0000376990.mp4,tier1,cuda,nvenc,cutfix_full_tier1_20260729_01
IKmc8AcRSlI_s0000404098_e0000408894,IKmc8AcRSlI,404.098,408.894,4.796,1.0,1.0,9.52,/kaggle/working/cut_cutfix_full_tier1_20260729_01/tier1/200_250/media/IKmc8AcRSlI_s0000404098_e0000408894.mp4,tier1,cuda,nvenc,cutfix_full_tier1_20260729_01
IKmc8AcRSlI_s0000429506_e0000431998,IKmc8AcRSlI,429.506,431.998,2.492,1.0,1.0,5.57,/kaggle/working/cut_cutfix_full_tier1_20260729_01/tier1/200_250/media/IKmc8AcRSlI_s0000429506_e0000431998.mp4,tier1,cuda,nvenc,cutfix_full_tier1_20260729_01
IKmc8AcRSlI_s0000436514_e0000438622,IKmc8AcRSlI,436.514,438.622,2.108,1.0,1.0,8.77,/kaggle/working/cut_cutfix_full_tier1_20260729_01/tier1/200_250/media/IKmc8AcRSlI_s0000436514_e0000438622.mp4,tier1,cuda,nvenc,cutfix_full_tier1_20260729_01
IKmc8AcRSlI_s0000470978_e0000474110,IKmc8AcRSlI,470.978,474.11,3.132,1.0,1.0,6.45,/kaggle/working/cut_cutfix_full_tier1_20260729_01/tier1/200_250/media/IKmc8AcRSlI_s0000470978_e0000474110.mp4,tier1,cuda,nvenc,cutfix_full_tier1_20260729_01
IKmc8AcRSlI_s0000484162_e0000487550,IKmc8AcRSlI,484.162,487.55,3.388,1.0,1.0,4.65,/kaggle/working/cut_cutfix_full_tier1_20260729_01/tier1/200_250/media/IKmc8AcRSlI_s0000484162_e0000487550.mp4,tier1,cuda,nvenc,cutfix_full_tier1_20260729_01
IKmc8AcRSlI_s0000500258_e0000503166,IKmc8AcRSlI,500.258,503.166,2.908,1.0,1.0,8.77,/kaggle/working/cut_cutfix_full_tier1_20260729_01/tier1/200_250/media/IKmc8AcRSlI_s0000500258_e0000503166.mp4,tier1,cuda,nvenc,cutfix_full_tier1_20260729_01
IKmc8AcRSlI_s0000503586_e0000508542,IKmc8AcRSlI,503.586,508.542,4.956,1.0,1.0,7.82,/kaggle/working/cut_cutfix_full_tier1_20260729_01/tier1/200_250/media/IKmc8AcRSlI_s0000503586_e0000508542.mp4,tier1,cuda,nvenc,cutfix_full_tier1_20260729_01
IKmc8AcRSlI_s0000510146_e0000512990,IKmc8AcRSlI,510.146,512.99,2.844,1.0,1.0,10.81,/kaggle/working/cut_cutfix_full_tier1_20260729_01/tier1/200_250/media/IKmc8AcRSlI_s0000510146_e0000512990.mp4,tier1,cuda,nvenc,cutfix_full_tier1_20260729_01
IKmc8AcRSlI_s0000513122_e0000515262,IKmc8AcRSlI,513.122,515.262,2.14,1.0,1.0,8.78,/kaggle/working/cut_cutfix_full_tier1_20260729_01/tier1/200_250/media/IKmc8AcRSlI_s0000513122_e0000515262.mp4,tier1,cuda,nvenc,cutfix_full_tier1_20260729_01
IKmc8AcRSlI_s0000522786_e0000525886,IKmc8AcRSlI,522.786,525.886,3.1,1.0,1.0,7.97,/kaggle/working/cut_cutfix_full_tier1_20260729_01/tier1/200_250/media/IKmc8AcRSlI_s0000522786_e0000525886.mp4,tier1,cuda,nvenc,cutfix_full_tier1_20260729_01
IKmc8AcRSlI_s0000591106_e0000593918,IKmc8AcRSlI,591.106,593.918,2.812,1.0,1.0,6.37,/kaggle/working/cut_cutfix_full_tier1_20260729_01/tier1/200_250/media/IKmc8AcRSlI_s0000591106_e0000593918.mp4,tier1,cuda,nvenc,cutfix_full_tier1_20260729_01
IKmc8AcRSlI_s0000608258_e0000611102,IKmc8AcRSlI,608.258,611.102,2.844,1.0,1.0,5.86,/kaggle/working/cut_cutfix_full_tier1_20260729_01/tier1/200_250/media/IKmc8AcRSlI_s0000608258_e0000611102.mp4,tier1,cuda,nvenc,cutfix_full_tier1_20260729_01
IKmc8AcRSlI_s0000611298_e0000615294,IKmc8AcRSlI,611.298,615.294,3.996,1.0,1.0,7.16,/kaggle/working/cut_cutfix_full_tier1_20260729_01/tier1/200_250/media/IKmc8AcRSlI_s0000611298_e0000615294.mp4,tier1,cuda,nvenc,cutfix_full_tier1_20260729_01
IKmc8AcRSlI_s0000615714_e0000618430,IKmc8AcRSlI,615.714,618.43,2.716,1.0,1.0,5.53,/kaggle/working/cut_cutfix_full_tier1_20260729_01/tier1/200_250/media/IKmc8AcRSlI_s0000615714_e0000618430.mp4,tier1,cuda,nvenc,cutfix_full_tier1_20260729_01
IKmc8AcRSlI_s0000618594_e0000620798,IKmc8AcRSlI,618.594,620.798,2.204,1.0,1.0,5.88,/kaggle/working/cut_cutfix_full_tier1_20260729_01/tier1/200_250/media/IKmc8AcRSlI_s0000618594_e0000620798.mp4,tier1,cuda,nvenc,cutfix_full_tier1_20260729_01
IKmc8AcRSlI_s0000621506_e0000624862,IKmc8AcRSlI,621.506,624.862,3.356,1.0,1.0,7.07,/kaggle/working/cut_cutfix_full_tier1_20260729_01/tier1/200_250/media/IKmc8AcRSlI_s0000621506_e0000624862.mp4,tier1,cuda,nvenc,cutfix_full_tier1_20260729_01
IKmc8AcRSlI_s0000636418_e0000638974,IKmc8AcRSlI,636.418,638.974,2.556,1.0,1.0,5.22,/kaggle/working/cut_cutfix_full_tier1_20260729_01/tier1/200_250/media/IKmc8AcRSlI_s0000636418_e0000638974.mp4,tier1,cuda,nvenc,cutfix_full_tier1_20260729_01
IZlCQIT9fDU_s0000014658_e0000017598,IZlCQIT9fDU,14.658,17.598,2.94,1.0,1.0,3.98,/kaggle/working/cut_cutfix_full_tier1_20260729_01/tier1/200_250/media/IZlCQIT9fDU_s0000014658_e0000017598.mp4,tier1,cuda,nvenc,cutfix_full_tier1_20260729_01
IZlCQIT9fDU_s0000046274_e0000048382,IZlCQIT9fDU,46.274,48.382,2.108,1.0,1.0,4.58,/kaggle/working/cut_cutfix_full_tier1_20260729_01/tier1/200_250/media/IZlCQIT9fDU_s0000046274_e0000048382.mp4,tier1,cuda,nvenc,cutfix_full_tier1_20260729_01
IZlCQIT9fDU_s0000050370_e0000052638,IZlCQIT9fDU,50.37,52.638,2.268,1.0,1.0,6.3,/kaggle/working/cut_cutfix_full_tier1_20260729_01/tier1/200_250/media/IZlCQIT9fDU_s0000050370_e0000052638.mp4,tier1,cuda,nvenc,cutfix_full_tier1_20260729_01
IZlCQIT9fDU_s0000052770_e0000054782,IZlCQIT9fDU,52.77,54.782,2.012,1.0,1.0,7.47,/kaggle/working/cut_cutfix_full_tier1_20260729_01/tier1/200_250/media/IZlCQIT9fDU_s0000052770_e0000054782.mp4,tier1,cuda,nvenc,cutfix_full_tier1_20260729_01
IZlCQIT9fDU_s0000054978_e0000058718,IZlCQIT9fDU,54.978,58.718,3.74,1.0,1.0,5.69,/kaggle/working/cut_cutfix_full_tier1_20260729_01/tier1/200_250/media/IZlCQIT9fDU_s0000054978_e0000058718.mp4,tier1,cuda,nvenc,cutfix_full_tier1_20260729_01
IZlCQIT9fDU_s0000058882_e0000061374,IZlCQIT9fDU,58.882,61.374,2.492,1.0,1.0,2.74,/kaggle/working/cut_cutfix_full_tier1_20260729_01/tier1/200_250/media/IZlCQIT9fDU_s0000058882_e0000061374.mp4,tier1,cuda,nvenc,cutfix_full_tier1_20260729_01
IZlCQIT9fDU_s0000065218_e0000067774,IZlCQIT9fDU,65.218,67.774,2.556,1.0,1.0,7.07,/kaggle/working/cut_cutfix_full_tier1_20260729_01/tier1/200_250/media/IZlCQIT9fDU_s0000065218_e0000067774.mp4,tier1,cuda,nvenc,cutfix_full_tier1_20260729_01
IZlCQIT9fDU_s0000072034_e0000075678,IZlCQIT9fDU,72.034,75.678,3.644,1.0,1.0,7.54,/kaggle/working/cut_cutfix_full_tier1_20260729_01/tier1/200_250/media/IZlCQIT9fDU_s0000072034_e0000075678.mp4,tier1,cuda,nvenc,cutfix_full_tier1_20260729_01
IZlCQIT9fDU_s0000095618_e0000097886,IZlCQIT9fDU,95.618,97.886,2.268,1.0,1.0,6.5,/kaggle/working/cut_cutfix_full_tier1_20260729_01/tier1/200_250/media/IZlCQIT9fDU_s0000095618_e0000097886.mp4,tier1,cuda,nvenc,cutfix_full_tier1_20260729_01
IZlCQIT9fDU_s0000099874_e0000102622,IZlCQIT9fDU,99.874,102.622,2.748,1.0,1.0,7.88,/kaggle/working/cut_cutfix_full_tier1_20260729_01/tier1/200_250/media/IZlCQIT9fDU_s0000099874_e0000102622.mp4,tier1,cuda,nvenc,cutfix_full_tier1_20260729_01
IZlCQIT9fDU_s0000117090_e0000119710,IZlCQIT9fDU,117.09,119.71,2.62,1.0,1.0,7.66,/kaggle/working/cut_cutfix_full_tier1_20260729_01/tier1/200_250/media/IZlCQIT9fDU_s0000117090_e0000119710.mp4,tier1,cuda,nvenc,cutfix_full_tier1_20260729_01
IZlCQIT9fDU_s0000121794_e0000127166,IZlCQIT9fDU,121.794,127.166,5.372,1.0,1.0,7.68,/kaggle/working/cut_cutfix_full_tier1_20260729_01/tier1/200_250/media/IZlCQIT9fDU_s0000121794_e0000127166.mp4,tier1,cuda,nvenc,cutfix_full_tier1_20260729_01
IZlCQIT9fDU_s0000129186_e0000131422,IZlCQIT9fDU,129.186,131.422,2.236,1.0,1.0,8.05,/kaggle/working/cut_cutfix_full_tier1_20260729_01/tier1/200_250/media/IZlCQIT9fDU_s0000129186_e0000131422.mp4,tier1,cuda,nvenc,cutfix_full_tier1_20260729_01
IZlCQIT9fDU_s0000132994_e0000135934,IZlCQIT9fDU,132.994,135.934,2.94,1.0,1.0,9.77,/kaggle/working/cut_cutfix_full_tier1_20260729_01/tier1/200_250/media/IZlCQIT9fDU_s0000132994_e0000135934.mp4,tier1,cuda,nvenc,cutfix_full_tier1_20260729_01
IZlCQIT9fDU_s0000136130_e0000139998,IZlCQIT9fDU,136.13,139.998,3.868,1.0,1.0,6.66,/kaggle/working/cut_cutfix_full_tier1_20260729_01/tier1/200_250/media/IZlCQIT9fDU_s0000136130_e0000139998.mp4,tier1,cuda,nvenc,cutfix_full_tier1_20260729_01
IZlCQIT9fDU_s0000160418_e0000162814,IZlCQIT9fDU,160.418,162.814,2.396,1.0,1.0,8.52,/kaggle/working/cut_cutfix_full_tier1_20260729_01/tier1/200_250/media/IZlCQIT9fDU_s0000160418_e0000162814.mp4,tier1,cuda,nvenc,cutfix_full_tier1_20260729_01
IZlCQIT9fDU_s0000165058_e0000167070,IZlCQIT9fDU,165.058,167.07,2.012,1.0,1.0,8.31,/kaggle/working/cut_cutfix_full_tier1_20260729_01/tier1/200_250/media/IZlCQIT9fDU_s0000165058_e0000167070.mp4,tier1,cuda,nvenc,cutfix_full_tier1_20260729_01
IZlCQIT9fDU_s0000175586_e0000180446,IZlCQIT9fDU,175.586,180.446,4.86,1.0,1.0,8.78,/kaggle/working/cut_cutfix_full_tier1_20260729_01/tier1/200_250/media/IZlCQIT9fDU_s0000175586_e0000180446.mp4,tier1,cuda,nvenc,cutfix_full_tier1_20260729_01
IZlCQIT9fDU_s0000180546_e0000183230,IZlCQIT9fDU,180.546,183.23,2.684,1.0,1.0,7.83,/kaggle/working/cut_cutfix_full_tier1_20260729_01/tier1/200_250/media/IZlCQIT9fDU_s0000180546_e0000183230.mp4,tier1,cuda,nvenc,cutfix_full_tier1_20260729_01
IZlCQIT9fDU_s0000184258_e0000187230,IZlCQIT9fDU,184.258,187.23,2.972,1.0,1.0,8.45,/kaggle/working/cut_cutfix_full_tier1_20260729_01/tier1/200_250/media/IZlCQIT9fDU_s0000184258_e0000187230.mp4,tier1,cuda,nvenc,cutfix_full_tier1_20260729_01
IZlCQIT9fDU_s0000189090_e0000192798,IZlCQIT9fDU,189.09,192.798,3.708,1.0,1.0,7.49,/kaggle/working/cut_cutfix_full_tier1_20260729_01/tier1/200_250/media/IZlCQIT9fDU_s0000189090_e0000192798.mp4,tier1,cuda,nvenc,cutfix_full_tier1_20260729_01
IZlCQIT9fDU_s0000192898_e0000195038,IZlCQIT9fDU,192.898,195.038,2.14,1.0,1.0,5.37,/kaggle/working/cut_cutfix_full_tier1_20260729_01/tier1/200_250/media/IZlCQIT9fDU_s0000192898_e0000195038.mp4,tier1,cuda,nvenc,cutfix_full_tier1_20260729_01
IZlCQIT9fDU_s0000235170_e0000240990,IZlCQIT9fDU,235.17,240.99,5.82,1.0,1.0,7.98,/kaggle/working/cut_cutfix_full_tier1_20260729_01/tier1/200_250/media/IZlCQIT9fDU_s0000235170_e0000240990.mp4,tier1,cuda,nvenc,cutfix_full_tier1_20260729_01
IZlCQIT9fDU_s0000244802_e0000252734,IZlCQIT9fDU,244.802,252.734,7.932,1.0,1.0,7.26,/kaggle/working/cut_cutfix_full_tier1_20260729_01/tier1/200_250/media/IZlCQIT9fDU_s0000244802_e0000252734.mp4,tier1,cuda,nvenc,cutfix_full_tier1_20260729_01
IZlCQIT9fDU_s0000265666_e0000267966,IZlCQIT9fDU,265.666,267.966,2.3,1.0,1.0,6.19,/kaggle/working/cut_cutfix_full_tier1_20260729_01/tier1/200_250/media/IZlCQIT9fDU_s0000265666_e0000267966.mp4,tier1,cuda,nvenc,cutfix_full_tier1_20260729_01
IZlCQIT9fDU_s0000274882_e0000279838,IZlCQIT9fDU,274.882,279.838,4.956,0.8,1.0,7.14,/kaggle/working/cut_cutfix_full_tier1_20260729_01/tier1/200_250/media/IZlCQIT9fDU_s0000274882_e0000279838.mp4,tier1,cuda,nvenc,cutfix_full_tier1_20260729_01
IZlCQIT9fDU_s0000284962_e0000287134,IZlCQIT9fDU,284.962,287.134,2.172,1.0,1.0,8.42,/kaggle/working/cut_cutfix_full_tier1_20260729_01/tier1/200_250/media/IZlCQIT9fDU_s0000284962_e0000287134.mp4,tier1,cuda,nvenc,cutfix_full_tier1_20260729_01
IZlCQIT9fDU_s0000287362_e0000290782,IZlCQIT9fDU,287.362,290.782,3.42,1.0,1.0,7.25,/kaggle/working/cut_cutfix_full_tier1_20260729_01/tier1/200_250/media/IZlCQIT9fDU_s0000287362_e0000290782.mp4,tier1,cuda,nvenc,cutfix_full_tier1_20260729_01
IZlCQIT9fDU_s0000296290_e0000299070,IZlCQIT9fDU,296.29,299.07,2.78,1.0,1.0,8.77,/kaggle/working/cut_cutfix_full_tier1_20260729_01/tier1/200_250/media/IZlCQIT9fDU_s0000296290_e0000299070.mp4,tier1,cuda,nvenc,cutfix_full_tier1_20260729_01
IZlCQIT9fDU_s0000299330_e0000301438,IZlCQIT9fDU,299.33,301.438,2.108,1.0,1.0,8.25,/kaggle/working/cut_cutfix_full_tier1_20260729_01/tier1/200_250/media/IZlCQIT9fDU_s0000299330_e0000301438.mp4,tier1,cuda,nvenc,cutfix_full_tier1_20260729_01
IZlCQIT9fDU_s0000307202_e0000309534,IZlCQIT9fDU,307.202,309.534,2.332,1.0,1.0,5.08,/kaggle/working/cut_cutfix_full_tier1_20260729_01/tier1/200_250/media/IZlCQIT9fDU_s0000307202_e0000309534.mp4,tier1,cuda,nvenc,cutfix_full_tier1_20260729_01
IZlCQIT9fDU_s0000310882_e0000313150,IZlCQIT9fDU,310.882,313.15,2.268,1.0,1.0,4.89,/kaggle/working/cut_cutfix_full_tier1_20260729_01/tier1/200_250/media/IZlCQIT9fDU_s0000310882_e0000313150.mp4,tier1,cuda,nvenc,cutfix_full_tier1_20260729_01
IZlCQIT9fDU_s0000323458_e0000326142,IZlCQIT9fDU,323.458,326.142,2.684,1.0,1.0,6.24,/kaggle/working/cut_cutfix_full_tier1_20260729_01/tier1/200_250/media/IZlCQIT9fDU_s0000323458_e0000326142.mp4,tier1,cuda,nvenc,cutfix_full_tier1_20260729_01
IZlCQIT9fDU_s0000326274_e0000328798,IZlCQIT9fDU,326.274,328.798,2.524,1.0,1.0,3.86,/kaggle/working/cut_cutfix_full_tier1_20260729_01/tier1/200_250/media/IZlCQIT9fDU_s0000326274_e0000328798.mp4,tier1,cuda,nvenc,cutfix_full_tier1_20260729_01
IZlCQIT9fDU_s0000361378_e0000364670,IZlCQIT9fDU,361.378,364.67,3.292,1.0,1.0,10.13,/kaggle/working/cut_cutfix_full_tier1_20260729_01/tier1/200_250/media/IZlCQIT9fDU_s0000361378_e0000364670.mp4,tier1,cuda,nvenc,cutfix_full_tier1_20260729_01
IZlCQIT9fDU_s0000369250_e0000371838,IZlCQIT9fDU,369.25,371.838,2.588,1.0,1.0,8.23,/kaggle/working/cut_cutfix_full_tier1_20260729_01/tier1/200_250/media/IZlCQIT9fDU_s0000369250_e0000371838.mp4,tier1,cuda,nvenc,cutfix_full_tier1_20260729_01
IZlCQIT9fDU_s0000372002_e0000374206,IZlCQIT9fDU,372.002,374.206,2.204,1.0,1.0,8.6,/kaggle/working/cut_cutfix_full_tier1_20260729_01/tier1/200_250/media/IZlCQIT9fDU_s0000372002_e0000374206.mp4,tier1,cuda,nvenc,cutfix_full_tier1_20260729_01
IZlCQIT9fDU_s0000381250_e0000384798,IZlCQIT9fDU,381.25,384.798,3.548,1.0,1.0,5.88,/kaggle/working/cut_cutfix_full_tier1_20260729_01/tier1/200_250/media/IZlCQIT9fDU_s0000381250_e0000384798.mp4,tier1,cuda,nvenc,cutfix_full_tier1_20260729_01
IZlCQIT9fDU_s0000414146_e0000416190,IZlCQIT9fDU,414.146,416.19,2.044,1.0,1.0,6.83,/kaggle/working/cut_cutfix_full_tier1_20260729_01/tier1/200_250/media/IZlCQIT9fDU_s0000414146_e0000416190.mp4,tier1,cuda,nvenc,cutfix_full_tier1_20260729_01
IZlCQIT9fDU_s0000421058_e0000426590,IZlCQIT9fDU,421.058,426.59,5.532,1.0,1.0,8.94,/kaggle/working/cut_cutfix_full_tier1_20260729_01/tier1/200_250/media/IZlCQIT9fDU_s0000421058_e0000426590.mp4,tier1,cuda,nvenc,cutfix_full_tier1_20260729_01
IZlCQIT9fDU_s0000426690_e0000429246,IZlCQIT9fDU,426.69,429.246,2.556,1.0,1.0,6.37,/kaggle/working/cut_cutfix_full_tier1_20260729_01/tier1/200_250/media/IZlCQIT9fDU_s0000426690_e0000429246.mp4,tier1,cuda,nvenc,cutfix_full_tier1_20260729_01
IZlCQIT9fDU_s0000456994_e0000461502,IZlCQIT9fDU,456.994,461.502,4.508,1.0,1.0,5.15,/kaggle/working/cut_cutfix_full_tier1_20260729_01/tier1/200_250/media/IZlCQIT9fDU_s0000456994_e0000461502.mp4,tier1,cuda,nvenc,cutfix_full_tier1_20260729_01
IZlCQIT9fDU_s0000473378_e0000476254,IZlCQIT9fDU,473.378,476.254,2.876,1.0,1.0,8.36,/kaggle/working/cut_cutfix_full_tier1_20260729_01/tier1/200_250/media/IZlCQIT9fDU_s0000473378_e0000476254.mp4,tier1,cuda,nvenc,cutfix_full_tier1_20260729_01
IZlCQIT9fDU_s0000491074_e0000493246,IZlCQIT9fDU,491.074,493.246,2.172,1.0,1.0,8.79,/kaggle/working/cut_cutfix_full_tier1_20260729_01/tier1/200_250/media/IZlCQIT9fDU_s0000491074_e0000493246.mp4,tier1,cuda,nvenc,cutfix_full_tier1_20260729_01
IZlCQIT9fDU_s0000496802_e0000499838,IZlCQIT9fDU,496.802,499.838,3.036,1.0,1.0,6.53,/kaggle/working/cut_cutfix_full_tier1_20260729_01/tier1/200_250/media/IZlCQIT9fDU_s0000496802_e0000499838.mp4,tier1,cuda,nvenc,cutfix_full_tier1_20260729_01
IZlCQIT9fDU_s0000502626_e0000506110,IZlCQIT9fDU,502.626,506.11,3.484,1.0,1.0,7.55,/kaggle/working/cut_cutfix_full_tier1_20260729_01/tier1/200_250/media/IZlCQIT9fDU_s0000502626_e0000506110.mp4,tier1,cuda,nvenc,cutfix_full_tier1_20260729_01
IZlCQIT9fDU_s0000508898_e0000510942,IZlCQIT9fDU,508.898,510.942,2.044,1.0,1.0,6.32,/kaggle/working/cut_cutfix_full_tier1_20260729_01/tier1/200_250/media/IZlCQIT9fDU_s0000508898_e0000510942.mp4,tier1,cuda,nvenc,cutfix_full_tier1_20260729_01
IZlCQIT9fDU_s0000517954_e0000520062,IZlCQIT9fDU,517.954,520.062,2.108,1.0,1.0,8.76,/kaggle/working/cut_cutfix_full_tier1_20260729_01/tier1/200_250/media/IZlCQIT9fDU_s0000517954_e0000520062.mp4,tier1,cuda,nvenc,cutfix_full_tier1_20260729_01
IZlCQIT9fDU_s0000532322_e0000534846,IZlCQIT9fDU,532.322,534.846,2.524,1.0,1.0,5.47,/kaggle/working/cut_cutfix_full_tier1_20260729_01/tier1/200_250/media/IZlCQIT9fDU_s0000532322_e0000534846.mp4,tier1,cuda,nvenc,cutfix_full_tier1_20260729_01
IZlCQIT9fDU_s0000536034_e0000539998,IZlCQIT9fDU,536.034,539.998,3.964,1.0,1.0,7.88,/kaggle/working/cut_cutfix_full_tier1_20260729_01/tier1/200_250/media/IZlCQIT9fDU_s0000536034_e0000539998.mp4,tier1,cuda,nvenc,cutfix_full_tier1_20260729_01
IZlCQIT9fDU_s0000548514_e0000551742,IZlCQIT9fDU,548.514,551.742,3.228,1.0,1.0,6.46,/kaggle/working/cut_cutfix_full_tier1_20260729_01/tier1/200_250/media/IZlCQIT9fDU_s0000548514_e0000551742.mp4,tier1,cuda,nvenc,cutfix_full_tier1_20260729_01
IZlCQIT9fDU_s0000555522_e0000558782,IZlCQIT9fDU,555.522,558.782,3.26,1.0,1.0,5.33,/kaggle/working/cut_cutfix_full_tier1_20260729_01/tier1/200_250/media/IZlCQIT9fDU_s0000555522_e0000558782.mp4,tier1,cuda,nvenc,cutfix_full_tier1_20260729_01
IZlCQIT9fDU_s0000566530_e0000568894,IZlCQIT9fDU,566.53,568.894,2.364,1.0,1.0,10.42,/kaggle/working/cut_cutfix_full_tier1_20260729_01/tier1/200_250/media/IZlCQIT9fDU_s0000566530_e0000568894.mp4,tier1,cuda,nvenc,cutfix_full_tier1_20260729_01
IZlCQIT9fDU_s0000569058_e0000571678,IZlCQIT9fDU,569.058,571.678,2.62,1.0,1.0,9.22,/kaggle/working/cut_cutfix_full_tier1_20260729_01/tier1/200_250/media/IZlCQIT9fDU_s0000569058_e0000571678.mp4,tier1,cuda,nvenc,cutfix_full_tier1_20260729_01
IZlCQIT9fDU_s0000571810_e0000574014,IZlCQIT9fDU,571.81,574.014,2.204,1.0,1.0,8.8,/kaggle/working/cut_cutfix_full_tier1_20260729_01/tier1/200_250/media/IZlCQIT9fDU_s0000571810_e0000574014.mp4,tier1,cuda,nvenc,cutfix_full_tier1_20260729_01
IZlCQIT9fDU_s0000574850_e0000578206,IZlCQIT9fDU,574.85,578.206,3.356,1.0,1.0,8.46,/kaggle/working/cut_cutfix_full_tier1_20260729_01/tier1/200_250/media/IZlCQIT9fDU_s0000574850_e0000578206.mp4,tier1,cuda,nvenc,cutfix_full_tier1_20260729_01
IZlCQIT9fDU_s0000578338_e0000581182,IZlCQIT9fDU,578.338,581.182,2.844,1.0,1.0,6.18,/kaggle/working/cut_cutfix_full_tier1_20260729_01/tier1/200_250/media/IZlCQIT9fDU_s0000578338_e0000581182.mp4,tier1,cuda,nvenc,cutfix_full_tier1_20260729_01
IZlCQIT9fDU_s0000596290_e0000599806,IZlCQIT9fDU,596.29,599.806,3.516,1.0,1.0,7.39,/kaggle/working/cut_cutfix_full_tier1_20260729_01/tier1/200_250/media/IZlCQIT9fDU_s0000596290_e0000599806.mp4,tier1,cuda,nvenc,cutfix_full_tier1_20260729_01
IZlCQIT9fDU_s0000600034_e0000602782,IZlCQIT9fDU,600.034,602.782,2.748,1.0,1.0,5.76,/kaggle/working/cut_cutfix_full_tier1_20260729_01/tier1/200_250/media/IZlCQIT9fDU_s0000600034_e0000602782.mp4,tier1,cuda,nvenc,cutfix_full_tier1_20260729_01
IZlCQIT9fDU_s0000605922_e0000608382,IZlCQIT9fDU,605.922,608.382,2.46,1.0,1.0,7.84,/kaggle/working/cut_cutfix_full_tier1_20260729_01/tier1/200_250/media/IZlCQIT9fDU_s0000605922_e0000608382.mp4,tier1,cuda,nvenc,cutfix_full_tier1_20260729_01
IZlCQIT9fDU_s0000608610_e0000611646,IZlCQIT9fDU,608.61,611.646,3.036,1.0,1.0,4.91,/kaggle/working/cut_cutfix_full_tier1_20260729_01/tier1/200_250/media/IZlCQIT9fDU_s0000608610_e0000611646.mp4,tier1,cuda,nvenc,cutfix_full_tier1_20260729_01
IZlCQIT9fDU_s0000613282_e0000615998,IZlCQIT9fDU,613.282,615.998,2.716,1.0,1.0,6.88,/kaggle/working/cut_cutfix_full_tier1_20260729_01/tier1/200_250/media/IZlCQIT9fDU_s0000613282_e0000615998.mp4,tier1,cuda,nvenc,cutfix_full_tier1_20260729_01
IZlCQIT9fDU_s0000624098_e0000626110,IZlCQIT9fDU,624.098,626.11,2.012,1.0,1.0,6.75,/kaggle/working/cut_cutfix_full_tier1_20260729_01/tier1/200_250/media/IZlCQIT9fDU_s0000624098_e0000626110.mp4,tier1,cuda,nvenc,cutfix_full_tier1_20260729_01
IZlCQIT9fDU_s0000628034_e0000630334,IZlCQIT9fDU,628.034,630.334,2.3,1.0,1.0,7.39,/kaggle/working/cut_cutfix_full_tier1_20260729_01/tier1/200_250/media/IZlCQIT9fDU_s0000628034_e0000630334.mp4,tier1,cuda,nvenc,cutfix_full_tier1_20260729_01
IZlCQIT9fDU_s0000637826_e0000640894,IZlCQIT9fDU,637.826,640.894,3.068,1.0,1.0,9.74,/kaggle/working/cut_cutfix_full_tier1_20260729_01/tier1/200_250/media/IZlCQIT9fDU_s0000637826_e0000640894.mp4,tier1,cuda,nvenc,cutfix_full_tier1_20260729_01
IZlCQIT9fDU_s0000641058_e0000643390,IZlCQIT9fDU,641.058,643.39,2.332,1.0,1.0,7.81,/kaggle/working/cut_cutfix_full_tier1_20260729_01/tier1/200_250/media/IZlCQIT9fDU_s0000641058_e0000643390.mp4,tier1,cuda,nvenc,cutfix_full_tier1_20260729_01
IZlCQIT9fDU_s0000684674_e0000686910,IZlCQIT9fDU,684.674,686.91,2.236,1.0,1.0,6.02,/kaggle/working/cut_cutfix_full_tier1_20260729_01/tier1/200_250/media/IZlCQIT9fDU_s0000684674_e0000686910.mp4,tier1,cuda,nvenc,cutfix_full_tier1_20260729_01
IZlCQIT9fDU_s0000687074_e0000689214,IZlCQIT9fDU,687.074,689.214,2.14,1.0,1.0,2.45,/kaggle/working/cut_cutfix_full_tier1_20260729_01/tier1/200_250/media/IZlCQIT9fDU_s0000687074_e0000689214.mp4,tier1,cuda,nvenc,cutfix_full_tier1_20260729_01
IdY-AIaX1kw_s0000022466_e0000025470,IdY-AIaX1kw,22.466,25.47,3.004,1.0,1.0,3.11,/kaggle/working/cut_cutfix_full_tier1_20260729_01/tier1/200_250/media/IdY-AIaX1kw_s0000022466_e0000025470.mp4,tier1,cuda,nvenc,cutfix_full_tier1_20260729_01
IdY-AIaX1kw_s0000025698_e0000031166,IdY-AIaX1kw,25.698,31.166,5.468,1.0,1.0,3.05,/kaggle/working/cut_cutfix_full_tier1_20260729_01/tier1/200_250/media/IdY-AIaX1kw_s0000025698_e0000031166.mp4,tier1,cuda,nvenc,cutfix_full_tier1_20260729_01
IdY-AIaX1kw_s0000032706_e0000037502,IdY-AIaX1kw,32.706,37.502,4.796,1.0,1.0,1.67,/kaggle/working/cut_cutfix_full_tier1_20260729_01/tier1/200_250/media/IdY-AIaX1kw_s0000032706_e0000037502.mp4,tier1,cuda,nvenc,cutfix_full_tier1_20260729_01
IdY-AIaX1kw_s0000038914_e0000041214,IdY-AIaX1kw,38.914,41.214,2.3,1.0,1.0,1.27,/kaggle/working/cut_cutfix_full_tier1_20260729_01/tier1/200_250/media/IdY-AIaX1kw_s0000038914_e0000041214.mp4,tier1,cuda,nvenc,cutfix_full_tier1_20260729_01
IdY-AIaX1kw_s0000041698_e0000043870,IdY-AIaX1kw,41.698,43.87,2.172,1.0,1.0,-0.3,/kaggle/working/cut_cutfix_full_tier1_20260729_01/tier1/200_250/media/IdY-AIaX1kw_s0000041698_e0000043870.mp4,tier1,cuda,nvenc,cutfix_full_tier1_20260729_01
IdY-AIaX1kw_s0000045410_e0000049726,IdY-AIaX1kw,45.41,49.726,4.316,1.0,1.0,2.45,/kaggle/working/cut_cutfix_full_tier1_20260729_01/tier1/200_250/media/IdY-AIaX1kw_s0000045410_e0000049726.mp4,tier1,cuda,nvenc,cutfix_full_tier1_20260729_01
IdY-AIaX1kw_s0000055042_e0000058622,IdY-AIaX1kw,55.042,58.622,3.58,1.0,1.0,1.84,/kaggle/working/cut_cutfix_full_tier1_20260729_01/tier1/200_250/media/IdY-AIaX1kw_s0000055042_e0000058622.mp4,tier1,cuda,nvenc,cutfix_full_tier1_20260729_01
IdY-AIaX1kw_s0000071426_e0000073726,IdY-AIaX1kw,71.426,73.726,2.3,1.0,1.0,4.34,/kaggle/working/cut_cutfix_full_tier1_20260729_01/tier1/200_250/media/IdY-AIaX1kw_s0000071426_e0000073726.mp4,tier1,cuda,nvenc,cutfix_full_tier1_20260729_01
IdY-AIaX1kw_s0000074082_e0000076830,IdY-AIaX1kw,74.082,76.83,2.748,1.0,1.0,2.33,/kaggle/working/cut_cutfix_full_tier1_20260729_01/tier1/200_250/media/IdY-AIaX1kw_s0000074082_e0000076830.mp4,tier1,cuda,nvenc,cutfix_full_tier1_20260729_01
IdY-AIaX1kw_s0000076930_e0000080766,IdY-AIaX1kw,76.93,80.766,3.836,1.0,1.0,2.08,/kaggle/working/cut_cutfix_full_tier1_20260729_01/tier1/200_250/media/IdY-AIaX1kw_s0000076930_e0000080766.mp4,tier1,cuda,nvenc,cutfix_full_tier1_20260729_01
IdY-AIaX1kw_s0000082626_e0000084798,IdY-AIaX1kw,82.626,84.798,2.172,1.0,1.0,1.31,/kaggle/working/cut_cutfix_full_tier1_20260729_01/tier1/200_250/media/IdY-AIaX1kw_s0000082626_e0000084798.mp4,tier1,cuda,nvenc,cutfix_full_tier1_20260729_01
IdY-AIaX1kw_s0000084962_e0000087006,IdY-AIaX1kw,84.962,87.006,2.044,1.0,1.0,3.29,/kaggle/working/cut_cutfix_full_tier1_20260729_01/tier1/200_250/media/IdY-AIaX1kw_s0000084962_e0000087006.mp4,tier1,cuda,nvenc,cutfix_full_tier1_20260729_01
IdY-AIaX1kw_s0000088610_e0000091262,IdY-AIaX1kw,88.61,91.262,2.652,1.0,1.0,2.19,/kaggle/working/cut_cutfix_full_tier1_20260729_01/tier1/200_250/media/IdY-AIaX1kw_s0000088610_e0000091262.mp4,tier1,cuda,nvenc,cutfix_full_tier1_20260729_01
IdY-AIaX1kw_s0000091682_e0000097054,IdY-AIaX1kw,91.682,97.054,5.372,1.0,1.0,2.66,/kaggle/working/cut_cutfix_full_tier1_20260729_01/tier1/200_250/media/IdY-AIaX1kw_s0000091682_e0000097054.mp4,tier1,cuda,nvenc,cutfix_full_tier1_20260729_01
IdY-AIaX1kw_s0000097218_e0000100126,IdY-AIaX1kw,97.218,100.126,2.908,1.0,1.0,1.1,/kaggle/working/cut_cutfix_full_tier1_20260729_01/tier1/200_250/media/IdY-AIaX1kw_s0000097218_e0000100126.mp4,tier1,cuda,nvenc,cutfix_full_tier1_20260729_01
IdY-AIaX1kw_s0000101730_e0000105086,IdY-AIaX1kw,101.73,105.086,3.356,1.0,1.0,6.84,/kaggle/working/cut_cutfix_full_tier1_20260729_01/tier1/200_250/media/IdY-AIaX1kw_s0000101730_e0000105086.mp4,tier1,cuda,nvenc,cutfix_full_tier1_20260729_01
IdY-AIaX1kw_s0000105186_e0000107710,IdY-AIaX1kw,105.186,107.71,2.524,1.0,1.0,7.43,/kaggle/working/cut_cutfix_full_tier1_20260729_01/tier1/200_250/media/IdY-AIaX1kw_s0000105186_e0000107710.mp4,tier1,cuda,nvenc,cutfix_full_tier1_20260729_01
IdY-AIaX1kw_s0000116994_e0000121246,IdY-AIaX1kw,116.994,121.246,4.252,1.0,1.0,5.83,/kaggle/working/cut_cutfix_full_tier1_20260729_01/tier1/200_250/media/IdY-AIaX1kw_s0000116994_e0000121246.mp4,tier1,cuda,nvenc,cutfix_full_tier1_20260729_01
IdY-AIaX1kw_s0000136514_e0000141822,IdY-AIaX1kw,136.514,141.822,5.308,1.0,1.0,6.12,/kaggle/working/cut_cutfix_full_tier1_20260729_01/tier1/200_250/media/IdY-AIaX1kw_s0000136514_e0000141822.mp4,tier1,cuda,nvenc,cutfix_full_tier1_20260729_01
IdY-AIaX1kw_s0000156130_e0000160606,IdY-AIaX1kw,156.13,160.606,4.476,1.0,1.0,5.53,/kaggle/working/cut_cutfix_full_tier1_20260729_01/tier1/200_250/media/IdY-AIaX1kw_s0000156130_e0000160606.mp4,tier1,cuda,nvenc,cutfix_full_tier1_20260729_01
IdY-AIaX1kw_s0000187810_e0000190974,IdY-AIaX1kw,187.81,190.974,3.164,1.0,1.0,5.6,/kaggle/working/cut_cutfix_full_tier1_20260729_01/tier1/200_250/media/IdY-AIaX1kw_s0000187810_e0000190974.mp4,tier1,cuda,nvenc,cutfix_full_tier1_20260729_01
IdY-AIaX1kw_s0000201250_e0000203902,IdY-AIaX1kw,201.25,203.902,2.652,1.0,1.0,6.35,/kaggle/working/cut_cutfix_full_tier1_20260729_01/tier1/200_250/media/IdY-AIaX1kw_s0000201250_e0000203902.mp4,tier1,cuda,nvenc,cutfix_full_tier1_20260729_01
IdY-AIaX1kw_s0000204098_e0000207038,IdY-AIaX1kw,204.098,207.038,2.94,1.0,1.0,4.85,/kaggle/working/cut_cutfix_full_tier1_20260729_01/tier1/200_250/media/IdY-AIaX1kw_s0000204098_e0000207038.mp4,tier1,cuda,nvenc,cutfix_full_tier1_20260729_01
IdY-AIaX1kw_s0000220706_e0000222750,IdY-AIaX1kw,220.706,222.75,2.044,1.0,1.0,7.14,/kaggle/working/cut_cutfix_full_tier1_20260729_01/tier1/200_250/media/IdY-AIaX1kw_s0000220706_e0000222750.mp4,tier1,cuda,nvenc,cutfix_full_tier1_20260729_01
IdY-AIaX1kw_s0000222882_e0000226302,IdY-AIaX1kw,222.882,226.302,3.42,1.0,1.0,6.46,/kaggle/working/cut_cutfix_full_tier1_20260729_01/tier1/200_250/media/IdY-AIaX1kw_s0000222882_e0000226302.mp4,tier1,cuda,nvenc,cutfix_full_tier1_20260729_01
IdY-AIaX1kw_s0000241442_e0000245438,IdY-AIaX1kw,241.442,245.438,3.996,1.0,1.0,6.34,/kaggle/working/cut_cutfix_full_tier1_20260729_01/tier1/200_250/media/IdY-AIaX1kw_s0000241442_e0000245438.mp4,tier1,cuda,nvenc,cutfix_full_tier1_20260729_01
IdY-AIaX1kw_s0000248034_e0000250526,IdY-AIaX1kw,248.034,250.526,2.492,1.0,1.0,6.32,/kaggle/working/cut_cutfix_full_tier1_20260729_01/tier1/200_250/media/IdY-AIaX1kw_s0000248034_e0000250526.mp4,tier1,cuda,nvenc,cutfix_full_tier1_20260729_01
IdY-AIaX1kw_s0000261410_e0000269982,IdY-AIaX1kw,261.41,269.982,8.572,1.0,1.0,2.22,/kaggle/working/cut_cutfix_full_tier1_20260729_01/tier1/200_250/media/IdY-AIaX1kw_s0000261410_e0000269982.mp4,tier1,cuda,nvenc,cutfix_full_tier1_20260729_01
IdY-AIaX1kw_s0000270082_e0000272606,IdY-AIaX1kw,270.082,272.606,2.524,1.0,1.0,0.08,/kaggle/working/cut_cutfix_full_tier1_20260729_01/tier1/200_250/media/IdY-AIaX1kw_s0000270082_e0000272606.mp4,tier1,cuda,nvenc,cutfix_full_tier1_20260729_01
IdY-AIaX1kw_s0000282882_e0000285150,IdY-AIaX1kw,282.882,285.15,2.268,1.0,1.0,6.11,/kaggle/working/cut_cutfix_full_tier1_20260729_01/tier1/200_250/media/IdY-AIaX1kw_s0000282882_e0000285150.mp4,tier1,cuda,nvenc,cutfix_full_tier1_20260729_01
IdY-AIaX1kw_s0000285410_e0000287870,IdY-AIaX1kw,285.41,287.87,2.46,1.0,1.0,7.46,/kaggle/working/cut_cutfix_full_tier1_20260729_01/tier1/200_250/media/IdY-AIaX1kw_s0000285410_e0000287870.mp4,tier1,cuda,nvenc,cutfix_full_tier1_20260729_01
IdY-AIaX1kw_s0000288514_e0000295678,IdY-AIaX1kw,288.514,295.678,7.164,1.0,1.0,6.22,/kaggle/working/cut_cutfix_full_tier1_20260729_01/tier1/200_250/media/IdY-AIaX1kw_s0000288514_e0000295678.mp4,tier1,cuda,nvenc,cutfix_full_tier1_20260729_01
IdY-AIaX1kw_s0000302050_e0000304382,IdY-AIaX1kw,302.05,304.382,2.332,1.0,1.0,6.44,/kaggle/working/cut_cutfix_full_tier1_20260729_01/tier1/200_250/media/IdY-AIaX1kw_s0000302050_e0000304382.mp4,tier1,cuda,nvenc,cutfix_full_tier1_20260729_01
IdY-AIaX1kw_s0000309026_e0000311102,IdY-AIaX1kw,309.026,311.102,2.076,1.0,1.0,7.45,/kaggle/working/cut_cutfix_full_tier1_20260729_01/tier1/200_250/media/IdY-AIaX1kw_s0000309026_e0000311102.mp4,tier1,cuda,nvenc,cutfix_full_tier1_20260729_01
IdY-AIaX1kw_s0000321090_e0000323550,IdY-AIaX1kw,321.09,323.55,2.46,1.0,1.0,7.57,/kaggle/working/cut_cutfix_full_tier1_20260729_01/tier1/200_250/media/IdY-AIaX1kw_s0000321090_e0000323550.mp4,tier1,cuda,nvenc,cutfix_full_tier1_20260729_01
IdY-AIaX1kw_s0000332706_e0000335678,IdY-AIaX1kw,332.706,335.678,2.972,1.0,1.0,6.51,/kaggle/working/cut_cutfix_full_tier1_20260729_01/tier1/200_250/media/IdY-AIaX1kw_s0000332706_e0000335678.mp4,tier1,cuda,nvenc,cutfix_full_tier1_20260729_01
IdY-AIaX1kw_s0000335970_e0000339198,IdY-AIaX1kw,335.97,339.198,3.228,1.0,1.0,6.97,/kaggle/working/cut_cutfix_full_tier1_20260729_01/tier1/200_250/media/IdY-AIaX1kw_s0000335970_e0000339198.mp4,tier1,cuda,nvenc,cutfix_full_tier1_20260729_01
IdY-AIaX1kw_s0000343842_e0000346302,IdY-AIaX1kw,343.842,346.302,2.46,1.0,1.0,6.14,/kaggle/working/cut_cutfix_full_tier1_20260729_01/tier1/200_250/media/IdY-AIaX1kw_s0000343842_e0000346302.mp4,tier1,cuda,nvenc,cutfix_full_tier1_20260729_01
IdY-AIaX1kw_s0000349666_e0000354782,IdY-AIaX1kw,349.666,354.782,5.116,1.0,1.0,2.52,/kaggle/working/cut_cutfix_full_tier1_20260729_01/tier1/200_250/media/IdY-AIaX1kw_s0000349666_e0000354782.mp4,tier1,cuda,nvenc,cutfix_full_tier1_20260729_01
IdY-AIaX1kw_s0000355010_e0000357854,IdY-AIaX1kw,355.01,357.854,2.844,1.0,1.0,3.23,/kaggle/working/cut_cutfix_full_tier1_20260729_01/tier1/200_250/media/IdY-AIaX1kw_s0000355010_e0000357854.mp4,tier1,cuda,nvenc,cutfix_full_tier1_20260729_01
IdY-AIaX1kw_s0000358018_e0000361278,IdY-AIaX1kw,358.018,361.278,3.26,1.0,1.0,4.24,/kaggle/working/cut_cutfix_full_tier1_20260729_01/tier1/200_250/media/IdY-AIaX1kw_s0000358018_e0000361278.mp4,tier1,cuda,nvenc,cutfix_full_tier1_20260729_01
IdY-AIaX1kw_s0000361410_e0000366142,IdY-AIaX1kw,361.41,366.142,4.732,1.0,1.0,2.12,/kaggle/working/cut_cutfix_full_tier1_20260729_01/tier1/200_250/media/IdY-AIaX1kw_s0000361410_e0000366142.mp4,tier1,cuda,nvenc,cutfix_full_tier1_20260729_01
IdY-AIaX1kw_s0000374082_e0000378206,IdY-AIaX1kw,374.082,378.206,4.124,1.0,1.0,5.46,/kaggle/working/cut_cutfix_full_tier1_20260729_01/tier1/200_250/media/IdY-AIaX1kw_s0000374082_e0000378206.mp4,tier1,cuda,nvenc,cutfix_full_tier1_20260729_01
IdY-AIaX1kw_s0000378306_e0000380766,IdY-AIaX1kw,378.306,380.766,2.46,1.0,1.0,3.84,/kaggle/working/cut_cutfix_full_tier1_20260729_01/tier1/200_250/media/IdY-AIaX1kw_s0000378306_e0000380766.mp4,tier1,cuda,nvenc,cutfix_full_tier1_20260729_01
IdY-AIaX1kw_s0000380994_e0000387838,IdY-AIaX1kw,380.994,387.838,6.844,1.0,1.0,2.77,/kaggle/working/cut_cutfix_full_tier1_20260729_01/tier1/200_250/media/IdY-AIaX1kw_s0000380994_e0000387838.mp4,tier1,cuda,nvenc,cutfix_full_tier1_20260729_01
IdY-AIaX1kw_s0000394594_e0000397054,IdY-AIaX1kw,394.594,397.054,2.46,1.0,1.0,5.26,/kaggle/working/cut_cutfix_full_tier1_20260729_01/tier1/200_250/media/IdY-AIaX1kw_s0000394594_e0000397054.mp4,tier1,cuda,nvenc,cutfix_full_tier1_20260729_01
IdY-AIaX1kw_s0000421570_e0000423646,IdY-AIaX1kw,421.57,423.646,2.076,1.0,1.0,5.23,/kaggle/working/cut_cutfix_full_tier1_20260729_01/tier1/200_250/media/IdY-AIaX1kw_s0000421570_e0000423646.mp4,tier1,cuda,nvenc,cutfix_full_tier1_20260729_01
IdY-AIaX1kw_s0000444674_e0000449086,IdY-AIaX1kw,444.674,449.086,4.412,1.0,1.0,4.92,/kaggle/working/cut_cutfix_full_tier1_20260729_01/tier1/200_250/media/IdY-AIaX1kw_s0000444674_e0000449086.mp4,tier1,cuda,nvenc,cutfix_full_tier1_20260729_01
IdY-AIaX1kw_s0000465090_e0000467774,IdY-AIaX1kw,465.09,467.774,2.684,1.0,1.0,5.57,/kaggle/working/cut_cutfix_full_tier1_20260729_01/tier1/200_250/media/IdY-AIaX1kw_s0000465090_e0000467774.mp4,tier1,cuda,nvenc,cutfix_full_tier1_20260729_01
IdY-AIaX1kw_s0000483842_e0000490366,IdY-AIaX1kw,483.842,490.366,6.524,1.0,1.0,2.63,/kaggle/working/cut_cutfix_full_tier1_20260729_01/tier1/200_250/media/IdY-AIaX1kw_s0000483842_e0000490366.mp4,tier1,cuda,nvenc,cutfix_full_tier1_20260729_01
IdY-AIaX1kw_s0000490562_e0000494110,IdY-AIaX1kw,490.562,494.11,3.548,1.0,1.0,3.07,/kaggle/working/cut_cutfix_full_tier1_20260729_01/tier1/200_250/media/IdY-AIaX1kw_s0000490562_e0000494110.mp4,tier1,cuda,nvenc,cutfix_full_tier1_20260729_01
IdY-AIaX1kw_s0000494306_e0000498686,IdY-AIaX1kw,494.306,498.686,4.38,1.0,1.0,2.26,/kaggle/working/cut_cutfix_full_tier1_20260729_01/tier1/200_250/media/IdY-AIaX1kw_s0000494306_e0000498686.mp4,tier1,cuda,nvenc,cutfix_full_tier1_20260729_01
IdY-AIaX1kw_s0000498786_e0000501630,IdY-AIaX1kw,498.786,501.63,2.844,1.0,1.0,1.71,/kaggle/working/cut_cutfix_full_tier1_20260729_01/tier1/200_250/media/IdY-AIaX1kw_s0000498786_e0000501630.mp4,tier1,cuda,nvenc,cutfix_full_tier1_20260729_01
IdY-AIaX1kw_s0000545730_e0000550430,IdY-AIaX1kw,545.73,550.43,4.7,1.0,1.0,2.76,/kaggle/working/cut_cutfix_full_tier1_20260729_01/tier1/200_250/media/IdY-AIaX1kw_s0000545730_e0000550430.mp4,tier1,cuda,nvenc,cutfix_full_tier1_20260729_01
IdY-AIaX1kw_s0000551042_e0000553278,IdY-AIaX1kw,551.042,553.278,2.236,1.0,1.0,4.61,/kaggle/working/cut_cutfix_full_tier1_20260729_01/tier1/200_250/media/IdY-AIaX1kw_s0000551042_e0000553278.mp4,tier1,cuda,nvenc,cutfix_full_tier1_20260729_01
IdY-AIaX1kw_s0000578530_e0000581534,IdY-AIaX1kw,578.53,581.534,3.004,1.0,1.0,2.97,/kaggle/working/cut_cutfix_full_tier1_20260729_01/tier1/200_250/media/IdY-AIaX1kw_s0000578530_e0000581534.mp4,tier1,cuda,nvenc,cutfix_full_tier1_20260729_01
IdY-AIaX1kw_s0000581858_e0000584350,IdY-AIaX1kw,581.858,584.35,2.492,1.0,1.0,0.99,/kaggle/working/cut_cutfix_full_tier1_20260729_01/tier1/200_250/media/IdY-AIaX1kw_s0000581858_e0000584350.mp4,tier1,cuda,nvenc,cutfix_full_tier1_20260729_01
IdY-AIaX1kw_s0000586434_e0000591966,IdY-AIaX1kw,586.434,591.966,5.532,1.0,1.0,1.33,/kaggle/working/cut_cutfix_full_tier1_20260729_01/tier1/200_250/media/IdY-AIaX1kw_s0000586434_e0000591966.mp4,tier1,cuda,nvenc,cutfix_full_tier1_20260729_01
IdY-AIaX1kw_s0000605346_e0000608862,IdY-AIaX1kw,605.346,608.862,3.516,1.0,1.0,2.92,/kaggle/working/cut_cutfix_full_tier1_20260729_01/tier1/200_250/media/IdY-AIaX1kw_s0000605346_e0000608862.mp4,tier1,cuda,nvenc,cutfix_full_tier1_20260729_01
IdY-AIaX1kw_s0000617186_e0000619582,IdY-AIaX1kw,617.186,619.582,2.396,1.0,1.0,4.07,/kaggle/working/cut_cutfix_full_tier1_20260729_01/tier1/200_250/media/IdY-AIaX1kw_s0000617186_e0000619582.mp4,tier1,cuda,nvenc,cutfix_full_tier1_20260729_01
IdY-AIaX1kw_s0000619938_e0000624990,IdY-AIaX1kw,619.938,624.99,5.052,1.0,1.0,3.57,/kaggle/working/cut_cutfix_full_tier1_20260729_01/tier1/200_250/media/IdY-AIaX1kw_s0000619938_e0000624990.mp4,tier1,cuda,nvenc,cutfix_full_tier1_20260729_01
IdY-AIaX1kw_s0000657666_e0000660926,IdY-AIaX1kw,657.666,660.926,3.26,1.0,1.0,3.8,/kaggle/working/cut_cutfix_full_tier1_20260729_01/tier1/200_250/media/IdY-AIaX1kw_s0000657666_e0000660926.mp4,tier1,cuda,nvenc,cutfix_full_tier1_20260729_01
IdY-AIaX1kw_s0000671778_e0000673918,IdY-AIaX1kw,671.778,673.918,2.14,1.0,1.0,5.14,/kaggle/working/cut_cutfix_full_tier1_20260729_01/tier1/200_250/media/IdY-AIaX1kw_s0000671778_e0000673918.mp4,tier1,cuda,nvenc,cutfix_full_tier1_20260729_01
IdY-AIaX1kw_s0000682114_e0000684254,IdY-AIaX1kw,682.114,684.254,2.14,1.0,1.0,3.34,/kaggle/working/cut_cutfix_full_tier1_20260729_01/tier1/200_250/media/IdY-AIaX1kw_s0000682114_e0000684254.mp4,tier1,cuda,nvenc,cutfix_full_tier1_20260729_01
IdY-AIaX1kw_s0000688322_e0000691550,IdY-AIaX1kw,688.322,691.55,3.228,1.0,1.0,1.92,/kaggle/working/cut_cutfix_full_tier1_20260729_01/tier1/200_250/media/IdY-AIaX1kw_s0000688322_e0000691550.mp4,tier1,cuda,nvenc,cutfix_full_tier1_20260729_01
IdY-AIaX1kw_s0000691842_e0000695038,IdY-AIaX1kw,691.842,695.038,3.196,1.0,1.0,1.17,/kaggle/working/cut_cutfix_full_tier1_20260729_01/tier1/200_250/media/IdY-AIaX1kw_s0000691842_e0000695038.mp4,tier1,cuda,nvenc,cutfix_full_tier1_20260729_01
IdY-AIaX1kw_s0000705410_e0000707678,IdY-AIaX1kw,705.41,707.678,2.268,1.0,1.0,5.73,/kaggle/working/cut_cutfix_full_tier1_20260729_01/tier1/200_250/media/IdY-AIaX1kw_s0000705410_e0000707678.mp4,tier1,cuda,nvenc,cutfix_full_tier1_20260729_01
IdY-AIaX1kw_s0000736290_e0000738398,IdY-AIaX1kw,736.29,738.398,2.108,1.0,1.0,5.89,/kaggle/working/cut_cutfix_full_tier1_20260729_01/tier1/200_250/media/IdY-AIaX1kw_s0000736290_e0000738398.mp4,tier1,cuda,nvenc,cutfix_full_tier1_20260729_01
IdY-AIaX1kw_s0000741058_e0000743198,IdY-AIaX1kw,741.058,743.198,2.14,1.0,1.0,7.62,/kaggle/working/cut_cutfix_full_tier1_20260729_01/tier1/200_250/media/IdY-AIaX1kw_s0000741058_e0000743198.mp4,tier1,cuda,nvenc,cutfix_full_tier1_20260729_01
IdY-AIaX1kw_s0000752130_e0000754590,IdY-AIaX1kw,752.13,754.59,2.46,1.0,1.0,5.37,/kaggle/working/cut_cutfix_full_tier1_20260729_01/tier1/200_250/media/IdY-AIaX1kw_s0000752130_e0000754590.mp4,tier1,cuda,nvenc,cutfix_full_tier1_20260729_01
IdY-AIaX1kw_s0000757538_e0000763646,IdY-AIaX1kw,757.538,763.646,6.108,1.0,1.0,3.33,/kaggle/working/cut_cutfix_full_tier1_20260729_01/tier1/200_250/media/IdY-AIaX1kw_s0000757538_e0000763646.mp4,tier1,cuda,nvenc,cutfix_full_tier1_20260729_01
IdY-AIaX1kw_s0000830978_e0000833534,IdY-AIaX1kw,830.978,833.534,2.556,1.0,1.0,1.77,/kaggle/working/cut_cutfix_full_tier1_20260729_01/tier1/200_250/media/IdY-AIaX1kw_s0000830978_e0000833534.mp4,tier1,cuda,nvenc,cutfix_full_tier1_20260729_01
IdY-AIaX1kw_s0000835682_e0000841726,IdY-AIaX1kw,835.682,841.726,6.044,1.0,1.0,3.15,/kaggle/working/cut_cutfix_full_tier1_20260729_01/tier1/200_250/media/IdY-AIaX1kw_s0000835682_e0000841726.mp4,tier1,cuda,nvenc,cutfix_full_tier1_20260729_01
IdY-AIaX1kw_s0000845154_e0000850718,IdY-AIaX1kw,845.154,850.718,5.564,1.0,1.0,2.54,/kaggle/working/cut_cutfix_full_tier1_20260729_01/tier1/200_250/media/IdY-AIaX1kw_s0000845154_e0000850718.mp4,tier1,cuda,nvenc,cutfix_full_tier1_20260729_01
IdY-AIaX1kw_s0000893410_e0000895422,IdY-AIaX1kw,893.41,895.422,2.012,1.0,1.0,7.83,/kaggle/working/cut_cutfix_full_tier1_20260729_01/tier1/200_250/media/IdY-AIaX1kw_s0000893410_e0000895422.mp4,tier1,cuda,nvenc,cutfix_full_tier1_20260729_01
IdY-AIaX1kw_s0000895554_e0000899134,IdY-AIaX1kw,895.554,899.134,3.58,1.0,1.0,7.82,/kaggle/working/cut_cutfix_full_tier1_20260729_01/tier1/200_250/media/IdY-AIaX1kw_s0000895554_e0000899134.mp4,tier1,cuda,nvenc,cutfix_full_tier1_20260729_01
IdY-AIaX1kw_s0000913314_e0000917086,IdY-AIaX1kw,913.314,917.086,3.772,1.0,1.0,8.94,/kaggle/working/cut_cutfix_full_tier1_20260729_01/tier1/200_250/media/IdY-AIaX1kw_s0000913314_e0000917086.mp4,tier1,cuda,nvenc,cutfix_full_tier1_20260729_01
IdY-AIaX1kw_s0000930114_e0000933374,IdY-AIaX1kw,930.114,933.374,3.26,1.0,1.0,7.37,/kaggle/working/cut_cutfix_full_tier1_20260729_01/tier1/200_250/media/IdY-AIaX1kw_s0000930114_e0000933374.mp4,tier1,cuda,nvenc,cutfix_full_tier1_20260729_01
IdY-AIaX1kw_s0000933634_e0000938654,IdY-AIaX1kw,933.634,938.654,5.02,1.0,1.0,7.26,/kaggle/working/cut_cutfix_full_tier1_20260729_01/tier1/200_250/media/IdY-AIaX1kw_s0000933634_e0000938654.mp4,tier1,cuda,nvenc,cutfix_full_tier1_20260729_01
IdY-AIaX1kw_s0000939586_e0000941598,IdY-AIaX1kw,939.586,941.598,2.012,1.0,1.0,9.07,/kaggle/working/cut_cutfix_full_tier1_20260729_01/tier1/200_250/media/IdY-AIaX1kw_s0000939586_e0000941598.mp4,tier1,cuda,nvenc,cutfix_full_tier1_20260729_01
IdY-AIaX1kw_s0000973410_e0000975454,IdY-AIaX1kw,973.41,975.454,2.044,1.0,1.0,7.19,/kaggle/working/cut_cutfix_full_tier1_20260729_01/tier1/200_250/media/IdY-AIaX1kw_s0000973410_e0000975454.mp4,tier1,cuda,nvenc,cutfix_full_tier1_20260729_01
IdY-AIaX1kw_s0000976610_e0000984990,IdY-AIaX1kw,976.61,984.99,8.38,1.0,1.0,7.02,/kaggle/working/cut_cutfix_full_tier1_20260729_01/tier1/200_250/media/IdY-AIaX1kw_s0000976610_e0000984990.mp4,tier1,cuda,nvenc,cutfix_full_tier1_20260729_01
IdY-AIaX1kw_s0000985154_e0000987358,IdY-AIaX1kw,985.154,987.358,2.204,1.0,1.0,8.38,/kaggle/working/cut_cutfix_full_tier1_20260729_01/tier1/200_250/media/IdY-AIaX1kw_s0000985154_e0000987358.mp4,tier1,cuda,nvenc,cutfix_full_tier1_20260729_01
IdY-AIaX1kw_s0000991298_e0000994494,IdY-AIaX1kw,991.298,994.494,3.196,1.0,1.0,6.13,/kaggle/working/cut_cutfix_full_tier1_20260729_01/tier1/200_250/media/IdY-AIaX1kw_s0000991298_e0000994494.mp4,tier1,cuda,nvenc,cutfix_full_tier1_20260729_01
IdY-AIaX1kw_s0001013058_e0001015582,IdY-AIaX1kw,1013.058,1015.582,2.524,1.0,1.0,8.33,/kaggle/working/cut_cutfix_full_tier1_20260729_01/tier1/200_250/media/IdY-AIaX1kw_s0001013058_e0001015582.mp4,tier1,cuda,nvenc,cutfix_full_tier1_20260729_01
IdY-AIaX1kw_s0001025378_e0001028958,IdY-AIaX1kw,1025.378,1028.958,3.58,1.0,1.0,7.75,/kaggle/working/cut_cutfix_full_tier1_20260729_01/tier1/200_250/media/IdY-AIaX1kw_s0001025378_e0001028958.mp4,tier1,cuda,nvenc,cutfix_full_tier1_20260729_01
IdY-AIaX1kw_s0001040674_e0001045674,IdY-AIaX1kw,1040.674,1045.674,5.0,1.0,1.0,4.61,/kaggle/working/cut_cutfix_full_tier1_20260729_01/tier1/200_250/media/IdY-AIaX1kw_s0001040674_e0001045674.mp4,tier1,cuda,nvenc,cutfix_full_tier1_20260729_01
IdY-AIaX1kw_s0001044674_e0001049674,IdY-AIaX1kw,1044.674,1049.674,5.0,1.0,1.0,6.31,/kaggle/working/cut_cutfix_full_tier1_20260729_01/tier1/200_250/media/IdY-AIaX1kw_s0001044674_e0001049674.mp4,tier1,cuda,nvenc,cutfix_full_tier1_20260729_01
IdY-AIaX1kw_s0001048674_e0001053674,IdY-AIaX1kw,1048.674,1053.674,5.0,1.0,1.0,5.38,/kaggle/working/cut_cutfix_full_tier1_20260729_01/tier1/200_250/media/IdY-AIaX1kw_s0001048674_e0001053674.mp4,tier1,cuda,nvenc,cutfix_full_tier1_20260729_01
IdY-AIaX1kw_s0001055586_e0001058110,IdY-AIaX1kw,1055.586,1058.11,2.524,1.0,1.0,1.25,/kaggle/working/cut_cutfix_full_tier1_20260729_01/tier1/200_250/media/IdY-AIaX1kw_s0001055586_e0001058110.mp4,tier1,cuda,nvenc,cutfix_full_tier1_20260729_01
IdY-AIaX1kw_s0001060034_e0001064670,IdY-AIaX1kw,1060.034,1064.67,4.636,1.0,1.0,1.24,/kaggle/working/cut_cutfix_full_tier1_20260729_01/tier1/200_250/media/IdY-AIaX1kw_s0001060034_e0001064670.mp4,tier1,cuda,nvenc,cutfix_full_tier1_20260729_01
IdY-AIaX1kw_s0001065730_e0001068478,IdY-AIaX1kw,1065.73,1068.478,2.748,1.0,1.0,-0.31,/kaggle/working/cut_cutfix_full_tier1_20260729_01/tier1/200_250/media/IdY-AIaX1kw_s0001065730_e0001068478.mp4,tier1,cuda,nvenc,cutfix_full_tier1_20260729_01
IdY-AIaX1kw_s0001070018_e0001072158,IdY-AIaX1kw,1070.018,1072.158,2.14,1.0,1.0,0.07,/kaggle/working/cut_cutfix_full_tier1_20260729_01/tier1/200_250/media/IdY-AIaX1kw_s0001070018_e0001072158.mp4,tier1,cuda,nvenc,cutfix_full_tier1_20260729_01
IdY-AIaX1kw_s0001074754_e0001077246,IdY-AIaX1kw,1074.754,1077.246,2.492,1.0,1.0,4.02,/kaggle/working/cut_cutfix_full_tier1_20260729_01/tier1/200_250/media/IdY-AIaX1kw_s0001074754_e0001077246.mp4,tier1,cuda,nvenc,cutfix_full_tier1_20260729_01
IdY-AIaX1kw_s0001097186_e0001100286,IdY-AIaX1kw,1097.186,1100.286,3.1,1.0,1.0,9.34,/kaggle/working/cut_cutfix_full_tier1_20260729_01/tier1/200_250/media/IdY-AIaX1kw_s0001097186_e0001100286.mp4,tier1,cuda,nvenc,cutfix_full_tier1_20260729_01
IdY-AIaX1kw_s0001111970_e0001114686,IdY-AIaX1kw,1111.97,1114.686,2.716,1.0,1.0,1.91,/kaggle/working/cut_cutfix_full_tier1_20260729_01/tier1/200_250/media/IdY-AIaX1kw_s0001111970_e0001114686.mp4,tier1,cuda,nvenc,cutfix_full_tier1_20260729_01
IdY-AIaX1kw_s0001117218_e0001119230,IdY-AIaX1kw,1117.218,1119.23,2.012,1.0,1.0,9.24,/kaggle/working/cut_cutfix_full_tier1_20260729_01/tier1/200_250/media/IdY-AIaX1kw_s0001117218_e0001119230.mp4,tier1,cuda,nvenc,cutfix_full_tier1_20260729_01
IdY-AIaX1kw_s0001123586_e0001129438,IdY-AIaX1kw,1123.586,1129.438,5.852,1.0,1.0,6.78,/kaggle/working/cut_cutfix_full_tier1_20260729_01/tier1/200_250/media/IdY-AIaX1kw_s0001123586_e0001129438.mp4,tier1,cuda,nvenc,cutfix_full_tier1_20260729_01
IdY-AIaX1kw_s0001173378_e0001178238,IdY-AIaX1kw,1173.378,1178.238,4.86,1.0,1.0,1.31,/kaggle/working/cut_cutfix_full_tier1_20260729_01/tier1/200_250/media/IdY-AIaX1kw_s0001173378_e0001178238.mp4,tier1,cuda,nvenc,cutfix_full_tier1_20260729_01
IiY1bIpLbAg_s0000003138_e0000006046,IiY1bIpLbAg,3.138,6.046,2.908,1.0,1.0,12.44,/kaggle/working/cut_cutfix_full_tier1_20260729_01/tier1/200_250/media/IiY1bIpLbAg_s0000003138_e0000006046.mp4,tier1,cuda,nvenc,cutfix_full_tier1_20260729_01
IiY1bIpLbAg_s0000006626_e0000016702,IiY1bIpLbAg,6.626,16.702,10.076,1.0,1.0,11.45,/kaggle/working/cut_cutfix_full_tier1_20260729_01/tier1/200_250/media/IiY1bIpLbAg_s0000006626_e0000016702.mp4,tier1,cuda,nvenc,cutfix_full_tier1_20260729_01
IiY1bIpLbAg_s0000017410_e0000021534,IiY1bIpLbAg,17.41,21.534,4.124,1.0,1.0,11.6,/kaggle/working/cut_cutfix_full_tier1_20260729_01/tier1/200_250/media/IiY1bIpLbAg_s0000017410_e0000021534.mp4,tier1,cuda,nvenc,cutfix_full_tier1_20260729_01
IiY1bIpLbAg_s0000021794_e0000027262,IiY1bIpLbAg,21.794,27.262,5.468,1.0,1.0,11.43,/kaggle/working/cut_cutfix_full_tier1_20260729_01/tier1/200_250/media/IiY1bIpLbAg_s0000021794_e0000027262.mp4,tier1,cuda,nvenc,cutfix_full_tier1_20260729_01
IiY1bIpLbAg_s0000027650_e0000030398,IiY1bIpLbAg,27.65,30.398,2.748,1.0,1.0,11.05,/kaggle/working/cut_cutfix_full_tier1_20260729_01/tier1/200_250/media/IiY1bIpLbAg_s0000027650_e0000030398.mp4,tier1,cuda,nvenc,cutfix_full_tier1_20260729_01
IiY1bIpLbAg_s0000030530_e0000035230,IiY1bIpLbAg,30.53,35.23,4.7,1.0,1.0,11.36,/kaggle/working/cut_cutfix_full_tier1_20260729_01/tier1/200_250/media/IiY1bIpLbAg_s0000030530_e0000035230.mp4,tier1,cuda,nvenc,cutfix_full_tier1_20260729_01
IiY1bIpLbAg_s0000035394_e0000041694,IiY1bIpLbAg,35.394,41.694,6.3,1.0,1.0,11.28,/kaggle/working/cut_cutfix_full_tier1_20260729_01/tier1/200_250/media/IiY1bIpLbAg_s0000035394_e0000041694.mp4,tier1,cuda,nvenc,cutfix_full_tier1_20260729_01
IiY1bIpLbAg_s0000041826_e0000044030,IiY1bIpLbAg,41.826,44.03,2.204,1.0,1.0,11.53,/kaggle/working/cut_cutfix_full_tier1_20260729_01/tier1/200_250/media/IiY1bIpLbAg_s0000041826_e0000044030.mp4,tier1,cuda,nvenc,cutfix_full_tier1_20260729_01
IiY1bIpLbAg_s0000044130_e0000046942,IiY1bIpLbAg,44.13,46.942,2.812,1.0,1.0,10.56,/kaggle/working/cut_cutfix_full_tier1_20260729_01/tier1/200_250/media/IiY1bIpLbAg_s0000044130_e0000046942.mp4,tier1,cuda,nvenc,cutfix_full_tier1_20260729_01
IiY1bIpLbAg_s0000047106_e0000050814,IiY1bIpLbAg,47.106,50.814,3.708,1.0,1.0,11.67,/kaggle/working/cut_cutfix_full_tier1_20260729_01/tier1/200_250/media/IiY1bIpLbAg_s0000047106_e0000050814.mp4,tier1,cuda,nvenc,cutfix_full_tier1_20260729_01
IiY1bIpLbAg_s0000050946_e0000053246,IiY1bIpLbAg,50.946,53.246,2.3,1.0,1.0,12.77,/kaggle/working/cut_cutfix_full_tier1_20260729_01/tier1/200_250/media/IiY1bIpLbAg_s0000050946_e0000053246.mp4,tier1,cuda,nvenc,cutfix_full_tier1_20260729_01
IiY1bIpLbAg_s0000053762_e0000060222,IiY1bIpLbAg,53.762,60.222,6.46,1.0,1.0,12.26,/kaggle/working/cut_cutfix_full_tier1_20260729_01/tier1/200_250/media/IiY1bIpLbAg_s0000053762_e0000060222.mp4,tier1,cuda,nvenc,cutfix_full_tier1_20260729_01
IiY1bIpLbAg_s0000060482_e0000063070,IiY1bIpLbAg,60.482,63.07,2.588,1.0,1.0,13.08,/kaggle/working/cut_cutfix_full_tier1_20260729_01/tier1/200_250/media/IiY1bIpLbAg_s0000060482_e0000063070.mp4,tier1,cuda,nvenc,cutfix_full_tier1_20260729_01
IiY1bIpLbAg_s0000065922_e0000068382,IiY1bIpLbAg,65.922,68.382,2.46,1.0,1.0,12.05,/kaggle/working/cut_cutfix_full_tier1_20260729_01/tier1/200_250/media/IiY1bIpLbAg_s0000065922_e0000068382.mp4,tier1,cuda,nvenc,cutfix_full_tier1_20260729_01
IiY1bIpLbAg_s0000068706_e0000072702,IiY1bIpLbAg,68.706,72.702,3.996,1.0,1.0,12.99,/kaggle/working/cut_cutfix_full_tier1_20260729_01/tier1/200_250/media/IiY1bIpLbAg_s0000068706_e0000072702.mp4,tier1,cuda,nvenc,cutfix_full_tier1_20260729_01
IiY1bIpLbAg_s0000077410_e0000081374,IiY1bIpLbAg,77.41,81.374,3.964,1.0,1.0,13.83,/kaggle/working/cut_cutfix_full_tier1_20260729_01/tier1/200_250/media/IiY1bIpLbAg_s0000077410_e0000081374.mp4,tier1,cuda,nvenc,cutfix_full_tier1_20260729_01
IiY1bIpLbAg_s0000086210_e0000089790,IiY1bIpLbAg,86.21,89.79,3.58,1.0,1.0,14.62,/kaggle/working/cut_cutfix_full_tier1_20260729_01/tier1/200_250/media/IiY1bIpLbAg_s0000086210_e0000089790.mp4,tier1,cuda,nvenc,cutfix_full_tier1_20260729_01
IiY1bIpLbAg_s0000094050_e0000096638,IiY1bIpLbAg,94.05,96.638,2.588,1.0,1.0,14.23,/kaggle/working/cut_cutfix_full_tier1_20260729_01/tier1/200_250/media/IiY1bIpLbAg_s0000094050_e0000096638.mp4,tier1,cuda,nvenc,cutfix_full_tier1_20260729_01
IiY1bIpLbAg_s0000097026_e0000099742,IiY1bIpLbAg,97.026,99.742,2.716,1.0,1.0,12.4,/kaggle/working/cut_cutfix_full_tier1_20260729_01/tier1/200_250/media/IiY1bIpLbAg_s0000097026_e0000099742.mp4,tier1,cuda,nvenc,cutfix_full_tier1_20260729_01
IiY1bIpLbAg_s0000101762_e0000104606,IiY1bIpLbAg,101.762,104.606,2.844,1.0,1.0,14.78,/kaggle/working/cut_cutfix_full_tier1_20260729_01/tier1/200_250/media/IiY1bIpLbAg_s0000101762_e0000104606.mp4,tier1,cuda,nvenc,cutfix_full_tier1_20260729_01
IiY1bIpLbAg_s0000106690_e0000109054,IiY1bIpLbAg,106.69,109.054,2.364,1.0,1.0,16.18,/kaggle/working/cut_cutfix_full_tier1_20260729_01/tier1/200_250/media/IiY1bIpLbAg_s0000106690_e0000109054.mp4,tier1,cuda,nvenc,cutfix_full_tier1_20260729_01
IiY1bIpLbAg_s0000110594_e0000112702,IiY1bIpLbAg,110.594,112.702,2.108,1.0,1.0,12.21,/kaggle/working/cut_cutfix_full_tier1_20260729_01/tier1/200_250/media/IiY1bIpLbAg_s0000110594_e0000112702.mp4,tier1,cuda,nvenc,cutfix_full_tier1_20260729_01
IiY1bIpLbAg_s0000117506_e0000123262,IiY1bIpLbAg,117.506,123.262,5.756,1.0,1.0,13.08,/kaggle/working/cut_cutfix_full_tier1_20260729_01/tier1/200_250/media/IiY1bIpLbAg_s0000117506_e0000123262.mp4,tier1,cuda,nvenc,cutfix_full_tier1_20260729_01
IiY1bIpLbAg_s0000123522_e0000127518,IiY1bIpLbAg,123.522,127.518,3.996,1.0,1.0,12.23,/kaggle/working/cut_cutfix_full_tier1_20260729_01/tier1/200_250/media/IiY1bIpLbAg_s0000123522_e0000127518.mp4,tier1,cuda,nvenc,cutfix_full_tier1_20260729_01
IiY1bIpLbAg_s0000128162_e0000132478,IiY1bIpLbAg,128.162,132.478,4.316,1.0,1.0,14.34,/kaggle/working/cut_cutfix_full_tier1_20260729_01/tier1/200_250/media/IiY1bIpLbAg_s0000128162_e0000132478.mp4,tier1,cuda,nvenc,cutfix_full_tier1_20260729_01
IiY1bIpLbAg_s0000134370_e0000138366,IiY1bIpLbAg,134.37,138.366,3.996,1.0,1.0,13.08,/kaggle/working/cut_cutfix_full_tier1_20260729_01/tier1/200_250/media/IiY1bIpLbAg_s0000134370_e0000138366.mp4,tier1,cuda,nvenc,cutfix_full_tier1_20260729_01
IiY1bIpLbAg_s0000138882_e0000142558,IiY1bIpLbAg,138.882,142.558,3.676,1.0,1.0,14.39,/kaggle/working/cut_cutfix_full_tier1_20260729_01/tier1/200_250/media/IiY1bIpLbAg_s0000138882_e0000142558.mp4,tier1,cuda,nvenc,cutfix_full_tier1_20260729_01
IiY1bIpLbAg_s0000155202_e0000157438,IiY1bIpLbAg,155.202,157.438,2.236,1.0,1.0,12.5,/kaggle/working/cut_cutfix_full_tier1_20260729_01/tier1/200_250/media/IiY1bIpLbAg_s0000155202_e0000157438.mp4,tier1,cuda,nvenc,cutfix_full_tier1_20260729_01
IiY1bIpLbAg_s0000157570_e0000161438,IiY1bIpLbAg,157.57,161.438,3.868,1.0,1.0,14.0,/kaggle/working/cut_cutfix_full_tier1_20260729_01/tier1/200_250/media/IiY1bIpLbAg_s0000157570_e0000161438.mp4,tier1,cuda,nvenc,cutfix_full_tier1_20260729_01
IiY1bIpLbAg_s0000161570_e0000164254,IiY1bIpLbAg,161.57,164.254,2.684,1.0,1.0,14.23,/kaggle/working/cut_cutfix_full_tier1_20260729_01/tier1/200_250/media/IiY1bIpLbAg_s0000161570_e0000164254.mp4,tier1,cuda,nvenc,cutfix_full_tier1_20260729_01
IiY1bIpLbAg_s0000167010_e0000170942,IiY1bIpLbAg,167.01,170.942,3.932,1.0,1.0,13.84,/kaggle/working/cut_cutfix_full_tier1_20260729_01/tier1/200_250/media/IiY1bIpLbAg_s0000167010_e0000170942.mp4,tier1,cuda,nvenc,cutfix_full_tier1_20260729_01
IiY1bIpLbAg_s0000175330_e0000177502,IiY1bIpLbAg,175.33,177.502,2.172,1.0,1.0,12.29,/kaggle/working/cut_cutfix_full_tier1_20260729_01/tier1/200_250/media/IiY1bIpLbAg_s0000175330_e0000177502.mp4,tier1,cuda,nvenc,cutfix_full_tier1_20260729_01
IiY1bIpLbAg_s0000177602_e0000181598,IiY1bIpLbAg,177.602,181.598,3.996,1.0,1.0,13.1,/kaggle/working/cut_cutfix_full_tier1_20260729_01/tier1/200_250/media/IiY1bIpLbAg_s0000177602_e0000181598.mp4,tier1,cuda,nvenc,cutfix_full_tier1_20260729_01
IiY1bIpLbAg_s0000184450_e0000187134,IiY1bIpLbAg,184.45,187.134,2.684,1.0,1.0,13.24,/kaggle/working/cut_cutfix_full_tier1_20260729_01/tier1/200_250/media/IiY1bIpLbAg_s0000184450_e0000187134.mp4,tier1,cuda,nvenc,cutfix_full_tier1_20260729_01
IiY1bIpLbAg_s0000187394_e0000191166,IiY1bIpLbAg,187.394,191.166,3.772,1.0,1.0,12.7,/kaggle/working/cut_cutfix_full_tier1_20260729_01/tier1/200_250/media/IiY1bIpLbAg_s0000187394_e0000191166.mp4,tier1,cuda,nvenc,cutfix_full_tier1_20260729_01
IiY1bIpLbAg_s0000192098_e0000197098,IiY1bIpLbAg,192.098,197.098,5.0,1.0,1.0,12.96,/kaggle/working/cut_cutfix_full_tier1_20260729_01/tier1/200_250/media/IiY1bIpLbAg_s0000192098_e0000197098.mp4,tier1,cuda,nvenc,cutfix_full_tier1_20260729_01
IiY1bIpLbAg_s0000196098_e0000201098,IiY1bIpLbAg,196.098,201.098,5.0,1.0,1.0,13.68,/kaggle/working/cut_cutfix_full_tier1_20260729_01/tier1/200_250/media/IiY1bIpLbAg_s0000196098_e0000201098.mp4,tier1,cuda,nvenc,cutfix_full_tier1_20260729_01
IiY1bIpLbAg_s0000200098_e0000205098,IiY1bIpLbAg,200.098,205.098,5.0,1.0,1.0,13.12,/kaggle/working/cut_cutfix_full_tier1_20260729_01/tier1/200_250/media/IiY1bIpLbAg_s0000200098_e0000205098.mp4,tier1,cuda,nvenc,cutfix_full_tier1_20260729_01
IiY1bIpLbAg_s0000205890_e0000208030,IiY1bIpLbAg,205.89,208.03,2.14,1.0,1.0,18.21,/kaggle/working/cut_cutfix_full_tier1_20260729_01/tier1/200_250/media/IiY1bIpLbAg_s0000205890_e0000208030.mp4,tier1,cuda,nvenc,cutfix_full_tier1_20260729_01
IiY1bIpLbAg_s0000216738_e0000220766,IiY1bIpLbAg,216.738,220.766,4.028,1.0,1.0,12.82,/kaggle/working/cut_cutfix_full_tier1_20260729_01/tier1/200_250/media/IiY1bIpLbAg_s0000216738_e0000220766.mp4,tier1,cuda,nvenc,cutfix_full_tier1_20260729_01
IiY1bIpLbAg_s0000220898_e0000227294,IiY1bIpLbAg,220.898,227.294,6.396,1.0,1.0,12.44,/kaggle/working/cut_cutfix_full_tier1_20260729_01/tier1/200_250/media/IiY1bIpLbAg_s0000220898_e0000227294.mp4,tier1,cuda,nvenc,cutfix_full_tier1_20260729_01
IiY1bIpLbAg_s0000230818_e0000234430,IiY1bIpLbAg,230.818,234.43,3.612,1.0,1.0,13.42,/kaggle/working/cut_cutfix_full_tier1_20260729_01/tier1/200_250/media/IiY1bIpLbAg_s0000230818_e0000234430.mp4,tier1,cuda,nvenc,cutfix_full_tier1_20260729_01
IiY1bIpLbAg_s0000236066_e0000238174,IiY1bIpLbAg,236.066,238.174,2.108,1.0,1.0,14.29,/kaggle/working/cut_cutfix_full_tier1_20260729_01/tier1/200_250/media/IiY1bIpLbAg_s0000236066_e0000238174.mp4,tier1,cuda,nvenc,cutfix_full_tier1_20260729_01
IiY1bIpLbAg_s0000238498_e0000241822,IiY1bIpLbAg,238.498,241.822,3.324,1.0,1.0,13.54,/kaggle/working/cut_cutfix_full_tier1_20260729_01/tier1/200_250/media/IiY1bIpLbAg_s0000238498_e0000241822.mp4,tier1,cuda,nvenc,cutfix_full_tier1_20260729_01
IiY1bIpLbAg_s0000244386_e0000246558,IiY1bIpLbAg,244.386,246.558,2.172,1.0,1.0,11.93,/kaggle/working/cut_cutfix_full_tier1_20260729_01/tier1/200_250/media/IiY1bIpLbAg_s0000244386_e0000246558.mp4,tier1,cuda,nvenc,cutfix_full_tier1_20260729_01
IiY1bIpLbAg_s0000249250_e0000254718,IiY1bIpLbAg,249.25,254.718,5.468,1.0,1.0,12.93,/kaggle/working/cut_cutfix_full_tier1_20260729_01/tier1/200_250/media/IiY1bIpLbAg_s0000249250_e0000254718.mp4,tier1,cuda,nvenc,cutfix_full_tier1_20260729_01
IiY1bIpLbAg_s0000255106_e0000263358,IiY1bIpLbAg,255.106,263.358,8.252,1.0,1.0,12.99,/kaggle/working/cut_cutfix_full_tier1_20260729_01/tier1/200_250/media/IiY1bIpLbAg_s0000255106_e0000263358.mp4,tier1,cuda,nvenc,cutfix_full_tier1_20260729_01
IiY1bIpLbAg_s0000263970_e0000267102,IiY1bIpLbAg,263.97,267.102,3.132,1.0,1.0,11.73,/kaggle/working/cut_cutfix_full_tier1_20260729_01/tier1/200_250/media/IiY1bIpLbAg_s0000263970_e0000267102.mp4,tier1,cuda,nvenc,cutfix_full_tier1_20260729_01
IiY1bIpLbAg_s0000268066_e0000270558,IiY1bIpLbAg,268.066,270.558,2.492,1.0,1.0,11.9,/kaggle/working/cut_cutfix_full_tier1_20260729_01/tier1/200_250/media/IiY1bIpLbAg_s0000268066_e0000270558.mp4,tier1,cuda,nvenc,cutfix_full_tier1_20260729_01
IiY1bIpLbAg_s0000270850_e0000273022,IiY1bIpLbAg,270.85,273.022,2.172,1.0,1.0,11.67,/kaggle/working/cut_cutfix_full_tier1_20260729_01/tier1/200_250/media/IiY1bIpLbAg_s0000270850_e0000273022.mp4,tier1,cuda,nvenc,cutfix_full_tier1_20260729_01
IiY1bIpLbAg_s0000278530_e0000283530,IiY1bIpLbAg,278.53,283.53,5.0,1.0,1.0,12.5,/kaggle/working/cut_cutfix_full_tier1_20260729_01/tier1/200_250/media/IiY1bIpLbAg_s0000278530_e0000283530.mp4,tier1,cuda,nvenc,cutfix_full_tier1_20260729_01
IiY1bIpLbAg_s0000282530_e0000287530,IiY1bIpLbAg,282.53,287.53,5.0,1.0,1.0,10.56,/kaggle/working/cut_cutfix_full_tier1_20260729_01/tier1/200_250/media/IiY1bIpLbAg_s0000282530_e0000287530.mp4,tier1,cuda,nvenc,cutfix_full_tier1_20260729_01
IiY1bIpLbAg_s0000286530_e0000291530,IiY1bIpLbAg,286.53,291.53,5.0,1.0,1.0,10.26,/kaggle/working/cut_cutfix_full_tier1_20260729_01/tier1/200_250/media/IiY1bIpLbAg_s0000286530_e0000291530.mp4,tier1,cuda,nvenc,cutfix_full_tier1_20260729_01
IiY1bIpLbAg_s0000293314_e0000295902,IiY1bIpLbAg,293.314,295.902,2.588,1.0,1.0,11.75,/kaggle/working/cut_cutfix_full_tier1_20260729_01/tier1/200_250/media/IiY1bIpLbAg_s0000293314_e0000295902.mp4,tier1,cuda,nvenc,cutfix_full_tier1_20260729_01
IkEGvcFugwY_s0000005474_e0000010474,IkEGvcFugwY,5.474,10.474,5.0,1.0,1.0,-6.99,/kaggle/working/cut_cutfix_full_tier1_20260729_01/tier1/200_250/media/IkEGvcFugwY_s0000005474_e0000010474.mp4,tier1,cuda,nvenc,cutfix_full_tier1_20260729_01
IkEGvcFugwY_s0000009474_e0000014474,IkEGvcFugwY,9.474,14.474,5.0,1.0,1.0,-7.26,/kaggle/working/cut_cutfix_full_tier1_20260729_01/tier1/200_250/media/IkEGvcFugwY_s0000009474_e0000014474.mp4,tier1,cuda,nvenc,cutfix_full_tier1_20260729_01
IkEGvcFugwY_s0000013474_e0000018474,IkEGvcFugwY,13.474,18.474,5.0,1.0,1.0,-8.35,/kaggle/working/cut_cutfix_full_tier1_20260729_01/tier1/200_250/media/IkEGvcFugwY_s0000013474_e0000018474.mp4,tier1,cuda,nvenc,cutfix_full_tier1_20260729_01
IkEGvcFugwY_s0000017474_e0000022474,IkEGvcFugwY,17.474,22.474,5.0,1.0,1.0,-5.38,/kaggle/working/cut_cutfix_full_tier1_20260729_01/tier1/200_250/media/IkEGvcFugwY_s0000017474_e0000022474.mp4,tier1,cuda,nvenc,cutfix_full_tier1_20260729_01
IkEGvcFugwY_s0000023682_e0000032446,IkEGvcFugwY,23.682,32.446,8.764,1.0,1.0,-6.55,/kaggle/working/cut_cutfix_full_tier1_20260729_01/tier1/200_250/media/IkEGvcFugwY_s0000023682_e0000032446.mp4,tier1,cuda,nvenc,cutfix_full_tier1_20260729_01
IkEGvcFugwY_s0000033090_e0000035390,IkEGvcFugwY,33.09,35.39,2.3,1.0,1.0,-6.39,/kaggle/working/cut_cutfix_full_tier1_20260729_01/tier1/200_250/media/IkEGvcFugwY_s0000033090_e0000035390.mp4,tier1,cuda,nvenc,cutfix_full_tier1_20260729_01
IkEGvcFugwY_s0000036098_e0000039294,IkEGvcFugwY,36.098,39.294,3.196,1.0,1.0,-8.04,/kaggle/working/cut_cutfix_full_tier1_20260729_01/tier1/200_250/media/IkEGvcFugwY_s0000036098_e0000039294.mp4,tier1,cuda,nvenc,cutfix_full_tier1_20260729_01
IkEGvcFugwY_s0000039778_e0000042782,IkEGvcFugwY,39.778,42.782,3.004,1.0,1.0,-7.7,/kaggle/working/cut_cutfix_full_tier1_20260729_01/tier1/200_250/media/IkEGvcFugwY_s0000039778_e0000042782.mp4,tier1,cuda,nvenc,cutfix_full_tier1_20260729_01
IkEGvcFugwY_s0000046210_e0000048958,IkEGvcFugwY,46.21,48.958,2.748,1.0,1.0,-5.79,/kaggle/working/cut_cutfix_full_tier1_20260729_01/tier1/200_250/media/IkEGvcFugwY_s0000046210_e0000048958.mp4,tier1,cuda,nvenc,cutfix_full_tier1_20260729_01
IkEGvcFugwY_s0000056578_e0000058622,IkEGvcFugwY,56.578,58.622,2.044,1.0,1.0,-3.93,/kaggle/working/cut_cutfix_full_tier1_20260729_01/tier1/200_250/media/IkEGvcFugwY_s0000056578_e0000058622.mp4,tier1,cuda,nvenc,cutfix_full_tier1_20260729_01
IkEGvcFugwY_s0000061570_e0000063582,IkEGvcFugwY,61.57,63.582,2.012,1.0,1.0,-5.21,/kaggle/working/cut_cutfix_full_tier1_20260729_01/tier1/200_250/media/IkEGvcFugwY_s0000061570_e0000063582.mp4,tier1,cuda,nvenc,cutfix_full_tier1_20260729_01
IkEGvcFugwY_s0000068066_e0000071262,IkEGvcFugwY,68.066,71.262,3.196,1.0,1.0,-3.82,/kaggle/working/cut_cutfix_full_tier1_20260729_01/tier1/200_250/media/IkEGvcFugwY_s0000068066_e0000071262.mp4,tier1,cuda,nvenc,cutfix_full_tier1_20260729_01
IkEGvcFugwY_s0000105474_e0000107582,IkEGvcFugwY,105.474,107.582,2.108,1.0,1.0,-5.92,/kaggle/working/cut_cutfix_full_tier1_20260729_01/tier1/200_250/media/IkEGvcFugwY_s0000105474_e0000107582.mp4,tier1,cuda,nvenc,cutfix_full_tier1_20260729_01
IkEGvcFugwY_s0000124226_e0000126462,IkEGvcFugwY,124.226,126.462,2.236,1.0,1.0,-5.04,/kaggle/working/cut_cutfix_full_tier1_20260729_01/tier1/200_250/media/IkEGvcFugwY_s0000124226_e0000126462.mp4,tier1,cuda,nvenc,cutfix_full_tier1_20260729_01
IkEGvcFugwY_s0000126690_e0000129054,IkEGvcFugwY,126.69,129.054,2.364,1.0,1.0,-4.38,/kaggle/working/cut_cutfix_full_tier1_20260729_01/tier1/200_250/media/IkEGvcFugwY_s0000126690_e0000129054.mp4,tier1,cuda,nvenc,cutfix_full_tier1_20260729_01
IkEGvcFugwY_s0000138146_e0000140670,IkEGvcFugwY,138.146,140.67,2.524,1.0,1.0,-5.17,/kaggle/working/cut_cutfix_full_tier1_20260729_01/tier1/200_250/media/IkEGvcFugwY_s0000138146_e0000140670.mp4,tier1,cuda,nvenc,cutfix_full_tier1_20260729_01
IkEGvcFugwY_s0000148642_e0000152510,IkEGvcFugwY,148.642,152.51,3.868,1.0,1.0,-4.0,/kaggle/working/cut_cutfix_full_tier1_20260729_01/tier1/200_250/media/IkEGvcFugwY_s0000148642_e0000152510.mp4,tier1,cuda,nvenc,cutfix_full_tier1_20260729_01
IkEGvcFugwY_s0000161314_e0000163614,IkEGvcFugwY,161.314,163.614,2.3,1.0,1.0,-4.5,/kaggle/working/cut_cutfix_full_tier1_20260729_01/tier1/200_250/media/IkEGvcFugwY_s0000161314_e0000163614.mp4,tier1,cuda,nvenc,cutfix_full_tier1_20260729_01
IkEGvcFugwY_s0000177602_e0000179710,IkEGvcFugwY,177.602,179.71,2.108,1.0,1.0,-6.39,/kaggle/working/cut_cutfix_full_tier1_20260729_01/tier1/200_250/media/IkEGvcFugwY_s0000177602_e0000179710.mp4,tier1,cuda,nvenc,cutfix_full_tier1_20260729_01
IkEGvcFugwY_s0000190626_e0000193342,IkEGvcFugwY,190.626,193.342,2.716,1.0,1.0,-4.99,/kaggle/working/cut_cutfix_full_tier1_20260729_01/tier1/200_250/media/IkEGvcFugwY_s0000190626_e0000193342.mp4,tier1,cuda,nvenc,cutfix_full_tier1_20260729_01
IkEGvcFugwY_s0000194050_e0000197662,IkEGvcFugwY,194.05,197.662,3.612,1.0,1.0,-5.44,/kaggle/working/cut_cutfix_full_tier1_20260729_01/tier1/200_250/media/IkEGvcFugwY_s0000194050_e0000197662.mp4,tier1,cuda,nvenc,cutfix_full_tier1_20260729_01
IkEGvcFugwY_s0000206146_e0000208670,IkEGvcFugwY,206.146,208.67,2.524,1.0,1.0,-3.75,/kaggle/working/cut_cutfix_full_tier1_20260729_01/tier1/200_250/media/IkEGvcFugwY_s0000206146_e0000208670.mp4,tier1,cuda,nvenc,cutfix_full_tier1_20260729_01
IkEGvcFugwY_s0000218434_e0000221118,IkEGvcFugwY,218.434,221.118,2.684,1.0,1.0,-5.22,/kaggle/working/cut_cutfix_full_tier1_20260729_01/tier1/200_250/media/IkEGvcFugwY_s0000218434_e0000221118.mp4,tier1,cuda,nvenc,cutfix_full_tier1_20260729_01
IkEGvcFugwY_s0000222882_e0000225438,IkEGvcFugwY,222.882,225.438,2.556,1.0,1.0,-6.05,/kaggle/working/cut_cutfix_full_tier1_20260729_01/tier1/200_250/media/IkEGvcFugwY_s0000222882_e0000225438.mp4,tier1,cuda,nvenc,cutfix_full_tier1_20260729_01
IkEGvcFugwY_s0000227842_e0000230206,IkEGvcFugwY,227.842,230.206,2.364,1.0,1.0,-7.55,/kaggle/working/cut_cutfix_full_tier1_20260729_01/tier1/200_250/media/IkEGvcFugwY_s0000227842_e0000230206.mp4,tier1,cuda,nvenc,cutfix_full_tier1_20260729_01
IkEGvcFugwY_s0000230722_e0000234654,IkEGvcFugwY,230.722,234.654,3.932,1.0,1.0,-6.7,/kaggle/working/cut_cutfix_full_tier1_20260729_01/tier1/200_250/media/IkEGvcFugwY_s0000230722_e0000234654.mp4,tier1,cuda,nvenc,cutfix_full_tier1_20260729_01
IkEGvcFugwY_s0000238754_e0000243038,IkEGvcFugwY,238.754,243.038,4.284,1.0,1.0,-7.83,/kaggle/working/cut_cutfix_full_tier1_20260729_01/tier1/200_250/media/IkEGvcFugwY_s0000238754_e0000243038.mp4,tier1,cuda,nvenc,cutfix_full_tier1_20260729_01
IkEGvcFugwY_s0000243426_e0000247230,IkEGvcFugwY,243.426,247.23,3.804,1.0,1.0,-6.24,/kaggle/working/cut_cutfix_full_tier1_20260729_01/tier1/200_250/media/IkEGvcFugwY_s0000243426_e0000247230.mp4,tier1,cuda,nvenc,cutfix_full_tier1_20260729_01
IkEGvcFugwY_s0000247426_e0000249854,IkEGvcFugwY,247.426,249.854,2.428,1.0,1.0,-6.4,/kaggle/working/cut_cutfix_full_tier1_20260729_01/tier1/200_250/media/IkEGvcFugwY_s0000247426_e0000249854.mp4,tier1,cuda,nvenc,cutfix_full_tier1_20260729_01
IkEGvcFugwY_s0000250274_e0000252734,IkEGvcFugwY,250.274,252.734,2.46,1.0,1.0,-6.32,/kaggle/working/cut_cutfix_full_tier1_20260729_01/tier1/200_250/media/IkEGvcFugwY_s0000250274_e0000252734.mp4,tier1,cuda,nvenc,cutfix_full_tier1_20260729_01
IkEGvcFugwY_s0000256514_e0000258974,IkEGvcFugwY,256.514,258.974,2.46,1.0,1.0,-5.56,/kaggle/working/cut_cutfix_full_tier1_20260729_01/tier1/200_250/media/IkEGvcFugwY_s0000256514_e0000258974.mp4,tier1,cuda,nvenc,cutfix_full_tier1_20260729_01
IkEGvcFugwY_s0000259586_e0000262206,IkEGvcFugwY,259.586,262.206,2.62,1.0,1.0,-5.87,/kaggle/working/cut_cutfix_full_tier1_20260729_01/tier1/200_250/media/IkEGvcFugwY_s0000259586_e0000262206.mp4,tier1,cuda,nvenc,cutfix_full_tier1_20260729_01
IkEGvcFugwY_s0000264962_e0000268030,IkEGvcFugwY,264.962,268.03,3.068,1.0,1.0,-4.7,/kaggle/working/cut_cutfix_full_tier1_20260729_01/tier1/200_250/media/IkEGvcFugwY_s0000264962_e0000268030.mp4,tier1,cuda,nvenc,cutfix_full_tier1_20260729_01
IkEGvcFugwY_s0000269570_e0000271998,IkEGvcFugwY,269.57,271.998,2.428,1.0,1.0,-6.04,/kaggle/working/cut_cutfix_full_tier1_20260729_01/tier1/200_250/media/IkEGvcFugwY_s0000269570_e0000271998.mp4,tier1,cuda,nvenc,cutfix_full_tier1_20260729_01
IkEGvcFugwY_s0000275906_e0000278366,IkEGvcFugwY,275.906,278.366,2.46,1.0,1.0,-5.15,/kaggle/working/cut_cutfix_full_tier1_20260729_01/tier1/200_250/media/IkEGvcFugwY_s0000275906_e0000278366.mp4,tier1,cuda,nvenc,cutfix_full_tier1_20260729_01
IkEGvcFugwY_s0000278786_e0000281726,IkEGvcFugwY,278.786,281.726,2.94,1.0,1.0,-3.7,/kaggle/working/cut_cutfix_full_tier1_20260729_01/tier1/200_250/media/IkEGvcFugwY_s0000278786_e0000281726.mp4,tier1,cuda,nvenc,cutfix_full_tier1_20260729_01
IkEGvcFugwY_s0000295778_e0000299390,IkEGvcFugwY,295.778,299.39,3.612,1.0,1.0,-6.3,/kaggle/working/cut_cutfix_full_tier1_20260729_01/tier1/200_250/media/IkEGvcFugwY_s0000295778_e0000299390.mp4,tier1,cuda,nvenc,cutfix_full_tier1_20260729_01
IkEGvcFugwY_s0000303298_e0000305342,IkEGvcFugwY,303.298,305.342,2.044,1.0,1.0,-8.4,/kaggle/working/cut_cutfix_full_tier1_20260729_01/tier1/200_250/media/IkEGvcFugwY_s0000303298_e0000305342.mp4,tier1,cuda,nvenc,cutfix_full_tier1_20260729_01
IkEGvcFugwY_s0000315330_e0000318558,IkEGvcFugwY,315.33,318.558,3.228,1.0,1.0,-6.68,/kaggle/working/cut_cutfix_full_tier1_20260729_01/tier1/200_250/media/IkEGvcFugwY_s0000315330_e0000318558.mp4,tier1,cuda,nvenc,cutfix_full_tier1_20260729_01
IkEGvcFugwY_s0000326178_e0000331178,IkEGvcFugwY,326.178,331.178,5.0,1.0,1.0,-8.95,/kaggle/working/cut_cutfix_full_tier1_20260729_01/tier1/200_250/media/IkEGvcFugwY_s0000326178_e0000331178.mp4,tier1,cuda,nvenc,cutfix_full_tier1_20260729_01
IkEGvcFugwY_s0000334178_e0000339178,IkEGvcFugwY,334.178,339.178,5.0,1.0,1.0,-9.45,/kaggle/working/cut_cutfix_full_tier1_20260729_01/tier1/200_250/media/IkEGvcFugwY_s0000334178_e0000339178.mp4,tier1,cuda,nvenc,cutfix_full_tier1_20260729_01
IkEGvcFugwY_s0000343554_e0000346302,IkEGvcFugwY,343.554,346.302,2.748,1.0,1.0,-10.02,/kaggle/working/cut_cutfix_full_tier1_20260729_01/tier1/200_250/media/IkEGvcFugwY_s0000343554_e0000346302.mp4,tier1,cuda,nvenc,cutfix_full_tier1_20260729_01
IkEGvcFugwY_s0000348034_e0000351742,IkEGvcFugwY,348.034,351.742,3.708,1.0,1.0,-6.74,/kaggle/working/cut_cutfix_full_tier1_20260729_01/tier1/200_250/media/IkEGvcFugwY_s0000348034_e0000351742.mp4,tier1,cuda,nvenc,cutfix_full_tier1_20260729_01
IkEGvcFugwY_s0000354178_e0000358110,IkEGvcFugwY,354.178,358.11,3.932,1.0,1.0,-6.87,/kaggle/working/cut_cutfix_full_tier1_20260729_01/tier1/200_250/media/IkEGvcFugwY_s0000354178_e0000358110.mp4,tier1,cuda,nvenc,cutfix_full_tier1_20260729_01
IkEGvcFugwY_s0000368066_e0000370558,IkEGvcFugwY,368.066,370.558,2.492,1.0,1.0,-7.3,/kaggle/working/cut_cutfix_full_tier1_20260729_01/tier1/200_250/media/IkEGvcFugwY_s0000368066_e0000370558.mp4,tier1,cuda,nvenc,cutfix_full_tier1_20260729_01
IkEGvcFugwY_s0000373954_e0000377566,IkEGvcFugwY,373.954,377.566,3.612,1.0,1.0,-7.38,/kaggle/working/cut_cutfix_full_tier1_20260729_01/tier1/200_250/media/IkEGvcFugwY_s0000373954_e0000377566.mp4,tier1,cuda,nvenc,cutfix_full_tier1_20260729_01
IkEGvcFugwY_s0000377794_e0000382974,IkEGvcFugwY,377.794,382.974,5.18,1.0,1.0,-8.29,/kaggle/working/cut_cutfix_full_tier1_20260729_01/tier1/200_250/media/IkEGvcFugwY_s0000377794_e0000382974.mp4,tier1,cuda,nvenc,cutfix_full_tier1_20260729_01
IkEGvcFugwY_s0000384322_e0000388990,IkEGvcFugwY,384.322,388.99,4.668,1.0,1.0,-6.68,/kaggle/working/cut_cutfix_full_tier1_20260729_01/tier1/200_250/media/IkEGvcFugwY_s0000384322_e0000388990.mp4,tier1,cuda,nvenc,cutfix_full_tier1_20260729_01
IkEGvcFugwY_s0000389186_e0000393822,IkEGvcFugwY,389.186,393.822,4.636,1.0,1.0,-5.24,/kaggle/working/cut_cutfix_full_tier1_20260729_01/tier1/200_250/media/IkEGvcFugwY_s0000389186_e0000393822.mp4,tier1,cuda,nvenc,cutfix_full_tier1_20260729_01
IkEGvcFugwY_s0000395618_e0000397918,IkEGvcFugwY,395.618,397.918,2.3,1.0,1.0,-7.93,/kaggle/working/cut_cutfix_full_tier1_20260729_01/tier1/200_250/media/IkEGvcFugwY_s0000395618_e0000397918.mp4,tier1,cuda,nvenc,cutfix_full_tier1_20260729_01
IkEGvcFugwY_s0000402530_e0000405022,IkEGvcFugwY,402.53,405.022,2.492,1.0,1.0,-6.32,/kaggle/working/cut_cutfix_full_tier1_20260729_01/tier1/200_250/media/IkEGvcFugwY_s0000402530_e0000405022.mp4,tier1,cuda,nvenc,cutfix_full_tier1_20260729_01
IkEGvcFugwY_s0000405346_e0000409054,IkEGvcFugwY,405.346,409.054,3.708,1.0,1.0,-7.05,/kaggle/working/cut_cutfix_full_tier1_20260729_01/tier1/200_250/media/IkEGvcFugwY_s0000405346_e0000409054.mp4,tier1,cuda,nvenc,cutfix_full_tier1_20260729_01
IkEGvcFugwY_s0000411746_e0000416446,IkEGvcFugwY,411.746,416.446,4.7,1.0,1.0,-6.87,/kaggle/working/cut_cutfix_full_tier1_20260729_01/tier1/200_250/media/IkEGvcFugwY_s0000411746_e0000416446.mp4,tier1,cuda,nvenc,cutfix_full_tier1_20260729_01
IkEGvcFugwY_s0000431426_e0000433694,IkEGvcFugwY,431.426,433.694,2.268,1.0,1.0,-6.78,/kaggle/working/cut_cutfix_full_tier1_20260729_01/tier1/200_250/media/IkEGvcFugwY_s0000431426_e0000433694.mp4,tier1,cuda,nvenc,cutfix_full_tier1_20260729_01
IkEGvcFugwY_s0000433794_e0000443006,IkEGvcFugwY,433.794,443.006,9.212,1.0,1.0,-8.53,/kaggle/working/cut_cutfix_full_tier1_20260729_01/tier1/200_250/media/IkEGvcFugwY_s0000433794_e0000443006.mp4,tier1,cuda,nvenc,cutfix_full_tier1_20260729_01
IkEGvcFugwY_s0000457090_e0000461566,IkEGvcFugwY,457.09,461.566,4.476,1.0,1.0,-7.45,/kaggle/working/cut_cutfix_full_tier1_20260729_01/tier1/200_250/media/IkEGvcFugwY_s0000457090_e0000461566.mp4,tier1,cuda,nvenc,cutfix_full_tier1_20260729_01
IkEGvcFugwY_s0000475362_e0000478878,IkEGvcFugwY,475.362,478.878,3.516,1.0,1.0,-5.55,/kaggle/working/cut_cutfix_full_tier1_20260729_01/tier1/200_250/media/IkEGvcFugwY_s0000475362_e0000478878.mp4,tier1,cuda,nvenc,cutfix_full_tier1_20260729_01
IkEGvcFugwY_s0000479170_e0000481982,IkEGvcFugwY,479.17,481.982,2.812,1.0,1.0,-6.16,/kaggle/working/cut_cutfix_full_tier1_20260729_01/tier1/200_250/media/IkEGvcFugwY_s0000479170_e0000481982.mp4,tier1,cuda,nvenc,cutfix_full_tier1_20260729_01
IkEGvcFugwY_s0000493154_e0000496766,IkEGvcFugwY,493.154,496.766,3.612,1.0,1.0,-6.79,/kaggle/working/cut_cutfix_full_tier1_20260729_01/tier1/200_250/media/IkEGvcFugwY_s0000493154_e0000496766.mp4,tier1,cuda,nvenc,cutfix_full_tier1_20260729_01
IkEGvcFugwY_s0000527234_e0000529246,IkEGvcFugwY,527.234,529.246,2.012,1.0,1.0,7.64,/kaggle/working/cut_cutfix_full_tier1_20260729_01/tier1/200_250/media/IkEGvcFugwY_s0000527234_e0000529246.mp4,tier1,cuda,nvenc,cutfix_full_tier1_20260729_01
J5JAarO_Exw_s0000011714_e0000016798,J5JAarO_Exw,11.714,16.798,5.084,1.0,1.0,3.04,/kaggle/working/cut_cutfix_full_tier1_20260729_01/tier1/200_250/media/J5JAarO_Exw_s0000011714_e0000016798.mp4,tier1,cuda,nvenc,cutfix_full_tier1_20260729_01
J5JAarO_Exw_s0000017090_e0000023006,J5JAarO_Exw,17.09,23.006,5.916,1.0,1.0,2.0,/kaggle/working/cut_cutfix_full_tier1_20260729_01/tier1/200_250/media/J5JAarO_Exw_s0000017090_e0000023006.mp4,tier1,cuda,nvenc,cutfix_full_tier1_20260729_01
J5JAarO_Exw_s0000093826_e0000099390,J5JAarO_Exw,93.826,99.39,5.564,1.0,1.0,4.41,/kaggle/working/cut_cutfix_full_tier1_20260729_01/tier1/200_250/media/J5JAarO_Exw_s0000093826_e0000099390.mp4,tier1,cuda,nvenc,cutfix_full_tier1_20260729_01
J5JAarO_Exw_s0000214050_e0000219050,J5JAarO_Exw,214.05,219.05,5.0,0.8,1.0,4.35,/kaggle/working/cut_cutfix_full_tier1_20260729_01/tier1/200_250/media/J5JAarO_Exw_s0000214050_e0000219050.mp4,tier1,cuda,nvenc,cutfix_full_tier1_20260729_01
J5JAarO_Exw_s0000372802_e0000377802,J5JAarO_Exw,372.802,377.802,5.0,1.0,1.0,3.7,/kaggle/working/cut_cutfix_full_tier1_20260729_01/tier1/200_250/media/J5JAarO_Exw_s0000372802_e0000377802.mp4,tier1,cuda,nvenc,cutfix_full_tier1_20260729_01
J5JAarO_Exw_s0000380802_e0000384798,J5JAarO_Exw,380.802,384.798,3.996,1.0,1.0,4.82,/kaggle/working/cut_cutfix_full_tier1_20260729_01/tier1/200_250/media/J5JAarO_Exw_s0000380802_e0000384798.mp4,tier1,cuda,nvenc,cutfix_full_tier1_20260729_01
J5JAarO_Exw_s0000422274_e0000427518,J5JAarO_Exw,422.274,427.518,5.244,0.8,1.0,3.83,/kaggle/working/cut_cutfix_full_tier1_20260729_01/tier1/200_250/media/J5JAarO_Exw_s0000422274_e0000427518.mp4,tier1,cuda,nvenc,cutfix_full_tier1_20260729_01
J5JAarO_Exw_s0000476994_e0000482398,J5JAarO_Exw,476.994,482.398,5.404,0.833,1.0,4.0,/kaggle/working/cut_cutfix_full_tier1_20260729_01/tier1/200_250/media/J5JAarO_Exw_s0000476994_e0000482398.mp4,tier1,cuda,nvenc,cutfix_full_tier1_20260729_01
JRWnmMm0Y70_s0000078626_e0000083626,JRWnmMm0Y70,78.626,83.626,5.0,1.0,1.0,3.76,/kaggle/working/cut_cutfix_full_tier1_20260729_01/tier1/200_250/media/JRWnmMm0Y70_s0000078626_e0000083626.mp4,tier1,cuda,nvenc,cutfix_full_tier1_20260729_01
JRWnmMm0Y70_s0000108706_e0000111646,JRWnmMm0Y70,108.706,111.646,2.94,1.0,1.0,4.05,/kaggle/working/cut_cutfix_full_tier1_20260729_01/tier1/200_250/media/JRWnmMm0Y70_s0000108706_e0000111646.mp4,tier1,cuda,nvenc,cutfix_full_tier1_20260729_01
JRWnmMm0Y70_s0000171042_e0000173246,JRWnmMm0Y70,171.042,173.246,2.204,1.0,1.0,3.27,/kaggle/working/cut_cutfix_full_tier1_20260729_01/tier1/200_250/media/JRWnmMm0Y70_s0000171042_e0000173246.mp4,tier1,cuda,nvenc,cutfix_full_tier1_20260729_01
JRWnmMm0Y70_s0000174434_e0000180702,JRWnmMm0Y70,174.434,180.702,6.268,1.0,1.0,1.88,/kaggle/working/cut_cutfix_full_tier1_20260729_01/tier1/200_250/media/JRWnmMm0Y70_s0000174434_e0000180702.mp4,tier1,cuda,nvenc,cutfix_full_tier1_20260729_01
JRWnmMm0Y70_s0000194466_e0000198974,JRWnmMm0Y70,194.466,198.974,4.508,1.0,1.0,5.71,/kaggle/working/cut_cutfix_full_tier1_20260729_01/tier1/200_250/media/JRWnmMm0Y70_s0000194466_e0000198974.mp4,tier1,cuda,nvenc,cutfix_full_tier1_20260729_01
JRWnmMm0Y70_s0000200194_e0000205438,JRWnmMm0Y70,200.194,205.438,5.244,1.0,1.0,5.71,/kaggle/working/cut_cutfix_full_tier1_20260729_01/tier1/200_250/media/JRWnmMm0Y70_s0000200194_e0000205438.mp4,tier1,cuda,nvenc,cutfix_full_tier1_20260729_01
JRWnmMm0Y70_s0000211106_e0000216106,JRWnmMm0Y70,211.106,216.106,5.0,1.0,1.0,3.85,/kaggle/working/cut_cutfix_full_tier1_20260729_01/tier1/200_250/media/JRWnmMm0Y70_s0000211106_e0000216106.mp4,tier1,cuda,nvenc,cutfix_full_tier1_20260729_01
JRWnmMm0Y70_s0000239106_e0000244106,JRWnmMm0Y70,239.106,244.106,5.0,1.0,1.0,5.37,/kaggle/working/cut_cutfix_full_tier1_20260729_01/tier1/200_250/media/JRWnmMm0Y70_s0000239106_e0000244106.mp4,tier1,cuda,nvenc,cutfix_full_tier1_20260729_01
JRWnmMm0Y70_s0000259810_e0000264810,JRWnmMm0Y70,259.81,264.81,5.0,0.8,1.0,4.51,/kaggle/working/cut_cutfix_full_tier1_20260729_01/tier1/200_250/media/JRWnmMm0Y70_s0000259810_e0000264810.mp4,tier1,cuda,nvenc,cutfix_full_tier1_20260729_01
JRWnmMm0Y70_s0000299394_e0000303774,JRWnmMm0Y70,299.394,303.774,4.38,1.0,1.0,1.99,/kaggle/working/cut_cutfix_full_tier1_20260729_01/tier1/200_250/media/JRWnmMm0Y70_s0000299394_e0000303774.mp4,tier1,cuda,nvenc,cutfix_full_tier1_20260729_01
JRWnmMm0Y70_s0000324514_e0000329514,JRWnmMm0Y70,324.514,329.514,5.0,1.0,1.0,3.77,/kaggle/working/cut_cutfix_full_tier1_20260729_01/tier1/200_250/media/JRWnmMm0Y70_s0000324514_e0000329514.mp4,tier1,cuda,nvenc,cutfix_full_tier1_20260729_01
JRWnmMm0Y70_s0000354594_e0000357534,JRWnmMm0Y70,354.594,357.534,2.94,1.0,1.0,4.05,/kaggle/working/cut_cutfix_full_tier1_20260729_01/tier1/200_250/media/JRWnmMm0Y70_s0000354594_e0000357534.mp4,tier1,cuda,nvenc,cutfix_full_tier1_20260729_01
JRWnmMm0Y70_s0000357666_e0000362666,JRWnmMm0Y70,357.666,362.666,5.0,1.0,1.0,3.55,/kaggle/working/cut_cutfix_full_tier1_20260729_01/tier1/200_250/media/JRWnmMm0Y70_s0000357666_e0000362666.mp4,tier1,cuda,nvenc,cutfix_full_tier1_20260729_01
JRWnmMm0Y70_s0000369666_e0000374666,JRWnmMm0Y70,369.666,374.666,5.0,1.0,1.0,3.29,/kaggle/working/cut_cutfix_full_tier1_20260729_01/tier1/200_250/media/JRWnmMm0Y70_s0000369666_e0000374666.mp4,tier1,cuda,nvenc,cutfix_full_tier1_20260729_01
JRWnmMm0Y70_s0000381346_e0000384286,JRWnmMm0Y70,381.346,384.286,2.94,1.0,1.0,3.58,/kaggle/working/cut_cutfix_full_tier1_20260729_01/tier1/200_250/media/JRWnmMm0Y70_s0000381346_e0000384286.mp4,tier1,cuda,nvenc,cutfix_full_tier1_20260729_01
JRWnmMm0Y70_s0000462594_e0000467594,JRWnmMm0Y70,462.594,467.594,5.0,1.0,1.0,2.15,/kaggle/working/cut_cutfix_full_tier1_20260729_01/tier1/200_250/media/JRWnmMm0Y70_s0000462594_e0000467594.mp4,tier1,cuda,nvenc,cutfix_full_tier1_20260729_01
JRWnmMm0Y70_s0000504930_e0000508990,JRWnmMm0Y70,504.93,508.99,4.06,1.0,1.0,5.82,/kaggle/working/cut_cutfix_full_tier1_20260729_01/tier1/200_250/media/JRWnmMm0Y70_s0000504930_e0000508990.mp4,tier1,cuda,nvenc,cutfix_full_tier1_20260729_01
JRWnmMm0Y70_s0000521954_e0000526954,JRWnmMm0Y70,521.954,526.954,5.0,1.0,1.0,3.07,/kaggle/working/cut_cutfix_full_tier1_20260729_01/tier1/200_250/media/JRWnmMm0Y70_s0000521954_e0000526954.mp4,tier1,cuda,nvenc,cutfix_full_tier1_20260729_01
JRWnmMm0Y70_s0000537954_e0000542954,JRWnmMm0Y70,537.954,542.954,5.0,1.0,1.0,4.08,/kaggle/working/cut_cutfix_full_tier1_20260729_01/tier1/200_250/media/JRWnmMm0Y70_s0000537954_e0000542954.mp4,tier1,cuda,nvenc,cutfix_full_tier1_20260729_01
JRWnmMm0Y70_s0000557538_e0000562538,JRWnmMm0Y70,557.538,562.538,5.0,1.0,1.0,4.94,/kaggle/working/cut_cutfix_full_tier1_20260729_01/tier1/200_250/media/JRWnmMm0Y70_s0000557538_e0000562538.mp4,tier1,cuda,nvenc,cutfix_full_tier1_20260729_01
JRWnmMm0Y70_s0000573538_e0000578538,JRWnmMm0Y70,573.538,578.538,5.0,1.0,1.0,5.29,/kaggle/working/cut_cutfix_full_tier1_20260729_01/tier1/200_250/media/JRWnmMm0Y70_s0000573538_e0000578538.mp4,tier1,cuda,nvenc,cutfix_full_tier1_20260729_01
JRWnmMm0Y70_s0000583746_e0000586110,JRWnmMm0Y70,583.746,586.11,2.364,1.0,1.0,5.15,/kaggle/working/cut_cutfix_full_tier1_20260729_01/tier1/200_250/media/JRWnmMm0Y70_s0000583746_e0000586110.mp4,tier1,cuda,nvenc,cutfix_full_tier1_20260729_01
JRWnmMm0Y70_s0000587714_e0000590302,JRWnmMm0Y70,587.714,590.302,2.588,1.0,1.0,3.06,/kaggle/working/cut_cutfix_full_tier1_20260729_01/tier1/200_250/media/JRWnmMm0Y70_s0000587714_e0000590302.mp4,tier1,cuda,nvenc,cutfix_full_tier1_20260729_01
JRWnmMm0Y70_s0000590402_e0000592670,JRWnmMm0Y70,590.402,592.67,2.268,1.0,1.0,3.97,/kaggle/working/cut_cutfix_full_tier1_20260729_01/tier1/200_250/media/JRWnmMm0Y70_s0000590402_e0000592670.mp4,tier1,cuda,nvenc,cutfix_full_tier1_20260729_01
JRWnmMm0Y70_s0000682402_e0000687198,JRWnmMm0Y70,682.402,687.198,4.796,1.0,1.0,0.42,/kaggle/working/cut_cutfix_full_tier1_20260729_01/tier1/200_250/media/JRWnmMm0Y70_s0000682402_e0000687198.mp4,tier1,cuda,nvenc,cutfix_full_tier1_20260729_01
JRWnmMm0Y70_s0000689570_e0000691678,JRWnmMm0Y70,689.57,691.678,2.108,1.0,1.0,-1.01,/kaggle/working/cut_cutfix_full_tier1_20260729_01/tier1/200_250/media/JRWnmMm0Y70_s0000689570_e0000691678.mp4,tier1,cuda,nvenc,cutfix_full_tier1_20260729_01
KGzI9Ufjctc_s0000117826_e0000120574,KGzI9Ufjctc,117.826,120.574,2.748,1.0,1.0,2.03,/kaggle/working/cut_cutfix_full_tier1_20260729_01/tier1/200_250/media/KGzI9Ufjctc_s0000117826_e0000120574.mp4,tier1,cuda,nvenc,cutfix_full_tier1_20260729_01
KGzI9Ufjctc_s0000229602_e0000232382,KGzI9Ufjctc,229.602,232.382,2.78,1.0,1.0,2.3,/kaggle/working/cut_cutfix_full_tier1_20260729_01/tier1/200_250/media/KGzI9Ufjctc_s0000229602_e0000232382.mp4,tier1,cuda,nvenc,cutfix_full_tier1_20260729_01
KGzI9Ufjctc_s0000365218_e0000367550,KGzI9Ufjctc,365.218,367.55,2.332,1.0,1.0,1.73,/kaggle/working/cut_cutfix_full_tier1_20260729_01/tier1/200_250/media/KGzI9Ufjctc_s0000365218_e0000367550.mp4,tier1,cuda,nvenc,cutfix_full_tier1_20260729_01
KGzI9Ufjctc_s0000367682_e0000373534,KGzI9Ufjctc,367.682,373.534,5.852,0.833,1.0,2.74,/kaggle/working/cut_cutfix_full_tier1_20260729_01/tier1/200_250/media/KGzI9Ufjctc_s0000367682_e0000373534.mp4,tier1,cuda,nvenc,cutfix_full_tier1_20260729_01
KGzI9Ufjctc_s0000375330_e0000377886,KGzI9Ufjctc,375.33,377.886,2.556,1.0,1.0,1.87,/kaggle/working/cut_cutfix_full_tier1_20260729_01/tier1/200_250/media/KGzI9Ufjctc_s0000375330_e0000377886.mp4,tier1,cuda,nvenc,cutfix_full_tier1_20260729_01
KGzI9Ufjctc_s0000378306_e0000381758,KGzI9Ufjctc,378.306,381.758,3.452,1.0,1.0,3.66,/kaggle/working/cut_cutfix_full_tier1_20260729_01/tier1/200_250/media/KGzI9Ufjctc_s0000378306_e0000381758.mp4,tier1,cuda,nvenc,cutfix_full_tier1_20260729_01
KGzI9Ufjctc_s0000387682_e0000389694,KGzI9Ufjctc,387.682,389.694,2.012,1.0,1.0,4.35,/kaggle/working/cut_cutfix_full_tier1_20260729_01/tier1/200_250/media/KGzI9Ufjctc_s0000387682_e0000389694.mp4,tier1,cuda,nvenc,cutfix_full_tier1_20260729_01
KJO_T1XfUSA_s0000013602_e0000018110,KJO_T1XfUSA,13.602,18.11,4.508,1.0,1.0,5.99,/kaggle/working/cut_cutfix_full_tier1_20260729_01/tier1/200_250/media/KJO_T1XfUSA_s0000013602_e0000018110.mp4,tier1,cuda,nvenc,cutfix_full_tier1_20260729_01
KJO_T1XfUSA_s0000024514_e0000027934,KJO_T1XfUSA,24.514,27.934,3.42,1.0,1.0,6.02,/kaggle/working/cut_cutfix_full_tier1_20260729_01/tier1/200_250/media/KJO_T1XfUSA_s0000024514_e0000027934.mp4,tier1,cuda,nvenc,cutfix_full_tier1_20260729_01
KJO_T1XfUSA_s0000029890_e0000033790,KJO_T1XfUSA,29.89,33.79,3.9,1.0,1.0,4.74,/kaggle/working/cut_cutfix_full_tier1_20260729_01/tier1/200_250/media/KJO_T1XfUSA_s0000029890_e0000033790.mp4,tier1,cuda,nvenc,cutfix_full_tier1_20260729_01
KJO_T1XfUSA_s0000033954_e0000036958,KJO_T1XfUSA,33.954,36.958,3.004,1.0,1.0,5.23,/kaggle/working/cut_cutfix_full_tier1_20260729_01/tier1/200_250/media/KJO_T1XfUSA_s0000033954_e0000036958.mp4,tier1,cuda,nvenc,cutfix_full_tier1_20260729_01
KJO_T1XfUSA_s0000037346_e0000049342,KJO_T1XfUSA,37.346,49.342,11.996,0.917,1.0,8.07,/kaggle/working/cut_cutfix_full_tier1_20260729_01/tier1/200_250/media/KJO_T1XfUSA_s0000037346_e0000049342.mp4,tier1,cuda,nvenc,cutfix_full_tier1_20260729_01
KJO_T1XfUSA_s0000049794_e0000057022,KJO_T1XfUSA,49.794,57.022,7.228,1.0,1.0,6.96,/kaggle/working/cut_cutfix_full_tier1_20260729_01/tier1/200_250/media/KJO_T1XfUSA_s0000049794_e0000057022.mp4,tier1,cuda,nvenc,cutfix_full_tier1_20260729_01
KJO_T1XfUSA_s0000057282_e0000065182,KJO_T1XfUSA,57.282,65.182,7.9,1.0,1.0,6.9,/kaggle/working/cut_cutfix_full_tier1_20260729_01/tier1/200_250/media/KJO_T1XfUSA_s0000057282_e0000065182.mp4,tier1,cuda,nvenc,cutfix_full_tier1_20260729_01
KJO_T1XfUSA_s0000065442_e0000070442,KJO_T1XfUSA,65.442,70.442,5.0,1.0,1.0,7.81,/kaggle/working/cut_cutfix_full_tier1_20260729_01/tier1/200_250/media/KJO_T1XfUSA_s0000065442_e0000070442.mp4,tier1,cuda,nvenc,cutfix_full_tier1_20260729_01
KJO_T1XfUSA_s0000069442_e0000074442,KJO_T1XfUSA,69.442,74.442,5.0,1.0,1.0,6.63,/kaggle/working/cut_cutfix_full_tier1_20260729_01/tier1/200_250/media/KJO_T1XfUSA_s0000069442_e0000074442.mp4,tier1,cuda,nvenc,cutfix_full_tier1_20260729_01
KJO_T1XfUSA_s0000084738_e0000088766,KJO_T1XfUSA,84.738,88.766,4.028,1.0,1.0,3.5,/kaggle/working/cut_cutfix_full_tier1_20260729_01/tier1/200_250/media/KJO_T1XfUSA_s0000084738_e0000088766.mp4,tier1,cuda,nvenc,cutfix_full_tier1_20260729_01
KJO_T1XfUSA_s0000089154_e0000094334,KJO_T1XfUSA,89.154,94.334,5.18,1.0,1.0,4.41,/kaggle/working/cut_cutfix_full_tier1_20260729_01/tier1/200_250/media/KJO_T1XfUSA_s0000089154_e0000094334.mp4,tier1,cuda,nvenc,cutfix_full_tier1_20260729_01
KJO_T1XfUSA_s0000094786_e0000097374,KJO_T1XfUSA,94.786,97.374,2.588,1.0,1.0,5.77,/kaggle/working/cut_cutfix_full_tier1_20260729_01/tier1/200_250/media/KJO_T1XfUSA_s0000094786_e0000097374.mp4,tier1,cuda,nvenc,cutfix_full_tier1_20260729_01
KJO_T1XfUSA_s0000098850_e0000101534,KJO_T1XfUSA,98.85,101.534,2.684,1.0,1.0,6.18,/kaggle/working/cut_cutfix_full_tier1_20260729_01/tier1/200_250/media/KJO_T1XfUSA_s0000098850_e0000101534.mp4,tier1,cuda,nvenc,cutfix_full_tier1_20260729_01
KJO_T1XfUSA_s0000103554_e0000105662,KJO_T1XfUSA,103.554,105.662,2.108,1.0,1.0,5.22,/kaggle/working/cut_cutfix_full_tier1_20260729_01/tier1/200_250/media/KJO_T1XfUSA_s0000103554_e0000105662.mp4,tier1,cuda,nvenc,cutfix_full_tier1_20260729_01
KJO_T1XfUSA_s0000105762_e0000115934,KJO_T1XfUSA,105.762,115.934,10.172,0.7,1.0,5.17,/kaggle/working/cut_cutfix_full_tier1_20260729_01/tier1/200_250/media/KJO_T1XfUSA_s0000105762_e0000115934.mp4,tier1,cuda,nvenc,cutfix_full_tier1_20260729_01
KJO_T1XfUSA_s0000116066_e0000119198,KJO_T1XfUSA,116.066,119.198,3.132,1.0,1.0,6.28,/kaggle/working/cut_cutfix_full_tier1_20260729_01/tier1/200_250/media/KJO_T1XfUSA_s0000116066_e0000119198.mp4,tier1,cuda,nvenc,cutfix_full_tier1_20260729_01
KJO_T1XfUSA_s0000131042_e0000136042,KJO_T1XfUSA,131.042,136.042,5.0,1.0,1.0,4.92,/kaggle/working/cut_cutfix_full_tier1_20260729_01/tier1/200_250/media/KJO_T1XfUSA_s0000131042_e0000136042.mp4,tier1,cuda,nvenc,cutfix_full_tier1_20260729_01
KJO_T1XfUSA_s0000135042_e0000140042,KJO_T1XfUSA,135.042,140.042,5.0,0.8,1.0,6.76,/kaggle/working/cut_cutfix_full_tier1_20260729_01/tier1/200_250/media/KJO_T1XfUSA_s0000135042_e0000140042.mp4,tier1,cuda,nvenc,cutfix_full_tier1_20260729_01
KJO_T1XfUSA_s0000139042_e0000144042,KJO_T1XfUSA,139.042,144.042,5.0,0.8,1.0,7.69,/kaggle/working/cut_cutfix_full_tier1_20260729_01/tier1/200_250/media/KJO_T1XfUSA_s0000139042_e0000144042.mp4,tier1,cuda,nvenc,cutfix_full_tier1_20260729_01
KJO_T1XfUSA_s0000144834_e0000147102,KJO_T1XfUSA,144.834,147.102,2.268,1.0,1.0,8.29,/kaggle/working/cut_cutfix_full_tier1_20260729_01/tier1/200_250/media/KJO_T1XfUSA_s0000144834_e0000147102.mp4,tier1,cuda,nvenc,cutfix_full_tier1_20260729_01
KJO_T1XfUSA_s0000150594_e0000153278,KJO_T1XfUSA,150.594,153.278,2.684,1.0,1.0,6.3,/kaggle/working/cut_cutfix_full_tier1_20260729_01/tier1/200_250/media/KJO_T1XfUSA_s0000150594_e0000153278.mp4,tier1,cuda,nvenc,cutfix_full_tier1_20260729_01
KJO_T1XfUSA_s0000184450_e0000189630,KJO_T1XfUSA,184.45,189.63,5.18,1.0,1.0,6.58,/kaggle/working/cut_cutfix_full_tier1_20260729_01/tier1/200_250/media/KJO_T1XfUSA_s0000184450_e0000189630.mp4,tier1,cuda,nvenc,cutfix_full_tier1_20260729_01
KJO_T1XfUSA_s0000190018_e0000194078,KJO_T1XfUSA,190.018,194.078,4.06,1.0,1.0,7.16,/kaggle/working/cut_cutfix_full_tier1_20260729_01/tier1/200_250/media/KJO_T1XfUSA_s0000190018_e0000194078.mp4,tier1,cuda,nvenc,cutfix_full_tier1_20260729_01
KJO_T1XfUSA_s0000194626_e0000200062,KJO_T1XfUSA,194.626,200.062,5.436,0.833,1.0,6.41,/kaggle/working/cut_cutfix_full_tier1_20260729_01/tier1/200_250/media/KJO_T1XfUSA_s0000194626_e0000200062.mp4,tier1,cuda,nvenc,cutfix_full_tier1_20260729_01
KJO_T1XfUSA_s0000207842_e0000212350,KJO_T1XfUSA,207.842,212.35,4.508,0.8,1.0,4.58,/kaggle/working/cut_cutfix_full_tier1_20260729_01/tier1/200_250/media/KJO_T1XfUSA_s0000207842_e0000212350.mp4,tier1,cuda,nvenc,cutfix_full_tier1_20260729_01
KJO_T1XfUSA_s0000227650_e0000230014,KJO_T1XfUSA,227.65,230.014,2.364,1.0,1.0,8.45,/kaggle/working/cut_cutfix_full_tier1_20260729_01/tier1/200_250/media/KJO_T1XfUSA_s0000227650_e0000230014.mp4,tier1,cuda,nvenc,cutfix_full_tier1_20260729_01
KJO_T1XfUSA_s0000240130_e0000243774,KJO_T1XfUSA,240.13,243.774,3.644,1.0,1.0,6.53,/kaggle/working/cut_cutfix_full_tier1_20260729_01/tier1/200_250/media/KJO_T1XfUSA_s0000240130_e0000243774.mp4,tier1,cuda,nvenc,cutfix_full_tier1_20260729_01
KJO_T1XfUSA_s0000258466_e0000265086,KJO_T1XfUSA,258.466,265.086,6.62,1.0,1.0,6.08,/kaggle/working/cut_cutfix_full_tier1_20260729_01/tier1/200_250/media/KJO_T1XfUSA_s0000258466_e0000265086.mp4,tier1,cuda,nvenc,cutfix_full_tier1_20260729_01
KJO_T1XfUSA_s0000266978_e0000271390,KJO_T1XfUSA,266.978,271.39,4.412,1.0,1.0,5.77,/kaggle/working/cut_cutfix_full_tier1_20260729_01/tier1/200_250/media/KJO_T1XfUSA_s0000266978_e0000271390.mp4,tier1,cuda,nvenc,cutfix_full_tier1_20260729_01
KJO_T1XfUSA_s0000271522_e0000273694,KJO_T1XfUSA,271.522,273.694,2.172,1.0,1.0,3.87,/kaggle/working/cut_cutfix_full_tier1_20260729_01/tier1/200_250/media/KJO_T1XfUSA_s0000271522_e0000273694.mp4,tier1,cuda,nvenc,cutfix_full_tier1_20260729_01
KJO_T1XfUSA_s0000273858_e0000276766,KJO_T1XfUSA,273.858,276.766,2.908,1.0,1.0,5.49,/kaggle/working/cut_cutfix_full_tier1_20260729_01/tier1/200_250/media/KJO_T1XfUSA_s0000273858_e0000276766.mp4,tier1,cuda,nvenc,cutfix_full_tier1_20260729_01
KJO_T1XfUSA_s0000277026_e0000280382,KJO_T1XfUSA,277.026,280.382,3.356,1.0,1.0,5.96,/kaggle/working/cut_cutfix_full_tier1_20260729_01/tier1/200_250/media/KJO_T1XfUSA_s0000277026_e0000280382.mp4,tier1,cuda,nvenc,cutfix_full_tier1_20260729_01
KJO_T1XfUSA_s0000282370_e0000285950,KJO_T1XfUSA,282.37,285.95,3.58,1.0,1.0,5.59,/kaggle/working/cut_cutfix_full_tier1_20260729_01/tier1/200_250/media/KJO_T1XfUSA_s0000282370_e0000285950.mp4,tier1,cuda,nvenc,cutfix_full_tier1_20260729_01
KJO_T1XfUSA_s0000288034_e0000293406,KJO_T1XfUSA,288.034,293.406,5.372,1.0,1.0,4.95,/kaggle/working/cut_cutfix_full_tier1_20260729_01/tier1/200_250/media/KJO_T1XfUSA_s0000288034_e0000293406.mp4,tier1,cuda,nvenc,cutfix_full_tier1_20260729_01
KJO_T1XfUSA_s0000308450_e0000310878,KJO_T1XfUSA,308.45,310.878,2.428,1.0,1.0,4.76,/kaggle/working/cut_cutfix_full_tier1_20260729_01/tier1/200_250/media/KJO_T1XfUSA_s0000308450_e0000310878.mp4,tier1,cuda,nvenc,cutfix_full_tier1_20260729_01
KJO_T1XfUSA_s0000314402_e0000319326,KJO_T1XfUSA,314.402,319.326,4.924,0.8,1.0,5.31,/kaggle/working/cut_cutfix_full_tier1_20260729_01/tier1/200_250/media/KJO_T1XfUSA_s0000314402_e0000319326.mp4,tier1,cuda,nvenc,cutfix_full_tier1_20260729_01
KJO_T1XfUSA_s0000319490_e0000322206,KJO_T1XfUSA,319.49,322.206,2.716,1.0,1.0,7.39,/kaggle/working/cut_cutfix_full_tier1_20260729_01/tier1/200_250/media/KJO_T1XfUSA_s0000319490_e0000322206.mp4,tier1,cuda,nvenc,cutfix_full_tier1_20260729_01
KJO_T1XfUSA_s0000322562_e0000324638,KJO_T1XfUSA,322.562,324.638,2.076,1.0,1.0,6.47,/kaggle/working/cut_cutfix_full_tier1_20260729_01/tier1/200_250/media/KJO_T1XfUSA_s0000322562_e0000324638.mp4,tier1,cuda,nvenc,cutfix_full_tier1_20260729_01
KJO_T1XfUSA_s0000329538_e0000337534,KJO_T1XfUSA,329.538,337.534,7.996,1.0,1.0,5.66,/kaggle/working/cut_cutfix_full_tier1_20260729_01/tier1/200_250/media/KJO_T1XfUSA_s0000329538_e0000337534.mp4,tier1,cuda,nvenc,cutfix_full_tier1_20260729_01
KJO_T1XfUSA_s0000337698_e0000345086,KJO_T1XfUSA,337.698,345.086,7.388,1.0,1.0,4.83,/kaggle/working/cut_cutfix_full_tier1_20260729_01/tier1/200_250/media/KJO_T1XfUSA_s0000337698_e0000345086.mp4,tier1,cuda,nvenc,cutfix_full_tier1_20260729_01
KJO_T1XfUSA_s0000345282_e0000348478,KJO_T1XfUSA,345.282,348.478,3.196,1.0,1.0,5.83,/kaggle/working/cut_cutfix_full_tier1_20260729_01/tier1/200_250/media/KJO_T1XfUSA_s0000345282_e0000348478.mp4,tier1,cuda,nvenc,cutfix_full_tier1_20260729_01
KJO_T1XfUSA_s0000348930_e0000351646,KJO_T1XfUSA,348.93,351.646,2.716,1.0,1.0,5.84,/kaggle/working/cut_cutfix_full_tier1_20260729_01/tier1/200_250/media/KJO_T1XfUSA_s0000348930_e0000351646.mp4,tier1,cuda,nvenc,cutfix_full_tier1_20260729_01
KJO_T1XfUSA_s0000352674_e0000354974,KJO_T1XfUSA,352.674,354.974,2.3,1.0,1.0,4.98,/kaggle/working/cut_cutfix_full_tier1_20260729_01/tier1/200_250/media/KJO_T1XfUSA_s0000352674_e0000354974.mp4,tier1,cuda,nvenc,cutfix_full_tier1_20260729_01
KJO_T1XfUSA_s0000370274_e0000375646,KJO_T1XfUSA,370.274,375.646,5.372,1.0,1.0,5.99,/kaggle/working/cut_cutfix_full_tier1_20260729_01/tier1/200_250/media/KJO_T1XfUSA_s0000370274_e0000375646.mp4,tier1,cuda,nvenc,cutfix_full_tier1_20260729_01
KJO_T1XfUSA_s0000375938_e0000378622,KJO_T1XfUSA,375.938,378.622,2.684,1.0,1.0,4.98,/kaggle/working/cut_cutfix_full_tier1_20260729_01/tier1/200_250/media/KJO_T1XfUSA_s0000375938_e0000378622.mp4,tier1,cuda,nvenc,cutfix_full_tier1_20260729_01
KJO_T1XfUSA_s0000383522_e0000386910,KJO_T1XfUSA,383.522,386.91,3.388,1.0,1.0,5.97,/kaggle/working/cut_cutfix_full_tier1_20260729_01/tier1/200_250/media/KJO_T1XfUSA_s0000383522_e0000386910.mp4,tier1,cuda,nvenc,cutfix_full_tier1_20260729_01
KJO_T1XfUSA_s0000387138_e0000392030,KJO_T1XfUSA,387.138,392.03,4.892,1.0,1.0,7.57,/kaggle/working/cut_cutfix_full_tier1_20260729_01/tier1/200_250/media/KJO_T1XfUSA_s0000387138_e0000392030.mp4,tier1,cuda,nvenc,cutfix_full_tier1_20260729_01
KJO_T1XfUSA_s0000392386_e0000395166,KJO_T1XfUSA,392.386,395.166,2.78,1.0,1.0,5.51,/kaggle/working/cut_cutfix_full_tier1_20260729_01/tier1/200_250/media/KJO_T1XfUSA_s0000392386_e0000395166.mp4,tier1,cuda,nvenc,cutfix_full_tier1_20260729_01
KJO_T1XfUSA_s0000395554_e0000397918,KJO_T1XfUSA,395.554,397.918,2.364,1.0,1.0,5.33,/kaggle/working/cut_cutfix_full_tier1_20260729_01/tier1/200_250/media/KJO_T1XfUSA_s0000395554_e0000397918.mp4,tier1,cuda,nvenc,cutfix_full_tier1_20260729_01
KJO_T1XfUSA_s0000398082_e0000401022,KJO_T1XfUSA,398.082,401.022,2.94,1.0,1.0,5.89,/kaggle/working/cut_cutfix_full_tier1_20260729_01/tier1/200_250/media/KJO_T1XfUSA_s0000398082_e0000401022.mp4,tier1,cuda,nvenc,cutfix_full_tier1_20260729_01
KJO_T1XfUSA_s0000416642_e0000426014,KJO_T1XfUSA,416.642,426.014,9.372,1.0,1.0,5.63,/kaggle/working/cut_cutfix_full_tier1_20260729_01/tier1/200_250/media/KJO_T1XfUSA_s0000416642_e0000426014.mp4,tier1,cuda,nvenc,cutfix_full_tier1_20260729_01
KJO_T1XfUSA_s0000426306_e0000434750,KJO_T1XfUSA,426.306,434.75,8.444,0.875,1.0,6.42,/kaggle/working/cut_cutfix_full_tier1_20260729_01/tier1/200_250/media/KJO_T1XfUSA_s0000426306_e0000434750.mp4,tier1,cuda,nvenc,cutfix_full_tier1_20260729_01
KJO_T1XfUSA_s0000440930_e0000444286,KJO_T1XfUSA,440.93,444.286,3.356,1.0,1.0,7.36,/kaggle/working/cut_cutfix_full_tier1_20260729_01/tier1/200_250/media/KJO_T1XfUSA_s0000440930_e0000444286.mp4,tier1,cuda,nvenc,cutfix_full_tier1_20260729_01
KJO_T1XfUSA_s0000446434_e0000451358,KJO_T1XfUSA,446.434,451.358,4.924,1.0,1.0,4.87,/kaggle/working/cut_cutfix_full_tier1_20260729_01/tier1/200_250/media/KJO_T1XfUSA_s0000446434_e0000451358.mp4,tier1,cuda,nvenc,cutfix_full_tier1_20260729_01
KJO_T1XfUSA_s0000451490_e0000455646,KJO_T1XfUSA,451.49,455.646,4.156,1.0,1.0,7.33,/kaggle/working/cut_cutfix_full_tier1_20260729_01/tier1/200_250/media/KJO_T1XfUSA_s0000451490_e0000455646.mp4,tier1,cuda,nvenc,cutfix_full_tier1_20260729_01
KJO_T1XfUSA_s0000456098_e0000459998,KJO_T1XfUSA,456.098,459.998,3.9,1.0,1.0,7.22,/kaggle/working/cut_cutfix_full_tier1_20260729_01/tier1/200_250/media/KJO_T1XfUSA_s0000456098_e0000459998.mp4,tier1,cuda,nvenc,cutfix_full_tier1_20260729_01
KJO_T1XfUSA_s0000461218_e0000463806,KJO_T1XfUSA,461.218,463.806,2.588,1.0,1.0,7.02,/kaggle/working/cut_cutfix_full_tier1_20260729_01/tier1/200_250/media/KJO_T1XfUSA_s0000461218_e0000463806.mp4,tier1,cuda,nvenc,cutfix_full_tier1_20260729_01
KJO_T1XfUSA_s0000466146_e0000472158,KJO_T1XfUSA,466.146,472.158,6.012,1.0,1.0,7.23,/kaggle/working/cut_cutfix_full_tier1_20260729_01/tier1/200_250/media/KJO_T1XfUSA_s0000466146_e0000472158.mp4,tier1,cuda,nvenc,cutfix_full_tier1_20260729_01
KJO_T1XfUSA_s0000472290_e0000480862,KJO_T1XfUSA,472.29,480.862,8.572,1.0,1.0,6.71,/kaggle/working/cut_cutfix_full_tier1_20260729_01/tier1/200_250/media/KJO_T1XfUSA_s0000472290_e0000480862.mp4,tier1,cuda,nvenc,cutfix_full_tier1_20260729_01
KJO_T1XfUSA_s0000481218_e0000486078,KJO_T1XfUSA,481.218,486.078,4.86,0.8,1.0,6.14,/kaggle/working/cut_cutfix_full_tier1_20260729_01/tier1/200_250/media/KJO_T1XfUSA_s0000481218_e0000486078.mp4,tier1,cuda,nvenc,cutfix_full_tier1_20260729_01
KJO_T1XfUSA_s0000521122_e0000523806,KJO_T1XfUSA,521.122,523.806,2.684,1.0,1.0,6.98,/kaggle/working/cut_cutfix_full_tier1_20260729_01/tier1/200_250/media/KJO_T1XfUSA_s0000521122_e0000523806.mp4,tier1,cuda,nvenc,cutfix_full_tier1_20260729_01
KJO_T1XfUSA_s0000525602_e0000527774,KJO_T1XfUSA,525.602,527.774,2.172,1.0,1.0,6.14,/kaggle/working/cut_cutfix_full_tier1_20260729_01/tier1/200_250/media/KJO_T1XfUSA_s0000525602_e0000527774.mp4,tier1,cuda,nvenc,cutfix_full_tier1_20260729_01
KJO_T1XfUSA_s0000528034_e0000530558,KJO_T1XfUSA,528.034,530.558,2.524,1.0,1.0,6.43,/kaggle/working/cut_cutfix_full_tier1_20260729_01/tier1/200_250/media/KJO_T1XfUSA_s0000528034_e0000530558.mp4,tier1,cuda,nvenc,cutfix_full_tier1_20260729_01
KJO_T1XfUSA_s0000530786_e0000535966,KJO_T1XfUSA,530.786,535.966,5.18,1.0,1.0,5.64,/kaggle/working/cut_cutfix_full_tier1_20260729_01/tier1/200_250/media/KJO_T1XfUSA_s0000530786_e0000535966.mp4,tier1,cuda,nvenc,cutfix_full_tier1_20260729_01
KJO_T1XfUSA_s0000550850_e0000553182,KJO_T1XfUSA,550.85,553.182,2.332,1.0,1.0,5.56,/kaggle/working/cut_cutfix_full_tier1_20260729_01/tier1/200_250/media/KJO_T1XfUSA_s0000550850_e0000553182.mp4,tier1,cuda,nvenc,cutfix_full_tier1_20260729_01
KJO_T1XfUSA_s0000572706_e0000577662,KJO_T1XfUSA,572.706,577.662,4.956,1.0,1.0,6.02,/kaggle/working/cut_cutfix_full_tier1_20260729_01/tier1/200_250/media/KJO_T1XfUSA_s0000572706_e0000577662.mp4,tier1,cuda,nvenc,cutfix_full_tier1_20260729_01
KJO_T1XfUSA_s0000579266_e0000581694,KJO_T1XfUSA,579.266,581.694,2.428,1.0,1.0,5.34,/kaggle/working/cut_cutfix_full_tier1_20260729_01/tier1/200_250/media/KJO_T1XfUSA_s0000579266_e0000581694.mp4,tier1,cuda,nvenc,cutfix_full_tier1_20260729_01
KJO_T1XfUSA_s0000582434_e0000584638,KJO_T1XfUSA,582.434,584.638,2.204,1.0,1.0,5.87,/kaggle/working/cut_cutfix_full_tier1_20260729_01/tier1/200_250/media/KJO_T1XfUSA_s0000582434_e0000584638.mp4,tier1,cuda,nvenc,cutfix_full_tier1_20260729_01
KJO_T1XfUSA_s0000589602_e0000594334,KJO_T1XfUSA,589.602,594.334,4.732,1.0,1.0,6.93,/kaggle/working/cut_cutfix_full_tier1_20260729_01/tier1/200_250/media/KJO_T1XfUSA_s0000589602_e0000594334.mp4,tier1,cuda,nvenc,cutfix_full_tier1_20260729_01
KJO_T1XfUSA_s0000594626_e0000597630,KJO_T1XfUSA,594.626,597.63,3.004,1.0,1.0,6.35,/kaggle/working/cut_cutfix_full_tier1_20260729_01/tier1/200_250/media/KJO_T1XfUSA_s0000594626_e0000597630.mp4,tier1,cuda,nvenc,cutfix_full_tier1_20260729_01
KJO_T1XfUSA_s0000603458_e0000606046,KJO_T1XfUSA,603.458,606.046,2.588,1.0,1.0,7.13,/kaggle/working/cut_cutfix_full_tier1_20260729_01/tier1/200_250/media/KJO_T1XfUSA_s0000603458_e0000606046.mp4,tier1,cuda,nvenc,cutfix_full_tier1_20260729_01
KJO_T1XfUSA_s0000606370_e0000608414,KJO_T1XfUSA,606.37,608.414,2.044,1.0,1.0,5.25,/kaggle/working/cut_cutfix_full_tier1_20260729_01/tier1/200_250/media/KJO_T1XfUSA_s0000606370_e0000608414.mp4,tier1,cuda,nvenc,cutfix_full_tier1_20260729_01
KJO_T1XfUSA_s0000608610_e0000612286,KJO_T1XfUSA,608.61,612.286,3.676,1.0,1.0,5.24,/kaggle/working/cut_cutfix_full_tier1_20260729_01/tier1/200_250/media/KJO_T1XfUSA_s0000608610_e0000612286.mp4,tier1,cuda,nvenc,cutfix_full_tier1_20260729_01
KJO_T1XfUSA_s0000612450_e0000614622,KJO_T1XfUSA,612.45,614.622,2.172,1.0,1.0,5.92,/kaggle/working/cut_cutfix_full_tier1_20260729_01/tier1/200_250/media/KJO_T1XfUSA_s0000612450_e0000614622.mp4,tier1,cuda,nvenc,cutfix_full_tier1_20260729_01
KJO_T1XfUSA_s0000614786_e0000616926,KJO_T1XfUSA,614.786,616.926,2.14,1.0,1.0,6.38,/kaggle/working/cut_cutfix_full_tier1_20260729_01/tier1/200_250/media/KJO_T1XfUSA_s0000614786_e0000616926.mp4,tier1,cuda,nvenc,cutfix_full_tier1_20260729_01
KJO_T1XfUSA_s0000627266_e0000629950,KJO_T1XfUSA,627.266,629.95,2.684,1.0,1.0,4.9,/kaggle/working/cut_cutfix_full_tier1_20260729_01/tier1/200_250/media/KJO_T1XfUSA_s0000627266_e0000629950.mp4,tier1,cuda,nvenc,cutfix_full_tier1_20260729_01
KJO_T1XfUSA_s0000635842_e0000639742,KJO_T1XfUSA,635.842,639.742,3.9,1.0,1.0,5.7,/kaggle/working/cut_cutfix_full_tier1_20260729_01/tier1/200_250/media/KJO_T1XfUSA_s0000635842_e0000639742.mp4,tier1,cuda,nvenc,cutfix_full_tier1_20260729_01
KJO_T1XfUSA_s0000645122_e0000651614,KJO_T1XfUSA,645.122,651.614,6.492,1.0,1.0,7.37,/kaggle/working/cut_cutfix_full_tier1_20260729_01/tier1/200_250/media/KJO_T1XfUSA_s0000645122_e0000651614.mp4,tier1,cuda,nvenc,cutfix_full_tier1_20260729_01
KJO_T1XfUSA_s0000662370_e0000664510,KJO_T1XfUSA,662.37,664.51,2.14,1.0,1.0,5.37,/kaggle/working/cut_cutfix_full_tier1_20260729_01/tier1/200_250/media/KJO_T1XfUSA_s0000662370_e0000664510.mp4,tier1,cuda,nvenc,cutfix_full_tier1_20260729_01
KJO_T1XfUSA_s0000664738_e0000666910,KJO_T1XfUSA,664.738,666.91,2.172,1.0,1.0,4.29,/kaggle/working/cut_cutfix_full_tier1_20260729_01/tier1/200_250/media/KJO_T1XfUSA_s0000664738_e0000666910.mp4,tier1,cuda,nvenc,cutfix_full_tier1_20260729_01
KJO_T1XfUSA_s0000679618_e0000681694,KJO_T1XfUSA,679.618,681.694,2.076,1.0,1.0,7.87,/kaggle/working/cut_cutfix_full_tier1_20260729_01/tier1/200_250/media/KJO_T1XfUSA_s0000679618_e0000681694.mp4,tier1,cuda,nvenc,cutfix_full_tier1_20260729_01
KJO_T1XfUSA_s0000692674_e0000694974,KJO_T1XfUSA,692.674,694.974,2.3,1.0,1.0,6.79,/kaggle/working/cut_cutfix_full_tier1_20260729_01/tier1/200_250/media/KJO_T1XfUSA_s0000692674_e0000694974.mp4,tier1,cuda,nvenc,cutfix_full_tier1_20260729_01
KJO_T1XfUSA_s0000697154_e0000699742,KJO_T1XfUSA,697.154,699.742,2.588,1.0,1.0,6.84,/kaggle/working/cut_cutfix_full_tier1_20260729_01/tier1/200_250/media/KJO_T1XfUSA_s0000697154_e0000699742.mp4,tier1,cuda,nvenc,cutfix_full_tier1_20260729_01
KJO_T1XfUSA_s0000706658_e0000711358,KJO_T1XfUSA,706.658,711.358,4.7,1.0,1.0,5.26,/kaggle/working/cut_cutfix_full_tier1_20260729_01/tier1/200_250/media/KJO_T1XfUSA_s0000706658_e0000711358.mp4,tier1,cuda,nvenc,cutfix_full_tier1_20260729_01
KJO_T1XfUSA_s0000711554_e0000715230,KJO_T1XfUSA,711.554,715.23,3.676,0.75,1.0,5.64,/kaggle/working/cut_cutfix_full_tier1_20260729_01/tier1/200_250/media/KJO_T1XfUSA_s0000711554_e0000715230.mp4,tier1,cuda,nvenc,cutfix_full_tier1_20260729_01
KJO_T1XfUSA_s0000720930_e0000724574,KJO_T1XfUSA,720.93,724.574,3.644,1.0,1.0,3.94,/kaggle/working/cut_cutfix_full_tier1_20260729_01/tier1/200_250/media/KJO_T1XfUSA_s0000720930_e0000724574.mp4,tier1,cuda,nvenc,cutfix_full_tier1_20260729_01
KJO_T1XfUSA_s0000726274_e0000729374,KJO_T1XfUSA,726.274,729.374,3.1,1.0,1.0,6.15,/kaggle/working/cut_cutfix_full_tier1_20260729_01/tier1/200_250/media/KJO_T1XfUSA_s0000726274_e0000729374.mp4,tier1,cuda,nvenc,cutfix_full_tier1_20260729_01
KJO_T1XfUSA_s0000729570_e0000734174,KJO_T1XfUSA,729.57,734.174,4.604,1.0,1.0,4.2,/kaggle/working/cut_cutfix_full_tier1_20260729_01/tier1/200_250/media/KJO_T1XfUSA_s0000729570_e0000734174.mp4,tier1,cuda,nvenc,cutfix_full_tier1_20260729_01
KJO_T1XfUSA_s0000734402_e0000739454,KJO_T1XfUSA,734.402,739.454,5.052,1.0,1.0,6.22,/kaggle/working/cut_cutfix_full_tier1_20260729_01/tier1/200_250/media/KJO_T1XfUSA_s0000734402_e0000739454.mp4,tier1,cuda,nvenc,cutfix_full_tier1_20260729_01
KJO_T1XfUSA_s0000741218_e0000743550,KJO_T1XfUSA,741.218,743.55,2.332,1.0,1.0,6.49,/kaggle/working/cut_cutfix_full_tier1_20260729_01/tier1/200_250/media/KJO_T1XfUSA_s0000741218_e0000743550.mp4,tier1,cuda,nvenc,cutfix_full_tier1_20260729_01
KJO_T1XfUSA_s0000744226_e0000746270,KJO_T1XfUSA,744.226,746.27,2.044,1.0,1.0,5.84,/kaggle/working/cut_cutfix_full_tier1_20260729_01/tier1/200_250/media/KJO_T1XfUSA_s0000744226_e0000746270.mp4,tier1,cuda,nvenc,cutfix_full_tier1_20260729_01
KJO_T1XfUSA_s0000746466_e0000748670,KJO_T1XfUSA,746.466,748.67,2.204,1.0,1.0,4.93,/kaggle/working/cut_cutfix_full_tier1_20260729_01/tier1/200_250/media/KJO_T1XfUSA_s0000746466_e0000748670.mp4,tier1,cuda,nvenc,cutfix_full_tier1_20260729_01
KJO_T1XfUSA_s0000769282_e0000771806,KJO_T1XfUSA,769.282,771.806,2.524,1.0,1.0,7.26,/kaggle/working/cut_cutfix_full_tier1_20260729_01/tier1/200_250/media/KJO_T1XfUSA_s0000769282_e0000771806.mp4,tier1,cuda,nvenc,cutfix_full_tier1_20260729_01
KJO_T1XfUSA_s0000774594_e0000777502,KJO_T1XfUSA,774.594,777.502,2.908,1.0,1.0,6.57,/kaggle/working/cut_cutfix_full_tier1_20260729_01/tier1/200_250/media/KJO_T1XfUSA_s0000774594_e0000777502.mp4,tier1,cuda,nvenc,cutfix_full_tier1_20260729_01
KJO_T1XfUSA_s0000777890_e0000781054,KJO_T1XfUSA,777.89,781.054,3.164,1.0,1.0,4.94,/kaggle/working/cut_cutfix_full_tier1_20260729_01/tier1/200_250/media/KJO_T1XfUSA_s0000777890_e0000781054.mp4,tier1,cuda,nvenc,cutfix_full_tier1_20260729_01
KJO_T1XfUSA_s0000781314_e0000785470,KJO_T1XfUSA,781.314,785.47,4.156,1.0,1.0,7.06,/kaggle/working/cut_cutfix_full_tier1_20260729_01/tier1/200_250/media/KJO_T1XfUSA_s0000781314_e0000785470.mp4,tier1,cuda,nvenc,cutfix_full_tier1_20260729_01
KJO_T1XfUSA_s0000789378_e0000794206,KJO_T1XfUSA,789.378,794.206,4.828,1.0,1.0,7.32,/kaggle/working/cut_cutfix_full_tier1_20260729_01/tier1/200_250/media/KJO_T1XfUSA_s0000789378_e0000794206.mp4,tier1,cuda,nvenc,cutfix_full_tier1_20260729_01
KJO_T1XfUSA_s0000794306_e0000797982,KJO_T1XfUSA,794.306,797.982,3.676,1.0,1.0,6.62,/kaggle/working/cut_cutfix_full_tier1_20260729_01/tier1/200_250/media/KJO_T1XfUSA_s0000794306_e0000797982.mp4,tier1,cuda,nvenc,cutfix_full_tier1_20260729_01
KJO_T1XfUSA_s0000811362_e0000813918,KJO_T1XfUSA,811.362,813.918,2.556,1.0,1.0,4.0,/kaggle/working/cut_cutfix_full_tier1_20260729_01/tier1/200_250/media/KJO_T1XfUSA_s0000811362_e0000813918.mp4,tier1,cuda,nvenc,cutfix_full_tier1_20260729_01
KJO_T1XfUSA_s0000821186_e0000823646,KJO_T1XfUSA,821.186,823.646,2.46,1.0,1.0,4.76,/kaggle/working/cut_cutfix_full_tier1_20260729_01/tier1/200_250/media/KJO_T1XfUSA_s0000821186_e0000823646.mp4,tier1,cuda,nvenc,cutfix_full_tier1_20260729_01
KJO_T1XfUSA_s0000824034_e0000826686,KJO_T1XfUSA,824.034,826.686,2.652,1.0,1.0,5.78,/kaggle/working/cut_cutfix_full_tier1_20260729_01/tier1/200_250/media/KJO_T1XfUSA_s0000824034_e0000826686.mp4,tier1,cuda,nvenc,cutfix_full_tier1_20260729_01
KJO_T1XfUSA_s0000831906_e0000834142,KJO_T1XfUSA,831.906,834.142,2.236,1.0,1.0,3.36,/kaggle/working/cut_cutfix_full_tier1_20260729_01/tier1/200_250/media/KJO_T1XfUSA_s0000831906_e0000834142.mp4,tier1,cuda,nvenc,cutfix_full_tier1_20260729_01
KJO_T1XfUSA_s0000853442_e0000855966,KJO_T1XfUSA,853.442,855.966,2.524,1.0,1.0,6.27,/kaggle/working/cut_cutfix_full_tier1_20260729_01/tier1/200_250/media/KJO_T1XfUSA_s0000853442_e0000855966.mp4,tier1,cuda,nvenc,cutfix_full_tier1_20260729_01
KJO_T1XfUSA_s0000857602_e0000859646,KJO_T1XfUSA,857.602,859.646,2.044,1.0,1.0,7.39,/kaggle/working/cut_cutfix_full_tier1_20260729_01/tier1/200_250/media/KJO_T1XfUSA_s0000857602_e0000859646.mp4,tier1,cuda,nvenc,cutfix_full_tier1_20260729_01
KJO_T1XfUSA_s0000863234_e0000865534,KJO_T1XfUSA,863.234,865.534,2.3,1.0,1.0,6.56,/kaggle/working/cut_cutfix_full_tier1_20260729_01/tier1/200_250/media/KJO_T1XfUSA_s0000863234_e0000865534.mp4,tier1,cuda,nvenc,cutfix_full_tier1_20260729_01
KJO_T1XfUSA_s0000897282_e0000899614,KJO_T1XfUSA,897.282,899.614,2.332,1.0,1.0,5.73,/kaggle/working/cut_cutfix_full_tier1_20260729_01/tier1/200_250/media/KJO_T1XfUSA_s0000897282_e0000899614.mp4,tier1,cuda,nvenc,cutfix_full_tier1_20260729_01
KJO_T1XfUSA_s0000903394_e0000905790,KJO_T1XfUSA,903.394,905.79,2.396,1.0,1.0,5.77,/kaggle/working/cut_cutfix_full_tier1_20260729_01/tier1/200_250/media/KJO_T1XfUSA_s0000903394_e0000905790.mp4,tier1,cuda,nvenc,cutfix_full_tier1_20260729_01
KJO_T1XfUSA_s0000914338_e0000916894,KJO_T1XfUSA,914.338,916.894,2.556,1.0,1.0,4.78,/kaggle/working/cut_cutfix_full_tier1_20260729_01/tier1/200_250/media/KJO_T1XfUSA_s0000914338_e0000916894.mp4,tier1,cuda,nvenc,cutfix_full_tier1_20260729_01
KJO_T1XfUSA_s0000917250_e0000919710,KJO_T1XfUSA,917.25,919.71,2.46,1.0,1.0,4.42,/kaggle/working/cut_cutfix_full_tier1_20260729_01/tier1/200_250/media/KJO_T1XfUSA_s0000917250_e0000919710.mp4,tier1,cuda,nvenc,cutfix_full_tier1_20260729_01
KJO_T1XfUSA_s0000919810_e0000923774,KJO_T1XfUSA,919.81,923.774,3.964,1.0,1.0,5.63,/kaggle/working/cut_cutfix_full_tier1_20260729_01/tier1/200_250/media/KJO_T1XfUSA_s0000919810_e0000923774.mp4,tier1,cuda,nvenc,cutfix_full_tier1_20260729_01
KQKQdxS_Urk_s0000006722_e0000009374,KQKQdxS_Urk,6.722,9.374,2.652,1.0,1.0,12.31,/kaggle/working/cut_cutfix_full_tier1_20260729_01/tier1/200_250/media/KQKQdxS_Urk_s0000006722_e0000009374.mp4,tier1,cuda,nvenc,cutfix_full_tier1_20260729_01
KQKQdxS_Urk_s0000009666_e0000012894,KQKQdxS_Urk,9.666,12.894,3.228,1.0,1.0,9.87,/kaggle/working/cut_cutfix_full_tier1_20260729_01/tier1/200_250/media/KQKQdxS_Urk_s0000009666_e0000012894.mp4,tier1,cuda,nvenc,cutfix_full_tier1_20260729_01
KQKQdxS_Urk_s0000019394_e0000021694,KQKQdxS_Urk,19.394,21.694,2.3,1.0,1.0,11.57,/kaggle/working/cut_cutfix_full_tier1_20260729_01/tier1/200_250/media/KQKQdxS_Urk_s0000019394_e0000021694.mp4,tier1,cuda,nvenc,cutfix_full_tier1_20260729_01
KQKQdxS_Urk_s0000042018_e0000044350,KQKQdxS_Urk,42.018,44.35,2.332,1.0,1.0,12.12,/kaggle/working/cut_cutfix_full_tier1_20260729_01/tier1/200_250/media/KQKQdxS_Urk_s0000042018_e0000044350.mp4,tier1,cuda,nvenc,cutfix_full_tier1_20260729_01
KQKQdxS_Urk_s0000044546_e0000048766,KQKQdxS_Urk,44.546,48.766,4.22,1.0,1.0,9.44,/kaggle/working/cut_cutfix_full_tier1_20260729_01/tier1/200_250/media/KQKQdxS_Urk_s0000044546_e0000048766.mp4,tier1,cuda,nvenc,cutfix_full_tier1_20260729_01
KQKQdxS_Urk_s0000048930_e0000051326,KQKQdxS_Urk,48.93,51.326,2.396,1.0,1.0,12.52,/kaggle/working/cut_cutfix_full_tier1_20260729_01/tier1/200_250/media/KQKQdxS_Urk_s0000048930_e0000051326.mp4,tier1,cuda,nvenc,cutfix_full_tier1_20260729_01
KQKQdxS_Urk_s0000064098_e0000067550,KQKQdxS_Urk,64.098,67.55,3.452,1.0,1.0,11.05,/kaggle/working/cut_cutfix_full_tier1_20260729_01/tier1/200_250/media/KQKQdxS_Urk_s0000064098_e0000067550.mp4,tier1,cuda,nvenc,cutfix_full_tier1_20260729_01
KQKQdxS_Urk_s0000067842_e0000069854,KQKQdxS_Urk,67.842,69.854,2.012,1.0,1.0,11.23,/kaggle/working/cut_cutfix_full_tier1_20260729_01/tier1/200_250/media/KQKQdxS_Urk_s0000067842_e0000069854.mp4,tier1,cuda,nvenc,cutfix_full_tier1_20260729_01
KQKQdxS_Urk_s0000076674_e0000078718,KQKQdxS_Urk,76.674,78.718,2.044,1.0,1.0,11.59,/kaggle/working/cut_cutfix_full_tier1_20260729_01/tier1/200_250/media/KQKQdxS_Urk_s0000076674_e0000078718.mp4,tier1,cuda,nvenc,cutfix_full_tier1_20260729_01
KQKQdxS_Urk_s0000081634_e0000083678,KQKQdxS_Urk,81.634,83.678,2.044,1.0,1.0,11.23,/kaggle/working/cut_cutfix_full_tier1_20260729_01/tier1/200_250/media/KQKQdxS_Urk_s0000081634_e0000083678.mp4,tier1,cuda,nvenc,cutfix_full_tier1_20260729_01
KQKQdxS_Urk_s0000083874_e0000087294,KQKQdxS_Urk,83.874,87.294,3.42,1.0,1.0,10.33,/kaggle/working/cut_cutfix_full_tier1_20260729_01/tier1/200_250/media/KQKQdxS_Urk_s0000083874_e0000087294.mp4,tier1,cuda,nvenc,cutfix_full_tier1_20260729_01
KQKQdxS_Urk_s0000135362_e0000140190,KQKQdxS_Urk,135.362,140.19,4.828,1.0,1.0,10.87,/kaggle/working/cut_cutfix_full_tier1_20260729_01/tier1/200_250/media/KQKQdxS_Urk_s0000135362_e0000140190.mp4,tier1,cuda,nvenc,cutfix_full_tier1_20260729_01
KQKQdxS_Urk_s0000143330_e0000150526,KQKQdxS_Urk,143.33,150.526,7.196,1.0,1.0,10.05,/kaggle/working/cut_cutfix_full_tier1_20260729_01/tier1/200_250/media/KQKQdxS_Urk_s0000143330_e0000150526.mp4,tier1,cuda,nvenc,cutfix_full_tier1_20260729_01
KQKQdxS_Urk_s0000151362_e0000153758,KQKQdxS_Urk,151.362,153.758,2.396,1.0,1.0,11.34,/kaggle/working/cut_cutfix_full_tier1_20260729_01/tier1/200_250/media/KQKQdxS_Urk_s0000151362_e0000153758.mp4,tier1,cuda,nvenc,cutfix_full_tier1_20260729_01
KQKQdxS_Urk_s0000154690_e0000158046,KQKQdxS_Urk,154.69,158.046,3.356,1.0,1.0,12.18,/kaggle/working/cut_cutfix_full_tier1_20260729_01/tier1/200_250/media/KQKQdxS_Urk_s0000154690_e0000158046.mp4,tier1,cuda,nvenc,cutfix_full_tier1_20260729_01
KQKQdxS_Urk_s0000159810_e0000162014,KQKQdxS_Urk,159.81,162.014,2.204,1.0,1.0,11.54,/kaggle/working/cut_cutfix_full_tier1_20260729_01/tier1/200_250/media/KQKQdxS_Urk_s0000159810_e0000162014.mp4,tier1,cuda,nvenc,cutfix_full_tier1_20260729_01
KQKQdxS_Urk_s0000168930_e0000171710,KQKQdxS_Urk,168.93,171.71,2.78,1.0,1.0,11.13,/kaggle/working/cut_cutfix_full_tier1_20260729_01/tier1/200_250/media/KQKQdxS_Urk_s0000168930_e0000171710.mp4,tier1,cuda,nvenc,cutfix_full_tier1_20260729_01
KQKQdxS_Urk_s0000171810_e0000175614,KQKQdxS_Urk,171.81,175.614,3.804,1.0,1.0,9.58,/kaggle/working/cut_cutfix_full_tier1_20260729_01/tier1/200_250/media/KQKQdxS_Urk_s0000171810_e0000175614.mp4,tier1,cuda,nvenc,cutfix_full_tier1_20260729_01
KQKQdxS_Urk_s0000177026_e0000179966,KQKQdxS_Urk,177.026,179.966,2.94,1.0,1.0,10.68,/kaggle/working/cut_cutfix_full_tier1_20260729_01/tier1/200_250/media/KQKQdxS_Urk_s0000177026_e0000179966.mp4,tier1,cuda,nvenc,cutfix_full_tier1_20260729_01
KQKQdxS_Urk_s0000180674_e0000186430,KQKQdxS_Urk,180.674,186.43,5.756,1.0,1.0,11.32,/kaggle/working/cut_cutfix_full_tier1_20260729_01/tier1/200_250/media/KQKQdxS_Urk_s0000180674_e0000186430.mp4,tier1,cuda,nvenc,cutfix_full_tier1_20260729_01
KQKQdxS_Urk_s0000188930_e0000191678,KQKQdxS_Urk,188.93,191.678,2.748,1.0,1.0,11.78,/kaggle/working/cut_cutfix_full_tier1_20260729_01/tier1/200_250/media/KQKQdxS_Urk_s0000188930_e0000191678.mp4,tier1,cuda,nvenc,cutfix_full_tier1_20260729_01
KQKQdxS_Urk_s0000191906_e0000195646,KQKQdxS_Urk,191.906,195.646,3.74,1.0,1.0,12.09,/kaggle/working/cut_cutfix_full_tier1_20260729_01/tier1/200_250/media/KQKQdxS_Urk_s0000191906_e0000195646.mp4,tier1,cuda,nvenc,cutfix_full_tier1_20260729_01
KQKQdxS_Urk_s0000195970_e0000198782,KQKQdxS_Urk,195.97,198.782,2.812,1.0,1.0,10.4,/kaggle/working/cut_cutfix_full_tier1_20260729_01/tier1/200_250/media/KQKQdxS_Urk_s0000195970_e0000198782.mp4,tier1,cuda,nvenc,cutfix_full_tier1_20260729_01
KQKQdxS_Urk_s0000199042_e0000201086,KQKQdxS_Urk,199.042,201.086,2.044,1.0,1.0,12.71,/kaggle/working/cut_cutfix_full_tier1_20260729_01/tier1/200_250/media/KQKQdxS_Urk_s0000199042_e0000201086.mp4,tier1,cuda,nvenc,cutfix_full_tier1_20260729_01
KQKQdxS_Urk_s0000201314_e0000203582,KQKQdxS_Urk,201.314,203.582,2.268,1.0,1.0,11.61,/kaggle/working/cut_cutfix_full_tier1_20260729_01/tier1/200_250/media/KQKQdxS_Urk_s0000201314_e0000203582.mp4,tier1,cuda,nvenc,cutfix_full_tier1_20260729_01
KQKQdxS_Urk_s0000203714_e0000205886,KQKQdxS_Urk,203.714,205.886,2.172,1.0,1.0,10.74,/kaggle/working/cut_cutfix_full_tier1_20260729_01/tier1/200_250/media/KQKQdxS_Urk_s0000203714_e0000205886.mp4,tier1,cuda,nvenc,cutfix_full_tier1_20260729_01
KQKQdxS_Urk_s0000209538_e0000212094,KQKQdxS_Urk,209.538,212.094,2.556,1.0,1.0,11.3,/kaggle/working/cut_cutfix_full_tier1_20260729_01/tier1/200_250/media/KQKQdxS_Urk_s0000209538_e0000212094.mp4,tier1,cuda,nvenc,cutfix_full_tier1_20260729_01
KQKQdxS_Urk_s0000212322_e0000215166,KQKQdxS_Urk,212.322,215.166,2.844,1.0,1.0,11.53,/kaggle/working/cut_cutfix_full_tier1_20260729_01/tier1/200_250/media/KQKQdxS_Urk_s0000212322_e0000215166.mp4,tier1,cuda,nvenc,cutfix_full_tier1_20260729_01
KQKQdxS_Urk_s0000215778_e0000218398,KQKQdxS_Urk,215.778,218.398,2.62,1.0,1.0,11.65,/kaggle/working/cut_cutfix_full_tier1_20260729_01/tier1/200_250/media/KQKQdxS_Urk_s0000215778_e0000218398.mp4,tier1,cuda,nvenc,cutfix_full_tier1_20260729_01
KQKQdxS_Urk_s0000218690_e0000221214,KQKQdxS_Urk,218.69,221.214,2.524,1.0,1.0,11.12,/kaggle/working/cut_cutfix_full_tier1_20260729_01/tier1/200_250/media/KQKQdxS_Urk_s0000218690_e0000221214.mp4,tier1,cuda,nvenc,cutfix_full_tier1_20260729_01
KQKQdxS_Urk_s0000221730_e0000224830,KQKQdxS_Urk,221.73,224.83,3.1,1.0,1.0,10.77,/kaggle/working/cut_cutfix_full_tier1_20260729_01/tier1/200_250/media/KQKQdxS_Urk_s0000221730_e0000224830.mp4,tier1,cuda,nvenc,cutfix_full_tier1_20260729_01
KQKQdxS_Urk_s0000224994_e0000227678,KQKQdxS_Urk,224.994,227.678,2.684,1.0,1.0,11.33,/kaggle/working/cut_cutfix_full_tier1_20260729_01/tier1/200_250/media/KQKQdxS_Urk_s0000224994_e0000227678.mp4,tier1,cuda,nvenc,cutfix_full_tier1_20260729_01
KQKQdxS_Urk_s0000227938_e0000231646,KQKQdxS_Urk,227.938,231.646,3.708,1.0,1.0,10.48,/kaggle/working/cut_cutfix_full_tier1_20260729_01/tier1/200_250/media/KQKQdxS_Urk_s0000227938_e0000231646.mp4,tier1,cuda,nvenc,cutfix_full_tier1_20260729_01
KQKQdxS_Urk_s0000231874_e0000234014,KQKQdxS_Urk,231.874,234.014,2.14,1.0,1.0,9.6,/kaggle/working/cut_cutfix_full_tier1_20260729_01/tier1/200_250/media/KQKQdxS_Urk_s0000231874_e0000234014.mp4,tier1,cuda,nvenc,cutfix_full_tier1_20260729_01
KQKQdxS_Urk_s0000237538_e0000240414,KQKQdxS_Urk,237.538,240.414,2.876,1.0,1.0,8.17,/kaggle/working/cut_cutfix_full_tier1_20260729_01/tier1/200_250/media/KQKQdxS_Urk_s0000237538_e0000240414.mp4,tier1,cuda,nvenc,cutfix_full_tier1_20260729_01
KQKQdxS_Urk_s0000242978_e0000247934,KQKQdxS_Urk,242.978,247.934,4.956,1.0,1.0,9.49,/kaggle/working/cut_cutfix_full_tier1_20260729_01/tier1/200_250/media/KQKQdxS_Urk_s0000242978_e0000247934.mp4,tier1,cuda,nvenc,cutfix_full_tier1_20260729_01
KQKQdxS_Urk_s0000251330_e0000260638,KQKQdxS_Urk,251.33,260.638,9.308,1.0,1.0,11.23,/kaggle/working/cut_cutfix_full_tier1_20260729_01/tier1/200_250/media/KQKQdxS_Urk_s0000251330_e0000260638.mp4,tier1,cuda,nvenc,cutfix_full_tier1_20260729_01
KQKQdxS_Urk_s0000264642_e0000267806,KQKQdxS_Urk,264.642,267.806,3.164,1.0,1.0,13.11,/kaggle/working/cut_cutfix_full_tier1_20260729_01/tier1/200_250/media/KQKQdxS_Urk_s0000264642_e0000267806.mp4,tier1,cuda,nvenc,cutfix_full_tier1_20260729_01
KQKQdxS_Urk_s0000268098_e0000270302,KQKQdxS_Urk,268.098,270.302,2.204,1.0,1.0,11.16,/kaggle/working/cut_cutfix_full_tier1_20260729_01/tier1/200_250/media/KQKQdxS_Urk_s0000268098_e0000270302.mp4,tier1,cuda,nvenc,cutfix_full_tier1_20260729_01
KQKQdxS_Urk_s0000282082_e0000284414,KQKQdxS_Urk,282.082,284.414,2.332,1.0,1.0,10.48,/kaggle/working/cut_cutfix_full_tier1_20260729_01/tier1/200_250/media/KQKQdxS_Urk_s0000282082_e0000284414.mp4,tier1,cuda,nvenc,cutfix_full_tier1_20260729_01
KQKQdxS_Urk_s0000287938_e0000291390,KQKQdxS_Urk,287.938,291.39,3.452,1.0,1.0,10.28,/kaggle/working/cut_cutfix_full_tier1_20260729_01/tier1/200_250/media/KQKQdxS_Urk_s0000287938_e0000291390.mp4,tier1,cuda,nvenc,cutfix_full_tier1_20260729_01
KQKQdxS_Urk_s0000295874_e0000297886,KQKQdxS_Urk,295.874,297.886,2.012,1.0,1.0,9.94,/kaggle/working/cut_cutfix_full_tier1_20260729_01/tier1/200_250/media/KQKQdxS_Urk_s0000295874_e0000297886.mp4,tier1,cuda,nvenc,cutfix_full_tier1_20260729_01
KQKQdxS_Urk_s0000301762_e0000305662,KQKQdxS_Urk,301.762,305.662,3.9,1.0,1.0,10.24,/kaggle/working/cut_cutfix_full_tier1_20260729_01/tier1/200_250/media/KQKQdxS_Urk_s0000301762_e0000305662.mp4,tier1,cuda,nvenc,cutfix_full_tier1_20260729_01
KQKQdxS_Urk_s0000306210_e0000309918,KQKQdxS_Urk,306.21,309.918,3.708,1.0,1.0,10.51,/kaggle/working/cut_cutfix_full_tier1_20260729_01/tier1/200_250/media/KQKQdxS_Urk_s0000306210_e0000309918.mp4,tier1,cuda,nvenc,cutfix_full_tier1_20260729_01
KQKQdxS_Urk_s0000311234_e0000315934,KQKQdxS_Urk,311.234,315.934,4.7,1.0,1.0,9.83,/kaggle/working/cut_cutfix_full_tier1_20260729_01/tier1/200_250/media/KQKQdxS_Urk_s0000311234_e0000315934.mp4,tier1,cuda,nvenc,cutfix_full_tier1_20260729_01
KQKQdxS_Urk_s0000324450_e0000326558,KQKQdxS_Urk,324.45,326.558,2.108,1.0,1.0,12.31,/kaggle/working/cut_cutfix_full_tier1_20260729_01/tier1/200_250/media/KQKQdxS_Urk_s0000324450_e0000326558.mp4,tier1,cuda,nvenc,cutfix_full_tier1_20260729_01
KQKQdxS_Urk_s0000328578_e0000331070,KQKQdxS_Urk,328.578,331.07,2.492,1.0,1.0,12.79,/kaggle/working/cut_cutfix_full_tier1_20260729_01/tier1/200_250/media/KQKQdxS_Urk_s0000328578_e0000331070.mp4,tier1,cuda,nvenc,cutfix_full_tier1_20260729_01
KQKQdxS_Urk_s0000339490_e0000343006,KQKQdxS_Urk,339.49,343.006,3.516,1.0,1.0,11.43,/kaggle/working/cut_cutfix_full_tier1_20260729_01/tier1/200_250/media/KQKQdxS_Urk_s0000339490_e0000343006.mp4,tier1,cuda,nvenc,cutfix_full_tier1_20260729_01
KQKQdxS_Urk_s0000345026_e0000348350,KQKQdxS_Urk,345.026,348.35,3.324,1.0,1.0,12.51,/kaggle/working/cut_cutfix_full_tier1_20260729_01/tier1/200_250/media/KQKQdxS_Urk_s0000345026_e0000348350.mp4,tier1,cuda,nvenc,cutfix_full_tier1_20260729_01
KQKQdxS_Urk_s0000350274_e0000353630,KQKQdxS_Urk,350.274,353.63,3.356,1.0,1.0,11.76,/kaggle/working/cut_cutfix_full_tier1_20260729_01/tier1/200_250/media/KQKQdxS_Urk_s0000350274_e0000353630.mp4,tier1,cuda,nvenc,cutfix_full_tier1_20260729_01
KQKQdxS_Urk_s0000353922_e0000357086,KQKQdxS_Urk,353.922,357.086,3.164,1.0,1.0,11.27,/kaggle/working/cut_cutfix_full_tier1_20260729_01/tier1/200_250/media/KQKQdxS_Urk_s0000353922_e0000357086.mp4,tier1,cuda,nvenc,cutfix_full_tier1_20260729_01
KQKQdxS_Urk_s0000357282_e0000361438,KQKQdxS_Urk,357.282,361.438,4.156,1.0,1.0,10.34,/kaggle/working/cut_cutfix_full_tier1_20260729_01/tier1/200_250/media/KQKQdxS_Urk_s0000357282_e0000361438.mp4,tier1,cuda,nvenc,cutfix_full_tier1_20260729_01
KQKQdxS_Urk_s0000366562_e0000369470,KQKQdxS_Urk,366.562,369.47,2.908,1.0,1.0,11.73,/kaggle/working/cut_cutfix_full_tier1_20260729_01/tier1/200_250/media/KQKQdxS_Urk_s0000366562_e0000369470.mp4,tier1,cuda,nvenc,cutfix_full_tier1_20260729_01
KQKQdxS_Urk_s0000369666_e0000373790,KQKQdxS_Urk,369.666,373.79,4.124,1.0,1.0,12.24,/kaggle/working/cut_cutfix_full_tier1_20260729_01/tier1/200_250/media/KQKQdxS_Urk_s0000369666_e0000373790.mp4,tier1,cuda,nvenc,cutfix_full_tier1_20260729_01
KQKQdxS_Urk_s0000412546_e0000416254,KQKQdxS_Urk,412.546,416.254,3.708,1.0,1.0,10.04,/kaggle/working/cut_cutfix_full_tier1_20260729_01/tier1/200_250/media/KQKQdxS_Urk_s0000412546_e0000416254.mp4,tier1,cuda,nvenc,cutfix_full_tier1_20260729_01
KQKQdxS_Urk_s0000416354_e0000420254,KQKQdxS_Urk,416.354,420.254,3.9,1.0,1.0,10.1,/kaggle/working/cut_cutfix_full_tier1_20260729_01/tier1/200_250/media/KQKQdxS_Urk_s0000416354_e0000420254.mp4,tier1,cuda,nvenc,cutfix_full_tier1_20260729_01
KQKQdxS_Urk_s0000420546_e0000424542,KQKQdxS_Urk,420.546,424.542,3.996,1.0,1.0,12.77,/kaggle/working/cut_cutfix_full_tier1_20260729_01/tier1/200_250/media/KQKQdxS_Urk_s0000420546_e0000424542.mp4,tier1,cuda,nvenc,cutfix_full_tier1_20260729_01
KQKQdxS_Urk_s0000436450_e0000438494,KQKQdxS_Urk,436.45,438.494,2.044,1.0,1.0,9.79,/kaggle/working/cut_cutfix_full_tier1_20260729_01/tier1/200_250/media/KQKQdxS_Urk_s0000436450_e0000438494.mp4,tier1,cuda,nvenc,cutfix_full_tier1_20260729_01
KQKQdxS_Urk_s0000439618_e0000443582,KQKQdxS_Urk,439.618,443.582,3.964,1.0,1.0,9.74,/kaggle/working/cut_cutfix_full_tier1_20260729_01/tier1/200_250/media/KQKQdxS_Urk_s0000439618_e0000443582.mp4,tier1,cuda,nvenc,cutfix_full_tier1_20260729_01
KQKQdxS_Urk_s0000445378_e0000447998,KQKQdxS_Urk,445.378,447.998,2.62,1.0,1.0,9.1,/kaggle/working/cut_cutfix_full_tier1_20260729_01/tier1/200_250/media/KQKQdxS_Urk_s0000445378_e0000447998.mp4,tier1,cuda,nvenc,cutfix_full_tier1_20260729_01
KQKQdxS_Urk_s0000451682_e0000455102,KQKQdxS_Urk,451.682,455.102,3.42,1.0,1.0,10.78,/kaggle/working/cut_cutfix_full_tier1_20260729_01/tier1/200_250/media/KQKQdxS_Urk_s0000451682_e0000455102.mp4,tier1,cuda,nvenc,cutfix_full_tier1_20260729_01
KQKQdxS_Urk_s0000587266_e0000590942,KQKQdxS_Urk,587.266,590.942,3.676,1.0,1.0,10.65,/kaggle/working/cut_cutfix_full_tier1_20260729_01/tier1/200_250/media/KQKQdxS_Urk_s0000587266_e0000590942.mp4,tier1,cuda,nvenc,cutfix_full_tier1_20260729_01
KithesVhFR8_s0000000002_e0000002110,KithesVhFR8,0.002,2.11,2.108,1.0,1.0,3.87,/kaggle/working/cut_cutfix_full_tier1_20260729_01/tier1/200_250/media/KithesVhFR8_s0000000002_e0000002110.mp4,tier1,cuda,nvenc,cutfix_full_tier1_20260729_01
KithesVhFR8_s0000002242_e0000005886,KithesVhFR8,2.242,5.886,3.644,1.0,1.0,3.77,/kaggle/working/cut_cutfix_full_tier1_20260729_01/tier1/200_250/media/KithesVhFR8_s0000002242_e0000005886.mp4,tier1,cuda,nvenc,cutfix_full_tier1_20260729_01
KithesVhFR8_s0000015426_e0000017854,KithesVhFR8,15.426,17.854,2.428,1.0,1.0,19.58,/kaggle/working/cut_cutfix_full_tier1_20260729_01/tier1/200_250/media/KithesVhFR8_s0000015426_e0000017854.mp4,tier1,cuda,nvenc,cutfix_full_tier1_20260729_01
KithesVhFR8_s0000017986_e0000020574,KithesVhFR8,17.986,20.574,2.588,1.0,1.0,19.03,/kaggle/working/cut_cutfix_full_tier1_20260729_01/tier1/200_250/media/KithesVhFR8_s0000017986_e0000020574.mp4,tier1,cuda,nvenc,cutfix_full_tier1_20260729_01
KithesVhFR8_s0000020802_e0000025982,KithesVhFR8,20.802,25.982,5.18,1.0,1.0,21.35,/kaggle/working/cut_cutfix_full_tier1_20260729_01/tier1/200_250/media/KithesVhFR8_s0000020802_e0000025982.mp4,tier1,cuda,nvenc,cutfix_full_tier1_20260729_01
KithesVhFR8_s0000026338_e0000029310,KithesVhFR8,26.338,29.31,2.972,1.0,1.0,20.52,/kaggle/working/cut_cutfix_full_tier1_20260729_01/tier1/200_250/media/KithesVhFR8_s0000026338_e0000029310.mp4,tier1,cuda,nvenc,cutfix_full_tier1_20260729_01
KithesVhFR8_s0000029506_e0000033406,KithesVhFR8,29.506,33.406,3.9,1.0,1.0,21.33,/kaggle/working/cut_cutfix_full_tier1_20260729_01/tier1/200_250/media/KithesVhFR8_s0000029506_e0000033406.mp4,tier1,cuda,nvenc,cutfix_full_tier1_20260729_01
KithesVhFR8_s0000033986_e0000042398,KithesVhFR8,33.986,42.398,8.412,1.0,1.0,19.43,/kaggle/working/cut_cutfix_full_tier1_20260729_01/tier1/200_250/media/KithesVhFR8_s0000033986_e0000042398.mp4,tier1,cuda,nvenc,cutfix_full_tier1_20260729_01
KithesVhFR8_s0000042498_e0000047498,KithesVhFR8,42.498,47.498,5.0,1.0,1.0,18.57,/kaggle/working/cut_cutfix_full_tier1_20260729_01/tier1/200_250/media/KithesVhFR8_s0000042498_e0000047498.mp4,tier1,cuda,nvenc,cutfix_full_tier1_20260729_01
KithesVhFR8_s0000046498_e0000051498,KithesVhFR8,46.498,51.498,5.0,1.0,1.0,16.41,/kaggle/working/cut_cutfix_full_tier1_20260729_01/tier1/200_250/media/KithesVhFR8_s0000046498_e0000051498.mp4,tier1,cuda,nvenc,cutfix_full_tier1_20260729_01
KithesVhFR8_s0000050498_e0000055498,KithesVhFR8,50.498,55.498,5.0,1.0,1.0,17.03,/kaggle/working/cut_cutfix_full_tier1_20260729_01/tier1/200_250/media/KithesVhFR8_s0000050498_e0000055498.mp4,tier1,cuda,nvenc,cutfix_full_tier1_20260729_01
KithesVhFR8_s0000055778_e0000063998,KithesVhFR8,55.778,63.998,8.22,1.0,1.0,18.8,/kaggle/working/cut_cutfix_full_tier1_20260729_01/tier1/200_250/media/KithesVhFR8_s0000055778_e0000063998.mp4,tier1,cuda,nvenc,cutfix_full_tier1_20260729_01
KithesVhFR8_s0000068706_e0000073706,KithesVhFR8,68.706,73.706,5.0,1.0,1.0,18.61,/kaggle/working/cut_cutfix_full_tier1_20260729_01/tier1/200_250/media/KithesVhFR8_s0000068706_e0000073706.mp4,tier1,cuda,nvenc,cutfix_full_tier1_20260729_01
KithesVhFR8_s0000072706_e0000077706,KithesVhFR8,72.706,77.706,5.0,1.0,1.0,18.54,/kaggle/working/cut_cutfix_full_tier1_20260729_01/tier1/200_250/media/KithesVhFR8_s0000072706_e0000077706.mp4,tier1,cuda,nvenc,cutfix_full_tier1_20260729_01
KithesVhFR8_s0000076706_e0000081706,KithesVhFR8,76.706,81.706,5.0,1.0,1.0,17.59,/kaggle/working/cut_cutfix_full_tier1_20260729_01/tier1/200_250/media/KithesVhFR8_s0000076706_e0000081706.mp4,tier1,cuda,nvenc,cutfix_full_tier1_20260729_01
KithesVhFR8_s0000080706_e0000083582,KithesVhFR8,80.706,83.582,2.876,1.0,1.0,18.18,/kaggle/working/cut_cutfix_full_tier1_20260729_01/tier1/200_250/media/KithesVhFR8_s0000080706_e0000083582.mp4,tier1,cuda,nvenc,cutfix_full_tier1_20260729_01
KithesVhFR8_s0000083778_e0000088778,KithesVhFR8,83.778,88.778,5.0,1.0,1.0,18.59,/kaggle/working/cut_cutfix_full_tier1_20260729_01/tier1/200_250/media/KithesVhFR8_s0000083778_e0000088778.mp4,tier1,cuda,nvenc,cutfix_full_tier1_20260729_01
KithesVhFR8_s0000087778_e0000092778,KithesVhFR8,87.778,92.778,5.0,1.0,1.0,20.0,/kaggle/working/cut_cutfix_full_tier1_20260729_01/tier1/200_250/media/KithesVhFR8_s0000087778_e0000092778.mp4,tier1,cuda,nvenc,cutfix_full_tier1_20260729_01
KithesVhFR8_s0000091778_e0000096778,KithesVhFR8,91.778,96.778,5.0,1.0,1.0,20.11,/kaggle/working/cut_cutfix_full_tier1_20260729_01/tier1/200_250/media/KithesVhFR8_s0000091778_e0000096778.mp4,tier1,cuda,nvenc,cutfix_full_tier1_20260729_01
KithesVhFR8_s0000099842_e0000104734,KithesVhFR8,99.842,104.734,4.892,1.0,1.0,20.94,/kaggle/working/cut_cutfix_full_tier1_20260729_01/tier1/200_250/media/KithesVhFR8_s0000099842_e0000104734.mp4,tier1,cuda,nvenc,cutfix_full_tier1_20260729_01
KithesVhFR8_s0000105122_e0000116382,KithesVhFR8,105.122,116.382,11.26,1.0,1.0,21.2,/kaggle/working/cut_cutfix_full_tier1_20260729_01/tier1/200_250/media/KithesVhFR8_s0000105122_e0000116382.mp4,tier1,cuda,nvenc,cutfix_full_tier1_20260729_01
KithesVhFR8_s0000116706_e0000121150,KithesVhFR8,116.706,121.15,4.444,1.0,1.0,19.65,/kaggle/working/cut_cutfix_full_tier1_20260729_01/tier1/200_250/media/KithesVhFR8_s0000116706_e0000121150.mp4,tier1,cuda,nvenc,cutfix_full_tier1_20260729_01
KithesVhFR8_s0000121314_e0000123422,KithesVhFR8,121.314,123.422,2.108,1.0,1.0,19.72,/kaggle/working/cut_cutfix_full_tier1_20260729_01/tier1/200_250/media/KithesVhFR8_s0000121314_e0000123422.mp4,tier1,cuda,nvenc,cutfix_full_tier1_20260729_01
KithesVhFR8_s0000125410_e0000128158,KithesVhFR8,125.41,128.158,2.748,1.0,1.0,17.91,/kaggle/working/cut_cutfix_full_tier1_20260729_01/tier1/200_250/media/KithesVhFR8_s0000125410_e0000128158.mp4,tier1,cuda,nvenc,cutfix_full_tier1_20260729_01
KithesVhFR8_s0000128802_e0000134302,KithesVhFR8,128.802,134.302,5.5,1.0,1.0,19.22,/kaggle/working/cut_cutfix_full_tier1_20260729_01/tier1/200_250/media/KithesVhFR8_s0000128802_e0000134302.mp4,tier1,cuda,nvenc,cutfix_full_tier1_20260729_01
KithesVhFR8_s0000137442_e0000148286,KithesVhFR8,137.442,148.286,10.844,1.0,1.0,21.13,/kaggle/working/cut_cutfix_full_tier1_20260729_01/tier1/200_250/media/KithesVhFR8_s0000137442_e0000148286.mp4,tier1,cuda,nvenc,cutfix_full_tier1_20260729_01
KithesVhFR8_s0000148642_e0000153054,KithesVhFR8,148.642,153.054,4.412,1.0,1.0,21.73,/kaggle/working/cut_cutfix_full_tier1_20260729_01/tier1/200_250/media/KithesVhFR8_s0000148642_e0000153054.mp4,tier1,cuda,nvenc,cutfix_full_tier1_20260729_01
KithesVhFR8_s0000153474_e0000158474,KithesVhFR8,153.474,158.474,5.0,1.0,1.0,18.33,/kaggle/working/cut_cutfix_full_tier1_20260729_01/tier1/200_250/media/KithesVhFR8_s0000153474_e0000158474.mp4,tier1,cuda,nvenc,cutfix_full_tier1_20260729_01
KithesVhFR8_s0000157474_e0000162474,KithesVhFR8,157.474,162.474,5.0,1.0,1.0,19.18,/kaggle/working/cut_cutfix_full_tier1_20260729_01/tier1/200_250/media/KithesVhFR8_s0000157474_e0000162474.mp4,tier1,cuda,nvenc,cutfix_full_tier1_20260729_01
KithesVhFR8_s0000161474_e0000166474,KithesVhFR8,161.474,166.474,5.0,1.0,1.0,17.41,/kaggle/working/cut_cutfix_full_tier1_20260729_01/tier1/200_250/media/KithesVhFR8_s0000161474_e0000166474.mp4,tier1,cuda,nvenc,cutfix_full_tier1_20260729_01
KithesVhFR8_s0000165474_e0000170474,KithesVhFR8,165.474,170.474,5.0,1.0,1.0,19.57,/kaggle/working/cut_cutfix_full_tier1_20260729_01/tier1/200_250/media/KithesVhFR8_s0000165474_e0000170474.mp4,tier1,cuda,nvenc,cutfix_full_tier1_20260729_01
KithesVhFR8_s0000169474_e0000174474,KithesVhFR8,169.474,174.474,5.0,1.0,1.0,18.56,/kaggle/working/cut_cutfix_full_tier1_20260729_01/tier1/200_250/media/KithesVhFR8_s0000169474_e0000174474.mp4,tier1,cuda,nvenc,cutfix_full_tier1_20260729_01
KithesVhFR8_s0000173474_e0000178474,KithesVhFR8,173.474,178.474,5.0,1.0,1.0,20.17,/kaggle/working/cut_cutfix_full_tier1_20260729_01/tier1/200_250/media/KithesVhFR8_s0000173474_e0000178474.mp4,tier1,cuda,nvenc,cutfix_full_tier1_20260729_01
KithesVhFR8_s0000177474_e0000182474,KithesVhFR8,177.474,182.474,5.0,1.0,1.0,20.7,/kaggle/working/cut_cutfix_full_tier1_20260729_01/tier1/200_250/media/KithesVhFR8_s0000177474_e0000182474.mp4,tier1,cuda,nvenc,cutfix_full_tier1_20260729_01
KithesVhFR8_s0000181474_e0000186474,KithesVhFR8,181.474,186.474,5.0,1.0,1.0,19.72,/kaggle/working/cut_cutfix_full_tier1_20260729_01/tier1/200_250/media/KithesVhFR8_s0000181474_e0000186474.mp4,tier1,cuda,nvenc,cutfix_full_tier1_20260729_01
KithesVhFR8_s0000187714_e0000195710,KithesVhFR8,187.714,195.71,7.996,1.0,1.0,20.21,/kaggle/working/cut_cutfix_full_tier1_20260729_01/tier1/200_250/media/KithesVhFR8_s0000187714_e0000195710.mp4,tier1,cuda,nvenc,cutfix_full_tier1_20260729_01
KithesVhFR8_s0000196034_e0000201662,KithesVhFR8,196.034,201.662,5.628,1.0,1.0,19.79,/kaggle/working/cut_cutfix_full_tier1_20260729_01/tier1/200_250/media/KithesVhFR8_s0000196034_e0000201662.mp4,tier1,cuda,nvenc,cutfix_full_tier1_20260729_01
KithesVhFR8_s0000201826_e0000209982,KithesVhFR8,201.826,209.982,8.156,1.0,1.0,18.3,/kaggle/working/cut_cutfix_full_tier1_20260729_01/tier1/200_250/media/KithesVhFR8_s0000201826_e0000209982.mp4,tier1,cuda,nvenc,cutfix_full_tier1_20260729_01
KithesVhFR8_s0000210178_e0000212670,KithesVhFR8,210.178,212.67,2.492,1.0,1.0,18.54,/kaggle/working/cut_cutfix_full_tier1_20260729_01/tier1/200_250/media/KithesVhFR8_s0000210178_e0000212670.mp4,tier1,cuda,nvenc,cutfix_full_tier1_20260729_01
KithesVhFR8_s0000212962_e0000218718,KithesVhFR8,212.962,218.718,5.756,1.0,1.0,20.55,/kaggle/working/cut_cutfix_full_tier1_20260729_01/tier1/200_250/media/KithesVhFR8_s0000212962_e0000218718.mp4,tier1,cuda,nvenc,cutfix_full_tier1_20260729_01
KithesVhFR8_s0000218978_e0000227038,KithesVhFR8,218.978,227.038,8.06,1.0,1.0,19.46,/kaggle/working/cut_cutfix_full_tier1_20260729_01/tier1/200_250/media/KithesVhFR8_s0000218978_e0000227038.mp4,tier1,cuda,nvenc,cutfix_full_tier1_20260729_01
KithesVhFR8_s0000227362_e0000231230,KithesVhFR8,227.362,231.23,3.868,1.0,1.0,19.31,/kaggle/working/cut_cutfix_full_tier1_20260729_01/tier1/200_250/media/KithesVhFR8_s0000227362_e0000231230.mp4,tier1,cuda,nvenc,cutfix_full_tier1_20260729_01
KithesVhFR8_s0000232770_e0000237886,KithesVhFR8,232.77,237.886,5.116,1.0,1.0,20.67,/kaggle/working/cut_cutfix_full_tier1_20260729_01/tier1/200_250/media/KithesVhFR8_s0000232770_e0000237886.mp4,tier1,cuda,nvenc,cutfix_full_tier1_20260729_01
KithesVhFR8_s0000238050_e0000244318,KithesVhFR8,238.05,244.318,6.268,1.0,1.0,18.7,/kaggle/working/cut_cutfix_full_tier1_20260729_01/tier1/200_250/media/KithesVhFR8_s0000238050_e0000244318.mp4,tier1,cuda,nvenc,cutfix_full_tier1_20260729_01
KithesVhFR8_s0000245634_e0000249694,KithesVhFR8,245.634,249.694,4.06,1.0,1.0,19.21,/kaggle/working/cut_cutfix_full_tier1_20260729_01/tier1/200_250/media/KithesVhFR8_s0000245634_e0000249694.mp4,tier1,cuda,nvenc,cutfix_full_tier1_20260729_01
KithesVhFR8_s0000250370_e0000254014,KithesVhFR8,250.37,254.014,3.644,1.0,1.0,16.11,/kaggle/working/cut_cutfix_full_tier1_20260729_01/tier1/200_250/media/KithesVhFR8_s0000250370_e0000254014.mp4,tier1,cuda,nvenc,cutfix_full_tier1_20260729_01
KithesVhFR8_s0000261762_e0000267902,KithesVhFR8,261.762,267.902,6.14,1.0,1.0,14.96,/kaggle/working/cut_cutfix_full_tier1_20260729_01/tier1/200_250/media/KithesVhFR8_s0000261762_e0000267902.mp4,tier1,cuda,nvenc,cutfix_full_tier1_20260729_01
KithesVhFR8_s0000268386_e0000271614,KithesVhFR8,268.386,271.614,3.228,1.0,1.0,11.38,/kaggle/working/cut_cutfix_full_tier1_20260729_01/tier1/200_250/media/KithesVhFR8_s0000268386_e0000271614.mp4,tier1,cuda,nvenc,cutfix_full_tier1_20260729_01
KithesVhFR8_s0000271778_e0000275998,KithesVhFR8,271.778,275.998,4.22,1.0,1.0,17.39,/kaggle/working/cut_cutfix_full_tier1_20260729_01/tier1/200_250/media/KithesVhFR8_s0000271778_e0000275998.mp4,tier1,cuda,nvenc,cutfix_full_tier1_20260729_01
KithesVhFR8_s0000277506_e0000279934,KithesVhFR8,277.506,279.934,2.428,1.0,1.0,16.52,/kaggle/working/cut_cutfix_full_tier1_20260729_01/tier1/200_250/media/KithesVhFR8_s0000277506_e0000279934.mp4,tier1,cuda,nvenc,cutfix_full_tier1_20260729_01
KithesVhFR8_s0000280130_e0000282494,KithesVhFR8,280.13,282.494,2.364,1.0,1.0,16.68,/kaggle/working/cut_cutfix_full_tier1_20260729_01/tier1/200_250/media/KithesVhFR8_s0000280130_e0000282494.mp4,tier1,cuda,nvenc,cutfix_full_tier1_20260729_01
KithesVhFR8_s0000284450_e0000286782,KithesVhFR8,284.45,286.782,2.332,1.0,1.0,15.19,/kaggle/working/cut_cutfix_full_tier1_20260729_01/tier1/200_250/media/KithesVhFR8_s0000284450_e0000286782.mp4,tier1,cuda,nvenc,cutfix_full_tier1_20260729_01
KithesVhFR8_s0000287362_e0000291070,KithesVhFR8,287.362,291.07,3.708,1.0,1.0,14.06,/kaggle/working/cut_cutfix_full_tier1_20260729_01/tier1/200_250/media/KithesVhFR8_s0000287362_e0000291070.mp4,tier1,cuda,nvenc,cutfix_full_tier1_20260729_01
KithesVhFR8_s0000295554_e0000299966,KithesVhFR8,295.554,299.966,4.412,1.0,1.0,15.37,/kaggle/working/cut_cutfix_full_tier1_20260729_01/tier1/200_250/media/KithesVhFR8_s0000295554_e0000299966.mp4,tier1,cuda,nvenc,cutfix_full_tier1_20260729_01
KithesVhFR8_s0000300162_e0000302494,KithesVhFR8,300.162,302.494,2.332,1.0,1.0,16.97,/kaggle/working/cut_cutfix_full_tier1_20260729_01/tier1/200_250/media/KithesVhFR8_s0000300162_e0000302494.mp4,tier1,cuda,nvenc,cutfix_full_tier1_20260729_01
KithesVhFR8_s0000304994_e0000308222,KithesVhFR8,304.994,308.222,3.228,1.0,1.0,12.64,/kaggle/working/cut_cutfix_full_tier1_20260729_01/tier1/200_250/media/KithesVhFR8_s0000304994_e0000308222.mp4,tier1,cuda,nvenc,cutfix_full_tier1_20260729_01
KithesVhFR8_s0000308738_e0000311230,KithesVhFR8,308.738,311.23,2.492,1.0,1.0,12.64,/kaggle/working/cut_cutfix_full_tier1_20260729_01/tier1/200_250/media/KithesVhFR8_s0000308738_e0000311230.mp4,tier1,cuda,nvenc,cutfix_full_tier1_20260729_01
KithesVhFR8_s0000314882_e0000317630,KithesVhFR8,314.882,317.63,2.748,1.0,1.0,14.06,/kaggle/working/cut_cutfix_full_tier1_20260729_01/tier1/200_250/media/KithesVhFR8_s0000314882_e0000317630.mp4,tier1,cuda,nvenc,cutfix_full_tier1_20260729_01
KithesVhFR8_s0000322338_e0000324350,KithesVhFR8,322.338,324.35,2.012,1.0,1.0,15.65,/kaggle/working/cut_cutfix_full_tier1_20260729_01/tier1/200_250/media/KithesVhFR8_s0000322338_e0000324350.mp4,tier1,cuda,nvenc,cutfix_full_tier1_20260729_01
KithesVhFR8_s0000330978_e0000333502,KithesVhFR8,330.978,333.502,2.524,1.0,1.0,11.57,/kaggle/working/cut_cutfix_full_tier1_20260729_01/tier1/200_250/media/KithesVhFR8_s0000330978_e0000333502.mp4,tier1,cuda,nvenc,cutfix_full_tier1_20260729_01
KithesVhFR8_s0000340226_e0000342558,KithesVhFR8,340.226,342.558,2.332,1.0,1.0,16.37,/kaggle/working/cut_cutfix_full_tier1_20260729_01/tier1/200_250/media/KithesVhFR8_s0000340226_e0000342558.mp4,tier1,cuda,nvenc,cutfix_full_tier1_20260729_01
KithesVhFR8_s0000343042_e0000347134,KithesVhFR8,343.042,347.134,4.092,1.0,1.0,15.01,/kaggle/working/cut_cutfix_full_tier1_20260729_01/tier1/200_250/media/KithesVhFR8_s0000343042_e0000347134.mp4,tier1,cuda,nvenc,cutfix_full_tier1_20260729_01
KithesVhFR8_s0000347490_e0000351550,KithesVhFR8,347.49,351.55,4.06,1.0,1.0,15.95,/kaggle/working/cut_cutfix_full_tier1_20260729_01/tier1/200_250/media/KithesVhFR8_s0000347490_e0000351550.mp4,tier1,cuda,nvenc,cutfix_full_tier1_20260729_01
KithesVhFR8_s0000353314_e0000355678,KithesVhFR8,353.314,355.678,2.364,1.0,1.0,15.59,/kaggle/working/cut_cutfix_full_tier1_20260729_01/tier1/200_250/media/KithesVhFR8_s0000353314_e0000355678.mp4,tier1,cuda,nvenc,cutfix_full_tier1_20260729_01
KithesVhFR8_s0000368162_e0000370494,KithesVhFR8,368.162,370.494,2.332,1.0,1.0,15.92,/kaggle/working/cut_cutfix_full_tier1_20260729_01/tier1/200_250/media/KithesVhFR8_s0000368162_e0000370494.mp4,tier1,cuda,nvenc,cutfix_full_tier1_20260729_01
KithesVhFR8_s0000371458_e0000376222,KithesVhFR8,371.458,376.222,4.764,1.0,1.0,15.55,/kaggle/working/cut_cutfix_full_tier1_20260729_01/tier1/200_250/media/KithesVhFR8_s0000371458_e0000376222.mp4,tier1,cuda,nvenc,cutfix_full_tier1_20260729_01
KithesVhFR8_s0000378210_e0000384158,KithesVhFR8,378.21,384.158,5.948,1.0,1.0,15.31,/kaggle/working/cut_cutfix_full_tier1_20260729_01/tier1/200_250/media/KithesVhFR8_s0000378210_e0000384158.mp4,tier1,cuda,nvenc,cutfix_full_tier1_20260729_01
KithesVhFR8_s0000385794_e0000389662,KithesVhFR8,385.794,389.662,3.868,1.0,1.0,16.4,/kaggle/working/cut_cutfix_full_tier1_20260729_01/tier1/200_250/media/KithesVhFR8_s0000385794_e0000389662.mp4,tier1,cuda,nvenc,cutfix_full_tier1_20260729_01
KithesVhFR8_s0000391586_e0000395678,KithesVhFR8,391.586,395.678,4.092,1.0,1.0,18.48,/kaggle/working/cut_cutfix_full_tier1_20260729_01/tier1/200_250/media/KithesVhFR8_s0000391586_e0000395678.mp4,tier1,cuda,nvenc,cutfix_full_tier1_20260729_01
KithesVhFR8_s0000403970_e0000408958,KithesVhFR8,403.97,408.958,4.988,1.0,1.0,16.54,/kaggle/working/cut_cutfix_full_tier1_20260729_01/tier1/200_250/media/KithesVhFR8_s0000403970_e0000408958.mp4,tier1,cuda,nvenc,cutfix_full_tier1_20260729_01
KithesVhFR8_s0000409218_e0000412542,KithesVhFR8,409.218,412.542,3.324,1.0,1.0,16.53,/kaggle/working/cut_cutfix_full_tier1_20260729_01/tier1/200_250/media/KithesVhFR8_s0000409218_e0000412542.mp4,tier1,cuda,nvenc,cutfix_full_tier1_20260729_01
KithesVhFR8_s0000426434_e0000428670,KithesVhFR8,426.434,428.67,2.236,1.0,1.0,12.05,/kaggle/working/cut_cutfix_full_tier1_20260729_01/tier1/200_250/media/KithesVhFR8_s0000426434_e0000428670.mp4,tier1,cuda,nvenc,cutfix_full_tier1_20260729_01
KithesVhFR8_s0000439874_e0000443486,KithesVhFR8,439.874,443.486,3.612,1.0,1.0,17.72,/kaggle/working/cut_cutfix_full_tier1_20260729_01/tier1/200_250/media/KithesVhFR8_s0000439874_e0000443486.mp4,tier1,cuda,nvenc,cutfix_full_tier1_20260729_01
KithesVhFR8_s0000456194_e0000458430,KithesVhFR8,456.194,458.43,2.236,1.0,1.0,14.2,/kaggle/working/cut_cutfix_full_tier1_20260729_01/tier1/200_250/media/KithesVhFR8_s0000456194_e0000458430.mp4,tier1,cuda,nvenc,cutfix_full_tier1_20260729_01
KithesVhFR8_s0000458850_e0000461662,KithesVhFR8,458.85,461.662,2.812,1.0,1.0,16.89,/kaggle/working/cut_cutfix_full_tier1_20260729_01/tier1/200_250/media/KithesVhFR8_s0000458850_e0000461662.mp4,tier1,cuda,nvenc,cutfix_full_tier1_20260729_01
KithesVhFR8_s0000462786_e0000465246,KithesVhFR8,462.786,465.246,2.46,1.0,1.0,16.12,/kaggle/working/cut_cutfix_full_tier1_20260729_01/tier1/200_250/media/KithesVhFR8_s0000462786_e0000465246.mp4,tier1,cuda,nvenc,cutfix_full_tier1_20260729_01
KithesVhFR8_s0000465378_e0000467678,KithesVhFR8,465.378,467.678,2.3,1.0,1.0,17.02,/kaggle/working/cut_cutfix_full_tier1_20260729_01/tier1/200_250/media/KithesVhFR8_s0000465378_e0000467678.mp4,tier1,cuda,nvenc,cutfix_full_tier1_20260729_01
KithesVhFR8_s0000470274_e0000477982,KithesVhFR8,470.274,477.982,7.708,1.0,1.0,18.24,/kaggle/working/cut_cutfix_full_tier1_20260729_01/tier1/200_250/media/KithesVhFR8_s0000470274_e0000477982.mp4,tier1,cuda,nvenc,cutfix_full_tier1_20260729_01
KithesVhFR8_s0000485858_e0000489854,KithesVhFR8,485.858,489.854,3.996,1.0,1.0,17.38,/kaggle/working/cut_cutfix_full_tier1_20260729_01/tier1/200_250/media/KithesVhFR8_s0000485858_e0000489854.mp4,tier1,cuda,nvenc,cutfix_full_tier1_20260729_01
KithesVhFR8_s0000490178_e0000494718,KithesVhFR8,490.178,494.718,4.54,1.0,1.0,16.36,/kaggle/working/cut_cutfix_full_tier1_20260729_01/tier1/200_250/media/KithesVhFR8_s0000490178_e0000494718.mp4,tier1,cuda,nvenc,cutfix_full_tier1_20260729_01
KithesVhFR8_s0000496450_e0000499550,KithesVhFR8,496.45,499.55,3.1,1.0,1.0,17.45,/kaggle/working/cut_cutfix_full_tier1_20260729_01/tier1/200_250/media/KithesVhFR8_s0000496450_e0000499550.mp4,tier1,cuda,nvenc,cutfix_full_tier1_20260729_01
KithesVhFR8_s0000511298_e0000515390,KithesVhFR8,511.298,515.39,4.092,1.0,1.0,18.44,/kaggle/working/cut_cutfix_full_tier1_20260729_01/tier1/200_250/media/KithesVhFR8_s0000511298_e0000515390.mp4,tier1,cuda,nvenc,cutfix_full_tier1_20260729_01
KithesVhFR8_s0000522274_e0000526174,KithesVhFR8,522.274,526.174,3.9,1.0,1.0,17.59,/kaggle/working/cut_cutfix_full_tier1_20260729_01/tier1/200_250/media/KithesVhFR8_s0000522274_e0000526174.mp4,tier1,cuda,nvenc,cutfix_full_tier1_20260729_01
KithesVhFR8_s0000526850_e0000528926,KithesVhFR8,526.85,528.926,2.076,1.0,1.0,17.9,/kaggle/working/cut_cutfix_full_tier1_20260729_01/tier1/200_250/media/KithesVhFR8_s0000526850_e0000528926.mp4,tier1,cuda,nvenc,cutfix_full_tier1_20260729_01
KithesVhFR8_s0000549026_e0000553086,KithesVhFR8,549.026,553.086,4.06,1.0,1.0,16.05,/kaggle/working/cut_cutfix_full_tier1_20260729_01/tier1/200_250/media/KithesVhFR8_s0000549026_e0000553086.mp4,tier1,cuda,nvenc,cutfix_full_tier1_20260729_01
KithesVhFR8_s0000553826_e0000557214,KithesVhFR8,553.826,557.214,3.388,1.0,1.0,15.78,/kaggle/working/cut_cutfix_full_tier1_20260729_01/tier1/200_250/media/KithesVhFR8_s0000553826_e0000557214.mp4,tier1,cuda,nvenc,cutfix_full_tier1_20260729_01
KithesVhFR8_s0000558658_e0000562462,KithesVhFR8,558.658,562.462,3.804,1.0,1.0,15.8,/kaggle/working/cut_cutfix_full_tier1_20260729_01/tier1/200_250/media/KithesVhFR8_s0000558658_e0000562462.mp4,tier1,cuda,nvenc,cutfix_full_tier1_20260729_01
KithesVhFR8_s0000583810_e0000586238,KithesVhFR8,583.81,586.238,2.428,1.0,1.0,16.06,/kaggle/working/cut_cutfix_full_tier1_20260729_01/tier1/200_250/media/KithesVhFR8_s0000583810_e0000586238.mp4,tier1,cuda,nvenc,cutfix_full_tier1_20260729_01
KithesVhFR8_s0000594594_e0000596606,KithesVhFR8,594.594,596.606,2.012,1.0,1.0,14.46,/kaggle/working/cut_cutfix_full_tier1_20260729_01/tier1/200_250/media/KithesVhFR8_s0000594594_e0000596606.mp4,tier1,cuda,nvenc,cutfix_full_tier1_20260729_01
KithesVhFR8_s0000598050_e0000600638,KithesVhFR8,598.05,600.638,2.588,1.0,1.0,15.21,/kaggle/working/cut_cutfix_full_tier1_20260729_01/tier1/200_250/media/KithesVhFR8_s0000598050_e0000600638.mp4,tier1,cuda,nvenc,cutfix_full_tier1_20260729_01
KithesVhFR8_s0000612066_e0000616158,KithesVhFR8,612.066,616.158,4.092,1.0,1.0,18.99,/kaggle/working/cut_cutfix_full_tier1_20260729_01/tier1/200_250/media/KithesVhFR8_s0000612066_e0000616158.mp4,tier1,cuda,nvenc,cutfix_full_tier1_20260729_01
KithesVhFR8_s0000625698_e0000631486,KithesVhFR8,625.698,631.486,5.788,1.0,1.0,18.48,/kaggle/working/cut_cutfix_full_tier1_20260729_01/tier1/200_250/media/KithesVhFR8_s0000625698_e0000631486.mp4,tier1,cuda,nvenc,cutfix_full_tier1_20260729_01
KithesVhFR8_s0000633378_e0000636126,KithesVhFR8,633.378,636.126,2.748,1.0,1.0,18.64,/kaggle/working/cut_cutfix_full_tier1_20260729_01/tier1/200_250/media/KithesVhFR8_s0000633378_e0000636126.mp4,tier1,cuda,nvenc,cutfix_full_tier1_20260729_01
KithesVhFR8_s0000641186_e0000643614,KithesVhFR8,641.186,643.614,2.428,1.0,1.0,15.37,/kaggle/working/cut_cutfix_full_tier1_20260729_01/tier1/200_250/media/KithesVhFR8_s0000641186_e0000643614.mp4,tier1,cuda,nvenc,cutfix_full_tier1_20260729_01
KithesVhFR8_s0000646370_e0000649566,KithesVhFR8,646.37,649.566,3.196,1.0,1.0,17.12,/kaggle/working/cut_cutfix_full_tier1_20260729_01/tier1/200_250/media/KithesVhFR8_s0000646370_e0000649566.mp4,tier1,cuda,nvenc,cutfix_full_tier1_20260729_01
KithesVhFR8_s0000651106_e0000654782,KithesVhFR8,651.106,654.782,3.676,1.0,1.0,15.55,/kaggle/working/cut_cutfix_full_tier1_20260729_01/tier1/200_250/media/KithesVhFR8_s0000651106_e0000654782.mp4,tier1,cuda,nvenc,cutfix_full_tier1_20260729_01
KithesVhFR8_s0000661282_e0000663294,KithesVhFR8,661.282,663.294,2.012,1.0,1.0,15.43,/kaggle/working/cut_cutfix_full_tier1_20260729_01/tier1/200_250/media/KithesVhFR8_s0000661282_e0000663294.mp4,tier1,cuda,nvenc,cutfix_full_tier1_20260729_01
KithesVhFR8_s0000664034_e0000667454,KithesVhFR8,664.034,667.454,3.42,1.0,1.0,16.26,/kaggle/working/cut_cutfix_full_tier1_20260729_01/tier1/200_250/media/KithesVhFR8_s0000664034_e0000667454.mp4,tier1,cuda,nvenc,cutfix_full_tier1_20260729_01
KithesVhFR8_s0000681250_e0000686046,KithesVhFR8,681.25,686.046,4.796,1.0,1.0,15.02,/kaggle/working/cut_cutfix_full_tier1_20260729_01/tier1/200_250/media/KithesVhFR8_s0000681250_e0000686046.mp4,tier1,cuda,nvenc,cutfix_full_tier1_20260729_01
KithesVhFR8_s0000687266_e0000690718,KithesVhFR8,687.266,690.718,3.452,1.0,1.0,13.69,/kaggle/working/cut_cutfix_full_tier1_20260729_01/tier1/200_250/media/KithesVhFR8_s0000687266_e0000690718.mp4,tier1,cuda,nvenc,cutfix_full_tier1_20260729_01
KithesVhFR8_s0000692802_e0000695006,KithesVhFR8,692.802,695.006,2.204,1.0,1.0,15.6,/kaggle/working/cut_cutfix_full_tier1_20260729_01/tier1/200_250/media/KithesVhFR8_s0000692802_e0000695006.mp4,tier1,cuda,nvenc,cutfix_full_tier1_20260729_01
KithesVhFR8_s0000695970_e0000698014,KithesVhFR8,695.97,698.014,2.044,1.0,1.0,12.62,/kaggle/working/cut_cutfix_full_tier1_20260729_01/tier1/200_250/media/KithesVhFR8_s0000695970_e0000698014.mp4,tier1,cuda,nvenc,cutfix_full_tier1_20260729_01
KjSzxPVGE30_s0000001186_e0000005374,KjSzxPVGE30,1.186,5.374,4.188,1.0,1.0,23.38,/kaggle/working/cut_cutfix_full_tier1_20260729_01/tier1/200_250/media/KjSzxPVGE30_s0000001186_e0000005374.mp4,tier1,cuda,nvenc,cutfix_full_tier1_20260729_01
KjSzxPVGE30_s0000007810_e0000011358,KjSzxPVGE30,7.81,11.358,3.548,1.0,1.0,18.07,/kaggle/working/cut_cutfix_full_tier1_20260729_01/tier1/200_250/media/KjSzxPVGE30_s0000007810_e0000011358.mp4,tier1,cuda,nvenc,cutfix_full_tier1_20260729_01
KjSzxPVGE30_s0000011586_e0000014462,KjSzxPVGE30,11.586,14.462,2.876,1.0,1.0,23.37,/kaggle/working/cut_cutfix_full_tier1_20260729_01/tier1/200_250/media/KjSzxPVGE30_s0000011586_e0000014462.mp4,tier1,cuda,nvenc,cutfix_full_tier1_20260729_01
KjSzxPVGE30_s0000014562_e0000016830,KjSzxPVGE30,14.562,16.83,2.268,1.0,1.0,20.15,/kaggle/working/cut_cutfix_full_tier1_20260729_01/tier1/200_250/media/KjSzxPVGE30_s0000014562_e0000016830.mp4,tier1,cuda,nvenc,cutfix_full_tier1_20260729_01
KjSzxPVGE30_s0000018178_e0000022430,KjSzxPVGE30,18.178,22.43,4.252,1.0,1.0,21.23,/kaggle/working/cut_cutfix_full_tier1_20260729_01/tier1/200_250/media/KjSzxPVGE30_s0000018178_e0000022430.mp4,tier1,cuda,nvenc,cutfix_full_tier1_20260729_01
KjSzxPVGE30_s0000023906_e0000027294,KjSzxPVGE30,23.906,27.294,3.388,1.0,1.0,20.53,/kaggle/working/cut_cutfix_full_tier1_20260729_01/tier1/200_250/media/KjSzxPVGE30_s0000023906_e0000027294.mp4,tier1,cuda,nvenc,cutfix_full_tier1_20260729_01
KjSzxPVGE30_s0000028738_e0000032798,KjSzxPVGE30,28.738,32.798,4.06,1.0,1.0,24.58,/kaggle/working/cut_cutfix_full_tier1_20260729_01/tier1/200_250/media/KjSzxPVGE30_s0000028738_e0000032798.mp4,tier1,cuda,nvenc,cutfix_full_tier1_20260729_01
KjSzxPVGE30_s0000033858_e0000039390,KjSzxPVGE30,33.858,39.39,5.532,1.0,1.0,21.62,/kaggle/working/cut_cutfix_full_tier1_20260729_01/tier1/200_250/media/KjSzxPVGE30_s0000033858_e0000039390.mp4,tier1,cuda,nvenc,cutfix_full_tier1_20260729_01
KjSzxPVGE30_s0000039714_e0000041726,KjSzxPVGE30,39.714,41.726,2.012,1.0,1.0,27.42,/kaggle/working/cut_cutfix_full_tier1_20260729_01/tier1/200_250/media/KjSzxPVGE30_s0000039714_e0000041726.mp4,tier1,cuda,nvenc,cutfix_full_tier1_20260729_01
KjSzxPVGE30_s0000044226_e0000048190,KjSzxPVGE30,44.226,48.19,3.964,1.0,1.0,20.05,/kaggle/working/cut_cutfix_full_tier1_20260729_01/tier1/200_250/media/KjSzxPVGE30_s0000044226_e0000048190.mp4,tier1,cuda,nvenc,cutfix_full_tier1_20260729_01
KjSzxPVGE30_s0000048546_e0000051102,KjSzxPVGE30,48.546,51.102,2.556,1.0,1.0,21.5,/kaggle/working/cut_cutfix_full_tier1_20260729_01/tier1/200_250/media/KjSzxPVGE30_s0000048546_e0000051102.mp4,tier1,cuda,nvenc,cutfix_full_tier1_20260729_01
KjSzxPVGE30_s0000051458_e0000053598,KjSzxPVGE30,51.458,53.598,2.14,1.0,1.0,22.08,/kaggle/working/cut_cutfix_full_tier1_20260729_01/tier1/200_250/media/KjSzxPVGE30_s0000051458_e0000053598.mp4,tier1,cuda,nvenc,cutfix_full_tier1_20260729_01
KjSzxPVGE30_s0000056482_e0000058526,KjSzxPVGE30,56.482,58.526,2.044,1.0,1.0,25.71,/kaggle/working/cut_cutfix_full_tier1_20260729_01/tier1/200_250/media/KjSzxPVGE30_s0000056482_e0000058526.mp4,tier1,cuda,nvenc,cutfix_full_tier1_20260729_01
KjSzxPVGE30_s0000059522_e0000062046,KjSzxPVGE30,59.522,62.046,2.524,1.0,1.0,25.9,/kaggle/working/cut_cutfix_full_tier1_20260729_01/tier1/200_250/media/KjSzxPVGE30_s0000059522_e0000062046.mp4,tier1,cuda,nvenc,cutfix_full_tier1_20260729_01
KjSzxPVGE30_s0000063650_e0000066078,KjSzxPVGE30,63.65,66.078,2.428,1.0,1.0,19.52,/kaggle/working/cut_cutfix_full_tier1_20260729_01/tier1/200_250/media/KjSzxPVGE30_s0000063650_e0000066078.mp4,tier1,cuda,nvenc,cutfix_full_tier1_20260729_01
KjSzxPVGE30_s0000067874_e0000071070,KjSzxPVGE30,67.874,71.07,3.196,1.0,1.0,23.21,/kaggle/working/cut_cutfix_full_tier1_20260729_01/tier1/200_250/media/KjSzxPVGE30_s0000067874_e0000071070.mp4,tier1,cuda,nvenc,cutfix_full_tier1_20260729_01
KjSzxPVGE30_s0000082338_e0000084830,KjSzxPVGE30,82.338,84.83,2.492,1.0,1.0,19.9,/kaggle/working/cut_cutfix_full_tier1_20260729_01/tier1/200_250/media/KjSzxPVGE30_s0000082338_e0000084830.mp4,tier1,cuda,nvenc,cutfix_full_tier1_20260729_01
KjSzxPVGE30_s0000087394_e0000089918,KjSzxPVGE30,87.394,89.918,2.524,1.0,1.0,21.89,/kaggle/working/cut_cutfix_full_tier1_20260729_01/tier1/200_250/media/KjSzxPVGE30_s0000087394_e0000089918.mp4,tier1,cuda,nvenc,cutfix_full_tier1_20260729_01
KjSzxPVGE30_s0000090146_e0000093278,KjSzxPVGE30,90.146,93.278,3.132,1.0,1.0,18.27,/kaggle/working/cut_cutfix_full_tier1_20260729_01/tier1/200_250/media/KjSzxPVGE30_s0000090146_e0000093278.mp4,tier1,cuda,nvenc,cutfix_full_tier1_20260729_01
KjSzxPVGE30_s0000094818_e0000098078,KjSzxPVGE30,94.818,98.078,3.26,1.0,1.0,19.04,/kaggle/working/cut_cutfix_full_tier1_20260729_01/tier1/200_250/media/KjSzxPVGE30_s0000094818_e0000098078.mp4,tier1,cuda,nvenc,cutfix_full_tier1_20260729_01
KjSzxPVGE30_s0000100226_e0000105438,KjSzxPVGE30,100.226,105.438,5.212,1.0,1.0,18.68,/kaggle/working/cut_cutfix_full_tier1_20260729_01/tier1/200_250/media/KjSzxPVGE30_s0000100226_e0000105438.mp4,tier1,cuda,nvenc,cutfix_full_tier1_20260729_01
KjSzxPVGE30_s0000105634_e0000108478,KjSzxPVGE30,105.634,108.478,2.844,1.0,1.0,17.41,/kaggle/working/cut_cutfix_full_tier1_20260729_01/tier1/200_250/media/KjSzxPVGE30_s0000105634_e0000108478.mp4,tier1,cuda,nvenc,cutfix_full_tier1_20260729_01
KjSzxPVGE30_s0000111202_e0000114654,KjSzxPVGE30,111.202,114.654,3.452,1.0,1.0,18.93,/kaggle/working/cut_cutfix_full_tier1_20260729_01/tier1/200_250/media/KjSzxPVGE30_s0000111202_e0000114654.mp4,tier1,cuda,nvenc,cutfix_full_tier1_20260729_01
KjSzxPVGE30_s0000115042_e0000117342,KjSzxPVGE30,115.042,117.342,2.3,1.0,1.0,18.25,/kaggle/working/cut_cutfix_full_tier1_20260729_01/tier1/200_250/media/KjSzxPVGE30_s0000115042_e0000117342.mp4,tier1,cuda,nvenc,cutfix_full_tier1_20260729_01
KjSzxPVGE30_s0000118338_e0000126782,KjSzxPVGE30,118.338,126.782,8.444,1.0,1.0,21.6,/kaggle/working/cut_cutfix_full_tier1_20260729_01/tier1/200_250/media/KjSzxPVGE30_s0000118338_e0000126782.mp4,tier1,cuda,nvenc,cutfix_full_tier1_20260729_01
KjSzxPVGE30_s0000126882_e0000129470,KjSzxPVGE30,126.882,129.47,2.588,1.0,1.0,16.41,/kaggle/working/cut_cutfix_full_tier1_20260729_01/tier1/200_250/media/KjSzxPVGE30_s0000126882_e0000129470.mp4,tier1,cuda,nvenc,cutfix_full_tier1_20260729_01
KjSzxPVGE30_s0000129858_e0000134334,KjSzxPVGE30,129.858,134.334,4.476,1.0,1.0,19.47,/kaggle/working/cut_cutfix_full_tier1_20260729_01/tier1/200_250/media/KjSzxPVGE30_s0000129858_e0000134334.mp4,tier1,cuda,nvenc,cutfix_full_tier1_20260729_01
KjSzxPVGE30_s0000134434_e0000137598,KjSzxPVGE30,134.434,137.598,3.164,1.0,1.0,20.68,/kaggle/working/cut_cutfix_full_tier1_20260729_01/tier1/200_250/media/KjSzxPVGE30_s0000134434_e0000137598.mp4,tier1,cuda,nvenc,cutfix_full_tier1_20260729_01
KjSzxPVGE30_s0000139746_e0000144766,KjSzxPVGE30,139.746,144.766,5.02,1.0,1.0,16.76,/kaggle/working/cut_cutfix_full_tier1_20260729_01/tier1/200_250/media/KjSzxPVGE30_s0000139746_e0000144766.mp4,tier1,cuda,nvenc,cutfix_full_tier1_20260729_01
KjSzxPVGE30_s0000146658_e0000148734,KjSzxPVGE30,146.658,148.734,2.076,1.0,1.0,23.59,/kaggle/working/cut_cutfix_full_tier1_20260729_01/tier1/200_250/media/KjSzxPVGE30_s0000146658_e0000148734.mp4,tier1,cuda,nvenc,cutfix_full_tier1_20260729_01
KjSzxPVGE30_s0000150402_e0000155454,KjSzxPVGE30,150.402,155.454,5.052,1.0,1.0,22.8,/kaggle/working/cut_cutfix_full_tier1_20260729_01/tier1/200_250/media/KjSzxPVGE30_s0000150402_e0000155454.mp4,tier1,cuda,nvenc,cutfix_full_tier1_20260729_01
KjSzxPVGE30_s0000157090_e0000161758,KjSzxPVGE30,157.09,161.758,4.668,1.0,1.0,21.37,/kaggle/working/cut_cutfix_full_tier1_20260729_01/tier1/200_250/media/KjSzxPVGE30_s0000157090_e0000161758.mp4,tier1,cuda,nvenc,cutfix_full_tier1_20260729_01
KjSzxPVGE30_s0000171202_e0000175582,KjSzxPVGE30,171.202,175.582,4.38,1.0,1.0,25.38,/kaggle/working/cut_cutfix_full_tier1_20260729_01/tier1/200_250/media/KjSzxPVGE30_s0000171202_e0000175582.mp4,tier1,cuda,nvenc,cutfix_full_tier1_20260729_01
KjSzxPVGE30_s0000177794_e0000182110,KjSzxPVGE30,177.794,182.11,4.316,1.0,1.0,23.26,/kaggle/working/cut_cutfix_full_tier1_20260729_01/tier1/200_250/media/KjSzxPVGE30_s0000177794_e0000182110.mp4,tier1,cuda,nvenc,cutfix_full_tier1_20260729_01
KjSzxPVGE30_s0000182306_e0000184414,KjSzxPVGE30,182.306,184.414,2.108,1.0,1.0,18.25,/kaggle/working/cut_cutfix_full_tier1_20260729_01/tier1/200_250/media/KjSzxPVGE30_s0000182306_e0000184414.mp4,tier1,cuda,nvenc,cutfix_full_tier1_20260729_01
KjSzxPVGE30_s0000188322_e0000193630,KjSzxPVGE30,188.322,193.63,5.308,1.0,1.0,21.05,/kaggle/working/cut_cutfix_full_tier1_20260729_01/tier1/200_250/media/KjSzxPVGE30_s0000188322_e0000193630.mp4,tier1,cuda,nvenc,cutfix_full_tier1_20260729_01
KjSzxPVGE30_s0000193826_e0000198718,KjSzxPVGE30,193.826,198.718,4.892,1.0,1.0,24.18,/kaggle/working/cut_cutfix_full_tier1_20260729_01/tier1/200_250/media/KjSzxPVGE30_s0000193826_e0000198718.mp4,tier1,cuda,nvenc,cutfix_full_tier1_20260729_01
KjSzxPVGE30_s0000200130_e0000203166,KjSzxPVGE30,200.13,203.166,3.036,1.0,1.0,21.66,/kaggle/working/cut_cutfix_full_tier1_20260729_01/tier1/200_250/media/KjSzxPVGE30_s0000200130_e0000203166.mp4,tier1,cuda,nvenc,cutfix_full_tier1_20260729_01
KjSzxPVGE30_s0000203298_e0000207038,KjSzxPVGE30,203.298,207.038,3.74,1.0,1.0,21.24,/kaggle/working/cut_cutfix_full_tier1_20260729_01/tier1/200_250/media/KjSzxPVGE30_s0000203298_e0000207038.mp4,tier1,cuda,nvenc,cutfix_full_tier1_20260729_01
KjSzxPVGE30_s0000207170_e0000211518,KjSzxPVGE30,207.17,211.518,4.348,1.0,1.0,20.48,/kaggle/working/cut_cutfix_full_tier1_20260729_01/tier1/200_250/media/KjSzxPVGE30_s0000207170_e0000211518.mp4,tier1,cuda,nvenc,cutfix_full_tier1_20260729_01
KjSzxPVGE30_s0000217986_e0000221694,KjSzxPVGE30,217.986,221.694,3.708,1.0,1.0,20.04,/kaggle/working/cut_cutfix_full_tier1_20260729_01/tier1/200_250/media/KjSzxPVGE30_s0000217986_e0000221694.mp4,tier1,cuda,nvenc,cutfix_full_tier1_20260729_01
KjSzxPVGE30_s0000223554_e0000228478,KjSzxPVGE30,223.554,228.478,4.924,1.0,1.0,20.32,/kaggle/working/cut_cutfix_full_tier1_20260729_01/tier1/200_250/media/KjSzxPVGE30_s0000223554_e0000228478.mp4,tier1,cuda,nvenc,cutfix_full_tier1_20260729_01
KjSzxPVGE30_s0000228866_e0000231582,KjSzxPVGE30,228.866,231.582,2.716,1.0,1.0,23.27,/kaggle/working/cut_cutfix_full_tier1_20260729_01/tier1/200_250/media/KjSzxPVGE30_s0000228866_e0000231582.mp4,tier1,cuda,nvenc,cutfix_full_tier1_20260729_01
KjSzxPVGE30_s0000234274_e0000239934,KjSzxPVGE30,234.274,239.934,5.66,1.0,1.0,22.07,/kaggle/working/cut_cutfix_full_tier1_20260729_01/tier1/200_250/media/KjSzxPVGE30_s0000234274_e0000239934.mp4,tier1,cuda,nvenc,cutfix_full_tier1_20260729_01
KjSzxPVGE30_s0000240290_e0000243294,KjSzxPVGE30,240.29,243.294,3.004,1.0,1.0,23.27,/kaggle/working/cut_cutfix_full_tier1_20260729_01/tier1/200_250/media/KjSzxPVGE30_s0000240290_e0000243294.mp4,tier1,cuda,nvenc,cutfix_full_tier1_20260729_01
KjSzxPVGE30_s0000243426_e0000247966,KjSzxPVGE30,243.426,247.966,4.54,1.0,1.0,20.88,/kaggle/working/cut_cutfix_full_tier1_20260729_01/tier1/200_250/media/KjSzxPVGE30_s0000243426_e0000247966.mp4,tier1,cuda,nvenc,cutfix_full_tier1_20260729_01
KjSzxPVGE30_s0000248066_e0000251902,KjSzxPVGE30,248.066,251.902,3.836,1.0,1.0,22.08,/kaggle/working/cut_cutfix_full_tier1_20260729_01/tier1/200_250/media/KjSzxPVGE30_s0000248066_e0000251902.mp4,tier1,cuda,nvenc,cutfix_full_tier1_20260729_01
KjSzxPVGE30_s0000252290_e0000254654,KjSzxPVGE30,252.29,254.654,2.364,1.0,1.0,24.88,/kaggle/working/cut_cutfix_full_tier1_20260729_01/tier1/200_250/media/KjSzxPVGE30_s0000252290_e0000254654.mp4,tier1,cuda,nvenc,cutfix_full_tier1_20260729_01
KjSzxPVGE30_s0000255010_e0000259966,KjSzxPVGE30,255.01,259.966,4.956,1.0,1.0,20.46,/kaggle/working/cut_cutfix_full_tier1_20260729_01/tier1/200_250/media/KjSzxPVGE30_s0000255010_e0000259966.mp4,tier1,cuda,nvenc,cutfix_full_tier1_20260729_01
KjSzxPVGE30_s0000260162_e0000262814,KjSzxPVGE30,260.162,262.814,2.652,1.0,1.0,22.16,/kaggle/working/cut_cutfix_full_tier1_20260729_01/tier1/200_250/media/KjSzxPVGE30_s0000260162_e0000262814.mp4,tier1,cuda,nvenc,cutfix_full_tier1_20260729_01
KjSzxPVGE30_s0000263010_e0000265918,KjSzxPVGE30,263.01,265.918,2.908,1.0,1.0,24.22,/kaggle/working/cut_cutfix_full_tier1_20260729_01/tier1/200_250/media/KjSzxPVGE30_s0000263010_e0000265918.mp4,tier1,cuda,nvenc,cutfix_full_tier1_20260729_01
KjSzxPVGE30_s0000268514_e0000271294,KjSzxPVGE30,268.514,271.294,2.78,1.0,1.0,19.01,/kaggle/working/cut_cutfix_full_tier1_20260729_01/tier1/200_250/media/KjSzxPVGE30_s0000268514_e0000271294.mp4,tier1,cuda,nvenc,cutfix_full_tier1_20260729_01
KjSzxPVGE30_s0000271938_e0000274270,KjSzxPVGE30,271.938,274.27,2.332,1.0,1.0,19.71,/kaggle/working/cut_cutfix_full_tier1_20260729_01/tier1/200_250/media/KjSzxPVGE30_s0000271938_e0000274270.mp4,tier1,cuda,nvenc,cutfix_full_tier1_20260729_01
KjSzxPVGE30_s0000278018_e0000283018,KjSzxPVGE30,278.018,283.018,5.0,1.0,1.0,20.97,/kaggle/working/cut_cutfix_full_tier1_20260729_01/tier1/200_250/media/KjSzxPVGE30_s0000278018_e0000283018.mp4,tier1,cuda,nvenc,cutfix_full_tier1_20260729_01
KjSzxPVGE30_s0000282018_e0000287018,KjSzxPVGE30,282.018,287.018,5.0,1.0,1.0,20.03,/kaggle/working/cut_cutfix_full_tier1_20260729_01/tier1/200_250/media/KjSzxPVGE30_s0000282018_e0000287018.mp4,tier1,cuda,nvenc,cutfix_full_tier1_20260729_01
KjSzxPVGE30_s0000286018_e0000290782,KjSzxPVGE30,286.018,290.782,4.764,1.0,1.0,18.91,/kaggle/working/cut_cutfix_full_tier1_20260729_01/tier1/200_250/media/KjSzxPVGE30_s0000286018_e0000290782.mp4,tier1,cuda,nvenc,cutfix_full_tier1_20260729_01
KjSzxPVGE30_s0000291938_e0000294814,KjSzxPVGE30,291.938,294.814,2.876,1.0,1.0,19.68,/kaggle/working/cut_cutfix_full_tier1_20260729_01/tier1/200_250/media/KjSzxPVGE30_s0000291938_e0000294814.mp4,tier1,cuda,nvenc,cutfix_full_tier1_20260729_01
KjSzxPVGE30_s0000294946_e0000296958,KjSzxPVGE30,294.946,296.958,2.012,1.0,1.0,19.7,/kaggle/working/cut_cutfix_full_tier1_20260729_01/tier1/200_250/media/KjSzxPVGE30_s0000294946_e0000296958.mp4,tier1,cuda,nvenc,cutfix_full_tier1_20260729_01
KjSzxPVGE30_s0000298658_e0000301566,KjSzxPVGE30,298.658,301.566,2.908,1.0,1.0,19.28,/kaggle/working/cut_cutfix_full_tier1_20260729_01/tier1/200_250/media/KjSzxPVGE30_s0000298658_e0000301566.mp4,tier1,cuda,nvenc,cutfix_full_tier1_20260729_01
KjSzxPVGE30_s0000303330_e0000305790,KjSzxPVGE30,303.33,305.79,2.46,1.0,1.0,20.66,/kaggle/working/cut_cutfix_full_tier1_20260729_01/tier1/200_250/media/KjSzxPVGE30_s0000303330_e0000305790.mp4,tier1,cuda,nvenc,cutfix_full_tier1_20260729_01
KjSzxPVGE30_s0000305890_e0000308670,KjSzxPVGE30,305.89,308.67,2.78,1.0,1.0,21.11,/kaggle/working/cut_cutfix_full_tier1_20260729_01/tier1/200_250/media/KjSzxPVGE30_s0000305890_e0000308670.mp4,tier1,cuda,nvenc,cutfix_full_tier1_20260729_01
KjSzxPVGE30_s0000308834_e0000310942,KjSzxPVGE30,308.834,310.942,2.108,1.0,1.0,25.3,/kaggle/working/cut_cutfix_full_tier1_20260729_01/tier1/200_250/media/KjSzxPVGE30_s0000308834_e0000310942.mp4,tier1,cuda,nvenc,cutfix_full_tier1_20260729_01
KjSzxPVGE30_s0000313858_e0000316254,KjSzxPVGE30,313.858,316.254,2.396,1.0,1.0,23.42,/kaggle/working/cut_cutfix_full_tier1_20260729_01/tier1/200_250/media/KjSzxPVGE30_s0000313858_e0000316254.mp4,tier1,cuda,nvenc,cutfix_full_tier1_20260729_01
KjSzxPVGE30_s0000316514_e0000322814,KjSzxPVGE30,316.514,322.814,6.3,1.0,1.0,20.09,/kaggle/working/cut_cutfix_full_tier1_20260729_01/tier1/200_250/media/KjSzxPVGE30_s0000316514_e0000322814.mp4,tier1,cuda,nvenc,cutfix_full_tier1_20260729_01
KjSzxPVGE30_s0000322946_e0000325758,KjSzxPVGE30,322.946,325.758,2.812,1.0,1.0,24.19,/kaggle/working/cut_cutfix_full_tier1_20260729_01/tier1/200_250/media/KjSzxPVGE30_s0000322946_e0000325758.mp4,tier1,cuda,nvenc,cutfix_full_tier1_20260729_01
KjSzxPVGE30_s0000326050_e0000328094,KjSzxPVGE30,326.05,328.094,2.044,1.0,1.0,21.91,/kaggle/working/cut_cutfix_full_tier1_20260729_01/tier1/200_250/media/KjSzxPVGE30_s0000326050_e0000328094.mp4,tier1,cuda,nvenc,cutfix_full_tier1_20260729_01
KjSzxPVGE30_s0000328226_e0000332158,KjSzxPVGE30,328.226,332.158,3.932,1.0,1.0,22.22,/kaggle/working/cut_cutfix_full_tier1_20260729_01/tier1/200_250/media/KjSzxPVGE30_s0000328226_e0000332158.mp4,tier1,cuda,nvenc,cutfix_full_tier1_20260729_01
KjSzxPVGE30_s0000339810_e0000342366,KjSzxPVGE30,339.81,342.366,2.556,1.0,1.0,18.55,/kaggle/working/cut_cutfix_full_tier1_20260729_01/tier1/200_250/media/KjSzxPVGE30_s0000339810_e0000342366.mp4,tier1,cuda,nvenc,cutfix_full_tier1_20260729_01
KjSzxPVGE30_s0000342466_e0000344830,KjSzxPVGE30,342.466,344.83,2.364,1.0,1.0,16.66,/kaggle/working/cut_cutfix_full_tier1_20260729_01/tier1/200_250/media/KjSzxPVGE30_s0000342466_e0000344830.mp4,tier1,cuda,nvenc,cutfix_full_tier1_20260729_01
KjSzxPVGE30_s0000347938_e0000350686,KjSzxPVGE30,347.938,350.686,2.748,1.0,1.0,24.47,/kaggle/working/cut_cutfix_full_tier1_20260729_01/tier1/200_250/media/KjSzxPVGE30_s0000347938_e0000350686.mp4,tier1,cuda,nvenc,cutfix_full_tier1_20260729_01
KjSzxPVGE30_s0000350914_e0000354366,KjSzxPVGE30,350.914,354.366,3.452,1.0,1.0,18.53,/kaggle/working/cut_cutfix_full_tier1_20260729_01/tier1/200_250/media/KjSzxPVGE30_s0000350914_e0000354366.mp4,tier1,cuda,nvenc,cutfix_full_tier1_20260729_01
KjSzxPVGE30_s0000355778_e0000358878,KjSzxPVGE30,355.778,358.878,3.1,1.0,1.0,22.07,/kaggle/working/cut_cutfix_full_tier1_20260729_01/tier1/200_250/media/KjSzxPVGE30_s0000355778_e0000358878.mp4,tier1,cuda,nvenc,cutfix_full_tier1_20260729_01
KjSzxPVGE30_s0000364066_e0000369534,KjSzxPVGE30,364.066,369.534,5.468,1.0,1.0,19.12,/kaggle/working/cut_cutfix_full_tier1_20260729_01/tier1/200_250/media/KjSzxPVGE30_s0000364066_e0000369534.mp4,tier1,cuda,nvenc,cutfix_full_tier1_20260729_01
KjSzxPVGE30_s0000371874_e0000373918,KjSzxPVGE30,371.874,373.918,2.044,1.0,1.0,19.42,/kaggle/working/cut_cutfix_full_tier1_20260729_01/tier1/200_250/media/KjSzxPVGE30_s0000371874_e0000373918.mp4,tier1,cuda,nvenc,cutfix_full_tier1_20260729_01
KjSzxPVGE30_s0000378754_e0000383678,KjSzxPVGE30,378.754,383.678,4.924,1.0,1.0,24.51,/kaggle/working/cut_cutfix_full_tier1_20260729_01/tier1/200_250/media/KjSzxPVGE30_s0000378754_e0000383678.mp4,tier1,cuda,nvenc,cutfix_full_tier1_20260729_01
KjSzxPVGE30_s0000387746_e0000389758,KjSzxPVGE30,387.746,389.758,2.012,1.0,1.0,18.42,/kaggle/working/cut_cutfix_full_tier1_20260729_01/tier1/200_250/media/KjSzxPVGE30_s0000387746_e0000389758.mp4,tier1,cuda,nvenc,cutfix_full_tier1_20260729_01
KjSzxPVGE30_s0000389954_e0000394238,KjSzxPVGE30,389.954,394.238,4.284,1.0,1.0,19.69,/kaggle/working/cut_cutfix_full_tier1_20260729_01/tier1/200_250/media/KjSzxPVGE30_s0000389954_e0000394238.mp4,tier1,cuda,nvenc,cutfix_full_tier1_20260729_01
KjSzxPVGE30_s0000394338_e0000401118,KjSzxPVGE30,394.338,401.118,6.78,1.0,1.0,16.62,/kaggle/working/cut_cutfix_full_tier1_20260729_01/tier1/200_250/media/KjSzxPVGE30_s0000394338_e0000401118.mp4,tier1,cuda,nvenc,cutfix_full_tier1_20260729_01
KjSzxPVGE30_s0000402818_e0000405438,KjSzxPVGE30,402.818,405.438,2.62,1.0,1.0,17.47,/kaggle/working/cut_cutfix_full_tier1_20260729_01/tier1/200_250/media/KjSzxPVGE30_s0000402818_e0000405438.mp4,tier1,cuda,nvenc,cutfix_full_tier1_20260729_01
KjSzxPVGE30_s0000405634_e0000408958,KjSzxPVGE30,405.634,408.958,3.324,1.0,1.0,17.26,/kaggle/working/cut_cutfix_full_tier1_20260729_01/tier1/200_250/media/KjSzxPVGE30_s0000405634_e0000408958.mp4,tier1,cuda,nvenc,cutfix_full_tier1_20260729_01
KjSzxPVGE30_s0000413346_e0000415742,KjSzxPVGE30,413.346,415.742,2.396,1.0,1.0,22.84,/kaggle/working/cut_cutfix_full_tier1_20260729_01/tier1/200_250/media/KjSzxPVGE30_s0000413346_e0000415742.mp4,tier1,cuda,nvenc,cutfix_full_tier1_20260729_01
KjSzxPVGE30_s0000417634_e0000419838,KjSzxPVGE30,417.634,419.838,2.204,1.0,1.0,20.71,/kaggle/working/cut_cutfix_full_tier1_20260729_01/tier1/200_250/media/KjSzxPVGE30_s0000417634_e0000419838.mp4,tier1,cuda,nvenc,cutfix_full_tier1_20260729_01
KjSzxPVGE30_s0000420258_e0000423038,KjSzxPVGE30,420.258,423.038,2.78,1.0,1.0,19.44,/kaggle/working/cut_cutfix_full_tier1_20260729_01/tier1/200_250/media/KjSzxPVGE30_s0000420258_e0000423038.mp4,tier1,cuda,nvenc,cutfix_full_tier1_20260729_01
KjSzxPVGE30_s0000423586_e0000427582,KjSzxPVGE30,423.586,427.582,3.996,1.0,1.0,19.28,/kaggle/working/cut_cutfix_full_tier1_20260729_01/tier1/200_250/media/KjSzxPVGE30_s0000423586_e0000427582.mp4,tier1,cuda,nvenc,cutfix_full_tier1_20260729_01
KjSzxPVGE30_s0000429826_e0000434046,KjSzxPVGE30,429.826,434.046,4.22,1.0,1.0,17.91,/kaggle/working/cut_cutfix_full_tier1_20260729_01/tier1/200_250/media/KjSzxPVGE30_s0000429826_e0000434046.mp4,tier1,cuda,nvenc,cutfix_full_tier1_20260729_01
KjSzxPVGE30_s0000434530_e0000437726,KjSzxPVGE30,434.53,437.726,3.196,1.0,1.0,23.33,/kaggle/working/cut_cutfix_full_tier1_20260729_01/tier1/200_250/media/KjSzxPVGE30_s0000434530_e0000437726.mp4,tier1,cuda,nvenc,cutfix_full_tier1_20260729_01
KjSzxPVGE30_s0000438850_e0000441854,KjSzxPVGE30,438.85,441.854,3.004,1.0,1.0,22.0,/kaggle/working/cut_cutfix_full_tier1_20260729_01/tier1/200_250/media/KjSzxPVGE30_s0000438850_e0000441854.mp4,tier1,cuda,nvenc,cutfix_full_tier1_20260729_01
KjSzxPVGE30_s0000444258_e0000449758,KjSzxPVGE30,444.258,449.758,5.5,1.0,1.0,22.68,/kaggle/working/cut_cutfix_full_tier1_20260729_01/tier1/200_250/media/KjSzxPVGE30_s0000444258_e0000449758.mp4,tier1,cuda,nvenc,cutfix_full_tier1_20260729_01
KjSzxPVGE30_s0000450242_e0000453086,KjSzxPVGE30,450.242,453.086,2.844,1.0,1.0,23.33,/kaggle/working/cut_cutfix_full_tier1_20260729_01/tier1/200_250/media/KjSzxPVGE30_s0000450242_e0000453086.mp4,tier1,cuda,nvenc,cutfix_full_tier1_20260729_01
KjSzxPVGE30_s0000453314_e0000463390,KjSzxPVGE30,453.314,463.39,10.076,1.0,1.0,20.07,/kaggle/working/cut_cutfix_full_tier1_20260729_01/tier1/200_250/media/KjSzxPVGE30_s0000453314_e0000463390.mp4,tier1,cuda,nvenc,cutfix_full_tier1_20260729_01
KjSzxPVGE30_s0000465058_e0000472446,KjSzxPVGE30,465.058,472.446,7.388,1.0,1.0,18.58,/kaggle/working/cut_cutfix_full_tier1_20260729_01/tier1/200_250/media/KjSzxPVGE30_s0000465058_e0000472446.mp4,tier1,cuda,nvenc,cutfix_full_tier1_20260729_01
KjSzxPVGE30_s0000472674_e0000476254,KjSzxPVGE30,472.674,476.254,3.58,1.0,1.0,22.65,/kaggle/working/cut_cutfix_full_tier1_20260729_01/tier1/200_250/media/KjSzxPVGE30_s0000472674_e0000476254.mp4,tier1,cuda,nvenc,cutfix_full_tier1_20260729_01
KjSzxPVGE30_s0000476642_e0000479262,KjSzxPVGE30,476.642,479.262,2.62,1.0,1.0,22.7,/kaggle/working/cut_cutfix_full_tier1_20260729_01/tier1/200_250/media/KjSzxPVGE30_s0000476642_e0000479262.mp4,tier1,cuda,nvenc,cutfix_full_tier1_20260729_01
KjSzxPVGE30_s0000481154_e0000483486,KjSzxPVGE30,481.154,483.486,2.332,1.0,1.0,25.51,/kaggle/working/cut_cutfix_full_tier1_20260729_01/tier1/200_250/media/KjSzxPVGE30_s0000481154_e0000483486.mp4,tier1,cuda,nvenc,cutfix_full_tier1_20260729_01
KjSzxPVGE30_s0000483682_e0000486206,KjSzxPVGE30,483.682,486.206,2.524,1.0,1.0,19.75,/kaggle/working/cut_cutfix_full_tier1_20260729_01/tier1/200_250/media/KjSzxPVGE30_s0000483682_e0000486206.mp4,tier1,cuda,nvenc,cutfix_full_tier1_20260729_01
KjSzxPVGE30_s0000486338_e0000489182,KjSzxPVGE30,486.338,489.182,2.844,1.0,1.0,21.42,/kaggle/working/cut_cutfix_full_tier1_20260729_01/tier1/200_250/media/KjSzxPVGE30_s0000486338_e0000489182.mp4,tier1,cuda,nvenc,cutfix_full_tier1_20260729_01
KjSzxPVGE30_s0000489282_e0000492766,KjSzxPVGE30,489.282,492.766,3.484,1.0,1.0,20.96,/kaggle/working/cut_cutfix_full_tier1_20260729_01/tier1/200_250/media/KjSzxPVGE30_s0000489282_e0000492766.mp4,tier1,cuda,nvenc,cutfix_full_tier1_20260729_01
KjSzxPVGE30_s0000493314_e0000496414,KjSzxPVGE30,493.314,496.414,3.1,1.0,1.0,19.82,/kaggle/working/cut_cutfix_full_tier1_20260729_01/tier1/200_250/media/KjSzxPVGE30_s0000493314_e0000496414.mp4,tier1,cuda,nvenc,cutfix_full_tier1_20260729_01
KjSzxPVGE30_s0000496962_e0000499838,KjSzxPVGE30,496.962,499.838,2.876,1.0,1.0,19.57,/kaggle/working/cut_cutfix_full_tier1_20260729_01/tier1/200_250/media/KjSzxPVGE30_s0000496962_e0000499838.mp4,tier1,cuda,nvenc,cutfix_full_tier1_20260729_01
KjSzxPVGE30_s0000500226_e0000502750,KjSzxPVGE30,500.226,502.75,2.524,1.0,1.0,18.77,/kaggle/working/cut_cutfix_full_tier1_20260729_01/tier1/200_250/media/KjSzxPVGE30_s0000500226_e0000502750.mp4,tier1,cuda,nvenc,cutfix_full_tier1_20260729_01
KjSzxPVGE30_s0000502946_e0000507946,KjSzxPVGE30,502.946,507.946,5.0,1.0,1.0,20.2,/kaggle/working/cut_cutfix_full_tier1_20260729_01/tier1/200_250/media/KjSzxPVGE30_s0000502946_e0000507946.mp4,tier1,cuda,nvenc,cutfix_full_tier1_20260729_01
KjSzxPVGE30_s0000506946_e0000511946,KjSzxPVGE30,506.946,511.946,5.0,1.0,1.0,19.76,/kaggle/working/cut_cutfix_full_tier1_20260729_01/tier1/200_250/media/KjSzxPVGE30_s0000506946_e0000511946.mp4,tier1,cuda,nvenc,cutfix_full_tier1_20260729_01
KjSzxPVGE30_s0000510946_e0000515134,KjSzxPVGE30,510.946,515.134,4.188,1.0,1.0,21.29,/kaggle/working/cut_cutfix_full_tier1_20260729_01/tier1/200_250/media/KjSzxPVGE30_s0000510946_e0000515134.mp4,tier1,cuda,nvenc,cutfix_full_tier1_20260729_01
KjSzxPVGE30_s0000515234_e0000517246,KjSzxPVGE30,515.234,517.246,2.012,1.0,1.0,20.91,/kaggle/working/cut_cutfix_full_tier1_20260729_01/tier1/200_250/media/KjSzxPVGE30_s0000515234_e0000517246.mp4,tier1,cuda,nvenc,cutfix_full_tier1_20260729_01
KjSzxPVGE30_s0000517602_e0000520926,KjSzxPVGE30,517.602,520.926,3.324,1.0,1.0,19.78,/kaggle/working/cut_cutfix_full_tier1_20260729_01/tier1/200_250/media/KjSzxPVGE30_s0000517602_e0000520926.mp4,tier1,cuda,nvenc,cutfix_full_tier1_20260729_01
KjSzxPVGE30_s0000522210_e0000524254,KjSzxPVGE30,522.21,524.254,2.044,1.0,1.0,18.84,/kaggle/working/cut_cutfix_full_tier1_20260729_01/tier1/200_250/media/KjSzxPVGE30_s0000522210_e0000524254.mp4,tier1,cuda,nvenc,cutfix_full_tier1_20260729_01
KjSzxPVGE30_s0000528898_e0000534206,KjSzxPVGE30,528.898,534.206,5.308,1.0,1.0,23.21,/kaggle/working/cut_cutfix_full_tier1_20260729_01/tier1/200_250/media/KjSzxPVGE30_s0000528898_e0000534206.mp4,tier1,cuda,nvenc,cutfix_full_tier1_20260729_01
KjSzxPVGE30_s0000534562_e0000536894,KjSzxPVGE30,534.562,536.894,2.332,1.0,1.0,20.74,/kaggle/working/cut_cutfix_full_tier1_20260729_01/tier1/200_250/media/KjSzxPVGE30_s0000534562_e0000536894.mp4,tier1,cuda,nvenc,cutfix_full_tier1_20260729_01
KjSzxPVGE30_s0000537058_e0000543646,KjSzxPVGE30,537.058,543.646,6.588,1.0,1.0,20.49,/kaggle/working/cut_cutfix_full_tier1_20260729_01/tier1/200_250/media/KjSzxPVGE30_s0000537058_e0000543646.mp4,tier1,cuda,nvenc,cutfix_full_tier1_20260729_01
KjSzxPVGE30_s0000543778_e0000547550,KjSzxPVGE30,543.778,547.55,3.772,1.0,1.0,18.0,/kaggle/working/cut_cutfix_full_tier1_20260729_01/tier1/200_250/media/KjSzxPVGE30_s0000543778_e0000547550.mp4,tier1,cuda,nvenc,cutfix_full_tier1_20260729_01
KjSzxPVGE30_s0000554146_e0000559838,KjSzxPVGE30,554.146,559.838,5.692,1.0,1.0,20.21,/kaggle/working/cut_cutfix_full_tier1_20260729_01/tier1/200_250/media/KjSzxPVGE30_s0000554146_e0000559838.mp4,tier1,cuda,nvenc,cutfix_full_tier1_20260729_01
KjSzxPVGE30_s0000559970_e0000562078,KjSzxPVGE30,559.97,562.078,2.108,1.0,1.0,16.89,/kaggle/working/cut_cutfix_full_tier1_20260729_01/tier1/200_250/media/KjSzxPVGE30_s0000559970_e0000562078.mp4,tier1,cuda,nvenc,cutfix_full_tier1_20260729_01
KjSzxPVGE30_s0000562210_e0000570046,KjSzxPVGE30,562.21,570.046,7.836,1.0,1.0,21.33,/kaggle/working/cut_cutfix_full_tier1_20260729_01/tier1/200_250/media/KjSzxPVGE30_s0000562210_e0000570046.mp4,tier1,cuda,nvenc,cutfix_full_tier1_20260729_01
KjSzxPVGE30_s0000570146_e0000578558,KjSzxPVGE30,570.146,578.558,8.412,1.0,1.0,19.9,/kaggle/working/cut_cutfix_full_tier1_20260729_01/tier1/200_250/media/KjSzxPVGE30_s0000570146_e0000578558.mp4,tier1,cuda,nvenc,cutfix_full_tier1_20260729_01
KjSzxPVGE30_s0000578658_e0000584766,KjSzxPVGE30,578.658,584.766,6.108,1.0,1.0,18.78,/kaggle/working/cut_cutfix_full_tier1_20260729_01/tier1/200_250/media/KjSzxPVGE30_s0000578658_e0000584766.mp4,tier1,cuda,nvenc,cutfix_full_tier1_20260729_01
KjSzxPVGE30_s0000584962_e0000588670,KjSzxPVGE30,584.962,588.67,3.708,1.0,1.0,19.03,/kaggle/working/cut_cutfix_full_tier1_20260729_01/tier1/200_250/media/KjSzxPVGE30_s0000584962_e0000588670.mp4,tier1,cuda,nvenc,cutfix_full_tier1_20260729_01
KjSzxPVGE30_s0000588802_e0000597438,KjSzxPVGE30,588.802,597.438,8.636,1.0,1.0,16.83,/kaggle/working/cut_cutfix_full_tier1_20260729_01/tier1/200_250/media/KjSzxPVGE30_s0000588802_e0000597438.mp4,tier1,cuda,nvenc,cutfix_full_tier1_20260729_01
KjSzxPVGE30_s0000597602_e0000602654,KjSzxPVGE30,597.602,602.654,5.052,1.0,1.0,20.6,/kaggle/working/cut_cutfix_full_tier1_20260729_01/tier1/200_250/media/KjSzxPVGE30_s0000597602_e0000602654.mp4,tier1,cuda,nvenc,cutfix_full_tier1_20260729_01
KjSzxPVGE30_s0000602818_e0000605342,KjSzxPVGE30,602.818,605.342,2.524,1.0,1.0,20.6,/kaggle/working/cut_cutfix_full_tier1_20260729_01/tier1/200_250/media/KjSzxPVGE30_s0000602818_e0000605342.mp4,tier1,cuda,nvenc,cutfix_full_tier1_20260729_01
KjSzxPVGE30_s0000605506_e0000608734,KjSzxPVGE30,605.506,608.734,3.228,1.0,1.0,19.81,/kaggle/working/cut_cutfix_full_tier1_20260729_01/tier1/200_250/media/KjSzxPVGE30_s0000605506_e0000608734.mp4,tier1,cuda,nvenc,cutfix_full_tier1_20260729_01
KjSzxPVGE30_s0000610434_e0000613374,KjSzxPVGE30,610.434,613.374,2.94,1.0,1.0,16.42,/kaggle/working/cut_cutfix_full_tier1_20260729_01/tier1/200_250/media/KjSzxPVGE30_s0000610434_e0000613374.mp4,tier1,cuda,nvenc,cutfix_full_tier1_20260729_01
KjSzxPVGE30_s0000615202_e0000618590,KjSzxPVGE30,615.202,618.59,3.388,1.0,1.0,21.16,/kaggle/working/cut_cutfix_full_tier1_20260729_01/tier1/200_250/media/KjSzxPVGE30_s0000615202_e0000618590.mp4,tier1,cuda,nvenc,cutfix_full_tier1_20260729_01
KjSzxPVGE30_s0000620802_e0000623006,KjSzxPVGE30,620.802,623.006,2.204,1.0,1.0,22.81,/kaggle/working/cut_cutfix_full_tier1_20260729_01/tier1/200_250/media/KjSzxPVGE30_s0000620802_e0000623006.mp4,tier1,cuda,nvenc,cutfix_full_tier1_20260729_01
KjSzxPVGE30_s0000623234_e0000625694,KjSzxPVGE30,623.234,625.694,2.46,1.0,1.0,22.93,/kaggle/working/cut_cutfix_full_tier1_20260729_01/tier1/200_250/media/KjSzxPVGE30_s0000623234_e0000625694.mp4,tier1,cuda,nvenc,cutfix_full_tier1_20260729_01
KjSzxPVGE30_s0000626434_e0000629918,KjSzxPVGE30,626.434,629.918,3.484,1.0,1.0,22.26,/kaggle/working/cut_cutfix_full_tier1_20260729_01/tier1/200_250/media/KjSzxPVGE30_s0000626434_e0000629918.mp4,tier1,cuda,nvenc,cutfix_full_tier1_20260729_01
KjSzxPVGE30_s0000630338_e0000635806,KjSzxPVGE30,630.338,635.806,5.468,1.0,1.0,21.21,/kaggle/working/cut_cutfix_full_tier1_20260729_01/tier1/200_250/media/KjSzxPVGE30_s0000630338_e0000635806.mp4,tier1,cuda,nvenc,cutfix_full_tier1_20260729_01
KjSzxPVGE30_s0000649794_e0000653630,KjSzxPVGE30,649.794,653.63,3.836,1.0,1.0,19.21,/kaggle/working/cut_cutfix_full_tier1_20260729_01/tier1/200_250/media/KjSzxPVGE30_s0000649794_e0000653630.mp4,tier1,cuda,nvenc,cutfix_full_tier1_20260729_01
KjSzxPVGE30_s0000653986_e0000657822,KjSzxPVGE30,653.986,657.822,3.836,1.0,1.0,21.81,/kaggle/working/cut_cutfix_full_tier1_20260729_01/tier1/200_250/media/KjSzxPVGE30_s0000653986_e0000657822.mp4,tier1,cuda,nvenc,cutfix_full_tier1_20260729_01
KjSzxPVGE30_s0000658050_e0000662334,KjSzxPVGE30,658.05,662.334,4.284,1.0,1.0,18.84,/kaggle/working/cut_cutfix_full_tier1_20260729_01/tier1/200_250/media/KjSzxPVGE30_s0000658050_e0000662334.mp4,tier1,cuda,nvenc,cutfix_full_tier1_20260729_01
KjSzxPVGE30_s0000664802_e0000669022,KjSzxPVGE30,664.802,669.022,4.22,1.0,1.0,19.93,/kaggle/working/cut_cutfix_full_tier1_20260729_01/tier1/200_250/media/KjSzxPVGE30_s0000664802_e0000669022.mp4,tier1,cuda,nvenc,cutfix_full_tier1_20260729_01
KjSzxPVGE30_s0000669250_e0000675038,KjSzxPVGE30,669.25,675.038,5.788,1.0,1.0,20.81,/kaggle/working/cut_cutfix_full_tier1_20260729_01/tier1/200_250/media/KjSzxPVGE30_s0000669250_e0000675038.mp4,tier1,cuda,nvenc,cutfix_full_tier1_20260729_01
KjSzxPVGE30_s0000675202_e0000677406,KjSzxPVGE30,675.202,677.406,2.204,1.0,1.0,25.05,/kaggle/working/cut_cutfix_full_tier1_20260729_01/tier1/200_250/media/KjSzxPVGE30_s0000675202_e0000677406.mp4,tier1,cuda,nvenc,cutfix_full_tier1_20260729_01
KjSzxPVGE30_s0000679362_e0000684190,KjSzxPVGE30,679.362,684.19,4.828,1.0,1.0,21.95,/kaggle/working/cut_cutfix_full_tier1_20260729_01/tier1/200_250/media/KjSzxPVGE30_s0000679362_e0000684190.mp4,tier1,cuda,nvenc,cutfix_full_tier1_20260729_01
KjSzxPVGE30_s0000684322_e0000686366,KjSzxPVGE30,684.322,686.366,2.044,1.0,1.0,22.67,/kaggle/working/cut_cutfix_full_tier1_20260729_01/tier1/200_250/media/KjSzxPVGE30_s0000684322_e0000686366.mp4,tier1,cuda,nvenc,cutfix_full_tier1_20260729_01
KjSzxPVGE30_s0000690626_e0000696286,KjSzxPVGE30,690.626,696.286,5.66,1.0,1.0,21.63,/kaggle/working/cut_cutfix_full_tier1_20260729_01/tier1/200_250/media/KjSzxPVGE30_s0000690626_e0000696286.mp4,tier1,cuda,nvenc,cutfix_full_tier1_20260729_01
KjSzxPVGE30_s0000696386_e0000699198,KjSzxPVGE30,696.386,699.198,2.812,1.0,1.0,17.42,/kaggle/working/cut_cutfix_full_tier1_20260729_01/tier1/200_250/media/KjSzxPVGE30_s0000696386_e0000699198.mp4,tier1,cuda,nvenc,cutfix_full_tier1_20260729_01
KjSzxPVGE30_s0000699298_e0000701470,KjSzxPVGE30,699.298,701.47,2.172,1.0,1.0,23.81,/kaggle/working/cut_cutfix_full_tier1_20260729_01/tier1/200_250/media/KjSzxPVGE30_s0000699298_e0000701470.mp4,tier1,cuda,nvenc,cutfix_full_tier1_20260729_01
KjSzxPVGE30_s0000701890_e0000706750,KjSzxPVGE30,701.89,706.75,4.86,1.0,1.0,22.96,/kaggle/working/cut_cutfix_full_tier1_20260729_01/tier1/200_250/media/KjSzxPVGE30_s0000701890_e0000706750.mp4,tier1,cuda,nvenc,cutfix_full_tier1_20260729_01
KjSzxPVGE30_s0000707170_e0000710110,KjSzxPVGE30,707.17,710.11,2.94,1.0,1.0,19.84,/kaggle/working/cut_cutfix_full_tier1_20260729_01/tier1/200_250/media/KjSzxPVGE30_s0000707170_e0000710110.mp4,tier1,cuda,nvenc,cutfix_full_tier1_20260729_01
KjSzxPVGE30_s0000711810_e0000714910,KjSzxPVGE30,711.81,714.91,3.1,1.0,1.0,20.45,/kaggle/working/cut_cutfix_full_tier1_20260729_01/tier1/200_250/media/KjSzxPVGE30_s0000711810_e0000714910.mp4,tier1,cuda,nvenc,cutfix_full_tier1_20260729_01
KjSzxPVGE30_s0000715714_e0000720606,KjSzxPVGE30,715.714,720.606,4.892,1.0,1.0,16.95,/kaggle/working/cut_cutfix_full_tier1_20260729_01/tier1/200_250/media/KjSzxPVGE30_s0000715714_e0000720606.mp4,tier1,cuda,nvenc,cutfix_full_tier1_20260729_01
KjSzxPVGE30_s0000720962_e0000724030,KjSzxPVGE30,720.962,724.03,3.068,1.0,1.0,19.6,/kaggle/working/cut_cutfix_full_tier1_20260729_01/tier1/200_250/media/KjSzxPVGE30_s0000720962_e0000724030.mp4,tier1,cuda,nvenc,cutfix_full_tier1_20260729_01
KjSzxPVGE30_s0000724386_e0000726750,KjSzxPVGE30,724.386,726.75,2.364,1.0,1.0,18.2,/kaggle/working/cut_cutfix_full_tier1_20260729_01/tier1/200_250/media/KjSzxPVGE30_s0000724386_e0000726750.mp4,tier1,cuda,nvenc,cutfix_full_tier1_20260729_01
KjSzxPVGE30_s0000730722_e0000737662,KjSzxPVGE30,730.722,737.662,6.94,1.0,1.0,24.91,/kaggle/working/cut_cutfix_full_tier1_20260729_01/tier1/200_250/media/KjSzxPVGE30_s0000730722_e0000737662.mp4,tier1,cuda,nvenc,cutfix_full_tier1_20260729_01
KjSzxPVGE30_s0000737986_e0000742986,KjSzxPVGE30,737.986,742.986,5.0,1.0,1.0,21.96,/kaggle/working/cut_cutfix_full_tier1_20260729_01/tier1/200_250/media/KjSzxPVGE30_s0000737986_e0000742986.mp4,tier1,cuda,nvenc,cutfix_full_tier1_20260729_01
KjSzxPVGE30_s0000741986_e0000746986,KjSzxPVGE30,741.986,746.986,5.0,1.0,1.0,21.89,/kaggle/working/cut_cutfix_full_tier1_20260729_01/tier1/200_250/media/KjSzxPVGE30_s0000741986_e0000746986.mp4,tier1,cuda,nvenc,cutfix_full_tier1_20260729_01
KjSzxPVGE30_s0000745986_e0000750986,KjSzxPVGE30,745.986,750.986,5.0,1.0,1.0,21.57,/kaggle/working/cut_cutfix_full_tier1_20260729_01/tier1/200_250/media/KjSzxPVGE30_s0000745986_e0000750986.mp4,tier1,cuda,nvenc,cutfix_full_tier1_20260729_01
KjSzxPVGE30_s0000749986_e0000752830,KjSzxPVGE30,749.986,752.83,2.844,1.0,1.0,19.01,/kaggle/working/cut_cutfix_full_tier1_20260729_01/tier1/200_250/media/KjSzxPVGE30_s0000749986_e0000752830.mp4,tier1,cuda,nvenc,cutfix_full_tier1_20260729_01
KjSzxPVGE30_s0000755458_e0000758462,KjSzxPVGE30,755.458,758.462,3.004,1.0,1.0,23.57,/kaggle/working/cut_cutfix_full_tier1_20260729_01/tier1/200_250/media/KjSzxPVGE30_s0000755458_e0000758462.mp4,tier1,cuda,nvenc,cutfix_full_tier1_20260729_01
KjSzxPVGE30_s0000760354_e0000763966,KjSzxPVGE30,760.354,763.966,3.612,1.0,1.0,23.28,/kaggle/working/cut_cutfix_full_tier1_20260729_01/tier1/200_250/media/KjSzxPVGE30_s0000760354_e0000763966.mp4,tier1,cuda,nvenc,cutfix_full_tier1_20260729_01
KjSzxPVGE30_s0000766050_e0000770366,KjSzxPVGE30,766.05,770.366,4.316,1.0,1.0,22.52,/kaggle/working/cut_cutfix_full_tier1_20260729_01/tier1/200_250/media/KjSzxPVGE30_s0000766050_e0000770366.mp4,tier1,cuda,nvenc,cutfix_full_tier1_20260729_01
KjSzxPVGE30_s0000771138_e0000775038,KjSzxPVGE30,771.138,775.038,3.9,1.0,1.0,20.82,/kaggle/working/cut_cutfix_full_tier1_20260729_01/tier1/200_250/media/KjSzxPVGE30_s0000771138_e0000775038.mp4,tier1,cuda,nvenc,cutfix_full_tier1_20260729_01
KjSzxPVGE30_s0000782786_e0000784798,KjSzxPVGE30,782.786,784.798,2.012,1.0,1.0,19.4,/kaggle/working/cut_cutfix_full_tier1_20260729_01/tier1/200_250/media/KjSzxPVGE30_s0000782786_e0000784798.mp4,tier1,cuda,nvenc,cutfix_full_tier1_20260729_01
KjSzxPVGE30_s0000786594_e0000790014,KjSzxPVGE30,786.594,790.014,3.42,1.0,1.0,19.01,/kaggle/working/cut_cutfix_full_tier1_20260729_01/tier1/200_250/media/KjSzxPVGE30_s0000786594_e0000790014.mp4,tier1,cuda,nvenc,cutfix_full_tier1_20260729_01
KjSzxPVGE30_s0000791490_e0000797086,KjSzxPVGE30,791.49,797.086,5.596,1.0,1.0,20.7,/kaggle/working/cut_cutfix_full_tier1_20260729_01/tier1/200_250/media/KjSzxPVGE30_s0000791490_e0000797086.mp4,tier1,cuda,nvenc,cutfix_full_tier1_20260729_01
KjSzxPVGE30_s0000797378_e0000799422,KjSzxPVGE30,797.378,799.422,2.044,1.0,1.0,19.39,/kaggle/working/cut_cutfix_full_tier1_20260729_01/tier1/200_250/media/KjSzxPVGE30_s0000797378_e0000799422.mp4,tier1,cuda,nvenc,cutfix_full_tier1_20260729_01
KjSzxPVGE30_s0000799682_e0000801918,KjSzxPVGE30,799.682,801.918,2.236,1.0,1.0,20.46,/kaggle/working/cut_cutfix_full_tier1_20260729_01/tier1/200_250/media/KjSzxPVGE30_s0000799682_e0000801918.mp4,tier1,cuda,nvenc,cutfix_full_tier1_20260729_01
KjSzxPVGE30_s0000804418_e0000810334,KjSzxPVGE30,804.418,810.334,5.916,1.0,1.0,17.23,/kaggle/working/cut_cutfix_full_tier1_20260729_01/tier1/200_250/media/KjSzxPVGE30_s0000804418_e0000810334.mp4,tier1,cuda,nvenc,cutfix_full_tier1_20260729_01
KjSzxPVGE30_s0000812450_e0000816286,KjSzxPVGE30,812.45,816.286,3.836,1.0,1.0,17.3,/kaggle/working/cut_cutfix_full_tier1_20260729_01/tier1/200_250/media/KjSzxPVGE30_s0000812450_e0000816286.mp4,tier1,cuda,nvenc,cutfix_full_tier1_20260729_01
KjSzxPVGE30_s0000816418_e0000818558,KjSzxPVGE30,816.418,818.558,2.14,1.0,1.0,19.19,/kaggle/working/cut_cutfix_full_tier1_20260729_01/tier1/200_250/media/KjSzxPVGE30_s0000816418_e0000818558.mp4,tier1,cuda,nvenc,cutfix_full_tier1_20260729_01
KjSzxPVGE30_s0000818850_e0000825022,KjSzxPVGE30,818.85,825.022,6.172,1.0,1.0,14.97,/kaggle/working/cut_cutfix_full_tier1_20260729_01/tier1/200_250/media/KjSzxPVGE30_s0000818850_e0000825022.mp4,tier1,cuda,nvenc,cutfix_full_tier1_20260729_01
KjSzxPVGE30_s0000830946_e0000833502,KjSzxPVGE30,830.946,833.502,2.556,1.0,1.0,18.38,/kaggle/working/cut_cutfix_full_tier1_20260729_01/tier1/200_250/media/KjSzxPVGE30_s0000830946_e0000833502.mp4,tier1,cuda,nvenc,cutfix_full_tier1_20260729_01
KjSzxPVGE30_s0000837250_e0000839294,KjSzxPVGE30,837.25,839.294,2.044,1.0,1.0,15.1,/kaggle/working/cut_cutfix_full_tier1_20260729_01/tier1/200_250/media/KjSzxPVGE30_s0000837250_e0000839294.mp4,tier1,cuda,nvenc,cutfix_full_tier1_20260729_01
KjSzxPVGE30_s0000839682_e0000842366,KjSzxPVGE30,839.682,842.366,2.684,1.0,1.0,17.13,/kaggle/working/cut_cutfix_full_tier1_20260729_01/tier1/200_250/media/KjSzxPVGE30_s0000839682_e0000842366.mp4,tier1,cuda,nvenc,cutfix_full_tier1_20260729_01
KjSzxPVGE30_s0000842562_e0000847614,KjSzxPVGE30,842.562,847.614,5.052,1.0,1.0,16.83,/kaggle/working/cut_cutfix_full_tier1_20260729_01/tier1/200_250/media/KjSzxPVGE30_s0000842562_e0000847614.mp4,tier1,cuda,nvenc,cutfix_full_tier1_20260729_01
KjSzxPVGE30_s0000848034_e0000850846,KjSzxPVGE30,848.034,850.846,2.812,1.0,1.0,15.19,/kaggle/working/cut_cutfix_full_tier1_20260729_01/tier1/200_250/media/KjSzxPVGE30_s0000848034_e0000850846.mp4,tier1,cuda,nvenc,cutfix_full_tier1_20260729_01
KjSzxPVGE30_s0000854978_e0000859646,KjSzxPVGE30,854.978,859.646,4.668,1.0,1.0,22.55,/kaggle/working/cut_cutfix_full_tier1_20260729_01/tier1/200_250/media/KjSzxPVGE30_s0000854978_e0000859646.mp4,tier1,cuda,nvenc,cutfix_full_tier1_20260729_01
KjSzxPVGE30_s0000861282_e0000864606,KjSzxPVGE30,861.282,864.606,3.324,1.0,1.0,19.94,/kaggle/working/cut_cutfix_full_tier1_20260729_01/tier1/200_250/media/KjSzxPVGE30_s0000861282_e0000864606.mp4,tier1,cuda,nvenc,cutfix_full_tier1_20260729_01
KjSzxPVGE30_s0000864706_e0000866942,KjSzxPVGE30,864.706,866.942,2.236,1.0,1.0,22.24,/kaggle/working/cut_cutfix_full_tier1_20260729_01/tier1/200_250/media/KjSzxPVGE30_s0000864706_e0000866942.mp4,tier1,cuda,nvenc,cutfix_full_tier1_20260729_01
KjSzxPVGE30_s0000869058_e0000873950,KjSzxPVGE30,869.058,873.95,4.892,1.0,1.0,20.64,/kaggle/working/cut_cutfix_full_tier1_20260729_01/tier1/200_250/media/KjSzxPVGE30_s0000869058_e0000873950.mp4,tier1,cuda,nvenc,cutfix_full_tier1_20260729_01
KjSzxPVGE30_s0000886946_e0000890654,KjSzxPVGE30,886.946,890.654,3.708,1.0,1.0,20.6,/kaggle/working/cut_cutfix_full_tier1_20260729_01/tier1/200_250/media/KjSzxPVGE30_s0000886946_e0000890654.mp4,tier1,cuda,nvenc,cutfix_full_tier1_20260729_01
KjSzxPVGE30_s0000897634_e0000899646,KjSzxPVGE30,897.634,899.646,2.012,1.0,1.0,20.1,/kaggle/working/cut_cutfix_full_tier1_20260729_01/tier1/200_250/media/KjSzxPVGE30_s0000897634_e0000899646.mp4,tier1,cuda,nvenc,cutfix_full_tier1_20260729_01
KjSzxPVGE30_s0000903106_e0000905118,KjSzxPVGE30,903.106,905.118,2.012,1.0,1.0,23.67,/kaggle/working/cut_cutfix_full_tier1_20260729_01/tier1/200_250/media/KjSzxPVGE30_s0000903106_e0000905118.mp4,tier1,cuda,nvenc,cutfix_full_tier1_20260729_01
KjSzxPVGE30_s0000905858_e0000908798,KjSzxPVGE30,905.858,908.798,2.94,1.0,1.0,19.34,/kaggle/working/cut_cutfix_full_tier1_20260729_01/tier1/200_250/media/KjSzxPVGE30_s0000905858_e0000908798.mp4,tier1,cuda,nvenc,cutfix_full_tier1_20260729_01
KjSzxPVGE30_s0000915714_e0000918142,KjSzxPVGE30,915.714,918.142,2.428,1.0,1.0,25.08,/kaggle/working/cut_cutfix_full_tier1_20260729_01/tier1/200_250/media/KjSzxPVGE30_s0000915714_e0000918142.mp4,tier1,cuda,nvenc,cutfix_full_tier1_20260729_01
KjSzxPVGE30_s0000918658_e0000921502,KjSzxPVGE30,918.658,921.502,2.844,1.0,1.0,22.02,/kaggle/working/cut_cutfix_full_tier1_20260729_01/tier1/200_250/media/KjSzxPVGE30_s0000918658_e0000921502.mp4,tier1,cuda,nvenc,cutfix_full_tier1_20260729_01
KjSzxPVGE30_s0000921826_e0000924798,KjSzxPVGE30,921.826,924.798,2.972,1.0,1.0,24.67,/kaggle/working/cut_cutfix_full_tier1_20260729_01/tier1/200_250/media/KjSzxPVGE30_s0000921826_e0000924798.mp4,tier1,cuda,nvenc,cutfix_full_tier1_20260729_01
KjSzxPVGE30_s0000926402_e0000928638,KjSzxPVGE30,926.402,928.638,2.236,1.0,1.0,24.12,/kaggle/working/cut_cutfix_full_tier1_20260729_01/tier1/200_250/media/KjSzxPVGE30_s0000926402_e0000928638.mp4,tier1,cuda,nvenc,cutfix_full_tier1_20260729_01
KjSzxPVGE30_s0000928738_e0000931326,KjSzxPVGE30,928.738,931.326,2.588,1.0,1.0,25.65,/kaggle/working/cut_cutfix_full_tier1_20260729_01/tier1/200_250/media/KjSzxPVGE30_s0000928738_e0000931326.mp4,tier1,cuda,nvenc,cutfix_full_tier1_20260729_01
KjSzxPVGE30_s0000935202_e0000938462,KjSzxPVGE30,935.202,938.462,3.26,1.0,1.0,21.86,/kaggle/working/cut_cutfix_full_tier1_20260729_01/tier1/200_250/media/KjSzxPVGE30_s0000935202_e0000938462.mp4,tier1,cuda,nvenc,cutfix_full_tier1_20260729_01
KjSzxPVGE30_s0000938850_e0000942238,KjSzxPVGE30,938.85,942.238,3.388,1.0,1.0,23.06,/kaggle/working/cut_cutfix_full_tier1_20260729_01/tier1/200_250/media/KjSzxPVGE30_s0000938850_e0000942238.mp4,tier1,cuda,nvenc,cutfix_full_tier1_20260729_01
KjSzxPVGE30_s0000942850_e0000947262,KjSzxPVGE30,942.85,947.262,4.412,1.0,1.0,17.99,/kaggle/working/cut_cutfix_full_tier1_20260729_01/tier1/200_250/media/KjSzxPVGE30_s0000942850_e0000947262.mp4,tier1,cuda,nvenc,cutfix_full_tier1_20260729_01
KjSzxPVGE30_s0000950722_e0000954142,KjSzxPVGE30,950.722,954.142,3.42,1.0,1.0,19.48,/kaggle/working/cut_cutfix_full_tier1_20260729_01/tier1/200_250/media/KjSzxPVGE30_s0000950722_e0000954142.mp4,tier1,cuda,nvenc,cutfix_full_tier1_20260729_01
KjSzxPVGE30_s0000955202_e0000959934,KjSzxPVGE30,955.202,959.934,4.732,1.0,1.0,19.28,/kaggle/working/cut_cutfix_full_tier1_20260729_01/tier1/200_250/media/KjSzxPVGE30_s0000955202_e0000959934.mp4,tier1,cuda,nvenc,cutfix_full_tier1_20260729_01
KjSzxPVGE30_s0000960098_e0000962622,KjSzxPVGE30,960.098,962.622,2.524,1.0,1.0,22.74,/kaggle/working/cut_cutfix_full_tier1_20260729_01/tier1/200_250/media/KjSzxPVGE30_s0000960098_e0000962622.mp4,tier1,cuda,nvenc,cutfix_full_tier1_20260729_01
KjSzxPVGE30_s0000962818_e0000966238,KjSzxPVGE30,962.818,966.238,3.42,1.0,1.0,20.68,/kaggle/working/cut_cutfix_full_tier1_20260729_01/tier1/200_250/media/KjSzxPVGE30_s0000962818_e0000966238.mp4,tier1,cuda,nvenc,cutfix_full_tier1_20260729_01
KjSzxPVGE30_s0000981730_e0000983998,KjSzxPVGE30,981.73,983.998,2.268,1.0,1.0,20.39,/kaggle/working/cut_cutfix_full_tier1_20260729_01/tier1/200_250/media/KjSzxPVGE30_s0000981730_e0000983998.mp4,tier1,cuda,nvenc,cutfix_full_tier1_20260729_01
Km_bUH22FBg_s0000013314_e0000018622,Km_bUH22FBg,13.314,18.622,5.308,1.0,1.0,4.5,/kaggle/working/cut_cutfix_full_tier1_20260729_01/tier1/200_250/media/Km_bUH22FBg_s0000013314_e0000018622.mp4,tier1,cuda,nvenc,cutfix_full_tier1_20260729_01
Km_bUH22FBg_s0000022530_e0000029758,Km_bUH22FBg,22.53,29.758,7.228,1.0,1.0,4.79,/kaggle/working/cut_cutfix_full_tier1_20260729_01/tier1/200_250/media/Km_bUH22FBg_s0000022530_e0000029758.mp4,tier1,cuda,nvenc,cutfix_full_tier1_20260729_01
Km_bUH22FBg_s0000029858_e0000033854,Km_bUH22FBg,29.858,33.854,3.996,1.0,1.0,4.91,/kaggle/working/cut_cutfix_full_tier1_20260729_01/tier1/200_250/media/Km_bUH22FBg_s0000029858_e0000033854.mp4,tier1,cuda,nvenc,cutfix_full_tier1_20260729_01
Km_bUH22FBg_s0000033954_e0000037374,Km_bUH22FBg,33.954,37.374,3.42,1.0,1.0,6.84,/kaggle/working/cut_cutfix_full_tier1_20260729_01/tier1/200_250/media/Km_bUH22FBg_s0000033954_e0000037374.mp4,tier1,cuda,nvenc,cutfix_full_tier1_20260729_01
Km_bUH22FBg_s0000037474_e0000048798,Km_bUH22FBg,37.474,48.798,11.324,1.0,1.0,6.05,/kaggle/working/cut_cutfix_full_tier1_20260729_01/tier1/200_250/media/Km_bUH22FBg_s0000037474_e0000048798.mp4,tier1,cuda,nvenc,cutfix_full_tier1_20260729_01
Km_bUH22FBg_s0000049666_e0000057022,Km_bUH22FBg,49.666,57.022,7.356,1.0,1.0,4.69,/kaggle/working/cut_cutfix_full_tier1_20260729_01/tier1/200_250/media/Km_bUH22FBg_s0000049666_e0000057022.mp4,tier1,cuda,nvenc,cutfix_full_tier1_20260729_01
Km_bUH22FBg_s0000057186_e0000059518,Km_bUH22FBg,57.186,59.518,2.332,1.0,1.0,-14.85,/kaggle/working/cut_cutfix_full_tier1_20260729_01/tier1/200_250/media/Km_bUH22FBg_s0000057186_e0000059518.mp4,tier1,cuda,nvenc,cutfix_full_tier1_20260729_01
Km_bUH22FBg_s0000059714_e0000065278,Km_bUH22FBg,59.714,65.278,5.564,1.0,1.0,5.85,/kaggle/working/cut_cutfix_full_tier1_20260729_01/tier1/200_250/media/Km_bUH22FBg_s0000059714_e0000065278.mp4,tier1,cuda,nvenc,cutfix_full_tier1_20260729_01
Km_bUH22FBg_s0000065378_e0000074654,Km_bUH22FBg,65.378,74.654,9.276,1.0,1.0,3.85,/kaggle/working/cut_cutfix_full_tier1_20260729_01/tier1/200_250/media/Km_bUH22FBg_s0000065378_e0000074654.mp4,tier1,cuda,nvenc,cutfix_full_tier1_20260729_01
Km_bUH22FBg_s0000074850_e0000078654,Km_bUH22FBg,74.85,78.654,3.804,1.0,1.0,5.55,/kaggle/working/cut_cutfix_full_tier1_20260729_01/tier1/200_250/media/Km_bUH22FBg_s0000074850_e0000078654.mp4,tier1,cuda,nvenc,cutfix_full_tier1_20260729_01
Km_bUH22FBg_s0000078786_e0000089342,Km_bUH22FBg,78.786,89.342,10.556,1.0,1.0,5.42,/kaggle/working/cut_cutfix_full_tier1_20260729_01/tier1/200_250/media/Km_bUH22FBg_s0000078786_e0000089342.mp4,tier1,cuda,nvenc,cutfix_full_tier1_20260729_01
Km_bUH22FBg_s0000089538_e0000091902,Km_bUH22FBg,89.538,91.902,2.364,1.0,1.0,-14.79,/kaggle/working/cut_cutfix_full_tier1_20260729_01/tier1/200_250/media/Km_bUH22FBg_s0000089538_e0000091902.mp4,tier1,cuda,nvenc,cutfix_full_tier1_20260729_01
Km_bUH22FBg_s0000092194_e0000099070,Km_bUH22FBg,92.194,99.07,6.876,1.0,1.0,5.26,/kaggle/working/cut_cutfix_full_tier1_20260729_01/tier1/200_250/media/Km_bUH22FBg_s0000092194_e0000099070.mp4,tier1,cuda,nvenc,cutfix_full_tier1_20260729_01
Km_bUH22FBg_s0000099458_e0000104458,Km_bUH22FBg,99.458,104.458,5.0,1.0,1.0,6.36,/kaggle/working/cut_cutfix_full_tier1_20260729_01/tier1/200_250/media/Km_bUH22FBg_s0000099458_e0000104458.mp4,tier1,cuda,nvenc,cutfix_full_tier1_20260729_01
Km_bUH22FBg_s0000103458_e0000108458,Km_bUH22FBg,103.458,108.458,5.0,1.0,1.0,5.48,/kaggle/working/cut_cutfix_full_tier1_20260729_01/tier1/200_250/media/Km_bUH22FBg_s0000103458_e0000108458.mp4,tier1,cuda,nvenc,cutfix_full_tier1_20260729_01
Km_bUH22FBg_s0000107458_e0000112458,Km_bUH22FBg,107.458,112.458,5.0,1.0,1.0,1.83,/kaggle/working/cut_cutfix_full_tier1_20260729_01/tier1/200_250/media/Km_bUH22FBg_s0000107458_e0000112458.mp4,tier1,cuda,nvenc,cutfix_full_tier1_20260729_01
Km_bUH22FBg_s0000111458_e0000116458,Km_bUH22FBg,111.458,116.458,5.0,1.0,1.0,0.48,/kaggle/working/cut_cutfix_full_tier1_20260729_01/tier1/200_250/media/Km_bUH22FBg_s0000111458_e0000116458.mp4,tier1,cuda,nvenc,cutfix_full_tier1_20260729_01
Km_bUH22FBg_s0000115458_e0000120458,Km_bUH22FBg,115.458,120.458,5.0,1.0,1.0,4.71,/kaggle/working/cut_cutfix_full_tier1_20260729_01/tier1/200_250/media/Km_bUH22FBg_s0000115458_e0000120458.mp4,tier1,cuda,nvenc,cutfix_full_tier1_20260729_01
Km_bUH22FBg_s0000119458_e0000124458,Km_bUH22FBg,119.458,124.458,5.0,1.0,1.0,4.05,/kaggle/working/cut_cutfix_full_tier1_20260729_01/tier1/200_250/media/Km_bUH22FBg_s0000119458_e0000124458.mp4,tier1,cuda,nvenc,cutfix_full_tier1_20260729_01
Km_bUH22FBg_s0000126914_e0000130494,Km_bUH22FBg,126.914,130.494,3.58,1.0,1.0,3.13,/kaggle/working/cut_cutfix_full_tier1_20260729_01/tier1/200_250/media/Km_bUH22FBg_s0000126914_e0000130494.mp4,tier1,cuda,nvenc,cutfix_full_tier1_20260729_01
Km_bUH22FBg_s0000132290_e0000137502,Km_bUH22FBg,132.29,137.502,5.212,1.0,1.0,5.81,/kaggle/working/cut_cutfix_full_tier1_20260729_01/tier1/200_250/media/Km_bUH22FBg_s0000132290_e0000137502.mp4,tier1,cuda,nvenc,cutfix_full_tier1_20260729_01
Km_bUH22FBg_s0000137730_e0000148766,Km_bUH22FBg,137.73,148.766,11.036,1.0,1.0,5.3,/kaggle/working/cut_cutfix_full_tier1_20260729_01/tier1/200_250/media/Km_bUH22FBg_s0000137730_e0000148766.mp4,tier1,cuda,nvenc,cutfix_full_tier1_20260729_01
Km_bUH22FBg_s0000148994_e0000152670,Km_bUH22FBg,148.994,152.67,3.676,1.0,1.0,1.23,/kaggle/working/cut_cutfix_full_tier1_20260729_01/tier1/200_250/media/Km_bUH22FBg_s0000148994_e0000152670.mp4,tier1,cuda,nvenc,cutfix_full_tier1_20260729_01
Km_bUH22FBg_s0000152898_e0000155902,Km_bUH22FBg,152.898,155.902,3.004,1.0,1.0,4.91,/kaggle/working/cut_cutfix_full_tier1_20260729_01/tier1/200_250/media/Km_bUH22FBg_s0000152898_e0000155902.mp4,tier1,cuda,nvenc,cutfix_full_tier1_20260729_01
Km_bUH22FBg_s0000156034_e0000167326,Km_bUH22FBg,156.034,167.326,11.292,1.0,1.0,3.32,/kaggle/working/cut_cutfix_full_tier1_20260729_01/tier1/200_250/media/Km_bUH22FBg_s0000156034_e0000167326.mp4,tier1,cuda,nvenc,cutfix_full_tier1_20260729_01
Km_bUH22FBg_s0000168194_e0000175070,Km_bUH22FBg,168.194,175.07,6.876,1.0,1.0,6.74,/kaggle/working/cut_cutfix_full_tier1_20260729_01/tier1/200_250/media/Km_bUH22FBg_s0000168194_e0000175070.mp4,tier1,cuda,nvenc,cutfix_full_tier1_20260729_01
Km_bUH22FBg_s0000175618_e0000183198,Km_bUH22FBg,175.618,183.198,7.58,1.0,1.0,4.37,/kaggle/working/cut_cutfix_full_tier1_20260729_01/tier1/200_250/media/Km_bUH22FBg_s0000175618_e0000183198.mp4,tier1,cuda,nvenc,cutfix_full_tier1_20260729_01
Km_bUH22FBg_s0000183522_e0000190046,Km_bUH22FBg,183.522,190.046,6.524,1.0,1.0,6.56,/kaggle/working/cut_cutfix_full_tier1_20260729_01/tier1/200_250/media/Km_bUH22FBg_s0000183522_e0000190046.mp4,tier1,cuda,nvenc,cutfix_full_tier1_20260729_01
Km_bUH22FBg_s0000191714_e0000198078,Km_bUH22FBg,191.714,198.078,6.364,1.0,1.0,2.92,/kaggle/working/cut_cutfix_full_tier1_20260729_01/tier1/200_250/media/Km_bUH22FBg_s0000191714_e0000198078.mp4,tier1,cuda,nvenc,cutfix_full_tier1_20260729_01
Km_bUH22FBg_s0000198562_e0000203562,Km_bUH22FBg,198.562,203.562,5.0,1.0,1.0,4.7,/kaggle/working/cut_cutfix_full_tier1_20260729_01/tier1/200_250/media/Km_bUH22FBg_s0000198562_e0000203562.mp4,tier1,cuda,nvenc,cutfix_full_tier1_20260729_01
Km_bUH22FBg_s0000202562_e0000207562,Km_bUH22FBg,202.562,207.562,5.0,1.0,1.0,5.15,/kaggle/working/cut_cutfix_full_tier1_20260729_01/tier1/200_250/media/Km_bUH22FBg_s0000202562_e0000207562.mp4,tier1,cuda,nvenc,cutfix_full_tier1_20260729_01
Km_bUH22FBg_s0000206562_e0000211562,Km_bUH22FBg,206.562,211.562,5.0,1.0,1.0,3.55,/kaggle/working/cut_cutfix_full_tier1_20260729_01/tier1/200_250/media/Km_bUH22FBg_s0000206562_e0000211562.mp4,tier1,cuda,nvenc,cutfix_full_tier1_20260729_01
Km_bUH22FBg_s0000216002_e0000222110,Km_bUH22FBg,216.002,222.11,6.108,1.0,1.0,7.09,/kaggle/working/cut_cutfix_full_tier1_20260729_01/tier1/200_250/media/Km_bUH22FBg_s0000216002_e0000222110.mp4,tier1,cuda,nvenc,cutfix_full_tier1_20260729_01
Km_bUH22FBg_s0000222242_e0000224638,Km_bUH22FBg,222.242,224.638,2.396,1.0,1.0,4.91,/kaggle/working/cut_cutfix_full_tier1_20260729_01/tier1/200_250/media/Km_bUH22FBg_s0000222242_e0000224638.mp4,tier1,cuda,nvenc,cutfix_full_tier1_20260729_01
Km_bUH22FBg_s0000224930_e0000227166,Km_bUH22FBg,224.93,227.166,2.236,1.0,1.0,7.09,/kaggle/working/cut_cutfix_full_tier1_20260729_01/tier1/200_250/media/Km_bUH22FBg_s0000224930_e0000227166.mp4,tier1,cuda,nvenc,cutfix_full_tier1_20260729_01
Km_bUH22FBg_s0000227266_e0000232266,Km_bUH22FBg,227.266,232.266,5.0,1.0,1.0,4.46,/kaggle/working/cut_cutfix_full_tier1_20260729_01/tier1/200_250/media/Km_bUH22FBg_s0000227266_e0000232266.mp4,tier1,cuda,nvenc,cutfix_full_tier1_20260729_01
Km_bUH22FBg_s0000231266_e0000236266,Km_bUH22FBg,231.266,236.266,5.0,1.0,1.0,3.84,/kaggle/working/cut_cutfix_full_tier1_20260729_01/tier1/200_250/media/Km_bUH22FBg_s0000231266_e0000236266.mp4,tier1,cuda,nvenc,cutfix_full_tier1_20260729_01
Km_bUH22FBg_s0000235266_e0000240266,Km_bUH22FBg,235.266,240.266,5.0,1.0,1.0,5.23,/kaggle/working/cut_cutfix_full_tier1_20260729_01/tier1/200_250/media/Km_bUH22FBg_s0000235266_e0000240266.mp4,tier1,cuda,nvenc,cutfix_full_tier1_20260729_01
Km_bUH22FBg_s0000239266_e0000241790,Km_bUH22FBg,239.266,241.79,2.524,1.0,1.0,4.07,/kaggle/working/cut_cutfix_full_tier1_20260729_01/tier1/200_250/media/Km_bUH22FBg_s0000239266_e0000241790.mp4,tier1,cuda,nvenc,cutfix_full_tier1_20260729_01
Km_bUH22FBg_s0000243522_e0000248522,Km_bUH22FBg,243.522,248.522,5.0,1.0,1.0,5.42,/kaggle/working/cut_cutfix_full_tier1_20260729_01/tier1/200_250/media/Km_bUH22FBg_s0000243522_e0000248522.mp4,tier1,cuda,nvenc,cutfix_full_tier1_20260729_01
Km_bUH22FBg_s0000247522_e0000252522,Km_bUH22FBg,247.522,252.522,5.0,1.0,1.0,4.67,/kaggle/working/cut_cutfix_full_tier1_20260729_01/tier1/200_250/media/Km_bUH22FBg_s0000247522_e0000252522.mp4,tier1,cuda,nvenc,cutfix_full_tier1_20260729_01
Km_bUH22FBg_s0000251522_e0000256522,Km_bUH22FBg,251.522,256.522,5.0,1.0,1.0,4.53,/kaggle/working/cut_cutfix_full_tier1_20260729_01/tier1/200_250/media/Km_bUH22FBg_s0000251522_e0000256522.mp4,tier1,cuda,nvenc,cutfix_full_tier1_20260729_01
Km_bUH22FBg_s0000255522_e0000258782,Km_bUH22FBg,255.522,258.782,3.26,1.0,1.0,5.59,/kaggle/working/cut_cutfix_full_tier1_20260729_01/tier1/200_250/media/Km_bUH22FBg_s0000255522_e0000258782.mp4,tier1,cuda,nvenc,cutfix_full_tier1_20260729_01
Km_bUH22FBg_s0000258882_e0000267070,Km_bUH22FBg,258.882,267.07,8.188,1.0,1.0,4.67,/kaggle/working/cut_cutfix_full_tier1_20260729_01/tier1/200_250/media/Km_bUH22FBg_s0000258882_e0000267070.mp4,tier1,cuda,nvenc,cutfix_full_tier1_20260729_01
Km_bUH22FBg_s0000267202_e0000278110,Km_bUH22FBg,267.202,278.11,10.908,1.0,1.0,5.49,/kaggle/working/cut_cutfix_full_tier1_20260729_01/tier1/200_250/media/Km_bUH22FBg_s0000267202_e0000278110.mp4,tier1,cuda,nvenc,cutfix_full_tier1_20260729_01
Km_bUH22FBg_s0000279138_e0000287518,Km_bUH22FBg,279.138,287.518,8.38,1.0,1.0,0.72,/kaggle/working/cut_cutfix_full_tier1_20260729_01/tier1/200_250/media/Km_bUH22FBg_s0000279138_e0000287518.mp4,tier1,cuda,nvenc,cutfix_full_tier1_20260729_01
Km_bUH22FBg_s0000287874_e0000296190,Km_bUH22FBg,287.874,296.19,8.316,1.0,1.0,6.89,/kaggle/working/cut_cutfix_full_tier1_20260729_01/tier1/200_250/media/Km_bUH22FBg_s0000287874_e0000296190.mp4,tier1,cuda,nvenc,cutfix_full_tier1_20260729_01
Km_bUH22FBg_s0000296290_e0000301054,Km_bUH22FBg,296.29,301.054,4.764,1.0,1.0,4.89,/kaggle/working/cut_cutfix_full_tier1_20260729_01/tier1/200_250/media/Km_bUH22FBg_s0000296290_e0000301054.mp4,tier1,cuda,nvenc,cutfix_full_tier1_20260729_01
Km_bUH22FBg_s0000301218_e0000303422,Km_bUH22FBg,301.218,303.422,2.204,1.0,1.0,-14.85,/kaggle/working/cut_cutfix_full_tier1_20260729_01/tier1/200_250/media/Km_bUH22FBg_s0000301218_e0000303422.mp4,tier1,cuda,nvenc,cutfix_full_tier1_20260729_01
Km_bUH22FBg_s0000304354_e0000309438,Km_bUH22FBg,304.354,309.438,5.084,1.0,1.0,5.62,/kaggle/working/cut_cutfix_full_tier1_20260729_01/tier1/200_250/media/Km_bUH22FBg_s0000304354_e0000309438.mp4,tier1,cuda,nvenc,cutfix_full_tier1_20260729_01
Km_bUH22FBg_s0000309762_e0000312766,Km_bUH22FBg,309.762,312.766,3.004,1.0,1.0,1.48,/kaggle/working/cut_cutfix_full_tier1_20260729_01/tier1/200_250/media/Km_bUH22FBg_s0000309762_e0000312766.mp4,tier1,cuda,nvenc,cutfix_full_tier1_20260729_01
Km_bUH22FBg_s0000312898_e0000317898,Km_bUH22FBg,312.898,317.898,5.0,1.0,1.0,5.15,/kaggle/working/cut_cutfix_full_tier1_20260729_01/tier1/200_250/media/Km_bUH22FBg_s0000312898_e0000317898.mp4,tier1,cuda,nvenc,cutfix_full_tier1_20260729_01
Km_bUH22FBg_s0000316898_e0000321898,Km_bUH22FBg,316.898,321.898,5.0,1.0,1.0,5.3,/kaggle/working/cut_cutfix_full_tier1_20260729_01/tier1/200_250/media/Km_bUH22FBg_s0000316898_e0000321898.mp4,tier1,cuda,nvenc,cutfix_full_tier1_20260729_01
Km_bUH22FBg_s0000320898_e0000325898,Km_bUH22FBg,320.898,325.898,5.0,1.0,1.0,1.43,/kaggle/working/cut_cutfix_full_tier1_20260729_01/tier1/200_250/media/Km_bUH22FBg_s0000320898_e0000325898.mp4,tier1,cuda,nvenc,cutfix_full_tier1_20260729_01
Km_bUH22FBg_s0000324898_e0000329898,Km_bUH22FBg,324.898,329.898,5.0,1.0,1.0,2.0,/kaggle/working/cut_cutfix_full_tier1_20260729_01/tier1/200_250/media/Km_bUH22FBg_s0000324898_e0000329898.mp4,tier1,cuda,nvenc,cutfix_full_tier1_20260729_01
Km_bUH22FBg_s0000330658_e0000334334,Km_bUH22FBg,330.658,334.334,3.676,1.0,1.0,-15.79,/kaggle/working/cut_cutfix_full_tier1_20260729_01/tier1/200_250/media/Km_bUH22FBg_s0000330658_e0000334334.mp4,tier1,cuda,nvenc,cutfix_full_tier1_20260729_01
Km_bUH22FBg_s0000334498_e0000342750,Km_bUH22FBg,334.498,342.75,8.252,1.0,1.0,6.13,/kaggle/working/cut_cutfix_full_tier1_20260729_01/tier1/200_250/media/Km_bUH22FBg_s0000334498_e0000342750.mp4,tier1,cuda,nvenc,cutfix_full_tier1_20260729_01
Km_bUH22FBg_s0000343618_e0000348618,Km_bUH22FBg,343.618,348.618,5.0,1.0,1.0,3.66,/kaggle/working/cut_cutfix_full_tier1_20260729_01/tier1/200_250/media/Km_bUH22FBg_s0000343618_e0000348618.mp4,tier1,cuda,nvenc,cutfix_full_tier1_20260729_01
Km_bUH22FBg_s0000347618_e0000352618,Km_bUH22FBg,347.618,352.618,5.0,1.0,1.0,1.55,/kaggle/working/cut_cutfix_full_tier1_20260729_01/tier1/200_250/media/Km_bUH22FBg_s0000347618_e0000352618.mp4,tier1,cuda,nvenc,cutfix_full_tier1_20260729_01
Km_bUH22FBg_s0000351618_e0000356618,Km_bUH22FBg,351.618,356.618,5.0,1.0,1.0,5.44,/kaggle/working/cut_cutfix_full_tier1_20260729_01/tier1/200_250/media/Km_bUH22FBg_s0000351618_e0000356618.mp4,tier1,cuda,nvenc,cutfix_full_tier1_20260729_01
Km_bUH22FBg_s0000355618_e0000360618,Km_bUH22FBg,355.618,360.618,5.0,1.0,1.0,6.65,/kaggle/working/cut_cutfix_full_tier1_20260729_01/tier1/200_250/media/Km_bUH22FBg_s0000355618_e0000360618.mp4,tier1,cuda,nvenc,cutfix_full_tier1_20260729_01
Km_bUH22FBg_s0000359618_e0000364618,Km_bUH22FBg,359.618,364.618,5.0,1.0,1.0,7.13,/kaggle/working/cut_cutfix_full_tier1_20260729_01/tier1/200_250/media/Km_bUH22FBg_s0000359618_e0000364618.mp4,tier1,cuda,nvenc,cutfix_full_tier1_20260729_01
Km_bUH22FBg_s0000363618_e0000368618,Km_bUH22FBg,363.618,368.618,5.0,1.0,1.0,6.26,/kaggle/working/cut_cutfix_full_tier1_20260729_01/tier1/200_250/media/Km_bUH22FBg_s0000363618_e0000368618.mp4,tier1,cuda,nvenc,cutfix_full_tier1_20260729_01
Km_bUH22FBg_s0000367618_e0000370142,Km_bUH22FBg,367.618,370.142,2.524,1.0,1.0,6.97,/kaggle/working/cut_cutfix_full_tier1_20260729_01/tier1/200_250/media/Km_bUH22FBg_s0000367618_e0000370142.mp4,tier1,cuda,nvenc,cutfix_full_tier1_20260729_01
Km_bUH22FBg_s0000370274_e0000372670,Km_bUH22FBg,370.274,372.67,2.396,1.0,1.0,2.94,/kaggle/working/cut_cutfix_full_tier1_20260729_01/tier1/200_250/media/Km_bUH22FBg_s0000370274_e0000372670.mp4,tier1,cuda,nvenc,cutfix_full_tier1_20260729_01
Km_bUH22FBg_s0000372834_e0000383390,Km_bUH22FBg,372.834,383.39,10.556,1.0,1.0,5.16,/kaggle/working/cut_cutfix_full_tier1_20260729_01/tier1/200_250/media/Km_bUH22FBg_s0000372834_e0000383390.mp4,tier1,cuda,nvenc,cutfix_full_tier1_20260729_01
Km_bUH22FBg_s0000383554_e0000385822,Km_bUH22FBg,383.554,385.822,2.268,1.0,1.0,-15.15,/kaggle/working/cut_cutfix_full_tier1_20260729_01/tier1/200_250/media/Km_bUH22FBg_s0000383554_e0000385822.mp4,tier1,cuda,nvenc,cutfix_full_tier1_20260729_01
Km_bUH22FBg_s0000386626_e0000391486,Km_bUH22FBg,386.626,391.486,4.86,1.0,1.0,4.77,/kaggle/working/cut_cutfix_full_tier1_20260729_01/tier1/200_250/media/Km_bUH22FBg_s0000386626_e0000391486.mp4,tier1,cuda,nvenc,cutfix_full_tier1_20260729_01
Km_bUH22FBg_s0000391746_e0000396746,Km_bUH22FBg,391.746,396.746,5.0,1.0,1.0,5.88,/kaggle/working/cut_cutfix_full_tier1_20260729_01/tier1/200_250/media/Km_bUH22FBg_s0000391746_e0000396746.mp4,tier1,cuda,nvenc,cutfix_full_tier1_20260729_01
Km_bUH22FBg_s0000395746_e0000400746,Km_bUH22FBg,395.746,400.746,5.0,1.0,1.0,4.83,/kaggle/working/cut_cutfix_full_tier1_20260729_01/tier1/200_250/media/Km_bUH22FBg_s0000395746_e0000400746.mp4,tier1,cuda,nvenc,cutfix_full_tier1_20260729_01
Km_bUH22FBg_s0000399746_e0000404746,Km_bUH22FBg,399.746,404.746,5.0,1.0,1.0,6.54,/kaggle/working/cut_cutfix_full_tier1_20260729_01/tier1/200_250/media/Km_bUH22FBg_s0000399746_e0000404746.mp4,tier1,cuda,nvenc,cutfix_full_tier1_20260729_01
Km_bUH22FBg_s0000403746_e0000408746,Km_bUH22FBg,403.746,408.746,5.0,1.0,1.0,6.54,/kaggle/working/cut_cutfix_full_tier1_20260729_01/tier1/200_250/media/Km_bUH22FBg_s0000403746_e0000408746.mp4,tier1,cuda,nvenc,cutfix_full_tier1_20260729_01
Km_bUH22FBg_s0000407746_e0000412746,Km_bUH22FBg,407.746,412.746,5.0,1.0,1.0,6.76,/kaggle/working/cut_cutfix_full_tier1_20260729_01/tier1/200_250/media/Km_bUH22FBg_s0000407746_e0000412746.mp4,tier1,cuda,nvenc,cutfix_full_tier1_20260729_01
Km_bUH22FBg_s0000411746_e0000416746,Km_bUH22FBg,411.746,416.746,5.0,1.0,1.0,6.84,/kaggle/working/cut_cutfix_full_tier1_20260729_01/tier1/200_250/media/Km_bUH22FBg_s0000411746_e0000416746.mp4,tier1,cuda,nvenc,cutfix_full_tier1_20260729_01
Km_bUH22FBg_s0000415746_e0000419774,Km_bUH22FBg,415.746,419.774,4.028,1.0,1.0,6.42,/kaggle/working/cut_cutfix_full_tier1_20260729_01/tier1/200_250/media/Km_bUH22FBg_s0000415746_e0000419774.mp4,tier1,cuda,nvenc,cutfix_full_tier1_20260729_01
Km_bUH22FBg_s0000421474_e0000431774,Km_bUH22FBg,421.474,431.774,10.3,1.0,1.0,-14.55,/kaggle/working/cut_cutfix_full_tier1_20260729_01/tier1/200_250/media/Km_bUH22FBg_s0000421474_e0000431774.mp4,tier1,cuda,nvenc,cutfix_full_tier1_20260729_01
Km_bUH22FBg_s0000433826_e0000438826,Km_bUH22FBg,433.826,438.826,5.0,1.0,1.0,5.99,/kaggle/working/cut_cutfix_full_tier1_20260729_01/tier1/200_250/media/Km_bUH22FBg_s0000433826_e0000438826.mp4,tier1,cuda,nvenc,cutfix_full_tier1_20260729_01
Km_bUH22FBg_s0000437826_e0000442826,Km_bUH22FBg,437.826,442.826,5.0,1.0,1.0,6.04,/kaggle/working/cut_cutfix_full_tier1_20260729_01/tier1/200_250/media/Km_bUH22FBg_s0000437826_e0000442826.mp4,tier1,cuda,nvenc,cutfix_full_tier1_20260729_01
Km_bUH22FBg_s0000441826_e0000446826,Km_bUH22FBg,441.826,446.826,5.0,1.0,1.0,4.26,/kaggle/working/cut_cutfix_full_tier1_20260729_01/tier1/200_250/media/Km_bUH22FBg_s0000441826_e0000446826.mp4,tier1,cuda,nvenc,cutfix_full_tier1_20260729_01
Km_bUH22FBg_s0000448322_e0000458942,Km_bUH22FBg,448.322,458.942,10.62,1.0,1.0,5.55,/kaggle/working/cut_cutfix_full_tier1_20260729_01/tier1/200_250/media/Km_bUH22FBg_s0000448322_e0000458942.mp4,tier1,cuda,nvenc,cutfix_full_tier1_20260729_01
Km_bUH22FBg_s0000459298_e0000464510,Km_bUH22FBg,459.298,464.51,5.212,1.0,1.0,5.09,/kaggle/working/cut_cutfix_full_tier1_20260729_01/tier1/200_250/media/Km_bUH22FBg_s0000459298_e0000464510.mp4,tier1,cuda,nvenc,cutfix_full_tier1_20260729_01
Km_bUH22FBg_s0000464834_e0000467422,Km_bUH22FBg,464.834,467.422,2.588,1.0,1.0,5.78,/kaggle/working/cut_cutfix_full_tier1_20260729_01/tier1/200_250/media/Km_bUH22FBg_s0000464834_e0000467422.mp4,tier1,cuda,nvenc,cutfix_full_tier1_20260729_01
Km_bUH22FBg_s0000467522_e0000472522,Km_bUH22FBg,467.522,472.522,5.0,1.0,1.0,5.44,/kaggle/working/cut_cutfix_full_tier1_20260729_01/tier1/200_250/media/Km_bUH22FBg_s0000467522_e0000472522.mp4,tier1,cuda,nvenc,cutfix_full_tier1_20260729_01
Km_bUH22FBg_s0000471522_e0000476522,Km_bUH22FBg,471.522,476.522,5.0,1.0,1.0,4.34,/kaggle/working/cut_cutfix_full_tier1_20260729_01/tier1/200_250/media/Km_bUH22FBg_s0000471522_e0000476522.mp4,tier1,cuda,nvenc,cutfix_full_tier1_20260729_01
Km_bUH22FBg_s0000475522_e0000480522,Km_bUH22FBg,475.522,480.522,5.0,1.0,1.0,3.79,/kaggle/working/cut_cutfix_full_tier1_20260729_01/tier1/200_250/media/Km_bUH22FBg_s0000475522_e0000480522.mp4,tier1,cuda,nvenc,cutfix_full_tier1_20260729_01
Km_bUH22FBg_s0000482722_e0000486238,Km_bUH22FBg,482.722,486.238,3.516,1.0,1.0,5.18,/kaggle/working/cut_cutfix_full_tier1_20260729_01/tier1/200_250/media/Km_bUH22FBg_s0000482722_e0000486238.mp4,tier1,cuda,nvenc,cutfix_full_tier1_20260729_01
Km_bUH22FBg_s0000486370_e0000491390,Km_bUH22FBg,486.37,491.39,5.02,1.0,1.0,5.64,/kaggle/working/cut_cutfix_full_tier1_20260729_01/tier1/200_250/media/Km_bUH22FBg_s0000486370_e0000491390.mp4,tier1,cuda,nvenc,cutfix_full_tier1_20260729_01
Km_bUH22FBg_s0000491618_e0000496574,Km_bUH22FBg,491.618,496.574,4.956,1.0,1.0,6.23,/kaggle/working/cut_cutfix_full_tier1_20260729_01/tier1/200_250/media/Km_bUH22FBg_s0000491618_e0000496574.mp4,tier1,cuda,nvenc,cutfix_full_tier1_20260729_01
Km_bUH22FBg_s0000496738_e0000499358,Km_bUH22FBg,496.738,499.358,2.62,1.0,1.0,-13.77,/kaggle/working/cut_cutfix_full_tier1_20260729_01/tier1/200_250/media/Km_bUH22FBg_s0000496738_e0000499358.mp4,tier1,cuda,nvenc,cutfix_full_tier1_20260729_01
Km_bUH22FBg_s0000499586_e0000504586,Km_bUH22FBg,499.586,504.586,5.0,1.0,1.0,5.54,/kaggle/working/cut_cutfix_full_tier1_20260729_01/tier1/200_250/media/Km_bUH22FBg_s0000499586_e0000504586.mp4,tier1,cuda,nvenc,cutfix_full_tier1_20260729_01
Km_bUH22FBg_s0000503586_e0000508586,Km_bUH22FBg,503.586,508.586,5.0,1.0,1.0,6.22,/kaggle/working/cut_cutfix_full_tier1_20260729_01/tier1/200_250/media/Km_bUH22FBg_s0000503586_e0000508586.mp4,tier1,cuda,nvenc,cutfix_full_tier1_20260729_01
Km_bUH22FBg_s0000507586_e0000512586,Km_bUH22FBg,507.586,512.586,5.0,1.0,1.0,5.88,/kaggle/working/cut_cutfix_full_tier1_20260729_01/tier1/200_250/media/Km_bUH22FBg_s0000507586_e0000512586.mp4,tier1,cuda,nvenc,cutfix_full_tier1_20260729_01
Km_bUH22FBg_s0000511586_e0000516586,Km_bUH22FBg,511.586,516.586,5.0,1.0,1.0,2.65,/kaggle/working/cut_cutfix_full_tier1_20260729_01/tier1/200_250/media/Km_bUH22FBg_s0000511586_e0000516586.mp4,tier1,cuda,nvenc,cutfix_full_tier1_20260729_01
Km_bUH22FBg_s0000515586_e0000520062,Km_bUH22FBg,515.586,520.062,4.476,1.0,1.0,3.5,/kaggle/working/cut_cutfix_full_tier1_20260729_01/tier1/200_250/media/Km_bUH22FBg_s0000515586_e0000520062.mp4,tier1,cuda,nvenc,cutfix_full_tier1_20260729_01
Km_bUH22FBg_s0000520450_e0000529310,Km_bUH22FBg,520.45,529.31,8.86,1.0,1.0,4.85,/kaggle/working/cut_cutfix_full_tier1_20260729_01/tier1/200_250/media/Km_bUH22FBg_s0000520450_e0000529310.mp4,tier1,cuda,nvenc,cutfix_full_tier1_20260729_01
Km_bUH22FBg_s0000529410_e0000534366,Km_bUH22FBg,529.41,534.366,4.956,1.0,1.0,5.34,/kaggle/working/cut_cutfix_full_tier1_20260729_01/tier1/200_250/media/Km_bUH22FBg_s0000529410_e0000534366.mp4,tier1,cuda,nvenc,cutfix_full_tier1_20260729_01
Km_bUH22FBg_s0000535906_e0000541086,Km_bUH22FBg,535.906,541.086,5.18,1.0,1.0,4.82,/kaggle/working/cut_cutfix_full_tier1_20260729_01/tier1/200_250/media/Km_bUH22FBg_s0000535906_e0000541086.mp4,tier1,cuda,nvenc,cutfix_full_tier1_20260729_01
Km_bUH22FBg_s0000541442_e0000549438,Km_bUH22FBg,541.442,549.438,7.996,1.0,1.0,5.77,/kaggle/working/cut_cutfix_full_tier1_20260729_01/tier1/200_250/media/Km_bUH22FBg_s0000541442_e0000549438.mp4,tier1,cuda,nvenc,cutfix_full_tier1_20260729_01
Km_bUH22FBg_s0000549570_e0000559710,Km_bUH22FBg,549.57,559.71,10.14,1.0,1.0,4.72,/kaggle/working/cut_cutfix_full_tier1_20260729_01/tier1/200_250/media/Km_bUH22FBg_s0000549570_e0000559710.mp4,tier1,cuda,nvenc,cutfix_full_tier1_20260729_01
Km_bUH22FBg_s0000559874_e0000564874,Km_bUH22FBg,559.874,564.874,5.0,1.0,1.0,6.72,/kaggle/working/cut_cutfix_full_tier1_20260729_01/tier1/200_250/media/Km_bUH22FBg_s0000559874_e0000564874.mp4,tier1,cuda,nvenc,cutfix_full_tier1_20260729_01
Km_bUH22FBg_s0000563874_e0000568874,Km_bUH22FBg,563.874,568.874,5.0,1.0,1.0,3.58,/kaggle/working/cut_cutfix_full_tier1_20260729_01/tier1/200_250/media/Km_bUH22FBg_s0000563874_e0000568874.mp4,tier1,cuda,nvenc,cutfix_full_tier1_20260729_01
Km_bUH22FBg_s0000567874_e0000572874,Km_bUH22FBg,567.874,572.874,5.0,1.0,1.0,1.95,/kaggle/working/cut_cutfix_full_tier1_20260729_01/tier1/200_250/media/Km_bUH22FBg_s0000567874_e0000572874.mp4,tier1,cuda,nvenc,cutfix_full_tier1_20260729_01
Km_bUH22FBg_s0000571874_e0000576874,Km_bUH22FBg,571.874,576.874,5.0,1.0,1.0,5.38,/kaggle/working/cut_cutfix_full_tier1_20260729_01/tier1/200_250/media/Km_bUH22FBg_s0000571874_e0000576874.mp4,tier1,cuda,nvenc,cutfix_full_tier1_20260729_01
Km_bUH22FBg_s0000575874_e0000580874,Km_bUH22FBg,575.874,580.874,5.0,1.0,1.0,5.13,/kaggle/working/cut_cutfix_full_tier1_20260729_01/tier1/200_250/media/Km_bUH22FBg_s0000575874_e0000580874.mp4,tier1,cuda,nvenc,cutfix_full_tier1_20260729_01
Km_bUH22FBg_s0000579874_e0000583102,Km_bUH22FBg,579.874,583.102,3.228,1.0,1.0,-0.0,/kaggle/working/cut_cutfix_full_tier1_20260729_01/tier1/200_250/media/Km_bUH22FBg_s0000579874_e0000583102.mp4,tier1,cuda,nvenc,cutfix_full_tier1_20260729_01
Km_bUH22FBg_s0000583330_e0000590558,Km_bUH22FBg,583.33,590.558,7.228,1.0,1.0,5.41,/kaggle/working/cut_cutfix_full_tier1_20260729_01/tier1/200_250/media/Km_bUH22FBg_s0000583330_e0000590558.mp4,tier1,cuda,nvenc,cutfix_full_tier1_20260729_01
Km_bUH22FBg_s0000590722_e0000598814,Km_bUH22FBg,590.722,598.814,8.092,1.0,1.0,5.2,/kaggle/working/cut_cutfix_full_tier1_20260729_01/tier1/200_250/media/Km_bUH22FBg_s0000590722_e0000598814.mp4,tier1,cuda,nvenc,cutfix_full_tier1_20260729_01
Km_bUH22FBg_s0000600738_e0000603902,Km_bUH22FBg,600.738,603.902,3.164,1.0,1.0,6.53,/kaggle/working/cut_cutfix_full_tier1_20260729_01/tier1/200_250/media/Km_bUH22FBg_s0000600738_e0000603902.mp4,tier1,cuda,nvenc,cutfix_full_tier1_20260729_01
Km_bUH22FBg_s0000604578_e0000609470,Km_bUH22FBg,604.578,609.47,4.892,1.0,1.0,6.05,/kaggle/working/cut_cutfix_full_tier1_20260729_01/tier1/200_250/media/Km_bUH22FBg_s0000604578_e0000609470.mp4,tier1,cuda,nvenc,cutfix_full_tier1_20260729_01
Km_bUH22FBg_s0000609602_e0000613534,Km_bUH22FBg,609.602,613.534,3.932,1.0,1.0,6.93,/kaggle/working/cut_cutfix_full_tier1_20260729_01/tier1/200_250/media/Km_bUH22FBg_s0000609602_e0000613534.mp4,tier1,cuda,nvenc,cutfix_full_tier1_20260729_01
Km_bUH22FBg_s0000613762_e0000618762,Km_bUH22FBg,613.762,618.762,5.0,1.0,1.0,4.89,/kaggle/working/cut_cutfix_full_tier1_20260729_01/tier1/200_250/media/Km_bUH22FBg_s0000613762_e0000618762.mp4,tier1,cuda,nvenc,cutfix_full_tier1_20260729_01
Km_bUH22FBg_s0000617762_e0000622762,Km_bUH22FBg,617.762,622.762,5.0,1.0,1.0,6.19,/kaggle/working/cut_cutfix_full_tier1_20260729_01/tier1/200_250/media/Km_bUH22FBg_s0000617762_e0000622762.mp4,tier1,cuda,nvenc,cutfix_full_tier1_20260729_01
Km_bUH22FBg_s0000621762_e0000626762,Km_bUH22FBg,621.762,626.762,5.0,1.0,1.0,6.14,/kaggle/working/cut_cutfix_full_tier1_20260729_01/tier1/200_250/media/Km_bUH22FBg_s0000621762_e0000626762.mp4,tier1,cuda,nvenc,cutfix_full_tier1_20260729_01
Km_bUH22FBg_s0000627746_e0000632746,Km_bUH22FBg,627.746,632.746,5.0,1.0,1.0,2.29,/kaggle/working/cut_cutfix_full_tier1_20260729_01/tier1/200_250/media/Km_bUH22FBg_s0000627746_e0000632746.mp4,tier1,cuda,nvenc,cutfix_full_tier1_20260729_01
Km_bUH22FBg_s0000631746_e0000636746,Km_bUH22FBg,631.746,636.746,5.0,1.0,1.0,4.28,/kaggle/working/cut_cutfix_full_tier1_20260729_01/tier1/200_250/media/Km_bUH22FBg_s0000631746_e0000636746.mp4,tier1,cuda,nvenc,cutfix_full_tier1_20260729_01
Km_bUH22FBg_s0000635746_e0000640746,Km_bUH22FBg,635.746,640.746,5.0,1.0,1.0,6.83,/kaggle/working/cut_cutfix_full_tier1_20260729_01/tier1/200_250/media/Km_bUH22FBg_s0000635746_e0000640746.mp4,tier1,cuda,nvenc,cutfix_full_tier1_20260729_01
Km_bUH22FBg_s0000639746_e0000644746,Km_bUH22FBg,639.746,644.746,5.0,1.0,1.0,5.31,/kaggle/working/cut_cutfix_full_tier1_20260729_01/tier1/200_250/media/Km_bUH22FBg_s0000639746_e0000644746.mp4,tier1,cuda,nvenc,cutfix_full_tier1_20260729_01
Km_bUH22FBg_s0000643746_e0000647550,Km_bUH22FBg,643.746,647.55,3.804,1.0,1.0,5.66,/kaggle/working/cut_cutfix_full_tier1_20260729_01/tier1/200_250/media/Km_bUH22FBg_s0000643746_e0000647550.mp4,tier1,cuda,nvenc,cutfix_full_tier1_20260729_01
Km_bUH22FBg_s0000647682_e0000653150,Km_bUH22FBg,647.682,653.15,5.468,1.0,1.0,5.02,/kaggle/working/cut_cutfix_full_tier1_20260729_01/tier1/200_250/media/Km_bUH22FBg_s0000647682_e0000653150.mp4,tier1,cuda,nvenc,cutfix_full_tier1_20260729_01
Km_bUH22FBg_s0000653346_e0000657886,Km_bUH22FBg,653.346,657.886,4.54,1.0,1.0,6.17,/kaggle/working/cut_cutfix_full_tier1_20260729_01/tier1/200_250/media/Km_bUH22FBg_s0000653346_e0000657886.mp4,tier1,cuda,nvenc,cutfix_full_tier1_20260729_01
Km_bUH22FBg_s0000659362_e0000668254,Km_bUH22FBg,659.362,668.254,8.892,1.0,1.0,6.06,/kaggle/working/cut_cutfix_full_tier1_20260729_01/tier1/200_250/media/Km_bUH22FBg_s0000659362_e0000668254.mp4,tier1,cuda,nvenc,cutfix_full_tier1_20260729_01
Km_bUH22FBg_s0000669250_e0000673758,Km_bUH22FBg,669.25,673.758,4.508,1.0,1.0,4.06,/kaggle/working/cut_cutfix_full_tier1_20260729_01/tier1/200_250/media/Km_bUH22FBg_s0000669250_e0000673758.mp4,tier1,cuda,nvenc,cutfix_full_tier1_20260729_01
Km_bUH22FBg_s0000673954_e0000681694,Km_bUH22FBg,673.954,681.694,7.74,1.0,1.0,4.47,/kaggle/working/cut_cutfix_full_tier1_20260729_01/tier1/200_250/media/Km_bUH22FBg_s0000673954_e0000681694.mp4,tier1,cuda,nvenc,cutfix_full_tier1_20260729_01
Km_bUH22FBg_s0000683778_e0000691134,Km_bUH22FBg,683.778,691.134,7.356,1.0,1.0,6.23,/kaggle/working/cut_cutfix_full_tier1_20260729_01/tier1/200_250/media/Km_bUH22FBg_s0000683778_e0000691134.mp4,tier1,cuda,nvenc,cutfix_full_tier1_20260729_01
Km_bUH22FBg_s0000691298_e0000694654,Km_bUH22FBg,691.298,694.654,3.356,1.0,1.0,4.47,/kaggle/working/cut_cutfix_full_tier1_20260729_01/tier1/200_250/media/Km_bUH22FBg_s0000691298_e0000694654.mp4,tier1,cuda,nvenc,cutfix_full_tier1_20260729_01
Km_bUH22FBg_s0000696066_e0000707166,Km_bUH22FBg,696.066,707.166,11.1,1.0,1.0,5.82,/kaggle/working/cut_cutfix_full_tier1_20260729_01/tier1/200_250/media/Km_bUH22FBg_s0000696066_e0000707166.mp4,tier1,cuda,nvenc,cutfix_full_tier1_20260729_01
Km_bUH22FBg_s0000707330_e0000709566,Km_bUH22FBg,707.33,709.566,2.236,1.0,1.0,4.13,/kaggle/working/cut_cutfix_full_tier1_20260729_01/tier1/200_250/media/Km_bUH22FBg_s0000707330_e0000709566.mp4,tier1,cuda,nvenc,cutfix_full_tier1_20260729_01
Km_bUH22FBg_s0000709762_e0000719390,Km_bUH22FBg,709.762,719.39,9.628,1.0,1.0,4.58,/kaggle/working/cut_cutfix_full_tier1_20260729_01/tier1/200_250/media/Km_bUH22FBg_s0000709762_e0000719390.mp4,tier1,cuda,nvenc,cutfix_full_tier1_20260729_01
Km_bUH22FBg_s0000719650_e0000724650,Km_bUH22FBg,719.65,724.65,5.0,1.0,1.0,6.21,/kaggle/working/cut_cutfix_full_tier1_20260729_01/tier1/200_250/media/Km_bUH22FBg_s0000719650_e0000724650.mp4,tier1,cuda,nvenc,cutfix_full_tier1_20260729_01
Km_bUH22FBg_s0000723650_e0000728650,Km_bUH22FBg,723.65,728.65,5.0,1.0,1.0,6.43,/kaggle/working/cut_cutfix_full_tier1_20260729_01/tier1/200_250/media/Km_bUH22FBg_s0000723650_e0000728650.mp4,tier1,cuda,nvenc,cutfix_full_tier1_20260729_01
Km_bUH22FBg_s0000727650_e0000732414,Km_bUH22FBg,727.65,732.414,4.764,1.0,1.0,3.3,/kaggle/working/cut_cutfix_full_tier1_20260729_01/tier1/200_250/media/Km_bUH22FBg_s0000727650_e0000732414.mp4,tier1,cuda,nvenc,cutfix_full_tier1_20260729_01
Km_bUH22FBg_s0000732674_e0000737674,Km_bUH22FBg,732.674,737.674,5.0,1.0,1.0,5.38,/kaggle/working/cut_cutfix_full_tier1_20260729_01/tier1/200_250/media/Km_bUH22FBg_s0000732674_e0000737674.mp4,tier1,cuda,nvenc,cutfix_full_tier1_20260729_01
Km_bUH22FBg_s0000736674_e0000741674,Km_bUH22FBg,736.674,741.674,5.0,1.0,1.0,4.97,/kaggle/working/cut_cutfix_full_tier1_20260729_01/tier1/200_250/media/Km_bUH22FBg_s0000736674_e0000741674.mp4,tier1,cuda,nvenc,cutfix_full_tier1_20260729_01
Km_bUH22FBg_s0000740674_e0000745674,Km_bUH22FBg,740.674,745.674,5.0,1.0,1.0,3.41,/kaggle/working/cut_cutfix_full_tier1_20260729_01/tier1/200_250/media/Km_bUH22FBg_s0000740674_e0000745674.mp4,tier1,cuda,nvenc,cutfix_full_tier1_20260729_01
Km_bUH22FBg_s0000744674_e0000749674,Km_bUH22FBg,744.674,749.674,5.0,1.0,1.0,6.03,/kaggle/working/cut_cutfix_full_tier1_20260729_01/tier1/200_250/media/Km_bUH22FBg_s0000744674_e0000749674.mp4,tier1,cuda,nvenc,cutfix_full_tier1_20260729_01
Km_bUH22FBg_s0000749922_e0000754014,Km_bUH22FBg,749.922,754.014,4.092,1.0,1.0,-12.77,/kaggle/working/cut_cutfix_full_tier1_20260729_01/tier1/200_250/media/Km_bUH22FBg_s0000749922_e0000754014.mp4,tier1,cuda,nvenc,cutfix_full_tier1_20260729_01
Km_bUH22FBg_s0000755554_e0000760554,Km_bUH22FBg,755.554,760.554,5.0,1.0,1.0,6.93,/kaggle/working/cut_cutfix_full_tier1_20260729_01/tier1/200_250/media/Km_bUH22FBg_s0000755554_e0000760554.mp4,tier1,cuda,nvenc,cutfix_full_tier1_20260729_01
Km_bUH22FBg_s0000759554_e0000764554,Km_bUH22FBg,759.554,764.554,5.0,1.0,1.0,6.57,/kaggle/working/cut_cutfix_full_tier1_20260729_01/tier1/200_250/media/Km_bUH22FBg_s0000759554_e0000764554.mp4,tier1,cuda,nvenc,cutfix_full_tier1_20260729_01
Km_bUH22FBg_s0000763554_e0000768554,Km_bUH22FBg,763.554,768.554,5.0,1.0,1.0,5.7,/kaggle/working/cut_cutfix_full_tier1_20260729_01/tier1/200_250/media/Km_bUH22FBg_s0000763554_e0000768554.mp4,tier1,cuda,nvenc,cutfix_full_tier1_20260729_01
Km_bUH22FBg_s0000770146_e0000777342,Km_bUH22FBg,770.146,777.342,7.196,1.0,1.0,6.12,/kaggle/working/cut_cutfix_full_tier1_20260729_01/tier1/200_250/media/Km_bUH22FBg_s0000770146_e0000777342.mp4,tier1,cuda,nvenc,cutfix_full_tier1_20260729_01
Km_bUH22FBg_s0000777506_e0000779678,Km_bUH22FBg,777.506,779.678,2.172,1.0,1.0,7.05,/kaggle/working/cut_cutfix_full_tier1_20260729_01/tier1/200_250/media/Km_bUH22FBg_s0000777506_e0000779678.mp4,tier1,cuda,nvenc,cutfix_full_tier1_20260729_01
Km_bUH22FBg_s0000779970_e0000782206,Km_bUH22FBg,779.97,782.206,2.236,1.0,1.0,5.24,/kaggle/working/cut_cutfix_full_tier1_20260729_01/tier1/200_250/media/Km_bUH22FBg_s0000779970_e0000782206.mp4,tier1,cuda,nvenc,cutfix_full_tier1_20260729_01
Km_bUH22FBg_s0000782402_e0000789470,Km_bUH22FBg,782.402,789.47,7.068,1.0,1.0,5.91,/kaggle/working/cut_cutfix_full_tier1_20260729_01/tier1/200_250/media/Km_bUH22FBg_s0000782402_e0000789470.mp4,tier1,cuda,nvenc,cutfix_full_tier1_20260729_01
Km_bUH22FBg_s0000791106_e0000801118,Km_bUH22FBg,791.106,801.118,10.012,1.0,1.0,4.53,/kaggle/working/cut_cutfix_full_tier1_20260729_01/tier1/200_250/media/Km_bUH22FBg_s0000791106_e0000801118.mp4,tier1,cuda,nvenc,cutfix_full_tier1_20260729_01
Km_bUH22FBg_s0000801218_e0000808190,Km_bUH22FBg,801.218,808.19,6.972,1.0,1.0,4.99,/kaggle/working/cut_cutfix_full_tier1_20260729_01/tier1/200_250/media/Km_bUH22FBg_s0000801218_e0000808190.mp4,tier1,cuda,nvenc,cutfix_full_tier1_20260729_01
Km_bUH22FBg_s0000808354_e0000810654,Km_bUH22FBg,808.354,810.654,2.3,1.0,1.0,-13.22,/kaggle/working/cut_cutfix_full_tier1_20260729_01/tier1/200_250/media/Km_bUH22FBg_s0000808354_e0000810654.mp4,tier1,cuda,nvenc,cutfix_full_tier1_20260729_01
Km_bUH22FBg_s0000810786_e0000814110,Km_bUH22FBg,810.786,814.11,3.324,1.0,1.0,5.15,/kaggle/working/cut_cutfix_full_tier1_20260729_01/tier1/200_250/media/Km_bUH22FBg_s0000810786_e0000814110.mp4,tier1,cuda,nvenc,cutfix_full_tier1_20260729_01
Km_bUH22FBg_s0000815650_e0000820650,Km_bUH22FBg,815.65,820.65,5.0,1.0,1.0,4.69,/kaggle/working/cut_cutfix_full_tier1_20260729_01/tier1/200_250/media/Km_bUH22FBg_s0000815650_e0000820650.mp4,tier1,cuda,nvenc,cutfix_full_tier1_20260729_01
Km_bUH22FBg_s0000819650_e0000824650,Km_bUH22FBg,819.65,824.65,5.0,1.0,1.0,5.18,/kaggle/working/cut_cutfix_full_tier1_20260729_01/tier1/200_250/media/Km_bUH22FBg_s0000819650_e0000824650.mp4,tier1,cuda,nvenc,cutfix_full_tier1_20260729_01
Km_bUH22FBg_s0000823650_e0000828650,Km_bUH22FBg,823.65,828.65,5.0,1.0,1.0,4.01,/kaggle/working/cut_cutfix_full_tier1_20260729_01/tier1/200_250/media/Km_bUH22FBg_s0000823650_e0000828650.mp4,tier1,cuda,nvenc,cutfix_full_tier1_20260729_01
Km_bUH22FBg_s0000829218_e0000837662,Km_bUH22FBg,829.218,837.662,8.444,1.0,1.0,6.07,/kaggle/working/cut_cutfix_full_tier1_20260729_01/tier1/200_250/media/Km_bUH22FBg_s0000829218_e0000837662.mp4,tier1,cuda,nvenc,cutfix_full_tier1_20260729_01
Km_bUH22FBg_s0000837826_e0000842826,Km_bUH22FBg,837.826,842.826,5.0,1.0,1.0,3.26,/kaggle/working/cut_cutfix_full_tier1_20260729_01/tier1/200_250/media/Km_bUH22FBg_s0000837826_e0000842826.mp4,tier1,cuda,nvenc,cutfix_full_tier1_20260729_01
Km_bUH22FBg_s0000841826_e0000846826,Km_bUH22FBg,841.826,846.826,5.0,1.0,1.0,5.07,/kaggle/working/cut_cutfix_full_tier1_20260729_01/tier1/200_250/media/Km_bUH22FBg_s0000841826_e0000846826.mp4,tier1,cuda,nvenc,cutfix_full_tier1_20260729_01
Km_bUH22FBg_s0000845826_e0000850826,Km_bUH22FBg,845.826,850.826,5.0,1.0,1.0,5.25,/kaggle/working/cut_cutfix_full_tier1_20260729_01/tier1/200_250/media/Km_bUH22FBg_s0000845826_e0000850826.mp4,tier1,cuda,nvenc,cutfix_full_tier1_20260729_01
Km_bUH22FBg_s0000851618_e0000856702,Km_bUH22FBg,851.618,856.702,5.084,1.0,1.0,5.92,/kaggle/working/cut_cutfix_full_tier1_20260729_01/tier1/200_250/media/Km_bUH22FBg_s0000851618_e0000856702.mp4,tier1,cuda,nvenc,cutfix_full_tier1_20260729_01
Km_bUH22FBg_s0000858530_e0000861502,Km_bUH22FBg,858.53,861.502,2.972,1.0,1.0,6.98,/kaggle/working/cut_cutfix_full_tier1_20260729_01/tier1/200_250/media/Km_bUH22FBg_s0000858530_e0000861502.mp4,tier1,cuda,nvenc,cutfix_full_tier1_20260729_01
Km_bUH22FBg_s0000861986_e0000865950,Km_bUH22FBg,861.986,865.95,3.964,1.0,1.0,5.42,/kaggle/working/cut_cutfix_full_tier1_20260729_01/tier1/200_250/media/Km_bUH22FBg_s0000861986_e0000865950.mp4,tier1,cuda,nvenc,cutfix_full_tier1_20260729_01
Km_bUH22FBg_s0000868898_e0000872638,Km_bUH22FBg,868.898,872.638,3.74,1.0,1.0,6.54,/kaggle/working/cut_cutfix_full_tier1_20260729_01/tier1/200_250/media/Km_bUH22FBg_s0000868898_e0000872638.mp4,tier1,cuda,nvenc,cutfix_full_tier1_20260729_01
Km_bUH22FBg_s0000872834_e0000875998,Km_bUH22FBg,872.834,875.998,3.164,1.0,1.0,6.66,/kaggle/working/cut_cutfix_full_tier1_20260729_01/tier1/200_250/media/Km_bUH22FBg_s0000872834_e0000875998.mp4,tier1,cuda,nvenc,cutfix_full_tier1_20260729_01
Km_bUH22FBg_s0000876290_e0000886590,Km_bUH22FBg,876.29,886.59,10.3,1.0,1.0,4.81,/kaggle/working/cut_cutfix_full_tier1_20260729_01/tier1/200_250/media/Km_bUH22FBg_s0000876290_e0000886590.mp4,tier1,cuda,nvenc,cutfix_full_tier1_20260729_01
Kovwk0Xfnes_s0000000290_e0000005290,Kovwk0Xfnes,0.29,5.29,5.0,1.0,1.0,3.8,/kaggle/working/cut_cutfix_full_tier1_20260729_01/tier1/200_250/media/Kovwk0Xfnes_s0000000290_e0000005290.mp4,tier1,cuda,nvenc,cutfix_full_tier1_20260729_01
Kovwk0Xfnes_s0000004290_e0000009290,Kovwk0Xfnes,4.29,9.29,5.0,1.0,1.0,3.27,/kaggle/working/cut_cutfix_full_tier1_20260729_01/tier1/200_250/media/Kovwk0Xfnes_s0000004290_e0000009290.mp4,tier1,cuda,nvenc,cutfix_full_tier1_20260729_01
Kovwk0Xfnes_s0000008290_e0000013290,Kovwk0Xfnes,8.29,13.29,5.0,1.0,1.0,3.47,/kaggle/working/cut_cutfix_full_tier1_20260729_01/tier1/200_250/media/Kovwk0Xfnes_s0000008290_e0000013290.mp4,tier1,cuda,nvenc,cutfix_full_tier1_20260729_01
Kovwk0Xfnes_s0000012290_e0000016318,Kovwk0Xfnes,12.29,16.318,4.028,1.0,1.0,3.62,/kaggle/working/cut_cutfix_full_tier1_20260729_01/tier1/200_250/media/Kovwk0Xfnes_s0000012290_e0000016318.mp4,tier1,cuda,nvenc,cutfix_full_tier1_20260729_01
Kovwk0Xfnes_s0000016674_e0000028062,Kovwk0Xfnes,16.674,28.062,11.388,1.0,1.0,3.98,/kaggle/working/cut_cutfix_full_tier1_20260729_01/tier1/200_250/media/Kovwk0Xfnes_s0000016674_e0000028062.mp4,tier1,cuda,nvenc,cutfix_full_tier1_20260729_01
Kovwk0Xfnes_s0000028162_e0000031358,Kovwk0Xfnes,28.162,31.358,3.196,1.0,1.0,3.98,/kaggle/working/cut_cutfix_full_tier1_20260729_01/tier1/200_250/media/Kovwk0Xfnes_s0000028162_e0000031358.mp4,tier1,cuda,nvenc,cutfix_full_tier1_20260729_01
Kovwk0Xfnes_s0000031650_e0000038110,Kovwk0Xfnes,31.65,38.11,6.46,1.0,1.0,3.09,/kaggle/working/cut_cutfix_full_tier1_20260729_01/tier1/200_250/media/Kovwk0Xfnes_s0000031650_e0000038110.mp4,tier1,cuda,nvenc,cutfix_full_tier1_20260729_01
Kovwk0Xfnes_s0000039426_e0000044926,Kovwk0Xfnes,39.426,44.926,5.5,1.0,1.0,8.27,/kaggle/working/cut_cutfix_full_tier1_20260729_01/tier1/200_250/media/Kovwk0Xfnes_s0000039426_e0000044926.mp4,tier1,cuda,nvenc,cutfix_full_tier1_20260729_01
Kovwk0Xfnes_s0000045346_e0000053054,Kovwk0Xfnes,45.346,53.054,7.708,1.0,1.0,8.4,/kaggle/working/cut_cutfix_full_tier1_20260729_01/tier1/200_250/media/Kovwk0Xfnes_s0000045346_e0000053054.mp4,tier1,cuda,nvenc,cutfix_full_tier1_20260729_01
Kovwk0Xfnes_s0000053442_e0000058442,Kovwk0Xfnes,53.442,58.442,5.0,1.0,1.0,8.26,/kaggle/working/cut_cutfix_full_tier1_20260729_01/tier1/200_250/media/Kovwk0Xfnes_s0000053442_e0000058442.mp4,tier1,cuda,nvenc,cutfix_full_tier1_20260729_01
Kovwk0Xfnes_s0000057442_e0000062442,Kovwk0Xfnes,57.442,62.442,5.0,1.0,1.0,7.36,/kaggle/working/cut_cutfix_full_tier1_20260729_01/tier1/200_250/media/Kovwk0Xfnes_s0000057442_e0000062442.mp4,tier1,cuda,nvenc,cutfix_full_tier1_20260729_01
Kovwk0Xfnes_s0000061442_e0000065694,Kovwk0Xfnes,61.442,65.694,4.252,1.0,1.0,7.39,/kaggle/working/cut_cutfix_full_tier1_20260729_01/tier1/200_250/media/Kovwk0Xfnes_s0000061442_e0000065694.mp4,tier1,cuda,nvenc,cutfix_full_tier1_20260729_01
Kovwk0Xfnes_s0000106946_e0000109342,Kovwk0Xfnes,106.946,109.342,2.396,1.0,1.0,10.06,/kaggle/working/cut_cutfix_full_tier1_20260729_01/tier1/200_250/media/Kovwk0Xfnes_s0000106946_e0000109342.mp4,tier1,cuda,nvenc,cutfix_full_tier1_20260729_01
Kovwk0Xfnes_s0000111938_e0000115454,Kovwk0Xfnes,111.938,115.454,3.516,1.0,1.0,9.97,/kaggle/working/cut_cutfix_full_tier1_20260729_01/tier1/200_250/media/Kovwk0Xfnes_s0000111938_e0000115454.mp4,tier1,cuda,nvenc,cutfix_full_tier1_20260729_01
Kovwk0Xfnes_s0000115938_e0000118430,Kovwk0Xfnes,115.938,118.43,2.492,1.0,1.0,10.19,/kaggle/working/cut_cutfix_full_tier1_20260729_01/tier1/200_250/media/Kovwk0Xfnes_s0000115938_e0000118430.mp4,tier1,cuda,nvenc,cutfix_full_tier1_20260729_01
Kovwk0Xfnes_s0000143426_e0000146750,Kovwk0Xfnes,143.426,146.75,3.324,1.0,1.0,6.42,/kaggle/working/cut_cutfix_full_tier1_20260729_01/tier1/200_250/media/Kovwk0Xfnes_s0000143426_e0000146750.mp4,tier1,cuda,nvenc,cutfix_full_tier1_20260729_01
Kovwk0Xfnes_s0000148258_e0000158398,Kovwk0Xfnes,148.258,158.398,10.14,1.0,1.0,9.01,/kaggle/working/cut_cutfix_full_tier1_20260729_01/tier1/200_250/media/Kovwk0Xfnes_s0000148258_e0000158398.mp4,tier1,cuda,nvenc,cutfix_full_tier1_20260729_01
Kovwk0Xfnes_s0000158498_e0000161694,Kovwk0Xfnes,158.498,161.694,3.196,1.0,1.0,8.81,/kaggle/working/cut_cutfix_full_tier1_20260729_01/tier1/200_250/media/Kovwk0Xfnes_s0000158498_e0000161694.mp4,tier1,cuda,nvenc,cutfix_full_tier1_20260729_01
Kovwk0Xfnes_s0000161986_e0000164574,Kovwk0Xfnes,161.986,164.574,2.588,1.0,1.0,9.22,/kaggle/working/cut_cutfix_full_tier1_20260729_01/tier1/200_250/media/Kovwk0Xfnes_s0000161986_e0000164574.mp4,tier1,cuda,nvenc,cutfix_full_tier1_20260729_01
Kovwk0Xfnes_s0000167394_e0000170206,Kovwk0Xfnes,167.394,170.206,2.812,1.0,1.0,8.43,/kaggle/working/cut_cutfix_full_tier1_20260729_01/tier1/200_250/media/Kovwk0Xfnes_s0000167394_e0000170206.mp4,tier1,cuda,nvenc,cutfix_full_tier1_20260729_01
Kovwk0Xfnes_s0000193314_e0000198314,Kovwk0Xfnes,193.314,198.314,5.0,1.0,1.0,9.74,/kaggle/working/cut_cutfix_full_tier1_20260729_01/tier1/200_250/media/Kovwk0Xfnes_s0000193314_e0000198314.mp4,tier1,cuda,nvenc,cutfix_full_tier1_20260729_01
Kovwk0Xfnes_s0000197314_e0000202314,Kovwk0Xfnes,197.314,202.314,5.0,1.0,1.0,8.73,/kaggle/working/cut_cutfix_full_tier1_20260729_01/tier1/200_250/media/Kovwk0Xfnes_s0000197314_e0000202314.mp4,tier1,cuda,nvenc,cutfix_full_tier1_20260729_01
Kovwk0Xfnes_s0000201314_e0000206314,Kovwk0Xfnes,201.314,206.314,5.0,1.0,1.0,8.68,/kaggle/working/cut_cutfix_full_tier1_20260729_01/tier1/200_250/media/Kovwk0Xfnes_s0000201314_e0000206314.mp4,tier1,cuda,nvenc,cutfix_full_tier1_20260729_01
Kovwk0Xfnes_s0000205314_e0000210314,Kovwk0Xfnes,205.314,210.314,5.0,1.0,1.0,8.87,/kaggle/working/cut_cutfix_full_tier1_20260729_01/tier1/200_250/media/Kovwk0Xfnes_s0000205314_e0000210314.mp4,tier1,cuda,nvenc,cutfix_full_tier1_20260729_01
Kovwk0Xfnes_s0000209314_e0000214314,Kovwk0Xfnes,209.314,214.314,5.0,1.0,1.0,8.38,/kaggle/working/cut_cutfix_full_tier1_20260729_01/tier1/200_250/media/Kovwk0Xfnes_s0000209314_e0000214314.mp4,tier1,cuda,nvenc,cutfix_full_tier1_20260729_01
Kovwk0Xfnes_s0000248290_e0000260126,Kovwk0Xfnes,248.29,260.126,11.836,1.0,1.0,10.49,/kaggle/working/cut_cutfix_full_tier1_20260729_01/tier1/200_250/media/Kovwk0Xfnes_s0000248290_e0000260126.mp4,tier1,cuda,nvenc,cutfix_full_tier1_20260729_01
Kovwk0Xfnes_s0000260578_e0000265578,Kovwk0Xfnes,260.578,265.578,5.0,1.0,1.0,9.83,/kaggle/working/cut_cutfix_full_tier1_20260729_01/tier1/200_250/media/Kovwk0Xfnes_s0000260578_e0000265578.mp4,tier1,cuda,nvenc,cutfix_full_tier1_20260729_01
Kovwk0Xfnes_s0000264578_e0000269578,Kovwk0Xfnes,264.578,269.578,5.0,1.0,1.0,9.95,/kaggle/working/cut_cutfix_full_tier1_20260729_01/tier1/200_250/media/Kovwk0Xfnes_s0000264578_e0000269578.mp4,tier1,cuda,nvenc,cutfix_full_tier1_20260729_01
Kovwk0Xfnes_s0000268578_e0000273578,Kovwk0Xfnes,268.578,273.578,5.0,1.0,1.0,9.78,/kaggle/working/cut_cutfix_full_tier1_20260729_01/tier1/200_250/media/Kovwk0Xfnes_s0000268578_e0000273578.mp4,tier1,cuda,nvenc,cutfix_full_tier1_20260729_01
Kovwk0Xfnes_s0000272578_e0000276638,Kovwk0Xfnes,272.578,276.638,4.06,1.0,1.0,8.79,/kaggle/working/cut_cutfix_full_tier1_20260729_01/tier1/200_250/media/Kovwk0Xfnes_s0000272578_e0000276638.mp4,tier1,cuda,nvenc,cutfix_full_tier1_20260729_01
Kovwk0Xfnes_s0000286850_e0000289118,Kovwk0Xfnes,286.85,289.118,2.268,1.0,1.0,8.1,/kaggle/working/cut_cutfix_full_tier1_20260729_01/tier1/200_250/media/Kovwk0Xfnes_s0000286850_e0000289118.mp4,tier1,cuda,nvenc,cutfix_full_tier1_20260729_01
Kovwk0Xfnes_s0000309506_e0000316990,Kovwk0Xfnes,309.506,316.99,7.484,1.0,1.0,9.91,/kaggle/working/cut_cutfix_full_tier1_20260729_01/tier1/200_250/media/Kovwk0Xfnes_s0000309506_e0000316990.mp4,tier1,cuda,nvenc,cutfix_full_tier1_20260729_01
Kovwk0Xfnes_s0000317122_e0000320286,Kovwk0Xfnes,317.122,320.286,3.164,1.0,1.0,9.24,/kaggle/working/cut_cutfix_full_tier1_20260729_01/tier1/200_250/media/Kovwk0Xfnes_s0000317122_e0000320286.mp4,tier1,cuda,nvenc,cutfix_full_tier1_20260729_01
Kovwk0Xfnes_s0000320546_e0000325546,Kovwk0Xfnes,320.546,325.546,5.0,1.0,1.0,9.66,/kaggle/working/cut_cutfix_full_tier1_20260729_01/tier1/200_250/media/Kovwk0Xfnes_s0000320546_e0000325546.mp4,tier1,cuda,nvenc,cutfix_full_tier1_20260729_01
Kovwk0Xfnes_s0000324546_e0000329546,Kovwk0Xfnes,324.546,329.546,5.0,1.0,1.0,9.46,/kaggle/working/cut_cutfix_full_tier1_20260729_01/tier1/200_250/media/Kovwk0Xfnes_s0000324546_e0000329546.mp4,tier1,cuda,nvenc,cutfix_full_tier1_20260729_01
Kovwk0Xfnes_s0000332546_e0000337470,Kovwk0Xfnes,332.546,337.47,4.924,1.0,1.0,9.05,/kaggle/working/cut_cutfix_full_tier1_20260729_01/tier1/200_250/media/Kovwk0Xfnes_s0000332546_e0000337470.mp4,tier1,cuda,nvenc,cutfix_full_tier1_20260729_01
Kovwk0Xfnes_s0000339618_e0000341886,Kovwk0Xfnes,339.618,341.886,2.268,1.0,1.0,9.04,/kaggle/working/cut_cutfix_full_tier1_20260729_01/tier1/200_250/media/Kovwk0Xfnes_s0000339618_e0000341886.mp4,tier1,cuda,nvenc,cutfix_full_tier1_20260729_01
Kovwk0Xfnes_s0000344482_e0000347550,Kovwk0Xfnes,344.482,347.55,3.068,1.0,1.0,9.36,/kaggle/working/cut_cutfix_full_tier1_20260729_01/tier1/200_250/media/Kovwk0Xfnes_s0000344482_e0000347550.mp4,tier1,cuda,nvenc,cutfix_full_tier1_20260729_01
Kovwk0Xfnes_s0000347650_e0000350846,Kovwk0Xfnes,347.65,350.846,3.196,1.0,1.0,8.67,/kaggle/working/cut_cutfix_full_tier1_20260729_01/tier1/200_250/media/Kovwk0Xfnes_s0000347650_e0000350846.mp4,tier1,cuda,nvenc,cutfix_full_tier1_20260729_01
Kovwk0Xfnes_s0000351106_e0000353598,Kovwk0Xfnes,351.106,353.598,2.492,1.0,1.0,8.78,/kaggle/working/cut_cutfix_full_tier1_20260729_01/tier1/200_250/media/Kovwk0Xfnes_s0000351106_e0000353598.mp4,tier1,cuda,nvenc,cutfix_full_tier1_20260729_01
Kovwk0Xfnes_s0000354850_e0000359838,Kovwk0Xfnes,354.85,359.838,4.988,1.0,1.0,8.14,/kaggle/working/cut_cutfix_full_tier1_20260729_01/tier1/200_250/media/Kovwk0Xfnes_s0000354850_e0000359838.mp4,tier1,cuda,nvenc,cutfix_full_tier1_20260729_01
Ku0ouM2l_qI_s0000032002_e0000037002,Ku0ouM2l_qI,32.002,37.002,5.0,1.0,1.0,8.04,/kaggle/working/cut_cutfix_full_tier1_20260729_01/tier1/200_250/media/Ku0ouM2l_qI_s0000032002_e0000037002.mp4,tier1,cuda,nvenc,cutfix_full_tier1_20260729_01
Ku0ouM2l_qI_s0000045858_e0000048286,Ku0ouM2l_qI,45.858,48.286,2.428,1.0,1.0,6.28,/kaggle/working/cut_cutfix_full_tier1_20260729_01/tier1/200_250/media/Ku0ouM2l_qI_s0000045858_e0000048286.mp4,tier1,cuda,nvenc,cutfix_full_tier1_20260729_01
Ku0ouM2l_qI_s0000048450_e0000052062,Ku0ouM2l_qI,48.45,52.062,3.612,1.0,1.0,7.71,/kaggle/working/cut_cutfix_full_tier1_20260729_01/tier1/200_250/media/Ku0ouM2l_qI_s0000048450_e0000052062.mp4,tier1,cuda,nvenc,cutfix_full_tier1_20260729_01
Ku0ouM2l_qI_s0000059970_e0000063294,Ku0ouM2l_qI,59.97,63.294,3.324,1.0,1.0,6.54,/kaggle/working/cut_cutfix_full_tier1_20260729_01/tier1/200_250/media/Ku0ouM2l_qI_s0000059970_e0000063294.mp4,tier1,cuda,nvenc,cutfix_full_tier1_20260729_01
Ku0ouM2l_qI_s0000138434_e0000140606,Ku0ouM2l_qI,138.434,140.606,2.172,1.0,1.0,7.52,/kaggle/working/cut_cutfix_full_tier1_20260729_01/tier1/200_250/media/Ku0ouM2l_qI_s0000138434_e0000140606.mp4,tier1,cuda,nvenc,cutfix_full_tier1_20260729_01
Ku0ouM2l_qI_s0000152194_e0000156894,Ku0ouM2l_qI,152.194,156.894,4.7,1.0,1.0,7.37,/kaggle/working/cut_cutfix_full_tier1_20260729_01/tier1/200_250/media/Ku0ouM2l_qI_s0000152194_e0000156894.mp4,tier1,cuda,nvenc,cutfix_full_tier1_20260729_01
Ku0ouM2l_qI_s0000157026_e0000162270,Ku0ouM2l_qI,157.026,162.27,5.244,1.0,1.0,7.88,/kaggle/working/cut_cutfix_full_tier1_20260729_01/tier1/200_250/media/Ku0ouM2l_qI_s0000157026_e0000162270.mp4,tier1,cuda,nvenc,cutfix_full_tier1_20260729_01
Ku0ouM2l_qI_s0000209282_e0000211998,Ku0ouM2l_qI,209.282,211.998,2.716,1.0,1.0,9.93,/kaggle/working/cut_cutfix_full_tier1_20260729_01/tier1/200_250/media/Ku0ouM2l_qI_s0000209282_e0000211998.mp4,tier1,cuda,nvenc,cutfix_full_tier1_20260729_01
Ku0ouM2l_qI_s0000229154_e0000231806,Ku0ouM2l_qI,229.154,231.806,2.652,1.0,1.0,6.79,/kaggle/working/cut_cutfix_full_tier1_20260729_01/tier1/200_250/media/Ku0ouM2l_qI_s0000229154_e0000231806.mp4,tier1,cuda,nvenc,cutfix_full_tier1_20260729_01
Ku0ouM2l_qI_s0000245410_e0000248286,Ku0ouM2l_qI,245.41,248.286,2.876,1.0,1.0,4.47,/kaggle/working/cut_cutfix_full_tier1_20260729_01/tier1/200_250/media/Ku0ouM2l_qI_s0000245410_e0000248286.mp4,tier1,cuda,nvenc,cutfix_full_tier1_20260729_01
Ku0ouM2l_qI_s0000302946_e0000305822,Ku0ouM2l_qI,302.946,305.822,2.876,1.0,1.0,7.59,/kaggle/working/cut_cutfix_full_tier1_20260729_01/tier1/200_250/media/Ku0ouM2l_qI_s0000302946_e0000305822.mp4,tier1,cuda,nvenc,cutfix_full_tier1_20260729_01
Ku0ouM2l_qI_s0000306018_e0000308862,Ku0ouM2l_qI,306.018,308.862,2.844,1.0,1.0,7.32,/kaggle/working/cut_cutfix_full_tier1_20260729_01/tier1/200_250/media/Ku0ouM2l_qI_s0000306018_e0000308862.mp4,tier1,cuda,nvenc,cutfix_full_tier1_20260729_01
Ku0ouM2l_qI_s0000320354_e0000322814,Ku0ouM2l_qI,320.354,322.814,2.46,1.0,1.0,6.86,/kaggle/working/cut_cutfix_full_tier1_20260729_01/tier1/200_250/media/Ku0ouM2l_qI_s0000320354_e0000322814.mp4,tier1,cuda,nvenc,cutfix_full_tier1_20260729_01
Ku0ouM2l_qI_s0000331842_e0000334046,Ku0ouM2l_qI,331.842,334.046,2.204,1.0,1.0,5.08,/kaggle/working/cut_cutfix_full_tier1_20260729_01/tier1/200_250/media/Ku0ouM2l_qI_s0000331842_e0000334046.mp4,tier1,cuda,nvenc,cutfix_full_tier1_20260729_01
Ku0ouM2l_qI_s0000370306_e0000372510,Ku0ouM2l_qI,370.306,372.51,2.204,1.0,1.0,10.47,/kaggle/working/cut_cutfix_full_tier1_20260729_01/tier1/200_250/media/Ku0ouM2l_qI_s0000370306_e0000372510.mp4,tier1,cuda,nvenc,cutfix_full_tier1_20260729_01
Ku0ouM2l_qI_s0000387586_e0000390302,Ku0ouM2l_qI,387.586,390.302,2.716,1.0,1.0,7.19,/kaggle/working/cut_cutfix_full_tier1_20260729_01/tier1/200_250/media/Ku0ouM2l_qI_s0000387586_e0000390302.mp4,tier1,cuda,nvenc,cutfix_full_tier1_20260729_01
Ku0ouM2l_qI_s0000398786_e0000401822,Ku0ouM2l_qI,398.786,401.822,3.036,1.0,1.0,5.87,/kaggle/working/cut_cutfix_full_tier1_20260729_01/tier1/200_250/media/Ku0ouM2l_qI_s0000398786_e0000401822.mp4,tier1,cuda,nvenc,cutfix_full_tier1_20260729_01
Ku0ouM2l_qI_s0000422882_e0000426270,Ku0ouM2l_qI,422.882,426.27,3.388,1.0,1.0,8.48,/kaggle/working/cut_cutfix_full_tier1_20260729_01/tier1/200_250/media/Ku0ouM2l_qI_s0000422882_e0000426270.mp4,tier1,cuda,nvenc,cutfix_full_tier1_20260729_01
Ku0ouM2l_qI_s0000481666_e0000483966,Ku0ouM2l_qI,481.666,483.966,2.3,1.0,1.0,5.98,/kaggle/working/cut_cutfix_full_tier1_20260729_01/tier1/200_250/media/Ku0ouM2l_qI_s0000481666_e0000483966.mp4,tier1,cuda,nvenc,cutfix_full_tier1_20260729_01
Ku0ouM2l_qI_s0000487202_e0000490238,Ku0ouM2l_qI,487.202,490.238,3.036,1.0,1.0,7.52,/kaggle/working/cut_cutfix_full_tier1_20260729_01/tier1/200_250/media/Ku0ouM2l_qI_s0000487202_e0000490238.mp4,tier1,cuda,nvenc,cutfix_full_tier1_20260729_01
Ku0ouM2l_qI_s0000496706_e0000498782,Ku0ouM2l_qI,496.706,498.782,2.076,1.0,1.0,10.47,/kaggle/working/cut_cutfix_full_tier1_20260729_01/tier1/200_250/media/Ku0ouM2l_qI_s0000496706_e0000498782.mp4,tier1,cuda,nvenc,cutfix_full_tier1_20260729_01
Ku0ouM2l_qI_s0000511010_e0000513054,Ku0ouM2l_qI,511.01,513.054,2.044,1.0,1.0,7.18,/kaggle/working/cut_cutfix_full_tier1_20260729_01/tier1/200_250/media/Ku0ouM2l_qI_s0000511010_e0000513054.mp4,tier1,cuda,nvenc,cutfix_full_tier1_20260729_01
Ku0ouM2l_qI_s0000547010_e0000550750,Ku0ouM2l_qI,547.01,550.75,3.74,1.0,1.0,7.44,/kaggle/working/cut_cutfix_full_tier1_20260729_01/tier1/200_250/media/Ku0ouM2l_qI_s0000547010_e0000550750.mp4,tier1,cuda,nvenc,cutfix_full_tier1_20260729_01
Ku0ouM2l_qI_s0000556770_e0000563582,Ku0ouM2l_qI,556.77,563.582,6.812,1.0,1.0,8.93,/kaggle/working/cut_cutfix_full_tier1_20260729_01/tier1/200_250/media/Ku0ouM2l_qI_s0000556770_e0000563582.mp4,tier1,cuda,nvenc,cutfix_full_tier1_20260729_01
Ku0ouM2l_qI_s0000573058_e0000576894,Ku0ouM2l_qI,573.058,576.894,3.836,1.0,1.0,6.72,/kaggle/working/cut_cutfix_full_tier1_20260729_01/tier1/200_250/media/Ku0ouM2l_qI_s0000573058_e0000576894.mp4,tier1,cuda,nvenc,cutfix_full_tier1_20260729_01
Ku0ouM2l_qI_s0000577154_e0000582014,Ku0ouM2l_qI,577.154,582.014,4.86,1.0,1.0,7.51,/kaggle/working/cut_cutfix_full_tier1_20260729_01/tier1/200_250/media/Ku0ouM2l_qI_s0000577154_e0000582014.mp4,tier1,cuda,nvenc,cutfix_full_tier1_20260729_01
Ku0ouM2l_qI_s0000589634_e0000594398,Ku0ouM2l_qI,589.634,594.398,4.764,1.0,1.0,6.29,/kaggle/working/cut_cutfix_full_tier1_20260729_01/tier1/200_250/media/Ku0ouM2l_qI_s0000589634_e0000594398.mp4,tier1,cuda,nvenc,cutfix_full_tier1_20260729_01
Ku0ouM2l_qI_s0000613474_e0000616446,Ku0ouM2l_qI,613.474,616.446,2.972,1.0,1.0,6.52,/kaggle/working/cut_cutfix_full_tier1_20260729_01/tier1/200_250/media/Ku0ouM2l_qI_s0000613474_e0000616446.mp4,tier1,cuda,nvenc,cutfix_full_tier1_20260729_01
Ku0ouM2l_qI_s0000616674_e0000618846,Ku0ouM2l_qI,616.674,618.846,2.172,1.0,1.0,7.17,/kaggle/working/cut_cutfix_full_tier1_20260729_01/tier1/200_250/media/Ku0ouM2l_qI_s0000616674_e0000618846.mp4,tier1,cuda,nvenc,cutfix_full_tier1_20260729_01
Ku0ouM2l_qI_s0000619010_e0000624766,Ku0ouM2l_qI,619.01,624.766,5.756,1.0,1.0,6.39,/kaggle/working/cut_cutfix_full_tier1_20260729_01/tier1/200_250/media/Ku0ouM2l_qI_s0000619010_e0000624766.mp4,tier1,cuda,nvenc,cutfix_full_tier1_20260729_01
Ku0ouM2l_qI_s0000627234_e0000632286,Ku0ouM2l_qI,627.234,632.286,5.052,1.0,1.0,6.94,/kaggle/working/cut_cutfix_full_tier1_20260729_01/tier1/200_250/media/Ku0ouM2l_qI_s0000627234_e0000632286.mp4,tier1,cuda,nvenc,cutfix_full_tier1_20260729_01
Ku0ouM2l_qI_s0000642818_e0000644830,Ku0ouM2l_qI,642.818,644.83,2.012,1.0,1.0,8.57,/kaggle/working/cut_cutfix_full_tier1_20260729_01/tier1/200_250/media/Ku0ouM2l_qI_s0000642818_e0000644830.mp4,tier1,cuda,nvenc,cutfix_full_tier1_20260729_01
Ku0ouM2l_qI_s0000671554_e0000674686,Ku0ouM2l_qI,671.554,674.686,3.132,1.0,1.0,8.43,/kaggle/working/cut_cutfix_full_tier1_20260729_01/tier1/200_250/media/Ku0ouM2l_qI_s0000671554_e0000674686.mp4,tier1,cuda,nvenc,cutfix_full_tier1_20260729_01
Ku0ouM2l_qI_s0000682978_e0000686558,Ku0ouM2l_qI,682.978,686.558,3.58,1.0,1.0,8.55,/kaggle/working/cut_cutfix_full_tier1_20260729_01/tier1/200_250/media/Ku0ouM2l_qI_s0000682978_e0000686558.mp4,tier1,cuda,nvenc,cutfix_full_tier1_20260729_01
Kuz5u9XUxDM_s0000002114_e0000005502,Kuz5u9XUxDM,2.114,5.502,3.388,1.0,1.0,19.33,/kaggle/working/cut_cutfix_full_tier1_20260729_01/tier1/200_250/media/Kuz5u9XUxDM_s0000002114_e0000005502.mp4,tier1,cuda,nvenc,cutfix_full_tier1_20260729_01
Kuz5u9XUxDM_s0000016962_e0000019550,Kuz5u9XUxDM,16.962,19.55,2.588,1.0,1.0,21.12,/kaggle/working/cut_cutfix_full_tier1_20260729_01/tier1/200_250/media/Kuz5u9XUxDM_s0000016962_e0000019550.mp4,tier1,cuda,nvenc,cutfix_full_tier1_20260729_01
Kuz5u9XUxDM_s0000027778_e0000030110,Kuz5u9XUxDM,27.778,30.11,2.332,1.0,1.0,17.63,/kaggle/working/cut_cutfix_full_tier1_20260729_01/tier1/200_250/media/Kuz5u9XUxDM_s0000027778_e0000030110.mp4,tier1,cuda,nvenc,cutfix_full_tier1_20260729_01
Kuz5u9XUxDM_s0000033410_e0000037950,Kuz5u9XUxDM,33.41,37.95,4.54,1.0,1.0,20.11,/kaggle/working/cut_cutfix_full_tier1_20260729_01/tier1/200_250/media/Kuz5u9XUxDM_s0000033410_e0000037950.mp4,tier1,cuda,nvenc,cutfix_full_tier1_20260729_01
Kuz5u9XUxDM_s0000038050_e0000040990,Kuz5u9XUxDM,38.05,40.99,2.94,1.0,1.0,18.29,/kaggle/working/cut_cutfix_full_tier1_20260729_01/tier1/200_250/media/Kuz5u9XUxDM_s0000038050_e0000040990.mp4,tier1,cuda,nvenc,cutfix_full_tier1_20260729_01
Kuz5u9XUxDM_s0000061538_e0000065758,Kuz5u9XUxDM,61.538,65.758,4.22,1.0,1.0,18.25,/kaggle/working/cut_cutfix_full_tier1_20260729_01/tier1/200_250/media/Kuz5u9XUxDM_s0000061538_e0000065758.mp4,tier1,cuda,nvenc,cutfix_full_tier1_20260729_01
Kuz5u9XUxDM_s0000071234_e0000074174,Kuz5u9XUxDM,71.234,74.174,2.94,1.0,1.0,18.53,/kaggle/working/cut_cutfix_full_tier1_20260729_01/tier1/200_250/media/Kuz5u9XUxDM_s0000071234_e0000074174.mp4,tier1,cuda,nvenc,cutfix_full_tier1_20260729_01
Kuz5u9XUxDM_s0000096386_e0000101022,Kuz5u9XUxDM,96.386,101.022,4.636,1.0,1.0,16.07,/kaggle/working/cut_cutfix_full_tier1_20260729_01/tier1/200_250/media/Kuz5u9XUxDM_s0000096386_e0000101022.mp4,tier1,cuda,nvenc,cutfix_full_tier1_20260729_01
Kuz5u9XUxDM_s0000101122_e0000105886,Kuz5u9XUxDM,101.122,105.886,4.764,0.75,1.0,15.67,/kaggle/working/cut_cutfix_full_tier1_20260729_01/tier1/200_250/media/Kuz5u9XUxDM_s0000101122_e0000105886.mp4,tier1,cuda,nvenc,cutfix_full_tier1_20260729_01
Kuz5u9XUxDM_s0000113954_e0000119230,Kuz5u9XUxDM,113.954,119.23,5.276,1.0,1.0,18.69,/kaggle/working/cut_cutfix_full_tier1_20260729_01/tier1/200_250/media/Kuz5u9XUxDM_s0000113954_e0000119230.mp4,tier1,cuda,nvenc,cutfix_full_tier1_20260729_01
Kuz5u9XUxDM_s0000124866_e0000128478,Kuz5u9XUxDM,124.866,128.478,3.612,1.0,1.0,18.17,/kaggle/working/cut_cutfix_full_tier1_20260729_01/tier1/200_250/media/Kuz5u9XUxDM_s0000124866_e0000128478.mp4,tier1,cuda,nvenc,cutfix_full_tier1_20260729_01
Kuz5u9XUxDM_s0000128642_e0000130718,Kuz5u9XUxDM,128.642,130.718,2.076,1.0,1.0,18.37,/kaggle/working/cut_cutfix_full_tier1_20260729_01/tier1/200_250/media/Kuz5u9XUxDM_s0000128642_e0000130718.mp4,tier1,cuda,nvenc,cutfix_full_tier1_20260729_01
Kuz5u9XUxDM_s0000131106_e0000135838,Kuz5u9XUxDM,131.106,135.838,4.732,1.0,1.0,17.88,/kaggle/working/cut_cutfix_full_tier1_20260729_01/tier1/200_250/media/Kuz5u9XUxDM_s0000131106_e0000135838.mp4,tier1,cuda,nvenc,cutfix_full_tier1_20260729_01
Kuz5u9XUxDM_s0000136162_e0000142430,Kuz5u9XUxDM,136.162,142.43,6.268,1.0,1.0,18.01,/kaggle/working/cut_cutfix_full_tier1_20260729_01/tier1/200_250/media/Kuz5u9XUxDM_s0000136162_e0000142430.mp4,tier1,cuda,nvenc,cutfix_full_tier1_20260729_01
Kuz5u9XUxDM_s0000142658_e0000153086,Kuz5u9XUxDM,142.658,153.086,10.428,1.0,1.0,17.78,/kaggle/working/cut_cutfix_full_tier1_20260729_01/tier1/200_250/media/Kuz5u9XUxDM_s0000142658_e0000153086.mp4,tier1,cuda,nvenc,cutfix_full_tier1_20260729_01
Kuz5u9XUxDM_s0000155202_e0000157342,Kuz5u9XUxDM,155.202,157.342,2.14,1.0,1.0,18.45,/kaggle/working/cut_cutfix_full_tier1_20260729_01/tier1/200_250/media/Kuz5u9XUxDM_s0000155202_e0000157342.mp4,tier1,cuda,nvenc,cutfix_full_tier1_20260729_01
Kuz5u9XUxDM_s0000157698_e0000160510,Kuz5u9XUxDM,157.698,160.51,2.812,1.0,1.0,19.51,/kaggle/working/cut_cutfix_full_tier1_20260729_01/tier1/200_250/media/Kuz5u9XUxDM_s0000157698_e0000160510.mp4,tier1,cuda,nvenc,cutfix_full_tier1_20260729_01
Kuz5u9XUxDM_s0000160610_e0000162942,Kuz5u9XUxDM,160.61,162.942,2.332,1.0,1.0,19.07,/kaggle/working/cut_cutfix_full_tier1_20260729_01/tier1/200_250/media/Kuz5u9XUxDM_s0000160610_e0000162942.mp4,tier1,cuda,nvenc,cutfix_full_tier1_20260729_01
Kuz5u9XUxDM_s0000163906_e0000172094,Kuz5u9XUxDM,163.906,172.094,8.188,1.0,1.0,17.42,/kaggle/working/cut_cutfix_full_tier1_20260729_01/tier1/200_250/media/Kuz5u9XUxDM_s0000163906_e0000172094.mp4,tier1,cuda,nvenc,cutfix_full_tier1_20260729_01
Kuz5u9XUxDM_s0000187682_e0000191326,Kuz5u9XUxDM,187.682,191.326,3.644,0.75,1.0,17.32,/kaggle/working/cut_cutfix_full_tier1_20260729_01/tier1/200_250/media/Kuz5u9XUxDM_s0000187682_e0000191326.mp4,tier1,cuda,nvenc,cutfix_full_tier1_20260729_01
Kuz5u9XUxDM_s0000205954_e0000212670,Kuz5u9XUxDM,205.954,212.67,6.716,1.0,1.0,17.88,/kaggle/working/cut_cutfix_full_tier1_20260729_01/tier1/200_250/media/Kuz5u9XUxDM_s0000205954_e0000212670.mp4,tier1,cuda,nvenc,cutfix_full_tier1_20260729_01
Kuz5u9XUxDM_s0000216866_e0000221822,Kuz5u9XUxDM,216.866,221.822,4.956,1.0,1.0,16.64,/kaggle/working/cut_cutfix_full_tier1_20260729_01/tier1/200_250/media/Kuz5u9XUxDM_s0000216866_e0000221822.mp4,tier1,cuda,nvenc,cutfix_full_tier1_20260729_01
Kuz5u9XUxDM_s0000222178_e0000230366,Kuz5u9XUxDM,222.178,230.366,8.188,1.0,1.0,17.09,/kaggle/working/cut_cutfix_full_tier1_20260729_01/tier1/200_250/media/Kuz5u9XUxDM_s0000222178_e0000230366.mp4,tier1,cuda,nvenc,cutfix_full_tier1_20260729_01
Kuz5u9XUxDM_s0000232930_e0000240222,Kuz5u9XUxDM,232.93,240.222,7.292,1.0,1.0,17.33,/kaggle/working/cut_cutfix_full_tier1_20260729_01/tier1/200_250/media/Kuz5u9XUxDM_s0000232930_e0000240222.mp4,tier1,cuda,nvenc,cutfix_full_tier1_20260729_01
Kuz5u9XUxDM_s0000244290_e0000253886,Kuz5u9XUxDM,244.29,253.886,9.596,1.0,1.0,17.41,/kaggle/working/cut_cutfix_full_tier1_20260729_01/tier1/200_250/media/Kuz5u9XUxDM_s0000244290_e0000253886.mp4,tier1,cuda,nvenc,cutfix_full_tier1_20260729_01
Kuz5u9XUxDM_s0000254018_e0000257214,Kuz5u9XUxDM,254.018,257.214,3.196,1.0,1.0,18.11,/kaggle/working/cut_cutfix_full_tier1_20260729_01/tier1/200_250/media/Kuz5u9XUxDM_s0000254018_e0000257214.mp4,tier1,cuda,nvenc,cutfix_full_tier1_20260729_01
Kuz5u9XUxDM_s0000257346_e0000262346,Kuz5u9XUxDM,257.346,262.346,5.0,1.0,1.0,16.69,/kaggle/working/cut_cutfix_full_tier1_20260729_01/tier1/200_250/media/Kuz5u9XUxDM_s0000257346_e0000262346.mp4,tier1,cuda,nvenc,cutfix_full_tier1_20260729_01
Kuz5u9XUxDM_s0000261346_e0000266346,Kuz5u9XUxDM,261.346,266.346,5.0,1.0,1.0,17.86,/kaggle/working/cut_cutfix_full_tier1_20260729_01/tier1/200_250/media/Kuz5u9XUxDM_s0000261346_e0000266346.mp4,tier1,cuda,nvenc,cutfix_full_tier1_20260729_01
Kuz5u9XUxDM_s0000265346_e0000270346,Kuz5u9XUxDM,265.346,270.346,5.0,1.0,1.0,18.8,/kaggle/working/cut_cutfix_full_tier1_20260729_01/tier1/200_250/media/Kuz5u9XUxDM_s0000265346_e0000270346.mp4,tier1,cuda,nvenc,cutfix_full_tier1_20260729_01
Kuz5u9XUxDM_s0000269346_e0000274078,Kuz5u9XUxDM,269.346,274.078,4.732,1.0,1.0,18.87,/kaggle/working/cut_cutfix_full_tier1_20260729_01/tier1/200_250/media/Kuz5u9XUxDM_s0000269346_e0000274078.mp4,tier1,cuda,nvenc,cutfix_full_tier1_20260729_01
Kuz5u9XUxDM_s0000274178_e0000279166,Kuz5u9XUxDM,274.178,279.166,4.988,1.0,1.0,16.94,/kaggle/working/cut_cutfix_full_tier1_20260729_01/tier1/200_250/media/Kuz5u9XUxDM_s0000274178_e0000279166.mp4,tier1,cuda,nvenc,cutfix_full_tier1_20260729_01
Kuz5u9XUxDM_s0000279330_e0000281822,Kuz5u9XUxDM,279.33,281.822,2.492,1.0,1.0,18.4,/kaggle/working/cut_cutfix_full_tier1_20260729_01/tier1/200_250/media/Kuz5u9XUxDM_s0000279330_e0000281822.mp4,tier1,cuda,nvenc,cutfix_full_tier1_20260729_01
Kuz5u9XUxDM_s0000282146_e0000285022,Kuz5u9XUxDM,282.146,285.022,2.876,1.0,1.0,18.49,/kaggle/working/cut_cutfix_full_tier1_20260729_01/tier1/200_250/media/Kuz5u9XUxDM_s0000282146_e0000285022.mp4,tier1,cuda,nvenc,cutfix_full_tier1_20260729_01
Kuz5u9XUxDM_s0000285250_e0000293918,Kuz5u9XUxDM,285.25,293.918,8.668,1.0,1.0,17.91,/kaggle/working/cut_cutfix_full_tier1_20260729_01/tier1/200_250/media/Kuz5u9XUxDM_s0000285250_e0000293918.mp4,tier1,cuda,nvenc,cutfix_full_tier1_20260729_01
Kuz5u9XUxDM_s0000294146_e0000299146,Kuz5u9XUxDM,294.146,299.146,5.0,1.0,1.0,16.45,/kaggle/working/cut_cutfix_full_tier1_20260729_01/tier1/200_250/media/Kuz5u9XUxDM_s0000294146_e0000299146.mp4,tier1,cuda,nvenc,cutfix_full_tier1_20260729_01
Kuz5u9XUxDM_s0000298146_e0000303146,Kuz5u9XUxDM,298.146,303.146,5.0,1.0,1.0,15.84,/kaggle/working/cut_cutfix_full_tier1_20260729_01/tier1/200_250/media/Kuz5u9XUxDM_s0000298146_e0000303146.mp4,tier1,cuda,nvenc,cutfix_full_tier1_20260729_01
Kuz5u9XUxDM_s0000302146_e0000307146,Kuz5u9XUxDM,302.146,307.146,5.0,1.0,1.0,16.0,/kaggle/working/cut_cutfix_full_tier1_20260729_01/tier1/200_250/media/Kuz5u9XUxDM_s0000302146_e0000307146.mp4,tier1,cuda,nvenc,cutfix_full_tier1_20260729_01
Kuz5u9XUxDM_s0000306146_e0000309054,Kuz5u9XUxDM,306.146,309.054,2.908,1.0,1.0,16.96,/kaggle/working/cut_cutfix_full_tier1_20260729_01/tier1/200_250/media/Kuz5u9XUxDM_s0000306146_e0000309054.mp4,tier1,cuda,nvenc,cutfix_full_tier1_20260729_01
Kuz5u9XUxDM_s0000313474_e0000315582,Kuz5u9XUxDM,313.474,315.582,2.108,1.0,1.0,17.47,/kaggle/working/cut_cutfix_full_tier1_20260729_01/tier1/200_250/media/Kuz5u9XUxDM_s0000313474_e0000315582.mp4,tier1,cuda,nvenc,cutfix_full_tier1_20260729_01
Kuz5u9XUxDM_s0000315714_e0000317758,Kuz5u9XUxDM,315.714,317.758,2.044,1.0,1.0,15.12,/kaggle/working/cut_cutfix_full_tier1_20260729_01/tier1/200_250/media/Kuz5u9XUxDM_s0000315714_e0000317758.mp4,tier1,cuda,nvenc,cutfix_full_tier1_20260729_01
Kuz5u9XUxDM_s0000319554_e0000324574,Kuz5u9XUxDM,319.554,324.574,5.02,1.0,1.0,17.66,/kaggle/working/cut_cutfix_full_tier1_20260729_01/tier1/200_250/media/Kuz5u9XUxDM_s0000319554_e0000324574.mp4,tier1,cuda,nvenc,cutfix_full_tier1_20260729_01
Kuz5u9XUxDM_s0000326306_e0000329886,Kuz5u9XUxDM,326.306,329.886,3.58,1.0,1.0,16.78,/kaggle/working/cut_cutfix_full_tier1_20260729_01/tier1/200_250/media/Kuz5u9XUxDM_s0000326306_e0000329886.mp4,tier1,cuda,nvenc,cutfix_full_tier1_20260729_01
Kuz5u9XUxDM_s0000329986_e0000335582,Kuz5u9XUxDM,329.986,335.582,5.596,1.0,1.0,18.92,/kaggle/working/cut_cutfix_full_tier1_20260729_01/tier1/200_250/media/Kuz5u9XUxDM_s0000329986_e0000335582.mp4,tier1,cuda,nvenc,cutfix_full_tier1_20260729_01
Kuz5u9XUxDM_s0000335682_e0000337822,Kuz5u9XUxDM,335.682,337.822,2.14,1.0,1.0,13.47,/kaggle/working/cut_cutfix_full_tier1_20260729_01/tier1/200_250/media/Kuz5u9XUxDM_s0000335682_e0000337822.mp4,tier1,cuda,nvenc,cutfix_full_tier1_20260729_01
Kuz5u9XUxDM_s0000337922_e0000341918,Kuz5u9XUxDM,337.922,341.918,3.996,1.0,1.0,17.51,/kaggle/working/cut_cutfix_full_tier1_20260729_01/tier1/200_250/media/Kuz5u9XUxDM_s0000337922_e0000341918.mp4,tier1,cuda,nvenc,cutfix_full_tier1_20260729_01
Kuz5u9XUxDM_s0000342114_e0000349278,Kuz5u9XUxDM,342.114,349.278,7.164,1.0,1.0,16.27,/kaggle/working/cut_cutfix_full_tier1_20260729_01/tier1/200_250/media/Kuz5u9XUxDM_s0000342114_e0000349278.mp4,tier1,cuda,nvenc,cutfix_full_tier1_20260729_01
Kuz5u9XUxDM_s0000351618_e0000355006,Kuz5u9XUxDM,351.618,355.006,3.388,1.0,1.0,17.71,/kaggle/working/cut_cutfix_full_tier1_20260729_01/tier1/200_250/media/Kuz5u9XUxDM_s0000351618_e0000355006.mp4,tier1,cuda,nvenc,cutfix_full_tier1_20260729_01
Kuz5u9XUxDM_s0000355394_e0000361214,Kuz5u9XUxDM,355.394,361.214,5.82,1.0,1.0,16.37,/kaggle/working/cut_cutfix_full_tier1_20260729_01/tier1/200_250/media/Kuz5u9XUxDM_s0000355394_e0000361214.mp4,tier1,cuda,nvenc,cutfix_full_tier1_20260729_01
Kuz5u9XUxDM_s0000361474_e0000366174,Kuz5u9XUxDM,361.474,366.174,4.7,1.0,1.0,16.5,/kaggle/working/cut_cutfix_full_tier1_20260729_01/tier1/200_250/media/Kuz5u9XUxDM_s0000361474_e0000366174.mp4,tier1,cuda,nvenc,cutfix_full_tier1_20260729_01
Kuz5u9XUxDM_s0000366338_e0000374718,Kuz5u9XUxDM,366.338,374.718,8.38,1.0,1.0,16.79,/kaggle/working/cut_cutfix_full_tier1_20260729_01/tier1/200_250/media/Kuz5u9XUxDM_s0000366338_e0000374718.mp4,tier1,cuda,nvenc,cutfix_full_tier1_20260729_01
Kuz5u9XUxDM_s0000376386_e0000381386,Kuz5u9XUxDM,376.386,381.386,5.0,1.0,1.0,17.23,/kaggle/working/cut_cutfix_full_tier1_20260729_01/tier1/200_250/media/Kuz5u9XUxDM_s0000376386_e0000381386.mp4,tier1,cuda,nvenc,cutfix_full_tier1_20260729_01
Kuz5u9XUxDM_s0000380386_e0000385386,Kuz5u9XUxDM,380.386,385.386,5.0,1.0,1.0,17.34,/kaggle/working/cut_cutfix_full_tier1_20260729_01/tier1/200_250/media/Kuz5u9XUxDM_s0000380386_e0000385386.mp4,tier1,cuda,nvenc,cutfix_full_tier1_20260729_01
Kuz5u9XUxDM_s0000384386_e0000389386,Kuz5u9XUxDM,384.386,389.386,5.0,1.0,1.0,17.72,/kaggle/working/cut_cutfix_full_tier1_20260729_01/tier1/200_250/media/Kuz5u9XUxDM_s0000384386_e0000389386.mp4,tier1,cuda,nvenc,cutfix_full_tier1_20260729_01
Kuz5u9XUxDM_s0000388386_e0000391550,Kuz5u9XUxDM,388.386,391.55,3.164,1.0,1.0,17.84,/kaggle/working/cut_cutfix_full_tier1_20260729_01/tier1/200_250/media/Kuz5u9XUxDM_s0000388386_e0000391550.mp4,tier1,cuda,nvenc,cutfix_full_tier1_20260729_01
Kuz5u9XUxDM_s0000391810_e0000400414,Kuz5u9XUxDM,391.81,400.414,8.604,1.0,1.0,17.91,/kaggle/working/cut_cutfix_full_tier1_20260729_01/tier1/200_250/media/Kuz5u9XUxDM_s0000391810_e0000400414.mp4,tier1,cuda,nvenc,cutfix_full_tier1_20260729_01
Kuz5u9XUxDM_s0000400610_e0000405610,Kuz5u9XUxDM,400.61,405.61,5.0,1.0,1.0,16.64,/kaggle/working/cut_cutfix_full_tier1_20260729_01/tier1/200_250/media/Kuz5u9XUxDM_s0000400610_e0000405610.mp4,tier1,cuda,nvenc,cutfix_full_tier1_20260729_01
Kuz5u9XUxDM_s0000404610_e0000409610,Kuz5u9XUxDM,404.61,409.61,5.0,1.0,1.0,17.14,/kaggle/working/cut_cutfix_full_tier1_20260729_01/tier1/200_250/media/Kuz5u9XUxDM_s0000404610_e0000409610.mp4,tier1,cuda,nvenc,cutfix_full_tier1_20260729_01
Kuz5u9XUxDM_s0000408610_e0000412702,Kuz5u9XUxDM,408.61,412.702,4.092,1.0,1.0,17.34,/kaggle/working/cut_cutfix_full_tier1_20260729_01/tier1/200_250/media/Kuz5u9XUxDM_s0000408610_e0000412702.mp4,tier1,cuda,nvenc,cutfix_full_tier1_20260729_01
Kuz5u9XUxDM_s0000412802_e0000414974,Kuz5u9XUxDM,412.802,414.974,2.172,1.0,1.0,17.6,/kaggle/working/cut_cutfix_full_tier1_20260729_01/tier1/200_250/media/Kuz5u9XUxDM_s0000412802_e0000414974.mp4,tier1,cuda,nvenc,cutfix_full_tier1_20260729_01
Kuz5u9XUxDM_s0000415426_e0000418878,Kuz5u9XUxDM,415.426,418.878,3.452,1.0,1.0,16.88,/kaggle/working/cut_cutfix_full_tier1_20260729_01/tier1/200_250/media/Kuz5u9XUxDM_s0000415426_e0000418878.mp4,tier1,cuda,nvenc,cutfix_full_tier1_20260729_01
Kuz5u9XUxDM_s0000433378_e0000437726,Kuz5u9XUxDM,433.378,437.726,4.348,1.0,1.0,15.67,/kaggle/working/cut_cutfix_full_tier1_20260729_01/tier1/200_250/media/Kuz5u9XUxDM_s0000433378_e0000437726.mp4,tier1,cuda,nvenc,cutfix_full_tier1_20260729_01
Kuz5u9XUxDM_s0000443874_e0000446398,Kuz5u9XUxDM,443.874,446.398,2.524,1.0,1.0,17.13,/kaggle/working/cut_cutfix_full_tier1_20260729_01/tier1/200_250/media/Kuz5u9XUxDM_s0000443874_e0000446398.mp4,tier1,cuda,nvenc,cutfix_full_tier1_20260729_01
Kuz5u9XUxDM_s0000447874_e0000456158,Kuz5u9XUxDM,447.874,456.158,8.284,1.0,1.0,17.13,/kaggle/working/cut_cutfix_full_tier1_20260729_01/tier1/200_250/media/Kuz5u9XUxDM_s0000447874_e0000456158.mp4,tier1,cuda,nvenc,cutfix_full_tier1_20260729_01
Kuz5u9XUxDM_s0000459266_e0000464446,Kuz5u9XUxDM,459.266,464.446,5.18,1.0,1.0,15.11,/kaggle/working/cut_cutfix_full_tier1_20260729_01/tier1/200_250/media/Kuz5u9XUxDM_s0000459266_e0000464446.mp4,tier1,cuda,nvenc,cutfix_full_tier1_20260729_01
Kuz5u9XUxDM_s0000464738_e0000469822,Kuz5u9XUxDM,464.738,469.822,5.084,1.0,1.0,17.48,/kaggle/working/cut_cutfix_full_tier1_20260729_01/tier1/200_250/media/Kuz5u9XUxDM_s0000464738_e0000469822.mp4,tier1,cuda,nvenc,cutfix_full_tier1_20260729_01
Kuz5u9XUxDM_s0000469954_e0000478270,Kuz5u9XUxDM,469.954,478.27,8.316,1.0,1.0,17.03,/kaggle/working/cut_cutfix_full_tier1_20260729_01/tier1/200_250/media/Kuz5u9XUxDM_s0000469954_e0000478270.mp4,tier1,cuda,nvenc,cutfix_full_tier1_20260729_01
Kuz5u9XUxDM_s0000478562_e0000480990,Kuz5u9XUxDM,478.562,480.99,2.428,1.0,1.0,17.46,/kaggle/working/cut_cutfix_full_tier1_20260729_01/tier1/200_250/media/Kuz5u9XUxDM_s0000478562_e0000480990.mp4,tier1,cuda,nvenc,cutfix_full_tier1_20260729_01
Kuz5u9XUxDM_s0000482018_e0000485918,Kuz5u9XUxDM,482.018,485.918,3.9,1.0,1.0,15.21,/kaggle/working/cut_cutfix_full_tier1_20260729_01/tier1/200_250/media/Kuz5u9XUxDM_s0000482018_e0000485918.mp4,tier1,cuda,nvenc,cutfix_full_tier1_20260729_01
Kuz5u9XUxDM_s0000489250_e0000492414,Kuz5u9XUxDM,489.25,492.414,3.164,1.0,1.0,18.27,/kaggle/working/cut_cutfix_full_tier1_20260729_01/tier1/200_250/media/Kuz5u9XUxDM_s0000489250_e0000492414.mp4,tier1,cuda,nvenc,cutfix_full_tier1_20260729_01
Kuz5u9XUxDM_s0000492706_e0000494942,Kuz5u9XUxDM,492.706,494.942,2.236,1.0,1.0,16.24,/kaggle/working/cut_cutfix_full_tier1_20260729_01/tier1/200_250/media/Kuz5u9XUxDM_s0000492706_e0000494942.mp4,tier1,cuda,nvenc,cutfix_full_tier1_20260729_01
Kuz5u9XUxDM_s0000497250_e0000502250,Kuz5u9XUxDM,497.25,502.25,5.0,1.0,1.0,17.15,/kaggle/working/cut_cutfix_full_tier1_20260729_01/tier1/200_250/media/Kuz5u9XUxDM_s0000497250_e0000502250.mp4,tier1,cuda,nvenc,cutfix_full_tier1_20260729_01
Kuz5u9XUxDM_s0000501250_e0000506250,Kuz5u9XUxDM,501.25,506.25,5.0,1.0,1.0,17.89,/kaggle/working/cut_cutfix_full_tier1_20260729_01/tier1/200_250/media/Kuz5u9XUxDM_s0000501250_e0000506250.mp4,tier1,cuda,nvenc,cutfix_full_tier1_20260729_01
Kuz5u9XUxDM_s0000505250_e0000510250,Kuz5u9XUxDM,505.25,510.25,5.0,1.0,1.0,16.28,/kaggle/working/cut_cutfix_full_tier1_20260729_01/tier1/200_250/media/Kuz5u9XUxDM_s0000505250_e0000510250.mp4,tier1,cuda,nvenc,cutfix_full_tier1_20260729_01
Kuz5u9XUxDM_s0000509250_e0000514250,Kuz5u9XUxDM,509.25,514.25,5.0,1.0,1.0,16.96,/kaggle/working/cut_cutfix_full_tier1_20260729_01/tier1/200_250/media/Kuz5u9XUxDM_s0000509250_e0000514250.mp4,tier1,cuda,nvenc,cutfix_full_tier1_20260729_01
Kuz5u9XUxDM_s0000513250_e0000515934,Kuz5u9XUxDM,513.25,515.934,2.684,1.0,1.0,17.38,/kaggle/working/cut_cutfix_full_tier1_20260729_01/tier1/200_250/media/Kuz5u9XUxDM_s0000513250_e0000515934.mp4,tier1,cuda,nvenc,cutfix_full_tier1_20260729_01
Kuz5u9XUxDM_s0000517122_e0000522122,Kuz5u9XUxDM,517.122,522.122,5.0,1.0,1.0,16.54,/kaggle/working/cut_cutfix_full_tier1_20260729_01/tier1/200_250/media/Kuz5u9XUxDM_s0000517122_e0000522122.mp4,tier1,cuda,nvenc,cutfix_full_tier1_20260729_01
Kuz5u9XUxDM_s0000521122_e0000526122,Kuz5u9XUxDM,521.122,526.122,5.0,1.0,1.0,17.71,/kaggle/working/cut_cutfix_full_tier1_20260729_01/tier1/200_250/media/Kuz5u9XUxDM_s0000521122_e0000526122.mp4,tier1,cuda,nvenc,cutfix_full_tier1_20260729_01
Kuz5u9XUxDM_s0000525122_e0000530122,Kuz5u9XUxDM,525.122,530.122,5.0,1.0,1.0,16.85,/kaggle/working/cut_cutfix_full_tier1_20260729_01/tier1/200_250/media/Kuz5u9XUxDM_s0000525122_e0000530122.mp4,tier1,cuda,nvenc,cutfix_full_tier1_20260729_01
Kuz5u9XUxDM_s0000532546_e0000535998,Kuz5u9XUxDM,532.546,535.998,3.452,1.0,1.0,17.77,/kaggle/working/cut_cutfix_full_tier1_20260729_01/tier1/200_250/media/Kuz5u9XUxDM_s0000532546_e0000535998.mp4,tier1,cuda,nvenc,cutfix_full_tier1_20260729_01
Kuz5u9XUxDM_s0000536162_e0000538494,Kuz5u9XUxDM,536.162,538.494,2.332,1.0,1.0,19.0,/kaggle/working/cut_cutfix_full_tier1_20260729_01/tier1/200_250/media/Kuz5u9XUxDM_s0000536162_e0000538494.mp4,tier1,cuda,nvenc,cutfix_full_tier1_20260729_01
Kuz5u9XUxDM_s0000543810_e0000548030,Kuz5u9XUxDM,543.81,548.03,4.22,1.0,1.0,19.32,/kaggle/working/cut_cutfix_full_tier1_20260729_01/tier1/200_250/media/Kuz5u9XUxDM_s0000543810_e0000548030.mp4,tier1,cuda,nvenc,cutfix_full_tier1_20260729_01
Kuz5u9XUxDM_s0000548162_e0000555678,Kuz5u9XUxDM,548.162,555.678,7.516,1.0,1.0,18.46,/kaggle/working/cut_cutfix_full_tier1_20260729_01/tier1/200_250/media/Kuz5u9XUxDM_s0000548162_e0000555678.mp4,tier1,cuda,nvenc,cutfix_full_tier1_20260729_01
Kuz5u9XUxDM_s0000556002_e0000562398,Kuz5u9XUxDM,556.002,562.398,6.396,1.0,1.0,16.8,/kaggle/working/cut_cutfix_full_tier1_20260729_01/tier1/200_250/media/Kuz5u9XUxDM_s0000556002_e0000562398.mp4,tier1,cuda,nvenc,cutfix_full_tier1_20260729_01
Kuz5u9XUxDM_s0000562498_e0000566206,Kuz5u9XUxDM,562.498,566.206,3.708,1.0,1.0,15.85,/kaggle/working/cut_cutfix_full_tier1_20260729_01/tier1/200_250/media/Kuz5u9XUxDM_s0000562498_e0000566206.mp4,tier1,cuda,nvenc,cutfix_full_tier1_20260729_01
Kuz5u9XUxDM_s0000566434_e0000572062,Kuz5u9XUxDM,566.434,572.062,5.628,1.0,1.0,17.97,/kaggle/working/cut_cutfix_full_tier1_20260729_01/tier1/200_250/media/Kuz5u9XUxDM_s0000566434_e0000572062.mp4,tier1,cuda,nvenc,cutfix_full_tier1_20260729_01
Kuz5u9XUxDM_s0000579778_e0000584382,Kuz5u9XUxDM,579.778,584.382,4.604,1.0,1.0,16.51,/kaggle/working/cut_cutfix_full_tier1_20260729_01/tier1/200_250/media/Kuz5u9XUxDM_s0000579778_e0000584382.mp4,tier1,cuda,nvenc,cutfix_full_tier1_20260729_01
Kuz5u9XUxDM_s0000588226_e0000590590,Kuz5u9XUxDM,588.226,590.59,2.364,1.0,1.0,17.79,/kaggle/working/cut_cutfix_full_tier1_20260729_01/tier1/200_250/media/Kuz5u9XUxDM_s0000588226_e0000590590.mp4,tier1,cuda,nvenc,cutfix_full_tier1_20260729_01
Kuz5u9XUxDM_s0000590722_e0000597598,Kuz5u9XUxDM,590.722,597.598,6.876,1.0,1.0,17.76,/kaggle/working/cut_cutfix_full_tier1_20260729_01/tier1/200_250/media/Kuz5u9XUxDM_s0000590722_e0000597598.mp4,tier1,cuda,nvenc,cutfix_full_tier1_20260729_01
Kuz5u9XUxDM_s0000597698_e0000603614,Kuz5u9XUxDM,597.698,603.614,5.916,1.0,1.0,17.06,/kaggle/working/cut_cutfix_full_tier1_20260729_01/tier1/200_250/media/Kuz5u9XUxDM_s0000597698_e0000603614.mp4,tier1,cuda,nvenc,cutfix_full_tier1_20260729_01
Kuz5u9XUxDM_s0000606434_e0000612094,Kuz5u9XUxDM,606.434,612.094,5.66,1.0,1.0,16.74,/kaggle/working/cut_cutfix_full_tier1_20260729_01/tier1/200_250/media/Kuz5u9XUxDM_s0000606434_e0000612094.mp4,tier1,cuda,nvenc,cutfix_full_tier1_20260729_01
Kuz5u9XUxDM_s0000612258_e0000617118,Kuz5u9XUxDM,612.258,617.118,4.86,1.0,1.0,18.93,/kaggle/working/cut_cutfix_full_tier1_20260729_01/tier1/200_250/media/Kuz5u9XUxDM_s0000612258_e0000617118.mp4,tier1,cuda,nvenc,cutfix_full_tier1_20260729_01
Kuz5u9XUxDM_s0000617282_e0000619774,Kuz5u9XUxDM,617.282,619.774,2.492,1.0,1.0,15.98,/kaggle/working/cut_cutfix_full_tier1_20260729_01/tier1/200_250/media/Kuz5u9XUxDM_s0000617282_e0000619774.mp4,tier1,cuda,nvenc,cutfix_full_tier1_20260729_01
Kuz5u9XUxDM_s0000620130_e0000625130,Kuz5u9XUxDM,620.13,625.13,5.0,1.0,1.0,18.41,/kaggle/working/cut_cutfix_full_tier1_20260729_01/tier1/200_250/media/Kuz5u9XUxDM_s0000620130_e0000625130.mp4,tier1,cuda,nvenc,cutfix_full_tier1_20260729_01
Kuz5u9XUxDM_s0000624130_e0000629130,Kuz5u9XUxDM,624.13,629.13,5.0,1.0,1.0,16.62,/kaggle/working/cut_cutfix_full_tier1_20260729_01/tier1/200_250/media/Kuz5u9XUxDM_s0000624130_e0000629130.mp4,tier1,cuda,nvenc,cutfix_full_tier1_20260729_01
Kuz5u9XUxDM_s0000628130_e0000633130,Kuz5u9XUxDM,628.13,633.13,5.0,1.0,1.0,18.26,/kaggle/working/cut_cutfix_full_tier1_20260729_01/tier1/200_250/media/Kuz5u9XUxDM_s0000628130_e0000633130.mp4,tier1,cuda,nvenc,cutfix_full_tier1_20260729_01
Kuz5u9XUxDM_s0000632130_e0000635806,Kuz5u9XUxDM,632.13,635.806,3.676,1.0,1.0,16.33,/kaggle/working/cut_cutfix_full_tier1_20260729_01/tier1/200_250/media/Kuz5u9XUxDM_s0000632130_e0000635806.mp4,tier1,cuda,nvenc,cutfix_full_tier1_20260729_01
Kuz5u9XUxDM_s0000635970_e0000640830,Kuz5u9XUxDM,635.97,640.83,4.86,1.0,1.0,16.81,/kaggle/working/cut_cutfix_full_tier1_20260729_01/tier1/200_250/media/Kuz5u9XUxDM_s0000635970_e0000640830.mp4,tier1,cuda,nvenc,cutfix_full_tier1_20260729_01
Kuz5u9XUxDM_s0000641218_e0000643230,Kuz5u9XUxDM,641.218,643.23,2.012,1.0,1.0,17.59,/kaggle/working/cut_cutfix_full_tier1_20260729_01/tier1/200_250/media/Kuz5u9XUxDM_s0000641218_e0000643230.mp4,tier1,cuda,nvenc,cutfix_full_tier1_20260729_01
Kuz5u9XUxDM_s0000643458_e0000649342,Kuz5u9XUxDM,643.458,649.342,5.884,1.0,1.0,17.26,/kaggle/working/cut_cutfix_full_tier1_20260729_01/tier1/200_250/media/Kuz5u9XUxDM_s0000643458_e0000649342.mp4,tier1,cuda,nvenc,cutfix_full_tier1_20260729_01
Kuz5u9XUxDM_s0000649474_e0000654474,Kuz5u9XUxDM,649.474,654.474,5.0,1.0,1.0,18.07,/kaggle/working/cut_cutfix_full_tier1_20260729_01/tier1/200_250/media/Kuz5u9XUxDM_s0000649474_e0000654474.mp4,tier1,cuda,nvenc,cutfix_full_tier1_20260729_01
Kuz5u9XUxDM_s0000653474_e0000658474,Kuz5u9XUxDM,653.474,658.474,5.0,1.0,1.0,16.8,/kaggle/working/cut_cutfix_full_tier1_20260729_01/tier1/200_250/media/Kuz5u9XUxDM_s0000653474_e0000658474.mp4,tier1,cuda,nvenc,cutfix_full_tier1_20260729_01
Kuz5u9XUxDM_s0000657474_e0000662474,Kuz5u9XUxDM,657.474,662.474,5.0,1.0,1.0,15.64,/kaggle/working/cut_cutfix_full_tier1_20260729_01/tier1/200_250/media/Kuz5u9XUxDM_s0000657474_e0000662474.mp4,tier1,cuda,nvenc,cutfix_full_tier1_20260729_01
Kuz5u9XUxDM_s0000661474_e0000666474,Kuz5u9XUxDM,661.474,666.474,5.0,1.0,1.0,17.17,/kaggle/working/cut_cutfix_full_tier1_20260729_01/tier1/200_250/media/Kuz5u9XUxDM_s0000661474_e0000666474.mp4,tier1,cuda,nvenc,cutfix_full_tier1_20260729_01
Kuz5u9XUxDM_s0000665474_e0000670474,Kuz5u9XUxDM,665.474,670.474,5.0,1.0,1.0,16.98,/kaggle/working/cut_cutfix_full_tier1_20260729_01/tier1/200_250/media/Kuz5u9XUxDM_s0000665474_e0000670474.mp4,tier1,cuda,nvenc,cutfix_full_tier1_20260729_01
Kuz5u9XUxDM_s0000670754_e0000677694,Kuz5u9XUxDM,670.754,677.694,6.94,1.0,1.0,16.01,/kaggle/working/cut_cutfix_full_tier1_20260729_01/tier1/200_250/media/Kuz5u9XUxDM_s0000670754_e0000677694.mp4,tier1,cuda,nvenc,cutfix_full_tier1_20260729_01
Kuz5u9XUxDM_s0000677794_e0000683742,Kuz5u9XUxDM,677.794,683.742,5.948,1.0,1.0,17.85,/kaggle/working/cut_cutfix_full_tier1_20260729_01/tier1/200_250/media/Kuz5u9XUxDM_s0000677794_e0000683742.mp4,tier1,cuda,nvenc,cutfix_full_tier1_20260729_01
Kuz5u9XUxDM_s0000683842_e0000686078,Kuz5u9XUxDM,683.842,686.078,2.236,1.0,1.0,16.43,/kaggle/working/cut_cutfix_full_tier1_20260729_01/tier1/200_250/media/Kuz5u9XUxDM_s0000683842_e0000686078.mp4,tier1,cuda,nvenc,cutfix_full_tier1_20260729_01
Kx_k2LsAu2A_s0000013314_e0000020254,Kx_k2LsAu2A,13.314,20.254,6.94,1.0,1.0,6.94,/kaggle/working/cut_cutfix_full_tier1_20260729_01/tier1/200_250/media/Kx_k2LsAu2A_s0000013314_e0000020254.mp4,tier1,cuda,nvenc,cutfix_full_tier1_20260729_01
Kx_k2LsAu2A_s0000048770_e0000050814,Kx_k2LsAu2A,48.77,50.814,2.044,1.0,1.0,6.74,/kaggle/working/cut_cutfix_full_tier1_20260729_01/tier1/200_250/media/Kx_k2LsAu2A_s0000048770_e0000050814.mp4,tier1,cuda,nvenc,cutfix_full_tier1_20260729_01
Kx_k2LsAu2A_s0000050978_e0000053406,Kx_k2LsAu2A,50.978,53.406,2.428,1.0,1.0,6.3,/kaggle/working/cut_cutfix_full_tier1_20260729_01/tier1/200_250/media/Kx_k2LsAu2A_s0000050978_e0000053406.mp4,tier1,cuda,nvenc,cutfix_full_tier1_20260729_01
Kx_k2LsAu2A_s0000054850_e0000057022,Kx_k2LsAu2A,54.85,57.022,2.172,1.0,1.0,6.85,/kaggle/working/cut_cutfix_full_tier1_20260729_01/tier1/200_250/media/Kx_k2LsAu2A_s0000054850_e0000057022.mp4,tier1,cuda,nvenc,cutfix_full_tier1_20260729_01
Kx_k2LsAu2A_s0000057122_e0000062622,Kx_k2LsAu2A,57.122,62.622,5.5,1.0,1.0,5.75,/kaggle/working/cut_cutfix_full_tier1_20260729_01/tier1/200_250/media/Kx_k2LsAu2A_s0000057122_e0000062622.mp4,tier1,cuda,nvenc,cutfix_full_tier1_20260729_01
Kx_k2LsAu2A_s0000062850_e0000066014,Kx_k2LsAu2A,62.85,66.014,3.164,1.0,1.0,6.22,/kaggle/working/cut_cutfix_full_tier1_20260729_01/tier1/200_250/media/Kx_k2LsAu2A_s0000062850_e0000066014.mp4,tier1,cuda,nvenc,cutfix_full_tier1_20260729_01
Kx_k2LsAu2A_s0000066242_e0000071242,Kx_k2LsAu2A,66.242,71.242,5.0,1.0,1.0,6.46,/kaggle/working/cut_cutfix_full_tier1_20260729_01/tier1/200_250/media/Kx_k2LsAu2A_s0000066242_e0000071242.mp4,tier1,cuda,nvenc,cutfix_full_tier1_20260729_01
Kx_k2LsAu2A_s0000070242_e0000075242,Kx_k2LsAu2A,70.242,75.242,5.0,1.0,1.0,6.32,/kaggle/working/cut_cutfix_full_tier1_20260729_01/tier1/200_250/media/Kx_k2LsAu2A_s0000070242_e0000075242.mp4,tier1,cuda,nvenc,cutfix_full_tier1_20260729_01
Kx_k2LsAu2A_s0000074242_e0000079242,Kx_k2LsAu2A,74.242,79.242,5.0,1.0,1.0,5.65,/kaggle/working/cut_cutfix_full_tier1_20260729_01/tier1/200_250/media/Kx_k2LsAu2A_s0000074242_e0000079242.mp4,tier1,cuda,nvenc,cutfix_full_tier1_20260729_01
Kx_k2LsAu2A_s0000174114_e0000179114,Kx_k2LsAu2A,174.114,179.114,5.0,1.0,1.0,6.74,/kaggle/working/cut_cutfix_full_tier1_20260729_01/tier1/200_250/media/Kx_k2LsAu2A_s0000174114_e0000179114.mp4,tier1,cuda,nvenc,cutfix_full_tier1_20260729_01
Kx_k2LsAu2A_s0000178114_e0000183114,Kx_k2LsAu2A,178.114,183.114,5.0,1.0,1.0,6.39,/kaggle/working/cut_cutfix_full_tier1_20260729_01/tier1/200_250/media/Kx_k2LsAu2A_s0000178114_e0000183114.mp4,tier1,cuda,nvenc,cutfix_full_tier1_20260729_01
Kx_k2LsAu2A_s0000196514_e0000201514,Kx_k2LsAu2A,196.514,201.514,5.0,1.0,1.0,5.94,/kaggle/working/cut_cutfix_full_tier1_20260729_01/tier1/200_250/media/Kx_k2LsAu2A_s0000196514_e0000201514.mp4,tier1,cuda,nvenc,cutfix_full_tier1_20260729_01
Kx_k2LsAu2A_s0000216514_e0000221514,Kx_k2LsAu2A,216.514,221.514,5.0,1.0,1.0,6.59,/kaggle/working/cut_cutfix_full_tier1_20260729_01/tier1/200_250/media/Kx_k2LsAu2A_s0000216514_e0000221514.mp4,tier1,cuda,nvenc,cutfix_full_tier1_20260729_01
Kx_k2LsAu2A_s0000220514_e0000225514,Kx_k2LsAu2A,220.514,225.514,5.0,1.0,1.0,6.35,/kaggle/working/cut_cutfix_full_tier1_20260729_01/tier1/200_250/media/Kx_k2LsAu2A_s0000220514_e0000225514.mp4,tier1,cuda,nvenc,cutfix_full_tier1_20260729_01
Kx_k2LsAu2A_s0000238882_e0000241886,Kx_k2LsAu2A,238.882,241.886,3.004,1.0,1.0,6.3,/kaggle/working/cut_cutfix_full_tier1_20260729_01/tier1/200_250/media/Kx_k2LsAu2A_s0000238882_e0000241886.mp4,tier1,cuda,nvenc,cutfix_full_tier1_20260729_01
Kx_k2LsAu2A_s0000251202_e0000259038,Kx_k2LsAu2A,251.202,259.038,7.836,1.0,1.0,5.86,/kaggle/working/cut_cutfix_full_tier1_20260729_01/tier1/200_250/media/Kx_k2LsAu2A_s0000251202_e0000259038.mp4,tier1,cuda,nvenc,cutfix_full_tier1_20260729_01
Kx_k2LsAu2A_s0000291586_e0000296586,Kx_k2LsAu2A,291.586,296.586,5.0,1.0,1.0,6.88,/kaggle/working/cut_cutfix_full_tier1_20260729_01/tier1/200_250/media/Kx_k2LsAu2A_s0000291586_e0000296586.mp4,tier1,cuda,nvenc,cutfix_full_tier1_20260729_01
Kx_k2LsAu2A_s0000295586_e0000300586,Kx_k2LsAu2A,295.586,300.586,5.0,1.0,1.0,6.74,/kaggle/working/cut_cutfix_full_tier1_20260729_01/tier1/200_250/media/Kx_k2LsAu2A_s0000295586_e0000300586.mp4,tier1,cuda,nvenc,cutfix_full_tier1_20260729_01
Kx_k2LsAu2A_s0000309058_e0000314750,Kx_k2LsAu2A,309.058,314.75,5.692,1.0,1.0,6.59,/kaggle/working/cut_cutfix_full_tier1_20260729_01/tier1/200_250/media/Kx_k2LsAu2A_s0000309058_e0000314750.mp4,tier1,cuda,nvenc,cutfix_full_tier1_20260729_01
Kx_k2LsAu2A_s0000315010_e0000320010,Kx_k2LsAu2A,315.01,320.01,5.0,1.0,1.0,6.3,/kaggle/working/cut_cutfix_full_tier1_20260729_01/tier1/200_250/media/Kx_k2LsAu2A_s0000315010_e0000320010.mp4,tier1,cuda,nvenc,cutfix_full_tier1_20260729_01
Kx_k2LsAu2A_s0000319010_e0000324010,Kx_k2LsAu2A,319.01,324.01,5.0,1.0,1.0,5.94,/kaggle/working/cut_cutfix_full_tier1_20260729_01/tier1/200_250/media/Kx_k2LsAu2A_s0000319010_e0000324010.mp4,tier1,cuda,nvenc,cutfix_full_tier1_20260729_01
Kx_k2LsAu2A_s0000323010_e0000327198,Kx_k2LsAu2A,323.01,327.198,4.188,1.0,1.0,5.88,/kaggle/working/cut_cutfix_full_tier1_20260729_01/tier1/200_250/media/Kx_k2LsAu2A_s0000323010_e0000327198.mp4,tier1,cuda,nvenc,cutfix_full_tier1_20260729_01
Kx_k2LsAu2A_s0000363938_e0000368938,Kx_k2LsAu2A,363.938,368.938,5.0,1.0,1.0,6.12,/kaggle/working/cut_cutfix_full_tier1_20260729_01/tier1/200_250/media/Kx_k2LsAu2A_s0000363938_e0000368938.mp4,tier1,cuda,nvenc,cutfix_full_tier1_20260729_01
Kx_k2LsAu2A_s0000373154_e0000376670,Kx_k2LsAu2A,373.154,376.67,3.516,1.0,1.0,7.84,/kaggle/working/cut_cutfix_full_tier1_20260729_01/tier1/200_250/media/Kx_k2LsAu2A_s0000373154_e0000376670.mp4,tier1,cuda,nvenc,cutfix_full_tier1_20260729_01
Kx_k2LsAu2A_s0000376898_e0000383774,Kx_k2LsAu2A,376.898,383.774,6.876,1.0,1.0,6.31,/kaggle/working/cut_cutfix_full_tier1_20260729_01/tier1/200_250/media/Kx_k2LsAu2A_s0000376898_e0000383774.mp4,tier1,cuda,nvenc,cutfix_full_tier1_20260729_01
Kx_k2LsAu2A_s0000383906_e0000393374,Kx_k2LsAu2A,383.906,393.374,9.468,1.0,1.0,5.86,/kaggle/working/cut_cutfix_full_tier1_20260729_01/tier1/200_250/media/Kx_k2LsAu2A_s0000383906_e0000393374.mp4,tier1,cuda,nvenc,cutfix_full_tier1_20260729_01
Kx_k2LsAu2A_s0000403618_e0000408618,Kx_k2LsAu2A,403.618,408.618,5.0,1.0,1.0,6.06,/kaggle/working/cut_cutfix_full_tier1_20260729_01/tier1/200_250/media/Kx_k2LsAu2A_s0000403618_e0000408618.mp4,tier1,cuda,nvenc,cutfix_full_tier1_20260729_01
Kx_k2LsAu2A_s0000407618_e0000410750,Kx_k2LsAu2A,407.618,410.75,3.132,1.0,1.0,5.49,/kaggle/working/cut_cutfix_full_tier1_20260729_01/tier1/200_250/media/Kx_k2LsAu2A_s0000407618_e0000410750.mp4,tier1,cuda,nvenc,cutfix_full_tier1_20260729_01
Kx_k2LsAu2A_s0000414946_e0000419946,Kx_k2LsAu2A,414.946,419.946,5.0,1.0,1.0,6.48,/kaggle/working/cut_cutfix_full_tier1_20260729_01/tier1/200_250/media/Kx_k2LsAu2A_s0000414946_e0000419946.mp4,tier1,cuda,nvenc,cutfix_full_tier1_20260729_01
Kx_k2LsAu2A_s0000426946_e0000431946,Kx_k2LsAu2A,426.946,431.946,5.0,1.0,1.0,5.42,/kaggle/working/cut_cutfix_full_tier1_20260729_01/tier1/200_250/media/Kx_k2LsAu2A_s0000426946_e0000431946.mp4,tier1,cuda,nvenc,cutfix_full_tier1_20260729_01
Kx_k2LsAu2A_s0000438946_e0000443946,Kx_k2LsAu2A,438.946,443.946,5.0,1.0,1.0,5.38,/kaggle/working/cut_cutfix_full_tier1_20260729_01/tier1/200_250/media/Kx_k2LsAu2A_s0000438946_e0000443946.mp4,tier1,cuda,nvenc,cutfix_full_tier1_20260729_01
Kx_k2LsAu2A_s0000454946_e0000459946,Kx_k2LsAu2A,454.946,459.946,5.0,1.0,1.0,5.73,/kaggle/working/cut_cutfix_full_tier1_20260729_01/tier1/200_250/media/Kx_k2LsAu2A_s0000454946_e0000459946.mp4,tier1,cuda,nvenc,cutfix_full_tier1_20260729_01
Kx_k2LsAu2A_s0000458946_e0000463946,Kx_k2LsAu2A,458.946,463.946,5.0,1.0,1.0,5.88,/kaggle/working/cut_cutfix_full_tier1_20260729_01/tier1/200_250/media/Kx_k2LsAu2A_s0000458946_e0000463946.mp4,tier1,cuda,nvenc,cutfix_full_tier1_20260729_01
Kx_k2LsAu2A_s0000462946_e0000467946,Kx_k2LsAu2A,462.946,467.946,5.0,1.0,1.0,5.33,/kaggle/working/cut_cutfix_full_tier1_20260729_01/tier1/200_250/media/Kx_k2LsAu2A_s0000462946_e0000467946.mp4,tier1,cuda,nvenc,cutfix_full_tier1_20260729_01
Kx_k2LsAu2A_s0000469026_e0000471934,Kx_k2LsAu2A,469.026,471.934,2.908,1.0,1.0,5.54,/kaggle/working/cut_cutfix_full_tier1_20260729_01/tier1/200_250/media/Kx_k2LsAu2A_s0000469026_e0000471934.mp4,tier1,cuda,nvenc,cutfix_full_tier1_20260729_01
Kx_k2LsAu2A_s0000472514_e0000480990,Kx_k2LsAu2A,472.514,480.99,8.476,1.0,1.0,6.05,/kaggle/working/cut_cutfix_full_tier1_20260729_01/tier1/200_250/media/Kx_k2LsAu2A_s0000472514_e0000480990.mp4,tier1,cuda,nvenc,cutfix_full_tier1_20260729_01
Kx_k2LsAu2A_s0000487650_e0000490270,Kx_k2LsAu2A,487.65,490.27,2.62,1.0,1.0,6.59,/kaggle/working/cut_cutfix_full_tier1_20260729_01/tier1/200_250/media/Kx_k2LsAu2A_s0000487650_e0000490270.mp4,tier1,cuda,nvenc,cutfix_full_tier1_20260729_01
Kx_k2LsAu2A_s0000490402_e0000493374,Kx_k2LsAu2A,490.402,493.374,2.972,1.0,1.0,6.34,/kaggle/working/cut_cutfix_full_tier1_20260729_01/tier1/200_250/media/Kx_k2LsAu2A_s0000490402_e0000493374.mp4,tier1,cuda,nvenc,cutfix_full_tier1_20260729_01
Kx_k2LsAu2A_s0000493474_e0000497054,Kx_k2LsAu2A,493.474,497.054,3.58,1.0,1.0,5.71,/kaggle/working/cut_cutfix_full_tier1_20260729_01/tier1/200_250/media/Kx_k2LsAu2A_s0000493474_e0000497054.mp4,tier1,cuda,nvenc,cutfix_full_tier1_20260729_01
Kx_k2LsAu2A_s0000497314_e0000501022,Kx_k2LsAu2A,497.314,501.022,3.708,1.0,1.0,6.17,/kaggle/working/cut_cutfix_full_tier1_20260729_01/tier1/200_250/media/Kx_k2LsAu2A_s0000497314_e0000501022.mp4,tier1,cuda,nvenc,cutfix_full_tier1_20260729_01
Kx_k2LsAu2A_s0000501154_e0000503198,Kx_k2LsAu2A,501.154,503.198,2.044,1.0,1.0,6.35,/kaggle/working/cut_cutfix_full_tier1_20260729_01/tier1/200_250/media/Kx_k2LsAu2A_s0000501154_e0000503198.mp4,tier1,cuda,nvenc,cutfix_full_tier1_20260729_01
Kx_k2LsAu2A_s0000504802_e0000508190,Kx_k2LsAu2A,504.802,508.19,3.388,1.0,1.0,6.79,/kaggle/working/cut_cutfix_full_tier1_20260729_01/tier1/200_250/media/Kx_k2LsAu2A_s0000504802_e0000508190.mp4,tier1,cuda,nvenc,cutfix_full_tier1_20260729_01
Kx_k2LsAu2A_s0000535970_e0000540970,Kx_k2LsAu2A,535.97,540.97,5.0,1.0,1.0,5.53,/kaggle/working/cut_cutfix_full_tier1_20260729_01/tier1/200_250/media/Kx_k2LsAu2A_s0000535970_e0000540970.mp4,tier1,cuda,nvenc,cutfix_full_tier1_20260729_01
Kx_k2LsAu2A_s0000539970_e0000543646,Kx_k2LsAu2A,539.97,543.646,3.676,1.0,1.0,5.22,/kaggle/working/cut_cutfix_full_tier1_20260729_01/tier1/200_250/media/Kx_k2LsAu2A_s0000539970_e0000543646.mp4,tier1,cuda,nvenc,cutfix_full_tier1_20260729_01
Kx_k2LsAu2A_s0000543746_e0000546590,Kx_k2LsAu2A,543.746,546.59,2.844,1.0,1.0,5.1,/kaggle/working/cut_cutfix_full_tier1_20260729_01/tier1/200_250/media/Kx_k2LsAu2A_s0000543746_e0000546590.mp4,tier1,cuda,nvenc,cutfix_full_tier1_20260729_01
Kx_k2LsAu2A_s0000546690_e0000551690,Kx_k2LsAu2A,546.69,551.69,5.0,1.0,1.0,5.74,/kaggle/working/cut_cutfix_full_tier1_20260729_01/tier1/200_250/media/Kx_k2LsAu2A_s0000546690_e0000551690.mp4,tier1,cuda,nvenc,cutfix_full_tier1_20260729_01
Kx_k2LsAu2A_s0000554690_e0000559690,Kx_k2LsAu2A,554.69,559.69,5.0,1.0,1.0,5.21,/kaggle/working/cut_cutfix_full_tier1_20260729_01/tier1/200_250/media/Kx_k2LsAu2A_s0000554690_e0000559690.mp4,tier1,cuda,nvenc,cutfix_full_tier1_20260729_01
Kx_k2LsAu2A_s0000558690_e0000563690,Kx_k2LsAu2A,558.69,563.69,5.0,1.0,1.0,6.24,/kaggle/working/cut_cutfix_full_tier1_20260729_01/tier1/200_250/media/Kx_k2LsAu2A_s0000558690_e0000563690.mp4,tier1,cuda,nvenc,cutfix_full_tier1_20260729_01
Kx_k2LsAu2A_s0000567970_e0000570142,Kx_k2LsAu2A,567.97,570.142,2.172,1.0,1.0,6.99,/kaggle/working/cut_cutfix_full_tier1_20260729_01/tier1/200_250/media/Kx_k2LsAu2A_s0000567970_e0000570142.mp4,tier1,cuda,nvenc,cutfix_full_tier1_20260729_01
Kx_k2LsAu2A_s0000570338_e0000575166,Kx_k2LsAu2A,570.338,575.166,4.828,1.0,1.0,6.65,/kaggle/working/cut_cutfix_full_tier1_20260729_01/tier1/200_250/media/Kx_k2LsAu2A_s0000570338_e0000575166.mp4,tier1,cuda,nvenc,cutfix_full_tier1_20260729_01
Kx_k2LsAu2A_s0000578402_e0000584414,Kx_k2LsAu2A,578.402,584.414,6.012,1.0,1.0,6.98,/kaggle/working/cut_cutfix_full_tier1_20260729_01/tier1/200_250/media/Kx_k2LsAu2A_s0000578402_e0000584414.mp4,tier1,cuda,nvenc,cutfix_full_tier1_20260729_01
Kx_k2LsAu2A_s0000599746_e0000604746,Kx_k2LsAu2A,599.746,604.746,5.0,1.0,1.0,6.13,/kaggle/working/cut_cutfix_full_tier1_20260729_01/tier1/200_250/media/Kx_k2LsAu2A_s0000599746_e0000604746.mp4,tier1,cuda,nvenc,cutfix_full_tier1_20260729_01
Kx_k2LsAu2A_s0000619170_e0000622014,Kx_k2LsAu2A,619.17,622.014,2.844,1.0,1.0,7.26,/kaggle/working/cut_cutfix_full_tier1_20260729_01/tier1/200_250/media/Kx_k2LsAu2A_s0000619170_e0000622014.mp4,tier1,cuda,nvenc,cutfix_full_tier1_20260729_01
Kx_k2LsAu2A_s0000622178_e0000628478,Kx_k2LsAu2A,622.178,628.478,6.3,1.0,1.0,6.99,/kaggle/working/cut_cutfix_full_tier1_20260729_01/tier1/200_250/media/Kx_k2LsAu2A_s0000622178_e0000628478.mp4,tier1,cuda,nvenc,cutfix_full_tier1_20260729_01
Kx_k2LsAu2A_s0000628610_e0000631902,Kx_k2LsAu2A,628.61,631.902,3.292,1.0,1.0,5.89,/kaggle/working/cut_cutfix_full_tier1_20260729_01/tier1/200_250/media/Kx_k2LsAu2A_s0000628610_e0000631902.mp4,tier1,cuda,nvenc,cutfix_full_tier1_20260729_01
Kx_k2LsAu2A_s0000632002_e0000634878,Kx_k2LsAu2A,632.002,634.878,2.876,1.0,1.0,7.16,/kaggle/working/cut_cutfix_full_tier1_20260729_01/tier1/200_250/media/Kx_k2LsAu2A_s0000632002_e0000634878.mp4,tier1,cuda,nvenc,cutfix_full_tier1_20260729_01
Kx_k2LsAu2A_s0000677250_e0000682250,Kx_k2LsAu2A,677.25,682.25,5.0,1.0,1.0,6.66,/kaggle/working/cut_cutfix_full_tier1_20260729_01/tier1/200_250/media/Kx_k2LsAu2A_s0000677250_e0000682250.mp4,tier1,cuda,nvenc,cutfix_full_tier1_20260729_01
Kx_k2LsAu2A_s0000693250_e0000696670,Kx_k2LsAu2A,693.25,696.67,3.42,1.0,1.0,5.87,/kaggle/working/cut_cutfix_full_tier1_20260729_01/tier1/200_250/media/Kx_k2LsAu2A_s0000693250_e0000696670.mp4,tier1,cuda,nvenc,cutfix_full_tier1_20260729_01
Kx_k2LsAu2A_s0000699810_e0000705534,Kx_k2LsAu2A,699.81,705.534,5.724,1.0,1.0,6.7,/kaggle/working/cut_cutfix_full_tier1_20260729_01/tier1/200_250/media/Kx_k2LsAu2A_s0000699810_e0000705534.mp4,tier1,cuda,nvenc,cutfix_full_tier1_20260729_01
Kx_k2LsAu2A_s0000705666_e0000708958,Kx_k2LsAu2A,705.666,708.958,3.292,1.0,1.0,6.72,/kaggle/working/cut_cutfix_full_tier1_20260729_01/tier1/200_250/media/Kx_k2LsAu2A_s0000705666_e0000708958.mp4,tier1,cuda,nvenc,cutfix_full_tier1_20260729_01
Kx_k2LsAu2A_s0000709186_e0000716862,Kx_k2LsAu2A,709.186,716.862,7.676,1.0,1.0,6.35,/kaggle/working/cut_cutfix_full_tier1_20260729_01/tier1/200_250/media/Kx_k2LsAu2A_s0000709186_e0000716862.mp4,tier1,cuda,nvenc,cutfix_full_tier1_20260729_01
Kx_k2LsAu2A_s0000716994_e0000723614,Kx_k2LsAu2A,716.994,723.614,6.62,1.0,1.0,6.5,/kaggle/working/cut_cutfix_full_tier1_20260729_01/tier1/200_250/media/Kx_k2LsAu2A_s0000716994_e0000723614.mp4,tier1,cuda,nvenc,cutfix_full_tier1_20260729_01
Kx_k2LsAu2A_s0000797474_e0000805566,Kx_k2LsAu2A,797.474,805.566,8.092,1.0,1.0,4.29,/kaggle/working/cut_cutfix_full_tier1_20260729_01/tier1/200_250/media/Kx_k2LsAu2A_s0000797474_e0000805566.mp4,tier1,cuda,nvenc,cutfix_full_tier1_20260729_01
Kx_k2LsAu2A_s0000861666_e0000866666,Kx_k2LsAu2A,861.666,866.666,5.0,1.0,1.0,3.94,/kaggle/working/cut_cutfix_full_tier1_20260729_01/tier1/200_250/media/Kx_k2LsAu2A_s0000861666_e0000866666.mp4,tier1,cuda,nvenc,cutfix_full_tier1_20260729_01
Kx_k2LsAu2A_s0000884098_e0000887998,Kx_k2LsAu2A,884.098,887.998,3.9,1.0,1.0,3.62,/kaggle/working/cut_cutfix_full_tier1_20260729_01/tier1/200_250/media/Kx_k2LsAu2A_s0000884098_e0000887998.mp4,tier1,cuda,nvenc,cutfix_full_tier1_20260729_01
Kx_k2LsAu2A_s0000888130_e0000893310,Kx_k2LsAu2A,888.13,893.31,5.18,1.0,1.0,3.06,/kaggle/working/cut_cutfix_full_tier1_20260729_01/tier1/200_250/media/Kx_k2LsAu2A_s0000888130_e0000893310.mp4,tier1,cuda,nvenc,cutfix_full_tier1_20260729_01
Kx_k2LsAu2A_s0000893666_e0000900446,Kx_k2LsAu2A,893.666,900.446,6.78,1.0,1.0,2.71,/kaggle/working/cut_cutfix_full_tier1_20260729_01/tier1/200_250/media/Kx_k2LsAu2A_s0000893666_e0000900446.mp4,tier1,cuda,nvenc,cutfix_full_tier1_20260729_01
Kx_k2LsAu2A_s0000900898_e0000906526,Kx_k2LsAu2A,900.898,906.526,5.628,1.0,1.0,3.05,/kaggle/working/cut_cutfix_full_tier1_20260729_01/tier1/200_250/media/Kx_k2LsAu2A_s0000900898_e0000906526.mp4,tier1,cuda,nvenc,cutfix_full_tier1_20260729_01
Kx_k2LsAu2A_s0000906658_e0000911658,Kx_k2LsAu2A,906.658,911.658,5.0,1.0,1.0,2.41,/kaggle/working/cut_cutfix_full_tier1_20260729_01/tier1/200_250/media/Kx_k2LsAu2A_s0000906658_e0000911658.mp4,tier1,cuda,nvenc,cutfix_full_tier1_20260729_01
Kx_k2LsAu2A_s0000910658_e0000915658,Kx_k2LsAu2A,910.658,915.658,5.0,1.0,1.0,2.28,/kaggle/working/cut_cutfix_full_tier1_20260729_01/tier1/200_250/media/Kx_k2LsAu2A_s0000910658_e0000915658.mp4,tier1,cuda,nvenc,cutfix_full_tier1_20260729_01
Kx_k2LsAu2A_s0000955202_e0000962014,Kx_k2LsAu2A,955.202,962.014,6.812,1.0,1.0,4.13,/kaggle/working/cut_cutfix_full_tier1_20260729_01/tier1/200_250/media/Kx_k2LsAu2A_s0000955202_e0000962014.mp4,tier1,cuda,nvenc,cutfix_full_tier1_20260729_01
Kx_k2LsAu2A_s0000962210_e0000968574,Kx_k2LsAu2A,962.21,968.574,6.364,1.0,1.0,3.84,/kaggle/working/cut_cutfix_full_tier1_20260729_01/tier1/200_250/media/Kx_k2LsAu2A_s0000962210_e0000968574.mp4,tier1,cuda,nvenc,cutfix_full_tier1_20260729_01
Kx_k2LsAu2A_s0000968706_e0000970910,Kx_k2LsAu2A,968.706,970.91,2.204,1.0,1.0,5.83,/kaggle/working/cut_cutfix_full_tier1_20260729_01/tier1/200_250/media/Kx_k2LsAu2A_s0000968706_e0000970910.mp4,tier1,cuda,nvenc,cutfix_full_tier1_20260729_01
Kx_k2LsAu2A_s0000971010_e0000974206,Kx_k2LsAu2A,971.01,974.206,3.196,1.0,1.0,7.7,/kaggle/working/cut_cutfix_full_tier1_20260729_01/tier1/200_250/media/Kx_k2LsAu2A_s0000971010_e0000974206.mp4,tier1,cuda,nvenc,cutfix_full_tier1_20260729_01
Kx_k2LsAu2A_s0000976034_e0000983774,Kx_k2LsAu2A,976.034,983.774,7.74,0.857,1.0,6.12,/kaggle/working/cut_cutfix_full_tier1_20260729_01/tier1/200_250/media/Kx_k2LsAu2A_s0000976034_e0000983774.mp4,tier1,cuda,nvenc,cutfix_full_tier1_20260729_01
Kx_k2LsAu2A_s0001015010_e0001023486,Kx_k2LsAu2A,1015.01,1023.486,8.476,1.0,1.0,4.69,/kaggle/working/cut_cutfix_full_tier1_20260729_01/tier1/200_250/media/Kx_k2LsAu2A_s0001015010_e0001023486.mp4,tier1,cuda,nvenc,cutfix_full_tier1_20260729_01
Kx_k2LsAu2A_s0001023586_e0001029566,Kx_k2LsAu2A,1023.586,1029.566,5.98,1.0,1.0,4.36,/kaggle/working/cut_cutfix_full_tier1_20260729_01/tier1/200_250/media/Kx_k2LsAu2A_s0001023586_e0001029566.mp4,tier1,cuda,nvenc,cutfix_full_tier1_20260729_01
Kx_k2LsAu2A_s0001048354_e0001053598,Kx_k2LsAu2A,1048.354,1053.598,5.244,1.0,1.0,5.57,/kaggle/working/cut_cutfix_full_tier1_20260729_01/tier1/200_250/media/Kx_k2LsAu2A_s0001048354_e0001053598.mp4,tier1,cuda,nvenc,cutfix_full_tier1_20260729_01
Kx_k2LsAu2A_s0001057730_e0001062730,Kx_k2LsAu2A,1057.73,1062.73,5.0,1.0,1.0,5.77,/kaggle/working/cut_cutfix_full_tier1_20260729_01/tier1/200_250/media/Kx_k2LsAu2A_s0001057730_e0001062730.mp4,tier1,cuda,nvenc,cutfix_full_tier1_20260729_01
Kx_k2LsAu2A_s0001061730_e0001066730,Kx_k2LsAu2A,1061.73,1066.73,5.0,1.0,1.0,5.33,/kaggle/working/cut_cutfix_full_tier1_20260729_01/tier1/200_250/media/Kx_k2LsAu2A_s0001061730_e0001066730.mp4,tier1,cuda,nvenc,cutfix_full_tier1_20260729_01
Kx_k2LsAu2A_s0001065730_e0001070730,Kx_k2LsAu2A,1065.73,1070.73,5.0,1.0,1.0,5.37,/kaggle/working/cut_cutfix_full_tier1_20260729_01/tier1/200_250/media/Kx_k2LsAu2A_s0001065730_e0001070730.mp4,tier1,cuda,nvenc,cutfix_full_tier1_20260729_01
Kx_k2LsAu2A_s0001069730_e0001074730,Kx_k2LsAu2A,1069.73,1074.73,5.0,1.0,1.0,6.18,/kaggle/working/cut_cutfix_full_tier1_20260729_01/tier1/200_250/media/Kx_k2LsAu2A_s0001069730_e0001074730.mp4,tier1,cuda,nvenc,cutfix_full_tier1_20260729_01
Kx_k2LsAu2A_s0001075426_e0001080426,Kx_k2LsAu2A,1075.426,1080.426,5.0,1.0,1.0,3.79,/kaggle/working/cut_cutfix_full_tier1_20260729_01/tier1/200_250/media/Kx_k2LsAu2A_s0001075426_e0001080426.mp4,tier1,cuda,nvenc,cutfix_full_tier1_20260729_01
Kx_k2LsAu2A_s0001079426_e0001084426,Kx_k2LsAu2A,1079.426,1084.426,5.0,1.0,1.0,2.36,/kaggle/working/cut_cutfix_full_tier1_20260729_01/tier1/200_250/media/Kx_k2LsAu2A_s0001079426_e0001084426.mp4,tier1,cuda,nvenc,cutfix_full_tier1_20260729_01
Kx_k2LsAu2A_s0001087426_e0001092426,Kx_k2LsAu2A,1087.426,1092.426,5.0,1.0,1.0,2.95,/kaggle/working/cut_cutfix_full_tier1_20260729_01/tier1/200_250/media/Kx_k2LsAu2A_s0001087426_e0001092426.mp4,tier1,cuda,nvenc,cutfix_full_tier1_20260729_01
Kx_k2LsAu2A_s0001091426_e0001096426,Kx_k2LsAu2A,1091.426,1096.426,5.0,1.0,1.0,2.19,/kaggle/working/cut_cutfix_full_tier1_20260729_01/tier1/200_250/media/Kx_k2LsAu2A_s0001091426_e0001096426.mp4,tier1,cuda,nvenc,cutfix_full_tier1_20260729_01
Kx_k2LsAu2A_s0001112738_e0001115550,Kx_k2LsAu2A,1112.738,1115.55,2.812,1.0,1.0,4.59,/kaggle/working/cut_cutfix_full_tier1_20260729_01/tier1/200_250/media/Kx_k2LsAu2A_s0001112738_e0001115550.mp4,tier1,cuda,nvenc,cutfix_full_tier1_20260729_01
Kx_k2LsAu2A_s0001115682_e0001124734,Kx_k2LsAu2A,1115.682,1124.734,9.052,1.0,1.0,3.5,/kaggle/working/cut_cutfix_full_tier1_20260729_01/tier1/200_250/media/Kx_k2LsAu2A_s0001115682_e0001124734.mp4,tier1,cuda,nvenc,cutfix_full_tier1_20260729_01
Kx_k2LsAu2A_s0001133058_e0001138058,Kx_k2LsAu2A,1133.058,1138.058,5.0,1.0,1.0,4.4,/kaggle/working/cut_cutfix_full_tier1_20260729_01/tier1/200_250/media/Kx_k2LsAu2A_s0001133058_e0001138058.mp4,tier1,cuda,nvenc,cutfix_full_tier1_20260729_01
Kx_k2LsAu2A_s0001157762_e0001161278,Kx_k2LsAu2A,1157.762,1161.278,3.516,1.0,1.0,3.39,/kaggle/working/cut_cutfix_full_tier1_20260729_01/tier1/200_250/media/Kx_k2LsAu2A_s0001157762_e0001161278.mp4,tier1,cuda,nvenc,cutfix_full_tier1_20260729_01
Kx_k2LsAu2A_s0001161474_e0001168734,Kx_k2LsAu2A,1161.474,1168.734,7.26,1.0,1.0,3.63,/kaggle/working/cut_cutfix_full_tier1_20260729_01/tier1/200_250/media/Kx_k2LsAu2A_s0001161474_e0001168734.mp4,tier1,cuda,nvenc,cutfix_full_tier1_20260729_01
Kx_k2LsAu2A_s0001168898_e0001171902,Kx_k2LsAu2A,1168.898,1171.902,3.004,1.0,1.0,3.53,/kaggle/working/cut_cutfix_full_tier1_20260729_01/tier1/200_250/media/Kx_k2LsAu2A_s0001168898_e0001171902.mp4,tier1,cuda,nvenc,cutfix_full_tier1_20260729_01
Kx_k2LsAu2A_s0001172130_e0001175262,Kx_k2LsAu2A,1172.13,1175.262,3.132,1.0,1.0,3.95,/kaggle/working/cut_cutfix_full_tier1_20260729_01/tier1/200_250/media/Kx_k2LsAu2A_s0001172130_e0001175262.mp4,tier1,cuda,nvenc,cutfix_full_tier1_20260729_01
Kx_k2LsAu2A_s0001175714_e0001178014,Kx_k2LsAu2A,1175.714,1178.014,2.3,1.0,1.0,4.22,/kaggle/working/cut_cutfix_full_tier1_20260729_01/tier1/200_250/media/Kx_k2LsAu2A_s0001175714_e0001178014.mp4,tier1,cuda,nvenc,cutfix_full_tier1_20260729_01
Kx_k2LsAu2A_s0001178594_e0001181886,Kx_k2LsAu2A,1178.594,1181.886,3.292,1.0,1.0,3.44,/kaggle/working/cut_cutfix_full_tier1_20260729_01/tier1/200_250/media/Kx_k2LsAu2A_s0001178594_e0001181886.mp4,tier1,cuda,nvenc,cutfix_full_tier1_20260729_01
Lfs_5zAu2xE_s0000003522_e0000014078,Lfs_5zAu2xE,3.522,14.078,10.556,1.0,1.0,9.19,/kaggle/working/cut_cutfix_full_tier1_20260729_01/tier1/200_250/media/Lfs_5zAu2xE_s0000003522_e0000014078.mp4,tier1,cuda,nvenc,cutfix_full_tier1_20260729_01
Lfs_5zAu2xE_s0000017858_e0000024382,Lfs_5zAu2xE,17.858,24.382,6.524,0.857,1.0,8.28,/kaggle/working/cut_cutfix_full_tier1_20260729_01/tier1/200_250/media/Lfs_5zAu2xE_s0000017858_e0000024382.mp4,tier1,cuda,nvenc,cutfix_full_tier1_20260729_01
Lfs_5zAu2xE_s0000036674_e0000041674,Lfs_5zAu2xE,36.674,41.674,5.0,1.0,1.0,9.29,/kaggle/working/cut_cutfix_full_tier1_20260729_01/tier1/200_250/media/Lfs_5zAu2xE_s0000036674_e0000041674.mp4,tier1,cuda,nvenc,cutfix_full_tier1_20260729_01
Lfs_5zAu2xE_s0000040674_e0000045674,Lfs_5zAu2xE,40.674,45.674,5.0,1.0,1.0,8.05,/kaggle/working/cut_cutfix_full_tier1_20260729_01/tier1/200_250/media/Lfs_5zAu2xE_s0000040674_e0000045674.mp4,tier1,cuda,nvenc,cutfix_full_tier1_20260729_01
Lfs_5zAu2xE_s0000044674_e0000049674,Lfs_5zAu2xE,44.674,49.674,5.0,1.0,1.0,7.18,/kaggle/working/cut_cutfix_full_tier1_20260729_01/tier1/200_250/media/Lfs_5zAu2xE_s0000044674_e0000049674.mp4,tier1,cuda,nvenc,cutfix_full_tier1_20260729_01
Lfs_5zAu2xE_s0000051010_e0000056010,Lfs_5zAu2xE,51.01,56.01,5.0,1.0,1.0,7.93,/kaggle/working/cut_cutfix_full_tier1_20260729_01/tier1/200_250/media/Lfs_5zAu2xE_s0000051010_e0000056010.mp4,tier1,cuda,nvenc,cutfix_full_tier1_20260729_01
Lfs_5zAu2xE_s0000055010_e0000060010,Lfs_5zAu2xE,55.01,60.01,5.0,1.0,1.0,8.1,/kaggle/working/cut_cutfix_full_tier1_20260729_01/tier1/200_250/media/Lfs_5zAu2xE_s0000055010_e0000060010.mp4,tier1,cuda,nvenc,cutfix_full_tier1_20260729_01
Lfs_5zAu2xE_s0000059010_e0000064010,Lfs_5zAu2xE,59.01,64.01,5.0,1.0,1.0,7.55,/kaggle/working/cut_cutfix_full_tier1_20260729_01/tier1/200_250/media/Lfs_5zAu2xE_s0000059010_e0000064010.mp4,tier1,cuda,nvenc,cutfix_full_tier1_20260729_01
Lfs_5zAu2xE_s0000066722_e0000070942,Lfs_5zAu2xE,66.722,70.942,4.22,1.0,1.0,8.86,/kaggle/working/cut_cutfix_full_tier1_20260729_01/tier1/200_250/media/Lfs_5zAu2xE_s0000066722_e0000070942.mp4,tier1,cuda,nvenc,cutfix_full_tier1_20260729_01
Lfs_5zAu2xE_s0000071042_e0000076062,Lfs_5zAu2xE,71.042,76.062,5.02,1.0,1.0,7.44,/kaggle/working/cut_cutfix_full_tier1_20260729_01/tier1/200_250/media/Lfs_5zAu2xE_s0000071042_e0000076062.mp4,tier1,cuda,nvenc,cutfix_full_tier1_20260729_01
Lfs_5zAu2xE_s0000078466_e0000084990,Lfs_5zAu2xE,78.466,84.99,6.524,1.0,1.0,7.27,/kaggle/working/cut_cutfix_full_tier1_20260729_01/tier1/200_250/media/Lfs_5zAu2xE_s0000078466_e0000084990.mp4,tier1,cuda,nvenc,cutfix_full_tier1_20260729_01
Lfs_5zAu2xE_s0000085602_e0000093150,Lfs_5zAu2xE,85.602,93.15,7.548,1.0,1.0,10.05,/kaggle/working/cut_cutfix_full_tier1_20260729_01/tier1/200_250/media/Lfs_5zAu2xE_s0000085602_e0000093150.mp4,tier1,cuda,nvenc,cutfix_full_tier1_20260729_01
Lfs_5zAu2xE_s0000093314_e0000099326,Lfs_5zAu2xE,93.314,99.326,6.012,1.0,1.0,7.69,/kaggle/working/cut_cutfix_full_tier1_20260729_01/tier1/200_250/media/Lfs_5zAu2xE_s0000093314_e0000099326.mp4,tier1,cuda,nvenc,cutfix_full_tier1_20260729_01
Lfs_5zAu2xE_s0000142754_e0000147102,Lfs_5zAu2xE,142.754,147.102,4.348,0.8,1.0,8.82,/kaggle/working/cut_cutfix_full_tier1_20260729_01/tier1/200_250/media/Lfs_5zAu2xE_s0000142754_e0000147102.mp4,tier1,cuda,nvenc,cutfix_full_tier1_20260729_01
Lfs_5zAu2xE_s0000149730_e0000152702,Lfs_5zAu2xE,149.73,152.702,2.972,1.0,1.0,9.26,/kaggle/working/cut_cutfix_full_tier1_20260729_01/tier1/200_250/media/Lfs_5zAu2xE_s0000149730_e0000152702.mp4,tier1,cuda,nvenc,cutfix_full_tier1_20260729_01
Lfs_5zAu2xE_s0000167266_e0000172266,Lfs_5zAu2xE,167.266,172.266,5.0,1.0,1.0,8.77,/kaggle/working/cut_cutfix_full_tier1_20260729_01/tier1/200_250/media/Lfs_5zAu2xE_s0000167266_e0000172266.mp4,tier1,cuda,nvenc,cutfix_full_tier1_20260729_01
Lfs_5zAu2xE_s0000171266_e0000176266,Lfs_5zAu2xE,171.266,176.266,5.0,1.0,1.0,7.62,/kaggle/working/cut_cutfix_full_tier1_20260729_01/tier1/200_250/media/Lfs_5zAu2xE_s0000171266_e0000176266.mp4,tier1,cuda,nvenc,cutfix_full_tier1_20260729_01
Lfs_5zAu2xE_s0000175266_e0000180266,Lfs_5zAu2xE,175.266,180.266,5.0,1.0,1.0,8.5,/kaggle/working/cut_cutfix_full_tier1_20260729_01/tier1/200_250/media/Lfs_5zAu2xE_s0000175266_e0000180266.mp4,tier1,cuda,nvenc,cutfix_full_tier1_20260729_01
Lfs_5zAu2xE_s0000196226_e0000206750,Lfs_5zAu2xE,196.226,206.75,10.524,1.0,1.0,8.69,/kaggle/working/cut_cutfix_full_tier1_20260729_01/tier1/200_250/media/Lfs_5zAu2xE_s0000196226_e0000206750.mp4,tier1,cuda,nvenc,cutfix_full_tier1_20260729_01
Lfs_5zAu2xE_s0000213954_e0000216766,Lfs_5zAu2xE,213.954,216.766,2.812,1.0,1.0,9.59,/kaggle/working/cut_cutfix_full_tier1_20260729_01/tier1/200_250/media/Lfs_5zAu2xE_s0000213954_e0000216766.mp4,tier1,cuda,nvenc,cutfix_full_tier1_20260729_01
Lfs_5zAu2xE_s0000217090_e0000225182,Lfs_5zAu2xE,217.09,225.182,8.092,1.0,1.0,8.03,/kaggle/working/cut_cutfix_full_tier1_20260729_01/tier1/200_250/media/Lfs_5zAu2xE_s0000217090_e0000225182.mp4,tier1,cuda,nvenc,cutfix_full_tier1_20260729_01
Lfs_5zAu2xE_s0000226146_e0000237726,Lfs_5zAu2xE,226.146,237.726,11.58,1.0,1.0,9.0,/kaggle/working/cut_cutfix_full_tier1_20260729_01/tier1/200_250/media/Lfs_5zAu2xE_s0000226146_e0000237726.mp4,tier1,cuda,nvenc,cutfix_full_tier1_20260729_01
Lfs_5zAu2xE_s0000246274_e0000255646,Lfs_5zAu2xE,246.274,255.646,9.372,1.0,1.0,8.36,/kaggle/working/cut_cutfix_full_tier1_20260729_01/tier1/200_250/media/Lfs_5zAu2xE_s0000246274_e0000255646.mp4,tier1,cuda,nvenc,cutfix_full_tier1_20260729_01
Lfs_5zAu2xE_s0000256002_e0000265662,Lfs_5zAu2xE,256.002,265.662,9.66,1.0,1.0,8.13,/kaggle/working/cut_cutfix_full_tier1_20260729_01/tier1/200_250/media/Lfs_5zAu2xE_s0000256002_e0000265662.mp4,tier1,cuda,nvenc,cutfix_full_tier1_20260729_01
Lfs_5zAu2xE_s0000266018_e0000269662,Lfs_5zAu2xE,266.018,269.662,3.644,1.0,1.0,7.62,/kaggle/working/cut_cutfix_full_tier1_20260729_01/tier1/200_250/media/Lfs_5zAu2xE_s0000266018_e0000269662.mp4,tier1,cuda,nvenc,cutfix_full_tier1_20260729_01
Lfs_5zAu2xE_s0000269826_e0000278078,Lfs_5zAu2xE,269.826,278.078,8.252,1.0,1.0,7.22,/kaggle/working/cut_cutfix_full_tier1_20260729_01/tier1/200_250/media/Lfs_5zAu2xE_s0000269826_e0000278078.mp4,tier1,cuda,nvenc,cutfix_full_tier1_20260729_01
Lfs_5zAu2xE_s0000287522_e0000291070,Lfs_5zAu2xE,287.522,291.07,3.548,0.75,1.0,7.34,/kaggle/working/cut_cutfix_full_tier1_20260729_01/tier1/200_250/media/Lfs_5zAu2xE_s0000287522_e0000291070.mp4,tier1,cuda,nvenc,cutfix_full_tier1_20260729_01
Lfs_5zAu2xE_s0000291298_e0000295038,Lfs_5zAu2xE,291.298,295.038,3.74,1.0,1.0,7.51,/kaggle/working/cut_cutfix_full_tier1_20260729_01/tier1/200_250/media/Lfs_5zAu2xE_s0000291298_e0000295038.mp4,tier1,cuda,nvenc,cutfix_full_tier1_20260729_01
Lfs_5zAu2xE_s0000304834_e0000309438,Lfs_5zAu2xE,304.834,309.438,4.604,0.8,1.0,6.28,/kaggle/working/cut_cutfix_full_tier1_20260729_01/tier1/200_250/media/Lfs_5zAu2xE_s0000304834_e0000309438.mp4,tier1,cuda,nvenc,cutfix_full_tier1_20260729_01
Lfs_5zAu2xE_s0000318146_e0000320606,Lfs_5zAu2xE,318.146,320.606,2.46,1.0,1.0,7.18,/kaggle/working/cut_cutfix_full_tier1_20260729_01/tier1/200_250/media/Lfs_5zAu2xE_s0000318146_e0000320606.mp4,tier1,cuda,nvenc,cutfix_full_tier1_20260729_01
Lfs_5zAu2xE_s0000320706_e0000325118,Lfs_5zAu2xE,320.706,325.118,4.412,1.0,1.0,7.66,/kaggle/working/cut_cutfix_full_tier1_20260729_01/tier1/200_250/media/Lfs_5zAu2xE_s0000320706_e0000325118.mp4,tier1,cuda,nvenc,cutfix_full_tier1_20260729_01
Lfs_5zAu2xE_s0000325538_e0000335582,Lfs_5zAu2xE,325.538,335.582,10.044,1.0,1.0,7.46,/kaggle/working/cut_cutfix_full_tier1_20260729_01/tier1/200_250/media/Lfs_5zAu2xE_s0000325538_e0000335582.mp4,tier1,cuda,nvenc,cutfix_full_tier1_20260729_01
Lfs_5zAu2xE_s0000336130_e0000345790,Lfs_5zAu2xE,336.13,345.79,9.66,1.0,1.0,7.96,/kaggle/working/cut_cutfix_full_tier1_20260729_01/tier1/200_250/media/Lfs_5zAu2xE_s0000336130_e0000345790.mp4,tier1,cuda,nvenc,cutfix_full_tier1_20260729_01
Lfs_5zAu2xE_s0000345890_e0000354878,Lfs_5zAu2xE,345.89,354.878,8.988,1.0,1.0,7.75,/kaggle/working/cut_cutfix_full_tier1_20260729_01/tier1/200_250/media/Lfs_5zAu2xE_s0000345890_e0000354878.mp4,tier1,cuda,nvenc,cutfix_full_tier1_20260729_01
Lfs_5zAu2xE_s0000355426_e0000363934,Lfs_5zAu2xE,355.426,363.934,8.508,1.0,1.0,8.12,/kaggle/working/cut_cutfix_full_tier1_20260729_01/tier1/200_250/media/Lfs_5zAu2xE_s0000355426_e0000363934.mp4,tier1,cuda,nvenc,cutfix_full_tier1_20260729_01
Lfs_5zAu2xE_s0000364066_e0000373982,Lfs_5zAu2xE,364.066,373.982,9.916,1.0,1.0,7.53,/kaggle/working/cut_cutfix_full_tier1_20260729_01/tier1/200_250/media/Lfs_5zAu2xE_s0000364066_e0000373982.mp4,tier1,cuda,nvenc,cutfix_full_tier1_20260729_01
Lfs_5zAu2xE_s0000374338_e0000376894,Lfs_5zAu2xE,374.338,376.894,2.556,1.0,1.0,9.43,/kaggle/working/cut_cutfix_full_tier1_20260729_01/tier1/200_250/media/Lfs_5zAu2xE_s0000374338_e0000376894.mp4,tier1,cuda,nvenc,cutfix_full_tier1_20260729_01
Lfs_5zAu2xE_s0000376994_e0000382878,Lfs_5zAu2xE,376.994,382.878,5.884,1.0,1.0,7.78,/kaggle/working/cut_cutfix_full_tier1_20260729_01/tier1/200_250/media/Lfs_5zAu2xE_s0000376994_e0000382878.mp4,tier1,cuda,nvenc,cutfix_full_tier1_20260729_01
Lfs_5zAu2xE_s0000383394_e0000392414,Lfs_5zAu2xE,383.394,392.414,9.02,1.0,1.0,6.94,/kaggle/working/cut_cutfix_full_tier1_20260729_01/tier1/200_250/media/Lfs_5zAu2xE_s0000383394_e0000392414.mp4,tier1,cuda,nvenc,cutfix_full_tier1_20260729_01
Lfs_5zAu2xE_s0000401090_e0000408222,Lfs_5zAu2xE,401.09,408.222,7.132,1.0,1.0,6.72,/kaggle/working/cut_cutfix_full_tier1_20260729_01/tier1/200_250/media/Lfs_5zAu2xE_s0000401090_e0000408222.mp4,tier1,cuda,nvenc,cutfix_full_tier1_20260729_01
Lfs_5zAu2xE_s0000408546_e0000412030,Lfs_5zAu2xE,408.546,412.03,3.484,1.0,1.0,7.98,/kaggle/working/cut_cutfix_full_tier1_20260729_01/tier1/200_250/media/Lfs_5zAu2xE_s0000408546_e0000412030.mp4,tier1,cuda,nvenc,cutfix_full_tier1_20260729_01
Lfs_5zAu2xE_s0000412162_e0000416446,Lfs_5zAu2xE,412.162,416.446,4.284,1.0,1.0,6.79,/kaggle/working/cut_cutfix_full_tier1_20260729_01/tier1/200_250/media/Lfs_5zAu2xE_s0000412162_e0000416446.mp4,tier1,cuda,nvenc,cutfix_full_tier1_20260729_01
Lfs_5zAu2xE_s0000416578_e0000420190,Lfs_5zAu2xE,416.578,420.19,3.612,1.0,1.0,7.56,/kaggle/working/cut_cutfix_full_tier1_20260729_01/tier1/200_250/media/Lfs_5zAu2xE_s0000416578_e0000420190.mp4,tier1,cuda,nvenc,cutfix_full_tier1_20260729_01
Lfs_5zAu2xE_s0000422082_e0000425886,Lfs_5zAu2xE,422.082,425.886,3.804,1.0,1.0,7.36,/kaggle/working/cut_cutfix_full_tier1_20260729_01/tier1/200_250/media/Lfs_5zAu2xE_s0000422082_e0000425886.mp4,tier1,cuda,nvenc,cutfix_full_tier1_20260729_01
Lfs_5zAu2xE_s0000426242_e0000432414,Lfs_5zAu2xE,426.242,432.414,6.172,1.0,1.0,6.93,/kaggle/working/cut_cutfix_full_tier1_20260729_01/tier1/200_250/media/Lfs_5zAu2xE_s0000426242_e0000432414.mp4,tier1,cuda,nvenc,cutfix_full_tier1_20260729_01
Lfs_5zAu2xE_s0000432578_e0000437598,Lfs_5zAu2xE,432.578,437.598,5.02,1.0,1.0,7.49,/kaggle/working/cut_cutfix_full_tier1_20260729_01/tier1/200_250/media/Lfs_5zAu2xE_s0000432578_e0000437598.mp4,tier1,cuda,nvenc,cutfix_full_tier1_20260729_01
Lfs_5zAu2xE_s0000439874_e0000444670,Lfs_5zAu2xE,439.874,444.67,4.796,1.0,1.0,7.14,/kaggle/working/cut_cutfix_full_tier1_20260729_01/tier1/200_250/media/Lfs_5zAu2xE_s0000439874_e0000444670.mp4,tier1,cuda,nvenc,cutfix_full_tier1_20260729_01
Lfs_5zAu2xE_s0000452770_e0000459710,Lfs_5zAu2xE,452.77,459.71,6.94,1.0,1.0,8.24,/kaggle/working/cut_cutfix_full_tier1_20260729_01/tier1/200_250/media/Lfs_5zAu2xE_s0000452770_e0000459710.mp4,tier1,cuda,nvenc,cutfix_full_tier1_20260729_01
Lfs_5zAu2xE_s0000463874_e0000468874,Lfs_5zAu2xE,463.874,468.874,5.0,1.0,1.0,8.24,/kaggle/working/cut_cutfix_full_tier1_20260729_01/tier1/200_250/media/Lfs_5zAu2xE_s0000463874_e0000468874.mp4,tier1,cuda,nvenc,cutfix_full_tier1_20260729_01
Lfs_5zAu2xE_s0000467874_e0000472158,Lfs_5zAu2xE,467.874,472.158,4.284,1.0,1.0,8.14,/kaggle/working/cut_cutfix_full_tier1_20260729_01/tier1/200_250/media/Lfs_5zAu2xE_s0000467874_e0000472158.mp4,tier1,cuda,nvenc,cutfix_full_tier1_20260729_01
Lfs_5zAu2xE_s0000472386_e0000478750,Lfs_5zAu2xE,472.386,478.75,6.364,1.0,1.0,8.4,/kaggle/working/cut_cutfix_full_tier1_20260729_01/tier1/200_250/media/Lfs_5zAu2xE_s0000472386_e0000478750.mp4,tier1,cuda,nvenc,cutfix_full_tier1_20260729_01
i4kw3VyXADI_s0000009570_e0000011582,i4kw3VyXADI,9.57,11.582,2.012,1.0,1.0,36.7,/kaggle/working/cut_cutfix_full_tier1_20260729_01/tier1/200_250/media/i4kw3VyXADI_s0000009570_e0000011582.mp4,tier1,cuda,nvenc,cutfix_full_tier1_20260729_01
i4kw3VyXADI_s0000011810_e0000014046,i4kw3VyXADI,11.81,14.046,2.236,1.0,1.0,35.79,/kaggle/working/cut_cutfix_full_tier1_20260729_01/tier1/200_250/media/i4kw3VyXADI_s0000011810_e0000014046.mp4,tier1,cuda,nvenc,cutfix_full_tier1_20260729_01
i4kw3VyXADI_s0000014370_e0000024126,i4kw3VyXADI,14.37,24.126,9.756,1.0,1.0,36.21,/kaggle/working/cut_cutfix_full_tier1_20260729_01/tier1/200_250/media/i4kw3VyXADI_s0000014370_e0000024126.mp4,tier1,cuda,nvenc,cutfix_full_tier1_20260729_01
i4kw3VyXADI_s0000024354_e0000026974,i4kw3VyXADI,24.354,26.974,2.62,1.0,1.0,36.34,/kaggle/working/cut_cutfix_full_tier1_20260729_01/tier1/200_250/media/i4kw3VyXADI_s0000024354_e0000026974.mp4,tier1,cuda,nvenc,cutfix_full_tier1_20260729_01
i4kw3VyXADI_s0000027266_e0000029662,i4kw3VyXADI,27.266,29.662,2.396,1.0,1.0,35.51,/kaggle/working/cut_cutfix_full_tier1_20260729_01/tier1/200_250/media/i4kw3VyXADI_s0000027266_e0000029662.mp4,tier1,cuda,nvenc,cutfix_full_tier1_20260729_01
i4kw3VyXADI_s0000029922_e0000034174,i4kw3VyXADI,29.922,34.174,4.252,1.0,1.0,35.43,/kaggle/working/cut_cutfix_full_tier1_20260729_01/tier1/200_250/media/i4kw3VyXADI_s0000029922_e0000034174.mp4,tier1,cuda,nvenc,cutfix_full_tier1_20260729_01
i4kw3VyXADI_s0000034306_e0000037662,i4kw3VyXADI,34.306,37.662,3.356,1.0,1.0,36.1,/kaggle/working/cut_cutfix_full_tier1_20260729_01/tier1/200_250/media/i4kw3VyXADI_s0000034306_e0000037662.mp4,tier1,cuda,nvenc,cutfix_full_tier1_20260729_01
i4kw3VyXADI_s0000037858_e0000041758,i4kw3VyXADI,37.858,41.758,3.9,1.0,1.0,35.62,/kaggle/working/cut_cutfix_full_tier1_20260729_01/tier1/200_250/media/i4kw3VyXADI_s0000037858_e0000041758.mp4,tier1,cuda,nvenc,cutfix_full_tier1_20260729_01
i4kw3VyXADI_s0000042050_e0000050942,i4kw3VyXADI,42.05,50.942,8.892,1.0,1.0,36.69,/kaggle/working/cut_cutfix_full_tier1_20260729_01/tier1/200_250/media/i4kw3VyXADI_s0000042050_e0000050942.mp4,tier1,cuda,nvenc,cutfix_full_tier1_20260729_01
i4kw3VyXADI_s0000052834_e0000059518,i4kw3VyXADI,52.834,59.518,6.684,1.0,1.0,35.84,/kaggle/working/cut_cutfix_full_tier1_20260729_01/tier1/200_250/media/i4kw3VyXADI_s0000052834_e0000059518.mp4,tier1,cuda,nvenc,cutfix_full_tier1_20260729_01
i4kw3VyXADI_s0000059810_e0000065310,i4kw3VyXADI,59.81,65.31,5.5,1.0,1.0,36.4,/kaggle/working/cut_cutfix_full_tier1_20260729_01/tier1/200_250/media/i4kw3VyXADI_s0000059810_e0000065310.mp4,tier1,cuda,nvenc,cutfix_full_tier1_20260729_01
i4kw3VyXADI_s0000065634_e0000071550,i4kw3VyXADI,65.634,71.55,5.916,1.0,1.0,35.1,/kaggle/working/cut_cutfix_full_tier1_20260729_01/tier1/200_250/media/i4kw3VyXADI_s0000065634_e0000071550.mp4,tier1,cuda,nvenc,cutfix_full_tier1_20260729_01
i4kw3VyXADI_s0000071746_e0000077342,i4kw3VyXADI,71.746,77.342,5.596,1.0,1.0,36.14,/kaggle/working/cut_cutfix_full_tier1_20260729_01/tier1/200_250/media/i4kw3VyXADI_s0000071746_e0000077342.mp4,tier1,cuda,nvenc,cutfix_full_tier1_20260729_01
i4kw3VyXADI_s0000077634_e0000083550,i4kw3VyXADI,77.634,83.55,5.916,1.0,1.0,35.59,/kaggle/working/cut_cutfix_full_tier1_20260729_01/tier1/200_250/media/i4kw3VyXADI_s0000077634_e0000083550.mp4,tier1,cuda,nvenc,cutfix_full_tier1_20260729_01
i4kw3VyXADI_s0000083714_e0000086110,i4kw3VyXADI,83.714,86.11,2.396,1.0,1.0,35.59,/kaggle/working/cut_cutfix_full_tier1_20260729_01/tier1/200_250/media/i4kw3VyXADI_s0000083714_e0000086110.mp4,tier1,cuda,nvenc,cutfix_full_tier1_20260729_01
i4kw3VyXADI_s0000086434_e0000093310,i4kw3VyXADI,86.434,93.31,6.876,1.0,1.0,35.65,/kaggle/working/cut_cutfix_full_tier1_20260729_01/tier1/200_250/media/i4kw3VyXADI_s0000086434_e0000093310.mp4,tier1,cuda,nvenc,cutfix_full_tier1_20260729_01
i4kw3VyXADI_s0000093602_e0000099454,i4kw3VyXADI,93.602,99.454,5.852,1.0,1.0,36.35,/kaggle/working/cut_cutfix_full_tier1_20260729_01/tier1/200_250/media/i4kw3VyXADI_s0000093602_e0000099454.mp4,tier1,cuda,nvenc,cutfix_full_tier1_20260729_01
i4kw3VyXADI_s0000099714_e0000108510,i4kw3VyXADI,99.714,108.51,8.796,1.0,1.0,34.74,/kaggle/working/cut_cutfix_full_tier1_20260729_01/tier1/200_250/media/i4kw3VyXADI_s0000099714_e0000108510.mp4,tier1,cuda,nvenc,cutfix_full_tier1_20260729_01
i4kw3VyXADI_s0000108834_e0000113342,i4kw3VyXADI,108.834,113.342,4.508,1.0,1.0,35.5,/kaggle/working/cut_cutfix_full_tier1_20260729_01/tier1/200_250/media/i4kw3VyXADI_s0000108834_e0000113342.mp4,tier1,cuda,nvenc,cutfix_full_tier1_20260729_01
i4kw3VyXADI_s0000113634_e0000120286,i4kw3VyXADI,113.634,120.286,6.652,1.0,1.0,36.43,/kaggle/working/cut_cutfix_full_tier1_20260729_01/tier1/200_250/media/i4kw3VyXADI_s0000113634_e0000120286.mp4,tier1,cuda,nvenc,cutfix_full_tier1_20260729_01
i4kw3VyXADI_s0000127394_e0000132394,i4kw3VyXADI,127.394,132.394,5.0,1.0,1.0,35.77,/kaggle/working/cut_cutfix_full_tier1_20260729_01/tier1/200_250/media/i4kw3VyXADI_s0000127394_e0000132394.mp4,tier1,cuda,nvenc,cutfix_full_tier1_20260729_01
i4kw3VyXADI_s0000131394_e0000136394,i4kw3VyXADI,131.394,136.394,5.0,1.0,1.0,36.1,/kaggle/working/cut_cutfix_full_tier1_20260729_01/tier1/200_250/media/i4kw3VyXADI_s0000131394_e0000136394.mp4,tier1,cuda,nvenc,cutfix_full_tier1_20260729_01
i4kw3VyXADI_s0000135394_e0000139518,i4kw3VyXADI,135.394,139.518,4.124,1.0,1.0,35.81,/kaggle/working/cut_cutfix_full_tier1_20260729_01/tier1/200_250/media/i4kw3VyXADI_s0000135394_e0000139518.mp4,tier1,cuda,nvenc,cutfix_full_tier1_20260729_01
i4kw3VyXADI_s0000139842_e0000147486,i4kw3VyXADI,139.842,147.486,7.644,1.0,1.0,36.09,/kaggle/working/cut_cutfix_full_tier1_20260729_01/tier1/200_250/media/i4kw3VyXADI_s0000139842_e0000147486.mp4,tier1,cuda,nvenc,cutfix_full_tier1_20260729_01
i4kw3VyXADI_s0000147746_e0000150782,i4kw3VyXADI,147.746,150.782,3.036,1.0,1.0,36.17,/kaggle/working/cut_cutfix_full_tier1_20260729_01/tier1/200_250/media/i4kw3VyXADI_s0000147746_e0000150782.mp4,tier1,cuda,nvenc,cutfix_full_tier1_20260729_01
i4kw3VyXADI_s0000151042_e0000157662,i4kw3VyXADI,151.042,157.662,6.62,1.0,1.0,36.15,/kaggle/working/cut_cutfix_full_tier1_20260729_01/tier1/200_250/media/i4kw3VyXADI_s0000151042_e0000157662.mp4,tier1,cuda,nvenc,cutfix_full_tier1_20260729_01
i4kw3VyXADI_s0000157954_e0000160798,i4kw3VyXADI,157.954,160.798,2.844,1.0,1.0,36.05,/kaggle/working/cut_cutfix_full_tier1_20260729_01/tier1/200_250/media/i4kw3VyXADI_s0000157954_e0000160798.mp4,tier1,cuda,nvenc,cutfix_full_tier1_20260729_01
i4kw3VyXADI_s0000167682_e0000178590,i4kw3VyXADI,167.682,178.59,10.908,1.0,1.0,35.72,/kaggle/working/cut_cutfix_full_tier1_20260729_01/tier1/200_250/media/i4kw3VyXADI_s0000167682_e0000178590.mp4,tier1,cuda,nvenc,cutfix_full_tier1_20260729_01
i4kw3VyXADI_s0000178978_e0000181950,i4kw3VyXADI,178.978,181.95,2.972,1.0,1.0,37.25,/kaggle/working/cut_cutfix_full_tier1_20260729_01/tier1/200_250/media/i4kw3VyXADI_s0000178978_e0000181950.mp4,tier1,cuda,nvenc,cutfix_full_tier1_20260729_01
i4kw3VyXADI_s0000182082_e0000186462,i4kw3VyXADI,182.082,186.462,4.38,1.0,1.0,35.1,/kaggle/working/cut_cutfix_full_tier1_20260729_01/tier1/200_250/media/i4kw3VyXADI_s0000182082_e0000186462.mp4,tier1,cuda,nvenc,cutfix_full_tier1_20260729_01
i4kw3VyXADI_s0000186690_e0000188862,i4kw3VyXADI,186.69,188.862,2.172,1.0,1.0,36.6,/kaggle/working/cut_cutfix_full_tier1_20260729_01/tier1/200_250/media/i4kw3VyXADI_s0000186690_e0000188862.mp4,tier1,cuda,nvenc,cutfix_full_tier1_20260729_01
i4kw3VyXADI_s0000189186_e0000198558,i4kw3VyXADI,189.186,198.558,9.372,1.0,1.0,36.33,/kaggle/working/cut_cutfix_full_tier1_20260729_01/tier1/200_250/media/i4kw3VyXADI_s0000189186_e0000198558.mp4,tier1,cuda,nvenc,cutfix_full_tier1_20260729_01
i4kw3VyXADI_s0000198914_e0000203326,i4kw3VyXADI,198.914,203.326,4.412,1.0,1.0,35.83,/kaggle/working/cut_cutfix_full_tier1_20260729_01/tier1/200_250/media/i4kw3VyXADI_s0000198914_e0000203326.mp4,tier1,cuda,nvenc,cutfix_full_tier1_20260729_01
i4kw3VyXADI_s0000203618_e0000209374,i4kw3VyXADI,203.618,209.374,5.756,1.0,1.0,36.7,/kaggle/working/cut_cutfix_full_tier1_20260729_01/tier1/200_250/media/i4kw3VyXADI_s0000203618_e0000209374.mp4,tier1,cuda,nvenc,cutfix_full_tier1_20260729_01
i4kw3VyXADI_s0000213794_e0000218174,i4kw3VyXADI,213.794,218.174,4.38,1.0,1.0,36.27,/kaggle/working/cut_cutfix_full_tier1_20260729_01/tier1/200_250/media/i4kw3VyXADI_s0000213794_e0000218174.mp4,tier1,cuda,nvenc,cutfix_full_tier1_20260729_01
i4kw3VyXADI_s0000218370_e0000222334,i4kw3VyXADI,218.37,222.334,3.964,1.0,1.0,35.96,/kaggle/working/cut_cutfix_full_tier1_20260729_01/tier1/200_250/media/i4kw3VyXADI_s0000218370_e0000222334.mp4,tier1,cuda,nvenc,cutfix_full_tier1_20260729_01
i4kw3VyXADI_s0000222690_e0000227294,i4kw3VyXADI,222.69,227.294,4.604,1.0,1.0,36.26,/kaggle/working/cut_cutfix_full_tier1_20260729_01/tier1/200_250/media/i4kw3VyXADI_s0000222690_e0000227294.mp4,tier1,cuda,nvenc,cutfix_full_tier1_20260729_01
i4kw3VyXADI_s0000227522_e0000236030,i4kw3VyXADI,227.522,236.03,8.508,1.0,1.0,35.87,/kaggle/working/cut_cutfix_full_tier1_20260729_01/tier1/200_250/media/i4kw3VyXADI_s0000227522_e0000236030.mp4,tier1,cuda,nvenc,cutfix_full_tier1_20260729_01
i4kw3VyXADI_s0000236354_e0000241534,i4kw3VyXADI,236.354,241.534,5.18,1.0,1.0,35.38,/kaggle/working/cut_cutfix_full_tier1_20260729_01/tier1/200_250/media/i4kw3VyXADI_s0000236354_e0000241534.mp4,tier1,cuda,nvenc,cutfix_full_tier1_20260729_01
i4kw3VyXADI_s0000243970_e0000252798,i4kw3VyXADI,243.97,252.798,8.828,1.0,1.0,35.47,/kaggle/working/cut_cutfix_full_tier1_20260729_01/tier1/200_250/media/i4kw3VyXADI_s0000243970_e0000252798.mp4,tier1,cuda,nvenc,cutfix_full_tier1_20260729_01
i4kw3VyXADI_s0000253154_e0000262046,i4kw3VyXADI,253.154,262.046,8.892,1.0,1.0,35.19,/kaggle/working/cut_cutfix_full_tier1_20260729_01/tier1/200_250/media/i4kw3VyXADI_s0000253154_e0000262046.mp4,tier1,cuda,nvenc,cutfix_full_tier1_20260729_01
i4kw3VyXADI_s0000262338_e0000270302,i4kw3VyXADI,262.338,270.302,7.964,1.0,1.0,35.38,/kaggle/working/cut_cutfix_full_tier1_20260729_01/tier1/200_250/media/i4kw3VyXADI_s0000262338_e0000270302.mp4,tier1,cuda,nvenc,cutfix_full_tier1_20260729_01
i4kw3VyXADI_s0000270498_e0000274366,i4kw3VyXADI,270.498,274.366,3.868,1.0,1.0,35.45,/kaggle/working/cut_cutfix_full_tier1_20260729_01/tier1/200_250/media/i4kw3VyXADI_s0000270498_e0000274366.mp4,tier1,cuda,nvenc,cutfix_full_tier1_20260729_01
i4kw3VyXADI_s0000274594_e0000283998,i4kw3VyXADI,274.594,283.998,9.404,1.0,1.0,35.52,/kaggle/working/cut_cutfix_full_tier1_20260729_01/tier1/200_250/media/i4kw3VyXADI_s0000274594_e0000283998.mp4,tier1,cuda,nvenc,cutfix_full_tier1_20260729_01
i4kw3VyXADI_s0000284290_e0000293278,i4kw3VyXADI,284.29,293.278,8.988,1.0,1.0,35.32,/kaggle/working/cut_cutfix_full_tier1_20260729_01/tier1/200_250/media/i4kw3VyXADI_s0000284290_e0000293278.mp4,tier1,cuda,nvenc,cutfix_full_tier1_20260729_01
i4kw3VyXADI_s0000293474_e0000299582,i4kw3VyXADI,293.474,299.582,6.108,1.0,1.0,35.14,/kaggle/working/cut_cutfix_full_tier1_20260729_01/tier1/200_250/media/i4kw3VyXADI_s0000293474_e0000299582.mp4,tier1,cuda,nvenc,cutfix_full_tier1_20260729_01
i4kw3VyXADI_s0000299842_e0000308990,i4kw3VyXADI,299.842,308.99,9.148,1.0,1.0,35.95,/kaggle/working/cut_cutfix_full_tier1_20260729_01/tier1/200_250/media/i4kw3VyXADI_s0000299842_e0000308990.mp4,tier1,cuda,nvenc,cutfix_full_tier1_20260729_01
i4kw3VyXADI_s0000309218_e0000315902,i4kw3VyXADI,309.218,315.902,6.684,1.0,1.0,36.14,/kaggle/working/cut_cutfix_full_tier1_20260729_01/tier1/200_250/media/i4kw3VyXADI_s0000309218_e0000315902.mp4,tier1,cuda,nvenc,cutfix_full_tier1_20260729_01
i4kw3VyXADI_s0000316066_e0000321854,i4kw3VyXADI,316.066,321.854,5.788,1.0,1.0,36.04,/kaggle/working/cut_cutfix_full_tier1_20260729_01/tier1/200_250/media/i4kw3VyXADI_s0000316066_e0000321854.mp4,tier1,cuda,nvenc,cutfix_full_tier1_20260729_01
i4kw3VyXADI_s0000334658_e0000338430,i4kw3VyXADI,334.658,338.43,3.772,1.0,1.0,36.19,/kaggle/working/cut_cutfix_full_tier1_20260729_01/tier1/200_250/media/i4kw3VyXADI_s0000334658_e0000338430.mp4,tier1,cuda,nvenc,cutfix_full_tier1_20260729_01
i4kw3VyXADI_s0000338722_e0000347038,i4kw3VyXADI,338.722,347.038,8.316,1.0,1.0,36.03,/kaggle/working/cut_cutfix_full_tier1_20260729_01/tier1/200_250/media/i4kw3VyXADI_s0000338722_e0000347038.mp4,tier1,cuda,nvenc,cutfix_full_tier1_20260729_01
i4kw3VyXADI_s0000348386_e0000355390,i4kw3VyXADI,348.386,355.39,7.004,1.0,1.0,35.62,/kaggle/working/cut_cutfix_full_tier1_20260729_01/tier1/200_250/media/i4kw3VyXADI_s0000348386_e0000355390.mp4,tier1,cuda,nvenc,cutfix_full_tier1_20260729_01
i4kw3VyXADI_s0000355746_e0000365214,i4kw3VyXADI,355.746,365.214,9.468,1.0,1.0,35.46,/kaggle/working/cut_cutfix_full_tier1_20260729_01/tier1/200_250/media/i4kw3VyXADI_s0000355746_e0000365214.mp4,tier1,cuda,nvenc,cutfix_full_tier1_20260729_01
i4kw3VyXADI_s0000365506_e0000371038,i4kw3VyXADI,365.506,371.038,5.532,1.0,1.0,35.41,/kaggle/working/cut_cutfix_full_tier1_20260729_01/tier1/200_250/media/i4kw3VyXADI_s0000365506_e0000371038.mp4,tier1,cuda,nvenc,cutfix_full_tier1_20260729_01
i4kw3VyXADI_s0000371266_e0000380862,i4kw3VyXADI,371.266,380.862,9.596,1.0,1.0,36.29,/kaggle/working/cut_cutfix_full_tier1_20260729_01/tier1/200_250/media/i4kw3VyXADI_s0000371266_e0000380862.mp4,tier1,cuda,nvenc,cutfix_full_tier1_20260729_01
i4kw3VyXADI_s0000381122_e0000388862,i4kw3VyXADI,381.122,388.862,7.74,1.0,1.0,35.9,/kaggle/working/cut_cutfix_full_tier1_20260729_01/tier1/200_250/media/i4kw3VyXADI_s0000381122_e0000388862.mp4,tier1,cuda,nvenc,cutfix_full_tier1_20260729_01
i4kw3VyXADI_s0000389218_e0000398046,i4kw3VyXADI,389.218,398.046,8.828,1.0,1.0,36.16,/kaggle/working/cut_cutfix_full_tier1_20260729_01/tier1/200_250/media/i4kw3VyXADI_s0000389218_e0000398046.mp4,tier1,cuda,nvenc,cutfix_full_tier1_20260729_01
i4kw3VyXADI_s0000399586_e0000402686,i4kw3VyXADI,399.586,402.686,3.1,1.0,1.0,35.74,/kaggle/working/cut_cutfix_full_tier1_20260729_01/tier1/200_250/media/i4kw3VyXADI_s0000399586_e0000402686.mp4,tier1,cuda,nvenc,cutfix_full_tier1_20260729_01
i4kw3VyXADI_s0000402786_e0000407614,i4kw3VyXADI,402.786,407.614,4.828,1.0,1.0,35.63,/kaggle/working/cut_cutfix_full_tier1_20260729_01/tier1/200_250/media/i4kw3VyXADI_s0000402786_e0000407614.mp4,tier1,cuda,nvenc,cutfix_full_tier1_20260729_01
i4kw3VyXADI_s0000407938_e0000413502,i4kw3VyXADI,407.938,413.502,5.564,1.0,1.0,36.17,/kaggle/working/cut_cutfix_full_tier1_20260729_01/tier1/200_250/media/i4kw3VyXADI_s0000407938_e0000413502.mp4,tier1,cuda,nvenc,cutfix_full_tier1_20260729_01
i4kw3VyXADI_s0000422722_e0000433150,i4kw3VyXADI,422.722,433.15,10.428,1.0,1.0,36.41,/kaggle/working/cut_cutfix_full_tier1_20260729_01/tier1/200_250/media/i4kw3VyXADI_s0000422722_e0000433150.mp4,tier1,cuda,nvenc,cutfix_full_tier1_20260729_01
i4kw3VyXADI_s0000433506_e0000442654,i4kw3VyXADI,433.506,442.654,9.148,1.0,1.0,35.74,/kaggle/working/cut_cutfix_full_tier1_20260729_01/tier1/200_250/media/i4kw3VyXADI_s0000433506_e0000442654.mp4,tier1,cuda,nvenc,cutfix_full_tier1_20260729_01
i4kw3VyXADI_s0000444098_e0000448638,i4kw3VyXADI,444.098,448.638,4.54,1.0,1.0,36.88,/kaggle/working/cut_cutfix_full_tier1_20260729_01/tier1/200_250/media/i4kw3VyXADI_s0000444098_e0000448638.mp4,tier1,cuda,nvenc,cutfix_full_tier1_20260729_01
i4kw3VyXADI_s0000448930_e0000452542,i4kw3VyXADI,448.93,452.542,3.612,1.0,1.0,36.04,/kaggle/working/cut_cutfix_full_tier1_20260729_01/tier1/200_250/media/i4kw3VyXADI_s0000448930_e0000452542.mp4,tier1,cuda,nvenc,cutfix_full_tier1_20260729_01
i4kw3VyXADI_s0000452770_e0000455134,i4kw3VyXADI,452.77,455.134,2.364,1.0,1.0,34.89,/kaggle/working/cut_cutfix_full_tier1_20260729_01/tier1/200_250/media/i4kw3VyXADI_s0000452770_e0000455134.mp4,tier1,cuda,nvenc,cutfix_full_tier1_20260729_01
i4kw3VyXADI_s0000455394_e0000462462,i4kw3VyXADI,455.394,462.462,7.068,1.0,1.0,35.29,/kaggle/working/cut_cutfix_full_tier1_20260729_01/tier1/200_250/media/i4kw3VyXADI_s0000455394_e0000462462.mp4,tier1,cuda,nvenc,cutfix_full_tier1_20260729_01
i4kw3VyXADI_s0000466338_e0000469310,i4kw3VyXADI,466.338,469.31,2.972,1.0,1.0,35.47,/kaggle/working/cut_cutfix_full_tier1_20260729_01/tier1/200_250/media/i4kw3VyXADI_s0000466338_e0000469310.mp4,tier1,cuda,nvenc,cutfix_full_tier1_20260729_01
i4kw3VyXADI_s0000469634_e0000478846,i4kw3VyXADI,469.634,478.846,9.212,1.0,1.0,35.63,/kaggle/working/cut_cutfix_full_tier1_20260729_01/tier1/200_250/media/i4kw3VyXADI_s0000469634_e0000478846.mp4,tier1,cuda,nvenc,cutfix_full_tier1_20260729_01
i4kw3VyXADI_s0000479202_e0000486814,i4kw3VyXADI,479.202,486.814,7.612,1.0,1.0,36.21,/kaggle/working/cut_cutfix_full_tier1_20260729_01/tier1/200_250/media/i4kw3VyXADI_s0000479202_e0000486814.mp4,tier1,cuda,nvenc,cutfix_full_tier1_20260729_01
i4kw3VyXADI_s0000487106_e0000490622,i4kw3VyXADI,487.106,490.622,3.516,1.0,1.0,37.81,/kaggle/working/cut_cutfix_full_tier1_20260729_01/tier1/200_250/media/i4kw3VyXADI_s0000487106_e0000490622.mp4,tier1,cuda,nvenc,cutfix_full_tier1_20260729_01
i4kw3VyXADI_s0000490722_e0000496254,i4kw3VyXADI,490.722,496.254,5.532,1.0,1.0,35.81,/kaggle/working/cut_cutfix_full_tier1_20260729_01/tier1/200_250/media/i4kw3VyXADI_s0000490722_e0000496254.mp4,tier1,cuda,nvenc,cutfix_full_tier1_20260729_01
i4kw3VyXADI_s0000496546_e0000502494,i4kw3VyXADI,496.546,502.494,5.948,1.0,1.0,36.12,/kaggle/working/cut_cutfix_full_tier1_20260729_01/tier1/200_250/media/i4kw3VyXADI_s0000496546_e0000502494.mp4,tier1,cuda,nvenc,cutfix_full_tier1_20260729_01
i4kw3VyXADI_s0000502818_e0000505022,i4kw3VyXADI,502.818,505.022,2.204,1.0,1.0,36.45,/kaggle/working/cut_cutfix_full_tier1_20260729_01/tier1/200_250/media/i4kw3VyXADI_s0000502818_e0000505022.mp4,tier1,cuda,nvenc,cutfix_full_tier1_20260729_01
i4kw3VyXADI_s0000506818_e0000509950,i4kw3VyXADI,506.818,509.95,3.132,1.0,1.0,35.8,/kaggle/working/cut_cutfix_full_tier1_20260729_01/tier1/200_250/media/i4kw3VyXADI_s0000506818_e0000509950.mp4,tier1,cuda,nvenc,cutfix_full_tier1_20260729_01
i4kw3VyXADI_s0000510146_e0000515902,i4kw3VyXADI,510.146,515.902,5.756,1.0,1.0,36.87,/kaggle/working/cut_cutfix_full_tier1_20260729_01/tier1/200_250/media/i4kw3VyXADI_s0000510146_e0000515902.mp4,tier1,cuda,nvenc,cutfix_full_tier1_20260729_01
i4kw3VyXADI_s0000518242_e0000523358,i4kw3VyXADI,518.242,523.358,5.116,1.0,1.0,35.48,/kaggle/working/cut_cutfix_full_tier1_20260729_01/tier1/200_250/media/i4kw3VyXADI_s0000518242_e0000523358.mp4,tier1,cuda,nvenc,cutfix_full_tier1_20260729_01
i4kw3VyXADI_s0000523586_e0000531518,i4kw3VyXADI,523.586,531.518,7.932,1.0,1.0,35.94,/kaggle/working/cut_cutfix_full_tier1_20260729_01/tier1/200_250/media/i4kw3VyXADI_s0000523586_e0000531518.mp4,tier1,cuda,nvenc,cutfix_full_tier1_20260729_01
i4kw3VyXADI_s0000531874_e0000536990,i4kw3VyXADI,531.874,536.99,5.116,1.0,1.0,36.38,/kaggle/working/cut_cutfix_full_tier1_20260729_01/tier1/200_250/media/i4kw3VyXADI_s0000531874_e0000536990.mp4,tier1,cuda,nvenc,cutfix_full_tier1_20260729_01
i4kw3VyXADI_s0000537090_e0000539102,i4kw3VyXADI,537.09,539.102,2.012,1.0,1.0,36.09,/kaggle/working/cut_cutfix_full_tier1_20260729_01/tier1/200_250/media/i4kw3VyXADI_s0000537090_e0000539102.mp4,tier1,cuda,nvenc,cutfix_full_tier1_20260729_01
i4kw3VyXADI_s0000539234_e0000541310,i4kw3VyXADI,539.234,541.31,2.076,1.0,1.0,36.39,/kaggle/working/cut_cutfix_full_tier1_20260729_01/tier1/200_250/media/i4kw3VyXADI_s0000539234_e0000541310.mp4,tier1,cuda,nvenc,cutfix_full_tier1_20260729_01
i4kw3VyXADI_s0000541538_e0000545086,i4kw3VyXADI,541.538,545.086,3.548,1.0,1.0,36.37,/kaggle/working/cut_cutfix_full_tier1_20260729_01/tier1/200_250/media/i4kw3VyXADI_s0000541538_e0000545086.mp4,tier1,cuda,nvenc,cutfix_full_tier1_20260729_01
i4kw3VyXADI_s0000545346_e0000552478,i4kw3VyXADI,545.346,552.478,7.132,1.0,1.0,36.41,/kaggle/working/cut_cutfix_full_tier1_20260729_01/tier1/200_250/media/i4kw3VyXADI_s0000545346_e0000552478.mp4,tier1,cuda,nvenc,cutfix_full_tier1_20260729_01
i4kw3VyXADI_s0000552706_e0000558238,i4kw3VyXADI,552.706,558.238,5.532,1.0,1.0,36.26,/kaggle/working/cut_cutfix_full_tier1_20260729_01/tier1/200_250/media/i4kw3VyXADI_s0000552706_e0000558238.mp4,tier1,cuda,nvenc,cutfix_full_tier1_20260729_01
i4kw3VyXADI_s0000558594_e0000567358,i4kw3VyXADI,558.594,567.358,8.764,1.0,1.0,35.85,/kaggle/working/cut_cutfix_full_tier1_20260729_01/tier1/200_250/media/i4kw3VyXADI_s0000558594_e0000567358.mp4,tier1,cuda,nvenc,cutfix_full_tier1_20260729_01
i4kw3VyXADI_s0000567714_e0000576222,i4kw3VyXADI,567.714,576.222,8.508,1.0,1.0,35.72,/kaggle/working/cut_cutfix_full_tier1_20260729_01/tier1/200_250/media/i4kw3VyXADI_s0000567714_e0000576222.mp4,tier1,cuda,nvenc,cutfix_full_tier1_20260729_01
i4kw3VyXADI_s0000576546_e0000580478,i4kw3VyXADI,576.546,580.478,3.932,1.0,1.0,35.97,/kaggle/working/cut_cutfix_full_tier1_20260729_01/tier1/200_250/media/i4kw3VyXADI_s0000576546_e0000580478.mp4,tier1,cuda,nvenc,cutfix_full_tier1_20260729_01
i4kw3VyXADI_s0000580802_e0000587454,i4kw3VyXADI,580.802,587.454,6.652,1.0,1.0,36.16,/kaggle/working/cut_cutfix_full_tier1_20260729_01/tier1/200_250/media/i4kw3VyXADI_s0000580802_e0000587454.mp4,tier1,cuda,nvenc,cutfix_full_tier1_20260729_01
i4kw3VyXADI_s0000587810_e0000593310,i4kw3VyXADI,587.81,593.31,5.5,1.0,1.0,35.78,/kaggle/working/cut_cutfix_full_tier1_20260729_01/tier1/200_250/media/i4kw3VyXADI_s0000587810_e0000593310.mp4,tier1,cuda,nvenc,cutfix_full_tier1_20260729_01
i4kw3VyXADI_s0000593506_e0000599454,i4kw3VyXADI,593.506,599.454,5.948,1.0,1.0,35.9,/kaggle/working/cut_cutfix_full_tier1_20260729_01/tier1/200_250/media/i4kw3VyXADI_s0000593506_e0000599454.mp4,tier1,cuda,nvenc,cutfix_full_tier1_20260729_01
i4kw3VyXADI_s0000599778_e0000606302,i4kw3VyXADI,599.778,606.302,6.524,1.0,1.0,36.72,/kaggle/working/cut_cutfix_full_tier1_20260729_01/tier1/200_250/media/i4kw3VyXADI_s0000599778_e0000606302.mp4,tier1,cuda,nvenc,cutfix_full_tier1_20260729_01
i4kw3VyXADI_s0000606594_e0000611390,i4kw3VyXADI,606.594,611.39,4.796,1.0,1.0,36.2,/kaggle/working/cut_cutfix_full_tier1_20260729_01/tier1/200_250/media/i4kw3VyXADI_s0000606594_e0000611390.mp4,tier1,cuda,nvenc,cutfix_full_tier1_20260729_01
i4kw3VyXADI_s0000611650_e0000617374,i4kw3VyXADI,611.65,617.374,5.724,1.0,1.0,36.41,/kaggle/working/cut_cutfix_full_tier1_20260729_01/tier1/200_250/media/i4kw3VyXADI_s0000611650_e0000617374.mp4,tier1,cuda,nvenc,cutfix_full_tier1_20260729_01
i4kw3VyXADI_s0000617602_e0000622270,i4kw3VyXADI,617.602,622.27,4.668,1.0,1.0,35.66,/kaggle/working/cut_cutfix_full_tier1_20260729_01/tier1/200_250/media/i4kw3VyXADI_s0000617602_e0000622270.mp4,tier1,cuda,nvenc,cutfix_full_tier1_20260729_01
i4kw3VyXADI_s0000622562_e0000625406,i4kw3VyXADI,622.562,625.406,2.844,1.0,1.0,36.77,/kaggle/working/cut_cutfix_full_tier1_20260729_01/tier1/200_250/media/i4kw3VyXADI_s0000622562_e0000625406.mp4,tier1,cuda,nvenc,cutfix_full_tier1_20260729_01
i4kw3VyXADI_s0000625506_e0000627518,i4kw3VyXADI,625.506,627.518,2.012,1.0,1.0,36.86,/kaggle/working/cut_cutfix_full_tier1_20260729_01/tier1/200_250/media/i4kw3VyXADI_s0000625506_e0000627518.mp4,tier1,cuda,nvenc,cutfix_full_tier1_20260729_01
i4kw3VyXADI_s0000627650_e0000629854,i4kw3VyXADI,627.65,629.854,2.204,1.0,1.0,35.33,/kaggle/working/cut_cutfix_full_tier1_20260729_01/tier1/200_250/media/i4kw3VyXADI_s0000627650_e0000629854.mp4,tier1,cuda,nvenc,cutfix_full_tier1_20260729_01
i4kw3VyXADI_s0000641090_e0000649342,i4kw3VyXADI,641.09,649.342,8.252,1.0,1.0,35.16,/kaggle/working/cut_cutfix_full_tier1_20260729_01/tier1/200_250/media/i4kw3VyXADI_s0000641090_e0000649342.mp4,tier1,cuda,nvenc,cutfix_full_tier1_20260729_01
i4kw3VyXADI_s0000649666_e0000652126,i4kw3VyXADI,649.666,652.126,2.46,1.0,1.0,35.81,/kaggle/working/cut_cutfix_full_tier1_20260729_01/tier1/200_250/media/i4kw3VyXADI_s0000649666_e0000652126.mp4,tier1,cuda,nvenc,cutfix_full_tier1_20260729_01
i4kw3VyXADI_s0000652418_e0000658782,i4kw3VyXADI,652.418,658.782,6.364,1.0,1.0,34.93,/kaggle/working/cut_cutfix_full_tier1_20260729_01/tier1/200_250/media/i4kw3VyXADI_s0000652418_e0000658782.mp4,tier1,cuda,nvenc,cutfix_full_tier1_20260729_01
i4kw3VyXADI_s0000659074_e0000667230,i4kw3VyXADI,659.074,667.23,8.156,1.0,1.0,35.8,/kaggle/working/cut_cutfix_full_tier1_20260729_01/tier1/200_250/media/i4kw3VyXADI_s0000659074_e0000667230.mp4,tier1,cuda,nvenc,cutfix_full_tier1_20260729_01
i4kw3VyXADI_s0000667522_e0000674238,i4kw3VyXADI,667.522,674.238,6.716,1.0,1.0,35.57,/kaggle/working/cut_cutfix_full_tier1_20260729_01/tier1/200_250/media/i4kw3VyXADI_s0000667522_e0000674238.mp4,tier1,cuda,nvenc,cutfix_full_tier1_20260729_01
i4kw3VyXADI_s0000674402_e0000680094,i4kw3VyXADI,674.402,680.094,5.692,1.0,1.0,35.48,/kaggle/working/cut_cutfix_full_tier1_20260729_01/tier1/200_250/media/i4kw3VyXADI_s0000674402_e0000680094.mp4,tier1,cuda,nvenc,cutfix_full_tier1_20260729_01
i4kw3VyXADI_s0000680418_e0000685310,i4kw3VyXADI,680.418,685.31,4.892,1.0,1.0,36.89,/kaggle/working/cut_cutfix_full_tier1_20260729_01/tier1/200_250/media/i4kw3VyXADI_s0000680418_e0000685310.mp4,tier1,cuda,nvenc,cutfix_full_tier1_20260729_01
i4kw3VyXADI_s0000685634_e0000694494,i4kw3VyXADI,685.634,694.494,8.86,1.0,1.0,36.49,/kaggle/working/cut_cutfix_full_tier1_20260729_01/tier1/200_250/media/i4kw3VyXADI_s0000685634_e0000694494.mp4,tier1,cuda,nvenc,cutfix_full_tier1_20260729_01
i4kw3VyXADI_s0000703714_e0000710174,i4kw3VyXADI,703.714,710.174,6.46,1.0,1.0,35.69,/kaggle/working/cut_cutfix_full_tier1_20260729_01/tier1/200_250/media/i4kw3VyXADI_s0000703714_e0000710174.mp4,tier1,cuda,nvenc,cutfix_full_tier1_20260729_01
i4kw3VyXADI_s0000712226_e0000718622,i4kw3VyXADI,712.226,718.622,6.396,1.0,1.0,35.72,/kaggle/working/cut_cutfix_full_tier1_20260729_01/tier1/200_250/media/i4kw3VyXADI_s0000712226_e0000718622.mp4,tier1,cuda,nvenc,cutfix_full_tier1_20260729_01
i4kw3VyXADI_s0000718978_e0000725790,i4kw3VyXADI,718.978,725.79,6.812,1.0,1.0,36.06,/kaggle/working/cut_cutfix_full_tier1_20260729_01/tier1/200_250/media/i4kw3VyXADI_s0000718978_e0000725790.mp4,tier1,cuda,nvenc,cutfix_full_tier1_20260729_01
i4kw3VyXADI_s0000726146_e0000733214,i4kw3VyXADI,726.146,733.214,7.068,1.0,1.0,35.48,/kaggle/working/cut_cutfix_full_tier1_20260729_01/tier1/200_250/media/i4kw3VyXADI_s0000726146_e0000733214.mp4,tier1,cuda,nvenc,cutfix_full_tier1_20260729_01
i4kw3VyXADI_s0000733346_e0000737118,i4kw3VyXADI,733.346,737.118,3.772,1.0,1.0,35.76,/kaggle/working/cut_cutfix_full_tier1_20260729_01/tier1/200_250/media/i4kw3VyXADI_s0000733346_e0000737118.mp4,tier1,cuda,nvenc,cutfix_full_tier1_20260729_01
i4kw3VyXADI_s0000737218_e0000744062,i4kw3VyXADI,737.218,744.062,6.844,1.0,1.0,35.35,/kaggle/working/cut_cutfix_full_tier1_20260729_01/tier1/200_250/media/i4kw3VyXADI_s0000737218_e0000744062.mp4,tier1,cuda,nvenc,cutfix_full_tier1_20260729_01
i4kw3VyXADI_s0000744450_e0000753854,i4kw3VyXADI,744.45,753.854,9.404,1.0,1.0,36.5,/kaggle/working/cut_cutfix_full_tier1_20260729_01/tier1/200_250/media/i4kw3VyXADI_s0000744450_e0000753854.mp4,tier1,cuda,nvenc,cutfix_full_tier1_20260729_01
i4kw3VyXADI_s0000754146_e0000756670,i4kw3VyXADI,754.146,756.67,2.524,1.0,1.0,36.93,/kaggle/working/cut_cutfix_full_tier1_20260729_01/tier1/200_250/media/i4kw3VyXADI_s0000754146_e0000756670.mp4,tier1,cuda,nvenc,cutfix_full_tier1_20260729_01
i4kw3VyXADI_s0000756930_e0000763134,i4kw3VyXADI,756.93,763.134,6.204,1.0,1.0,35.92,/kaggle/working/cut_cutfix_full_tier1_20260729_01/tier1/200_250/media/i4kw3VyXADI_s0000756930_e0000763134.mp4,tier1,cuda,nvenc,cutfix_full_tier1_20260729_01
i4kw3VyXADI_s0000763458_e0000767998,i4kw3VyXADI,763.458,767.998,4.54,1.0,1.0,35.9,/kaggle/working/cut_cutfix_full_tier1_20260729_01/tier1/200_250/media/i4kw3VyXADI_s0000763458_e0000767998.mp4,tier1,cuda,nvenc,cutfix_full_tier1_20260729_01
i4kw3VyXADI_s0000775234_e0000784958,i4kw3VyXADI,775.234,784.958,9.724,1.0,1.0,36.08,/kaggle/working/cut_cutfix_full_tier1_20260729_01/tier1/200_250/media/i4kw3VyXADI_s0000775234_e0000784958.mp4,tier1,cuda,nvenc,cutfix_full_tier1_20260729_01
i4kw3VyXADI_s0000785122_e0000790238,i4kw3VyXADI,785.122,790.238,5.116,1.0,1.0,36.01,/kaggle/working/cut_cutfix_full_tier1_20260729_01/tier1/200_250/media/i4kw3VyXADI_s0000785122_e0000790238.mp4,tier1,cuda,nvenc,cutfix_full_tier1_20260729_01
i4kw3VyXADI_s0000790594_e0000800862,i4kw3VyXADI,790.594,800.862,10.268,1.0,1.0,36.17,/kaggle/working/cut_cutfix_full_tier1_20260729_01/tier1/200_250/media/i4kw3VyXADI_s0000790594_e0000800862.mp4,tier1,cuda,nvenc,cutfix_full_tier1_20260729_01
i4kw3VyXADI_s0000801058_e0000810398,i4kw3VyXADI,801.058,810.398,9.34,1.0,1.0,36.39,/kaggle/working/cut_cutfix_full_tier1_20260729_01/tier1/200_250/media/i4kw3VyXADI_s0000801058_e0000810398.mp4,tier1,cuda,nvenc,cutfix_full_tier1_20260729_01
i4kw3VyXADI_s0000810722_e0000817758,i4kw3VyXADI,810.722,817.758,7.036,1.0,1.0,36.3,/kaggle/working/cut_cutfix_full_tier1_20260729_01/tier1/200_250/media/i4kw3VyXADI_s0000810722_e0000817758.mp4,tier1,cuda,nvenc,cutfix_full_tier1_20260729_01
i4kw3VyXADI_s0000818018_e0000825278,i4kw3VyXADI,818.018,825.278,7.26,1.0,1.0,35.19,/kaggle/working/cut_cutfix_full_tier1_20260729_01/tier1/200_250/media/i4kw3VyXADI_s0000818018_e0000825278.mp4,tier1,cuda,nvenc,cutfix_full_tier1_20260729_01
i4kw3VyXADI_s0000825634_e0000834110,i4kw3VyXADI,825.634,834.11,8.476,1.0,1.0,36.0,/kaggle/working/cut_cutfix_full_tier1_20260729_01/tier1/200_250/media/i4kw3VyXADI_s0000825634_e0000834110.mp4,tier1,cuda,nvenc,cutfix_full_tier1_20260729_01
i4kw3VyXADI_s0000834434_e0000840894,i4kw3VyXADI,834.434,840.894,6.46,1.0,1.0,36.01,/kaggle/working/cut_cutfix_full_tier1_20260729_01/tier1/200_250/media/i4kw3VyXADI_s0000834434_e0000840894.mp4,tier1,cuda,nvenc,cutfix_full_tier1_20260729_01
i4kw3VyXADI_s0000841122_e0000849374,i4kw3VyXADI,841.122,849.374,8.252,1.0,1.0,36.64,/kaggle/working/cut_cutfix_full_tier1_20260729_01/tier1/200_250/media/i4kw3VyXADI_s0000841122_e0000849374.mp4,tier1,cuda,nvenc,cutfix_full_tier1_20260729_01
i4kw3VyXADI_s0000849698_e0000853502,i4kw3VyXADI,849.698,853.502,3.804,1.0,1.0,36.02,/kaggle/working/cut_cutfix_full_tier1_20260729_01/tier1/200_250/media/i4kw3VyXADI_s0000849698_e0000853502.mp4,tier1,cuda,nvenc,cutfix_full_tier1_20260729_01
i4kw3VyXADI_s0000853634_e0000861534,i4kw3VyXADI,853.634,861.534,7.9,1.0,1.0,35.92,/kaggle/working/cut_cutfix_full_tier1_20260729_01/tier1/200_250/media/i4kw3VyXADI_s0000853634_e0000861534.mp4,tier1,cuda,nvenc,cutfix_full_tier1_20260729_01
i4kw3VyXADI_s0000861730_e0000868318,i4kw3VyXADI,861.73,868.318,6.588,1.0,1.0,35.64,/kaggle/working/cut_cutfix_full_tier1_20260729_01/tier1/200_250/media/i4kw3VyXADI_s0000861730_e0000868318.mp4,tier1,cuda,nvenc,cutfix_full_tier1_20260729_01
i4kw3VyXADI_s0000868450_e0000874622,i4kw3VyXADI,868.45,874.622,6.172,1.0,1.0,35.26,/kaggle/working/cut_cutfix_full_tier1_20260729_01/tier1/200_250/media/i4kw3VyXADI_s0000868450_e0000874622.mp4,tier1,cuda,nvenc,cutfix_full_tier1_20260729_01
i4kw3VyXADI_s0000874946_e0000879646,i4kw3VyXADI,874.946,879.646,4.7,1.0,1.0,35.98,/kaggle/working/cut_cutfix_full_tier1_20260729_01/tier1/200_250/media/i4kw3VyXADI_s0000874946_e0000879646.mp4,tier1,cuda,nvenc,cutfix_full_tier1_20260729_01
i4kw3VyXADI_s0000879842_e0000886110,i4kw3VyXADI,879.842,886.11,6.268,1.0,1.0,36.83,/kaggle/working/cut_cutfix_full_tier1_20260729_01/tier1/200_250/media/i4kw3VyXADI_s0000879842_e0000886110.mp4,tier1,cuda,nvenc,cutfix_full_tier1_20260729_01
i4kw3VyXADI_s0000886306_e0000888510,i4kw3VyXADI,886.306,888.51,2.204,1.0,1.0,36.35,/kaggle/working/cut_cutfix_full_tier1_20260729_01/tier1/200_250/media/i4kw3VyXADI_s0000886306_e0000888510.mp4,tier1,cuda,nvenc,cutfix_full_tier1_20260729_01
i4kw3VyXADI_s0000888738_e0000892926,i4kw3VyXADI,888.738,892.926,4.188,1.0,1.0,35.88,/kaggle/working/cut_cutfix_full_tier1_20260729_01/tier1/200_250/media/i4kw3VyXADI_s0000888738_e0000892926.mp4,tier1,cuda,nvenc,cutfix_full_tier1_20260729_01
i4kw3VyXADI_s0000894658_e0000899518,i4kw3VyXADI,894.658,899.518,4.86,1.0,1.0,35.01,/kaggle/working/cut_cutfix_full_tier1_20260729_01/tier1/200_250/media/i4kw3VyXADI_s0000894658_e0000899518.mp4,tier1,cuda,nvenc,cutfix_full_tier1_20260729_01
i4kw3VyXADI_s0000899714_e0000903518,i4kw3VyXADI,899.714,903.518,3.804,1.0,1.0,35.55,/kaggle/working/cut_cutfix_full_tier1_20260729_01/tier1/200_250/media/i4kw3VyXADI_s0000899714_e0000903518.mp4,tier1,cuda,nvenc,cutfix_full_tier1_20260729_01
i4kw3VyXADI_s0000914114_e0000921438,i4kw3VyXADI,914.114,921.438,7.324,1.0,1.0,35.7,/kaggle/working/cut_cutfix_full_tier1_20260729_01/tier1/200_250/media/i4kw3VyXADI_s0000914114_e0000921438.mp4,tier1,cuda,nvenc,cutfix_full_tier1_20260729_01
i4kw3VyXADI_s0000921794_e0000927038,i4kw3VyXADI,921.794,927.038,5.244,1.0,1.0,35.4,/kaggle/working/cut_cutfix_full_tier1_20260729_01/tier1/200_250/media/i4kw3VyXADI_s0000921794_e0000927038.mp4,tier1,cuda,nvenc,cutfix_full_tier1_20260729_01
i4kw3VyXADI_s0000927330_e0000930398,i4kw3VyXADI,927.33,930.398,3.068,1.0,1.0,36.16,/kaggle/working/cut_cutfix_full_tier1_20260729_01/tier1/200_250/media/i4kw3VyXADI_s0000927330_e0000930398.mp4,tier1,cuda,nvenc,cutfix_full_tier1_20260729_01
i4kw3VyXADI_s0000930530_e0000936798,i4kw3VyXADI,930.53,936.798,6.268,1.0,1.0,36.22,/kaggle/working/cut_cutfix_full_tier1_20260729_01/tier1/200_250/media/i4kw3VyXADI_s0000930530_e0000936798.mp4,tier1,cuda,nvenc,cutfix_full_tier1_20260729_01
i4kw3VyXADI_s0000937186_e0000941502,i4kw3VyXADI,937.186,941.502,4.316,1.0,1.0,36.25,/kaggle/working/cut_cutfix_full_tier1_20260729_01/tier1/200_250/media/i4kw3VyXADI_s0000937186_e0000941502.mp4,tier1,cuda,nvenc,cutfix_full_tier1_20260729_01
i4kw3VyXADI_s0000949570_e0000959294,i4kw3VyXADI,949.57,959.294,9.724,1.0,1.0,36.26,/kaggle/working/cut_cutfix_full_tier1_20260729_01/tier1/200_250/media/i4kw3VyXADI_s0000949570_e0000959294.mp4,tier1,cuda,nvenc,cutfix_full_tier1_20260729_01
i4kw3VyXADI_s0000959554_e0000963038,i4kw3VyXADI,959.554,963.038,3.484,1.0,1.0,36.13,/kaggle/working/cut_cutfix_full_tier1_20260729_01/tier1/200_250/media/i4kw3VyXADI_s0000959554_e0000963038.mp4,tier1,cuda,nvenc,cutfix_full_tier1_20260729_01
i4kw3VyXADI_s0000963298_e0000966302,i4kw3VyXADI,963.298,966.302,3.004,1.0,1.0,36.97,/kaggle/working/cut_cutfix_full_tier1_20260729_01/tier1/200_250/media/i4kw3VyXADI_s0000963298_e0000966302.mp4,tier1,cuda,nvenc,cutfix_full_tier1_20260729_01
i4kw3VyXADI_s0000966466_e0000970654,i4kw3VyXADI,966.466,970.654,4.188,1.0,1.0,34.37,/kaggle/working/cut_cutfix_full_tier1_20260729_01/tier1/200_250/media/i4kw3VyXADI_s0000966466_e0000970654.mp4,tier1,cuda,nvenc,cutfix_full_tier1_20260729_01
i4kw3VyXADI_s0000970914_e0000976542,i4kw3VyXADI,970.914,976.542,5.628,1.0,1.0,36.63,/kaggle/working/cut_cutfix_full_tier1_20260729_01/tier1/200_250/media/i4kw3VyXADI_s0000970914_e0000976542.mp4,tier1,cuda,nvenc,cutfix_full_tier1_20260729_01
i4kw3VyXADI_s0000976866_e0000981758,i4kw3VyXADI,976.866,981.758,4.892,1.0,1.0,36.82,/kaggle/working/cut_cutfix_full_tier1_20260729_01/tier1/200_250/media/i4kw3VyXADI_s0000976866_e0000981758.mp4,tier1,cuda,nvenc,cutfix_full_tier1_20260729_01
i4kw3VyXADI_s0000982050_e0000985566,i4kw3VyXADI,982.05,985.566,3.516,1.0,1.0,35.95,/kaggle/working/cut_cutfix_full_tier1_20260729_01/tier1/200_250/media/i4kw3VyXADI_s0000982050_e0000985566.mp4,tier1,cuda,nvenc,cutfix_full_tier1_20260729_01
i4kw3VyXADI_s0000985666_e0000988382,i4kw3VyXADI,985.666,988.382,2.716,1.0,1.0,34.55,/kaggle/working/cut_cutfix_full_tier1_20260729_01/tier1/200_250/media/i4kw3VyXADI_s0000985666_e0000988382.mp4,tier1,cuda,nvenc,cutfix_full_tier1_20260729_01
i4kw3VyXADI_s0000988674_e0000997150,i4kw3VyXADI,988.674,997.15,8.476,1.0,1.0,35.35,/kaggle/working/cut_cutfix_full_tier1_20260729_01/tier1/200_250/media/i4kw3VyXADI_s0000988674_e0000997150.mp4,tier1,cuda,nvenc,cutfix_full_tier1_20260729_01
i4kw3VyXADI_s0000997506_e0001005630,i4kw3VyXADI,997.506,1005.63,8.124,1.0,1.0,35.83,/kaggle/working/cut_cutfix_full_tier1_20260729_01/tier1/200_250/media/i4kw3VyXADI_s0000997506_e0001005630.mp4,tier1,cuda,nvenc,cutfix_full_tier1_20260729_01
i4kw3VyXADI_s0001005986_e0001011166,i4kw3VyXADI,1005.986,1011.166,5.18,1.0,1.0,35.88,/kaggle/working/cut_cutfix_full_tier1_20260729_01/tier1/200_250/media/i4kw3VyXADI_s0001005986_e0001011166.mp4,tier1,cuda,nvenc,cutfix_full_tier1_20260729_01
i4kw3VyXADI_s0001011426_e0001016158,i4kw3VyXADI,1011.426,1016.158,4.732,1.0,1.0,36.74,/kaggle/working/cut_cutfix_full_tier1_20260729_01/tier1/200_250/media/i4kw3VyXADI_s0001011426_e0001016158.mp4,tier1,cuda,nvenc,cutfix_full_tier1_20260729_01
i4kw3VyXADI_s0001016258_e0001021822,i4kw3VyXADI,1016.258,1021.822,5.564,1.0,1.0,35.76,/kaggle/working/cut_cutfix_full_tier1_20260729_01/tier1/200_250/media/i4kw3VyXADI_s0001016258_e0001021822.mp4,tier1,cuda,nvenc,cutfix_full_tier1_20260729_01
i4kw3VyXADI_s0001022050_e0001027902,i4kw3VyXADI,1022.05,1027.902,5.852,1.0,1.0,36.55,/kaggle/working/cut_cutfix_full_tier1_20260729_01/tier1/200_250/media/i4kw3VyXADI_s0001022050_e0001027902.mp4,tier1,cuda,nvenc,cutfix_full_tier1_20260729_01
i4kw3VyXADI_s0001028034_e0001032574,i4kw3VyXADI,1028.034,1032.574,4.54,1.0,1.0,34.76,/kaggle/working/cut_cutfix_full_tier1_20260729_01/tier1/200_250/media/i4kw3VyXADI_s0001028034_e0001032574.mp4,tier1,cuda,nvenc,cutfix_full_tier1_20260729_01
i4kw3VyXADI_s0001032834_e0001041822,i4kw3VyXADI,1032.834,1041.822,8.988,1.0,1.0,36.55,/kaggle/working/cut_cutfix_full_tier1_20260729_01/tier1/200_250/media/i4kw3VyXADI_s0001032834_e0001041822.mp4,tier1,cuda,nvenc,cutfix_full_tier1_20260729_01
i4kw3VyXADI_s0001042114_e0001047230,i4kw3VyXADI,1042.114,1047.23,5.116,1.0,1.0,35.51,/kaggle/working/cut_cutfix_full_tier1_20260729_01/tier1/200_250/media/i4kw3VyXADI_s0001042114_e0001047230.mp4,tier1,cuda,nvenc,cutfix_full_tier1_20260729_01
i4kw3VyXADI_s0001047426_e0001053534,i4kw3VyXADI,1047.426,1053.534,6.108,1.0,1.0,35.41,/kaggle/working/cut_cutfix_full_tier1_20260729_01/tier1/200_250/media/i4kw3VyXADI_s0001047426_e0001053534.mp4,tier1,cuda,nvenc,cutfix_full_tier1_20260729_01
i7SoX1RseXs_s0000021378_e0000023710,i7SoX1RseXs,21.378,23.71,2.332,1.0,1.0,5.37,/kaggle/working/cut_cutfix_full_tier1_20260729_01/tier1/200_250/media/i7SoX1RseXs_s0000021378_e0000023710.mp4,tier1,cuda,nvenc,cutfix_full_tier1_20260729_01
i7SoX1RseXs_s0000024546_e0000027166,i7SoX1RseXs,24.546,27.166,2.62,1.0,1.0,3.46,/kaggle/working/cut_cutfix_full_tier1_20260729_01/tier1/200_250/media/i7SoX1RseXs_s0000024546_e0000027166.mp4,tier1,cuda,nvenc,cutfix_full_tier1_20260729_01
i7SoX1RseXs_s0000087458_e0000090494,i7SoX1RseXs,87.458,90.494,3.036,1.0,1.0,7.02,/kaggle/working/cut_cutfix_full_tier1_20260729_01/tier1/200_250/media/i7SoX1RseXs_s0000087458_e0000090494.mp4,tier1,cuda,nvenc,cutfix_full_tier1_20260729_01
i7SoX1RseXs_s0000090978_e0000094366,i7SoX1RseXs,90.978,94.366,3.388,1.0,1.0,6.66,/kaggle/working/cut_cutfix_full_tier1_20260729_01/tier1/200_250/media/i7SoX1RseXs_s0000090978_e0000094366.mp4,tier1,cuda,nvenc,cutfix_full_tier1_20260729_01
iCpEVDZ1RCU_s0000002434_e0000005246,iCpEVDZ1RCU,2.434,5.246,2.812,1.0,1.0,10.42,/kaggle/working/cut_cutfix_full_tier1_20260729_01/tier1/200_250/media/iCpEVDZ1RCU_s0000002434_e0000005246.mp4,tier1,cuda,nvenc,cutfix_full_tier1_20260729_01
iCpEVDZ1RCU_s0000005410_e0000008990,iCpEVDZ1RCU,5.41,8.99,3.58,1.0,1.0,11.22,/kaggle/working/cut_cutfix_full_tier1_20260729_01/tier1/200_250/media/iCpEVDZ1RCU_s0000005410_e0000008990.mp4,tier1,cuda,nvenc,cutfix_full_tier1_20260729_01
iCpEVDZ1RCU_s0000013826_e0000018622,iCpEVDZ1RCU,13.826,18.622,4.796,1.0,1.0,9.68,/kaggle/working/cut_cutfix_full_tier1_20260729_01/tier1/200_250/media/iCpEVDZ1RCU_s0000013826_e0000018622.mp4,tier1,cuda,nvenc,cutfix_full_tier1_20260729_01
iCpEVDZ1RCU_s0000019170_e0000025566,iCpEVDZ1RCU,19.17,25.566,6.396,1.0,1.0,10.51,/kaggle/working/cut_cutfix_full_tier1_20260729_01/tier1/200_250/media/iCpEVDZ1RCU_s0000019170_e0000025566.mp4,tier1,cuda,nvenc,cutfix_full_tier1_20260729_01
iCpEVDZ1RCU_s0000025666_e0000032702,iCpEVDZ1RCU,25.666,32.702,7.036,1.0,1.0,10.35,/kaggle/working/cut_cutfix_full_tier1_20260729_01/tier1/200_250/media/iCpEVDZ1RCU_s0000025666_e0000032702.mp4,tier1,cuda,nvenc,cutfix_full_tier1_20260729_01
iCpEVDZ1RCU_s0000033026_e0000035998,iCpEVDZ1RCU,33.026,35.998,2.972,1.0,1.0,11.32,/kaggle/working/cut_cutfix_full_tier1_20260729_01/tier1/200_250/media/iCpEVDZ1RCU_s0000033026_e0000035998.mp4,tier1,cuda,nvenc,cutfix_full_tier1_20260729_01
iCpEVDZ1RCU_s0000038754_e0000040798,iCpEVDZ1RCU,38.754,40.798,2.044,1.0,1.0,11.49,/kaggle/working/cut_cutfix_full_tier1_20260729_01/tier1/200_250/media/iCpEVDZ1RCU_s0000038754_e0000040798.mp4,tier1,cuda,nvenc,cutfix_full_tier1_20260729_01
iCpEVDZ1RCU_s0000043682_e0000046686,iCpEVDZ1RCU,43.682,46.686,3.004,1.0,1.0,11.51,/kaggle/working/cut_cutfix_full_tier1_20260729_01/tier1/200_250/media/iCpEVDZ1RCU_s0000043682_e0000046686.mp4,tier1,cuda,nvenc,cutfix_full_tier1_20260729_01
iCpEVDZ1RCU_s0000046786_e0000050302,iCpEVDZ1RCU,46.786,50.302,3.516,1.0,1.0,10.13,/kaggle/working/cut_cutfix_full_tier1_20260729_01/tier1/200_250/media/iCpEVDZ1RCU_s0000046786_e0000050302.mp4,tier1,cuda,nvenc,cutfix_full_tier1_20260729_01
iCpEVDZ1RCU_s0000052674_e0000063518,iCpEVDZ1RCU,52.674,63.518,10.844,1.0,1.0,11.02,/kaggle/working/cut_cutfix_full_tier1_20260729_01/tier1/200_250/media/iCpEVDZ1RCU_s0000052674_e0000063518.mp4,tier1,cuda,nvenc,cutfix_full_tier1_20260729_01
iCpEVDZ1RCU_s0000063682_e0000066302,iCpEVDZ1RCU,63.682,66.302,2.62,1.0,1.0,11.24,/kaggle/working/cut_cutfix_full_tier1_20260729_01/tier1/200_250/media/iCpEVDZ1RCU_s0000063682_e0000066302.mp4,tier1,cuda,nvenc,cutfix_full_tier1_20260729_01
iCpEVDZ1RCU_s0000066402_e0000068894,iCpEVDZ1RCU,66.402,68.894,2.492,1.0,1.0,12.27,/kaggle/working/cut_cutfix_full_tier1_20260729_01/tier1/200_250/media/iCpEVDZ1RCU_s0000066402_e0000068894.mp4,tier1,cuda,nvenc,cutfix_full_tier1_20260729_01
iCpEVDZ1RCU_s0000069762_e0000077342,iCpEVDZ1RCU,69.762,77.342,7.58,1.0,1.0,12.12,/kaggle/working/cut_cutfix_full_tier1_20260729_01/tier1/200_250/media/iCpEVDZ1RCU_s0000069762_e0000077342.mp4,tier1,cuda,nvenc,cutfix_full_tier1_20260729_01
iCpEVDZ1RCU_s0000079426_e0000081918,iCpEVDZ1RCU,79.426,81.918,2.492,1.0,1.0,10.63,/kaggle/working/cut_cutfix_full_tier1_20260729_01/tier1/200_250/media/iCpEVDZ1RCU_s0000079426_e0000081918.mp4,tier1,cuda,nvenc,cutfix_full_tier1_20260729_01
iCpEVDZ1RCU_s0000082114_e0000084542,iCpEVDZ1RCU,82.114,84.542,2.428,1.0,1.0,9.79,/kaggle/working/cut_cutfix_full_tier1_20260729_01/tier1/200_250/media/iCpEVDZ1RCU_s0000082114_e0000084542.mp4,tier1,cuda,nvenc,cutfix_full_tier1_20260729_01
iCpEVDZ1RCU_s0000084994_e0000087454,iCpEVDZ1RCU,84.994,87.454,2.46,1.0,1.0,11.14,/kaggle/working/cut_cutfix_full_tier1_20260729_01/tier1/200_250/media/iCpEVDZ1RCU_s0000084994_e0000087454.mp4,tier1,cuda,nvenc,cutfix_full_tier1_20260729_01
iCpEVDZ1RCU_s0000089666_e0000095486,iCpEVDZ1RCU,89.666,95.486,5.82,1.0,1.0,12.17,/kaggle/working/cut_cutfix_full_tier1_20260729_01/tier1/200_250/media/iCpEVDZ1RCU_s0000089666_e0000095486.mp4,tier1,cuda,nvenc,cutfix_full_tier1_20260729_01
iCpEVDZ1RCU_s0000097218_e0000099486,iCpEVDZ1RCU,97.218,99.486,2.268,1.0,1.0,10.16,/kaggle/working/cut_cutfix_full_tier1_20260729_01/tier1/200_250/media/iCpEVDZ1RCU_s0000097218_e0000099486.mp4,tier1,cuda,nvenc,cutfix_full_tier1_20260729_01
iCpEVDZ1RCU_s0000099778_e0000102366,iCpEVDZ1RCU,99.778,102.366,2.588,1.0,1.0,8.95,/kaggle/working/cut_cutfix_full_tier1_20260729_01/tier1/200_250/media/iCpEVDZ1RCU_s0000099778_e0000102366.mp4,tier1,cuda,nvenc,cutfix_full_tier1_20260729_01
iCpEVDZ1RCU_s0000105250_e0000108318,iCpEVDZ1RCU,105.25,108.318,3.068,1.0,1.0,11.45,/kaggle/working/cut_cutfix_full_tier1_20260729_01/tier1/200_250/media/iCpEVDZ1RCU_s0000105250_e0000108318.mp4,tier1,cuda,nvenc,cutfix_full_tier1_20260729_01
iCpEVDZ1RCU_s0000108642_e0000110910,iCpEVDZ1RCU,108.642,110.91,2.268,1.0,1.0,10.73,/kaggle/working/cut_cutfix_full_tier1_20260729_01/tier1/200_250/media/iCpEVDZ1RCU_s0000108642_e0000110910.mp4,tier1,cuda,nvenc,cutfix_full_tier1_20260729_01
iCpEVDZ1RCU_s0000111362_e0000113758,iCpEVDZ1RCU,111.362,113.758,2.396,1.0,1.0,12.99,/kaggle/working/cut_cutfix_full_tier1_20260729_01/tier1/200_250/media/iCpEVDZ1RCU_s0000111362_e0000113758.mp4,tier1,cuda,nvenc,cutfix_full_tier1_20260729_01
iCpEVDZ1RCU_s0000114562_e0000118558,iCpEVDZ1RCU,114.562,118.558,3.996,1.0,1.0,11.27,/kaggle/working/cut_cutfix_full_tier1_20260729_01/tier1/200_250/media/iCpEVDZ1RCU_s0000114562_e0000118558.mp4,tier1,cuda,nvenc,cutfix_full_tier1_20260729_01
iCpEVDZ1RCU_s0000121186_e0000128958,iCpEVDZ1RCU,121.186,128.958,7.772,1.0,1.0,12.58,/kaggle/working/cut_cutfix_full_tier1_20260729_01/tier1/200_250/media/iCpEVDZ1RCU_s0000121186_e0000128958.mp4,tier1,cuda,nvenc,cutfix_full_tier1_20260729_01
iCpEVDZ1RCU_s0000131170_e0000133694,iCpEVDZ1RCU,131.17,133.694,2.524,1.0,1.0,10.74,/kaggle/working/cut_cutfix_full_tier1_20260729_01/tier1/200_250/media/iCpEVDZ1RCU_s0000131170_e0000133694.mp4,tier1,cuda,nvenc,cutfix_full_tier1_20260729_01
iCpEVDZ1RCU_s0000135842_e0000140222,iCpEVDZ1RCU,135.842,140.222,4.38,1.0,1.0,11.64,/kaggle/working/cut_cutfix_full_tier1_20260729_01/tier1/200_250/media/iCpEVDZ1RCU_s0000135842_e0000140222.mp4,tier1,cuda,nvenc,cutfix_full_tier1_20260729_01
iCpEVDZ1RCU_s0000140674_e0000144414,iCpEVDZ1RCU,140.674,144.414,3.74,1.0,1.0,12.42,/kaggle/working/cut_cutfix_full_tier1_20260729_01/tier1/200_250/media/iCpEVDZ1RCU_s0000140674_e0000144414.mp4,tier1,cuda,nvenc,cutfix_full_tier1_20260729_01
iCpEVDZ1RCU_s0000144674_e0000146942,iCpEVDZ1RCU,144.674,146.942,2.268,1.0,1.0,11.36,/kaggle/working/cut_cutfix_full_tier1_20260729_01/tier1/200_250/media/iCpEVDZ1RCU_s0000144674_e0000146942.mp4,tier1,cuda,nvenc,cutfix_full_tier1_20260729_01
iCpEVDZ1RCU_s0000147202_e0000149566,iCpEVDZ1RCU,147.202,149.566,2.364,1.0,1.0,11.07,/kaggle/working/cut_cutfix_full_tier1_20260729_01/tier1/200_250/media/iCpEVDZ1RCU_s0000147202_e0000149566.mp4,tier1,cuda,nvenc,cutfix_full_tier1_20260729_01
iCpEVDZ1RCU_s0000150530_e0000153534,iCpEVDZ1RCU,150.53,153.534,3.004,1.0,1.0,11.78,/kaggle/working/cut_cutfix_full_tier1_20260729_01/tier1/200_250/media/iCpEVDZ1RCU_s0000150530_e0000153534.mp4,tier1,cuda,nvenc,cutfix_full_tier1_20260729_01
iCpEVDZ1RCU_s0000161794_e0000164638,iCpEVDZ1RCU,161.794,164.638,2.844,1.0,1.0,11.1,/kaggle/working/cut_cutfix_full_tier1_20260729_01/tier1/200_250/media/iCpEVDZ1RCU_s0000161794_e0000164638.mp4,tier1,cuda,nvenc,cutfix_full_tier1_20260729_01
iCpEVDZ1RCU_s0000171778_e0000176158,iCpEVDZ1RCU,171.778,176.158,4.38,1.0,1.0,12.98,/kaggle/working/cut_cutfix_full_tier1_20260729_01/tier1/200_250/media/iCpEVDZ1RCU_s0000171778_e0000176158.mp4,tier1,cuda,nvenc,cutfix_full_tier1_20260729_01
iCpEVDZ1RCU_s0000176578_e0000178750,iCpEVDZ1RCU,176.578,178.75,2.172,1.0,1.0,12.25,/kaggle/working/cut_cutfix_full_tier1_20260729_01/tier1/200_250/media/iCpEVDZ1RCU_s0000176578_e0000178750.mp4,tier1,cuda,nvenc,cutfix_full_tier1_20260729_01
iCpEVDZ1RCU_s0000182018_e0000186622,iCpEVDZ1RCU,182.018,186.622,4.604,1.0,1.0,11.08,/kaggle/working/cut_cutfix_full_tier1_20260729_01/tier1/200_250/media/iCpEVDZ1RCU_s0000182018_e0000186622.mp4,tier1,cuda,nvenc,cutfix_full_tier1_20260729_01
iCpEVDZ1RCU_s0000188770_e0000191134,iCpEVDZ1RCU,188.77,191.134,2.364,1.0,1.0,11.59,/kaggle/working/cut_cutfix_full_tier1_20260729_01/tier1/200_250/media/iCpEVDZ1RCU_s0000188770_e0000191134.mp4,tier1,cuda,nvenc,cutfix_full_tier1_20260729_01
iCpEVDZ1RCU_s0000191746_e0000194686,iCpEVDZ1RCU,191.746,194.686,2.94,1.0,1.0,10.98,/kaggle/working/cut_cutfix_full_tier1_20260729_01/tier1/200_250/media/iCpEVDZ1RCU_s0000191746_e0000194686.mp4,tier1,cuda,nvenc,cutfix_full_tier1_20260729_01
iCpEVDZ1RCU_s0000196706_e0000201438,iCpEVDZ1RCU,196.706,201.438,4.732,1.0,1.0,11.44,/kaggle/working/cut_cutfix_full_tier1_20260729_01/tier1/200_250/media/iCpEVDZ1RCU_s0000196706_e0000201438.mp4,tier1,cuda,nvenc,cutfix_full_tier1_20260729_01
iCpEVDZ1RCU_s0000203010_e0000205086,iCpEVDZ1RCU,203.01,205.086,2.076,1.0,1.0,13.27,/kaggle/working/cut_cutfix_full_tier1_20260729_01/tier1/200_250/media/iCpEVDZ1RCU_s0000203010_e0000205086.mp4,tier1,cuda,nvenc,cutfix_full_tier1_20260729_01
iCpEVDZ1RCU_s0000205826_e0000208510,iCpEVDZ1RCU,205.826,208.51,2.684,1.0,1.0,11.47,/kaggle/working/cut_cutfix_full_tier1_20260729_01/tier1/200_250/media/iCpEVDZ1RCU_s0000205826_e0000208510.mp4,tier1,cuda,nvenc,cutfix_full_tier1_20260729_01
iCpEVDZ1RCU_s0000210530_e0000218910,iCpEVDZ1RCU,210.53,218.91,8.38,1.0,1.0,9.71,/kaggle/working/cut_cutfix_full_tier1_20260729_01/tier1/200_250/media/iCpEVDZ1RCU_s0000210530_e0000218910.mp4,tier1,cuda,nvenc,cutfix_full_tier1_20260729_01
iCpEVDZ1RCU_s0000221986_e0000226558,iCpEVDZ1RCU,221.986,226.558,4.572,1.0,1.0,9.96,/kaggle/working/cut_cutfix_full_tier1_20260729_01/tier1/200_250/media/iCpEVDZ1RCU_s0000221986_e0000226558.mp4,tier1,cuda,nvenc,cutfix_full_tier1_20260729_01
iCpEVDZ1RCU_s0000231394_e0000234462,iCpEVDZ1RCU,231.394,234.462,3.068,1.0,1.0,9.61,/kaggle/working/cut_cutfix_full_tier1_20260729_01/tier1/200_250/media/iCpEVDZ1RCU_s0000231394_e0000234462.mp4,tier1,cuda,nvenc,cutfix_full_tier1_20260729_01
iCpEVDZ1RCU_s0000235426_e0000237534,iCpEVDZ1RCU,235.426,237.534,2.108,1.0,1.0,10.87,/kaggle/working/cut_cutfix_full_tier1_20260729_01/tier1/200_250/media/iCpEVDZ1RCU_s0000235426_e0000237534.mp4,tier1,cuda,nvenc,cutfix_full_tier1_20260729_01
iCpEVDZ1RCU_s0000240962_e0000243806,iCpEVDZ1RCU,240.962,243.806,2.844,1.0,1.0,8.58,/kaggle/working/cut_cutfix_full_tier1_20260729_01/tier1/200_250/media/iCpEVDZ1RCU_s0000240962_e0000243806.mp4,tier1,cuda,nvenc,cutfix_full_tier1_20260729_01
iCpEVDZ1RCU_s0000243970_e0000246974,iCpEVDZ1RCU,243.97,246.974,3.004,1.0,1.0,9.93,/kaggle/working/cut_cutfix_full_tier1_20260729_01/tier1/200_250/media/iCpEVDZ1RCU_s0000243970_e0000246974.mp4,tier1,cuda,nvenc,cutfix_full_tier1_20260729_01
iCpEVDZ1RCU_s0000247874_e0000251102,iCpEVDZ1RCU,247.874,251.102,3.228,1.0,1.0,12.58,/kaggle/working/cut_cutfix_full_tier1_20260729_01/tier1/200_250/media/iCpEVDZ1RCU_s0000247874_e0000251102.mp4,tier1,cuda,nvenc,cutfix_full_tier1_20260729_01
iCpEVDZ1RCU_s0000256386_e0000258590,iCpEVDZ1RCU,256.386,258.59,2.204,1.0,1.0,11.25,/kaggle/working/cut_cutfix_full_tier1_20260729_01/tier1/200_250/media/iCpEVDZ1RCU_s0000256386_e0000258590.mp4,tier1,cuda,nvenc,cutfix_full_tier1_20260729_01
iCpEVDZ1RCU_s0000259202_e0000262590,iCpEVDZ1RCU,259.202,262.59,3.388,1.0,1.0,10.79,/kaggle/working/cut_cutfix_full_tier1_20260729_01/tier1/200_250/media/iCpEVDZ1RCU_s0000259202_e0000262590.mp4,tier1,cuda,nvenc,cutfix_full_tier1_20260729_01
iCpEVDZ1RCU_s0000265698_e0000269630,iCpEVDZ1RCU,265.698,269.63,3.932,1.0,1.0,11.69,/kaggle/working/cut_cutfix_full_tier1_20260729_01/tier1/200_250/media/iCpEVDZ1RCU_s0000265698_e0000269630.mp4,tier1,cuda,nvenc,cutfix_full_tier1_20260729_01
iCpEVDZ1RCU_s0000269794_e0000271870,iCpEVDZ1RCU,269.794,271.87,2.076,1.0,1.0,12.42,/kaggle/working/cut_cutfix_full_tier1_20260729_01/tier1/200_250/media/iCpEVDZ1RCU_s0000269794_e0000271870.mp4,tier1,cuda,nvenc,cutfix_full_tier1_20260729_01
iCpEVDZ1RCU_s0000274242_e0000278782,iCpEVDZ1RCU,274.242,278.782,4.54,1.0,1.0,10.03,/kaggle/working/cut_cutfix_full_tier1_20260729_01/tier1/200_250/media/iCpEVDZ1RCU_s0000274242_e0000278782.mp4,tier1,cuda,nvenc,cutfix_full_tier1_20260729_01
iCpEVDZ1RCU_s0000279010_e0000286110,iCpEVDZ1RCU,279.01,286.11,7.1,1.0,1.0,10.73,/kaggle/working/cut_cutfix_full_tier1_20260729_01/tier1/200_250/media/iCpEVDZ1RCU_s0000279010_e0000286110.mp4,tier1,cuda,nvenc,cutfix_full_tier1_20260729_01
iCpEVDZ1RCU_s0000286242_e0000289598,iCpEVDZ1RCU,286.242,289.598,3.356,1.0,1.0,9.12,/kaggle/working/cut_cutfix_full_tier1_20260729_01/tier1/200_250/media/iCpEVDZ1RCU_s0000286242_e0000289598.mp4,tier1,cuda,nvenc,cutfix_full_tier1_20260729_01
iCpEVDZ1RCU_s0000289826_e0000295614,iCpEVDZ1RCU,289.826,295.614,5.788,1.0,1.0,10.29,/kaggle/working/cut_cutfix_full_tier1_20260729_01/tier1/200_250/media/iCpEVDZ1RCU_s0000289826_e0000295614.mp4,tier1,cuda,nvenc,cutfix_full_tier1_20260729_01
iCpEVDZ1RCU_s0000297378_e0000302750,iCpEVDZ1RCU,297.378,302.75,5.372,1.0,1.0,8.27,/kaggle/working/cut_cutfix_full_tier1_20260729_01/tier1/200_250/media/iCpEVDZ1RCU_s0000297378_e0000302750.mp4,tier1,cuda,nvenc,cutfix_full_tier1_20260729_01
iCpEVDZ1RCU_s0000302882_e0000305790,iCpEVDZ1RCU,302.882,305.79,2.908,1.0,1.0,10.74,/kaggle/working/cut_cutfix_full_tier1_20260729_01/tier1/200_250/media/iCpEVDZ1RCU_s0000302882_e0000305790.mp4,tier1,cuda,nvenc,cutfix_full_tier1_20260729_01
iCpEVDZ1RCU_s0000308482_e0000311582,iCpEVDZ1RCU,308.482,311.582,3.1,1.0,1.0,11.52,/kaggle/working/cut_cutfix_full_tier1_20260729_01/tier1/200_250/media/iCpEVDZ1RCU_s0000308482_e0000311582.mp4,tier1,cuda,nvenc,cutfix_full_tier1_20260729_01
iCpEVDZ1RCU_s0000314050_e0000317438,iCpEVDZ1RCU,314.05,317.438,3.388,1.0,1.0,10.81,/kaggle/working/cut_cutfix_full_tier1_20260729_01/tier1/200_250/media/iCpEVDZ1RCU_s0000314050_e0000317438.mp4,tier1,cuda,nvenc,cutfix_full_tier1_20260729_01
iCpEVDZ1RCU_s0000317922_e0000321150,iCpEVDZ1RCU,317.922,321.15,3.228,1.0,1.0,9.45,/kaggle/working/cut_cutfix_full_tier1_20260729_01/tier1/200_250/media/iCpEVDZ1RCU_s0000317922_e0000321150.mp4,tier1,cuda,nvenc,cutfix_full_tier1_20260729_01
iCpEVDZ1RCU_s0000321698_e0000323742,iCpEVDZ1RCU,321.698,323.742,2.044,1.0,1.0,10.21,/kaggle/working/cut_cutfix_full_tier1_20260729_01/tier1/200_250/media/iCpEVDZ1RCU_s0000321698_e0000323742.mp4,tier1,cuda,nvenc,cutfix_full_tier1_20260729_01
iCpEVDZ1RCU_s0000324354_e0000327742,iCpEVDZ1RCU,324.354,327.742,3.388,1.0,1.0,10.41,/kaggle/working/cut_cutfix_full_tier1_20260729_01/tier1/200_250/media/iCpEVDZ1RCU_s0000324354_e0000327742.mp4,tier1,cuda,nvenc,cutfix_full_tier1_20260729_01
iCpEVDZ1RCU_s0000331362_e0000334718,iCpEVDZ1RCU,331.362,334.718,3.356,1.0,1.0,11.65,/kaggle/working/cut_cutfix_full_tier1_20260729_01/tier1/200_250/media/iCpEVDZ1RCU_s0000331362_e0000334718.mp4,tier1,cuda,nvenc,cutfix_full_tier1_20260729_01
iCpEVDZ1RCU_s0000335138_e0000338686,iCpEVDZ1RCU,335.138,338.686,3.548,1.0,1.0,9.54,/kaggle/working/cut_cutfix_full_tier1_20260729_01/tier1/200_250/media/iCpEVDZ1RCU_s0000335138_e0000338686.mp4,tier1,cuda,nvenc,cutfix_full_tier1_20260729_01
iCpEVDZ1RCU_s0000343394_e0000345854,iCpEVDZ1RCU,343.394,345.854,2.46,1.0,1.0,9.03,/kaggle/working/cut_cutfix_full_tier1_20260729_01/tier1/200_250/media/iCpEVDZ1RCU_s0000343394_e0000345854.mp4,tier1,cuda,nvenc,cutfix_full_tier1_20260729_01
iCpEVDZ1RCU_s0000347362_e0000350462,iCpEVDZ1RCU,347.362,350.462,3.1,1.0,1.0,10.89,/kaggle/working/cut_cutfix_full_tier1_20260729_01/tier1/200_250/media/iCpEVDZ1RCU_s0000347362_e0000350462.mp4,tier1,cuda,nvenc,cutfix_full_tier1_20260729_01
iCpEVDZ1RCU_s0000352610_e0000356702,iCpEVDZ1RCU,352.61,356.702,4.092,1.0,1.0,11.01,/kaggle/working/cut_cutfix_full_tier1_20260729_01/tier1/200_250/media/iCpEVDZ1RCU_s0000352610_e0000356702.mp4,tier1,cuda,nvenc,cutfix_full_tier1_20260729_01
iCpEVDZ1RCU_s0000357442_e0000360766,iCpEVDZ1RCU,357.442,360.766,3.324,1.0,1.0,8.29,/kaggle/working/cut_cutfix_full_tier1_20260729_01/tier1/200_250/media/iCpEVDZ1RCU_s0000357442_e0000360766.mp4,tier1,cuda,nvenc,cutfix_full_tier1_20260729_01
iCpEVDZ1RCU_s0000366306_e0000374974,iCpEVDZ1RCU,366.306,374.974,8.668,1.0,1.0,10.61,/kaggle/working/cut_cutfix_full_tier1_20260729_01/tier1/200_250/media/iCpEVDZ1RCU_s0000366306_e0000374974.mp4,tier1,cuda,nvenc,cutfix_full_tier1_20260729_01
iCpEVDZ1RCU_s0000375330_e0000380190,iCpEVDZ1RCU,375.33,380.19,4.86,1.0,1.0,11.54,/kaggle/working/cut_cutfix_full_tier1_20260729_01/tier1/200_250/media/iCpEVDZ1RCU_s0000375330_e0000380190.mp4,tier1,cuda,nvenc,cutfix_full_tier1_20260729_01
iCpEVDZ1RCU_s0000386498_e0000390718,iCpEVDZ1RCU,386.498,390.718,4.22,1.0,1.0,10.69,/kaggle/working/cut_cutfix_full_tier1_20260729_01/tier1/200_250/media/iCpEVDZ1RCU_s0000386498_e0000390718.mp4,tier1,cuda,nvenc,cutfix_full_tier1_20260729_01
iCpEVDZ1RCU_s0000390978_e0000396254,iCpEVDZ1RCU,390.978,396.254,5.276,1.0,1.0,8.9,/kaggle/working/cut_cutfix_full_tier1_20260729_01/tier1/200_250/media/iCpEVDZ1RCU_s0000390978_e0000396254.mp4,tier1,cuda,nvenc,cutfix_full_tier1_20260729_01
iCpEVDZ1RCU_s0000397250_e0000399998,iCpEVDZ1RCU,397.25,399.998,2.748,1.0,1.0,11.57,/kaggle/working/cut_cutfix_full_tier1_20260729_01/tier1/200_250/media/iCpEVDZ1RCU_s0000397250_e0000399998.mp4,tier1,cuda,nvenc,cutfix_full_tier1_20260729_01
iCpEVDZ1RCU_s0000409282_e0000419326,iCpEVDZ1RCU,409.282,419.326,10.044,1.0,1.0,10.19,/kaggle/working/cut_cutfix_full_tier1_20260729_01/tier1/200_250/media/iCpEVDZ1RCU_s0000409282_e0000419326.mp4,tier1,cuda,nvenc,cutfix_full_tier1_20260729_01
iCpEVDZ1RCU_s0000421378_e0000424094,iCpEVDZ1RCU,421.378,424.094,2.716,1.0,1.0,10.8,/kaggle/working/cut_cutfix_full_tier1_20260729_01/tier1/200_250/media/iCpEVDZ1RCU_s0000421378_e0000424094.mp4,tier1,cuda,nvenc,cutfix_full_tier1_20260729_01
iCpEVDZ1RCU_s0000428962_e0000431390,iCpEVDZ1RCU,428.962,431.39,2.428,1.0,1.0,9.19,/kaggle/working/cut_cutfix_full_tier1_20260729_01/tier1/200_250/media/iCpEVDZ1RCU_s0000428962_e0000431390.mp4,tier1,cuda,nvenc,cutfix_full_tier1_20260729_01
iCpEVDZ1RCU_s0000431938_e0000435838,iCpEVDZ1RCU,431.938,435.838,3.9,1.0,1.0,9.43,/kaggle/working/cut_cutfix_full_tier1_20260729_01/tier1/200_250/media/iCpEVDZ1RCU_s0000431938_e0000435838.mp4,tier1,cuda,nvenc,cutfix_full_tier1_20260729_01
iCpEVDZ1RCU_s0000436610_e0000440606,iCpEVDZ1RCU,436.61,440.606,3.996,1.0,1.0,11.49,/kaggle/working/cut_cutfix_full_tier1_20260729_01/tier1/200_250/media/iCpEVDZ1RCU_s0000436610_e0000440606.mp4,tier1,cuda,nvenc,cutfix_full_tier1_20260729_01
iCpEVDZ1RCU_s0000440770_e0000443902,iCpEVDZ1RCU,440.77,443.902,3.132,1.0,1.0,9.12,/kaggle/working/cut_cutfix_full_tier1_20260729_01/tier1/200_250/media/iCpEVDZ1RCU_s0000440770_e0000443902.mp4,tier1,cuda,nvenc,cutfix_full_tier1_20260729_01
iCpEVDZ1RCU_s0000447298_e0000449886,iCpEVDZ1RCU,447.298,449.886,2.588,1.0,1.0,13.37,/kaggle/working/cut_cutfix_full_tier1_20260729_01/tier1/200_250/media/iCpEVDZ1RCU_s0000447298_e0000449886.mp4,tier1,cuda,nvenc,cutfix_full_tier1_20260729_01
iCpEVDZ1RCU_s0000454338_e0000460094,iCpEVDZ1RCU,454.338,460.094,5.756,1.0,1.0,11.44,/kaggle/working/cut_cutfix_full_tier1_20260729_01/tier1/200_250/media/iCpEVDZ1RCU_s0000454338_e0000460094.mp4,tier1,cuda,nvenc,cutfix_full_tier1_20260729_01
iCpEVDZ1RCU_s0000463522_e0000466046,iCpEVDZ1RCU,463.522,466.046,2.524,1.0,1.0,11.21,/kaggle/working/cut_cutfix_full_tier1_20260729_01/tier1/200_250/media/iCpEVDZ1RCU_s0000463522_e0000466046.mp4,tier1,cuda,nvenc,cutfix_full_tier1_20260729_01
iCpEVDZ1RCU_s0000466178_e0000468510,iCpEVDZ1RCU,466.178,468.51,2.332,1.0,1.0,10.03,/kaggle/working/cut_cutfix_full_tier1_20260729_01/tier1/200_250/media/iCpEVDZ1RCU_s0000466178_e0000468510.mp4,tier1,cuda,nvenc,cutfix_full_tier1_20260729_01
iCpEVDZ1RCU_s0000470978_e0000473054,iCpEVDZ1RCU,470.978,473.054,2.076,1.0,1.0,11.59,/kaggle/working/cut_cutfix_full_tier1_20260729_01/tier1/200_250/media/iCpEVDZ1RCU_s0000470978_e0000473054.mp4,tier1,cuda,nvenc,cutfix_full_tier1_20260729_01
iCpEVDZ1RCU_s0000476770_e0000479038,iCpEVDZ1RCU,476.77,479.038,2.268,1.0,1.0,11.6,/kaggle/working/cut_cutfix_full_tier1_20260729_01/tier1/200_250/media/iCpEVDZ1RCU_s0000476770_e0000479038.mp4,tier1,cuda,nvenc,cutfix_full_tier1_20260729_01
iCpEVDZ1RCU_s0000479298_e0000481342,iCpEVDZ1RCU,479.298,481.342,2.044,1.0,1.0,12.7,/kaggle/working/cut_cutfix_full_tier1_20260729_01/tier1/200_250/media/iCpEVDZ1RCU_s0000479298_e0000481342.mp4,tier1,cuda,nvenc,cutfix_full_tier1_20260729_01
iCpEVDZ1RCU_s0000484386_e0000487998,iCpEVDZ1RCU,484.386,487.998,3.612,1.0,1.0,7.4,/kaggle/working/cut_cutfix_full_tier1_20260729_01/tier1/200_250/media/iCpEVDZ1RCU_s0000484386_e0000487998.mp4,tier1,cuda,nvenc,cutfix_full_tier1_20260729_01
iCpEVDZ1RCU_s0000489570_e0000491742,iCpEVDZ1RCU,489.57,491.742,2.172,1.0,1.0,9.51,/kaggle/working/cut_cutfix_full_tier1_20260729_01/tier1/200_250/media/iCpEVDZ1RCU_s0000489570_e0000491742.mp4,tier1,cuda,nvenc,cutfix_full_tier1_20260729_01
iCpEVDZ1RCU_s0000492226_e0000494366,iCpEVDZ1RCU,492.226,494.366,2.14,1.0,1.0,11.9,/kaggle/working/cut_cutfix_full_tier1_20260729_01/tier1/200_250/media/iCpEVDZ1RCU_s0000492226_e0000494366.mp4,tier1,cuda,nvenc,cutfix_full_tier1_20260729_01
iCpEVDZ1RCU_s0000512546_e0000514558,iCpEVDZ1RCU,512.546,514.558,2.012,1.0,1.0,12.19,/kaggle/working/cut_cutfix_full_tier1_20260729_01/tier1/200_250/media/iCpEVDZ1RCU_s0000512546_e0000514558.mp4,tier1,cuda,nvenc,cutfix_full_tier1_20260729_01
iCpEVDZ1RCU_s0000515106_e0000518878,iCpEVDZ1RCU,515.106,518.878,3.772,1.0,1.0,11.14,/kaggle/working/cut_cutfix_full_tier1_20260729_01/tier1/200_250/media/iCpEVDZ1RCU_s0000515106_e0000518878.mp4,tier1,cuda,nvenc,cutfix_full_tier1_20260729_01
iCpEVDZ1RCU_s0000519202_e0000523262,iCpEVDZ1RCU,519.202,523.262,4.06,1.0,1.0,9.13,/kaggle/working/cut_cutfix_full_tier1_20260729_01/tier1/200_250/media/iCpEVDZ1RCU_s0000519202_e0000523262.mp4,tier1,cuda,nvenc,cutfix_full_tier1_20260729_01
iCpEVDZ1RCU_s0000524866_e0000529662,iCpEVDZ1RCU,524.866,529.662,4.796,1.0,1.0,8.54,/kaggle/working/cut_cutfix_full_tier1_20260729_01/tier1/200_250/media/iCpEVDZ1RCU_s0000524866_e0000529662.mp4,tier1,cuda,nvenc,cutfix_full_tier1_20260729_01
iCpEVDZ1RCU_s0000532002_e0000535838,iCpEVDZ1RCU,532.002,535.838,3.836,1.0,1.0,10.15,/kaggle/working/cut_cutfix_full_tier1_20260729_01/tier1/200_250/media/iCpEVDZ1RCU_s0000532002_e0000535838.mp4,tier1,cuda,nvenc,cutfix_full_tier1_20260729_01
iCpEVDZ1RCU_s0000542786_e0000547070,iCpEVDZ1RCU,542.786,547.07,4.284,1.0,1.0,12.35,/kaggle/working/cut_cutfix_full_tier1_20260729_01/tier1/200_250/media/iCpEVDZ1RCU_s0000542786_e0000547070.mp4,tier1,cuda,nvenc,cutfix_full_tier1_20260729_01
iCpEVDZ1RCU_s0000547458_e0000553854,iCpEVDZ1RCU,547.458,553.854,6.396,1.0,1.0,12.55,/kaggle/working/cut_cutfix_full_tier1_20260729_01/tier1/200_250/media/iCpEVDZ1RCU_s0000547458_e0000553854.mp4,tier1,cuda,nvenc,cutfix_full_tier1_20260729_01
iCpEVDZ1RCU_s0000558722_e0000563806,iCpEVDZ1RCU,558.722,563.806,5.084,1.0,1.0,8.78,/kaggle/working/cut_cutfix_full_tier1_20260729_01/tier1/200_250/media/iCpEVDZ1RCU_s0000558722_e0000563806.mp4,tier1,cuda,nvenc,cutfix_full_tier1_20260729_01
iOML2JkOdm4_s0000014434_e0000018334,iOML2JkOdm4,14.434,18.334,3.9,1.0,1.0,8.88,/kaggle/working/cut_cutfix_full_tier1_20260729_01/tier1/200_250/media/iOML2JkOdm4_s0000014434_e0000018334.mp4,tier1,cuda,nvenc,cutfix_full_tier1_20260729_01
iOML2JkOdm4_s0000018498_e0000023294,iOML2JkOdm4,18.498,23.294,4.796,1.0,1.0,9.28,/kaggle/working/cut_cutfix_full_tier1_20260729_01/tier1/200_250/media/iOML2JkOdm4_s0000018498_e0000023294.mp4,tier1,cuda,nvenc,cutfix_full_tier1_20260729_01
iOML2JkOdm4_s0000050466_e0000055466,iOML2JkOdm4,50.466,55.466,5.0,1.0,1.0,11.31,/kaggle/working/cut_cutfix_full_tier1_20260729_01/tier1/200_250/media/iOML2JkOdm4_s0000050466_e0000055466.mp4,tier1,cuda,nvenc,cutfix_full_tier1_20260729_01
iOML2JkOdm4_s0000054466_e0000059466,iOML2JkOdm4,54.466,59.466,5.0,1.0,1.0,9.27,/kaggle/working/cut_cutfix_full_tier1_20260729_01/tier1/200_250/media/iOML2JkOdm4_s0000054466_e0000059466.mp4,tier1,cuda,nvenc,cutfix_full_tier1_20260729_01
iOML2JkOdm4_s0000058466_e0000063466,iOML2JkOdm4,58.466,63.466,5.0,1.0,1.0,10.13,/kaggle/working/cut_cutfix_full_tier1_20260729_01/tier1/200_250/media/iOML2JkOdm4_s0000058466_e0000063466.mp4,tier1,cuda,nvenc,cutfix_full_tier1_20260729_01
iOML2JkOdm4_s0000062466_e0000067466,iOML2JkOdm4,62.466,67.466,5.0,1.0,1.0,9.11,/kaggle/working/cut_cutfix_full_tier1_20260729_01/tier1/200_250/media/iOML2JkOdm4_s0000062466_e0000067466.mp4,tier1,cuda,nvenc,cutfix_full_tier1_20260729_01
iOML2JkOdm4_s0000066466_e0000071358,iOML2JkOdm4,66.466,71.358,4.892,1.0,1.0,8.08,/kaggle/working/cut_cutfix_full_tier1_20260729_01/tier1/200_250/media/iOML2JkOdm4_s0000066466_e0000071358.mp4,tier1,cuda,nvenc,cutfix_full_tier1_20260729_01
iOML2JkOdm4_s0000079714_e0000084714,iOML2JkOdm4,79.714,84.714,5.0,1.0,1.0,8.25,/kaggle/working/cut_cutfix_full_tier1_20260729_01/tier1/200_250/media/iOML2JkOdm4_s0000079714_e0000084714.mp4,tier1,cuda,nvenc,cutfix_full_tier1_20260729_01
iOML2JkOdm4_s0000087714_e0000092714,iOML2JkOdm4,87.714,92.714,5.0,1.0,1.0,8.96,/kaggle/working/cut_cutfix_full_tier1_20260729_01/tier1/200_250/media/iOML2JkOdm4_s0000087714_e0000092714.mp4,tier1,cuda,nvenc,cutfix_full_tier1_20260729_01
iOML2JkOdm4_s0000091714_e0000096714,iOML2JkOdm4,91.714,96.714,5.0,1.0,1.0,8.2,/kaggle/working/cut_cutfix_full_tier1_20260729_01/tier1/200_250/media/iOML2JkOdm4_s0000091714_e0000096714.mp4,tier1,cuda,nvenc,cutfix_full_tier1_20260729_01
iOML2JkOdm4_s0000095714_e0000100714,iOML2JkOdm4,95.714,100.714,5.0,1.0,1.0,7.24,/kaggle/working/cut_cutfix_full_tier1_20260729_01/tier1/200_250/media/iOML2JkOdm4_s0000095714_e0000100714.mp4,tier1,cuda,nvenc,cutfix_full_tier1_20260729_01
iOML2JkOdm4_s0000103714_e0000108714,iOML2JkOdm4,103.714,108.714,5.0,1.0,1.0,7.41,/kaggle/working/cut_cutfix_full_tier1_20260729_01/tier1/200_250/media/iOML2JkOdm4_s0000103714_e0000108714.mp4,tier1,cuda,nvenc,cutfix_full_tier1_20260729_01
iOML2JkOdm4_s0000133346_e0000138346,iOML2JkOdm4,133.346,138.346,5.0,1.0,1.0,8.45,/kaggle/working/cut_cutfix_full_tier1_20260729_01/tier1/200_250/media/iOML2JkOdm4_s0000133346_e0000138346.mp4,tier1,cuda,nvenc,cutfix_full_tier1_20260729_01
iOML2JkOdm4_s0000149346_e0000152958,iOML2JkOdm4,149.346,152.958,3.612,1.0,1.0,6.68,/kaggle/working/cut_cutfix_full_tier1_20260729_01/tier1/200_250/media/iOML2JkOdm4_s0000149346_e0000152958.mp4,tier1,cuda,nvenc,cutfix_full_tier1_20260729_01
iOML2JkOdm4_s0000156578_e0000158782,iOML2JkOdm4,156.578,158.782,2.204,1.0,1.0,8.54,/kaggle/working/cut_cutfix_full_tier1_20260729_01/tier1/200_250/media/iOML2JkOdm4_s0000156578_e0000158782.mp4,tier1,cuda,nvenc,cutfix_full_tier1_20260729_01
iOML2JkOdm4_s0000165122_e0000167262,iOML2JkOdm4,165.122,167.262,2.14,1.0,1.0,9.36,/kaggle/working/cut_cutfix_full_tier1_20260729_01/tier1/200_250/media/iOML2JkOdm4_s0000165122_e0000167262.mp4,tier1,cuda,nvenc,cutfix_full_tier1_20260729_01
iOML2JkOdm4_s0000175842_e0000178846,iOML2JkOdm4,175.842,178.846,3.004,1.0,1.0,10.53,/kaggle/working/cut_cutfix_full_tier1_20260729_01/tier1/200_250/media/iOML2JkOdm4_s0000175842_e0000178846.mp4,tier1,cuda,nvenc,cutfix_full_tier1_20260729_01
iOML2JkOdm4_s0000187074_e0000192074,iOML2JkOdm4,187.074,192.074,5.0,1.0,1.0,9.26,/kaggle/working/cut_cutfix_full_tier1_20260729_01/tier1/200_250/media/iOML2JkOdm4_s0000187074_e0000192074.mp4,tier1,cuda,nvenc,cutfix_full_tier1_20260729_01
iOML2JkOdm4_s0000191074_e0000193790,iOML2JkOdm4,191.074,193.79,2.716,1.0,1.0,6.07,/kaggle/working/cut_cutfix_full_tier1_20260729_01/tier1/200_250/media/iOML2JkOdm4_s0000191074_e0000193790.mp4,tier1,cuda,nvenc,cutfix_full_tier1_20260729_01
iOML2JkOdm4_s0000194434_e0000198590,iOML2JkOdm4,194.434,198.59,4.156,1.0,1.0,7.22,/kaggle/working/cut_cutfix_full_tier1_20260729_01/tier1/200_250/media/iOML2JkOdm4_s0000194434_e0000198590.mp4,tier1,cuda,nvenc,cutfix_full_tier1_20260729_01
iOML2JkOdm4_s0000199586_e0000202814,iOML2JkOdm4,199.586,202.814,3.228,1.0,1.0,8.85,/kaggle/working/cut_cutfix_full_tier1_20260729_01/tier1/200_250/media/iOML2JkOdm4_s0000199586_e0000202814.mp4,tier1,cuda,nvenc,cutfix_full_tier1_20260729_01
iOML2JkOdm4_s0000209282_e0000213374,iOML2JkOdm4,209.282,213.374,4.092,1.0,1.0,8.9,/kaggle/working/cut_cutfix_full_tier1_20260729_01/tier1/200_250/media/iOML2JkOdm4_s0000209282_e0000213374.mp4,tier1,cuda,nvenc,cutfix_full_tier1_20260729_01
iOML2JkOdm4_s0000217634_e0000221438,iOML2JkOdm4,217.634,221.438,3.804,1.0,1.0,9.5,/kaggle/working/cut_cutfix_full_tier1_20260729_01/tier1/200_250/media/iOML2JkOdm4_s0000217634_e0000221438.mp4,tier1,cuda,nvenc,cutfix_full_tier1_20260729_01
iOML2JkOdm4_s0000223746_e0000226526,iOML2JkOdm4,223.746,226.526,2.78,1.0,1.0,9.94,/kaggle/working/cut_cutfix_full_tier1_20260729_01/tier1/200_250/media/iOML2JkOdm4_s0000223746_e0000226526.mp4,tier1,cuda,nvenc,cutfix_full_tier1_20260729_01
iOML2JkOdm4_s0000228514_e0000233022,iOML2JkOdm4,228.514,233.022,4.508,1.0,1.0,9.88,/kaggle/working/cut_cutfix_full_tier1_20260729_01/tier1/200_250/media/iOML2JkOdm4_s0000228514_e0000233022.mp4,tier1,cuda,nvenc,cutfix_full_tier1_20260729_01
iOML2JkOdm4_s0000235746_e0000238814,iOML2JkOdm4,235.746,238.814,3.068,1.0,1.0,9.36,/kaggle/working/cut_cutfix_full_tier1_20260729_01/tier1/200_250/media/iOML2JkOdm4_s0000235746_e0000238814.mp4,tier1,cuda,nvenc,cutfix_full_tier1_20260729_01
iOML2JkOdm4_s0000240034_e0000242270,iOML2JkOdm4,240.034,242.27,2.236,1.0,1.0,6.84,/kaggle/working/cut_cutfix_full_tier1_20260729_01/tier1/200_250/media/iOML2JkOdm4_s0000240034_e0000242270.mp4,tier1,cuda,nvenc,cutfix_full_tier1_20260729_01
iOML2JkOdm4_s0000251906_e0000254654,iOML2JkOdm4,251.906,254.654,2.748,1.0,1.0,9.41,/kaggle/working/cut_cutfix_full_tier1_20260729_01/tier1/200_250/media/iOML2JkOdm4_s0000251906_e0000254654.mp4,tier1,cuda,nvenc,cutfix_full_tier1_20260729_01
iOML2JkOdm4_s0000255330_e0000259966,iOML2JkOdm4,255.33,259.966,4.636,1.0,1.0,8.63,/kaggle/working/cut_cutfix_full_tier1_20260729_01/tier1/200_250/media/iOML2JkOdm4_s0000255330_e0000259966.mp4,tier1,cuda,nvenc,cutfix_full_tier1_20260729_01
iOML2JkOdm4_s0000267746_e0000275294,iOML2JkOdm4,267.746,275.294,7.548,1.0,1.0,9.42,/kaggle/working/cut_cutfix_full_tier1_20260729_01/tier1/200_250/media/iOML2JkOdm4_s0000267746_e0000275294.mp4,tier1,cuda,nvenc,cutfix_full_tier1_20260729_01
iOML2JkOdm4_s0000275746_e0000277790,iOML2JkOdm4,275.746,277.79,2.044,1.0,1.0,10.52,/kaggle/working/cut_cutfix_full_tier1_20260729_01/tier1/200_250/media/iOML2JkOdm4_s0000275746_e0000277790.mp4,tier1,cuda,nvenc,cutfix_full_tier1_20260729_01
iOML2JkOdm4_s0000296418_e0000299710,iOML2JkOdm4,296.418,299.71,3.292,1.0,1.0,8.84,/kaggle/working/cut_cutfix_full_tier1_20260729_01/tier1/200_250/media/iOML2JkOdm4_s0000296418_e0000299710.mp4,tier1,cuda,nvenc,cutfix_full_tier1_20260729_01
iOML2JkOdm4_s0000304194_e0000307262,iOML2JkOdm4,304.194,307.262,3.068,1.0,1.0,7.65,/kaggle/working/cut_cutfix_full_tier1_20260729_01/tier1/200_250/media/iOML2JkOdm4_s0000304194_e0000307262.mp4,tier1,cuda,nvenc,cutfix_full_tier1_20260729_01
iOML2JkOdm4_s0000320098_e0000325098,iOML2JkOdm4,320.098,325.098,5.0,1.0,1.0,12.42,/kaggle/working/cut_cutfix_full_tier1_20260729_01/tier1/200_250/media/iOML2JkOdm4_s0000320098_e0000325098.mp4,tier1,cuda,nvenc,cutfix_full_tier1_20260729_01
iOML2JkOdm4_s0000324098_e0000329098,iOML2JkOdm4,324.098,329.098,5.0,1.0,1.0,11.92,/kaggle/working/cut_cutfix_full_tier1_20260729_01/tier1/200_250/media/iOML2JkOdm4_s0000324098_e0000329098.mp4,tier1,cuda,nvenc,cutfix_full_tier1_20260729_01
iOML2JkOdm4_s0000328098_e0000333098,iOML2JkOdm4,328.098,333.098,5.0,1.0,1.0,11.13,/kaggle/working/cut_cutfix_full_tier1_20260729_01/tier1/200_250/media/iOML2JkOdm4_s0000328098_e0000333098.mp4,tier1,cuda,nvenc,cutfix_full_tier1_20260729_01
iOML2JkOdm4_s0000379618_e0000384618,iOML2JkOdm4,379.618,384.618,5.0,1.0,1.0,10.69,/kaggle/working/cut_cutfix_full_tier1_20260729_01/tier1/200_250/media/iOML2JkOdm4_s0000379618_e0000384618.mp4,tier1,cuda,nvenc,cutfix_full_tier1_20260729_01
iOML2JkOdm4_s0000383618_e0000388618,iOML2JkOdm4,383.618,388.618,5.0,1.0,1.0,9.29,/kaggle/working/cut_cutfix_full_tier1_20260729_01/tier1/200_250/media/iOML2JkOdm4_s0000383618_e0000388618.mp4,tier1,cuda,nvenc,cutfix_full_tier1_20260729_01
iOML2JkOdm4_s0000387618_e0000392618,iOML2JkOdm4,387.618,392.618,5.0,1.0,1.0,11.45,/kaggle/working/cut_cutfix_full_tier1_20260729_01/tier1/200_250/media/iOML2JkOdm4_s0000387618_e0000392618.mp4,tier1,cuda,nvenc,cutfix_full_tier1_20260729_01
iOML2JkOdm4_s0000391618_e0000395102,iOML2JkOdm4,391.618,395.102,3.484,1.0,1.0,7.43,/kaggle/working/cut_cutfix_full_tier1_20260729_01/tier1/200_250/media/iOML2JkOdm4_s0000391618_e0000395102.mp4,tier1,cuda,nvenc,cutfix_full_tier1_20260729_01
iOML2JkOdm4_s0000405794_e0000410794,iOML2JkOdm4,405.794,410.794,5.0,1.0,1.0,5.4,/kaggle/working/cut_cutfix_full_tier1_20260729_01/tier1/200_250/media/iOML2JkOdm4_s0000405794_e0000410794.mp4,tier1,cuda,nvenc,cutfix_full_tier1_20260729_01
iOML2JkOdm4_s0000417186_e0000423166,iOML2JkOdm4,417.186,423.166,5.98,1.0,1.0,3.12,/kaggle/working/cut_cutfix_full_tier1_20260729_01/tier1/200_250/media/iOML2JkOdm4_s0000417186_e0000423166.mp4,tier1,cuda,nvenc,cutfix_full_tier1_20260729_01
iOML2JkOdm4_s0000423266_e0000428094,iOML2JkOdm4,423.266,428.094,4.828,1.0,1.0,1.31,/kaggle/working/cut_cutfix_full_tier1_20260729_01/tier1/200_250/media/iOML2JkOdm4_s0000423266_e0000428094.mp4,tier1,cuda,nvenc,cutfix_full_tier1_20260729_01
iOML2JkOdm4_s0000428290_e0000432702,iOML2JkOdm4,428.29,432.702,4.412,1.0,1.0,1.22,/kaggle/working/cut_cutfix_full_tier1_20260729_01/tier1/200_250/media/iOML2JkOdm4_s0000428290_e0000432702.mp4,tier1,cuda,nvenc,cutfix_full_tier1_20260729_01
iOML2JkOdm4_s0000432866_e0000436414,iOML2JkOdm4,432.866,436.414,3.548,1.0,1.0,-0.21,/kaggle/working/cut_cutfix_full_tier1_20260729_01/tier1/200_250/media/iOML2JkOdm4_s0000432866_e0000436414.mp4,tier1,cuda,nvenc,cutfix_full_tier1_20260729_01
iOML2JkOdm4_s0000441506_e0000443966,iOML2JkOdm4,441.506,443.966,2.46,1.0,1.0,4.45,/kaggle/working/cut_cutfix_full_tier1_20260729_01/tier1/200_250/media/iOML2JkOdm4_s0000441506_e0000443966.mp4,tier1,cuda,nvenc,cutfix_full_tier1_20260729_01
iOML2JkOdm4_s0000455970_e0000460318,iOML2JkOdm4,455.97,460.318,4.348,1.0,1.0,4.13,/kaggle/working/cut_cutfix_full_tier1_20260729_01/tier1/200_250/media/iOML2JkOdm4_s0000455970_e0000460318.mp4,tier1,cuda,nvenc,cutfix_full_tier1_20260729_01
iOML2JkOdm4_s0000460866_e0000466814,iOML2JkOdm4,460.866,466.814,5.948,1.0,1.0,1.3,/kaggle/working/cut_cutfix_full_tier1_20260729_01/tier1/200_250/media/iOML2JkOdm4_s0000460866_e0000466814.mp4,tier1,cuda,nvenc,cutfix_full_tier1_20260729_01
iOML2JkOdm4_s0000467426_e0000471550,iOML2JkOdm4,467.426,471.55,4.124,1.0,1.0,6.12,/kaggle/working/cut_cutfix_full_tier1_20260729_01/tier1/200_250/media/iOML2JkOdm4_s0000467426_e0000471550.mp4,tier1,cuda,nvenc,cutfix_full_tier1_20260729_01
iOML2JkOdm4_s0000485538_e0000487646,iOML2JkOdm4,485.538,487.646,2.108,1.0,1.0,6.74,/kaggle/working/cut_cutfix_full_tier1_20260729_01/tier1/200_250/media/iOML2JkOdm4_s0000485538_e0000487646.mp4,tier1,cuda,nvenc,cutfix_full_tier1_20260729_01
iOML2JkOdm4_s0000494882_e0000498142,iOML2JkOdm4,494.882,498.142,3.26,1.0,1.0,4.88,/kaggle/working/cut_cutfix_full_tier1_20260729_01/tier1/200_250/media/iOML2JkOdm4_s0000494882_e0000498142.mp4,tier1,cuda,nvenc,cutfix_full_tier1_20260729_01
iOML2JkOdm4_s0000500610_e0000504030,iOML2JkOdm4,500.61,504.03,3.42,1.0,1.0,5.29,/kaggle/working/cut_cutfix_full_tier1_20260729_01/tier1/200_250/media/iOML2JkOdm4_s0000500610_e0000504030.mp4,tier1,cuda,nvenc,cutfix_full_tier1_20260729_01
iOML2JkOdm4_s0000505410_e0000508062,iOML2JkOdm4,505.41,508.062,2.652,1.0,1.0,4.27,/kaggle/working/cut_cutfix_full_tier1_20260729_01/tier1/200_250/media/iOML2JkOdm4_s0000505410_e0000508062.mp4,tier1,cuda,nvenc,cutfix_full_tier1_20260729_01
iOML2JkOdm4_s0000515202_e0000518782,iOML2JkOdm4,515.202,518.782,3.58,1.0,1.0,6.28,/kaggle/working/cut_cutfix_full_tier1_20260729_01/tier1/200_250/media/iOML2JkOdm4_s0000515202_e0000518782.mp4,tier1,cuda,nvenc,cutfix_full_tier1_20260729_01
iOML2JkOdm4_s0000526978_e0000529566,iOML2JkOdm4,526.978,529.566,2.588,1.0,1.0,4.91,/kaggle/working/cut_cutfix_full_tier1_20260729_01/tier1/200_250/media/iOML2JkOdm4_s0000526978_e0000529566.mp4,tier1,cuda,nvenc,cutfix_full_tier1_20260729_01
iOML2JkOdm4_s0000534690_e0000538494,iOML2JkOdm4,534.69,538.494,3.804,1.0,1.0,10.45,/kaggle/working/cut_cutfix_full_tier1_20260729_01/tier1/200_250/media/iOML2JkOdm4_s0000534690_e0000538494.mp4,tier1,cuda,nvenc,cutfix_full_tier1_20260729_01
iOML2JkOdm4_s0000538658_e0000543658,iOML2JkOdm4,538.658,543.658,5.0,1.0,1.0,12.52,/kaggle/working/cut_cutfix_full_tier1_20260729_01/tier1/200_250/media/iOML2JkOdm4_s0000538658_e0000543658.mp4,tier1,cuda,nvenc,cutfix_full_tier1_20260729_01
iOML2JkOdm4_s0000542658_e0000547658,iOML2JkOdm4,542.658,547.658,5.0,1.0,1.0,10.28,/kaggle/working/cut_cutfix_full_tier1_20260729_01/tier1/200_250/media/iOML2JkOdm4_s0000542658_e0000547658.mp4,tier1,cuda,nvenc,cutfix_full_tier1_20260729_01
iOML2JkOdm4_s0000546658_e0000551658,iOML2JkOdm4,546.658,551.658,5.0,1.0,1.0,9.14,/kaggle/working/cut_cutfix_full_tier1_20260729_01/tier1/200_250/media/iOML2JkOdm4_s0000546658_e0000551658.mp4,tier1,cuda,nvenc,cutfix_full_tier1_20260729_01
iOML2JkOdm4_s0000550658_e0000554878,iOML2JkOdm4,550.658,554.878,4.22,1.0,1.0,8.88,/kaggle/working/cut_cutfix_full_tier1_20260729_01/tier1/200_250/media/iOML2JkOdm4_s0000550658_e0000554878.mp4,tier1,cuda,nvenc,cutfix_full_tier1_20260729_01
iOML2JkOdm4_s0000593314_e0000596350,iOML2JkOdm4,593.314,596.35,3.036,1.0,1.0,5.07,/kaggle/working/cut_cutfix_full_tier1_20260729_01/tier1/200_250/media/iOML2JkOdm4_s0000593314_e0000596350.mp4,tier1,cuda,nvenc,cutfix_full_tier1_20260729_01
iOML2JkOdm4_s0000599362_e0000611006,iOML2JkOdm4,599.362,611.006,11.644,1.0,1.0,11.87,/kaggle/working/cut_cutfix_full_tier1_20260729_01/tier1/200_250/media/iOML2JkOdm4_s0000599362_e0000611006.mp4,tier1,cuda,nvenc,cutfix_full_tier1_20260729_01
iOML2JkOdm4_s0000662658_e0000670494,iOML2JkOdm4,662.658,670.494,7.836,1.0,1.0,11.84,/kaggle/working/cut_cutfix_full_tier1_20260729_01/tier1/200_250/media/iOML2JkOdm4_s0000662658_e0000670494.mp4,tier1,cuda,nvenc,cutfix_full_tier1_20260729_01
iOML2JkOdm4_s0000671970_e0000678654,iOML2JkOdm4,671.97,678.654,6.684,1.0,1.0,11.04,/kaggle/working/cut_cutfix_full_tier1_20260729_01/tier1/200_250/media/iOML2JkOdm4_s0000671970_e0000678654.mp4,tier1,cuda,nvenc,cutfix_full_tier1_20260729_01
iOML2JkOdm4_s0000733282_e0000739710,iOML2JkOdm4,733.282,739.71,6.428,1.0,1.0,8.25,/kaggle/working/cut_cutfix_full_tier1_20260729_01/tier1/200_250/media/iOML2JkOdm4_s0000733282_e0000739710.mp4,tier1,cuda,nvenc,cutfix_full_tier1_20260729_01
iOML2JkOdm4_s0000758850_e0000763070,iOML2JkOdm4,758.85,763.07,4.22,1.0,1.0,6.53,/kaggle/working/cut_cutfix_full_tier1_20260729_01/tier1/200_250/media/iOML2JkOdm4_s0000758850_e0000763070.mp4,tier1,cuda,nvenc,cutfix_full_tier1_20260729_01
iOML2JkOdm4_s0000818370_e0000820926,iOML2JkOdm4,818.37,820.926,2.556,1.0,1.0,4.64,/kaggle/working/cut_cutfix_full_tier1_20260729_01/tier1/200_250/media/iOML2JkOdm4_s0000818370_e0000820926.mp4,tier1,cuda,nvenc,cutfix_full_tier1_20260729_01
iOML2JkOdm4_s0000823138_e0000825310,iOML2JkOdm4,823.138,825.31,2.172,1.0,1.0,2.58,/kaggle/working/cut_cutfix_full_tier1_20260729_01/tier1/200_250/media/iOML2JkOdm4_s0000823138_e0000825310.mp4,tier1,cuda,nvenc,cutfix_full_tier1_20260729_01
iOML2JkOdm4_s0000827426_e0000830334,iOML2JkOdm4,827.426,830.334,2.908,1.0,1.0,3.94,/kaggle/working/cut_cutfix_full_tier1_20260729_01/tier1/200_250/media/iOML2JkOdm4_s0000827426_e0000830334.mp4,tier1,cuda,nvenc,cutfix_full_tier1_20260729_01
iOML2JkOdm4_s0000836034_e0000838622,iOML2JkOdm4,836.034,838.622,2.588,1.0,1.0,2.78,/kaggle/working/cut_cutfix_full_tier1_20260729_01/tier1/200_250/media/iOML2JkOdm4_s0000836034_e0000838622.mp4,tier1,cuda,nvenc,cutfix_full_tier1_20260729_01
iOML2JkOdm4_s0000838850_e0000840990,iOML2JkOdm4,838.85,840.99,2.14,1.0,1.0,4.49,/kaggle/working/cut_cutfix_full_tier1_20260729_01/tier1/200_250/media/iOML2JkOdm4_s0000838850_e0000840990.mp4,tier1,cuda,nvenc,cutfix_full_tier1_20260729_01
iOML2JkOdm4_s0000844802_e0000847294,iOML2JkOdm4,844.802,847.294,2.492,1.0,1.0,2.81,/kaggle/working/cut_cutfix_full_tier1_20260729_01/tier1/200_250/media/iOML2JkOdm4_s0000844802_e0000847294.mp4,tier1,cuda,nvenc,cutfix_full_tier1_20260729_01
iOML2JkOdm4_s0000847842_e0000850622,iOML2JkOdm4,847.842,850.622,2.78,1.0,1.0,4.32,/kaggle/working/cut_cutfix_full_tier1_20260729_01/tier1/200_250/media/iOML2JkOdm4_s0000847842_e0000850622.mp4,tier1,cuda,nvenc,cutfix_full_tier1_20260729_01
iOML2JkOdm4_s0000860258_e0000863582,iOML2JkOdm4,860.258,863.582,3.324,1.0,1.0,6.06,/kaggle/working/cut_cutfix_full_tier1_20260729_01/tier1/200_250/media/iOML2JkOdm4_s0000860258_e0000863582.mp4,tier1,cuda,nvenc,cutfix_full_tier1_20260729_01
iOML2JkOdm4_s0000873282_e0000884062,iOML2JkOdm4,873.282,884.062,10.78,1.0,1.0,9.47,/kaggle/working/cut_cutfix_full_tier1_20260729_01/tier1/200_250/media/iOML2JkOdm4_s0000873282_e0000884062.mp4,tier1,cuda,nvenc,cutfix_full_tier1_20260729_01
iOML2JkOdm4_s0000938946_e0000948830,iOML2JkOdm4,938.946,948.83,9.884,1.0,1.0,12.75,/kaggle/working/cut_cutfix_full_tier1_20260729_01/tier1/200_250/media/iOML2JkOdm4_s0000938946_e0000948830.mp4,tier1,cuda,nvenc,cutfix_full_tier1_20260729_01
iOML2JkOdm4_s0000951010_e0000953566,iOML2JkOdm4,951.01,953.566,2.556,1.0,1.0,10.82,/kaggle/working/cut_cutfix_full_tier1_20260729_01/tier1/200_250/media/iOML2JkOdm4_s0000951010_e0000953566.mp4,tier1,cuda,nvenc,cutfix_full_tier1_20260729_01
iOML2JkOdm4_s0000961730_e0000963774,iOML2JkOdm4,961.73,963.774,2.044,1.0,1.0,4.93,/kaggle/working/cut_cutfix_full_tier1_20260729_01/tier1/200_250/media/iOML2JkOdm4_s0000961730_e0000963774.mp4,tier1,cuda,nvenc,cutfix_full_tier1_20260729_01
iOML2JkOdm4_s0000964002_e0000969246,iOML2JkOdm4,964.002,969.246,5.244,1.0,1.0,6.57,/kaggle/working/cut_cutfix_full_tier1_20260729_01/tier1/200_250/media/iOML2JkOdm4_s0000964002_e0000969246.mp4,tier1,cuda,nvenc,cutfix_full_tier1_20260729_01
iOML2JkOdm4_s0001005058_e0001007486,iOML2JkOdm4,1005.058,1007.486,2.428,1.0,1.0,9.0,/kaggle/working/cut_cutfix_full_tier1_20260729_01/tier1/200_250/media/iOML2JkOdm4_s0001005058_e0001007486.mp4,tier1,cuda,nvenc,cutfix_full_tier1_20260729_01
iOML2JkOdm4_s0001009666_e0001013726,iOML2JkOdm4,1009.666,1013.726,4.06,1.0,1.0,10.07,/kaggle/working/cut_cutfix_full_tier1_20260729_01/tier1/200_250/media/iOML2JkOdm4_s0001009666_e0001013726.mp4,tier1,cuda,nvenc,cutfix_full_tier1_20260729_01
iOML2JkOdm4_s0001017634_e0001021150,iOML2JkOdm4,1017.634,1021.15,3.516,1.0,1.0,9.58,/kaggle/working/cut_cutfix_full_tier1_20260729_01/tier1/200_250/media/iOML2JkOdm4_s0001017634_e0001021150.mp4,tier1,cuda,nvenc,cutfix_full_tier1_20260729_01
iOML2JkOdm4_s0001021250_e0001023806,iOML2JkOdm4,1021.25,1023.806,2.556,1.0,1.0,10.09,/kaggle/working/cut_cutfix_full_tier1_20260729_01/tier1/200_250/media/iOML2JkOdm4_s0001021250_e0001023806.mp4,tier1,cuda,nvenc,cutfix_full_tier1_20260729_01
iOML2JkOdm4_s0001029762_e0001034750,iOML2JkOdm4,1029.762,1034.75,4.988,1.0,1.0,9.67,/kaggle/working/cut_cutfix_full_tier1_20260729_01/tier1/200_250/media/iOML2JkOdm4_s0001029762_e0001034750.mp4,tier1,cuda,nvenc,cutfix_full_tier1_20260729_01
iOML2JkOdm4_s0001035426_e0001037438,iOML2JkOdm4,1035.426,1037.438,2.012,1.0,1.0,7.35,/kaggle/working/cut_cutfix_full_tier1_20260729_01/tier1/200_250/media/iOML2JkOdm4_s0001035426_e0001037438.mp4,tier1,cuda,nvenc,cutfix_full_tier1_20260729_01
iOML2JkOdm4_s0001107842_e0001110110,iOML2JkOdm4,1107.842,1110.11,2.268,1.0,1.0,12.52,/kaggle/working/cut_cutfix_full_tier1_20260729_01/tier1/200_250/media/iOML2JkOdm4_s0001107842_e0001110110.mp4,tier1,cuda,nvenc,cutfix_full_tier1_20260729_01
iOML2JkOdm4_s0001124514_e0001127966,iOML2JkOdm4,1124.514,1127.966,3.452,1.0,1.0,10.52,/kaggle/working/cut_cutfix_full_tier1_20260729_01/tier1/200_250/media/iOML2JkOdm4_s0001124514_e0001127966.mp4,tier1,cuda,nvenc,cutfix_full_tier1_20260729_01
iOML2JkOdm4_s0001129122_e0001134122,iOML2JkOdm4,1129.122,1134.122,5.0,1.0,1.0,9.71,/kaggle/working/cut_cutfix_full_tier1_20260729_01/tier1/200_250/media/iOML2JkOdm4_s0001129122_e0001134122.mp4,tier1,cuda,nvenc,cutfix_full_tier1_20260729_01
iOML2JkOdm4_s0001133122_e0001138122,iOML2JkOdm4,1133.122,1138.122,5.0,1.0,1.0,10.86,/kaggle/working/cut_cutfix_full_tier1_20260729_01/tier1/200_250/media/iOML2JkOdm4_s0001133122_e0001138122.mp4,tier1,cuda,nvenc,cutfix_full_tier1_20260729_01
iOML2JkOdm4_s0001137122_e0001142122,iOML2JkOdm4,1137.122,1142.122,5.0,1.0,1.0,9.65,/kaggle/working/cut_cutfix_full_tier1_20260729_01/tier1/200_250/media/iOML2JkOdm4_s0001137122_e0001142122.mp4,tier1,cuda,nvenc,cutfix_full_tier1_20260729_01
iOtNLd8ZDDs_s0000002434_e0000006910,iOtNLd8ZDDs,2.434,6.91,4.476,1.0,1.0,3.33,/kaggle/working/cut_cutfix_full_tier1_20260729_01/tier1/200_250/media/iOtNLd8ZDDs_s0000002434_e0000006910.mp4,tier1,cuda,nvenc,cutfix_full_tier1_20260729_01
iOtNLd8ZDDs_s0000013378_e0000017150,iOtNLd8ZDDs,13.378,17.15,3.772,1.0,1.0,2.86,/kaggle/working/cut_cutfix_full_tier1_20260729_01/tier1/200_250/media/iOtNLd8ZDDs_s0000013378_e0000017150.mp4,tier1,cuda,nvenc,cutfix_full_tier1_20260729_01
iOtNLd8ZDDs_s0000058018_e0000060830,iOtNLd8ZDDs,58.018,60.83,2.812,1.0,1.0,5.14,/kaggle/working/cut_cutfix_full_tier1_20260729_01/tier1/200_250/media/iOtNLd8ZDDs_s0000058018_e0000060830.mp4,tier1,cuda,nvenc,cutfix_full_tier1_20260729_01
iOtNLd8ZDDs_s0000090434_e0000093854,iOtNLd8ZDDs,90.434,93.854,3.42,1.0,1.0,4.53,/kaggle/working/cut_cutfix_full_tier1_20260729_01/tier1/200_250/media/iOtNLd8ZDDs_s0000090434_e0000093854.mp4,tier1,cuda,nvenc,cutfix_full_tier1_20260729_01
iOtNLd8ZDDs_s0000094242_e0000096766,iOtNLd8ZDDs,94.242,96.766,2.524,1.0,1.0,4.51,/kaggle/working/cut_cutfix_full_tier1_20260729_01/tier1/200_250/media/iOtNLd8ZDDs_s0000094242_e0000096766.mp4,tier1,cuda,nvenc,cutfix_full_tier1_20260729_01
iOtNLd8ZDDs_s0000123106_e0000125342,iOtNLd8ZDDs,123.106,125.342,2.236,1.0,1.0,3.15,/kaggle/working/cut_cutfix_full_tier1_20260729_01/tier1/200_250/media/iOtNLd8ZDDs_s0000123106_e0000125342.mp4,tier1,cuda,nvenc,cutfix_full_tier1_20260729_01
iOtNLd8ZDDs_s0000146434_e0000149822,iOtNLd8ZDDs,146.434,149.822,3.388,1.0,1.0,4.83,/kaggle/working/cut_cutfix_full_tier1_20260729_01/tier1/200_250/media/iOtNLd8ZDDs_s0000146434_e0000149822.mp4,tier1,cuda,nvenc,cutfix_full_tier1_20260729_01
iOtNLd8ZDDs_s0000239554_e0000241854,iOtNLd8ZDDs,239.554,241.854,2.3,1.0,1.0,5.77,/kaggle/working/cut_cutfix_full_tier1_20260729_01/tier1/200_250/media/iOtNLd8ZDDs_s0000239554_e0000241854.mp4,tier1,cuda,nvenc,cutfix_full_tier1_20260729_01
iOtNLd8ZDDs_s0000258498_e0000261022,iOtNLd8ZDDs,258.498,261.022,2.524,1.0,1.0,3.42,/kaggle/working/cut_cutfix_full_tier1_20260729_01/tier1/200_250/media/iOtNLd8ZDDs_s0000258498_e0000261022.mp4,tier1,cuda,nvenc,cutfix_full_tier1_20260729_01
iOtNLd8ZDDs_s0000261922_e0000264030,iOtNLd8ZDDs,261.922,264.03,2.108,1.0,1.0,0.1,/kaggle/working/cut_cutfix_full_tier1_20260729_01/tier1/200_250/media/iOtNLd8ZDDs_s0000261922_e0000264030.mp4,tier1,cuda,nvenc,cutfix_full_tier1_20260729_01
iOtNLd8ZDDs_s0000295234_e0000297278,iOtNLd8ZDDs,295.234,297.278,2.044,1.0,1.0,6.11,/kaggle/working/cut_cutfix_full_tier1_20260729_01/tier1/200_250/media/iOtNLd8ZDDs_s0000295234_e0000297278.mp4,tier1,cuda,nvenc,cutfix_full_tier1_20260729_01
iOtNLd8ZDDs_s0000364034_e0000368478,iOtNLd8ZDDs,364.034,368.478,4.444,1.0,1.0,3.36,/kaggle/working/cut_cutfix_full_tier1_20260729_01/tier1/200_250/media/iOtNLd8ZDDs_s0000364034_e0000368478.mp4,tier1,cuda,nvenc,cutfix_full_tier1_20260729_01
iOtNLd8ZDDs_s0000375010_e0000378750,iOtNLd8ZDDs,375.01,378.75,3.74,1.0,1.0,2.9,/kaggle/working/cut_cutfix_full_tier1_20260729_01/tier1/200_250/media/iOtNLd8ZDDs_s0000375010_e0000378750.mp4,tier1,cuda,nvenc,cutfix_full_tier1_20260729_01
iOtNLd8ZDDs_s0000472738_e0000475326,iOtNLd8ZDDs,472.738,475.326,2.588,1.0,1.0,3.55,/kaggle/working/cut_cutfix_full_tier1_20260729_01/tier1/200_250/media/iOtNLd8ZDDs_s0000472738_e0000475326.mp4,tier1,cuda,nvenc,cutfix_full_tier1_20260729_01
iOtNLd8ZDDs_s0000486146_e0000488446,iOtNLd8ZDDs,486.146,488.446,2.3,1.0,1.0,1.1,/kaggle/working/cut_cutfix_full_tier1_20260729_01/tier1/200_250/media/iOtNLd8ZDDs_s0000486146_e0000488446.mp4,tier1,cuda,nvenc,cutfix_full_tier1_20260729_01
iOtNLd8ZDDs_s0000509314_e0000511646,iOtNLd8ZDDs,509.314,511.646,2.332,1.0,1.0,4.61,/kaggle/working/cut_cutfix_full_tier1_20260729_01/tier1/200_250/media/iOtNLd8ZDDs_s0000509314_e0000511646.mp4,tier1,cuda,nvenc,cutfix_full_tier1_20260729_01
iOtNLd8ZDDs_s0000532162_e0000534750,iOtNLd8ZDDs,532.162,534.75,2.588,1.0,1.0,2.81,/kaggle/working/cut_cutfix_full_tier1_20260729_01/tier1/200_250/media/iOtNLd8ZDDs_s0000532162_e0000534750.mp4,tier1,cuda,nvenc,cutfix_full_tier1_20260729_01
iOtNLd8ZDDs_s0000540002_e0000542718,iOtNLd8ZDDs,540.002,542.718,2.716,1.0,1.0,3.61,/kaggle/working/cut_cutfix_full_tier1_20260729_01/tier1/200_250/media/iOtNLd8ZDDs_s0000540002_e0000542718.mp4,tier1,cuda,nvenc,cutfix_full_tier1_20260729_01
iOtNLd8ZDDs_s0000543170_e0000545982,iOtNLd8ZDDs,543.17,545.982,2.812,1.0,1.0,3.13,/kaggle/working/cut_cutfix_full_tier1_20260729_01/tier1/200_250/media/iOtNLd8ZDDs_s0000543170_e0000545982.mp4,tier1,cuda,nvenc,cutfix_full_tier1_20260729_01
iOtNLd8ZDDs_s0000569122_e0000571742,iOtNLd8ZDDs,569.122,571.742,2.62,1.0,1.0,6.66,/kaggle/working/cut_cutfix_full_tier1_20260729_01/tier1/200_250/media/iOtNLd8ZDDs_s0000569122_e0000571742.mp4,tier1,cuda,nvenc,cutfix_full_tier1_20260729_01
iOtNLd8ZDDs_s0000626402_e0000630750,iOtNLd8ZDDs,626.402,630.75,4.348,1.0,1.0,4.42,/kaggle/working/cut_cutfix_full_tier1_20260729_01/tier1/200_250/media/iOtNLd8ZDDs_s0000626402_e0000630750.mp4,tier1,cuda,nvenc,cutfix_full_tier1_20260729_01
iOtNLd8ZDDs_s0000636514_e0000638686,iOtNLd8ZDDs,636.514,638.686,2.172,1.0,1.0,1.56,/kaggle/working/cut_cutfix_full_tier1_20260729_01/tier1/200_250/media/iOtNLd8ZDDs_s0000636514_e0000638686.mp4,tier1,cuda,nvenc,cutfix_full_tier1_20260729_01
iOtNLd8ZDDs_s0000641602_e0000643966,iOtNLd8ZDDs,641.602,643.966,2.364,1.0,1.0,6.29,/kaggle/working/cut_cutfix_full_tier1_20260729_01/tier1/200_250/media/iOtNLd8ZDDs_s0000641602_e0000643966.mp4,tier1,cuda,nvenc,cutfix_full_tier1_20260729_01
iOtNLd8ZDDs_s0000648034_e0000652286,iOtNLd8ZDDs,648.034,652.286,4.252,1.0,1.0,4.32,/kaggle/working/cut_cutfix_full_tier1_20260729_01/tier1/200_250/media/iOtNLd8ZDDs_s0000648034_e0000652286.mp4,tier1,cuda,nvenc,cutfix_full_tier1_20260729_01
iOtNLd8ZDDs_s0000670434_e0000672574,iOtNLd8ZDDs,670.434,672.574,2.14,1.0,1.0,2.36,/kaggle/working/cut_cutfix_full_tier1_20260729_01/tier1/200_250/media/iOtNLd8ZDDs_s0000670434_e0000672574.mp4,tier1,cuda,nvenc,cutfix_full_tier1_20260729_01
ibbTw714WuI_s0000006818_e0000011358,ibbTw714WuI,6.818,11.358,4.54,1.0,1.0,-0.85,/kaggle/working/cut_cutfix_full_tier1_20260729_01/tier1/200_250/media/ibbTw714WuI_s0000006818_e0000011358.mp4,tier1,cuda,nvenc,cutfix_full_tier1_20260729_01
ibbTw714WuI_s0000011746_e0000015486,ibbTw714WuI,11.746,15.486,3.74,1.0,1.0,0.97,/kaggle/working/cut_cutfix_full_tier1_20260729_01/tier1/200_250/media/ibbTw714WuI_s0000011746_e0000015486.mp4,tier1,cuda,nvenc,cutfix_full_tier1_20260729_01
ibbTw714WuI_s0000022370_e0000026046,ibbTw714WuI,22.37,26.046,3.676,1.0,1.0,1.63,/kaggle/working/cut_cutfix_full_tier1_20260729_01/tier1/200_250/media/ibbTw714WuI_s0000022370_e0000026046.mp4,tier1,cuda,nvenc,cutfix_full_tier1_20260729_01
ibbTw714WuI_s0000027554_e0000032606,ibbTw714WuI,27.554,32.606,5.052,1.0,1.0,4.19,/kaggle/working/cut_cutfix_full_tier1_20260729_01/tier1/200_250/media/ibbTw714WuI_s0000027554_e0000032606.mp4,tier1,cuda,nvenc,cutfix_full_tier1_20260729_01
ibbTw714WuI_s0000042306_e0000044606,ibbTw714WuI,42.306,44.606,2.3,1.0,1.0,0.87,/kaggle/working/cut_cutfix_full_tier1_20260729_01/tier1/200_250/media/ibbTw714WuI_s0000042306_e0000044606.mp4,tier1,cuda,nvenc,cutfix_full_tier1_20260729_01
ibbTw714WuI_s0000053250_e0000058718,ibbTw714WuI,53.25,58.718,5.468,1.0,1.0,0.73,/kaggle/working/cut_cutfix_full_tier1_20260729_01/tier1/200_250/media/ibbTw714WuI_s0000053250_e0000058718.mp4,tier1,cuda,nvenc,cutfix_full_tier1_20260729_01
ibbTw714WuI_s0000074242_e0000076446,ibbTw714WuI,74.242,76.446,2.204,1.0,1.0,4.32,/kaggle/working/cut_cutfix_full_tier1_20260729_01/tier1/200_250/media/ibbTw714WuI_s0000074242_e0000076446.mp4,tier1,cuda,nvenc,cutfix_full_tier1_20260729_01
ibbTw714WuI_s0000076930_e0000080638,ibbTw714WuI,76.93,80.638,3.708,1.0,1.0,5.85,/kaggle/working/cut_cutfix_full_tier1_20260729_01/tier1/200_250/media/ibbTw714WuI_s0000076930_e0000080638.mp4,tier1,cuda,nvenc,cutfix_full_tier1_20260729_01
ibbTw714WuI_s0000083106_e0000085630,ibbTw714WuI,83.106,85.63,2.524,1.0,1.0,4.09,/kaggle/working/cut_cutfix_full_tier1_20260729_01/tier1/200_250/media/ibbTw714WuI_s0000083106_e0000085630.mp4,tier1,cuda,nvenc,cutfix_full_tier1_20260729_01
ibbTw714WuI_s0000092290_e0000096766,ibbTw714WuI,92.29,96.766,4.476,1.0,1.0,7.11,/kaggle/working/cut_cutfix_full_tier1_20260729_01/tier1/200_250/media/ibbTw714WuI_s0000092290_e0000096766.mp4,tier1,cuda,nvenc,cutfix_full_tier1_20260729_01
ibbTw714WuI_s0000101378_e0000103838,ibbTw714WuI,101.378,103.838,2.46,1.0,1.0,5.75,/kaggle/working/cut_cutfix_full_tier1_20260729_01/tier1/200_250/media/ibbTw714WuI_s0000101378_e0000103838.mp4,tier1,cuda,nvenc,cutfix_full_tier1_20260729_01
ibbTw714WuI_s0000104258_e0000106718,ibbTw714WuI,104.258,106.718,2.46,1.0,1.0,5.13,/kaggle/working/cut_cutfix_full_tier1_20260729_01/tier1/200_250/media/ibbTw714WuI_s0000104258_e0000106718.mp4,tier1,cuda,nvenc,cutfix_full_tier1_20260729_01
ibbTw714WuI_s0000109474_e0000112158,ibbTw714WuI,109.474,112.158,2.684,1.0,1.0,8.87,/kaggle/working/cut_cutfix_full_tier1_20260729_01/tier1/200_250/media/ibbTw714WuI_s0000109474_e0000112158.mp4,tier1,cuda,nvenc,cutfix_full_tier1_20260729_01
ibbTw714WuI_s0000122274_e0000125662,ibbTw714WuI,122.274,125.662,3.388,1.0,1.0,8.45,/kaggle/working/cut_cutfix_full_tier1_20260729_01/tier1/200_250/media/ibbTw714WuI_s0000122274_e0000125662.mp4,tier1,cuda,nvenc,cutfix_full_tier1_20260729_01
ibbTw714WuI_s0000127106_e0000131038,ibbTw714WuI,127.106,131.038,3.932,1.0,1.0,7.32,/kaggle/working/cut_cutfix_full_tier1_20260729_01/tier1/200_250/media/ibbTw714WuI_s0000127106_e0000131038.mp4,tier1,cuda,nvenc,cutfix_full_tier1_20260729_01
ibbTw714WuI_s0000131362_e0000135934,ibbTw714WuI,131.362,135.934,4.572,1.0,1.0,8.72,/kaggle/working/cut_cutfix_full_tier1_20260729_01/tier1/200_250/media/ibbTw714WuI_s0000131362_e0000135934.mp4,tier1,cuda,nvenc,cutfix_full_tier1_20260729_01
ibbTw714WuI_s0000136226_e0000139102,ibbTw714WuI,136.226,139.102,2.876,1.0,1.0,6.81,/kaggle/working/cut_cutfix_full_tier1_20260729_01/tier1/200_250/media/ibbTw714WuI_s0000136226_e0000139102.mp4,tier1,cuda,nvenc,cutfix_full_tier1_20260729_01
ibbTw714WuI_s0000141922_e0000144126,ibbTw714WuI,141.922,144.126,2.204,1.0,1.0,7.81,/kaggle/working/cut_cutfix_full_tier1_20260729_01/tier1/200_250/media/ibbTw714WuI_s0000141922_e0000144126.mp4,tier1,cuda,nvenc,cutfix_full_tier1_20260729_01
ibbTw714WuI_s0000144514_e0000146654,ibbTw714WuI,144.514,146.654,2.14,1.0,1.0,7.9,/kaggle/working/cut_cutfix_full_tier1_20260729_01/tier1/200_250/media/ibbTw714WuI_s0000144514_e0000146654.mp4,tier1,cuda,nvenc,cutfix_full_tier1_20260729_01
ibbTw714WuI_s0000148098_e0000151614,ibbTw714WuI,148.098,151.614,3.516,1.0,1.0,7.5,/kaggle/working/cut_cutfix_full_tier1_20260729_01/tier1/200_250/media/ibbTw714WuI_s0000148098_e0000151614.mp4,tier1,cuda,nvenc,cutfix_full_tier1_20260729_01
ibbTw714WuI_s0000153538_e0000159518,ibbTw714WuI,153.538,159.518,5.98,1.0,1.0,9.38,/kaggle/working/cut_cutfix_full_tier1_20260729_01/tier1/200_250/media/ibbTw714WuI_s0000153538_e0000159518.mp4,tier1,cuda,nvenc,cutfix_full_tier1_20260729_01
ibbTw714WuI_s0000159746_e0000164126,ibbTw714WuI,159.746,164.126,4.38,1.0,1.0,8.28,/kaggle/working/cut_cutfix_full_tier1_20260729_01/tier1/200_250/media/ibbTw714WuI_s0000159746_e0000164126.mp4,tier1,cuda,nvenc,cutfix_full_tier1_20260729_01
ibbTw714WuI_s0000164322_e0000169758,ibbTw714WuI,164.322,169.758,5.436,1.0,1.0,7.13,/kaggle/working/cut_cutfix_full_tier1_20260729_01/tier1/200_250/media/ibbTw714WuI_s0000164322_e0000169758.mp4,tier1,cuda,nvenc,cutfix_full_tier1_20260729_01
ibbTw714WuI_s0000177314_e0000180478,ibbTw714WuI,177.314,180.478,3.164,1.0,1.0,6.1,/kaggle/working/cut_cutfix_full_tier1_20260729_01/tier1/200_250/media/ibbTw714WuI_s0000177314_e0000180478.mp4,tier1,cuda,nvenc,cutfix_full_tier1_20260729_01
ibbTw714WuI_s0000180930_e0000184350,ibbTw714WuI,180.93,184.35,3.42,1.0,1.0,6.45,/kaggle/working/cut_cutfix_full_tier1_20260729_01/tier1/200_250/media/ibbTw714WuI_s0000180930_e0000184350.mp4,tier1,cuda,nvenc,cutfix_full_tier1_20260729_01
ibbTw714WuI_s0000188706_e0000191678,ibbTw714WuI,188.706,191.678,2.972,1.0,1.0,9.57,/kaggle/working/cut_cutfix_full_tier1_20260729_01/tier1/200_250/media/ibbTw714WuI_s0000188706_e0000191678.mp4,tier1,cuda,nvenc,cutfix_full_tier1_20260729_01
ibbTw714WuI_s0000194338_e0000196734,ibbTw714WuI,194.338,196.734,2.396,1.0,1.0,8.6,/kaggle/working/cut_cutfix_full_tier1_20260729_01/tier1/200_250/media/ibbTw714WuI_s0000194338_e0000196734.mp4,tier1,cuda,nvenc,cutfix_full_tier1_20260729_01
ibbTw714WuI_s0000197090_e0000200350,ibbTw714WuI,197.09,200.35,3.26,1.0,1.0,9.93,/kaggle/working/cut_cutfix_full_tier1_20260729_01/tier1/200_250/media/ibbTw714WuI_s0000197090_e0000200350.mp4,tier1,cuda,nvenc,cutfix_full_tier1_20260729_01
ibbTw714WuI_s0000200450_e0000204478,ibbTw714WuI,200.45,204.478,4.028,1.0,1.0,5.91,/kaggle/working/cut_cutfix_full_tier1_20260729_01/tier1/200_250/media/ibbTw714WuI_s0000200450_e0000204478.mp4,tier1,cuda,nvenc,cutfix_full_tier1_20260729_01
ibbTw714WuI_s0000211362_e0000214814,ibbTw714WuI,211.362,214.814,3.452,1.0,1.0,11.21,/kaggle/working/cut_cutfix_full_tier1_20260729_01/tier1/200_250/media/ibbTw714WuI_s0000211362_e0000214814.mp4,tier1,cuda,nvenc,cutfix_full_tier1_20260729_01
ibbTw714WuI_s0000215010_e0000217246,ibbTw714WuI,215.01,217.246,2.236,1.0,1.0,9.13,/kaggle/working/cut_cutfix_full_tier1_20260729_01/tier1/200_250/media/ibbTw714WuI_s0000215010_e0000217246.mp4,tier1,cuda,nvenc,cutfix_full_tier1_20260729_01
ibbTw714WuI_s0000217954_e0000222238,ibbTw714WuI,217.954,222.238,4.284,1.0,1.0,8.53,/kaggle/working/cut_cutfix_full_tier1_20260729_01/tier1/200_250/media/ibbTw714WuI_s0000217954_e0000222238.mp4,tier1,cuda,nvenc,cutfix_full_tier1_20260729_01
ibbTw714WuI_s0000222594_e0000224702,ibbTw714WuI,222.594,224.702,2.108,1.0,1.0,9.79,/kaggle/working/cut_cutfix_full_tier1_20260729_01/tier1/200_250/media/ibbTw714WuI_s0000222594_e0000224702.mp4,tier1,cuda,nvenc,cutfix_full_tier1_20260729_01
ibbTw714WuI_s0000228866_e0000232286,ibbTw714WuI,228.866,232.286,3.42,1.0,1.0,9.46,/kaggle/working/cut_cutfix_full_tier1_20260729_01/tier1/200_250/media/ibbTw714WuI_s0000228866_e0000232286.mp4,tier1,cuda,nvenc,cutfix_full_tier1_20260729_01
ibbTw714WuI_s0000232642_e0000235294,ibbTw714WuI,232.642,235.294,2.652,1.0,1.0,6.32,/kaggle/working/cut_cutfix_full_tier1_20260729_01/tier1/200_250/media/ibbTw714WuI_s0000232642_e0000235294.mp4,tier1,cuda,nvenc,cutfix_full_tier1_20260729_01
ibbTw714WuI_s0000237730_e0000241950,ibbTw714WuI,237.73,241.95,4.22,1.0,1.0,6.68,/kaggle/working/cut_cutfix_full_tier1_20260729_01/tier1/200_250/media/ibbTw714WuI_s0000237730_e0000241950.mp4,tier1,cuda,nvenc,cutfix_full_tier1_20260729_01
icH29Xye5Uc_s0000022530_e0000025854,icH29Xye5Uc,22.53,25.854,3.324,1.0,1.0,2.09,/kaggle/working/cut_cutfix_full_tier1_20260729_01/tier1/200_250/media/icH29Xye5Uc_s0000022530_e0000025854.mp4,tier1,cuda,nvenc,cutfix_full_tier1_20260729_01
icH29Xye5Uc_s0000026050_e0000036030,icH29Xye5Uc,26.05,36.03,9.98,1.0,1.0,2.42,/kaggle/working/cut_cutfix_full_tier1_20260729_01/tier1/200_250/media/icH29Xye5Uc_s0000026050_e0000036030.mp4,tier1,cuda,nvenc,cutfix_full_tier1_20260729_01
icH29Xye5Uc_s0000037922_e0000040478,icH29Xye5Uc,37.922,40.478,2.556,1.0,1.0,1.71,/kaggle/working/cut_cutfix_full_tier1_20260729_01/tier1/200_250/media/icH29Xye5Uc_s0000037922_e0000040478.mp4,tier1,cuda,nvenc,cutfix_full_tier1_20260729_01
icH29Xye5Uc_s0000040930_e0000043134,icH29Xye5Uc,40.93,43.134,2.204,1.0,1.0,0.05,/kaggle/working/cut_cutfix_full_tier1_20260729_01/tier1/200_250/media/icH29Xye5Uc_s0000040930_e0000043134.mp4,tier1,cuda,nvenc,cutfix_full_tier1_20260729_01
icH29Xye5Uc_s0000062914_e0000067838,icH29Xye5Uc,62.914,67.838,4.924,1.0,1.0,1.32,/kaggle/working/cut_cutfix_full_tier1_20260729_01/tier1/200_250/media/icH29Xye5Uc_s0000062914_e0000067838.mp4,tier1,cuda,nvenc,cutfix_full_tier1_20260729_01
icH29Xye5Uc_s0000069506_e0000075326,icH29Xye5Uc,69.506,75.326,5.82,0.833,1.0,0.72,/kaggle/working/cut_cutfix_full_tier1_20260729_01/tier1/200_250/media/icH29Xye5Uc_s0000069506_e0000075326.mp4,tier1,cuda,nvenc,cutfix_full_tier1_20260729_01
icH29Xye5Uc_s0000078850_e0000083678,icH29Xye5Uc,78.85,83.678,4.828,1.0,1.0,2.44,/kaggle/working/cut_cutfix_full_tier1_20260729_01/tier1/200_250/media/icH29Xye5Uc_s0000078850_e0000083678.mp4,tier1,cuda,nvenc,cutfix_full_tier1_20260729_01
icH29Xye5Uc_s0000083778_e0000090046,icH29Xye5Uc,83.778,90.046,6.268,1.0,1.0,1.91,/kaggle/working/cut_cutfix_full_tier1_20260729_01/tier1/200_250/media/icH29Xye5Uc_s0000083778_e0000090046.mp4,tier1,cuda,nvenc,cutfix_full_tier1_20260729_01
icH29Xye5Uc_s0000090498_e0000094750,icH29Xye5Uc,90.498,94.75,4.252,1.0,1.0,2.94,/kaggle/working/cut_cutfix_full_tier1_20260729_01/tier1/200_250/media/icH29Xye5Uc_s0000090498_e0000094750.mp4,tier1,cuda,nvenc,cutfix_full_tier1_20260729_01
icH29Xye5Uc_s0000110530_e0000114078,icH29Xye5Uc,110.53,114.078,3.548,1.0,1.0,2.53,/kaggle/working/cut_cutfix_full_tier1_20260729_01/tier1/200_250/media/icH29Xye5Uc_s0000110530_e0000114078.mp4,tier1,cuda,nvenc,cutfix_full_tier1_20260729_01
icH29Xye5Uc_s0000114274_e0000117566,icH29Xye5Uc,114.274,117.566,3.292,1.0,1.0,2.1,/kaggle/working/cut_cutfix_full_tier1_20260729_01/tier1/200_250/media/icH29Xye5Uc_s0000114274_e0000117566.mp4,tier1,cuda,nvenc,cutfix_full_tier1_20260729_01
icH29Xye5Uc_s0000118050_e0000122686,icH29Xye5Uc,118.05,122.686,4.636,1.0,1.0,2.97,/kaggle/working/cut_cutfix_full_tier1_20260729_01/tier1/200_250/media/icH29Xye5Uc_s0000118050_e0000122686.mp4,tier1,cuda,nvenc,cutfix_full_tier1_20260729_01
icH29Xye5Uc_s0000123010_e0000127454,icH29Xye5Uc,123.01,127.454,4.444,1.0,1.0,2.23,/kaggle/working/cut_cutfix_full_tier1_20260729_01/tier1/200_250/media/icH29Xye5Uc_s0000123010_e0000127454.mp4,tier1,cuda,nvenc,cutfix_full_tier1_20260729_01
icH29Xye5Uc_s0000153314_e0000155742,icH29Xye5Uc,153.314,155.742,2.428,1.0,1.0,1.78,/kaggle/working/cut_cutfix_full_tier1_20260729_01/tier1/200_250/media/icH29Xye5Uc_s0000153314_e0000155742.mp4,tier1,cuda,nvenc,cutfix_full_tier1_20260729_01
icH29Xye5Uc_s0000168354_e0000171198,icH29Xye5Uc,168.354,171.198,2.844,1.0,1.0,3.88,/kaggle/working/cut_cutfix_full_tier1_20260729_01/tier1/200_250/media/icH29Xye5Uc_s0000168354_e0000171198.mp4,tier1,cuda,nvenc,cutfix_full_tier1_20260729_01
icH29Xye5Uc_s0000213442_e0000215998,icH29Xye5Uc,213.442,215.998,2.556,1.0,1.0,5.18,/kaggle/working/cut_cutfix_full_tier1_20260729_01/tier1/200_250/media/icH29Xye5Uc_s0000213442_e0000215998.mp4,tier1,cuda,nvenc,cutfix_full_tier1_20260729_01
icH29Xye5Uc_s0000216418_e0000218974,icH29Xye5Uc,216.418,218.974,2.556,1.0,1.0,5.19,/kaggle/working/cut_cutfix_full_tier1_20260729_01/tier1/200_250/media/icH29Xye5Uc_s0000216418_e0000218974.mp4,tier1,cuda,nvenc,cutfix_full_tier1_20260729_01
icH29Xye5Uc_s0000219266_e0000221406,icH29Xye5Uc,219.266,221.406,2.14,1.0,1.0,4.59,/kaggle/working/cut_cutfix_full_tier1_20260729_01/tier1/200_250/media/icH29Xye5Uc_s0000219266_e0000221406.mp4,tier1,cuda,nvenc,cutfix_full_tier1_20260729_01
icH29Xye5Uc_s0000233826_e0000235934,icH29Xye5Uc,233.826,235.934,2.108,1.0,1.0,4.39,/kaggle/working/cut_cutfix_full_tier1_20260729_01/tier1/200_250/media/icH29Xye5Uc_s0000233826_e0000235934.mp4,tier1,cuda,nvenc,cutfix_full_tier1_20260729_01
icH29Xye5Uc_s0000246786_e0000249342,icH29Xye5Uc,246.786,249.342,2.556,1.0,1.0,4.76,/kaggle/working/cut_cutfix_full_tier1_20260729_01/tier1/200_250/media/icH29Xye5Uc_s0000246786_e0000249342.mp4,tier1,cuda,nvenc,cutfix_full_tier1_20260729_01
icH29Xye5Uc_s0000253538_e0000255966,icH29Xye5Uc,253.538,255.966,2.428,1.0,1.0,3.27,/kaggle/working/cut_cutfix_full_tier1_20260729_01/tier1/200_250/media/icH29Xye5Uc_s0000253538_e0000255966.mp4,tier1,cuda,nvenc,cutfix_full_tier1_20260729_01
icH29Xye5Uc_s0000311650_e0000314974,icH29Xye5Uc,311.65,314.974,3.324,1.0,1.0,3.96,/kaggle/working/cut_cutfix_full_tier1_20260729_01/tier1/200_250/media/icH29Xye5Uc_s0000311650_e0000314974.mp4,tier1,cuda,nvenc,cutfix_full_tier1_20260729_01
icH29Xye5Uc_s0000322466_e0000326174,icH29Xye5Uc,322.466,326.174,3.708,0.75,1.0,2.88,/kaggle/working/cut_cutfix_full_tier1_20260729_01/tier1/200_250/media/icH29Xye5Uc_s0000322466_e0000326174.mp4,tier1,cuda,nvenc,cutfix_full_tier1_20260729_01
icH29Xye5Uc_s0000326626_e0000331390,icH29Xye5Uc,326.626,331.39,4.764,1.0,1.0,3.47,/kaggle/working/cut_cutfix_full_tier1_20260729_01/tier1/200_250/media/icH29Xye5Uc_s0000326626_e0000331390.mp4,tier1,cuda,nvenc,cutfix_full_tier1_20260729_01
icH29Xye5Uc_s0000331618_e0000333726,icH29Xye5Uc,331.618,333.726,2.108,1.0,1.0,3.91,/kaggle/working/cut_cutfix_full_tier1_20260729_01/tier1/200_250/media/icH29Xye5Uc_s0000331618_e0000333726.mp4,tier1,cuda,nvenc,cutfix_full_tier1_20260729_01
icH29Xye5Uc_s0000336354_e0000339390,icH29Xye5Uc,336.354,339.39,3.036,1.0,1.0,4.2,/kaggle/working/cut_cutfix_full_tier1_20260729_01/tier1/200_250/media/icH29Xye5Uc_s0000336354_e0000339390.mp4,tier1,cuda,nvenc,cutfix_full_tier1_20260729_01
icH29Xye5Uc_s0000346370_e0000348414,icH29Xye5Uc,346.37,348.414,2.044,1.0,1.0,4.75,/kaggle/working/cut_cutfix_full_tier1_20260729_01/tier1/200_250/media/icH29Xye5Uc_s0000346370_e0000348414.mp4,tier1,cuda,nvenc,cutfix_full_tier1_20260729_01
icH29Xye5Uc_s0000366978_e0000369278,icH29Xye5Uc,366.978,369.278,2.3,1.0,1.0,2.27,/kaggle/working/cut_cutfix_full_tier1_20260729_01/tier1/200_250/media/icH29Xye5Uc_s0000366978_e0000369278.mp4,tier1,cuda,nvenc,cutfix_full_tier1_20260729_01
icH29Xye5Uc_s0000375362_e0000379582,icH29Xye5Uc,375.362,379.582,4.22,1.0,1.0,3.31,/kaggle/working/cut_cutfix_full_tier1_20260729_01/tier1/200_250/media/icH29Xye5Uc_s0000375362_e0000379582.mp4,tier1,cuda,nvenc,cutfix_full_tier1_20260729_01
icH29Xye5Uc_s0000379746_e0000382206,icH29Xye5Uc,379.746,382.206,2.46,1.0,1.0,5.0,/kaggle/working/cut_cutfix_full_tier1_20260729_01/tier1/200_250/media/icH29Xye5Uc_s0000379746_e0000382206.mp4,tier1,cuda,nvenc,cutfix_full_tier1_20260729_01
icH29Xye5Uc_s0000384002_e0000387326,icH29Xye5Uc,384.002,387.326,3.324,1.0,1.0,3.45,/kaggle/working/cut_cutfix_full_tier1_20260729_01/tier1/200_250/media/icH29Xye5Uc_s0000384002_e0000387326.mp4,tier1,cuda,nvenc,cutfix_full_tier1_20260729_01
icH29Xye5Uc_s0000388994_e0000394430,icH29Xye5Uc,388.994,394.43,5.436,1.0,1.0,4.41,/kaggle/working/cut_cutfix_full_tier1_20260729_01/tier1/200_250/media/icH29Xye5Uc_s0000388994_e0000394430.mp4,tier1,cuda,nvenc,cutfix_full_tier1_20260729_01
icH29Xye5Uc_s0000427458_e0000433662,icH29Xye5Uc,427.458,433.662,6.204,1.0,1.0,3.71,/kaggle/working/cut_cutfix_full_tier1_20260729_01/tier1/200_250/media/icH29Xye5Uc_s0000427458_e0000433662.mp4,tier1,cuda,nvenc,cutfix_full_tier1_20260729_01
icH29Xye5Uc_s0000434242_e0000437342,icH29Xye5Uc,434.242,437.342,3.1,1.0,1.0,4.18,/kaggle/working/cut_cutfix_full_tier1_20260729_01/tier1/200_250/media/icH29Xye5Uc_s0000434242_e0000437342.mp4,tier1,cuda,nvenc,cutfix_full_tier1_20260729_01
icH29Xye5Uc_s0000443490_e0000447326,icH29Xye5Uc,443.49,447.326,3.836,1.0,1.0,3.49,/kaggle/working/cut_cutfix_full_tier1_20260729_01/tier1/200_250/media/icH29Xye5Uc_s0000443490_e0000447326.mp4,tier1,cuda,nvenc,cutfix_full_tier1_20260729_01
icH29Xye5Uc_s0000453026_e0000456350,icH29Xye5Uc,453.026,456.35,3.324,1.0,1.0,4.35,/kaggle/working/cut_cutfix_full_tier1_20260729_01/tier1/200_250/media/icH29Xye5Uc_s0000453026_e0000456350.mp4,tier1,cuda,nvenc,cutfix_full_tier1_20260729_01
icH29Xye5Uc_s0000456706_e0000459070,icH29Xye5Uc,456.706,459.07,2.364,1.0,1.0,4.13,/kaggle/working/cut_cutfix_full_tier1_20260729_01/tier1/200_250/media/icH29Xye5Uc_s0000456706_e0000459070.mp4,tier1,cuda,nvenc,cutfix_full_tier1_20260729_01
icH29Xye5Uc_s0000461186_e0000463262,icH29Xye5Uc,461.186,463.262,2.076,1.0,1.0,2.97,/kaggle/working/cut_cutfix_full_tier1_20260729_01/tier1/200_250/media/icH29Xye5Uc_s0000461186_e0000463262.mp4,tier1,cuda,nvenc,cutfix_full_tier1_20260729_01
icH29Xye5Uc_s0000493730_e0000495742,icH29Xye5Uc,493.73,495.742,2.012,1.0,1.0,4.69,/kaggle/working/cut_cutfix_full_tier1_20260729_01/tier1/200_250/media/icH29Xye5Uc_s0000493730_e0000495742.mp4,tier1,cuda,nvenc,cutfix_full_tier1_20260729_01
icH29Xye5Uc_s0000495938_e0000502910,icH29Xye5Uc,495.938,502.91,6.972,1.0,1.0,1.97,/kaggle/working/cut_cutfix_full_tier1_20260729_01/tier1/200_250/media/icH29Xye5Uc_s0000495938_e0000502910.mp4,tier1,cuda,nvenc,cutfix_full_tier1_20260729_01
icH29Xye5Uc_s0000514434_e0000518654,icH29Xye5Uc,514.434,518.654,4.22,1.0,1.0,4.41,/kaggle/working/cut_cutfix_full_tier1_20260729_01/tier1/200_250/media/icH29Xye5Uc_s0000514434_e0000518654.mp4,tier1,cuda,nvenc,cutfix_full_tier1_20260729_01
icH29Xye5Uc_s0000523810_e0000529406,icH29Xye5Uc,523.81,529.406,5.596,1.0,1.0,4.49,/kaggle/working/cut_cutfix_full_tier1_20260729_01/tier1/200_250/media/icH29Xye5Uc_s0000523810_e0000529406.mp4,tier1,cuda,nvenc,cutfix_full_tier1_20260729_01
icH29Xye5Uc_s0000537090_e0000539934,icH29Xye5Uc,537.09,539.934,2.844,1.0,1.0,7.45,/kaggle/working/cut_cutfix_full_tier1_20260729_01/tier1/200_250/media/icH29Xye5Uc_s0000537090_e0000539934.mp4,tier1,cuda,nvenc,cutfix_full_tier1_20260729_01
icH29Xye5Uc_s0000541570_e0000543870,icH29Xye5Uc,541.57,543.87,2.3,1.0,1.0,4.69,/kaggle/working/cut_cutfix_full_tier1_20260729_01/tier1/200_250/media/icH29Xye5Uc_s0000541570_e0000543870.mp4,tier1,cuda,nvenc,cutfix_full_tier1_20260729_01
icH29Xye5Uc_s0000544034_e0000546430,icH29Xye5Uc,544.034,546.43,2.396,1.0,1.0,6.39,/kaggle/working/cut_cutfix_full_tier1_20260729_01/tier1/200_250/media/icH29Xye5Uc_s0000544034_e0000546430.mp4,tier1,cuda,nvenc,cutfix_full_tier1_20260729_01
icH29Xye5Uc_s0000546914_e0000549310,icH29Xye5Uc,546.914,549.31,2.396,1.0,1.0,5.51,/kaggle/working/cut_cutfix_full_tier1_20260729_01/tier1/200_250/media/icH29Xye5Uc_s0000546914_e0000549310.mp4,tier1,cuda,nvenc,cutfix_full_tier1_20260729_01
icH29Xye5Uc_s0000549666_e0000555038,icH29Xye5Uc,549.666,555.038,5.372,1.0,1.0,5.86,/kaggle/working/cut_cutfix_full_tier1_20260729_01/tier1/200_250/media/icH29Xye5Uc_s0000549666_e0000555038.mp4,tier1,cuda,nvenc,cutfix_full_tier1_20260729_01
icH29Xye5Uc_s0000557250_e0000561630,icH29Xye5Uc,557.25,561.63,4.38,1.0,1.0,5.12,/kaggle/working/cut_cutfix_full_tier1_20260729_01/tier1/200_250/media/icH29Xye5Uc_s0000557250_e0000561630.mp4,tier1,cuda,nvenc,cutfix_full_tier1_20260729_01
icH29Xye5Uc_s0000564290_e0000566366,icH29Xye5Uc,564.29,566.366,2.076,1.0,1.0,0.31,/kaggle/working/cut_cutfix_full_tier1_20260729_01/tier1/200_250/media/icH29Xye5Uc_s0000564290_e0000566366.mp4,tier1,cuda,nvenc,cutfix_full_tier1_20260729_01
icH29Xye5Uc_s0000566562_e0000568894,icH29Xye5Uc,566.562,568.894,2.332,1.0,1.0,1.2,/kaggle/working/cut_cutfix_full_tier1_20260729_01/tier1/200_250/media/icH29Xye5Uc_s0000566562_e0000568894.mp4,tier1,cuda,nvenc,cutfix_full_tier1_20260729_01
icH29Xye5Uc_s0000569090_e0000573886,icH29Xye5Uc,569.09,573.886,4.796,1.0,1.0,2.72,/kaggle/working/cut_cutfix_full_tier1_20260729_01/tier1/200_250/media/icH29Xye5Uc_s0000569090_e0000573886.mp4,tier1,cuda,nvenc,cutfix_full_tier1_20260729_01
icH29Xye5Uc_s0000574018_e0000577118,icH29Xye5Uc,574.018,577.118,3.1,1.0,1.0,-1.52,/kaggle/working/cut_cutfix_full_tier1_20260729_01/tier1/200_250/media/icH29Xye5Uc_s0000574018_e0000577118.mp4,tier1,cuda,nvenc,cutfix_full_tier1_20260729_01
icH29Xye5Uc_s0000577282_e0000582910,icH29Xye5Uc,577.282,582.91,5.628,1.0,1.0,4.4,/kaggle/working/cut_cutfix_full_tier1_20260729_01/tier1/200_250/media/icH29Xye5Uc_s0000577282_e0000582910.mp4,tier1,cuda,nvenc,cutfix_full_tier1_20260729_01
icH29Xye5Uc_s0000583170_e0000585790,icH29Xye5Uc,583.17,585.79,2.62,1.0,1.0,-0.24,/kaggle/working/cut_cutfix_full_tier1_20260729_01/tier1/200_250/media/icH29Xye5Uc_s0000583170_e0000585790.mp4,tier1,cuda,nvenc,cutfix_full_tier1_20260729_01
icH29Xye5Uc_s0000585922_e0000596062,icH29Xye5Uc,585.922,596.062,10.14,1.0,1.0,1.46,/kaggle/working/cut_cutfix_full_tier1_20260729_01/tier1/200_250/media/icH29Xye5Uc_s0000585922_e0000596062.mp4,tier1,cuda,nvenc,cutfix_full_tier1_20260729_01
icH29Xye5Uc_s0000596290_e0000601290,icH29Xye5Uc,596.29,601.29,5.0,1.0,1.0,3.13,/kaggle/working/cut_cutfix_full_tier1_20260729_01/tier1/200_250/media/icH29Xye5Uc_s0000596290_e0000601290.mp4,tier1,cuda,nvenc,cutfix_full_tier1_20260729_01
icH29Xye5Uc_s0000600290_e0000605290,icH29Xye5Uc,600.29,605.29,5.0,1.0,1.0,1.95,/kaggle/working/cut_cutfix_full_tier1_20260729_01/tier1/200_250/media/icH29Xye5Uc_s0000600290_e0000605290.mp4,tier1,cuda,nvenc,cutfix_full_tier1_20260729_01
icH29Xye5Uc_s0000604290_e0000609290,icH29Xye5Uc,604.29,609.29,5.0,1.0,1.0,5.63,/kaggle/working/cut_cutfix_full_tier1_20260729_01/tier1/200_250/media/icH29Xye5Uc_s0000604290_e0000609290.mp4,tier1,cuda,nvenc,cutfix_full_tier1_20260729_01
icH29Xye5Uc_s0000608290_e0000611518,icH29Xye5Uc,608.29,611.518,3.228,1.0,1.0,5.86,/kaggle/working/cut_cutfix_full_tier1_20260729_01/tier1/200_250/media/icH29Xye5Uc_s0000608290_e0000611518.mp4,tier1,cuda,nvenc,cutfix_full_tier1_20260729_01
icH29Xye5Uc_s0000611618_e0000616606,icH29Xye5Uc,611.618,616.606,4.988,1.0,1.0,5.02,/kaggle/working/cut_cutfix_full_tier1_20260729_01/tier1/200_250/media/icH29Xye5Uc_s0000611618_e0000616606.mp4,tier1,cuda,nvenc,cutfix_full_tier1_20260729_01
icH29Xye5Uc_s0000631266_e0000633310,icH29Xye5Uc,631.266,633.31,2.044,1.0,1.0,5.95,/kaggle/working/cut_cutfix_full_tier1_20260729_01/tier1/200_250/media/icH29Xye5Uc_s0000631266_e0000633310.mp4,tier1,cuda,nvenc,cutfix_full_tier1_20260729_01
icH29Xye5Uc_s0000645314_e0000648606,icH29Xye5Uc,645.314,648.606,3.292,1.0,1.0,3.66,/kaggle/working/cut_cutfix_full_tier1_20260729_01/tier1/200_250/media/icH29Xye5Uc_s0000645314_e0000648606.mp4,tier1,cuda,nvenc,cutfix_full_tier1_20260729_01
icH29Xye5Uc_s0000649410_e0000654846,icH29Xye5Uc,649.41,654.846,5.436,1.0,1.0,1.15,/kaggle/working/cut_cutfix_full_tier1_20260729_01/tier1/200_250/media/icH29Xye5Uc_s0000649410_e0000654846.mp4,tier1,cuda,nvenc,cutfix_full_tier1_20260729_01
icH29Xye5Uc_s0000656418_e0000664382,icH29Xye5Uc,656.418,664.382,7.964,1.0,1.0,2.35,/kaggle/working/cut_cutfix_full_tier1_20260729_01/tier1/200_250/media/icH29Xye5Uc_s0000656418_e0000664382.mp4,tier1,cuda,nvenc,cutfix_full_tier1_20260729_01
icH29Xye5Uc_s0000666274_e0000672318,icH29Xye5Uc,666.274,672.318,6.044,1.0,1.0,0.83,/kaggle/working/cut_cutfix_full_tier1_20260729_01/tier1/200_250/media/icH29Xye5Uc_s0000666274_e0000672318.mp4,tier1,cuda,nvenc,cutfix_full_tier1_20260729_01
icH29Xye5Uc_s0000673538_e0000677374,icH29Xye5Uc,673.538,677.374,3.836,0.75,1.0,5.41,/kaggle/working/cut_cutfix_full_tier1_20260729_01/tier1/200_250/media/icH29Xye5Uc_s0000673538_e0000677374.mp4,tier1,cuda,nvenc,cutfix_full_tier1_20260729_01
icH29Xye5Uc_s0000684354_e0000689822,icH29Xye5Uc,684.354,689.822,5.468,1.0,1.0,7.17,/kaggle/working/cut_cutfix_full_tier1_20260729_01/tier1/200_250/media/icH29Xye5Uc_s0000684354_e0000689822.mp4,tier1,cuda,nvenc,cutfix_full_tier1_20260729_01
icH29Xye5Uc_s0000746274_e0000752990,icH29Xye5Uc,746.274,752.99,6.716,1.0,1.0,2.84,/kaggle/working/cut_cutfix_full_tier1_20260729_01/tier1/200_250/media/icH29Xye5Uc_s0000746274_e0000752990.mp4,tier1,cuda,nvenc,cutfix_full_tier1_20260729_01
icH29Xye5Uc_s0000753250_e0000757150,icH29Xye5Uc,753.25,757.15,3.9,1.0,1.0,3.51,/kaggle/working/cut_cutfix_full_tier1_20260729_01/tier1/200_250/media/icH29Xye5Uc_s0000753250_e0000757150.mp4,tier1,cuda,nvenc,cutfix_full_tier1_20260729_01
icH29Xye5Uc_s0000757314_e0000760766,icH29Xye5Uc,757.314,760.766,3.452,1.0,1.0,2.08,/kaggle/working/cut_cutfix_full_tier1_20260729_01/tier1/200_250/media/icH29Xye5Uc_s0000757314_e0000760766.mp4,tier1,cuda,nvenc,cutfix_full_tier1_20260729_01
icH29Xye5Uc_s0000863170_e0000865982,icH29Xye5Uc,863.17,865.982,2.812,1.0,1.0,1.7,/kaggle/working/cut_cutfix_full_tier1_20260729_01/tier1/200_250/media/icH29Xye5Uc_s0000863170_e0000865982.mp4,tier1,cuda,nvenc,cutfix_full_tier1_20260729_01
icH29Xye5Uc_s0000868322_e0000870334,icH29Xye5Uc,868.322,870.334,2.012,1.0,1.0,4.45,/kaggle/working/cut_cutfix_full_tier1_20260729_01/tier1/200_250/media/icH29Xye5Uc_s0000868322_e0000870334.mp4,tier1,cuda,nvenc,cutfix_full_tier1_20260729_01
icH29Xye5Uc_s0000875074_e0000878014,icH29Xye5Uc,875.074,878.014,2.94,1.0,1.0,2.76,/kaggle/working/cut_cutfix_full_tier1_20260729_01/tier1/200_250/media/icH29Xye5Uc_s0000875074_e0000878014.mp4,tier1,cuda,nvenc,cutfix_full_tier1_20260729_01
icH29Xye5Uc_s0000879490_e0000882718,icH29Xye5Uc,879.49,882.718,3.228,1.0,1.0,4.3,/kaggle/working/cut_cutfix_full_tier1_20260729_01/tier1/200_250/media/icH29Xye5Uc_s0000879490_e0000882718.mp4,tier1,cuda,nvenc,cutfix_full_tier1_20260729_01
icH29Xye5Uc_s0000882850_e0000886398,icH29Xye5Uc,882.85,886.398,3.548,1.0,1.0,4.34,/kaggle/working/cut_cutfix_full_tier1_20260729_01/tier1/200_250/media/icH29Xye5Uc_s0000882850_e0000886398.mp4,tier1,cuda,nvenc,cutfix_full_tier1_20260729_01
icH29Xye5Uc_s0000890306_e0000893182,icH29Xye5Uc,890.306,893.182,2.876,1.0,1.0,4.66,/kaggle/working/cut_cutfix_full_tier1_20260729_01/tier1/200_250/media/icH29Xye5Uc_s0000890306_e0000893182.mp4,tier1,cuda,nvenc,cutfix_full_tier1_20260729_01
icH29Xye5Uc_s0000893506_e0000896382,icH29Xye5Uc,893.506,896.382,2.876,1.0,1.0,3.24,/kaggle/working/cut_cutfix_full_tier1_20260729_01/tier1/200_250/media/icH29Xye5Uc_s0000893506_e0000896382.mp4,tier1,cuda,nvenc,cutfix_full_tier1_20260729_01
icH29Xye5Uc_s0000901634_e0000906634,icH29Xye5Uc,901.634,906.634,5.0,1.0,1.0,5.18,/kaggle/working/cut_cutfix_full_tier1_20260729_01/tier1/200_250/media/icH29Xye5Uc_s0000901634_e0000906634.mp4,tier1,cuda,nvenc,cutfix_full_tier1_20260729_01
icH29Xye5Uc_s0000905634_e0000910634,icH29Xye5Uc,905.634,910.634,5.0,1.0,1.0,3.92,/kaggle/working/cut_cutfix_full_tier1_20260729_01/tier1/200_250/media/icH29Xye5Uc_s0000905634_e0000910634.mp4,tier1,cuda,nvenc,cutfix_full_tier1_20260729_01
icH29Xye5Uc_s0000909634_e0000914634,icH29Xye5Uc,909.634,914.634,5.0,1.0,1.0,5.68,/kaggle/working/cut_cutfix_full_tier1_20260729_01/tier1/200_250/media/icH29Xye5Uc_s0000909634_e0000914634.mp4,tier1,cuda,nvenc,cutfix_full_tier1_20260729_01
icH29Xye5Uc_s0000913634_e0000918634,icH29Xye5Uc,913.634,918.634,5.0,1.0,1.0,6.19,/kaggle/working/cut_cutfix_full_tier1_20260729_01/tier1/200_250/media/icH29Xye5Uc_s0000913634_e0000918634.mp4,tier1,cuda,nvenc,cutfix_full_tier1_20260729_01
icH29Xye5Uc_s0000917634_e0000922634,icH29Xye5Uc,917.634,922.634,5.0,1.0,1.0,7.01,/kaggle/working/cut_cutfix_full_tier1_20260729_01/tier1/200_250/media/icH29Xye5Uc_s0000917634_e0000922634.mp4,tier1,cuda,nvenc,cutfix_full_tier1_20260729_01
icH29Xye5Uc_s0000921634_e0000926634,icH29Xye5Uc,921.634,926.634,5.0,1.0,1.0,7.7,/kaggle/working/cut_cutfix_full_tier1_20260729_01/tier1/200_250/media/icH29Xye5Uc_s0000921634_e0000926634.mp4,tier1,cuda,nvenc,cutfix_full_tier1_20260729_01
icH29Xye5Uc_s0000925634_e0000928958,icH29Xye5Uc,925.634,928.958,3.324,1.0,1.0,7.56,/kaggle/working/cut_cutfix_full_tier1_20260729_01/tier1/200_250/media/icH29Xye5Uc_s0000925634_e0000928958.mp4,tier1,cuda,nvenc,cutfix_full_tier1_20260729_01
icH29Xye5Uc_s0000929058_e0000934058,icH29Xye5Uc,929.058,934.058,5.0,1.0,1.0,4.87,/kaggle/working/cut_cutfix_full_tier1_20260729_01/tier1/200_250/media/icH29Xye5Uc_s0000929058_e0000934058.mp4,tier1,cuda,nvenc,cutfix_full_tier1_20260729_01
icH29Xye5Uc_s0000933058_e0000938058,icH29Xye5Uc,933.058,938.058,5.0,1.0,1.0,5.73,/kaggle/working/cut_cutfix_full_tier1_20260729_01/tier1/200_250/media/icH29Xye5Uc_s0000933058_e0000938058.mp4,tier1,cuda,nvenc,cutfix_full_tier1_20260729_01
icH29Xye5Uc_s0000937058_e0000942058,icH29Xye5Uc,937.058,942.058,5.0,1.0,1.0,5.72,/kaggle/working/cut_cutfix_full_tier1_20260729_01/tier1/200_250/media/icH29Xye5Uc_s0000937058_e0000942058.mp4,tier1,cuda,nvenc,cutfix_full_tier1_20260729_01
icH29Xye5Uc_s0000941058_e0000946058,icH29Xye5Uc,941.058,946.058,5.0,1.0,1.0,5.28,/kaggle/working/cut_cutfix_full_tier1_20260729_01/tier1/200_250/media/icH29Xye5Uc_s0000941058_e0000946058.mp4,tier1,cuda,nvenc,cutfix_full_tier1_20260729_01
icH29Xye5Uc_s0000946690_e0000951690,icH29Xye5Uc,946.69,951.69,5.0,1.0,1.0,5.89,/kaggle/working/cut_cutfix_full_tier1_20260729_01/tier1/200_250/media/icH29Xye5Uc_s0000946690_e0000951690.mp4,tier1,cuda,nvenc,cutfix_full_tier1_20260729_01
icH29Xye5Uc_s0000950690_e0000955690,icH29Xye5Uc,950.69,955.69,5.0,1.0,1.0,5.91,/kaggle/working/cut_cutfix_full_tier1_20260729_01/tier1/200_250/media/icH29Xye5Uc_s0000950690_e0000955690.mp4,tier1,cuda,nvenc,cutfix_full_tier1_20260729_01
icH29Xye5Uc_s0000954690_e0000959690,icH29Xye5Uc,954.69,959.69,5.0,1.0,1.0,4.87,/kaggle/working/cut_cutfix_full_tier1_20260729_01/tier1/200_250/media/icH29Xye5Uc_s0000954690_e0000959690.mp4,tier1,cuda,nvenc,cutfix_full_tier1_20260729_01
icH29Xye5Uc_s0000958690_e0000962558,icH29Xye5Uc,958.69,962.558,3.868,1.0,1.0,2.78,/kaggle/working/cut_cutfix_full_tier1_20260729_01/tier1/200_250/media/icH29Xye5Uc_s0000958690_e0000962558.mp4,tier1,cuda,nvenc,cutfix_full_tier1_20260729_01
icH29Xye5Uc_s0000962786_e0000971550,icH29Xye5Uc,962.786,971.55,8.764,1.0,1.0,4.28,/kaggle/working/cut_cutfix_full_tier1_20260729_01/tier1/200_250/media/icH29Xye5Uc_s0000962786_e0000971550.mp4,tier1,cuda,nvenc,cutfix_full_tier1_20260729_01
icH29Xye5Uc_s0000973218_e0000977982,icH29Xye5Uc,973.218,977.982,4.764,1.0,1.0,2.57,/kaggle/working/cut_cutfix_full_tier1_20260729_01/tier1/200_250/media/icH29Xye5Uc_s0000973218_e0000977982.mp4,tier1,cuda,nvenc,cutfix_full_tier1_20260729_01
icH29Xye5Uc_s0000981026_e0000983902,icH29Xye5Uc,981.026,983.902,2.876,1.0,1.0,2.37,/kaggle/working/cut_cutfix_full_tier1_20260729_01/tier1/200_250/media/icH29Xye5Uc_s0000981026_e0000983902.mp4,tier1,cuda,nvenc,cutfix_full_tier1_20260729_01
icH29Xye5Uc_s0001000418_e0001004030,icH29Xye5Uc,1000.418,1004.03,3.612,1.0,1.0,2.45,/kaggle/working/cut_cutfix_full_tier1_20260729_01/tier1/200_250/media/icH29Xye5Uc_s0001000418_e0001004030.mp4,tier1,cuda,nvenc,cutfix_full_tier1_20260729_01
icH29Xye5Uc_s0001026914_e0001030366,icH29Xye5Uc,1026.914,1030.366,3.452,1.0,1.0,2.71,/kaggle/working/cut_cutfix_full_tier1_20260729_01/tier1/200_250/media/icH29Xye5Uc_s0001026914_e0001030366.mp4,tier1,cuda,nvenc,cutfix_full_tier1_20260729_01
icH29Xye5Uc_s0001054690_e0001056958,icH29Xye5Uc,1054.69,1056.958,2.268,1.0,1.0,6.62,/kaggle/working/cut_cutfix_full_tier1_20260729_01/tier1/200_250/media/icH29Xye5Uc_s0001054690_e0001056958.mp4,tier1,cuda,nvenc,cutfix_full_tier1_20260729_01
icH29Xye5Uc_s0001057186_e0001059454,icH29Xye5Uc,1057.186,1059.454,2.268,1.0,1.0,7.21,/kaggle/working/cut_cutfix_full_tier1_20260729_01/tier1/200_250/media/icH29Xye5Uc_s0001057186_e0001059454.mp4,tier1,cuda,nvenc,cutfix_full_tier1_20260729_01
icH29Xye5Uc_s0001062722_e0001064926,icH29Xye5Uc,1062.722,1064.926,2.204,1.0,1.0,6.02,/kaggle/working/cut_cutfix_full_tier1_20260729_01/tier1/200_250/media/icH29Xye5Uc_s0001062722_e0001064926.mp4,tier1,cuda,nvenc,cutfix_full_tier1_20260729_01
icH29Xye5Uc_s0001070594_e0001073758,icH29Xye5Uc,1070.594,1073.758,3.164,1.0,1.0,5.89,/kaggle/working/cut_cutfix_full_tier1_20260729_01/tier1/200_250/media/icH29Xye5Uc_s0001070594_e0001073758.mp4,tier1,cuda,nvenc,cutfix_full_tier1_20260729_01
icH29Xye5Uc_s0001073986_e0001076062,icH29Xye5Uc,1073.986,1076.062,2.076,1.0,1.0,4.34,/kaggle/working/cut_cutfix_full_tier1_20260729_01/tier1/200_250/media/icH29Xye5Uc_s0001073986_e0001076062.mp4,tier1,cuda,nvenc,cutfix_full_tier1_20260729_01
icH29Xye5Uc_s0001076290_e0001079006,icH29Xye5Uc,1076.29,1079.006,2.716,1.0,1.0,4.6,/kaggle/working/cut_cutfix_full_tier1_20260729_01/tier1/200_250/media/icH29Xye5Uc_s0001076290_e0001079006.mp4,tier1,cuda,nvenc,cutfix_full_tier1_20260729_01
icH29Xye5Uc_s0001079138_e0001081630,icH29Xye5Uc,1079.138,1081.63,2.492,1.0,1.0,7.11,/kaggle/working/cut_cutfix_full_tier1_20260729_01/tier1/200_250/media/icH29Xye5Uc_s0001079138_e0001081630.mp4,tier1,cuda,nvenc,cutfix_full_tier1_20260729_01
icH29Xye5Uc_s0001081890_e0001085694,icH29Xye5Uc,1081.89,1085.694,3.804,1.0,1.0,6.28,/kaggle/working/cut_cutfix_full_tier1_20260729_01/tier1/200_250/media/icH29Xye5Uc_s0001081890_e0001085694.mp4,tier1,cuda,nvenc,cutfix_full_tier1_20260729_01
icH29Xye5Uc_s0001087074_e0001089694,icH29Xye5Uc,1087.074,1089.694,2.62,1.0,1.0,7.51,/kaggle/working/cut_cutfix_full_tier1_20260729_01/tier1/200_250/media/icH29Xye5Uc_s0001087074_e0001089694.mp4,tier1,cuda,nvenc,cutfix_full_tier1_20260729_01
icH29Xye5Uc_s0001089858_e0001092990,icH29Xye5Uc,1089.858,1092.99,3.132,1.0,1.0,6.23,/kaggle/working/cut_cutfix_full_tier1_20260729_01/tier1/200_250/media/icH29Xye5Uc_s0001089858_e0001092990.mp4,tier1,cuda,nvenc,cutfix_full_tier1_20260729_01
icH29Xye5Uc_s0001093378_e0001096382,icH29Xye5Uc,1093.378,1096.382,3.004,1.0,1.0,4.59,/kaggle/working/cut_cutfix_full_tier1_20260729_01/tier1/200_250/media/icH29Xye5Uc_s0001093378_e0001096382.mp4,tier1,cuda,nvenc,cutfix_full_tier1_20260729_01
icH29Xye5Uc_s0001098242_e0001100574,icH29Xye5Uc,1098.242,1100.574,2.332,1.0,1.0,5.31,/kaggle/working/cut_cutfix_full_tier1_20260729_01/tier1/200_250/media/icH29Xye5Uc_s0001098242_e0001100574.mp4,tier1,cuda,nvenc,cutfix_full_tier1_20260729_01
icH29Xye5Uc_s0001105442_e0001110206,icH29Xye5Uc,1105.442,1110.206,4.764,1.0,1.0,8.92,/kaggle/working/cut_cutfix_full_tier1_20260729_01/tier1/200_250/media/icH29Xye5Uc_s0001105442_e0001110206.mp4,tier1,cuda,nvenc,cutfix_full_tier1_20260729_01
icH29Xye5Uc_s0001113474_e0001116638,icH29Xye5Uc,1113.474,1116.638,3.164,1.0,1.0,5.61,/kaggle/working/cut_cutfix_full_tier1_20260729_01/tier1/200_250/media/icH29Xye5Uc_s0001113474_e0001116638.mp4,tier1,cuda,nvenc,cutfix_full_tier1_20260729_01
icH29Xye5Uc_s0001116802_e0001119230,icH29Xye5Uc,1116.802,1119.23,2.428,1.0,1.0,7.39,/kaggle/working/cut_cutfix_full_tier1_20260729_01/tier1/200_250/media/icH29Xye5Uc_s0001116802_e0001119230.mp4,tier1,cuda,nvenc,cutfix_full_tier1_20260729_01
icH29Xye5Uc_s0001122946_e0001125406,icH29Xye5Uc,1122.946,1125.406,2.46,1.0,1.0,8.7,/kaggle/working/cut_cutfix_full_tier1_20260729_01/tier1/200_250/media/icH29Xye5Uc_s0001122946_e0001125406.mp4,tier1,cuda,nvenc,cutfix_full_tier1_20260729_01
icH29Xye5Uc_s0001125858_e0001128414,icH29Xye5Uc,1125.858,1128.414,2.556,1.0,1.0,10.51,/kaggle/working/cut_cutfix_full_tier1_20260729_01/tier1/200_250/media/icH29Xye5Uc_s0001125858_e0001128414.mp4,tier1,cuda,nvenc,cutfix_full_tier1_20260729_01
icH29Xye5Uc_s0001128610_e0001131486,icH29Xye5Uc,1128.61,1131.486,2.876,1.0,1.0,7.24,/kaggle/working/cut_cutfix_full_tier1_20260729_01/tier1/200_250/media/icH29Xye5Uc_s0001128610_e0001131486.mp4,tier1,cuda,nvenc,cutfix_full_tier1_20260729_01
icH29Xye5Uc_s0001131682_e0001136222,icH29Xye5Uc,1131.682,1136.222,4.54,1.0,1.0,6.97,/kaggle/working/cut_cutfix_full_tier1_20260729_01/tier1/200_250/media/icH29Xye5Uc_s0001131682_e0001136222.mp4,tier1,cuda,nvenc,cutfix_full_tier1_20260729_01
icH29Xye5Uc_s0001165986_e0001168638,icH29Xye5Uc,1165.986,1168.638,2.652,1.0,1.0,3.58,/kaggle/working/cut_cutfix_full_tier1_20260729_01/tier1/200_250/media/icH29Xye5Uc_s0001165986_e0001168638.mp4,tier1,cuda,nvenc,cutfix_full_tier1_20260729_01
icH29Xye5Uc_s0001168834_e0001170846,icH29Xye5Uc,1168.834,1170.846,2.012,1.0,1.0,2.41,/kaggle/working/cut_cutfix_full_tier1_20260729_01/tier1/200_250/media/icH29Xye5Uc_s0001168834_e0001170846.mp4,tier1,cuda,nvenc,cutfix_full_tier1_20260729_01
ijoyJhqD740_s0000013122_e0000023518,ijoyJhqD740,13.122,23.518,10.396,1.0,1.0,2.89,/kaggle/working/cut_cutfix_full_tier1_20260729_01/tier1/200_250/media/ijoyJhqD740_s0000013122_e0000023518.mp4,tier1,cuda,nvenc,cutfix_full_tier1_20260729_01
ijoyJhqD740_s0000039778_e0000048126,ijoyJhqD740,39.778,48.126,8.348,1.0,1.0,0.67,/kaggle/working/cut_cutfix_full_tier1_20260729_01/tier1/200_250/media/ijoyJhqD740_s0000039778_e0000048126.mp4,tier1,cuda,nvenc,cutfix_full_tier1_20260729_01
ijoyJhqD740_s0000060322_e0000062718,ijoyJhqD740,60.322,62.718,2.396,1.0,1.0,1.64,/kaggle/working/cut_cutfix_full_tier1_20260729_01/tier1/200_250/media/ijoyJhqD740_s0000060322_e0000062718.mp4,tier1,cuda,nvenc,cutfix_full_tier1_20260729_01
ijoyJhqD740_s0000089442_e0000092478,ijoyJhqD740,89.442,92.478,3.036,1.0,1.0,2.38,/kaggle/working/cut_cutfix_full_tier1_20260729_01/tier1/200_250/media/ijoyJhqD740_s0000089442_e0000092478.mp4,tier1,cuda,nvenc,cutfix_full_tier1_20260729_01
ijoyJhqD740_s0000107970_e0000110462,ijoyJhqD740,107.97,110.462,2.492,1.0,1.0,2.8,/kaggle/working/cut_cutfix_full_tier1_20260729_01/tier1/200_250/media/ijoyJhqD740_s0000107970_e0000110462.mp4,tier1,cuda,nvenc,cutfix_full_tier1_20260729_01
ijoyJhqD740_s0000113730_e0000116254,ijoyJhqD740,113.73,116.254,2.524,1.0,1.0,2.18,/kaggle/working/cut_cutfix_full_tier1_20260729_01/tier1/200_250/media/ijoyJhqD740_s0000113730_e0000116254.mp4,tier1,cuda,nvenc,cutfix_full_tier1_20260729_01
ijoyJhqD740_s0000122466_e0000124766,ijoyJhqD740,122.466,124.766,2.3,1.0,1.0,2.48,/kaggle/working/cut_cutfix_full_tier1_20260729_01/tier1/200_250/media/ijoyJhqD740_s0000122466_e0000124766.mp4,tier1,cuda,nvenc,cutfix_full_tier1_20260729_01
ijoyJhqD740_s0000127906_e0000130430,ijoyJhqD740,127.906,130.43,2.524,1.0,1.0,1.83,/kaggle/working/cut_cutfix_full_tier1_20260729_01/tier1/200_250/media/ijoyJhqD740_s0000127906_e0000130430.mp4,tier1,cuda,nvenc,cutfix_full_tier1_20260729_01
ijoyJhqD740_s0000140770_e0000146430,ijoyJhqD740,140.77,146.43,5.66,1.0,1.0,1.5,/kaggle/working/cut_cutfix_full_tier1_20260729_01/tier1/200_250/media/ijoyJhqD740_s0000140770_e0000146430.mp4,tier1,cuda,nvenc,cutfix_full_tier1_20260729_01
ijoyJhqD740_s0000186146_e0000191146,ijoyJhqD740,186.146,191.146,5.0,1.0,1.0,0.87,/kaggle/working/cut_cutfix_full_tier1_20260729_01/tier1/200_250/media/ijoyJhqD740_s0000186146_e0000191146.mp4,tier1,cuda,nvenc,cutfix_full_tier1_20260729_01
ijoyJhqD740_s0000223458_e0000228458,ijoyJhqD740,223.458,228.458,5.0,1.0,1.0,1.59,/kaggle/working/cut_cutfix_full_tier1_20260729_01/tier1/200_250/media/ijoyJhqD740_s0000223458_e0000228458.mp4,tier1,cuda,nvenc,cutfix_full_tier1_20260729_01
ijoyJhqD740_s0000231458_e0000236458,ijoyJhqD740,231.458,236.458,5.0,1.0,1.0,0.42,/kaggle/working/cut_cutfix_full_tier1_20260729_01/tier1/200_250/media/ijoyJhqD740_s0000231458_e0000236458.mp4,tier1,cuda,nvenc,cutfix_full_tier1_20260729_01
ijoyJhqD740_s0000235458_e0000240458,ijoyJhqD740,235.458,240.458,5.0,1.0,1.0,0.8,/kaggle/working/cut_cutfix_full_tier1_20260729_01/tier1/200_250/media/ijoyJhqD740_s0000235458_e0000240458.mp4,tier1,cuda,nvenc,cutfix_full_tier1_20260729_01
ijoyJhqD740_s0000239458_e0000244458,ijoyJhqD740,239.458,244.458,5.0,1.0,1.0,1.99,/kaggle/working/cut_cutfix_full_tier1_20260729_01/tier1/200_250/media/ijoyJhqD740_s0000239458_e0000244458.mp4,tier1,cuda,nvenc,cutfix_full_tier1_20260729_01
ijoyJhqD740_s0000243458_e0000248458,ijoyJhqD740,243.458,248.458,5.0,1.0,1.0,0.85,/kaggle/working/cut_cutfix_full_tier1_20260729_01/tier1/200_250/media/ijoyJhqD740_s0000243458_e0000248458.mp4,tier1,cuda,nvenc,cutfix_full_tier1_20260729_01
ijoyJhqD740_s0000247458_e0000252458,ijoyJhqD740,247.458,252.458,5.0,1.0,1.0,0.9,/kaggle/working/cut_cutfix_full_tier1_20260729_01/tier1/200_250/media/ijoyJhqD740_s0000247458_e0000252458.mp4,tier1,cuda,nvenc,cutfix_full_tier1_20260729_01
ijoyJhqD740_s0000254786_e0000260830,ijoyJhqD740,254.786,260.83,6.044,1.0,1.0,1.59,/kaggle/working/cut_cutfix_full_tier1_20260729_01/tier1/200_250/media/ijoyJhqD740_s0000254786_e0000260830.mp4,tier1,cuda,nvenc,cutfix_full_tier1_20260729_01
ijoyJhqD740_s0000261154_e0000266154,ijoyJhqD740,261.154,266.154,5.0,1.0,1.0,0.04,/kaggle/working/cut_cutfix_full_tier1_20260729_01/tier1/200_250/media/ijoyJhqD740_s0000261154_e0000266154.mp4,tier1,cuda,nvenc,cutfix_full_tier1_20260729_01
ijoyJhqD740_s0000313762_e0000316190,ijoyJhqD740,313.762,316.19,2.428,1.0,1.0,2.34,/kaggle/working/cut_cutfix_full_tier1_20260729_01/tier1/200_250/media/ijoyJhqD740_s0000313762_e0000316190.mp4,tier1,cuda,nvenc,cutfix_full_tier1_20260729_01
ijoyJhqD740_s0000316418_e0000319006,ijoyJhqD740,316.418,319.006,2.588,1.0,1.0,1.58,/kaggle/working/cut_cutfix_full_tier1_20260729_01/tier1/200_250/media/ijoyJhqD740_s0000316418_e0000319006.mp4,tier1,cuda,nvenc,cutfix_full_tier1_20260729_01
ijoyJhqD740_s0000335714_e0000341182,ijoyJhqD740,335.714,341.182,5.468,1.0,1.0,1.65,/kaggle/working/cut_cutfix_full_tier1_20260729_01/tier1/200_250/media/ijoyJhqD740_s0000335714_e0000341182.mp4,tier1,cuda,nvenc,cutfix_full_tier1_20260729_01
ijoyJhqD740_s0000354594_e0000357438,ijoyJhqD740,354.594,357.438,2.844,1.0,1.0,-0.17,/kaggle/working/cut_cutfix_full_tier1_20260729_01/tier1/200_250/media/ijoyJhqD740_s0000354594_e0000357438.mp4,tier1,cuda,nvenc,cutfix_full_tier1_20260729_01
ijoyJhqD740_s0000357698_e0000359774,ijoyJhqD740,357.698,359.774,2.076,1.0,1.0,0.8,/kaggle/working/cut_cutfix_full_tier1_20260729_01/tier1/200_250/media/ijoyJhqD740_s0000357698_e0000359774.mp4,tier1,cuda,nvenc,cutfix_full_tier1_20260729_01
ijoyJhqD740_s0000359874_e0000364874,ijoyJhqD740,359.874,364.874,5.0,1.0,1.0,0.78,/kaggle/working/cut_cutfix_full_tier1_20260729_01/tier1/200_250/media/ijoyJhqD740_s0000359874_e0000364874.mp4,tier1,cuda,nvenc,cutfix_full_tier1_20260729_01
ijoyJhqD740_s0000367874_e0000372874,ijoyJhqD740,367.874,372.874,5.0,1.0,1.0,0.44,/kaggle/working/cut_cutfix_full_tier1_20260729_01/tier1/200_250/media/ijoyJhqD740_s0000367874_e0000372874.mp4,tier1,cuda,nvenc,cutfix_full_tier1_20260729_01
ijoyJhqD740_s0000375938_e0000380938,ijoyJhqD740,375.938,380.938,5.0,1.0,1.0,1.16,/kaggle/working/cut_cutfix_full_tier1_20260729_01/tier1/200_250/media/ijoyJhqD740_s0000375938_e0000380938.mp4,tier1,cuda,nvenc,cutfix_full_tier1_20260729_01
ijoyJhqD740_s0000412962_e0000415742,ijoyJhqD740,412.962,415.742,2.78,1.0,1.0,2.34,/kaggle/working/cut_cutfix_full_tier1_20260729_01/tier1/200_250/media/ijoyJhqD740_s0000412962_e0000415742.mp4,tier1,cuda,nvenc,cutfix_full_tier1_20260729_01
ijoyJhqD740_s0000428482_e0000433482,ijoyJhqD740,428.482,433.482,5.0,1.0,1.0,2.53,/kaggle/working/cut_cutfix_full_tier1_20260729_01/tier1/200_250/media/ijoyJhqD740_s0000428482_e0000433482.mp4,tier1,cuda,nvenc,cutfix_full_tier1_20260729_01
ijoyJhqD740_s0000432482_e0000437482,ijoyJhqD740,432.482,437.482,5.0,1.0,1.0,0.35,/kaggle/working/cut_cutfix_full_tier1_20260729_01/tier1/200_250/media/ijoyJhqD740_s0000432482_e0000437482.mp4,tier1,cuda,nvenc,cutfix_full_tier1_20260729_01
ijoyJhqD740_s0000436482_e0000441482,ijoyJhqD740,436.482,441.482,5.0,1.0,1.0,0.01,/kaggle/working/cut_cutfix_full_tier1_20260729_01/tier1/200_250/media/ijoyJhqD740_s0000436482_e0000441482.mp4,tier1,cuda,nvenc,cutfix_full_tier1_20260729_01
ijoyJhqD740_s0000440482_e0000445482,ijoyJhqD740,440.482,445.482,5.0,1.0,1.0,1.24,/kaggle/working/cut_cutfix_full_tier1_20260729_01/tier1/200_250/media/ijoyJhqD740_s0000440482_e0000445482.mp4,tier1,cuda,nvenc,cutfix_full_tier1_20260729_01
ijoyJhqD740_s0000450882_e0000455882,ijoyJhqD740,450.882,455.882,5.0,1.0,1.0,0.81,/kaggle/working/cut_cutfix_full_tier1_20260729_01/tier1/200_250/media/ijoyJhqD740_s0000450882_e0000455882.mp4,tier1,cuda,nvenc,cutfix_full_tier1_20260729_01
ijoyJhqD740_s0000487810_e0000492810,ijoyJhqD740,487.81,492.81,5.0,1.0,1.0,1.37,/kaggle/working/cut_cutfix_full_tier1_20260729_01/tier1/200_250/media/ijoyJhqD740_s0000487810_e0000492810.mp4,tier1,cuda,nvenc,cutfix_full_tier1_20260729_01
ijoyJhqD740_s0000495810_e0000500810,ijoyJhqD740,495.81,500.81,5.0,1.0,1.0,0.8,/kaggle/working/cut_cutfix_full_tier1_20260729_01/tier1/200_250/media/ijoyJhqD740_s0000495810_e0000500810.mp4,tier1,cuda,nvenc,cutfix_full_tier1_20260729_01
ijoyJhqD740_s0000530242_e0000535242,ijoyJhqD740,530.242,535.242,5.0,1.0,1.0,1.59,/kaggle/working/cut_cutfix_full_tier1_20260729_01/tier1/200_250/media/ijoyJhqD740_s0000530242_e0000535242.mp4,tier1,cuda,nvenc,cutfix_full_tier1_20260729_01
ijoyJhqD740_s0000546114_e0000551006,ijoyJhqD740,546.114,551.006,4.892,1.0,1.0,1.55,/kaggle/working/cut_cutfix_full_tier1_20260729_01/tier1/200_250/media/ijoyJhqD740_s0000546114_e0000551006.mp4,tier1,cuda,nvenc,cutfix_full_tier1_20260729_01
ijoyJhqD740_s0000553378_e0000558378,ijoyJhqD740,553.378,558.378,5.0,1.0,1.0,0.96,/kaggle/working/cut_cutfix_full_tier1_20260729_01/tier1/200_250/media/ijoyJhqD740_s0000553378_e0000558378.mp4,tier1,cuda,nvenc,cutfix_full_tier1_20260729_01
ijoyJhqD740_s0000561378_e0000566378,ijoyJhqD740,561.378,566.378,5.0,1.0,1.0,0.88,/kaggle/working/cut_cutfix_full_tier1_20260729_01/tier1/200_250/media/ijoyJhqD740_s0000561378_e0000566378.mp4,tier1,cuda,nvenc,cutfix_full_tier1_20260729_01
ijoyJhqD740_s0000569378_e0000574378,ijoyJhqD740,569.378,574.378,5.0,1.0,1.0,1.53,/kaggle/working/cut_cutfix_full_tier1_20260729_01/tier1/200_250/media/ijoyJhqD740_s0000569378_e0000574378.mp4,tier1,cuda,nvenc,cutfix_full_tier1_20260729_01
ijoyJhqD740_s0000577378_e0000582378,ijoyJhqD740,577.378,582.378,5.0,1.0,1.0,1.14,/kaggle/working/cut_cutfix_full_tier1_20260729_01/tier1/200_250/media/ijoyJhqD740_s0000577378_e0000582378.mp4,tier1,cuda,nvenc,cutfix_full_tier1_20260729_01
ijoyJhqD740_s0000592834_e0000597834,ijoyJhqD740,592.834,597.834,5.0,1.0,1.0,1.2,/kaggle/working/cut_cutfix_full_tier1_20260729_01/tier1/200_250/media/ijoyJhqD740_s0000592834_e0000597834.mp4,tier1,cuda,nvenc,cutfix_full_tier1_20260729_01
ijoyJhqD740_s0000600834_e0000605834,ijoyJhqD740,600.834,605.834,5.0,1.0,1.0,1.89,/kaggle/working/cut_cutfix_full_tier1_20260729_01/tier1/200_250/media/ijoyJhqD740_s0000600834_e0000605834.mp4,tier1,cuda,nvenc,cutfix_full_tier1_20260729_01
ijoyJhqD740_s0000647234_e0000652234,ijoyJhqD740,647.234,652.234,5.0,1.0,1.0,0.32,/kaggle/working/cut_cutfix_full_tier1_20260729_01/tier1/200_250/media/ijoyJhqD740_s0000647234_e0000652234.mp4,tier1,cuda,nvenc,cutfix_full_tier1_20260729_01
ijoyJhqD740_s0000655234_e0000658334,ijoyJhqD740,655.234,658.334,3.1,1.0,1.0,1.2,/kaggle/working/cut_cutfix_full_tier1_20260729_01/tier1/200_250/media/ijoyJhqD740_s0000655234_e0000658334.mp4,tier1,cuda,nvenc,cutfix_full_tier1_20260729_01
ijoyJhqD740_s0000659778_e0000661790,ijoyJhqD740,659.778,661.79,2.012,1.0,1.0,0.24,/kaggle/working/cut_cutfix_full_tier1_20260729_01/tier1/200_250/media/ijoyJhqD740_s0000659778_e0000661790.mp4,tier1,cuda,nvenc,cutfix_full_tier1_20260729_01
ijoyJhqD740_s0000662562_e0000666558,ijoyJhqD740,662.562,666.558,3.996,1.0,1.0,1.75,/kaggle/working/cut_cutfix_full_tier1_20260729_01/tier1/200_250/media/ijoyJhqD740_s0000662562_e0000666558.mp4,tier1,cuda,nvenc,cutfix_full_tier1_20260729_01
ijoyJhqD740_s0000670594_e0000675838,ijoyJhqD740,670.594,675.838,5.244,1.0,1.0,1.32,/kaggle/working/cut_cutfix_full_tier1_20260729_01/tier1/200_250/media/ijoyJhqD740_s0000670594_e0000675838.mp4,tier1,cuda,nvenc,cutfix_full_tier1_20260729_01
ijoyJhqD740_s0000687362_e0000692362,ijoyJhqD740,687.362,692.362,5.0,1.0,1.0,-0.01,/kaggle/working/cut_cutfix_full_tier1_20260729_01/tier1/200_250/media/ijoyJhqD740_s0000687362_e0000692362.mp4,tier1,cuda,nvenc,cutfix_full_tier1_20260729_01
ijoyJhqD740_s0000695362_e0000700362,ijoyJhqD740,695.362,700.362,5.0,1.0,1.0,0.67,/kaggle/working/cut_cutfix_full_tier1_20260729_01/tier1/200_250/media/ijoyJhqD740_s0000695362_e0000700362.mp4,tier1,cuda,nvenc,cutfix_full_tier1_20260729_01
ijoyJhqD740_s0000707362_e0000710334,ijoyJhqD740,707.362,710.334,2.972,1.0,1.0,0.8,/kaggle/working/cut_cutfix_full_tier1_20260729_01/tier1/200_250/media/ijoyJhqD740_s0000707362_e0000710334.mp4,tier1,cuda,nvenc,cutfix_full_tier1_20260729_01
ijoyJhqD740_s0000718434_e0000723434,ijoyJhqD740,718.434,723.434,5.0,1.0,1.0,-0.29,/kaggle/working/cut_cutfix_full_tier1_20260729_01/tier1/200_250/media/ijoyJhqD740_s0000718434_e0000723434.mp4,tier1,cuda,nvenc,cutfix_full_tier1_20260729_01
ijoyJhqD740_s0000748802_e0000753802,ijoyJhqD740,748.802,753.802,5.0,1.0,1.0,1.79,/kaggle/working/cut_cutfix_full_tier1_20260729_01/tier1/200_250/media/ijoyJhqD740_s0000748802_e0000753802.mp4,tier1,cuda,nvenc,cutfix_full_tier1_20260729_01
ijoyJhqD740_s0000752802_e0000757802,ijoyJhqD740,752.802,757.802,5.0,1.0,1.0,0.83,/kaggle/working/cut_cutfix_full_tier1_20260729_01/tier1/200_250/media/ijoyJhqD740_s0000752802_e0000757802.mp4,tier1,cuda,nvenc,cutfix_full_tier1_20260729_01
ijoyJhqD740_s0000756802_e0000761802,ijoyJhqD740,756.802,761.802,5.0,1.0,1.0,0.61,/kaggle/working/cut_cutfix_full_tier1_20260729_01/tier1/200_250/media/ijoyJhqD740_s0000756802_e0000761802.mp4,tier1,cuda,nvenc,cutfix_full_tier1_20260729_01
ijoyJhqD740_s0000764802_e0000769802,ijoyJhqD740,764.802,769.802,5.0,1.0,1.0,1.63,/kaggle/working/cut_cutfix_full_tier1_20260729_01/tier1/200_250/media/ijoyJhqD740_s0000764802_e0000769802.mp4,tier1,cuda,nvenc,cutfix_full_tier1_20260729_01
ijoyJhqD740_s0000781666_e0000786666,ijoyJhqD740,781.666,786.666,5.0,1.0,1.0,0.6,/kaggle/working/cut_cutfix_full_tier1_20260729_01/tier1/200_250/media/ijoyJhqD740_s0000781666_e0000786666.mp4,tier1,cuda,nvenc,cutfix_full_tier1_20260729_01
ijoyJhqD740_s0000789666_e0000794238,ijoyJhqD740,789.666,794.238,4.572,1.0,1.0,1.01,/kaggle/working/cut_cutfix_full_tier1_20260729_01/tier1/200_250/media/ijoyJhqD740_s0000789666_e0000794238.mp4,tier1,cuda,nvenc,cutfix_full_tier1_20260729_01
ilxA2dvz5-4_s0000016930_e0000022046,ilxA2dvz5-4,16.93,22.046,5.116,1.0,1.0,12.07,/kaggle/working/cut_cutfix_full_tier1_20260729_01/tier1/200_250/media/ilxA2dvz5-4_s0000016930_e0000022046.mp4,tier1,cuda,nvenc,cutfix_full_tier1_20260729_01
ilxA2dvz5-4_s0000022274_e0000026942,ilxA2dvz5-4,22.274,26.942,4.668,1.0,1.0,10.15,/kaggle/working/cut_cutfix_full_tier1_20260729_01/tier1/200_250/media/ilxA2dvz5-4_s0000022274_e0000026942.mp4,tier1,cuda,nvenc,cutfix_full_tier1_20260729_01
ilxA2dvz5-4_s0000032642_e0000037630,ilxA2dvz5-4,32.642,37.63,4.988,1.0,1.0,8.62,/kaggle/working/cut_cutfix_full_tier1_20260729_01/tier1/200_250/media/ilxA2dvz5-4_s0000032642_e0000037630.mp4,tier1,cuda,nvenc,cutfix_full_tier1_20260729_01
ilxA2dvz5-4_s0000038402_e0000044478,ilxA2dvz5-4,38.402,44.478,6.076,1.0,1.0,8.05,/kaggle/working/cut_cutfix_full_tier1_20260729_01/tier1/200_250/media/ilxA2dvz5-4_s0000038402_e0000044478.mp4,tier1,cuda,nvenc,cutfix_full_tier1_20260729_01
ilxA2dvz5-4_s0000049474_e0000054238,ilxA2dvz5-4,49.474,54.238,4.764,1.0,1.0,8.4,/kaggle/working/cut_cutfix_full_tier1_20260729_01/tier1/200_250/media/ilxA2dvz5-4_s0000049474_e0000054238.mp4,tier1,cuda,nvenc,cutfix_full_tier1_20260729_01
ilxA2dvz5-4_s0000054466_e0000059038,ilxA2dvz5-4,54.466,59.038,4.572,1.0,1.0,6.9,/kaggle/working/cut_cutfix_full_tier1_20260729_01/tier1/200_250/media/ilxA2dvz5-4_s0000054466_e0000059038.mp4,tier1,cuda,nvenc,cutfix_full_tier1_20260729_01
ilxA2dvz5-4_s0000059234_e0000062046,ilxA2dvz5-4,59.234,62.046,2.812,1.0,1.0,6.54,/kaggle/working/cut_cutfix_full_tier1_20260729_01/tier1/200_250/media/ilxA2dvz5-4_s0000059234_e0000062046.mp4,tier1,cuda,nvenc,cutfix_full_tier1_20260729_01
ilxA2dvz5-4_s0000062402_e0000067294,ilxA2dvz5-4,62.402,67.294,4.892,1.0,1.0,7.56,/kaggle/working/cut_cutfix_full_tier1_20260729_01/tier1/200_250/media/ilxA2dvz5-4_s0000062402_e0000067294.mp4,tier1,cuda,nvenc,cutfix_full_tier1_20260729_01
ilxA2dvz5-4_s0000067522_e0000070782,ilxA2dvz5-4,67.522,70.782,3.26,1.0,1.0,7.01,/kaggle/working/cut_cutfix_full_tier1_20260729_01/tier1/200_250/media/ilxA2dvz5-4_s0000067522_e0000070782.mp4,tier1,cuda,nvenc,cutfix_full_tier1_20260729_01
ilxA2dvz5-4_s0000070978_e0000074142,ilxA2dvz5-4,70.978,74.142,3.164,1.0,1.0,7.53,/kaggle/working/cut_cutfix_full_tier1_20260729_01/tier1/200_250/media/ilxA2dvz5-4_s0000070978_e0000074142.mp4,tier1,cuda,nvenc,cutfix_full_tier1_20260729_01
ilxA2dvz5-4_s0000192738_e0000196446,ilxA2dvz5-4,192.738,196.446,3.708,0.75,1.0,6.88,/kaggle/working/cut_cutfix_full_tier1_20260729_01/tier1/200_250/media/ilxA2dvz5-4_s0000192738_e0000196446.mp4,tier1,cuda,nvenc,cutfix_full_tier1_20260729_01
ilxA2dvz5-4_s0000196898_e0000201310,ilxA2dvz5-4,196.898,201.31,4.412,1.0,1.0,7.56,/kaggle/working/cut_cutfix_full_tier1_20260729_01/tier1/200_250/media/ilxA2dvz5-4_s0000196898_e0000201310.mp4,tier1,cuda,nvenc,cutfix_full_tier1_20260729_01
ilxA2dvz5-4_s0000239586_e0000249086,ilxA2dvz5-4,239.586,249.086,9.5,1.0,1.0,5.68,/kaggle/working/cut_cutfix_full_tier1_20260729_01/tier1/200_250/media/ilxA2dvz5-4_s0000239586_e0000249086.mp4,tier1,cuda,nvenc,cutfix_full_tier1_20260729_01
ilxA2dvz5-4_s0000249410_e0000253502,ilxA2dvz5-4,249.41,253.502,4.092,1.0,1.0,6.17,/kaggle/working/cut_cutfix_full_tier1_20260729_01/tier1/200_250/media/ilxA2dvz5-4_s0000249410_e0000253502.mp4,tier1,cuda,nvenc,cutfix_full_tier1_20260729_01
ilxA2dvz5-4_s0000253730_e0000260190,ilxA2dvz5-4,253.73,260.19,6.46,0.714,1.0,5.99,/kaggle/working/cut_cutfix_full_tier1_20260729_01/tier1/200_250/media/ilxA2dvz5-4_s0000253730_e0000260190.mp4,tier1,cuda,nvenc,cutfix_full_tier1_20260729_01
ilxA2dvz5-4_s0000260674_e0000265150,ilxA2dvz5-4,260.674,265.15,4.476,1.0,1.0,7.78,/kaggle/working/cut_cutfix_full_tier1_20260729_01/tier1/200_250/media/ilxA2dvz5-4_s0000260674_e0000265150.mp4,tier1,cuda,nvenc,cutfix_full_tier1_20260729_01
ilxA2dvz5-4_s0000289826_e0000294974,ilxA2dvz5-4,289.826,294.974,5.148,1.0,1.0,6.43,/kaggle/working/cut_cutfix_full_tier1_20260729_01/tier1/200_250/media/ilxA2dvz5-4_s0000289826_e0000294974.mp4,tier1,cuda,nvenc,cutfix_full_tier1_20260729_01
ilxA2dvz5-4_s0000295202_e0000298046,ilxA2dvz5-4,295.202,298.046,2.844,1.0,1.0,5.78,/kaggle/working/cut_cutfix_full_tier1_20260729_01/tier1/200_250/media/ilxA2dvz5-4_s0000295202_e0000298046.mp4,tier1,cuda,nvenc,cutfix_full_tier1_20260729_01
ilxA2dvz5-4_s0000298626_e0000301662,ilxA2dvz5-4,298.626,301.662,3.036,1.0,1.0,5.63,/kaggle/working/cut_cutfix_full_tier1_20260729_01/tier1/200_250/media/ilxA2dvz5-4_s0000298626_e0000301662.mp4,tier1,cuda,nvenc,cutfix_full_tier1_20260729_01
ilxA2dvz5-4_s0000306402_e0000313950,ilxA2dvz5-4,306.402,313.95,7.548,0.714,1.0,5.83,/kaggle/working/cut_cutfix_full_tier1_20260729_01/tier1/200_250/media/ilxA2dvz5-4_s0000306402_e0000313950.mp4,tier1,cuda,nvenc,cutfix_full_tier1_20260729_01
ilxA2dvz5-4_s0000314274_e0000321214,ilxA2dvz5-4,314.274,321.214,6.94,1.0,1.0,5.43,/kaggle/working/cut_cutfix_full_tier1_20260729_01/tier1/200_250/media/ilxA2dvz5-4_s0000314274_e0000321214.mp4,tier1,cuda,nvenc,cutfix_full_tier1_20260729_01
ilxA2dvz5-4_s0000321442_e0000326526,ilxA2dvz5-4,321.442,326.526,5.084,1.0,1.0,5.61,/kaggle/working/cut_cutfix_full_tier1_20260729_01/tier1/200_250/media/ilxA2dvz5-4_s0000321442_e0000326526.mp4,tier1,cuda,nvenc,cutfix_full_tier1_20260729_01
ilxA2dvz5-4_s0000326786_e0000334686,ilxA2dvz5-4,326.786,334.686,7.9,1.0,1.0,7.26,/kaggle/working/cut_cutfix_full_tier1_20260729_01/tier1/200_250/media/ilxA2dvz5-4_s0000326786_e0000334686.mp4,tier1,cuda,nvenc,cutfix_full_tier1_20260729_01
ilxA2dvz5-4_s0000335170_e0000338526,ilxA2dvz5-4,335.17,338.526,3.356,1.0,1.0,6.22,/kaggle/working/cut_cutfix_full_tier1_20260729_01/tier1/200_250/media/ilxA2dvz5-4_s0000335170_e0000338526.mp4,tier1,cuda,nvenc,cutfix_full_tier1_20260729_01
ilxA2dvz5-4_s0000338690_e0000350526,ilxA2dvz5-4,338.69,350.526,11.836,1.0,1.0,6.77,/kaggle/working/cut_cutfix_full_tier1_20260729_01/tier1/200_250/media/ilxA2dvz5-4_s0000338690_e0000350526.mp4,tier1,cuda,nvenc,cutfix_full_tier1_20260729_01
ilxA2dvz5-4_s0000350690_e0000354494,ilxA2dvz5-4,350.69,354.494,3.804,1.0,1.0,7.38,/kaggle/working/cut_cutfix_full_tier1_20260729_01/tier1/200_250/media/ilxA2dvz5-4_s0000350690_e0000354494.mp4,tier1,cuda,nvenc,cutfix_full_tier1_20260729_01
ilxA2dvz5-4_s0000355106_e0000359262,ilxA2dvz5-4,355.106,359.262,4.156,1.0,1.0,6.89,/kaggle/working/cut_cutfix_full_tier1_20260729_01/tier1/200_250/media/ilxA2dvz5-4_s0000355106_e0000359262.mp4,tier1,cuda,nvenc,cutfix_full_tier1_20260729_01
ilxA2dvz5-4_s0000359714_e0000368350,ilxA2dvz5-4,359.714,368.35,8.636,0.889,1.0,7.47,/kaggle/working/cut_cutfix_full_tier1_20260729_01/tier1/200_250/media/ilxA2dvz5-4_s0000359714_e0000368350.mp4,tier1,cuda,nvenc,cutfix_full_tier1_20260729_01
ilxA2dvz5-4_s0000368866_e0000371646,ilxA2dvz5-4,368.866,371.646,2.78,1.0,1.0,7.82,/kaggle/working/cut_cutfix_full_tier1_20260729_01/tier1/200_250/media/ilxA2dvz5-4_s0000368866_e0000371646.mp4,tier1,cuda,nvenc,cutfix_full_tier1_20260729_01
ilxA2dvz5-4_s0000371842_e0000376990,ilxA2dvz5-4,371.842,376.99,5.148,1.0,1.0,6.8,/kaggle/working/cut_cutfix_full_tier1_20260729_01/tier1/200_250/media/ilxA2dvz5-4_s0000371842_e0000376990.mp4,tier1,cuda,nvenc,cutfix_full_tier1_20260729_01
ilxA2dvz5-4_s0000394242_e0000399358,ilxA2dvz5-4,394.242,399.358,5.116,0.8,1.0,7.52,/kaggle/working/cut_cutfix_full_tier1_20260729_01/tier1/200_250/media/ilxA2dvz5-4_s0000394242_e0000399358.mp4,tier1,cuda,nvenc,cutfix_full_tier1_20260729_01
ilxA2dvz5-4_s0000399746_e0000406558,ilxA2dvz5-4,399.746,406.558,6.812,1.0,1.0,6.62,/kaggle/working/cut_cutfix_full_tier1_20260729_01/tier1/200_250/media/ilxA2dvz5-4_s0000399746_e0000406558.mp4,tier1,cuda,nvenc,cutfix_full_tier1_20260729_01
ilxA2dvz5-4_s0000406818_e0000413982,ilxA2dvz5-4,406.818,413.982,7.164,0.714,1.0,5.18,/kaggle/working/cut_cutfix_full_tier1_20260729_01/tier1/200_250/media/ilxA2dvz5-4_s0000406818_e0000413982.mp4,tier1,cuda,nvenc,cutfix_full_tier1_20260729_01
ilxA2dvz5-4_s0000414402_e0000419402,ilxA2dvz5-4,414.402,419.402,5.0,1.0,1.0,7.3,/kaggle/working/cut_cutfix_full_tier1_20260729_01/tier1/200_250/media/ilxA2dvz5-4_s0000414402_e0000419402.mp4,tier1,cuda,nvenc,cutfix_full_tier1_20260729_01
ilxA2dvz5-4_s0000418402_e0000423402,ilxA2dvz5-4,418.402,423.402,5.0,1.0,1.0,5.31,/kaggle/working/cut_cutfix_full_tier1_20260729_01/tier1/200_250/media/ilxA2dvz5-4_s0000418402_e0000423402.mp4,tier1,cuda,nvenc,cutfix_full_tier1_20260729_01
ilxA2dvz5-4_s0000422402_e0000427402,ilxA2dvz5-4,422.402,427.402,5.0,1.0,1.0,7.14,/kaggle/working/cut_cutfix_full_tier1_20260729_01/tier1/200_250/media/ilxA2dvz5-4_s0000422402_e0000427402.mp4,tier1,cuda,nvenc,cutfix_full_tier1_20260729_01
ilxA2dvz5-4_s0000426402_e0000429694,ilxA2dvz5-4,426.402,429.694,3.292,1.0,1.0,7.42,/kaggle/working/cut_cutfix_full_tier1_20260729_01/tier1/200_250/media/ilxA2dvz5-4_s0000426402_e0000429694.mp4,tier1,cuda,nvenc,cutfix_full_tier1_20260729_01
ilxA2dvz5-4_s0000459010_e0000462910,ilxA2dvz5-4,459.01,462.91,3.9,1.0,1.0,7.37,/kaggle/working/cut_cutfix_full_tier1_20260729_01/tier1/200_250/media/ilxA2dvz5-4_s0000459010_e0000462910.mp4,tier1,cuda,nvenc,cutfix_full_tier1_20260729_01
ilxA2dvz5-4_s0000506978_e0000512094,ilxA2dvz5-4,506.978,512.094,5.116,1.0,1.0,5.91,/kaggle/working/cut_cutfix_full_tier1_20260729_01/tier1/200_250/media/ilxA2dvz5-4_s0000506978_e0000512094.mp4,tier1,cuda,nvenc,cutfix_full_tier1_20260729_01
ilxA2dvz5-4_s0000513762_e0000522878,ilxA2dvz5-4,513.762,522.878,9.116,0.889,1.0,6.2,/kaggle/working/cut_cutfix_full_tier1_20260729_01/tier1/200_250/media/ilxA2dvz5-4_s0000513762_e0000522878.mp4,tier1,cuda,nvenc,cutfix_full_tier1_20260729_01
ilxA2dvz5-4_s0000527298_e0000532298,ilxA2dvz5-4,527.298,532.298,5.0,0.8,1.0,7.21,/kaggle/working/cut_cutfix_full_tier1_20260729_01/tier1/200_250/media/ilxA2dvz5-4_s0000527298_e0000532298.mp4,tier1,cuda,nvenc,cutfix_full_tier1_20260729_01
ilxA2dvz5-4_s0000531298_e0000536298,ilxA2dvz5-4,531.298,536.298,5.0,1.0,1.0,4.45,/kaggle/working/cut_cutfix_full_tier1_20260729_01/tier1/200_250/media/ilxA2dvz5-4_s0000531298_e0000536298.mp4,tier1,cuda,nvenc,cutfix_full_tier1_20260729_01
ilxA2dvz5-4_s0000535298_e0000539902,ilxA2dvz5-4,535.298,539.902,4.604,1.0,1.0,4.69,/kaggle/working/cut_cutfix_full_tier1_20260729_01/tier1/200_250/media/ilxA2dvz5-4_s0000535298_e0000539902.mp4,tier1,cuda,nvenc,cutfix_full_tier1_20260729_01
ilxA2dvz5-4_s0000540354_e0000544382,ilxA2dvz5-4,540.354,544.382,4.028,1.0,1.0,7.51,/kaggle/working/cut_cutfix_full_tier1_20260729_01/tier1/200_250/media/ilxA2dvz5-4_s0000540354_e0000544382.mp4,tier1,cuda,nvenc,cutfix_full_tier1_20260729_01
ilxA2dvz5-4_s0000545762_e0000548926,ilxA2dvz5-4,545.762,548.926,3.164,1.0,1.0,8.25,/kaggle/working/cut_cutfix_full_tier1_20260729_01/tier1/200_250/media/ilxA2dvz5-4_s0000545762_e0000548926.mp4,tier1,cuda,nvenc,cutfix_full_tier1_20260729_01
ilxA2dvz5-4_s0000549218_e0000551934,ilxA2dvz5-4,549.218,551.934,2.716,1.0,1.0,3.98,/kaggle/working/cut_cutfix_full_tier1_20260729_01/tier1/200_250/media/ilxA2dvz5-4_s0000549218_e0000551934.mp4,tier1,cuda,nvenc,cutfix_full_tier1_20260729_01
ilxA2dvz5-4_s0000552098_e0000559966,ilxA2dvz5-4,552.098,559.966,7.868,1.0,1.0,5.39,/kaggle/working/cut_cutfix_full_tier1_20260729_01/tier1/200_250/media/ilxA2dvz5-4_s0000552098_e0000559966.mp4,tier1,cuda,nvenc,cutfix_full_tier1_20260729_01
ilxA2dvz5-4_s0000560514_e0000565982,ilxA2dvz5-4,560.514,565.982,5.468,1.0,1.0,6.95,/kaggle/working/cut_cutfix_full_tier1_20260729_01/tier1/200_250/media/ilxA2dvz5-4_s0000560514_e0000565982.mp4,tier1,cuda,nvenc,cutfix_full_tier1_20260729_01
ilxA2dvz5-4_s0000567682_e0000569918,ilxA2dvz5-4,567.682,569.918,2.236,1.0,1.0,8.85,/kaggle/working/cut_cutfix_full_tier1_20260729_01/tier1/200_250/media/ilxA2dvz5-4_s0000567682_e0000569918.mp4,tier1,cuda,nvenc,cutfix_full_tier1_20260729_01
ilxA2dvz5-4_s0000585314_e0000589662,ilxA2dvz5-4,585.314,589.662,4.348,0.75,1.0,7.24,/kaggle/working/cut_cutfix_full_tier1_20260729_01/tier1/200_250/media/ilxA2dvz5-4_s0000585314_e0000589662.mp4,tier1,cuda,nvenc,cutfix_full_tier1_20260729_01
ilxA2dvz5-4_s0000590594_e0000594174,ilxA2dvz5-4,590.594,594.174,3.58,1.0,1.0,6.41,/kaggle/working/cut_cutfix_full_tier1_20260729_01/tier1/200_250/media/ilxA2dvz5-4_s0000590594_e0000594174.mp4,tier1,cuda,nvenc,cutfix_full_tier1_20260729_01
ilxA2dvz5-4_s0000594914_e0000604350,ilxA2dvz5-4,594.914,604.35,9.436,0.9,1.0,6.43,/kaggle/working/cut_cutfix_full_tier1_20260729_01/tier1/200_250/media/ilxA2dvz5-4_s0000594914_e0000604350.mp4,tier1,cuda,nvenc,cutfix_full_tier1_20260729_01
ilxA2dvz5-4_s0000604578_e0000607710,ilxA2dvz5-4,604.578,607.71,3.132,1.0,1.0,6.11,/kaggle/working/cut_cutfix_full_tier1_20260729_01/tier1/200_250/media/ilxA2dvz5-4_s0000604578_e0000607710.mp4,tier1,cuda,nvenc,cutfix_full_tier1_20260729_01
ilxA2dvz5-4_s0000608226_e0000612894,ilxA2dvz5-4,608.226,612.894,4.668,1.0,1.0,7.08,/kaggle/working/cut_cutfix_full_tier1_20260729_01/tier1/200_250/media/ilxA2dvz5-4_s0000608226_e0000612894.mp4,tier1,cuda,nvenc,cutfix_full_tier1_20260729_01
ilxA2dvz5-4_s0000649730_e0000653534,ilxA2dvz5-4,649.73,653.534,3.804,0.75,1.0,7.26,/kaggle/working/cut_cutfix_full_tier1_20260729_01/tier1/200_250/media/ilxA2dvz5-4_s0000649730_e0000653534.mp4,tier1,cuda,nvenc,cutfix_full_tier1_20260729_01
ilxA2dvz5-4_s0000653794_e0000658794,ilxA2dvz5-4,653.794,658.794,5.0,1.0,1.0,6.54,/kaggle/working/cut_cutfix_full_tier1_20260729_01/tier1/200_250/media/ilxA2dvz5-4_s0000653794_e0000658794.mp4,tier1,cuda,nvenc,cutfix_full_tier1_20260729_01
ilxA2dvz5-4_s0000657794_e0000662794,ilxA2dvz5-4,657.794,662.794,5.0,1.0,1.0,4.69,/kaggle/working/cut_cutfix_full_tier1_20260729_01/tier1/200_250/media/ilxA2dvz5-4_s0000657794_e0000662794.mp4,tier1,cuda,nvenc,cutfix_full_tier1_20260729_01
ilxA2dvz5-4_s0000661794_e0000666794,ilxA2dvz5-4,661.794,666.794,5.0,1.0,1.0,5.94,/kaggle/working/cut_cutfix_full_tier1_20260729_01/tier1/200_250/media/ilxA2dvz5-4_s0000661794_e0000666794.mp4,tier1,cuda,nvenc,cutfix_full_tier1_20260729_01
iu0unbhbX-k_s0000016706_e0000021706,iu0unbhbX-k,16.706,21.706,5.0,1.0,1.0,5.35,/kaggle/working/cut_cutfix_full_tier1_20260729_01/tier1/200_250/media/iu0unbhbX-k_s0000016706_e0000021706.mp4,tier1,cuda,nvenc,cutfix_full_tier1_20260729_01
iu0unbhbX-k_s0000020706_e0000025706,iu0unbhbX-k,20.706,25.706,5.0,1.0,1.0,7.85,/kaggle/working/cut_cutfix_full_tier1_20260729_01/tier1/200_250/media/iu0unbhbX-k_s0000020706_e0000025706.mp4,tier1,cuda,nvenc,cutfix_full_tier1_20260729_01
iu0unbhbX-k_s0000024706_e0000029706,iu0unbhbX-k,24.706,29.706,5.0,1.0,1.0,4.93,/kaggle/working/cut_cutfix_full_tier1_20260729_01/tier1/200_250/media/iu0unbhbX-k_s0000024706_e0000029706.mp4,tier1,cuda,nvenc,cutfix_full_tier1_20260729_01
iu0unbhbX-k_s0000043426_e0000047486,iu0unbhbX-k,43.426,47.486,4.06,1.0,1.0,5.33,/kaggle/working/cut_cutfix_full_tier1_20260729_01/tier1/200_250/media/iu0unbhbX-k_s0000043426_e0000047486.mp4,tier1,cuda,nvenc,cutfix_full_tier1_20260729_01
iu0unbhbX-k_s0000048322_e0000053086,iu0unbhbX-k,48.322,53.086,4.764,1.0,1.0,5.53,/kaggle/working/cut_cutfix_full_tier1_20260729_01/tier1/200_250/media/iu0unbhbX-k_s0000048322_e0000053086.mp4,tier1,cuda,nvenc,cutfix_full_tier1_20260729_01
iu0unbhbX-k_s0000053666_e0000056542,iu0unbhbX-k,53.666,56.542,2.876,1.0,1.0,5.78,/kaggle/working/cut_cutfix_full_tier1_20260729_01/tier1/200_250/media/iu0unbhbX-k_s0000053666_e0000056542.mp4,tier1,cuda,nvenc,cutfix_full_tier1_20260729_01
iu0unbhbX-k_s0000063490_e0000073406,iu0unbhbX-k,63.49,73.406,9.916,1.0,1.0,5.7,/kaggle/working/cut_cutfix_full_tier1_20260729_01/tier1/200_250/media/iu0unbhbX-k_s0000063490_e0000073406.mp4,tier1,cuda,nvenc,cutfix_full_tier1_20260729_01
iu0unbhbX-k_s0000122594_e0000126910,iu0unbhbX-k,122.594,126.91,4.316,1.0,1.0,2.78,/kaggle/working/cut_cutfix_full_tier1_20260729_01/tier1/200_250/media/iu0unbhbX-k_s0000122594_e0000126910.mp4,tier1,cuda,nvenc,cutfix_full_tier1_20260729_01
iu0unbhbX-k_s0000127202_e0000130686,iu0unbhbX-k,127.202,130.686,3.484,1.0,1.0,4.5,/kaggle/working/cut_cutfix_full_tier1_20260729_01/tier1/200_250/media/iu0unbhbX-k_s0000127202_e0000130686.mp4,tier1,cuda,nvenc,cutfix_full_tier1_20260729_01
iu0unbhbX-k_s0000134242_e0000139070,iu0unbhbX-k,134.242,139.07,4.828,1.0,1.0,4.78,/kaggle/working/cut_cutfix_full_tier1_20260729_01/tier1/200_250/media/iu0unbhbX-k_s0000134242_e0000139070.mp4,tier1,cuda,nvenc,cutfix_full_tier1_20260729_01
iu0unbhbX-k_s0000139266_e0000144094,iu0unbhbX-k,139.266,144.094,4.828,1.0,1.0,4.02,/kaggle/working/cut_cutfix_full_tier1_20260729_01/tier1/200_250/media/iu0unbhbX-k_s0000139266_e0000144094.mp4,tier1,cuda,nvenc,cutfix_full_tier1_20260729_01
iu0unbhbX-k_s0000144546_e0000148894,iu0unbhbX-k,144.546,148.894,4.348,0.75,1.0,4.56,/kaggle/working/cut_cutfix_full_tier1_20260729_01/tier1/200_250/media/iu0unbhbX-k_s0000144546_e0000148894.mp4,tier1,cuda,nvenc,cutfix_full_tier1_20260729_01
iu0unbhbX-k_s0000149826_e0000155966,iu0unbhbX-k,149.826,155.966,6.14,0.833,1.0,5.18,/kaggle/working/cut_cutfix_full_tier1_20260729_01/tier1/200_250/media/iu0unbhbX-k_s0000149826_e0000155966.mp4,tier1,cuda,nvenc,cutfix_full_tier1_20260729_01
iu0unbhbX-k_s0000156290_e0000161290,iu0unbhbX-k,156.29,161.29,5.0,1.0,1.0,4.51,/kaggle/working/cut_cutfix_full_tier1_20260729_01/tier1/200_250/media/iu0unbhbX-k_s0000156290_e0000161290.mp4,tier1,cuda,nvenc,cutfix_full_tier1_20260729_01
iu0unbhbX-k_s0000160290_e0000165290,iu0unbhbX-k,160.29,165.29,5.0,1.0,1.0,4.02,/kaggle/working/cut_cutfix_full_tier1_20260729_01/tier1/200_250/media/iu0unbhbX-k_s0000160290_e0000165290.mp4,tier1,cuda,nvenc,cutfix_full_tier1_20260729_01
iu0unbhbX-k_s0000164290_e0000169290,iu0unbhbX-k,164.29,169.29,5.0,0.8,1.0,4.31,/kaggle/working/cut_cutfix_full_tier1_20260729_01/tier1/200_250/media/iu0unbhbX-k_s0000164290_e0000169290.mp4,tier1,cuda,nvenc,cutfix_full_tier1_20260729_01
iu0unbhbX-k_s0000168290_e0000172798,iu0unbhbX-k,168.29,172.798,4.508,1.0,1.0,2.8,/kaggle/working/cut_cutfix_full_tier1_20260729_01/tier1/200_250/media/iu0unbhbX-k_s0000168290_e0000172798.mp4,tier1,cuda,nvenc,cutfix_full_tier1_20260729_01
iu0unbhbX-k_s0000172898_e0000177898,iu0unbhbX-k,172.898,177.898,5.0,1.0,1.0,4.56,/kaggle/working/cut_cutfix_full_tier1_20260729_01/tier1/200_250/media/iu0unbhbX-k_s0000172898_e0000177898.mp4,tier1,cuda,nvenc,cutfix_full_tier1_20260729_01
iu0unbhbX-k_s0000176898_e0000181898,iu0unbhbX-k,176.898,181.898,5.0,0.8,1.0,3.93,/kaggle/working/cut_cutfix_full_tier1_20260729_01/tier1/200_250/media/iu0unbhbX-k_s0000176898_e0000181898.mp4,tier1,cuda,nvenc,cutfix_full_tier1_20260729_01
iu0unbhbX-k_s0000185826_e0000190110,iu0unbhbX-k,185.826,190.11,4.284,1.0,1.0,4.68,/kaggle/working/cut_cutfix_full_tier1_20260729_01/tier1/200_250/media/iu0unbhbX-k_s0000185826_e0000190110.mp4,tier1,cuda,nvenc,cutfix_full_tier1_20260729_01
iu0unbhbX-k_s0000191106_e0000199678,iu0unbhbX-k,191.106,199.678,8.572,0.875,1.0,3.08,/kaggle/working/cut_cutfix_full_tier1_20260729_01/tier1/200_250/media/iu0unbhbX-k_s0000191106_e0000199678.mp4,tier1,cuda,nvenc,cutfix_full_tier1_20260729_01
iu0unbhbX-k_s0000220162_e0000225918,iu0unbhbX-k,220.162,225.918,5.756,1.0,1.0,5.06,/kaggle/working/cut_cutfix_full_tier1_20260729_01/tier1/200_250/media/iu0unbhbX-k_s0000220162_e0000225918.mp4,tier1,cuda,nvenc,cutfix_full_tier1_20260729_01
iu0unbhbX-k_s0000248002_e0000253002,iu0unbhbX-k,248.002,253.002,5.0,1.0,1.0,3.24,/kaggle/working/cut_cutfix_full_tier1_20260729_01/tier1/200_250/media/iu0unbhbX-k_s0000248002_e0000253002.mp4,tier1,cuda,nvenc,cutfix_full_tier1_20260729_01
iu0unbhbX-k_s0000252002_e0000257002,iu0unbhbX-k,252.002,257.002,5.0,1.0,1.0,2.83,/kaggle/working/cut_cutfix_full_tier1_20260729_01/tier1/200_250/media/iu0unbhbX-k_s0000252002_e0000257002.mp4,tier1,cuda,nvenc,cutfix_full_tier1_20260729_01
iu0unbhbX-k_s0000256002_e0000261002,iu0unbhbX-k,256.002,261.002,5.0,1.0,1.0,2.11,/kaggle/working/cut_cutfix_full_tier1_20260729_01/tier1/200_250/media/iu0unbhbX-k_s0000256002_e0000261002.mp4,tier1,cuda,nvenc,cutfix_full_tier1_20260729_01
iu0unbhbX-k_s0000262402_e0000273214,iu0unbhbX-k,262.402,273.214,10.812,1.0,1.0,3.07,/kaggle/working/cut_cutfix_full_tier1_20260729_01/tier1/200_250/media/iu0unbhbX-k_s0000262402_e0000273214.mp4,tier1,cuda,nvenc,cutfix_full_tier1_20260729_01
iu0unbhbX-k_s0000273410_e0000277406,iu0unbhbX-k,273.41,277.406,3.996,1.0,1.0,3.45,/kaggle/working/cut_cutfix_full_tier1_20260729_01/tier1/200_250/media/iu0unbhbX-k_s0000273410_e0000277406.mp4,tier1,cuda,nvenc,cutfix_full_tier1_20260729_01
iu0unbhbX-k_s0000277570_e0000280062,iu0unbhbX-k,277.57,280.062,2.492,1.0,1.0,4.51,/kaggle/working/cut_cutfix_full_tier1_20260729_01/tier1/200_250/media/iu0unbhbX-k_s0000277570_e0000280062.mp4,tier1,cuda,nvenc,cutfix_full_tier1_20260729_01
iu0unbhbX-k_s0000282146_e0000284542,iu0unbhbX-k,282.146,284.542,2.396,1.0,1.0,2.18,/kaggle/working/cut_cutfix_full_tier1_20260729_01/tier1/200_250/media/iu0unbhbX-k_s0000282146_e0000284542.mp4,tier1,cuda,nvenc,cutfix_full_tier1_20260729_01
iu0unbhbX-k_s0000284930_e0000293982,iu0unbhbX-k,284.93,293.982,9.052,1.0,1.0,4.63,/kaggle/working/cut_cutfix_full_tier1_20260729_01/tier1/200_250/media/iu0unbhbX-k_s0000284930_e0000293982.mp4,tier1,cuda,nvenc,cutfix_full_tier1_20260729_01
iu0unbhbX-k_s0000294818_e0000303998,iu0unbhbX-k,294.818,303.998,9.18,1.0,1.0,3.22,/kaggle/working/cut_cutfix_full_tier1_20260729_01/tier1/200_250/media/iu0unbhbX-k_s0000294818_e0000303998.mp4,tier1,cuda,nvenc,cutfix_full_tier1_20260729_01
iu0unbhbX-k_s0000304194_e0000314718,iu0unbhbX-k,304.194,314.718,10.524,1.0,1.0,3.11,/kaggle/working/cut_cutfix_full_tier1_20260729_01/tier1/200_250/media/iu0unbhbX-k_s0000304194_e0000314718.mp4,tier1,cuda,nvenc,cutfix_full_tier1_20260729_01
iu0unbhbX-k_s0000314850_e0000319850,iu0unbhbX-k,314.85,319.85,5.0,1.0,1.0,3.49,/kaggle/working/cut_cutfix_full_tier1_20260729_01/tier1/200_250/media/iu0unbhbX-k_s0000314850_e0000319850.mp4,tier1,cuda,nvenc,cutfix_full_tier1_20260729_01
iu0unbhbX-k_s0000318850_e0000323850,iu0unbhbX-k,318.85,323.85,5.0,1.0,1.0,3.57,/kaggle/working/cut_cutfix_full_tier1_20260729_01/tier1/200_250/media/iu0unbhbX-k_s0000318850_e0000323850.mp4,tier1,cuda,nvenc,cutfix_full_tier1_20260729_01
iu0unbhbX-k_s0000322850_e0000327518,iu0unbhbX-k,322.85,327.518,4.668,1.0,1.0,3.78,/kaggle/working/cut_cutfix_full_tier1_20260729_01/tier1/200_250/media/iu0unbhbX-k_s0000322850_e0000327518.mp4,tier1,cuda,nvenc,cutfix_full_tier1_20260729_01
iu0unbhbX-k_s0000328130_e0000332702,iu0unbhbX-k,328.13,332.702,4.572,1.0,1.0,3.14,/kaggle/working/cut_cutfix_full_tier1_20260729_01/tier1/200_250/media/iu0unbhbX-k_s0000328130_e0000332702.mp4,tier1,cuda,nvenc,cutfix_full_tier1_20260729_01
iu0unbhbX-k_s0000333122_e0000342622,iu0unbhbX-k,333.122,342.622,9.5,1.0,1.0,3.1,/kaggle/working/cut_cutfix_full_tier1_20260729_01/tier1/200_250/media/iu0unbhbX-k_s0000333122_e0000342622.mp4,tier1,cuda,nvenc,cutfix_full_tier1_20260729_01
iu0unbhbX-k_s0000342882_e0000348798,iu0unbhbX-k,342.882,348.798,5.916,1.0,1.0,3.21,/kaggle/working/cut_cutfix_full_tier1_20260729_01/tier1/200_250/media/iu0unbhbX-k_s0000342882_e0000348798.mp4,tier1,cuda,nvenc,cutfix_full_tier1_20260729_01
iu0unbhbX-k_s0000348994_e0000353310,iu0unbhbX-k,348.994,353.31,4.316,1.0,1.0,2.78,/kaggle/working/cut_cutfix_full_tier1_20260729_01/tier1/200_250/media/iu0unbhbX-k_s0000348994_e0000353310.mp4,tier1,cuda,nvenc,cutfix_full_tier1_20260729_01
iu0unbhbX-k_s0000364834_e0000369182,iu0unbhbX-k,364.834,369.182,4.348,1.0,1.0,4.9,/kaggle/working/cut_cutfix_full_tier1_20260729_01/tier1/200_250/media/iu0unbhbX-k_s0000364834_e0000369182.mp4,tier1,cuda,nvenc,cutfix_full_tier1_20260729_01
iu0unbhbX-k_s0000369314_e0000374314,iu0unbhbX-k,369.314,374.314,5.0,1.0,1.0,3.28,/kaggle/working/cut_cutfix_full_tier1_20260729_01/tier1/200_250/media/iu0unbhbX-k_s0000369314_e0000374314.mp4,tier1,cuda,nvenc,cutfix_full_tier1_20260729_01
iu0unbhbX-k_s0000373314_e0000378314,iu0unbhbX-k,373.314,378.314,5.0,1.0,1.0,3.34,/kaggle/working/cut_cutfix_full_tier1_20260729_01/tier1/200_250/media/iu0unbhbX-k_s0000373314_e0000378314.mp4,tier1,cuda,nvenc,cutfix_full_tier1_20260729_01
iu0unbhbX-k_s0000377314_e0000382314,iu0unbhbX-k,377.314,382.314,5.0,1.0,1.0,2.2,/kaggle/working/cut_cutfix_full_tier1_20260729_01/tier1/200_250/media/iu0unbhbX-k_s0000377314_e0000382314.mp4,tier1,cuda,nvenc,cutfix_full_tier1_20260729_01
iu0unbhbX-k_s0000381314_e0000384926,iu0unbhbX-k,381.314,384.926,3.612,1.0,1.0,2.12,/kaggle/working/cut_cutfix_full_tier1_20260729_01/tier1/200_250/media/iu0unbhbX-k_s0000381314_e0000384926.mp4,tier1,cuda,nvenc,cutfix_full_tier1_20260729_01
iu0unbhbX-k_s0000385218_e0000387838,iu0unbhbX-k,385.218,387.838,2.62,1.0,1.0,3.21,/kaggle/working/cut_cutfix_full_tier1_20260729_01/tier1/200_250/media/iu0unbhbX-k_s0000385218_e0000387838.mp4,tier1,cuda,nvenc,cutfix_full_tier1_20260729_01
iu0unbhbX-k_s0000389922_e0000394922,iu0unbhbX-k,389.922,394.922,5.0,0.8,1.0,2.37,/kaggle/working/cut_cutfix_full_tier1_20260729_01/tier1/200_250/media/iu0unbhbX-k_s0000389922_e0000394922.mp4,tier1,cuda,nvenc,cutfix_full_tier1_20260729_01
iu0unbhbX-k_s0000409922_e0000413182,iu0unbhbX-k,409.922,413.182,3.26,1.0,1.0,1.31,/kaggle/working/cut_cutfix_full_tier1_20260729_01/tier1/200_250/media/iu0unbhbX-k_s0000409922_e0000413182.mp4,tier1,cuda,nvenc,cutfix_full_tier1_20260729_01
iu0unbhbX-k_s0000413826_e0000418826,iu0unbhbX-k,413.826,418.826,5.0,1.0,1.0,1.72,/kaggle/working/cut_cutfix_full_tier1_20260729_01/tier1/200_250/media/iu0unbhbX-k_s0000413826_e0000418826.mp4,tier1,cuda,nvenc,cutfix_full_tier1_20260729_01
iu0unbhbX-k_s0000417826_e0000422826,iu0unbhbX-k,417.826,422.826,5.0,0.8,1.0,1.23,/kaggle/working/cut_cutfix_full_tier1_20260729_01/tier1/200_250/media/iu0unbhbX-k_s0000417826_e0000422826.mp4,tier1,cuda,nvenc,cutfix_full_tier1_20260729_01
iu0unbhbX-k_s0000421826_e0000426826,iu0unbhbX-k,421.826,426.826,5.0,1.0,1.0,1.7,/kaggle/working/cut_cutfix_full_tier1_20260729_01/tier1/200_250/media/iu0unbhbX-k_s0000421826_e0000426826.mp4,tier1,cuda,nvenc,cutfix_full_tier1_20260729_01
iu0unbhbX-k_s0000425826_e0000430826,iu0unbhbX-k,425.826,430.826,5.0,1.0,1.0,1.23,/kaggle/working/cut_cutfix_full_tier1_20260729_01/tier1/200_250/media/iu0unbhbX-k_s0000425826_e0000430826.mp4,tier1,cuda,nvenc,cutfix_full_tier1_20260729_01
iu0unbhbX-k_s0000429826_e0000434826,iu0unbhbX-k,429.826,434.826,5.0,1.0,1.0,1.44,/kaggle/working/cut_cutfix_full_tier1_20260729_01/tier1/200_250/media/iu0unbhbX-k_s0000429826_e0000434826.mp4,tier1,cuda,nvenc,cutfix_full_tier1_20260729_01
iu0unbhbX-k_s0000433826_e0000438826,iu0unbhbX-k,433.826,438.826,5.0,1.0,1.0,2.33,/kaggle/working/cut_cutfix_full_tier1_20260729_01/tier1/200_250/media/iu0unbhbX-k_s0000433826_e0000438826.mp4,tier1,cuda,nvenc,cutfix_full_tier1_20260729_01
iu0unbhbX-k_s0000437826_e0000442826,iu0unbhbX-k,437.826,442.826,5.0,1.0,1.0,1.02,/kaggle/working/cut_cutfix_full_tier1_20260729_01/tier1/200_250/media/iu0unbhbX-k_s0000437826_e0000442826.mp4,tier1,cuda,nvenc,cutfix_full_tier1_20260729_01
iu0unbhbX-k_s0000441826_e0000446826,iu0unbhbX-k,441.826,446.826,5.0,1.0,1.0,0.78,/kaggle/working/cut_cutfix_full_tier1_20260729_01/tier1/200_250/media/iu0unbhbX-k_s0000441826_e0000446826.mp4,tier1,cuda,nvenc,cutfix_full_tier1_20260729_01
iu0unbhbX-k_s0000445826_e0000450826,iu0unbhbX-k,445.826,450.826,5.0,1.0,1.0,1.42,/kaggle/working/cut_cutfix_full_tier1_20260729_01/tier1/200_250/media/iu0unbhbX-k_s0000445826_e0000450826.mp4,tier1,cuda,nvenc,cutfix_full_tier1_20260729_01
iu0unbhbX-k_s0000456002_e0000458942,iu0unbhbX-k,456.002,458.942,2.94,1.0,1.0,1.71,/kaggle/working/cut_cutfix_full_tier1_20260729_01/tier1/200_250/media/iu0unbhbX-k_s0000456002_e0000458942.mp4,tier1,cuda,nvenc,cutfix_full_tier1_20260729_01
iu0unbhbX-k_s0000459330_e0000466526,iu0unbhbX-k,459.33,466.526,7.196,1.0,1.0,0.89,/kaggle/working/cut_cutfix_full_tier1_20260729_01/tier1/200_250/media/iu0unbhbX-k_s0000459330_e0000466526.mp4,tier1,cuda,nvenc,cutfix_full_tier1_20260729_01
iu0unbhbX-k_s0000467106_e0000472106,iu0unbhbX-k,467.106,472.106,5.0,1.0,1.0,1.91,/kaggle/working/cut_cutfix_full_tier1_20260729_01/tier1/200_250/media/iu0unbhbX-k_s0000467106_e0000472106.mp4,tier1,cuda,nvenc,cutfix_full_tier1_20260729_01
iu0unbhbX-k_s0000471106_e0000476106,iu0unbhbX-k,471.106,476.106,5.0,1.0,1.0,1.75,/kaggle/working/cut_cutfix_full_tier1_20260729_01/tier1/200_250/media/iu0unbhbX-k_s0000471106_e0000476106.mp4,tier1,cuda,nvenc,cutfix_full_tier1_20260729_01
iu0unbhbX-k_s0000475106_e0000480106,iu0unbhbX-k,475.106,480.106,5.0,0.8,1.0,1.17,/kaggle/working/cut_cutfix_full_tier1_20260729_01/tier1/200_250/media/iu0unbhbX-k_s0000475106_e0000480106.mp4,tier1,cuda,nvenc,cutfix_full_tier1_20260729_01
iu0unbhbX-k_s0000479106_e0000481790,iu0unbhbX-k,479.106,481.79,2.684,1.0,1.0,0.82,/kaggle/working/cut_cutfix_full_tier1_20260729_01/tier1/200_250/media/iu0unbhbX-k_s0000479106_e0000481790.mp4,tier1,cuda,nvenc,cutfix_full_tier1_20260729_01
iu0unbhbX-k_s0000482722_e0000486910,iu0unbhbX-k,482.722,486.91,4.188,1.0,1.0,4.38,/kaggle/working/cut_cutfix_full_tier1_20260729_01/tier1/200_250/media/iu0unbhbX-k_s0000482722_e0000486910.mp4,tier1,cuda,nvenc,cutfix_full_tier1_20260729_01
iu0unbhbX-k_s0000491074_e0000496074,iu0unbhbX-k,491.074,496.074,5.0,1.0,1.0,1.33,/kaggle/working/cut_cutfix_full_tier1_20260729_01/tier1/200_250/media/iu0unbhbX-k_s0000491074_e0000496074.mp4,tier1,cuda,nvenc,cutfix_full_tier1_20260729_01
iu0unbhbX-k_s0000495074_e0000500074,iu0unbhbX-k,495.074,500.074,5.0,0.8,1.0,1.96,/kaggle/working/cut_cutfix_full_tier1_20260729_01/tier1/200_250/media/iu0unbhbX-k_s0000495074_e0000500074.mp4,tier1,cuda,nvenc,cutfix_full_tier1_20260729_01
iu0unbhbX-k_s0000527234_e0000539134,iu0unbhbX-k,527.234,539.134,11.9,0.833,1.0,1.4,/kaggle/working/cut_cutfix_full_tier1_20260729_01/tier1/200_250/media/iu0unbhbX-k_s0000527234_e0000539134.mp4,tier1,cuda,nvenc,cutfix_full_tier1_20260729_01
iu0unbhbX-k_s0000539714_e0000543454,iu0unbhbX-k,539.714,543.454,3.74,1.0,1.0,2.69,/kaggle/working/cut_cutfix_full_tier1_20260729_01/tier1/200_250/media/iu0unbhbX-k_s0000539714_e0000543454.mp4,tier1,cuda,nvenc,cutfix_full_tier1_20260729_01
iu0unbhbX-k_s0000543586_e0000547934,iu0unbhbX-k,543.586,547.934,4.348,1.0,1.0,1.13,/kaggle/working/cut_cutfix_full_tier1_20260729_01/tier1/200_250/media/iu0unbhbX-k_s0000543586_e0000547934.mp4,tier1,cuda,nvenc,cutfix_full_tier1_20260729_01
iu0unbhbX-k_s0000548098_e0000557342,iu0unbhbX-k,548.098,557.342,9.244,0.889,1.0,1.92,/kaggle/working/cut_cutfix_full_tier1_20260729_01/tier1/200_250/media/iu0unbhbX-k_s0000548098_e0000557342.mp4,tier1,cuda,nvenc,cutfix_full_tier1_20260729_01
iu0unbhbX-k_s0000557858_e0000569502,iu0unbhbX-k,557.858,569.502,11.644,1.0,1.0,1.15,/kaggle/working/cut_cutfix_full_tier1_20260729_01/tier1/200_250/media/iu0unbhbX-k_s0000557858_e0000569502.mp4,tier1,cuda,nvenc,cutfix_full_tier1_20260729_01
iu0unbhbX-k_s0000569666_e0000578846,iu0unbhbX-k,569.666,578.846,9.18,1.0,1.0,0.84,/kaggle/working/cut_cutfix_full_tier1_20260729_01/tier1/200_250/media/iu0unbhbX-k_s0000569666_e0000578846.mp4,tier1,cuda,nvenc,cutfix_full_tier1_20260729_01
iu0unbhbX-k_s0000579298_e0000584298,iu0unbhbX-k,579.298,584.298,5.0,1.0,1.0,0.86,/kaggle/working/cut_cutfix_full_tier1_20260729_01/tier1/200_250/media/iu0unbhbX-k_s0000579298_e0000584298.mp4,tier1,cuda,nvenc,cutfix_full_tier1_20260729_01
iu0unbhbX-k_s0000583298_e0000588298,iu0unbhbX-k,583.298,588.298,5.0,1.0,1.0,0.49,/kaggle/working/cut_cutfix_full_tier1_20260729_01/tier1/200_250/media/iu0unbhbX-k_s0000583298_e0000588298.mp4,tier1,cuda,nvenc,cutfix_full_tier1_20260729_01
iu0unbhbX-k_s0000587298_e0000592298,iu0unbhbX-k,587.298,592.298,5.0,1.0,1.0,1.82,/kaggle/working/cut_cutfix_full_tier1_20260729_01/tier1/200_250/media/iu0unbhbX-k_s0000587298_e0000592298.mp4,tier1,cuda,nvenc,cutfix_full_tier1_20260729_01
iu0unbhbX-k_s0000591298_e0000596298,iu0unbhbX-k,591.298,596.298,5.0,1.0,1.0,1.54,/kaggle/working/cut_cutfix_full_tier1_20260729_01/tier1/200_250/media/iu0unbhbX-k_s0000591298_e0000596298.mp4,tier1,cuda,nvenc,cutfix_full_tier1_20260729_01
iu0unbhbX-k_s0000595298_e0000600298,iu0unbhbX-k,595.298,600.298,5.0,1.0,1.0,1.65,/kaggle/working/cut_cutfix_full_tier1_20260729_01/tier1/200_250/media/iu0unbhbX-k_s0000595298_e0000600298.mp4,tier1,cuda,nvenc,cutfix_full_tier1_20260729_01
iu0unbhbX-k_s0000599298_e0000604298,iu0unbhbX-k,599.298,604.298,5.0,1.0,1.0,0.38,/kaggle/working/cut_cutfix_full_tier1_20260729_01/tier1/200_250/media/iu0unbhbX-k_s0000599298_e0000604298.mp4,tier1,cuda,nvenc,cutfix_full_tier1_20260729_01
iu0unbhbX-k_s0000603298_e0000608298,iu0unbhbX-k,603.298,608.298,5.0,1.0,1.0,1.07,/kaggle/working/cut_cutfix_full_tier1_20260729_01/tier1/200_250/media/iu0unbhbX-k_s0000603298_e0000608298.mp4,tier1,cuda,nvenc,cutfix_full_tier1_20260729_01
iu0unbhbX-k_s0000607298_e0000610878,iu0unbhbX-k,607.298,610.878,3.58,1.0,1.0,1.91,/kaggle/working/cut_cutfix_full_tier1_20260729_01/tier1/200_250/media/iu0unbhbX-k_s0000607298_e0000610878.mp4,tier1,cuda,nvenc,cutfix_full_tier1_20260729_01
iu0unbhbX-k_s0000611202_e0000618398,iu0unbhbX-k,611.202,618.398,7.196,1.0,1.0,0.39,/kaggle/working/cut_cutfix_full_tier1_20260729_01/tier1/200_250/media/iu0unbhbX-k_s0000611202_e0000618398.mp4,tier1,cuda,nvenc,cutfix_full_tier1_20260729_01
iu0unbhbX-k_s0000618498_e0000622430,iu0unbhbX-k,618.498,622.43,3.932,1.0,1.0,-0.55,/kaggle/working/cut_cutfix_full_tier1_20260729_01/tier1/200_250/media/iu0unbhbX-k_s0000618498_e0000622430.mp4,tier1,cuda,nvenc,cutfix_full_tier1_20260729_01
iu0unbhbX-k_s0000622658_e0000626654,iu0unbhbX-k,622.658,626.654,3.996,1.0,1.0,0.44,/kaggle/working/cut_cutfix_full_tier1_20260729_01/tier1/200_250/media/iu0unbhbX-k_s0000622658_e0000626654.mp4,tier1,cuda,nvenc,cutfix_full_tier1_20260729_01
iu0unbhbX-k_s0000626818_e0000632670,iu0unbhbX-k,626.818,632.67,5.852,1.0,1.0,1.64,/kaggle/working/cut_cutfix_full_tier1_20260729_01/tier1/200_250/media/iu0unbhbX-k_s0000626818_e0000632670.mp4,tier1,cuda,nvenc,cutfix_full_tier1_20260729_01
iu0unbhbX-k_s0000634082_e0000639082,iu0unbhbX-k,634.082,639.082,5.0,1.0,1.0,1.71,/kaggle/working/cut_cutfix_full_tier1_20260729_01/tier1/200_250/media/iu0unbhbX-k_s0000634082_e0000639082.mp4,tier1,cuda,nvenc,cutfix_full_tier1_20260729_01
iu0unbhbX-k_s0000638082_e0000643082,iu0unbhbX-k,638.082,643.082,5.0,1.0,1.0,1.54,/kaggle/working/cut_cutfix_full_tier1_20260729_01/tier1/200_250/media/iu0unbhbX-k_s0000638082_e0000643082.mp4,tier1,cuda,nvenc,cutfix_full_tier1_20260729_01
iu0unbhbX-k_s0000642082_e0000647082,iu0unbhbX-k,642.082,647.082,5.0,1.0,1.0,0.49,/kaggle/working/cut_cutfix_full_tier1_20260729_01/tier1/200_250/media/iu0unbhbX-k_s0000642082_e0000647082.mp4,tier1,cuda,nvenc,cutfix_full_tier1_20260729_01
iu0unbhbX-k_s0000648258_e0000651998,iu0unbhbX-k,648.258,651.998,3.74,1.0,1.0,2.02,/kaggle/working/cut_cutfix_full_tier1_20260729_01/tier1/200_250/media/iu0unbhbX-k_s0000648258_e0000651998.mp4,tier1,cuda,nvenc,cutfix_full_tier1_20260729_01
iu0unbhbX-k_s0000652418_e0000662910,iu0unbhbX-k,652.418,662.91,10.492,1.0,1.0,2.01,/kaggle/working/cut_cutfix_full_tier1_20260729_01/tier1/200_250/media/iu0unbhbX-k_s0000652418_e0000662910.mp4,tier1,cuda,nvenc,cutfix_full_tier1_20260729_01
iu0unbhbX-k_s0000663042_e0000668042,iu0unbhbX-k,663.042,668.042,5.0,1.0,1.0,2.44,/kaggle/working/cut_cutfix_full_tier1_20260729_01/tier1/200_250/media/iu0unbhbX-k_s0000663042_e0000668042.mp4,tier1,cuda,nvenc,cutfix_full_tier1_20260729_01
iu0unbhbX-k_s0000667042_e0000672042,iu0unbhbX-k,667.042,672.042,5.0,1.0,1.0,1.15,/kaggle/working/cut_cutfix_full_tier1_20260729_01/tier1/200_250/media/iu0unbhbX-k_s0000667042_e0000672042.mp4,tier1,cuda,nvenc,cutfix_full_tier1_20260729_01
iu0unbhbX-k_s0000671042_e0000676042,iu0unbhbX-k,671.042,676.042,5.0,1.0,1.0,1.2,/kaggle/working/cut_cutfix_full_tier1_20260729_01/tier1/200_250/media/iu0unbhbX-k_s0000671042_e0000676042.mp4,tier1,cuda,nvenc,cutfix_full_tier1_20260729_01
iu0unbhbX-k_s0000675042_e0000680042,iu0unbhbX-k,675.042,680.042,5.0,1.0,1.0,1.14,/kaggle/working/cut_cutfix_full_tier1_20260729_01/tier1/200_250/media/iu0unbhbX-k_s0000675042_e0000680042.mp4,tier1,cuda,nvenc,cutfix_full_tier1_20260729_01
iu0unbhbX-k_s0000692898_e0000695518,iu0unbhbX-k,692.898,695.518,2.62,1.0,1.0,5.42,/kaggle/working/cut_cutfix_full_tier1_20260729_01/tier1/200_250/media/iu0unbhbX-k_s0000692898_e0000695518.mp4,tier1,cuda,nvenc,cutfix_full_tier1_20260729_01
iu0unbhbX-k_s0000696194_e0000703230,iu0unbhbX-k,696.194,703.23,7.036,1.0,1.0,2.71,/kaggle/working/cut_cutfix_full_tier1_20260729_01/tier1/200_250/media/iu0unbhbX-k_s0000696194_e0000703230.mp4,tier1,cuda,nvenc,cutfix_full_tier1_20260729_01
iu0unbhbX-k_s0000703426_e0000712350,iu0unbhbX-k,703.426,712.35,8.924,0.889,1.0,2.11,/kaggle/working/cut_cutfix_full_tier1_20260729_01/tier1/200_250/media/iu0unbhbX-k_s0000703426_e0000712350.mp4,tier1,cuda,nvenc,cutfix_full_tier1_20260729_01
iu0unbhbX-k_s0000712738_e0000717738,iu0unbhbX-k,712.738,717.738,5.0,1.0,1.0,2.03,/kaggle/working/cut_cutfix_full_tier1_20260729_01/tier1/200_250/media/iu0unbhbX-k_s0000712738_e0000717738.mp4,tier1,cuda,nvenc,cutfix_full_tier1_20260729_01
iu0unbhbX-k_s0000720738_e0000724894,iu0unbhbX-k,720.738,724.894,4.156,0.75,1.0,0.82,/kaggle/working/cut_cutfix_full_tier1_20260729_01/tier1/200_250/media/iu0unbhbX-k_s0000720738_e0000724894.mp4,tier1,cuda,nvenc,cutfix_full_tier1_20260729_01
iu0unbhbX-k_s0000725282_e0000730282,iu0unbhbX-k,725.282,730.282,5.0,0.8,1.0,1.36,/kaggle/working/cut_cutfix_full_tier1_20260729_01/tier1/200_250/media/iu0unbhbX-k_s0000725282_e0000730282.mp4,tier1,cuda,nvenc,cutfix_full_tier1_20260729_01
iu0unbhbX-k_s0000729282_e0000734282,iu0unbhbX-k,729.282,734.282,5.0,0.8,1.0,0.89,/kaggle/working/cut_cutfix_full_tier1_20260729_01/tier1/200_250/media/iu0unbhbX-k_s0000729282_e0000734282.mp4,tier1,cuda,nvenc,cutfix_full_tier1_20260729_01
iu0unbhbX-k_s0000733282_e0000738282,iu0unbhbX-k,733.282,738.282,5.0,1.0,1.0,1.6,/kaggle/working/cut_cutfix_full_tier1_20260729_01/tier1/200_250/media/iu0unbhbX-k_s0000733282_e0000738282.mp4,tier1,cuda,nvenc,cutfix_full_tier1_20260729_01
iu0unbhbX-k_s0000737282_e0000741822,iu0unbhbX-k,737.282,741.822,4.54,1.0,1.0,1.77,/kaggle/working/cut_cutfix_full_tier1_20260729_01/tier1/200_250/media/iu0unbhbX-k_s0000737282_e0000741822.mp4,tier1,cuda,nvenc,cutfix_full_tier1_20260729_01
iu0unbhbX-k_s0000741986_e0000746986,iu0unbhbX-k,741.986,746.986,5.0,1.0,1.0,2.25,/kaggle/working/cut_cutfix_full_tier1_20260729_01/tier1/200_250/media/iu0unbhbX-k_s0000741986_e0000746986.mp4,tier1,cuda,nvenc,cutfix_full_tier1_20260729_01
iu0unbhbX-k_s0000749986_e0000754986,iu0unbhbX-k,749.986,754.986,5.0,1.0,1.0,1.44,/kaggle/working/cut_cutfix_full_tier1_20260729_01/tier1/200_250/media/iu0unbhbX-k_s0000749986_e0000754986.mp4,tier1,cuda,nvenc,cutfix_full_tier1_20260729_01
iu0unbhbX-k_s0000753986_e0000758986,iu0unbhbX-k,753.986,758.986,5.0,1.0,1.0,1.87,/kaggle/working/cut_cutfix_full_tier1_20260729_01/tier1/200_250/media/iu0unbhbX-k_s0000753986_e0000758986.mp4,tier1,cuda,nvenc,cutfix_full_tier1_20260729_01
iu0unbhbX-k_s0000757986_e0000761758,iu0unbhbX-k,757.986,761.758,3.772,1.0,1.0,-0.1,/kaggle/working/cut_cutfix_full_tier1_20260729_01/tier1/200_250/media/iu0unbhbX-k_s0000757986_e0000761758.mp4,tier1,cuda,nvenc,cutfix_full_tier1_20260729_01
iu0unbhbX-k_s0000762114_e0000769854,iu0unbhbX-k,762.114,769.854,7.74,1.0,1.0,0.62,/kaggle/working/cut_cutfix_full_tier1_20260729_01/tier1/200_250/media/iu0unbhbX-k_s0000762114_e0000769854.mp4,tier1,cuda,nvenc,cutfix_full_tier1_20260729_01
iu0unbhbX-k_s0000775202_e0000782526,iu0unbhbX-k,775.202,782.526,7.324,1.0,1.0,1.03,/kaggle/working/cut_cutfix_full_tier1_20260729_01/tier1/200_250/media/iu0unbhbX-k_s0000775202_e0000782526.mp4,tier1,cuda,nvenc,cutfix_full_tier1_20260729_01
iu0unbhbX-k_s0000782626_e0000790814,iu0unbhbX-k,782.626,790.814,8.188,0.75,1.0,1.19,/kaggle/working/cut_cutfix_full_tier1_20260729_01/tier1/200_250/media/iu0unbhbX-k_s0000782626_e0000790814.mp4,tier1,cuda,nvenc,cutfix_full_tier1_20260729_01
iu0unbhbX-k_s0000791074_e0000796958,iu0unbhbX-k,791.074,796.958,5.884,1.0,1.0,0.76,/kaggle/working/cut_cutfix_full_tier1_20260729_01/tier1/200_250/media/iu0unbhbX-k_s0000791074_e0000796958.mp4,tier1,cuda,nvenc,cutfix_full_tier1_20260729_01
iu0unbhbX-k_s0000797122_e0000802718,iu0unbhbX-k,797.122,802.718,5.596,0.8,1.0,1.11,/kaggle/working/cut_cutfix_full_tier1_20260729_01/tier1/200_250/media/iu0unbhbX-k_s0000797122_e0000802718.mp4,tier1,cuda,nvenc,cutfix_full_tier1_20260729_01
iu0unbhbX-k_s0000803074_e0000806846,iu0unbhbX-k,803.074,806.846,3.772,1.0,1.0,1.43,/kaggle/working/cut_cutfix_full_tier1_20260729_01/tier1/200_250/media/iu0unbhbX-k_s0000803074_e0000806846.mp4,tier1,cuda,nvenc,cutfix_full_tier1_20260729_01
j1KheeAxYbQ_s0000068290_e0000070782,j1KheeAxYbQ,68.29,70.782,2.492,1.0,1.0,7.76,/kaggle/working/cut_cutfix_full_tier1_20260729_01/tier1/200_250/media/j1KheeAxYbQ_s0000068290_e0000070782.mp4,tier1,cuda,nvenc,cutfix_full_tier1_20260729_01
j1KheeAxYbQ_s0000096514_e0000098782,j1KheeAxYbQ,96.514,98.782,2.268,1.0,1.0,4.75,/kaggle/working/cut_cutfix_full_tier1_20260729_01/tier1/200_250/media/j1KheeAxYbQ_s0000096514_e0000098782.mp4,tier1,cuda,nvenc,cutfix_full_tier1_20260729_01
j1KheeAxYbQ_s0000103330_e0000105374,j1KheeAxYbQ,103.33,105.374,2.044,1.0,1.0,4.8,/kaggle/working/cut_cutfix_full_tier1_20260729_01/tier1/200_250/media/j1KheeAxYbQ_s0000103330_e0000105374.mp4,tier1,cuda,nvenc,cutfix_full_tier1_20260729_01
j1KheeAxYbQ_s0000110850_e0000114334,j1KheeAxYbQ,110.85,114.334,3.484,1.0,1.0,3.74,/kaggle/working/cut_cutfix_full_tier1_20260729_01/tier1/200_250/media/j1KheeAxYbQ_s0000110850_e0000114334.mp4,tier1,cuda,nvenc,cutfix_full_tier1_20260729_01
j1KheeAxYbQ_s0000136162_e0000139550,j1KheeAxYbQ,136.162,139.55,3.388,1.0,1.0,4.67,/kaggle/working/cut_cutfix_full_tier1_20260729_01/tier1/200_250/media/j1KheeAxYbQ_s0000136162_e0000139550.mp4,tier1,cuda,nvenc,cutfix_full_tier1_20260729_01
j1KheeAxYbQ_s0000141314_e0000143742,j1KheeAxYbQ,141.314,143.742,2.428,1.0,1.0,6.64,/kaggle/working/cut_cutfix_full_tier1_20260729_01/tier1/200_250/media/j1KheeAxYbQ_s0000141314_e0000143742.mp4,tier1,cuda,nvenc,cutfix_full_tier1_20260729_01
j1KheeAxYbQ_s0000144962_e0000150014,j1KheeAxYbQ,144.962,150.014,5.052,1.0,1.0,5.58,/kaggle/working/cut_cutfix_full_tier1_20260729_01/tier1/200_250/media/j1KheeAxYbQ_s0000144962_e0000150014.mp4,tier1,cuda,nvenc,cutfix_full_tier1_20260729_01
j1KheeAxYbQ_s0000150242_e0000152510,j1KheeAxYbQ,150.242,152.51,2.268,1.0,1.0,6.51,/kaggle/working/cut_cutfix_full_tier1_20260729_01/tier1/200_250/media/j1KheeAxYbQ_s0000150242_e0000152510.mp4,tier1,cuda,nvenc,cutfix_full_tier1_20260729_01
j1KheeAxYbQ_s0000153154_e0000156062,j1KheeAxYbQ,153.154,156.062,2.908,1.0,1.0,7.73,/kaggle/working/cut_cutfix_full_tier1_20260729_01/tier1/200_250/media/j1KheeAxYbQ_s0000153154_e0000156062.mp4,tier1,cuda,nvenc,cutfix_full_tier1_20260729_01
j1KheeAxYbQ_s0000171138_e0000173342,j1KheeAxYbQ,171.138,173.342,2.204,1.0,1.0,7.57,/kaggle/working/cut_cutfix_full_tier1_20260729_01/tier1/200_250/media/j1KheeAxYbQ_s0000171138_e0000173342.mp4,tier1,cuda,nvenc,cutfix_full_tier1_20260729_01
j1KheeAxYbQ_s0000194562_e0000199562,j1KheeAxYbQ,194.562,199.562,5.0,1.0,1.0,6.87,/kaggle/working/cut_cutfix_full_tier1_20260729_01/tier1/200_250/media/j1KheeAxYbQ_s0000194562_e0000199562.mp4,tier1,cuda,nvenc,cutfix_full_tier1_20260729_01
j1KheeAxYbQ_s0000198562_e0000203562,j1KheeAxYbQ,198.562,203.562,5.0,1.0,1.0,5.23,/kaggle/working/cut_cutfix_full_tier1_20260729_01/tier1/200_250/media/j1KheeAxYbQ_s0000198562_e0000203562.mp4,tier1,cuda,nvenc,cutfix_full_tier1_20260729_01
j1KheeAxYbQ_s0000202562_e0000206686,j1KheeAxYbQ,202.562,206.686,4.124,1.0,1.0,5.08,/kaggle/working/cut_cutfix_full_tier1_20260729_01/tier1/200_250/media/j1KheeAxYbQ_s0000202562_e0000206686.mp4,tier1,cuda,nvenc,cutfix_full_tier1_20260729_01
j1KheeAxYbQ_s0000212802_e0000218974,j1KheeAxYbQ,212.802,218.974,6.172,1.0,1.0,6.45,/kaggle/working/cut_cutfix_full_tier1_20260729_01/tier1/200_250/media/j1KheeAxYbQ_s0000212802_e0000218974.mp4,tier1,cuda,nvenc,cutfix_full_tier1_20260729_01
j1KheeAxYbQ_s0000222626_e0000225182,j1KheeAxYbQ,222.626,225.182,2.556,1.0,1.0,7.14,/kaggle/working/cut_cutfix_full_tier1_20260729_01/tier1/200_250/media/j1KheeAxYbQ_s0000222626_e0000225182.mp4,tier1,cuda,nvenc,cutfix_full_tier1_20260729_01
j1KheeAxYbQ_s0000244322_e0000249322,j1KheeAxYbQ,244.322,249.322,5.0,1.0,1.0,7.01,/kaggle/working/cut_cutfix_full_tier1_20260729_01/tier1/200_250/media/j1KheeAxYbQ_s0000244322_e0000249322.mp4,tier1,cuda,nvenc,cutfix_full_tier1_20260729_01
j1KheeAxYbQ_s0000275394_e0000280542,j1KheeAxYbQ,275.394,280.542,5.148,1.0,1.0,7.2,/kaggle/working/cut_cutfix_full_tier1_20260729_01/tier1/200_250/media/j1KheeAxYbQ_s0000275394_e0000280542.mp4,tier1,cuda,nvenc,cutfix_full_tier1_20260729_01
j1KheeAxYbQ_s0000292002_e0000296894,j1KheeAxYbQ,292.002,296.894,4.892,1.0,1.0,7.02,/kaggle/working/cut_cutfix_full_tier1_20260729_01/tier1/200_250/media/j1KheeAxYbQ_s0000292002_e0000296894.mp4,tier1,cuda,nvenc,cutfix_full_tier1_20260729_01
j1KheeAxYbQ_s0000308994_e0000311806,j1KheeAxYbQ,308.994,311.806,2.812,1.0,1.0,4.42,/kaggle/working/cut_cutfix_full_tier1_20260729_01/tier1/200_250/media/j1KheeAxYbQ_s0000308994_e0000311806.mp4,tier1,cuda,nvenc,cutfix_full_tier1_20260729_01
j1KheeAxYbQ_s0000312002_e0000314334,j1KheeAxYbQ,312.002,314.334,2.332,1.0,1.0,6.74,/kaggle/working/cut_cutfix_full_tier1_20260729_01/tier1/200_250/media/j1KheeAxYbQ_s0000312002_e0000314334.mp4,tier1,cuda,nvenc,cutfix_full_tier1_20260729_01
j1KheeAxYbQ_s0000314626_e0000317406,j1KheeAxYbQ,314.626,317.406,2.78,1.0,1.0,6.86,/kaggle/working/cut_cutfix_full_tier1_20260729_01/tier1/200_250/media/j1KheeAxYbQ_s0000314626_e0000317406.mp4,tier1,cuda,nvenc,cutfix_full_tier1_20260729_01
j1KheeAxYbQ_s0000334530_e0000339038,j1KheeAxYbQ,334.53,339.038,4.508,1.0,1.0,5.9,/kaggle/working/cut_cutfix_full_tier1_20260729_01/tier1/200_250/media/j1KheeAxYbQ_s0000334530_e0000339038.mp4,tier1,cuda,nvenc,cutfix_full_tier1_20260729_01
j1KheeAxYbQ_s0000339234_e0000342334,j1KheeAxYbQ,339.234,342.334,3.1,1.0,1.0,5.62,/kaggle/working/cut_cutfix_full_tier1_20260729_01/tier1/200_250/media/j1KheeAxYbQ_s0000339234_e0000342334.mp4,tier1,cuda,nvenc,cutfix_full_tier1_20260729_01
j1KheeAxYbQ_s0000343170_e0000345278,j1KheeAxYbQ,343.17,345.278,2.108,1.0,1.0,8.24,/kaggle/working/cut_cutfix_full_tier1_20260729_01/tier1/200_250/media/j1KheeAxYbQ_s0000343170_e0000345278.mp4,tier1,cuda,nvenc,cutfix_full_tier1_20260729_01
j1KheeAxYbQ_s0000364578_e0000366686,j1KheeAxYbQ,364.578,366.686,2.108,1.0,1.0,4.79,/kaggle/working/cut_cutfix_full_tier1_20260729_01/tier1/200_250/media/j1KheeAxYbQ_s0000364578_e0000366686.mp4,tier1,cuda,nvenc,cutfix_full_tier1_20260729_01
j1KheeAxYbQ_s0000385218_e0000387710,j1KheeAxYbQ,385.218,387.71,2.492,1.0,1.0,5.45,/kaggle/working/cut_cutfix_full_tier1_20260729_01/tier1/200_250/media/j1KheeAxYbQ_s0000385218_e0000387710.mp4,tier1,cuda,nvenc,cutfix_full_tier1_20260729_01
j1KheeAxYbQ_s0000398818_e0000402622,j1KheeAxYbQ,398.818,402.622,3.804,1.0,1.0,7.42,/kaggle/working/cut_cutfix_full_tier1_20260729_01/tier1/200_250/media/j1KheeAxYbQ_s0000398818_e0000402622.mp4,tier1,cuda,nvenc,cutfix_full_tier1_20260729_01
j1KheeAxYbQ_s0000468738_e0000471710,j1KheeAxYbQ,468.738,471.71,2.972,1.0,1.0,6.49,/kaggle/working/cut_cutfix_full_tier1_20260729_01/tier1/200_250/media/j1KheeAxYbQ_s0000468738_e0000471710.mp4,tier1,cuda,nvenc,cutfix_full_tier1_20260729_01
j1KheeAxYbQ_s0000479106_e0000481854,j1KheeAxYbQ,479.106,481.854,2.748,1.0,1.0,7.44,/kaggle/working/cut_cutfix_full_tier1_20260729_01/tier1/200_250/media/j1KheeAxYbQ_s0000479106_e0000481854.mp4,tier1,cuda,nvenc,cutfix_full_tier1_20260729_01
j1KheeAxYbQ_s0000525122_e0000530654,j1KheeAxYbQ,525.122,530.654,5.532,1.0,1.0,4.03,/kaggle/working/cut_cutfix_full_tier1_20260729_01/tier1/200_250/media/j1KheeAxYbQ_s0000525122_e0000530654.mp4,tier1,cuda,nvenc,cutfix_full_tier1_20260729_01
j1KheeAxYbQ_s0000609218_e0000612094,j1KheeAxYbQ,609.218,612.094,2.876,1.0,1.0,7.91,/kaggle/working/cut_cutfix_full_tier1_20260729_01/tier1/200_250/media/j1KheeAxYbQ_s0000609218_e0000612094.mp4,tier1,cuda,nvenc,cutfix_full_tier1_20260729_01
j1KheeAxYbQ_s0000617154_e0000620222,j1KheeAxYbQ,617.154,620.222,3.068,1.0,1.0,7.81,/kaggle/working/cut_cutfix_full_tier1_20260729_01/tier1/200_250/media/j1KheeAxYbQ_s0000617154_e0000620222.mp4,tier1,cuda,nvenc,cutfix_full_tier1_20260729_01
j1KheeAxYbQ_s0000636290_e0000639518,j1KheeAxYbQ,636.29,639.518,3.228,1.0,1.0,6.91,/kaggle/working/cut_cutfix_full_tier1_20260729_01/tier1/200_250/media/j1KheeAxYbQ_s0000636290_e0000639518.mp4,tier1,cuda,nvenc,cutfix_full_tier1_20260729_01
j1KheeAxYbQ_s0000669026_e0000671294,j1KheeAxYbQ,669.026,671.294,2.268,1.0,1.0,8.45,/kaggle/working/cut_cutfix_full_tier1_20260729_01/tier1/200_250/media/j1KheeAxYbQ_s0000669026_e0000671294.mp4,tier1,cuda,nvenc,cutfix_full_tier1_20260729_01
j1KheeAxYbQ_s0000675010_e0000678366,j1KheeAxYbQ,675.01,678.366,3.356,1.0,1.0,7.68,/kaggle/working/cut_cutfix_full_tier1_20260729_01/tier1/200_250/media/j1KheeAxYbQ_s0000675010_e0000678366.mp4,tier1,cuda,nvenc,cutfix_full_tier1_20260729_01
j1KheeAxYbQ_s0000695842_e0000697886,j1KheeAxYbQ,695.842,697.886,2.044,1.0,1.0,4.81,/kaggle/working/cut_cutfix_full_tier1_20260729_01/tier1/200_250/media/j1KheeAxYbQ_s0000695842_e0000697886.mp4,tier1,cuda,nvenc,cutfix_full_tier1_20260729_01
j1KheeAxYbQ_s0000719010_e0000721790,j1KheeAxYbQ,719.01,721.79,2.78,1.0,1.0,7.3,/kaggle/working/cut_cutfix_full_tier1_20260729_01/tier1/200_250/media/j1KheeAxYbQ_s0000719010_e0000721790.mp4,tier1,cuda,nvenc,cutfix_full_tier1_20260729_01
j1KheeAxYbQ_s0000755682_e0000758366,j1KheeAxYbQ,755.682,758.366,2.684,1.0,1.0,5.79,/kaggle/working/cut_cutfix_full_tier1_20260729_01/tier1/200_250/media/j1KheeAxYbQ_s0000755682_e0000758366.mp4,tier1,cuda,nvenc,cutfix_full_tier1_20260729_01
j1KheeAxYbQ_s0000777986_e0000782334,j1KheeAxYbQ,777.986,782.334,4.348,1.0,1.0,8.22,/kaggle/working/cut_cutfix_full_tier1_20260729_01/tier1/200_250/media/j1KheeAxYbQ_s0000777986_e0000782334.mp4,tier1,cuda,nvenc,cutfix_full_tier1_20260729_01
j1KheeAxYbQ_s0000782658_e0000787486,j1KheeAxYbQ,782.658,787.486,4.828,0.8,1.0,6.24,/kaggle/working/cut_cutfix_full_tier1_20260729_01/tier1/200_250/media/j1KheeAxYbQ_s0000782658_e0000787486.mp4,tier1,cuda,nvenc,cutfix_full_tier1_20260729_01
j1KheeAxYbQ_s0000806370_e0000809502,j1KheeAxYbQ,806.37,809.502,3.132,1.0,1.0,5.04,/kaggle/working/cut_cutfix_full_tier1_20260729_01/tier1/200_250/media/j1KheeAxYbQ_s0000806370_e0000809502.mp4,tier1,cuda,nvenc,cutfix_full_tier1_20260729_01
j1KheeAxYbQ_s0000821250_e0000824286,j1KheeAxYbQ,821.25,824.286,3.036,1.0,1.0,6.57,/kaggle/working/cut_cutfix_full_tier1_20260729_01/tier1/200_250/media/j1KheeAxYbQ_s0000821250_e0000824286.mp4,tier1,cuda,nvenc,cutfix_full_tier1_20260729_01
j1KheeAxYbQ_s0000829378_e0000833790,j1KheeAxYbQ,829.378,833.79,4.412,1.0,1.0,5.86,/kaggle/working/cut_cutfix_full_tier1_20260729_01/tier1/200_250/media/j1KheeAxYbQ_s0000829378_e0000833790.mp4,tier1,cuda,nvenc,cutfix_full_tier1_20260729_01
j1KheeAxYbQ_s0000840130_e0000842782,j1KheeAxYbQ,840.13,842.782,2.652,1.0,1.0,5.08,/kaggle/working/cut_cutfix_full_tier1_20260729_01/tier1/200_250/media/j1KheeAxYbQ_s0000840130_e0000842782.mp4,tier1,cuda,nvenc,cutfix_full_tier1_20260729_01
j1KheeAxYbQ_s0000856578_e0000858750,j1KheeAxYbQ,856.578,858.75,2.172,1.0,1.0,7.17,/kaggle/working/cut_cutfix_full_tier1_20260729_01/tier1/200_250/media/j1KheeAxYbQ_s0000856578_e0000858750.mp4,tier1,cuda,nvenc,cutfix_full_tier1_20260729_01
j1KheeAxYbQ_s0000858946_e0000863946,j1KheeAxYbQ,858.946,863.946,5.0,1.0,1.0,7.2,/kaggle/working/cut_cutfix_full_tier1_20260729_01/tier1/200_250/media/j1KheeAxYbQ_s0000858946_e0000863946.mp4,tier1,cuda,nvenc,cutfix_full_tier1_20260729_01
j1KheeAxYbQ_s0000896482_e0000903166,j1KheeAxYbQ,896.482,903.166,6.684,1.0,1.0,7.79,/kaggle/working/cut_cutfix_full_tier1_20260729_01/tier1/200_250/media/j1KheeAxYbQ_s0000896482_e0000903166.mp4,tier1,cuda,nvenc,cutfix_full_tier1_20260729_01
j1KheeAxYbQ_s0000906946_e0000909502,j1KheeAxYbQ,906.946,909.502,2.556,1.0,1.0,4.57,/kaggle/working/cut_cutfix_full_tier1_20260729_01/tier1/200_250/media/j1KheeAxYbQ_s0000906946_e0000909502.mp4,tier1,cuda,nvenc,cutfix_full_tier1_20260729_01
j1KheeAxYbQ_s0000927938_e0000930686,j1KheeAxYbQ,927.938,930.686,2.748,1.0,1.0,5.39,/kaggle/working/cut_cutfix_full_tier1_20260729_01/tier1/200_250/media/j1KheeAxYbQ_s0000927938_e0000930686.mp4,tier1,cuda,nvenc,cutfix_full_tier1_20260729_01
j1KheeAxYbQ_s0000933506_e0000936382,j1KheeAxYbQ,933.506,936.382,2.876,1.0,1.0,4.15,/kaggle/working/cut_cutfix_full_tier1_20260729_01/tier1/200_250/media/j1KheeAxYbQ_s0000933506_e0000936382.mp4,tier1,cuda,nvenc,cutfix_full_tier1_20260729_01
j1KheeAxYbQ_s0000950146_e0000958462,j1KheeAxYbQ,950.146,958.462,8.316,1.0,1.0,8.83,/kaggle/working/cut_cutfix_full_tier1_20260729_01/tier1/200_250/media/j1KheeAxYbQ_s0000950146_e0000958462.mp4,tier1,cuda,nvenc,cutfix_full_tier1_20260729_01
j1KheeAxYbQ_s0000992802_e0000995326,j1KheeAxYbQ,992.802,995.326,2.524,1.0,1.0,5.71,/kaggle/working/cut_cutfix_full_tier1_20260729_01/tier1/200_250/media/j1KheeAxYbQ_s0000992802_e0000995326.mp4,tier1,cuda,nvenc,cutfix_full_tier1_20260729_01
j1KheeAxYbQ_s0000997090_e0001001790,j1KheeAxYbQ,997.09,1001.79,4.7,1.0,1.0,4.58,/kaggle/working/cut_cutfix_full_tier1_20260729_01/tier1/200_250/media/j1KheeAxYbQ_s0000997090_e0001001790.mp4,tier1,cuda,nvenc,cutfix_full_tier1_20260729_01
j1KheeAxYbQ_s0001001986_e0001004926,j1KheeAxYbQ,1001.986,1004.926,2.94,1.0,1.0,6.87,/kaggle/working/cut_cutfix_full_tier1_20260729_01/tier1/200_250/media/j1KheeAxYbQ_s0001001986_e0001004926.mp4,tier1,cuda,nvenc,cutfix_full_tier1_20260729_01
j1KheeAxYbQ_s0001006402_e0001008606,j1KheeAxYbQ,1006.402,1008.606,2.204,1.0,1.0,5.56,/kaggle/working/cut_cutfix_full_tier1_20260729_01/tier1/200_250/media/j1KheeAxYbQ_s0001006402_e0001008606.mp4,tier1,cuda,nvenc,cutfix_full_tier1_20260729_01
j1KheeAxYbQ_s0001008802_e0001012830,j1KheeAxYbQ,1008.802,1012.83,4.028,1.0,1.0,5.89,/kaggle/working/cut_cutfix_full_tier1_20260729_01/tier1/200_250/media/j1KheeAxYbQ_s0001008802_e0001012830.mp4,tier1,cuda,nvenc,cutfix_full_tier1_20260729_01
jDa1sgPlVYM_s0000013794_e0000022110,jDa1sgPlVYM,13.794,22.11,8.316,1.0,1.0,7.08,/kaggle/working/cut_cutfix_full_tier1_20260729_01/tier1/200_250/media/jDa1sgPlVYM_s0000013794_e0000022110.mp4,tier1,cuda,nvenc,cutfix_full_tier1_20260729_01
jDa1sgPlVYM_s0000022242_e0000027070,jDa1sgPlVYM,22.242,27.07,4.828,1.0,1.0,8.73,/kaggle/working/cut_cutfix_full_tier1_20260729_01/tier1/200_250/media/jDa1sgPlVYM_s0000022242_e0000027070.mp4,tier1,cuda,nvenc,cutfix_full_tier1_20260729_01
jDa1sgPlVYM_s0000027234_e0000038430,jDa1sgPlVYM,27.234,38.43,11.196,1.0,1.0,5.74,/kaggle/working/cut_cutfix_full_tier1_20260729_01/tier1/200_250/media/jDa1sgPlVYM_s0000027234_e0000038430.mp4,tier1,cuda,nvenc,cutfix_full_tier1_20260729_01
jDa1sgPlVYM_s0000076546_e0000082494,jDa1sgPlVYM,76.546,82.494,5.948,1.0,1.0,9.58,/kaggle/working/cut_cutfix_full_tier1_20260729_01/tier1/200_250/media/jDa1sgPlVYM_s0000076546_e0000082494.mp4,tier1,cuda,nvenc,cutfix_full_tier1_20260729_01
jDa1sgPlVYM_s0000082914_e0000087806,jDa1sgPlVYM,82.914,87.806,4.892,1.0,1.0,6.32,/kaggle/working/cut_cutfix_full_tier1_20260729_01/tier1/200_250/media/jDa1sgPlVYM_s0000082914_e0000087806.mp4,tier1,cuda,nvenc,cutfix_full_tier1_20260729_01
jDa1sgPlVYM_s0000087938_e0000090302,jDa1sgPlVYM,87.938,90.302,2.364,1.0,1.0,8.51,/kaggle/working/cut_cutfix_full_tier1_20260729_01/tier1/200_250/media/jDa1sgPlVYM_s0000087938_e0000090302.mp4,tier1,cuda,nvenc,cutfix_full_tier1_20260729_01
jDa1sgPlVYM_s0000090466_e0000093086,jDa1sgPlVYM,90.466,93.086,2.62,1.0,1.0,4.82,/kaggle/working/cut_cutfix_full_tier1_20260729_01/tier1/200_250/media/jDa1sgPlVYM_s0000090466_e0000093086.mp4,tier1,cuda,nvenc,cutfix_full_tier1_20260729_01
jDa1sgPlVYM_s0000093250_e0000103326,jDa1sgPlVYM,93.25,103.326,10.076,1.0,1.0,5.42,/kaggle/working/cut_cutfix_full_tier1_20260729_01/tier1/200_250/media/jDa1sgPlVYM_s0000093250_e0000103326.mp4,tier1,cuda,nvenc,cutfix_full_tier1_20260729_01
jDa1sgPlVYM_s0000132322_e0000138558,jDa1sgPlVYM,132.322,138.558,6.236,1.0,1.0,7.31,/kaggle/working/cut_cutfix_full_tier1_20260729_01/tier1/200_250/media/jDa1sgPlVYM_s0000132322_e0000138558.mp4,tier1,cuda,nvenc,cutfix_full_tier1_20260729_01
jDa1sgPlVYM_s0000138722_e0000142814,jDa1sgPlVYM,138.722,142.814,4.092,1.0,1.0,7.35,/kaggle/working/cut_cutfix_full_tier1_20260729_01/tier1/200_250/media/jDa1sgPlVYM_s0000138722_e0000142814.mp4,tier1,cuda,nvenc,cutfix_full_tier1_20260729_01
jDa1sgPlVYM_s0000143074_e0000148542,jDa1sgPlVYM,143.074,148.542,5.468,1.0,1.0,5.32,/kaggle/working/cut_cutfix_full_tier1_20260729_01/tier1/200_250/media/jDa1sgPlVYM_s0000143074_e0000148542.mp4,tier1,cuda,nvenc,cutfix_full_tier1_20260729_01
jDa1sgPlVYM_s0000148674_e0000153674,jDa1sgPlVYM,148.674,153.674,5.0,1.0,1.0,6.64,/kaggle/working/cut_cutfix_full_tier1_20260729_01/tier1/200_250/media/jDa1sgPlVYM_s0000148674_e0000153674.mp4,tier1,cuda,nvenc,cutfix_full_tier1_20260729_01
jDa1sgPlVYM_s0000152674_e0000157674,jDa1sgPlVYM,152.674,157.674,5.0,1.0,1.0,5.39,/kaggle/working/cut_cutfix_full_tier1_20260729_01/tier1/200_250/media/jDa1sgPlVYM_s0000152674_e0000157674.mp4,tier1,cuda,nvenc,cutfix_full_tier1_20260729_01
jDa1sgPlVYM_s0000156674_e0000161674,jDa1sgPlVYM,156.674,161.674,5.0,1.0,1.0,4.8,/kaggle/working/cut_cutfix_full_tier1_20260729_01/tier1/200_250/media/jDa1sgPlVYM_s0000156674_e0000161674.mp4,tier1,cuda,nvenc,cutfix_full_tier1_20260729_01
jDa1sgPlVYM_s0000193762_e0000198762,jDa1sgPlVYM,193.762,198.762,5.0,1.0,1.0,8.55,/kaggle/working/cut_cutfix_full_tier1_20260729_01/tier1/200_250/media/jDa1sgPlVYM_s0000193762_e0000198762.mp4,tier1,cuda,nvenc,cutfix_full_tier1_20260729_01
jDa1sgPlVYM_s0000197762_e0000202762,jDa1sgPlVYM,197.762,202.762,5.0,1.0,1.0,8.54,/kaggle/working/cut_cutfix_full_tier1_20260729_01/tier1/200_250/media/jDa1sgPlVYM_s0000197762_e0000202762.mp4,tier1,cuda,nvenc,cutfix_full_tier1_20260729_01
jDa1sgPlVYM_s0000201762_e0000206762,jDa1sgPlVYM,201.762,206.762,5.0,1.0,1.0,7.57,/kaggle/working/cut_cutfix_full_tier1_20260729_01/tier1/200_250/media/jDa1sgPlVYM_s0000201762_e0000206762.mp4,tier1,cuda,nvenc,cutfix_full_tier1_20260729_01
jDa1sgPlVYM_s0000205762_e0000208542,jDa1sgPlVYM,205.762,208.542,2.78,1.0,1.0,5.0,/kaggle/working/cut_cutfix_full_tier1_20260729_01/tier1/200_250/media/jDa1sgPlVYM_s0000205762_e0000208542.mp4,tier1,cuda,nvenc,cutfix_full_tier1_20260729_01
jDa1sgPlVYM_s0000208738_e0000211806,jDa1sgPlVYM,208.738,211.806,3.068,1.0,1.0,5.74,/kaggle/working/cut_cutfix_full_tier1_20260729_01/tier1/200_250/media/jDa1sgPlVYM_s0000208738_e0000211806.mp4,tier1,cuda,nvenc,cutfix_full_tier1_20260729_01
jDa1sgPlVYM_s0000211906_e0000217470,jDa1sgPlVYM,211.906,217.47,5.564,1.0,1.0,4.93,/kaggle/working/cut_cutfix_full_tier1_20260729_01/tier1/200_250/media/jDa1sgPlVYM_s0000211906_e0000217470.mp4,tier1,cuda,nvenc,cutfix_full_tier1_20260729_01
jDa1sgPlVYM_s0000218882_e0000222238,jDa1sgPlVYM,218.882,222.238,3.356,1.0,1.0,6.45,/kaggle/working/cut_cutfix_full_tier1_20260729_01/tier1/200_250/media/jDa1sgPlVYM_s0000218882_e0000222238.mp4,tier1,cuda,nvenc,cutfix_full_tier1_20260729_01
jDa1sgPlVYM_s0000223906_e0000228446,jDa1sgPlVYM,223.906,228.446,4.54,1.0,1.0,5.65,/kaggle/working/cut_cutfix_full_tier1_20260729_01/tier1/200_250/media/jDa1sgPlVYM_s0000223906_e0000228446.mp4,tier1,cuda,nvenc,cutfix_full_tier1_20260729_01
jDa1sgPlVYM_s0000228578_e0000231198,jDa1sgPlVYM,228.578,231.198,2.62,1.0,1.0,4.85,/kaggle/working/cut_cutfix_full_tier1_20260729_01/tier1/200_250/media/jDa1sgPlVYM_s0000228578_e0000231198.mp4,tier1,cuda,nvenc,cutfix_full_tier1_20260729_01
jDa1sgPlVYM_s0000276482_e0000278878,jDa1sgPlVYM,276.482,278.878,2.396,1.0,1.0,4.38,/kaggle/working/cut_cutfix_full_tier1_20260729_01/tier1/200_250/media/jDa1sgPlVYM_s0000276482_e0000278878.mp4,tier1,cuda,nvenc,cutfix_full_tier1_20260729_01
jDa1sgPlVYM_s0000281602_e0000285566,jDa1sgPlVYM,281.602,285.566,3.964,1.0,1.0,5.32,/kaggle/working/cut_cutfix_full_tier1_20260729_01/tier1/200_250/media/jDa1sgPlVYM_s0000281602_e0000285566.mp4,tier1,cuda,nvenc,cutfix_full_tier1_20260729_01
jDa1sgPlVYM_s0000285666_e0000292862,jDa1sgPlVYM,285.666,292.862,7.196,1.0,1.0,6.07,/kaggle/working/cut_cutfix_full_tier1_20260729_01/tier1/200_250/media/jDa1sgPlVYM_s0000285666_e0000292862.mp4,tier1,cuda,nvenc,cutfix_full_tier1_20260729_01
jDa1sgPlVYM_s0000293122_e0000299006,jDa1sgPlVYM,293.122,299.006,5.884,1.0,1.0,5.78,/kaggle/working/cut_cutfix_full_tier1_20260729_01/tier1/200_250/media/jDa1sgPlVYM_s0000293122_e0000299006.mp4,tier1,cuda,nvenc,cutfix_full_tier1_20260729_01
jDa1sgPlVYM_s0000299202_e0000308446,jDa1sgPlVYM,299.202,308.446,9.244,1.0,1.0,5.47,/kaggle/working/cut_cutfix_full_tier1_20260729_01/tier1/200_250/media/jDa1sgPlVYM_s0000299202_e0000308446.mp4,tier1,cuda,nvenc,cutfix_full_tier1_20260729_01
jDa1sgPlVYM_s0000357986_e0000365982,jDa1sgPlVYM,357.986,365.982,7.996,1.0,1.0,3.62,/kaggle/working/cut_cutfix_full_tier1_20260729_01/tier1/200_250/media/jDa1sgPlVYM_s0000357986_e0000365982.mp4,tier1,cuda,nvenc,cutfix_full_tier1_20260729_01
jDa1sgPlVYM_s0000366274_e0000369566,jDa1sgPlVYM,366.274,369.566,3.292,1.0,1.0,4.91,/kaggle/working/cut_cutfix_full_tier1_20260729_01/tier1/200_250/media/jDa1sgPlVYM_s0000366274_e0000369566.mp4,tier1,cuda,nvenc,cutfix_full_tier1_20260729_01
jDa1sgPlVYM_s0000369698_e0000372574,jDa1sgPlVYM,369.698,372.574,2.876,1.0,1.0,3.88,/kaggle/working/cut_cutfix_full_tier1_20260729_01/tier1/200_250/media/jDa1sgPlVYM_s0000369698_e0000372574.mp4,tier1,cuda,nvenc,cutfix_full_tier1_20260729_01
jDa1sgPlVYM_s0000372802_e0000377886,jDa1sgPlVYM,372.802,377.886,5.084,1.0,1.0,4.64,/kaggle/working/cut_cutfix_full_tier1_20260729_01/tier1/200_250/media/jDa1sgPlVYM_s0000372802_e0000377886.mp4,tier1,cuda,nvenc,cutfix_full_tier1_20260729_01
jDa1sgPlVYM_s0000378018_e0000381950,jDa1sgPlVYM,378.018,381.95,3.932,1.0,1.0,5.1,/kaggle/working/cut_cutfix_full_tier1_20260729_01/tier1/200_250/media/jDa1sgPlVYM_s0000378018_e0000381950.mp4,tier1,cuda,nvenc,cutfix_full_tier1_20260729_01
jDa1sgPlVYM_s0000416258_e0000422654,jDa1sgPlVYM,416.258,422.654,6.396,1.0,1.0,3.19,/kaggle/working/cut_cutfix_full_tier1_20260729_01/tier1/200_250/media/jDa1sgPlVYM_s0000416258_e0000422654.mp4,tier1,cuda,nvenc,cutfix_full_tier1_20260729_01
jDa1sgPlVYM_s0000422978_e0000427902,jDa1sgPlVYM,422.978,427.902,4.924,1.0,1.0,4.66,/kaggle/working/cut_cutfix_full_tier1_20260729_01/tier1/200_250/media/jDa1sgPlVYM_s0000422978_e0000427902.mp4,tier1,cuda,nvenc,cutfix_full_tier1_20260729_01
jDa1sgPlVYM_s0000428226_e0000435262,jDa1sgPlVYM,428.226,435.262,7.036,1.0,1.0,4.6,/kaggle/working/cut_cutfix_full_tier1_20260729_01/tier1/200_250/media/jDa1sgPlVYM_s0000428226_e0000435262.mp4,tier1,cuda,nvenc,cutfix_full_tier1_20260729_01
jDa1sgPlVYM_s0000437442_e0000442910,jDa1sgPlVYM,437.442,442.91,5.468,1.0,1.0,6.73,/kaggle/working/cut_cutfix_full_tier1_20260729_01/tier1/200_250/media/jDa1sgPlVYM_s0000437442_e0000442910.mp4,tier1,cuda,nvenc,cutfix_full_tier1_20260729_01
jDa1sgPlVYM_s0000445282_e0000451198,jDa1sgPlVYM,445.282,451.198,5.916,1.0,1.0,5.3,/kaggle/working/cut_cutfix_full_tier1_20260729_01/tier1/200_250/media/jDa1sgPlVYM_s0000445282_e0000451198.mp4,tier1,cuda,nvenc,cutfix_full_tier1_20260729_01
jDa1sgPlVYM_s0000494082_e0000499082,jDa1sgPlVYM,494.082,499.082,5.0,1.0,1.0,6.92,/kaggle/working/cut_cutfix_full_tier1_20260729_01/tier1/200_250/media/jDa1sgPlVYM_s0000494082_e0000499082.mp4,tier1,cuda,nvenc,cutfix_full_tier1_20260729_01
jDa1sgPlVYM_s0000519170_e0000525630,jDa1sgPlVYM,519.17,525.63,6.46,1.0,1.0,6.46,/kaggle/working/cut_cutfix_full_tier1_20260729_01/tier1/200_250/media/jDa1sgPlVYM_s0000519170_e0000525630.mp4,tier1,cuda,nvenc,cutfix_full_tier1_20260729_01
jDa1sgPlVYM_s0000526050_e0000530622,jDa1sgPlVYM,526.05,530.622,4.572,1.0,1.0,5.9,/kaggle/working/cut_cutfix_full_tier1_20260729_01/tier1/200_250/media/jDa1sgPlVYM_s0000526050_e0000530622.mp4,tier1,cuda,nvenc,cutfix_full_tier1_20260729_01
jDa1sgPlVYM_s0000531010_e0000533726,jDa1sgPlVYM,531.01,533.726,2.716,1.0,1.0,5.84,/kaggle/working/cut_cutfix_full_tier1_20260729_01/tier1/200_250/media/jDa1sgPlVYM_s0000531010_e0000533726.mp4,tier1,cuda,nvenc,cutfix_full_tier1_20260729_01
jDa1sgPlVYM_s0000538370_e0000543370,jDa1sgPlVYM,538.37,543.37,5.0,1.0,1.0,7.49,/kaggle/working/cut_cutfix_full_tier1_20260729_01/tier1/200_250/media/jDa1sgPlVYM_s0000538370_e0000543370.mp4,tier1,cuda,nvenc,cutfix_full_tier1_20260729_01
jDa1sgPlVYM_s0000542370_e0000547370,jDa1sgPlVYM,542.37,547.37,5.0,1.0,1.0,3.89,/kaggle/working/cut_cutfix_full_tier1_20260729_01/tier1/200_250/media/jDa1sgPlVYM_s0000542370_e0000547370.mp4,tier1,cuda,nvenc,cutfix_full_tier1_20260729_01
jDa1sgPlVYM_s0000546370_e0000551370,jDa1sgPlVYM,546.37,551.37,5.0,1.0,1.0,3.94,/kaggle/working/cut_cutfix_full_tier1_20260729_01/tier1/200_250/media/jDa1sgPlVYM_s0000546370_e0000551370.mp4,tier1,cuda,nvenc,cutfix_full_tier1_20260729_01
jDa1sgPlVYM_s0000550370_e0000554750,jDa1sgPlVYM,550.37,554.75,4.38,1.0,1.0,3.56,/kaggle/working/cut_cutfix_full_tier1_20260729_01/tier1/200_250/media/jDa1sgPlVYM_s0000550370_e0000554750.mp4,tier1,cuda,nvenc,cutfix_full_tier1_20260729_01
jDa1sgPlVYM_s0000554914_e0000560830,jDa1sgPlVYM,554.914,560.83,5.916,1.0,1.0,4.78,/kaggle/working/cut_cutfix_full_tier1_20260729_01/tier1/200_250/media/jDa1sgPlVYM_s0000554914_e0000560830.mp4,tier1,cuda,nvenc,cutfix_full_tier1_20260729_01
jDa1sgPlVYM_s0000560930_e0000565406,jDa1sgPlVYM,560.93,565.406,4.476,1.0,1.0,4.9,/kaggle/working/cut_cutfix_full_tier1_20260729_01/tier1/200_250/media/jDa1sgPlVYM_s0000560930_e0000565406.mp4,tier1,cuda,nvenc,cutfix_full_tier1_20260729_01
jDa1sgPlVYM_s0000565698_e0000569918,jDa1sgPlVYM,565.698,569.918,4.22,1.0,1.0,6.08,/kaggle/working/cut_cutfix_full_tier1_20260729_01/tier1/200_250/media/jDa1sgPlVYM_s0000565698_e0000569918.mp4,tier1,cuda,nvenc,cutfix_full_tier1_20260729_01
jDa1sgPlVYM_s0000570114_e0000575550,jDa1sgPlVYM,570.114,575.55,5.436,1.0,1.0,4.36,/kaggle/working/cut_cutfix_full_tier1_20260729_01/tier1/200_250/media/jDa1sgPlVYM_s0000570114_e0000575550.mp4,tier1,cuda,nvenc,cutfix_full_tier1_20260729_01
jDa1sgPlVYM_s0000603778_e0000606366,jDa1sgPlVYM,603.778,606.366,2.588,1.0,1.0,2.61,/kaggle/working/cut_cutfix_full_tier1_20260729_01/tier1/200_250/media/jDa1sgPlVYM_s0000603778_e0000606366.mp4,tier1,cuda,nvenc,cutfix_full_tier1_20260729_01
jDa1sgPlVYM_s0000618498_e0000620830,jDa1sgPlVYM,618.498,620.83,2.332,1.0,1.0,4.8,/kaggle/working/cut_cutfix_full_tier1_20260729_01/tier1/200_250/media/jDa1sgPlVYM_s0000618498_e0000620830.mp4,tier1,cuda,nvenc,cutfix_full_tier1_20260729_01
jDa1sgPlVYM_s0000622914_e0000625694,jDa1sgPlVYM,622.914,625.694,2.78,1.0,1.0,3.11,/kaggle/working/cut_cutfix_full_tier1_20260729_01/tier1/200_250/media/jDa1sgPlVYM_s0000622914_e0000625694.mp4,tier1,cuda,nvenc,cutfix_full_tier1_20260729_01
jDa1sgPlVYM_s0000625890_e0000628542,jDa1sgPlVYM,625.89,628.542,2.652,1.0,1.0,0.94,/kaggle/working/cut_cutfix_full_tier1_20260729_01/tier1/200_250/media/jDa1sgPlVYM_s0000625890_e0000628542.mp4,tier1,cuda,nvenc,cutfix_full_tier1_20260729_01
jDa1sgPlVYM_s0000628770_e0000632510,jDa1sgPlVYM,628.77,632.51,3.74,1.0,1.0,2.48,/kaggle/working/cut_cutfix_full_tier1_20260729_01/tier1/200_250/media/jDa1sgPlVYM_s0000628770_e0000632510.mp4,tier1,cuda,nvenc,cutfix_full_tier1_20260729_01
jDa1sgPlVYM_s0000633794_e0000638878,jDa1sgPlVYM,633.794,638.878,5.084,1.0,1.0,3.62,/kaggle/working/cut_cutfix_full_tier1_20260729_01/tier1/200_250/media/jDa1sgPlVYM_s0000633794_e0000638878.mp4,tier1,cuda,nvenc,cutfix_full_tier1_20260729_01
jDa1sgPlVYM_s0000641058_e0000643806,jDa1sgPlVYM,641.058,643.806,2.748,1.0,1.0,4.6,/kaggle/working/cut_cutfix_full_tier1_20260729_01/tier1/200_250/media/jDa1sgPlVYM_s0000641058_e0000643806.mp4,tier1,cuda,nvenc,cutfix_full_tier1_20260729_01
jDa1sgPlVYM_s0000700482_e0000703710,jDa1sgPlVYM,700.482,703.71,3.228,1.0,1.0,0.46,/kaggle/working/cut_cutfix_full_tier1_20260729_01/tier1/200_250/media/jDa1sgPlVYM_s0000700482_e0000703710.mp4,tier1,cuda,nvenc,cutfix_full_tier1_20260729_01
jDa1sgPlVYM_s0000705122_e0000707710,jDa1sgPlVYM,705.122,707.71,2.588,1.0,1.0,-0.29,/kaggle/working/cut_cutfix_full_tier1_20260729_01/tier1/200_250/media/jDa1sgPlVYM_s0000705122_e0000707710.mp4,tier1,cuda,nvenc,cutfix_full_tier1_20260729_01
jDa1sgPlVYM_s0000707810_e0000717214,jDa1sgPlVYM,707.81,717.214,9.404,1.0,1.0,-1.39,/kaggle/working/cut_cutfix_full_tier1_20260729_01/tier1/200_250/media/jDa1sgPlVYM_s0000707810_e0000717214.mp4,tier1,cuda,nvenc,cutfix_full_tier1_20260729_01
jDa1sgPlVYM_s0000717346_e0000719838,jDa1sgPlVYM,717.346,719.838,2.492,1.0,1.0,-1.34,/kaggle/working/cut_cutfix_full_tier1_20260729_01/tier1/200_250/media/jDa1sgPlVYM_s0000717346_e0000719838.mp4,tier1,cuda,nvenc,cutfix_full_tier1_20260729_01
jDa1sgPlVYM_s0000748386_e0000750846,jDa1sgPlVYM,748.386,750.846,2.46,1.0,1.0,-0.02,/kaggle/working/cut_cutfix_full_tier1_20260729_01/tier1/200_250/media/jDa1sgPlVYM_s0000748386_e0000750846.mp4,tier1,cuda,nvenc,cutfix_full_tier1_20260729_01
jDa1sgPlVYM_s0000752002_e0000754526,jDa1sgPlVYM,752.002,754.526,2.524,1.0,1.0,2.06,/kaggle/working/cut_cutfix_full_tier1_20260729_01/tier1/200_250/media/jDa1sgPlVYM_s0000752002_e0000754526.mp4,tier1,cuda,nvenc,cutfix_full_tier1_20260729_01
jDa1sgPlVYM_s0000776258_e0000778654,jDa1sgPlVYM,776.258,778.654,2.396,1.0,1.0,2.55,/kaggle/working/cut_cutfix_full_tier1_20260729_01/tier1/200_250/media/jDa1sgPlVYM_s0000776258_e0000778654.mp4,tier1,cuda,nvenc,cutfix_full_tier1_20260729_01
jDa1sgPlVYM_s0000814050_e0000818590,jDa1sgPlVYM,814.05,818.59,4.54,1.0,1.0,0.05,/kaggle/working/cut_cutfix_full_tier1_20260729_01/tier1/200_250/media/jDa1sgPlVYM_s0000814050_e0000818590.mp4,tier1,cuda,nvenc,cutfix_full_tier1_20260729_01
jDa1sgPlVYM_s0000834306_e0000842526,jDa1sgPlVYM,834.306,842.526,8.22,1.0,1.0,6.41,/kaggle/working/cut_cutfix_full_tier1_20260729_01/tier1/200_250/media/jDa1sgPlVYM_s0000834306_e0000842526.mp4,tier1,cuda,nvenc,cutfix_full_tier1_20260729_01
jDa1sgPlVYM_s0000842786_e0000845694,jDa1sgPlVYM,842.786,845.694,2.908,1.0,1.0,7.15,/kaggle/working/cut_cutfix_full_tier1_20260729_01/tier1/200_250/media/jDa1sgPlVYM_s0000842786_e0000845694.mp4,tier1,cuda,nvenc,cutfix_full_tier1_20260729_01
jDa1sgPlVYM_s0000845858_e0000848894,jDa1sgPlVYM,845.858,848.894,3.036,1.0,1.0,7.23,/kaggle/working/cut_cutfix_full_tier1_20260729_01/tier1/200_250/media/jDa1sgPlVYM_s0000845858_e0000848894.mp4,tier1,cuda,nvenc,cutfix_full_tier1_20260729_01
jDa1sgPlVYM_s0000849218_e0000854218,jDa1sgPlVYM,849.218,854.218,5.0,1.0,1.0,6.04,/kaggle/working/cut_cutfix_full_tier1_20260729_01/tier1/200_250/media/jDa1sgPlVYM_s0000849218_e0000854218.mp4,tier1,cuda,nvenc,cutfix_full_tier1_20260729_01
jDa1sgPlVYM_s0000853218_e0000858218,jDa1sgPlVYM,853.218,858.218,5.0,1.0,1.0,5.08,/kaggle/working/cut_cutfix_full_tier1_20260729_01/tier1/200_250/media/jDa1sgPlVYM_s0000853218_e0000858218.mp4,tier1,cuda,nvenc,cutfix_full_tier1_20260729_01
jDa1sgPlVYM_s0000857218_e0000862218,jDa1sgPlVYM,857.218,862.218,5.0,1.0,1.0,4.11,/kaggle/working/cut_cutfix_full_tier1_20260729_01/tier1/200_250/media/jDa1sgPlVYM_s0000857218_e0000862218.mp4,tier1,cuda,nvenc,cutfix_full_tier1_20260729_01
jDa1sgPlVYM_s0000863778_e0000871998,jDa1sgPlVYM,863.778,871.998,8.22,1.0,1.0,5.42,/kaggle/working/cut_cutfix_full_tier1_20260729_01/tier1/200_250/media/jDa1sgPlVYM_s0000863778_e0000871998.mp4,tier1,cuda,nvenc,cutfix_full_tier1_20260729_01
jDa1sgPlVYM_s0000872322_e0000875070,jDa1sgPlVYM,872.322,875.07,2.748,1.0,1.0,6.99,/kaggle/working/cut_cutfix_full_tier1_20260729_01/tier1/200_250/media/jDa1sgPlVYM_s0000872322_e0000875070.mp4,tier1,cuda,nvenc,cutfix_full_tier1_20260729_01
jDa1sgPlVYM_s0000875202_e0000886462,jDa1sgPlVYM,875.202,886.462,11.26,1.0,1.0,6.17,/kaggle/working/cut_cutfix_full_tier1_20260729_01/tier1/200_250/media/jDa1sgPlVYM_s0000875202_e0000886462.mp4,tier1,cuda,nvenc,cutfix_full_tier1_20260729_01
jDa1sgPlVYM_s0000886594_e0000890174,jDa1sgPlVYM,886.594,890.174,3.58,1.0,1.0,7.13,/kaggle/working/cut_cutfix_full_tier1_20260729_01/tier1/200_250/media/jDa1sgPlVYM_s0000886594_e0000890174.mp4,tier1,cuda,nvenc,cutfix_full_tier1_20260729_01
jDa1sgPlVYM_s0000890434_e0000892734,jDa1sgPlVYM,890.434,892.734,2.3,1.0,1.0,3.77,/kaggle/working/cut_cutfix_full_tier1_20260729_01/tier1/200_250/media/jDa1sgPlVYM_s0000890434_e0000892734.mp4,tier1,cuda,nvenc,cutfix_full_tier1_20260729_01
jInLQAiBlVQ_s0000008514_e0000018110,jInLQAiBlVQ,8.514,18.11,9.596,1.0,1.0,5.63,/kaggle/working/cut_cutfix_full_tier1_20260729_01/tier1/200_250/media/jInLQAiBlVQ_s0000008514_e0000018110.mp4,tier1,cuda,nvenc,cutfix_full_tier1_20260729_01
jInLQAiBlVQ_s0000052386_e0000057386,jInLQAiBlVQ,52.386,57.386,5.0,1.0,1.0,6.89,/kaggle/working/cut_cutfix_full_tier1_20260729_01/tier1/200_250/media/jInLQAiBlVQ_s0000052386_e0000057386.mp4,tier1,cuda,nvenc,cutfix_full_tier1_20260729_01
jInLQAiBlVQ_s0000056386_e0000061386,jInLQAiBlVQ,56.386,61.386,5.0,1.0,1.0,6.26,/kaggle/working/cut_cutfix_full_tier1_20260729_01/tier1/200_250/media/jInLQAiBlVQ_s0000056386_e0000061386.mp4,tier1,cuda,nvenc,cutfix_full_tier1_20260729_01
jInLQAiBlVQ_s0000060386_e0000064414,jInLQAiBlVQ,60.386,64.414,4.028,1.0,1.0,5.49,/kaggle/working/cut_cutfix_full_tier1_20260729_01/tier1/200_250/media/jInLQAiBlVQ_s0000060386_e0000064414.mp4,tier1,cuda,nvenc,cutfix_full_tier1_20260729_01
jInLQAiBlVQ_s0000142914_e0000154302,jInLQAiBlVQ,142.914,154.302,11.388,1.0,1.0,5.27,/kaggle/working/cut_cutfix_full_tier1_20260729_01/tier1/200_250/media/jInLQAiBlVQ_s0000142914_e0000154302.mp4,tier1,cuda,nvenc,cutfix_full_tier1_20260729_01
jInLQAiBlVQ_s0000184162_e0000189162,jInLQAiBlVQ,184.162,189.162,5.0,0.8,1.0,4.13,/kaggle/working/cut_cutfix_full_tier1_20260729_01/tier1/200_250/media/jInLQAiBlVQ_s0000184162_e0000189162.mp4,tier1,cuda,nvenc,cutfix_full_tier1_20260729_01
jInLQAiBlVQ_s0000188162_e0000193162,jInLQAiBlVQ,188.162,193.162,5.0,0.8,1.0,3.32,/kaggle/working/cut_cutfix_full_tier1_20260729_01/tier1/200_250/media/jInLQAiBlVQ_s0000188162_e0000193162.mp4,tier1,cuda,nvenc,cutfix_full_tier1_20260729_01
jInLQAiBlVQ_s0000200162_e0000205162,jInLQAiBlVQ,200.162,205.162,5.0,0.8,1.0,4.27,/kaggle/working/cut_cutfix_full_tier1_20260729_01/tier1/200_250/media/jInLQAiBlVQ_s0000200162_e0000205162.mp4,tier1,cuda,nvenc,cutfix_full_tier1_20260729_01
jInLQAiBlVQ_s0000208162_e0000213162,jInLQAiBlVQ,208.162,213.162,5.0,1.0,1.0,5.19,/kaggle/working/cut_cutfix_full_tier1_20260729_01/tier1/200_250/media/jInLQAiBlVQ_s0000208162_e0000213162.mp4,tier1,cuda,nvenc,cutfix_full_tier1_20260729_01
jInLQAiBlVQ_s0000212162_e0000217086,jInLQAiBlVQ,212.162,217.086,4.924,1.0,1.0,4.93,/kaggle/working/cut_cutfix_full_tier1_20260729_01/tier1/200_250/media/jInLQAiBlVQ_s0000212162_e0000217086.mp4,tier1,cuda,nvenc,cutfix_full_tier1_20260729_01
jInLQAiBlVQ_s0000247746_e0000255422,jInLQAiBlVQ,247.746,255.422,7.676,1.0,1.0,6.05,/kaggle/working/cut_cutfix_full_tier1_20260729_01/tier1/200_250/media/jInLQAiBlVQ_s0000247746_e0000255422.mp4,tier1,cuda,nvenc,cutfix_full_tier1_20260729_01
jInLQAiBlVQ_s0000276994_e0000280734,jInLQAiBlVQ,276.994,280.734,3.74,0.75,1.0,4.88,/kaggle/working/cut_cutfix_full_tier1_20260729_01/tier1/200_250/media/jInLQAiBlVQ_s0000276994_e0000280734.mp4,tier1,cuda,nvenc,cutfix_full_tier1_20260729_01
jInLQAiBlVQ_s0000283682_e0000293854,jInLQAiBlVQ,283.682,293.854,10.172,1.0,1.0,5.8,/kaggle/working/cut_cutfix_full_tier1_20260729_01/tier1/200_250/media/jInLQAiBlVQ_s0000283682_e0000293854.mp4,tier1,cuda,nvenc,cutfix_full_tier1_20260729_01
jInLQAiBlVQ_s0000298434_e0000303434,jInLQAiBlVQ,298.434,303.434,5.0,1.0,1.0,5.33,/kaggle/working/cut_cutfix_full_tier1_20260729_01/tier1/200_250/media/jInLQAiBlVQ_s0000298434_e0000303434.mp4,tier1,cuda,nvenc,cutfix_full_tier1_20260729_01
jInLQAiBlVQ_s0000302434_e0000307434,jInLQAiBlVQ,302.434,307.434,5.0,1.0,1.0,6.22,/kaggle/working/cut_cutfix_full_tier1_20260729_01/tier1/200_250/media/jInLQAiBlVQ_s0000302434_e0000307434.mp4,tier1,cuda,nvenc,cutfix_full_tier1_20260729_01
jInLQAiBlVQ_s0000308866_e0000316030,jInLQAiBlVQ,308.866,316.03,7.164,0.875,1.0,6.34,/kaggle/working/cut_cutfix_full_tier1_20260729_01/tier1/200_250/media/jInLQAiBlVQ_s0000308866_e0000316030.mp4,tier1,cuda,nvenc,cutfix_full_tier1_20260729_01
jInLQAiBlVQ_s0000316226_e0000324542,jInLQAiBlVQ,316.226,324.542,8.316,1.0,1.0,5.3,/kaggle/working/cut_cutfix_full_tier1_20260729_01/tier1/200_250/media/jInLQAiBlVQ_s0000316226_e0000324542.mp4,tier1,cuda,nvenc,cutfix_full_tier1_20260729_01
jInLQAiBlVQ_s0000326018_e0000331454,jInLQAiBlVQ,326.018,331.454,5.436,1.0,1.0,4.35,/kaggle/working/cut_cutfix_full_tier1_20260729_01/tier1/200_250/media/jInLQAiBlVQ_s0000326018_e0000331454.mp4,tier1,cuda,nvenc,cutfix_full_tier1_20260729_01
jInLQAiBlVQ_s0000359906_e0000367774,jInLQAiBlVQ,359.906,367.774,7.868,1.0,1.0,5.4,/kaggle/working/cut_cutfix_full_tier1_20260729_01/tier1/200_250/media/jInLQAiBlVQ_s0000359906_e0000367774.mp4,tier1,cuda,nvenc,cutfix_full_tier1_20260729_01
jInLQAiBlVQ_s0000367938_e0000371870,jInLQAiBlVQ,367.938,371.87,3.932,1.0,1.0,4.93,/kaggle/working/cut_cutfix_full_tier1_20260729_01/tier1/200_250/media/jInLQAiBlVQ_s0000367938_e0000371870.mp4,tier1,cuda,nvenc,cutfix_full_tier1_20260729_01
jInLQAiBlVQ_s0000388802_e0000398014,jInLQAiBlVQ,388.802,398.014,9.212,1.0,1.0,4.92,/kaggle/working/cut_cutfix_full_tier1_20260729_01/tier1/200_250/media/jInLQAiBlVQ_s0000388802_e0000398014.mp4,tier1,cuda,nvenc,cutfix_full_tier1_20260729_01
jInLQAiBlVQ_s0000403010_e0000413438,jInLQAiBlVQ,403.01,413.438,10.428,1.0,1.0,5.26,/kaggle/working/cut_cutfix_full_tier1_20260729_01/tier1/200_250/media/jInLQAiBlVQ_s0000403010_e0000413438.mp4,tier1,cuda,nvenc,cutfix_full_tier1_20260729_01
jInLQAiBlVQ_s0000413698_e0000419390,jInLQAiBlVQ,413.698,419.39,5.692,1.0,1.0,5.46,/kaggle/working/cut_cutfix_full_tier1_20260729_01/tier1/200_250/media/jInLQAiBlVQ_s0000413698_e0000419390.mp4,tier1,cuda,nvenc,cutfix_full_tier1_20260729_01
jInLQAiBlVQ_s0000490242_e0000492926,jInLQAiBlVQ,490.242,492.926,2.684,1.0,1.0,6.87,/kaggle/working/cut_cutfix_full_tier1_20260729_01/tier1/200_250/media/jInLQAiBlVQ_s0000490242_e0000492926.mp4,tier1,cuda,nvenc,cutfix_full_tier1_20260729_01
jInLQAiBlVQ_s0000528066_e0000530142,jInLQAiBlVQ,528.066,530.142,2.076,1.0,1.0,4.39,/kaggle/working/cut_cutfix_full_tier1_20260729_01/tier1/200_250/media/jInLQAiBlVQ_s0000528066_e0000530142.mp4,tier1,cuda,nvenc,cutfix_full_tier1_20260729_01
jInLQAiBlVQ_s0000532418_e0000537418,jInLQAiBlVQ,532.418,537.418,5.0,1.0,1.0,5.15,/kaggle/working/cut_cutfix_full_tier1_20260729_01/tier1/200_250/media/jInLQAiBlVQ_s0000532418_e0000537418.mp4,tier1,cuda,nvenc,cutfix_full_tier1_20260729_01
jInLQAiBlVQ_s0000536418_e0000541418,jInLQAiBlVQ,536.418,541.418,5.0,1.0,1.0,5.8,/kaggle/working/cut_cutfix_full_tier1_20260729_01/tier1/200_250/media/jInLQAiBlVQ_s0000536418_e0000541418.mp4,tier1,cuda,nvenc,cutfix_full_tier1_20260729_01
jInLQAiBlVQ_s0000540418_e0000545278,jInLQAiBlVQ,540.418,545.278,4.86,1.0,1.0,4.28,/kaggle/working/cut_cutfix_full_tier1_20260729_01/tier1/200_250/media/jInLQAiBlVQ_s0000540418_e0000545278.mp4,tier1,cuda,nvenc,cutfix_full_tier1_20260729_01
jInLQAiBlVQ_s0000545538_e0000551230,jInLQAiBlVQ,545.538,551.23,5.692,1.0,1.0,4.74,/kaggle/working/cut_cutfix_full_tier1_20260729_01/tier1/200_250/media/jInLQAiBlVQ_s0000545538_e0000551230.mp4,tier1,cuda,nvenc,cutfix_full_tier1_20260729_01
jInLQAiBlVQ_s0000551458_e0000554270,jInLQAiBlVQ,551.458,554.27,2.812,1.0,1.0,5.96,/kaggle/working/cut_cutfix_full_tier1_20260729_01/tier1/200_250/media/jInLQAiBlVQ_s0000551458_e0000554270.mp4,tier1,cuda,nvenc,cutfix_full_tier1_20260729_01
jInLQAiBlVQ_s0000571522_e0000579870,jInLQAiBlVQ,571.522,579.87,8.348,1.0,1.0,6.18,/kaggle/working/cut_cutfix_full_tier1_20260729_01/tier1/200_250/media/jInLQAiBlVQ_s0000571522_e0000579870.mp4,tier1,cuda,nvenc,cutfix_full_tier1_20260729_01
jInLQAiBlVQ_s0000597154_e0000601438,jInLQAiBlVQ,597.154,601.438,4.284,1.0,1.0,6.56,/kaggle/working/cut_cutfix_full_tier1_20260729_01/tier1/200_250/media/jInLQAiBlVQ_s0000597154_e0000601438.mp4,tier1,cuda,nvenc,cutfix_full_tier1_20260729_01
jInLQAiBlVQ_s0000603010_e0000608222,jInLQAiBlVQ,603.01,608.222,5.212,1.0,1.0,4.41,/kaggle/working/cut_cutfix_full_tier1_20260729_01/tier1/200_250/media/jInLQAiBlVQ_s0000603010_e0000608222.mp4,tier1,cuda,nvenc,cutfix_full_tier1_20260729_01
jInLQAiBlVQ_s0000628226_e0000635838,jInLQAiBlVQ,628.226,635.838,7.612,1.0,1.0,5.87,/kaggle/working/cut_cutfix_full_tier1_20260729_01/tier1/200_250/media/jInLQAiBlVQ_s0000628226_e0000635838.mp4,tier1,cuda,nvenc,cutfix_full_tier1_20260729_01
jInLQAiBlVQ_s0000647362_e0000650782,jInLQAiBlVQ,647.362,650.782,3.42,1.0,1.0,5.56,/kaggle/working/cut_cutfix_full_tier1_20260729_01/tier1/200_250/media/jInLQAiBlVQ_s0000647362_e0000650782.mp4,tier1,cuda,nvenc,cutfix_full_tier1_20260729_01
jInLQAiBlVQ_s0000655714_e0000658910,jInLQAiBlVQ,655.714,658.91,3.196,1.0,1.0,6.43,/kaggle/working/cut_cutfix_full_tier1_20260729_01/tier1/200_250/media/jInLQAiBlVQ_s0000655714_e0000658910.mp4,tier1,cuda,nvenc,cutfix_full_tier1_20260729_01
jInLQAiBlVQ_s0000660482_e0000667006,jInLQAiBlVQ,660.482,667.006,6.524,1.0,1.0,6.53,/kaggle/working/cut_cutfix_full_tier1_20260729_01/tier1/200_250/media/jInLQAiBlVQ_s0000660482_e0000667006.mp4,tier1,cuda,nvenc,cutfix_full_tier1_20260729_01
jInLQAiBlVQ_s0000667170_e0000674782,jInLQAiBlVQ,667.17,674.782,7.612,1.0,1.0,5.52,/kaggle/working/cut_cutfix_full_tier1_20260729_01/tier1/200_250/media/jInLQAiBlVQ_s0000667170_e0000674782.mp4,tier1,cuda,nvenc,cutfix_full_tier1_20260729_01
jInLQAiBlVQ_s0000675106_e0000679134,jInLQAiBlVQ,675.106,679.134,4.028,1.0,1.0,5.12,/kaggle/working/cut_cutfix_full_tier1_20260729_01/tier1/200_250/media/jInLQAiBlVQ_s0000675106_e0000679134.mp4,tier1,cuda,nvenc,cutfix_full_tier1_20260729_01
jInLQAiBlVQ_s0000722818_e0000725342,jInLQAiBlVQ,722.818,725.342,2.524,1.0,1.0,6.29,/kaggle/working/cut_cutfix_full_tier1_20260729_01/tier1/200_250/media/jInLQAiBlVQ_s0000722818_e0000725342.mp4,tier1,cuda,nvenc,cutfix_full_tier1_20260729_01
jInLQAiBlVQ_s0000728738_e0000732510,jInLQAiBlVQ,728.738,732.51,3.772,1.0,1.0,5.45,/kaggle/working/cut_cutfix_full_tier1_20260729_01/tier1/200_250/media/jInLQAiBlVQ_s0000728738_e0000732510.mp4,tier1,cuda,nvenc,cutfix_full_tier1_20260729_01
jInLQAiBlVQ_s0000735170_e0000737886,jInLQAiBlVQ,735.17,737.886,2.716,1.0,1.0,6.67,/kaggle/working/cut_cutfix_full_tier1_20260729_01/tier1/200_250/media/jInLQAiBlVQ_s0000735170_e0000737886.mp4,tier1,cuda,nvenc,cutfix_full_tier1_20260729_01
jInLQAiBlVQ_s0000742146_e0000744862,jInLQAiBlVQ,742.146,744.862,2.716,1.0,1.0,5.52,/kaggle/working/cut_cutfix_full_tier1_20260729_01/tier1/200_250/media/jInLQAiBlVQ_s0000742146_e0000744862.mp4,tier1,cuda,nvenc,cutfix_full_tier1_20260729_01
jInLQAiBlVQ_s0000745090_e0000747230,jInLQAiBlVQ,745.09,747.23,2.14,1.0,1.0,5.19,/kaggle/working/cut_cutfix_full_tier1_20260729_01/tier1/200_250/media/jInLQAiBlVQ_s0000745090_e0000747230.mp4,tier1,cuda,nvenc,cutfix_full_tier1_20260729_01
jInLQAiBlVQ_s0000748130_e0000755102,jInLQAiBlVQ,748.13,755.102,6.972,1.0,1.0,5.72,/kaggle/working/cut_cutfix_full_tier1_20260729_01/tier1/200_250/media/jInLQAiBlVQ_s0000748130_e0000755102.mp4,tier1,cuda,nvenc,cutfix_full_tier1_20260729_01
jInLQAiBlVQ_s0000755394_e0000759518,jInLQAiBlVQ,755.394,759.518,4.124,1.0,1.0,5.26,/kaggle/working/cut_cutfix_full_tier1_20260729_01/tier1/200_250/media/jInLQAiBlVQ_s0000755394_e0000759518.mp4,tier1,cuda,nvenc,cutfix_full_tier1_20260729_01
jInLQAiBlVQ_s0000759842_e0000768926,jInLQAiBlVQ,759.842,768.926,9.084,1.0,1.0,5.68,/kaggle/working/cut_cutfix_full_tier1_20260729_01/tier1/200_250/media/jInLQAiBlVQ_s0000759842_e0000768926.mp4,tier1,cuda,nvenc,cutfix_full_tier1_20260729_01
jInLQAiBlVQ_s0000796610_e0000803870,jInLQAiBlVQ,796.61,803.87,7.26,1.0,1.0,5.5,/kaggle/working/cut_cutfix_full_tier1_20260729_01/tier1/200_250/media/jInLQAiBlVQ_s0000796610_e0000803870.mp4,tier1,cuda,nvenc,cutfix_full_tier1_20260729_01
jInLQAiBlVQ_s0000804002_e0000806398,jInLQAiBlVQ,804.002,806.398,2.396,1.0,1.0,2.97,/kaggle/working/cut_cutfix_full_tier1_20260729_01/tier1/200_250/media/jInLQAiBlVQ_s0000804002_e0000806398.mp4,tier1,cuda,nvenc,cutfix_full_tier1_20260729_01
jInLQAiBlVQ_s0000811394_e0000814238,jInLQAiBlVQ,811.394,814.238,2.844,1.0,1.0,4.03,/kaggle/working/cut_cutfix_full_tier1_20260729_01/tier1/200_250/media/jInLQAiBlVQ_s0000811394_e0000814238.mp4,tier1,cuda,nvenc,cutfix_full_tier1_20260729_01
jInLQAiBlVQ_s0000817922_e0000821310,jInLQAiBlVQ,817.922,821.31,3.388,1.0,1.0,5.21,/kaggle/working/cut_cutfix_full_tier1_20260729_01/tier1/200_250/media/jInLQAiBlVQ_s0000817922_e0000821310.mp4,tier1,cuda,nvenc,cutfix_full_tier1_20260729_01
jInLQAiBlVQ_s0000842946_e0000847946,jInLQAiBlVQ,842.946,847.946,5.0,0.8,1.0,7.23,/kaggle/working/cut_cutfix_full_tier1_20260729_01/tier1/200_250/media/jInLQAiBlVQ_s0000842946_e0000847946.mp4,tier1,cuda,nvenc,cutfix_full_tier1_20260729_01
jInLQAiBlVQ_s0000870466_e0000879550,jInLQAiBlVQ,870.466,879.55,9.084,1.0,1.0,5.9,/kaggle/working/cut_cutfix_full_tier1_20260729_01/tier1/200_250/media/jInLQAiBlVQ_s0000870466_e0000879550.mp4,tier1,cuda,nvenc,cutfix_full_tier1_20260729_01
jRmhq0_LXU8_s0000128162_e0000130270,jRmhq0_LXU8,128.162,130.27,2.108,1.0,1.0,8.58,/kaggle/working/cut_cutfix_full_tier1_20260729_01/tier1/200_250/media/jRmhq0_LXU8_s0000128162_e0000130270.mp4,tier1,cuda,nvenc,cutfix_full_tier1_20260729_01
jRmhq0_LXU8_s0000155394_e0000157598,jRmhq0_LXU8,155.394,157.598,2.204,1.0,1.0,10.19,/kaggle/working/cut_cutfix_full_tier1_20260729_01/tier1/200_250/media/jRmhq0_LXU8_s0000155394_e0000157598.mp4,tier1,cuda,nvenc,cutfix_full_tier1_20260729_01
jRmhq0_LXU8_s0000191010_e0000193214,jRmhq0_LXU8,191.01,193.214,2.204,1.0,1.0,8.1,/kaggle/working/cut_cutfix_full_tier1_20260729_01/tier1/200_250/media/jRmhq0_LXU8_s0000191010_e0000193214.mp4,tier1,cuda,nvenc,cutfix_full_tier1_20260729_01
jRmhq0_LXU8_s0000206402_e0000208542,jRmhq0_LXU8,206.402,208.542,2.14,1.0,1.0,8.09,/kaggle/working/cut_cutfix_full_tier1_20260729_01/tier1/200_250/media/jRmhq0_LXU8_s0000206402_e0000208542.mp4,tier1,cuda,nvenc,cutfix_full_tier1_20260729_01
jRmhq0_LXU8_s0000231042_e0000233214,jRmhq0_LXU8,231.042,233.214,2.172,1.0,1.0,7.12,/kaggle/working/cut_cutfix_full_tier1_20260729_01/tier1/200_250/media/jRmhq0_LXU8_s0000231042_e0000233214.mp4,tier1,cuda,nvenc,cutfix_full_tier1_20260729_01
jRmhq0_LXU8_s0000244450_e0000247326,jRmhq0_LXU8,244.45,247.326,2.876,1.0,1.0,9.8,/kaggle/working/cut_cutfix_full_tier1_20260729_01/tier1/200_250/media/jRmhq0_LXU8_s0000244450_e0000247326.mp4,tier1,cuda,nvenc,cutfix_full_tier1_20260729_01
jRmhq0_LXU8_s0000249538_e0000251742,jRmhq0_LXU8,249.538,251.742,2.204,1.0,1.0,7.75,/kaggle/working/cut_cutfix_full_tier1_20260729_01/tier1/200_250/media/jRmhq0_LXU8_s0000249538_e0000251742.mp4,tier1,cuda,nvenc,cutfix_full_tier1_20260729_01
jRmhq0_LXU8_s0000258178_e0000260638,jRmhq0_LXU8,258.178,260.638,2.46,1.0,1.0,7.09,/kaggle/working/cut_cutfix_full_tier1_20260729_01/tier1/200_250/media/jRmhq0_LXU8_s0000258178_e0000260638.mp4,tier1,cuda,nvenc,cutfix_full_tier1_20260729_01
jRmhq0_LXU8_s0000264002_e0000267102,jRmhq0_LXU8,264.002,267.102,3.1,1.0,1.0,5.64,/kaggle/working/cut_cutfix_full_tier1_20260729_01/tier1/200_250/media/jRmhq0_LXU8_s0000264002_e0000267102.mp4,tier1,cuda,nvenc,cutfix_full_tier1_20260729_01
jRmhq0_LXU8_s0000271010_e0000273726,jRmhq0_LXU8,271.01,273.726,2.716,1.0,1.0,6.04,/kaggle/working/cut_cutfix_full_tier1_20260729_01/tier1/200_250/media/jRmhq0_LXU8_s0000271010_e0000273726.mp4,tier1,cuda,nvenc,cutfix_full_tier1_20260729_01
jRmhq0_LXU8_s0000273954_e0000276414,jRmhq0_LXU8,273.954,276.414,2.46,1.0,1.0,5.92,/kaggle/working/cut_cutfix_full_tier1_20260729_01/tier1/200_250/media/jRmhq0_LXU8_s0000273954_e0000276414.mp4,tier1,cuda,nvenc,cutfix_full_tier1_20260729_01
jRmhq0_LXU8_s0000284226_e0000286270,jRmhq0_LXU8,284.226,286.27,2.044,1.0,1.0,7.88,/kaggle/working/cut_cutfix_full_tier1_20260729_01/tier1/200_250/media/jRmhq0_LXU8_s0000284226_e0000286270.mp4,tier1,cuda,nvenc,cutfix_full_tier1_20260729_01
jRmhq0_LXU8_s0000313058_e0000315486,jRmhq0_LXU8,313.058,315.486,2.428,1.0,1.0,8.43,/kaggle/working/cut_cutfix_full_tier1_20260729_01/tier1/200_250/media/jRmhq0_LXU8_s0000313058_e0000315486.mp4,tier1,cuda,nvenc,cutfix_full_tier1_20260729_01
jRmhq0_LXU8_s0000324130_e0000326654,jRmhq0_LXU8,324.13,326.654,2.524,1.0,1.0,5.44,/kaggle/working/cut_cutfix_full_tier1_20260729_01/tier1/200_250/media/jRmhq0_LXU8_s0000324130_e0000326654.mp4,tier1,cuda,nvenc,cutfix_full_tier1_20260729_01
jRmhq0_LXU8_s0000352226_e0000355166,jRmhq0_LXU8,352.226,355.166,2.94,1.0,1.0,7.59,/kaggle/working/cut_cutfix_full_tier1_20260729_01/tier1/200_250/media/jRmhq0_LXU8_s0000352226_e0000355166.mp4,tier1,cuda,nvenc,cutfix_full_tier1_20260729_01
jRmhq0_LXU8_s0000374338_e0000376638,jRmhq0_LXU8,374.338,376.638,2.3,1.0,1.0,9.34,/kaggle/working/cut_cutfix_full_tier1_20260729_01/tier1/200_250/media/jRmhq0_LXU8_s0000374338_e0000376638.mp4,tier1,cuda,nvenc,cutfix_full_tier1_20260729_01
jRmhq0_LXU8_s0000388066_e0000390878,jRmhq0_LXU8,388.066,390.878,2.812,1.0,1.0,10.85,/kaggle/working/cut_cutfix_full_tier1_20260729_01/tier1/200_250/media/jRmhq0_LXU8_s0000388066_e0000390878.mp4,tier1,cuda,nvenc,cutfix_full_tier1_20260729_01
jRmhq0_LXU8_s0000394594_e0000396990,jRmhq0_LXU8,394.594,396.99,2.396,1.0,1.0,9.22,/kaggle/working/cut_cutfix_full_tier1_20260729_01/tier1/200_250/media/jRmhq0_LXU8_s0000394594_e0000396990.mp4,tier1,cuda,nvenc,cutfix_full_tier1_20260729_01
jRmhq0_LXU8_s0000397570_e0000399614,jRmhq0_LXU8,397.57,399.614,2.044,1.0,1.0,11.57,/kaggle/working/cut_cutfix_full_tier1_20260729_01/tier1/200_250/media/jRmhq0_LXU8_s0000397570_e0000399614.mp4,tier1,cuda,nvenc,cutfix_full_tier1_20260729_01
jRmhq0_LXU8_s0000406370_e0000409054,jRmhq0_LXU8,406.37,409.054,2.684,1.0,1.0,11.45,/kaggle/working/cut_cutfix_full_tier1_20260729_01/tier1/200_250/media/jRmhq0_LXU8_s0000406370_e0000409054.mp4,tier1,cuda,nvenc,cutfix_full_tier1_20260729_01
jRmhq0_LXU8_s0000416098_e0000418622,jRmhq0_LXU8,416.098,418.622,2.524,1.0,1.0,10.38,/kaggle/working/cut_cutfix_full_tier1_20260729_01/tier1/200_250/media/jRmhq0_LXU8_s0000416098_e0000418622.mp4,tier1,cuda,nvenc,cutfix_full_tier1_20260729_01
jRmhq0_LXU8_s0000424738_e0000426814,jRmhq0_LXU8,424.738,426.814,2.076,1.0,1.0,10.87,/kaggle/working/cut_cutfix_full_tier1_20260729_01/tier1/200_250/media/jRmhq0_LXU8_s0000424738_e0000426814.mp4,tier1,cuda,nvenc,cutfix_full_tier1_20260729_01
jRmhq0_LXU8_s0000432674_e0000438046,jRmhq0_LXU8,432.674,438.046,5.372,1.0,1.0,6.41,/kaggle/working/cut_cutfix_full_tier1_20260729_01/tier1/200_250/media/jRmhq0_LXU8_s0000432674_e0000438046.mp4,tier1,cuda,nvenc,cutfix_full_tier1_20260729_01
jRmhq0_LXU8_s0000453602_e0000456670,jRmhq0_LXU8,453.602,456.67,3.068,1.0,1.0,9.94,/kaggle/working/cut_cutfix_full_tier1_20260729_01/tier1/200_250/media/jRmhq0_LXU8_s0000453602_e0000456670.mp4,tier1,cuda,nvenc,cutfix_full_tier1_20260729_01
jRmhq0_LXU8_s0000483202_e0000487198,jRmhq0_LXU8,483.202,487.198,3.996,1.0,1.0,8.22,/kaggle/working/cut_cutfix_full_tier1_20260729_01/tier1/200_250/media/jRmhq0_LXU8_s0000483202_e0000487198.mp4,tier1,cuda,nvenc,cutfix_full_tier1_20260729_01
jRmhq0_LXU8_s0000523682_e0000533854,jRmhq0_LXU8,523.682,533.854,10.172,0.9,1.0,6.69,/kaggle/working/cut_cutfix_full_tier1_20260729_01/tier1/200_250/media/jRmhq0_LXU8_s0000523682_e0000533854.mp4,tier1,cuda,nvenc,cutfix_full_tier1_20260729_01
jRmhq0_LXU8_s0000542978_e0000552766,jRmhq0_LXU8,542.978,552.766,9.788,1.0,1.0,8.0,/kaggle/working/cut_cutfix_full_tier1_20260729_01/tier1/200_250/media/jRmhq0_LXU8_s0000542978_e0000552766.mp4,tier1,cuda,nvenc,cutfix_full_tier1_20260729_01
jRmhq0_LXU8_s0000552866_e0000555518,jRmhq0_LXU8,552.866,555.518,2.652,1.0,1.0,5.99,/kaggle/working/cut_cutfix_full_tier1_20260729_01/tier1/200_250/media/jRmhq0_LXU8_s0000552866_e0000555518.mp4,tier1,cuda,nvenc,cutfix_full_tier1_20260729_01
jRmhq0_LXU8_s0000560674_e0000563070,jRmhq0_LXU8,560.674,563.07,2.396,1.0,1.0,7.14,/kaggle/working/cut_cutfix_full_tier1_20260729_01/tier1/200_250/media/jRmhq0_LXU8_s0000560674_e0000563070.mp4,tier1,cuda,nvenc,cutfix_full_tier1_20260729_01
jRmhq0_LXU8_s0000563394_e0000567166,jRmhq0_LXU8,563.394,567.166,3.772,1.0,1.0,6.41,/kaggle/working/cut_cutfix_full_tier1_20260729_01/tier1/200_250/media/jRmhq0_LXU8_s0000563394_e0000567166.mp4,tier1,cuda,nvenc,cutfix_full_tier1_20260729_01
jRmhq0_LXU8_s0000567330_e0000569630,jRmhq0_LXU8,567.33,569.63,2.3,1.0,1.0,3.85,/kaggle/working/cut_cutfix_full_tier1_20260729_01/tier1/200_250/media/jRmhq0_LXU8_s0000567330_e0000569630.mp4,tier1,cuda,nvenc,cutfix_full_tier1_20260729_01
jRmhq0_LXU8_s0000581058_e0000583326,jRmhq0_LXU8,581.058,583.326,2.268,1.0,1.0,8.43,/kaggle/working/cut_cutfix_full_tier1_20260729_01/tier1/200_250/media/jRmhq0_LXU8_s0000581058_e0000583326.mp4,tier1,cuda,nvenc,cutfix_full_tier1_20260729_01
jRmhq0_LXU8_s0000583714_e0000587134,jRmhq0_LXU8,583.714,587.134,3.42,1.0,1.0,8.7,/kaggle/working/cut_cutfix_full_tier1_20260729_01/tier1/200_250/media/jRmhq0_LXU8_s0000583714_e0000587134.mp4,tier1,cuda,nvenc,cutfix_full_tier1_20260729_01
jRmhq0_LXU8_s0000628290_e0000634910,jRmhq0_LXU8,628.29,634.91,6.62,1.0,1.0,7.45,/kaggle/working/cut_cutfix_full_tier1_20260729_01/tier1/200_250/media/jRmhq0_LXU8_s0000628290_e0000634910.mp4,tier1,cuda,nvenc,cutfix_full_tier1_20260729_01
jRmhq0_LXU8_s0000635042_e0000640350,jRmhq0_LXU8,635.042,640.35,5.308,1.0,1.0,7.33,/kaggle/working/cut_cutfix_full_tier1_20260729_01/tier1/200_250/media/jRmhq0_LXU8_s0000635042_e0000640350.mp4,tier1,cuda,nvenc,cutfix_full_tier1_20260729_01
jeXhVP_QhJU_s0000016866_e0000021758,jeXhVP_QhJU,16.866,21.758,4.892,1.0,1.0,6.37,/kaggle/working/cut_cutfix_full_tier1_20260729_01/tier1/200_250/media/jeXhVP_QhJU_s0000016866_e0000021758.mp4,tier1,cuda,nvenc,cutfix_full_tier1_20260729_01
jeXhVP_QhJU_s0000022018_e0000029022,jeXhVP_QhJU,22.018,29.022,7.004,1.0,1.0,6.55,/kaggle/working/cut_cutfix_full_tier1_20260729_01/tier1/200_250/media/jeXhVP_QhJU_s0000022018_e0000029022.mp4,tier1,cuda,nvenc,cutfix_full_tier1_20260729_01
jeXhVP_QhJU_s0000035842_e0000038270,jeXhVP_QhJU,35.842,38.27,2.428,1.0,1.0,7.03,/kaggle/working/cut_cutfix_full_tier1_20260729_01/tier1/200_250/media/jeXhVP_QhJU_s0000035842_e0000038270.mp4,tier1,cuda,nvenc,cutfix_full_tier1_20260729_01
jeXhVP_QhJU_s0000039266_e0000041886,jeXhVP_QhJU,39.266,41.886,2.62,1.0,1.0,7.93,/kaggle/working/cut_cutfix_full_tier1_20260729_01/tier1/200_250/media/jeXhVP_QhJU_s0000039266_e0000041886.mp4,tier1,cuda,nvenc,cutfix_full_tier1_20260729_01
jeXhVP_QhJU_s0000047426_e0000050334,jeXhVP_QhJU,47.426,50.334,2.908,1.0,1.0,6.97,/kaggle/working/cut_cutfix_full_tier1_20260729_01/tier1/200_250/media/jeXhVP_QhJU_s0000047426_e0000050334.mp4,tier1,cuda,nvenc,cutfix_full_tier1_20260729_01
jeXhVP_QhJU_s0000058274_e0000060670,jeXhVP_QhJU,58.274,60.67,2.396,1.0,1.0,7.06,/kaggle/working/cut_cutfix_full_tier1_20260729_01/tier1/200_250/media/jeXhVP_QhJU_s0000058274_e0000060670.mp4,tier1,cuda,nvenc,cutfix_full_tier1_20260729_01
jeXhVP_QhJU_s0000068642_e0000075838,jeXhVP_QhJU,68.642,75.838,7.196,0.857,1.0,4.21,/kaggle/working/cut_cutfix_full_tier1_20260729_01/tier1/200_250/media/jeXhVP_QhJU_s0000068642_e0000075838.mp4,tier1,cuda,nvenc,cutfix_full_tier1_20260729_01
jeXhVP_QhJU_s0000076034_e0000080638,jeXhVP_QhJU,76.034,80.638,4.604,1.0,1.0,3.62,/kaggle/working/cut_cutfix_full_tier1_20260729_01/tier1/200_250/media/jeXhVP_QhJU_s0000076034_e0000080638.mp4,tier1,cuda,nvenc,cutfix_full_tier1_20260729_01
jeXhVP_QhJU_s0000081090_e0000086090,jeXhVP_QhJU,81.09,86.09,5.0,0.8,1.0,4.67,/kaggle/working/cut_cutfix_full_tier1_20260729_01/tier1/200_250/media/jeXhVP_QhJU_s0000081090_e0000086090.mp4,tier1,cuda,nvenc,cutfix_full_tier1_20260729_01
jeXhVP_QhJU_s0000085090_e0000090090,jeXhVP_QhJU,85.09,90.09,5.0,1.0,1.0,3.23,/kaggle/working/cut_cutfix_full_tier1_20260729_01/tier1/200_250/media/jeXhVP_QhJU_s0000085090_e0000090090.mp4,tier1,cuda,nvenc,cutfix_full_tier1_20260729_01
jeXhVP_QhJU_s0000089090_e0000094090,jeXhVP_QhJU,89.09,94.09,5.0,0.8,1.0,3.9,/kaggle/working/cut_cutfix_full_tier1_20260729_01/tier1/200_250/media/jeXhVP_QhJU_s0000089090_e0000094090.mp4,tier1,cuda,nvenc,cutfix_full_tier1_20260729_01
jeXhVP_QhJU_s0000093090_e0000098090,jeXhVP_QhJU,93.09,98.09,5.0,1.0,1.0,3.65,/kaggle/working/cut_cutfix_full_tier1_20260729_01/tier1/200_250/media/jeXhVP_QhJU_s0000093090_e0000098090.mp4,tier1,cuda,nvenc,cutfix_full_tier1_20260729_01
jeXhVP_QhJU_s0000097090_e0000101726,jeXhVP_QhJU,97.09,101.726,4.636,0.75,1.0,3.13,/kaggle/working/cut_cutfix_full_tier1_20260729_01/tier1/200_250/media/jeXhVP_QhJU_s0000097090_e0000101726.mp4,tier1,cuda,nvenc,cutfix_full_tier1_20260729_01
jeXhVP_QhJU_s0000112706_e0000117706,jeXhVP_QhJU,112.706,117.706,5.0,1.0,1.0,2.18,/kaggle/working/cut_cutfix_full_tier1_20260729_01/tier1/200_250/media/jeXhVP_QhJU_s0000112706_e0000117706.mp4,tier1,cuda,nvenc,cutfix_full_tier1_20260729_01
jeXhVP_QhJU_s0000120706_e0000125706,jeXhVP_QhJU,120.706,125.706,5.0,1.0,1.0,2.97,/kaggle/working/cut_cutfix_full_tier1_20260729_01/tier1/200_250/media/jeXhVP_QhJU_s0000120706_e0000125706.mp4,tier1,cuda,nvenc,cutfix_full_tier1_20260729_01
jeXhVP_QhJU_s0000128706_e0000133706,jeXhVP_QhJU,128.706,133.706,5.0,1.0,1.0,3.25,/kaggle/working/cut_cutfix_full_tier1_20260729_01/tier1/200_250/media/jeXhVP_QhJU_s0000128706_e0000133706.mp4,tier1,cuda,nvenc,cutfix_full_tier1_20260729_01
jeXhVP_QhJU_s0000132706_e0000137706,jeXhVP_QhJU,132.706,137.706,5.0,1.0,1.0,1.9,/kaggle/working/cut_cutfix_full_tier1_20260729_01/tier1/200_250/media/jeXhVP_QhJU_s0000132706_e0000137706.mp4,tier1,cuda,nvenc,cutfix_full_tier1_20260729_01
jeXhVP_QhJU_s0000136706_e0000139806,jeXhVP_QhJU,136.706,139.806,3.1,1.0,1.0,2.5,/kaggle/working/cut_cutfix_full_tier1_20260729_01/tier1/200_250/media/jeXhVP_QhJU_s0000136706_e0000139806.mp4,tier1,cuda,nvenc,cutfix_full_tier1_20260729_01
jeXhVP_QhJU_s0000139938_e0000142270,jeXhVP_QhJU,139.938,142.27,2.332,1.0,1.0,3.62,/kaggle/working/cut_cutfix_full_tier1_20260729_01/tier1/200_250/media/jeXhVP_QhJU_s0000139938_e0000142270.mp4,tier1,cuda,nvenc,cutfix_full_tier1_20260729_01
jeXhVP_QhJU_s0000142786_e0000149278,jeXhVP_QhJU,142.786,149.278,6.492,1.0,1.0,2.81,/kaggle/working/cut_cutfix_full_tier1_20260729_01/tier1/200_250/media/jeXhVP_QhJU_s0000142786_e0000149278.mp4,tier1,cuda,nvenc,cutfix_full_tier1_20260729_01
jeXhVP_QhJU_s0000158402_e0000169214,jeXhVP_QhJU,158.402,169.214,10.812,1.0,1.0,3.05,/kaggle/working/cut_cutfix_full_tier1_20260729_01/tier1/200_250/media/jeXhVP_QhJU_s0000158402_e0000169214.mp4,tier1,cuda,nvenc,cutfix_full_tier1_20260729_01
jeXhVP_QhJU_s0000169506_e0000174506,jeXhVP_QhJU,169.506,174.506,5.0,1.0,1.0,3.63,/kaggle/working/cut_cutfix_full_tier1_20260729_01/tier1/200_250/media/jeXhVP_QhJU_s0000169506_e0000174506.mp4,tier1,cuda,nvenc,cutfix_full_tier1_20260729_01
jeXhVP_QhJU_s0000173506_e0000178506,jeXhVP_QhJU,173.506,178.506,5.0,1.0,1.0,3.16,/kaggle/working/cut_cutfix_full_tier1_20260729_01/tier1/200_250/media/jeXhVP_QhJU_s0000173506_e0000178506.mp4,tier1,cuda,nvenc,cutfix_full_tier1_20260729_01
jeXhVP_QhJU_s0000177506_e0000181758,jeXhVP_QhJU,177.506,181.758,4.252,1.0,1.0,3.75,/kaggle/working/cut_cutfix_full_tier1_20260729_01/tier1/200_250/media/jeXhVP_QhJU_s0000177506_e0000181758.mp4,tier1,cuda,nvenc,cutfix_full_tier1_20260729_01
jeXhVP_QhJU_s0000200610_e0000205610,jeXhVP_QhJU,200.61,205.61,5.0,1.0,1.0,2.97,/kaggle/working/cut_cutfix_full_tier1_20260729_01/tier1/200_250/media/jeXhVP_QhJU_s0000200610_e0000205610.mp4,tier1,cuda,nvenc,cutfix_full_tier1_20260729_01
jeXhVP_QhJU_s0000207330_e0000212414,jeXhVP_QhJU,207.33,212.414,5.084,0.8,1.0,4.25,/kaggle/working/cut_cutfix_full_tier1_20260729_01/tier1/200_250/media/jeXhVP_QhJU_s0000207330_e0000212414.mp4,tier1,cuda,nvenc,cutfix_full_tier1_20260729_01
jeXhVP_QhJU_s0000212578_e0000216414,jeXhVP_QhJU,212.578,216.414,3.836,1.0,1.0,3.67,/kaggle/working/cut_cutfix_full_tier1_20260729_01/tier1/200_250/media/jeXhVP_QhJU_s0000212578_e0000216414.mp4,tier1,cuda,nvenc,cutfix_full_tier1_20260729_01
jeXhVP_QhJU_s0000216898_e0000223134,jeXhVP_QhJU,216.898,223.134,6.236,0.857,1.0,3.89,/kaggle/working/cut_cutfix_full_tier1_20260729_01/tier1/200_250/media/jeXhVP_QhJU_s0000216898_e0000223134.mp4,tier1,cuda,nvenc,cutfix_full_tier1_20260729_01
jeXhVP_QhJU_s0000223394_e0000231198,jeXhVP_QhJU,223.394,231.198,7.804,0.875,1.0,3.89,/kaggle/working/cut_cutfix_full_tier1_20260729_01/tier1/200_250/media/jeXhVP_QhJU_s0000223394_e0000231198.mp4,tier1,cuda,nvenc,cutfix_full_tier1_20260729_01
jeXhVP_QhJU_s0000231394_e0000240286,jeXhVP_QhJU,231.394,240.286,8.892,0.889,1.0,2.99,/kaggle/working/cut_cutfix_full_tier1_20260729_01/tier1/200_250/media/jeXhVP_QhJU_s0000231394_e0000240286.mp4,tier1,cuda,nvenc,cutfix_full_tier1_20260729_01
jeXhVP_QhJU_s0000249378_e0000251998,jeXhVP_QhJU,249.378,251.998,2.62,1.0,1.0,6.61,/kaggle/working/cut_cutfix_full_tier1_20260729_01/tier1/200_250/media/jeXhVP_QhJU_s0000249378_e0000251998.mp4,tier1,cuda,nvenc,cutfix_full_tier1_20260729_01
jeXhVP_QhJU_s0000252450_e0000260670,jeXhVP_QhJU,252.45,260.67,8.22,0.75,1.0,4.34,/kaggle/working/cut_cutfix_full_tier1_20260729_01/tier1/200_250/media/jeXhVP_QhJU_s0000252450_e0000260670.mp4,tier1,cuda,nvenc,cutfix_full_tier1_20260729_01
jeXhVP_QhJU_s0000260930_e0000271390,jeXhVP_QhJU,260.93,271.39,10.46,0.818,1.0,3.52,/kaggle/working/cut_cutfix_full_tier1_20260729_01/tier1/200_250/media/jeXhVP_QhJU_s0000260930_e0000271390.mp4,tier1,cuda,nvenc,cutfix_full_tier1_20260729_01
jeXhVP_QhJU_s0000271746_e0000276190,jeXhVP_QhJU,271.746,276.19,4.444,1.0,1.0,4.06,/kaggle/working/cut_cutfix_full_tier1_20260729_01/tier1/200_250/media/jeXhVP_QhJU_s0000271746_e0000276190.mp4,tier1,cuda,nvenc,cutfix_full_tier1_20260729_01
jeXhVP_QhJU_s0000276386_e0000286206,jeXhVP_QhJU,276.386,286.206,9.82,0.8,1.0,3.49,/kaggle/working/cut_cutfix_full_tier1_20260729_01/tier1/200_250/media/jeXhVP_QhJU_s0000276386_e0000286206.mp4,tier1,cuda,nvenc,cutfix_full_tier1_20260729_01
jeXhVP_QhJU_s0000286562_e0000289054,jeXhVP_QhJU,286.562,289.054,2.492,1.0,1.0,2.72,/kaggle/working/cut_cutfix_full_tier1_20260729_01/tier1/200_250/media/jeXhVP_QhJU_s0000286562_e0000289054.mp4,tier1,cuda,nvenc,cutfix_full_tier1_20260729_01
jeXhVP_QhJU_s0000289570_e0000296702,jeXhVP_QhJU,289.57,296.702,7.132,0.714,1.0,2.71,/kaggle/working/cut_cutfix_full_tier1_20260729_01/tier1/200_250/media/jeXhVP_QhJU_s0000289570_e0000296702.mp4,tier1,cuda,nvenc,cutfix_full_tier1_20260729_01
jeXhVP_QhJU_s0000296802_e0000304030,jeXhVP_QhJU,296.802,304.03,7.228,0.875,1.0,4.01,/kaggle/working/cut_cutfix_full_tier1_20260729_01/tier1/200_250/media/jeXhVP_QhJU_s0000296802_e0000304030.mp4,tier1,cuda,nvenc,cutfix_full_tier1_20260729_01
jeXhVP_QhJU_s0000304386_e0000306558,jeXhVP_QhJU,304.386,306.558,2.172,1.0,1.0,4.05,/kaggle/working/cut_cutfix_full_tier1_20260729_01/tier1/200_250/media/jeXhVP_QhJU_s0000304386_e0000306558.mp4,tier1,cuda,nvenc,cutfix_full_tier1_20260729_01
jeXhVP_QhJU_s0000306786_e0000313150,jeXhVP_QhJU,306.786,313.15,6.364,1.0,1.0,2.73,/kaggle/working/cut_cutfix_full_tier1_20260729_01/tier1/200_250/media/jeXhVP_QhJU_s0000306786_e0000313150.mp4,tier1,cuda,nvenc,cutfix_full_tier1_20260729_01
jeXhVP_QhJU_s0000327202_e0000332126,jeXhVP_QhJU,327.202,332.126,4.924,1.0,1.0,1.73,/kaggle/working/cut_cutfix_full_tier1_20260729_01/tier1/200_250/media/jeXhVP_QhJU_s0000327202_e0000332126.mp4,tier1,cuda,nvenc,cutfix_full_tier1_20260729_01
jeXhVP_QhJU_s0000332578_e0000342110,jeXhVP_QhJU,332.578,342.11,9.532,0.9,1.0,3.18,/kaggle/working/cut_cutfix_full_tier1_20260729_01/tier1/200_250/media/jeXhVP_QhJU_s0000332578_e0000342110.mp4,tier1,cuda,nvenc,cutfix_full_tier1_20260729_01
jeXhVP_QhJU_s0000351938_e0000360958,jeXhVP_QhJU,351.938,360.958,9.02,1.0,1.0,2.79,/kaggle/working/cut_cutfix_full_tier1_20260729_01/tier1/200_250/media/jeXhVP_QhJU_s0000351938_e0000360958.mp4,tier1,cuda,nvenc,cutfix_full_tier1_20260729_01
jeXhVP_QhJU_s0000361218_e0000371966,jeXhVP_QhJU,361.218,371.966,10.748,0.9,1.0,2.03,/kaggle/working/cut_cutfix_full_tier1_20260729_01/tier1/200_250/media/jeXhVP_QhJU_s0000361218_e0000371966.mp4,tier1,cuda,nvenc,cutfix_full_tier1_20260729_01
jeXhVP_QhJU_s0000372162_e0000379678,jeXhVP_QhJU,372.162,379.678,7.516,0.857,1.0,2.77,/kaggle/working/cut_cutfix_full_tier1_20260729_01/tier1/200_250/media/jeXhVP_QhJU_s0000372162_e0000379678.mp4,tier1,cuda,nvenc,cutfix_full_tier1_20260729_01
jeXhVP_QhJU_s0000379874_e0000383326,jeXhVP_QhJU,379.874,383.326,3.452,1.0,1.0,3.06,/kaggle/working/cut_cutfix_full_tier1_20260729_01/tier1/200_250/media/jeXhVP_QhJU_s0000379874_e0000383326.mp4,tier1,cuda,nvenc,cutfix_full_tier1_20260729_01
jeXhVP_QhJU_s0000383522_e0000388126,jeXhVP_QhJU,383.522,388.126,4.604,0.8,1.0,1.87,/kaggle/working/cut_cutfix_full_tier1_20260729_01/tier1/200_250/media/jeXhVP_QhJU_s0000383522_e0000388126.mp4,tier1,cuda,nvenc,cutfix_full_tier1_20260729_01
jeXhVP_QhJU_s0000388898_e0000396126,jeXhVP_QhJU,388.898,396.126,7.228,1.0,1.0,2.96,/kaggle/working/cut_cutfix_full_tier1_20260729_01/tier1/200_250/media/jeXhVP_QhJU_s0000388898_e0000396126.mp4,tier1,cuda,nvenc,cutfix_full_tier1_20260729_01
jeXhVP_QhJU_s0000398786_e0000406110,jeXhVP_QhJU,398.786,406.11,7.324,1.0,1.0,3.13,/kaggle/working/cut_cutfix_full_tier1_20260729_01/tier1/200_250/media/jeXhVP_QhJU_s0000398786_e0000406110.mp4,tier1,cuda,nvenc,cutfix_full_tier1_20260729_01
jeXhVP_QhJU_s0000406338_e0000417278,jeXhVP_QhJU,406.338,417.278,10.94,0.818,1.0,2.4,/kaggle/working/cut_cutfix_full_tier1_20260729_01/tier1/200_250/media/jeXhVP_QhJU_s0000406338_e0000417278.mp4,tier1,cuda,nvenc,cutfix_full_tier1_20260729_01
jeXhVP_QhJU_s0000417506_e0000423326,jeXhVP_QhJU,417.506,423.326,5.82,1.0,1.0,1.44,/kaggle/working/cut_cutfix_full_tier1_20260729_01/tier1/200_250/media/jeXhVP_QhJU_s0000417506_e0000423326.mp4,tier1,cuda,nvenc,cutfix_full_tier1_20260729_01
jeXhVP_QhJU_s0000428194_e0000433194,jeXhVP_QhJU,428.194,433.194,5.0,1.0,1.0,2.33,/kaggle/working/cut_cutfix_full_tier1_20260729_01/tier1/200_250/media/jeXhVP_QhJU_s0000428194_e0000433194.mp4,tier1,cuda,nvenc,cutfix_full_tier1_20260729_01
jeXhVP_QhJU_s0000439522_e0000443230,jeXhVP_QhJU,439.522,443.23,3.708,1.0,1.0,2.23,/kaggle/working/cut_cutfix_full_tier1_20260729_01/tier1/200_250/media/jeXhVP_QhJU_s0000439522_e0000443230.mp4,tier1,cuda,nvenc,cutfix_full_tier1_20260729_01
jeXhVP_QhJU_s0000444578_e0000451774,jeXhVP_QhJU,444.578,451.774,7.196,0.714,1.0,1.94,/kaggle/working/cut_cutfix_full_tier1_20260729_01/tier1/200_250/media/jeXhVP_QhJU_s0000444578_e0000451774.mp4,tier1,cuda,nvenc,cutfix_full_tier1_20260729_01
jeXhVP_QhJU_s0000481890_e0000487902,jeXhVP_QhJU,481.89,487.902,6.012,1.0,1.0,1.57,/kaggle/working/cut_cutfix_full_tier1_20260729_01/tier1/200_250/media/jeXhVP_QhJU_s0000481890_e0000487902.mp4,tier1,cuda,nvenc,cutfix_full_tier1_20260729_01
jeXhVP_QhJU_s0000488066_e0000493598,jeXhVP_QhJU,488.066,493.598,5.532,1.0,1.0,2.4,/kaggle/working/cut_cutfix_full_tier1_20260729_01/tier1/200_250/media/jeXhVP_QhJU_s0000488066_e0000493598.mp4,tier1,cuda,nvenc,cutfix_full_tier1_20260729_01
jeXhVP_QhJU_s0000493794_e0000501214,jeXhVP_QhJU,493.794,501.214,7.42,1.0,1.0,1.68,/kaggle/working/cut_cutfix_full_tier1_20260729_01/tier1/200_250/media/jeXhVP_QhJU_s0000493794_e0000501214.mp4,tier1,cuda,nvenc,cutfix_full_tier1_20260729_01
jeXhVP_QhJU_s0000507746_e0000512638,jeXhVP_QhJU,507.746,512.638,4.892,1.0,1.0,2.02,/kaggle/working/cut_cutfix_full_tier1_20260729_01/tier1/200_250/media/jeXhVP_QhJU_s0000507746_e0000512638.mp4,tier1,cuda,nvenc,cutfix_full_tier1_20260729_01
jeXhVP_QhJU_s0000526882_e0000531882,jeXhVP_QhJU,526.882,531.882,5.0,1.0,1.0,3.5,/kaggle/working/cut_cutfix_full_tier1_20260729_01/tier1/200_250/media/jeXhVP_QhJU_s0000526882_e0000531882.mp4,tier1,cuda,nvenc,cutfix_full_tier1_20260729_01
jeXhVP_QhJU_s0000530882_e0000535882,jeXhVP_QhJU,530.882,535.882,5.0,1.0,1.0,2.3,/kaggle/working/cut_cutfix_full_tier1_20260729_01/tier1/200_250/media/jeXhVP_QhJU_s0000530882_e0000535882.mp4,tier1,cuda,nvenc,cutfix_full_tier1_20260729_01
jeXhVP_QhJU_s0000550530_e0000553822,jeXhVP_QhJU,550.53,553.822,3.292,1.0,1.0,1.93,/kaggle/working/cut_cutfix_full_tier1_20260729_01/tier1/200_250/media/jeXhVP_QhJU_s0000550530_e0000553822.mp4,tier1,cuda,nvenc,cutfix_full_tier1_20260729_01
jeXhVP_QhJU_s0000584066_e0000586654,jeXhVP_QhJU,584.066,586.654,2.588,1.0,1.0,5.17,/kaggle/working/cut_cutfix_full_tier1_20260729_01/tier1/200_250/media/jeXhVP_QhJU_s0000584066_e0000586654.mp4,tier1,cuda,nvenc,cutfix_full_tier1_20260729_01
jeXhVP_QhJU_s0000587234_e0000597086,jeXhVP_QhJU,587.234,597.086,9.852,0.9,1.0,3.42,/kaggle/working/cut_cutfix_full_tier1_20260729_01/tier1/200_250/media/jeXhVP_QhJU_s0000587234_e0000597086.mp4,tier1,cuda,nvenc,cutfix_full_tier1_20260729_01
jeXhVP_QhJU_s0000597570_e0000600478,jeXhVP_QhJU,597.57,600.478,2.908,1.0,1.0,4.49,/kaggle/working/cut_cutfix_full_tier1_20260729_01/tier1/200_250/media/jeXhVP_QhJU_s0000597570_e0000600478.mp4,tier1,cuda,nvenc,cutfix_full_tier1_20260729_01
jeXhVP_QhJU_s0000601186_e0000606186,jeXhVP_QhJU,601.186,606.186,5.0,0.8,1.0,2.24,/kaggle/working/cut_cutfix_full_tier1_20260729_01/tier1/200_250/media/jeXhVP_QhJU_s0000601186_e0000606186.mp4,tier1,cuda,nvenc,cutfix_full_tier1_20260729_01
jeXhVP_QhJU_s0000605186_e0000610186,jeXhVP_QhJU,605.186,610.186,5.0,1.0,1.0,3.02,/kaggle/working/cut_cutfix_full_tier1_20260729_01/tier1/200_250/media/jeXhVP_QhJU_s0000605186_e0000610186.mp4,tier1,cuda,nvenc,cutfix_full_tier1_20260729_01
jeXhVP_QhJU_s0000609186_e0000613886,jeXhVP_QhJU,609.186,613.886,4.7,1.0,1.0,2.88,/kaggle/working/cut_cutfix_full_tier1_20260729_01/tier1/200_250/media/jeXhVP_QhJU_s0000609186_e0000613886.mp4,tier1,cuda,nvenc,cutfix_full_tier1_20260729_01
jeXhVP_QhJU_s0000614114_e0000622558,jeXhVP_QhJU,614.114,622.558,8.444,0.875,1.0,2.28,/kaggle/working/cut_cutfix_full_tier1_20260729_01/tier1/200_250/media/jeXhVP_QhJU_s0000614114_e0000622558.mp4,tier1,cuda,nvenc,cutfix_full_tier1_20260729_01
jeXhVP_QhJU_s0000622786_e0000629438,jeXhVP_QhJU,622.786,629.438,6.652,0.857,1.0,2.81,/kaggle/working/cut_cutfix_full_tier1_20260729_01/tier1/200_250/media/jeXhVP_QhJU_s0000622786_e0000629438.mp4,tier1,cuda,nvenc,cutfix_full_tier1_20260729_01
jeXhVP_QhJU_s0000630466_e0000641342,jeXhVP_QhJU,630.466,641.342,10.876,0.909,1.0,1.99,/kaggle/working/cut_cutfix_full_tier1_20260729_01/tier1/200_250/media/jeXhVP_QhJU_s0000630466_e0000641342.mp4,tier1,cuda,nvenc,cutfix_full_tier1_20260729_01
jeXhVP_QhJU_s0000641666_e0000645598,jeXhVP_QhJU,641.666,645.598,3.932,1.0,1.0,2.15,/kaggle/working/cut_cutfix_full_tier1_20260729_01/tier1/200_250/media/jeXhVP_QhJU_s0000641666_e0000645598.mp4,tier1,cuda,nvenc,cutfix_full_tier1_20260729_01
jeXhVP_QhJU_s0000645794_e0000653022,jeXhVP_QhJU,645.794,653.022,7.228,0.875,1.0,2.12,/kaggle/working/cut_cutfix_full_tier1_20260729_01/tier1/200_250/media/jeXhVP_QhJU_s0000645794_e0000653022.mp4,tier1,cuda,nvenc,cutfix_full_tier1_20260729_01
jeXhVP_QhJU_s0000653154_e0000658154,jeXhVP_QhJU,653.154,658.154,5.0,1.0,1.0,2.42,/kaggle/working/cut_cutfix_full_tier1_20260729_01/tier1/200_250/media/jeXhVP_QhJU_s0000653154_e0000658154.mp4,tier1,cuda,nvenc,cutfix_full_tier1_20260729_01
jeXhVP_QhJU_s0000657154_e0000662154,jeXhVP_QhJU,657.154,662.154,5.0,0.8,1.0,1.82,/kaggle/working/cut_cutfix_full_tier1_20260729_01/tier1/200_250/media/jeXhVP_QhJU_s0000657154_e0000662154.mp4,tier1,cuda,nvenc,cutfix_full_tier1_20260729_01
jeXhVP_QhJU_s0000661154_e0000665982,jeXhVP_QhJU,661.154,665.982,4.828,1.0,1.0,0.75,/kaggle/working/cut_cutfix_full_tier1_20260729_01/tier1/200_250/media/jeXhVP_QhJU_s0000661154_e0000665982.mp4,tier1,cuda,nvenc,cutfix_full_tier1_20260729_01
jeXhVP_QhJU_s0000667202_e0000672202,jeXhVP_QhJU,667.202,672.202,5.0,0.8,1.0,3.52,/kaggle/working/cut_cutfix_full_tier1_20260729_01/tier1/200_250/media/jeXhVP_QhJU_s0000667202_e0000672202.mp4,tier1,cuda,nvenc,cutfix_full_tier1_20260729_01
jeXhVP_QhJU_s0000671202_e0000676202,jeXhVP_QhJU,671.202,676.202,5.0,1.0,1.0,3.55,/kaggle/working/cut_cutfix_full_tier1_20260729_01/tier1/200_250/media/jeXhVP_QhJU_s0000671202_e0000676202.mp4,tier1,cuda,nvenc,cutfix_full_tier1_20260729_01
jeXhVP_QhJU_s0000675202_e0000680202,jeXhVP_QhJU,675.202,680.202,5.0,1.0,1.0,2.96,/kaggle/working/cut_cutfix_full_tier1_20260729_01/tier1/200_250/media/jeXhVP_QhJU_s0000675202_e0000680202.mp4,tier1,cuda,nvenc,cutfix_full_tier1_20260729_01
jeXhVP_QhJU_s0000679202_e0000684202,jeXhVP_QhJU,679.202,684.202,5.0,0.8,1.0,3.15,/kaggle/working/cut_cutfix_full_tier1_20260729_01/tier1/200_250/media/jeXhVP_QhJU_s0000679202_e0000684202.mp4,tier1,cuda,nvenc,cutfix_full_tier1_20260729_01
jeXhVP_QhJU_s0000683202_e0000688202,jeXhVP_QhJU,683.202,688.202,5.0,1.0,1.0,1.37,/kaggle/working/cut_cutfix_full_tier1_20260729_01/tier1/200_250/media/jeXhVP_QhJU_s0000683202_e0000688202.mp4,tier1,cuda,nvenc,cutfix_full_tier1_20260729_01
jeXhVP_QhJU_s0000687202_e0000692202,jeXhVP_QhJU,687.202,692.202,5.0,1.0,1.0,2.37,/kaggle/working/cut_cutfix_full_tier1_20260729_01/tier1/200_250/media/jeXhVP_QhJU_s0000687202_e0000692202.mp4,tier1,cuda,nvenc,cutfix_full_tier1_20260729_01
jeXhVP_QhJU_s0000693282_e0000697374,jeXhVP_QhJU,693.282,697.374,4.092,1.0,1.0,3.9,/kaggle/working/cut_cutfix_full_tier1_20260729_01/tier1/200_250/media/jeXhVP_QhJU_s0000693282_e0000697374.mp4,tier1,cuda,nvenc,cutfix_full_tier1_20260729_01
jeXhVP_QhJU_s0000697698_e0000702698,jeXhVP_QhJU,697.698,702.698,5.0,1.0,1.0,2.61,/kaggle/working/cut_cutfix_full_tier1_20260729_01/tier1/200_250/media/jeXhVP_QhJU_s0000697698_e0000702698.mp4,tier1,cuda,nvenc,cutfix_full_tier1_20260729_01
jeXhVP_QhJU_s0000705698_e0000710698,jeXhVP_QhJU,705.698,710.698,5.0,1.0,1.0,2.26,/kaggle/working/cut_cutfix_full_tier1_20260729_01/tier1/200_250/media/jeXhVP_QhJU_s0000705698_e0000710698.mp4,tier1,cuda,nvenc,cutfix_full_tier1_20260729_01
jeXhVP_QhJU_s0000713922_e0000715998,jeXhVP_QhJU,713.922,715.998,2.076,1.0,1.0,1.09,/kaggle/working/cut_cutfix_full_tier1_20260729_01/tier1/200_250/media/jeXhVP_QhJU_s0000713922_e0000715998.mp4,tier1,cuda,nvenc,cutfix_full_tier1_20260729_01
jeXhVP_QhJU_s0000716450_e0000722238,jeXhVP_QhJU,716.45,722.238,5.788,1.0,1.0,2.86,/kaggle/working/cut_cutfix_full_tier1_20260729_01/tier1/200_250/media/jeXhVP_QhJU_s0000716450_e0000722238.mp4,tier1,cuda,nvenc,cutfix_full_tier1_20260729_01
jeXhVP_QhJU_s0000722690_e0000728926,jeXhVP_QhJU,722.69,728.926,6.236,0.833,1.0,2.05,/kaggle/working/cut_cutfix_full_tier1_20260729_01/tier1/200_250/media/jeXhVP_QhJU_s0000722690_e0000728926.mp4,tier1,cuda,nvenc,cutfix_full_tier1_20260729_01
jeXhVP_QhJU_s0000730338_e0000732798,jeXhVP_QhJU,730.338,732.798,2.46,1.0,1.0,2.28,/kaggle/working/cut_cutfix_full_tier1_20260729_01/tier1/200_250/media/jeXhVP_QhJU_s0000730338_e0000732798.mp4,tier1,cuda,nvenc,cutfix_full_tier1_20260729_01
jeXhVP_QhJU_s0000736706_e0000741706,jeXhVP_QhJU,736.706,741.706,5.0,1.0,1.0,2.19,/kaggle/working/cut_cutfix_full_tier1_20260729_01/tier1/200_250/media/jeXhVP_QhJU_s0000736706_e0000741706.mp4,tier1,cuda,nvenc,cutfix_full_tier1_20260729_01
jeXhVP_QhJU_s0000740706_e0000745706,jeXhVP_QhJU,740.706,745.706,5.0,1.0,1.0,1.76,/kaggle/working/cut_cutfix_full_tier1_20260729_01/tier1/200_250/media/jeXhVP_QhJU_s0000740706_e0000745706.mp4,tier1,cuda,nvenc,cutfix_full_tier1_20260729_01
jeXhVP_QhJU_s0000744706_e0000749706,jeXhVP_QhJU,744.706,749.706,5.0,0.8,1.0,1.43,/kaggle/working/cut_cutfix_full_tier1_20260729_01/tier1/200_250/media/jeXhVP_QhJU_s0000744706_e0000749706.mp4,tier1,cuda,nvenc,cutfix_full_tier1_20260729_01
jeXhVP_QhJU_s0000748706_e0000753706,jeXhVP_QhJU,748.706,753.706,5.0,1.0,1.0,2.39,/kaggle/working/cut_cutfix_full_tier1_20260729_01/tier1/200_250/media/jeXhVP_QhJU_s0000748706_e0000753706.mp4,tier1,cuda,nvenc,cutfix_full_tier1_20260729_01
jeXhVP_QhJU_s0000752706_e0000757706,jeXhVP_QhJU,752.706,757.706,5.0,0.8,1.0,1.3,/kaggle/working/cut_cutfix_full_tier1_20260729_01/tier1/200_250/media/jeXhVP_QhJU_s0000752706_e0000757706.mp4,tier1,cuda,nvenc,cutfix_full_tier1_20260729_01
jeXhVP_QhJU_s0000762114_e0000770078,jeXhVP_QhJU,762.114,770.078,7.964,1.0,1.0,4.41,/kaggle/working/cut_cutfix_full_tier1_20260729_01/tier1/200_250/media/jeXhVP_QhJU_s0000762114_e0000770078.mp4,tier1,cuda,nvenc,cutfix_full_tier1_20260729_01
jfQzsbl5zZc_s0000009730_e0000013822,jfQzsbl5zZc,9.73,13.822,4.092,1.0,1.0,20.63,/kaggle/working/cut_cutfix_full_tier1_20260729_01/tier1/200_250/media/jfQzsbl5zZc_s0000009730_e0000013822.mp4,tier1,cuda,nvenc,cutfix_full_tier1_20260729_01
jfQzsbl5zZc_s0000015586_e0000018814,jfQzsbl5zZc,15.586,18.814,3.228,1.0,1.0,20.38,/kaggle/working/cut_cutfix_full_tier1_20260729_01/tier1/200_250/media/jfQzsbl5zZc_s0000015586_e0000018814.mp4,tier1,cuda,nvenc,cutfix_full_tier1_20260729_01
jfQzsbl5zZc_s0000018914_e0000021438,jfQzsbl5zZc,18.914,21.438,2.524,1.0,1.0,18.78,/kaggle/working/cut_cutfix_full_tier1_20260729_01/tier1/200_250/media/jfQzsbl5zZc_s0000018914_e0000021438.mp4,tier1,cuda,nvenc,cutfix_full_tier1_20260729_01
jfQzsbl5zZc_s0000021602_e0000024798,jfQzsbl5zZc,21.602,24.798,3.196,1.0,1.0,20.34,/kaggle/working/cut_cutfix_full_tier1_20260729_01/tier1/200_250/media/jfQzsbl5zZc_s0000021602_e0000024798.mp4,tier1,cuda,nvenc,cutfix_full_tier1_20260729_01
jfQzsbl5zZc_s0000027586_e0000032638,jfQzsbl5zZc,27.586,32.638,5.052,1.0,1.0,20.16,/kaggle/working/cut_cutfix_full_tier1_20260729_01/tier1/200_250/media/jfQzsbl5zZc_s0000027586_e0000032638.mp4,tier1,cuda,nvenc,cutfix_full_tier1_20260729_01
jfQzsbl5zZc_s0000032962_e0000035518,jfQzsbl5zZc,32.962,35.518,2.556,1.0,1.0,17.93,/kaggle/working/cut_cutfix_full_tier1_20260729_01/tier1/200_250/media/jfQzsbl5zZc_s0000032962_e0000035518.mp4,tier1,cuda,nvenc,cutfix_full_tier1_20260729_01
jfQzsbl5zZc_s0000041698_e0000044030,jfQzsbl5zZc,41.698,44.03,2.332,1.0,1.0,22.93,/kaggle/working/cut_cutfix_full_tier1_20260729_01/tier1/200_250/media/jfQzsbl5zZc_s0000041698_e0000044030.mp4,tier1,cuda,nvenc,cutfix_full_tier1_20260729_01
jfQzsbl5zZc_s0000044546_e0000055870,jfQzsbl5zZc,44.546,55.87,11.324,1.0,1.0,19.9,/kaggle/working/cut_cutfix_full_tier1_20260729_01/tier1/200_250/media/jfQzsbl5zZc_s0000044546_e0000055870.mp4,tier1,cuda,nvenc,cutfix_full_tier1_20260729_01
jfQzsbl5zZc_s0000056066_e0000058590,jfQzsbl5zZc,56.066,58.59,2.524,1.0,1.0,20.02,/kaggle/working/cut_cutfix_full_tier1_20260729_01/tier1/200_250/media/jfQzsbl5zZc_s0000056066_e0000058590.mp4,tier1,cuda,nvenc,cutfix_full_tier1_20260729_01
jfQzsbl5zZc_s0000060130_e0000063070,jfQzsbl5zZc,60.13,63.07,2.94,1.0,1.0,18.79,/kaggle/working/cut_cutfix_full_tier1_20260729_01/tier1/200_250/media/jfQzsbl5zZc_s0000060130_e0000063070.mp4,tier1,cuda,nvenc,cutfix_full_tier1_20260729_01
jfQzsbl5zZc_s0000064834_e0000068254,jfQzsbl5zZc,64.834,68.254,3.42,1.0,1.0,19.79,/kaggle/working/cut_cutfix_full_tier1_20260729_01/tier1/200_250/media/jfQzsbl5zZc_s0000064834_e0000068254.mp4,tier1,cuda,nvenc,cutfix_full_tier1_20260729_01
jfQzsbl5zZc_s0000068418_e0000073822,jfQzsbl5zZc,68.418,73.822,5.404,1.0,1.0,19.52,/kaggle/working/cut_cutfix_full_tier1_20260729_01/tier1/200_250/media/jfQzsbl5zZc_s0000068418_e0000073822.mp4,tier1,cuda,nvenc,cutfix_full_tier1_20260729_01
jfQzsbl5zZc_s0000074210_e0000084158,jfQzsbl5zZc,74.21,84.158,9.948,1.0,1.0,19.33,/kaggle/working/cut_cutfix_full_tier1_20260729_01/tier1/200_250/media/jfQzsbl5zZc_s0000074210_e0000084158.mp4,tier1,cuda,nvenc,cutfix_full_tier1_20260729_01
jfQzsbl5zZc_s0000084322_e0000089322,jfQzsbl5zZc,84.322,89.322,5.0,1.0,1.0,18.44,/kaggle/working/cut_cutfix_full_tier1_20260729_01/tier1/200_250/media/jfQzsbl5zZc_s0000084322_e0000089322.mp4,tier1,cuda,nvenc,cutfix_full_tier1_20260729_01
jfQzsbl5zZc_s0000088322_e0000093322,jfQzsbl5zZc,88.322,93.322,5.0,1.0,1.0,20.11,/kaggle/working/cut_cutfix_full_tier1_20260729_01/tier1/200_250/media/jfQzsbl5zZc_s0000088322_e0000093322.mp4,tier1,cuda,nvenc,cutfix_full_tier1_20260729_01
jfQzsbl5zZc_s0000092322_e0000097322,jfQzsbl5zZc,92.322,97.322,5.0,1.0,1.0,19.48,/kaggle/working/cut_cutfix_full_tier1_20260729_01/tier1/200_250/media/jfQzsbl5zZc_s0000092322_e0000097322.mp4,tier1,cuda,nvenc,cutfix_full_tier1_20260729_01
jfQzsbl5zZc_s0000100002_e0000104094,jfQzsbl5zZc,100.002,104.094,4.092,1.0,1.0,19.66,/kaggle/working/cut_cutfix_full_tier1_20260729_01/tier1/200_250/media/jfQzsbl5zZc_s0000100002_e0000104094.mp4,tier1,cuda,nvenc,cutfix_full_tier1_20260729_01
jfQzsbl5zZc_s0000104194_e0000106430,jfQzsbl5zZc,104.194,106.43,2.236,1.0,1.0,19.23,/kaggle/working/cut_cutfix_full_tier1_20260729_01/tier1/200_250/media/jfQzsbl5zZc_s0000104194_e0000106430.mp4,tier1,cuda,nvenc,cutfix_full_tier1_20260729_01
jfQzsbl5zZc_s0000106722_e0000112446,jfQzsbl5zZc,106.722,112.446,5.724,1.0,1.0,19.01,/kaggle/working/cut_cutfix_full_tier1_20260729_01/tier1/200_250/media/jfQzsbl5zZc_s0000106722_e0000112446.mp4,tier1,cuda,nvenc,cutfix_full_tier1_20260729_01
jfQzsbl5zZc_s0000117730_e0000124542,jfQzsbl5zZc,117.73,124.542,6.812,1.0,1.0,21.15,/kaggle/working/cut_cutfix_full_tier1_20260729_01/tier1/200_250/media/jfQzsbl5zZc_s0000117730_e0000124542.mp4,tier1,cuda,nvenc,cutfix_full_tier1_20260729_01
jfQzsbl5zZc_s0000124674_e0000127358,jfQzsbl5zZc,124.674,127.358,2.684,1.0,1.0,19.36,/kaggle/working/cut_cutfix_full_tier1_20260729_01/tier1/200_250/media/jfQzsbl5zZc_s0000124674_e0000127358.mp4,tier1,cuda,nvenc,cutfix_full_tier1_20260729_01
jfQzsbl5zZc_s0000127490_e0000131134,jfQzsbl5zZc,127.49,131.134,3.644,1.0,1.0,19.51,/kaggle/working/cut_cutfix_full_tier1_20260729_01/tier1/200_250/media/jfQzsbl5zZc_s0000127490_e0000131134.mp4,tier1,cuda,nvenc,cutfix_full_tier1_20260729_01
jfQzsbl5zZc_s0000131234_e0000134270,jfQzsbl5zZc,131.234,134.27,3.036,1.0,1.0,21.64,/kaggle/working/cut_cutfix_full_tier1_20260729_01/tier1/200_250/media/jfQzsbl5zZc_s0000131234_e0000134270.mp4,tier1,cuda,nvenc,cutfix_full_tier1_20260729_01
jfQzsbl5zZc_s0000135522_e0000137950,jfQzsbl5zZc,135.522,137.95,2.428,1.0,1.0,21.19,/kaggle/working/cut_cutfix_full_tier1_20260729_01/tier1/200_250/media/jfQzsbl5zZc_s0000135522_e0000137950.mp4,tier1,cuda,nvenc,cutfix_full_tier1_20260729_01
jfQzsbl5zZc_s0000138210_e0000150046,jfQzsbl5zZc,138.21,150.046,11.836,1.0,1.0,19.93,/kaggle/working/cut_cutfix_full_tier1_20260729_01/tier1/200_250/media/jfQzsbl5zZc_s0000138210_e0000150046.mp4,tier1,cuda,nvenc,cutfix_full_tier1_20260729_01
jfQzsbl5zZc_s0000152258_e0000163966,jfQzsbl5zZc,152.258,163.966,11.708,1.0,1.0,21.18,/kaggle/working/cut_cutfix_full_tier1_20260729_01/tier1/200_250/media/jfQzsbl5zZc_s0000152258_e0000163966.mp4,tier1,cuda,nvenc,cutfix_full_tier1_20260729_01
jfQzsbl5zZc_s0000164162_e0000168158,jfQzsbl5zZc,164.162,168.158,3.996,1.0,1.0,21.2,/kaggle/working/cut_cutfix_full_tier1_20260729_01/tier1/200_250/media/jfQzsbl5zZc_s0000164162_e0000168158.mp4,tier1,cuda,nvenc,cutfix_full_tier1_20260729_01
jfQzsbl5zZc_s0000168290_e0000171966,jfQzsbl5zZc,168.29,171.966,3.676,1.0,1.0,19.15,/kaggle/working/cut_cutfix_full_tier1_20260729_01/tier1/200_250/media/jfQzsbl5zZc_s0000168290_e0000171966.mp4,tier1,cuda,nvenc,cutfix_full_tier1_20260729_01
jfQzsbl5zZc_s0000172098_e0000174750,jfQzsbl5zZc,172.098,174.75,2.652,1.0,1.0,16.82,/kaggle/working/cut_cutfix_full_tier1_20260729_01/tier1/200_250/media/jfQzsbl5zZc_s0000172098_e0000174750.mp4,tier1,cuda,nvenc,cutfix_full_tier1_20260729_01
jfQzsbl5zZc_s0000174882_e0000177790,jfQzsbl5zZc,174.882,177.79,2.908,1.0,1.0,21.13,/kaggle/working/cut_cutfix_full_tier1_20260729_01/tier1/200_250/media/jfQzsbl5zZc_s0000174882_e0000177790.mp4,tier1,cuda,nvenc,cutfix_full_tier1_20260729_01
jfQzsbl5zZc_s0000177954_e0000182954,jfQzsbl5zZc,177.954,182.954,5.0,1.0,1.0,18.76,/kaggle/working/cut_cutfix_full_tier1_20260729_01/tier1/200_250/media/jfQzsbl5zZc_s0000177954_e0000182954.mp4,tier1,cuda,nvenc,cutfix_full_tier1_20260729_01
jfQzsbl5zZc_s0000181954_e0000186954,jfQzsbl5zZc,181.954,186.954,5.0,1.0,1.0,18.23,/kaggle/working/cut_cutfix_full_tier1_20260729_01/tier1/200_250/media/jfQzsbl5zZc_s0000181954_e0000186954.mp4,tier1,cuda,nvenc,cutfix_full_tier1_20260729_01
jfQzsbl5zZc_s0000185954_e0000190302,jfQzsbl5zZc,185.954,190.302,4.348,1.0,1.0,19.25,/kaggle/working/cut_cutfix_full_tier1_20260729_01/tier1/200_250/media/jfQzsbl5zZc_s0000185954_e0000190302.mp4,tier1,cuda,nvenc,cutfix_full_tier1_20260729_01
jfQzsbl5zZc_s0000190498_e0000195498,jfQzsbl5zZc,190.498,195.498,5.0,1.0,1.0,18.17,/kaggle/working/cut_cutfix_full_tier1_20260729_01/tier1/200_250/media/jfQzsbl5zZc_s0000190498_e0000195498.mp4,tier1,cuda,nvenc,cutfix_full_tier1_20260729_01
jfQzsbl5zZc_s0000194498_e0000199498,jfQzsbl5zZc,194.498,199.498,5.0,1.0,1.0,18.43,/kaggle/working/cut_cutfix_full_tier1_20260729_01/tier1/200_250/media/jfQzsbl5zZc_s0000194498_e0000199498.mp4,tier1,cuda,nvenc,cutfix_full_tier1_20260729_01
jfQzsbl5zZc_s0000198498_e0000203498,jfQzsbl5zZc,198.498,203.498,5.0,1.0,1.0,18.07,/kaggle/working/cut_cutfix_full_tier1_20260729_01/tier1/200_250/media/jfQzsbl5zZc_s0000198498_e0000203498.mp4,tier1,cuda,nvenc,cutfix_full_tier1_20260729_01
jfQzsbl5zZc_s0000204610_e0000206974,jfQzsbl5zZc,204.61,206.974,2.364,1.0,1.0,23.02,/kaggle/working/cut_cutfix_full_tier1_20260729_01/tier1/200_250/media/jfQzsbl5zZc_s0000204610_e0000206974.mp4,tier1,cuda,nvenc,cutfix_full_tier1_20260729_01
jfQzsbl5zZc_s0000207298_e0000212298,jfQzsbl5zZc,207.298,212.298,5.0,1.0,1.0,19.11,/kaggle/working/cut_cutfix_full_tier1_20260729_01/tier1/200_250/media/jfQzsbl5zZc_s0000207298_e0000212298.mp4,tier1,cuda,nvenc,cutfix_full_tier1_20260729_01
jfQzsbl5zZc_s0000211298_e0000216298,jfQzsbl5zZc,211.298,216.298,5.0,1.0,1.0,19.06,/kaggle/working/cut_cutfix_full_tier1_20260729_01/tier1/200_250/media/jfQzsbl5zZc_s0000211298_e0000216298.mp4,tier1,cuda,nvenc,cutfix_full_tier1_20260729_01
jfQzsbl5zZc_s0000215298_e0000220254,jfQzsbl5zZc,215.298,220.254,4.956,1.0,1.0,21.2,/kaggle/working/cut_cutfix_full_tier1_20260729_01/tier1/200_250/media/jfQzsbl5zZc_s0000215298_e0000220254.mp4,tier1,cuda,nvenc,cutfix_full_tier1_20260729_01
jfQzsbl5zZc_s0000220354_e0000224798,jfQzsbl5zZc,220.354,224.798,4.444,1.0,1.0,20.39,/kaggle/working/cut_cutfix_full_tier1_20260729_01/tier1/200_250/media/jfQzsbl5zZc_s0000220354_e0000224798.mp4,tier1,cuda,nvenc,cutfix_full_tier1_20260729_01
jfQzsbl5zZc_s0000225026_e0000230366,jfQzsbl5zZc,225.026,230.366,5.34,1.0,1.0,19.64,/kaggle/working/cut_cutfix_full_tier1_20260729_01/tier1/200_250/media/jfQzsbl5zZc_s0000225026_e0000230366.mp4,tier1,cuda,nvenc,cutfix_full_tier1_20260729_01
jfQzsbl5zZc_s0000232194_e0000235966,jfQzsbl5zZc,232.194,235.966,3.772,1.0,1.0,19.65,/kaggle/working/cut_cutfix_full_tier1_20260729_01/tier1/200_250/media/jfQzsbl5zZc_s0000232194_e0000235966.mp4,tier1,cuda,nvenc,cutfix_full_tier1_20260729_01
jfQzsbl5zZc_s0000239906_e0000245150,jfQzsbl5zZc,239.906,245.15,5.244,1.0,1.0,21.6,/kaggle/working/cut_cutfix_full_tier1_20260729_01/tier1/200_250/media/jfQzsbl5zZc_s0000239906_e0000245150.mp4,tier1,cuda,nvenc,cutfix_full_tier1_20260729_01
jfQzsbl5zZc_s0000245282_e0000248222,jfQzsbl5zZc,245.282,248.222,2.94,1.0,1.0,20.13,/kaggle/working/cut_cutfix_full_tier1_20260729_01/tier1/200_250/media/jfQzsbl5zZc_s0000245282_e0000248222.mp4,tier1,cuda,nvenc,cutfix_full_tier1_20260729_01
jfQzsbl5zZc_s0000248354_e0000255166,jfQzsbl5zZc,248.354,255.166,6.812,1.0,1.0,20.98,/kaggle/working/cut_cutfix_full_tier1_20260729_01/tier1/200_250/media/jfQzsbl5zZc_s0000248354_e0000255166.mp4,tier1,cuda,nvenc,cutfix_full_tier1_20260729_01
jfQzsbl5zZc_s0000255586_e0000259038,jfQzsbl5zZc,255.586,259.038,3.452,1.0,1.0,18.78,/kaggle/working/cut_cutfix_full_tier1_20260729_01/tier1/200_250/media/jfQzsbl5zZc_s0000255586_e0000259038.mp4,tier1,cuda,nvenc,cutfix_full_tier1_20260729_01
jfQzsbl5zZc_s0000263042_e0000267390,jfQzsbl5zZc,263.042,267.39,4.348,1.0,1.0,17.35,/kaggle/working/cut_cutfix_full_tier1_20260729_01/tier1/200_250/media/jfQzsbl5zZc_s0000263042_e0000267390.mp4,tier1,cuda,nvenc,cutfix_full_tier1_20260729_01
jfQzsbl5zZc_s0000268994_e0000271358,jfQzsbl5zZc,268.994,271.358,2.364,1.0,1.0,23.73,/kaggle/working/cut_cutfix_full_tier1_20260729_01/tier1/200_250/media/jfQzsbl5zZc_s0000268994_e0000271358.mp4,tier1,cuda,nvenc,cutfix_full_tier1_20260729_01
jfQzsbl5zZc_s0000272546_e0000281566,jfQzsbl5zZc,272.546,281.566,9.02,1.0,1.0,19.29,/kaggle/working/cut_cutfix_full_tier1_20260729_01/tier1/200_250/media/jfQzsbl5zZc_s0000272546_e0000281566.mp4,tier1,cuda,nvenc,cutfix_full_tier1_20260729_01
jfQzsbl5zZc_s0000283874_e0000294974,jfQzsbl5zZc,283.874,294.974,11.1,1.0,1.0,19.56,/kaggle/working/cut_cutfix_full_tier1_20260729_01/tier1/200_250/media/jfQzsbl5zZc_s0000283874_e0000294974.mp4,tier1,cuda,nvenc,cutfix_full_tier1_20260729_01
jfQzsbl5zZc_s0000295170_e0000300170,jfQzsbl5zZc,295.17,300.17,5.0,1.0,1.0,19.67,/kaggle/working/cut_cutfix_full_tier1_20260729_01/tier1/200_250/media/jfQzsbl5zZc_s0000295170_e0000300170.mp4,tier1,cuda,nvenc,cutfix_full_tier1_20260729_01
jfQzsbl5zZc_s0000299170_e0000304170,jfQzsbl5zZc,299.17,304.17,5.0,1.0,1.0,20.27,/kaggle/working/cut_cutfix_full_tier1_20260729_01/tier1/200_250/media/jfQzsbl5zZc_s0000299170_e0000304170.mp4,tier1,cuda,nvenc,cutfix_full_tier1_20260729_01
jfQzsbl5zZc_s0000303170_e0000308170,jfQzsbl5zZc,303.17,308.17,5.0,1.0,1.0,20.38,/kaggle/working/cut_cutfix_full_tier1_20260729_01/tier1/200_250/media/jfQzsbl5zZc_s0000303170_e0000308170.mp4,tier1,cuda,nvenc,cutfix_full_tier1_20260729_01
jfQzsbl5zZc_s0000307170_e0000312170,jfQzsbl5zZc,307.17,312.17,5.0,1.0,1.0,19.9,/kaggle/working/cut_cutfix_full_tier1_20260729_01/tier1/200_250/media/jfQzsbl5zZc_s0000307170_e0000312170.mp4,tier1,cuda,nvenc,cutfix_full_tier1_20260729_01
jfQzsbl5zZc_s0000311170_e0000316170,jfQzsbl5zZc,311.17,316.17,5.0,1.0,1.0,18.7,/kaggle/working/cut_cutfix_full_tier1_20260729_01/tier1/200_250/media/jfQzsbl5zZc_s0000311170_e0000316170.mp4,tier1,cuda,nvenc,cutfix_full_tier1_20260729_01
jfQzsbl5zZc_s0000315170_e0000319902,jfQzsbl5zZc,315.17,319.902,4.732,1.0,1.0,18.4,/kaggle/working/cut_cutfix_full_tier1_20260729_01/tier1/200_250/media/jfQzsbl5zZc_s0000315170_e0000319902.mp4,tier1,cuda,nvenc,cutfix_full_tier1_20260729_01
jfQzsbl5zZc_s0000322402_e0000326366,jfQzsbl5zZc,322.402,326.366,3.964,1.0,1.0,18.6,/kaggle/working/cut_cutfix_full_tier1_20260729_01/tier1/200_250/media/jfQzsbl5zZc_s0000322402_e0000326366.mp4,tier1,cuda,nvenc,cutfix_full_tier1_20260729_01
jfQzsbl5zZc_s0000327458_e0000331166,jfQzsbl5zZc,327.458,331.166,3.708,1.0,1.0,18.79,/kaggle/working/cut_cutfix_full_tier1_20260729_01/tier1/200_250/media/jfQzsbl5zZc_s0000327458_e0000331166.mp4,tier1,cuda,nvenc,cutfix_full_tier1_20260729_01
jfQzsbl5zZc_s0000331330_e0000334174,jfQzsbl5zZc,331.33,334.174,2.844,1.0,1.0,16.49,/kaggle/working/cut_cutfix_full_tier1_20260729_01/tier1/200_250/media/jfQzsbl5zZc_s0000331330_e0000334174.mp4,tier1,cuda,nvenc,cutfix_full_tier1_20260729_01
jfQzsbl5zZc_s0000337954_e0000341662,jfQzsbl5zZc,337.954,341.662,3.708,1.0,1.0,23.07,/kaggle/working/cut_cutfix_full_tier1_20260729_01/tier1/200_250/media/jfQzsbl5zZc_s0000337954_e0000341662.mp4,tier1,cuda,nvenc,cutfix_full_tier1_20260729_01
jfQzsbl5zZc_s0000342082_e0000344894,jfQzsbl5zZc,342.082,344.894,2.812,1.0,1.0,21.46,/kaggle/working/cut_cutfix_full_tier1_20260729_01/tier1/200_250/media/jfQzsbl5zZc_s0000342082_e0000344894.mp4,tier1,cuda,nvenc,cutfix_full_tier1_20260729_01
jfQzsbl5zZc_s0000344994_e0000349994,jfQzsbl5zZc,344.994,349.994,5.0,1.0,1.0,20.34,/kaggle/working/cut_cutfix_full_tier1_20260729_01/tier1/200_250/media/jfQzsbl5zZc_s0000344994_e0000349994.mp4,tier1,cuda,nvenc,cutfix_full_tier1_20260729_01
jfQzsbl5zZc_s0000348994_e0000353994,jfQzsbl5zZc,348.994,353.994,5.0,1.0,1.0,20.57,/kaggle/working/cut_cutfix_full_tier1_20260729_01/tier1/200_250/media/jfQzsbl5zZc_s0000348994_e0000353994.mp4,tier1,cuda,nvenc,cutfix_full_tier1_20260729_01
jfQzsbl5zZc_s0000352994_e0000357994,jfQzsbl5zZc,352.994,357.994,5.0,1.0,1.0,21.14,/kaggle/working/cut_cutfix_full_tier1_20260729_01/tier1/200_250/media/jfQzsbl5zZc_s0000352994_e0000357994.mp4,tier1,cuda,nvenc,cutfix_full_tier1_20260729_01
jfQzsbl5zZc_s0000356994_e0000361994,jfQzsbl5zZc,356.994,361.994,5.0,1.0,1.0,19.63,/kaggle/working/cut_cutfix_full_tier1_20260729_01/tier1/200_250/media/jfQzsbl5zZc_s0000356994_e0000361994.mp4,tier1,cuda,nvenc,cutfix_full_tier1_20260729_01
jfQzsbl5zZc_s0000360994_e0000365994,jfQzsbl5zZc,360.994,365.994,5.0,1.0,1.0,21.34,/kaggle/working/cut_cutfix_full_tier1_20260729_01/tier1/200_250/media/jfQzsbl5zZc_s0000360994_e0000365994.mp4,tier1,cuda,nvenc,cutfix_full_tier1_20260729_01
jfQzsbl5zZc_s0000367266_e0000375902,jfQzsbl5zZc,367.266,375.902,8.636,1.0,1.0,20.85,/kaggle/working/cut_cutfix_full_tier1_20260729_01/tier1/200_250/media/jfQzsbl5zZc_s0000367266_e0000375902.mp4,tier1,cuda,nvenc,cutfix_full_tier1_20260729_01
jfQzsbl5zZc_s0000376098_e0000381098,jfQzsbl5zZc,376.098,381.098,5.0,1.0,1.0,20.59,/kaggle/working/cut_cutfix_full_tier1_20260729_01/tier1/200_250/media/jfQzsbl5zZc_s0000376098_e0000381098.mp4,tier1,cuda,nvenc,cutfix_full_tier1_20260729_01
jfQzsbl5zZc_s0000380098_e0000385098,jfQzsbl5zZc,380.098,385.098,5.0,1.0,1.0,19.9,/kaggle/working/cut_cutfix_full_tier1_20260729_01/tier1/200_250/media/jfQzsbl5zZc_s0000380098_e0000385098.mp4,tier1,cuda,nvenc,cutfix_full_tier1_20260729_01
jfQzsbl5zZc_s0000384098_e0000389098,jfQzsbl5zZc,384.098,389.098,5.0,1.0,1.0,17.99,/kaggle/working/cut_cutfix_full_tier1_20260729_01/tier1/200_250/media/jfQzsbl5zZc_s0000384098_e0000389098.mp4,tier1,cuda,nvenc,cutfix_full_tier1_20260729_01
jfQzsbl5zZc_s0000388098_e0000393098,jfQzsbl5zZc,388.098,393.098,5.0,1.0,1.0,18.1,/kaggle/working/cut_cutfix_full_tier1_20260729_01/tier1/200_250/media/jfQzsbl5zZc_s0000388098_e0000393098.mp4,tier1,cuda,nvenc,cutfix_full_tier1_20260729_01
jfQzsbl5zZc_s0000392098_e0000394878,jfQzsbl5zZc,392.098,394.878,2.78,1.0,1.0,19.21,/kaggle/working/cut_cutfix_full_tier1_20260729_01/tier1/200_250/media/jfQzsbl5zZc_s0000392098_e0000394878.mp4,tier1,cuda,nvenc,cutfix_full_tier1_20260729_01
jfQzsbl5zZc_s0000397282_e0000403006,jfQzsbl5zZc,397.282,403.006,5.724,1.0,1.0,21.71,/kaggle/working/cut_cutfix_full_tier1_20260729_01/tier1/200_250/media/jfQzsbl5zZc_s0000397282_e0000403006.mp4,tier1,cuda,nvenc,cutfix_full_tier1_20260729_01
jfQzsbl5zZc_s0000403554_e0000408414,jfQzsbl5zZc,403.554,408.414,4.86,1.0,1.0,20.74,/kaggle/working/cut_cutfix_full_tier1_20260729_01/tier1/200_250/media/jfQzsbl5zZc_s0000403554_e0000408414.mp4,tier1,cuda,nvenc,cutfix_full_tier1_20260729_01
jfQzsbl5zZc_s0000408674_e0000413674,jfQzsbl5zZc,408.674,413.674,5.0,1.0,1.0,21.32,/kaggle/working/cut_cutfix_full_tier1_20260729_01/tier1/200_250/media/jfQzsbl5zZc_s0000408674_e0000413674.mp4,tier1,cuda,nvenc,cutfix_full_tier1_20260729_01
jfQzsbl5zZc_s0000412674_e0000417674,jfQzsbl5zZc,412.674,417.674,5.0,1.0,1.0,21.21,/kaggle/working/cut_cutfix_full_tier1_20260729_01/tier1/200_250/media/jfQzsbl5zZc_s0000412674_e0000417674.mp4,tier1,cuda,nvenc,cutfix_full_tier1_20260729_01
jfQzsbl5zZc_s0000416674_e0000421674,jfQzsbl5zZc,416.674,421.674,5.0,1.0,1.0,21.09,/kaggle/working/cut_cutfix_full_tier1_20260729_01/tier1/200_250/media/jfQzsbl5zZc_s0000416674_e0000421674.mp4,tier1,cuda,nvenc,cutfix_full_tier1_20260729_01
jfQzsbl5zZc_s0000420674_e0000423646,jfQzsbl5zZc,420.674,423.646,2.972,1.0,1.0,20.52,/kaggle/working/cut_cutfix_full_tier1_20260729_01/tier1/200_250/media/jfQzsbl5zZc_s0000420674_e0000423646.mp4,tier1,cuda,nvenc,cutfix_full_tier1_20260729_01
jfQzsbl5zZc_s0000423842_e0000428894,jfQzsbl5zZc,423.842,428.894,5.052,1.0,1.0,18.85,/kaggle/working/cut_cutfix_full_tier1_20260729_01/tier1/200_250/media/jfQzsbl5zZc_s0000423842_e0000428894.mp4,tier1,cuda,nvenc,cutfix_full_tier1_20260729_01
jfQzsbl5zZc_s0000429794_e0000434794,jfQzsbl5zZc,429.794,434.794,5.0,1.0,1.0,21.12,/kaggle/working/cut_cutfix_full_tier1_20260729_01/tier1/200_250/media/jfQzsbl5zZc_s0000429794_e0000434794.mp4,tier1,cuda,nvenc,cutfix_full_tier1_20260729_01
jfQzsbl5zZc_s0000433794_e0000438794,jfQzsbl5zZc,433.794,438.794,5.0,1.0,1.0,20.41,/kaggle/working/cut_cutfix_full_tier1_20260729_01/tier1/200_250/media/jfQzsbl5zZc_s0000433794_e0000438794.mp4,tier1,cuda,nvenc,cutfix_full_tier1_20260729_01
jfQzsbl5zZc_s0000437794_e0000442794,jfQzsbl5zZc,437.794,442.794,5.0,1.0,1.0,19.78,/kaggle/working/cut_cutfix_full_tier1_20260729_01/tier1/200_250/media/jfQzsbl5zZc_s0000437794_e0000442794.mp4,tier1,cuda,nvenc,cutfix_full_tier1_20260729_01
jfQzsbl5zZc_s0000441794_e0000446794,jfQzsbl5zZc,441.794,446.794,5.0,1.0,1.0,19.38,/kaggle/working/cut_cutfix_full_tier1_20260729_01/tier1/200_250/media/jfQzsbl5zZc_s0000441794_e0000446794.mp4,tier1,cuda,nvenc,cutfix_full_tier1_20260729_01
jfQzsbl5zZc_s0000447554_e0000451198,jfQzsbl5zZc,447.554,451.198,3.644,1.0,1.0,20.28,/kaggle/working/cut_cutfix_full_tier1_20260729_01/tier1/200_250/media/jfQzsbl5zZc_s0000447554_e0000451198.mp4,tier1,cuda,nvenc,cutfix_full_tier1_20260729_01
jfQzsbl5zZc_s0000451394_e0000455870,jfQzsbl5zZc,451.394,455.87,4.476,1.0,1.0,16.84,/kaggle/working/cut_cutfix_full_tier1_20260729_01/tier1/200_250/media/jfQzsbl5zZc_s0000451394_e0000455870.mp4,tier1,cuda,nvenc,cutfix_full_tier1_20260729_01
jfQzsbl5zZc_s0000456002_e0000466878,jfQzsbl5zZc,456.002,466.878,10.876,1.0,1.0,19.46,/kaggle/working/cut_cutfix_full_tier1_20260729_01/tier1/200_250/media/jfQzsbl5zZc_s0000456002_e0000466878.mp4,tier1,cuda,nvenc,cutfix_full_tier1_20260729_01
jfQzsbl5zZc_s0000469378_e0000474378,jfQzsbl5zZc,469.378,474.378,5.0,1.0,1.0,18.14,/kaggle/working/cut_cutfix_full_tier1_20260729_01/tier1/200_250/media/jfQzsbl5zZc_s0000469378_e0000474378.mp4,tier1,cuda,nvenc,cutfix_full_tier1_20260729_01
jfQzsbl5zZc_s0000473378_e0000478378,jfQzsbl5zZc,473.378,478.378,5.0,1.0,1.0,18.64,/kaggle/working/cut_cutfix_full_tier1_20260729_01/tier1/200_250/media/jfQzsbl5zZc_s0000473378_e0000478378.mp4,tier1,cuda,nvenc,cutfix_full_tier1_20260729_01
jfQzsbl5zZc_s0000477378_e0000482378,jfQzsbl5zZc,477.378,482.378,5.0,1.0,1.0,17.04,/kaggle/working/cut_cutfix_full_tier1_20260729_01/tier1/200_250/media/jfQzsbl5zZc_s0000477378_e0000482378.mp4,tier1,cuda,nvenc,cutfix_full_tier1_20260729_01
jfQzsbl5zZc_s0000481378_e0000486378,jfQzsbl5zZc,481.378,486.378,5.0,1.0,1.0,18.94,/kaggle/working/cut_cutfix_full_tier1_20260729_01/tier1/200_250/media/jfQzsbl5zZc_s0000481378_e0000486378.mp4,tier1,cuda,nvenc,cutfix_full_tier1_20260729_01
jfQzsbl5zZc_s0000485378_e0000490378,jfQzsbl5zZc,485.378,490.378,5.0,1.0,1.0,18.76,/kaggle/working/cut_cutfix_full_tier1_20260729_01/tier1/200_250/media/jfQzsbl5zZc_s0000485378_e0000490378.mp4,tier1,cuda,nvenc,cutfix_full_tier1_20260729_01
jfQzsbl5zZc_s0000492162_e0000494206,jfQzsbl5zZc,492.162,494.206,2.044,1.0,1.0,21.93,/kaggle/working/cut_cutfix_full_tier1_20260729_01/tier1/200_250/media/jfQzsbl5zZc_s0000492162_e0000494206.mp4,tier1,cuda,nvenc,cutfix_full_tier1_20260729_01
jfQzsbl5zZc_s0000494466_e0000497342,jfQzsbl5zZc,494.466,497.342,2.876,1.0,1.0,19.26,/kaggle/working/cut_cutfix_full_tier1_20260729_01/tier1/200_250/media/jfQzsbl5zZc_s0000494466_e0000497342.mp4,tier1,cuda,nvenc,cutfix_full_tier1_20260729_01
jfQzsbl5zZc_s0000497538_e0000504990,jfQzsbl5zZc,497.538,504.99,7.452,1.0,1.0,19.33,/kaggle/working/cut_cutfix_full_tier1_20260729_01/tier1/200_250/media/jfQzsbl5zZc_s0000497538_e0000504990.mp4,tier1,cuda,nvenc,cutfix_full_tier1_20260729_01
jfQzsbl5zZc_s0000506146_e0000509982,jfQzsbl5zZc,506.146,509.982,3.836,1.0,1.0,18.98,/kaggle/working/cut_cutfix_full_tier1_20260729_01/tier1/200_250/media/jfQzsbl5zZc_s0000506146_e0000509982.mp4,tier1,cuda,nvenc,cutfix_full_tier1_20260729_01
jfQzsbl5zZc_s0000510370_e0000517598,jfQzsbl5zZc,510.37,517.598,7.228,1.0,1.0,19.91,/kaggle/working/cut_cutfix_full_tier1_20260729_01/tier1/200_250/media/jfQzsbl5zZc_s0000510370_e0000517598.mp4,tier1,cuda,nvenc,cutfix_full_tier1_20260729_01
jfQzsbl5zZc_s0000517794_e0000523486,jfQzsbl5zZc,517.794,523.486,5.692,1.0,1.0,17.81,/kaggle/working/cut_cutfix_full_tier1_20260729_01/tier1/200_250/media/jfQzsbl5zZc_s0000517794_e0000523486.mp4,tier1,cuda,nvenc,cutfix_full_tier1_20260729_01
jfQzsbl5zZc_s0000524706_e0000529706,jfQzsbl5zZc,524.706,529.706,5.0,1.0,1.0,20.24,/kaggle/working/cut_cutfix_full_tier1_20260729_01/tier1/200_250/media/jfQzsbl5zZc_s0000524706_e0000529706.mp4,tier1,cuda,nvenc,cutfix_full_tier1_20260729_01
jfQzsbl5zZc_s0000528706_e0000533706,jfQzsbl5zZc,528.706,533.706,5.0,1.0,1.0,20.23,/kaggle/working/cut_cutfix_full_tier1_20260729_01/tier1/200_250/media/jfQzsbl5zZc_s0000528706_e0000533706.mp4,tier1,cuda,nvenc,cutfix_full_tier1_20260729_01
jfQzsbl5zZc_s0000532706_e0000537706,jfQzsbl5zZc,532.706,537.706,5.0,1.0,1.0,19.89,/kaggle/working/cut_cutfix_full_tier1_20260729_01/tier1/200_250/media/jfQzsbl5zZc_s0000532706_e0000537706.mp4,tier1,cuda,nvenc,cutfix_full_tier1_20260729_01
jfQzsbl5zZc_s0000536706_e0000541706,jfQzsbl5zZc,536.706,541.706,5.0,1.0,1.0,19.42,/kaggle/working/cut_cutfix_full_tier1_20260729_01/tier1/200_250/media/jfQzsbl5zZc_s0000536706_e0000541706.mp4,tier1,cuda,nvenc,cutfix_full_tier1_20260729_01
jfQzsbl5zZc_s0000540706_e0000545706,jfQzsbl5zZc,540.706,545.706,5.0,1.0,1.0,18.9,/kaggle/working/cut_cutfix_full_tier1_20260729_01/tier1/200_250/media/jfQzsbl5zZc_s0000540706_e0000545706.mp4,tier1,cuda,nvenc,cutfix_full_tier1_20260729_01
jfQzsbl5zZc_s0000544706_e0000549706,jfQzsbl5zZc,544.706,549.706,5.0,1.0,1.0,18.75,/kaggle/working/cut_cutfix_full_tier1_20260729_01/tier1/200_250/media/jfQzsbl5zZc_s0000544706_e0000549706.mp4,tier1,cuda,nvenc,cutfix_full_tier1_20260729_01
jfQzsbl5zZc_s0000550946_e0000555946,jfQzsbl5zZc,550.946,555.946,5.0,1.0,1.0,19.25,/kaggle/working/cut_cutfix_full_tier1_20260729_01/tier1/200_250/media/jfQzsbl5zZc_s0000550946_e0000555946.mp4,tier1,cuda,nvenc,cutfix_full_tier1_20260729_01
jfQzsbl5zZc_s0000554946_e0000559946,jfQzsbl5zZc,554.946,559.946,5.0,1.0,1.0,18.28,/kaggle/working/cut_cutfix_full_tier1_20260729_01/tier1/200_250/media/jfQzsbl5zZc_s0000554946_e0000559946.mp4,tier1,cuda,nvenc,cutfix_full_tier1_20260729_01
jfQzsbl5zZc_s0000558946_e0000563946,jfQzsbl5zZc,558.946,563.946,5.0,1.0,1.0,17.86,/kaggle/working/cut_cutfix_full_tier1_20260729_01/tier1/200_250/media/jfQzsbl5zZc_s0000558946_e0000563946.mp4,tier1,cuda,nvenc,cutfix_full_tier1_20260729_01
jfQzsbl5zZc_s0000565026_e0000570238,jfQzsbl5zZc,565.026,570.238,5.212,1.0,1.0,20.06,/kaggle/working/cut_cutfix_full_tier1_20260729_01/tier1/200_250/media/jfQzsbl5zZc_s0000565026_e0000570238.mp4,tier1,cuda,nvenc,cutfix_full_tier1_20260729_01
jfQzsbl5zZc_s0000570338_e0000573438,jfQzsbl5zZc,570.338,573.438,3.1,1.0,1.0,17.13,/kaggle/working/cut_cutfix_full_tier1_20260729_01/tier1/200_250/media/jfQzsbl5zZc_s0000570338_e0000573438.mp4,tier1,cuda,nvenc,cutfix_full_tier1_20260729_01
jfQzsbl5zZc_s0000577666_e0000587102,jfQzsbl5zZc,577.666,587.102,9.436,1.0,1.0,21.41,/kaggle/working/cut_cutfix_full_tier1_20260729_01/tier1/200_250/media/jfQzsbl5zZc_s0000577666_e0000587102.mp4,tier1,cuda,nvenc,cutfix_full_tier1_20260729_01
jfQzsbl5zZc_s0000588482_e0000597214,jfQzsbl5zZc,588.482,597.214,8.732,1.0,1.0,19.99,/kaggle/working/cut_cutfix_full_tier1_20260729_01/tier1/200_250/media/jfQzsbl5zZc_s0000588482_e0000597214.mp4,tier1,cuda,nvenc,cutfix_full_tier1_20260729_01
jfQzsbl5zZc_s0000597538_e0000603326,jfQzsbl5zZc,597.538,603.326,5.788,1.0,1.0,19.76,/kaggle/working/cut_cutfix_full_tier1_20260729_01/tier1/200_250/media/jfQzsbl5zZc_s0000597538_e0000603326.mp4,tier1,cuda,nvenc,cutfix_full_tier1_20260729_01
jfQzsbl5zZc_s0000603458_e0000608094,jfQzsbl5zZc,603.458,608.094,4.636,1.0,1.0,20.52,/kaggle/working/cut_cutfix_full_tier1_20260729_01/tier1/200_250/media/jfQzsbl5zZc_s0000603458_e0000608094.mp4,tier1,cuda,nvenc,cutfix_full_tier1_20260729_01
jfQzsbl5zZc_s0000608258_e0000613950,jfQzsbl5zZc,608.258,613.95,5.692,1.0,1.0,19.13,/kaggle/working/cut_cutfix_full_tier1_20260729_01/tier1/200_250/media/jfQzsbl5zZc_s0000608258_e0000613950.mp4,tier1,cuda,nvenc,cutfix_full_tier1_20260729_01
jfQzsbl5zZc_s0000614082_e0000619082,jfQzsbl5zZc,614.082,619.082,5.0,1.0,1.0,20.07,/kaggle/working/cut_cutfix_full_tier1_20260729_01/tier1/200_250/media/jfQzsbl5zZc_s0000614082_e0000619082.mp4,tier1,cuda,nvenc,cutfix_full_tier1_20260729_01
jfQzsbl5zZc_s0000618082_e0000623082,jfQzsbl5zZc,618.082,623.082,5.0,1.0,1.0,20.26,/kaggle/working/cut_cutfix_full_tier1_20260729_01/tier1/200_250/media/jfQzsbl5zZc_s0000618082_e0000623082.mp4,tier1,cuda,nvenc,cutfix_full_tier1_20260729_01
jfQzsbl5zZc_s0000622082_e0000627082,jfQzsbl5zZc,622.082,627.082,5.0,1.0,1.0,19.65,/kaggle/working/cut_cutfix_full_tier1_20260729_01/tier1/200_250/media/jfQzsbl5zZc_s0000622082_e0000627082.mp4,tier1,cuda,nvenc,cutfix_full_tier1_20260729_01
jfQzsbl5zZc_s0000626082_e0000631082,jfQzsbl5zZc,626.082,631.082,5.0,1.0,1.0,20.09,/kaggle/working/cut_cutfix_full_tier1_20260729_01/tier1/200_250/media/jfQzsbl5zZc_s0000626082_e0000631082.mp4,tier1,cuda,nvenc,cutfix_full_tier1_20260729_01
jfQzsbl5zZc_s0000630082_e0000635082,jfQzsbl5zZc,630.082,635.082,5.0,1.0,1.0,18.05,/kaggle/working/cut_cutfix_full_tier1_20260729_01/tier1/200_250/media/jfQzsbl5zZc_s0000630082_e0000635082.mp4,tier1,cuda,nvenc,cutfix_full_tier1_20260729_01
jfQzsbl5zZc_s0000634082_e0000639082,jfQzsbl5zZc,634.082,639.082,5.0,1.0,1.0,19.42,/kaggle/working/cut_cutfix_full_tier1_20260729_01/tier1/200_250/media/jfQzsbl5zZc_s0000634082_e0000639082.mp4,tier1,cuda,nvenc,cutfix_full_tier1_20260729_01
jfQzsbl5zZc_s0000640546_e0000647166,jfQzsbl5zZc,640.546,647.166,6.62,1.0,1.0,18.69,/kaggle/working/cut_cutfix_full_tier1_20260729_01/tier1/200_250/media/jfQzsbl5zZc_s0000640546_e0000647166.mp4,tier1,cuda,nvenc,cutfix_full_tier1_20260729_01
jfQzsbl5zZc_s0000647458_e0000655678,jfQzsbl5zZc,647.458,655.678,8.22,1.0,1.0,19.36,/kaggle/working/cut_cutfix_full_tier1_20260729_01/tier1/200_250/media/jfQzsbl5zZc_s0000647458_e0000655678.mp4,tier1,cuda,nvenc,cutfix_full_tier1_20260729_01
jfQzsbl5zZc_s0000658242_e0000663242,jfQzsbl5zZc,658.242,663.242,5.0,1.0,1.0,19.85,/kaggle/working/cut_cutfix_full_tier1_20260729_01/tier1/200_250/media/jfQzsbl5zZc_s0000658242_e0000663242.mp4,tier1,cuda,nvenc,cutfix_full_tier1_20260729_01
jfQzsbl5zZc_s0000662242_e0000667242,jfQzsbl5zZc,662.242,667.242,5.0,1.0,1.0,16.81,/kaggle/working/cut_cutfix_full_tier1_20260729_01/tier1/200_250/media/jfQzsbl5zZc_s0000662242_e0000667242.mp4,tier1,cuda,nvenc,cutfix_full_tier1_20260729_01
jfQzsbl5zZc_s0000666242_e0000671242,jfQzsbl5zZc,666.242,671.242,5.0,1.0,1.0,18.91,/kaggle/working/cut_cutfix_full_tier1_20260729_01/tier1/200_250/media/jfQzsbl5zZc_s0000666242_e0000671242.mp4,tier1,cuda,nvenc,cutfix_full_tier1_20260729_01
jfQzsbl5zZc_s0000670242_e0000675242,jfQzsbl5zZc,670.242,675.242,5.0,1.0,1.0,18.28,/kaggle/working/cut_cutfix_full_tier1_20260729_01/tier1/200_250/media/jfQzsbl5zZc_s0000670242_e0000675242.mp4,tier1,cuda,nvenc,cutfix_full_tier1_20260729_01
jfQzsbl5zZc_s0000674242_e0000678622,jfQzsbl5zZc,674.242,678.622,4.38,1.0,1.0,17.1,/kaggle/working/cut_cutfix_full_tier1_20260729_01/tier1/200_250/media/jfQzsbl5zZc_s0000674242_e0000678622.mp4,tier1,cuda,nvenc,cutfix_full_tier1_20260729_01
jfQzsbl5zZc_s0000678722_e0000683722,jfQzsbl5zZc,678.722,683.722,5.0,1.0,1.0,18.92,/kaggle/working/cut_cutfix_full_tier1_20260729_01/tier1/200_250/media/jfQzsbl5zZc_s0000678722_e0000683722.mp4,tier1,cuda,nvenc,cutfix_full_tier1_20260729_01
jfQzsbl5zZc_s0000682722_e0000687722,jfQzsbl5zZc,682.722,687.722,5.0,1.0,1.0,17.92,/kaggle/working/cut_cutfix_full_tier1_20260729_01/tier1/200_250/media/jfQzsbl5zZc_s0000682722_e0000687722.mp4,tier1,cuda,nvenc,cutfix_full_tier1_20260729_01
jfQzsbl5zZc_s0000686722_e0000691722,jfQzsbl5zZc,686.722,691.722,5.0,1.0,1.0,17.83,/kaggle/working/cut_cutfix_full_tier1_20260729_01/tier1/200_250/media/jfQzsbl5zZc_s0000686722_e0000691722.mp4,tier1,cuda,nvenc,cutfix_full_tier1_20260729_01
jfQzsbl5zZc_s0000694594_e0000703262,jfQzsbl5zZc,694.594,703.262,8.668,1.0,1.0,16.86,/kaggle/working/cut_cutfix_full_tier1_20260729_01/tier1/200_250/media/jfQzsbl5zZc_s0000694594_e0000703262.mp4,tier1,cuda,nvenc,cutfix_full_tier1_20260729_01
jfQzsbl5zZc_s0000703458_e0000711070,jfQzsbl5zZc,703.458,711.07,7.612,1.0,1.0,17.87,/kaggle/working/cut_cutfix_full_tier1_20260729_01/tier1/200_250/media/jfQzsbl5zZc_s0000703458_e0000711070.mp4,tier1,cuda,nvenc,cutfix_full_tier1_20260729_01
jfQzsbl5zZc_s0000711234_e0000718430,jfQzsbl5zZc,711.234,718.43,7.196,1.0,1.0,16.0,/kaggle/working/cut_cutfix_full_tier1_20260729_01/tier1/200_250/media/jfQzsbl5zZc_s0000711234_e0000718430.mp4,tier1,cuda,nvenc,cutfix_full_tier1_20260729_01
jfQzsbl5zZc_s0000718690_e0000721694,jfQzsbl5zZc,718.69,721.694,3.004,1.0,1.0,23.32,/kaggle/working/cut_cutfix_full_tier1_20260729_01/tier1/200_250/media/jfQzsbl5zZc_s0000718690_e0000721694.mp4,tier1,cuda,nvenc,cutfix_full_tier1_20260729_01
jfQzsbl5zZc_s0000722242_e0000724542,jfQzsbl5zZc,722.242,724.542,2.3,1.0,1.0,22.47,/kaggle/working/cut_cutfix_full_tier1_20260729_01/tier1/200_250/media/jfQzsbl5zZc_s0000722242_e0000724542.mp4,tier1,cuda,nvenc,cutfix_full_tier1_20260729_01
jfQzsbl5zZc_s0000726850_e0000728862,jfQzsbl5zZc,726.85,728.862,2.012,1.0,1.0,15.63,/kaggle/working/cut_cutfix_full_tier1_20260729_01/tier1/200_250/media/jfQzsbl5zZc_s0000726850_e0000728862.mp4,tier1,cuda,nvenc,cutfix_full_tier1_20260729_01
jfQzsbl5zZc_s0000729378_e0000734558,jfQzsbl5zZc,729.378,734.558,5.18,1.0,1.0,19.98,/kaggle/working/cut_cutfix_full_tier1_20260729_01/tier1/200_250/media/jfQzsbl5zZc_s0000729378_e0000734558.mp4,tier1,cuda,nvenc,cutfix_full_tier1_20260729_01
jfQzsbl5zZc_s0000735266_e0000737918,jfQzsbl5zZc,735.266,737.918,2.652,1.0,1.0,20.41,/kaggle/working/cut_cutfix_full_tier1_20260729_01/tier1/200_250/media/jfQzsbl5zZc_s0000735266_e0000737918.mp4,tier1,cuda,nvenc,cutfix_full_tier1_20260729_01
jfQzsbl5zZc_s0000740674_e0000742974,jfQzsbl5zZc,740.674,742.974,2.3,1.0,1.0,20.86,/kaggle/working/cut_cutfix_full_tier1_20260729_01/tier1/200_250/media/jfQzsbl5zZc_s0000740674_e0000742974.mp4,tier1,cuda,nvenc,cutfix_full_tier1_20260729_01
jfQzsbl5zZc_s0000744354_e0000749354,jfQzsbl5zZc,744.354,749.354,5.0,1.0,1.0,21.08,/kaggle/working/cut_cutfix_full_tier1_20260729_01/tier1/200_250/media/jfQzsbl5zZc_s0000744354_e0000749354.mp4,tier1,cuda,nvenc,cutfix_full_tier1_20260729_01
jfQzsbl5zZc_s0000748354_e0000753354,jfQzsbl5zZc,748.354,753.354,5.0,1.0,1.0,21.69,/kaggle/working/cut_cutfix_full_tier1_20260729_01/tier1/200_250/media/jfQzsbl5zZc_s0000748354_e0000753354.mp4,tier1,cuda,nvenc,cutfix_full_tier1_20260729_01
jfQzsbl5zZc_s0000752354_e0000757354,jfQzsbl5zZc,752.354,757.354,5.0,1.0,1.0,21.21,/kaggle/working/cut_cutfix_full_tier1_20260729_01/tier1/200_250/media/jfQzsbl5zZc_s0000752354_e0000757354.mp4,tier1,cuda,nvenc,cutfix_full_tier1_20260729_01
jfQzsbl5zZc_s0000756354_e0000761354,jfQzsbl5zZc,756.354,761.354,5.0,1.0,1.0,20.69,/kaggle/working/cut_cutfix_full_tier1_20260729_01/tier1/200_250/media/jfQzsbl5zZc_s0000756354_e0000761354.mp4,tier1,cuda,nvenc,cutfix_full_tier1_20260729_01
jfQzsbl5zZc_s0000760354_e0000765354,jfQzsbl5zZc,760.354,765.354,5.0,1.0,1.0,18.26,/kaggle/working/cut_cutfix_full_tier1_20260729_01/tier1/200_250/media/jfQzsbl5zZc_s0000760354_e0000765354.mp4,tier1,cuda,nvenc,cutfix_full_tier1_20260729_01
jfQzsbl5zZc_s0000764354_e0000769354,jfQzsbl5zZc,764.354,769.354,5.0,1.0,1.0,20.14,/kaggle/working/cut_cutfix_full_tier1_20260729_01/tier1/200_250/media/jfQzsbl5zZc_s0000764354_e0000769354.mp4,tier1,cuda,nvenc,cutfix_full_tier1_20260729_01
jfQzsbl5zZc_s0000768354_e0000773354,jfQzsbl5zZc,768.354,773.354,5.0,1.0,1.0,20.55,/kaggle/working/cut_cutfix_full_tier1_20260729_01/tier1/200_250/media/jfQzsbl5zZc_s0000768354_e0000773354.mp4,tier1,cuda,nvenc,cutfix_full_tier1_20260729_01
jfQzsbl5zZc_s0000772354_e0000775742,jfQzsbl5zZc,772.354,775.742,3.388,1.0,1.0,19.96,/kaggle/working/cut_cutfix_full_tier1_20260729_01/tier1/200_250/media/jfQzsbl5zZc_s0000772354_e0000775742.mp4,tier1,cuda,nvenc,cutfix_full_tier1_20260729_01
jfQzsbl5zZc_s0000778146_e0000783146,jfQzsbl5zZc,778.146,783.146,5.0,1.0,1.0,20.67,/kaggle/working/cut_cutfix_full_tier1_20260729_01/tier1/200_250/media/jfQzsbl5zZc_s0000778146_e0000783146.mp4,tier1,cuda,nvenc,cutfix_full_tier1_20260729_01
jfQzsbl5zZc_s0000782146_e0000787146,jfQzsbl5zZc,782.146,787.146,5.0,1.0,1.0,20.39,/kaggle/working/cut_cutfix_full_tier1_20260729_01/tier1/200_250/media/jfQzsbl5zZc_s0000782146_e0000787146.mp4,tier1,cuda,nvenc,cutfix_full_tier1_20260729_01
jfQzsbl5zZc_s0000786146_e0000791146,jfQzsbl5zZc,786.146,791.146,5.0,1.0,1.0,21.34,/kaggle/working/cut_cutfix_full_tier1_20260729_01/tier1/200_250/media/jfQzsbl5zZc_s0000786146_e0000791146.mp4,tier1,cuda,nvenc,cutfix_full_tier1_20260729_01
jfQzsbl5zZc_s0000790146_e0000795146,jfQzsbl5zZc,790.146,795.146,5.0,1.0,1.0,20.42,/kaggle/working/cut_cutfix_full_tier1_20260729_01/tier1/200_250/media/jfQzsbl5zZc_s0000790146_e0000795146.mp4,tier1,cuda,nvenc,cutfix_full_tier1_20260729_01
jfQzsbl5zZc_s0000794146_e0000799146,jfQzsbl5zZc,794.146,799.146,5.0,1.0,1.0,19.93,/kaggle/working/cut_cutfix_full_tier1_20260729_01/tier1/200_250/media/jfQzsbl5zZc_s0000794146_e0000799146.mp4,tier1,cuda,nvenc,cutfix_full_tier1_20260729_01
jfQzsbl5zZc_s0000798146_e0000801406,jfQzsbl5zZc,798.146,801.406,3.26,1.0,1.0,19.86,/kaggle/working/cut_cutfix_full_tier1_20260729_01/tier1/200_250/media/jfQzsbl5zZc_s0000798146_e0000801406.mp4,tier1,cuda,nvenc,cutfix_full_tier1_20260729_01
jfQzsbl5zZc_s0000803586_e0000805950,jfQzsbl5zZc,803.586,805.95,2.364,1.0,1.0,19.86,/kaggle/working/cut_cutfix_full_tier1_20260729_01/tier1/200_250/media/jfQzsbl5zZc_s0000803586_e0000805950.mp4,tier1,cuda,nvenc,cutfix_full_tier1_20260729_01
jfQzsbl5zZc_s0000806210_e0000810558,jfQzsbl5zZc,806.21,810.558,4.348,1.0,1.0,21.61,/kaggle/working/cut_cutfix_full_tier1_20260729_01/tier1/200_250/media/jfQzsbl5zZc_s0000806210_e0000810558.mp4,tier1,cuda,nvenc,cutfix_full_tier1_20260729_01
jfQzsbl5zZc_s0000812546_e0000814590,jfQzsbl5zZc,812.546,814.59,2.044,1.0,1.0,22.85,/kaggle/working/cut_cutfix_full_tier1_20260729_01/tier1/200_250/media/jfQzsbl5zZc_s0000812546_e0000814590.mp4,tier1,cuda,nvenc,cutfix_full_tier1_20260729_01
jfQzsbl5zZc_s0000814722_e0000819722,jfQzsbl5zZc,814.722,819.722,5.0,1.0,1.0,20.22,/kaggle/working/cut_cutfix_full_tier1_20260729_01/tier1/200_250/media/jfQzsbl5zZc_s0000814722_e0000819722.mp4,tier1,cuda,nvenc,cutfix_full_tier1_20260729_01
jfQzsbl5zZc_s0000818722_e0000823722,jfQzsbl5zZc,818.722,823.722,5.0,1.0,1.0,21.49,/kaggle/working/cut_cutfix_full_tier1_20260729_01/tier1/200_250/media/jfQzsbl5zZc_s0000818722_e0000823722.mp4,tier1,cuda,nvenc,cutfix_full_tier1_20260729_01
jfQzsbl5zZc_s0000822722_e0000827722,jfQzsbl5zZc,822.722,827.722,5.0,1.0,1.0,19.0,/kaggle/working/cut_cutfix_full_tier1_20260729_01/tier1/200_250/media/jfQzsbl5zZc_s0000822722_e0000827722.mp4,tier1,cuda,nvenc,cutfix_full_tier1_20260729_01
jfQzsbl5zZc_s0000826722_e0000831722,jfQzsbl5zZc,826.722,831.722,5.0,1.0,1.0,18.5,/kaggle/working/cut_cutfix_full_tier1_20260729_01/tier1/200_250/media/jfQzsbl5zZc_s0000826722_e0000831722.mp4,tier1,cuda,nvenc,cutfix_full_tier1_20260729_01
jfQzsbl5zZc_s0000832866_e0000837866,jfQzsbl5zZc,832.866,837.866,5.0,1.0,1.0,20.59,/kaggle/working/cut_cutfix_full_tier1_20260729_01/tier1/200_250/media/jfQzsbl5zZc_s0000832866_e0000837866.mp4,tier1,cuda,nvenc,cutfix_full_tier1_20260729_01
jfQzsbl5zZc_s0000836866_e0000841866,jfQzsbl5zZc,836.866,841.866,5.0,1.0,1.0,18.82,/kaggle/working/cut_cutfix_full_tier1_20260729_01/tier1/200_250/media/jfQzsbl5zZc_s0000836866_e0000841866.mp4,tier1,cuda,nvenc,cutfix_full_tier1_20260729_01
jfQzsbl5zZc_s0000840866_e0000845866,jfQzsbl5zZc,840.866,845.866,5.0,1.0,1.0,17.2,/kaggle/working/cut_cutfix_full_tier1_20260729_01/tier1/200_250/media/jfQzsbl5zZc_s0000840866_e0000845866.mp4,tier1,cuda,nvenc,cutfix_full_tier1_20260729_01
jfQzsbl5zZc_s0000844866_e0000848126,jfQzsbl5zZc,844.866,848.126,3.26,1.0,1.0,16.41,/kaggle/working/cut_cutfix_full_tier1_20260729_01/tier1/200_250/media/jfQzsbl5zZc_s0000844866_e0000848126.mp4,tier1,cuda,nvenc,cutfix_full_tier1_20260729_01
jfQzsbl5zZc_s0000849762_e0000858846,jfQzsbl5zZc,849.762,858.846,9.084,1.0,1.0,16.29,/kaggle/working/cut_cutfix_full_tier1_20260729_01/tier1/200_250/media/jfQzsbl5zZc_s0000849762_e0000858846.mp4,tier1,cuda,nvenc,cutfix_full_tier1_20260729_01
jfQzsbl5zZc_s0000859042_e0000863486,jfQzsbl5zZc,859.042,863.486,4.444,1.0,1.0,17.92,/kaggle/working/cut_cutfix_full_tier1_20260729_01/tier1/200_250/media/jfQzsbl5zZc_s0000859042_e0000863486.mp4,tier1,cuda,nvenc,cutfix_full_tier1_20260729_01
jfQzsbl5zZc_s0000867618_e0000869790,jfQzsbl5zZc,867.618,869.79,2.172,1.0,1.0,19.19,/kaggle/working/cut_cutfix_full_tier1_20260729_01/tier1/200_250/media/jfQzsbl5zZc_s0000867618_e0000869790.mp4,tier1,cuda,nvenc,cutfix_full_tier1_20260729_01
jfQzsbl5zZc_s0000874402_e0000877662,jfQzsbl5zZc,874.402,877.662,3.26,1.0,1.0,21.17,/kaggle/working/cut_cutfix_full_tier1_20260729_01/tier1/200_250/media/jfQzsbl5zZc_s0000874402_e0000877662.mp4,tier1,cuda,nvenc,cutfix_full_tier1_20260729_01
jfQzsbl5zZc_s0000879010_e0000887454,jfQzsbl5zZc,879.01,887.454,8.444,1.0,1.0,18.84,/kaggle/working/cut_cutfix_full_tier1_20260729_01/tier1/200_250/media/jfQzsbl5zZc_s0000879010_e0000887454.mp4,tier1,cuda,nvenc,cutfix_full_tier1_20260729_01
jfQzsbl5zZc_s0000889058_e0000892414,jfQzsbl5zZc,889.058,892.414,3.356,1.0,1.0,22.75,/kaggle/working/cut_cutfix_full_tier1_20260729_01/tier1/200_250/media/jfQzsbl5zZc_s0000889058_e0000892414.mp4,tier1,cuda,nvenc,cutfix_full_tier1_20260729_01
jfQzsbl5zZc_s0000900642_e0000903710,jfQzsbl5zZc,900.642,903.71,3.068,1.0,1.0,19.04,/kaggle/working/cut_cutfix_full_tier1_20260729_01/tier1/200_250/media/jfQzsbl5zZc_s0000900642_e0000903710.mp4,tier1,cuda,nvenc,cutfix_full_tier1_20260729_01
jfQzsbl5zZc_s0000908802_e0000917374,jfQzsbl5zZc,908.802,917.374,8.572,1.0,1.0,20.01,/kaggle/working/cut_cutfix_full_tier1_20260729_01/tier1/200_250/media/jfQzsbl5zZc_s0000908802_e0000917374.mp4,tier1,cuda,nvenc,cutfix_full_tier1_20260729_01
jfQzsbl5zZc_s0000917506_e0000922506,jfQzsbl5zZc,917.506,922.506,5.0,1.0,1.0,19.5,/kaggle/working/cut_cutfix_full_tier1_20260729_01/tier1/200_250/media/jfQzsbl5zZc_s0000917506_e0000922506.mp4,tier1,cuda,nvenc,cutfix_full_tier1_20260729_01
jfQzsbl5zZc_s0000921506_e0000926506,jfQzsbl5zZc,921.506,926.506,5.0,1.0,1.0,17.32,/kaggle/working/cut_cutfix_full_tier1_20260729_01/tier1/200_250/media/jfQzsbl5zZc_s0000921506_e0000926506.mp4,tier1,cuda,nvenc,cutfix_full_tier1_20260729_01
jfQzsbl5zZc_s0000925506_e0000930506,jfQzsbl5zZc,925.506,930.506,5.0,1.0,1.0,18.13,/kaggle/working/cut_cutfix_full_tier1_20260729_01/tier1/200_250/media/jfQzsbl5zZc_s0000925506_e0000930506.mp4,tier1,cuda,nvenc,cutfix_full_tier1_20260729_01
jfQzsbl5zZc_s0000929506_e0000933470,jfQzsbl5zZc,929.506,933.47,3.964,1.0,1.0,16.86,/kaggle/working/cut_cutfix_full_tier1_20260729_01/tier1/200_250/media/jfQzsbl5zZc_s0000929506_e0000933470.mp4,tier1,cuda,nvenc,cutfix_full_tier1_20260729_01
jfQzsbl5zZc_s0000933698_e0000937086,jfQzsbl5zZc,933.698,937.086,3.388,1.0,1.0,14.12,/kaggle/working/cut_cutfix_full_tier1_20260729_01/tier1/200_250/media/jfQzsbl5zZc_s0000933698_e0000937086.mp4,tier1,cuda,nvenc,cutfix_full_tier1_20260729_01
jfQzsbl5zZc_s0000937218_e0000939358,jfQzsbl5zZc,937.218,939.358,2.14,1.0,1.0,15.8,/kaggle/working/cut_cutfix_full_tier1_20260729_01/tier1/200_250/media/jfQzsbl5zZc_s0000937218_e0000939358.mp4,tier1,cuda,nvenc,cutfix_full_tier1_20260729_01
jfQzsbl5zZc_s0000940770_e0000945770,jfQzsbl5zZc,940.77,945.77,5.0,1.0,1.0,20.34,/kaggle/working/cut_cutfix_full_tier1_20260729_01/tier1/200_250/media/jfQzsbl5zZc_s0000940770_e0000945770.mp4,tier1,cuda,nvenc,cutfix_full_tier1_20260729_01
jfQzsbl5zZc_s0000944770_e0000949770,jfQzsbl5zZc,944.77,949.77,5.0,1.0,1.0,18.97,/kaggle/working/cut_cutfix_full_tier1_20260729_01/tier1/200_250/media/jfQzsbl5zZc_s0000944770_e0000949770.mp4,tier1,cuda,nvenc,cutfix_full_tier1_20260729_01
jfQzsbl5zZc_s0000948770_e0000953770,jfQzsbl5zZc,948.77,953.77,5.0,1.0,1.0,18.84,/kaggle/working/cut_cutfix_full_tier1_20260729_01/tier1/200_250/media/jfQzsbl5zZc_s0000948770_e0000953770.mp4,tier1,cuda,nvenc,cutfix_full_tier1_20260729_01
jfQzsbl5zZc_s0000952770_e0000957770,jfQzsbl5zZc,952.77,957.77,5.0,1.0,1.0,16.88,/kaggle/working/cut_cutfix_full_tier1_20260729_01/tier1/200_250/media/jfQzsbl5zZc_s0000952770_e0000957770.mp4,tier1,cuda,nvenc,cutfix_full_tier1_20260729_01
jfQzsbl5zZc_s0000956770_e0000960478,jfQzsbl5zZc,956.77,960.478,3.708,1.0,1.0,16.29,/kaggle/working/cut_cutfix_full_tier1_20260729_01/tier1/200_250/media/jfQzsbl5zZc_s0000956770_e0000960478.mp4,tier1,cuda,nvenc,cutfix_full_tier1_20260729_01
jivtgrA42CI_s0000013154_e0000018462,jivtgrA42CI,13.154,18.462,5.308,1.0,1.0,-1.29,/kaggle/working/cut_cutfix_full_tier1_20260729_01/tier1/200_250/media/jivtgrA42CI_s0000013154_e0000018462.mp4,tier1,cuda,nvenc,cutfix_full_tier1_20260729_01
jivtgrA42CI_s0000030050_e0000033054,jivtgrA42CI,30.05,33.054,3.004,1.0,1.0,0.86,/kaggle/working/cut_cutfix_full_tier1_20260729_01/tier1/200_250/media/jivtgrA42CI_s0000030050_e0000033054.mp4,tier1,cuda,nvenc,cutfix_full_tier1_20260729_01
jivtgrA42CI_s0000033314_e0000036222,jivtgrA42CI,33.314,36.222,2.908,1.0,1.0,0.81,/kaggle/working/cut_cutfix_full_tier1_20260729_01/tier1/200_250/media/jivtgrA42CI_s0000033314_e0000036222.mp4,tier1,cuda,nvenc,cutfix_full_tier1_20260729_01
jivtgrA42CI_s0000042338_e0000053342,jivtgrA42CI,42.338,53.342,11.004,1.0,1.0,1.96,/kaggle/working/cut_cutfix_full_tier1_20260729_01/tier1/200_250/media/jivtgrA42CI_s0000042338_e0000053342.mp4,tier1,cuda,nvenc,cutfix_full_tier1_20260729_01
jivtgrA42CI_s0000053666_e0000060702,jivtgrA42CI,53.666,60.702,7.036,1.0,1.0,1.37,/kaggle/working/cut_cutfix_full_tier1_20260729_01/tier1/200_250/media/jivtgrA42CI_s0000053666_e0000060702.mp4,tier1,cuda,nvenc,cutfix_full_tier1_20260729_01
jivtgrA42CI_s0000060866_e0000063870,jivtgrA42CI,60.866,63.87,3.004,1.0,1.0,2.73,/kaggle/working/cut_cutfix_full_tier1_20260729_01/tier1/200_250/media/jivtgrA42CI_s0000060866_e0000063870.mp4,tier1,cuda,nvenc,cutfix_full_tier1_20260729_01
jivtgrA42CI_s0000064162_e0000069694,jivtgrA42CI,64.162,69.694,5.532,1.0,1.0,2.14,/kaggle/working/cut_cutfix_full_tier1_20260729_01/tier1/200_250/media/jivtgrA42CI_s0000064162_e0000069694.mp4,tier1,cuda,nvenc,cutfix_full_tier1_20260729_01
jivtgrA42CI_s0000070498_e0000075498,jivtgrA42CI,70.498,75.498,5.0,1.0,1.0,3.48,/kaggle/working/cut_cutfix_full_tier1_20260729_01/tier1/200_250/media/jivtgrA42CI_s0000070498_e0000075498.mp4,tier1,cuda,nvenc,cutfix_full_tier1_20260729_01
jivtgrA42CI_s0000074498_e0000079498,jivtgrA42CI,74.498,79.498,5.0,1.0,1.0,1.96,/kaggle/working/cut_cutfix_full_tier1_20260729_01/tier1/200_250/media/jivtgrA42CI_s0000074498_e0000079498.mp4,tier1,cuda,nvenc,cutfix_full_tier1_20260729_01
jivtgrA42CI_s0000119106_e0000124106,jivtgrA42CI,119.106,124.106,5.0,1.0,1.0,2.61,/kaggle/working/cut_cutfix_full_tier1_20260729_01/tier1/200_250/media/jivtgrA42CI_s0000119106_e0000124106.mp4,tier1,cuda,nvenc,cutfix_full_tier1_20260729_01
jivtgrA42CI_s0000123106_e0000128106,jivtgrA42CI,123.106,128.106,5.0,1.0,1.0,3.83,/kaggle/working/cut_cutfix_full_tier1_20260729_01/tier1/200_250/media/jivtgrA42CI_s0000123106_e0000128106.mp4,tier1,cuda,nvenc,cutfix_full_tier1_20260729_01
jivtgrA42CI_s0000146658_e0000154782,jivtgrA42CI,146.658,154.782,8.124,1.0,1.0,0.64,/kaggle/working/cut_cutfix_full_tier1_20260729_01/tier1/200_250/media/jivtgrA42CI_s0000146658_e0000154782.mp4,tier1,cuda,nvenc,cutfix_full_tier1_20260729_01
jivtgrA42CI_s0000155010_e0000161886,jivtgrA42CI,155.01,161.886,6.876,1.0,1.0,2.67,/kaggle/working/cut_cutfix_full_tier1_20260729_01/tier1/200_250/media/jivtgrA42CI_s0000155010_e0000161886.mp4,tier1,cuda,nvenc,cutfix_full_tier1_20260729_01
jivtgrA42CI_s0000162018_e0000173278,jivtgrA42CI,162.018,173.278,11.26,1.0,1.0,1.09,/kaggle/working/cut_cutfix_full_tier1_20260729_01/tier1/200_250/media/jivtgrA42CI_s0000162018_e0000173278.mp4,tier1,cuda,nvenc,cutfix_full_tier1_20260729_01
jivtgrA42CI_s0000177890_e0000182890,jivtgrA42CI,177.89,182.89,5.0,1.0,1.0,3.6,/kaggle/working/cut_cutfix_full_tier1_20260729_01/tier1/200_250/media/jivtgrA42CI_s0000177890_e0000182890.mp4,tier1,cuda,nvenc,cutfix_full_tier1_20260729_01
jivtgrA42CI_s0000185890_e0000190890,jivtgrA42CI,185.89,190.89,5.0,1.0,1.0,5.01,/kaggle/working/cut_cutfix_full_tier1_20260729_01/tier1/200_250/media/jivtgrA42CI_s0000185890_e0000190890.mp4,tier1,cuda,nvenc,cutfix_full_tier1_20260729_01
jivtgrA42CI_s0000194306_e0000199306,jivtgrA42CI,194.306,199.306,5.0,1.0,1.0,5.79,/kaggle/working/cut_cutfix_full_tier1_20260729_01/tier1/200_250/media/jivtgrA42CI_s0000194306_e0000199306.mp4,tier1,cuda,nvenc,cutfix_full_tier1_20260729_01
jivtgrA42CI_s0000198306_e0000203306,jivtgrA42CI,198.306,203.306,5.0,1.0,1.0,5.86,/kaggle/working/cut_cutfix_full_tier1_20260729_01/tier1/200_250/media/jivtgrA42CI_s0000198306_e0000203306.mp4,tier1,cuda,nvenc,cutfix_full_tier1_20260729_01
jivtgrA42CI_s0000202306_e0000207306,jivtgrA42CI,202.306,207.306,5.0,1.0,1.0,6.72,/kaggle/working/cut_cutfix_full_tier1_20260729_01/tier1/200_250/media/jivtgrA42CI_s0000202306_e0000207306.mp4,tier1,cuda,nvenc,cutfix_full_tier1_20260729_01
jivtgrA42CI_s0000206306_e0000211102,jivtgrA42CI,206.306,211.102,4.796,1.0,1.0,4.08,/kaggle/working/cut_cutfix_full_tier1_20260729_01/tier1/200_250/media/jivtgrA42CI_s0000206306_e0000211102.mp4,tier1,cuda,nvenc,cutfix_full_tier1_20260729_01
jivtgrA42CI_s0000211202_e0000216478,jivtgrA42CI,211.202,216.478,5.276,1.0,1.0,4.47,/kaggle/working/cut_cutfix_full_tier1_20260729_01/tier1/200_250/media/jivtgrA42CI_s0000211202_e0000216478.mp4,tier1,cuda,nvenc,cutfix_full_tier1_20260729_01
jivtgrA42CI_s0000229826_e0000234826,jivtgrA42CI,229.826,234.826,5.0,1.0,1.0,2.62,/kaggle/working/cut_cutfix_full_tier1_20260729_01/tier1/200_250/media/jivtgrA42CI_s0000229826_e0000234826.mp4,tier1,cuda,nvenc,cutfix_full_tier1_20260729_01
jivtgrA42CI_s0000237826_e0000240606,jivtgrA42CI,237.826,240.606,2.78,1.0,1.0,1.56,/kaggle/working/cut_cutfix_full_tier1_20260729_01/tier1/200_250/media/jivtgrA42CI_s0000237826_e0000240606.mp4,tier1,cuda,nvenc,cutfix_full_tier1_20260729_01
jivtgrA42CI_s0000241442_e0000251550,jivtgrA42CI,241.442,251.55,10.108,1.0,1.0,2.38,/kaggle/working/cut_cutfix_full_tier1_20260729_01/tier1/200_250/media/jivtgrA42CI_s0000241442_e0000251550.mp4,tier1,cuda,nvenc,cutfix_full_tier1_20260729_01
jivtgrA42CI_s0000269378_e0000280318,jivtgrA42CI,269.378,280.318,10.94,1.0,1.0,1.65,/kaggle/working/cut_cutfix_full_tier1_20260729_01/tier1/200_250/media/jivtgrA42CI_s0000269378_e0000280318.mp4,tier1,cuda,nvenc,cutfix_full_tier1_20260729_01
jivtgrA42CI_s0000280770_e0000284638,jivtgrA42CI,280.77,284.638,3.868,1.0,1.0,1.77,/kaggle/working/cut_cutfix_full_tier1_20260729_01/tier1/200_250/media/jivtgrA42CI_s0000280770_e0000284638.mp4,tier1,cuda,nvenc,cutfix_full_tier1_20260729_01
jivtgrA42CI_s0000284738_e0000291518,jivtgrA42CI,284.738,291.518,6.78,1.0,1.0,1.29,/kaggle/working/cut_cutfix_full_tier1_20260729_01/tier1/200_250/media/jivtgrA42CI_s0000284738_e0000291518.mp4,tier1,cuda,nvenc,cutfix_full_tier1_20260729_01
jivtgrA42CI_s0000292482_e0000297482,jivtgrA42CI,292.482,297.482,5.0,1.0,1.0,5.29,/kaggle/working/cut_cutfix_full_tier1_20260729_01/tier1/200_250/media/jivtgrA42CI_s0000292482_e0000297482.mp4,tier1,cuda,nvenc,cutfix_full_tier1_20260729_01
jivtgrA42CI_s0000304482_e0000307454,jivtgrA42CI,304.482,307.454,2.972,1.0,1.0,2.31,/kaggle/working/cut_cutfix_full_tier1_20260729_01/tier1/200_250/media/jivtgrA42CI_s0000304482_e0000307454.mp4,tier1,cuda,nvenc,cutfix_full_tier1_20260729_01
jivtgrA42CI_s0000340450_e0000347038,jivtgrA42CI,340.45,347.038,6.588,1.0,1.0,1.12,/kaggle/working/cut_cutfix_full_tier1_20260729_01/tier1/200_250/media/jivtgrA42CI_s0000340450_e0000347038.mp4,tier1,cuda,nvenc,cutfix_full_tier1_20260729_01
jivtgrA42CI_s0000347234_e0000358878,jivtgrA42CI,347.234,358.878,11.644,1.0,1.0,2.35,/kaggle/working/cut_cutfix_full_tier1_20260729_01/tier1/200_250/media/jivtgrA42CI_s0000347234_e0000358878.mp4,tier1,cuda,nvenc,cutfix_full_tier1_20260729_01
jivtgrA42CI_s0000359618_e0000367518,jivtgrA42CI,359.618,367.518,7.9,1.0,1.0,5.94,/kaggle/working/cut_cutfix_full_tier1_20260729_01/tier1/200_250/media/jivtgrA42CI_s0000359618_e0000367518.mp4,tier1,cuda,nvenc,cutfix_full_tier1_20260729_01
jivtgrA42CI_s0000397122_e0000402122,jivtgrA42CI,397.122,402.122,5.0,1.0,1.0,6.59,/kaggle/working/cut_cutfix_full_tier1_20260729_01/tier1/200_250/media/jivtgrA42CI_s0000397122_e0000402122.mp4,tier1,cuda,nvenc,cutfix_full_tier1_20260729_01
jivtgrA42CI_s0000401122_e0000406122,jivtgrA42CI,401.122,406.122,5.0,1.0,1.0,5.17,/kaggle/working/cut_cutfix_full_tier1_20260729_01/tier1/200_250/media/jivtgrA42CI_s0000401122_e0000406122.mp4,tier1,cuda,nvenc,cutfix_full_tier1_20260729_01
jivtgrA42CI_s0000409122_e0000412062,jivtgrA42CI,409.122,412.062,2.94,1.0,1.0,5.58,/kaggle/working/cut_cutfix_full_tier1_20260729_01/tier1/200_250/media/jivtgrA42CI_s0000409122_e0000412062.mp4,tier1,cuda,nvenc,cutfix_full_tier1_20260729_01
jivtgrA42CI_s0000415234_e0000420190,jivtgrA42CI,415.234,420.19,4.956,1.0,1.0,2.59,/kaggle/working/cut_cutfix_full_tier1_20260729_01/tier1/200_250/media/jivtgrA42CI_s0000415234_e0000420190.mp4,tier1,cuda,nvenc,cutfix_full_tier1_20260729_01
jivtgrA42CI_s0000420578_e0000426014,jivtgrA42CI,420.578,426.014,5.436,1.0,1.0,2.18,/kaggle/working/cut_cutfix_full_tier1_20260729_01/tier1/200_250/media/jivtgrA42CI_s0000420578_e0000426014.mp4,tier1,cuda,nvenc,cutfix_full_tier1_20260729_01
jivtgrA42CI_s0000479202_e0000489214,jivtgrA42CI,479.202,489.214,10.012,1.0,1.0,2.6,/kaggle/working/cut_cutfix_full_tier1_20260729_01/tier1/200_250/media/jivtgrA42CI_s0000479202_e0000489214.mp4,tier1,cuda,nvenc,cutfix_full_tier1_20260729_01
jivtgrA42CI_s0000489410_e0000500190,jivtgrA42CI,489.41,500.19,10.78,1.0,1.0,1.63,/kaggle/working/cut_cutfix_full_tier1_20260729_01/tier1/200_250/media/jivtgrA42CI_s0000489410_e0000500190.mp4,tier1,cuda,nvenc,cutfix_full_tier1_20260729_01
jivtgrA42CI_s0000508674_e0000513278,jivtgrA42CI,508.674,513.278,4.604,1.0,1.0,4.87,/kaggle/working/cut_cutfix_full_tier1_20260729_01/tier1/200_250/media/jivtgrA42CI_s0000508674_e0000513278.mp4,tier1,cuda,nvenc,cutfix_full_tier1_20260729_01
jivtgrA42CI_s0000545506_e0000550506,jivtgrA42CI,545.506,550.506,5.0,1.0,1.0,4.85,/kaggle/working/cut_cutfix_full_tier1_20260729_01/tier1/200_250/media/jivtgrA42CI_s0000545506_e0000550506.mp4,tier1,cuda,nvenc,cutfix_full_tier1_20260729_01
jivtgrA42CI_s0000549506_e0000554506,jivtgrA42CI,549.506,554.506,5.0,1.0,1.0,5.19,/kaggle/working/cut_cutfix_full_tier1_20260729_01/tier1/200_250/media/jivtgrA42CI_s0000549506_e0000554506.mp4,tier1,cuda,nvenc,cutfix_full_tier1_20260729_01
jivtgrA42CI_s0000553506_e0000558506,jivtgrA42CI,553.506,558.506,5.0,1.0,1.0,4.04,/kaggle/working/cut_cutfix_full_tier1_20260729_01/tier1/200_250/media/jivtgrA42CI_s0000553506_e0000558506.mp4,tier1,cuda,nvenc,cutfix_full_tier1_20260729_01
jivtgrA42CI_s0000558850_e0000561598,jivtgrA42CI,558.85,561.598,2.748,1.0,1.0,4.28,/kaggle/working/cut_cutfix_full_tier1_20260729_01/tier1/200_250/media/jivtgrA42CI_s0000558850_e0000561598.mp4,tier1,cuda,nvenc,cutfix_full_tier1_20260729_01
jivtgrA42CI_s0000561794_e0000564638,jivtgrA42CI,561.794,564.638,2.844,1.0,1.0,4.17,/kaggle/working/cut_cutfix_full_tier1_20260729_01/tier1/200_250/media/jivtgrA42CI_s0000561794_e0000564638.mp4,tier1,cuda,nvenc,cutfix_full_tier1_20260729_01
jivtgrA42CI_s0000565858_e0000576414,jivtgrA42CI,565.858,576.414,10.556,1.0,1.0,3.01,/kaggle/working/cut_cutfix_full_tier1_20260729_01/tier1/200_250/media/jivtgrA42CI_s0000565858_e0000576414.mp4,tier1,cuda,nvenc,cutfix_full_tier1_20260729_01
jivtgrA42CI_s0000620834_e0000625374,jivtgrA42CI,620.834,625.374,4.54,1.0,1.0,3.99,/kaggle/working/cut_cutfix_full_tier1_20260729_01/tier1/200_250/media/jivtgrA42CI_s0000620834_e0000625374.mp4,tier1,cuda,nvenc,cutfix_full_tier1_20260729_01
jivtgrA42CI_s0000625762_e0000633086,jivtgrA42CI,625.762,633.086,7.324,1.0,1.0,4.5,/kaggle/working/cut_cutfix_full_tier1_20260729_01/tier1/200_250/media/jivtgrA42CI_s0000625762_e0000633086.mp4,tier1,cuda,nvenc,cutfix_full_tier1_20260729_01
jivtgrA42CI_s0000634178_e0000641950,jivtgrA42CI,634.178,641.95,7.772,1.0,1.0,3.58,/kaggle/working/cut_cutfix_full_tier1_20260729_01/tier1/200_250/media/jivtgrA42CI_s0000634178_e0000641950.mp4,tier1,cuda,nvenc,cutfix_full_tier1_20260729_01
jivtgrA42CI_s0000642498_e0000648414,jivtgrA42CI,642.498,648.414,5.916,1.0,1.0,2.59,/kaggle/working/cut_cutfix_full_tier1_20260729_01/tier1/200_250/media/jivtgrA42CI_s0000642498_e0000648414.mp4,tier1,cuda,nvenc,cutfix_full_tier1_20260729_01
jivtgrA42CI_s0000690210_e0000692574,jivtgrA42CI,690.21,692.574,2.364,1.0,1.0,1.71,/kaggle/working/cut_cutfix_full_tier1_20260729_01/tier1/200_250/media/jivtgrA42CI_s0000690210_e0000692574.mp4,tier1,cuda,nvenc,cutfix_full_tier1_20260729_01
jivtgrA42CI_s0000692706_e0000702334,jivtgrA42CI,692.706,702.334,9.628,1.0,1.0,1.69,/kaggle/working/cut_cutfix_full_tier1_20260729_01/tier1/200_250/media/jivtgrA42CI_s0000692706_e0000702334.mp4,tier1,cuda,nvenc,cutfix_full_tier1_20260729_01
jivtgrA42CI_s0000743362_e0000746974,jivtgrA42CI,743.362,746.974,3.612,1.0,1.0,4.12,/kaggle/working/cut_cutfix_full_tier1_20260729_01/tier1/200_250/media/jivtgrA42CI_s0000743362_e0000746974.mp4,tier1,cuda,nvenc,cutfix_full_tier1_20260729_01
jivtgrA42CI_s0000753058_e0000760254,jivtgrA42CI,753.058,760.254,7.196,1.0,1.0,6.05,/kaggle/working/cut_cutfix_full_tier1_20260729_01/tier1/200_250/media/jivtgrA42CI_s0000753058_e0000760254.mp4,tier1,cuda,nvenc,cutfix_full_tier1_20260729_01
jivtgrA42CI_s0000762018_e0000764318,jivtgrA42CI,762.018,764.318,2.3,1.0,1.0,3.52,/kaggle/working/cut_cutfix_full_tier1_20260729_01/tier1/200_250/media/jivtgrA42CI_s0000762018_e0000764318.mp4,tier1,cuda,nvenc,cutfix_full_tier1_20260729_01
jivtgrA42CI_s0000764418_e0000768382,jivtgrA42CI,764.418,768.382,3.964,1.0,1.0,2.8,/kaggle/working/cut_cutfix_full_tier1_20260729_01/tier1/200_250/media/jivtgrA42CI_s0000764418_e0000768382.mp4,tier1,cuda,nvenc,cutfix_full_tier1_20260729_01
jivtgrA42CI_s0000768706_e0000771006,jivtgrA42CI,768.706,771.006,2.3,1.0,1.0,2.77,/kaggle/working/cut_cutfix_full_tier1_20260729_01/tier1/200_250/media/jivtgrA42CI_s0000768706_e0000771006.mp4,tier1,cuda,nvenc,cutfix_full_tier1_20260729_01
jivtgrA42CI_s0000775746_e0000780746,jivtgrA42CI,775.746,780.746,5.0,1.0,1.0,5.51,/kaggle/working/cut_cutfix_full_tier1_20260729_01/tier1/200_250/media/jivtgrA42CI_s0000775746_e0000780746.mp4,tier1,cuda,nvenc,cutfix_full_tier1_20260729_01
jlRmqbnNoWk_s0000016578_e0000021918,jlRmqbnNoWk,16.578,21.918,5.34,1.0,1.0,5.03,/kaggle/working/cut_cutfix_full_tier1_20260729_01/tier1/200_250/media/jlRmqbnNoWk_s0000016578_e0000021918.mp4,tier1,cuda,nvenc,cutfix_full_tier1_20260729_01
jlRmqbnNoWk_s0000022178_e0000027390,jlRmqbnNoWk,22.178,27.39,5.212,1.0,1.0,5.4,/kaggle/working/cut_cutfix_full_tier1_20260729_01/tier1/200_250/media/jlRmqbnNoWk_s0000022178_e0000027390.mp4,tier1,cuda,nvenc,cutfix_full_tier1_20260729_01
jlRmqbnNoWk_s0000040834_e0000044542,jlRmqbnNoWk,40.834,44.542,3.708,1.0,1.0,8.24,/kaggle/working/cut_cutfix_full_tier1_20260729_01/tier1/200_250/media/jlRmqbnNoWk_s0000040834_e0000044542.mp4,tier1,cuda,nvenc,cutfix_full_tier1_20260729_01
jlRmqbnNoWk_s0000081474_e0000086474,jlRmqbnNoWk,81.474,86.474,5.0,1.0,1.0,5.68,/kaggle/working/cut_cutfix_full_tier1_20260729_01/tier1/200_250/media/jlRmqbnNoWk_s0000081474_e0000086474.mp4,tier1,cuda,nvenc,cutfix_full_tier1_20260729_01
jlRmqbnNoWk_s0000137154_e0000144510,jlRmqbnNoWk,137.154,144.51,7.356,0.714,1.0,4.66,/kaggle/working/cut_cutfix_full_tier1_20260729_01/tier1/200_250/media/jlRmqbnNoWk_s0000137154_e0000144510.mp4,tier1,cuda,nvenc,cutfix_full_tier1_20260729_01
jlRmqbnNoWk_s0000171362_e0000176362,jlRmqbnNoWk,171.362,176.362,5.0,1.0,1.0,6.73,/kaggle/working/cut_cutfix_full_tier1_20260729_01/tier1/200_250/media/jlRmqbnNoWk_s0000171362_e0000176362.mp4,tier1,cuda,nvenc,cutfix_full_tier1_20260729_01
jlRmqbnNoWk_s0000175362_e0000180362,jlRmqbnNoWk,175.362,180.362,5.0,1.0,1.0,6.47,/kaggle/working/cut_cutfix_full_tier1_20260729_01/tier1/200_250/media/jlRmqbnNoWk_s0000175362_e0000180362.mp4,tier1,cuda,nvenc,cutfix_full_tier1_20260729_01
jlRmqbnNoWk_s0000179362_e0000184362,jlRmqbnNoWk,179.362,184.362,5.0,1.0,1.0,7.14,/kaggle/working/cut_cutfix_full_tier1_20260729_01/tier1/200_250/media/jlRmqbnNoWk_s0000179362_e0000184362.mp4,tier1,cuda,nvenc,cutfix_full_tier1_20260729_01
jlRmqbnNoWk_s0000188738_e0000193738,jlRmqbnNoWk,188.738,193.738,5.0,0.8,1.0,6.74,/kaggle/working/cut_cutfix_full_tier1_20260729_01/tier1/200_250/media/jlRmqbnNoWk_s0000188738_e0000193738.mp4,tier1,cuda,nvenc,cutfix_full_tier1_20260729_01
jlRmqbnNoWk_s0000211970_e0000223838,jlRmqbnNoWk,211.97,223.838,11.868,0.917,1.0,6.07,/kaggle/working/cut_cutfix_full_tier1_20260729_01/tier1/200_250/media/jlRmqbnNoWk_s0000211970_e0000223838.mp4,tier1,cuda,nvenc,cutfix_full_tier1_20260729_01
jlRmqbnNoWk_s0000233186_e0000236542,jlRmqbnNoWk,233.186,236.542,3.356,1.0,1.0,7.77,/kaggle/working/cut_cutfix_full_tier1_20260729_01/tier1/200_250/media/jlRmqbnNoWk_s0000233186_e0000236542.mp4,tier1,cuda,nvenc,cutfix_full_tier1_20260729_01
jlRmqbnNoWk_s0000254818_e0000260382,jlRmqbnNoWk,254.818,260.382,5.564,1.0,1.0,7.96,/kaggle/working/cut_cutfix_full_tier1_20260729_01/tier1/200_250/media/jlRmqbnNoWk_s0000254818_e0000260382.mp4,tier1,cuda,nvenc,cutfix_full_tier1_20260729_01
jlRmqbnNoWk_s0000260514_e0000265566,jlRmqbnNoWk,260.514,265.566,5.052,1.0,1.0,8.29,/kaggle/working/cut_cutfix_full_tier1_20260729_01/tier1/200_250/media/jlRmqbnNoWk_s0000260514_e0000265566.mp4,tier1,cuda,nvenc,cutfix_full_tier1_20260729_01
jlRmqbnNoWk_s0000265730_e0000271166,jlRmqbnNoWk,265.73,271.166,5.436,0.833,1.0,7.57,/kaggle/working/cut_cutfix_full_tier1_20260729_01/tier1/200_250/media/jlRmqbnNoWk_s0000265730_e0000271166.mp4,tier1,cuda,nvenc,cutfix_full_tier1_20260729_01
jlRmqbnNoWk_s0000272066_e0000277066,jlRmqbnNoWk,272.066,277.066,5.0,1.0,1.0,7.92,/kaggle/working/cut_cutfix_full_tier1_20260729_01/tier1/200_250/media/jlRmqbnNoWk_s0000272066_e0000277066.mp4,tier1,cuda,nvenc,cutfix_full_tier1_20260729_01
jlRmqbnNoWk_s0000276066_e0000281066,jlRmqbnNoWk,276.066,281.066,5.0,0.8,1.0,6.94,/kaggle/working/cut_cutfix_full_tier1_20260729_01/tier1/200_250/media/jlRmqbnNoWk_s0000276066_e0000281066.mp4,tier1,cuda,nvenc,cutfix_full_tier1_20260729_01
jlRmqbnNoWk_s0000280066_e0000285066,jlRmqbnNoWk,280.066,285.066,5.0,1.0,1.0,7.77,/kaggle/working/cut_cutfix_full_tier1_20260729_01/tier1/200_250/media/jlRmqbnNoWk_s0000280066_e0000285066.mp4,tier1,cuda,nvenc,cutfix_full_tier1_20260729_01
jlRmqbnNoWk_s0000284066_e0000289066,jlRmqbnNoWk,284.066,289.066,5.0,1.0,1.0,7.5,/kaggle/working/cut_cutfix_full_tier1_20260729_01/tier1/200_250/media/jlRmqbnNoWk_s0000284066_e0000289066.mp4,tier1,cuda,nvenc,cutfix_full_tier1_20260729_01
jlRmqbnNoWk_s0000316258_e0000319390,jlRmqbnNoWk,316.258,319.39,3.132,1.0,1.0,8.76,/kaggle/working/cut_cutfix_full_tier1_20260729_01/tier1/200_250/media/jlRmqbnNoWk_s0000316258_e0000319390.mp4,tier1,cuda,nvenc,cutfix_full_tier1_20260729_01
jlRmqbnNoWk_s0000319874_e0000326526,jlRmqbnNoWk,319.874,326.526,6.652,1.0,1.0,6.31,/kaggle/working/cut_cutfix_full_tier1_20260729_01/tier1/200_250/media/jlRmqbnNoWk_s0000319874_e0000326526.mp4,tier1,cuda,nvenc,cutfix_full_tier1_20260729_01
jlRmqbnNoWk_s0000326626_e0000332958,jlRmqbnNoWk,326.626,332.958,6.332,1.0,1.0,5.68,/kaggle/working/cut_cutfix_full_tier1_20260729_01/tier1/200_250/media/jlRmqbnNoWk_s0000326626_e0000332958.mp4,tier1,cuda,nvenc,cutfix_full_tier1_20260729_01
jlRmqbnNoWk_s0000341282_e0000346282,jlRmqbnNoWk,341.282,346.282,5.0,1.0,1.0,5.95,/kaggle/working/cut_cutfix_full_tier1_20260729_01/tier1/200_250/media/jlRmqbnNoWk_s0000341282_e0000346282.mp4,tier1,cuda,nvenc,cutfix_full_tier1_20260729_01
jlRmqbnNoWk_s0000345282_e0000350282,jlRmqbnNoWk,345.282,350.282,5.0,0.8,1.0,5.7,/kaggle/working/cut_cutfix_full_tier1_20260729_01/tier1/200_250/media/jlRmqbnNoWk_s0000345282_e0000350282.mp4,tier1,cuda,nvenc,cutfix_full_tier1_20260729_01
jlRmqbnNoWk_s0000349282_e0000354282,jlRmqbnNoWk,349.282,354.282,5.0,1.0,1.0,5.49,/kaggle/working/cut_cutfix_full_tier1_20260729_01/tier1/200_250/media/jlRmqbnNoWk_s0000349282_e0000354282.mp4,tier1,cuda,nvenc,cutfix_full_tier1_20260729_01
jlRmqbnNoWk_s0000363778_e0000368778,jlRmqbnNoWk,363.778,368.778,5.0,1.0,1.0,5.32,/kaggle/working/cut_cutfix_full_tier1_20260729_01/tier1/200_250/media/jlRmqbnNoWk_s0000363778_e0000368778.mp4,tier1,cuda,nvenc,cutfix_full_tier1_20260729_01
jlRmqbnNoWk_s0000376578_e0000381578,jlRmqbnNoWk,376.578,381.578,5.0,1.0,1.0,4.77,/kaggle/working/cut_cutfix_full_tier1_20260729_01/tier1/200_250/media/jlRmqbnNoWk_s0000376578_e0000381578.mp4,tier1,cuda,nvenc,cutfix_full_tier1_20260729_01
jlRmqbnNoWk_s0000384578_e0000389578,jlRmqbnNoWk,384.578,389.578,5.0,1.0,1.0,5.71,/kaggle/working/cut_cutfix_full_tier1_20260729_01/tier1/200_250/media/jlRmqbnNoWk_s0000384578_e0000389578.mp4,tier1,cuda,nvenc,cutfix_full_tier1_20260729_01
jlRmqbnNoWk_s0000388578_e0000393578,jlRmqbnNoWk,388.578,393.578,5.0,1.0,1.0,4.21,/kaggle/working/cut_cutfix_full_tier1_20260729_01/tier1/200_250/media/jlRmqbnNoWk_s0000388578_e0000393578.mp4,tier1,cuda,nvenc,cutfix_full_tier1_20260729_01
jlRmqbnNoWk_s0000392578_e0000396606,jlRmqbnNoWk,392.578,396.606,4.028,1.0,1.0,4.74,/kaggle/working/cut_cutfix_full_tier1_20260729_01/tier1/200_250/media/jlRmqbnNoWk_s0000392578_e0000396606.mp4,tier1,cuda,nvenc,cutfix_full_tier1_20260729_01
jlRmqbnNoWk_s0000396770_e0000407646,jlRmqbnNoWk,396.77,407.646,10.876,1.0,1.0,4.85,/kaggle/working/cut_cutfix_full_tier1_20260729_01/tier1/200_250/media/jlRmqbnNoWk_s0000396770_e0000407646.mp4,tier1,cuda,nvenc,cutfix_full_tier1_20260729_01
jlRmqbnNoWk_s0000407874_e0000414174,jlRmqbnNoWk,407.874,414.174,6.3,1.0,1.0,5.9,/kaggle/working/cut_cutfix_full_tier1_20260729_01/tier1/200_250/media/jlRmqbnNoWk_s0000407874_e0000414174.mp4,tier1,cuda,nvenc,cutfix_full_tier1_20260729_01
jlRmqbnNoWk_s0000430850_e0000435850,jlRmqbnNoWk,430.85,435.85,5.0,0.8,1.0,5.66,/kaggle/working/cut_cutfix_full_tier1_20260729_01/tier1/200_250/media/jlRmqbnNoWk_s0000430850_e0000435850.mp4,tier1,cuda,nvenc,cutfix_full_tier1_20260729_01
jlRmqbnNoWk_s0000434850_e0000439850,jlRmqbnNoWk,434.85,439.85,5.0,1.0,1.0,5.44,/kaggle/working/cut_cutfix_full_tier1_20260729_01/tier1/200_250/media/jlRmqbnNoWk_s0000434850_e0000439850.mp4,tier1,cuda,nvenc,cutfix_full_tier1_20260729_01
jlRmqbnNoWk_s0000438850_e0000443850,jlRmqbnNoWk,438.85,443.85,5.0,0.8,1.0,5.99,/kaggle/working/cut_cutfix_full_tier1_20260729_01/tier1/200_250/media/jlRmqbnNoWk_s0000438850_e0000443850.mp4,tier1,cuda,nvenc,cutfix_full_tier1_20260729_01
jlRmqbnNoWk_s0000447042_e0000452042,jlRmqbnNoWk,447.042,452.042,5.0,1.0,1.0,6.08,/kaggle/working/cut_cutfix_full_tier1_20260729_01/tier1/200_250/media/jlRmqbnNoWk_s0000447042_e0000452042.mp4,tier1,cuda,nvenc,cutfix_full_tier1_20260729_01
jlRmqbnNoWk_s0000455042_e0000460042,jlRmqbnNoWk,455.042,460.042,5.0,1.0,1.0,6.33,/kaggle/working/cut_cutfix_full_tier1_20260729_01/tier1/200_250/media/jlRmqbnNoWk_s0000455042_e0000460042.mp4,tier1,cuda,nvenc,cutfix_full_tier1_20260729_01
jlRmqbnNoWk_s0000459042_e0000464042,jlRmqbnNoWk,459.042,464.042,5.0,1.0,1.0,6.0,/kaggle/working/cut_cutfix_full_tier1_20260729_01/tier1/200_250/media/jlRmqbnNoWk_s0000459042_e0000464042.mp4,tier1,cuda,nvenc,cutfix_full_tier1_20260729_01
jlRmqbnNoWk_s0000465890_e0000472894,jlRmqbnNoWk,465.89,472.894,7.004,0.857,1.0,6.51,/kaggle/working/cut_cutfix_full_tier1_20260729_01/tier1/200_250/media/jlRmqbnNoWk_s0000465890_e0000472894.mp4,tier1,cuda,nvenc,cutfix_full_tier1_20260729_01
jlRmqbnNoWk_s0000478914_e0000483914,jlRmqbnNoWk,478.914,483.914,5.0,1.0,1.0,4.97,/kaggle/working/cut_cutfix_full_tier1_20260729_01/tier1/200_250/media/jlRmqbnNoWk_s0000478914_e0000483914.mp4,tier1,cuda,nvenc,cutfix_full_tier1_20260729_01
jlRmqbnNoWk_s0000482914_e0000487914,jlRmqbnNoWk,482.914,487.914,5.0,1.0,1.0,5.32,/kaggle/working/cut_cutfix_full_tier1_20260729_01/tier1/200_250/media/jlRmqbnNoWk_s0000482914_e0000487914.mp4,tier1,cuda,nvenc,cutfix_full_tier1_20260729_01
jlRmqbnNoWk_s0000491714_e0000498590,jlRmqbnNoWk,491.714,498.59,6.876,1.0,1.0,5.82,/kaggle/working/cut_cutfix_full_tier1_20260729_01/tier1/200_250/media/jlRmqbnNoWk_s0000491714_e0000498590.mp4,tier1,cuda,nvenc,cutfix_full_tier1_20260729_01
jlRmqbnNoWk_s0000520098_e0000528414,jlRmqbnNoWk,520.098,528.414,8.316,1.0,1.0,4.34,/kaggle/working/cut_cutfix_full_tier1_20260729_01/tier1/200_250/media/jlRmqbnNoWk_s0000520098_e0000528414.mp4,tier1,cuda,nvenc,cutfix_full_tier1_20260729_01
jlRmqbnNoWk_s0000528674_e0000533674,jlRmqbnNoWk,528.674,533.674,5.0,0.8,1.0,5.58,/kaggle/working/cut_cutfix_full_tier1_20260729_01/tier1/200_250/media/jlRmqbnNoWk_s0000528674_e0000533674.mp4,tier1,cuda,nvenc,cutfix_full_tier1_20260729_01
jlRmqbnNoWk_s0000532674_e0000537674,jlRmqbnNoWk,532.674,537.674,5.0,0.8,1.0,4.7,/kaggle/working/cut_cutfix_full_tier1_20260729_01/tier1/200_250/media/jlRmqbnNoWk_s0000532674_e0000537674.mp4,tier1,cuda,nvenc,cutfix_full_tier1_20260729_01
jlRmqbnNoWk_s0000536674_e0000541674,jlRmqbnNoWk,536.674,541.674,5.0,1.0,1.0,6.12,/kaggle/working/cut_cutfix_full_tier1_20260729_01/tier1/200_250/media/jlRmqbnNoWk_s0000536674_e0000541674.mp4,tier1,cuda,nvenc,cutfix_full_tier1_20260729_01
jlRmqbnNoWk_s0000547202_e0000553438,jlRmqbnNoWk,547.202,553.438,6.236,1.0,1.0,5.64,/kaggle/working/cut_cutfix_full_tier1_20260729_01/tier1/200_250/media/jlRmqbnNoWk_s0000547202_e0000553438.mp4,tier1,cuda,nvenc,cutfix_full_tier1_20260729_01
jlRmqbnNoWk_s0000561410_e0000565022,jlRmqbnNoWk,561.41,565.022,3.612,1.0,1.0,8.2,/kaggle/working/cut_cutfix_full_tier1_20260729_01/tier1/200_250/media/jlRmqbnNoWk_s0000561410_e0000565022.mp4,tier1,cuda,nvenc,cutfix_full_tier1_20260729_01
jlRmqbnNoWk_s0000583362_e0000588362,jlRmqbnNoWk,583.362,588.362,5.0,1.0,1.0,4.73,/kaggle/working/cut_cutfix_full_tier1_20260729_01/tier1/200_250/media/jlRmqbnNoWk_s0000583362_e0000588362.mp4,tier1,cuda,nvenc,cutfix_full_tier1_20260729_01
jlRmqbnNoWk_s0000587362_e0000591102,jlRmqbnNoWk,587.362,591.102,3.74,1.0,1.0,4.9,/kaggle/working/cut_cutfix_full_tier1_20260729_01/tier1/200_250/media/jlRmqbnNoWk_s0000587362_e0000591102.mp4,tier1,cuda,nvenc,cutfix_full_tier1_20260729_01
jlRmqbnNoWk_s0000591682_e0000596682,jlRmqbnNoWk,591.682,596.682,5.0,1.0,1.0,5.93,/kaggle/working/cut_cutfix_full_tier1_20260729_01/tier1/200_250/media/jlRmqbnNoWk_s0000591682_e0000596682.mp4,tier1,cuda,nvenc,cutfix_full_tier1_20260729_01
jlRmqbnNoWk_s0000595682_e0000600682,jlRmqbnNoWk,595.682,600.682,5.0,0.8,1.0,5.3,/kaggle/working/cut_cutfix_full_tier1_20260729_01/tier1/200_250/media/jlRmqbnNoWk_s0000595682_e0000600682.mp4,tier1,cuda,nvenc,cutfix_full_tier1_20260729_01
jlRmqbnNoWk_s0000599682_e0000604682,jlRmqbnNoWk,599.682,604.682,5.0,1.0,1.0,3.95,/kaggle/working/cut_cutfix_full_tier1_20260729_01/tier1/200_250/media/jlRmqbnNoWk_s0000599682_e0000604682.mp4,tier1,cuda,nvenc,cutfix_full_tier1_20260729_01
jlRmqbnNoWk_s0000603682_e0000608286,jlRmqbnNoWk,603.682,608.286,4.604,1.0,1.0,4.09,/kaggle/working/cut_cutfix_full_tier1_20260729_01/tier1/200_250/media/jlRmqbnNoWk_s0000603682_e0000608286.mp4,tier1,cuda,nvenc,cutfix_full_tier1_20260729_01
jlRmqbnNoWk_s0000608610_e0000613610,jlRmqbnNoWk,608.61,613.61,5.0,0.8,1.0,5.24,/kaggle/working/cut_cutfix_full_tier1_20260729_01/tier1/200_250/media/jlRmqbnNoWk_s0000608610_e0000613610.mp4,tier1,cuda,nvenc,cutfix_full_tier1_20260729_01
jlRmqbnNoWk_s0000612610_e0000617610,jlRmqbnNoWk,612.61,617.61,5.0,1.0,1.0,5.78,/kaggle/working/cut_cutfix_full_tier1_20260729_01/tier1/200_250/media/jlRmqbnNoWk_s0000612610_e0000617610.mp4,tier1,cuda,nvenc,cutfix_full_tier1_20260729_01
jlRmqbnNoWk_s0000616610_e0000620734,jlRmqbnNoWk,616.61,620.734,4.124,1.0,1.0,4.69,/kaggle/working/cut_cutfix_full_tier1_20260729_01/tier1/200_250/media/jlRmqbnNoWk_s0000616610_e0000620734.mp4,tier1,cuda,nvenc,cutfix_full_tier1_20260729_01
jlRmqbnNoWk_s0000625314_e0000630314,jlRmqbnNoWk,625.314,630.314,5.0,1.0,1.0,4.35,/kaggle/working/cut_cutfix_full_tier1_20260729_01/tier1/200_250/media/jlRmqbnNoWk_s0000625314_e0000630314.mp4,tier1,cuda,nvenc,cutfix_full_tier1_20260729_01
jlRmqbnNoWk_s0000629314_e0000634314,jlRmqbnNoWk,629.314,634.314,5.0,1.0,1.0,4.89,/kaggle/working/cut_cutfix_full_tier1_20260729_01/tier1/200_250/media/jlRmqbnNoWk_s0000629314_e0000634314.mp4,tier1,cuda,nvenc,cutfix_full_tier1_20260729_01
jlRmqbnNoWk_s0000637314_e0000642314,jlRmqbnNoWk,637.314,642.314,5.0,1.0,1.0,4.23,/kaggle/working/cut_cutfix_full_tier1_20260729_01/tier1/200_250/media/jlRmqbnNoWk_s0000637314_e0000642314.mp4,tier1,cuda,nvenc,cutfix_full_tier1_20260729_01
jlRmqbnNoWk_s0000641314_e0000645150,jlRmqbnNoWk,641.314,645.15,3.836,1.0,1.0,4.36,/kaggle/working/cut_cutfix_full_tier1_20260729_01/tier1/200_250/media/jlRmqbnNoWk_s0000641314_e0000645150.mp4,tier1,cuda,nvenc,cutfix_full_tier1_20260729_01
jlRmqbnNoWk_s0000653698_e0000656030,jlRmqbnNoWk,653.698,656.03,2.332,1.0,1.0,5.64,/kaggle/working/cut_cutfix_full_tier1_20260729_01/tier1/200_250/media/jlRmqbnNoWk_s0000653698_e0000656030.mp4,tier1,cuda,nvenc,cutfix_full_tier1_20260729_01
jlRmqbnNoWk_s0000666882_e0000672990,jlRmqbnNoWk,666.882,672.99,6.108,1.0,1.0,4.37,/kaggle/working/cut_cutfix_full_tier1_20260729_01/tier1/200_250/media/jlRmqbnNoWk_s0000666882_e0000672990.mp4,tier1,cuda,nvenc,cutfix_full_tier1_20260729_01
jlRmqbnNoWk_s0000675266_e0000683550,jlRmqbnNoWk,675.266,683.55,8.284,0.875,1.0,4.86,/kaggle/working/cut_cutfix_full_tier1_20260729_01/tier1/200_250/media/jlRmqbnNoWk_s0000675266_e0000683550.mp4,tier1,cuda,nvenc,cutfix_full_tier1_20260729_01
jlRmqbnNoWk_s0000691458_e0000696458,jlRmqbnNoWk,691.458,696.458,5.0,1.0,1.0,6.09,/kaggle/working/cut_cutfix_full_tier1_20260729_01/tier1/200_250/media/jlRmqbnNoWk_s0000691458_e0000696458.mp4,tier1,cuda,nvenc,cutfix_full_tier1_20260729_01
jlRmqbnNoWk_s0000695458_e0000700458,jlRmqbnNoWk,695.458,700.458,5.0,1.0,1.0,4.81,/kaggle/working/cut_cutfix_full_tier1_20260729_01/tier1/200_250/media/jlRmqbnNoWk_s0000695458_e0000700458.mp4,tier1,cuda,nvenc,cutfix_full_tier1_20260729_01
jlRmqbnNoWk_s0000703458_e0000708458,jlRmqbnNoWk,703.458,708.458,5.0,1.0,1.0,4.03,/kaggle/working/cut_cutfix_full_tier1_20260729_01/tier1/200_250/media/jlRmqbnNoWk_s0000703458_e0000708458.mp4,tier1,cuda,nvenc,cutfix_full_tier1_20260729_01
jlRmqbnNoWk_s0000707458_e0000711774,jlRmqbnNoWk,707.458,711.774,4.316,1.0,1.0,4.4,/kaggle/working/cut_cutfix_full_tier1_20260729_01/tier1/200_250/media/jlRmqbnNoWk_s0000707458_e0000711774.mp4,tier1,cuda,nvenc,cutfix_full_tier1_20260729_01
jlRmqbnNoWk_s0000711970_e0000720766,jlRmqbnNoWk,711.97,720.766,8.796,0.778,1.0,5.48,/kaggle/working/cut_cutfix_full_tier1_20260729_01/tier1/200_250/media/jlRmqbnNoWk_s0000711970_e0000720766.mp4,tier1,cuda,nvenc,cutfix_full_tier1_20260729_01
jlRmqbnNoWk_s0000720930_e0000725930,jlRmqbnNoWk,720.93,725.93,5.0,1.0,1.0,5.56,/kaggle/working/cut_cutfix_full_tier1_20260729_01/tier1/200_250/media/jlRmqbnNoWk_s0000720930_e0000725930.mp4,tier1,cuda,nvenc,cutfix_full_tier1_20260729_01
jlRmqbnNoWk_s0000728930_e0000733930,jlRmqbnNoWk,728.93,733.93,5.0,0.8,1.0,4.63,/kaggle/working/cut_cutfix_full_tier1_20260729_01/tier1/200_250/media/jlRmqbnNoWk_s0000728930_e0000733930.mp4,tier1,cuda,nvenc,cutfix_full_tier1_20260729_01
jtxzzbPQFJM_s0000000130_e0000005130,jtxzzbPQFJM,0.13,5.13,5.0,1.0,1.0,7.06,/kaggle/working/cut_cutfix_full_tier1_20260729_01/tier1/200_250/media/jtxzzbPQFJM_s0000000130_e0000005130.mp4,tier1,cuda,nvenc,cutfix_full_tier1_20260729_01
jtxzzbPQFJM_s0000004130_e0000009130,jtxzzbPQFJM,4.13,9.13,5.0,1.0,1.0,6.43,/kaggle/working/cut_cutfix_full_tier1_20260729_01/tier1/200_250/media/jtxzzbPQFJM_s0000004130_e0000009130.mp4,tier1,cuda,nvenc,cutfix_full_tier1_20260729_01
jtxzzbPQFJM_s0000024130_e0000027486,jtxzzbPQFJM,24.13,27.486,3.356,1.0,1.0,0.58,/kaggle/working/cut_cutfix_full_tier1_20260729_01/tier1/200_250/media/jtxzzbPQFJM_s0000024130_e0000027486.mp4,tier1,cuda,nvenc,cutfix_full_tier1_20260729_01
jtxzzbPQFJM_s0000043618_e0000048618,jtxzzbPQFJM,43.618,48.618,5.0,1.0,1.0,5.99,/kaggle/working/cut_cutfix_full_tier1_20260729_01/tier1/200_250/media/jtxzzbPQFJM_s0000043618_e0000048618.mp4,tier1,cuda,nvenc,cutfix_full_tier1_20260729_01
jtxzzbPQFJM_s0000047618_e0000052618,jtxzzbPQFJM,47.618,52.618,5.0,1.0,1.0,4.81,/kaggle/working/cut_cutfix_full_tier1_20260729_01/tier1/200_250/media/jtxzzbPQFJM_s0000047618_e0000052618.mp4,tier1,cuda,nvenc,cutfix_full_tier1_20260729_01
jtxzzbPQFJM_s0000069858_e0000074858,jtxzzbPQFJM,69.858,74.858,5.0,0.8,1.0,7.16,/kaggle/working/cut_cutfix_full_tier1_20260729_01/tier1/200_250/media/jtxzzbPQFJM_s0000069858_e0000074858.mp4,tier1,cuda,nvenc,cutfix_full_tier1_20260729_01
jtxzzbPQFJM_s0000073858_e0000078858,jtxzzbPQFJM,73.858,78.858,5.0,1.0,1.0,6.16,/kaggle/working/cut_cutfix_full_tier1_20260729_01/tier1/200_250/media/jtxzzbPQFJM_s0000073858_e0000078858.mp4,tier1,cuda,nvenc,cutfix_full_tier1_20260729_01
jtxzzbPQFJM_s0000089858_e0000094858,jtxzzbPQFJM,89.858,94.858,5.0,0.8,1.0,6.67,/kaggle/working/cut_cutfix_full_tier1_20260729_01/tier1/200_250/media/jtxzzbPQFJM_s0000089858_e0000094858.mp4,tier1,cuda,nvenc,cutfix_full_tier1_20260729_01
jtxzzbPQFJM_s0000093858_e0000098858,jtxzzbPQFJM,93.858,98.858,5.0,1.0,1.0,8.19,/kaggle/working/cut_cutfix_full_tier1_20260729_01/tier1/200_250/media/jtxzzbPQFJM_s0000093858_e0000098858.mp4,tier1,cuda,nvenc,cutfix_full_tier1_20260729_01
jtxzzbPQFJM_s0000097858_e0000102858,jtxzzbPQFJM,97.858,102.858,5.0,0.8,1.0,6.04,/kaggle/working/cut_cutfix_full_tier1_20260729_01/tier1/200_250/media/jtxzzbPQFJM_s0000097858_e0000102858.mp4,tier1,cuda,nvenc,cutfix_full_tier1_20260729_01
jtxzzbPQFJM_s0000144834_e0000149834,jtxzzbPQFJM,144.834,149.834,5.0,0.8,1.0,6.37,/kaggle/working/cut_cutfix_full_tier1_20260729_01/tier1/200_250/media/jtxzzbPQFJM_s0000144834_e0000149834.mp4,tier1,cuda,nvenc,cutfix_full_tier1_20260729_01
jtxzzbPQFJM_s0000180834_e0000185834,jtxzzbPQFJM,180.834,185.834,5.0,1.0,1.0,5.09,/kaggle/working/cut_cutfix_full_tier1_20260729_01/tier1/200_250/media/jtxzzbPQFJM_s0000180834_e0000185834.mp4,tier1,cuda,nvenc,cutfix_full_tier1_20260729_01
jtxzzbPQFJM_s0000187330_e0000192330,jtxzzbPQFJM,187.33,192.33,5.0,1.0,1.0,5.71,/kaggle/working/cut_cutfix_full_tier1_20260729_01/tier1/200_250/media/jtxzzbPQFJM_s0000187330_e0000192330.mp4,tier1,cuda,nvenc,cutfix_full_tier1_20260729_01
jtxzzbPQFJM_s0000191330_e0000196330,jtxzzbPQFJM,191.33,196.33,5.0,1.0,1.0,5.77,/kaggle/working/cut_cutfix_full_tier1_20260729_01/tier1/200_250/media/jtxzzbPQFJM_s0000191330_e0000196330.mp4,tier1,cuda,nvenc,cutfix_full_tier1_20260729_01
jtxzzbPQFJM_s0000195330_e0000200330,jtxzzbPQFJM,195.33,200.33,5.0,1.0,1.0,5.37,/kaggle/working/cut_cutfix_full_tier1_20260729_01/tier1/200_250/media/jtxzzbPQFJM_s0000195330_e0000200330.mp4,tier1,cuda,nvenc,cutfix_full_tier1_20260729_01
jtxzzbPQFJM_s0000219330_e0000224330,jtxzzbPQFJM,219.33,224.33,5.0,1.0,1.0,5.12,/kaggle/working/cut_cutfix_full_tier1_20260729_01/tier1/200_250/media/jtxzzbPQFJM_s0000219330_e0000224330.mp4,tier1,cuda,nvenc,cutfix_full_tier1_20260729_01
jtxzzbPQFJM_s0000223330_e0000228330,jtxzzbPQFJM,223.33,228.33,5.0,1.0,1.0,4.83,/kaggle/working/cut_cutfix_full_tier1_20260729_01/tier1/200_250/media/jtxzzbPQFJM_s0000223330_e0000228330.mp4,tier1,cuda,nvenc,cutfix_full_tier1_20260729_01
jtxzzbPQFJM_s0000235330_e0000240330,jtxzzbPQFJM,235.33,240.33,5.0,1.0,1.0,6.3,/kaggle/working/cut_cutfix_full_tier1_20260729_01/tier1/200_250/media/jtxzzbPQFJM_s0000235330_e0000240330.mp4,tier1,cuda,nvenc,cutfix_full_tier1_20260729_01
jtxzzbPQFJM_s0000243330_e0000247230,jtxzzbPQFJM,243.33,247.23,3.9,1.0,1.0,5.28,/kaggle/working/cut_cutfix_full_tier1_20260729_01/tier1/200_250/media/jtxzzbPQFJM_s0000243330_e0000247230.mp4,tier1,cuda,nvenc,cutfix_full_tier1_20260729_01
jtxzzbPQFJM_s0000247618_e0000256606,jtxzzbPQFJM,247.618,256.606,8.988,1.0,1.0,7.02,/kaggle/working/cut_cutfix_full_tier1_20260729_01/tier1/200_250/media/jtxzzbPQFJM_s0000247618_e0000256606.mp4,tier1,cuda,nvenc,cutfix_full_tier1_20260729_01
jvfkB28zTAY_s0000000898_e0000008030,jvfkB28zTAY,0.898,8.03,7.132,1.0,1.0,2.07,/kaggle/working/cut_cutfix_full_tier1_20260729_01/tier1/200_250/media/jvfkB28zTAY_s0000000898_e0000008030.mp4,tier1,cuda,nvenc,cutfix_full_tier1_20260729_01
jvfkB28zTAY_s0000008130_e0000018302,jvfkB28zTAY,8.13,18.302,10.172,1.0,1.0,4.07,/kaggle/working/cut_cutfix_full_tier1_20260729_01/tier1/200_250/media/jvfkB28zTAY_s0000008130_e0000018302.mp4,tier1,cuda,nvenc,cutfix_full_tier1_20260729_01
jvfkB28zTAY_s0000025570_e0000033438,jvfkB28zTAY,25.57,33.438,7.868,1.0,1.0,3.24,/kaggle/working/cut_cutfix_full_tier1_20260729_01/tier1/200_250/media/jvfkB28zTAY_s0000025570_e0000033438.mp4,tier1,cuda,nvenc,cutfix_full_tier1_20260729_01
jvfkB28zTAY_s0000033602_e0000037278,jvfkB28zTAY,33.602,37.278,3.676,1.0,1.0,2.71,/kaggle/working/cut_cutfix_full_tier1_20260729_01/tier1/200_250/media/jvfkB28zTAY_s0000033602_e0000037278.mp4,tier1,cuda,nvenc,cutfix_full_tier1_20260729_01
jvfkB28zTAY_s0000037538_e0000040158,jvfkB28zTAY,37.538,40.158,2.62,1.0,1.0,5.92,/kaggle/working/cut_cutfix_full_tier1_20260729_01/tier1/200_250/media/jvfkB28zTAY_s0000037538_e0000040158.mp4,tier1,cuda,nvenc,cutfix_full_tier1_20260729_01
jvfkB28zTAY_s0000040258_e0000044062,jvfkB28zTAY,40.258,44.062,3.804,1.0,1.0,2.2,/kaggle/working/cut_cutfix_full_tier1_20260729_01/tier1/200_250/media/jvfkB28zTAY_s0000040258_e0000044062.mp4,tier1,cuda,nvenc,cutfix_full_tier1_20260729_01
jvfkB28zTAY_s0000044194_e0000053566,jvfkB28zTAY,44.194,53.566,9.372,1.0,1.0,5.01,/kaggle/working/cut_cutfix_full_tier1_20260729_01/tier1/200_250/media/jvfkB28zTAY_s0000044194_e0000053566.mp4,tier1,cuda,nvenc,cutfix_full_tier1_20260729_01
jvfkB28zTAY_s0000071202_e0000077918,jvfkB28zTAY,71.202,77.918,6.716,1.0,1.0,3.87,/kaggle/working/cut_cutfix_full_tier1_20260729_01/tier1/200_250/media/jvfkB28zTAY_s0000071202_e0000077918.mp4,tier1,cuda,nvenc,cutfix_full_tier1_20260729_01
jvfkB28zTAY_s0000079426_e0000082558,jvfkB28zTAY,79.426,82.558,3.132,1.0,1.0,2.86,/kaggle/working/cut_cutfix_full_tier1_20260729_01/tier1/200_250/media/jvfkB28zTAY_s0000079426_e0000082558.mp4,tier1,cuda,nvenc,cutfix_full_tier1_20260729_01
jvfkB28zTAY_s0000083650_e0000093086,jvfkB28zTAY,83.65,93.086,9.436,1.0,1.0,3.26,/kaggle/working/cut_cutfix_full_tier1_20260729_01/tier1/200_250/media/jvfkB28zTAY_s0000083650_e0000093086.mp4,tier1,cuda,nvenc,cutfix_full_tier1_20260729_01
jvfkB28zTAY_s0000093698_e0000096158,jvfkB28zTAY,93.698,96.158,2.46,1.0,1.0,4.25,/kaggle/working/cut_cutfix_full_tier1_20260729_01/tier1/200_250/media/jvfkB28zTAY_s0000093698_e0000096158.mp4,tier1,cuda,nvenc,cutfix_full_tier1_20260729_01
jvfkB28zTAY_s0000096770_e0000103294,jvfkB28zTAY,96.77,103.294,6.524,1.0,1.0,3.64,/kaggle/working/cut_cutfix_full_tier1_20260729_01/tier1/200_250/media/jvfkB28zTAY_s0000096770_e0000103294.mp4,tier1,cuda,nvenc,cutfix_full_tier1_20260729_01
jvfkB28zTAY_s0000103394_e0000108394,jvfkB28zTAY,103.394,108.394,5.0,1.0,1.0,4.03,/kaggle/working/cut_cutfix_full_tier1_20260729_01/tier1/200_250/media/jvfkB28zTAY_s0000103394_e0000108394.mp4,tier1,cuda,nvenc,cutfix_full_tier1_20260729_01
jvfkB28zTAY_s0000107394_e0000112394,jvfkB28zTAY,107.394,112.394,5.0,1.0,1.0,3.06,/kaggle/working/cut_cutfix_full_tier1_20260729_01/tier1/200_250/media/jvfkB28zTAY_s0000107394_e0000112394.mp4,tier1,cuda,nvenc,cutfix_full_tier1_20260729_01
jvfkB28zTAY_s0000111394_e0000115870,jvfkB28zTAY,111.394,115.87,4.476,1.0,1.0,2.82,/kaggle/working/cut_cutfix_full_tier1_20260729_01/tier1/200_250/media/jvfkB28zTAY_s0000111394_e0000115870.mp4,tier1,cuda,nvenc,cutfix_full_tier1_20260729_01
jvfkB28zTAY_s0000115970_e0000122014,jvfkB28zTAY,115.97,122.014,6.044,1.0,1.0,1.47,/kaggle/working/cut_cutfix_full_tier1_20260729_01/tier1/200_250/media/jvfkB28zTAY_s0000115970_e0000122014.mp4,tier1,cuda,nvenc,cutfix_full_tier1_20260729_01
jvfkB28zTAY_s0000130658_e0000138846,jvfkB28zTAY,130.658,138.846,8.188,1.0,1.0,3.34,/kaggle/working/cut_cutfix_full_tier1_20260729_01/tier1/200_250/media/jvfkB28zTAY_s0000130658_e0000138846.mp4,tier1,cuda,nvenc,cutfix_full_tier1_20260729_01
jvfkB28zTAY_s0000146690_e0000158398,jvfkB28zTAY,146.69,158.398,11.708,1.0,1.0,3.44,/kaggle/working/cut_cutfix_full_tier1_20260729_01/tier1/200_250/media/jvfkB28zTAY_s0000146690_e0000158398.mp4,tier1,cuda,nvenc,cutfix_full_tier1_20260729_01
jvfkB28zTAY_s0000158530_e0000161534,jvfkB28zTAY,158.53,161.534,3.004,1.0,1.0,1.78,/kaggle/working/cut_cutfix_full_tier1_20260729_01/tier1/200_250/media/jvfkB28zTAY_s0000158530_e0000161534.mp4,tier1,cuda,nvenc,cutfix_full_tier1_20260729_01
jvfkB28zTAY_s0000162850_e0000171038,jvfkB28zTAY,162.85,171.038,8.188,1.0,1.0,4.37,/kaggle/working/cut_cutfix_full_tier1_20260729_01/tier1/200_250/media/jvfkB28zTAY_s0000162850_e0000171038.mp4,tier1,cuda,nvenc,cutfix_full_tier1_20260729_01
jvfkB28zTAY_s0000171522_e0000177630,jvfkB28zTAY,171.522,177.63,6.108,1.0,1.0,2.3,/kaggle/working/cut_cutfix_full_tier1_20260729_01/tier1/200_250/media/jvfkB28zTAY_s0000171522_e0000177630.mp4,tier1,cuda,nvenc,cutfix_full_tier1_20260729_01
jvfkB28zTAY_s0000183650_e0000187326,jvfkB28zTAY,183.65,187.326,3.676,1.0,1.0,3.32,/kaggle/working/cut_cutfix_full_tier1_20260729_01/tier1/200_250/media/jvfkB28zTAY_s0000183650_e0000187326.mp4,tier1,cuda,nvenc,cutfix_full_tier1_20260729_01
jvfkB28zTAY_s0000190850_e0000200830,jvfkB28zTAY,190.85,200.83,9.98,1.0,1.0,3.61,/kaggle/working/cut_cutfix_full_tier1_20260729_01/tier1/200_250/media/jvfkB28zTAY_s0000190850_e0000200830.mp4,tier1,cuda,nvenc,cutfix_full_tier1_20260729_01
jvfkB28zTAY_s0000204706_e0000207774,jvfkB28zTAY,204.706,207.774,3.068,1.0,1.0,5.82,/kaggle/working/cut_cutfix_full_tier1_20260729_01/tier1/200_250/media/jvfkB28zTAY_s0000204706_e0000207774.mp4,tier1,cuda,nvenc,cutfix_full_tier1_20260729_01
jvfkB28zTAY_s0000211714_e0000217630,jvfkB28zTAY,211.714,217.63,5.916,1.0,1.0,3.22,/kaggle/working/cut_cutfix_full_tier1_20260729_01/tier1/200_250/media/jvfkB28zTAY_s0000211714_e0000217630.mp4,tier1,cuda,nvenc,cutfix_full_tier1_20260729_01
jvfkB28zTAY_s0000221858_e0000224542,jvfkB28zTAY,221.858,224.542,2.684,1.0,1.0,2.84,/kaggle/working/cut_cutfix_full_tier1_20260729_01/tier1/200_250/media/jvfkB28zTAY_s0000221858_e0000224542.mp4,tier1,cuda,nvenc,cutfix_full_tier1_20260729_01
jvfkB28zTAY_s0000224738_e0000227486,jvfkB28zTAY,224.738,227.486,2.748,1.0,1.0,2.83,/kaggle/working/cut_cutfix_full_tier1_20260729_01/tier1/200_250/media/jvfkB28zTAY_s0000224738_e0000227486.mp4,tier1,cuda,nvenc,cutfix_full_tier1_20260729_01
jvfkB28zTAY_s0000227650_e0000237310,jvfkB28zTAY,227.65,237.31,9.66,1.0,1.0,1.76,/kaggle/working/cut_cutfix_full_tier1_20260729_01/tier1/200_250/media/jvfkB28zTAY_s0000227650_e0000237310.mp4,tier1,cuda,nvenc,cutfix_full_tier1_20260729_01
jvfkB28zTAY_s0000249378_e0000251806,jvfkB28zTAY,249.378,251.806,2.428,1.0,1.0,2.0,/kaggle/working/cut_cutfix_full_tier1_20260729_01/tier1/200_250/media/jvfkB28zTAY_s0000249378_e0000251806.mp4,tier1,cuda,nvenc,cutfix_full_tier1_20260729_01
jvfkB28zTAY_s0000252162_e0000255070,jvfkB28zTAY,252.162,255.07,2.908,1.0,1.0,2.68,/kaggle/working/cut_cutfix_full_tier1_20260729_01/tier1/200_250/media/jvfkB28zTAY_s0000252162_e0000255070.mp4,tier1,cuda,nvenc,cutfix_full_tier1_20260729_01
jvfkB28zTAY_s0000258466_e0000261374,jvfkB28zTAY,258.466,261.374,2.908,1.0,1.0,3.26,/kaggle/working/cut_cutfix_full_tier1_20260729_01/tier1/200_250/media/jvfkB28zTAY_s0000258466_e0000261374.mp4,tier1,cuda,nvenc,cutfix_full_tier1_20260729_01
jvfkB28zTAY_s0000264194_e0000266526,jvfkB28zTAY,264.194,266.526,2.332,1.0,1.0,0.57,/kaggle/working/cut_cutfix_full_tier1_20260729_01/tier1/200_250/media/jvfkB28zTAY_s0000264194_e0000266526.mp4,tier1,cuda,nvenc,cutfix_full_tier1_20260729_01
jvfkB28zTAY_s0000273570_e0000278570,jvfkB28zTAY,273.57,278.57,5.0,1.0,1.0,2.32,/kaggle/working/cut_cutfix_full_tier1_20260729_01/tier1/200_250/media/jvfkB28zTAY_s0000273570_e0000278570.mp4,tier1,cuda,nvenc,cutfix_full_tier1_20260729_01
jvfkB28zTAY_s0000277570_e0000282570,jvfkB28zTAY,277.57,282.57,5.0,1.0,1.0,3.32,/kaggle/working/cut_cutfix_full_tier1_20260729_01/tier1/200_250/media/jvfkB28zTAY_s0000277570_e0000282570.mp4,tier1,cuda,nvenc,cutfix_full_tier1_20260729_01
jvfkB28zTAY_s0000281570_e0000286238,jvfkB28zTAY,281.57,286.238,4.668,1.0,1.0,4.06,/kaggle/working/cut_cutfix_full_tier1_20260729_01/tier1/200_250/media/jvfkB28zTAY_s0000281570_e0000286238.mp4,tier1,cuda,nvenc,cutfix_full_tier1_20260729_01
jvfkB28zTAY_s0000287938_e0000292350,jvfkB28zTAY,287.938,292.35,4.412,1.0,1.0,2.91,/kaggle/working/cut_cutfix_full_tier1_20260729_01/tier1/200_250/media/jvfkB28zTAY_s0000287938_e0000292350.mp4,tier1,cuda,nvenc,cutfix_full_tier1_20260729_01
jvfkB28zTAY_s0000292578_e0000295742,jvfkB28zTAY,292.578,295.742,3.164,1.0,1.0,0.88,/kaggle/working/cut_cutfix_full_tier1_20260729_01/tier1/200_250/media/jvfkB28zTAY_s0000292578_e0000295742.mp4,tier1,cuda,nvenc,cutfix_full_tier1_20260729_01
jvfkB28zTAY_s0000303778_e0000311326,jvfkB28zTAY,303.778,311.326,7.548,1.0,1.0,2.52,/kaggle/working/cut_cutfix_full_tier1_20260729_01/tier1/200_250/media/jvfkB28zTAY_s0000303778_e0000311326.mp4,tier1,cuda,nvenc,cutfix_full_tier1_20260729_01
jvfkB28zTAY_s0000312866_e0000319614,jvfkB28zTAY,312.866,319.614,6.748,1.0,1.0,2.35,/kaggle/working/cut_cutfix_full_tier1_20260729_01/tier1/200_250/media/jvfkB28zTAY_s0000312866_e0000319614.mp4,tier1,cuda,nvenc,cutfix_full_tier1_20260729_01
jvfkB28zTAY_s0000320034_e0000323006,jvfkB28zTAY,320.034,323.006,2.972,1.0,1.0,3.24,/kaggle/working/cut_cutfix_full_tier1_20260729_01/tier1/200_250/media/jvfkB28zTAY_s0000320034_e0000323006.mp4,tier1,cuda,nvenc,cutfix_full_tier1_20260729_01
jvfkB28zTAY_s0000327042_e0000331806,jvfkB28zTAY,327.042,331.806,4.764,1.0,1.0,4.7,/kaggle/working/cut_cutfix_full_tier1_20260729_01/tier1/200_250/media/jvfkB28zTAY_s0000327042_e0000331806.mp4,tier1,cuda,nvenc,cutfix_full_tier1_20260729_01
jvfkB28zTAY_s0000331906_e0000338526,jvfkB28zTAY,331.906,338.526,6.62,1.0,1.0,3.31,/kaggle/working/cut_cutfix_full_tier1_20260729_01/tier1/200_250/media/jvfkB28zTAY_s0000331906_e0000338526.mp4,tier1,cuda,nvenc,cutfix_full_tier1_20260729_01
jvfkB28zTAY_s0000341090_e0000343230,jvfkB28zTAY,341.09,343.23,2.14,1.0,1.0,2.61,/kaggle/working/cut_cutfix_full_tier1_20260729_01/tier1/200_250/media/jvfkB28zTAY_s0000341090_e0000343230.mp4,tier1,cuda,nvenc,cutfix_full_tier1_20260729_01
jvfkB28zTAY_s0000347330_e0000351774,jvfkB28zTAY,347.33,351.774,4.444,1.0,1.0,4.47,/kaggle/working/cut_cutfix_full_tier1_20260729_01/tier1/200_250/media/jvfkB28zTAY_s0000347330_e0000351774.mp4,tier1,cuda,nvenc,cutfix_full_tier1_20260729_01
jvfkB28zTAY_s0000352354_e0000354398,jvfkB28zTAY,352.354,354.398,2.044,1.0,1.0,3.26,/kaggle/working/cut_cutfix_full_tier1_20260729_01/tier1/200_250/media/jvfkB28zTAY_s0000352354_e0000354398.mp4,tier1,cuda,nvenc,cutfix_full_tier1_20260729_01
jvfkB28zTAY_s0000354882_e0000359102,jvfkB28zTAY,354.882,359.102,4.22,1.0,1.0,2.08,/kaggle/working/cut_cutfix_full_tier1_20260729_01/tier1/200_250/media/jvfkB28zTAY_s0000354882_e0000359102.mp4,tier1,cuda,nvenc,cutfix_full_tier1_20260729_01
jvfkB28zTAY_s0000364130_e0000370014,jvfkB28zTAY,364.13,370.014,5.884,1.0,1.0,1.41,/kaggle/working/cut_cutfix_full_tier1_20260729_01/tier1/200_250/media/jvfkB28zTAY_s0000364130_e0000370014.mp4,tier1,cuda,nvenc,cutfix_full_tier1_20260729_01
jvfkB28zTAY_s0000376962_e0000385406,jvfkB28zTAY,376.962,385.406,8.444,1.0,1.0,2.44,/kaggle/working/cut_cutfix_full_tier1_20260729_01/tier1/200_250/media/jvfkB28zTAY_s0000376962_e0000385406.mp4,tier1,cuda,nvenc,cutfix_full_tier1_20260729_01
jvfkB28zTAY_s0000385538_e0000387550,jvfkB28zTAY,385.538,387.55,2.012,1.0,1.0,5.72,/kaggle/working/cut_cutfix_full_tier1_20260729_01/tier1/200_250/media/jvfkB28zTAY_s0000385538_e0000387550.mp4,tier1,cuda,nvenc,cutfix_full_tier1_20260729_01
jvfkB28zTAY_s0000392578_e0000397578,jvfkB28zTAY,392.578,397.578,5.0,1.0,1.0,2.7,/kaggle/working/cut_cutfix_full_tier1_20260729_01/tier1/200_250/media/jvfkB28zTAY_s0000392578_e0000397578.mp4,tier1,cuda,nvenc,cutfix_full_tier1_20260729_01
jvfkB28zTAY_s0000396578_e0000401578,jvfkB28zTAY,396.578,401.578,5.0,1.0,1.0,2.44,/kaggle/working/cut_cutfix_full_tier1_20260729_01/tier1/200_250/media/jvfkB28zTAY_s0000396578_e0000401578.mp4,tier1,cuda,nvenc,cutfix_full_tier1_20260729_01
jvfkB28zTAY_s0000400578_e0000405118,jvfkB28zTAY,400.578,405.118,4.54,1.0,1.0,1.76,/kaggle/working/cut_cutfix_full_tier1_20260729_01/tier1/200_250/media/jvfkB28zTAY_s0000400578_e0000405118.mp4,tier1,cuda,nvenc,cutfix_full_tier1_20260729_01
jvfkB28zTAY_s0000410114_e0000412222,jvfkB28zTAY,410.114,412.222,2.108,1.0,1.0,2.42,/kaggle/working/cut_cutfix_full_tier1_20260729_01/tier1/200_250/media/jvfkB28zTAY_s0000410114_e0000412222.mp4,tier1,cuda,nvenc,cutfix_full_tier1_20260729_01
jvfkB28zTAY_s0000414722_e0000421982,jvfkB28zTAY,414.722,421.982,7.26,1.0,1.0,2.14,/kaggle/working/cut_cutfix_full_tier1_20260729_01/tier1/200_250/media/jvfkB28zTAY_s0000414722_e0000421982.mp4,tier1,cuda,nvenc,cutfix_full_tier1_20260729_01
jvfkB28zTAY_s0000422178_e0000428126,jvfkB28zTAY,422.178,428.126,5.948,1.0,1.0,2.19,/kaggle/working/cut_cutfix_full_tier1_20260729_01/tier1/200_250/media/jvfkB28zTAY_s0000422178_e0000428126.mp4,tier1,cuda,nvenc,cutfix_full_tier1_20260729_01
jvfkB28zTAY_s0000428386_e0000435742,jvfkB28zTAY,428.386,435.742,7.356,1.0,1.0,1.49,/kaggle/working/cut_cutfix_full_tier1_20260729_01/tier1/200_250/media/jvfkB28zTAY_s0000428386_e0000435742.mp4,tier1,cuda,nvenc,cutfix_full_tier1_20260729_01
jvfkB28zTAY_s0000435842_e0000439198,jvfkB28zTAY,435.842,439.198,3.356,1.0,1.0,5.56,/kaggle/working/cut_cutfix_full_tier1_20260729_01/tier1/200_250/media/jvfkB28zTAY_s0000435842_e0000439198.mp4,tier1,cuda,nvenc,cutfix_full_tier1_20260729_01
jvfkB28zTAY_s0000439458_e0000443294,jvfkB28zTAY,439.458,443.294,3.836,1.0,1.0,2.55,/kaggle/working/cut_cutfix_full_tier1_20260729_01/tier1/200_250/media/jvfkB28zTAY_s0000439458_e0000443294.mp4,tier1,cuda,nvenc,cutfix_full_tier1_20260729_01
jvfkB28zTAY_s0000444418_e0000452158,jvfkB28zTAY,444.418,452.158,7.74,1.0,1.0,3.77,/kaggle/working/cut_cutfix_full_tier1_20260729_01/tier1/200_250/media/jvfkB28zTAY_s0000444418_e0000452158.mp4,tier1,cuda,nvenc,cutfix_full_tier1_20260729_01
jvfkB28zTAY_s0000462050_e0000464542,jvfkB28zTAY,462.05,464.542,2.492,1.0,1.0,5.43,/kaggle/working/cut_cutfix_full_tier1_20260729_01/tier1/200_250/media/jvfkB28zTAY_s0000462050_e0000464542.mp4,tier1,cuda,nvenc,cutfix_full_tier1_20260729_01
jvfkB28zTAY_s0000464706_e0000471038,jvfkB28zTAY,464.706,471.038,6.332,1.0,1.0,2.32,/kaggle/working/cut_cutfix_full_tier1_20260729_01/tier1/200_250/media/jvfkB28zTAY_s0000464706_e0000471038.mp4,tier1,cuda,nvenc,cutfix_full_tier1_20260729_01
jvfkB28zTAY_s0000471394_e0000477694,jvfkB28zTAY,471.394,477.694,6.3,1.0,1.0,3.92,/kaggle/working/cut_cutfix_full_tier1_20260729_01/tier1/200_250/media/jvfkB28zTAY_s0000471394_e0000477694.mp4,tier1,cuda,nvenc,cutfix_full_tier1_20260729_01
jvfkB28zTAY_s0000479458_e0000484574,jvfkB28zTAY,479.458,484.574,5.116,1.0,1.0,1.64,/kaggle/working/cut_cutfix_full_tier1_20260729_01/tier1/200_250/media/jvfkB28zTAY_s0000479458_e0000484574.mp4,tier1,cuda,nvenc,cutfix_full_tier1_20260729_01
jvfkB28zTAY_s0000484674_e0000494110,jvfkB28zTAY,484.674,494.11,9.436,1.0,1.0,2.57,/kaggle/working/cut_cutfix_full_tier1_20260729_01/tier1/200_250/media/jvfkB28zTAY_s0000484674_e0000494110.mp4,tier1,cuda,nvenc,cutfix_full_tier1_20260729_01
jvfkB28zTAY_s0000494370_e0000496766,jvfkB28zTAY,494.37,496.766,2.396,1.0,1.0,0.41,/kaggle/working/cut_cutfix_full_tier1_20260729_01/tier1/200_250/media/jvfkB28zTAY_s0000494370_e0000496766.mp4,tier1,cuda,nvenc,cutfix_full_tier1_20260729_01
jvfkB28zTAY_s0000497186_e0000499742,jvfkB28zTAY,497.186,499.742,2.556,1.0,1.0,6.38,/kaggle/working/cut_cutfix_full_tier1_20260729_01/tier1/200_250/media/jvfkB28zTAY_s0000497186_e0000499742.mp4,tier1,cuda,nvenc,cutfix_full_tier1_20260729_01
jvfkB28zTAY_s0000506274_e0000511274,jvfkB28zTAY,506.274,511.274,5.0,1.0,1.0,2.46,/kaggle/working/cut_cutfix_full_tier1_20260729_01/tier1/200_250/media/jvfkB28zTAY_s0000506274_e0000511274.mp4,tier1,cuda,nvenc,cutfix_full_tier1_20260729_01
jvfkB28zTAY_s0000510274_e0000515274,jvfkB28zTAY,510.274,515.274,5.0,1.0,1.0,1.35,/kaggle/working/cut_cutfix_full_tier1_20260729_01/tier1/200_250/media/jvfkB28zTAY_s0000510274_e0000515274.mp4,tier1,cuda,nvenc,cutfix_full_tier1_20260729_01
jvfkB28zTAY_s0000514274_e0000518366,jvfkB28zTAY,514.274,518.366,4.092,1.0,1.0,1.94,/kaggle/working/cut_cutfix_full_tier1_20260729_01/tier1/200_250/media/jvfkB28zTAY_s0000514274_e0000518366.mp4,tier1,cuda,nvenc,cutfix_full_tier1_20260729_01
jvfkB28zTAY_s0000520898_e0000522942,jvfkB28zTAY,520.898,522.942,2.044,1.0,1.0,2.38,/kaggle/working/cut_cutfix_full_tier1_20260729_01/tier1/200_250/media/jvfkB28zTAY_s0000520898_e0000522942.mp4,tier1,cuda,nvenc,cutfix_full_tier1_20260729_01
jvfkB28zTAY_s0000524322_e0000530174,jvfkB28zTAY,524.322,530.174,5.852,1.0,1.0,3.33,/kaggle/working/cut_cutfix_full_tier1_20260729_01/tier1/200_250/media/jvfkB28zTAY_s0000524322_e0000530174.mp4,tier1,cuda,nvenc,cutfix_full_tier1_20260729_01
jvfkB28zTAY_s0000532194_e0000538686,jvfkB28zTAY,532.194,538.686,6.492,1.0,1.0,3.8,/kaggle/working/cut_cutfix_full_tier1_20260729_01/tier1/200_250/media/jvfkB28zTAY_s0000532194_e0000538686.mp4,tier1,cuda,nvenc,cutfix_full_tier1_20260729_01
jvfkB28zTAY_s0000541954_e0000544222,jvfkB28zTAY,541.954,544.222,2.268,1.0,1.0,5.81,/kaggle/working/cut_cutfix_full_tier1_20260729_01/tier1/200_250/media/jvfkB28zTAY_s0000541954_e0000544222.mp4,tier1,cuda,nvenc,cutfix_full_tier1_20260729_01
jvfkB28zTAY_s0000552194_e0000554878,jvfkB28zTAY,552.194,554.878,2.684,1.0,1.0,1.96,/kaggle/working/cut_cutfix_full_tier1_20260729_01/tier1/200_250/media/jvfkB28zTAY_s0000552194_e0000554878.mp4,tier1,cuda,nvenc,cutfix_full_tier1_20260729_01
jvfkB28zTAY_s0000555010_e0000561406,jvfkB28zTAY,555.01,561.406,6.396,1.0,1.0,2.3,/kaggle/working/cut_cutfix_full_tier1_20260729_01/tier1/200_250/media/jvfkB28zTAY_s0000555010_e0000561406.mp4,tier1,cuda,nvenc,cutfix_full_tier1_20260729_01
jvfkB28zTAY_s0000562466_e0000565278,jvfkB28zTAY,562.466,565.278,2.812,1.0,1.0,5.12,/kaggle/working/cut_cutfix_full_tier1_20260729_01/tier1/200_250/media/jvfkB28zTAY_s0000562466_e0000565278.mp4,tier1,cuda,nvenc,cutfix_full_tier1_20260729_01
jvfkB28zTAY_s0000565570_e0000568510,jvfkB28zTAY,565.57,568.51,2.94,1.0,1.0,1.33,/kaggle/working/cut_cutfix_full_tier1_20260729_01/tier1/200_250/media/jvfkB28zTAY_s0000565570_e0000568510.mp4,tier1,cuda,nvenc,cutfix_full_tier1_20260729_01
jvfkB28zTAY_s0000569794_e0000573086,jvfkB28zTAY,569.794,573.086,3.292,1.0,1.0,1.99,/kaggle/working/cut_cutfix_full_tier1_20260729_01/tier1/200_250/media/jvfkB28zTAY_s0000569794_e0000573086.mp4,tier1,cuda,nvenc,cutfix_full_tier1_20260729_01
jvfkB28zTAY_s0000573378_e0000578046,jvfkB28zTAY,573.378,578.046,4.668,1.0,1.0,3.87,/kaggle/working/cut_cutfix_full_tier1_20260729_01/tier1/200_250/media/jvfkB28zTAY_s0000573378_e0000578046.mp4,tier1,cuda,nvenc,cutfix_full_tier1_20260729_01
jvfkB28zTAY_s0000578274_e0000581726,jvfkB28zTAY,578.274,581.726,3.452,1.0,1.0,4.54,/kaggle/working/cut_cutfix_full_tier1_20260729_01/tier1/200_250/media/jvfkB28zTAY_s0000578274_e0000581726.mp4,tier1,cuda,nvenc,cutfix_full_tier1_20260729_01
jvfkB28zTAY_s0000586370_e0000588702,jvfkB28zTAY,586.37,588.702,2.332,1.0,1.0,2.1,/kaggle/working/cut_cutfix_full_tier1_20260729_01/tier1/200_250/media/jvfkB28zTAY_s0000586370_e0000588702.mp4,tier1,cuda,nvenc,cutfix_full_tier1_20260729_01
jvfkB28zTAY_s0000589410_e0000600030,jvfkB28zTAY,589.41,600.03,10.62,1.0,1.0,2.25,/kaggle/working/cut_cutfix_full_tier1_20260729_01/tier1/200_250/media/jvfkB28zTAY_s0000589410_e0000600030.mp4,tier1,cuda,nvenc,cutfix_full_tier1_20260729_01
jvfkB28zTAY_s0000600290_e0000603678,jvfkB28zTAY,600.29,603.678,3.388,1.0,1.0,1.75,/kaggle/working/cut_cutfix_full_tier1_20260729_01/tier1/200_250/media/jvfkB28zTAY_s0000600290_e0000603678.mp4,tier1,cuda,nvenc,cutfix_full_tier1_20260729_01
jvfkB28zTAY_s0000604162_e0000612062,jvfkB28zTAY,604.162,612.062,7.9,1.0,1.0,2.96,/kaggle/working/cut_cutfix_full_tier1_20260729_01/tier1/200_250/media/jvfkB28zTAY_s0000604162_e0000612062.mp4,tier1,cuda,nvenc,cutfix_full_tier1_20260729_01
jvfkB28zTAY_s0000616258_e0000621258,jvfkB28zTAY,616.258,621.258,5.0,1.0,1.0,2.47,/kaggle/working/cut_cutfix_full_tier1_20260729_01/tier1/200_250/media/jvfkB28zTAY_s0000616258_e0000621258.mp4,tier1,cuda,nvenc,cutfix_full_tier1_20260729_01
jvfkB28zTAY_s0000620258_e0000625258,jvfkB28zTAY,620.258,625.258,5.0,1.0,1.0,0.77,/kaggle/working/cut_cutfix_full_tier1_20260729_01/tier1/200_250/media/jvfkB28zTAY_s0000620258_e0000625258.mp4,tier1,cuda,nvenc,cutfix_full_tier1_20260729_01
jvfkB28zTAY_s0000624258_e0000629182,jvfkB28zTAY,624.258,629.182,4.924,1.0,1.0,0.78,/kaggle/working/cut_cutfix_full_tier1_20260729_01/tier1/200_250/media/jvfkB28zTAY_s0000624258_e0000629182.mp4,tier1,cuda,nvenc,cutfix_full_tier1_20260729_01
jvfkB28zTAY_s0000630914_e0000634046,jvfkB28zTAY,630.914,634.046,3.132,1.0,1.0,3.04,/kaggle/working/cut_cutfix_full_tier1_20260729_01/tier1/200_250/media/jvfkB28zTAY_s0000630914_e0000634046.mp4,tier1,cuda,nvenc,cutfix_full_tier1_20260729_01
jvfkB28zTAY_s0000634466_e0000645278,jvfkB28zTAY,634.466,645.278,10.812,1.0,1.0,3.14,/kaggle/working/cut_cutfix_full_tier1_20260729_01/tier1/200_250/media/jvfkB28zTAY_s0000634466_e0000645278.mp4,tier1,cuda,nvenc,cutfix_full_tier1_20260729_01
jvfkB28zTAY_s0000645666_e0000650878,jvfkB28zTAY,645.666,650.878,5.212,1.0,1.0,1.51,/kaggle/working/cut_cutfix_full_tier1_20260729_01/tier1/200_250/media/jvfkB28zTAY_s0000645666_e0000650878.mp4,tier1,cuda,nvenc,cutfix_full_tier1_20260729_01
jvfkB28zTAY_s0000651170_e0000656030,jvfkB28zTAY,651.17,656.03,4.86,1.0,1.0,0.51,/kaggle/working/cut_cutfix_full_tier1_20260729_01/tier1/200_250/media/jvfkB28zTAY_s0000651170_e0000656030.mp4,tier1,cuda,nvenc,cutfix_full_tier1_20260729_01
kEJZWaY8MGo_s0000013154_e0000015390,kEJZWaY8MGo,13.154,15.39,2.236,1.0,1.0,7.08,/kaggle/working/cut_cutfix_full_tier1_20260729_01/tier1/200_250/media/kEJZWaY8MGo_s0000013154_e0000015390.mp4,tier1,cuda,nvenc,cutfix_full_tier1_20260729_01
kEJZWaY8MGo_s0000015586_e0000019902,kEJZWaY8MGo,15.586,19.902,4.316,1.0,1.0,7.36,/kaggle/working/cut_cutfix_full_tier1_20260729_01/tier1/200_250/media/kEJZWaY8MGo_s0000015586_e0000019902.mp4,tier1,cuda,nvenc,cutfix_full_tier1_20260729_01
kEJZWaY8MGo_s0000041250_e0000045406,kEJZWaY8MGo,41.25,45.406,4.156,1.0,1.0,7.13,/kaggle/working/cut_cutfix_full_tier1_20260729_01/tier1/200_250/media/kEJZWaY8MGo_s0000041250_e0000045406.mp4,tier1,cuda,nvenc,cutfix_full_tier1_20260729_01
kEJZWaY8MGo_s0000048642_e0000052254,kEJZWaY8MGo,48.642,52.254,3.612,1.0,1.0,7.44,/kaggle/working/cut_cutfix_full_tier1_20260729_01/tier1/200_250/media/kEJZWaY8MGo_s0000048642_e0000052254.mp4,tier1,cuda,nvenc,cutfix_full_tier1_20260729_01
kEJZWaY8MGo_s0000052418_e0000056638,kEJZWaY8MGo,52.418,56.638,4.22,1.0,1.0,7.08,/kaggle/working/cut_cutfix_full_tier1_20260729_01/tier1/200_250/media/kEJZWaY8MGo_s0000052418_e0000056638.mp4,tier1,cuda,nvenc,cutfix_full_tier1_20260729_01
kEJZWaY8MGo_s0000056866_e0000060094,kEJZWaY8MGo,56.866,60.094,3.228,1.0,1.0,6.94,/kaggle/working/cut_cutfix_full_tier1_20260729_01/tier1/200_250/media/kEJZWaY8MGo_s0000056866_e0000060094.mp4,tier1,cuda,nvenc,cutfix_full_tier1_20260729_01
kEJZWaY8MGo_s0000062594_e0000065694,kEJZWaY8MGo,62.594,65.694,3.1,1.0,1.0,7.22,/kaggle/working/cut_cutfix_full_tier1_20260729_01/tier1/200_250/media/kEJZWaY8MGo_s0000062594_e0000065694.mp4,tier1,cuda,nvenc,cutfix_full_tier1_20260729_01
kEJZWaY8MGo_s0000069186_e0000071294,kEJZWaY8MGo,69.186,71.294,2.108,1.0,1.0,6.73,/kaggle/working/cut_cutfix_full_tier1_20260729_01/tier1/200_250/media/kEJZWaY8MGo_s0000069186_e0000071294.mp4,tier1,cuda,nvenc,cutfix_full_tier1_20260729_01
kEJZWaY8MGo_s0000071490_e0000077054,kEJZWaY8MGo,71.49,77.054,5.564,1.0,1.0,7.21,/kaggle/working/cut_cutfix_full_tier1_20260729_01/tier1/200_250/media/kEJZWaY8MGo_s0000071490_e0000077054.mp4,tier1,cuda,nvenc,cutfix_full_tier1_20260729_01
kEJZWaY8MGo_s0000077218_e0000079710,kEJZWaY8MGo,77.218,79.71,2.492,1.0,1.0,6.5,/kaggle/working/cut_cutfix_full_tier1_20260729_01/tier1/200_250/media/kEJZWaY8MGo_s0000077218_e0000079710.mp4,tier1,cuda,nvenc,cutfix_full_tier1_20260729_01
kEJZWaY8MGo_s0000107458_e0000110206,kEJZWaY8MGo,107.458,110.206,2.748,1.0,1.0,7.39,/kaggle/working/cut_cutfix_full_tier1_20260729_01/tier1/200_250/media/kEJZWaY8MGo_s0000107458_e0000110206.mp4,tier1,cuda,nvenc,cutfix_full_tier1_20260729_01
kEJZWaY8MGo_s0000120290_e0000123646,kEJZWaY8MGo,120.29,123.646,3.356,1.0,1.0,7.41,/kaggle/working/cut_cutfix_full_tier1_20260729_01/tier1/200_250/media/kEJZWaY8MGo_s0000120290_e0000123646.mp4,tier1,cuda,nvenc,cutfix_full_tier1_20260729_01
kEJZWaY8MGo_s0000128962_e0000131102,kEJZWaY8MGo,128.962,131.102,2.14,1.0,1.0,7.04,/kaggle/working/cut_cutfix_full_tier1_20260729_01/tier1/200_250/media/kEJZWaY8MGo_s0000128962_e0000131102.mp4,tier1,cuda,nvenc,cutfix_full_tier1_20260729_01
kEJZWaY8MGo_s0000131234_e0000133662,kEJZWaY8MGo,131.234,133.662,2.428,1.0,1.0,7.45,/kaggle/working/cut_cutfix_full_tier1_20260729_01/tier1/200_250/media/kEJZWaY8MGo_s0000131234_e0000133662.mp4,tier1,cuda,nvenc,cutfix_full_tier1_20260729_01
kEJZWaY8MGo_s0000140386_e0000143710,kEJZWaY8MGo,140.386,143.71,3.324,1.0,1.0,7.29,/kaggle/working/cut_cutfix_full_tier1_20260729_01/tier1/200_250/media/kEJZWaY8MGo_s0000140386_e0000143710.mp4,tier1,cuda,nvenc,cutfix_full_tier1_20260729_01
kEJZWaY8MGo_s0000152962_e0000155518,kEJZWaY8MGo,152.962,155.518,2.556,1.0,1.0,7.28,/kaggle/working/cut_cutfix_full_tier1_20260729_01/tier1/200_250/media/kEJZWaY8MGo_s0000152962_e0000155518.mp4,tier1,cuda,nvenc,cutfix_full_tier1_20260729_01
kEJZWaY8MGo_s0000161314_e0000163710,kEJZWaY8MGo,161.314,163.71,2.396,1.0,1.0,7.64,/kaggle/working/cut_cutfix_full_tier1_20260729_01/tier1/200_250/media/kEJZWaY8MGo_s0000161314_e0000163710.mp4,tier1,cuda,nvenc,cutfix_full_tier1_20260729_01
kEJZWaY8MGo_s0000163810_e0000167326,kEJZWaY8MGo,163.81,167.326,3.516,1.0,1.0,7.02,/kaggle/working/cut_cutfix_full_tier1_20260729_01/tier1/200_250/media/kEJZWaY8MGo_s0000163810_e0000167326.mp4,tier1,cuda,nvenc,cutfix_full_tier1_20260729_01
kEJZWaY8MGo_s0000169506_e0000173214,kEJZWaY8MGo,169.506,173.214,3.708,1.0,1.0,7.16,/kaggle/working/cut_cutfix_full_tier1_20260729_01/tier1/200_250/media/kEJZWaY8MGo_s0000169506_e0000173214.mp4,tier1,cuda,nvenc,cutfix_full_tier1_20260729_01
kEJZWaY8MGo_s0000175106_e0000178878,kEJZWaY8MGo,175.106,178.878,3.772,1.0,1.0,7.67,/kaggle/working/cut_cutfix_full_tier1_20260729_01/tier1/200_250/media/kEJZWaY8MGo_s0000175106_e0000178878.mp4,tier1,cuda,nvenc,cutfix_full_tier1_20260729_01
kEJZWaY8MGo_s0000180002_e0000182526,kEJZWaY8MGo,180.002,182.526,2.524,1.0,1.0,7.66,/kaggle/working/cut_cutfix_full_tier1_20260729_01/tier1/200_250/media/kEJZWaY8MGo_s0000180002_e0000182526.mp4,tier1,cuda,nvenc,cutfix_full_tier1_20260729_01
kEJZWaY8MGo_s0000182754_e0000185150,kEJZWaY8MGo,182.754,185.15,2.396,1.0,1.0,6.98,/kaggle/working/cut_cutfix_full_tier1_20260729_01/tier1/200_250/media/kEJZWaY8MGo_s0000182754_e0000185150.mp4,tier1,cuda,nvenc,cutfix_full_tier1_20260729_01
kEJZWaY8MGo_s0000185442_e0000189982,kEJZWaY8MGo,185.442,189.982,4.54,1.0,1.0,7.66,/kaggle/working/cut_cutfix_full_tier1_20260729_01/tier1/200_250/media/kEJZWaY8MGo_s0000185442_e0000189982.mp4,tier1,cuda,nvenc,cutfix_full_tier1_20260729_01
kEJZWaY8MGo_s0000190146_e0000194430,kEJZWaY8MGo,190.146,194.43,4.284,1.0,1.0,7.3,/kaggle/working/cut_cutfix_full_tier1_20260729_01/tier1/200_250/media/kEJZWaY8MGo_s0000190146_e0000194430.mp4,tier1,cuda,nvenc,cutfix_full_tier1_20260729_01
kEJZWaY8MGo_s0000200930_e0000203710,kEJZWaY8MGo,200.93,203.71,2.78,1.0,1.0,7.46,/kaggle/working/cut_cutfix_full_tier1_20260729_01/tier1/200_250/media/kEJZWaY8MGo_s0000200930_e0000203710.mp4,tier1,cuda,nvenc,cutfix_full_tier1_20260729_01
kEJZWaY8MGo_s0000203810_e0000206078,kEJZWaY8MGo,203.81,206.078,2.268,1.0,1.0,7.26,/kaggle/working/cut_cutfix_full_tier1_20260729_01/tier1/200_250/media/kEJZWaY8MGo_s0000203810_e0000206078.mp4,tier1,cuda,nvenc,cutfix_full_tier1_20260729_01
kEJZWaY8MGo_s0000206306_e0000209854,kEJZWaY8MGo,206.306,209.854,3.548,1.0,1.0,7.62,/kaggle/working/cut_cutfix_full_tier1_20260729_01/tier1/200_250/media/kEJZWaY8MGo_s0000206306_e0000209854.mp4,tier1,cuda,nvenc,cutfix_full_tier1_20260729_01
kEJZWaY8MGo_s0000209986_e0000212414,kEJZWaY8MGo,209.986,212.414,2.428,1.0,1.0,7.06,/kaggle/working/cut_cutfix_full_tier1_20260729_01/tier1/200_250/media/kEJZWaY8MGo_s0000209986_e0000212414.mp4,tier1,cuda,nvenc,cutfix_full_tier1_20260729_01
kEJZWaY8MGo_s0000273570_e0000280606,kEJZWaY8MGo,273.57,280.606,7.036,1.0,1.0,7.15,/kaggle/working/cut_cutfix_full_tier1_20260729_01/tier1/200_250/media/kEJZWaY8MGo_s0000273570_e0000280606.mp4,tier1,cuda,nvenc,cutfix_full_tier1_20260729_01
kEJZWaY8MGo_s0000281730_e0000285118,kEJZWaY8MGo,281.73,285.118,3.388,1.0,1.0,6.96,/kaggle/working/cut_cutfix_full_tier1_20260729_01/tier1/200_250/media/kEJZWaY8MGo_s0000281730_e0000285118.mp4,tier1,cuda,nvenc,cutfix_full_tier1_20260729_01
kEJZWaY8MGo_s0000428834_e0000431614,kEJZWaY8MGo,428.834,431.614,2.78,1.0,1.0,7.15,/kaggle/working/cut_cutfix_full_tier1_20260729_01/tier1/200_250/media/kEJZWaY8MGo_s0000428834_e0000431614.mp4,tier1,cuda,nvenc,cutfix_full_tier1_20260729_01
kEJZWaY8MGo_s0000431778_e0000433918,kEJZWaY8MGo,431.778,433.918,2.14,1.0,1.0,7.58,/kaggle/working/cut_cutfix_full_tier1_20260729_01/tier1/200_250/media/kEJZWaY8MGo_s0000431778_e0000433918.mp4,tier1,cuda,nvenc,cutfix_full_tier1_20260729_01
kEJZWaY8MGo_s0000436098_e0000438942,kEJZWaY8MGo,436.098,438.942,2.844,1.0,1.0,6.75,/kaggle/working/cut_cutfix_full_tier1_20260729_01/tier1/200_250/media/kEJZWaY8MGo_s0000436098_e0000438942.mp4,tier1,cuda,nvenc,cutfix_full_tier1_20260729_01
kEJZWaY8MGo_s0000473858_e0000478590,kEJZWaY8MGo,473.858,478.59,4.732,1.0,1.0,6.35,/kaggle/working/cut_cutfix_full_tier1_20260729_01/tier1/200_250/media/kEJZWaY8MGo_s0000473858_e0000478590.mp4,tier1,cuda,nvenc,cutfix_full_tier1_20260729_01
kEJZWaY8MGo_s0000485538_e0000490622,kEJZWaY8MGo,485.538,490.622,5.084,1.0,1.0,7.45,/kaggle/working/cut_cutfix_full_tier1_20260729_01/tier1/200_250/media/kEJZWaY8MGo_s0000485538_e0000490622.mp4,tier1,cuda,nvenc,cutfix_full_tier1_20260729_01
kEJZWaY8MGo_s0000494946_e0000497150,kEJZWaY8MGo,494.946,497.15,2.204,1.0,1.0,6.67,/kaggle/working/cut_cutfix_full_tier1_20260729_01/tier1/200_250/media/kEJZWaY8MGo_s0000494946_e0000497150.mp4,tier1,cuda,nvenc,cutfix_full_tier1_20260729_01
kEJZWaY8MGo_s0000527330_e0000531102,kEJZWaY8MGo,527.33,531.102,3.772,1.0,1.0,7.24,/kaggle/working/cut_cutfix_full_tier1_20260729_01/tier1/200_250/media/kEJZWaY8MGo_s0000527330_e0000531102.mp4,tier1,cuda,nvenc,cutfix_full_tier1_20260729_01
kEJZWaY8MGo_s0000531650_e0000535646,kEJZWaY8MGo,531.65,535.646,3.996,1.0,1.0,6.65,/kaggle/working/cut_cutfix_full_tier1_20260729_01/tier1/200_250/media/kEJZWaY8MGo_s0000531650_e0000535646.mp4,tier1,cuda,nvenc,cutfix_full_tier1_20260729_01
kEJZWaY8MGo_s0000542274_e0000544702,kEJZWaY8MGo,542.274,544.702,2.428,1.0,1.0,7.04,/kaggle/working/cut_cutfix_full_tier1_20260729_01/tier1/200_250/media/kEJZWaY8MGo_s0000542274_e0000544702.mp4,tier1,cuda,nvenc,cutfix_full_tier1_20260729_01
kEJZWaY8MGo_s0000578210_e0000580318,kEJZWaY8MGo,578.21,580.318,2.108,1.0,1.0,7.38,/kaggle/working/cut_cutfix_full_tier1_20260729_01/tier1/200_250/media/kEJZWaY8MGo_s0000578210_e0000580318.mp4,tier1,cuda,nvenc,cutfix_full_tier1_20260729_01
kEJZWaY8MGo_s0000584130_e0000586430,kEJZWaY8MGo,584.13,586.43,2.3,1.0,1.0,7.12,/kaggle/working/cut_cutfix_full_tier1_20260729_01/tier1/200_250/media/kEJZWaY8MGo_s0000584130_e0000586430.mp4,tier1,cuda,nvenc,cutfix_full_tier1_20260729_01
kEJZWaY8MGo_s0000634882_e0000640606,kEJZWaY8MGo,634.882,640.606,5.724,1.0,1.0,7.53,/kaggle/working/cut_cutfix_full_tier1_20260729_01/tier1/200_250/media/kEJZWaY8MGo_s0000634882_e0000640606.mp4,tier1,cuda,nvenc,cutfix_full_tier1_20260729_01
kEJZWaY8MGo_s0000640706_e0000643582,kEJZWaY8MGo,640.706,643.582,2.876,1.0,1.0,6.84,/kaggle/working/cut_cutfix_full_tier1_20260729_01/tier1/200_250/media/kEJZWaY8MGo_s0000640706_e0000643582.mp4,tier1,cuda,nvenc,cutfix_full_tier1_20260729_01
kEJZWaY8MGo_s0000700418_e0000704094,kEJZWaY8MGo,700.418,704.094,3.676,1.0,1.0,7.22,/kaggle/working/cut_cutfix_full_tier1_20260729_01/tier1/200_250/media/kEJZWaY8MGo_s0000700418_e0000704094.mp4,tier1,cuda,nvenc,cutfix_full_tier1_20260729_01
kEJZWaY8MGo_s0000705218_e0000708190,kEJZWaY8MGo,705.218,708.19,2.972,1.0,1.0,7.31,/kaggle/working/cut_cutfix_full_tier1_20260729_01/tier1/200_250/media/kEJZWaY8MGo_s0000705218_e0000708190.mp4,tier1,cuda,nvenc,cutfix_full_tier1_20260729_01
kEJZWaY8MGo_s0000708354_e0000710590,kEJZWaY8MGo,708.354,710.59,2.236,1.0,1.0,6.28,/kaggle/working/cut_cutfix_full_tier1_20260729_01/tier1/200_250/media/kEJZWaY8MGo_s0000708354_e0000710590.mp4,tier1,cuda,nvenc,cutfix_full_tier1_20260729_01
kEJZWaY8MGo_s0000712610_e0000714974,kEJZWaY8MGo,712.61,714.974,2.364,1.0,1.0,7.06,/kaggle/working/cut_cutfix_full_tier1_20260729_01/tier1/200_250/media/kEJZWaY8MGo_s0000712610_e0000714974.mp4,tier1,cuda,nvenc,cutfix_full_tier1_20260729_01
kEJZWaY8MGo_s0000715874_e0000717982,kEJZWaY8MGo,715.874,717.982,2.108,1.0,1.0,7.14,/kaggle/working/cut_cutfix_full_tier1_20260729_01/tier1/200_250/media/kEJZWaY8MGo_s0000715874_e0000717982.mp4,tier1,cuda,nvenc,cutfix_full_tier1_20260729_01
kEJZWaY8MGo_s0000742466_e0000747466,kEJZWaY8MGo,742.466,747.466,5.0,1.0,1.0,8.07,/kaggle/working/cut_cutfix_full_tier1_20260729_01/tier1/200_250/media/kEJZWaY8MGo_s0000742466_e0000747466.mp4,tier1,cuda,nvenc,cutfix_full_tier1_20260729_01
kEJZWaY8MGo_s0000759170_e0000762558,kEJZWaY8MGo,759.17,762.558,3.388,1.0,1.0,8.52,/kaggle/working/cut_cutfix_full_tier1_20260729_01/tier1/200_250/media/kEJZWaY8MGo_s0000759170_e0000762558.mp4,tier1,cuda,nvenc,cutfix_full_tier1_20260729_01
kEJZWaY8MGo_s0000762818_e0000765310,kEJZWaY8MGo,762.818,765.31,2.492,1.0,1.0,8.38,/kaggle/working/cut_cutfix_full_tier1_20260729_01/tier1/200_250/media/kEJZWaY8MGo_s0000762818_e0000765310.mp4,tier1,cuda,nvenc,cutfix_full_tier1_20260729_01
kEJZWaY8MGo_s0000765602_e0000775838,kEJZWaY8MGo,765.602,775.838,10.236,0.7,1.0,7.75,/kaggle/working/cut_cutfix_full_tier1_20260729_01/tier1/200_250/media/kEJZWaY8MGo_s0000765602_e0000775838.mp4,tier1,cuda,nvenc,cutfix_full_tier1_20260729_01
kEJZWaY8MGo_s0000784866_e0000788766,kEJZWaY8MGo,784.866,788.766,3.9,1.0,1.0,7.1,/kaggle/working/cut_cutfix_full_tier1_20260729_01/tier1/200_250/media/kEJZWaY8MGo_s0000784866_e0000788766.mp4,tier1,cuda,nvenc,cutfix_full_tier1_20260729_01
kEJZWaY8MGo_s0000788866_e0000793118,kEJZWaY8MGo,788.866,793.118,4.252,1.0,1.0,6.15,/kaggle/working/cut_cutfix_full_tier1_20260729_01/tier1/200_250/media/kEJZWaY8MGo_s0000788866_e0000793118.mp4,tier1,cuda,nvenc,cutfix_full_tier1_20260729_01
kEJZWaY8MGo_s0000818306_e0000822942,kEJZWaY8MGo,818.306,822.942,4.636,1.0,1.0,7.54,/kaggle/working/cut_cutfix_full_tier1_20260729_01/tier1/200_250/media/kEJZWaY8MGo_s0000818306_e0000822942.mp4,tier1,cuda,nvenc,cutfix_full_tier1_20260729_01
kEJZWaY8MGo_s0000832802_e0000835614,kEJZWaY8MGo,832.802,835.614,2.812,1.0,1.0,6.72,/kaggle/working/cut_cutfix_full_tier1_20260729_01/tier1/200_250/media/kEJZWaY8MGo_s0000832802_e0000835614.mp4,tier1,cuda,nvenc,cutfix_full_tier1_20260729_01
kEJZWaY8MGo_s0000836738_e0000838942,kEJZWaY8MGo,836.738,838.942,2.204,1.0,1.0,7.57,/kaggle/working/cut_cutfix_full_tier1_20260729_01/tier1/200_250/media/kEJZWaY8MGo_s0000836738_e0000838942.mp4,tier1,cuda,nvenc,cutfix_full_tier1_20260729_01
kEJZWaY8MGo_s0000840066_e0000843486,kEJZWaY8MGo,840.066,843.486,3.42,1.0,1.0,6.93,/kaggle/working/cut_cutfix_full_tier1_20260729_01/tier1/200_250/media/kEJZWaY8MGo_s0000840066_e0000843486.mp4,tier1,cuda,nvenc,cutfix_full_tier1_20260729_01
kEJZWaY8MGo_s0000853378_e0000858110,kEJZWaY8MGo,853.378,858.11,4.732,1.0,1.0,7.1,/kaggle/working/cut_cutfix_full_tier1_20260729_01/tier1/200_250/media/kEJZWaY8MGo_s0000853378_e0000858110.mp4,tier1,cuda,nvenc,cutfix_full_tier1_20260729_01
kEJZWaY8MGo_s0000870018_e0000872574,kEJZWaY8MGo,870.018,872.574,2.556,1.0,1.0,6.62,/kaggle/working/cut_cutfix_full_tier1_20260729_01/tier1/200_250/media/kEJZWaY8MGo_s0000870018_e0000872574.mp4,tier1,cuda,nvenc,cutfix_full_tier1_20260729_01
kEJZWaY8MGo_s0000875202_e0000877470,kEJZWaY8MGo,875.202,877.47,2.268,1.0,1.0,7.69,/kaggle/working/cut_cutfix_full_tier1_20260729_01/tier1/200_250/media/kEJZWaY8MGo_s0000875202_e0000877470.mp4,tier1,cuda,nvenc,cutfix_full_tier1_20260729_01
kEJZWaY8MGo_s0000877730_e0000881310,kEJZWaY8MGo,877.73,881.31,3.58,1.0,1.0,7.64,/kaggle/working/cut_cutfix_full_tier1_20260729_01/tier1/200_250/media/kEJZWaY8MGo_s0000877730_e0000881310.mp4,tier1,cuda,nvenc,cutfix_full_tier1_20260729_01
kEJZWaY8MGo_s0000881474_e0000883582,kEJZWaY8MGo,881.474,883.582,2.108,1.0,1.0,6.73,/kaggle/working/cut_cutfix_full_tier1_20260729_01/tier1/200_250/media/kEJZWaY8MGo_s0000881474_e0000883582.mp4,tier1,cuda,nvenc,cutfix_full_tier1_20260729_01
kEJZWaY8MGo_s0000883746_e0000886206,kEJZWaY8MGo,883.746,886.206,2.46,1.0,1.0,7.09,/kaggle/working/cut_cutfix_full_tier1_20260729_01/tier1/200_250/media/kEJZWaY8MGo_s0000883746_e0000886206.mp4,tier1,cuda,nvenc,cutfix_full_tier1_20260729_01
kEJZWaY8MGo_s0000886402_e0000888478,kEJZWaY8MGo,886.402,888.478,2.076,1.0,1.0,7.49,/kaggle/working/cut_cutfix_full_tier1_20260729_01/tier1/200_250/media/kEJZWaY8MGo_s0000886402_e0000888478.mp4,tier1,cuda,nvenc,cutfix_full_tier1_20260729_01
kEJZWaY8MGo_s0000888706_e0000891870,kEJZWaY8MGo,888.706,891.87,3.164,1.0,1.0,6.97,/kaggle/working/cut_cutfix_full_tier1_20260729_01/tier1/200_250/media/kEJZWaY8MGo_s0000888706_e0000891870.mp4,tier1,cuda,nvenc,cutfix_full_tier1_20260729_01
kEJZWaY8MGo_s0000905026_e0000910026,kEJZWaY8MGo,905.026,910.026,5.0,0.8,1.0,7.68,/kaggle/working/cut_cutfix_full_tier1_20260729_01/tier1/200_250/media/kEJZWaY8MGo_s0000905026_e0000910026.mp4,tier1,cuda,nvenc,cutfix_full_tier1_20260729_01
kEJZWaY8MGo_s0000959458_e0000964458,kEJZWaY8MGo,959.458,964.458,5.0,0.8,1.0,8.21,/kaggle/working/cut_cutfix_full_tier1_20260729_01/tier1/200_250/media/kEJZWaY8MGo_s0000959458_e0000964458.mp4,tier1,cuda,nvenc,cutfix_full_tier1_20260729_01
kEJZWaY8MGo_s0000983106_e0000988158,kEJZWaY8MGo,983.106,988.158,5.052,1.0,1.0,7.38,/kaggle/working/cut_cutfix_full_tier1_20260729_01/tier1/200_250/media/kEJZWaY8MGo_s0000983106_e0000988158.mp4,tier1,cuda,nvenc,cutfix_full_tier1_20260729_01
kEJZWaY8MGo_s0001003010_e0001008010,kEJZWaY8MGo,1003.01,1008.01,5.0,1.0,1.0,8.69,/kaggle/working/cut_cutfix_full_tier1_20260729_01/tier1/200_250/media/kEJZWaY8MGo_s0001003010_e0001008010.mp4,tier1,cuda,nvenc,cutfix_full_tier1_20260729_01
kEJZWaY8MGo_s0001030722_e0001034046,kEJZWaY8MGo,1030.722,1034.046,3.324,1.0,1.0,7.75,/kaggle/working/cut_cutfix_full_tier1_20260729_01/tier1/200_250/media/kEJZWaY8MGo_s0001030722_e0001034046.mp4,tier1,cuda,nvenc,cutfix_full_tier1_20260729_01
kEJZWaY8MGo_s0001053922_e0001059294,kEJZWaY8MGo,1053.922,1059.294,5.372,1.0,1.0,7.07,/kaggle/working/cut_cutfix_full_tier1_20260729_01/tier1/200_250/media/kEJZWaY8MGo_s0001053922_e0001059294.mp4,tier1,cuda,nvenc,cutfix_full_tier1_20260729_01
kEJZWaY8MGo_s0001059522_e0001061950,kEJZWaY8MGo,1059.522,1061.95,2.428,1.0,1.0,6.76,/kaggle/working/cut_cutfix_full_tier1_20260729_01/tier1/200_250/media/kEJZWaY8MGo_s0001059522_e0001061950.mp4,tier1,cuda,nvenc,cutfix_full_tier1_20260729_01
kEJZWaY8MGo_s0001062082_e0001064446,kEJZWaY8MGo,1062.082,1064.446,2.364,1.0,1.0,6.48,/kaggle/working/cut_cutfix_full_tier1_20260729_01/tier1/200_250/media/kEJZWaY8MGo_s0001062082_e0001064446.mp4,tier1,cuda,nvenc,cutfix_full_tier1_20260729_01
kEJZWaY8MGo_s0001073794_e0001077118,kEJZWaY8MGo,1073.794,1077.118,3.324,1.0,1.0,6.91,/kaggle/working/cut_cutfix_full_tier1_20260729_01/tier1/200_250/media/kEJZWaY8MGo_s0001073794_e0001077118.mp4,tier1,cuda,nvenc,cutfix_full_tier1_20260729_01
kEJZWaY8MGo_s0001115010_e0001122142,kEJZWaY8MGo,1115.01,1122.142,7.132,1.0,1.0,7.66,/kaggle/working/cut_cutfix_full_tier1_20260729_01/tier1/200_250/media/kEJZWaY8MGo_s0001115010_e0001122142.mp4,tier1,cuda,nvenc,cutfix_full_tier1_20260729_01
kGpEJagNHDg_s0000011970_e0000016766,kGpEJagNHDg,11.97,16.766,4.796,1.0,1.0,-0.9,/kaggle/working/cut_cutfix_full_tier1_20260729_01/tier1/200_250/media/kGpEJagNHDg_s0000011970_e0000016766.mp4,tier1,cuda,nvenc,cutfix_full_tier1_20260729_01
kGpEJagNHDg_s0000024834_e0000027006,kGpEJagNHDg,24.834,27.006,2.172,1.0,1.0,1.21,/kaggle/working/cut_cutfix_full_tier1_20260729_01/tier1/200_250/media/kGpEJagNHDg_s0000024834_e0000027006.mp4,tier1,cuda,nvenc,cutfix_full_tier1_20260729_01
kGpEJagNHDg_s0000029986_e0000037790,kGpEJagNHDg,29.986,37.79,7.804,1.0,1.0,0.79,/kaggle/working/cut_cutfix_full_tier1_20260729_01/tier1/200_250/media/kGpEJagNHDg_s0000029986_e0000037790.mp4,tier1,cuda,nvenc,cutfix_full_tier1_20260729_01
kGpEJagNHDg_s0000081506_e0000084830,kGpEJagNHDg,81.506,84.83,3.324,1.0,1.0,-5.19,/kaggle/working/cut_cutfix_full_tier1_20260729_01/tier1/200_250/media/kGpEJagNHDg_s0000081506_e0000084830.mp4,tier1,cuda,nvenc,cutfix_full_tier1_20260729_01
kGpEJagNHDg_s0000085666_e0000090666,kGpEJagNHDg,85.666,90.666,5.0,1.0,1.0,-6.54,/kaggle/working/cut_cutfix_full_tier1_20260729_01/tier1/200_250/media/kGpEJagNHDg_s0000085666_e0000090666.mp4,tier1,cuda,nvenc,cutfix_full_tier1_20260729_01
kGpEJagNHDg_s0000093666_e0000098666,kGpEJagNHDg,93.666,98.666,5.0,1.0,1.0,-6.7,/kaggle/working/cut_cutfix_full_tier1_20260729_01/tier1/200_250/media/kGpEJagNHDg_s0000093666_e0000098666.mp4,tier1,cuda,nvenc,cutfix_full_tier1_20260729_01
kGpEJagNHDg_s0000097666_e0000102430,kGpEJagNHDg,97.666,102.43,4.764,1.0,1.0,0.0,/kaggle/working/cut_cutfix_full_tier1_20260729_01/tier1/200_250/media/kGpEJagNHDg_s0000097666_e0000102430.mp4,tier1,cuda,nvenc,cutfix_full_tier1_20260729_01
kGpEJagNHDg_s0000128514_e0000130686,kGpEJagNHDg,128.514,130.686,2.172,1.0,1.0,5.31,/kaggle/working/cut_cutfix_full_tier1_20260729_01/tier1/200_250/media/kGpEJagNHDg_s0000128514_e0000130686.mp4,tier1,cuda,nvenc,cutfix_full_tier1_20260729_01
kGpEJagNHDg_s0000142722_e0000147722,kGpEJagNHDg,142.722,147.722,5.0,1.0,1.0,4.98,/kaggle/working/cut_cutfix_full_tier1_20260729_01/tier1/200_250/media/kGpEJagNHDg_s0000142722_e0000147722.mp4,tier1,cuda,nvenc,cutfix_full_tier1_20260729_01
kGpEJagNHDg_s0000158178_e0000161022,kGpEJagNHDg,158.178,161.022,2.844,1.0,1.0,2.61,/kaggle/working/cut_cutfix_full_tier1_20260729_01/tier1/200_250/media/kGpEJagNHDg_s0000158178_e0000161022.mp4,tier1,cuda,nvenc,cutfix_full_tier1_20260729_01
kGpEJagNHDg_s0000202562_e0000205694,kGpEJagNHDg,202.562,205.694,3.132,1.0,1.0,3.18,/kaggle/working/cut_cutfix_full_tier1_20260729_01/tier1/200_250/media/kGpEJagNHDg_s0000202562_e0000205694.mp4,tier1,cuda,nvenc,cutfix_full_tier1_20260729_01
kGpEJagNHDg_s0000207554_e0000210014,kGpEJagNHDg,207.554,210.014,2.46,1.0,1.0,5.14,/kaggle/working/cut_cutfix_full_tier1_20260729_01/tier1/200_250/media/kGpEJagNHDg_s0000207554_e0000210014.mp4,tier1,cuda,nvenc,cutfix_full_tier1_20260729_01
kGpEJagNHDg_s0000210178_e0000212190,kGpEJagNHDg,210.178,212.19,2.012,1.0,1.0,5.27,/kaggle/working/cut_cutfix_full_tier1_20260729_01/tier1/200_250/media/kGpEJagNHDg_s0000210178_e0000212190.mp4,tier1,cuda,nvenc,cutfix_full_tier1_20260729_01
kGpEJagNHDg_s0000212642_e0000215870,kGpEJagNHDg,212.642,215.87,3.228,1.0,1.0,4.11,/kaggle/working/cut_cutfix_full_tier1_20260729_01/tier1/200_250/media/kGpEJagNHDg_s0000212642_e0000215870.mp4,tier1,cuda,nvenc,cutfix_full_tier1_20260729_01
kGpEJagNHDg_s0000220610_e0000222782,kGpEJagNHDg,220.61,222.782,2.172,1.0,1.0,3.71,/kaggle/working/cut_cutfix_full_tier1_20260729_01/tier1/200_250/media/kGpEJagNHDg_s0000220610_e0000222782.mp4,tier1,cuda,nvenc,cutfix_full_tier1_20260729_01
kGpEJagNHDg_s0000235682_e0000241374,kGpEJagNHDg,235.682,241.374,5.692,1.0,1.0,2.75,/kaggle/working/cut_cutfix_full_tier1_20260729_01/tier1/200_250/media/kGpEJagNHDg_s0000235682_e0000241374.mp4,tier1,cuda,nvenc,cutfix_full_tier1_20260729_01
kGpEJagNHDg_s0000243682_e0000250654,kGpEJagNHDg,243.682,250.654,6.972,1.0,1.0,0.64,/kaggle/working/cut_cutfix_full_tier1_20260729_01/tier1/200_250/media/kGpEJagNHDg_s0000243682_e0000250654.mp4,tier1,cuda,nvenc,cutfix_full_tier1_20260729_01
kGpEJagNHDg_s0000258274_e0000263274,kGpEJagNHDg,258.274,263.274,5.0,1.0,1.0,3.97,/kaggle/working/cut_cutfix_full_tier1_20260729_01/tier1/200_250/media/kGpEJagNHDg_s0000258274_e0000263274.mp4,tier1,cuda,nvenc,cutfix_full_tier1_20260729_01
kGpEJagNHDg_s0000266274_e0000271274,kGpEJagNHDg,266.274,271.274,5.0,1.0,1.0,3.88,/kaggle/working/cut_cutfix_full_tier1_20260729_01/tier1/200_250/media/kGpEJagNHDg_s0000266274_e0000271274.mp4,tier1,cuda,nvenc,cutfix_full_tier1_20260729_01
kGpEJagNHDg_s0000274274_e0000278686,kGpEJagNHDg,274.274,278.686,4.412,1.0,1.0,4.63,/kaggle/working/cut_cutfix_full_tier1_20260729_01/tier1/200_250/media/kGpEJagNHDg_s0000274274_e0000278686.mp4,tier1,cuda,nvenc,cutfix_full_tier1_20260729_01
kGpEJagNHDg_s0000279042_e0000284286,kGpEJagNHDg,279.042,284.286,5.244,1.0,1.0,3.36,/kaggle/working/cut_cutfix_full_tier1_20260729_01/tier1/200_250/media/kGpEJagNHDg_s0000279042_e0000284286.mp4,tier1,cuda,nvenc,cutfix_full_tier1_20260729_01
kGpEJagNHDg_s0000284418_e0000287006,kGpEJagNHDg,284.418,287.006,2.588,1.0,1.0,0.88,/kaggle/working/cut_cutfix_full_tier1_20260729_01/tier1/200_250/media/kGpEJagNHDg_s0000284418_e0000287006.mp4,tier1,cuda,nvenc,cutfix_full_tier1_20260729_01
kGpEJagNHDg_s0000287106_e0000293214,kGpEJagNHDg,287.106,293.214,6.108,1.0,1.0,2.92,/kaggle/working/cut_cutfix_full_tier1_20260729_01/tier1/200_250/media/kGpEJagNHDg_s0000287106_e0000293214.mp4,tier1,cuda,nvenc,cutfix_full_tier1_20260729_01
kGpEJagNHDg_s0000293410_e0000296222,kGpEJagNHDg,293.41,296.222,2.812,1.0,1.0,1.19,/kaggle/working/cut_cutfix_full_tier1_20260729_01/tier1/200_250/media/kGpEJagNHDg_s0000293410_e0000296222.mp4,tier1,cuda,nvenc,cutfix_full_tier1_20260729_01
kGpEJagNHDg_s0000296354_e0000298462,kGpEJagNHDg,296.354,298.462,2.108,1.0,1.0,2.64,/kaggle/working/cut_cutfix_full_tier1_20260729_01/tier1/200_250/media/kGpEJagNHDg_s0000296354_e0000298462.mp4,tier1,cuda,nvenc,cutfix_full_tier1_20260729_01
kGpEJagNHDg_s0000300546_e0000311870,kGpEJagNHDg,300.546,311.87,11.324,1.0,1.0,0.14,/kaggle/working/cut_cutfix_full_tier1_20260729_01/tier1/200_250/media/kGpEJagNHDg_s0000300546_e0000311870.mp4,tier1,cuda,nvenc,cutfix_full_tier1_20260729_01
kGpEJagNHDg_s0000313794_e0000316446,kGpEJagNHDg,313.794,316.446,2.652,1.0,1.0,-1.93,/kaggle/working/cut_cutfix_full_tier1_20260729_01/tier1/200_250/media/kGpEJagNHDg_s0000313794_e0000316446.mp4,tier1,cuda,nvenc,cutfix_full_tier1_20260729_01
kGpEJagNHDg_s0000316642_e0000319294,kGpEJagNHDg,316.642,319.294,2.652,1.0,1.0,-0.47,/kaggle/working/cut_cutfix_full_tier1_20260729_01/tier1/200_250/media/kGpEJagNHDg_s0000316642_e0000319294.mp4,tier1,cuda,nvenc,cutfix_full_tier1_20260729_01
kGpEJagNHDg_s0000319426_e0000323070,kGpEJagNHDg,319.426,323.07,3.644,1.0,1.0,-3.7,/kaggle/working/cut_cutfix_full_tier1_20260729_01/tier1/200_250/media/kGpEJagNHDg_s0000319426_e0000323070.mp4,tier1,cuda,nvenc,cutfix_full_tier1_20260729_01
kGpEJagNHDg_s0000325058_e0000328574,kGpEJagNHDg,325.058,328.574,3.516,1.0,1.0,0.1,/kaggle/working/cut_cutfix_full_tier1_20260729_01/tier1/200_250/media/kGpEJagNHDg_s0000325058_e0000328574.mp4,tier1,cuda,nvenc,cutfix_full_tier1_20260729_01
kGpEJagNHDg_s0000338914_e0000350878,kGpEJagNHDg,338.914,350.878,11.964,1.0,1.0,4.15,/kaggle/working/cut_cutfix_full_tier1_20260729_01/tier1/200_250/media/kGpEJagNHDg_s0000338914_e0000350878.mp4,tier1,cuda,nvenc,cutfix_full_tier1_20260729_01
kGpEJagNHDg_s0000353602_e0000357950,kGpEJagNHDg,353.602,357.95,4.348,1.0,1.0,-2.25,/kaggle/working/cut_cutfix_full_tier1_20260729_01/tier1/200_250/media/kGpEJagNHDg_s0000353602_e0000357950.mp4,tier1,cuda,nvenc,cutfix_full_tier1_20260729_01
kGpEJagNHDg_s0000358850_e0000361086,kGpEJagNHDg,358.85,361.086,2.236,1.0,1.0,-2.5,/kaggle/working/cut_cutfix_full_tier1_20260729_01/tier1/200_250/media/kGpEJagNHDg_s0000358850_e0000361086.mp4,tier1,cuda,nvenc,cutfix_full_tier1_20260729_01
kGpEJagNHDg_s0000374082_e0000376606,kGpEJagNHDg,374.082,376.606,2.524,1.0,1.0,-3.62,/kaggle/working/cut_cutfix_full_tier1_20260729_01/tier1/200_250/media/kGpEJagNHDg_s0000374082_e0000376606.mp4,tier1,cuda,nvenc,cutfix_full_tier1_20260729_01
kGpEJagNHDg_s0000406946_e0000412510,kGpEJagNHDg,406.946,412.51,5.564,1.0,1.0,-3.82,/kaggle/working/cut_cutfix_full_tier1_20260729_01/tier1/200_250/media/kGpEJagNHDg_s0000406946_e0000412510.mp4,tier1,cuda,nvenc,cutfix_full_tier1_20260729_01
kGpEJagNHDg_s0000425762_e0000433214,kGpEJagNHDg,425.762,433.214,7.452,1.0,1.0,-0.64,/kaggle/working/cut_cutfix_full_tier1_20260729_01/tier1/200_250/media/kGpEJagNHDg_s0000425762_e0000433214.mp4,tier1,cuda,nvenc,cutfix_full_tier1_20260729_01
kGpEJagNHDg_s0000433506_e0000441150,kGpEJagNHDg,433.506,441.15,7.644,1.0,1.0,-0.39,/kaggle/working/cut_cutfix_full_tier1_20260729_01/tier1/200_250/media/kGpEJagNHDg_s0000433506_e0000441150.mp4,tier1,cuda,nvenc,cutfix_full_tier1_20260729_01
kGpEJagNHDg_s0000446658_e0000452734,kGpEJagNHDg,446.658,452.734,6.076,1.0,1.0,-0.12,/kaggle/working/cut_cutfix_full_tier1_20260729_01/tier1/200_250/media/kGpEJagNHDg_s0000446658_e0000452734.mp4,tier1,cuda,nvenc,cutfix_full_tier1_20260729_01
kGpEJagNHDg_s0000453314_e0000458314,kGpEJagNHDg,453.314,458.314,5.0,1.0,1.0,6.01,/kaggle/working/cut_cutfix_full_tier1_20260729_01/tier1/200_250/media/kGpEJagNHDg_s0000453314_e0000458314.mp4,tier1,cuda,nvenc,cutfix_full_tier1_20260729_01
kGpEJagNHDg_s0000457314_e0000462314,kGpEJagNHDg,457.314,462.314,5.0,1.0,1.0,5.33,/kaggle/working/cut_cutfix_full_tier1_20260729_01/tier1/200_250/media/kGpEJagNHDg_s0000457314_e0000462314.mp4,tier1,cuda,nvenc,cutfix_full_tier1_20260729_01
kGpEJagNHDg_s0000461314_e0000466314,kGpEJagNHDg,461.314,466.314,5.0,1.0,1.0,6.61,/kaggle/working/cut_cutfix_full_tier1_20260729_01/tier1/200_250/media/kGpEJagNHDg_s0000461314_e0000466314.mp4,tier1,cuda,nvenc,cutfix_full_tier1_20260729_01
kGpEJagNHDg_s0000465314_e0000467998,kGpEJagNHDg,465.314,467.998,2.684,1.0,1.0,7.56,/kaggle/working/cut_cutfix_full_tier1_20260729_01/tier1/200_250/media/kGpEJagNHDg_s0000465314_e0000467998.mp4,tier1,cuda,nvenc,cutfix_full_tier1_20260729_01
kGpEJagNHDg_s0000468098_e0000471326,kGpEJagNHDg,468.098,471.326,3.228,1.0,1.0,5.11,/kaggle/working/cut_cutfix_full_tier1_20260729_01/tier1/200_250/media/kGpEJagNHDg_s0000468098_e0000471326.mp4,tier1,cuda,nvenc,cutfix_full_tier1_20260729_01
kGpEJagNHDg_s0000471618_e0000473950,kGpEJagNHDg,471.618,473.95,2.332,1.0,1.0,2.65,/kaggle/working/cut_cutfix_full_tier1_20260729_01/tier1/200_250/media/kGpEJagNHDg_s0000471618_e0000473950.mp4,tier1,cuda,nvenc,cutfix_full_tier1_20260729_01
kGpEJagNHDg_s0000474658_e0000477758,kGpEJagNHDg,474.658,477.758,3.1,1.0,1.0,4.11,/kaggle/working/cut_cutfix_full_tier1_20260729_01/tier1/200_250/media/kGpEJagNHDg_s0000474658_e0000477758.mp4,tier1,cuda,nvenc,cutfix_full_tier1_20260729_01
kGpEJagNHDg_s0000484418_e0000486622,kGpEJagNHDg,484.418,486.622,2.204,1.0,1.0,-2.24,/kaggle/working/cut_cutfix_full_tier1_20260729_01/tier1/200_250/media/kGpEJagNHDg_s0000484418_e0000486622.mp4,tier1,cuda,nvenc,cutfix_full_tier1_20260729_01
kGpEJagNHDg_s0000488770_e0000491646,kGpEJagNHDg,488.77,491.646,2.876,1.0,1.0,-1.19,/kaggle/working/cut_cutfix_full_tier1_20260729_01/tier1/200_250/media/kGpEJagNHDg_s0000488770_e0000491646.mp4,tier1,cuda,nvenc,cutfix_full_tier1_20260729_01
kGpEJagNHDg_s0000492866_e0000496254,kGpEJagNHDg,492.866,496.254,3.388,1.0,1.0,0.42,/kaggle/working/cut_cutfix_full_tier1_20260729_01/tier1/200_250/media/kGpEJagNHDg_s0000492866_e0000496254.mp4,tier1,cuda,nvenc,cutfix_full_tier1_20260729_01
kGpEJagNHDg_s0000499682_e0000504382,kGpEJagNHDg,499.682,504.382,4.7,1.0,1.0,2.76,/kaggle/working/cut_cutfix_full_tier1_20260729_01/tier1/200_250/media/kGpEJagNHDg_s0000499682_e0000504382.mp4,tier1,cuda,nvenc,cutfix_full_tier1_20260729_01
kGpEJagNHDg_s0000506178_e0000511102,kGpEJagNHDg,506.178,511.102,4.924,1.0,1.0,2.0,/kaggle/working/cut_cutfix_full_tier1_20260729_01/tier1/200_250/media/kGpEJagNHDg_s0000506178_e0000511102.mp4,tier1,cuda,nvenc,cutfix_full_tier1_20260729_01
kKT80S0f40M_s0000012482_e0000018622,kKT80S0f40M,12.482,18.622,6.14,1.0,1.0,3.51,/kaggle/working/cut_cutfix_full_tier1_20260729_01/tier1/200_250/media/kKT80S0f40M_s0000012482_e0000018622.mp4,tier1,cuda,nvenc,cutfix_full_tier1_20260729_01
kKT80S0f40M_s0000057922_e0000066878,kKT80S0f40M,57.922,66.878,8.956,1.0,1.0,3.64,/kaggle/working/cut_cutfix_full_tier1_20260729_01/tier1/200_250/media/kKT80S0f40M_s0000057922_e0000066878.mp4,tier1,cuda,nvenc,cutfix_full_tier1_20260729_01
kKT80S0f40M_s0000155170_e0000161886,kKT80S0f40M,155.17,161.886,6.716,1.0,1.0,3.82,/kaggle/working/cut_cutfix_full_tier1_20260729_01/tier1/200_250/media/kKT80S0f40M_s0000155170_e0000161886.mp4,tier1,cuda,nvenc,cutfix_full_tier1_20260729_01
kKT80S0f40M_s0000162018_e0000164926,kKT80S0f40M,162.018,164.926,2.908,1.0,1.0,3.85,/kaggle/working/cut_cutfix_full_tier1_20260729_01/tier1/200_250/media/kKT80S0f40M_s0000162018_e0000164926.mp4,tier1,cuda,nvenc,cutfix_full_tier1_20260729_01
kKT80S0f40M_s0000171554_e0000173598,kKT80S0f40M,171.554,173.598,2.044,1.0,1.0,3.66,/kaggle/working/cut_cutfix_full_tier1_20260729_01/tier1/200_250/media/kKT80S0f40M_s0000171554_e0000173598.mp4,tier1,cuda,nvenc,cutfix_full_tier1_20260729_01
kKT80S0f40M_s0000197570_e0000204286,kKT80S0f40M,197.57,204.286,6.716,1.0,1.0,3.32,/kaggle/working/cut_cutfix_full_tier1_20260729_01/tier1/200_250/media/kKT80S0f40M_s0000197570_e0000204286.mp4,tier1,cuda,nvenc,cutfix_full_tier1_20260729_01
kKT80S0f40M_s0000204642_e0000207710,kKT80S0f40M,204.642,207.71,3.068,1.0,1.0,3.81,/kaggle/working/cut_cutfix_full_tier1_20260729_01/tier1/200_250/media/kKT80S0f40M_s0000204642_e0000207710.mp4,tier1,cuda,nvenc,cutfix_full_tier1_20260729_01
kKT80S0f40M_s0000246914_e0000249854,kKT80S0f40M,246.914,249.854,2.94,1.0,1.0,3.72,/kaggle/working/cut_cutfix_full_tier1_20260729_01/tier1/200_250/media/kKT80S0f40M_s0000246914_e0000249854.mp4,tier1,cuda,nvenc,cutfix_full_tier1_20260729_01
kKT80S0f40M_s0000254274_e0000256382,kKT80S0f40M,254.274,256.382,2.108,1.0,1.0,4.98,/kaggle/working/cut_cutfix_full_tier1_20260729_01/tier1/200_250/media/kKT80S0f40M_s0000254274_e0000256382.mp4,tier1,cuda,nvenc,cutfix_full_tier1_20260729_01
kKT80S0f40M_s0000261826_e0000268062,kKT80S0f40M,261.826,268.062,6.236,0.857,1.0,5.08,/kaggle/working/cut_cutfix_full_tier1_20260729_01/tier1/200_250/media/kKT80S0f40M_s0000261826_e0000268062.mp4,tier1,cuda,nvenc,cutfix_full_tier1_20260729_01
kKT80S0f40M_s0000277730_e0000282730,kKT80S0f40M,277.73,282.73,5.0,1.0,1.0,3.31,/kaggle/working/cut_cutfix_full_tier1_20260729_01/tier1/200_250/media/kKT80S0f40M_s0000277730_e0000282730.mp4,tier1,cuda,nvenc,cutfix_full_tier1_20260729_01
kKT80S0f40M_s0000281730_e0000286730,kKT80S0f40M,281.73,286.73,5.0,1.0,1.0,2.43,/kaggle/working/cut_cutfix_full_tier1_20260729_01/tier1/200_250/media/kKT80S0f40M_s0000281730_e0000286730.mp4,tier1,cuda,nvenc,cutfix_full_tier1_20260729_01
kKT80S0f40M_s0000285730_e0000290730,kKT80S0f40M,285.73,290.73,5.0,1.0,1.0,2.55,/kaggle/working/cut_cutfix_full_tier1_20260729_01/tier1/200_250/media/kKT80S0f40M_s0000285730_e0000290730.mp4,tier1,cuda,nvenc,cutfix_full_tier1_20260729_01
kKT80S0f40M_s0000289730_e0000294494,kKT80S0f40M,289.73,294.494,4.764,1.0,1.0,2.41,/kaggle/working/cut_cutfix_full_tier1_20260729_01/tier1/200_250/media/kKT80S0f40M_s0000289730_e0000294494.mp4,tier1,cuda,nvenc,cutfix_full_tier1_20260729_01
kKT80S0f40M_s0000294690_e0000299102,kKT80S0f40M,294.69,299.102,4.412,1.0,1.0,3.47,/kaggle/working/cut_cutfix_full_tier1_20260729_01/tier1/200_250/media/kKT80S0f40M_s0000294690_e0000299102.mp4,tier1,cuda,nvenc,cutfix_full_tier1_20260729_01
kKT80S0f40M_s0000299554_e0000309150,kKT80S0f40M,299.554,309.15,9.596,1.0,1.0,4.1,/kaggle/working/cut_cutfix_full_tier1_20260729_01/tier1/200_250/media/kKT80S0f40M_s0000299554_e0000309150.mp4,tier1,cuda,nvenc,cutfix_full_tier1_20260729_01
kKT80S0f40M_s0000309346_e0000314782,kKT80S0f40M,309.346,314.782,5.436,1.0,1.0,4.2,/kaggle/working/cut_cutfix_full_tier1_20260729_01/tier1/200_250/media/kKT80S0f40M_s0000309346_e0000314782.mp4,tier1,cuda,nvenc,cutfix_full_tier1_20260729_01
kKT80S0f40M_s0000315778_e0000321054,kKT80S0f40M,315.778,321.054,5.276,1.0,1.0,4.52,/kaggle/working/cut_cutfix_full_tier1_20260729_01/tier1/200_250/media/kKT80S0f40M_s0000315778_e0000321054.mp4,tier1,cuda,nvenc,cutfix_full_tier1_20260729_01
kKT80S0f40M_s0000322978_e0000326910,kKT80S0f40M,322.978,326.91,3.932,1.0,1.0,4.74,/kaggle/working/cut_cutfix_full_tier1_20260729_01/tier1/200_250/media/kKT80S0f40M_s0000322978_e0000326910.mp4,tier1,cuda,nvenc,cutfix_full_tier1_20260729_01
kKT80S0f40M_s0000327266_e0000331134,kKT80S0f40M,327.266,331.134,3.868,1.0,1.0,4.35,/kaggle/working/cut_cutfix_full_tier1_20260729_01/tier1/200_250/media/kKT80S0f40M_s0000327266_e0000331134.mp4,tier1,cuda,nvenc,cutfix_full_tier1_20260729_01
kKT80S0f40M_s0000331330_e0000337630,kKT80S0f40M,331.33,337.63,6.3,1.0,1.0,4.25,/kaggle/working/cut_cutfix_full_tier1_20260729_01/tier1/200_250/media/kKT80S0f40M_s0000331330_e0000337630.mp4,tier1,cuda,nvenc,cutfix_full_tier1_20260729_01
kKT80S0f40M_s0000337762_e0000343262,kKT80S0f40M,337.762,343.262,5.5,1.0,1.0,3.65,/kaggle/working/cut_cutfix_full_tier1_20260729_01/tier1/200_250/media/kKT80S0f40M_s0000337762_e0000343262.mp4,tier1,cuda,nvenc,cutfix_full_tier1_20260729_01
kKT80S0f40M_s0000343362_e0000348734,kKT80S0f40M,343.362,348.734,5.372,1.0,1.0,3.3,/kaggle/working/cut_cutfix_full_tier1_20260729_01/tier1/200_250/media/kKT80S0f40M_s0000343362_e0000348734.mp4,tier1,cuda,nvenc,cutfix_full_tier1_20260729_01
kKT80S0f40M_s0000349282_e0000360062,kKT80S0f40M,349.282,360.062,10.78,1.0,1.0,2.82,/kaggle/working/cut_cutfix_full_tier1_20260729_01/tier1/200_250/media/kKT80S0f40M_s0000349282_e0000360062.mp4,tier1,cuda,nvenc,cutfix_full_tier1_20260729_01
kKT80S0f40M_s0000360162_e0000365566,kKT80S0f40M,360.162,365.566,5.404,1.0,1.0,2.59,/kaggle/working/cut_cutfix_full_tier1_20260729_01/tier1/200_250/media/kKT80S0f40M_s0000360162_e0000365566.mp4,tier1,cuda,nvenc,cutfix_full_tier1_20260729_01
kKT80S0f40M_s0000371458_e0000378654,kKT80S0f40M,371.458,378.654,7.196,1.0,1.0,3.1,/kaggle/working/cut_cutfix_full_tier1_20260729_01/tier1/200_250/media/kKT80S0f40M_s0000371458_e0000378654.mp4,tier1,cuda,nvenc,cutfix_full_tier1_20260729_01
kKT80S0f40M_s0000378978_e0000383646,kKT80S0f40M,378.978,383.646,4.668,1.0,1.0,3.23,/kaggle/working/cut_cutfix_full_tier1_20260729_01/tier1/200_250/media/kKT80S0f40M_s0000378978_e0000383646.mp4,tier1,cuda,nvenc,cutfix_full_tier1_20260729_01
kKT80S0f40M_s0000385698_e0000387998,kKT80S0f40M,385.698,387.998,2.3,1.0,1.0,3.72,/kaggle/working/cut_cutfix_full_tier1_20260729_01/tier1/200_250/media/kKT80S0f40M_s0000385698_e0000387998.mp4,tier1,cuda,nvenc,cutfix_full_tier1_20260729_01
kKT80S0f40M_s0000388130_e0000391614,kKT80S0f40M,388.13,391.614,3.484,1.0,1.0,2.75,/kaggle/working/cut_cutfix_full_tier1_20260729_01/tier1/200_250/media/kKT80S0f40M_s0000388130_e0000391614.mp4,tier1,cuda,nvenc,cutfix_full_tier1_20260729_01
kKT80S0f40M_s0000394882_e0000400062,kKT80S0f40M,394.882,400.062,5.18,1.0,1.0,2.65,/kaggle/working/cut_cutfix_full_tier1_20260729_01/tier1/200_250/media/kKT80S0f40M_s0000394882_e0000400062.mp4,tier1,cuda,nvenc,cutfix_full_tier1_20260729_01
kKT80S0f40M_s0000432130_e0000437130,kKT80S0f40M,432.13,437.13,5.0,1.0,1.0,5.63,/kaggle/working/cut_cutfix_full_tier1_20260729_01/tier1/200_250/media/kKT80S0f40M_s0000432130_e0000437130.mp4,tier1,cuda,nvenc,cutfix_full_tier1_20260729_01
kKT80S0f40M_s0000436130_e0000441130,kKT80S0f40M,436.13,441.13,5.0,1.0,1.0,5.52,/kaggle/working/cut_cutfix_full_tier1_20260729_01/tier1/200_250/media/kKT80S0f40M_s0000436130_e0000441130.mp4,tier1,cuda,nvenc,cutfix_full_tier1_20260729_01
kKT80S0f40M_s0000440130_e0000445130,kKT80S0f40M,440.13,445.13,5.0,1.0,1.0,5.14,/kaggle/working/cut_cutfix_full_tier1_20260729_01/tier1/200_250/media/kKT80S0f40M_s0000440130_e0000445130.mp4,tier1,cuda,nvenc,cutfix_full_tier1_20260729_01
kKT80S0f40M_s0000444130_e0000447518,kKT80S0f40M,444.13,447.518,3.388,1.0,1.0,4.63,/kaggle/working/cut_cutfix_full_tier1_20260729_01/tier1/200_250/media/kKT80S0f40M_s0000444130_e0000447518.mp4,tier1,cuda,nvenc,cutfix_full_tier1_20260729_01
kKT80S0f40M_s0000490434_e0000494526,kKT80S0f40M,490.434,494.526,4.092,1.0,1.0,4.14,/kaggle/working/cut_cutfix_full_tier1_20260729_01/tier1/200_250/media/kKT80S0f40M_s0000490434_e0000494526.mp4,tier1,cuda,nvenc,cutfix_full_tier1_20260729_01
kKT80S0f40M_s0000497826_e0000499966,kKT80S0f40M,497.826,499.966,2.14,1.0,1.0,3.54,/kaggle/working/cut_cutfix_full_tier1_20260729_01/tier1/200_250/media/kKT80S0f40M_s0000497826_e0000499966.mp4,tier1,cuda,nvenc,cutfix_full_tier1_20260729_01
kKT80S0f40M_s0000532834_e0000538142,kKT80S0f40M,532.834,538.142,5.308,0.833,1.0,4.68,/kaggle/working/cut_cutfix_full_tier1_20260729_01/tier1/200_250/media/kKT80S0f40M_s0000532834_e0000538142.mp4,tier1,cuda,nvenc,cutfix_full_tier1_20260729_01
kKT80S0f40M_s0000539906_e0000544062,kKT80S0f40M,539.906,544.062,4.156,1.0,1.0,4.55,/kaggle/working/cut_cutfix_full_tier1_20260729_01/tier1/200_250/media/kKT80S0f40M_s0000539906_e0000544062.mp4,tier1,cuda,nvenc,cutfix_full_tier1_20260729_01
kKT80S0f40M_s0000567970_e0000572970,kKT80S0f40M,567.97,572.97,5.0,1.0,1.0,2.82,/kaggle/working/cut_cutfix_full_tier1_20260729_01/tier1/200_250/media/kKT80S0f40M_s0000567970_e0000572970.mp4,tier1,cuda,nvenc,cutfix_full_tier1_20260729_01
kKT80S0f40M_s0000571970_e0000576970,kKT80S0f40M,571.97,576.97,5.0,1.0,1.0,2.73,/kaggle/working/cut_cutfix_full_tier1_20260729_01/tier1/200_250/media/kKT80S0f40M_s0000571970_e0000576970.mp4,tier1,cuda,nvenc,cutfix_full_tier1_20260729_01
kKT80S0f40M_s0000575970_e0000580970,kKT80S0f40M,575.97,580.97,5.0,1.0,1.0,2.24,/kaggle/working/cut_cutfix_full_tier1_20260729_01/tier1/200_250/media/kKT80S0f40M_s0000575970_e0000580970.mp4,tier1,cuda,nvenc,cutfix_full_tier1_20260729_01
kKT80S0f40M_s0000579970_e0000584970,kKT80S0f40M,579.97,584.97,5.0,1.0,1.0,2.27,/kaggle/working/cut_cutfix_full_tier1_20260729_01/tier1/200_250/media/kKT80S0f40M_s0000579970_e0000584970.mp4,tier1,cuda,nvenc,cutfix_full_tier1_20260729_01
kKT80S0f40M_s0000583970_e0000588970,kKT80S0f40M,583.97,588.97,5.0,1.0,1.0,2.62,/kaggle/working/cut_cutfix_full_tier1_20260729_01/tier1/200_250/media/kKT80S0f40M_s0000583970_e0000588970.mp4,tier1,cuda,nvenc,cutfix_full_tier1_20260729_01
kVBggivYm2w_s0000013666_e0000015806,kVBggivYm2w,13.666,15.806,2.14,1.0,1.0,8.99,/kaggle/working/cut_cutfix_full_tier1_20260729_01/tier1/200_250/media/kVBggivYm2w_s0000013666_e0000015806.mp4,tier1,cuda,nvenc,cutfix_full_tier1_20260729_01
kVBggivYm2w_s0000015906_e0000020574,kVBggivYm2w,15.906,20.574,4.668,1.0,1.0,8.1,/kaggle/working/cut_cutfix_full_tier1_20260729_01/tier1/200_250/media/kVBggivYm2w_s0000015906_e0000020574.mp4,tier1,cuda,nvenc,cutfix_full_tier1_20260729_01
kVBggivYm2w_s0000023970_e0000028926,kVBggivYm2w,23.97,28.926,4.956,0.8,1.0,9.5,/kaggle/working/cut_cutfix_full_tier1_20260729_01/tier1/200_250/media/kVBggivYm2w_s0000023970_e0000028926.mp4,tier1,cuda,nvenc,cutfix_full_tier1_20260729_01
kVBggivYm2w_s0000036578_e0000040318,kVBggivYm2w,36.578,40.318,3.74,1.0,1.0,7.35,/kaggle/working/cut_cutfix_full_tier1_20260729_01/tier1/200_250/media/kVBggivYm2w_s0000036578_e0000040318.mp4,tier1,cuda,nvenc,cutfix_full_tier1_20260729_01
kVBggivYm2w_s0000042210_e0000045758,kVBggivYm2w,42.21,45.758,3.548,1.0,1.0,6.59,/kaggle/working/cut_cutfix_full_tier1_20260729_01/tier1/200_250/media/kVBggivYm2w_s0000042210_e0000045758.mp4,tier1,cuda,nvenc,cutfix_full_tier1_20260729_01
kVBggivYm2w_s0000048450_e0000050718,kVBggivYm2w,48.45,50.718,2.268,1.0,1.0,8.75,/kaggle/working/cut_cutfix_full_tier1_20260729_01/tier1/200_250/media/kVBggivYm2w_s0000048450_e0000050718.mp4,tier1,cuda,nvenc,cutfix_full_tier1_20260729_01
kVBggivYm2w_s0000051810_e0000055710,kVBggivYm2w,51.81,55.71,3.9,1.0,1.0,8.15,/kaggle/working/cut_cutfix_full_tier1_20260729_01/tier1/200_250/media/kVBggivYm2w_s0000051810_e0000055710.mp4,tier1,cuda,nvenc,cutfix_full_tier1_20260729_01
kVBggivYm2w_s0000068738_e0000071038,kVBggivYm2w,68.738,71.038,2.3,1.0,1.0,6.71,/kaggle/working/cut_cutfix_full_tier1_20260729_01/tier1/200_250/media/kVBggivYm2w_s0000068738_e0000071038.mp4,tier1,cuda,nvenc,cutfix_full_tier1_20260729_01
kVBggivYm2w_s0000071234_e0000075486,kVBggivYm2w,71.234,75.486,4.252,1.0,1.0,7.6,/kaggle/working/cut_cutfix_full_tier1_20260729_01/tier1/200_250/media/kVBggivYm2w_s0000071234_e0000075486.mp4,tier1,cuda,nvenc,cutfix_full_tier1_20260729_01
kVBggivYm2w_s0000078114_e0000080446,kVBggivYm2w,78.114,80.446,2.332,1.0,1.0,8.56,/kaggle/working/cut_cutfix_full_tier1_20260729_01/tier1/200_250/media/kVBggivYm2w_s0000078114_e0000080446.mp4,tier1,cuda,nvenc,cutfix_full_tier1_20260729_01
kVBggivYm2w_s0000080802_e0000082974,kVBggivYm2w,80.802,82.974,2.172,1.0,1.0,8.83,/kaggle/working/cut_cutfix_full_tier1_20260729_01/tier1/200_250/media/kVBggivYm2w_s0000080802_e0000082974.mp4,tier1,cuda,nvenc,cutfix_full_tier1_20260729_01
kVBggivYm2w_s0000085666_e0000088638,kVBggivYm2w,85.666,88.638,2.972,1.0,1.0,8.27,/kaggle/working/cut_cutfix_full_tier1_20260729_01/tier1/200_250/media/kVBggivYm2w_s0000085666_e0000088638.mp4,tier1,cuda,nvenc,cutfix_full_tier1_20260729_01
kVBggivYm2w_s0000089538_e0000091902,kVBggivYm2w,89.538,91.902,2.364,1.0,1.0,8.69,/kaggle/working/cut_cutfix_full_tier1_20260729_01/tier1/200_250/media/kVBggivYm2w_s0000089538_e0000091902.mp4,tier1,cuda,nvenc,cutfix_full_tier1_20260729_01
kVBggivYm2w_s0000095522_e0000100286,kVBggivYm2w,95.522,100.286,4.764,1.0,1.0,7.38,/kaggle/working/cut_cutfix_full_tier1_20260729_01/tier1/200_250/media/kVBggivYm2w_s0000095522_e0000100286.mp4,tier1,cuda,nvenc,cutfix_full_tier1_20260729_01
kVBggivYm2w_s0000108706_e0000113918,kVBggivYm2w,108.706,113.918,5.212,1.0,1.0,6.66,/kaggle/working/cut_cutfix_full_tier1_20260729_01/tier1/200_250/media/kVBggivYm2w_s0000108706_e0000113918.mp4,tier1,cuda,nvenc,cutfix_full_tier1_20260729_01
kVBggivYm2w_s0000114114_e0000116990,kVBggivYm2w,114.114,116.99,2.876,1.0,1.0,7.33,/kaggle/working/cut_cutfix_full_tier1_20260729_01/tier1/200_250/media/kVBggivYm2w_s0000114114_e0000116990.mp4,tier1,cuda,nvenc,cutfix_full_tier1_20260729_01
kVBggivYm2w_s0000119458_e0000123070,kVBggivYm2w,119.458,123.07,3.612,1.0,1.0,7.4,/kaggle/working/cut_cutfix_full_tier1_20260729_01/tier1/200_250/media/kVBggivYm2w_s0000119458_e0000123070.mp4,tier1,cuda,nvenc,cutfix_full_tier1_20260729_01
kVBggivYm2w_s0000143106_e0000147262,kVBggivYm2w,143.106,147.262,4.156,1.0,1.0,7.73,/kaggle/working/cut_cutfix_full_tier1_20260729_01/tier1/200_250/media/kVBggivYm2w_s0000143106_e0000147262.mp4,tier1,cuda,nvenc,cutfix_full_tier1_20260729_01
kVBggivYm2w_s0000149666_e0000153246,kVBggivYm2w,149.666,153.246,3.58,1.0,1.0,8.38,/kaggle/working/cut_cutfix_full_tier1_20260729_01/tier1/200_250/media/kVBggivYm2w_s0000149666_e0000153246.mp4,tier1,cuda,nvenc,cutfix_full_tier1_20260729_01
kVBggivYm2w_s0000153794_e0000158014,kVBggivYm2w,153.794,158.014,4.22,1.0,1.0,6.6,/kaggle/working/cut_cutfix_full_tier1_20260729_01/tier1/200_250/media/kVBggivYm2w_s0000153794_e0000158014.mp4,tier1,cuda,nvenc,cutfix_full_tier1_20260729_01
kVBggivYm2w_s0000161698_e0000164926,kVBggivYm2w,161.698,164.926,3.228,1.0,1.0,5.66,/kaggle/working/cut_cutfix_full_tier1_20260729_01/tier1/200_250/media/kVBggivYm2w_s0000161698_e0000164926.mp4,tier1,cuda,nvenc,cutfix_full_tier1_20260729_01
kVBggivYm2w_s0000167170_e0000169950,kVBggivYm2w,167.17,169.95,2.78,1.0,1.0,8.56,/kaggle/working/cut_cutfix_full_tier1_20260729_01/tier1/200_250/media/kVBggivYm2w_s0000167170_e0000169950.mp4,tier1,cuda,nvenc,cutfix_full_tier1_20260729_01
kVBggivYm2w_s0000170274_e0000175230,kVBggivYm2w,170.274,175.23,4.956,1.0,1.0,7.54,/kaggle/working/cut_cutfix_full_tier1_20260729_01/tier1/200_250/media/kVBggivYm2w_s0000170274_e0000175230.mp4,tier1,cuda,nvenc,cutfix_full_tier1_20260729_01
kVBggivYm2w_s0000180290_e0000184734,kVBggivYm2w,180.29,184.734,4.444,1.0,1.0,7.18,/kaggle/working/cut_cutfix_full_tier1_20260729_01/tier1/200_250/media/kVBggivYm2w_s0000180290_e0000184734.mp4,tier1,cuda,nvenc,cutfix_full_tier1_20260729_01
kVBggivYm2w_s0000202018_e0000204990,kVBggivYm2w,202.018,204.99,2.972,1.0,1.0,8.03,/kaggle/working/cut_cutfix_full_tier1_20260729_01/tier1/200_250/media/kVBggivYm2w_s0000202018_e0000204990.mp4,tier1,cuda,nvenc,cutfix_full_tier1_20260729_01
kVBggivYm2w_s0000216802_e0000219710,kVBggivYm2w,216.802,219.71,2.908,1.0,1.0,7.14,/kaggle/working/cut_cutfix_full_tier1_20260729_01/tier1/200_250/media/kVBggivYm2w_s0000216802_e0000219710.mp4,tier1,cuda,nvenc,cutfix_full_tier1_20260729_01
kVBggivYm2w_s0000219810_e0000222782,kVBggivYm2w,219.81,222.782,2.972,1.0,1.0,6.45,/kaggle/working/cut_cutfix_full_tier1_20260729_01/tier1/200_250/media/kVBggivYm2w_s0000219810_e0000222782.mp4,tier1,cuda,nvenc,cutfix_full_tier1_20260729_01
kVBggivYm2w_s0000226946_e0000229086,kVBggivYm2w,226.946,229.086,2.14,1.0,1.0,4.24,/kaggle/working/cut_cutfix_full_tier1_20260729_01/tier1/200_250/media/kVBggivYm2w_s0000226946_e0000229086.mp4,tier1,cuda,nvenc,cutfix_full_tier1_20260729_01
kVBggivYm2w_s0000241794_e0000249118,kVBggivYm2w,241.794,249.118,7.324,1.0,1.0,7.26,/kaggle/working/cut_cutfix_full_tier1_20260729_01/tier1/200_250/media/kVBggivYm2w_s0000241794_e0000249118.mp4,tier1,cuda,nvenc,cutfix_full_tier1_20260729_01
kVBggivYm2w_s0000249250_e0000254270,kVBggivYm2w,249.25,254.27,5.02,1.0,1.0,9.04,/kaggle/working/cut_cutfix_full_tier1_20260729_01/tier1/200_250/media/kVBggivYm2w_s0000249250_e0000254270.mp4,tier1,cuda,nvenc,cutfix_full_tier1_20260729_01
kVBggivYm2w_s0000257442_e0000259806,kVBggivYm2w,257.442,259.806,2.364,1.0,1.0,7.59,/kaggle/working/cut_cutfix_full_tier1_20260729_01/tier1/200_250/media/kVBggivYm2w_s0000257442_e0000259806.mp4,tier1,cuda,nvenc,cutfix_full_tier1_20260729_01
kVBggivYm2w_s0000265634_e0000271038,kVBggivYm2w,265.634,271.038,5.404,1.0,1.0,6.93,/kaggle/working/cut_cutfix_full_tier1_20260729_01/tier1/200_250/media/kVBggivYm2w_s0000265634_e0000271038.mp4,tier1,cuda,nvenc,cutfix_full_tier1_20260729_01
kVBggivYm2w_s0000272514_e0000275934,kVBggivYm2w,272.514,275.934,3.42,1.0,1.0,7.68,/kaggle/working/cut_cutfix_full_tier1_20260729_01/tier1/200_250/media/kVBggivYm2w_s0000272514_e0000275934.mp4,tier1,cuda,nvenc,cutfix_full_tier1_20260729_01
kVBggivYm2w_s0000276290_e0000281118,kVBggivYm2w,276.29,281.118,4.828,1.0,1.0,8.02,/kaggle/working/cut_cutfix_full_tier1_20260729_01/tier1/200_250/media/kVBggivYm2w_s0000276290_e0000281118.mp4,tier1,cuda,nvenc,cutfix_full_tier1_20260729_01
kVBggivYm2w_s0000285826_e0000289694,kVBggivYm2w,285.826,289.694,3.868,1.0,1.0,7.37,/kaggle/working/cut_cutfix_full_tier1_20260729_01/tier1/200_250/media/kVBggivYm2w_s0000285826_e0000289694.mp4,tier1,cuda,nvenc,cutfix_full_tier1_20260729_01
kVBggivYm2w_s0000295426_e0000299038,kVBggivYm2w,295.426,299.038,3.612,1.0,1.0,7.4,/kaggle/working/cut_cutfix_full_tier1_20260729_01/tier1/200_250/media/kVBggivYm2w_s0000295426_e0000299038.mp4,tier1,cuda,nvenc,cutfix_full_tier1_20260729_01
kVBggivYm2w_s0000300322_e0000302558,kVBggivYm2w,300.322,302.558,2.236,1.0,1.0,4.67,/kaggle/working/cut_cutfix_full_tier1_20260729_01/tier1/200_250/media/kVBggivYm2w_s0000300322_e0000302558.mp4,tier1,cuda,nvenc,cutfix_full_tier1_20260729_01
kVBggivYm2w_s0000302690_e0000306462,kVBggivYm2w,302.69,306.462,3.772,1.0,1.0,7.9,/kaggle/working/cut_cutfix_full_tier1_20260729_01/tier1/200_250/media/kVBggivYm2w_s0000302690_e0000306462.mp4,tier1,cuda,nvenc,cutfix_full_tier1_20260729_01
kVBggivYm2w_s0000306818_e0000310334,kVBggivYm2w,306.818,310.334,3.516,1.0,1.0,8.62,/kaggle/working/cut_cutfix_full_tier1_20260729_01/tier1/200_250/media/kVBggivYm2w_s0000306818_e0000310334.mp4,tier1,cuda,nvenc,cutfix_full_tier1_20260729_01
kVBggivYm2w_s0000313890_e0000320606,kVBggivYm2w,313.89,320.606,6.716,1.0,1.0,6.82,/kaggle/working/cut_cutfix_full_tier1_20260729_01/tier1/200_250/media/kVBggivYm2w_s0000313890_e0000320606.mp4,tier1,cuda,nvenc,cutfix_full_tier1_20260729_01
kVBggivYm2w_s0000331810_e0000336414,kVBggivYm2w,331.81,336.414,4.604,1.0,1.0,7.55,/kaggle/working/cut_cutfix_full_tier1_20260729_01/tier1/200_250/media/kVBggivYm2w_s0000331810_e0000336414.mp4,tier1,cuda,nvenc,cutfix_full_tier1_20260729_01
kVBggivYm2w_s0000336578_e0000339710,kVBggivYm2w,336.578,339.71,3.132,1.0,1.0,9.13,/kaggle/working/cut_cutfix_full_tier1_20260729_01/tier1/200_250/media/kVBggivYm2w_s0000336578_e0000339710.mp4,tier1,cuda,nvenc,cutfix_full_tier1_20260729_01
kVBggivYm2w_s0000339906_e0000345054,kVBggivYm2w,339.906,345.054,5.148,1.0,1.0,6.75,/kaggle/working/cut_cutfix_full_tier1_20260729_01/tier1/200_250/media/kVBggivYm2w_s0000339906_e0000345054.mp4,tier1,cuda,nvenc,cutfix_full_tier1_20260729_01
kVBggivYm2w_s0000347266_e0000349374,kVBggivYm2w,347.266,349.374,2.108,1.0,1.0,7.49,/kaggle/working/cut_cutfix_full_tier1_20260729_01/tier1/200_250/media/kVBggivYm2w_s0000347266_e0000349374.mp4,tier1,cuda,nvenc,cutfix_full_tier1_20260729_01
kVBggivYm2w_s0000349858_e0000352414,kVBggivYm2w,349.858,352.414,2.556,1.0,1.0,8.86,/kaggle/working/cut_cutfix_full_tier1_20260729_01/tier1/200_250/media/kVBggivYm2w_s0000349858_e0000352414.mp4,tier1,cuda,nvenc,cutfix_full_tier1_20260729_01
kVBggivYm2w_s0000352578_e0000354686,kVBggivYm2w,352.578,354.686,2.108,1.0,1.0,9.3,/kaggle/working/cut_cutfix_full_tier1_20260729_01/tier1/200_250/media/kVBggivYm2w_s0000352578_e0000354686.mp4,tier1,cuda,nvenc,cutfix_full_tier1_20260729_01
kVBggivYm2w_s0000355202_e0000359806,kVBggivYm2w,355.202,359.806,4.604,1.0,1.0,6.66,/kaggle/working/cut_cutfix_full_tier1_20260729_01/tier1/200_250/media/kVBggivYm2w_s0000355202_e0000359806.mp4,tier1,cuda,nvenc,cutfix_full_tier1_20260729_01
kVBggivYm2w_s0000361570_e0000368190,kVBggivYm2w,361.57,368.19,6.62,1.0,1.0,8.26,/kaggle/working/cut_cutfix_full_tier1_20260729_01/tier1/200_250/media/kVBggivYm2w_s0000361570_e0000368190.mp4,tier1,cuda,nvenc,cutfix_full_tier1_20260729_01
kVBggivYm2w_s0000371554_e0000374526,kVBggivYm2w,371.554,374.526,2.972,1.0,1.0,8.17,/kaggle/working/cut_cutfix_full_tier1_20260729_01/tier1/200_250/media/kVBggivYm2w_s0000371554_e0000374526.mp4,tier1,cuda,nvenc,cutfix_full_tier1_20260729_01
kVBggivYm2w_s0000378722_e0000382430,kVBggivYm2w,378.722,382.43,3.708,1.0,1.0,7.05,/kaggle/working/cut_cutfix_full_tier1_20260729_01/tier1/200_250/media/kVBggivYm2w_s0000378722_e0000382430.mp4,tier1,cuda,nvenc,cutfix_full_tier1_20260729_01
kVBggivYm2w_s0000382626_e0000385854,kVBggivYm2w,382.626,385.854,3.228,1.0,1.0,7.72,/kaggle/working/cut_cutfix_full_tier1_20260729_01/tier1/200_250/media/kVBggivYm2w_s0000382626_e0000385854.mp4,tier1,cuda,nvenc,cutfix_full_tier1_20260729_01
kVBggivYm2w_s0000386498_e0000389694,kVBggivYm2w,386.498,389.694,3.196,1.0,1.0,7.8,/kaggle/working/cut_cutfix_full_tier1_20260729_01/tier1/200_250/media/kVBggivYm2w_s0000386498_e0000389694.mp4,tier1,cuda,nvenc,cutfix_full_tier1_20260729_01
kVBggivYm2w_s0000390114_e0000392222,kVBggivYm2w,390.114,392.222,2.108,1.0,1.0,7.77,/kaggle/working/cut_cutfix_full_tier1_20260729_01/tier1/200_250/media/kVBggivYm2w_s0000390114_e0000392222.mp4,tier1,cuda,nvenc,cutfix_full_tier1_20260729_01
kVBggivYm2w_s0000393730_e0000396222,kVBggivYm2w,393.73,396.222,2.492,1.0,1.0,6.81,/kaggle/working/cut_cutfix_full_tier1_20260729_01/tier1/200_250/media/kVBggivYm2w_s0000393730_e0000396222.mp4,tier1,cuda,nvenc,cutfix_full_tier1_20260729_01
kVBggivYm2w_s0000396674_e0000404638,kVBggivYm2w,396.674,404.638,7.964,1.0,1.0,7.64,/kaggle/working/cut_cutfix_full_tier1_20260729_01/tier1/200_250/media/kVBggivYm2w_s0000396674_e0000404638.mp4,tier1,cuda,nvenc,cutfix_full_tier1_20260729_01
kVBggivYm2w_s0000407586_e0000411486,kVBggivYm2w,407.586,411.486,3.9,1.0,1.0,4.81,/kaggle/working/cut_cutfix_full_tier1_20260729_01/tier1/200_250/media/kVBggivYm2w_s0000407586_e0000411486.mp4,tier1,cuda,nvenc,cutfix_full_tier1_20260729_01
kVBggivYm2w_s0000413218_e0000417406,kVBggivYm2w,413.218,417.406,4.188,1.0,1.0,7.7,/kaggle/working/cut_cutfix_full_tier1_20260729_01/tier1/200_250/media/kVBggivYm2w_s0000413218_e0000417406.mp4,tier1,cuda,nvenc,cutfix_full_tier1_20260729_01
kVBggivYm2w_s0000418818_e0000421054,kVBggivYm2w,418.818,421.054,2.236,1.0,1.0,6.48,/kaggle/working/cut_cutfix_full_tier1_20260729_01/tier1/200_250/media/kVBggivYm2w_s0000418818_e0000421054.mp4,tier1,cuda,nvenc,cutfix_full_tier1_20260729_01
kVBggivYm2w_s0000421314_e0000424716,kVBggivYm2w,421.314,424.716,3.402,1.0,1.0,5.7,/kaggle/working/cut_cutfix_full_tier1_20260729_01/tier1/200_250/media/kVBggivYm2w_s0000421314_e0000424716.mp4,tier1,cuda,nvenc,cutfix_full_tier1_20260729_01
kVbtRZLU5lk_s0000031554_e0000040126,kVbtRZLU5lk,31.554,40.126,8.572,1.0,1.0,-8.02,/kaggle/working/cut_cutfix_full_tier1_20260729_01/tier1/200_250/media/kVbtRZLU5lk_s0000031554_e0000040126.mp4,tier1,cuda,nvenc,cutfix_full_tier1_20260729_01
kVbtRZLU5lk_s0000045826_e0000047998,kVbtRZLU5lk,45.826,47.998,2.172,1.0,1.0,-3.08,/kaggle/working/cut_cutfix_full_tier1_20260729_01/tier1/200_250/media/kVbtRZLU5lk_s0000045826_e0000047998.mp4,tier1,cuda,nvenc,cutfix_full_tier1_20260729_01
kVbtRZLU5lk_s0000048354_e0000051070,kVbtRZLU5lk,48.354,51.07,2.716,1.0,1.0,-1.82,/kaggle/working/cut_cutfix_full_tier1_20260729_01/tier1/200_250/media/kVbtRZLU5lk_s0000048354_e0000051070.mp4,tier1,cuda,nvenc,cutfix_full_tier1_20260729_01
kVbtRZLU5lk_s0000051234_e0000053470,kVbtRZLU5lk,51.234,53.47,2.236,1.0,1.0,-4.58,/kaggle/working/cut_cutfix_full_tier1_20260729_01/tier1/200_250/media/kVbtRZLU5lk_s0000051234_e0000053470.mp4,tier1,cuda,nvenc,cutfix_full_tier1_20260729_01
kVbtRZLU5lk_s0000060418_e0000062654,kVbtRZLU5lk,60.418,62.654,2.236,1.0,1.0,-3.99,/kaggle/working/cut_cutfix_full_tier1_20260729_01/tier1/200_250/media/kVbtRZLU5lk_s0000060418_e0000062654.mp4,tier1,cuda,nvenc,cutfix_full_tier1_20260729_01
kVbtRZLU5lk_s0000064258_e0000066302,kVbtRZLU5lk,64.258,66.302,2.044,1.0,1.0,-2.46,/kaggle/working/cut_cutfix_full_tier1_20260729_01/tier1/200_250/media/kVbtRZLU5lk_s0000064258_e0000066302.mp4,tier1,cuda,nvenc,cutfix_full_tier1_20260729_01
kVbtRZLU5lk_s0000066882_e0000070014,kVbtRZLU5lk,66.882,70.014,3.132,1.0,1.0,-3.6,/kaggle/working/cut_cutfix_full_tier1_20260729_01/tier1/200_250/media/kVbtRZLU5lk_s0000066882_e0000070014.mp4,tier1,cuda,nvenc,cutfix_full_tier1_20260729_01
kVbtRZLU5lk_s0000074178_e0000076670,kVbtRZLU5lk,74.178,76.67,2.492,1.0,1.0,-2.16,/kaggle/working/cut_cutfix_full_tier1_20260729_01/tier1/200_250/media/kVbtRZLU5lk_s0000074178_e0000076670.mp4,tier1,cuda,nvenc,cutfix_full_tier1_20260729_01
kVbtRZLU5lk_s0000078050_e0000080478,kVbtRZLU5lk,78.05,80.478,2.428,1.0,1.0,-3.51,/kaggle/working/cut_cutfix_full_tier1_20260729_01/tier1/200_250/media/kVbtRZLU5lk_s0000078050_e0000080478.mp4,tier1,cuda,nvenc,cutfix_full_tier1_20260729_01
kVbtRZLU5lk_s0000084354_e0000086398,kVbtRZLU5lk,84.354,86.398,2.044,1.0,1.0,-1.28,/kaggle/working/cut_cutfix_full_tier1_20260729_01/tier1/200_250/media/kVbtRZLU5lk_s0000084354_e0000086398.mp4,tier1,cuda,nvenc,cutfix_full_tier1_20260729_01
kVbtRZLU5lk_s0000087554_e0000089662,kVbtRZLU5lk,87.554,89.662,2.108,1.0,1.0,-0.89,/kaggle/working/cut_cutfix_full_tier1_20260729_01/tier1/200_250/media/kVbtRZLU5lk_s0000087554_e0000089662.mp4,tier1,cuda,nvenc,cutfix_full_tier1_20260729_01
kVbtRZLU5lk_s0000090882_e0000094494,kVbtRZLU5lk,90.882,94.494,3.612,1.0,1.0,-3.41,/kaggle/working/cut_cutfix_full_tier1_20260729_01/tier1/200_250/media/kVbtRZLU5lk_s0000090882_e0000094494.mp4,tier1,cuda,nvenc,cutfix_full_tier1_20260729_01
kVbtRZLU5lk_s0000094754_e0000097086,kVbtRZLU5lk,94.754,97.086,2.332,1.0,1.0,-0.88,/kaggle/working/cut_cutfix_full_tier1_20260729_01/tier1/200_250/media/kVbtRZLU5lk_s0000094754_e0000097086.mp4,tier1,cuda,nvenc,cutfix_full_tier1_20260729_01
kVbtRZLU5lk_s0000097218_e0000099230,kVbtRZLU5lk,97.218,99.23,2.012,1.0,1.0,-2.95,/kaggle/working/cut_cutfix_full_tier1_20260729_01/tier1/200_250/media/kVbtRZLU5lk_s0000097218_e0000099230.mp4,tier1,cuda,nvenc,cutfix_full_tier1_20260729_01
kVbtRZLU5lk_s0000102306_e0000105022,kVbtRZLU5lk,102.306,105.022,2.716,1.0,1.0,-4.02,/kaggle/working/cut_cutfix_full_tier1_20260729_01/tier1/200_250/media/kVbtRZLU5lk_s0000102306_e0000105022.mp4,tier1,cuda,nvenc,cutfix_full_tier1_20260729_01
kVbtRZLU5lk_s0000107330_e0000113438,kVbtRZLU5lk,107.33,113.438,6.108,1.0,1.0,-2.94,/kaggle/working/cut_cutfix_full_tier1_20260729_01/tier1/200_250/media/kVbtRZLU5lk_s0000107330_e0000113438.mp4,tier1,cuda,nvenc,cutfix_full_tier1_20260729_01
kVbtRZLU5lk_s0000113794_e0000116190,kVbtRZLU5lk,113.794,116.19,2.396,1.0,1.0,-3.37,/kaggle/working/cut_cutfix_full_tier1_20260729_01/tier1/200_250/media/kVbtRZLU5lk_s0000113794_e0000116190.mp4,tier1,cuda,nvenc,cutfix_full_tier1_20260729_01
kVbtRZLU5lk_s0000120674_e0000123038,kVbtRZLU5lk,120.674,123.038,2.364,1.0,1.0,-3.04,/kaggle/working/cut_cutfix_full_tier1_20260729_01/tier1/200_250/media/kVbtRZLU5lk_s0000120674_e0000123038.mp4,tier1,cuda,nvenc,cutfix_full_tier1_20260729_01
kVbtRZLU5lk_s0000123426_e0000126942,kVbtRZLU5lk,123.426,126.942,3.516,1.0,1.0,-0.38,/kaggle/working/cut_cutfix_full_tier1_20260729_01/tier1/200_250/media/kVbtRZLU5lk_s0000123426_e0000126942.mp4,tier1,cuda,nvenc,cutfix_full_tier1_20260729_01
kVbtRZLU5lk_s0000127106_e0000137054,kVbtRZLU5lk,127.106,137.054,9.948,1.0,1.0,0.07,/kaggle/working/cut_cutfix_full_tier1_20260729_01/tier1/200_250/media/kVbtRZLU5lk_s0000127106_e0000137054.mp4,tier1,cuda,nvenc,cutfix_full_tier1_20260729_01
kVbtRZLU5lk_s0000141762_e0000144382,kVbtRZLU5lk,141.762,144.382,2.62,1.0,1.0,-0.05,/kaggle/working/cut_cutfix_full_tier1_20260729_01/tier1/200_250/media/kVbtRZLU5lk_s0000141762_e0000144382.mp4,tier1,cuda,nvenc,cutfix_full_tier1_20260729_01
kVbtRZLU5lk_s0000145474_e0000147678,kVbtRZLU5lk,145.474,147.678,2.204,1.0,1.0,1.35,/kaggle/working/cut_cutfix_full_tier1_20260729_01/tier1/200_250/media/kVbtRZLU5lk_s0000145474_e0000147678.mp4,tier1,cuda,nvenc,cutfix_full_tier1_20260729_01
kVbtRZLU5lk_s0000151042_e0000155198,kVbtRZLU5lk,151.042,155.198,4.156,1.0,1.0,-0.88,/kaggle/working/cut_cutfix_full_tier1_20260729_01/tier1/200_250/media/kVbtRZLU5lk_s0000151042_e0000155198.mp4,tier1,cuda,nvenc,cutfix_full_tier1_20260729_01
kVbtRZLU5lk_s0000156354_e0000160574,kVbtRZLU5lk,156.354,160.574,4.22,1.0,1.0,-1.28,/kaggle/working/cut_cutfix_full_tier1_20260729_01/tier1/200_250/media/kVbtRZLU5lk_s0000156354_e0000160574.mp4,tier1,cuda,nvenc,cutfix_full_tier1_20260729_01
kVbtRZLU5lk_s0000160674_e0000163614,kVbtRZLU5lk,160.674,163.614,2.94,1.0,1.0,-0.66,/kaggle/working/cut_cutfix_full_tier1_20260729_01/tier1/200_250/media/kVbtRZLU5lk_s0000160674_e0000163614.mp4,tier1,cuda,nvenc,cutfix_full_tier1_20260729_01
kVbtRZLU5lk_s0000165090_e0000170046,kVbtRZLU5lk,165.09,170.046,4.956,1.0,1.0,-2.39,/kaggle/working/cut_cutfix_full_tier1_20260729_01/tier1/200_250/media/kVbtRZLU5lk_s0000165090_e0000170046.mp4,tier1,cuda,nvenc,cutfix_full_tier1_20260729_01
kVbtRZLU5lk_s0000173922_e0000178206,kVbtRZLU5lk,173.922,178.206,4.284,1.0,1.0,-2.37,/kaggle/working/cut_cutfix_full_tier1_20260729_01/tier1/200_250/media/kVbtRZLU5lk_s0000173922_e0000178206.mp4,tier1,cuda,nvenc,cutfix_full_tier1_20260729_01
kVbtRZLU5lk_s0000185602_e0000188638,kVbtRZLU5lk,185.602,188.638,3.036,1.0,1.0,-1.22,/kaggle/working/cut_cutfix_full_tier1_20260729_01/tier1/200_250/media/kVbtRZLU5lk_s0000185602_e0000188638.mp4,tier1,cuda,nvenc,cutfix_full_tier1_20260729_01
kVbtRZLU5lk_s0000204514_e0000207390,kVbtRZLU5lk,204.514,207.39,2.876,1.0,1.0,-7.23,/kaggle/working/cut_cutfix_full_tier1_20260729_01/tier1/200_250/media/kVbtRZLU5lk_s0000204514_e0000207390.mp4,tier1,cuda,nvenc,cutfix_full_tier1_20260729_01
kVbtRZLU5lk_s0000242338_e0000246366,kVbtRZLU5lk,242.338,246.366,4.028,1.0,1.0,5.42,/kaggle/working/cut_cutfix_full_tier1_20260729_01/tier1/200_250/media/kVbtRZLU5lk_s0000242338_e0000246366.mp4,tier1,cuda,nvenc,cutfix_full_tier1_20260729_01
kVbtRZLU5lk_s0000246658_e0000257246,kVbtRZLU5lk,246.658,257.246,10.588,1.0,1.0,4.83,/kaggle/working/cut_cutfix_full_tier1_20260729_01/tier1/200_250/media/kVbtRZLU5lk_s0000246658_e0000257246.mp4,tier1,cuda,nvenc,cutfix_full_tier1_20260729_01
kVbtRZLU5lk_s0000259106_e0000262782,kVbtRZLU5lk,259.106,262.782,3.676,1.0,1.0,4.22,/kaggle/working/cut_cutfix_full_tier1_20260729_01/tier1/200_250/media/kVbtRZLU5lk_s0000259106_e0000262782.mp4,tier1,cuda,nvenc,cutfix_full_tier1_20260729_01
kVbtRZLU5lk_s0000263170_e0000267038,kVbtRZLU5lk,263.17,267.038,3.868,1.0,1.0,4.96,/kaggle/working/cut_cutfix_full_tier1_20260729_01/tier1/200_250/media/kVbtRZLU5lk_s0000263170_e0000267038.mp4,tier1,cuda,nvenc,cutfix_full_tier1_20260729_01
kVbtRZLU5lk_s0000271202_e0000275230,kVbtRZLU5lk,271.202,275.23,4.028,1.0,1.0,4.63,/kaggle/working/cut_cutfix_full_tier1_20260729_01/tier1/200_250/media/kVbtRZLU5lk_s0000271202_e0000275230.mp4,tier1,cuda,nvenc,cutfix_full_tier1_20260729_01
kVbtRZLU5lk_s0000275458_e0000277694,kVbtRZLU5lk,275.458,277.694,2.236,1.0,1.0,0.46,/kaggle/working/cut_cutfix_full_tier1_20260729_01/tier1/200_250/media/kVbtRZLU5lk_s0000275458_e0000277694.mp4,tier1,cuda,nvenc,cutfix_full_tier1_20260729_01
kaMNjJDIkp4_s0000016450_e0000021918,kaMNjJDIkp4,16.45,21.918,5.468,1.0,1.0,2.62,/kaggle/working/cut_cutfix_full_tier1_20260729_01/tier1/200_250/media/kaMNjJDIkp4_s0000016450_e0000021918.mp4,tier1,cuda,nvenc,cutfix_full_tier1_20260729_01
kaMNjJDIkp4_s0000022178_e0000027390,kaMNjJDIkp4,22.178,27.39,5.212,1.0,1.0,2.69,/kaggle/working/cut_cutfix_full_tier1_20260729_01/tier1/200_250/media/kaMNjJDIkp4_s0000022178_e0000027390.mp4,tier1,cuda,nvenc,cutfix_full_tier1_20260729_01
kaMNjJDIkp4_s0000034370_e0000037534,kaMNjJDIkp4,34.37,37.534,3.164,1.0,1.0,12.16,/kaggle/working/cut_cutfix_full_tier1_20260729_01/tier1/200_250/media/kaMNjJDIkp4_s0000034370_e0000037534.mp4,tier1,cuda,nvenc,cutfix_full_tier1_20260729_01
kaMNjJDIkp4_s0000045538_e0000050366,kaMNjJDIkp4,45.538,50.366,4.828,1.0,1.0,11.67,/kaggle/working/cut_cutfix_full_tier1_20260729_01/tier1/200_250/media/kaMNjJDIkp4_s0000045538_e0000050366.mp4,tier1,cuda,nvenc,cutfix_full_tier1_20260729_01
kaMNjJDIkp4_s0000059234_e0000062942,kaMNjJDIkp4,59.234,62.942,3.708,1.0,1.0,10.05,/kaggle/working/cut_cutfix_full_tier1_20260729_01/tier1/200_250/media/kaMNjJDIkp4_s0000059234_e0000062942.mp4,tier1,cuda,nvenc,cutfix_full_tier1_20260729_01
kaMNjJDIkp4_s0000089698_e0000096126,kaMNjJDIkp4,89.698,96.126,6.428,0.714,1.0,8.13,/kaggle/working/cut_cutfix_full_tier1_20260729_01/tier1/200_250/media/kaMNjJDIkp4_s0000089698_e0000096126.mp4,tier1,cuda,nvenc,cutfix_full_tier1_20260729_01
kaMNjJDIkp4_s0000097026_e0000103326,kaMNjJDIkp4,97.026,103.326,6.3,0.833,1.0,6.75,/kaggle/working/cut_cutfix_full_tier1_20260729_01/tier1/200_250/media/kaMNjJDIkp4_s0000097026_e0000103326.mp4,tier1,cuda,nvenc,cutfix_full_tier1_20260729_01
kaMNjJDIkp4_s0000103554_e0000109086,kaMNjJDIkp4,103.554,109.086,5.532,0.833,1.0,6.52,/kaggle/working/cut_cutfix_full_tier1_20260729_01/tier1/200_250/media/kaMNjJDIkp4_s0000103554_e0000109086.mp4,tier1,cuda,nvenc,cutfix_full_tier1_20260729_01
kaMNjJDIkp4_s0000109378_e0000115230,kaMNjJDIkp4,109.378,115.23,5.852,0.833,1.0,6.17,/kaggle/working/cut_cutfix_full_tier1_20260729_01/tier1/200_250/media/kaMNjJDIkp4_s0000109378_e0000115230.mp4,tier1,cuda,nvenc,cutfix_full_tier1_20260729_01
kaMNjJDIkp4_s0000115586_e0000126974,kaMNjJDIkp4,115.586,126.974,11.388,0.909,1.0,6.34,/kaggle/working/cut_cutfix_full_tier1_20260729_01/tier1/200_250/media/kaMNjJDIkp4_s0000115586_e0000126974.mp4,tier1,cuda,nvenc,cutfix_full_tier1_20260729_01
kaMNjJDIkp4_s0000145698_e0000150698,kaMNjJDIkp4,145.698,150.698,5.0,0.8,1.0,4.5,/kaggle/working/cut_cutfix_full_tier1_20260729_01/tier1/200_250/media/kaMNjJDIkp4_s0000145698_e0000150698.mp4,tier1,cuda,nvenc,cutfix_full_tier1_20260729_01
kaMNjJDIkp4_s0000149698_e0000154698,kaMNjJDIkp4,149.698,154.698,5.0,1.0,1.0,4.23,/kaggle/working/cut_cutfix_full_tier1_20260729_01/tier1/200_250/media/kaMNjJDIkp4_s0000149698_e0000154698.mp4,tier1,cuda,nvenc,cutfix_full_tier1_20260729_01
kaMNjJDIkp4_s0000167330_e0000172330,kaMNjJDIkp4,167.33,172.33,5.0,1.0,1.0,5.89,/kaggle/working/cut_cutfix_full_tier1_20260729_01/tier1/200_250/media/kaMNjJDIkp4_s0000167330_e0000172330.mp4,tier1,cuda,nvenc,cutfix_full_tier1_20260729_01
kaMNjJDIkp4_s0000175330_e0000180330,kaMNjJDIkp4,175.33,180.33,5.0,1.0,1.0,5.55,/kaggle/working/cut_cutfix_full_tier1_20260729_01/tier1/200_250/media/kaMNjJDIkp4_s0000175330_e0000180330.mp4,tier1,cuda,nvenc,cutfix_full_tier1_20260729_01
kaMNjJDIkp4_s0000180866_e0000185630,kaMNjJDIkp4,180.866,185.63,4.764,0.8,1.0,4.63,/kaggle/working/cut_cutfix_full_tier1_20260729_01/tier1/200_250/media/kaMNjJDIkp4_s0000180866_e0000185630.mp4,tier1,cuda,nvenc,cutfix_full_tier1_20260729_01
kaMNjJDIkp4_s0000185826_e0000189886,kaMNjJDIkp4,185.826,189.886,4.06,1.0,1.0,3.83,/kaggle/working/cut_cutfix_full_tier1_20260729_01/tier1/200_250/media/kaMNjJDIkp4_s0000185826_e0000189886.mp4,tier1,cuda,nvenc,cutfix_full_tier1_20260729_01
kaMNjJDIkp4_s0000195362_e0000201086,kaMNjJDIkp4,195.362,201.086,5.724,1.0,1.0,5.25,/kaggle/working/cut_cutfix_full_tier1_20260729_01/tier1/200_250/media/kaMNjJDIkp4_s0000195362_e0000201086.mp4,tier1,cuda,nvenc,cutfix_full_tier1_20260729_01
kaMNjJDIkp4_s0000201282_e0000209022,kaMNjJDIkp4,201.282,209.022,7.74,1.0,1.0,5.42,/kaggle/working/cut_cutfix_full_tier1_20260729_01/tier1/200_250/media/kaMNjJDIkp4_s0000201282_e0000209022.mp4,tier1,cuda,nvenc,cutfix_full_tier1_20260729_01
kaMNjJDIkp4_s0000209314_e0000214462,kaMNjJDIkp4,209.314,214.462,5.148,0.8,1.0,5.24,/kaggle/working/cut_cutfix_full_tier1_20260729_01/tier1/200_250/media/kaMNjJDIkp4_s0000209314_e0000214462.mp4,tier1,cuda,nvenc,cutfix_full_tier1_20260729_01
kaMNjJDIkp4_s0000214562_e0000217886,kaMNjJDIkp4,214.562,217.886,3.324,1.0,1.0,7.0,/kaggle/working/cut_cutfix_full_tier1_20260729_01/tier1/200_250/media/kaMNjJDIkp4_s0000214562_e0000217886.mp4,tier1,cuda,nvenc,cutfix_full_tier1_20260729_01
kaMNjJDIkp4_s0000218402_e0000222046,kaMNjJDIkp4,218.402,222.046,3.644,1.0,1.0,6.55,/kaggle/working/cut_cutfix_full_tier1_20260729_01/tier1/200_250/media/kaMNjJDIkp4_s0000218402_e0000222046.mp4,tier1,cuda,nvenc,cutfix_full_tier1_20260729_01
kaMNjJDIkp4_s0000222146_e0000226206,kaMNjJDIkp4,222.146,226.206,4.06,1.0,1.0,6.25,/kaggle/working/cut_cutfix_full_tier1_20260729_01/tier1/200_250/media/kaMNjJDIkp4_s0000222146_e0000226206.mp4,tier1,cuda,nvenc,cutfix_full_tier1_20260729_01
kaMNjJDIkp4_s0000244866_e0000249866,kaMNjJDIkp4,244.866,249.866,5.0,1.0,1.0,5.17,/kaggle/working/cut_cutfix_full_tier1_20260729_01/tier1/200_250/media/kaMNjJDIkp4_s0000244866_e0000249866.mp4,tier1,cuda,nvenc,cutfix_full_tier1_20260729_01
kaMNjJDIkp4_s0000248866_e0000253866,kaMNjJDIkp4,248.866,253.866,5.0,1.0,1.0,4.66,/kaggle/working/cut_cutfix_full_tier1_20260729_01/tier1/200_250/media/kaMNjJDIkp4_s0000248866_e0000253866.mp4,tier1,cuda,nvenc,cutfix_full_tier1_20260729_01
kaMNjJDIkp4_s0000252866_e0000257866,kaMNjJDIkp4,252.866,257.866,5.0,0.8,1.0,5.91,/kaggle/working/cut_cutfix_full_tier1_20260729_01/tier1/200_250/media/kaMNjJDIkp4_s0000252866_e0000257866.mp4,tier1,cuda,nvenc,cutfix_full_tier1_20260729_01
kaMNjJDIkp4_s0000256866_e0000261758,kaMNjJDIkp4,256.866,261.758,4.892,1.0,1.0,4.79,/kaggle/working/cut_cutfix_full_tier1_20260729_01/tier1/200_250/media/kaMNjJDIkp4_s0000256866_e0000261758.mp4,tier1,cuda,nvenc,cutfix_full_tier1_20260729_01
kaMNjJDIkp4_s0000261858_e0000264702,kaMNjJDIkp4,261.858,264.702,2.844,1.0,1.0,6.33,/kaggle/working/cut_cutfix_full_tier1_20260729_01/tier1/200_250/media/kaMNjJDIkp4_s0000261858_e0000264702.mp4,tier1,cuda,nvenc,cutfix_full_tier1_20260729_01
kaMNjJDIkp4_s0000265154_e0000275710,kaMNjJDIkp4,265.154,275.71,10.556,0.8,1.0,7.27,/kaggle/working/cut_cutfix_full_tier1_20260729_01/tier1/200_250/media/kaMNjJDIkp4_s0000265154_e0000275710.mp4,tier1,cuda,nvenc,cutfix_full_tier1_20260729_01
kaMNjJDIkp4_s0000296482_e0000301482,kaMNjJDIkp4,296.482,301.482,5.0,1.0,1.0,4.91,/kaggle/working/cut_cutfix_full_tier1_20260729_01/tier1/200_250/media/kaMNjJDIkp4_s0000296482_e0000301482.mp4,tier1,cuda,nvenc,cutfix_full_tier1_20260729_01
kaMNjJDIkp4_s0000300482_e0000305482,kaMNjJDIkp4,300.482,305.482,5.0,0.8,1.0,5.22,/kaggle/working/cut_cutfix_full_tier1_20260729_01/tier1/200_250/media/kaMNjJDIkp4_s0000300482_e0000305482.mp4,tier1,cuda,nvenc,cutfix_full_tier1_20260729_01
kaMNjJDIkp4_s0000304482_e0000309482,kaMNjJDIkp4,304.482,309.482,5.0,1.0,1.0,5.97,/kaggle/working/cut_cutfix_full_tier1_20260729_01/tier1/200_250/media/kaMNjJDIkp4_s0000304482_e0000309482.mp4,tier1,cuda,nvenc,cutfix_full_tier1_20260729_01
kaMNjJDIkp4_s0000308482_e0000311102,kaMNjJDIkp4,308.482,311.102,2.62,1.0,1.0,6.67,/kaggle/working/cut_cutfix_full_tier1_20260729_01/tier1/200_250/media/kaMNjJDIkp4_s0000308482_e0000311102.mp4,tier1,cuda,nvenc,cutfix_full_tier1_20260729_01
kaMNjJDIkp4_s0000311490_e0000316490,kaMNjJDIkp4,311.49,316.49,5.0,0.8,1.0,8.75,/kaggle/working/cut_cutfix_full_tier1_20260729_01/tier1/200_250/media/kaMNjJDIkp4_s0000311490_e0000316490.mp4,tier1,cuda,nvenc,cutfix_full_tier1_20260729_01
kaMNjJDIkp4_s0000342082_e0000346846,kaMNjJDIkp4,342.082,346.846,4.764,1.0,1.0,10.76,/kaggle/working/cut_cutfix_full_tier1_20260729_01/tier1/200_250/media/kaMNjJDIkp4_s0000342082_e0000346846.mp4,tier1,cuda,nvenc,cutfix_full_tier1_20260729_01
kaMNjJDIkp4_s0000355458_e0000360458,kaMNjJDIkp4,355.458,360.458,5.0,1.0,1.0,8.08,/kaggle/working/cut_cutfix_full_tier1_20260729_01/tier1/200_250/media/kaMNjJDIkp4_s0000355458_e0000360458.mp4,tier1,cuda,nvenc,cutfix_full_tier1_20260729_01
kaMNjJDIkp4_s0000385986_e0000390986,kaMNjJDIkp4,385.986,390.986,5.0,1.0,1.0,7.35,/kaggle/working/cut_cutfix_full_tier1_20260729_01/tier1/200_250/media/kaMNjJDIkp4_s0000385986_e0000390986.mp4,tier1,cuda,nvenc,cutfix_full_tier1_20260729_01
kaMNjJDIkp4_s0000393250_e0000397854,kaMNjJDIkp4,393.25,397.854,4.604,1.0,1.0,8.74,/kaggle/working/cut_cutfix_full_tier1_20260729_01/tier1/200_250/media/kaMNjJDIkp4_s0000393250_e0000397854.mp4,tier1,cuda,nvenc,cutfix_full_tier1_20260729_01
kaMNjJDIkp4_s0000406274_e0000411274,kaMNjJDIkp4,406.274,411.274,5.0,1.0,1.0,6.79,/kaggle/working/cut_cutfix_full_tier1_20260729_01/tier1/200_250/media/kaMNjJDIkp4_s0000406274_e0000411274.mp4,tier1,cuda,nvenc,cutfix_full_tier1_20260729_01
kaMNjJDIkp4_s0000410274_e0000415274,kaMNjJDIkp4,410.274,415.274,5.0,1.0,1.0,6.7,/kaggle/working/cut_cutfix_full_tier1_20260729_01/tier1/200_250/media/kaMNjJDIkp4_s0000410274_e0000415274.mp4,tier1,cuda,nvenc,cutfix_full_tier1_20260729_01
kaMNjJDIkp4_s0000430594_e0000435594,kaMNjJDIkp4,430.594,435.594,5.0,1.0,1.0,7.3,/kaggle/working/cut_cutfix_full_tier1_20260729_01/tier1/200_250/media/kaMNjJDIkp4_s0000430594_e0000435594.mp4,tier1,cuda,nvenc,cutfix_full_tier1_20260729_01
kaMNjJDIkp4_s0000438594_e0000442430,kaMNjJDIkp4,438.594,442.43,3.836,1.0,1.0,7.52,/kaggle/working/cut_cutfix_full_tier1_20260729_01/tier1/200_250/media/kaMNjJDIkp4_s0000438594_e0000442430.mp4,tier1,cuda,nvenc,cutfix_full_tier1_20260729_01
kaMNjJDIkp4_s0000447234_e0000450494,kaMNjJDIkp4,447.234,450.494,3.26,1.0,1.0,7.58,/kaggle/working/cut_cutfix_full_tier1_20260729_01/tier1/200_250/media/kaMNjJDIkp4_s0000447234_e0000450494.mp4,tier1,cuda,nvenc,cutfix_full_tier1_20260729_01
kaMNjJDIkp4_s0000462850_e0000467850,kaMNjJDIkp4,462.85,467.85,5.0,1.0,1.0,4.79,/kaggle/working/cut_cutfix_full_tier1_20260729_01/tier1/200_250/media/kaMNjJDIkp4_s0000462850_e0000467850.mp4,tier1,cuda,nvenc,cutfix_full_tier1_20260729_01
kaMNjJDIkp4_s0000529442_e0000534442,kaMNjJDIkp4,529.442,534.442,5.0,1.0,1.0,4.77,/kaggle/working/cut_cutfix_full_tier1_20260729_01/tier1/200_250/media/kaMNjJDIkp4_s0000529442_e0000534442.mp4,tier1,cuda,nvenc,cutfix_full_tier1_20260729_01
kaMNjJDIkp4_s0000558146_e0000563146,kaMNjJDIkp4,558.146,563.146,5.0,1.0,1.0,4.02,/kaggle/working/cut_cutfix_full_tier1_20260729_01/tier1/200_250/media/kaMNjJDIkp4_s0000558146_e0000563146.mp4,tier1,cuda,nvenc,cutfix_full_tier1_20260729_01
kaMNjJDIkp4_s0000616482_e0000621470,kaMNjJDIkp4,616.482,621.47,4.988,1.0,1.0,6.64,/kaggle/working/cut_cutfix_full_tier1_20260729_01/tier1/200_250/media/kaMNjJDIkp4_s0000616482_e0000621470.mp4,tier1,cuda,nvenc,cutfix_full_tier1_20260729_01
kaMNjJDIkp4_s0000630786_e0000635006,kaMNjJDIkp4,630.786,635.006,4.22,1.0,1.0,6.87,/kaggle/working/cut_cutfix_full_tier1_20260729_01/tier1/200_250/media/kaMNjJDIkp4_s0000630786_e0000635006.mp4,tier1,cuda,nvenc,cutfix_full_tier1_20260729_01
kaMNjJDIkp4_s0000647938_e0000652938,kaMNjJDIkp4,647.938,652.938,5.0,1.0,1.0,4.75,/kaggle/working/cut_cutfix_full_tier1_20260729_01/tier1/200_250/media/kaMNjJDIkp4_s0000647938_e0000652938.mp4,tier1,cuda,nvenc,cutfix_full_tier1_20260729_01
kaMNjJDIkp4_s0000682882_e0000686526,kaMNjJDIkp4,682.882,686.526,3.644,1.0,1.0,5.62,/kaggle/working/cut_cutfix_full_tier1_20260729_01/tier1/200_250/media/kaMNjJDIkp4_s0000682882_e0000686526.mp4,tier1,cuda,nvenc,cutfix_full_tier1_20260729_01
kaMNjJDIkp4_s0000693506_e0000696254,kaMNjJDIkp4,693.506,696.254,2.748,1.0,1.0,5.91,/kaggle/working/cut_cutfix_full_tier1_20260729_01/tier1/200_250/media/kaMNjJDIkp4_s0000693506_e0000696254.mp4,tier1,cuda,nvenc,cutfix_full_tier1_20260729_01
kaMNjJDIkp4_s0000696706_e0000702686,kaMNjJDIkp4,696.706,702.686,5.98,1.0,1.0,4.19,/kaggle/working/cut_cutfix_full_tier1_20260729_01/tier1/200_250/media/kaMNjJDIkp4_s0000696706_e0000702686.mp4,tier1,cuda,nvenc,cutfix_full_tier1_20260729_01
kaMNjJDIkp4_s0000702978_e0000707358,kaMNjJDIkp4,702.978,707.358,4.38,0.8,1.0,4.17,/kaggle/working/cut_cutfix_full_tier1_20260729_01/tier1/200_250/media/kaMNjJDIkp4_s0000702978_e0000707358.mp4,tier1,cuda,nvenc,cutfix_full_tier1_20260729_01
kpl2x_spetg_s0000034082_e0000037086,kpl2x_spetg,34.082,37.086,3.004,1.0,1.0,7.63,/kaggle/working/cut_cutfix_full_tier1_20260729_01/tier1/200_250/media/kpl2x_spetg_s0000034082_e0000037086.mp4,tier1,cuda,nvenc,cutfix_full_tier1_20260729_01
kpl2x_spetg_s0000037474_e0000040062,kpl2x_spetg,37.474,40.062,2.588,1.0,1.0,7.34,/kaggle/working/cut_cutfix_full_tier1_20260729_01/tier1/200_250/media/kpl2x_spetg_s0000037474_e0000040062.mp4,tier1,cuda,nvenc,cutfix_full_tier1_20260729_01
kpl2x_spetg_s0000053154_e0000057246,kpl2x_spetg,53.154,57.246,4.092,1.0,1.0,5.96,/kaggle/working/cut_cutfix_full_tier1_20260729_01/tier1/200_250/media/kpl2x_spetg_s0000053154_e0000057246.mp4,tier1,cuda,nvenc,cutfix_full_tier1_20260729_01
kpl2x_spetg_s0000057570_e0000068574,kpl2x_spetg,57.57,68.574,11.004,1.0,1.0,5.31,/kaggle/working/cut_cutfix_full_tier1_20260729_01/tier1/200_250/media/kpl2x_spetg_s0000057570_e0000068574.mp4,tier1,cuda,nvenc,cutfix_full_tier1_20260729_01
kpl2x_spetg_s0000068802_e0000077406,kpl2x_spetg,68.802,77.406,8.604,1.0,1.0,4.56,/kaggle/working/cut_cutfix_full_tier1_20260729_01/tier1/200_250/media/kpl2x_spetg_s0000068802_e0000077406.mp4,tier1,cuda,nvenc,cutfix_full_tier1_20260729_01
kpl2x_spetg_s0000077954_e0000080190,kpl2x_spetg,77.954,80.19,2.236,1.0,1.0,5.48,/kaggle/working/cut_cutfix_full_tier1_20260729_01/tier1/200_250/media/kpl2x_spetg_s0000077954_e0000080190.mp4,tier1,cuda,nvenc,cutfix_full_tier1_20260729_01
kpl2x_spetg_s0000097474_e0000107390,kpl2x_spetg,97.474,107.39,9.916,1.0,1.0,3.89,/kaggle/working/cut_cutfix_full_tier1_20260729_01/tier1/200_250/media/kpl2x_spetg_s0000097474_e0000107390.mp4,tier1,cuda,nvenc,cutfix_full_tier1_20260729_01
kpl2x_spetg_s0000113282_e0000117982,kpl2x_spetg,113.282,117.982,4.7,1.0,1.0,3.81,/kaggle/working/cut_cutfix_full_tier1_20260729_01/tier1/200_250/media/kpl2x_spetg_s0000113282_e0000117982.mp4,tier1,cuda,nvenc,cutfix_full_tier1_20260729_01
kpl2x_spetg_s0000127010_e0000129310,kpl2x_spetg,127.01,129.31,2.3,1.0,1.0,4.26,/kaggle/working/cut_cutfix_full_tier1_20260729_01/tier1/200_250/media/kpl2x_spetg_s0000127010_e0000129310.mp4,tier1,cuda,nvenc,cutfix_full_tier1_20260729_01
kpl2x_spetg_s0000129634_e0000134634,kpl2x_spetg,129.634,134.634,5.0,1.0,1.0,4.72,/kaggle/working/cut_cutfix_full_tier1_20260729_01/tier1/200_250/media/kpl2x_spetg_s0000129634_e0000134634.mp4,tier1,cuda,nvenc,cutfix_full_tier1_20260729_01
kpl2x_spetg_s0000137634_e0000141726,kpl2x_spetg,137.634,141.726,4.092,1.0,1.0,5.22,/kaggle/working/cut_cutfix_full_tier1_20260729_01/tier1/200_250/media/kpl2x_spetg_s0000137634_e0000141726.mp4,tier1,cuda,nvenc,cutfix_full_tier1_20260729_01
kpl2x_spetg_s0000142914_e0000145598,kpl2x_spetg,142.914,145.598,2.684,1.0,1.0,6.34,/kaggle/working/cut_cutfix_full_tier1_20260729_01/tier1/200_250/media/kpl2x_spetg_s0000142914_e0000145598.mp4,tier1,cuda,nvenc,cutfix_full_tier1_20260729_01
kpl2x_spetg_s0000145762_e0000152702,kpl2x_spetg,145.762,152.702,6.94,1.0,1.0,4.98,/kaggle/working/cut_cutfix_full_tier1_20260729_01/tier1/200_250/media/kpl2x_spetg_s0000145762_e0000152702.mp4,tier1,cuda,nvenc,cutfix_full_tier1_20260729_01
kpl2x_spetg_s0000153026_e0000158462,kpl2x_spetg,153.026,158.462,5.436,1.0,1.0,4.83,/kaggle/working/cut_cutfix_full_tier1_20260729_01/tier1/200_250/media/kpl2x_spetg_s0000153026_e0000158462.mp4,tier1,cuda,nvenc,cutfix_full_tier1_20260729_01
kpl2x_spetg_s0000160066_e0000162398,kpl2x_spetg,160.066,162.398,2.332,1.0,1.0,4.09,/kaggle/working/cut_cutfix_full_tier1_20260729_01/tier1/200_250/media/kpl2x_spetg_s0000160066_e0000162398.mp4,tier1,cuda,nvenc,cutfix_full_tier1_20260729_01
kpl2x_spetg_s0000176706_e0000182590,kpl2x_spetg,176.706,182.59,5.884,1.0,1.0,3.77,/kaggle/working/cut_cutfix_full_tier1_20260729_01/tier1/200_250/media/kpl2x_spetg_s0000176706_e0000182590.mp4,tier1,cuda,nvenc,cutfix_full_tier1_20260729_01
kpl2x_spetg_s0000182818_e0000185438,kpl2x_spetg,182.818,185.438,2.62,1.0,1.0,4.72,/kaggle/working/cut_cutfix_full_tier1_20260729_01/tier1/200_250/media/kpl2x_spetg_s0000182818_e0000185438.mp4,tier1,cuda,nvenc,cutfix_full_tier1_20260729_01
kpl2x_spetg_s0000185570_e0000192798,kpl2x_spetg,185.57,192.798,7.228,1.0,1.0,4.38,/kaggle/working/cut_cutfix_full_tier1_20260729_01/tier1/200_250/media/kpl2x_spetg_s0000185570_e0000192798.mp4,tier1,cuda,nvenc,cutfix_full_tier1_20260729_01
kpl2x_spetg_s0000192898_e0000197918,kpl2x_spetg,192.898,197.918,5.02,1.0,1.0,3.85,/kaggle/working/cut_cutfix_full_tier1_20260729_01/tier1/200_250/media/kpl2x_spetg_s0000192898_e0000197918.mp4,tier1,cuda,nvenc,cutfix_full_tier1_20260729_01
kpl2x_spetg_s0000198018_e0000201086,kpl2x_spetg,198.018,201.086,3.068,1.0,1.0,4.66,/kaggle/working/cut_cutfix_full_tier1_20260729_01/tier1/200_250/media/kpl2x_spetg_s0000198018_e0000201086.mp4,tier1,cuda,nvenc,cutfix_full_tier1_20260729_01
kpl2x_spetg_s0000201762_e0000206762,kpl2x_spetg,201.762,206.762,5.0,1.0,1.0,5.16,/kaggle/working/cut_cutfix_full_tier1_20260729_01/tier1/200_250/media/kpl2x_spetg_s0000201762_e0000206762.mp4,tier1,cuda,nvenc,cutfix_full_tier1_20260729_01
kpl2x_spetg_s0000209762_e0000214046,kpl2x_spetg,209.762,214.046,4.284,1.0,1.0,4.65,/kaggle/working/cut_cutfix_full_tier1_20260729_01/tier1/200_250/media/kpl2x_spetg_s0000209762_e0000214046.mp4,tier1,cuda,nvenc,cutfix_full_tier1_20260729_01
kpl2x_spetg_s0000220034_e0000226078,kpl2x_spetg,220.034,226.078,6.044,1.0,1.0,4.73,/kaggle/working/cut_cutfix_full_tier1_20260729_01/tier1/200_250/media/kpl2x_spetg_s0000220034_e0000226078.mp4,tier1,cuda,nvenc,cutfix_full_tier1_20260729_01
kpl2x_spetg_s0000229634_e0000237118,kpl2x_spetg,229.634,237.118,7.484,1.0,1.0,4.73,/kaggle/working/cut_cutfix_full_tier1_20260729_01/tier1/200_250/media/kpl2x_spetg_s0000229634_e0000237118.mp4,tier1,cuda,nvenc,cutfix_full_tier1_20260729_01
kpl2x_spetg_s0000237218_e0000242910,kpl2x_spetg,237.218,242.91,5.692,1.0,1.0,4.94,/kaggle/working/cut_cutfix_full_tier1_20260729_01/tier1/200_250/media/kpl2x_spetg_s0000237218_e0000242910.mp4,tier1,cuda,nvenc,cutfix_full_tier1_20260729_01
kpl2x_spetg_s0000243106_e0000245630,kpl2x_spetg,243.106,245.63,2.524,1.0,1.0,6.64,/kaggle/working/cut_cutfix_full_tier1_20260729_01/tier1/200_250/media/kpl2x_spetg_s0000243106_e0000245630.mp4,tier1,cuda,nvenc,cutfix_full_tier1_20260729_01
kpl2x_spetg_s0000245890_e0000254782,kpl2x_spetg,245.89,254.782,8.892,1.0,1.0,4.91,/kaggle/working/cut_cutfix_full_tier1_20260729_01/tier1/200_250/media/kpl2x_spetg_s0000245890_e0000254782.mp4,tier1,cuda,nvenc,cutfix_full_tier1_20260729_01
kpl2x_spetg_s0000255074_e0000258686,kpl2x_spetg,255.074,258.686,3.612,1.0,1.0,5.03,/kaggle/working/cut_cutfix_full_tier1_20260729_01/tier1/200_250/media/kpl2x_spetg_s0000255074_e0000258686.mp4,tier1,cuda,nvenc,cutfix_full_tier1_20260729_01
kpl2x_spetg_s0000261570_e0000266462,kpl2x_spetg,261.57,266.462,4.892,1.0,1.0,4.26,/kaggle/working/cut_cutfix_full_tier1_20260729_01/tier1/200_250/media/kpl2x_spetg_s0000261570_e0000266462.mp4,tier1,cuda,nvenc,cutfix_full_tier1_20260729_01
kpl2x_spetg_s0000300130_e0000305130,kpl2x_spetg,300.13,305.13,5.0,1.0,1.0,5.21,/kaggle/working/cut_cutfix_full_tier1_20260729_01/tier1/200_250/media/kpl2x_spetg_s0000300130_e0000305130.mp4,tier1,cuda,nvenc,cutfix_full_tier1_20260729_01
kpl2x_spetg_s0000304130_e0000309130,kpl2x_spetg,304.13,309.13,5.0,1.0,1.0,3.88,/kaggle/working/cut_cutfix_full_tier1_20260729_01/tier1/200_250/media/kpl2x_spetg_s0000304130_e0000309130.mp4,tier1,cuda,nvenc,cutfix_full_tier1_20260729_01
kpl2x_spetg_s0000308130_e0000313130,kpl2x_spetg,308.13,313.13,5.0,1.0,1.0,4.96,/kaggle/working/cut_cutfix_full_tier1_20260729_01/tier1/200_250/media/kpl2x_spetg_s0000308130_e0000313130.mp4,tier1,cuda,nvenc,cutfix_full_tier1_20260729_01
kpl2x_spetg_s0000312130_e0000314686,kpl2x_spetg,312.13,314.686,2.556,1.0,1.0,5.18,/kaggle/working/cut_cutfix_full_tier1_20260729_01/tier1/200_250/media/kpl2x_spetg_s0000312130_e0000314686.mp4,tier1,cuda,nvenc,cutfix_full_tier1_20260729_01
kpl2x_spetg_s0000316130_e0000321214,kpl2x_spetg,316.13,321.214,5.084,0.8,1.0,4.94,/kaggle/working/cut_cutfix_full_tier1_20260729_01/tier1/200_250/media/kpl2x_spetg_s0000316130_e0000321214.mp4,tier1,cuda,nvenc,cutfix_full_tier1_20260729_01
kpl2x_spetg_s0000321474_e0000323582,kpl2x_spetg,321.474,323.582,2.108,1.0,1.0,5.38,/kaggle/working/cut_cutfix_full_tier1_20260729_01/tier1/200_250/media/kpl2x_spetg_s0000321474_e0000323582.mp4,tier1,cuda,nvenc,cutfix_full_tier1_20260729_01
kpl2x_spetg_s0000324770_e0000329770,kpl2x_spetg,324.77,329.77,5.0,1.0,1.0,4.97,/kaggle/working/cut_cutfix_full_tier1_20260729_01/tier1/200_250/media/kpl2x_spetg_s0000324770_e0000329770.mp4,tier1,cuda,nvenc,cutfix_full_tier1_20260729_01
kpl2x_spetg_s0000328770_e0000333770,kpl2x_spetg,328.77,333.77,5.0,1.0,1.0,5.06,/kaggle/working/cut_cutfix_full_tier1_20260729_01/tier1/200_250/media/kpl2x_spetg_s0000328770_e0000333770.mp4,tier1,cuda,nvenc,cutfix_full_tier1_20260729_01
kpl2x_spetg_s0000332770_e0000337770,kpl2x_spetg,332.77,337.77,5.0,1.0,1.0,4.6,/kaggle/working/cut_cutfix_full_tier1_20260729_01/tier1/200_250/media/kpl2x_spetg_s0000332770_e0000337770.mp4,tier1,cuda,nvenc,cutfix_full_tier1_20260729_01
kpl2x_spetg_s0000336770_e0000340862,kpl2x_spetg,336.77,340.862,4.092,1.0,1.0,4.12,/kaggle/working/cut_cutfix_full_tier1_20260729_01/tier1/200_250/media/kpl2x_spetg_s0000336770_e0000340862.mp4,tier1,cuda,nvenc,cutfix_full_tier1_20260729_01
kpl2x_spetg_s0000341474_e0000348510,kpl2x_spetg,341.474,348.51,7.036,1.0,1.0,4.42,/kaggle/working/cut_cutfix_full_tier1_20260729_01/tier1/200_250/media/kpl2x_spetg_s0000341474_e0000348510.mp4,tier1,cuda,nvenc,cutfix_full_tier1_20260729_01
kpl2x_spetg_s0000366242_e0000370878,kpl2x_spetg,366.242,370.878,4.636,1.0,1.0,4.99,/kaggle/working/cut_cutfix_full_tier1_20260729_01/tier1/200_250/media/kpl2x_spetg_s0000366242_e0000370878.mp4,tier1,cuda,nvenc,cutfix_full_tier1_20260729_01
kpl2x_spetg_s0000372162_e0000378046,kpl2x_spetg,372.162,378.046,5.884,1.0,1.0,4.97,/kaggle/working/cut_cutfix_full_tier1_20260729_01/tier1/200_250/media/kpl2x_spetg_s0000372162_e0000378046.mp4,tier1,cuda,nvenc,cutfix_full_tier1_20260729_01
kpl2x_spetg_s0000378722_e0000380734,kpl2x_spetg,378.722,380.734,2.012,1.0,1.0,5.55,/kaggle/working/cut_cutfix_full_tier1_20260729_01/tier1/200_250/media/kpl2x_spetg_s0000378722_e0000380734.mp4,tier1,cuda,nvenc,cutfix_full_tier1_20260729_01
kpl2x_spetg_s0000381154_e0000385054,kpl2x_spetg,381.154,385.054,3.9,1.0,1.0,4.24,/kaggle/working/cut_cutfix_full_tier1_20260729_01/tier1/200_250/media/kpl2x_spetg_s0000381154_e0000385054.mp4,tier1,cuda,nvenc,cutfix_full_tier1_20260729_01
kpl2x_spetg_s0000385506_e0000392510,kpl2x_spetg,385.506,392.51,7.004,1.0,1.0,4.38,/kaggle/working/cut_cutfix_full_tier1_20260729_01/tier1/200_250/media/kpl2x_spetg_s0000385506_e0000392510.mp4,tier1,cuda,nvenc,cutfix_full_tier1_20260729_01
kpl2x_spetg_s0000426914_e0000430398,kpl2x_spetg,426.914,430.398,3.484,1.0,1.0,3.3,/kaggle/working/cut_cutfix_full_tier1_20260729_01/tier1/200_250/media/kpl2x_spetg_s0000426914_e0000430398.mp4,tier1,cuda,nvenc,cutfix_full_tier1_20260729_01
kpl2x_spetg_s0000482626_e0000487806,kpl2x_spetg,482.626,487.806,5.18,1.0,1.0,4.5,/kaggle/working/cut_cutfix_full_tier1_20260729_01/tier1/200_250/media/kpl2x_spetg_s0000482626_e0000487806.mp4,tier1,cuda,nvenc,cutfix_full_tier1_20260729_01
kpl2x_spetg_s0000495618_e0000498110,kpl2x_spetg,495.618,498.11,2.492,1.0,1.0,3.54,/kaggle/working/cut_cutfix_full_tier1_20260729_01/tier1/200_250/media/kpl2x_spetg_s0000495618_e0000498110.mp4,tier1,cuda,nvenc,cutfix_full_tier1_20260729_01
kpl2x_spetg_s0000498530_e0000502302,kpl2x_spetg,498.53,502.302,3.772,1.0,1.0,5.71,/kaggle/working/cut_cutfix_full_tier1_20260729_01/tier1/200_250/media/kpl2x_spetg_s0000498530_e0000502302.mp4,tier1,cuda,nvenc,cutfix_full_tier1_20260729_01
kpl2x_spetg_s0000502434_e0000512254,kpl2x_spetg,502.434,512.254,9.82,1.0,1.0,4.64,/kaggle/working/cut_cutfix_full_tier1_20260729_01/tier1/200_250/media/kpl2x_spetg_s0000502434_e0000512254.mp4,tier1,cuda,nvenc,cutfix_full_tier1_20260729_01
kpl2x_spetg_s0000512866_e0000518110,kpl2x_spetg,512.866,518.11,5.244,1.0,1.0,5.31,/kaggle/working/cut_cutfix_full_tier1_20260729_01/tier1/200_250/media/kpl2x_spetg_s0000512866_e0000518110.mp4,tier1,cuda,nvenc,cutfix_full_tier1_20260729_01
kpl2x_spetg_s0000520098_e0000525246,kpl2x_spetg,520.098,525.246,5.148,1.0,1.0,3.93,/kaggle/working/cut_cutfix_full_tier1_20260729_01/tier1/200_250/media/kpl2x_spetg_s0000520098_e0000525246.mp4,tier1,cuda,nvenc,cutfix_full_tier1_20260729_01
kpl2x_spetg_s0000525506_e0000535998,kpl2x_spetg,525.506,535.998,10.492,0.9,1.0,5.0,/kaggle/working/cut_cutfix_full_tier1_20260729_01/tier1/200_250/media/kpl2x_spetg_s0000525506_e0000535998.mp4,tier1,cuda,nvenc,cutfix_full_tier1_20260729_01
kpl2x_spetg_s0000562850_e0000567070,kpl2x_spetg,562.85,567.07,4.22,1.0,1.0,5.13,/kaggle/working/cut_cutfix_full_tier1_20260729_01/tier1/200_250/media/kpl2x_spetg_s0000562850_e0000567070.mp4,tier1,cuda,nvenc,cutfix_full_tier1_20260729_01
kpl2x_spetg_s0000567266_e0000573054,kpl2x_spetg,567.266,573.054,5.788,1.0,1.0,5.15,/kaggle/working/cut_cutfix_full_tier1_20260729_01/tier1/200_250/media/kpl2x_spetg_s0000567266_e0000573054.mp4,tier1,cuda,nvenc,cutfix_full_tier1_20260729_01
kpl2x_spetg_s0000580834_e0000585834,kpl2x_spetg,580.834,585.834,5.0,1.0,1.0,4.32,/kaggle/working/cut_cutfix_full_tier1_20260729_01/tier1/200_250/media/kpl2x_spetg_s0000580834_e0000585834.mp4,tier1,cuda,nvenc,cutfix_full_tier1_20260729_01
kpl2x_spetg_s0000584834_e0000589834,kpl2x_spetg,584.834,589.834,5.0,1.0,1.0,3.92,/kaggle/working/cut_cutfix_full_tier1_20260729_01/tier1/200_250/media/kpl2x_spetg_s0000584834_e0000589834.mp4,tier1,cuda,nvenc,cutfix_full_tier1_20260729_01
kpl2x_spetg_s0000588834_e0000593834,kpl2x_spetg,588.834,593.834,5.0,1.0,1.0,4.18,/kaggle/working/cut_cutfix_full_tier1_20260729_01/tier1/200_250/media/kpl2x_spetg_s0000588834_e0000593834.mp4,tier1,cuda,nvenc,cutfix_full_tier1_20260729_01
kpl2x_spetg_s0000592834_e0000596958,kpl2x_spetg,592.834,596.958,4.124,1.0,1.0,3.7,/kaggle/working/cut_cutfix_full_tier1_20260729_01/tier1/200_250/media/kpl2x_spetg_s0000592834_e0000596958.mp4,tier1,cuda,nvenc,cutfix_full_tier1_20260729_01
kpl2x_spetg_s0000597346_e0000607390,kpl2x_spetg,597.346,607.39,10.044,1.0,1.0,4.95,/kaggle/working/cut_cutfix_full_tier1_20260729_01/tier1/200_250/media/kpl2x_spetg_s0000597346_e0000607390.mp4,tier1,cuda,nvenc,cutfix_full_tier1_20260729_01
kpl2x_spetg_s0000607522_e0000612574,kpl2x_spetg,607.522,612.574,5.052,1.0,1.0,5.23,/kaggle/working/cut_cutfix_full_tier1_20260729_01/tier1/200_250/media/kpl2x_spetg_s0000607522_e0000612574.mp4,tier1,cuda,nvenc,cutfix_full_tier1_20260729_01
kpl2x_spetg_s0000612674_e0000623422,kpl2x_spetg,612.674,623.422,10.748,1.0,1.0,4.8,/kaggle/working/cut_cutfix_full_tier1_20260729_01/tier1/200_250/media/kpl2x_spetg_s0000612674_e0000623422.mp4,tier1,cuda,nvenc,cutfix_full_tier1_20260729_01
kpl2x_spetg_s0000623618_e0000631614,kpl2x_spetg,623.618,631.614,7.996,0.875,1.0,4.02,/kaggle/working/cut_cutfix_full_tier1_20260729_01/tier1/200_250/media/kpl2x_spetg_s0000623618_e0000631614.mp4,tier1,cuda,nvenc,cutfix_full_tier1_20260729_01
kpl2x_spetg_s0000631714_e0000635198,kpl2x_spetg,631.714,635.198,3.484,1.0,1.0,3.74,/kaggle/working/cut_cutfix_full_tier1_20260729_01/tier1/200_250/media/kpl2x_spetg_s0000631714_e0000635198.mp4,tier1,cuda,nvenc,cutfix_full_tier1_20260729_01
kpl2x_spetg_s0000635394_e0000640394,kpl2x_spetg,635.394,640.394,5.0,1.0,1.0,4.81,/kaggle/working/cut_cutfix_full_tier1_20260729_01/tier1/200_250/media/kpl2x_spetg_s0000635394_e0000640394.mp4,tier1,cuda,nvenc,cutfix_full_tier1_20260729_01
kpl2x_spetg_s0000639394_e0000644394,kpl2x_spetg,639.394,644.394,5.0,1.0,1.0,4.63,/kaggle/working/cut_cutfix_full_tier1_20260729_01/tier1/200_250/media/kpl2x_spetg_s0000639394_e0000644394.mp4,tier1,cuda,nvenc,cutfix_full_tier1_20260729_01
kpl2x_spetg_s0000643394_e0000648394,kpl2x_spetg,643.394,648.394,5.0,0.8,1.0,4.36,/kaggle/working/cut_cutfix_full_tier1_20260729_01/tier1/200_250/media/kpl2x_spetg_s0000643394_e0000648394.mp4,tier1,cuda,nvenc,cutfix_full_tier1_20260729_01
kpl2x_spetg_s0000684770_e0000691070,kpl2x_spetg,684.77,691.07,6.3,1.0,1.0,5.11,/kaggle/working/cut_cutfix_full_tier1_20260729_01/tier1/200_250/media/kpl2x_spetg_s0000684770_e0000691070.mp4,tier1,cuda,nvenc,cutfix_full_tier1_20260729_01
kpl2x_spetg_s0000692642_e0000699006,kpl2x_spetg,692.642,699.006,6.364,1.0,1.0,4.37,/kaggle/working/cut_cutfix_full_tier1_20260729_01/tier1/200_250/media/kpl2x_spetg_s0000692642_e0000699006.mp4,tier1,cuda,nvenc,cutfix_full_tier1_20260729_01
kpl2x_spetg_s0000699138_e0000702366,kpl2x_spetg,699.138,702.366,3.228,1.0,1.0,4.54,/kaggle/working/cut_cutfix_full_tier1_20260729_01/tier1/200_250/media/kpl2x_spetg_s0000699138_e0000702366.mp4,tier1,cuda,nvenc,cutfix_full_tier1_20260729_01
kpl2x_spetg_s0000702786_e0000707678,kpl2x_spetg,702.786,707.678,4.892,1.0,1.0,5.62,/kaggle/working/cut_cutfix_full_tier1_20260729_01/tier1/200_250/media/kpl2x_spetg_s0000702786_e0000707678.mp4,tier1,cuda,nvenc,cutfix_full_tier1_20260729_01
kpl2x_spetg_s0000709090_e0000721022,kpl2x_spetg,709.09,721.022,11.932,0.833,1.0,5.38,/kaggle/working/cut_cutfix_full_tier1_20260729_01/tier1/200_250/media/kpl2x_spetg_s0000709090_e0000721022.mp4,tier1,cuda,nvenc,cutfix_full_tier1_20260729_01
kpl2x_spetg_s0000721218_e0000732126,kpl2x_spetg,721.218,732.126,10.908,1.0,1.0,5.15,/kaggle/working/cut_cutfix_full_tier1_20260729_01/tier1/200_250/media/kpl2x_spetg_s0000721218_e0000732126.mp4,tier1,cuda,nvenc,cutfix_full_tier1_20260729_01
kpl2x_spetg_s0000732642_e0000737642,kpl2x_spetg,732.642,737.642,5.0,1.0,1.0,4.64,/kaggle/working/cut_cutfix_full_tier1_20260729_01/tier1/200_250/media/kpl2x_spetg_s0000732642_e0000737642.mp4,tier1,cuda,nvenc,cutfix_full_tier1_20260729_01
kpl2x_spetg_s0000736642_e0000741642,kpl2x_spetg,736.642,741.642,5.0,1.0,1.0,4.89,/kaggle/working/cut_cutfix_full_tier1_20260729_01/tier1/200_250/media/kpl2x_spetg_s0000736642_e0000741642.mp4,tier1,cuda,nvenc,cutfix_full_tier1_20260729_01
kpl2x_spetg_s0000740642_e0000745642,kpl2x_spetg,740.642,745.642,5.0,1.0,1.0,3.81,/kaggle/working/cut_cutfix_full_tier1_20260729_01/tier1/200_250/media/kpl2x_spetg_s0000740642_e0000745642.mp4,tier1,cuda,nvenc,cutfix_full_tier1_20260729_01
kpl2x_spetg_s0000744642_e0000747742,kpl2x_spetg,744.642,747.742,3.1,1.0,1.0,3.82,/kaggle/working/cut_cutfix_full_tier1_20260729_01/tier1/200_250/media/kpl2x_spetg_s0000744642_e0000747742.mp4,tier1,cuda,nvenc,cutfix_full_tier1_20260729_01
kpl2x_spetg_s0000748162_e0000753854,kpl2x_spetg,748.162,753.854,5.692,1.0,1.0,5.11,/kaggle/working/cut_cutfix_full_tier1_20260729_01/tier1/200_250/media/kpl2x_spetg_s0000748162_e0000753854.mp4,tier1,cuda,nvenc,cutfix_full_tier1_20260729_01
kpl2x_spetg_s0000754146_e0000764606,kpl2x_spetg,754.146,764.606,10.46,1.0,1.0,5.09,/kaggle/working/cut_cutfix_full_tier1_20260729_01/tier1/200_250/media/kpl2x_spetg_s0000754146_e0000764606.mp4,tier1,cuda,nvenc,cutfix_full_tier1_20260729_01
kpl2x_spetg_s0000764994_e0000772286,kpl2x_spetg,764.994,772.286,7.292,1.0,1.0,4.87,/kaggle/working/cut_cutfix_full_tier1_20260729_01/tier1/200_250/media/kpl2x_spetg_s0000764994_e0000772286.mp4,tier1,cuda,nvenc,cutfix_full_tier1_20260729_01
kpl2x_spetg_s0000772418_e0000775902,kpl2x_spetg,772.418,775.902,3.484,1.0,1.0,4.01,/kaggle/working/cut_cutfix_full_tier1_20260729_01/tier1/200_250/media/kpl2x_spetg_s0000772418_e0000775902.mp4,tier1,cuda,nvenc,cutfix_full_tier1_20260729_01
kpl2x_spetg_s0000776194_e0000782590,kpl2x_spetg,776.194,782.59,6.396,1.0,1.0,3.21,/kaggle/working/cut_cutfix_full_tier1_20260729_01/tier1/200_250/media/kpl2x_spetg_s0000776194_e0000782590.mp4,tier1,cuda,nvenc,cutfix_full_tier1_20260729_01
kpl2x_spetg_s0000828482_e0000839806,kpl2x_spetg,828.482,839.806,11.324,1.0,1.0,4.95,/kaggle/working/cut_cutfix_full_tier1_20260729_01/tier1/200_250/media/kpl2x_spetg_s0000828482_e0000839806.mp4,tier1,cuda,nvenc,cutfix_full_tier1_20260729_01
kpl2x_spetg_s0000840162_e0000844446,kpl2x_spetg,840.162,844.446,4.284,1.0,1.0,4.38,/kaggle/working/cut_cutfix_full_tier1_20260729_01/tier1/200_250/media/kpl2x_spetg_s0000840162_e0000844446.mp4,tier1,cuda,nvenc,cutfix_full_tier1_20260729_01
kpl2x_spetg_s0000844642_e0000847582,kpl2x_spetg,844.642,847.582,2.94,1.0,1.0,6.65,/kaggle/working/cut_cutfix_full_tier1_20260729_01/tier1/200_250/media/kpl2x_spetg_s0000844642_e0000847582.mp4,tier1,cuda,nvenc,cutfix_full_tier1_20260729_01
kpl2x_spetg_s0000847874_e0000858046,kpl2x_spetg,847.874,858.046,10.172,1.0,1.0,5.4,/kaggle/working/cut_cutfix_full_tier1_20260729_01/tier1/200_250/media/kpl2x_spetg_s0000847874_e0000858046.mp4,tier1,cuda,nvenc,cutfix_full_tier1_20260729_01
kpl2x_spetg_s0000858498_e0000869758,kpl2x_spetg,858.498,869.758,11.26,1.0,1.0,5.43,/kaggle/working/cut_cutfix_full_tier1_20260729_01/tier1/200_250/media/kpl2x_spetg_s0000858498_e0000869758.mp4,tier1,cuda,nvenc,cutfix_full_tier1_20260729_01
kpl2x_spetg_s0000869858_e0000875742,kpl2x_spetg,869.858,875.742,5.884,1.0,1.0,4.46,/kaggle/working/cut_cutfix_full_tier1_20260729_01/tier1/200_250/media/kpl2x_spetg_s0000869858_e0000875742.mp4,tier1,cuda,nvenc,cutfix_full_tier1_20260729_01
kpl2x_spetg_s0000876226_e0000881226,kpl2x_spetg,876.226,881.226,5.0,0.8,1.0,5.52,/kaggle/working/cut_cutfix_full_tier1_20260729_01/tier1/200_250/media/kpl2x_spetg_s0000876226_e0000881226.mp4,tier1,cuda,nvenc,cutfix_full_tier1_20260729_01
kpl2x_spetg_s0000880226_e0000885226,kpl2x_spetg,880.226,885.226,5.0,1.0,1.0,4.58,/kaggle/working/cut_cutfix_full_tier1_20260729_01/tier1/200_250/media/kpl2x_spetg_s0000880226_e0000885226.mp4,tier1,cuda,nvenc,cutfix_full_tier1_20260729_01
kpl2x_spetg_s0000884226_e0000889226,kpl2x_spetg,884.226,889.226,5.0,1.0,1.0,3.9,/kaggle/working/cut_cutfix_full_tier1_20260729_01/tier1/200_250/media/kpl2x_spetg_s0000884226_e0000889226.mp4,tier1,cuda,nvenc,cutfix_full_tier1_20260729_01
kpl2x_spetg_s0000888226_e0000893226,kpl2x_spetg,888.226,893.226,5.0,1.0,1.0,5.81,/kaggle/working/cut_cutfix_full_tier1_20260729_01/tier1/200_250/media/kpl2x_spetg_s0000888226_e0000893226.mp4,tier1,cuda,nvenc,cutfix_full_tier1_20260729_01
kpl2x_spetg_s0000892226_e0000897226,kpl2x_spetg,892.226,897.226,5.0,1.0,1.0,5.04,/kaggle/working/cut_cutfix_full_tier1_20260729_01/tier1/200_250/media/kpl2x_spetg_s0000892226_e0000897226.mp4,tier1,cuda,nvenc,cutfix_full_tier1_20260729_01
kpl2x_spetg_s0000896226_e0000901226,kpl2x_spetg,896.226,901.226,5.0,1.0,1.0,4.74,/kaggle/working/cut_cutfix_full_tier1_20260729_01/tier1/200_250/media/kpl2x_spetg_s0000896226_e0000901226.mp4,tier1,cuda,nvenc,cutfix_full_tier1_20260729_01
kpl2x_spetg_s0000900226_e0000904734,kpl2x_spetg,900.226,904.734,4.508,1.0,1.0,5.39,/kaggle/working/cut_cutfix_full_tier1_20260729_01/tier1/200_250/media/kpl2x_spetg_s0000900226_e0000904734.mp4,tier1,cuda,nvenc,cutfix_full_tier1_20260729_01
kpl2x_spetg_s0000904834_e0000909534,kpl2x_spetg,904.834,909.534,4.7,1.0,1.0,4.07,/kaggle/working/cut_cutfix_full_tier1_20260729_01/tier1/200_250/media/kpl2x_spetg_s0000904834_e0000909534.mp4,tier1,cuda,nvenc,cutfix_full_tier1_20260729_01
kpl2x_spetg_s0000909698_e0000916126,kpl2x_spetg,909.698,916.126,6.428,1.0,1.0,5.1,/kaggle/working/cut_cutfix_full_tier1_20260729_01/tier1/200_250/media/kpl2x_spetg_s0000909698_e0000916126.mp4,tier1,cuda,nvenc,cutfix_full_tier1_20260729_01
kpl2x_spetg_s0000916386_e0000925726,kpl2x_spetg,916.386,925.726,9.34,1.0,1.0,4.38,/kaggle/working/cut_cutfix_full_tier1_20260729_01/tier1/200_250/media/kpl2x_spetg_s0000916386_e0000925726.mp4,tier1,cuda,nvenc,cutfix_full_tier1_20260729_01
kpl2x_spetg_s0000927362_e0000932350,kpl2x_spetg,927.362,932.35,4.988,1.0,1.0,4.3,/kaggle/working/cut_cutfix_full_tier1_20260729_01/tier1/200_250/media/kpl2x_spetg_s0000927362_e0000932350.mp4,tier1,cuda,nvenc,cutfix_full_tier1_20260729_01
kytFtB_wf1U_s0000016322_e0000021278,kytFtB_wf1U,16.322,21.278,4.956,1.0,1.0,1.87,/kaggle/working/cut_cutfix_full_tier1_20260729_01/tier1/200_250/media/kytFtB_wf1U_s0000016322_e0000021278.mp4,tier1,cuda,nvenc,cutfix_full_tier1_20260729_01
kytFtB_wf1U_s0000021506_e0000026782,kytFtB_wf1U,21.506,26.782,5.276,1.0,1.0,1.69,/kaggle/working/cut_cutfix_full_tier1_20260729_01/tier1/200_250/media/kytFtB_wf1U_s0000021506_e0000026782.mp4,tier1,cuda,nvenc,cutfix_full_tier1_20260729_01
kytFtB_wf1U_s0000033730_e0000037758,kytFtB_wf1U,33.73,37.758,4.028,1.0,1.0,10.95,/kaggle/working/cut_cutfix_full_tier1_20260729_01/tier1/200_250/media/kytFtB_wf1U_s0000033730_e0000037758.mp4,tier1,cuda,nvenc,cutfix_full_tier1_20260729_01
kytFtB_wf1U_s0000044866_e0000048670,kytFtB_wf1U,44.866,48.67,3.804,1.0,1.0,12.01,/kaggle/working/cut_cutfix_full_tier1_20260729_01/tier1/200_250/media/kytFtB_wf1U_s0000044866_e0000048670.mp4,tier1,cuda,nvenc,cutfix_full_tier1_20260729_01
kytFtB_wf1U_s0000058338_e0000062494,kytFtB_wf1U,58.338,62.494,4.156,1.0,1.0,8.84,/kaggle/working/cut_cutfix_full_tier1_20260729_01/tier1/200_250/media/kytFtB_wf1U_s0000058338_e0000062494.mp4,tier1,cuda,nvenc,cutfix_full_tier1_20260729_01
kytFtB_wf1U_s0000068290_e0000073290,kytFtB_wf1U,68.29,73.29,5.0,1.0,1.0,8.48,/kaggle/working/cut_cutfix_full_tier1_20260729_01/tier1/200_250/media/kytFtB_wf1U_s0000068290_e0000073290.mp4,tier1,cuda,nvenc,cutfix_full_tier1_20260729_01
kytFtB_wf1U_s0000072290_e0000077290,kytFtB_wf1U,72.29,77.29,5.0,1.0,1.0,7.79,/kaggle/working/cut_cutfix_full_tier1_20260729_01/tier1/200_250/media/kytFtB_wf1U_s0000072290_e0000077290.mp4,tier1,cuda,nvenc,cutfix_full_tier1_20260729_01
kytFtB_wf1U_s0000076290_e0000081290,kytFtB_wf1U,76.29,81.29,5.0,1.0,1.0,9.03,/kaggle/working/cut_cutfix_full_tier1_20260729_01/tier1/200_250/media/kytFtB_wf1U_s0000076290_e0000081290.mp4,tier1,cuda,nvenc,cutfix_full_tier1_20260729_01
kytFtB_wf1U_s0000082562_e0000087562,kytFtB_wf1U,82.562,87.562,5.0,1.0,1.0,7.88,/kaggle/working/cut_cutfix_full_tier1_20260729_01/tier1/200_250/media/kytFtB_wf1U_s0000082562_e0000087562.mp4,tier1,cuda,nvenc,cutfix_full_tier1_20260729_01
kytFtB_wf1U_s0000115234_e0000117598,kytFtB_wf1U,115.234,117.598,2.364,1.0,1.0,8.32,/kaggle/working/cut_cutfix_full_tier1_20260729_01/tier1/200_250/media/kytFtB_wf1U_s0000115234_e0000117598.mp4,tier1,cuda,nvenc,cutfix_full_tier1_20260729_01
kytFtB_wf1U_s0000117794_e0000122878,kytFtB_wf1U,117.794,122.878,5.084,1.0,1.0,7.78,/kaggle/working/cut_cutfix_full_tier1_20260729_01/tier1/200_250/media/kytFtB_wf1U_s0000117794_e0000122878.mp4,tier1,cuda,nvenc,cutfix_full_tier1_20260729_01
kytFtB_wf1U_s0000132258_e0000137258,kytFtB_wf1U,132.258,137.258,5.0,1.0,1.0,7.18,/kaggle/working/cut_cutfix_full_tier1_20260729_01/tier1/200_250/media/kytFtB_wf1U_s0000132258_e0000137258.mp4,tier1,cuda,nvenc,cutfix_full_tier1_20260729_01
kytFtB_wf1U_s0000141218_e0000143454,kytFtB_wf1U,141.218,143.454,2.236,1.0,1.0,8.18,/kaggle/working/cut_cutfix_full_tier1_20260729_01/tier1/200_250/media/kytFtB_wf1U_s0000141218_e0000143454.mp4,tier1,cuda,nvenc,cutfix_full_tier1_20260729_01
kytFtB_wf1U_s0000143586_e0000146302,kytFtB_wf1U,143.586,146.302,2.716,1.0,1.0,6.78,/kaggle/working/cut_cutfix_full_tier1_20260729_01/tier1/200_250/media/kytFtB_wf1U_s0000143586_e0000146302.mp4,tier1,cuda,nvenc,cutfix_full_tier1_20260729_01
kytFtB_wf1U_s0000146466_e0000150846,kytFtB_wf1U,146.466,150.846,4.38,1.0,1.0,7.07,/kaggle/working/cut_cutfix_full_tier1_20260729_01/tier1/200_250/media/kytFtB_wf1U_s0000146466_e0000150846.mp4,tier1,cuda,nvenc,cutfix_full_tier1_20260729_01
kytFtB_wf1U_s0000151074_e0000153502,kytFtB_wf1U,151.074,153.502,2.428,1.0,1.0,7.13,/kaggle/working/cut_cutfix_full_tier1_20260729_01/tier1/200_250/media/kytFtB_wf1U_s0000151074_e0000153502.mp4,tier1,cuda,nvenc,cutfix_full_tier1_20260729_01
kytFtB_wf1U_s0000182626_e0000189598,kytFtB_wf1U,182.626,189.598,6.972,1.0,1.0,9.11,/kaggle/working/cut_cutfix_full_tier1_20260729_01/tier1/200_250/media/kytFtB_wf1U_s0000182626_e0000189598.mp4,tier1,cuda,nvenc,cutfix_full_tier1_20260729_01
kytFtB_wf1U_s0000205826_e0000210142,kytFtB_wf1U,205.826,210.142,4.316,1.0,1.0,8.02,/kaggle/working/cut_cutfix_full_tier1_20260729_01/tier1/200_250/media/kytFtB_wf1U_s0000205826_e0000210142.mp4,tier1,cuda,nvenc,cutfix_full_tier1_20260729_01
kytFtB_wf1U_s0000210338_e0000213726,kytFtB_wf1U,210.338,213.726,3.388,1.0,1.0,7.05,/kaggle/working/cut_cutfix_full_tier1_20260729_01/tier1/200_250/media/kytFtB_wf1U_s0000210338_e0000213726.mp4,tier1,cuda,nvenc,cutfix_full_tier1_20260729_01
kytFtB_wf1U_s0000230178_e0000232446,kytFtB_wf1U,230.178,232.446,2.268,1.0,1.0,8.35,/kaggle/working/cut_cutfix_full_tier1_20260729_01/tier1/200_250/media/kytFtB_wf1U_s0000230178_e0000232446.mp4,tier1,cuda,nvenc,cutfix_full_tier1_20260729_01
kytFtB_wf1U_s0000232610_e0000235422,kytFtB_wf1U,232.61,235.422,2.812,1.0,1.0,7.03,/kaggle/working/cut_cutfix_full_tier1_20260729_01/tier1/200_250/media/kytFtB_wf1U_s0000232610_e0000235422.mp4,tier1,cuda,nvenc,cutfix_full_tier1_20260729_01
kytFtB_wf1U_s0000235586_e0000238622,kytFtB_wf1U,235.586,238.622,3.036,1.0,1.0,7.0,/kaggle/working/cut_cutfix_full_tier1_20260729_01/tier1/200_250/media/kytFtB_wf1U_s0000235586_e0000238622.mp4,tier1,cuda,nvenc,cutfix_full_tier1_20260729_01
kytFtB_wf1U_s0000244194_e0000248126,kytFtB_wf1U,244.194,248.126,3.932,1.0,1.0,6.88,/kaggle/working/cut_cutfix_full_tier1_20260729_01/tier1/200_250/media/kytFtB_wf1U_s0000244194_e0000248126.mp4,tier1,cuda,nvenc,cutfix_full_tier1_20260729_01
kytFtB_wf1U_s0000255266_e0000260702,kytFtB_wf1U,255.266,260.702,5.436,1.0,1.0,7.5,/kaggle/working/cut_cutfix_full_tier1_20260729_01/tier1/200_250/media/kytFtB_wf1U_s0000255266_e0000260702.mp4,tier1,cuda,nvenc,cutfix_full_tier1_20260729_01
kytFtB_wf1U_s0000267298_e0000269342,kytFtB_wf1U,267.298,269.342,2.044,1.0,1.0,8.71,/kaggle/working/cut_cutfix_full_tier1_20260729_01/tier1/200_250/media/kytFtB_wf1U_s0000267298_e0000269342.mp4,tier1,cuda,nvenc,cutfix_full_tier1_20260729_01
kytFtB_wf1U_s0000269474_e0000273790,kytFtB_wf1U,269.474,273.79,4.316,1.0,1.0,7.95,/kaggle/working/cut_cutfix_full_tier1_20260729_01/tier1/200_250/media/kytFtB_wf1U_s0000269474_e0000273790.mp4,tier1,cuda,nvenc,cutfix_full_tier1_20260729_01
kytFtB_wf1U_s0000280674_e0000284190,kytFtB_wf1U,280.674,284.19,3.516,1.0,1.0,7.84,/kaggle/working/cut_cutfix_full_tier1_20260729_01/tier1/200_250/media/kytFtB_wf1U_s0000280674_e0000284190.mp4,tier1,cuda,nvenc,cutfix_full_tier1_20260729_01
kytFtB_wf1U_s0000293698_e0000297118,kytFtB_wf1U,293.698,297.118,3.42,1.0,1.0,9.52,/kaggle/working/cut_cutfix_full_tier1_20260729_01/tier1/200_250/media/kytFtB_wf1U_s0000293698_e0000297118.mp4,tier1,cuda,nvenc,cutfix_full_tier1_20260729_01
kytFtB_wf1U_s0000309570_e0000311774,kytFtB_wf1U,309.57,311.774,2.204,1.0,1.0,7.22,/kaggle/working/cut_cutfix_full_tier1_20260729_01/tier1/200_250/media/kytFtB_wf1U_s0000309570_e0000311774.mp4,tier1,cuda,nvenc,cutfix_full_tier1_20260729_01
kytFtB_wf1U_s0000370498_e0000375550,kytFtB_wf1U,370.498,375.55,5.052,1.0,1.0,7.71,/kaggle/working/cut_cutfix_full_tier1_20260729_01/tier1/200_250/media/kytFtB_wf1U_s0000370498_e0000375550.mp4,tier1,cuda,nvenc,cutfix_full_tier1_20260729_01
kytFtB_wf1U_s0000375906_e0000378526,kytFtB_wf1U,375.906,378.526,2.62,1.0,1.0,8.99,/kaggle/working/cut_cutfix_full_tier1_20260729_01/tier1/200_250/media/kytFtB_wf1U_s0000375906_e0000378526.mp4,tier1,cuda,nvenc,cutfix_full_tier1_20260729_01
kytFtB_wf1U_s0000382594_e0000385278,kytFtB_wf1U,382.594,385.278,2.684,1.0,1.0,7.37,/kaggle/working/cut_cutfix_full_tier1_20260729_01/tier1/200_250/media/kytFtB_wf1U_s0000382594_e0000385278.mp4,tier1,cuda,nvenc,cutfix_full_tier1_20260729_01
kytFtB_wf1U_s0000385378_e0000387966,kytFtB_wf1U,385.378,387.966,2.588,1.0,1.0,8.75,/kaggle/working/cut_cutfix_full_tier1_20260729_01/tier1/200_250/media/kytFtB_wf1U_s0000385378_e0000387966.mp4,tier1,cuda,nvenc,cutfix_full_tier1_20260729_01
kytFtB_wf1U_s0000403138_e0000407742,kytFtB_wf1U,403.138,407.742,4.604,1.0,1.0,8.72,/kaggle/working/cut_cutfix_full_tier1_20260729_01/tier1/200_250/media/kytFtB_wf1U_s0000403138_e0000407742.mp4,tier1,cuda,nvenc,cutfix_full_tier1_20260729_01
kytFtB_wf1U_s0000408130_e0000417630,kytFtB_wf1U,408.13,417.63,9.5,0.889,1.0,8.98,/kaggle/working/cut_cutfix_full_tier1_20260729_01/tier1/200_250/media/kytFtB_wf1U_s0000408130_e0000417630.mp4,tier1,cuda,nvenc,cutfix_full_tier1_20260729_01
kytFtB_wf1U_s0000417730_e0000421790,kytFtB_wf1U,417.73,421.79,4.06,1.0,1.0,9.07,/kaggle/working/cut_cutfix_full_tier1_20260729_01/tier1/200_250/media/kytFtB_wf1U_s0000417730_e0000421790.mp4,tier1,cuda,nvenc,cutfix_full_tier1_20260729_01
kytFtB_wf1U_s0000422178_e0000429150,kytFtB_wf1U,422.178,429.15,6.972,0.857,1.0,9.03,/kaggle/working/cut_cutfix_full_tier1_20260729_01/tier1/200_250/media/kytFtB_wf1U_s0000422178_e0000429150.mp4,tier1,cuda,nvenc,cutfix_full_tier1_20260729_01
kytFtB_wf1U_s0000440962_e0000444542,kytFtB_wf1U,440.962,444.542,3.58,1.0,1.0,9.53,/kaggle/working/cut_cutfix_full_tier1_20260729_01/tier1/200_250/media/kytFtB_wf1U_s0000440962_e0000444542.mp4,tier1,cuda,nvenc,cutfix_full_tier1_20260729_01
kytFtB_wf1U_s0000447042_e0000453598,kytFtB_wf1U,447.042,453.598,6.556,0.833,1.0,8.57,/kaggle/working/cut_cutfix_full_tier1_20260729_01/tier1/200_250/media/kytFtB_wf1U_s0000447042_e0000453598.mp4,tier1,cuda,nvenc,cutfix_full_tier1_20260729_01
kytFtB_wf1U_s0000454786_e0000463262,kytFtB_wf1U,454.786,463.262,8.476,0.778,1.0,9.31,/kaggle/working/cut_cutfix_full_tier1_20260729_01/tier1/200_250/media/kytFtB_wf1U_s0000454786_e0000463262.mp4,tier1,cuda,nvenc,cutfix_full_tier1_20260729_01
kytFtB_wf1U_s0000463458_e0000466302,kytFtB_wf1U,463.458,466.302,2.844,1.0,1.0,8.94,/kaggle/working/cut_cutfix_full_tier1_20260729_01/tier1/200_250/media/kytFtB_wf1U_s0000463458_e0000466302.mp4,tier1,cuda,nvenc,cutfix_full_tier1_20260729_01
kytFtB_wf1U_s0000466594_e0000468734,kytFtB_wf1U,466.594,468.734,2.14,1.0,1.0,8.65,/kaggle/working/cut_cutfix_full_tier1_20260729_01/tier1/200_250/media/kytFtB_wf1U_s0000466594_e0000468734.mp4,tier1,cuda,nvenc,cutfix_full_tier1_20260729_01
kytFtB_wf1U_s0000477730_e0000482730,kytFtB_wf1U,477.73,482.73,5.0,1.0,1.0,8.6,/kaggle/working/cut_cutfix_full_tier1_20260729_01/tier1/200_250/media/kytFtB_wf1U_s0000477730_e0000482730.mp4,tier1,cuda,nvenc,cutfix_full_tier1_20260729_01
kytFtB_wf1U_s0000485730_e0000490730,kytFtB_wf1U,485.73,490.73,5.0,1.0,1.0,8.38,/kaggle/working/cut_cutfix_full_tier1_20260729_01/tier1/200_250/media/kytFtB_wf1U_s0000485730_e0000490730.mp4,tier1,cuda,nvenc,cutfix_full_tier1_20260729_01
kytFtB_wf1U_s0000489730_e0000493534,kytFtB_wf1U,489.73,493.534,3.804,1.0,1.0,7.94,/kaggle/working/cut_cutfix_full_tier1_20260729_01/tier1/200_250/media/kytFtB_wf1U_s0000489730_e0000493534.mp4,tier1,cuda,nvenc,cutfix_full_tier1_20260729_01
kytFtB_wf1U_s0000493986_e0000497790,kytFtB_wf1U,493.986,497.79,3.804,0.75,1.0,9.63,/kaggle/working/cut_cutfix_full_tier1_20260729_01/tier1/200_250/media/kytFtB_wf1U_s0000493986_e0000497790.mp4,tier1,cuda,nvenc,cutfix_full_tier1_20260729_01
kytFtB_wf1U_s0000497890_e0000505342,kytFtB_wf1U,497.89,505.342,7.452,1.0,1.0,8.3,/kaggle/working/cut_cutfix_full_tier1_20260729_01/tier1/200_250/media/kytFtB_wf1U_s0000497890_e0000505342.mp4,tier1,cuda,nvenc,cutfix_full_tier1_20260729_01
kytFtB_wf1U_s0000512194_e0000514814,kytFtB_wf1U,512.194,514.814,2.62,1.0,1.0,8.36,/kaggle/working/cut_cutfix_full_tier1_20260729_01/tier1/200_250/media/kytFtB_wf1U_s0000512194_e0000514814.mp4,tier1,cuda,nvenc,cutfix_full_tier1_20260729_01
kytFtB_wf1U_s0000521698_e0000525502,kytFtB_wf1U,521.698,525.502,3.804,1.0,1.0,10.69,/kaggle/working/cut_cutfix_full_tier1_20260729_01/tier1/200_250/media/kytFtB_wf1U_s0000521698_e0000525502.mp4,tier1,cuda,nvenc,cutfix_full_tier1_20260729_01
kytFtB_wf1U_s0000526146_e0000530782,kytFtB_wf1U,526.146,530.782,4.636,0.75,1.0,8.94,/kaggle/working/cut_cutfix_full_tier1_20260729_01/tier1/200_250/media/kytFtB_wf1U_s0000526146_e0000530782.mp4,tier1,cuda,nvenc,cutfix_full_tier1_20260729_01
kytFtB_wf1U_s0000531010_e0000533758,kytFtB_wf1U,531.01,533.758,2.748,1.0,1.0,8.86,/kaggle/working/cut_cutfix_full_tier1_20260729_01/tier1/200_250/media/kytFtB_wf1U_s0000531010_e0000533758.mp4,tier1,cuda,nvenc,cutfix_full_tier1_20260729_01
kytFtB_wf1U_s0000534082_e0000541918,kytFtB_wf1U,534.082,541.918,7.836,0.857,1.0,9.29,/kaggle/working/cut_cutfix_full_tier1_20260729_01/tier1/200_250/media/kytFtB_wf1U_s0000534082_e0000541918.mp4,tier1,cuda,nvenc,cutfix_full_tier1_20260729_01
kytFtB_wf1U_s0000542018_e0000545438,kytFtB_wf1U,542.018,545.438,3.42,1.0,1.0,9.29,/kaggle/working/cut_cutfix_full_tier1_20260729_01/tier1/200_250/media/kytFtB_wf1U_s0000542018_e0000545438.mp4,tier1,cuda,nvenc,cutfix_full_tier1_20260729_01
kytFtB_wf1U_s0000545762_e0000548734,kytFtB_wf1U,545.762,548.734,2.972,1.0,1.0,8.37,/kaggle/working/cut_cutfix_full_tier1_20260729_01/tier1/200_250/media/kytFtB_wf1U_s0000545762_e0000548734.mp4,tier1,cuda,nvenc,cutfix_full_tier1_20260729_01
kytFtB_wf1U_s0000549154_e0000557854,kytFtB_wf1U,549.154,557.854,8.7,0.75,1.0,8.62,/kaggle/working/cut_cutfix_full_tier1_20260729_01/tier1/200_250/media/kytFtB_wf1U_s0000549154_e0000557854.mp4,tier1,cuda,nvenc,cutfix_full_tier1_20260729_01
kytFtB_wf1U_s0000558338_e0000568414,kytFtB_wf1U,558.338,568.414,10.076,0.9,1.0,8.53,/kaggle/working/cut_cutfix_full_tier1_20260729_01/tier1/200_250/media/kytFtB_wf1U_s0000558338_e0000568414.mp4,tier1,cuda,nvenc,cutfix_full_tier1_20260729_01
kytFtB_wf1U_s0000568770_e0000574078,kytFtB_wf1U,568.77,574.078,5.308,1.0,1.0,8.95,/kaggle/working/cut_cutfix_full_tier1_20260729_01/tier1/200_250/media/kytFtB_wf1U_s0000568770_e0000574078.mp4,tier1,cuda,nvenc,cutfix_full_tier1_20260729_01
kytFtB_wf1U_s0000591522_e0000595486,kytFtB_wf1U,591.522,595.486,3.964,1.0,1.0,7.52,/kaggle/working/cut_cutfix_full_tier1_20260729_01/tier1/200_250/media/kytFtB_wf1U_s0000591522_e0000595486.mp4,tier1,cuda,nvenc,cutfix_full_tier1_20260729_01
kytFtB_wf1U_s0000604482_e0000606654,kytFtB_wf1U,604.482,606.654,2.172,1.0,1.0,9.41,/kaggle/working/cut_cutfix_full_tier1_20260729_01/tier1/200_250/media/kytFtB_wf1U_s0000604482_e0000606654.mp4,tier1,cuda,nvenc,cutfix_full_tier1_20260729_01
kytFtB_wf1U_s0000607106_e0000616798,kytFtB_wf1U,607.106,616.798,9.692,0.889,1.0,8.21,/kaggle/working/cut_cutfix_full_tier1_20260729_01/tier1/200_250/media/kytFtB_wf1U_s0000607106_e0000616798.mp4,tier1,cuda,nvenc,cutfix_full_tier1_20260729_01
kytFtB_wf1U_s0000616994_e0000619358,kytFtB_wf1U,616.994,619.358,2.364,1.0,1.0,8.72,/kaggle/working/cut_cutfix_full_tier1_20260729_01/tier1/200_250/media/kytFtB_wf1U_s0000616994_e0000619358.mp4,tier1,cuda,nvenc,cutfix_full_tier1_20260729_01
kytFtB_wf1U_s0000637698_e0000641790,kytFtB_wf1U,637.698,641.79,4.092,1.0,1.0,8.89,/kaggle/working/cut_cutfix_full_tier1_20260729_01/tier1/200_250/media/kytFtB_wf1U_s0000637698_e0000641790.mp4,tier1,cuda,nvenc,cutfix_full_tier1_20260729_01
kytFtB_wf1U_s0000649890_e0000653726,kytFtB_wf1U,649.89,653.726,3.836,1.0,1.0,9.34,/kaggle/working/cut_cutfix_full_tier1_20260729_01/tier1/200_250/media/kytFtB_wf1U_s0000649890_e0000653726.mp4,tier1,cuda,nvenc,cutfix_full_tier1_20260729_01
kytFtB_wf1U_s0000657378_e0000659774,kytFtB_wf1U,657.378,659.774,2.396,1.0,1.0,9.74,/kaggle/working/cut_cutfix_full_tier1_20260729_01/tier1/200_250/media/kytFtB_wf1U_s0000657378_e0000659774.mp4,tier1,cuda,nvenc,cutfix_full_tier1_20260729_01
kytFtB_wf1U_s0000659938_e0000665310,kytFtB_wf1U,659.938,665.31,5.372,1.0,1.0,8.54,/kaggle/working/cut_cutfix_full_tier1_20260729_01/tier1/200_250/media/kytFtB_wf1U_s0000659938_e0000665310.mp4,tier1,cuda,nvenc,cutfix_full_tier1_20260729_01
kytFtB_wf1U_s0000668866_e0000677630,kytFtB_wf1U,668.866,677.63,8.764,1.0,1.0,7.86,/kaggle/working/cut_cutfix_full_tier1_20260729_01/tier1/200_250/media/kytFtB_wf1U_s0000668866_e0000677630.mp4,tier1,cuda,nvenc,cutfix_full_tier1_20260729_01
kytFtB_wf1U_s0000684226_e0000688446,kytFtB_wf1U,684.226,688.446,4.22,1.0,1.0,9.08,/kaggle/working/cut_cutfix_full_tier1_20260729_01/tier1/200_250/media/kytFtB_wf1U_s0000684226_e0000688446.mp4,tier1,cuda,nvenc,cutfix_full_tier1_20260729_01
kytFtB_wf1U_s0000688802_e0000693726,kytFtB_wf1U,688.802,693.726,4.924,0.8,1.0,7.94,/kaggle/working/cut_cutfix_full_tier1_20260729_01/tier1/200_250/media/kytFtB_wf1U_s0000688802_e0000693726.mp4,tier1,cuda,nvenc,cutfix_full_tier1_20260729_01
kytFtB_wf1U_s0000693858_e0000701118,kytFtB_wf1U,693.858,701.118,7.26,0.875,1.0,8.73,/kaggle/working/cut_cutfix_full_tier1_20260729_01/tier1/200_250/media/kytFtB_wf1U_s0000693858_e0000701118.mp4,tier1,cuda,nvenc,cutfix_full_tier1_20260729_01
kytFtB_wf1U_s0000711522_e0000719294,kytFtB_wf1U,711.522,719.294,7.772,1.0,1.0,8.91,/kaggle/working/cut_cutfix_full_tier1_20260729_01/tier1/200_250/media/kytFtB_wf1U_s0000711522_e0000719294.mp4,tier1,cuda,nvenc,cutfix_full_tier1_20260729_01
l9jY99iqS48_s0000004034_e0000009034,l9jY99iqS48,4.034,9.034,5.0,1.0,1.0,14.1,/kaggle/working/cut_cutfix_full_tier1_20260729_01/tier1/200_250/media/l9jY99iqS48_s0000004034_e0000009034.mp4,tier1,cuda,nvenc,cutfix_full_tier1_20260729_01
l9jY99iqS48_s0000008034_e0000013034,l9jY99iqS48,8.034,13.034,5.0,1.0,1.0,15.16,/kaggle/working/cut_cutfix_full_tier1_20260729_01/tier1/200_250/media/l9jY99iqS48_s0000008034_e0000013034.mp4,tier1,cuda,nvenc,cutfix_full_tier1_20260729_01
l9jY99iqS48_s0000012034_e0000017034,l9jY99iqS48,12.034,17.034,5.0,1.0,1.0,16.13,/kaggle/working/cut_cutfix_full_tier1_20260729_01/tier1/200_250/media/l9jY99iqS48_s0000012034_e0000017034.mp4,tier1,cuda,nvenc,cutfix_full_tier1_20260729_01
l9jY99iqS48_s0000016034_e0000021034,l9jY99iqS48,16.034,21.034,5.0,1.0,1.0,16.89,/kaggle/working/cut_cutfix_full_tier1_20260729_01/tier1/200_250/media/l9jY99iqS48_s0000016034_e0000021034.mp4,tier1,cuda,nvenc,cutfix_full_tier1_20260729_01
l9jY99iqS48_s0000020034_e0000025034,l9jY99iqS48,20.034,25.034,5.0,1.0,1.0,16.08,/kaggle/working/cut_cutfix_full_tier1_20260729_01/tier1/200_250/media/l9jY99iqS48_s0000020034_e0000025034.mp4,tier1,cuda,nvenc,cutfix_full_tier1_20260729_01
l9jY99iqS48_s0000024034_e0000029034,l9jY99iqS48,24.034,29.034,5.0,1.0,1.0,15.7,/kaggle/working/cut_cutfix_full_tier1_20260729_01/tier1/200_250/media/l9jY99iqS48_s0000024034_e0000029034.mp4,tier1,cuda,nvenc,cutfix_full_tier1_20260729_01
l9jY99iqS48_s0000028034_e0000031646,l9jY99iqS48,28.034,31.646,3.612,1.0,1.0,16.5,/kaggle/working/cut_cutfix_full_tier1_20260729_01/tier1/200_250/media/l9jY99iqS48_s0000028034_e0000031646.mp4,tier1,cuda,nvenc,cutfix_full_tier1_20260729_01
l9jY99iqS48_s0000053602_e0000058602,l9jY99iqS48,53.602,58.602,5.0,1.0,1.0,13.69,/kaggle/working/cut_cutfix_full_tier1_20260729_01/tier1/200_250/media/l9jY99iqS48_s0000053602_e0000058602.mp4,tier1,cuda,nvenc,cutfix_full_tier1_20260729_01
l9jY99iqS48_s0000057602_e0000061630,l9jY99iqS48,57.602,61.63,4.028,1.0,1.0,15.43,/kaggle/working/cut_cutfix_full_tier1_20260729_01/tier1/200_250/media/l9jY99iqS48_s0000057602_e0000061630.mp4,tier1,cuda,nvenc,cutfix_full_tier1_20260729_01
l9jY99iqS48_s0000073570_e0000082782,l9jY99iqS48,73.57,82.782,9.212,0.889,1.0,17.55,/kaggle/working/cut_cutfix_full_tier1_20260729_01/tier1/200_250/media/l9jY99iqS48_s0000073570_e0000082782.mp4,tier1,cuda,nvenc,cutfix_full_tier1_20260729_01
l9jY99iqS48_s0000082882_e0000085918,l9jY99iqS48,82.882,85.918,3.036,1.0,1.0,13.75,/kaggle/working/cut_cutfix_full_tier1_20260729_01/tier1/200_250/media/l9jY99iqS48_s0000082882_e0000085918.mp4,tier1,cuda,nvenc,cutfix_full_tier1_20260729_01
l9jY99iqS48_s0000086050_e0000088478,l9jY99iqS48,86.05,88.478,2.428,1.0,1.0,17.74,/kaggle/working/cut_cutfix_full_tier1_20260729_01/tier1/200_250/media/l9jY99iqS48_s0000086050_e0000088478.mp4,tier1,cuda,nvenc,cutfix_full_tier1_20260729_01
l9jY99iqS48_s0000090754_e0000096030,l9jY99iqS48,90.754,96.03,5.276,1.0,1.0,18.3,/kaggle/working/cut_cutfix_full_tier1_20260729_01/tier1/200_250/media/l9jY99iqS48_s0000090754_e0000096030.mp4,tier1,cuda,nvenc,cutfix_full_tier1_20260729_01
l9jY99iqS48_s0000096226_e0000103102,l9jY99iqS48,96.226,103.102,6.876,1.0,1.0,17.61,/kaggle/working/cut_cutfix_full_tier1_20260729_01/tier1/200_250/media/l9jY99iqS48_s0000096226_e0000103102.mp4,tier1,cuda,nvenc,cutfix_full_tier1_20260729_01
l9jY99iqS48_s0000103202_e0000115198,l9jY99iqS48,103.202,115.198,11.996,1.0,1.0,18.88,/kaggle/working/cut_cutfix_full_tier1_20260729_01/tier1/200_250/media/l9jY99iqS48_s0000103202_e0000115198.mp4,tier1,cuda,nvenc,cutfix_full_tier1_20260729_01
l9jY99iqS48_s0000122274_e0000124702,l9jY99iqS48,122.274,124.702,2.428,1.0,1.0,16.96,/kaggle/working/cut_cutfix_full_tier1_20260729_01/tier1/200_250/media/l9jY99iqS48_s0000122274_e0000124702.mp4,tier1,cuda,nvenc,cutfix_full_tier1_20260729_01
l9jY99iqS48_s0000127682_e0000129886,l9jY99iqS48,127.682,129.886,2.204,1.0,1.0,17.61,/kaggle/working/cut_cutfix_full_tier1_20260729_01/tier1/200_250/media/l9jY99iqS48_s0000127682_e0000129886.mp4,tier1,cuda,nvenc,cutfix_full_tier1_20260729_01
l9jY99iqS48_s0000130178_e0000132382,l9jY99iqS48,130.178,132.382,2.204,1.0,1.0,16.1,/kaggle/working/cut_cutfix_full_tier1_20260729_01/tier1/200_250/media/l9jY99iqS48_s0000130178_e0000132382.mp4,tier1,cuda,nvenc,cutfix_full_tier1_20260729_01
l9jY99iqS48_s0000133122_e0000139454,l9jY99iqS48,133.122,139.454,6.332,1.0,1.0,18.84,/kaggle/working/cut_cutfix_full_tier1_20260729_01/tier1/200_250/media/l9jY99iqS48_s0000133122_e0000139454.mp4,tier1,cuda,nvenc,cutfix_full_tier1_20260729_01
l9jY99iqS48_s0000139618_e0000143230,l9jY99iqS48,139.618,143.23,3.612,0.75,1.0,18.35,/kaggle/working/cut_cutfix_full_tier1_20260729_01/tier1/200_250/media/l9jY99iqS48_s0000139618_e0000143230.mp4,tier1,cuda,nvenc,cutfix_full_tier1_20260729_01
l9jY99iqS48_s0000144386_e0000149386,l9jY99iqS48,144.386,149.386,5.0,1.0,1.0,18.55,/kaggle/working/cut_cutfix_full_tier1_20260729_01/tier1/200_250/media/l9jY99iqS48_s0000144386_e0000149386.mp4,tier1,cuda,nvenc,cutfix_full_tier1_20260729_01
l9jY99iqS48_s0000148386_e0000153386,l9jY99iqS48,148.386,153.386,5.0,1.0,1.0,19.97,/kaggle/working/cut_cutfix_full_tier1_20260729_01/tier1/200_250/media/l9jY99iqS48_s0000148386_e0000153386.mp4,tier1,cuda,nvenc,cutfix_full_tier1_20260729_01
l9jY99iqS48_s0000152386_e0000157374,l9jY99iqS48,152.386,157.374,4.988,1.0,1.0,17.26,/kaggle/working/cut_cutfix_full_tier1_20260729_01/tier1/200_250/media/l9jY99iqS48_s0000152386_e0000157374.mp4,tier1,cuda,nvenc,cutfix_full_tier1_20260729_01
l9jY99iqS48_s0000157698_e0000163326,l9jY99iqS48,157.698,163.326,5.628,1.0,1.0,17.85,/kaggle/working/cut_cutfix_full_tier1_20260729_01/tier1/200_250/media/l9jY99iqS48_s0000157698_e0000163326.mp4,tier1,cuda,nvenc,cutfix_full_tier1_20260729_01
l9jY99iqS48_s0000172034_e0000180222,l9jY99iqS48,172.034,180.222,8.188,1.0,1.0,17.63,/kaggle/working/cut_cutfix_full_tier1_20260729_01/tier1/200_250/media/l9jY99iqS48_s0000172034_e0000180222.mp4,tier1,cuda,nvenc,cutfix_full_tier1_20260729_01
l9jY99iqS48_s0000180354_e0000185354,l9jY99iqS48,180.354,185.354,5.0,1.0,1.0,15.57,/kaggle/working/cut_cutfix_full_tier1_20260729_01/tier1/200_250/media/l9jY99iqS48_s0000180354_e0000185354.mp4,tier1,cuda,nvenc,cutfix_full_tier1_20260729_01
l9jY99iqS48_s0000184354_e0000189354,l9jY99iqS48,184.354,189.354,5.0,1.0,1.0,16.78,/kaggle/working/cut_cutfix_full_tier1_20260729_01/tier1/200_250/media/l9jY99iqS48_s0000184354_e0000189354.mp4,tier1,cuda,nvenc,cutfix_full_tier1_20260729_01
l9jY99iqS48_s0000188354_e0000193354,l9jY99iqS48,188.354,193.354,5.0,1.0,1.0,17.4,/kaggle/working/cut_cutfix_full_tier1_20260729_01/tier1/200_250/media/l9jY99iqS48_s0000188354_e0000193354.mp4,tier1,cuda,nvenc,cutfix_full_tier1_20260729_01
l9jY99iqS48_s0000192354_e0000197354,l9jY99iqS48,192.354,197.354,5.0,1.0,1.0,15.99,/kaggle/working/cut_cutfix_full_tier1_20260729_01/tier1/200_250/media/l9jY99iqS48_s0000192354_e0000197354.mp4,tier1,cuda,nvenc,cutfix_full_tier1_20260729_01
l9jY99iqS48_s0000197538_e0000201342,l9jY99iqS48,197.538,201.342,3.804,1.0,1.0,15.44,/kaggle/working/cut_cutfix_full_tier1_20260729_01/tier1/200_250/media/l9jY99iqS48_s0000197538_e0000201342.mp4,tier1,cuda,nvenc,cutfix_full_tier1_20260729_01
l9jY99iqS48_s0000201442_e0000204862,l9jY99iqS48,201.442,204.862,3.42,1.0,1.0,15.23,/kaggle/working/cut_cutfix_full_tier1_20260729_01/tier1/200_250/media/l9jY99iqS48_s0000201442_e0000204862.mp4,tier1,cuda,nvenc,cutfix_full_tier1_20260729_01
l9jY99iqS48_s0000205026_e0000216926,l9jY99iqS48,205.026,216.926,11.9,1.0,1.0,16.14,/kaggle/working/cut_cutfix_full_tier1_20260729_01/tier1/200_250/media/l9jY99iqS48_s0000205026_e0000216926.mp4,tier1,cuda,nvenc,cutfix_full_tier1_20260729_01
l9jY99iqS48_s0000217026_e0000223646,l9jY99iqS48,217.026,223.646,6.62,1.0,1.0,15.53,/kaggle/working/cut_cutfix_full_tier1_20260729_01/tier1/200_250/media/l9jY99iqS48_s0000217026_e0000223646.mp4,tier1,cuda,nvenc,cutfix_full_tier1_20260729_01
l9jY99iqS48_s0000224354_e0000228446,l9jY99iqS48,224.354,228.446,4.092,1.0,1.0,17.7,/kaggle/working/cut_cutfix_full_tier1_20260729_01/tier1/200_250/media/l9jY99iqS48_s0000224354_e0000228446.mp4,tier1,cuda,nvenc,cutfix_full_tier1_20260729_01
l9jY99iqS48_s0000230242_e0000233214,l9jY99iqS48,230.242,233.214,2.972,1.0,1.0,17.05,/kaggle/working/cut_cutfix_full_tier1_20260729_01/tier1/200_250/media/l9jY99iqS48_s0000230242_e0000233214.mp4,tier1,cuda,nvenc,cutfix_full_tier1_20260729_01
l9jY99iqS48_s0000233314_e0000238314,l9jY99iqS48,233.314,238.314,5.0,1.0,1.0,18.26,/kaggle/working/cut_cutfix_full_tier1_20260729_01/tier1/200_250/media/l9jY99iqS48_s0000233314_e0000238314.mp4,tier1,cuda,nvenc,cutfix_full_tier1_20260729_01
l9jY99iqS48_s0000237314_e0000242314,l9jY99iqS48,237.314,242.314,5.0,1.0,1.0,16.46,/kaggle/working/cut_cutfix_full_tier1_20260729_01/tier1/200_250/media/l9jY99iqS48_s0000237314_e0000242314.mp4,tier1,cuda,nvenc,cutfix_full_tier1_20260729_01
l9jY99iqS48_s0000241314_e0000246314,l9jY99iqS48,241.314,246.314,5.0,1.0,1.0,15.27,/kaggle/working/cut_cutfix_full_tier1_20260729_01/tier1/200_250/media/l9jY99iqS48_s0000241314_e0000246314.mp4,tier1,cuda,nvenc,cutfix_full_tier1_20260729_01
l9jY99iqS48_s0000245314_e0000250314,l9jY99iqS48,245.314,250.314,5.0,1.0,1.0,15.05,/kaggle/working/cut_cutfix_full_tier1_20260729_01/tier1/200_250/media/l9jY99iqS48_s0000245314_e0000250314.mp4,tier1,cuda,nvenc,cutfix_full_tier1_20260729_01
l9jY99iqS48_s0000249314_e0000254314,l9jY99iqS48,249.314,254.314,5.0,1.0,1.0,17.53,/kaggle/working/cut_cutfix_full_tier1_20260729_01/tier1/200_250/media/l9jY99iqS48_s0000249314_e0000254314.mp4,tier1,cuda,nvenc,cutfix_full_tier1_20260729_01
l9jY99iqS48_s0000253314_e0000258314,l9jY99iqS48,253.314,258.314,5.0,1.0,1.0,17.44,/kaggle/working/cut_cutfix_full_tier1_20260729_01/tier1/200_250/media/l9jY99iqS48_s0000253314_e0000258314.mp4,tier1,cuda,nvenc,cutfix_full_tier1_20260729_01
l9jY99iqS48_s0000257314_e0000262270,l9jY99iqS48,257.314,262.27,4.956,1.0,1.0,16.23,/kaggle/working/cut_cutfix_full_tier1_20260729_01/tier1/200_250/media/l9jY99iqS48_s0000257314_e0000262270.mp4,tier1,cuda,nvenc,cutfix_full_tier1_20260729_01
l9jY99iqS48_s0000262658_e0000273342,l9jY99iqS48,262.658,273.342,10.684,1.0,1.0,15.75,/kaggle/working/cut_cutfix_full_tier1_20260729_01/tier1/200_250/media/l9jY99iqS48_s0000262658_e0000273342.mp4,tier1,cuda,nvenc,cutfix_full_tier1_20260729_01
l9jY99iqS48_s0000273474_e0000279934,l9jY99iqS48,273.474,279.934,6.46,1.0,1.0,14.05,/kaggle/working/cut_cutfix_full_tier1_20260729_01/tier1/200_250/media/l9jY99iqS48_s0000273474_e0000279934.mp4,tier1,cuda,nvenc,cutfix_full_tier1_20260729_01
l9jY99iqS48_s0000284066_e0000289066,l9jY99iqS48,284.066,289.066,5.0,1.0,1.0,16.6,/kaggle/working/cut_cutfix_full_tier1_20260729_01/tier1/200_250/media/l9jY99iqS48_s0000284066_e0000289066.mp4,tier1,cuda,nvenc,cutfix_full_tier1_20260729_01
l9jY99iqS48_s0000288066_e0000293066,l9jY99iqS48,288.066,293.066,5.0,1.0,1.0,16.53,/kaggle/working/cut_cutfix_full_tier1_20260729_01/tier1/200_250/media/l9jY99iqS48_s0000288066_e0000293066.mp4,tier1,cuda,nvenc,cutfix_full_tier1_20260729_01
l9jY99iqS48_s0000300226_e0000305278,l9jY99iqS48,300.226,305.278,5.052,1.0,1.0,19.06,/kaggle/working/cut_cutfix_full_tier1_20260729_01/tier1/200_250/media/l9jY99iqS48_s0000300226_e0000305278.mp4,tier1,cuda,nvenc,cutfix_full_tier1_20260729_01
l9jY99iqS48_s0000305410_e0000310410,l9jY99iqS48,305.41,310.41,5.0,1.0,1.0,16.1,/kaggle/working/cut_cutfix_full_tier1_20260729_01/tier1/200_250/media/l9jY99iqS48_s0000305410_e0000310410.mp4,tier1,cuda,nvenc,cutfix_full_tier1_20260729_01
l9jY99iqS48_s0000309410_e0000314410,l9jY99iqS48,309.41,314.41,5.0,1.0,1.0,14.21,/kaggle/working/cut_cutfix_full_tier1_20260729_01/tier1/200_250/media/l9jY99iqS48_s0000309410_e0000314410.mp4,tier1,cuda,nvenc,cutfix_full_tier1_20260729_01
l9jY99iqS48_s0000313410_e0000318410,l9jY99iqS48,313.41,318.41,5.0,1.0,1.0,17.74,/kaggle/working/cut_cutfix_full_tier1_20260729_01/tier1/200_250/media/l9jY99iqS48_s0000313410_e0000318410.mp4,tier1,cuda,nvenc,cutfix_full_tier1_20260729_01
l9jY99iqS48_s0000317410_e0000322410,l9jY99iqS48,317.41,322.41,5.0,1.0,1.0,17.72,/kaggle/working/cut_cutfix_full_tier1_20260729_01/tier1/200_250/media/l9jY99iqS48_s0000317410_e0000322410.mp4,tier1,cuda,nvenc,cutfix_full_tier1_20260729_01
l9jY99iqS48_s0000321410_e0000326410,l9jY99iqS48,321.41,326.41,5.0,1.0,1.0,15.51,/kaggle/working/cut_cutfix_full_tier1_20260729_01/tier1/200_250/media/l9jY99iqS48_s0000321410_e0000326410.mp4,tier1,cuda,nvenc,cutfix_full_tier1_20260729_01
l9jY99iqS48_s0000325410_e0000330410,l9jY99iqS48,325.41,330.41,5.0,1.0,1.0,14.42,/kaggle/working/cut_cutfix_full_tier1_20260729_01/tier1/200_250/media/l9jY99iqS48_s0000325410_e0000330410.mp4,tier1,cuda,nvenc,cutfix_full_tier1_20260729_01
l9jY99iqS48_s0000329410_e0000334410,l9jY99iqS48,329.41,334.41,5.0,1.0,1.0,15.89,/kaggle/working/cut_cutfix_full_tier1_20260729_01/tier1/200_250/media/l9jY99iqS48_s0000329410_e0000334410.mp4,tier1,cuda,nvenc,cutfix_full_tier1_20260729_01
l9jY99iqS48_s0000335522_e0000340522,l9jY99iqS48,335.522,340.522,5.0,1.0,1.0,16.21,/kaggle/working/cut_cutfix_full_tier1_20260729_01/tier1/200_250/media/l9jY99iqS48_s0000335522_e0000340522.mp4,tier1,cuda,nvenc,cutfix_full_tier1_20260729_01
l9jY99iqS48_s0000339522_e0000344522,l9jY99iqS48,339.522,344.522,5.0,1.0,1.0,16.42,/kaggle/working/cut_cutfix_full_tier1_20260729_01/tier1/200_250/media/l9jY99iqS48_s0000339522_e0000344522.mp4,tier1,cuda,nvenc,cutfix_full_tier1_20260729_01
l9jY99iqS48_s0000343522_e0000348522,l9jY99iqS48,343.522,348.522,5.0,1.0,1.0,15.54,/kaggle/working/cut_cutfix_full_tier1_20260729_01/tier1/200_250/media/l9jY99iqS48_s0000343522_e0000348522.mp4,tier1,cuda,nvenc,cutfix_full_tier1_20260729_01
l9jY99iqS48_s0000360898_e0000365898,l9jY99iqS48,360.898,365.898,5.0,1.0,1.0,16.64,/kaggle/working/cut_cutfix_full_tier1_20260729_01/tier1/200_250/media/l9jY99iqS48_s0000360898_e0000365898.mp4,tier1,cuda,nvenc,cutfix_full_tier1_20260729_01
l9jY99iqS48_s0000364898_e0000369898,l9jY99iqS48,364.898,369.898,5.0,1.0,1.0,16.9,/kaggle/working/cut_cutfix_full_tier1_20260729_01/tier1/200_250/media/l9jY99iqS48_s0000364898_e0000369898.mp4,tier1,cuda,nvenc,cutfix_full_tier1_20260729_01
l9jY99iqS48_s0000371202_e0000378366,l9jY99iqS48,371.202,378.366,7.164,1.0,1.0,16.69,/kaggle/working/cut_cutfix_full_tier1_20260729_01/tier1/200_250/media/l9jY99iqS48_s0000371202_e0000378366.mp4,tier1,cuda,nvenc,cutfix_full_tier1_20260729_01
l9jY99iqS48_s0000378498_e0000383498,l9jY99iqS48,378.498,383.498,5.0,1.0,1.0,14.99,/kaggle/working/cut_cutfix_full_tier1_20260729_01/tier1/200_250/media/l9jY99iqS48_s0000378498_e0000383498.mp4,tier1,cuda,nvenc,cutfix_full_tier1_20260729_01
l9jY99iqS48_s0000382498_e0000387498,l9jY99iqS48,382.498,387.498,5.0,1.0,1.0,15.44,/kaggle/working/cut_cutfix_full_tier1_20260729_01/tier1/200_250/media/l9jY99iqS48_s0000382498_e0000387498.mp4,tier1,cuda,nvenc,cutfix_full_tier1_20260729_01
l9jY99iqS48_s0000386498_e0000390878,l9jY99iqS48,386.498,390.878,4.38,1.0,1.0,15.12,/kaggle/working/cut_cutfix_full_tier1_20260729_01/tier1/200_250/media/l9jY99iqS48_s0000386498_e0000390878.mp4,tier1,cuda,nvenc,cutfix_full_tier1_20260729_01
l9jY99iqS48_s0000391522_e0000401534,l9jY99iqS48,391.522,401.534,10.012,1.0,1.0,16.67,/kaggle/working/cut_cutfix_full_tier1_20260729_01/tier1/200_250/media/l9jY99iqS48_s0000391522_e0000401534.mp4,tier1,cuda,nvenc,cutfix_full_tier1_20260729_01
l9jY99iqS48_s0000413922_e0000418922,l9jY99iqS48,413.922,418.922,5.0,1.0,1.0,14.8,/kaggle/working/cut_cutfix_full_tier1_20260729_01/tier1/200_250/media/l9jY99iqS48_s0000413922_e0000418922.mp4,tier1,cuda,nvenc,cutfix_full_tier1_20260729_01
l9jY99iqS48_s0000417922_e0000422922,l9jY99iqS48,417.922,422.922,5.0,1.0,1.0,16.34,/kaggle/working/cut_cutfix_full_tier1_20260729_01/tier1/200_250/media/l9jY99iqS48_s0000417922_e0000422922.mp4,tier1,cuda,nvenc,cutfix_full_tier1_20260729_01
l9jY99iqS48_s0000421922_e0000426462,l9jY99iqS48,421.922,426.462,4.54,1.0,1.0,15.03,/kaggle/working/cut_cutfix_full_tier1_20260729_01/tier1/200_250/media/l9jY99iqS48_s0000421922_e0000426462.mp4,tier1,cuda,nvenc,cutfix_full_tier1_20260729_01
l9jY99iqS48_s0000429954_e0000436542,l9jY99iqS48,429.954,436.542,6.588,1.0,1.0,14.24,/kaggle/working/cut_cutfix_full_tier1_20260729_01/tier1/200_250/media/l9jY99iqS48_s0000429954_e0000436542.mp4,tier1,cuda,nvenc,cutfix_full_tier1_20260729_01
l9jY99iqS48_s0000436706_e0000439006,l9jY99iqS48,436.706,439.006,2.3,1.0,1.0,14.65,/kaggle/working/cut_cutfix_full_tier1_20260729_01/tier1/200_250/media/l9jY99iqS48_s0000436706_e0000439006.mp4,tier1,cuda,nvenc,cutfix_full_tier1_20260729_01
l9jY99iqS48_s0000441794_e0000446794,l9jY99iqS48,441.794,446.794,5.0,0.8,1.0,16.55,/kaggle/working/cut_cutfix_full_tier1_20260729_01/tier1/200_250/media/l9jY99iqS48_s0000441794_e0000446794.mp4,tier1,cuda,nvenc,cutfix_full_tier1_20260729_01
l9jY99iqS48_s0000445794_e0000450794,l9jY99iqS48,445.794,450.794,5.0,0.8,1.0,17.05,/kaggle/working/cut_cutfix_full_tier1_20260729_01/tier1/200_250/media/l9jY99iqS48_s0000445794_e0000450794.mp4,tier1,cuda,nvenc,cutfix_full_tier1_20260729_01
l9jY99iqS48_s0000449794_e0000454794,l9jY99iqS48,449.794,454.794,5.0,1.0,1.0,17.75,/kaggle/working/cut_cutfix_full_tier1_20260729_01/tier1/200_250/media/l9jY99iqS48_s0000449794_e0000454794.mp4,tier1,cuda,nvenc,cutfix_full_tier1_20260729_01
l9jY99iqS48_s0000453794_e0000458654,l9jY99iqS48,453.794,458.654,4.86,1.0,1.0,18.11,/kaggle/working/cut_cutfix_full_tier1_20260729_01/tier1/200_250/media/l9jY99iqS48_s0000453794_e0000458654.mp4,tier1,cuda,nvenc,cutfix_full_tier1_20260729_01
l9jY99iqS48_s0000458786_e0000470558,l9jY99iqS48,458.786,470.558,11.772,1.0,1.0,16.57,/kaggle/working/cut_cutfix_full_tier1_20260729_01/tier1/200_250/media/l9jY99iqS48_s0000458786_e0000470558.mp4,tier1,cuda,nvenc,cutfix_full_tier1_20260729_01
l9jY99iqS48_s0000470658_e0000475658,l9jY99iqS48,470.658,475.658,5.0,1.0,1.0,15.63,/kaggle/working/cut_cutfix_full_tier1_20260729_01/tier1/200_250/media/l9jY99iqS48_s0000470658_e0000475658.mp4,tier1,cuda,nvenc,cutfix_full_tier1_20260729_01
l9jY99iqS48_s0000474658_e0000479658,l9jY99iqS48,474.658,479.658,5.0,1.0,1.0,15.53,/kaggle/working/cut_cutfix_full_tier1_20260729_01/tier1/200_250/media/l9jY99iqS48_s0000474658_e0000479658.mp4,tier1,cuda,nvenc,cutfix_full_tier1_20260729_01
l9jY99iqS48_s0000478658_e0000483658,l9jY99iqS48,478.658,483.658,5.0,1.0,1.0,16.59,/kaggle/working/cut_cutfix_full_tier1_20260729_01/tier1/200_250/media/l9jY99iqS48_s0000478658_e0000483658.mp4,tier1,cuda,nvenc,cutfix_full_tier1_20260729_01
l9jY99iqS48_s0000482658_e0000487658,l9jY99iqS48,482.658,487.658,5.0,1.0,1.0,17.65,/kaggle/working/cut_cutfix_full_tier1_20260729_01/tier1/200_250/media/l9jY99iqS48_s0000482658_e0000487658.mp4,tier1,cuda,nvenc,cutfix_full_tier1_20260729_01
l9jY99iqS48_s0000486658_e0000491230,l9jY99iqS48,486.658,491.23,4.572,1.0,1.0,17.27,/kaggle/working/cut_cutfix_full_tier1_20260729_01/tier1/200_250/media/l9jY99iqS48_s0000486658_e0000491230.mp4,tier1,cuda,nvenc,cutfix_full_tier1_20260729_01
l9jY99iqS48_s0000492994_e0000504030,l9jY99iqS48,492.994,504.03,11.036,1.0,1.0,16.94,/kaggle/working/cut_cutfix_full_tier1_20260729_01/tier1/200_250/media/l9jY99iqS48_s0000492994_e0000504030.mp4,tier1,cuda,nvenc,cutfix_full_tier1_20260729_01
l9jY99iqS48_s0000504290_e0000513918,l9jY99iqS48,504.29,513.918,9.628,1.0,1.0,16.61,/kaggle/working/cut_cutfix_full_tier1_20260729_01/tier1/200_250/media/l9jY99iqS48_s0000504290_e0000513918.mp4,tier1,cuda,nvenc,cutfix_full_tier1_20260729_01
l9jY99iqS48_s0000514018_e0000525150,l9jY99iqS48,514.018,525.15,11.132,1.0,1.0,16.29,/kaggle/working/cut_cutfix_full_tier1_20260729_01/tier1/200_250/media/l9jY99iqS48_s0000514018_e0000525150.mp4,tier1,cuda,nvenc,cutfix_full_tier1_20260729_01
l9jY99iqS48_s0000535298_e0000540298,l9jY99iqS48,535.298,540.298,5.0,1.0,1.0,15.44,/kaggle/working/cut_cutfix_full_tier1_20260729_01/tier1/200_250/media/l9jY99iqS48_s0000535298_e0000540298.mp4,tier1,cuda,nvenc,cutfix_full_tier1_20260729_01
l9jY99iqS48_s0000539298_e0000544298,l9jY99iqS48,539.298,544.298,5.0,0.8,1.0,15.24,/kaggle/working/cut_cutfix_full_tier1_20260729_01/tier1/200_250/media/l9jY99iqS48_s0000539298_e0000544298.mp4,tier1,cuda,nvenc,cutfix_full_tier1_20260729_01
l9jY99iqS48_s0000551298_e0000554654,l9jY99iqS48,551.298,554.654,3.356,1.0,1.0,14.02,/kaggle/working/cut_cutfix_full_tier1_20260729_01/tier1/200_250/media/l9jY99iqS48_s0000551298_e0000554654.mp4,tier1,cuda,nvenc,cutfix_full_tier1_20260729_01
l9jY99iqS48_s0000554914_e0000559914,l9jY99iqS48,554.914,559.914,5.0,1.0,1.0,13.38,/kaggle/working/cut_cutfix_full_tier1_20260729_01/tier1/200_250/media/l9jY99iqS48_s0000554914_e0000559914.mp4,tier1,cuda,nvenc,cutfix_full_tier1_20260729_01
l9jY99iqS48_s0000558914_e0000563914,l9jY99iqS48,558.914,563.914,5.0,1.0,1.0,14.0,/kaggle/working/cut_cutfix_full_tier1_20260729_01/tier1/200_250/media/l9jY99iqS48_s0000558914_e0000563914.mp4,tier1,cuda,nvenc,cutfix_full_tier1_20260729_01
l9jY99iqS48_s0000562914_e0000567914,l9jY99iqS48,562.914,567.914,5.0,1.0,1.0,14.48,/kaggle/working/cut_cutfix_full_tier1_20260729_01/tier1/200_250/media/l9jY99iqS48_s0000562914_e0000567914.mp4,tier1,cuda,nvenc,cutfix_full_tier1_20260729_01
l9jY99iqS48_s0000566914_e0000571914,l9jY99iqS48,566.914,571.914,5.0,1.0,1.0,14.46,/kaggle/working/cut_cutfix_full_tier1_20260729_01/tier1/200_250/media/l9jY99iqS48_s0000566914_e0000571914.mp4,tier1,cuda,nvenc,cutfix_full_tier1_20260729_01
l9jY99iqS48_s0000570914_e0000573662,l9jY99iqS48,570.914,573.662,2.748,1.0,1.0,16.1,/kaggle/working/cut_cutfix_full_tier1_20260729_01/tier1/200_250/media/l9jY99iqS48_s0000570914_e0000573662.mp4,tier1,cuda,nvenc,cutfix_full_tier1_20260729_01
l9jY99iqS48_s0000573762_e0000583806,l9jY99iqS48,573.762,583.806,10.044,1.0,1.0,16.51,/kaggle/working/cut_cutfix_full_tier1_20260729_01/tier1/200_250/media/l9jY99iqS48_s0000573762_e0000583806.mp4,tier1,cuda,nvenc,cutfix_full_tier1_20260729_01
l9jY99iqS48_s0000583970_e0000592382,l9jY99iqS48,583.97,592.382,8.412,1.0,1.0,16.95,/kaggle/working/cut_cutfix_full_tier1_20260729_01/tier1/200_250/media/l9jY99iqS48_s0000583970_e0000592382.mp4,tier1,cuda,nvenc,cutfix_full_tier1_20260729_01
l9jY99iqS48_s0000592610_e0000597918,l9jY99iqS48,592.61,597.918,5.308,1.0,1.0,16.61,/kaggle/working/cut_cutfix_full_tier1_20260729_01/tier1/200_250/media/l9jY99iqS48_s0000592610_e0000597918.mp4,tier1,cuda,nvenc,cutfix_full_tier1_20260729_01
l9jY99iqS48_s0000599522_e0000602814,l9jY99iqS48,599.522,602.814,3.292,1.0,1.0,16.42,/kaggle/working/cut_cutfix_full_tier1_20260729_01/tier1/200_250/media/l9jY99iqS48_s0000599522_e0000602814.mp4,tier1,cuda,nvenc,cutfix_full_tier1_20260729_01
l9jY99iqS48_s0000604066_e0000609886,l9jY99iqS48,604.066,609.886,5.82,1.0,1.0,15.89,/kaggle/working/cut_cutfix_full_tier1_20260729_01/tier1/200_250/media/l9jY99iqS48_s0000604066_e0000609886.mp4,tier1,cuda,nvenc,cutfix_full_tier1_20260729_01
l9jY99iqS48_s0000609986_e0000614986,l9jY99iqS48,609.986,614.986,5.0,1.0,1.0,15.44,/kaggle/working/cut_cutfix_full_tier1_20260729_01/tier1/200_250/media/l9jY99iqS48_s0000609986_e0000614986.mp4,tier1,cuda,nvenc,cutfix_full_tier1_20260729_01
l9jY99iqS48_s0000613986_e0000618986,l9jY99iqS48,613.986,618.986,5.0,1.0,1.0,15.38,/kaggle/working/cut_cutfix_full_tier1_20260729_01/tier1/200_250/media/l9jY99iqS48_s0000613986_e0000618986.mp4,tier1,cuda,nvenc,cutfix_full_tier1_20260729_01
l9jY99iqS48_s0000617986_e0000622986,l9jY99iqS48,617.986,622.986,5.0,1.0,1.0,15.05,/kaggle/working/cut_cutfix_full_tier1_20260729_01/tier1/200_250/media/l9jY99iqS48_s0000617986_e0000622986.mp4,tier1,cuda,nvenc,cutfix_full_tier1_20260729_01
l9jY99iqS48_s0000621986_e0000626986,l9jY99iqS48,621.986,626.986,5.0,0.8,1.0,13.58,/kaggle/working/cut_cutfix_full_tier1_20260729_01/tier1/200_250/media/l9jY99iqS48_s0000621986_e0000626986.mp4,tier1,cuda,nvenc,cutfix_full_tier1_20260729_01
l9jY99iqS48_s0000629634_e0000634634,l9jY99iqS48,629.634,634.634,5.0,1.0,1.0,15.17,/kaggle/working/cut_cutfix_full_tier1_20260729_01/tier1/200_250/media/l9jY99iqS48_s0000629634_e0000634634.mp4,tier1,cuda,nvenc,cutfix_full_tier1_20260729_01
l9jY99iqS48_s0000633634_e0000638634,l9jY99iqS48,633.634,638.634,5.0,1.0,1.0,15.19,/kaggle/working/cut_cutfix_full_tier1_20260729_01/tier1/200_250/media/l9jY99iqS48_s0000633634_e0000638634.mp4,tier1,cuda,nvenc,cutfix_full_tier1_20260729_01
l9jY99iqS48_s0000637634_e0000642590,l9jY99iqS48,637.634,642.59,4.956,0.8,1.0,17.05,/kaggle/working/cut_cutfix_full_tier1_20260729_01/tier1/200_250/media/l9jY99iqS48_s0000637634_e0000642590.mp4,tier1,cuda,nvenc,cutfix_full_tier1_20260729_01
l9jY99iqS48_s0000643746_e0000646046,l9jY99iqS48,643.746,646.046,2.3,1.0,1.0,16.82,/kaggle/working/cut_cutfix_full_tier1_20260729_01/tier1/200_250/media/l9jY99iqS48_s0000643746_e0000646046.mp4,tier1,cuda,nvenc,cutfix_full_tier1_20260729_01
l9jY99iqS48_s0000646306_e0000655824,l9jY99iqS48,646.306,655.824,9.518,1.0,1.0,15.89,/kaggle/working/cut_cutfix_full_tier1_20260729_01/tier1/200_250/media/l9jY99iqS48_s0000646306_e0000655824.mp4,tier1,cuda,nvenc,cutfix_full_tier1_20260729_01
lFiT3vyjLdw_s0000016162_e0000023550,lFiT3vyjLdw,16.162,23.55,7.388,1.0,1.0,4.67,/kaggle/working/cut_cutfix_full_tier1_20260729_01/tier1/200_250/media/lFiT3vyjLdw_s0000016162_e0000023550.mp4,tier1,cuda,nvenc,cutfix_full_tier1_20260729_01
lFiT3vyjLdw_s0000025858_e0000031422,lFiT3vyjLdw,25.858,31.422,5.564,1.0,1.0,5.31,/kaggle/working/cut_cutfix_full_tier1_20260729_01/tier1/200_250/media/lFiT3vyjLdw_s0000025858_e0000031422.mp4,tier1,cuda,nvenc,cutfix_full_tier1_20260729_01
lFiT3vyjLdw_s0000036802_e0000041310,lFiT3vyjLdw,36.802,41.31,4.508,1.0,1.0,11.35,/kaggle/working/cut_cutfix_full_tier1_20260729_01/tier1/200_250/media/lFiT3vyjLdw_s0000036802_e0000041310.mp4,tier1,cuda,nvenc,cutfix_full_tier1_20260729_01
lFiT3vyjLdw_s0000042434_e0000046206,lFiT3vyjLdw,42.434,46.206,3.772,1.0,1.0,11.3,/kaggle/working/cut_cutfix_full_tier1_20260729_01/tier1/200_250/media/lFiT3vyjLdw_s0000042434_e0000046206.mp4,tier1,cuda,nvenc,cutfix_full_tier1_20260729_01
lFiT3vyjLdw_s0000047650_e0000050910,lFiT3vyjLdw,47.65,50.91,3.26,1.0,1.0,10.48,/kaggle/working/cut_cutfix_full_tier1_20260729_01/tier1/200_250/media/lFiT3vyjLdw_s0000047650_e0000050910.mp4,tier1,cuda,nvenc,cutfix_full_tier1_20260729_01
lFiT3vyjLdw_s0000073218_e0000077150,lFiT3vyjLdw,73.218,77.15,3.932,1.0,1.0,10.17,/kaggle/working/cut_cutfix_full_tier1_20260729_01/tier1/200_250/media/lFiT3vyjLdw_s0000073218_e0000077150.mp4,tier1,cuda,nvenc,cutfix_full_tier1_20260729_01
lFiT3vyjLdw_s0000077250_e0000081086,lFiT3vyjLdw,77.25,81.086,3.836,0.75,1.0,8.77,/kaggle/working/cut_cutfix_full_tier1_20260729_01/tier1/200_250/media/lFiT3vyjLdw_s0000077250_e0000081086.mp4,tier1,cuda,nvenc,cutfix_full_tier1_20260729_01
lFiT3vyjLdw_s0000081250_e0000088158,lFiT3vyjLdw,81.25,88.158,6.908,1.0,1.0,10.01,/kaggle/working/cut_cutfix_full_tier1_20260729_01/tier1/200_250/media/lFiT3vyjLdw_s0000081250_e0000088158.mp4,tier1,cuda,nvenc,cutfix_full_tier1_20260729_01
lFiT3vyjLdw_s0000088866_e0000093822,lFiT3vyjLdw,88.866,93.822,4.956,0.8,1.0,10.48,/kaggle/working/cut_cutfix_full_tier1_20260729_01/tier1/200_250/media/lFiT3vyjLdw_s0000088866_e0000093822.mp4,tier1,cuda,nvenc,cutfix_full_tier1_20260729_01
lFiT3vyjLdw_s0000107778_e0000110046,lFiT3vyjLdw,107.778,110.046,2.268,1.0,1.0,9.22,/kaggle/working/cut_cutfix_full_tier1_20260729_01/tier1/200_250/media/lFiT3vyjLdw_s0000107778_e0000110046.mp4,tier1,cuda,nvenc,cutfix_full_tier1_20260729_01
lFiT3vyjLdw_s0000110178_e0000116062,lFiT3vyjLdw,110.178,116.062,5.884,1.0,1.0,9.77,/kaggle/working/cut_cutfix_full_tier1_20260729_01/tier1/200_250/media/lFiT3vyjLdw_s0000110178_e0000116062.mp4,tier1,cuda,nvenc,cutfix_full_tier1_20260729_01
lFiT3vyjLdw_s0000116450_e0000121438,lFiT3vyjLdw,116.45,121.438,4.988,0.8,1.0,8.83,/kaggle/working/cut_cutfix_full_tier1_20260729_01/tier1/200_250/media/lFiT3vyjLdw_s0000116450_e0000121438.mp4,tier1,cuda,nvenc,cutfix_full_tier1_20260729_01
lFiT3vyjLdw_s0000121602_e0000127454,lFiT3vyjLdw,121.602,127.454,5.852,1.0,1.0,9.89,/kaggle/working/cut_cutfix_full_tier1_20260729_01/tier1/200_250/media/lFiT3vyjLdw_s0000121602_e0000127454.mp4,tier1,cuda,nvenc,cutfix_full_tier1_20260729_01
lFiT3vyjLdw_s0000132418_e0000139774,lFiT3vyjLdw,132.418,139.774,7.356,1.0,1.0,9.33,/kaggle/working/cut_cutfix_full_tier1_20260729_01/tier1/200_250/media/lFiT3vyjLdw_s0000132418_e0000139774.mp4,tier1,cuda,nvenc,cutfix_full_tier1_20260729_01
lFiT3vyjLdw_s0000154146_e0000159166,lFiT3vyjLdw,154.146,159.166,5.02,1.0,1.0,10.33,/kaggle/working/cut_cutfix_full_tier1_20260729_01/tier1/200_250/media/lFiT3vyjLdw_s0000154146_e0000159166.mp4,tier1,cuda,nvenc,cutfix_full_tier1_20260729_01
lFiT3vyjLdw_s0000159362_e0000168414,lFiT3vyjLdw,159.362,168.414,9.052,1.0,1.0,8.62,/kaggle/working/cut_cutfix_full_tier1_20260729_01/tier1/200_250/media/lFiT3vyjLdw_s0000159362_e0000168414.mp4,tier1,cuda,nvenc,cutfix_full_tier1_20260729_01
lFiT3vyjLdw_s0000168994_e0000176030,lFiT3vyjLdw,168.994,176.03,7.036,1.0,1.0,9.25,/kaggle/working/cut_cutfix_full_tier1_20260729_01/tier1/200_250/media/lFiT3vyjLdw_s0000168994_e0000176030.mp4,tier1,cuda,nvenc,cutfix_full_tier1_20260729_01
lFiT3vyjLdw_s0000176290_e0000186206,lFiT3vyjLdw,176.29,186.206,9.916,0.9,1.0,9.18,/kaggle/working/cut_cutfix_full_tier1_20260729_01/tier1/200_250/media/lFiT3vyjLdw_s0000176290_e0000186206.mp4,tier1,cuda,nvenc,cutfix_full_tier1_20260729_01
lFiT3vyjLdw_s0000187586_e0000192990,lFiT3vyjLdw,187.586,192.99,5.404,0.8,1.0,8.34,/kaggle/working/cut_cutfix_full_tier1_20260729_01/tier1/200_250/media/lFiT3vyjLdw_s0000187586_e0000192990.mp4,tier1,cuda,nvenc,cutfix_full_tier1_20260729_01
lFiT3vyjLdw_s0000202754_e0000207754,lFiT3vyjLdw,202.754,207.754,5.0,1.0,1.0,9.38,/kaggle/working/cut_cutfix_full_tier1_20260729_01/tier1/200_250/media/lFiT3vyjLdw_s0000202754_e0000207754.mp4,tier1,cuda,nvenc,cutfix_full_tier1_20260729_01
lFiT3vyjLdw_s0000206754_e0000211754,lFiT3vyjLdw,206.754,211.754,5.0,1.0,1.0,7.99,/kaggle/working/cut_cutfix_full_tier1_20260729_01/tier1/200_250/media/lFiT3vyjLdw_s0000206754_e0000211754.mp4,tier1,cuda,nvenc,cutfix_full_tier1_20260729_01
lFiT3vyjLdw_s0000210754_e0000215754,lFiT3vyjLdw,210.754,215.754,5.0,1.0,1.0,8.65,/kaggle/working/cut_cutfix_full_tier1_20260729_01/tier1/200_250/media/lFiT3vyjLdw_s0000210754_e0000215754.mp4,tier1,cuda,nvenc,cutfix_full_tier1_20260729_01
lFiT3vyjLdw_s0000229634_e0000234462,lFiT3vyjLdw,229.634,234.462,4.828,1.0,1.0,9.22,/kaggle/working/cut_cutfix_full_tier1_20260729_01/tier1/200_250/media/lFiT3vyjLdw_s0000229634_e0000234462.mp4,tier1,cuda,nvenc,cutfix_full_tier1_20260729_01
lFiT3vyjLdw_s0000242754_e0000249310,lFiT3vyjLdw,242.754,249.31,6.556,1.0,1.0,9.42,/kaggle/working/cut_cutfix_full_tier1_20260729_01/tier1/200_250/media/lFiT3vyjLdw_s0000242754_e0000249310.mp4,tier1,cuda,nvenc,cutfix_full_tier1_20260729_01
lFiT3vyjLdw_s0000273666_e0000278666,lFiT3vyjLdw,273.666,278.666,5.0,0.8,1.0,6.78,/kaggle/working/cut_cutfix_full_tier1_20260729_01/tier1/200_250/media/lFiT3vyjLdw_s0000273666_e0000278666.mp4,tier1,cuda,nvenc,cutfix_full_tier1_20260729_01
lFiT3vyjLdw_s0000277666_e0000282666,lFiT3vyjLdw,277.666,282.666,5.0,1.0,1.0,7.28,/kaggle/working/cut_cutfix_full_tier1_20260729_01/tier1/200_250/media/lFiT3vyjLdw_s0000277666_e0000282666.mp4,tier1,cuda,nvenc,cutfix_full_tier1_20260729_01
lFiT3vyjLdw_s0000281666_e0000286666,lFiT3vyjLdw,281.666,286.666,5.0,0.8,1.0,6.79,/kaggle/working/cut_cutfix_full_tier1_20260729_01/tier1/200_250/media/lFiT3vyjLdw_s0000281666_e0000286666.mp4,tier1,cuda,nvenc,cutfix_full_tier1_20260729_01
lFiT3vyjLdw_s0000290498_e0000292734,lFiT3vyjLdw,290.498,292.734,2.236,1.0,1.0,7.7,/kaggle/working/cut_cutfix_full_tier1_20260729_01/tier1/200_250/media/lFiT3vyjLdw_s0000290498_e0000292734.mp4,tier1,cuda,nvenc,cutfix_full_tier1_20260729_01
lFiT3vyjLdw_s0000293154_e0000298154,lFiT3vyjLdw,293.154,298.154,5.0,0.8,1.0,7.31,/kaggle/working/cut_cutfix_full_tier1_20260729_01/tier1/200_250/media/lFiT3vyjLdw_s0000293154_e0000298154.mp4,tier1,cuda,nvenc,cutfix_full_tier1_20260729_01
lFiT3vyjLdw_s0000297154_e0000302154,lFiT3vyjLdw,297.154,302.154,5.0,1.0,1.0,7.88,/kaggle/working/cut_cutfix_full_tier1_20260729_01/tier1/200_250/media/lFiT3vyjLdw_s0000297154_e0000302154.mp4,tier1,cuda,nvenc,cutfix_full_tier1_20260729_01
lFiT3vyjLdw_s0000301154_e0000305534,lFiT3vyjLdw,301.154,305.534,4.38,1.0,1.0,7.27,/kaggle/working/cut_cutfix_full_tier1_20260729_01/tier1/200_250/media/lFiT3vyjLdw_s0000301154_e0000305534.mp4,tier1,cuda,nvenc,cutfix_full_tier1_20260729_01
lFiT3vyjLdw_s0000305826_e0000310826,lFiT3vyjLdw,305.826,310.826,5.0,0.8,1.0,7.53,/kaggle/working/cut_cutfix_full_tier1_20260729_01/tier1/200_250/media/lFiT3vyjLdw_s0000305826_e0000310826.mp4,tier1,cuda,nvenc,cutfix_full_tier1_20260729_01
lFiT3vyjLdw_s0000309826_e0000314826,lFiT3vyjLdw,309.826,314.826,5.0,1.0,1.0,6.63,/kaggle/working/cut_cutfix_full_tier1_20260729_01/tier1/200_250/media/lFiT3vyjLdw_s0000309826_e0000314826.mp4,tier1,cuda,nvenc,cutfix_full_tier1_20260729_01
lFiT3vyjLdw_s0000317826_e0000322826,lFiT3vyjLdw,317.826,322.826,5.0,1.0,1.0,7.66,/kaggle/working/cut_cutfix_full_tier1_20260729_01/tier1/200_250/media/lFiT3vyjLdw_s0000317826_e0000322826.mp4,tier1,cuda,nvenc,cutfix_full_tier1_20260729_01
lFiT3vyjLdw_s0000321826_e0000326826,lFiT3vyjLdw,321.826,326.826,5.0,1.0,1.0,7.7,/kaggle/working/cut_cutfix_full_tier1_20260729_01/tier1/200_250/media/lFiT3vyjLdw_s0000321826_e0000326826.mp4,tier1,cuda,nvenc,cutfix_full_tier1_20260729_01
lFiT3vyjLdw_s0000329858_e0000337150,lFiT3vyjLdw,329.858,337.15,7.292,1.0,1.0,7.64,/kaggle/working/cut_cutfix_full_tier1_20260729_01/tier1/200_250/media/lFiT3vyjLdw_s0000329858_e0000337150.mp4,tier1,cuda,nvenc,cutfix_full_tier1_20260729_01
lFiT3vyjLdw_s0000342274_e0000352510,lFiT3vyjLdw,342.274,352.51,10.236,0.9,1.0,7.61,/kaggle/working/cut_cutfix_full_tier1_20260729_01/tier1/200_250/media/lFiT3vyjLdw_s0000342274_e0000352510.mp4,tier1,cuda,nvenc,cutfix_full_tier1_20260729_01
lFiT3vyjLdw_s0000352962_e0000355486,lFiT3vyjLdw,352.962,355.486,2.524,1.0,1.0,7.63,/kaggle/working/cut_cutfix_full_tier1_20260729_01/tier1/200_250/media/lFiT3vyjLdw_s0000352962_e0000355486.mp4,tier1,cuda,nvenc,cutfix_full_tier1_20260729_01
lFiT3vyjLdw_s0000355938_e0000367646,lFiT3vyjLdw,355.938,367.646,11.708,0.917,1.0,6.83,/kaggle/working/cut_cutfix_full_tier1_20260729_01/tier1/200_250/media/lFiT3vyjLdw_s0000355938_e0000367646.mp4,tier1,cuda,nvenc,cutfix_full_tier1_20260729_01
lFiT3vyjLdw_s0000377410_e0000381950,lFiT3vyjLdw,377.41,381.95,4.54,0.75,1.0,10.99,/kaggle/working/cut_cutfix_full_tier1_20260729_01/tier1/200_250/media/lFiT3vyjLdw_s0000377410_e0000381950.mp4,tier1,cuda,nvenc,cutfix_full_tier1_20260729_01
lFiT3vyjLdw_s0000382050_e0000393182,lFiT3vyjLdw,382.05,393.182,11.132,0.909,1.0,10.23,/kaggle/working/cut_cutfix_full_tier1_20260729_01/tier1/200_250/media/lFiT3vyjLdw_s0000382050_e0000393182.mp4,tier1,cuda,nvenc,cutfix_full_tier1_20260729_01
lFiT3vyjLdw_s0000393378_e0000398378,lFiT3vyjLdw,393.378,398.378,5.0,1.0,1.0,9.72,/kaggle/working/cut_cutfix_full_tier1_20260729_01/tier1/200_250/media/lFiT3vyjLdw_s0000393378_e0000398378.mp4,tier1,cuda,nvenc,cutfix_full_tier1_20260729_01
lFiT3vyjLdw_s0000397378_e0000402378,lFiT3vyjLdw,397.378,402.378,5.0,0.8,1.0,10.11,/kaggle/working/cut_cutfix_full_tier1_20260729_01/tier1/200_250/media/lFiT3vyjLdw_s0000397378_e0000402378.mp4,tier1,cuda,nvenc,cutfix_full_tier1_20260729_01
lFiT3vyjLdw_s0000405378_e0000410378,lFiT3vyjLdw,405.378,410.378,5.0,1.0,1.0,9.88,/kaggle/working/cut_cutfix_full_tier1_20260729_01/tier1/200_250/media/lFiT3vyjLdw_s0000405378_e0000410378.mp4,tier1,cuda,nvenc,cutfix_full_tier1_20260729_01
lFiT3vyjLdw_s0000409378_e0000412990,lFiT3vyjLdw,409.378,412.99,3.612,1.0,1.0,10.25,/kaggle/working/cut_cutfix_full_tier1_20260729_01/tier1/200_250/media/lFiT3vyjLdw_s0000409378_e0000412990.mp4,tier1,cuda,nvenc,cutfix_full_tier1_20260729_01
lFiT3vyjLdw_s0000413090_e0000424766,lFiT3vyjLdw,413.09,424.766,11.676,0.909,1.0,10.72,/kaggle/working/cut_cutfix_full_tier1_20260729_01/tier1/200_250/media/lFiT3vyjLdw_s0000413090_e0000424766.mp4,tier1,cuda,nvenc,cutfix_full_tier1_20260729_01
lFiT3vyjLdw_s0000425154_e0000430154,lFiT3vyjLdw,425.154,430.154,5.0,1.0,1.0,10.1,/kaggle/working/cut_cutfix_full_tier1_20260729_01/tier1/200_250/media/lFiT3vyjLdw_s0000425154_e0000430154.mp4,tier1,cuda,nvenc,cutfix_full_tier1_20260729_01
lFiT3vyjLdw_s0000429154_e0000434154,lFiT3vyjLdw,429.154,434.154,5.0,1.0,1.0,9.83,/kaggle/working/cut_cutfix_full_tier1_20260729_01/tier1/200_250/media/lFiT3vyjLdw_s0000429154_e0000434154.mp4,tier1,cuda,nvenc,cutfix_full_tier1_20260729_01
lFiT3vyjLdw_s0000433154_e0000437502,lFiT3vyjLdw,433.154,437.502,4.348,0.75,1.0,10.52,/kaggle/working/cut_cutfix_full_tier1_20260729_01/tier1/200_250/media/lFiT3vyjLdw_s0000433154_e0000437502.mp4,tier1,cuda,nvenc,cutfix_full_tier1_20260729_01
lFiT3vyjLdw_s0000437666_e0000442494,lFiT3vyjLdw,437.666,442.494,4.828,1.0,1.0,11.32,/kaggle/working/cut_cutfix_full_tier1_20260729_01/tier1/200_250/media/lFiT3vyjLdw_s0000437666_e0000442494.mp4,tier1,cuda,nvenc,cutfix_full_tier1_20260729_01
lFiT3vyjLdw_s0000442722_e0000447038,lFiT3vyjLdw,442.722,447.038,4.316,0.8,1.0,10.95,/kaggle/working/cut_cutfix_full_tier1_20260729_01/tier1/200_250/media/lFiT3vyjLdw_s0000442722_e0000447038.mp4,tier1,cuda,nvenc,cutfix_full_tier1_20260729_01
lFiT3vyjLdw_s0000447458_e0000454814,lFiT3vyjLdw,447.458,454.814,7.356,1.0,1.0,10.97,/kaggle/working/cut_cutfix_full_tier1_20260729_01/tier1/200_250/media/lFiT3vyjLdw_s0000447458_e0000454814.mp4,tier1,cuda,nvenc,cutfix_full_tier1_20260729_01
lFiT3vyjLdw_s0000454946_e0000458302,lFiT3vyjLdw,454.946,458.302,3.356,0.75,1.0,9.96,/kaggle/working/cut_cutfix_full_tier1_20260729_01/tier1/200_250/media/lFiT3vyjLdw_s0000454946_e0000458302.mp4,tier1,cuda,nvenc,cutfix_full_tier1_20260729_01
lFiT3vyjLdw_s0000469538_e0000472606,lFiT3vyjLdw,469.538,472.606,3.068,1.0,1.0,9.14,/kaggle/working/cut_cutfix_full_tier1_20260729_01/tier1/200_250/media/lFiT3vyjLdw_s0000469538_e0000472606.mp4,tier1,cuda,nvenc,cutfix_full_tier1_20260729_01
lFiT3vyjLdw_s0000484130_e0000487966,lFiT3vyjLdw,484.13,487.966,3.836,1.0,1.0,6.85,/kaggle/working/cut_cutfix_full_tier1_20260729_01/tier1/200_250/media/lFiT3vyjLdw_s0000484130_e0000487966.mp4,tier1,cuda,nvenc,cutfix_full_tier1_20260729_01
lFiT3vyjLdw_s0000488130_e0000491294,lFiT3vyjLdw,488.13,491.294,3.164,1.0,1.0,6.82,/kaggle/working/cut_cutfix_full_tier1_20260729_01/tier1/200_250/media/lFiT3vyjLdw_s0000488130_e0000491294.mp4,tier1,cuda,nvenc,cutfix_full_tier1_20260729_01
lFiT3vyjLdw_s0000491426_e0000496222,lFiT3vyjLdw,491.426,496.222,4.796,1.0,1.0,6.66,/kaggle/working/cut_cutfix_full_tier1_20260729_01/tier1/200_250/media/lFiT3vyjLdw_s0000491426_e0000496222.mp4,tier1,cuda,nvenc,cutfix_full_tier1_20260729_01
lFiT3vyjLdw_s0000496322_e0000498878,lFiT3vyjLdw,496.322,498.878,2.556,1.0,1.0,5.85,/kaggle/working/cut_cutfix_full_tier1_20260729_01/tier1/200_250/media/lFiT3vyjLdw_s0000496322_e0000498878.mp4,tier1,cuda,nvenc,cutfix_full_tier1_20260729_01
lFiT3vyjLdw_s0000513186_e0000521822,lFiT3vyjLdw,513.186,521.822,8.636,1.0,1.0,6.37,/kaggle/working/cut_cutfix_full_tier1_20260729_01/tier1/200_250/media/lFiT3vyjLdw_s0000513186_e0000521822.mp4,tier1,cuda,nvenc,cutfix_full_tier1_20260729_01
lFiT3vyjLdw_s0000521986_e0000530910,lFiT3vyjLdw,521.986,530.91,8.924,0.889,1.0,6.08,/kaggle/working/cut_cutfix_full_tier1_20260729_01/tier1/200_250/media/lFiT3vyjLdw_s0000521986_e0000530910.mp4,tier1,cuda,nvenc,cutfix_full_tier1_20260729_01
lFiT3vyjLdw_s0000531042_e0000536042,lFiT3vyjLdw,531.042,536.042,5.0,0.8,1.0,6.09,/kaggle/working/cut_cutfix_full_tier1_20260729_01/tier1/200_250/media/lFiT3vyjLdw_s0000531042_e0000536042.mp4,tier1,cuda,nvenc,cutfix_full_tier1_20260729_01
lFiT3vyjLdw_s0000535042_e0000540042,lFiT3vyjLdw,535.042,540.042,5.0,1.0,1.0,5.15,/kaggle/working/cut_cutfix_full_tier1_20260729_01/tier1/200_250/media/lFiT3vyjLdw_s0000535042_e0000540042.mp4,tier1,cuda,nvenc,cutfix_full_tier1_20260729_01
lFiT3vyjLdw_s0000539042_e0000544042,lFiT3vyjLdw,539.042,544.042,5.0,0.8,1.0,5.89,/kaggle/working/cut_cutfix_full_tier1_20260729_01/tier1/200_250/media/lFiT3vyjLdw_s0000539042_e0000544042.mp4,tier1,cuda,nvenc,cutfix_full_tier1_20260729_01
lFiT3vyjLdw_s0000543042_e0000548042,lFiT3vyjLdw,543.042,548.042,5.0,0.8,1.0,6.08,/kaggle/working/cut_cutfix_full_tier1_20260729_01/tier1/200_250/media/lFiT3vyjLdw_s0000543042_e0000548042.mp4,tier1,cuda,nvenc,cutfix_full_tier1_20260729_01
lFiT3vyjLdw_s0000549346_e0000553918,lFiT3vyjLdw,549.346,553.918,4.572,1.0,1.0,6.69,/kaggle/working/cut_cutfix_full_tier1_20260729_01/tier1/200_250/media/lFiT3vyjLdw_s0000549346_e0000553918.mp4,tier1,cuda,nvenc,cutfix_full_tier1_20260729_01
lFiT3vyjLdw_s0000554146_e0000558622,lFiT3vyjLdw,554.146,558.622,4.476,0.75,1.0,5.89,/kaggle/working/cut_cutfix_full_tier1_20260729_01/tier1/200_250/media/lFiT3vyjLdw_s0000554146_e0000558622.mp4,tier1,cuda,nvenc,cutfix_full_tier1_20260729_01
lFiT3vyjLdw_s0000558914_e0000563742,lFiT3vyjLdw,558.914,563.742,4.828,1.0,1.0,6.31,/kaggle/working/cut_cutfix_full_tier1_20260729_01/tier1/200_250/media/lFiT3vyjLdw_s0000558914_e0000563742.mp4,tier1,cuda,nvenc,cutfix_full_tier1_20260729_01
lFiT3vyjLdw_s0000563874_e0000569118,lFiT3vyjLdw,563.874,569.118,5.244,0.833,1.0,5.6,/kaggle/working/cut_cutfix_full_tier1_20260729_01/tier1/200_250/media/lFiT3vyjLdw_s0000563874_e0000569118.mp4,tier1,cuda,nvenc,cutfix_full_tier1_20260729_01
lFiT3vyjLdw_s0000571298_e0000578910,lFiT3vyjLdw,571.298,578.91,7.612,0.857,1.0,6.25,/kaggle/working/cut_cutfix_full_tier1_20260729_01/tier1/200_250/media/lFiT3vyjLdw_s0000571298_e0000578910.mp4,tier1,cuda,nvenc,cutfix_full_tier1_20260729_01
lFiT3vyjLdw_s0000579074_e0000582142,lFiT3vyjLdw,579.074,582.142,3.068,1.0,1.0,7.07,/kaggle/working/cut_cutfix_full_tier1_20260729_01/tier1/200_250/media/lFiT3vyjLdw_s0000579074_e0000582142.mp4,tier1,cuda,nvenc,cutfix_full_tier1_20260729_01
lFiT3vyjLdw_s0000582242_e0000584254,lFiT3vyjLdw,582.242,584.254,2.012,1.0,1.0,5.72,/kaggle/working/cut_cutfix_full_tier1_20260729_01/tier1/200_250/media/lFiT3vyjLdw_s0000582242_e0000584254.mp4,tier1,cuda,nvenc,cutfix_full_tier1_20260729_01
lFiT3vyjLdw_s0000584546_e0000587998,lFiT3vyjLdw,584.546,587.998,3.452,1.0,1.0,5.88,/kaggle/working/cut_cutfix_full_tier1_20260729_01/tier1/200_250/media/lFiT3vyjLdw_s0000584546_e0000587998.mp4,tier1,cuda,nvenc,cutfix_full_tier1_20260729_01
lFiT3vyjLdw_s0000590978_e0000593022,lFiT3vyjLdw,590.978,593.022,2.044,1.0,1.0,7.92,/kaggle/working/cut_cutfix_full_tier1_20260729_01/tier1/200_250/media/lFiT3vyjLdw_s0000590978_e0000593022.mp4,tier1,cuda,nvenc,cutfix_full_tier1_20260729_01
lFiT3vyjLdw_s0000593442_e0000601918,lFiT3vyjLdw,593.442,601.918,8.476,0.875,1.0,7.15,/kaggle/working/cut_cutfix_full_tier1_20260729_01/tier1/200_250/media/lFiT3vyjLdw_s0000593442_e0000601918.mp4,tier1,cuda,nvenc,cutfix_full_tier1_20260729_01
lFiT3vyjLdw_s0000602178_e0000610846,lFiT3vyjLdw,602.178,610.846,8.668,1.0,1.0,6.46,/kaggle/working/cut_cutfix_full_tier1_20260729_01/tier1/200_250/media/lFiT3vyjLdw_s0000602178_e0000610846.mp4,tier1,cuda,nvenc,cutfix_full_tier1_20260729_01
lFiT3vyjLdw_s0000611266_e0000613630,lFiT3vyjLdw,611.266,613.63,2.364,1.0,1.0,7.05,/kaggle/working/cut_cutfix_full_tier1_20260729_01/tier1/200_250/media/lFiT3vyjLdw_s0000611266_e0000613630.mp4,tier1,cuda,nvenc,cutfix_full_tier1_20260729_01
lFiT3vyjLdw_s0000614882_e0000621918,lFiT3vyjLdw,614.882,621.918,7.036,1.0,1.0,7.23,/kaggle/working/cut_cutfix_full_tier1_20260729_01/tier1/200_250/media/lFiT3vyjLdw_s0000614882_e0000621918.mp4,tier1,cuda,nvenc,cutfix_full_tier1_20260729_01
lFiT3vyjLdw_s0000632834_e0000635102,lFiT3vyjLdw,632.834,635.102,2.268,1.0,1.0,7.82,/kaggle/working/cut_cutfix_full_tier1_20260729_01/tier1/200_250/media/lFiT3vyjLdw_s0000632834_e0000635102.mp4,tier1,cuda,nvenc,cutfix_full_tier1_20260729_01
lFiT3vyjLdw_s0000637250_e0000639518,lFiT3vyjLdw,637.25,639.518,2.268,1.0,1.0,6.77,/kaggle/working/cut_cutfix_full_tier1_20260729_01/tier1/200_250/media/lFiT3vyjLdw_s0000637250_e0000639518.mp4,tier1,cuda,nvenc,cutfix_full_tier1_20260729_01
lFiT3vyjLdw_s0000641986_e0000644478,lFiT3vyjLdw,641.986,644.478,2.492,1.0,1.0,6.34,/kaggle/working/cut_cutfix_full_tier1_20260729_01/tier1/200_250/media/lFiT3vyjLdw_s0000641986_e0000644478.mp4,tier1,cuda,nvenc,cutfix_full_tier1_20260729_01
lFiT3vyjLdw_s0000644642_e0000651390,lFiT3vyjLdw,644.642,651.39,6.748,1.0,1.0,6.97,/kaggle/working/cut_cutfix_full_tier1_20260729_01/tier1/200_250/media/lFiT3vyjLdw_s0000644642_e0000651390.mp4,tier1,cuda,nvenc,cutfix_full_tier1_20260729_01
lFiT3vyjLdw_s0000651682_e0000656638,lFiT3vyjLdw,651.682,656.638,4.956,0.8,1.0,6.97,/kaggle/working/cut_cutfix_full_tier1_20260729_01/tier1/200_250/media/lFiT3vyjLdw_s0000651682_e0000656638.mp4,tier1,cuda,nvenc,cutfix_full_tier1_20260729_01
lFiT3vyjLdw_s0000656834_e0000659102,lFiT3vyjLdw,656.834,659.102,2.268,1.0,1.0,6.44,/kaggle/working/cut_cutfix_full_tier1_20260729_01/tier1/200_250/media/lFiT3vyjLdw_s0000656834_e0000659102.mp4,tier1,cuda,nvenc,cutfix_full_tier1_20260729_01
lFiT3vyjLdw_s0000678338_e0000683338,lFiT3vyjLdw,678.338,683.338,5.0,1.0,1.0,6.78,/kaggle/working/cut_cutfix_full_tier1_20260729_01/tier1/200_250/media/lFiT3vyjLdw_s0000678338_e0000683338.mp4,tier1,cuda,nvenc,cutfix_full_tier1_20260729_01
lFiT3vyjLdw_s0000682338_e0000687338,lFiT3vyjLdw,682.338,687.338,5.0,0.8,1.0,7.08,/kaggle/working/cut_cutfix_full_tier1_20260729_01/tier1/200_250/media/lFiT3vyjLdw_s0000682338_e0000687338.mp4,tier1,cuda,nvenc,cutfix_full_tier1_20260729_01
lFiT3vyjLdw_s0000686338_e0000691338,lFiT3vyjLdw,686.338,691.338,5.0,1.0,1.0,6.69,/kaggle/working/cut_cutfix_full_tier1_20260729_01/tier1/200_250/media/lFiT3vyjLdw_s0000686338_e0000691338.mp4,tier1,cuda,nvenc,cutfix_full_tier1_20260729_01
lFiT3vyjLdw_s0000690338_e0000695338,lFiT3vyjLdw,690.338,695.338,5.0,1.0,1.0,6.46,/kaggle/working/cut_cutfix_full_tier1_20260729_01/tier1/200_250/media/lFiT3vyjLdw_s0000690338_e0000695338.mp4,tier1,cuda,nvenc,cutfix_full_tier1_20260729_01
lFiT3vyjLdw_s0000697538_e0000701598,lFiT3vyjLdw,697.538,701.598,4.06,1.0,1.0,5.81,/kaggle/working/cut_cutfix_full_tier1_20260729_01/tier1/200_250/media/lFiT3vyjLdw_s0000697538_e0000701598.mp4,tier1,cuda,nvenc,cutfix_full_tier1_20260729_01
