video,filename,start,end,reason,detail,run_id,tier
I5pa5xQhDeQ,I5pa5xQhDeQ.mp4,18.786,19.486,segment_too_short,,cutfix_full_tier1_20260729_01,tier1
I5pa5xQhDeQ,I5pa5xQhDeQ.mp4,19.682,20.926,segment_too_short,,cutfix_full_tier1_20260729_01,tier1
I5pa5xQhDeQ,I5pa5xQhDeQ.mp4,21.698,23.55,segment_too_short,,cutfix_full_tier1_20260729_01,tier1
I5pa5xQhDeQ,I5pa5xQhDeQ.mp4,23.682,24.062,segment_too_short,,cutfix_full_tier1_20260729_01,tier1
I5pa5xQhDeQ,I5pa5xQhDeQ.mp4,48.898,49.822,segment_too_short,,cutfix_full_tier1_20260729_01,tier1
I5pa5xQhDeQ,I5pa5xQhDeQ.mp4,50.05,51.55,segment_too_short,,cutfix_full_tier1_20260729_01,tier1
I5pa5xQhDeQ,I5pa5xQhDeQ.mp4,51.938,52.542,segment_too_short,,cutfix_full_tier1_20260729_01,tier1
I5pa5xQhDeQ,I5pa5xQhDeQ.mp4,73.602,79.294,face_density_low,,cutfix_full_tier1_20260729_01,tier1
I5pa5xQhDeQ,I5pa5xQhDeQ.mp4,79.81,81.598,segment_too_short,,cutfix_full_tier1_20260729_01,tier1
I5pa5xQhDeQ,I5pa5xQhDeQ.mp4,81.762,83.07,segment_too_short,,cutfix_full_tier1_20260729_01,tier1
I5pa5xQhDeQ,I5pa5xQhDeQ.mp4,113.57,118.57,face_density_low,,cutfix_full_tier1_20260729_01,tier1
I5pa5xQhDeQ,I5pa5xQhDeQ.mp4,117.57,122.57,face_density_low,,cutfix_full_tier1_20260729_01,tier1
I5pa5xQhDeQ,I5pa5xQhDeQ.mp4,139.138,140.51,segment_too_short,,cutfix_full_tier1_20260729_01,tier1
I5pa5xQhDeQ,I5pa5xQhDeQ.mp4,148.898,149.502,segment_too_short,,cutfix_full_tier1_20260729_01,tier1
I5pa5xQhDeQ,I5pa5xQhDeQ.mp4,155.01,156.318,segment_too_short,,cutfix_full_tier1_20260729_01,tier1
I5pa5xQhDeQ,I5pa5xQhDeQ.mp4,175.97,176.286,segment_too_short,,cutfix_full_tier1_20260729_01,tier1
I5pa5xQhDeQ,I5pa5xQhDeQ.mp4,177.474,180.318,face_density_low,,cutfix_full_tier1_20260729_01,tier1
I5pa5xQhDeQ,I5pa5xQhDeQ.mp4,192.45,193.246,segment_too_short,,cutfix_full_tier1_20260729_01,tier1
I5pa5xQhDeQ,I5pa5xQhDeQ.mp4,193.602,194.558,segment_too_short,,cutfix_full_tier1_20260729_01,tier1
I5pa5xQhDeQ,I5pa5xQhDeQ.mp4,211.874,215.774,face_density_low,,cutfix_full_tier1_20260729_01,tier1
I5pa5xQhDeQ,I5pa5xQhDeQ.mp4,216.066,217.214,segment_too_short,,cutfix_full_tier1_20260729_01,tier1
I5pa5xQhDeQ,I5pa5xQhDeQ.mp4,222.594,230.654,face_density_low,,cutfix_full_tier1_20260729_01,tier1
I5pa5xQhDeQ,I5pa5xQhDeQ.mp4,231.074,231.646,segment_too_short,,cutfix_full_tier1_20260729_01,tier1
I5pa5xQhDeQ,I5pa5xQhDeQ.mp4,232.834,233.31,segment_too_short,,cutfix_full_tier1_20260729_01,tier1
I5pa5xQhDeQ,I5pa5xQhDeQ.mp4,234.562,245.566,scene_cut_detected,,cutfix_full_tier1_20260729_01,tier1
I5pa5xQhDeQ,I5pa5xQhDeQ.mp4,259.266,260.862,segment_too_short,,cutfix_full_tier1_20260729_01,tier1
I5pa5xQhDeQ,I5pa5xQhDeQ.mp4,261.314,262.782,segment_too_short,,cutfix_full_tier1_20260729_01,tier1
I5pa5xQhDeQ,I5pa5xQhDeQ.mp4,267.074,267.422,segment_too_short,,cutfix_full_tier1_20260729_01,tier1
I5pa5xQhDeQ,I5pa5xQhDeQ.mp4,269.41,270.974,segment_too_short,,cutfix_full_tier1_20260729_01,tier1
I5pa5xQhDeQ,I5pa5xQhDeQ.mp4,291.874,296.874,scene_cut_detected,,cutfix_full_tier1_20260729_01,tier1
I5pa5xQhDeQ,I5pa5xQhDeQ.mp4,297.858,302.59,scene_cut_detected,,cutfix_full_tier1_20260729_01,tier1
I5pa5xQhDeQ,I5pa5xQhDeQ.mp4,366.626,371.626,scene_cut_detected,,cutfix_full_tier1_20260729_01,tier1
I5pa5xQhDeQ,I5pa5xQhDeQ.mp4,370.626,375.626,scene_cut_detected,,cutfix_full_tier1_20260729_01,tier1
I5pa5xQhDeQ,I5pa5xQhDeQ.mp4,405.442,410.442,scene_cut_detected,,cutfix_full_tier1_20260729_01,tier1
I5pa5xQhDeQ,I5pa5xQhDeQ.mp4,409.442,414.442,scene_cut_detected,,cutfix_full_tier1_20260729_01,tier1
I5pa5xQhDeQ,I5pa5xQhDeQ.mp4,413.442,418.442,scene_cut_detected,,cutfix_full_tier1_20260729_01,tier1
I5pa5xQhDeQ,I5pa5xQhDeQ.mp4,565.282,565.886,segment_too_short,,cutfix_full_tier1_20260729_01,tier1
I5pa5xQhDeQ,I5pa5xQhDeQ.mp4,665.474,665.982,segment_too_short,,cutfix_full_tier1_20260729_01,tier1
I5pa5xQhDeQ,I5pa5xQhDeQ.mp4,677.378,678.174,segment_too_short,,cutfix_full_tier1_20260729_01,tier1
I5pa5xQhDeQ,I5pa5xQhDeQ.mp4,699.522,701.15,segment_too_short,,cutfix_full_tier1_20260729_01,tier1
I5pa5xQhDeQ,I5pa5xQhDeQ.mp4,701.25,702.174,segment_too_short,,cutfix_full_tier1_20260729_01,tier1
IKmc8AcRSlI,IKmc8AcRSlI.mp4,1.122,2.91,segment_too_short,,cutfix_full_tier1_20260729_01,tier1
IKmc8AcRSlI,IKmc8AcRSlI.mp4,3.042,4.414,segment_too_short,,cutfix_full_tier1_20260729_01,tier1
IKmc8AcRSlI,IKmc8AcRSlI.mp4,13.762,16.734,scene_cut_detected,,cutfix_full_tier1_20260729_01,tier1
IKmc8AcRSlI,IKmc8AcRSlI.mp4,16.834,17.534,segment_too_short,,cutfix_full_tier1_20260729_01,tier1
IKmc8AcRSlI,IKmc8AcRSlI.mp4,18.082,23.838,scene_cut_detected,,cutfix_full_tier1_20260729_01,tier1
IKmc8AcRSlI,IKmc8AcRSlI.mp4,27.554,28.542,segment_too_short,,cutfix_full_tier1_20260729_01,tier1
IKmc8AcRSlI,IKmc8AcRSlI.mp4,30.53,41.438,scene_cut_detected,,cutfix_full_tier1_20260729_01,tier1
IKmc8AcRSlI,IKmc8AcRSlI.mp4,41.602,46.078,scene_cut_detected,,cutfix_full_tier1_20260729_01,tier1
IKmc8AcRSlI,IKmc8AcRSlI.mp4,49.09,50.142,segment_too_short,,cutfix_full_tier1_20260729_01,tier1
IKmc8AcRSlI,IKmc8AcRSlI.mp4,50.242,54.078,scene_cut_detected,,cutfix_full_tier1_20260729_01,tier1
IKmc8AcRSlI,IKmc8AcRSlI.mp4,54.178,55.678,segment_too_short,,cutfix_full_tier1_20260729_01,tier1
IKmc8AcRSlI,IKmc8AcRSlI.mp4,56.45,57.214,segment_too_short,,cutfix_full_tier1_20260729_01,tier1
IKmc8AcRSlI,IKmc8AcRSlI.mp4,57.346,58.366,segment_too_short,,cutfix_full_tier1_20260729_01,tier1
IKmc8AcRSlI,IKmc8AcRSlI.mp4,58.722,59.422,segment_too_short,,cutfix_full_tier1_20260729_01,tier1
IKmc8AcRSlI,IKmc8AcRSlI.mp4,62.402,62.75,segment_too_short,,cutfix_full_tier1_20260729_01,tier1
IKmc8AcRSlI,IKmc8AcRSlI.mp4,63.042,63.806,segment_too_short,,cutfix_full_tier1_20260729_01,tier1
IKmc8AcRSlI,IKmc8AcRSlI.mp4,67.81,72.094,scene_cut_detected,,cutfix_full_tier1_20260729_01,tier1
IKmc8AcRSlI,IKmc8AcRSlI.mp4,72.546,73.886,segment_too_short,,cutfix_full_tier1_20260729_01,tier1
IKmc8AcRSlI,IKmc8AcRSlI.mp4,74.306,75.614,segment_too_short,,cutfix_full_tier1_20260729_01,tier1
IKmc8AcRSlI,IKmc8AcRSlI.mp4,75.842,78.142,scene_cut_detected,,cutfix_full_tier1_20260729_01,tier1
IKmc8AcRSlI,IKmc8AcRSlI.mp4,81.794,84.254,scene_cut_detected,,cutfix_full_tier1_20260729_01,tier1
IKmc8AcRSlI,IKmc8AcRSlI.mp4,84.994,85.886,segment_too_short,,cutfix_full_tier1_20260729_01,tier1
IKmc8AcRSlI,IKmc8AcRSlI.mp4,86.018,92.19,scene_cut_detected,,cutfix_full_tier1_20260729_01,tier1
IKmc8AcRSlI,IKmc8AcRSlI.mp4,93.826,94.846,segment_too_short,,cutfix_full_tier1_20260729_01,tier1
IKmc8AcRSlI,IKmc8AcRSlI.mp4,95.138,96.094,segment_too_short,,cutfix_full_tier1_20260729_01,tier1
IKmc8AcRSlI,IKmc8AcRSlI.mp4,99.906,101.214,segment_too_short,,cutfix_full_tier1_20260729_01,tier1
IKmc8AcRSlI,IKmc8AcRSlI.mp4,101.314,105.374,scene_cut_detected,,cutfix_full_tier1_20260729_01,tier1
IKmc8AcRSlI,IKmc8AcRSlI.mp4,105.506,108.094,scene_cut_detected,,cutfix_full_tier1_20260729_01,tier1
IKmc8AcRSlI,IKmc8AcRSlI.mp4,108.194,108.798,segment_too_short,,cutfix_full_tier1_20260729_01,tier1
IKmc8AcRSlI,IKmc8AcRSlI.mp4,113.954,117.886,scene_cut_detected,,cutfix_full_tier1_20260729_01,tier1
IKmc8AcRSlI,IKmc8AcRSlI.mp4,118.05,121.502,scene_cut_detected,,cutfix_full_tier1_20260729_01,tier1
IKmc8AcRSlI,IKmc8AcRSlI.mp4,121.666,122.43,segment_too_short,,cutfix_full_tier1_20260729_01,tier1
IKmc8AcRSlI,IKmc8AcRSlI.mp4,125.634,130.558,scene_cut_detected,,cutfix_full_tier1_20260729_01,tier1
IKmc8AcRSlI,IKmc8AcRSlI.mp4,131.906,132.574,segment_too_short,,cutfix_full_tier1_20260729_01,tier1
IKmc8AcRSlI,IKmc8AcRSlI.mp4,132.962,138.302,scene_cut_detected,,cutfix_full_tier1_20260729_01,tier1
IKmc8AcRSlI,IKmc8AcRSlI.mp4,138.434,142.27,scene_cut_detected,,cutfix_full_tier1_20260729_01,tier1
IKmc8AcRSlI,IKmc8AcRSlI.mp4,142.53,144.478,segment_too_short,,cutfix_full_tier1_20260729_01,tier1
IKmc8AcRSlI,IKmc8AcRSlI.mp4,144.866,146.142,segment_too_short,,cutfix_full_tier1_20260729_01,tier1
IKmc8AcRSlI,IKmc8AcRSlI.mp4,147.266,149.694,scene_cut_detected,,cutfix_full_tier1_20260729_01,tier1
IKmc8AcRSlI,IKmc8AcRSlI.mp4,151.554,152.894,segment_too_short,,cutfix_full_tier1_20260729_01,tier1
IKmc8AcRSlI,IKmc8AcRSlI.mp4,153.218,154.206,segment_too_short,,cutfix_full_tier1_20260729_01,tier1
IKmc8AcRSlI,IKmc8AcRSlI.mp4,154.338,155.166,segment_too_short,,cutfix_full_tier1_20260729_01,tier1
IKmc8AcRSlI,IKmc8AcRSlI.mp4,155.362,158.238,scene_cut_detected,,cutfix_full_tier1_20260729_01,tier1
IKmc8AcRSlI,IKmc8AcRSlI.mp4,158.37,158.942,segment_too_short,,cutfix_full_tier1_20260729_01,tier1
IKmc8AcRSlI,IKmc8AcRSlI.mp4,159.298,160.382,segment_too_short,,cutfix_full_tier1_20260729_01,tier1
IKmc8AcRSlI,IKmc8AcRSlI.mp4,160.674,164.83,scene_cut_detected,,cutfix_full_tier1_20260729_01,tier1
IKmc8AcRSlI,IKmc8AcRSlI.mp4,165.026,166.942,segment_too_short,,cutfix_full_tier1_20260729_01,tier1
IKmc8AcRSlI,IKmc8AcRSlI.mp4,167.234,169.086,segment_too_short,,cutfix_full_tier1_20260729_01,tier1
IKmc8AcRSlI,IKmc8AcRSlI.mp4,169.346,172.158,scene_cut_detected,,cutfix_full_tier1_20260729_01,tier1
IKmc8AcRSlI,IKmc8AcRSlI.mp4,173.154,177.246,scene_cut_detected,,cutfix_full_tier1_20260729_01,tier1
IKmc8AcRSlI,IKmc8AcRSlI.mp4,177.346,181.918,scene_cut_detected,,cutfix_full_tier1_20260729_01,tier1
IKmc8AcRSlI,IKmc8AcRSlI.mp4,182.338,192.158,scene_cut_detected,,cutfix_full_tier1_20260729_01,tier1
IKmc8AcRSlI,IKmc8AcRSlI.mp4,192.322,193.278,segment_too_short,,cutfix_full_tier1_20260729_01,tier1
IKmc8AcRSlI,IKmc8AcRSlI.mp4,193.378,199.998,scene_cut_detected,,cutfix_full_tier1_20260729_01,tier1
IKmc8AcRSlI,IKmc8AcRSlI.mp4,200.29,200.99,segment_too_short,,cutfix_full_tier1_20260729_01,tier1
IKmc8AcRSlI,IKmc8AcRSlI.mp4,201.57,204.894,scene_cut_detected,,cutfix_full_tier1_20260729_01,tier1
IKmc8AcRSlI,IKmc8AcRSlI.mp4,210.466,216.094,scene_cut_detected,,cutfix_full_tier1_20260729_01,tier1
IKmc8AcRSlI,IKmc8AcRSlI.mp4,220.098,222.142,scene_cut_detected,,cutfix_full_tier1_20260729_01,tier1
IKmc8AcRSlI,IKmc8AcRSlI.mp4,222.338,223.23,segment_too_short,,cutfix_full_tier1_20260729_01,tier1
IKmc8AcRSlI,IKmc8AcRSlI.mp4,223.362,224.862,segment_too_short,,cutfix_full_tier1_20260729_01,tier1
IKmc8AcRSlI,IKmc8AcRSlI.mp4,227.778,232.766,scene_cut_detected,,cutfix_full_tier1_20260729_01,tier1
IKmc8AcRSlI,IKmc8AcRSlI.mp4,233.154,234.366,segment_too_short,,cutfix_full_tier1_20260729_01,tier1
IKmc8AcRSlI,IKmc8AcRSlI.mp4,236.13,236.67,segment_too_short,,cutfix_full_tier1_20260729_01,tier1
IKmc8AcRSlI,IKmc8AcRSlI.mp4,242.37,243.614,segment_too_short,,cutfix_full_tier1_20260729_01,tier1
IKmc8AcRSlI,IKmc8AcRSlI.mp4,243.714,246.494,scene_cut_detected,,cutfix_full_tier1_20260729_01,tier1
IKmc8AcRSlI,IKmc8AcRSlI.mp4,250.53,254.526,scene_cut_detected,,cutfix_full_tier1_20260729_01,tier1
IKmc8AcRSlI,IKmc8AcRSlI.mp4,254.658,257.022,scene_cut_detected,,cutfix_full_tier1_20260729_01,tier1
IKmc8AcRSlI,IKmc8AcRSlI.mp4,257.122,261.086,scene_cut_detected,,cutfix_full_tier1_20260729_01,tier1
IKmc8AcRSlI,IKmc8AcRSlI.mp4,261.762,270.782,scene_cut_detected,,cutfix_full_tier1_20260729_01,tier1
IKmc8AcRSlI,IKmc8AcRSlI.mp4,270.978,272.542,segment_too_short,,cutfix_full_tier1_20260729_01,tier1
IKmc8AcRSlI,IKmc8AcRSlI.mp4,278.21,279.678,segment_too_short,,cutfix_full_tier1_20260729_01,tier1
IKmc8AcRSlI,IKmc8AcRSlI.mp4,279.906,281.15,segment_too_short,,cutfix_full_tier1_20260729_01,tier1
IKmc8AcRSlI,IKmc8AcRSlI.mp4,281.41,282.494,segment_too_short,,cutfix_full_tier1_20260729_01,tier1
IKmc8AcRSlI,IKmc8AcRSlI.mp4,287.65,288.126,segment_too_short,,cutfix_full_tier1_20260729_01,tier1
IKmc8AcRSlI,IKmc8AcRSlI.mp4,288.386,289.374,segment_too_short,,cutfix_full_tier1_20260729_01,tier1
IKmc8AcRSlI,IKmc8AcRSlI.mp4,293.858,298.302,scene_cut_detected,,cutfix_full_tier1_20260729_01,tier1
IKmc8AcRSlI,IKmc8AcRSlI.mp4,298.434,300.19,segment_too_short,,cutfix_full_tier1_20260729_01,tier1
IKmc8AcRSlI,IKmc8AcRSlI.mp4,301.058,302.142,segment_too_short,,cutfix_full_tier1_20260729_01,tier1
IKmc8AcRSlI,IKmc8AcRSlI.mp4,302.274,303.486,segment_too_short,,cutfix_full_tier1_20260729_01,tier1
IKmc8AcRSlI,IKmc8AcRSlI.mp4,304.098,305.662,segment_too_short,,cutfix_full_tier1_20260729_01,tier1
IKmc8AcRSlI,IKmc8AcRSlI.mp4,307.81,308.798,segment_too_short,,cutfix_full_tier1_20260729_01,tier1
IKmc8AcRSlI,IKmc8AcRSlI.mp4,309.026,309.79,segment_too_short,,cutfix_full_tier1_20260729_01,tier1
IKmc8AcRSlI,IKmc8AcRSlI.mp4,310.306,315.518,scene_cut_detected,,cutfix_full_tier1_20260729_01,tier1
IKmc8AcRSlI,IKmc8AcRSlI.mp4,324.706,335.198,scene_cut_detected,,cutfix_full_tier1_20260729_01,tier1
IKmc8AcRSlI,IKmc8AcRSlI.mp4,335.554,339.774,scene_cut_detected,,cutfix_full_tier1_20260729_01,tier1
IKmc8AcRSlI,IKmc8AcRSlI.mp4,342.05,342.75,segment_too_short,,cutfix_full_tier1_20260729_01,tier1
IKmc8AcRSlI,IKmc8AcRSlI.mp4,342.882,344.158,segment_too_short,,cutfix_full_tier1_20260729_01,tier1
IKmc8AcRSlI,IKmc8AcRSlI.mp4,344.642,345.31,segment_too_short,,cutfix_full_tier1_20260729_01,tier1
IKmc8AcRSlI,IKmc8AcRSlI.mp4,350.722,357.47,scene_cut_detected,,cutfix_full_tier1_20260729_01,tier1
IKmc8AcRSlI,IKmc8AcRSlI.mp4,357.602,359.166,segment_too_short,,cutfix_full_tier1_20260729_01,tier1
IKmc8AcRSlI,IKmc8AcRSlI.mp4,359.362,362.814,scene_cut_detected,,cutfix_full_tier1_20260729_01,tier1
IKmc8AcRSlI,IKmc8AcRSlI.mp4,364.066,371.166,scene_cut_detected,,cutfix_full_tier1_20260729_01,tier1
IKmc8AcRSlI,IKmc8AcRSlI.mp4,372.066,373.214,segment_too_short,,cutfix_full_tier1_20260729_01,tier1
IKmc8AcRSlI,IKmc8AcRSlI.mp4,377.09,377.566,segment_too_short,,cutfix_full_tier1_20260729_01,tier1
IKmc8AcRSlI,IKmc8AcRSlI.mp4,378.018,378.558,segment_too_short,,cutfix_full_tier1_20260729_01,tier1
IKmc8AcRSlI,IKmc8AcRSlI.mp4,379.746,383.198,scene_cut_detected,,cutfix_full_tier1_20260729_01,tier1
IKmc8AcRSlI,IKmc8AcRSlI.mp4,383.426,389.822,scene_cut_detected,,cutfix_full_tier1_20260729_01,tier1
IKmc8AcRSlI,IKmc8AcRSlI.mp4,391.074,391.71,segment_too_short,,cutfix_full_tier1_20260729_01,tier1
IKmc8AcRSlI,IKmc8AcRSlI.mp4,392.066,396.862,scene_cut_detected,,cutfix_full_tier1_20260729_01,tier1
IKmc8AcRSlI,IKmc8AcRSlI.mp4,397.25,403.902,scene_cut_detected,,cutfix_full_tier1_20260729_01,tier1
IKmc8AcRSlI,IKmc8AcRSlI.mp4,409.186,410.59,segment_too_short,,cutfix_full_tier1_20260729_01,tier1
IKmc8AcRSlI,IKmc8AcRSlI.mp4,411.17,411.55,segment_too_short,,cutfix_full_tier1_20260729_01,tier1
IKmc8AcRSlI,IKmc8AcRSlI.mp4,412.546,413.15,segment_too_short,,cutfix_full_tier1_20260729_01,tier1
IKmc8AcRSlI,IKmc8AcRSlI.mp4,413.314,413.726,segment_too_short,,cutfix_full_tier1_20260729_01,tier1
IKmc8AcRSlI,IKmc8AcRSlI.mp4,413.922,414.654,segment_too_short,,cutfix_full_tier1_20260729_01,tier1
IKmc8AcRSlI,IKmc8AcRSlI.mp4,415.01,416.03,segment_too_short,,cutfix_full_tier1_20260729_01,tier1
IKmc8AcRSlI,IKmc8AcRSlI.mp4,416.834,420.51,scene_cut_detected,,cutfix_full_tier1_20260729_01,tier1
IKmc8AcRSlI,IKmc8AcRSlI.mp4,424.61,425.63,segment_too_short,,cutfix_full_tier1_20260729_01,tier1
IKmc8AcRSlI,IKmc8AcRSlI.mp4,426.626,427.838,segment_too_short,,cutfix_full_tier1_20260729_01,tier1
IKmc8AcRSlI,IKmc8AcRSlI.mp4,432.13,435.262,scene_cut_detected,,cutfix_full_tier1_20260729_01,tier1
IKmc8AcRSlI,IKmc8AcRSlI.mp4,439.042,440.286,segment_too_short,,cutfix_full_tier1_20260729_01,tier1
IKmc8AcRSlI,IKmc8AcRSlI.mp4,440.45,442.11,segment_too_short,,cutfix_full_tier1_20260729_01,tier1
IKmc8AcRSlI,IKmc8AcRSlI.mp4,442.594,443.262,segment_too_short,,cutfix_full_tier1_20260729_01,tier1
IKmc8AcRSlI,IKmc8AcRSlI.mp4,443.394,443.838,segment_too_short,,cutfix_full_tier1_20260729_01,tier1
IKmc8AcRSlI,IKmc8AcRSlI.mp4,444.034,444.478,segment_too_short,,cutfix_full_tier1_20260729_01,tier1
IKmc8AcRSlI,IKmc8AcRSlI.mp4,444.642,445.342,segment_too_short,,cutfix_full_tier1_20260729_01,tier1
IKmc8AcRSlI,IKmc8AcRSlI.mp4,446.85,450.686,scene_cut_detected,,cutfix_full_tier1_20260729_01,tier1
IKmc8AcRSlI,IKmc8AcRSlI.mp4,451.586,452.606,segment_too_short,,cutfix_full_tier1_20260729_01,tier1
IKmc8AcRSlI,IKmc8AcRSlI.mp4,453.538,456.894,scene_cut_detected,,cutfix_full_tier1_20260729_01,tier1
IKmc8AcRSlI,IKmc8AcRSlI.mp4,457.186,463.422,scene_cut_detected,,cutfix_full_tier1_20260729_01,tier1
IKmc8AcRSlI,IKmc8AcRSlI.mp4,463.618,467.134,scene_cut_detected,,cutfix_full_tier1_20260729_01,tier1
IKmc8AcRSlI,IKmc8AcRSlI.mp4,468.45,470.814,scene_cut_detected,,cutfix_full_tier1_20260729_01,tier1
IKmc8AcRSlI,IKmc8AcRSlI.mp4,476.29,477.598,segment_too_short,,cutfix_full_tier1_20260729_01,tier1
IKmc8AcRSlI,IKmc8AcRSlI.mp4,478.114,479.518,segment_too_short,,cutfix_full_tier1_20260729_01,tier1
IKmc8AcRSlI,IKmc8AcRSlI.mp4,480.546,482.494,segment_too_short,,cutfix_full_tier1_20260729_01,tier1
IKmc8AcRSlI,IKmc8AcRSlI.mp4,482.754,484.03,segment_too_short,,cutfix_full_tier1_20260729_01,tier1
IKmc8AcRSlI,IKmc8AcRSlI.mp4,488.482,493.182,scene_cut_detected,,cutfix_full_tier1_20260729_01,tier1
IKmc8AcRSlI,IKmc8AcRSlI.mp4,493.378,494.334,segment_too_short,,cutfix_full_tier1_20260729_01,tier1
IKmc8AcRSlI,IKmc8AcRSlI.mp4,494.786,496.062,segment_too_short,,cutfix_full_tier1_20260729_01,tier1
IKmc8AcRSlI,IKmc8AcRSlI.mp4,496.386,500.158,face_density_low,,cutfix_full_tier1_20260729_01,tier1
IKmc8AcRSlI,IKmc8AcRSlI.mp4,508.994,509.982,segment_too_short,,cutfix_full_tier1_20260729_01,tier1
IKmc8AcRSlI,IKmc8AcRSlI.mp4,516.194,520.894,scene_cut_detected,,cutfix_full_tier1_20260729_01,tier1
IKmc8AcRSlI,IKmc8AcRSlI.mp4,521.186,522.494,segment_too_short,,cutfix_full_tier1_20260729_01,tier1
IKmc8AcRSlI,IKmc8AcRSlI.mp4,526.114,528.094,segment_too_short,,cutfix_full_tier1_20260729_01,tier1
IKmc8AcRSlI,IKmc8AcRSlI.mp4,528.194,529.534,segment_too_short,,cutfix_full_tier1_20260729_01,tier1
IKmc8AcRSlI,IKmc8AcRSlI.mp4,530.274,530.75,segment_too_short,,cutfix_full_tier1_20260729_01,tier1
IKmc8AcRSlI,IKmc8AcRSlI.mp4,532.898,534.91,scene_cut_detected,,cutfix_full_tier1_20260729_01,tier1
IKmc8AcRSlI,IKmc8AcRSlI.mp4,535.586,537.022,segment_too_short,,cutfix_full_tier1_20260729_01,tier1
IKmc8AcRSlI,IKmc8AcRSlI.mp4,539.49,539.998,segment_too_short,,cutfix_full_tier1_20260729_01,tier1
IKmc8AcRSlI,IKmc8AcRSlI.mp4,543.106,543.678,segment_too_short,,cutfix_full_tier1_20260729_01,tier1
IKmc8AcRSlI,IKmc8AcRSlI.mp4,546.37,546.718,segment_too_short,,cutfix_full_tier1_20260729_01,tier1
IKmc8AcRSlI,IKmc8AcRSlI.mp4,554.082,554.974,segment_too_short,,cutfix_full_tier1_20260729_01,tier1
IKmc8AcRSlI,IKmc8AcRSlI.mp4,557.314,558.526,segment_too_short,,cutfix_full_tier1_20260729_01,tier1
IKmc8AcRSlI,IKmc8AcRSlI.mp4,559.042,559.454,segment_too_short,,cutfix_full_tier1_20260729_01,tier1
IKmc8AcRSlI,IKmc8AcRSlI.mp4,560.45,560.798,segment_too_short,,cutfix_full_tier1_20260729_01,tier1
IKmc8AcRSlI,IKmc8AcRSlI.mp4,561.026,565.854,scene_cut_detected,,cutfix_full_tier1_20260729_01,tier1
IKmc8AcRSlI,IKmc8AcRSlI.mp4,566.594,570.974,scene_cut_detected,,cutfix_full_tier1_20260729_01,tier1
IKmc8AcRSlI,IKmc8AcRSlI.mp4,571.202,572.798,segment_too_short,,cutfix_full_tier1_20260729_01,tier1
IKmc8AcRSlI,IKmc8AcRSlI.mp4,572.93,573.438,segment_too_short,,cutfix_full_tier1_20260729_01,tier1
IKmc8AcRSlI,IKmc8AcRSlI.mp4,573.666,579.038,scene_cut_detected,,cutfix_full_tier1_20260729_01,tier1
IKmc8AcRSlI,IKmc8AcRSlI.mp4,579.17,579.934,segment_too_short,,cutfix_full_tier1_20260729_01,tier1
IKmc8AcRSlI,IKmc8AcRSlI.mp4,580.066,580.83,segment_too_short,,cutfix_full_tier1_20260729_01,tier1
IKmc8AcRSlI,IKmc8AcRSlI.mp4,581.058,582.654,segment_too_short,,cutfix_full_tier1_20260729_01,tier1
IKmc8AcRSlI,IKmc8AcRSlI.mp4,582.818,584.254,segment_too_short,,cutfix_full_tier1_20260729_01,tier1
IKmc8AcRSlI,IKmc8AcRSlI.mp4,584.674,586.654,segment_too_short,,cutfix_full_tier1_20260729_01,tier1
IKmc8AcRSlI,IKmc8AcRSlI.mp4,587.042,587.934,segment_too_short,,cutfix_full_tier1_20260729_01,tier1
IKmc8AcRSlI,IKmc8AcRSlI.mp4,588.706,589.95,segment_too_short,,cutfix_full_tier1_20260729_01,tier1
IKmc8AcRSlI,IKmc8AcRSlI.mp4,590.146,590.942,segment_too_short,,cutfix_full_tier1_20260729_01,tier1
IKmc8AcRSlI,IKmc8AcRSlI.mp4,594.818,596.862,scene_cut_detected,,cutfix_full_tier1_20260729_01,tier1
IKmc8AcRSlI,IKmc8AcRSlI.mp4,597.314,600.254,scene_cut_detected,,cutfix_full_tier1_20260729_01,tier1
IKmc8AcRSlI,IKmc8AcRSlI.mp4,600.706,601.534,segment_too_short,,cutfix_full_tier1_20260729_01,tier1
IKmc8AcRSlI,IKmc8AcRSlI.mp4,601.826,605.886,scene_cut_detected,,cutfix_full_tier1_20260729_01,tier1
IKmc8AcRSlI,IKmc8AcRSlI.mp4,606.146,608.126,segment_too_short,,cutfix_full_tier1_20260729_01,tier1
IKmc8AcRSlI,IKmc8AcRSlI.mp4,627.586,629.534,segment_too_short,,cutfix_full_tier1_20260729_01,tier1
IKmc8AcRSlI,IKmc8AcRSlI.mp4,631.138,632.382,segment_too_short,,cutfix_full_tier1_20260729_01,tier1
IKmc8AcRSlI,IKmc8AcRSlI.mp4,632.738,634.686,segment_too_short,,cutfix_full_tier1_20260729_01,tier1
IKmc8AcRSlI,IKmc8AcRSlI.mp4,634.882,635.71,segment_too_short,,cutfix_full_tier1_20260729_01,tier1
IKmc8AcRSlI,IKmc8AcRSlI.mp4,639.81,640.158,segment_too_short,,cutfix_full_tier1_20260729_01,tier1
IZlCQIT9fDU,IZlCQIT9fDU.mp4,13.25,14.462,segment_too_short,,cutfix_full_tier1_20260729_01,tier1
IZlCQIT9fDU,IZlCQIT9fDU.mp4,17.794,19.454,segment_too_short,,cutfix_full_tier1_20260729_01,tier1
IZlCQIT9fDU,IZlCQIT9fDU.mp4,19.746,21.598,segment_too_short,,cutfix_full_tier1_20260729_01,tier1
IZlCQIT9fDU,IZlCQIT9fDU.mp4,22.018,24.702,face_density_low,,cutfix_full_tier1_20260729_01,tier1
IZlCQIT9fDU,IZlCQIT9fDU.mp4,25.026,27.198,scene_cut_detected,,cutfix_full_tier1_20260729_01,tier1
IZlCQIT9fDU,IZlCQIT9fDU.mp4,27.586,29.502,segment_too_short,,cutfix_full_tier1_20260729_01,tier1
IZlCQIT9fDU,IZlCQIT9fDU.mp4,30.114,32.734,face_density_low,,cutfix_full_tier1_20260729_01,tier1
IZlCQIT9fDU,IZlCQIT9fDU.mp4,33.474,36.638,scene_cut_detected,,cutfix_full_tier1_20260729_01,tier1
IZlCQIT9fDU,IZlCQIT9fDU.mp4,43.074,44.158,segment_too_short,,cutfix_full_tier1_20260729_01,tier1
IZlCQIT9fDU,IZlCQIT9fDU.mp4,44.258,46.11,segment_too_short,,cutfix_full_tier1_20260729_01,tier1
IZlCQIT9fDU,IZlCQIT9fDU.mp4,48.482,50.206,segment_too_short,,cutfix_full_tier1_20260729_01,tier1
IZlCQIT9fDU,IZlCQIT9fDU.mp4,62.018,63.614,segment_too_short,,cutfix_full_tier1_20260729_01,tier1
IZlCQIT9fDU,IZlCQIT9fDU.mp4,63.746,64.958,segment_too_short,,cutfix_full_tier1_20260729_01,tier1
IZlCQIT9fDU,IZlCQIT9fDU.mp4,67.906,68.862,segment_too_short,,cutfix_full_tier1_20260729_01,tier1
IZlCQIT9fDU,IZlCQIT9fDU.mp4,68.994,71.806,scene_cut_detected,,cutfix_full_tier1_20260729_01,tier1
IZlCQIT9fDU,IZlCQIT9fDU.mp4,75.97,79.134,scene_cut_detected,,cutfix_full_tier1_20260729_01,tier1
IZlCQIT9fDU,IZlCQIT9fDU.mp4,79.33,80.862,segment_too_short,,cutfix_full_tier1_20260729_01,tier1
IZlCQIT9fDU,IZlCQIT9fDU.mp4,81.154,82.814,segment_too_short,,cutfix_full_tier1_20260729_01,tier1
IZlCQIT9fDU,IZlCQIT9fDU.mp4,82.978,84.606,segment_too_short,,cutfix_full_tier1_20260729_01,tier1
IZlCQIT9fDU,IZlCQIT9fDU.mp4,84.77,85.854,segment_too_short,,cutfix_full_tier1_20260729_01,tier1
IZlCQIT9fDU,IZlCQIT9fDU.mp4,86.466,87.198,segment_too_short,,cutfix_full_tier1_20260729_01,tier1
IZlCQIT9fDU,IZlCQIT9fDU.mp4,87.426,92.606,scene_cut_detected,,cutfix_full_tier1_20260729_01,tier1
IZlCQIT9fDU,IZlCQIT9fDU.mp4,92.77,95.486,scene_cut_detected,,cutfix_full_tier1_20260729_01,tier1
IZlCQIT9fDU,IZlCQIT9fDU.mp4,98.21,99.774,segment_too_short,,cutfix_full_tier1_20260729_01,tier1
IZlCQIT9fDU,IZlCQIT9fDU.mp4,102.914,105.278,scene_cut_detected,,cutfix_full_tier1_20260729_01,tier1
IZlCQIT9fDU,IZlCQIT9fDU.mp4,105.474,106.398,segment_too_short,,cutfix_full_tier1_20260729_01,tier1
IZlCQIT9fDU,IZlCQIT9fDU.mp4,106.498,108.126,segment_too_short,,cutfix_full_tier1_20260729_01,tier1
IZlCQIT9fDU,IZlCQIT9fDU.mp4,108.29,112.254,scene_cut_detected,,cutfix_full_tier1_20260729_01,tier1
IZlCQIT9fDU,IZlCQIT9fDU.mp4,112.802,116.862,scene_cut_detected,,cutfix_full_tier1_20260729_01,tier1
IZlCQIT9fDU,IZlCQIT9fDU.mp4,119.906,121.662,segment_too_short,,cutfix_full_tier1_20260729_01,tier1
IZlCQIT9fDU,IZlCQIT9fDU.mp4,127.266,128.83,segment_too_short,,cutfix_full_tier1_20260729_01,tier1
IZlCQIT9fDU,IZlCQIT9fDU.mp4,131.586,132.862,segment_too_short,,cutfix_full_tier1_20260729_01,tier1
IZlCQIT9fDU,IZlCQIT9fDU.mp4,140.098,141.246,segment_too_short,,cutfix_full_tier1_20260729_01,tier1
IZlCQIT9fDU,IZlCQIT9fDU.mp4,141.442,143.934,scene_cut_detected,,cutfix_full_tier1_20260729_01,tier1
IZlCQIT9fDU,IZlCQIT9fDU.mp4,144.258,146.43,scene_cut_detected,,cutfix_full_tier1_20260729_01,tier1
IZlCQIT9fDU,IZlCQIT9fDU.mp4,146.594,148.254,segment_too_short,,cutfix_full_tier1_20260729_01,tier1
IZlCQIT9fDU,IZlCQIT9fDU.mp4,148.354,151.038,scene_cut_detected,,cutfix_full_tier1_20260729_01,tier1
IZlCQIT9fDU,IZlCQIT9fDU.mp4,151.138,152.382,segment_too_short,,cutfix_full_tier1_20260729_01,tier1
IZlCQIT9fDU,IZlCQIT9fDU.mp4,152.674,156.286,scene_cut_detected,,cutfix_full_tier1_20260729_01,tier1
IZlCQIT9fDU,IZlCQIT9fDU.mp4,156.61,158.366,segment_too_short,,cutfix_full_tier1_20260729_01,tier1
IZlCQIT9fDU,IZlCQIT9fDU.mp4,158.498,160.19,segment_too_short,,cutfix_full_tier1_20260729_01,tier1
IZlCQIT9fDU,IZlCQIT9fDU.mp4,162.914,164.766,segment_too_short,,cutfix_full_tier1_20260729_01,tier1
IZlCQIT9fDU,IZlCQIT9fDU.mp4,167.202,172.542,scene_cut_detected,,cutfix_full_tier1_20260729_01,tier1
IZlCQIT9fDU,IZlCQIT9fDU.mp4,172.738,174.942,scene_cut_detected,,cutfix_full_tier1_20260729_01,tier1
IZlCQIT9fDU,IZlCQIT9fDU.mp4,183.586,184.062,segment_too_short,,cutfix_full_tier1_20260729_01,tier1
IZlCQIT9fDU,IZlCQIT9fDU.mp4,187.362,188.766,segment_too_short,,cutfix_full_tier1_20260729_01,tier1
IZlCQIT9fDU,IZlCQIT9fDU.mp4,195.586,196.734,segment_too_short,,cutfix_full_tier1_20260729_01,tier1
IZlCQIT9fDU,IZlCQIT9fDU.mp4,196.962,197.502,segment_too_short,,cutfix_full_tier1_20260729_01,tier1
IZlCQIT9fDU,IZlCQIT9fDU.mp4,197.666,201.086,scene_cut_detected,,cutfix_full_tier1_20260729_01,tier1
IZlCQIT9fDU,IZlCQIT9fDU.mp4,201.538,203.774,scene_cut_detected,,cutfix_full_tier1_20260729_01,tier1
IZlCQIT9fDU,IZlCQIT9fDU.mp4,204.034,206.622,face_density_low,,cutfix_full_tier1_20260729_01,tier1
IZlCQIT9fDU,IZlCQIT9fDU.mp4,206.882,209.022,scene_cut_detected,,cutfix_full_tier1_20260729_01,tier1
IZlCQIT9fDU,IZlCQIT9fDU.mp4,209.41,209.918,segment_too_short,,cutfix_full_tier1_20260729_01,tier1
IZlCQIT9fDU,IZlCQIT9fDU.mp4,210.05,214.046,scene_cut_detected,,cutfix_full_tier1_20260729_01,tier1
IZlCQIT9fDU,IZlCQIT9fDU.mp4,214.178,215.55,segment_too_short,,cutfix_full_tier1_20260729_01,tier1
IZlCQIT9fDU,IZlCQIT9fDU.mp4,215.746,217.982,face_density_low,,cutfix_full_tier1_20260729_01,tier1
IZlCQIT9fDU,IZlCQIT9fDU.mp4,218.37,221.982,face_density_low,,cutfix_full_tier1_20260729_01,tier1
IZlCQIT9fDU,IZlCQIT9fDU.mp4,222.21,224.67,scene_cut_detected,,cutfix_full_tier1_20260729_01,tier1
IZlCQIT9fDU,IZlCQIT9fDU.mp4,224.77,226.59,segment_too_short,,cutfix_full_tier1_20260729_01,tier1
IZlCQIT9fDU,IZlCQIT9fDU.mp4,226.946,230.782,scene_cut_detected,,cutfix_full_tier1_20260729_01,tier1
IZlCQIT9fDU,IZlCQIT9fDU.mp4,231.138,234.91,scene_cut_detected,,cutfix_full_tier1_20260729_01,tier1
IZlCQIT9fDU,IZlCQIT9fDU.mp4,241.89,244.574,scene_cut_detected,,cutfix_full_tier1_20260729_01,tier1
IZlCQIT9fDU,IZlCQIT9fDU.mp4,252.866,254.718,segment_too_short,,cutfix_full_tier1_20260729_01,tier1
IZlCQIT9fDU,IZlCQIT9fDU.mp4,255.074,255.582,segment_too_short,,cutfix_full_tier1_20260729_01,tier1
IZlCQIT9fDU,IZlCQIT9fDU.mp4,255.746,259.166,face_density_low,,cutfix_full_tier1_20260729_01,tier1
IZlCQIT9fDU,IZlCQIT9fDU.mp4,259.266,260.638,segment_too_short,,cutfix_full_tier1_20260729_01,tier1
IZlCQIT9fDU,IZlCQIT9fDU.mp4,261.026,263.646,face_density_low,,cutfix_full_tier1_20260729_01,tier1
IZlCQIT9fDU,IZlCQIT9fDU.mp4,263.778,265.534,segment_too_short,,cutfix_full_tier1_20260729_01,tier1
IZlCQIT9fDU,IZlCQIT9fDU.mp4,268.322,272.446,face_density_low,,cutfix_full_tier1_20260729_01,tier1
IZlCQIT9fDU,IZlCQIT9fDU.mp4,272.578,273.822,segment_too_short,,cutfix_full_tier1_20260729_01,tier1
IZlCQIT9fDU,IZlCQIT9fDU.mp4,273.954,274.718,segment_too_short,,cutfix_full_tier1_20260729_01,tier1
IZlCQIT9fDU,IZlCQIT9fDU.mp4,280.226,280.734,segment_too_short,,cutfix_full_tier1_20260729_01,tier1
IZlCQIT9fDU,IZlCQIT9fDU.mp4,280.866,282.526,segment_too_short,,cutfix_full_tier1_20260729_01,tier1
IZlCQIT9fDU,IZlCQIT9fDU.mp4,282.818,284.798,segment_too_short,,cutfix_full_tier1_20260729_01,tier1
IZlCQIT9fDU,IZlCQIT9fDU.mp4,290.882,292.574,segment_too_short,,cutfix_full_tier1_20260729_01,tier1
IZlCQIT9fDU,IZlCQIT9fDU.mp4,292.994,296.158,scene_cut_detected,,cutfix_full_tier1_20260729_01,tier1
IZlCQIT9fDU,IZlCQIT9fDU.mp4,301.57,302.814,segment_too_short,,cutfix_full_tier1_20260729_01,tier1
IZlCQIT9fDU,IZlCQIT9fDU.mp4,302.914,304.734,segment_too_short,,cutfix_full_tier1_20260729_01,tier1
IZlCQIT9fDU,IZlCQIT9fDU.mp4,305.378,307.006,segment_too_short,,cutfix_full_tier1_20260729_01,tier1
IZlCQIT9fDU,IZlCQIT9fDU.mp4,309.698,310.782,segment_too_short,,cutfix_full_tier1_20260729_01,tier1
IZlCQIT9fDU,IZlCQIT9fDU.mp4,313.474,316.414,scene_cut_detected,,cutfix_full_tier1_20260729_01,tier1
IZlCQIT9fDU,IZlCQIT9fDU.mp4,316.578,318.334,segment_too_short,,cutfix_full_tier1_20260729_01,tier1
IZlCQIT9fDU,IZlCQIT9fDU.mp4,318.53,323.102,scene_cut_detected,,cutfix_full_tier1_20260729_01,tier1
IZlCQIT9fDU,IZlCQIT9fDU.mp4,328.994,331.006,scene_cut_detected,,cutfix_full_tier1_20260729_01,tier1
IZlCQIT9fDU,IZlCQIT9fDU.mp4,331.33,332.894,segment_too_short,,cutfix_full_tier1_20260729_01,tier1
IZlCQIT9fDU,IZlCQIT9fDU.mp4,333.058,334.846,segment_too_short,,cutfix_full_tier1_20260729_01,tier1
IZlCQIT9fDU,IZlCQIT9fDU.mp4,334.978,336.254,segment_too_short,,cutfix_full_tier1_20260729_01,tier1
IZlCQIT9fDU,IZlCQIT9fDU.mp4,336.642,338.75,scene_cut_detected,,cutfix_full_tier1_20260729_01,tier1
IZlCQIT9fDU,IZlCQIT9fDU.mp4,339.01,340.926,segment_too_short,,cutfix_full_tier1_20260729_01,tier1
IZlCQIT9fDU,IZlCQIT9fDU.mp4,341.122,343.774,face_density_low,,cutfix_full_tier1_20260729_01,tier1
IZlCQIT9fDU,IZlCQIT9fDU.mp4,343.97,345.886,segment_too_short,,cutfix_full_tier1_20260729_01,tier1
IZlCQIT9fDU,IZlCQIT9fDU.mp4,346.05,346.974,segment_too_short,,cutfix_full_tier1_20260729_01,tier1
IZlCQIT9fDU,IZlCQIT9fDU.mp4,347.138,347.998,segment_too_short,,cutfix_full_tier1_20260729_01,tier1
IZlCQIT9fDU,IZlCQIT9fDU.mp4,348.098,349.278,segment_too_short,,cutfix_full_tier1_20260729_01,tier1
IZlCQIT9fDU,IZlCQIT9fDU.mp4,349.378,351.07,segment_too_short,,cutfix_full_tier1_20260729_01,tier1
IZlCQIT9fDU,IZlCQIT9fDU.mp4,351.202,353.022,segment_too_short,,cutfix_full_tier1_20260729_01,tier1
IZlCQIT9fDU,IZlCQIT9fDU.mp4,353.218,355.934,face_density_low,,cutfix_full_tier1_20260729_01,tier1
IZlCQIT9fDU,IZlCQIT9fDU.mp4,356.354,356.894,segment_too_short,,cutfix_full_tier1_20260729_01,tier1
IZlCQIT9fDU,IZlCQIT9fDU.mp4,357.026,360.126,face_density_low,,cutfix_full_tier1_20260729_01,tier1
IZlCQIT9fDU,IZlCQIT9fDU.mp4,364.77,366.686,segment_too_short,,cutfix_full_tier1_20260729_01,tier1
IZlCQIT9fDU,IZlCQIT9fDU.mp4,366.818,367.838,segment_too_short,,cutfix_full_tier1_20260729_01,tier1
IZlCQIT9fDU,IZlCQIT9fDU.mp4,367.938,369.086,segment_too_short,,cutfix_full_tier1_20260729_01,tier1
IZlCQIT9fDU,IZlCQIT9fDU.mp4,374.53,375.038,segment_too_short,,cutfix_full_tier1_20260729_01,tier1
IZlCQIT9fDU,IZlCQIT9fDU.mp4,375.138,376.19,segment_too_short,,cutfix_full_tier1_20260729_01,tier1
IZlCQIT9fDU,IZlCQIT9fDU.mp4,376.418,378.43,face_density_low,,cutfix_full_tier1_20260729_01,tier1
IZlCQIT9fDU,IZlCQIT9fDU.mp4,378.658,381.15,face_density_low,,cutfix_full_tier1_20260729_01,tier1
IZlCQIT9fDU,IZlCQIT9fDU.mp4,385.25,386.174,segment_too_short,,cutfix_full_tier1_20260729_01,tier1
IZlCQIT9fDU,IZlCQIT9fDU.mp4,386.338,388.158,segment_too_short,,cutfix_full_tier1_20260729_01,tier1
IZlCQIT9fDU,IZlCQIT9fDU.mp4,388.258,390.75,scene_cut_detected,,cutfix_full_tier1_20260729_01,tier1
IZlCQIT9fDU,IZlCQIT9fDU.mp4,391.266,392.574,segment_too_short,,cutfix_full_tier1_20260729_01,tier1
IZlCQIT9fDU,IZlCQIT9fDU.mp4,392.77,396.062,scene_cut_detected,,cutfix_full_tier1_20260729_01,tier1
IZlCQIT9fDU,IZlCQIT9fDU.mp4,396.194,397.31,segment_too_short,,cutfix_full_tier1_20260729_01,tier1
IZlCQIT9fDU,IZlCQIT9fDU.mp4,397.474,398.654,segment_too_short,,cutfix_full_tier1_20260729_01,tier1
IZlCQIT9fDU,IZlCQIT9fDU.mp4,398.818,400.67,segment_too_short,,cutfix_full_tier1_20260729_01,tier1
IZlCQIT9fDU,IZlCQIT9fDU.mp4,400.866,404.094,scene_cut_detected,,cutfix_full_tier1_20260729_01,tier1
IZlCQIT9fDU,IZlCQIT9fDU.mp4,404.514,405.982,segment_too_short,,cutfix_full_tier1_20260729_01,tier1
IZlCQIT9fDU,IZlCQIT9fDU.mp4,406.178,408.83,scene_cut_detected,,cutfix_full_tier1_20260729_01,tier1
IZlCQIT9fDU,IZlCQIT9fDU.mp4,409.026,411.934,scene_cut_detected,,cutfix_full_tier1_20260729_01,tier1
IZlCQIT9fDU,IZlCQIT9fDU.mp4,412.162,413.918,segment_too_short,,cutfix_full_tier1_20260729_01,tier1
IZlCQIT9fDU,IZlCQIT9fDU.mp4,416.354,417.662,segment_too_short,,cutfix_full_tier1_20260729_01,tier1
IZlCQIT9fDU,IZlCQIT9fDU.mp4,417.794,420.254,face_density_low,,cutfix_full_tier1_20260729_01,tier1
IZlCQIT9fDU,IZlCQIT9fDU.mp4,429.506,430.11,segment_too_short,,cutfix_full_tier1_20260729_01,tier1
IZlCQIT9fDU,IZlCQIT9fDU.mp4,430.242,433.086,face_density_low,,cutfix_full_tier1_20260729_01,tier1
IZlCQIT9fDU,IZlCQIT9fDU.mp4,433.282,435.966,face_density_low,,cutfix_full_tier1_20260729_01,tier1
IZlCQIT9fDU,IZlCQIT9fDU.mp4,436.13,439.23,face_density_low,,cutfix_full_tier1_20260729_01,tier1
IZlCQIT9fDU,IZlCQIT9fDU.mp4,439.33,440.638,segment_too_short,,cutfix_full_tier1_20260729_01,tier1
IZlCQIT9fDU,IZlCQIT9fDU.mp4,440.802,443.486,face_density_low,,cutfix_full_tier1_20260729_01,tier1
IZlCQIT9fDU,IZlCQIT9fDU.mp4,443.586,444.446,segment_too_short,,cutfix_full_tier1_20260729_01,tier1
IZlCQIT9fDU,IZlCQIT9fDU.mp4,444.61,447.166,face_density_low,,cutfix_full_tier1_20260729_01,tier1
IZlCQIT9fDU,IZlCQIT9fDU.mp4,447.554,449.438,segment_too_short,,cutfix_full_tier1_20260729_01,tier1
IZlCQIT9fDU,IZlCQIT9fDU.mp4,449.538,451.23,segment_too_short,,cutfix_full_tier1_20260729_01,tier1
IZlCQIT9fDU,IZlCQIT9fDU.mp4,451.458,454.302,scene_cut_detected,,cutfix_full_tier1_20260729_01,tier1
IZlCQIT9fDU,IZlCQIT9fDU.mp4,454.402,456.83,face_density_low,,cutfix_full_tier1_20260729_01,tier1
IZlCQIT9fDU,IZlCQIT9fDU.mp4,461.826,463.262,segment_too_short,,cutfix_full_tier1_20260729_01,tier1
IZlCQIT9fDU,IZlCQIT9fDU.mp4,463.426,465.982,face_density_low,,cutfix_full_tier1_20260729_01,tier1
IZlCQIT9fDU,IZlCQIT9fDU.mp4,466.178,468.254,scene_cut_detected,,cutfix_full_tier1_20260729_01,tier1
IZlCQIT9fDU,IZlCQIT9fDU.mp4,468.418,469.854,segment_too_short,,cutfix_full_tier1_20260729_01,tier1
IZlCQIT9fDU,IZlCQIT9fDU.mp4,470.018,471.102,segment_too_short,,cutfix_full_tier1_20260729_01,tier1
IZlCQIT9fDU,IZlCQIT9fDU.mp4,471.298,473.118,segment_too_short,,cutfix_full_tier1_20260729_01,tier1
IZlCQIT9fDU,IZlCQIT9fDU.mp4,476.546,477.662,segment_too_short,,cutfix_full_tier1_20260729_01,tier1
IZlCQIT9fDU,IZlCQIT9fDU.mp4,477.762,479.134,segment_too_short,,cutfix_full_tier1_20260729_01,tier1
IZlCQIT9fDU,IZlCQIT9fDU.mp4,479.266,482.558,face_density_low,,cutfix_full_tier1_20260729_01,tier1
IZlCQIT9fDU,IZlCQIT9fDU.mp4,482.882,485.982,face_density_low,,cutfix_full_tier1_20260729_01,tier1
IZlCQIT9fDU,IZlCQIT9fDU.mp4,486.146,490.526,face_density_low,,cutfix_full_tier1_20260729_01,tier1
IZlCQIT9fDU,IZlCQIT9fDU.mp4,493.378,494.302,segment_too_short,,cutfix_full_tier1_20260729_01,tier1
IZlCQIT9fDU,IZlCQIT9fDU.mp4,494.594,496.542,segment_too_short,,cutfix_full_tier1_20260729_01,tier1
IZlCQIT9fDU,IZlCQIT9fDU.mp4,500.002,501.598,segment_too_short,,cutfix_full_tier1_20260729_01,tier1
IZlCQIT9fDU,IZlCQIT9fDU.mp4,502.018,502.526,segment_too_short,,cutfix_full_tier1_20260729_01,tier1
IZlCQIT9fDU,IZlCQIT9fDU.mp4,506.274,507.23,segment_too_short,,cutfix_full_tier1_20260729_01,tier1
IZlCQIT9fDU,IZlCQIT9fDU.mp4,507.33,508.638,segment_too_short,,cutfix_full_tier1_20260729_01,tier1
IZlCQIT9fDU,IZlCQIT9fDU.mp4,511.33,512.094,segment_too_short,,cutfix_full_tier1_20260729_01,tier1
IZlCQIT9fDU,IZlCQIT9fDU.mp4,512.258,513.822,segment_too_short,,cutfix_full_tier1_20260729_01,tier1
IZlCQIT9fDU,IZlCQIT9fDU.mp4,514.05,515.006,segment_too_short,,cutfix_full_tier1_20260729_01,tier1
IZlCQIT9fDU,IZlCQIT9fDU.mp4,515.106,516.382,segment_too_short,,cutfix_full_tier1_20260729_01,tier1
IZlCQIT9fDU,IZlCQIT9fDU.mp4,516.546,517.726,segment_too_short,,cutfix_full_tier1_20260729_01,tier1
IZlCQIT9fDU,IZlCQIT9fDU.mp4,520.194,522.878,face_density_low,,cutfix_full_tier1_20260729_01,tier1
IZlCQIT9fDU,IZlCQIT9fDU.mp4,523.298,523.966,segment_too_short,,cutfix_full_tier1_20260729_01,tier1
IZlCQIT9fDU,IZlCQIT9fDU.mp4,524.162,525.694,segment_too_short,,cutfix_full_tier1_20260729_01,tier1
IZlCQIT9fDU,IZlCQIT9fDU.mp4,525.794,527.294,segment_too_short,,cutfix_full_tier1_20260729_01,tier1
IZlCQIT9fDU,IZlCQIT9fDU.mp4,527.778,530.526,scene_cut_detected,,cutfix_full_tier1_20260729_01,tier1
IZlCQIT9fDU,IZlCQIT9fDU.mp4,530.722,532.126,segment_too_short,,cutfix_full_tier1_20260729_01,tier1
IZlCQIT9fDU,IZlCQIT9fDU.mp4,535.01,535.71,segment_too_short,,cutfix_full_tier1_20260729_01,tier1
IZlCQIT9fDU,IZlCQIT9fDU.mp4,540.546,544.862,scene_cut_detected,,cutfix_full_tier1_20260729_01,tier1
IZlCQIT9fDU,IZlCQIT9fDU.mp4,545.186,546.238,segment_too_short,,cutfix_full_tier1_20260729_01,tier1
IZlCQIT9fDU,IZlCQIT9fDU.mp4,546.338,548.318,segment_too_short,,cutfix_full_tier1_20260729_01,tier1
IZlCQIT9fDU,IZlCQIT9fDU.mp4,552.13,553.854,segment_too_short,,cutfix_full_tier1_20260729_01,tier1
IZlCQIT9fDU,IZlCQIT9fDU.mp4,553.954,555.23,segment_too_short,,cutfix_full_tier1_20260729_01,tier1
IZlCQIT9fDU,IZlCQIT9fDU.mp4,565.346,566.43,segment_too_short,,cutfix_full_tier1_20260729_01,tier1
IZlCQIT9fDU,IZlCQIT9fDU.mp4,574.21,574.718,segment_too_short,,cutfix_full_tier1_20260729_01,tier1
IZlCQIT9fDU,IZlCQIT9fDU.mp4,581.73,583.262,segment_too_short,,cutfix_full_tier1_20260729_01,tier1
IZlCQIT9fDU,IZlCQIT9fDU.mp4,583.394,586.078,scene_cut_detected,,cutfix_full_tier1_20260729_01,tier1
IZlCQIT9fDU,IZlCQIT9fDU.mp4,586.21,588.318,scene_cut_detected,,cutfix_full_tier1_20260729_01,tier1
IZlCQIT9fDU,IZlCQIT9fDU.mp4,588.514,590.942,scene_cut_detected,,cutfix_full_tier1_20260729_01,tier1
IZlCQIT9fDU,IZlCQIT9fDU.mp4,591.33,595.038,scene_cut_detected,,cutfix_full_tier1_20260729_01,tier1
IZlCQIT9fDU,IZlCQIT9fDU.mp4,595.426,596.094,segment_too_short,,cutfix_full_tier1_20260729_01,tier1
IZlCQIT9fDU,IZlCQIT9fDU.mp4,603.17,603.678,segment_too_short,,cutfix_full_tier1_20260729_01,tier1
IZlCQIT9fDU,IZlCQIT9fDU.mp4,603.778,605.502,segment_too_short,,cutfix_full_tier1_20260729_01,tier1
IZlCQIT9fDU,IZlCQIT9fDU.mp4,612.066,613.182,segment_too_short,,cutfix_full_tier1_20260729_01,tier1
IZlCQIT9fDU,IZlCQIT9fDU.mp4,616.162,617.726,segment_too_short,,cutfix_full_tier1_20260729_01,tier1
IZlCQIT9fDU,IZlCQIT9fDU.mp4,617.826,619.774,segment_too_short,,cutfix_full_tier1_20260729_01,tier1
IZlCQIT9fDU,IZlCQIT9fDU.mp4,619.938,621.47,segment_too_short,,cutfix_full_tier1_20260729_01,tier1
IZlCQIT9fDU,IZlCQIT9fDU.mp4,621.57,623.806,scene_cut_detected,,cutfix_full_tier1_20260729_01,tier1
IZlCQIT9fDU,IZlCQIT9fDU.mp4,626.274,627.55,segment_too_short,,cutfix_full_tier1_20260729_01,tier1
IZlCQIT9fDU,IZlCQIT9fDU.mp4,630.434,631.678,segment_too_short,,cutfix_full_tier1_20260729_01,tier1
IZlCQIT9fDU,IZlCQIT9fDU.mp4,631.842,636.286,scene_cut_detected,,cutfix_full_tier1_20260729_01,tier1
IZlCQIT9fDU,IZlCQIT9fDU.mp4,643.618,645.086,segment_too_short,,cutfix_full_tier1_20260729_01,tier1
IZlCQIT9fDU,IZlCQIT9fDU.mp4,645.25,647.23,segment_too_short,,cutfix_full_tier1_20260729_01,tier1
IZlCQIT9fDU,IZlCQIT9fDU.mp4,647.522,649.15,segment_too_short,,cutfix_full_tier1_20260729_01,tier1
IZlCQIT9fDU,IZlCQIT9fDU.mp4,649.282,651.07,segment_too_short,,cutfix_full_tier1_20260729_01,tier1
IZlCQIT9fDU,IZlCQIT9fDU.mp4,651.65,653.246,segment_too_short,,cutfix_full_tier1_20260729_01,tier1
IZlCQIT9fDU,IZlCQIT9fDU.mp4,653.474,655.902,face_density_low,,cutfix_full_tier1_20260729_01,tier1
IZlCQIT9fDU,IZlCQIT9fDU.mp4,656.162,656.702,segment_too_short,,cutfix_full_tier1_20260729_01,tier1
IZlCQIT9fDU,IZlCQIT9fDU.mp4,656.802,658.526,segment_too_short,,cutfix_full_tier1_20260729_01,tier1
IZlCQIT9fDU,IZlCQIT9fDU.mp4,658.722,661.982,scene_cut_detected,,cutfix_full_tier1_20260729_01,tier1
IZlCQIT9fDU,IZlCQIT9fDU.mp4,662.498,664.926,scene_cut_detected,,cutfix_full_tier1_20260729_01,tier1
IZlCQIT9fDU,IZlCQIT9fDU.mp4,665.09,666.11,segment_too_short,,cutfix_full_tier1_20260729_01,tier1
IZlCQIT9fDU,IZlCQIT9fDU.mp4,666.242,668.382,scene_cut_detected,,cutfix_full_tier1_20260729_01,tier1
IZlCQIT9fDU,IZlCQIT9fDU.mp4,668.802,671.838,scene_cut_detected,,cutfix_full_tier1_20260729_01,tier1
IZlCQIT9fDU,IZlCQIT9fDU.mp4,672.322,674.334,scene_cut_detected,,cutfix_full_tier1_20260729_01,tier1
IZlCQIT9fDU,IZlCQIT9fDU.mp4,674.53,675.902,segment_too_short,,cutfix_full_tier1_20260729_01,tier1
IZlCQIT9fDU,IZlCQIT9fDU.mp4,676.29,678.014,segment_too_short,,cutfix_full_tier1_20260729_01,tier1
IZlCQIT9fDU,IZlCQIT9fDU.mp4,678.114,683.582,scene_cut_detected,,cutfix_full_tier1_20260729_01,tier1
IZlCQIT9fDU,IZlCQIT9fDU.mp4,689.314,690.398,segment_too_short,,cutfix_full_tier1_20260729_01,tier1
IZlCQIT9fDU,IZlCQIT9fDU.mp4,690.498,692.222,segment_too_short,,cutfix_full_tier1_20260729_01,tier1
IdY-AIaX1kw,IdY-AIaX1kw.mp4,21.474,22.27,segment_too_short,,cutfix_full_tier1_20260729_01,tier1
IdY-AIaX1kw,IdY-AIaX1kw.mp4,31.298,32.542,segment_too_short,,cutfix_full_tier1_20260729_01,tier1
IdY-AIaX1kw,IdY-AIaX1kw.mp4,37.666,38.654,segment_too_short,,cutfix_full_tier1_20260729_01,tier1
IdY-AIaX1kw,IdY-AIaX1kw.mp4,50.178,54.782,scene_cut_detected,,cutfix_full_tier1_20260729_01,tier1
IdY-AIaX1kw,IdY-AIaX1kw.mp4,59.33,69.79,scene_cut_detected,,cutfix_full_tier1_20260729_01,tier1
IdY-AIaX1kw,IdY-AIaX1kw.mp4,80.962,82.462,segment_too_short,,cutfix_full_tier1_20260729_01,tier1
IdY-AIaX1kw,IdY-AIaX1kw.mp4,87.202,88.51,segment_too_short,,cutfix_full_tier1_20260729_01,tier1
IdY-AIaX1kw,IdY-AIaX1kw.mp4,108.226,113.63,scene_cut_detected,,cutfix_full_tier1_20260729_01,tier1
IdY-AIaX1kw,IdY-AIaX1kw.mp4,113.858,116.894,scene_cut_detected,,cutfix_full_tier1_20260729_01,tier1
IdY-AIaX1kw,IdY-AIaX1kw.mp4,121.89,129.566,scene_cut_detected,,cutfix_full_tier1_20260729_01,tier1
IdY-AIaX1kw,IdY-AIaX1kw.mp4,130.082,135.806,scene_cut_detected,,cutfix_full_tier1_20260729_01,tier1
IdY-AIaX1kw,IdY-AIaX1kw.mp4,142.21,143.486,segment_too_short,,cutfix_full_tier1_20260729_01,tier1
IdY-AIaX1kw,IdY-AIaX1kw.mp4,143.586,145.31,segment_too_short,,cutfix_full_tier1_20260729_01,tier1
IdY-AIaX1kw,IdY-AIaX1kw.mp4,145.41,148.286,scene_cut_detected,,cutfix_full_tier1_20260729_01,tier1
IdY-AIaX1kw,IdY-AIaX1kw.mp4,148.514,152.222,scene_cut_detected,,cutfix_full_tier1_20260729_01,tier1
IdY-AIaX1kw,IdY-AIaX1kw.mp4,152.93,155.998,scene_cut_detected,,cutfix_full_tier1_20260729_01,tier1
IdY-AIaX1kw,IdY-AIaX1kw.mp4,162.37,163.71,segment_too_short,,cutfix_full_tier1_20260729_01,tier1
IdY-AIaX1kw,IdY-AIaX1kw.mp4,163.874,168.574,scene_cut_detected,,cutfix_full_tier1_20260729_01,tier1
IdY-AIaX1kw,IdY-AIaX1kw.mp4,168.674,169.726,segment_too_short,,cutfix_full_tier1_20260729_01,tier1
IdY-AIaX1kw,IdY-AIaX1kw.mp4,170.21,176.158,scene_cut_detected,,cutfix_full_tier1_20260729_01,tier1
IdY-AIaX1kw,IdY-AIaX1kw.mp4,176.45,178.398,segment_too_short,,cutfix_full_tier1_20260729_01,tier1
IdY-AIaX1kw,IdY-AIaX1kw.mp4,178.562,182.078,scene_cut_detected,,cutfix_full_tier1_20260729_01,tier1
IdY-AIaX1kw,IdY-AIaX1kw.mp4,182.21,183.486,segment_too_short,,cutfix_full_tier1_20260729_01,tier1
IdY-AIaX1kw,IdY-AIaX1kw.mp4,184.13,187.678,face_density_low,,cutfix_full_tier1_20260729_01,tier1
IdY-AIaX1kw,IdY-AIaX1kw.mp4,191.362,195.39,scene_cut_detected,,cutfix_full_tier1_20260729_01,tier1
IdY-AIaX1kw,IdY-AIaX1kw.mp4,195.714,200.862,scene_cut_detected,,cutfix_full_tier1_20260729_01,tier1
IdY-AIaX1kw,IdY-AIaX1kw.mp4,207.362,211.55,scene_cut_detected,,cutfix_full_tier1_20260729_01,tier1
IdY-AIaX1kw,IdY-AIaX1kw.mp4,212.162,214.75,scene_cut_detected,,cutfix_full_tier1_20260729_01,tier1
IdY-AIaX1kw,IdY-AIaX1kw.mp4,215.01,220.158,scene_cut_detected,,cutfix_full_tier1_20260729_01,tier1
IdY-AIaX1kw,IdY-AIaX1kw.mp4,226.594,229.438,scene_cut_detected,,cutfix_full_tier1_20260729_01,tier1
IdY-AIaX1kw,IdY-AIaX1kw.mp4,229.538,231.454,segment_too_short,,cutfix_full_tier1_20260729_01,tier1
IdY-AIaX1kw,IdY-AIaX1kw.mp4,231.81,234.974,scene_cut_detected,,cutfix_full_tier1_20260729_01,tier1
IdY-AIaX1kw,IdY-AIaX1kw.mp4,235.266,238.046,scene_cut_detected,,cutfix_full_tier1_20260729_01,tier1
IdY-AIaX1kw,IdY-AIaX1kw.mp4,238.338,241.246,face_density_low,,cutfix_full_tier1_20260729_01,tier1
IdY-AIaX1kw,IdY-AIaX1kw.mp4,245.634,247.838,scene_cut_detected,,cutfix_full_tier1_20260729_01,tier1
IdY-AIaX1kw,IdY-AIaX1kw.mp4,250.754,251.934,segment_too_short,,cutfix_full_tier1_20260729_01,tier1
IdY-AIaX1kw,IdY-AIaX1kw.mp4,252.034,253.502,segment_too_short,,cutfix_full_tier1_20260729_01,tier1
IdY-AIaX1kw,IdY-AIaX1kw.mp4,274.306,278.846,scene_cut_detected,,cutfix_full_tier1_20260729_01,tier1
IdY-AIaX1kw,IdY-AIaX1kw.mp4,279.01,280.958,segment_too_short,,cutfix_full_tier1_20260729_01,tier1
IdY-AIaX1kw,IdY-AIaX1kw.mp4,281.346,282.718,segment_too_short,,cutfix_full_tier1_20260729_01,tier1
IdY-AIaX1kw,IdY-AIaX1kw.mp4,296.578,297.854,segment_too_short,,cutfix_full_tier1_20260729_01,tier1
IdY-AIaX1kw,IdY-AIaX1kw.mp4,297.986,301.918,scene_cut_detected,,cutfix_full_tier1_20260729_01,tier1
IdY-AIaX1kw,IdY-AIaX1kw.mp4,304.482,305.47,segment_too_short,,cutfix_full_tier1_20260729_01,tier1
IdY-AIaX1kw,IdY-AIaX1kw.mp4,305.826,306.686,segment_too_short,,cutfix_full_tier1_20260729_01,tier1
IdY-AIaX1kw,IdY-AIaX1kw.mp4,307.01,308.83,segment_too_short,,cutfix_full_tier1_20260729_01,tier1
IdY-AIaX1kw,IdY-AIaX1kw.mp4,311.202,313.182,segment_too_short,,cutfix_full_tier1_20260729_01,tier1
IdY-AIaX1kw,IdY-AIaX1kw.mp4,313.794,315.262,segment_too_short,,cutfix_full_tier1_20260729_01,tier1
IdY-AIaX1kw,IdY-AIaX1kw.mp4,315.362,320.862,scene_cut_detected,,cutfix_full_tier1_20260729_01,tier1
IdY-AIaX1kw,IdY-AIaX1kw.mp4,323.842,328.862,scene_cut_detected,,cutfix_full_tier1_20260729_01,tier1
IdY-AIaX1kw,IdY-AIaX1kw.mp4,329.282,332.51,scene_cut_detected,,cutfix_full_tier1_20260729_01,tier1
IdY-AIaX1kw,IdY-AIaX1kw.mp4,339.746,343.678,scene_cut_detected,,cutfix_full_tier1_20260729_01,tier1
IdY-AIaX1kw,IdY-AIaX1kw.mp4,348.002,349.566,segment_too_short,,cutfix_full_tier1_20260729_01,tier1
IdY-AIaX1kw,IdY-AIaX1kw.mp4,389.538,391.518,segment_too_short,,cutfix_full_tier1_20260729_01,tier1
IdY-AIaX1kw,IdY-AIaX1kw.mp4,391.682,394.43,scene_cut_detected,,cutfix_full_tier1_20260729_01,tier1
IdY-AIaX1kw,IdY-AIaX1kw.mp4,397.154,399.966,face_density_low,,cutfix_full_tier1_20260729_01,tier1
IdY-AIaX1kw,IdY-AIaX1kw.mp4,400.226,406.27,scene_cut_detected,,cutfix_full_tier1_20260729_01,tier1
IdY-AIaX1kw,IdY-AIaX1kw.mp4,406.37,409.022,scene_cut_detected,,cutfix_full_tier1_20260729_01,tier1
IdY-AIaX1kw,IdY-AIaX1kw.mp4,409.378,412.03,face_density_low,,cutfix_full_tier1_20260729_01,tier1
IdY-AIaX1kw,IdY-AIaX1kw.mp4,412.29,414.206,segment_too_short,,cutfix_full_tier1_20260729_01,tier1
IdY-AIaX1kw,IdY-AIaX1kw.mp4,414.306,417.47,scene_cut_detected,,cutfix_full_tier1_20260729_01,tier1
IdY-AIaX1kw,IdY-AIaX1kw.mp4,418.018,421.31,face_density_low,,cutfix_full_tier1_20260729_01,tier1
IdY-AIaX1kw,IdY-AIaX1kw.mp4,423.906,428.638,scene_cut_detected,,cutfix_full_tier1_20260729_01,tier1
IdY-AIaX1kw,IdY-AIaX1kw.mp4,428.802,429.95,segment_too_short,,cutfix_full_tier1_20260729_01,tier1
IdY-AIaX1kw,IdY-AIaX1kw.mp4,430.178,431.806,segment_too_short,,cutfix_full_tier1_20260729_01,tier1
IdY-AIaX1kw,IdY-AIaX1kw.mp4,431.97,434.238,face_density_low,,cutfix_full_tier1_20260729_01,tier1
IdY-AIaX1kw,IdY-AIaX1kw.mp4,434.85,441.438,scene_cut_detected,,cutfix_full_tier1_20260729_01,tier1
IdY-AIaX1kw,IdY-AIaX1kw.mp4,441.89,444.19,scene_cut_detected,,cutfix_full_tier1_20260729_01,tier1
IdY-AIaX1kw,IdY-AIaX1kw.mp4,449.218,452.382,face_density_low,,cutfix_full_tier1_20260729_01,tier1
IdY-AIaX1kw,IdY-AIaX1kw.mp4,452.482,454.398,segment_too_short,,cutfix_full_tier1_20260729_01,tier1
IdY-AIaX1kw,IdY-AIaX1kw.mp4,454.722,459.166,scene_cut_detected,,cutfix_full_tier1_20260729_01,tier1
IdY-AIaX1kw,IdY-AIaX1kw.mp4,459.298,460.894,segment_too_short,,cutfix_full_tier1_20260729_01,tier1
IdY-AIaX1kw,IdY-AIaX1kw.mp4,461.41,464.99,face_density_low,,cutfix_full_tier1_20260729_01,tier1
IdY-AIaX1kw,IdY-AIaX1kw.mp4,483.074,483.678,segment_too_short,,cutfix_full_tier1_20260729_01,tier1
IdY-AIaX1kw,IdY-AIaX1kw.mp4,503.49,508.958,scene_cut_detected,,cutfix_full_tier1_20260729_01,tier1
IdY-AIaX1kw,IdY-AIaX1kw.mp4,509.442,515.39,scene_cut_detected,,cutfix_full_tier1_20260729_01,tier1
IdY-AIaX1kw,IdY-AIaX1kw.mp4,515.618,517.566,segment_too_short,,cutfix_full_tier1_20260729_01,tier1
IdY-AIaX1kw,IdY-AIaX1kw.mp4,517.73,522.334,scene_cut_detected,,cutfix_full_tier1_20260729_01,tier1
IdY-AIaX1kw,IdY-AIaX1kw.mp4,522.594,524.734,face_density_low,,cutfix_full_tier1_20260729_01,tier1
IdY-AIaX1kw,IdY-AIaX1kw.mp4,524.93,529.726,scene_cut_detected,,cutfix_full_tier1_20260729_01,tier1
IdY-AIaX1kw,IdY-AIaX1kw.mp4,529.954,532.702,scene_cut_detected,,cutfix_full_tier1_20260729_01,tier1
IdY-AIaX1kw,IdY-AIaX1kw.mp4,532.93,538.974,scene_cut_detected,,cutfix_full_tier1_20260729_01,tier1
IdY-AIaX1kw,IdY-AIaX1kw.mp4,539.426,545.598,scene_cut_detected,,cutfix_full_tier1_20260729_01,tier1
IdY-AIaX1kw,IdY-AIaX1kw.mp4,553.506,557.214,scene_cut_detected,,cutfix_full_tier1_20260729_01,tier1
IdY-AIaX1kw,IdY-AIaX1kw.mp4,557.346,561.47,scene_cut_detected,,cutfix_full_tier1_20260729_01,tier1
IdY-AIaX1kw,IdY-AIaX1kw.mp4,562.274,567.774,face_density_low,,cutfix_full_tier1_20260729_01,tier1
IdY-AIaX1kw,IdY-AIaX1kw.mp4,568.162,578.334,scene_cut_detected,,cutfix_full_tier1_20260729_01,tier1
IdY-AIaX1kw,IdY-AIaX1kw.mp4,584.61,585.918,segment_too_short,,cutfix_full_tier1_20260729_01,tier1
IdY-AIaX1kw,IdY-AIaX1kw.mp4,593.026,596.318,scene_cut_detected,,cutfix_full_tier1_20260729_01,tier1
IdY-AIaX1kw,IdY-AIaX1kw.mp4,596.578,599.134,scene_cut_detected,,cutfix_full_tier1_20260729_01,tier1
IdY-AIaX1kw,IdY-AIaX1kw.mp4,599.362,600.03,segment_too_short,,cutfix_full_tier1_20260729_01,tier1
IdY-AIaX1kw,IdY-AIaX1kw.mp4,600.13,603.646,scene_cut_detected,,cutfix_full_tier1_20260729_01,tier1
IdY-AIaX1kw,IdY-AIaX1kw.mp4,603.778,605.118,segment_too_short,,cutfix_full_tier1_20260729_01,tier1
IdY-AIaX1kw,IdY-AIaX1kw.mp4,609.058,610.782,segment_too_short,,cutfix_full_tier1_20260729_01,tier1
IdY-AIaX1kw,IdY-AIaX1kw.mp4,610.882,616.926,scene_cut_detected,,cutfix_full_tier1_20260729_01,tier1
IdY-AIaX1kw,IdY-AIaX1kw.mp4,625.474,633.118,scene_cut_detected,,cutfix_full_tier1_20260729_01,tier1
IdY-AIaX1kw,IdY-AIaX1kw.mp4,633.538,636.03,scene_cut_detected,,cutfix_full_tier1_20260729_01,tier1
IdY-AIaX1kw,IdY-AIaX1kw.mp4,636.258,641.79,scene_cut_detected,,cutfix_full_tier1_20260729_01,tier1
IdY-AIaX1kw,IdY-AIaX1kw.mp4,641.89,644.638,scene_cut_detected,,cutfix_full_tier1_20260729_01,tier1
IdY-AIaX1kw,IdY-AIaX1kw.mp4,645.378,649.79,scene_cut_detected,,cutfix_full_tier1_20260729_01,tier1
IdY-AIaX1kw,IdY-AIaX1kw.mp4,649.922,651.678,segment_too_short,,cutfix_full_tier1_20260729_01,tier1
IdY-AIaX1kw,IdY-AIaX1kw.mp4,651.778,657.502,scene_cut_detected,,cutfix_full_tier1_20260729_01,tier1
IdY-AIaX1kw,IdY-AIaX1kw.mp4,661.218,664.67,scene_cut_detected,,cutfix_full_tier1_20260729_01,tier1
IdY-AIaX1kw,IdY-AIaX1kw.mp4,665.218,668.83,scene_cut_detected,,cutfix_full_tier1_20260729_01,tier1
IdY-AIaX1kw,IdY-AIaX1kw.mp4,669.73,671.23,segment_too_short,,cutfix_full_tier1_20260729_01,tier1
IdY-AIaX1kw,IdY-AIaX1kw.mp4,674.114,675.646,segment_too_short,,cutfix_full_tier1_20260729_01,tier1
IdY-AIaX1kw,IdY-AIaX1kw.mp4,675.97,677.022,segment_too_short,,cutfix_full_tier1_20260729_01,tier1
IdY-AIaX1kw,IdY-AIaX1kw.mp4,677.218,678.654,segment_too_short,,cutfix_full_tier1_20260729_01,tier1
IdY-AIaX1kw,IdY-AIaX1kw.mp4,679.106,680.318,segment_too_short,,cutfix_full_tier1_20260729_01,tier1
IdY-AIaX1kw,IdY-AIaX1kw.mp4,680.546,680.926,segment_too_short,,cutfix_full_tier1_20260729_01,tier1
IdY-AIaX1kw,IdY-AIaX1kw.mp4,681.25,681.95,segment_too_short,,cutfix_full_tier1_20260729_01,tier1
IdY-AIaX1kw,IdY-AIaX1kw.mp4,684.77,687.806,scene_cut_detected,,cutfix_full_tier1_20260729_01,tier1
IdY-AIaX1kw,IdY-AIaX1kw.mp4,695.49,696.606,segment_too_short,,cutfix_full_tier1_20260729_01,tier1
IdY-AIaX1kw,IdY-AIaX1kw.mp4,696.802,698.59,segment_too_short,,cutfix_full_tier1_20260729_01,tier1
IdY-AIaX1kw,IdY-AIaX1kw.mp4,698.978,705.246,scene_cut_detected,,cutfix_full_tier1_20260729_01,tier1
IdY-AIaX1kw,IdY-AIaX1kw.mp4,708.866,710.558,segment_too_short,,cutfix_full_tier1_20260729_01,tier1
IdY-AIaX1kw,IdY-AIaX1kw.mp4,711.49,712.798,segment_too_short,,cutfix_full_tier1_20260729_01,tier1
IdY-AIaX1kw,IdY-AIaX1kw.mp4,713.154,713.758,segment_too_short,,cutfix_full_tier1_20260729_01,tier1
IdY-AIaX1kw,IdY-AIaX1kw.mp4,714.978,716.958,segment_too_short,,cutfix_full_tier1_20260729_01,tier1
IdY-AIaX1kw,IdY-AIaX1kw.mp4,717.09,717.758,segment_too_short,,cutfix_full_tier1_20260729_01,tier1
IdY-AIaX1kw,IdY-AIaX1kw.mp4,717.986,719.774,segment_too_short,,cutfix_full_tier1_20260729_01,tier1
IdY-AIaX1kw,IdY-AIaX1kw.mp4,719.906,721.182,segment_too_short,,cutfix_full_tier1_20260729_01,tier1
IdY-AIaX1kw,IdY-AIaX1kw.mp4,721.698,723.134,segment_too_short,,cutfix_full_tier1_20260729_01,tier1
IdY-AIaX1kw,IdY-AIaX1kw.mp4,723.65,724.702,segment_too_short,,cutfix_full_tier1_20260729_01,tier1
IdY-AIaX1kw,IdY-AIaX1kw.mp4,724.834,728.446,face_density_low,,cutfix_full_tier1_20260729_01,tier1
IdY-AIaX1kw,IdY-AIaX1kw.mp4,728.642,729.47,segment_too_short,,cutfix_full_tier1_20260729_01,tier1
IdY-AIaX1kw,IdY-AIaX1kw.mp4,730.082,734.174,scene_cut_detected,,cutfix_full_tier1_20260729_01,tier1
IdY-AIaX1kw,IdY-AIaX1kw.mp4,734.274,735.902,segment_too_short,,cutfix_full_tier1_20260729_01,tier1
IdY-AIaX1kw,IdY-AIaX1kw.mp4,738.562,739.582,segment_too_short,,cutfix_full_tier1_20260729_01,tier1
IdY-AIaX1kw,IdY-AIaX1kw.mp4,739.81,740.446,segment_too_short,,cutfix_full_tier1_20260729_01,tier1
IdY-AIaX1kw,IdY-AIaX1kw.mp4,743.618,745.214,segment_too_short,,cutfix_full_tier1_20260729_01,tier1
IdY-AIaX1kw,IdY-AIaX1kw.mp4,745.346,750.654,face_density_low,,cutfix_full_tier1_20260729_01,tier1
IdY-AIaX1kw,IdY-AIaX1kw.mp4,750.818,751.55,segment_too_short,,cutfix_full_tier1_20260729_01,tier1
IdY-AIaX1kw,IdY-AIaX1kw.mp4,754.882,756.254,segment_too_short,,cutfix_full_tier1_20260729_01,tier1
IdY-AIaX1kw,IdY-AIaX1kw.mp4,763.906,765.086,segment_too_short,,cutfix_full_tier1_20260729_01,tier1
IdY-AIaX1kw,IdY-AIaX1kw.mp4,765.25,775.87,scene_cut_detected,,cutfix_full_tier1_20260729_01,tier1
IdY-AIaX1kw,IdY-AIaX1kw.mp4,776.098,781.95,scene_cut_detected,,cutfix_full_tier1_20260729_01,tier1
IdY-AIaX1kw,IdY-AIaX1kw.mp4,833.634,835.39,segment_too_short,,cutfix_full_tier1_20260729_01,tier1
IdY-AIaX1kw,IdY-AIaX1kw.mp4,841.89,843.294,segment_too_short,,cutfix_full_tier1_20260729_01,tier1
IdY-AIaX1kw,IdY-AIaX1kw.mp4,843.49,844.99,segment_too_short,,cutfix_full_tier1_20260729_01,tier1
IdY-AIaX1kw,IdY-AIaX1kw.mp4,852.322,854.078,segment_too_short,,cutfix_full_tier1_20260729_01,tier1
IdY-AIaX1kw,IdY-AIaX1kw.mp4,854.498,857.054,face_density_low,,cutfix_full_tier1_20260729_01,tier1
IdY-AIaX1kw,IdY-AIaX1kw.mp4,857.538,861.054,face_density_low,,cutfix_full_tier1_20260729_01,tier1
IdY-AIaX1kw,IdY-AIaX1kw.mp4,861.186,863.646,face_density_low,,cutfix_full_tier1_20260729_01,tier1
IdY-AIaX1kw,IdY-AIaX1kw.mp4,864.162,867.006,face_density_low,,cutfix_full_tier1_20260729_01,tier1
IdY-AIaX1kw,IdY-AIaX1kw.mp4,867.106,872.158,face_density_low,,cutfix_full_tier1_20260729_01,tier1
IdY-AIaX1kw,IdY-AIaX1kw.mp4,872.994,877.054,scene_cut_detected,,cutfix_full_tier1_20260729_01,tier1
IdY-AIaX1kw,IdY-AIaX1kw.mp4,877.218,878.846,segment_too_short,,cutfix_full_tier1_20260729_01,tier1
IdY-AIaX1kw,IdY-AIaX1kw.mp4,879.01,880.51,segment_too_short,,cutfix_full_tier1_20260729_01,tier1
IdY-AIaX1kw,IdY-AIaX1kw.mp4,881.122,886.91,scene_cut_detected,,cutfix_full_tier1_20260729_01,tier1
IdY-AIaX1kw,IdY-AIaX1kw.mp4,888.002,892.67,scene_cut_detected,,cutfix_full_tier1_20260729_01,tier1
IdY-AIaX1kw,IdY-AIaX1kw.mp4,900.002,902.974,scene_cut_detected,,cutfix_full_tier1_20260729_01,tier1
IdY-AIaX1kw,IdY-AIaX1kw.mp4,903.138,904.03,segment_too_short,,cutfix_full_tier1_20260729_01,tier1
IdY-AIaX1kw,IdY-AIaX1kw.mp4,904.546,907.518,face_density_low,,cutfix_full_tier1_20260729_01,tier1
IdY-AIaX1kw,IdY-AIaX1kw.mp4,907.746,910.142,face_density_low,,cutfix_full_tier1_20260729_01,tier1
IdY-AIaX1kw,IdY-AIaX1kw.mp4,910.658,912.51,segment_too_short,,cutfix_full_tier1_20260729_01,tier1
IdY-AIaX1kw,IdY-AIaX1kw.mp4,917.634,918.398,segment_too_short,,cutfix_full_tier1_20260729_01,tier1
IdY-AIaX1kw,IdY-AIaX1kw.mp4,918.562,921.118,scene_cut_detected,,cutfix_full_tier1_20260729_01,tier1
IdY-AIaX1kw,IdY-AIaX1kw.mp4,921.314,923.55,scene_cut_detected,,cutfix_full_tier1_20260729_01,tier1
IdY-AIaX1kw,IdY-AIaX1kw.mp4,924.514,927.806,scene_cut_detected,,cutfix_full_tier1_20260729_01,tier1
IdY-AIaX1kw,IdY-AIaX1kw.mp4,928.258,929.214,segment_too_short,,cutfix_full_tier1_20260729_01,tier1
IdY-AIaX1kw,IdY-AIaX1kw.mp4,941.794,944.862,face_density_low,,cutfix_full_tier1_20260729_01,tier1
IdY-AIaX1kw,IdY-AIaX1kw.mp4,945.218,948.062,face_density_low,,cutfix_full_tier1_20260729_01,tier1
IdY-AIaX1kw,IdY-AIaX1kw.mp4,948.706,949.342,segment_too_short,,cutfix_full_tier1_20260729_01,tier1
IdY-AIaX1kw,IdY-AIaX1kw.mp4,949.666,951.614,segment_too_short,,cutfix_full_tier1_20260729_01,tier1
IdY-AIaX1kw,IdY-AIaX1kw.mp4,951.714,957.054,scene_cut_detected,,cutfix_full_tier1_20260729_01,tier1
IdY-AIaX1kw,IdY-AIaX1kw.mp4,957.25,960.798,scene_cut_detected,,cutfix_full_tier1_20260729_01,tier1
IdY-AIaX1kw,IdY-AIaX1kw.mp4,961.442,962.622,segment_too_short,,cutfix_full_tier1_20260729_01,tier1
IdY-AIaX1kw,IdY-AIaX1kw.mp4,962.85,964.51,segment_too_short,,cutfix_full_tier1_20260729_01,tier1
IdY-AIaX1kw,IdY-AIaX1kw.mp4,964.706,970.91,scene_cut_detected,,cutfix_full_tier1_20260729_01,tier1
IdY-AIaX1kw,IdY-AIaX1kw.mp4,971.266,973.246,segment_too_short,,cutfix_full_tier1_20260729_01,tier1
IdY-AIaX1kw,IdY-AIaX1kw.mp4,987.682,991.102,face_density_low,,cutfix_full_tier1_20260729_01,tier1
IdY-AIaX1kw,IdY-AIaX1kw.mp4,995.394,996.094,segment_too_short,,cutfix_full_tier1_20260729_01,tier1
IdY-AIaX1kw,IdY-AIaX1kw.mp4,996.29,1001.214,scene_cut_detected,,cutfix_full_tier1_20260729_01,tier1
IdY-AIaX1kw,IdY-AIaX1kw.mp4,1001.634,1004.286,face_density_low,,cutfix_full_tier1_20260729_01,tier1
IdY-AIaX1kw,IdY-AIaX1kw.mp4,1005.41,1009.438,scene_cut_detected,,cutfix_full_tier1_20260729_01,tier1
IdY-AIaX1kw,IdY-AIaX1kw.mp4,1009.762,1012.382,face_density_low,,cutfix_full_tier1_20260729_01,tier1
IdY-AIaX1kw,IdY-AIaX1kw.mp4,1015.682,1017.15,segment_too_short,,cutfix_full_tier1_20260729_01,tier1
IdY-AIaX1kw,IdY-AIaX1kw.mp4,1017.346,1021.886,face_density_low,,cutfix_full_tier1_20260729_01,tier1
IdY-AIaX1kw,IdY-AIaX1kw.mp4,1023.17,1025.246,face_density_low,,cutfix_full_tier1_20260729_01,tier1
IdY-AIaX1kw,IdY-AIaX1kw.mp4,1029.122,1037.374,scene_cut_detected,,cutfix_full_tier1_20260729_01,tier1
IdY-AIaX1kw,IdY-AIaX1kw.mp4,1038.53,1040.446,segment_too_short,,cutfix_full_tier1_20260729_01,tier1
IdY-AIaX1kw,IdY-AIaX1kw.mp4,1058.466,1059.742,segment_too_short,,cutfix_full_tier1_20260729_01,tier1
IdY-AIaX1kw,IdY-AIaX1kw.mp4,1064.898,1065.502,segment_too_short,,cutfix_full_tier1_20260729_01,tier1
IdY-AIaX1kw,IdY-AIaX1kw.mp4,1068.61,1069.502,segment_too_short,,cutfix_full_tier1_20260729_01,tier1
IdY-AIaX1kw,IdY-AIaX1kw.mp4,1072.802,1074.334,segment_too_short,,cutfix_full_tier1_20260729_01,tier1
IdY-AIaX1kw,IdY-AIaX1kw.mp4,1077.73,1079.518,segment_too_short,,cutfix_full_tier1_20260729_01,tier1
IdY-AIaX1kw,IdY-AIaX1kw.mp4,1080.226,1084.35,scene_cut_detected,,cutfix_full_tier1_20260729_01,tier1
IdY-AIaX1kw,IdY-AIaX1kw.mp4,1084.514,1086.622,face_density_low,,cutfix_full_tier1_20260729_01,tier1
IdY-AIaX1kw,IdY-AIaX1kw.mp4,1086.882,1090.046,scene_cut_detected,,cutfix_full_tier1_20260729_01,tier1
IdY-AIaX1kw,IdY-AIaX1kw.mp4,1090.658,1096.67,scene_cut_detected,,cutfix_full_tier1_20260729_01,tier1
IdY-AIaX1kw,IdY-AIaX1kw.mp4,1100.962,1103.23,scene_cut_detected,,cutfix_full_tier1_20260729_01,tier1
IdY-AIaX1kw,IdY-AIaX1kw.mp4,1103.522,1105.95,face_density_low,,cutfix_full_tier1_20260729_01,tier1
IdY-AIaX1kw,IdY-AIaX1kw.mp4,1106.882,1109.182,scene_cut_detected,,cutfix_full_tier1_20260729_01,tier1
IdY-AIaX1kw,IdY-AIaX1kw.mp4,1109.602,1110.782,segment_too_short,,cutfix_full_tier1_20260729_01,tier1
IdY-AIaX1kw,IdY-AIaX1kw.mp4,1110.914,1111.326,segment_too_short,,cutfix_full_tier1_20260729_01,tier1
IdY-AIaX1kw,IdY-AIaX1kw.mp4,1115.266,1116.638,segment_too_short,,cutfix_full_tier1_20260729_01,tier1
IdY-AIaX1kw,IdY-AIaX1kw.mp4,1119.394,1120.222,segment_too_short,,cutfix_full_tier1_20260729_01,tier1
IdY-AIaX1kw,IdY-AIaX1kw.mp4,1120.898,1122.526,segment_too_short,,cutfix_full_tier1_20260729_01,tier1
IdY-AIaX1kw,IdY-AIaX1kw.mp4,1122.786,1123.486,segment_too_short,,cutfix_full_tier1_20260729_01,tier1
IdY-AIaX1kw,IdY-AIaX1kw.mp4,1129.922,1131.102,segment_too_short,,cutfix_full_tier1_20260729_01,tier1
IdY-AIaX1kw,IdY-AIaX1kw.mp4,1131.234,1132.19,segment_too_short,,cutfix_full_tier1_20260729_01,tier1
IdY-AIaX1kw,IdY-AIaX1kw.mp4,1132.61,1134.11,segment_too_short,,cutfix_full_tier1_20260729_01,tier1
IdY-AIaX1kw,IdY-AIaX1kw.mp4,1134.562,1135.326,segment_too_short,,cutfix_full_tier1_20260729_01,tier1
IdY-AIaX1kw,IdY-AIaX1kw.mp4,1135.65,1137.374,segment_too_short,,cutfix_full_tier1_20260729_01,tier1
IdY-AIaX1kw,IdY-AIaX1kw.mp4,1138.626,1147.55,face_density_low,,cutfix_full_tier1_20260729_01,tier1
IdY-AIaX1kw,IdY-AIaX1kw.mp4,1147.714,1148.734,segment_too_short,,cutfix_full_tier1_20260729_01,tier1
IdY-AIaX1kw,IdY-AIaX1kw.mp4,1149.122,1152.062,face_density_low,,cutfix_full_tier1_20260729_01,tier1
IdY-AIaX1kw,IdY-AIaX1kw.mp4,1152.322,1154.558,face_density_low,,cutfix_full_tier1_20260729_01,tier1
IdY-AIaX1kw,IdY-AIaX1kw.mp4,1154.978,1159.71,scene_cut_detected,,cutfix_full_tier1_20260729_01,tier1
IdY-AIaX1kw,IdY-AIaX1kw.mp4,1160.418,1161.95,segment_too_short,,cutfix_full_tier1_20260729_01,tier1
IdY-AIaX1kw,IdY-AIaX1kw.mp4,1162.114,1164.894,scene_cut_detected,,cutfix_full_tier1_20260729_01,tier1
IdY-AIaX1kw,IdY-AIaX1kw.mp4,1165.09,1166.59,segment_too_short,,cutfix_full_tier1_20260729_01,tier1
IdY-AIaX1kw,IdY-AIaX1kw.mp4,1166.722,1171.454,face_density_low,,cutfix_full_tier1_20260729_01,tier1
IdY-AIaX1kw,IdY-AIaX1kw.mp4,1178.37,1179.326,segment_too_short,,cutfix_full_tier1_20260729_01,tier1
IiY1bIpLbAg,IiY1bIpLbAg.mp4,1.762,2.974,segment_too_short,,cutfix_full_tier1_20260729_01,tier1
IiY1bIpLbAg,IiY1bIpLbAg.mp4,63.266,64.222,segment_too_short,,cutfix_full_tier1_20260729_01,tier1
IiY1bIpLbAg,IiY1bIpLbAg.mp4,64.386,65.79,segment_too_short,,cutfix_full_tier1_20260729_01,tier1
IiY1bIpLbAg,IiY1bIpLbAg.mp4,73.314,75.262,segment_too_short,,cutfix_full_tier1_20260729_01,tier1
IiY1bIpLbAg,IiY1bIpLbAg.mp4,75.97,77.31,segment_too_short,,cutfix_full_tier1_20260729_01,tier1
IiY1bIpLbAg,IiY1bIpLbAg.mp4,81.506,82.398,segment_too_short,,cutfix_full_tier1_20260729_01,tier1
IiY1bIpLbAg,IiY1bIpLbAg.mp4,82.626,83.518,segment_too_short,,cutfix_full_tier1_20260729_01,tier1
IiY1bIpLbAg,IiY1bIpLbAg.mp4,83.938,84.766,segment_too_short,,cutfix_full_tier1_20260729_01,tier1
IiY1bIpLbAg,IiY1bIpLbAg.mp4,84.994,86.046,segment_too_short,,cutfix_full_tier1_20260729_01,tier1
IiY1bIpLbAg,IiY1bIpLbAg.mp4,89.89,90.814,segment_too_short,,cutfix_full_tier1_20260729_01,tier1
IiY1bIpLbAg,IiY1bIpLbAg.mp4,91.01,91.838,segment_too_short,,cutfix_full_tier1_20260729_01,tier1
IiY1bIpLbAg,IiY1bIpLbAg.mp4,92.066,93.822,segment_too_short,,cutfix_full_tier1_20260729_01,tier1
IiY1bIpLbAg,IiY1bIpLbAg.mp4,99.874,101.662,segment_too_short,,cutfix_full_tier1_20260729_01,tier1
IiY1bIpLbAg,IiY1bIpLbAg.mp4,104.706,105.31,segment_too_short,,cutfix_full_tier1_20260729_01,tier1
IiY1bIpLbAg,IiY1bIpLbAg.mp4,105.474,106.59,segment_too_short,,cutfix_full_tier1_20260729_01,tier1
IiY1bIpLbAg,IiY1bIpLbAg.mp4,112.898,113.726,segment_too_short,,cutfix_full_tier1_20260729_01,tier1
IiY1bIpLbAg,IiY1bIpLbAg.mp4,113.826,114.686,segment_too_short,,cutfix_full_tier1_20260729_01,tier1
IiY1bIpLbAg,IiY1bIpLbAg.mp4,115.33,116.222,segment_too_short,,cutfix_full_tier1_20260729_01,tier1
IiY1bIpLbAg,IiY1bIpLbAg.mp4,116.482,117.31,segment_too_short,,cutfix_full_tier1_20260729_01,tier1
IiY1bIpLbAg,IiY1bIpLbAg.mp4,132.77,133.694,segment_too_short,,cutfix_full_tier1_20260729_01,tier1
IiY1bIpLbAg,IiY1bIpLbAg.mp4,143.01,143.966,segment_too_short,,cutfix_full_tier1_20260729_01,tier1
IiY1bIpLbAg,IiY1bIpLbAg.mp4,144.226,145.758,segment_too_short,,cutfix_full_tier1_20260729_01,tier1
IiY1bIpLbAg,IiY1bIpLbAg.mp4,146.402,147.102,segment_too_short,,cutfix_full_tier1_20260729_01,tier1
IiY1bIpLbAg,IiY1bIpLbAg.mp4,147.586,148.574,segment_too_short,,cutfix_full_tier1_20260729_01,tier1
IiY1bIpLbAg,IiY1bIpLbAg.mp4,150.082,151.87,segment_too_short,,cutfix_full_tier1_20260729_01,tier1
IiY1bIpLbAg,IiY1bIpLbAg.mp4,151.97,152.766,segment_too_short,,cutfix_full_tier1_20260729_01,tier1
IiY1bIpLbAg,IiY1bIpLbAg.mp4,153.186,155.102,segment_too_short,,cutfix_full_tier1_20260729_01,tier1
IiY1bIpLbAg,IiY1bIpLbAg.mp4,164.354,165.278,segment_too_short,,cutfix_full_tier1_20260729_01,tier1
IiY1bIpLbAg,IiY1bIpLbAg.mp4,165.506,166.11,segment_too_short,,cutfix_full_tier1_20260729_01,tier1
IiY1bIpLbAg,IiY1bIpLbAg.mp4,171.042,171.582,segment_too_short,,cutfix_full_tier1_20260729_01,tier1
IiY1bIpLbAg,IiY1bIpLbAg.mp4,172.034,172.638,segment_too_short,,cutfix_full_tier1_20260729_01,tier1
IiY1bIpLbAg,IiY1bIpLbAg.mp4,172.962,173.79,segment_too_short,,cutfix_full_tier1_20260729_01,tier1
IiY1bIpLbAg,IiY1bIpLbAg.mp4,174.21,175.166,segment_too_short,,cutfix_full_tier1_20260729_01,tier1
IiY1bIpLbAg,IiY1bIpLbAg.mp4,181.858,182.974,segment_too_short,,cutfix_full_tier1_20260729_01,tier1
IiY1bIpLbAg,IiY1bIpLbAg.mp4,183.106,183.902,segment_too_short,,cutfix_full_tier1_20260729_01,tier1
IiY1bIpLbAg,IiY1bIpLbAg.mp4,191.33,191.998,segment_too_short,,cutfix_full_tier1_20260729_01,tier1
IiY1bIpLbAg,IiY1bIpLbAg.mp4,208.13,208.574,segment_too_short,,cutfix_full_tier1_20260729_01,tier1
IiY1bIpLbAg,IiY1bIpLbAg.mp4,208.674,210.238,segment_too_short,,cutfix_full_tier1_20260729_01,tier1
IiY1bIpLbAg,IiY1bIpLbAg.mp4,210.338,210.974,segment_too_short,,cutfix_full_tier1_20260729_01,tier1
IiY1bIpLbAg,IiY1bIpLbAg.mp4,211.106,212.222,segment_too_short,,cutfix_full_tier1_20260729_01,tier1
IiY1bIpLbAg,IiY1bIpLbAg.mp4,212.45,214.014,segment_too_short,,cutfix_full_tier1_20260729_01,tier1
IiY1bIpLbAg,IiY1bIpLbAg.mp4,216.13,216.606,segment_too_short,,cutfix_full_tier1_20260729_01,tier1
IiY1bIpLbAg,IiY1bIpLbAg.mp4,227.522,228.158,segment_too_short,,cutfix_full_tier1_20260729_01,tier1
IiY1bIpLbAg,IiY1bIpLbAg.mp4,235.202,235.902,segment_too_short,,cutfix_full_tier1_20260729_01,tier1
IiY1bIpLbAg,IiY1bIpLbAg.mp4,242.338,244.222,segment_too_short,,cutfix_full_tier1_20260729_01,tier1
IiY1bIpLbAg,IiY1bIpLbAg.mp4,246.658,248.638,segment_too_short,,cutfix_full_tier1_20260729_01,tier1
IiY1bIpLbAg,IiY1bIpLbAg.mp4,273.89,274.59,segment_too_short,,cutfix_full_tier1_20260729_01,tier1
IiY1bIpLbAg,IiY1bIpLbAg.mp4,275.138,275.806,segment_too_short,,cutfix_full_tier1_20260729_01,tier1
IiY1bIpLbAg,IiY1bIpLbAg.mp4,276.322,276.958,segment_too_short,,cutfix_full_tier1_20260729_01,tier1
IiY1bIpLbAg,IiY1bIpLbAg.mp4,277.474,278.078,segment_too_short,,cutfix_full_tier1_20260729_01,tier1
IiY1bIpLbAg,IiY1bIpLbAg.mp4,292.482,293.182,segment_too_short,,cutfix_full_tier1_20260729_01,tier1
IiY1bIpLbAg,IiY1bIpLbAg.mp4,296.066,297.726,segment_too_short,,cutfix_full_tier1_20260729_01,tier1
IiY1bIpLbAg,IiY1bIpLbAg.mp4,297.826,298.91,segment_too_short,,cutfix_full_tier1_20260729_01,tier1
IkEGvcFugwY,IkEGvcFugwY.mp4,3.65,5.342,segment_too_short,,cutfix_full_tier1_20260729_01,tier1
IkEGvcFugwY,IkEGvcFugwY.mp4,43.138,44.734,segment_too_short,,cutfix_full_tier1_20260729_01,tier1
IkEGvcFugwY,IkEGvcFugwY.mp4,49.122,50.43,segment_too_short,,cutfix_full_tier1_20260729_01,tier1
IkEGvcFugwY,IkEGvcFugwY.mp4,50.786,53.214,scene_cut_detected,,cutfix_full_tier1_20260729_01,tier1
IkEGvcFugwY,IkEGvcFugwY.mp4,53.506,54.206,segment_too_short,,cutfix_full_tier1_20260729_01,tier1
IkEGvcFugwY,IkEGvcFugwY.mp4,54.658,55.518,segment_too_short,,cutfix_full_tier1_20260729_01,tier1
IkEGvcFugwY,IkEGvcFugwY.mp4,55.714,56.35,segment_too_short,,cutfix_full_tier1_20260729_01,tier1
IkEGvcFugwY,IkEGvcFugwY.mp4,59.362,60.446,segment_too_short,,cutfix_full_tier1_20260729_01,tier1
IkEGvcFugwY,IkEGvcFugwY.mp4,64.386,64.958,segment_too_short,,cutfix_full_tier1_20260729_01,tier1
IkEGvcFugwY,IkEGvcFugwY.mp4,65.09,66.494,segment_too_short,,cutfix_full_tier1_20260729_01,tier1
IkEGvcFugwY,IkEGvcFugwY.mp4,66.786,67.358,segment_too_short,,cutfix_full_tier1_20260729_01,tier1
IkEGvcFugwY,IkEGvcFugwY.mp4,72.194,73.886,segment_too_short,,cutfix_full_tier1_20260729_01,tier1
IkEGvcFugwY,IkEGvcFugwY.mp4,74.37,75.582,segment_too_short,,cutfix_full_tier1_20260729_01,tier1
IkEGvcFugwY,IkEGvcFugwY.mp4,75.778,79.134,scene_cut_detected,,cutfix_full_tier1_20260729_01,tier1
IkEGvcFugwY,IkEGvcFugwY.mp4,79.586,80.446,segment_too_short,,cutfix_full_tier1_20260729_01,tier1
IkEGvcFugwY,IkEGvcFugwY.mp4,80.834,88.446,scene_cut_detected,,cutfix_full_tier1_20260729_01,tier1
IkEGvcFugwY,IkEGvcFugwY.mp4,88.77,91.038,scene_cut_detected,,cutfix_full_tier1_20260729_01,tier1
IkEGvcFugwY,IkEGvcFugwY.mp4,91.522,91.934,segment_too_short,,cutfix_full_tier1_20260729_01,tier1
IkEGvcFugwY,IkEGvcFugwY.mp4,92.29,93.63,segment_too_short,,cutfix_full_tier1_20260729_01,tier1
IkEGvcFugwY,IkEGvcFugwY.mp4,93.89,94.526,segment_too_short,,cutfix_full_tier1_20260729_01,tier1
IkEGvcFugwY,IkEGvcFugwY.mp4,94.722,96.254,segment_too_short,,cutfix_full_tier1_20260729_01,tier1
IkEGvcFugwY,IkEGvcFugwY.mp4,96.418,97.822,segment_too_short,,cutfix_full_tier1_20260729_01,tier1
IkEGvcFugwY,IkEGvcFugwY.mp4,97.986,99.262,segment_too_short,,cutfix_full_tier1_20260729_01,tier1
IkEGvcFugwY,IkEGvcFugwY.mp4,99.426,100.51,segment_too_short,,cutfix_full_tier1_20260729_01,tier1
IkEGvcFugwY,IkEGvcFugwY.mp4,101.154,102.046,segment_too_short,,cutfix_full_tier1_20260729_01,tier1
IkEGvcFugwY,IkEGvcFugwY.mp4,102.21,103.23,segment_too_short,,cutfix_full_tier1_20260729_01,tier1
IkEGvcFugwY,IkEGvcFugwY.mp4,103.362,105.31,segment_too_short,,cutfix_full_tier1_20260729_01,tier1
IkEGvcFugwY,IkEGvcFugwY.mp4,107.746,108.99,segment_too_short,,cutfix_full_tier1_20260729_01,tier1
IkEGvcFugwY,IkEGvcFugwY.mp4,109.314,111.038,segment_too_short,,cutfix_full_tier1_20260729_01,tier1
IkEGvcFugwY,IkEGvcFugwY.mp4,111.618,112.926,segment_too_short,,cutfix_full_tier1_20260729_01,tier1
IkEGvcFugwY,IkEGvcFugwY.mp4,113.186,113.566,segment_too_short,,cutfix_full_tier1_20260729_01,tier1
IkEGvcFugwY,IkEGvcFugwY.mp4,113.73,114.366,segment_too_short,,cutfix_full_tier1_20260729_01,tier1
IkEGvcFugwY,IkEGvcFugwY.mp4,115.554,116.702,segment_too_short,,cutfix_full_tier1_20260729_01,tier1
IkEGvcFugwY,IkEGvcFugwY.mp4,117.154,118.654,segment_too_short,,cutfix_full_tier1_20260729_01,tier1
IkEGvcFugwY,IkEGvcFugwY.mp4,119.01,120.862,segment_too_short,,cutfix_full_tier1_20260729_01,tier1
IkEGvcFugwY,IkEGvcFugwY.mp4,121.474,122.622,segment_too_short,,cutfix_full_tier1_20260729_01,tier1
IkEGvcFugwY,IkEGvcFugwY.mp4,123.106,123.838,segment_too_short,,cutfix_full_tier1_20260729_01,tier1
IkEGvcFugwY,IkEGvcFugwY.mp4,129.346,131.166,segment_too_short,,cutfix_full_tier1_20260729_01,tier1
IkEGvcFugwY,IkEGvcFugwY.mp4,131.81,132.958,segment_too_short,,cutfix_full_tier1_20260729_01,tier1
IkEGvcFugwY,IkEGvcFugwY.mp4,133.25,134.27,segment_too_short,,cutfix_full_tier1_20260729_01,tier1
IkEGvcFugwY,IkEGvcFugwY.mp4,134.498,136.062,segment_too_short,,cutfix_full_tier1_20260729_01,tier1
IkEGvcFugwY,IkEGvcFugwY.mp4,136.418,137.982,segment_too_short,,cutfix_full_tier1_20260729_01,tier1
IkEGvcFugwY,IkEGvcFugwY.mp4,141.858,142.75,segment_too_short,,cutfix_full_tier1_20260729_01,tier1
IkEGvcFugwY,IkEGvcFugwY.mp4,142.978,143.966,segment_too_short,,cutfix_full_tier1_20260729_01,tier1
IkEGvcFugwY,IkEGvcFugwY.mp4,144.802,145.438,segment_too_short,,cutfix_full_tier1_20260729_01,tier1
IkEGvcFugwY,IkEGvcFugwY.mp4,145.794,147.134,segment_too_short,,cutfix_full_tier1_20260729_01,tier1
IkEGvcFugwY,IkEGvcFugwY.mp4,147.362,148.382,segment_too_short,,cutfix_full_tier1_20260729_01,tier1
IkEGvcFugwY,IkEGvcFugwY.mp4,152.866,155.102,scene_cut_detected,,cutfix_full_tier1_20260729_01,tier1
IkEGvcFugwY,IkEGvcFugwY.mp4,155.778,157.438,segment_too_short,,cutfix_full_tier1_20260729_01,tier1
IkEGvcFugwY,IkEGvcFugwY.mp4,158.018,159.454,segment_too_short,,cutfix_full_tier1_20260729_01,tier1
IkEGvcFugwY,IkEGvcFugwY.mp4,159.906,161.086,segment_too_short,,cutfix_full_tier1_20260729_01,tier1
IkEGvcFugwY,IkEGvcFugwY.mp4,163.778,166.27,scene_cut_detected,,cutfix_full_tier1_20260729_01,tier1
IkEGvcFugwY,IkEGvcFugwY.mp4,166.626,168.158,segment_too_short,,cutfix_full_tier1_20260729_01,tier1
IkEGvcFugwY,IkEGvcFugwY.mp4,168.61,169.534,segment_too_short,,cutfix_full_tier1_20260729_01,tier1
IkEGvcFugwY,IkEGvcFugwY.mp4,169.794,170.622,segment_too_short,,cutfix_full_tier1_20260729_01,tier1
IkEGvcFugwY,IkEGvcFugwY.mp4,170.818,171.23,segment_too_short,,cutfix_full_tier1_20260729_01,tier1
IkEGvcFugwY,IkEGvcFugwY.mp4,171.362,171.902,segment_too_short,,cutfix_full_tier1_20260729_01,tier1
IkEGvcFugwY,IkEGvcFugwY.mp4,172.066,172.446,segment_too_short,,cutfix_full_tier1_20260729_01,tier1
IkEGvcFugwY,IkEGvcFugwY.mp4,172.802,174.494,segment_too_short,,cutfix_full_tier1_20260729_01,tier1
IkEGvcFugwY,IkEGvcFugwY.mp4,174.882,177.086,scene_cut_detected,,cutfix_full_tier1_20260729_01,tier1
IkEGvcFugwY,IkEGvcFugwY.mp4,180.034,181.854,segment_too_short,,cutfix_full_tier1_20260729_01,tier1
IkEGvcFugwY,IkEGvcFugwY.mp4,182.338,183.486,segment_too_short,,cutfix_full_tier1_20260729_01,tier1
IkEGvcFugwY,IkEGvcFugwY.mp4,184.29,185.502,segment_too_short,,cutfix_full_tier1_20260729_01,tier1
IkEGvcFugwY,IkEGvcFugwY.mp4,185.634,186.91,segment_too_short,,cutfix_full_tier1_20260729_01,tier1
IkEGvcFugwY,IkEGvcFugwY.mp4,187.202,187.966,segment_too_short,,cutfix_full_tier1_20260729_01,tier1
IkEGvcFugwY,IkEGvcFugwY.mp4,188.418,190.11,segment_too_short,,cutfix_full_tier1_20260729_01,tier1
IkEGvcFugwY,IkEGvcFugwY.mp4,197.794,198.814,segment_too_short,,cutfix_full_tier1_20260729_01,tier1
IkEGvcFugwY,IkEGvcFugwY.mp4,198.978,200.062,segment_too_short,,cutfix_full_tier1_20260729_01,tier1
IkEGvcFugwY,IkEGvcFugwY.mp4,200.45,201.47,segment_too_short,,cutfix_full_tier1_20260729_01,tier1
IkEGvcFugwY,IkEGvcFugwY.mp4,201.794,202.942,segment_too_short,,cutfix_full_tier1_20260729_01,tier1
IkEGvcFugwY,IkEGvcFugwY.mp4,203.17,204.894,segment_too_short,,cutfix_full_tier1_20260729_01,tier1
IkEGvcFugwY,IkEGvcFugwY.mp4,205.09,205.918,segment_too_short,,cutfix_full_tier1_20260729_01,tier1
IkEGvcFugwY,IkEGvcFugwY.mp4,208.834,210.11,segment_too_short,,cutfix_full_tier1_20260729_01,tier1
IkEGvcFugwY,IkEGvcFugwY.mp4,210.85,211.998,segment_too_short,,cutfix_full_tier1_20260729_01,tier1
IkEGvcFugwY,IkEGvcFugwY.mp4,212.098,212.894,segment_too_short,,cutfix_full_tier1_20260729_01,tier1
IkEGvcFugwY,IkEGvcFugwY.mp4,213.186,214.59,segment_too_short,,cutfix_full_tier1_20260729_01,tier1
IkEGvcFugwY,IkEGvcFugwY.mp4,214.818,215.87,segment_too_short,,cutfix_full_tier1_20260729_01,tier1
IkEGvcFugwY,IkEGvcFugwY.mp4,216.642,217.822,segment_too_short,,cutfix_full_tier1_20260729_01,tier1
IkEGvcFugwY,IkEGvcFugwY.mp4,221.826,222.398,segment_too_short,,cutfix_full_tier1_20260729_01,tier1
IkEGvcFugwY,IkEGvcFugwY.mp4,225.89,227.166,segment_too_short,,cutfix_full_tier1_20260729_01,tier1
IkEGvcFugwY,IkEGvcFugwY.mp4,235.042,236.03,segment_too_short,,cutfix_full_tier1_20260729_01,tier1
IkEGvcFugwY,IkEGvcFugwY.mp4,237.058,238.43,segment_too_short,,cutfix_full_tier1_20260729_01,tier1
IkEGvcFugwY,IkEGvcFugwY.mp4,252.994,254.302,segment_too_short,,cutfix_full_tier1_20260729_01,tier1
IkEGvcFugwY,IkEGvcFugwY.mp4,254.594,255.358,segment_too_short,,cutfix_full_tier1_20260729_01,tier1
IkEGvcFugwY,IkEGvcFugwY.mp4,255.586,256.222,segment_too_short,,cutfix_full_tier1_20260729_01,tier1
IkEGvcFugwY,IkEGvcFugwY.mp4,262.626,263.902,segment_too_short,,cutfix_full_tier1_20260729_01,tier1
IkEGvcFugwY,IkEGvcFugwY.mp4,268.13,268.638,segment_too_short,,cutfix_full_tier1_20260729_01,tier1
IkEGvcFugwY,IkEGvcFugwY.mp4,272.77,273.822,segment_too_short,,cutfix_full_tier1_20260729_01,tier1
IkEGvcFugwY,IkEGvcFugwY.mp4,274.402,275.422,segment_too_short,,cutfix_full_tier1_20260729_01,tier1
IkEGvcFugwY,IkEGvcFugwY.mp4,281.826,285.63,scene_cut_detected,,cutfix_full_tier1_20260729_01,tier1
IkEGvcFugwY,IkEGvcFugwY.mp4,285.922,288.574,scene_cut_detected,,cutfix_full_tier1_20260729_01,tier1
IkEGvcFugwY,IkEGvcFugwY.mp4,288.93,290.686,segment_too_short,,cutfix_full_tier1_20260729_01,tier1
IkEGvcFugwY,IkEGvcFugwY.mp4,291.266,291.71,segment_too_short,,cutfix_full_tier1_20260729_01,tier1
IkEGvcFugwY,IkEGvcFugwY.mp4,291.938,292.478,segment_too_short,,cutfix_full_tier1_20260729_01,tier1
IkEGvcFugwY,IkEGvcFugwY.mp4,292.898,293.47,segment_too_short,,cutfix_full_tier1_20260729_01,tier1
IkEGvcFugwY,IkEGvcFugwY.mp4,294.082,294.942,segment_too_short,,cutfix_full_tier1_20260729_01,tier1
IkEGvcFugwY,IkEGvcFugwY.mp4,299.81,301.374,segment_too_short,,cutfix_full_tier1_20260729_01,tier1
IkEGvcFugwY,IkEGvcFugwY.mp4,302.05,303.166,segment_too_short,,cutfix_full_tier1_20260729_01,tier1
IkEGvcFugwY,IkEGvcFugwY.mp4,305.602,307.422,segment_too_short,,cutfix_full_tier1_20260729_01,tier1
IkEGvcFugwY,IkEGvcFugwY.mp4,307.618,308.158,segment_too_short,,cutfix_full_tier1_20260729_01,tier1
IkEGvcFugwY,IkEGvcFugwY.mp4,308.482,309.566,segment_too_short,,cutfix_full_tier1_20260729_01,tier1
IkEGvcFugwY,IkEGvcFugwY.mp4,310.242,312.094,segment_too_short,,cutfix_full_tier1_20260729_01,tier1
IkEGvcFugwY,IkEGvcFugwY.mp4,312.546,313.886,segment_too_short,,cutfix_full_tier1_20260729_01,tier1
IkEGvcFugwY,IkEGvcFugwY.mp4,313.986,315.102,segment_too_short,,cutfix_full_tier1_20260729_01,tier1
IkEGvcFugwY,IkEGvcFugwY.mp4,318.882,319.39,segment_too_short,,cutfix_full_tier1_20260729_01,tier1
IkEGvcFugwY,IkEGvcFugwY.mp4,330.178,335.178,scene_cut_detected,,cutfix_full_tier1_20260729_01,tier1
IkEGvcFugwY,IkEGvcFugwY.mp4,339.938,343.422,scene_cut_detected,,cutfix_full_tier1_20260729_01,tier1
IkEGvcFugwY,IkEGvcFugwY.mp4,346.882,347.518,segment_too_short,,cutfix_full_tier1_20260729_01,tier1
IkEGvcFugwY,IkEGvcFugwY.mp4,352.13,354.046,segment_too_short,,cutfix_full_tier1_20260729_01,tier1
IkEGvcFugwY,IkEGvcFugwY.mp4,358.338,359.678,segment_too_short,,cutfix_full_tier1_20260729_01,tier1
IkEGvcFugwY,IkEGvcFugwY.mp4,360.322,361.854,segment_too_short,,cutfix_full_tier1_20260729_01,tier1
IkEGvcFugwY,IkEGvcFugwY.mp4,362.05,367.774,scene_cut_detected,,cutfix_full_tier1_20260729_01,tier1
IkEGvcFugwY,IkEGvcFugwY.mp4,370.978,373.374,scene_cut_detected,,cutfix_full_tier1_20260729_01,tier1
IkEGvcFugwY,IkEGvcFugwY.mp4,383.234,384.222,segment_too_short,,cutfix_full_tier1_20260729_01,tier1
IkEGvcFugwY,IkEGvcFugwY.mp4,393.986,395.166,segment_too_short,,cutfix_full_tier1_20260729_01,tier1
IkEGvcFugwY,IkEGvcFugwY.mp4,398.082,402.398,scene_cut_detected,,cutfix_full_tier1_20260729_01,tier1
IkEGvcFugwY,IkEGvcFugwY.mp4,409.154,411.134,segment_too_short,,cutfix_full_tier1_20260729_01,tier1
IkEGvcFugwY,IkEGvcFugwY.mp4,416.61,427.71,scene_cut_detected,,cutfix_full_tier1_20260729_01,tier1
IkEGvcFugwY,IkEGvcFugwY.mp4,427.906,431.166,scene_cut_detected,,cutfix_full_tier1_20260729_01,tier1
IkEGvcFugwY,IkEGvcFugwY.mp4,443.298,454.814,scene_cut_detected,,cutfix_full_tier1_20260729_01,tier1
IkEGvcFugwY,IkEGvcFugwY.mp4,454.978,456.894,segment_too_short,,cutfix_full_tier1_20260729_01,tier1
IkEGvcFugwY,IkEGvcFugwY.mp4,461.762,463.23,segment_too_short,,cutfix_full_tier1_20260729_01,tier1
IkEGvcFugwY,IkEGvcFugwY.mp4,463.682,464.862,segment_too_short,,cutfix_full_tier1_20260729_01,tier1
IkEGvcFugwY,IkEGvcFugwY.mp4,465.154,474.526,scene_cut_detected,,cutfix_full_tier1_20260729_01,tier1
IkEGvcFugwY,IkEGvcFugwY.mp4,474.818,475.23,segment_too_short,,cutfix_full_tier1_20260729_01,tier1
IkEGvcFugwY,IkEGvcFugwY.mp4,482.21,484.158,segment_too_short,,cutfix_full_tier1_20260729_01,tier1
IkEGvcFugwY,IkEGvcFugwY.mp4,484.45,492.958,scene_cut_detected,,cutfix_full_tier1_20260729_01,tier1
IkEGvcFugwY,IkEGvcFugwY.mp4,497.09,502.654,face_density_low,,cutfix_full_tier1_20260729_01,tier1
IkEGvcFugwY,IkEGvcFugwY.mp4,502.85,504.542,segment_too_short,,cutfix_full_tier1_20260729_01,tier1
IkEGvcFugwY,IkEGvcFugwY.mp4,504.706,506.59,segment_too_short,,cutfix_full_tier1_20260729_01,tier1
IkEGvcFugwY,IkEGvcFugwY.mp4,506.946,508.958,face_density_low,,cutfix_full_tier1_20260729_01,tier1
IkEGvcFugwY,IkEGvcFugwY.mp4,509.154,510.718,segment_too_short,,cutfix_full_tier1_20260729_01,tier1
IkEGvcFugwY,IkEGvcFugwY.mp4,532.866,533.438,segment_too_short,,cutfix_full_tier1_20260729_01,tier1
IkEGvcFugwY,IkEGvcFugwY.mp4,533.666,538.11,face_density_low,,cutfix_full_tier1_20260729_01,tier1
IkEGvcFugwY,IkEGvcFugwY.mp4,538.498,539.262,segment_too_short,,cutfix_full_tier1_20260729_01,tier1
IkEGvcFugwY,IkEGvcFugwY.mp4,539.458,542.078,face_density_low,,cutfix_full_tier1_20260729_01,tier1
IkEGvcFugwY,IkEGvcFugwY.mp4,542.242,547.518,face_density_low,,cutfix_full_tier1_20260729_01,tier1
IkEGvcFugwY,IkEGvcFugwY.mp4,551.906,555.166,face_density_low,,cutfix_full_tier1_20260729_01,tier1
J5JAarO_Exw,J5JAarO_Exw.mp4,30.082,41.342,face_density_low,,cutfix_full_tier1_20260729_01,tier1
J5JAarO_Exw,J5JAarO_Exw.mp4,41.57,44.958,face_density_low,,cutfix_full_tier1_20260729_01,tier1
J5JAarO_Exw,J5JAarO_Exw.mp4,45.058,50.058,face_density_low,,cutfix_full_tier1_20260729_01,tier1
J5JAarO_Exw,J5JAarO_Exw.mp4,49.058,54.058,face_density_low,,cutfix_full_tier1_20260729_01,tier1
J5JAarO_Exw,J5JAarO_Exw.mp4,53.058,58.058,face_density_low,,cutfix_full_tier1_20260729_01,tier1
J5JAarO_Exw,J5JAarO_Exw.mp4,59.65,63.678,face_density_low,,cutfix_full_tier1_20260729_01,tier1
J5JAarO_Exw,J5JAarO_Exw.mp4,63.906,67.87,scene_cut_detected,,cutfix_full_tier1_20260729_01,tier1
J5JAarO_Exw,J5JAarO_Exw.mp4,68.226,73.226,scene_cut_detected,,cutfix_full_tier1_20260729_01,tier1
J5JAarO_Exw,J5JAarO_Exw.mp4,72.226,77.226,face_density_low,,cutfix_full_tier1_20260729_01,tier1
J5JAarO_Exw,J5JAarO_Exw.mp4,76.226,81.226,scene_cut_detected,,cutfix_full_tier1_20260729_01,tier1
J5JAarO_Exw,J5JAarO_Exw.mp4,80.226,84.99,face_density_low,,cutfix_full_tier1_20260729_01,tier1
J5JAarO_Exw,J5JAarO_Exw.mp4,85.154,93.726,face_density_low,,cutfix_full_tier1_20260729_01,tier1
J5JAarO_Exw,J5JAarO_Exw.mp4,99.586,111.166,scene_cut_detected,,cutfix_full_tier1_20260729_01,tier1
J5JAarO_Exw,J5JAarO_Exw.mp4,111.554,121.534,face_density_low,,cutfix_full_tier1_20260729_01,tier1
J5JAarO_Exw,J5JAarO_Exw.mp4,121.89,122.654,segment_too_short,,cutfix_full_tier1_20260729_01,tier1
J5JAarO_Exw,J5JAarO_Exw.mp4,122.754,130.654,scene_cut_detected,,cutfix_full_tier1_20260729_01,tier1
J5JAarO_Exw,J5JAarO_Exw.mp4,130.786,132.286,segment_too_short,,cutfix_full_tier1_20260729_01,tier1
J5JAarO_Exw,J5JAarO_Exw.mp4,133.41,138.41,scene_cut_detected,,cutfix_full_tier1_20260729_01,tier1
J5JAarO_Exw,J5JAarO_Exw.mp4,137.41,142.41,face_density_low,,cutfix_full_tier1_20260729_01,tier1
J5JAarO_Exw,J5JAarO_Exw.mp4,141.41,146.41,scene_cut_detected,,cutfix_full_tier1_20260729_01,tier1
J5JAarO_Exw,J5JAarO_Exw.mp4,145.41,150.41,face_density_low,,cutfix_full_tier1_20260729_01,tier1
J5JAarO_Exw,J5JAarO_Exw.mp4,151.33,156.094,face_density_low,,cutfix_full_tier1_20260729_01,tier1
J5JAarO_Exw,J5JAarO_Exw.mp4,156.226,161.694,face_density_low,,cutfix_full_tier1_20260729_01,tier1
J5JAarO_Exw,J5JAarO_Exw.mp4,162.05,167.326,scene_cut_detected,,cutfix_full_tier1_20260729_01,tier1
J5JAarO_Exw,J5JAarO_Exw.mp4,167.65,172.65,scene_cut_detected,,cutfix_full_tier1_20260729_01,tier1
J5JAarO_Exw,J5JAarO_Exw.mp4,171.65,176.65,scene_cut_detected,,cutfix_full_tier1_20260729_01,tier1
J5JAarO_Exw,J5JAarO_Exw.mp4,175.65,180.65,face_density_low,,cutfix_full_tier1_20260729_01,tier1
J5JAarO_Exw,J5JAarO_Exw.mp4,181.026,189.726,face_density_low,,cutfix_full_tier1_20260729_01,tier1
J5JAarO_Exw,J5JAarO_Exw.mp4,189.89,199.998,face_density_low,,cutfix_full_tier1_20260729_01,tier1
J5JAarO_Exw,J5JAarO_Exw.mp4,200.354,205.502,face_density_low,,cutfix_full_tier1_20260729_01,tier1
J5JAarO_Exw,J5JAarO_Exw.mp4,205.666,213.598,face_density_low,,cutfix_full_tier1_20260729_01,tier1
J5JAarO_Exw,J5JAarO_Exw.mp4,218.05,223.05,face_density_low,,cutfix_full_tier1_20260729_01,tier1
J5JAarO_Exw,J5JAarO_Exw.mp4,222.05,227.05,scene_cut_detected,,cutfix_full_tier1_20260729_01,tier1
J5JAarO_Exw,J5JAarO_Exw.mp4,226.05,230.878,face_density_low,,cutfix_full_tier1_20260729_01,tier1
J5JAarO_Exw,J5JAarO_Exw.mp4,233.954,238.954,face_density_low,,cutfix_full_tier1_20260729_01,tier1
J5JAarO_Exw,J5JAarO_Exw.mp4,237.954,242.954,face_density_low,,cutfix_full_tier1_20260729_01,tier1
J5JAarO_Exw,J5JAarO_Exw.mp4,241.954,246.526,face_density_low,,cutfix_full_tier1_20260729_01,tier1
J5JAarO_Exw,J5JAarO_Exw.mp4,246.626,251.626,face_density_low,,cutfix_full_tier1_20260729_01,tier1
J5JAarO_Exw,J5JAarO_Exw.mp4,250.626,255.626,face_density_low,,cutfix_full_tier1_20260729_01,tier1
J5JAarO_Exw,J5JAarO_Exw.mp4,254.626,259.626,face_density_low,,cutfix_full_tier1_20260729_01,tier1
J5JAarO_Exw,J5JAarO_Exw.mp4,258.626,263.626,face_density_low,,cutfix_full_tier1_20260729_01,tier1
J5JAarO_Exw,J5JAarO_Exw.mp4,262.626,267.626,face_density_low,,cutfix_full_tier1_20260729_01,tier1
J5JAarO_Exw,J5JAarO_Exw.mp4,268.578,277.214,face_density_low,,cutfix_full_tier1_20260729_01,tier1
J5JAarO_Exw,J5JAarO_Exw.mp4,277.378,288.99,face_density_low,,cutfix_full_tier1_20260729_01,tier1
J5JAarO_Exw,J5JAarO_Exw.mp4,289.122,300.798,scene_cut_detected,,cutfix_full_tier1_20260729_01,tier1
J5JAarO_Exw,J5JAarO_Exw.mp4,300.994,305.994,face_density_low,,cutfix_full_tier1_20260729_01,tier1
J5JAarO_Exw,J5JAarO_Exw.mp4,304.994,309.994,face_density_low,,cutfix_full_tier1_20260729_01,tier1
J5JAarO_Exw,J5JAarO_Exw.mp4,308.994,313.994,face_density_low,,cutfix_full_tier1_20260729_01,tier1
J5JAarO_Exw,J5JAarO_Exw.mp4,312.994,317.15,face_density_low,,cutfix_full_tier1_20260729_01,tier1
J5JAarO_Exw,J5JAarO_Exw.mp4,317.282,327.038,scene_cut_detected,,cutfix_full_tier1_20260729_01,tier1
J5JAarO_Exw,J5JAarO_Exw.mp4,327.362,332.362,face_density_low,,cutfix_full_tier1_20260729_01,tier1
J5JAarO_Exw,J5JAarO_Exw.mp4,331.362,336.362,face_density_low,,cutfix_full_tier1_20260729_01,tier1
J5JAarO_Exw,J5JAarO_Exw.mp4,335.362,339.934,face_density_low,,cutfix_full_tier1_20260729_01,tier1
J5JAarO_Exw,J5JAarO_Exw.mp4,340.194,342.334,face_density_low,,cutfix_full_tier1_20260729_01,tier1
J5JAarO_Exw,J5JAarO_Exw.mp4,342.434,347.71,face_density_low,,cutfix_full_tier1_20260729_01,tier1
J5JAarO_Exw,J5JAarO_Exw.mp4,348.034,353.034,face_density_low,,cutfix_full_tier1_20260729_01,tier1
J5JAarO_Exw,J5JAarO_Exw.mp4,352.034,357.034,face_density_low,,cutfix_full_tier1_20260729_01,tier1
J5JAarO_Exw,J5JAarO_Exw.mp4,356.034,361.034,face_density_low,,cutfix_full_tier1_20260729_01,tier1
J5JAarO_Exw,J5JAarO_Exw.mp4,360.034,364.318,scene_cut_detected,,cutfix_full_tier1_20260729_01,tier1
J5JAarO_Exw,J5JAarO_Exw.mp4,368.802,373.802,scene_cut_detected,,cutfix_full_tier1_20260729_01,tier1
J5JAarO_Exw,J5JAarO_Exw.mp4,376.802,381.802,scene_cut_detected,,cutfix_full_tier1_20260729_01,tier1
J5JAarO_Exw,J5JAarO_Exw.mp4,385.122,391.518,scene_cut_detected,,cutfix_full_tier1_20260729_01,tier1
J5JAarO_Exw,J5JAarO_Exw.mp4,391.714,402.846,scene_cut_detected,,cutfix_full_tier1_20260729_01,tier1
J5JAarO_Exw,J5JAarO_Exw.mp4,403.074,409.47,face_density_low,,cutfix_full_tier1_20260729_01,tier1
J5JAarO_Exw,J5JAarO_Exw.mp4,409.57,410.942,segment_too_short,,cutfix_full_tier1_20260729_01,tier1
J5JAarO_Exw,J5JAarO_Exw.mp4,411.17,413.918,face_density_low,,cutfix_full_tier1_20260729_01,tier1
J5JAarO_Exw,J5JAarO_Exw.mp4,414.018,416.254,face_density_low,,cutfix_full_tier1_20260729_01,tier1
J5JAarO_Exw,J5JAarO_Exw.mp4,416.61,421.822,face_density_low,,cutfix_full_tier1_20260729_01,tier1
J5JAarO_Exw,J5JAarO_Exw.mp4,427.618,431.998,face_density_low,,cutfix_full_tier1_20260729_01,tier1
J5JAarO_Exw,J5JAarO_Exw.mp4,432.386,437.386,scene_cut_detected,,cutfix_full_tier1_20260729_01,tier1
J5JAarO_Exw,J5JAarO_Exw.mp4,436.386,441.386,face_density_low,,cutfix_full_tier1_20260729_01,tier1
J5JAarO_Exw,J5JAarO_Exw.mp4,440.386,445.386,face_density_low,,cutfix_full_tier1_20260729_01,tier1
J5JAarO_Exw,J5JAarO_Exw.mp4,445.954,447.902,segment_too_short,,cutfix_full_tier1_20260729_01,tier1
J5JAarO_Exw,J5JAarO_Exw.mp4,448.162,453.054,face_density_low,,cutfix_full_tier1_20260729_01,tier1
J5JAarO_Exw,J5JAarO_Exw.mp4,453.57,456.03,face_density_low,,cutfix_full_tier1_20260729_01,tier1
J5JAarO_Exw,J5JAarO_Exw.mp4,456.322,457.758,segment_too_short,,cutfix_full_tier1_20260729_01,tier1
J5JAarO_Exw,J5JAarO_Exw.mp4,458.306,460.35,face_density_low,,cutfix_full_tier1_20260729_01,tier1
J5JAarO_Exw,J5JAarO_Exw.mp4,460.45,465.45,face_density_low,,cutfix_full_tier1_20260729_01,tier1
J5JAarO_Exw,J5JAarO_Exw.mp4,464.45,469.45,face_density_low,,cutfix_full_tier1_20260729_01,tier1
J5JAarO_Exw,J5JAarO_Exw.mp4,468.45,473.45,face_density_low,,cutfix_full_tier1_20260729_01,tier1
J5JAarO_Exw,J5JAarO_Exw.mp4,472.45,476.766,face_density_low,,cutfix_full_tier1_20260729_01,tier1
J5JAarO_Exw,J5JAarO_Exw.mp4,482.85,484.67,segment_too_short,,cutfix_full_tier1_20260729_01,tier1
J5JAarO_Exw,J5JAarO_Exw.mp4,484.866,487.422,scene_cut_detected,,cutfix_full_tier1_20260729_01,tier1
J5JAarO_Exw,J5JAarO_Exw.mp4,487.746,495.102,face_density_low,,cutfix_full_tier1_20260729_01,tier1
J5JAarO_Exw,J5JAarO_Exw.mp4,495.298,500.298,scene_cut_detected,,cutfix_full_tier1_20260729_01,tier1
J5JAarO_Exw,J5JAarO_Exw.mp4,499.298,504.298,face_density_low,,cutfix_full_tier1_20260729_01,tier1
J5JAarO_Exw,J5JAarO_Exw.mp4,503.298,508.298,scene_cut_detected,,cutfix_full_tier1_20260729_01,tier1
J5JAarO_Exw,J5JAarO_Exw.mp4,508.866,513.866,face_density_low,,cutfix_full_tier1_20260729_01,tier1
J5JAarO_Exw,J5JAarO_Exw.mp4,512.866,517.866,face_density_low,,cutfix_full_tier1_20260729_01,tier1
J5JAarO_Exw,J5JAarO_Exw.mp4,516.866,521.63,face_density_low,,cutfix_full_tier1_20260729_01,tier1
J5JAarO_Exw,J5JAarO_Exw.mp4,521.762,523.646,segment_too_short,,cutfix_full_tier1_20260729_01,tier1
J5JAarO_Exw,J5JAarO_Exw.mp4,523.874,528.318,face_density_low,,cutfix_full_tier1_20260729_01,tier1
J5JAarO_Exw,J5JAarO_Exw.mp4,528.546,529.246,segment_too_short,,cutfix_full_tier1_20260729_01,tier1
J5JAarO_Exw,J5JAarO_Exw.mp4,529.538,533.118,face_density_low,,cutfix_full_tier1_20260729_01,tier1
J5JAarO_Exw,J5JAarO_Exw.mp4,533.218,536.286,face_density_low,,cutfix_full_tier1_20260729_01,tier1
J5JAarO_Exw,J5JAarO_Exw.mp4,536.642,539.486,scene_cut_detected,,cutfix_full_tier1_20260729_01,tier1
J5JAarO_Exw,J5JAarO_Exw.mp4,539.682,542.718,face_density_low,,cutfix_full_tier1_20260729_01,tier1
J5JAarO_Exw,J5JAarO_Exw.mp4,542.946,546.942,face_density_low,,cutfix_full_tier1_20260729_01,tier1
J5JAarO_Exw,J5JAarO_Exw.mp4,547.106,549.214,face_density_low,,cutfix_full_tier1_20260729_01,tier1
J5JAarO_Exw,J5JAarO_Exw.mp4,549.698,554.686,face_density_low,,cutfix_full_tier1_20260729_01,tier1
J5JAarO_Exw,J5JAarO_Exw.mp4,554.786,557.278,face_density_low,,cutfix_full_tier1_20260729_01,tier1
J5JAarO_Exw,J5JAarO_Exw.mp4,557.41,561.79,face_density_low,,cutfix_full_tier1_20260729_01,tier1
J5JAarO_Exw,J5JAarO_Exw.mp4,562.05,565.566,face_density_low,,cutfix_full_tier1_20260729_01,tier1
J5JAarO_Exw,J5JAarO_Exw.mp4,565.986,570.986,scene_cut_detected,,cutfix_full_tier1_20260729_01,tier1
J5JAarO_Exw,J5JAarO_Exw.mp4,569.986,574.986,face_density_low,,cutfix_full_tier1_20260729_01,tier1
J5JAarO_Exw,J5JAarO_Exw.mp4,573.986,578.986,face_density_low,,cutfix_full_tier1_20260729_01,tier1
J5JAarO_Exw,J5JAarO_Exw.mp4,579.682,580.83,segment_too_short,,cutfix_full_tier1_20260729_01,tier1
J5JAarO_Exw,J5JAarO_Exw.mp4,580.93,586.014,face_density_low,,cutfix_full_tier1_20260729_01,tier1
J5JAarO_Exw,J5JAarO_Exw.mp4,586.178,587.422,segment_too_short,,cutfix_full_tier1_20260729_01,tier1
J5JAarO_Exw,J5JAarO_Exw.mp4,587.906,592.382,scene_cut_detected,,cutfix_full_tier1_20260729_01,tier1
J5JAarO_Exw,J5JAarO_Exw.mp4,592.546,594.142,segment_too_short,,cutfix_full_tier1_20260729_01,tier1
J5JAarO_Exw,J5JAarO_Exw.mp4,594.242,595.39,segment_too_short,,cutfix_full_tier1_20260729_01,tier1
JRWnmMm0Y70,JRWnmMm0Y70.mp4,0.61,2.59,segment_too_short,,cutfix_full_tier1_20260729_01,tier1
JRWnmMm0Y70,JRWnmMm0Y70.mp4,2.69,9.758,scene_cut_detected,,cutfix_full_tier1_20260729_01,tier1
JRWnmMm0Y70,JRWnmMm0Y70.mp4,9.922,11.23,segment_too_short,,cutfix_full_tier1_20260729_01,tier1
JRWnmMm0Y70,JRWnmMm0Y70.mp4,11.33,16.33,scene_cut_detected,,cutfix_full_tier1_20260729_01,tier1
JRWnmMm0Y70,JRWnmMm0Y70.mp4,15.33,20.33,scene_cut_detected,,cutfix_full_tier1_20260729_01,tier1
JRWnmMm0Y70,JRWnmMm0Y70.mp4,19.33,24.33,scene_cut_detected,,cutfix_full_tier1_20260729_01,tier1
JRWnmMm0Y70,JRWnmMm0Y70.mp4,23.33,28.33,scene_cut_detected,,cutfix_full_tier1_20260729_01,tier1
JRWnmMm0Y70,JRWnmMm0Y70.mp4,27.33,32.33,scene_cut_detected,,cutfix_full_tier1_20260729_01,tier1
JRWnmMm0Y70,JRWnmMm0Y70.mp4,31.33,36.33,scene_cut_detected,,cutfix_full_tier1_20260729_01,tier1
JRWnmMm0Y70,JRWnmMm0Y70.mp4,35.33,39.678,face_density_low,,cutfix_full_tier1_20260729_01,tier1
JRWnmMm0Y70,JRWnmMm0Y70.mp4,39.778,41.342,segment_too_short,,cutfix_full_tier1_20260729_01,tier1
JRWnmMm0Y70,JRWnmMm0Y70.mp4,41.506,43.87,scene_cut_detected,,cutfix_full_tier1_20260729_01,tier1
JRWnmMm0Y70,JRWnmMm0Y70.mp4,44.034,49.034,scene_cut_detected,,cutfix_full_tier1_20260729_01,tier1
JRWnmMm0Y70,JRWnmMm0Y70.mp4,48.034,53.034,scene_cut_detected,,cutfix_full_tier1_20260729_01,tier1
JRWnmMm0Y70,JRWnmMm0Y70.mp4,52.034,57.034,scene_cut_detected,,cutfix_full_tier1_20260729_01,tier1
JRWnmMm0Y70,JRWnmMm0Y70.mp4,57.986,61.95,scene_cut_detected,,cutfix_full_tier1_20260729_01,tier1
JRWnmMm0Y70,JRWnmMm0Y70.mp4,62.21,63.07,segment_too_short,,cutfix_full_tier1_20260729_01,tier1
JRWnmMm0Y70,JRWnmMm0Y70.mp4,63.298,66.526,scene_cut_detected,,cutfix_full_tier1_20260729_01,tier1
JRWnmMm0Y70,JRWnmMm0Y70.mp4,66.626,71.626,scene_cut_detected,,cutfix_full_tier1_20260729_01,tier1
JRWnmMm0Y70,JRWnmMm0Y70.mp4,70.626,75.626,scene_cut_detected,,cutfix_full_tier1_20260729_01,tier1
JRWnmMm0Y70,JRWnmMm0Y70.mp4,74.626,79.626,scene_cut_detected,,cutfix_full_tier1_20260729_01,tier1
JRWnmMm0Y70,JRWnmMm0Y70.mp4,82.626,87.626,scene_cut_detected,,cutfix_full_tier1_20260729_01,tier1
JRWnmMm0Y70,JRWnmMm0Y70.mp4,86.626,91.626,scene_cut_detected,,cutfix_full_tier1_20260729_01,tier1
JRWnmMm0Y70,JRWnmMm0Y70.mp4,90.626,95.626,scene_cut_detected,,cutfix_full_tier1_20260729_01,tier1
JRWnmMm0Y70,JRWnmMm0Y70.mp4,94.626,99.626,scene_cut_detected,,cutfix_full_tier1_20260729_01,tier1
JRWnmMm0Y70,JRWnmMm0Y70.mp4,98.626,102.462,scene_cut_detected,,cutfix_full_tier1_20260729_01,tier1
JRWnmMm0Y70,JRWnmMm0Y70.mp4,102.594,106.206,scene_cut_detected,,cutfix_full_tier1_20260729_01,tier1
JRWnmMm0Y70,JRWnmMm0Y70.mp4,106.69,108.542,segment_too_short,,cutfix_full_tier1_20260729_01,tier1
JRWnmMm0Y70,JRWnmMm0Y70.mp4,111.81,123.422,scene_cut_detected,,cutfix_full_tier1_20260729_01,tier1
JRWnmMm0Y70,JRWnmMm0Y70.mp4,125.634,127.006,segment_too_short,,cutfix_full_tier1_20260729_01,tier1
JRWnmMm0Y70,JRWnmMm0Y70.mp4,127.458,132.458,scene_cut_detected,,cutfix_full_tier1_20260729_01,tier1
JRWnmMm0Y70,JRWnmMm0Y70.mp4,131.458,136.458,scene_cut_detected,,cutfix_full_tier1_20260729_01,tier1
JRWnmMm0Y70,JRWnmMm0Y70.mp4,135.458,139.646,scene_cut_detected,,cutfix_full_tier1_20260729_01,tier1
JRWnmMm0Y70,JRWnmMm0Y70.mp4,139.81,144.81,scene_cut_detected,,cutfix_full_tier1_20260729_01,tier1
JRWnmMm0Y70,JRWnmMm0Y70.mp4,143.81,148.81,scene_cut_detected,,cutfix_full_tier1_20260729_01,tier1
JRWnmMm0Y70,JRWnmMm0Y70.mp4,147.81,152.81,scene_cut_detected,,cutfix_full_tier1_20260729_01,tier1
JRWnmMm0Y70,JRWnmMm0Y70.mp4,151.81,156.81,scene_cut_detected,,cutfix_full_tier1_20260729_01,tier1
JRWnmMm0Y70,JRWnmMm0Y70.mp4,155.81,160.81,scene_cut_detected,,cutfix_full_tier1_20260729_01,tier1
JRWnmMm0Y70,JRWnmMm0Y70.mp4,159.81,164.81,scene_cut_detected,,cutfix_full_tier1_20260729_01,tier1
JRWnmMm0Y70,JRWnmMm0Y70.mp4,165.506,170.814,scene_cut_detected,,cutfix_full_tier1_20260729_01,tier1
JRWnmMm0Y70,JRWnmMm0Y70.mp4,173.474,174.334,segment_too_short,,cutfix_full_tier1_20260729_01,tier1
JRWnmMm0Y70,JRWnmMm0Y70.mp4,180.834,183.23,scene_cut_detected,,cutfix_full_tier1_20260729_01,tier1
JRWnmMm0Y70,JRWnmMm0Y70.mp4,183.33,185.086,segment_too_short,,cutfix_full_tier1_20260729_01,tier1
JRWnmMm0Y70,JRWnmMm0Y70.mp4,185.25,188.094,scene_cut_detected,,cutfix_full_tier1_20260729_01,tier1
JRWnmMm0Y70,JRWnmMm0Y70.mp4,188.194,189.598,segment_too_short,,cutfix_full_tier1_20260729_01,tier1
JRWnmMm0Y70,JRWnmMm0Y70.mp4,189.698,194.334,scene_cut_detected,,cutfix_full_tier1_20260729_01,tier1
JRWnmMm0Y70,JRWnmMm0Y70.mp4,199.202,199.998,segment_too_short,,cutfix_full_tier1_20260729_01,tier1
JRWnmMm0Y70,JRWnmMm0Y70.mp4,205.57,206.942,segment_too_short,,cutfix_full_tier1_20260729_01,tier1
JRWnmMm0Y70,JRWnmMm0Y70.mp4,207.106,212.106,scene_cut_detected,,cutfix_full_tier1_20260729_01,tier1
JRWnmMm0Y70,JRWnmMm0Y70.mp4,215.106,220.106,scene_cut_detected,,cutfix_full_tier1_20260729_01,tier1
JRWnmMm0Y70,JRWnmMm0Y70.mp4,219.106,224.106,scene_cut_detected,,cutfix_full_tier1_20260729_01,tier1
JRWnmMm0Y70,JRWnmMm0Y70.mp4,223.106,228.106,scene_cut_detected,,cutfix_full_tier1_20260729_01,tier1
JRWnmMm0Y70,JRWnmMm0Y70.mp4,227.106,232.106,scene_cut_detected,,cutfix_full_tier1_20260729_01,tier1
JRWnmMm0Y70,JRWnmMm0Y70.mp4,231.106,236.106,scene_cut_detected,,cutfix_full_tier1_20260729_01,tier1
JRWnmMm0Y70,JRWnmMm0Y70.mp4,235.106,240.106,scene_cut_detected,,cutfix_full_tier1_20260729_01,tier1
JRWnmMm0Y70,JRWnmMm0Y70.mp4,243.106,246.174,scene_cut_detected,,cutfix_full_tier1_20260729_01,tier1
JRWnmMm0Y70,JRWnmMm0Y70.mp4,246.498,248.446,segment_too_short,,cutfix_full_tier1_20260729_01,tier1
JRWnmMm0Y70,JRWnmMm0Y70.mp4,248.546,255.678,scene_cut_detected,,cutfix_full_tier1_20260729_01,tier1
JRWnmMm0Y70,JRWnmMm0Y70.mp4,255.81,260.81,scene_cut_detected,,cutfix_full_tier1_20260729_01,tier1
JRWnmMm0Y70,JRWnmMm0Y70.mp4,263.81,268.81,scene_cut_detected,,cutfix_full_tier1_20260729_01,tier1
JRWnmMm0Y70,JRWnmMm0Y70.mp4,267.81,272.81,scene_cut_detected,,cutfix_full_tier1_20260729_01,tier1
JRWnmMm0Y70,JRWnmMm0Y70.mp4,271.81,276.81,scene_cut_detected,,cutfix_full_tier1_20260729_01,tier1
JRWnmMm0Y70,JRWnmMm0Y70.mp4,275.81,280.81,scene_cut_detected,,cutfix_full_tier1_20260729_01,tier1
JRWnmMm0Y70,JRWnmMm0Y70.mp4,279.81,284.81,face_density_low,,cutfix_full_tier1_20260729_01,tier1
JRWnmMm0Y70,JRWnmMm0Y70.mp4,285.666,287.23,segment_too_short,,cutfix_full_tier1_20260729_01,tier1
JRWnmMm0Y70,JRWnmMm0Y70.mp4,287.394,292.394,scene_cut_detected,,cutfix_full_tier1_20260729_01,tier1
JRWnmMm0Y70,JRWnmMm0Y70.mp4,291.394,296.394,scene_cut_detected,,cutfix_full_tier1_20260729_01,tier1
JRWnmMm0Y70,JRWnmMm0Y70.mp4,295.394,300.394,scene_cut_detected,,cutfix_full_tier1_20260729_01,tier1
JRWnmMm0Y70,JRWnmMm0Y70.mp4,303.874,307.838,scene_cut_detected,,cutfix_full_tier1_20260729_01,tier1
JRWnmMm0Y70,JRWnmMm0Y70.mp4,308.098,308.958,segment_too_short,,cutfix_full_tier1_20260729_01,tier1
JRWnmMm0Y70,JRWnmMm0Y70.mp4,309.186,312.382,scene_cut_detected,,cutfix_full_tier1_20260729_01,tier1
JRWnmMm0Y70,JRWnmMm0Y70.mp4,312.514,317.514,scene_cut_detected,,cutfix_full_tier1_20260729_01,tier1
JRWnmMm0Y70,JRWnmMm0Y70.mp4,316.514,321.514,scene_cut_detected,,cutfix_full_tier1_20260729_01,tier1
JRWnmMm0Y70,JRWnmMm0Y70.mp4,320.514,325.514,scene_cut_detected,,cutfix_full_tier1_20260729_01,tier1
JRWnmMm0Y70,JRWnmMm0Y70.mp4,328.514,333.514,scene_cut_detected,,cutfix_full_tier1_20260729_01,tier1
JRWnmMm0Y70,JRWnmMm0Y70.mp4,332.514,337.514,scene_cut_detected,,cutfix_full_tier1_20260729_01,tier1
JRWnmMm0Y70,JRWnmMm0Y70.mp4,336.514,341.514,scene_cut_detected,,cutfix_full_tier1_20260729_01,tier1
JRWnmMm0Y70,JRWnmMm0Y70.mp4,340.514,345.514,scene_cut_detected,,cutfix_full_tier1_20260729_01,tier1
JRWnmMm0Y70,JRWnmMm0Y70.mp4,344.514,348.35,scene_cut_detected,,cutfix_full_tier1_20260729_01,tier1
JRWnmMm0Y70,JRWnmMm0Y70.mp4,348.482,352.094,scene_cut_detected,,cutfix_full_tier1_20260729_01,tier1
JRWnmMm0Y70,JRWnmMm0Y70.mp4,352.578,354.43,segment_too_short,,cutfix_full_tier1_20260729_01,tier1
JRWnmMm0Y70,JRWnmMm0Y70.mp4,361.666,366.666,scene_cut_detected,,cutfix_full_tier1_20260729_01,tier1
JRWnmMm0Y70,JRWnmMm0Y70.mp4,365.666,370.666,scene_cut_detected,,cutfix_full_tier1_20260729_01,tier1
JRWnmMm0Y70,JRWnmMm0Y70.mp4,373.666,378.666,scene_cut_detected,,cutfix_full_tier1_20260729_01,tier1
JRWnmMm0Y70,JRWnmMm0Y70.mp4,380.226,381.022,segment_too_short,,cutfix_full_tier1_20260729_01,tier1
JRWnmMm0Y70,JRWnmMm0Y70.mp4,384.386,388.67,scene_cut_detected,,cutfix_full_tier1_20260729_01,tier1
JRWnmMm0Y70,JRWnmMm0Y70.mp4,388.77,391.742,scene_cut_detected,,cutfix_full_tier1_20260729_01,tier1
JRWnmMm0Y70,JRWnmMm0Y70.mp4,391.842,398.238,scene_cut_detected,,cutfix_full_tier1_20260729_01,tier1
JRWnmMm0Y70,JRWnmMm0Y70.mp4,398.434,402.11,scene_cut_detected,,cutfix_full_tier1_20260729_01,tier1
JRWnmMm0Y70,JRWnmMm0Y70.mp4,402.306,413.822,scene_cut_detected,,cutfix_full_tier1_20260729_01,tier1
JRWnmMm0Y70,JRWnmMm0Y70.mp4,413.922,418.922,scene_cut_detected,,cutfix_full_tier1_20260729_01,tier1
JRWnmMm0Y70,JRWnmMm0Y70.mp4,417.922,422.922,scene_cut_detected,,cutfix_full_tier1_20260729_01,tier1
JRWnmMm0Y70,JRWnmMm0Y70.mp4,421.922,426.922,scene_cut_detected,,cutfix_full_tier1_20260729_01,tier1
JRWnmMm0Y70,JRWnmMm0Y70.mp4,425.922,430.814,scene_cut_detected,,cutfix_full_tier1_20260729_01,tier1
JRWnmMm0Y70,JRWnmMm0Y70.mp4,430.946,442.334,scene_cut_detected,,cutfix_full_tier1_20260729_01,tier1
JRWnmMm0Y70,JRWnmMm0Y70.mp4,442.594,447.594,scene_cut_detected,,cutfix_full_tier1_20260729_01,tier1
JRWnmMm0Y70,JRWnmMm0Y70.mp4,446.594,451.594,scene_cut_detected,,cutfix_full_tier1_20260729_01,tier1
JRWnmMm0Y70,JRWnmMm0Y70.mp4,450.594,455.594,scene_cut_detected,,cutfix_full_tier1_20260729_01,tier1
JRWnmMm0Y70,JRWnmMm0Y70.mp4,454.594,459.594,scene_cut_detected,,cutfix_full_tier1_20260729_01,tier1
JRWnmMm0Y70,JRWnmMm0Y70.mp4,458.594,463.594,scene_cut_detected,,cutfix_full_tier1_20260729_01,tier1
JRWnmMm0Y70,JRWnmMm0Y70.mp4,466.594,471.594,scene_cut_detected,,cutfix_full_tier1_20260729_01,tier1
JRWnmMm0Y70,JRWnmMm0Y70.mp4,470.594,475.594,scene_cut_detected,,cutfix_full_tier1_20260729_01,tier1
JRWnmMm0Y70,JRWnmMm0Y70.mp4,476.642,484.766,scene_cut_detected,,cutfix_full_tier1_20260729_01,tier1
JRWnmMm0Y70,JRWnmMm0Y70.mp4,484.93,489.93,scene_cut_detected,,cutfix_full_tier1_20260729_01,tier1
JRWnmMm0Y70,JRWnmMm0Y70.mp4,488.93,493.93,scene_cut_detected,,cutfix_full_tier1_20260729_01,tier1
JRWnmMm0Y70,JRWnmMm0Y70.mp4,492.93,497.93,scene_cut_detected,,cutfix_full_tier1_20260729_01,tier1
JRWnmMm0Y70,JRWnmMm0Y70.mp4,496.93,501.93,scene_cut_detected,,cutfix_full_tier1_20260729_01,tier1
JRWnmMm0Y70,JRWnmMm0Y70.mp4,500.93,505.93,scene_cut_detected,,cutfix_full_tier1_20260729_01,tier1
JRWnmMm0Y70,JRWnmMm0Y70.mp4,509.154,512.51,scene_cut_detected,,cutfix_full_tier1_20260729_01,tier1
JRWnmMm0Y70,JRWnmMm0Y70.mp4,512.642,513.822,segment_too_short,,cutfix_full_tier1_20260729_01,tier1
JRWnmMm0Y70,JRWnmMm0Y70.mp4,513.954,518.954,scene_cut_detected,,cutfix_full_tier1_20260729_01,tier1
JRWnmMm0Y70,JRWnmMm0Y70.mp4,517.954,522.954,scene_cut_detected,,cutfix_full_tier1_20260729_01,tier1
JRWnmMm0Y70,JRWnmMm0Y70.mp4,525.954,530.954,scene_cut_detected,,cutfix_full_tier1_20260729_01,tier1
JRWnmMm0Y70,JRWnmMm0Y70.mp4,529.954,534.954,scene_cut_detected,,cutfix_full_tier1_20260729_01,tier1
JRWnmMm0Y70,JRWnmMm0Y70.mp4,533.954,538.954,scene_cut_detected,,cutfix_full_tier1_20260729_01,tier1
JRWnmMm0Y70,JRWnmMm0Y70.mp4,541.954,546.954,scene_cut_detected,,cutfix_full_tier1_20260729_01,tier1
JRWnmMm0Y70,JRWnmMm0Y70.mp4,545.954,550.954,scene_cut_detected,,cutfix_full_tier1_20260729_01,tier1
JRWnmMm0Y70,JRWnmMm0Y70.mp4,549.954,554.954,scene_cut_detected,,cutfix_full_tier1_20260729_01,tier1
JRWnmMm0Y70,JRWnmMm0Y70.mp4,553.954,557.342,scene_cut_detected,,cutfix_full_tier1_20260729_01,tier1
JRWnmMm0Y70,JRWnmMm0Y70.mp4,561.538,566.538,scene_cut_detected,,cutfix_full_tier1_20260729_01,tier1
JRWnmMm0Y70,JRWnmMm0Y70.mp4,565.538,570.538,scene_cut_detected,,cutfix_full_tier1_20260729_01,tier1
JRWnmMm0Y70,JRWnmMm0Y70.mp4,569.538,574.538,scene_cut_detected,,cutfix_full_tier1_20260729_01,tier1
JRWnmMm0Y70,JRWnmMm0Y70.mp4,577.538,582.538,scene_cut_detected,,cutfix_full_tier1_20260729_01,tier1
JRWnmMm0Y70,JRWnmMm0Y70.mp4,586.306,587.486,segment_too_short,,cutfix_full_tier1_20260729_01,tier1
JRWnmMm0Y70,JRWnmMm0Y70.mp4,592.77,593.758,segment_too_short,,cutfix_full_tier1_20260729_01,tier1
JRWnmMm0Y70,JRWnmMm0Y70.mp4,593.922,605.15,scene_cut_detected,,cutfix_full_tier1_20260729_01,tier1
JRWnmMm0Y70,JRWnmMm0Y70.mp4,605.25,610.25,scene_cut_detected,,cutfix_full_tier1_20260729_01,tier1
JRWnmMm0Y70,JRWnmMm0Y70.mp4,609.25,614.25,scene_cut_detected,,cutfix_full_tier1_20260729_01,tier1
JRWnmMm0Y70,JRWnmMm0Y70.mp4,613.25,618.25,scene_cut_detected,,cutfix_full_tier1_20260729_01,tier1
JRWnmMm0Y70,JRWnmMm0Y70.mp4,617.25,622.25,scene_cut_detected,,cutfix_full_tier1_20260729_01,tier1
JRWnmMm0Y70,JRWnmMm0Y70.mp4,621.25,626.25,scene_cut_detected,,cutfix_full_tier1_20260729_01,tier1
JRWnmMm0Y70,JRWnmMm0Y70.mp4,625.25,629.95,scene_cut_detected,,cutfix_full_tier1_20260729_01,tier1
JRWnmMm0Y70,JRWnmMm0Y70.mp4,630.082,638.558,scene_cut_detected,,cutfix_full_tier1_20260729_01,tier1
JRWnmMm0Y70,JRWnmMm0Y70.mp4,638.658,643.658,scene_cut_detected,,cutfix_full_tier1_20260729_01,tier1
JRWnmMm0Y70,JRWnmMm0Y70.mp4,642.658,647.658,scene_cut_detected,,cutfix_full_tier1_20260729_01,tier1
JRWnmMm0Y70,JRWnmMm0Y70.mp4,646.658,651.658,scene_cut_detected,,cutfix_full_tier1_20260729_01,tier1
JRWnmMm0Y70,JRWnmMm0Y70.mp4,650.658,655.658,scene_cut_detected,,cutfix_full_tier1_20260729_01,tier1
JRWnmMm0Y70,JRWnmMm0Y70.mp4,654.658,659.658,scene_cut_detected,,cutfix_full_tier1_20260729_01,tier1
JRWnmMm0Y70,JRWnmMm0Y70.mp4,658.658,663.658,scene_cut_detected,,cutfix_full_tier1_20260729_01,tier1
JRWnmMm0Y70,JRWnmMm0Y70.mp4,662.658,667.658,scene_cut_detected,,cutfix_full_tier1_20260729_01,tier1
JRWnmMm0Y70,JRWnmMm0Y70.mp4,668.098,674.942,scene_cut_detected,,cutfix_full_tier1_20260729_01,tier1
JRWnmMm0Y70,JRWnmMm0Y70.mp4,675.202,680.734,scene_cut_detected,,cutfix_full_tier1_20260729_01,tier1
JRWnmMm0Y70,JRWnmMm0Y70.mp4,681.186,682.014,segment_too_short,,cutfix_full_tier1_20260729_01,tier1
JRWnmMm0Y70,JRWnmMm0Y70.mp4,687.33,689.214,segment_too_short,,cutfix_full_tier1_20260729_01,tier1
JRWnmMm0Y70,JRWnmMm0Y70.mp4,691.842,692.158,segment_too_short,,cutfix_full_tier1_20260729_01,tier1
JRWnmMm0Y70,JRWnmMm0Y70.mp4,692.514,697.514,scene_cut_detected,,cutfix_full_tier1_20260729_01,tier1
JRWnmMm0Y70,JRWnmMm0Y70.mp4,696.514,701.514,scene_cut_detected,,cutfix_full_tier1_20260729_01,tier1
JRWnmMm0Y70,JRWnmMm0Y70.mp4,700.514,705.514,scene_cut_detected,,cutfix_full_tier1_20260729_01,tier1
JRWnmMm0Y70,JRWnmMm0Y70.mp4,704.514,709.514,scene_cut_detected,,cutfix_full_tier1_20260729_01,tier1
JRWnmMm0Y70,JRWnmMm0Y70.mp4,711.01,716.01,scene_cut_detected,,cutfix_full_tier1_20260729_01,tier1
JRWnmMm0Y70,JRWnmMm0Y70.mp4,715.01,720.01,scene_cut_detected,,cutfix_full_tier1_20260729_01,tier1
JRWnmMm0Y70,JRWnmMm0Y70.mp4,719.01,723.486,scene_cut_detected,,cutfix_full_tier1_20260729_01,tier1
KGzI9Ufjctc,KGzI9Ufjctc.mp4,0.674,2.078,segment_too_short,,cutfix_full_tier1_20260729_01,tier1
KGzI9Ufjctc,KGzI9Ufjctc.mp4,2.562,3.198,segment_too_short,,cutfix_full_tier1_20260729_01,tier1
KGzI9Ufjctc,KGzI9Ufjctc.mp4,3.746,5.534,segment_too_short,,cutfix_full_tier1_20260729_01,tier1
KGzI9Ufjctc,KGzI9Ufjctc.mp4,6.242,7.742,segment_too_short,,cutfix_full_tier1_20260729_01,tier1
KGzI9Ufjctc,KGzI9Ufjctc.mp4,11.074,11.774,segment_too_short,,cutfix_full_tier1_20260729_01,tier1
KGzI9Ufjctc,KGzI9Ufjctc.mp4,12.066,14.622,face_density_low,,cutfix_full_tier1_20260729_01,tier1
KGzI9Ufjctc,KGzI9Ufjctc.mp4,15.202,15.742,segment_too_short,,cutfix_full_tier1_20260729_01,tier1
KGzI9Ufjctc,KGzI9Ufjctc.mp4,15.97,16.35,segment_too_short,,cutfix_full_tier1_20260729_01,tier1
KGzI9Ufjctc,KGzI9Ufjctc.mp4,17.602,20.03,face_density_low,,cutfix_full_tier1_20260729_01,tier1
KGzI9Ufjctc,KGzI9Ufjctc.mp4,21.538,27.07,face_density_low,,cutfix_full_tier1_20260729_01,tier1
KGzI9Ufjctc,KGzI9Ufjctc.mp4,28.578,29.438,segment_too_short,,cutfix_full_tier1_20260729_01,tier1
KGzI9Ufjctc,KGzI9Ufjctc.mp4,38.242,39.55,segment_too_short,,cutfix_full_tier1_20260729_01,tier1
KGzI9Ufjctc,KGzI9Ufjctc.mp4,42.37,42.718,segment_too_short,,cutfix_full_tier1_20260729_01,tier1
KGzI9Ufjctc,KGzI9Ufjctc.mp4,42.85,47.646,face_density_low,,cutfix_full_tier1_20260729_01,tier1
KGzI9Ufjctc,KGzI9Ufjctc.mp4,48.226,53.758,face_density_low,,cutfix_full_tier1_20260729_01,tier1
KGzI9Ufjctc,KGzI9Ufjctc.mp4,54.402,55.262,segment_too_short,,cutfix_full_tier1_20260729_01,tier1
KGzI9Ufjctc,KGzI9Ufjctc.mp4,56.13,59.23,scene_cut_detected,,cutfix_full_tier1_20260729_01,tier1
KGzI9Ufjctc,KGzI9Ufjctc.mp4,59.458,59.838,segment_too_short,,cutfix_full_tier1_20260729_01,tier1
KGzI9Ufjctc,KGzI9Ufjctc.mp4,60.13,62.366,scene_cut_detected,,cutfix_full_tier1_20260729_01,tier1
KGzI9Ufjctc,KGzI9Ufjctc.mp4,64.002,64.766,segment_too_short,,cutfix_full_tier1_20260729_01,tier1
KGzI9Ufjctc,KGzI9Ufjctc.mp4,66.082,67.614,segment_too_short,,cutfix_full_tier1_20260729_01,tier1
KGzI9Ufjctc,KGzI9Ufjctc.mp4,68.674,70.206,segment_too_short,,cutfix_full_tier1_20260729_01,tier1
KGzI9Ufjctc,KGzI9Ufjctc.mp4,70.754,74.43,face_density_low,,cutfix_full_tier1_20260729_01,tier1
KGzI9Ufjctc,KGzI9Ufjctc.mp4,74.69,75.454,segment_too_short,,cutfix_full_tier1_20260729_01,tier1
KGzI9Ufjctc,KGzI9Ufjctc.mp4,76.898,80.062,face_density_low,,cutfix_full_tier1_20260729_01,tier1
KGzI9Ufjctc,KGzI9Ufjctc.mp4,80.322,83.038,face_density_low,,cutfix_full_tier1_20260729_01,tier1
KGzI9Ufjctc,KGzI9Ufjctc.mp4,83.362,83.774,segment_too_short,,cutfix_full_tier1_20260729_01,tier1
KGzI9Ufjctc,KGzI9Ufjctc.mp4,83.906,90.59,face_density_low,,cutfix_full_tier1_20260729_01,tier1
KGzI9Ufjctc,KGzI9Ufjctc.mp4,90.69,91.966,segment_too_short,,cutfix_full_tier1_20260729_01,tier1
KGzI9Ufjctc,KGzI9Ufjctc.mp4,92.098,92.894,segment_too_short,,cutfix_full_tier1_20260729_01,tier1
KGzI9Ufjctc,KGzI9Ufjctc.mp4,93.634,94.046,segment_too_short,,cutfix_full_tier1_20260729_01,tier1
KGzI9Ufjctc,KGzI9Ufjctc.mp4,94.242,96.094,segment_too_short,,cutfix_full_tier1_20260729_01,tier1
KGzI9Ufjctc,KGzI9Ufjctc.mp4,96.642,99.998,face_density_low,,cutfix_full_tier1_20260729_01,tier1
KGzI9Ufjctc,KGzI9Ufjctc.mp4,100.226,103.518,face_density_low,,cutfix_full_tier1_20260729_01,tier1
KGzI9Ufjctc,KGzI9Ufjctc.mp4,103.842,106.622,face_density_low,,cutfix_full_tier1_20260729_01,tier1
KGzI9Ufjctc,KGzI9Ufjctc.mp4,108.514,109.438,segment_too_short,,cutfix_full_tier1_20260729_01,tier1
KGzI9Ufjctc,KGzI9Ufjctc.mp4,111.298,113.694,face_density_low,,cutfix_full_tier1_20260729_01,tier1
KGzI9Ufjctc,KGzI9Ufjctc.mp4,115.074,116.766,segment_too_short,,cutfix_full_tier1_20260729_01,tier1
KGzI9Ufjctc,KGzI9Ufjctc.mp4,121.602,124.702,face_density_low,,cutfix_full_tier1_20260729_01,tier1
KGzI9Ufjctc,KGzI9Ufjctc.mp4,129.602,130.174,segment_too_short,,cutfix_full_tier1_20260729_01,tier1
KGzI9Ufjctc,KGzI9Ufjctc.mp4,136.226,137.118,segment_too_short,,cutfix_full_tier1_20260729_01,tier1
KGzI9Ufjctc,KGzI9Ufjctc.mp4,137.378,138.654,segment_too_short,,cutfix_full_tier1_20260729_01,tier1
KGzI9Ufjctc,KGzI9Ufjctc.mp4,140.162,143.934,face_density_low,,cutfix_full_tier1_20260729_01,tier1
KGzI9Ufjctc,KGzI9Ufjctc.mp4,144.258,146.59,face_density_low,,cutfix_full_tier1_20260729_01,tier1
KGzI9Ufjctc,KGzI9Ufjctc.mp4,146.882,149.118,face_density_low,,cutfix_full_tier1_20260729_01,tier1
KGzI9Ufjctc,KGzI9Ufjctc.mp4,149.41,154.974,face_density_low,,cutfix_full_tier1_20260729_01,tier1
KGzI9Ufjctc,KGzI9Ufjctc.mp4,155.234,157.79,face_density_low,,cutfix_full_tier1_20260729_01,tier1
KGzI9Ufjctc,KGzI9Ufjctc.mp4,157.986,160.83,face_density_low,,cutfix_full_tier1_20260729_01,tier1
KGzI9Ufjctc,KGzI9Ufjctc.mp4,160.994,165.022,face_density_low,,cutfix_full_tier1_20260729_01,tier1
KGzI9Ufjctc,KGzI9Ufjctc.mp4,165.442,168.254,face_density_low,,cutfix_full_tier1_20260729_01,tier1
KGzI9Ufjctc,KGzI9Ufjctc.mp4,169.09,174.366,face_density_low,,cutfix_full_tier1_20260729_01,tier1
KGzI9Ufjctc,KGzI9Ufjctc.mp4,174.85,177.95,face_density_low,,cutfix_full_tier1_20260729_01,tier1
KGzI9Ufjctc,KGzI9Ufjctc.mp4,191.554,193.662,face_density_low,,cutfix_full_tier1_20260729_01,tier1
KGzI9Ufjctc,KGzI9Ufjctc.mp4,194.242,195.55,segment_too_short,,cutfix_full_tier1_20260729_01,tier1
KGzI9Ufjctc,KGzI9Ufjctc.mp4,196.13,197.342,segment_too_short,,cutfix_full_tier1_20260729_01,tier1
KGzI9Ufjctc,KGzI9Ufjctc.mp4,197.634,199.614,segment_too_short,,cutfix_full_tier1_20260729_01,tier1
KGzI9Ufjctc,KGzI9Ufjctc.mp4,199.97,202.526,face_density_low,,cutfix_full_tier1_20260729_01,tier1
KGzI9Ufjctc,KGzI9Ufjctc.mp4,203.33,206.334,face_density_low,,cutfix_full_tier1_20260729_01,tier1
KGzI9Ufjctc,KGzI9Ufjctc.mp4,206.786,207.454,segment_too_short,,cutfix_full_tier1_20260729_01,tier1
KGzI9Ufjctc,KGzI9Ufjctc.mp4,208.066,214.174,face_density_low,,cutfix_full_tier1_20260729_01,tier1
KGzI9Ufjctc,KGzI9Ufjctc.mp4,215.33,217.502,face_density_low,,cutfix_full_tier1_20260729_01,tier1
KGzI9Ufjctc,KGzI9Ufjctc.mp4,217.922,218.43,segment_too_short,,cutfix_full_tier1_20260729_01,tier1
KGzI9Ufjctc,KGzI9Ufjctc.mp4,219.682,221.502,segment_too_short,,cutfix_full_tier1_20260729_01,tier1
KGzI9Ufjctc,KGzI9Ufjctc.mp4,222.21,228.062,face_density_low,,cutfix_full_tier1_20260729_01,tier1
KGzI9Ufjctc,KGzI9Ufjctc.mp4,228.45,229.47,segment_too_short,,cutfix_full_tier1_20260729_01,tier1
KGzI9Ufjctc,KGzI9Ufjctc.mp4,232.482,232.926,segment_too_short,,cutfix_full_tier1_20260729_01,tier1
KGzI9Ufjctc,KGzI9Ufjctc.mp4,233.762,236.126,face_density_low,,cutfix_full_tier1_20260729_01,tier1
KGzI9Ufjctc,KGzI9Ufjctc.mp4,236.386,236.862,segment_too_short,,cutfix_full_tier1_20260729_01,tier1
KGzI9Ufjctc,KGzI9Ufjctc.mp4,239.202,242.494,face_density_low,,cutfix_full_tier1_20260729_01,tier1
KGzI9Ufjctc,KGzI9Ufjctc.mp4,242.69,244.126,segment_too_short,,cutfix_full_tier1_20260729_01,tier1
KGzI9Ufjctc,KGzI9Ufjctc.mp4,244.61,245.182,segment_too_short,,cutfix_full_tier1_20260729_01,tier1
KGzI9Ufjctc,KGzI9Ufjctc.mp4,245.602,249.278,face_density_low,,cutfix_full_tier1_20260729_01,tier1
KGzI9Ufjctc,KGzI9Ufjctc.mp4,249.666,253.246,face_density_low,,cutfix_full_tier1_20260729_01,tier1
KGzI9Ufjctc,KGzI9Ufjctc.mp4,253.634,254.398,segment_too_short,,cutfix_full_tier1_20260729_01,tier1
KGzI9Ufjctc,KGzI9Ufjctc.mp4,254.498,258.174,face_density_low,,cutfix_full_tier1_20260729_01,tier1
KGzI9Ufjctc,KGzI9Ufjctc.mp4,259.618,265.47,face_density_low,,cutfix_full_tier1_20260729_01,tier1
KGzI9Ufjctc,KGzI9Ufjctc.mp4,266.978,270.526,face_density_low,,cutfix_full_tier1_20260729_01,tier1
KGzI9Ufjctc,KGzI9Ufjctc.mp4,272.29,274.142,segment_too_short,,cutfix_full_tier1_20260729_01,tier1
KGzI9Ufjctc,KGzI9Ufjctc.mp4,274.274,275.71,segment_too_short,,cutfix_full_tier1_20260729_01,tier1
KGzI9Ufjctc,KGzI9Ufjctc.mp4,276.098,277.79,segment_too_short,,cutfix_full_tier1_20260729_01,tier1
KGzI9Ufjctc,KGzI9Ufjctc.mp4,278.53,279.07,segment_too_short,,cutfix_full_tier1_20260729_01,tier1
KGzI9Ufjctc,KGzI9Ufjctc.mp4,280.13,282.59,face_density_low,,cutfix_full_tier1_20260729_01,tier1
KGzI9Ufjctc,KGzI9Ufjctc.mp4,285.442,285.886,segment_too_short,,cutfix_full_tier1_20260729_01,tier1
KGzI9Ufjctc,KGzI9Ufjctc.mp4,286.658,291.582,face_density_low,,cutfix_full_tier1_20260729_01,tier1
KGzI9Ufjctc,KGzI9Ufjctc.mp4,291.682,294.622,face_density_low,,cutfix_full_tier1_20260729_01,tier1
KGzI9Ufjctc,KGzI9Ufjctc.mp4,294.754,297.022,face_density_low,,cutfix_full_tier1_20260729_01,tier1
KGzI9Ufjctc,KGzI9Ufjctc.mp4,297.186,299.07,segment_too_short,,cutfix_full_tier1_20260729_01,tier1
KGzI9Ufjctc,KGzI9Ufjctc.mp4,299.714,303.326,face_density_low,,cutfix_full_tier1_20260729_01,tier1
KGzI9Ufjctc,KGzI9Ufjctc.mp4,303.938,310.462,face_density_low,,cutfix_full_tier1_20260729_01,tier1
KGzI9Ufjctc,KGzI9Ufjctc.mp4,311.106,311.934,segment_too_short,,cutfix_full_tier1_20260729_01,tier1
KGzI9Ufjctc,KGzI9Ufjctc.mp4,312.93,315.518,face_density_low,,cutfix_full_tier1_20260729_01,tier1
KGzI9Ufjctc,KGzI9Ufjctc.mp4,315.682,316.158,segment_too_short,,cutfix_full_tier1_20260729_01,tier1
KGzI9Ufjctc,KGzI9Ufjctc.mp4,316.418,319.582,face_density_low,,cutfix_full_tier1_20260729_01,tier1
KGzI9Ufjctc,KGzI9Ufjctc.mp4,319.778,321.63,segment_too_short,,cutfix_full_tier1_20260729_01,tier1
KGzI9Ufjctc,KGzI9Ufjctc.mp4,322.434,322.814,segment_too_short,,cutfix_full_tier1_20260729_01,tier1
KGzI9Ufjctc,KGzI9Ufjctc.mp4,324.002,327.518,face_density_low,,cutfix_full_tier1_20260729_01,tier1
KGzI9Ufjctc,KGzI9Ufjctc.mp4,328.226,328.734,segment_too_short,,cutfix_full_tier1_20260729_01,tier1
KGzI9Ufjctc,KGzI9Ufjctc.mp4,328.898,331.742,face_density_low,,cutfix_full_tier1_20260729_01,tier1
KGzI9Ufjctc,KGzI9Ufjctc.mp4,333.794,336.894,scene_cut_detected,,cutfix_full_tier1_20260729_01,tier1
KGzI9Ufjctc,KGzI9Ufjctc.mp4,339.778,341.086,segment_too_short,,cutfix_full_tier1_20260729_01,tier1
KGzI9Ufjctc,KGzI9Ufjctc.mp4,341.25,342.046,segment_too_short,,cutfix_full_tier1_20260729_01,tier1
KGzI9Ufjctc,KGzI9Ufjctc.mp4,342.242,342.622,segment_too_short,,cutfix_full_tier1_20260729_01,tier1
KGzI9Ufjctc,KGzI9Ufjctc.mp4,342.722,349.822,scene_cut_detected,,cutfix_full_tier1_20260729_01,tier1
KGzI9Ufjctc,KGzI9Ufjctc.mp4,350.082,351.038,segment_too_short,,cutfix_full_tier1_20260729_01,tier1
KGzI9Ufjctc,KGzI9Ufjctc.mp4,351.234,351.902,segment_too_short,,cutfix_full_tier1_20260729_01,tier1
KGzI9Ufjctc,KGzI9Ufjctc.mp4,352.386,353.822,segment_too_short,,cutfix_full_tier1_20260729_01,tier1
KGzI9Ufjctc,KGzI9Ufjctc.mp4,353.986,356.254,face_density_low,,cutfix_full_tier1_20260729_01,tier1
KGzI9Ufjctc,KGzI9Ufjctc.mp4,356.482,356.83,segment_too_short,,cutfix_full_tier1_20260729_01,tier1
KGzI9Ufjctc,KGzI9Ufjctc.mp4,357.346,358.174,segment_too_short,,cutfix_full_tier1_20260729_01,tier1
KGzI9Ufjctc,KGzI9Ufjctc.mp4,358.69,359.902,segment_too_short,,cutfix_full_tier1_20260729_01,tier1
KGzI9Ufjctc,KGzI9Ufjctc.mp4,360.13,364.446,face_density_low,,cutfix_full_tier1_20260729_01,tier1
KGzI9Ufjctc,KGzI9Ufjctc.mp4,373.634,375.166,segment_too_short,,cutfix_full_tier1_20260729_01,tier1
KGzI9Ufjctc,KGzI9Ufjctc.mp4,382.466,384.158,segment_too_short,,cutfix_full_tier1_20260729_01,tier1
KGzI9Ufjctc,KGzI9Ufjctc.mp4,387.106,387.486,segment_too_short,,cutfix_full_tier1_20260729_01,tier1
KGzI9Ufjctc,KGzI9Ufjctc.mp4,389.826,390.75,segment_too_short,,cutfix_full_tier1_20260729_01,tier1
KGzI9Ufjctc,KGzI9Ufjctc.mp4,391.202,391.674,segment_too_short,,cutfix_full_tier1_20260729_01,tier1
KJO_T1XfUSA,KJO_T1XfUSA.mp4,4.45,5.566,segment_too_short,,cutfix_full_tier1_20260729_01,tier1
KJO_T1XfUSA,KJO_T1XfUSA.mp4,5.858,6.27,segment_too_short,,cutfix_full_tier1_20260729_01,tier1
KJO_T1XfUSA,KJO_T1XfUSA.mp4,6.402,13.406,scene_cut_detected,,cutfix_full_tier1_20260729_01,tier1
KJO_T1XfUSA,KJO_T1XfUSA.mp4,18.53,24.222,scene_cut_detected,,cutfix_full_tier1_20260729_01,tier1
KJO_T1XfUSA,KJO_T1XfUSA.mp4,28.034,29.662,segment_too_short,,cutfix_full_tier1_20260729_01,tier1
KJO_T1XfUSA,KJO_T1XfUSA.mp4,73.442,78.442,scene_cut_detected,,cutfix_full_tier1_20260729_01,tier1
KJO_T1XfUSA,KJO_T1XfUSA.mp4,77.442,82.442,face_density_low,,cutfix_full_tier1_20260729_01,tier1
KJO_T1XfUSA,KJO_T1XfUSA.mp4,81.442,84.542,face_density_low,,cutfix_full_tier1_20260729_01,tier1
KJO_T1XfUSA,KJO_T1XfUSA.mp4,97.602,98.526,segment_too_short,,cutfix_full_tier1_20260729_01,tier1
KJO_T1XfUSA,KJO_T1XfUSA.mp4,101.698,103.102,segment_too_short,,cutfix_full_tier1_20260729_01,tier1
KJO_T1XfUSA,KJO_T1XfUSA.mp4,119.554,121.47,segment_too_short,,cutfix_full_tier1_20260729_01,tier1
KJO_T1XfUSA,KJO_T1XfUSA.mp4,121.698,126.302,scene_cut_detected,,cutfix_full_tier1_20260729_01,tier1
KJO_T1XfUSA,KJO_T1XfUSA.mp4,127.97,130.878,face_density_low,,cutfix_full_tier1_20260729_01,tier1
KJO_T1XfUSA,KJO_T1XfUSA.mp4,147.202,148.766,segment_too_short,,cutfix_full_tier1_20260729_01,tier1
KJO_T1XfUSA,KJO_T1XfUSA.mp4,149.09,150.302,segment_too_short,,cutfix_full_tier1_20260729_01,tier1
KJO_T1XfUSA,KJO_T1XfUSA.mp4,153.506,161.182,scene_cut_detected,,cutfix_full_tier1_20260729_01,tier1
KJO_T1XfUSA,KJO_T1XfUSA.mp4,161.314,170.718,scene_cut_detected,,cutfix_full_tier1_20260729_01,tier1
KJO_T1XfUSA,KJO_T1XfUSA.mp4,170.85,182.846,scene_cut_detected,,cutfix_full_tier1_20260729_01,tier1
KJO_T1XfUSA,KJO_T1XfUSA.mp4,183.042,184.254,segment_too_short,,cutfix_full_tier1_20260729_01,tier1
KJO_T1XfUSA,KJO_T1XfUSA.mp4,200.194,204.83,scene_cut_detected,,cutfix_full_tier1_20260729_01,tier1
KJO_T1XfUSA,KJO_T1XfUSA.mp4,205.09,205.95,segment_too_short,,cutfix_full_tier1_20260729_01,tier1
KJO_T1XfUSA,KJO_T1XfUSA.mp4,206.082,206.526,segment_too_short,,cutfix_full_tier1_20260729_01,tier1
KJO_T1XfUSA,KJO_T1XfUSA.mp4,206.818,207.518,segment_too_short,,cutfix_full_tier1_20260729_01,tier1
KJO_T1XfUSA,KJO_T1XfUSA.mp4,212.642,219.262,scene_cut_detected,,cutfix_full_tier1_20260729_01,tier1
KJO_T1XfUSA,KJO_T1XfUSA.mp4,219.362,226.11,scene_cut_detected,,cutfix_full_tier1_20260729_01,tier1
KJO_T1XfUSA,KJO_T1XfUSA.mp4,226.306,227.422,segment_too_short,,cutfix_full_tier1_20260729_01,tier1
KJO_T1XfUSA,KJO_T1XfUSA.mp4,230.178,240.03,scene_cut_detected,,cutfix_full_tier1_20260729_01,tier1
KJO_T1XfUSA,KJO_T1XfUSA.mp4,244.002,244.766,segment_too_short,,cutfix_full_tier1_20260729_01,tier1
KJO_T1XfUSA,KJO_T1XfUSA.mp4,245.09,246.174,segment_too_short,,cutfix_full_tier1_20260729_01,tier1
KJO_T1XfUSA,KJO_T1XfUSA.mp4,246.498,252.382,scene_cut_detected,,cutfix_full_tier1_20260729_01,tier1
KJO_T1XfUSA,KJO_T1XfUSA.mp4,252.546,254.366,segment_too_short,,cutfix_full_tier1_20260729_01,tier1
KJO_T1XfUSA,KJO_T1XfUSA.mp4,254.626,256.414,segment_too_short,,cutfix_full_tier1_20260729_01,tier1
KJO_T1XfUSA,KJO_T1XfUSA.mp4,256.514,258.238,segment_too_short,,cutfix_full_tier1_20260729_01,tier1
KJO_T1XfUSA,KJO_T1XfUSA.mp4,265.186,266.622,segment_too_short,,cutfix_full_tier1_20260729_01,tier1
KJO_T1XfUSA,KJO_T1XfUSA.mp4,280.674,282.046,segment_too_short,,cutfix_full_tier1_20260729_01,tier1
KJO_T1XfUSA,KJO_T1XfUSA.mp4,286.21,287.55,segment_too_short,,cutfix_full_tier1_20260729_01,tier1
KJO_T1XfUSA,KJO_T1XfUSA.mp4,293.538,296.638,face_density_low,,cutfix_full_tier1_20260729_01,tier1
KJO_T1XfUSA,KJO_T1XfUSA.mp4,296.738,302.75,scene_cut_detected,,cutfix_full_tier1_20260729_01,tier1
KJO_T1XfUSA,KJO_T1XfUSA.mp4,303.202,306.078,face_density_low,,cutfix_full_tier1_20260729_01,tier1
KJO_T1XfUSA,KJO_T1XfUSA.mp4,306.402,308.19,segment_too_short,,cutfix_full_tier1_20260729_01,tier1
KJO_T1XfUSA,KJO_T1XfUSA.mp4,311.458,314.078,face_density_low,,cutfix_full_tier1_20260729_01,tier1
KJO_T1XfUSA,KJO_T1XfUSA.mp4,324.77,325.694,segment_too_short,,cutfix_full_tier1_20260729_01,tier1
KJO_T1XfUSA,KJO_T1XfUSA.mp4,326.242,328.382,face_density_low,,cutfix_full_tier1_20260729_01,tier1
KJO_T1XfUSA,KJO_T1XfUSA.mp4,328.514,329.15,segment_too_short,,cutfix_full_tier1_20260729_01,tier1
KJO_T1XfUSA,KJO_T1XfUSA.mp4,351.906,352.542,segment_too_short,,cutfix_full_tier1_20260729_01,tier1
KJO_T1XfUSA,KJO_T1XfUSA.mp4,355.074,355.582,segment_too_short,,cutfix_full_tier1_20260729_01,tier1
KJO_T1XfUSA,KJO_T1XfUSA.mp4,355.874,358.27,scene_cut_detected,,cutfix_full_tier1_20260729_01,tier1
KJO_T1XfUSA,KJO_T1XfUSA.mp4,358.498,368.734,scene_cut_detected,,cutfix_full_tier1_20260729_01,tier1
KJO_T1XfUSA,KJO_T1XfUSA.mp4,369.154,370.142,segment_too_short,,cutfix_full_tier1_20260729_01,tier1
KJO_T1XfUSA,KJO_T1XfUSA.mp4,379.682,381.726,face_density_low,,cutfix_full_tier1_20260729_01,tier1
KJO_T1XfUSA,KJO_T1XfUSA.mp4,382.05,383.39,segment_too_short,,cutfix_full_tier1_20260729_01,tier1
KJO_T1XfUSA,KJO_T1XfUSA.mp4,401.474,402.398,segment_too_short,,cutfix_full_tier1_20260729_01,tier1
KJO_T1XfUSA,KJO_T1XfUSA.mp4,402.562,403.742,segment_too_short,,cutfix_full_tier1_20260729_01,tier1
KJO_T1XfUSA,KJO_T1XfUSA.mp4,404.098,404.894,segment_too_short,,cutfix_full_tier1_20260729_01,tier1
KJO_T1XfUSA,KJO_T1XfUSA.mp4,406.082,407.454,segment_too_short,,cutfix_full_tier1_20260729_01,tier1
KJO_T1XfUSA,KJO_T1XfUSA.mp4,407.842,409.534,segment_too_short,,cutfix_full_tier1_20260729_01,tier1
KJO_T1XfUSA,KJO_T1XfUSA.mp4,410.274,414.43,scene_cut_detected,,cutfix_full_tier1_20260729_01,tier1
KJO_T1XfUSA,KJO_T1XfUSA.mp4,414.53,415.934,segment_too_short,,cutfix_full_tier1_20260729_01,tier1
KJO_T1XfUSA,KJO_T1XfUSA.mp4,435.234,436.062,segment_too_short,,cutfix_full_tier1_20260729_01,tier1
KJO_T1XfUSA,KJO_T1XfUSA.mp4,436.77,438.142,segment_too_short,,cutfix_full_tier1_20260729_01,tier1
KJO_T1XfUSA,KJO_T1XfUSA.mp4,438.722,439.39,segment_too_short,,cutfix_full_tier1_20260729_01,tier1
KJO_T1XfUSA,KJO_T1XfUSA.mp4,439.778,440.606,segment_too_short,,cutfix_full_tier1_20260729_01,tier1
KJO_T1XfUSA,KJO_T1XfUSA.mp4,444.418,445.95,segment_too_short,,cutfix_full_tier1_20260729_01,tier1
KJO_T1XfUSA,KJO_T1XfUSA.mp4,460.13,461.118,segment_too_short,,cutfix_full_tier1_20260729_01,tier1
KJO_T1XfUSA,KJO_T1XfUSA.mp4,463.97,465.95,segment_too_short,,cutfix_full_tier1_20260729_01,tier1
KJO_T1XfUSA,KJO_T1XfUSA.mp4,486.338,488.286,segment_too_short,,cutfix_full_tier1_20260729_01,tier1
KJO_T1XfUSA,KJO_T1XfUSA.mp4,488.706,490.43,segment_too_short,,cutfix_full_tier1_20260729_01,tier1
KJO_T1XfUSA,KJO_T1XfUSA.mp4,490.978,492.862,segment_too_short,,cutfix_full_tier1_20260729_01,tier1
KJO_T1XfUSA,KJO_T1XfUSA.mp4,493.026,494.27,segment_too_short,,cutfix_full_tier1_20260729_01,tier1
KJO_T1XfUSA,KJO_T1XfUSA.mp4,494.402,504.99,scene_cut_detected,,cutfix_full_tier1_20260729_01,tier1
KJO_T1XfUSA,KJO_T1XfUSA.mp4,505.122,506.686,segment_too_short,,cutfix_full_tier1_20260729_01,tier1
KJO_T1XfUSA,KJO_T1XfUSA.mp4,506.818,509.534,scene_cut_detected,,cutfix_full_tier1_20260729_01,tier1
KJO_T1XfUSA,KJO_T1XfUSA.mp4,509.89,519.102,face_density_low,,cutfix_full_tier1_20260729_01,tier1
KJO_T1XfUSA,KJO_T1XfUSA.mp4,519.298,520.766,segment_too_short,,cutfix_full_tier1_20260729_01,tier1
KJO_T1XfUSA,KJO_T1XfUSA.mp4,524.002,525.47,segment_too_short,,cutfix_full_tier1_20260729_01,tier1
KJO_T1XfUSA,KJO_T1XfUSA.mp4,536.226,541.47,scene_cut_detected,,cutfix_full_tier1_20260729_01,tier1
KJO_T1XfUSA,KJO_T1XfUSA.mp4,541.73,542.302,segment_too_short,,cutfix_full_tier1_20260729_01,tier1
KJO_T1XfUSA,KJO_T1XfUSA.mp4,542.402,547.87,face_density_low,,cutfix_full_tier1_20260729_01,tier1
KJO_T1XfUSA,KJO_T1XfUSA.mp4,548.098,550.718,scene_cut_detected,,cutfix_full_tier1_20260729_01,tier1
KJO_T1XfUSA,KJO_T1XfUSA.mp4,553.378,554.654,segment_too_short,,cutfix_full_tier1_20260729_01,tier1
KJO_T1XfUSA,KJO_T1XfUSA.mp4,554.85,555.614,segment_too_short,,cutfix_full_tier1_20260729_01,tier1
KJO_T1XfUSA,KJO_T1XfUSA.mp4,555.874,556.318,segment_too_short,,cutfix_full_tier1_20260729_01,tier1
KJO_T1XfUSA,KJO_T1XfUSA.mp4,568.706,569.662,segment_too_short,,cutfix_full_tier1_20260729_01,tier1
KJO_T1XfUSA,KJO_T1XfUSA.mp4,570.242,570.814,segment_too_short,,cutfix_full_tier1_20260729_01,tier1
KJO_T1XfUSA,KJO_T1XfUSA.mp4,570.946,572.222,segment_too_short,,cutfix_full_tier1_20260729_01,tier1
KJO_T1XfUSA,KJO_T1XfUSA.mp4,584.834,586.43,segment_too_short,,cutfix_full_tier1_20260729_01,tier1
KJO_T1XfUSA,KJO_T1XfUSA.mp4,586.786,588.35,segment_too_short,,cutfix_full_tier1_20260729_01,tier1
KJO_T1XfUSA,KJO_T1XfUSA.mp4,588.45,589.246,segment_too_short,,cutfix_full_tier1_20260729_01,tier1
KJO_T1XfUSA,KJO_T1XfUSA.mp4,597.762,599.39,segment_too_short,,cutfix_full_tier1_20260729_01,tier1
KJO_T1XfUSA,KJO_T1XfUSA.mp4,599.778,601.438,segment_too_short,,cutfix_full_tier1_20260729_01,tier1
KJO_T1XfUSA,KJO_T1XfUSA.mp4,601.826,602.814,segment_too_short,,cutfix_full_tier1_20260729_01,tier1
KJO_T1XfUSA,KJO_T1XfUSA.mp4,617.058,618.462,segment_too_short,,cutfix_full_tier1_20260729_01,tier1
KJO_T1XfUSA,KJO_T1XfUSA.mp4,618.786,627.006,scene_cut_detected,,cutfix_full_tier1_20260729_01,tier1
KJO_T1XfUSA,KJO_T1XfUSA.mp4,639.938,641.054,segment_too_short,,cutfix_full_tier1_20260729_01,tier1
KJO_T1XfUSA,KJO_T1XfUSA.mp4,641.89,642.526,segment_too_short,,cutfix_full_tier1_20260729_01,tier1
KJO_T1XfUSA,KJO_T1XfUSA.mp4,642.818,643.998,segment_too_short,,cutfix_full_tier1_20260729_01,tier1
KJO_T1XfUSA,KJO_T1XfUSA.mp4,644.13,644.702,segment_too_short,,cutfix_full_tier1_20260729_01,tier1
KJO_T1XfUSA,KJO_T1XfUSA.mp4,651.81,653.31,segment_too_short,,cutfix_full_tier1_20260729_01,tier1
KJO_T1XfUSA,KJO_T1XfUSA.mp4,653.73,655.55,segment_too_short,,cutfix_full_tier1_20260729_01,tier1
KJO_T1XfUSA,KJO_T1XfUSA.mp4,656.226,657.694,segment_too_short,,cutfix_full_tier1_20260729_01,tier1
KJO_T1XfUSA,KJO_T1XfUSA.mp4,658.306,659.486,segment_too_short,,cutfix_full_tier1_20260729_01,tier1
KJO_T1XfUSA,KJO_T1XfUSA.mp4,659.778,660.094,segment_too_short,,cutfix_full_tier1_20260729_01,tier1
KJO_T1XfUSA,KJO_T1XfUSA.mp4,660.226,662.142,segment_too_short,,cutfix_full_tier1_20260729_01,tier1
KJO_T1XfUSA,KJO_T1XfUSA.mp4,668.098,672.478,scene_cut_detected,,cutfix_full_tier1_20260729_01,tier1
KJO_T1XfUSA,KJO_T1XfUSA.mp4,672.61,674.174,segment_too_short,,cutfix_full_tier1_20260729_01,tier1
KJO_T1XfUSA,KJO_T1XfUSA.mp4,674.306,678.206,scene_cut_detected,,cutfix_full_tier1_20260729_01,tier1
KJO_T1XfUSA,KJO_T1XfUSA.mp4,681.826,682.366,segment_too_short,,cutfix_full_tier1_20260729_01,tier1
KJO_T1XfUSA,KJO_T1XfUSA.mp4,682.53,683.23,segment_too_short,,cutfix_full_tier1_20260729_01,tier1
KJO_T1XfUSA,KJO_T1XfUSA.mp4,683.842,689.438,scene_cut_detected,,cutfix_full_tier1_20260729_01,tier1
KJO_T1XfUSA,KJO_T1XfUSA.mp4,689.954,691.806,segment_too_short,,cutfix_full_tier1_20260729_01,tier1
KJO_T1XfUSA,KJO_T1XfUSA.mp4,695.362,696.606,segment_too_short,,cutfix_full_tier1_20260729_01,tier1
KJO_T1XfUSA,KJO_T1XfUSA.mp4,699.938,701.886,segment_too_short,,cutfix_full_tier1_20260729_01,tier1
KJO_T1XfUSA,KJO_T1XfUSA.mp4,702.242,703.87,segment_too_short,,cutfix_full_tier1_20260729_01,tier1
KJO_T1XfUSA,KJO_T1XfUSA.mp4,704.066,705.374,segment_too_short,,cutfix_full_tier1_20260729_01,tier1
KJO_T1XfUSA,KJO_T1XfUSA.mp4,705.602,706.43,segment_too_short,,cutfix_full_tier1_20260729_01,tier1
KJO_T1XfUSA,KJO_T1XfUSA.mp4,715.33,718.59,face_density_low,,cutfix_full_tier1_20260729_01,tier1
KJO_T1XfUSA,KJO_T1XfUSA.mp4,718.946,720.51,segment_too_short,,cutfix_full_tier1_20260729_01,tier1
KJO_T1XfUSA,KJO_T1XfUSA.mp4,724.802,726.11,segment_too_short,,cutfix_full_tier1_20260729_01,tier1
KJO_T1XfUSA,KJO_T1XfUSA.mp4,739.714,740.638,segment_too_short,,cutfix_full_tier1_20260729_01,tier1
KJO_T1XfUSA,KJO_T1XfUSA.mp4,740.77,741.118,segment_too_short,,cutfix_full_tier1_20260729_01,tier1
KJO_T1XfUSA,KJO_T1XfUSA.mp4,749.026,750.014,segment_too_short,,cutfix_full_tier1_20260729_01,tier1
KJO_T1XfUSA,KJO_T1XfUSA.mp4,750.178,752.158,segment_too_short,,cutfix_full_tier1_20260729_01,tier1
KJO_T1XfUSA,KJO_T1XfUSA.mp4,752.29,757.726,scene_cut_detected,,cutfix_full_tier1_20260729_01,tier1
KJO_T1XfUSA,KJO_T1XfUSA.mp4,758.338,760.03,segment_too_short,,cutfix_full_tier1_20260729_01,tier1
KJO_T1XfUSA,KJO_T1XfUSA.mp4,760.482,760.798,segment_too_short,,cutfix_full_tier1_20260729_01,tier1
KJO_T1XfUSA,KJO_T1XfUSA.mp4,761.506,762.846,segment_too_short,,cutfix_full_tier1_20260729_01,tier1
KJO_T1XfUSA,KJO_T1XfUSA.mp4,763.138,763.486,segment_too_short,,cutfix_full_tier1_20260729_01,tier1
KJO_T1XfUSA,KJO_T1XfUSA.mp4,765.122,767.518,scene_cut_detected,,cutfix_full_tier1_20260729_01,tier1
KJO_T1XfUSA,KJO_T1XfUSA.mp4,785.602,786.686,segment_too_short,,cutfix_full_tier1_20260729_01,tier1
KJO_T1XfUSA,KJO_T1XfUSA.mp4,786.786,788.638,segment_too_short,,cutfix_full_tier1_20260729_01,tier1
KJO_T1XfUSA,KJO_T1XfUSA.mp4,798.242,799.678,segment_too_short,,cutfix_full_tier1_20260729_01,tier1
KJO_T1XfUSA,KJO_T1XfUSA.mp4,800.258,811.102,scene_cut_detected,,cutfix_full_tier1_20260729_01,tier1
KJO_T1XfUSA,KJO_T1XfUSA.mp4,815.81,817.63,segment_too_short,,cutfix_full_tier1_20260729_01,tier1
KJO_T1XfUSA,KJO_T1XfUSA.mp4,817.762,818.878,segment_too_short,,cutfix_full_tier1_20260729_01,tier1
KJO_T1XfUSA,KJO_T1XfUSA.mp4,819.426,820.926,segment_too_short,,cutfix_full_tier1_20260729_01,tier1
KJO_T1XfUSA,KJO_T1XfUSA.mp4,828.194,829.31,segment_too_short,,cutfix_full_tier1_20260729_01,tier1
KJO_T1XfUSA,KJO_T1XfUSA.mp4,829.666,831.518,segment_too_short,,cutfix_full_tier1_20260729_01,tier1
KJO_T1XfUSA,KJO_T1XfUSA.mp4,834.37,836.19,segment_too_short,,cutfix_full_tier1_20260729_01,tier1
KJO_T1XfUSA,KJO_T1XfUSA.mp4,836.61,838.398,segment_too_short,,cutfix_full_tier1_20260729_01,tier1
KJO_T1XfUSA,KJO_T1XfUSA.mp4,839.522,841.246,segment_too_short,,cutfix_full_tier1_20260729_01,tier1
KJO_T1XfUSA,KJO_T1XfUSA.mp4,841.378,843.55,face_density_low,,cutfix_full_tier1_20260729_01,tier1
KJO_T1XfUSA,KJO_T1XfUSA.mp4,847.17,848.862,segment_too_short,,cutfix_full_tier1_20260729_01,tier1
KJO_T1XfUSA,KJO_T1XfUSA.mp4,849.09,850.59,segment_too_short,,cutfix_full_tier1_20260729_01,tier1
KJO_T1XfUSA,KJO_T1XfUSA.mp4,851.266,853.118,segment_too_short,,cutfix_full_tier1_20260729_01,tier1
KJO_T1XfUSA,KJO_T1XfUSA.mp4,856.45,857.342,segment_too_short,,cutfix_full_tier1_20260729_01,tier1
KJO_T1XfUSA,KJO_T1XfUSA.mp4,860.194,861.086,segment_too_short,,cutfix_full_tier1_20260729_01,tier1
KJO_T1XfUSA,KJO_T1XfUSA.mp4,861.314,862.814,segment_too_short,,cutfix_full_tier1_20260729_01,tier1
KJO_T1XfUSA,KJO_T1XfUSA.mp4,866.146,866.686,segment_too_short,,cutfix_full_tier1_20260729_01,tier1
KJO_T1XfUSA,KJO_T1XfUSA.mp4,866.818,868.158,segment_too_short,,cutfix_full_tier1_20260729_01,tier1
KJO_T1XfUSA,KJO_T1XfUSA.mp4,868.29,870.91,face_density_low,,cutfix_full_tier1_20260729_01,tier1
KJO_T1XfUSA,KJO_T1XfUSA.mp4,871.586,873.118,segment_too_short,,cutfix_full_tier1_20260729_01,tier1
KJO_T1XfUSA,KJO_T1XfUSA.mp4,873.506,874.014,segment_too_short,,cutfix_full_tier1_20260729_01,tier1
KJO_T1XfUSA,KJO_T1XfUSA.mp4,875.522,876.094,segment_too_short,,cutfix_full_tier1_20260729_01,tier1
KJO_T1XfUSA,KJO_T1XfUSA.mp4,879.202,879.582,segment_too_short,,cutfix_full_tier1_20260729_01,tier1
KJO_T1XfUSA,KJO_T1XfUSA.mp4,883.01,883.934,segment_too_short,,cutfix_full_tier1_20260729_01,tier1
KJO_T1XfUSA,KJO_T1XfUSA.mp4,890.786,892.414,segment_too_short,,cutfix_full_tier1_20260729_01,tier1
KJO_T1XfUSA,KJO_T1XfUSA.mp4,893.09,894.558,segment_too_short,,cutfix_full_tier1_20260729_01,tier1
KJO_T1XfUSA,KJO_T1XfUSA.mp4,894.914,896.862,segment_too_short,,cutfix_full_tier1_20260729_01,tier1
KJO_T1XfUSA,KJO_T1XfUSA.mp4,899.81,901.342,segment_too_short,,cutfix_full_tier1_20260729_01,tier1
KJO_T1XfUSA,KJO_T1XfUSA.mp4,906.178,909.182,face_density_low,,cutfix_full_tier1_20260729_01,tier1
KJO_T1XfUSA,KJO_T1XfUSA.mp4,909.41,910.782,segment_too_short,,cutfix_full_tier1_20260729_01,tier1
KJO_T1XfUSA,KJO_T1XfUSA.mp4,911.01,912.19,segment_too_short,,cutfix_full_tier1_20260729_01,tier1
KJO_T1XfUSA,KJO_T1XfUSA.mp4,912.322,914.238,segment_too_short,,cutfix_full_tier1_20260729_01,tier1
KQKQdxS_Urk,KQKQdxS_Urk.mp4,14.242,18.558,face_density_low,,cutfix_full_tier1_20260729_01,tier1
KQKQdxS_Urk,KQKQdxS_Urk.mp4,22.594,24.35,segment_too_short,,cutfix_full_tier1_20260729_01,tier1
KQKQdxS_Urk,KQKQdxS_Urk.mp4,24.482,26.014,segment_too_short,,cutfix_full_tier1_20260729_01,tier1
KQKQdxS_Urk,KQKQdxS_Urk.mp4,26.146,27.582,segment_too_short,,cutfix_full_tier1_20260729_01,tier1
KQKQdxS_Urk,KQKQdxS_Urk.mp4,28.546,33.278,face_density_low,,cutfix_full_tier1_20260729_01,tier1
KQKQdxS_Urk,KQKQdxS_Urk.mp4,34.146,34.75,segment_too_short,,cutfix_full_tier1_20260729_01,tier1
KQKQdxS_Urk,KQKQdxS_Urk.mp4,34.85,36.926,face_density_low,,cutfix_full_tier1_20260729_01,tier1
KQKQdxS_Urk,KQKQdxS_Urk.mp4,38.85,40.19,segment_too_short,,cutfix_full_tier1_20260729_01,tier1
KQKQdxS_Urk,KQKQdxS_Urk.mp4,40.482,41.886,segment_too_short,,cutfix_full_tier1_20260729_01,tier1
KQKQdxS_Urk,KQKQdxS_Urk.mp4,51.682,53.63,segment_too_short,,cutfix_full_tier1_20260729_01,tier1
KQKQdxS_Urk,KQKQdxS_Urk.mp4,54.53,59.902,face_density_low,,cutfix_full_tier1_20260729_01,tier1
KQKQdxS_Urk,KQKQdxS_Urk.mp4,60.706,61.982,segment_too_short,,cutfix_full_tier1_20260729_01,tier1
KQKQdxS_Urk,KQKQdxS_Urk.mp4,62.21,63.998,segment_too_short,,cutfix_full_tier1_20260729_01,tier1
KQKQdxS_Urk,KQKQdxS_Urk.mp4,70.85,72.414,segment_too_short,,cutfix_full_tier1_20260729_01,tier1
KQKQdxS_Urk,KQKQdxS_Urk.mp4,72.514,74.27,segment_too_short,,cutfix_full_tier1_20260729_01,tier1
KQKQdxS_Urk,KQKQdxS_Urk.mp4,74.562,76.318,segment_too_short,,cutfix_full_tier1_20260729_01,tier1
KQKQdxS_Urk,KQKQdxS_Urk.mp4,79.042,79.646,segment_too_short,,cutfix_full_tier1_20260729_01,tier1
KQKQdxS_Urk,KQKQdxS_Urk.mp4,79.746,80.446,segment_too_short,,cutfix_full_tier1_20260729_01,tier1
KQKQdxS_Urk,KQKQdxS_Urk.mp4,80.706,81.406,segment_too_short,,cutfix_full_tier1_20260729_01,tier1
KQKQdxS_Urk,KQKQdxS_Urk.mp4,87.426,88.478,segment_too_short,,cutfix_full_tier1_20260729_01,tier1
KQKQdxS_Urk,KQKQdxS_Urk.mp4,89.666,93.246,face_density_low,,cutfix_full_tier1_20260729_01,tier1
KQKQdxS_Urk,KQKQdxS_Urk.mp4,93.666,94.718,segment_too_short,,cutfix_full_tier1_20260729_01,tier1
KQKQdxS_Urk,KQKQdxS_Urk.mp4,94.882,95.678,segment_too_short,,cutfix_full_tier1_20260729_01,tier1
KQKQdxS_Urk,KQKQdxS_Urk.mp4,95.81,102.75,face_density_low,,cutfix_full_tier1_20260729_01,tier1
KQKQdxS_Urk,KQKQdxS_Urk.mp4,102.946,105.438,face_density_low,,cutfix_full_tier1_20260729_01,tier1
KQKQdxS_Urk,KQKQdxS_Urk.mp4,105.634,108.606,face_density_low,,cutfix_full_tier1_20260729_01,tier1
KQKQdxS_Urk,KQKQdxS_Urk.mp4,108.898,109.598,segment_too_short,,cutfix_full_tier1_20260729_01,tier1
KQKQdxS_Urk,KQKQdxS_Urk.mp4,109.794,111.582,segment_too_short,,cutfix_full_tier1_20260729_01,tier1
KQKQdxS_Urk,KQKQdxS_Urk.mp4,111.906,113.31,segment_too_short,,cutfix_full_tier1_20260729_01,tier1
KQKQdxS_Urk,KQKQdxS_Urk.mp4,114.594,115.646,segment_too_short,,cutfix_full_tier1_20260729_01,tier1
KQKQdxS_Urk,KQKQdxS_Urk.mp4,115.874,118.078,face_density_low,,cutfix_full_tier1_20260729_01,tier1
KQKQdxS_Urk,KQKQdxS_Urk.mp4,118.306,121.022,face_density_low,,cutfix_full_tier1_20260729_01,tier1
KQKQdxS_Urk,KQKQdxS_Urk.mp4,121.314,122.974,segment_too_short,,cutfix_full_tier1_20260729_01,tier1
KQKQdxS_Urk,KQKQdxS_Urk.mp4,123.33,125.31,segment_too_short,,cutfix_full_tier1_20260729_01,tier1
KQKQdxS_Urk,KQKQdxS_Urk.mp4,125.826,126.814,segment_too_short,,cutfix_full_tier1_20260729_01,tier1
KQKQdxS_Urk,KQKQdxS_Urk.mp4,127.074,128.798,segment_too_short,,cutfix_full_tier1_20260729_01,tier1
KQKQdxS_Urk,KQKQdxS_Urk.mp4,129.154,130.878,segment_too_short,,cutfix_full_tier1_20260729_01,tier1
KQKQdxS_Urk,KQKQdxS_Urk.mp4,131.17,132.35,segment_too_short,,cutfix_full_tier1_20260729_01,tier1
KQKQdxS_Urk,KQKQdxS_Urk.mp4,132.45,133.118,segment_too_short,,cutfix_full_tier1_20260729_01,tier1
KQKQdxS_Urk,KQKQdxS_Urk.mp4,141.346,143.006,segment_too_short,,cutfix_full_tier1_20260729_01,tier1
KQKQdxS_Urk,KQKQdxS_Urk.mp4,153.986,154.59,segment_too_short,,cutfix_full_tier1_20260729_01,tier1
KQKQdxS_Urk,KQKQdxS_Urk.mp4,158.402,159.614,segment_too_short,,cutfix_full_tier1_20260729_01,tier1
KQKQdxS_Urk,KQKQdxS_Urk.mp4,162.818,163.326,segment_too_short,,cutfix_full_tier1_20260729_01,tier1
KQKQdxS_Urk,KQKQdxS_Urk.mp4,163.618,164.606,segment_too_short,,cutfix_full_tier1_20260729_01,tier1
KQKQdxS_Urk,KQKQdxS_Urk.mp4,164.77,166.622,segment_too_short,,cutfix_full_tier1_20260729_01,tier1
KQKQdxS_Urk,KQKQdxS_Urk.mp4,166.722,167.934,segment_too_short,,cutfix_full_tier1_20260729_01,tier1
KQKQdxS_Urk,KQKQdxS_Urk.mp4,168.098,168.83,segment_too_short,,cutfix_full_tier1_20260729_01,tier1
KQKQdxS_Urk,KQKQdxS_Urk.mp4,175.81,176.766,segment_too_short,,cutfix_full_tier1_20260729_01,tier1
KQKQdxS_Urk,KQKQdxS_Urk.mp4,186.53,187.998,segment_too_short,,cutfix_full_tier1_20260729_01,tier1
KQKQdxS_Urk,KQKQdxS_Urk.mp4,206.338,207.198,segment_too_short,,cutfix_full_tier1_20260729_01,tier1
KQKQdxS_Urk,KQKQdxS_Urk.mp4,207.426,209.31,segment_too_short,,cutfix_full_tier1_20260729_01,tier1
KQKQdxS_Urk,KQKQdxS_Urk.mp4,235.618,237.342,segment_too_short,,cutfix_full_tier1_20260729_01,tier1
KQKQdxS_Urk,KQKQdxS_Urk.mp4,241.442,242.814,segment_too_short,,cutfix_full_tier1_20260729_01,tier1
KQKQdxS_Urk,KQKQdxS_Urk.mp4,248.066,249.086,segment_too_short,,cutfix_full_tier1_20260729_01,tier1
KQKQdxS_Urk,KQKQdxS_Urk.mp4,249.474,251.166,segment_too_short,,cutfix_full_tier1_20260729_01,tier1
KQKQdxS_Urk,KQKQdxS_Urk.mp4,261.73,262.814,segment_too_short,,cutfix_full_tier1_20260729_01,tier1
KQKQdxS_Urk,KQKQdxS_Urk.mp4,263.042,264.35,segment_too_short,,cutfix_full_tier1_20260729_01,tier1
KQKQdxS_Urk,KQKQdxS_Urk.mp4,270.722,272.574,segment_too_short,,cutfix_full_tier1_20260729_01,tier1
KQKQdxS_Urk,KQKQdxS_Urk.mp4,272.674,274.11,segment_too_short,,cutfix_full_tier1_20260729_01,tier1
KQKQdxS_Urk,KQKQdxS_Urk.mp4,274.306,275.87,segment_too_short,,cutfix_full_tier1_20260729_01,tier1
KQKQdxS_Urk,KQKQdxS_Urk.mp4,276.322,277.502,segment_too_short,,cutfix_full_tier1_20260729_01,tier1
KQKQdxS_Urk,KQKQdxS_Urk.mp4,277.602,279.55,segment_too_short,,cutfix_full_tier1_20260729_01,tier1
KQKQdxS_Urk,KQKQdxS_Urk.mp4,280.482,281.854,segment_too_short,,cutfix_full_tier1_20260729_01,tier1
KQKQdxS_Urk,KQKQdxS_Urk.mp4,284.61,286.302,segment_too_short,,cutfix_full_tier1_20260729_01,tier1
KQKQdxS_Urk,KQKQdxS_Urk.mp4,286.53,287.742,segment_too_short,,cutfix_full_tier1_20260729_01,tier1
KQKQdxS_Urk,KQKQdxS_Urk.mp4,292.418,293.086,segment_too_short,,cutfix_full_tier1_20260729_01,tier1
KQKQdxS_Urk,KQKQdxS_Urk.mp4,293.186,294.174,segment_too_short,,cutfix_full_tier1_20260729_01,tier1
KQKQdxS_Urk,KQKQdxS_Urk.mp4,294.338,295.518,segment_too_short,,cutfix_full_tier1_20260729_01,tier1
KQKQdxS_Urk,KQKQdxS_Urk.mp4,297.986,299.39,segment_too_short,,cutfix_full_tier1_20260729_01,tier1
KQKQdxS_Urk,KQKQdxS_Urk.mp4,299.554,301.502,segment_too_short,,cutfix_full_tier1_20260729_01,tier1
KQKQdxS_Urk,KQKQdxS_Urk.mp4,316.45,317.918,segment_too_short,,cutfix_full_tier1_20260729_01,tier1
KQKQdxS_Urk,KQKQdxS_Urk.mp4,318.082,319.902,segment_too_short,,cutfix_full_tier1_20260729_01,tier1
KQKQdxS_Urk,KQKQdxS_Urk.mp4,320.45,322.302,segment_too_short,,cutfix_full_tier1_20260729_01,tier1
KQKQdxS_Urk,KQKQdxS_Urk.mp4,322.562,324.35,segment_too_short,,cutfix_full_tier1_20260729_01,tier1
KQKQdxS_Urk,KQKQdxS_Urk.mp4,326.882,328.478,segment_too_short,,cutfix_full_tier1_20260729_01,tier1
KQKQdxS_Urk,KQKQdxS_Urk.mp4,331.394,332.382,segment_too_short,,cutfix_full_tier1_20260729_01,tier1
KQKQdxS_Urk,KQKQdxS_Urk.mp4,334.21,338.398,face_density_low,,cutfix_full_tier1_20260729_01,tier1
KQKQdxS_Urk,KQKQdxS_Urk.mp4,343.426,344.862,segment_too_short,,cutfix_full_tier1_20260729_01,tier1
KQKQdxS_Urk,KQKQdxS_Urk.mp4,348.994,349.982,segment_too_short,,cutfix_full_tier1_20260729_01,tier1
KQKQdxS_Urk,KQKQdxS_Urk.mp4,362.53,364.094,segment_too_short,,cutfix_full_tier1_20260729_01,tier1
KQKQdxS_Urk,KQKQdxS_Urk.mp4,364.61,366.398,segment_too_short,,cutfix_full_tier1_20260729_01,tier1
KQKQdxS_Urk,KQKQdxS_Urk.mp4,373.986,375.678,segment_too_short,,cutfix_full_tier1_20260729_01,tier1
KQKQdxS_Urk,KQKQdxS_Urk.mp4,376.674,381.694,face_density_low,,cutfix_full_tier1_20260729_01,tier1
KQKQdxS_Urk,KQKQdxS_Urk.mp4,382.146,385.534,face_density_low,,cutfix_full_tier1_20260729_01,tier1
KQKQdxS_Urk,KQKQdxS_Urk.mp4,385.698,387.07,segment_too_short,,cutfix_full_tier1_20260729_01,tier1
KQKQdxS_Urk,KQKQdxS_Urk.mp4,387.394,388.478,segment_too_short,,cutfix_full_tier1_20260729_01,tier1
KQKQdxS_Urk,KQKQdxS_Urk.mp4,389.698,393.79,face_density_low,,cutfix_full_tier1_20260729_01,tier1
KQKQdxS_Urk,KQKQdxS_Urk.mp4,393.89,398.142,face_density_low,,cutfix_full_tier1_20260729_01,tier1
KQKQdxS_Urk,KQKQdxS_Urk.mp4,398.338,401.086,face_density_low,,cutfix_full_tier1_20260729_01,tier1
KQKQdxS_Urk,KQKQdxS_Urk.mp4,401.314,404.446,face_density_low,,cutfix_full_tier1_20260729_01,tier1
KQKQdxS_Urk,KQKQdxS_Urk.mp4,404.674,409.758,face_density_low,,cutfix_full_tier1_20260729_01,tier1
KQKQdxS_Urk,KQKQdxS_Urk.mp4,409.922,411.678,segment_too_short,,cutfix_full_tier1_20260729_01,tier1
KQKQdxS_Urk,KQKQdxS_Urk.mp4,425.506,428.606,face_density_low,,cutfix_full_tier1_20260729_01,tier1
KQKQdxS_Urk,KQKQdxS_Urk.mp4,428.802,432.318,face_density_low,,cutfix_full_tier1_20260729_01,tier1
KQKQdxS_Urk,KQKQdxS_Urk.mp4,432.482,433.694,segment_too_short,,cutfix_full_tier1_20260729_01,tier1
KQKQdxS_Urk,KQKQdxS_Urk.mp4,433.826,436.19,face_density_low,,cutfix_full_tier1_20260729_01,tier1
KQKQdxS_Urk,KQKQdxS_Urk.mp4,443.81,445.15,segment_too_short,,cutfix_full_tier1_20260729_01,tier1
KQKQdxS_Urk,KQKQdxS_Urk.mp4,448.354,450.046,segment_too_short,,cutfix_full_tier1_20260729_01,tier1
KQKQdxS_Urk,KQKQdxS_Urk.mp4,450.178,451.518,segment_too_short,,cutfix_full_tier1_20260729_01,tier1
KQKQdxS_Urk,KQKQdxS_Urk.mp4,456.034,458.206,face_density_low,,cutfix_full_tier1_20260729_01,tier1
KQKQdxS_Urk,KQKQdxS_Urk.mp4,458.306,459.806,segment_too_short,,cutfix_full_tier1_20260729_01,tier1
KQKQdxS_Urk,KQKQdxS_Urk.mp4,460.322,463.358,face_density_low,,cutfix_full_tier1_20260729_01,tier1
KQKQdxS_Urk,KQKQdxS_Urk.mp4,463.522,466.654,face_density_low,,cutfix_full_tier1_20260729_01,tier1
KQKQdxS_Urk,KQKQdxS_Urk.mp4,466.946,469.918,face_density_low,,cutfix_full_tier1_20260729_01,tier1
KQKQdxS_Urk,KQKQdxS_Urk.mp4,470.146,471.486,segment_too_short,,cutfix_full_tier1_20260729_01,tier1
KQKQdxS_Urk,KQKQdxS_Urk.mp4,471.778,472.798,segment_too_short,,cutfix_full_tier1_20260729_01,tier1
KQKQdxS_Urk,KQKQdxS_Urk.mp4,473.09,474.206,segment_too_short,,cutfix_full_tier1_20260729_01,tier1
KQKQdxS_Urk,KQKQdxS_Urk.mp4,474.498,476.382,segment_too_short,,cutfix_full_tier1_20260729_01,tier1
KQKQdxS_Urk,KQKQdxS_Urk.mp4,477.506,478.974,segment_too_short,,cutfix_full_tier1_20260729_01,tier1
KQKQdxS_Urk,KQKQdxS_Urk.mp4,479.074,484.062,face_density_low,,cutfix_full_tier1_20260729_01,tier1
KQKQdxS_Urk,KQKQdxS_Urk.mp4,484.642,486.046,segment_too_short,,cutfix_full_tier1_20260729_01,tier1
KQKQdxS_Urk,KQKQdxS_Urk.mp4,486.306,489.854,face_density_low,,cutfix_full_tier1_20260729_01,tier1
KQKQdxS_Urk,KQKQdxS_Urk.mp4,490.562,494.942,face_density_low,,cutfix_full_tier1_20260729_01,tier1
KQKQdxS_Urk,KQKQdxS_Urk.mp4,495.042,496.958,segment_too_short,,cutfix_full_tier1_20260729_01,tier1
KQKQdxS_Urk,KQKQdxS_Urk.mp4,497.218,501.214,face_density_low,,cutfix_full_tier1_20260729_01,tier1
KQKQdxS_Urk,KQKQdxS_Urk.mp4,502.37,504.478,face_density_low,,cutfix_full_tier1_20260729_01,tier1
KQKQdxS_Urk,KQKQdxS_Urk.mp4,505.058,506.078,segment_too_short,,cutfix_full_tier1_20260729_01,tier1
KQKQdxS_Urk,KQKQdxS_Urk.mp4,506.274,508.446,face_density_low,,cutfix_full_tier1_20260729_01,tier1
KQKQdxS_Urk,KQKQdxS_Urk.mp4,508.578,509.95,segment_too_short,,cutfix_full_tier1_20260729_01,tier1
KQKQdxS_Urk,KQKQdxS_Urk.mp4,510.082,514.238,face_density_low,,cutfix_full_tier1_20260729_01,tier1
KQKQdxS_Urk,KQKQdxS_Urk.mp4,514.434,517.31,face_density_low,,cutfix_full_tier1_20260729_01,tier1
KQKQdxS_Urk,KQKQdxS_Urk.mp4,518.69,519.422,segment_too_short,,cutfix_full_tier1_20260729_01,tier1
KQKQdxS_Urk,KQKQdxS_Urk.mp4,519.554,521.502,segment_too_short,,cutfix_full_tier1_20260729_01,tier1
KQKQdxS_Urk,KQKQdxS_Urk.mp4,521.954,525.95,face_density_low,,cutfix_full_tier1_20260729_01,tier1
KQKQdxS_Urk,KQKQdxS_Urk.mp4,526.21,527.55,segment_too_short,,cutfix_full_tier1_20260729_01,tier1
KQKQdxS_Urk,KQKQdxS_Urk.mp4,528.098,533.15,face_density_low,,cutfix_full_tier1_20260729_01,tier1
KQKQdxS_Urk,KQKQdxS_Urk.mp4,533.858,534.718,segment_too_short,,cutfix_full_tier1_20260729_01,tier1
KQKQdxS_Urk,KQKQdxS_Urk.mp4,534.946,536.894,segment_too_short,,cutfix_full_tier1_20260729_01,tier1
KQKQdxS_Urk,KQKQdxS_Urk.mp4,537.186,539.55,face_density_low,,cutfix_full_tier1_20260729_01,tier1
KQKQdxS_Urk,KQKQdxS_Urk.mp4,539.682,540.926,segment_too_short,,cutfix_full_tier1_20260729_01,tier1
KQKQdxS_Urk,KQKQdxS_Urk.mp4,541.154,544.254,face_density_low,,cutfix_full_tier1_20260729_01,tier1
KQKQdxS_Urk,KQKQdxS_Urk.mp4,544.674,545.982,segment_too_short,,cutfix_full_tier1_20260729_01,tier1
KQKQdxS_Urk,KQKQdxS_Urk.mp4,546.178,548.734,face_density_low,,cutfix_full_tier1_20260729_01,tier1
KQKQdxS_Urk,KQKQdxS_Urk.mp4,548.866,551.006,face_density_low,,cutfix_full_tier1_20260729_01,tier1
KQKQdxS_Urk,KQKQdxS_Urk.mp4,551.746,553.15,segment_too_short,,cutfix_full_tier1_20260729_01,tier1
KQKQdxS_Urk,KQKQdxS_Urk.mp4,553.378,556.286,face_density_low,,cutfix_full_tier1_20260729_01,tier1
KQKQdxS_Urk,KQKQdxS_Urk.mp4,556.546,560.35,face_density_low,,cutfix_full_tier1_20260729_01,tier1
KQKQdxS_Urk,KQKQdxS_Urk.mp4,560.482,561.15,segment_too_short,,cutfix_full_tier1_20260729_01,tier1
KQKQdxS_Urk,KQKQdxS_Urk.mp4,561.666,562.366,segment_too_short,,cutfix_full_tier1_20260729_01,tier1
KQKQdxS_Urk,KQKQdxS_Urk.mp4,562.658,564.478,segment_too_short,,cutfix_full_tier1_20260729_01,tier1
KQKQdxS_Urk,KQKQdxS_Urk.mp4,564.706,566.814,face_density_low,,cutfix_full_tier1_20260729_01,tier1
KQKQdxS_Urk,KQKQdxS_Urk.mp4,566.978,569.534,face_density_low,,cutfix_full_tier1_20260729_01,tier1
KQKQdxS_Urk,KQKQdxS_Urk.mp4,569.794,571.742,segment_too_short,,cutfix_full_tier1_20260729_01,tier1
KQKQdxS_Urk,KQKQdxS_Urk.mp4,571.906,574.078,face_density_low,,cutfix_full_tier1_20260729_01,tier1
KQKQdxS_Urk,KQKQdxS_Urk.mp4,574.21,576.894,face_density_low,,cutfix_full_tier1_20260729_01,tier1
KQKQdxS_Urk,KQKQdxS_Urk.mp4,577.73,578.686,segment_too_short,,cutfix_full_tier1_20260729_01,tier1
KQKQdxS_Urk,KQKQdxS_Urk.mp4,578.882,585.054,face_density_low,,cutfix_full_tier1_20260729_01,tier1
KithesVhFR8,KithesVhFR8.mp4,65.218,65.982,segment_too_short,,cutfix_full_tier1_20260729_01,tier1
KithesVhFR8,KithesVhFR8.mp4,66.914,67.998,segment_too_short,,cutfix_full_tier1_20260729_01,tier1
KithesVhFR8,KithesVhFR8.mp4,98.274,99.486,segment_too_short,,cutfix_full_tier1_20260729_01,tier1
KithesVhFR8,KithesVhFR8.mp4,124.13,124.926,segment_too_short,,cutfix_full_tier1_20260729_01,tier1
KithesVhFR8,KithesVhFR8.mp4,134.434,135.838,segment_too_short,,cutfix_full_tier1_20260729_01,tier1
KithesVhFR8,KithesVhFR8.mp4,254.466,259.23,scene_cut_detected,,cutfix_full_tier1_20260729_01,tier1
KithesVhFR8,KithesVhFR8.mp4,259.33,261.246,segment_too_short,,cutfix_full_tier1_20260729_01,tier1
KithesVhFR8,KithesVhFR8.mp4,283.042,284.03,segment_too_short,,cutfix_full_tier1_20260729_01,tier1
KithesVhFR8,KithesVhFR8.mp4,302.85,304.638,segment_too_short,,cutfix_full_tier1_20260729_01,tier1
KithesVhFR8,KithesVhFR8.mp4,317.794,318.43,segment_too_short,,cutfix_full_tier1_20260729_01,tier1
KithesVhFR8,KithesVhFR8.mp4,318.562,319.39,segment_too_short,,cutfix_full_tier1_20260729_01,tier1
KithesVhFR8,KithesVhFR8.mp4,319.746,320.766,segment_too_short,,cutfix_full_tier1_20260729_01,tier1
KithesVhFR8,KithesVhFR8.mp4,320.898,322.046,segment_too_short,,cutfix_full_tier1_20260729_01,tier1
KithesVhFR8,KithesVhFR8.mp4,329.666,330.782,segment_too_short,,cutfix_full_tier1_20260729_01,tier1
KithesVhFR8,KithesVhFR8.mp4,335.074,335.998,segment_too_short,,cutfix_full_tier1_20260729_01,tier1
KithesVhFR8,KithesVhFR8.mp4,337.474,338.974,segment_too_short,,cutfix_full_tier1_20260729_01,tier1
KithesVhFR8,KithesVhFR8.mp4,339.138,339.646,segment_too_short,,cutfix_full_tier1_20260729_01,tier1
KithesVhFR8,KithesVhFR8.mp4,352.002,353.182,segment_too_short,,cutfix_full_tier1_20260729_01,tier1
KithesVhFR8,KithesVhFR8.mp4,356.098,357.278,segment_too_short,,cutfix_full_tier1_20260729_01,tier1
KithesVhFR8,KithesVhFR8.mp4,359.554,360.254,segment_too_short,,cutfix_full_tier1_20260729_01,tier1
KithesVhFR8,KithesVhFR8.mp4,360.418,361.47,segment_too_short,,cutfix_full_tier1_20260729_01,tier1
KithesVhFR8,KithesVhFR8.mp4,362.082,363.166,segment_too_short,,cutfix_full_tier1_20260729_01,tier1
KithesVhFR8,KithesVhFR8.mp4,363.682,364.83,segment_too_short,,cutfix_full_tier1_20260729_01,tier1
KithesVhFR8,KithesVhFR8.mp4,365.026,366.526,segment_too_short,,cutfix_full_tier1_20260729_01,tier1
KithesVhFR8,KithesVhFR8.mp4,366.914,367.774,segment_too_short,,cutfix_full_tier1_20260729_01,tier1
KithesVhFR8,KithesVhFR8.mp4,376.354,377.086,segment_too_short,,cutfix_full_tier1_20260729_01,tier1
KithesVhFR8,KithesVhFR8.mp4,384.482,385.214,segment_too_short,,cutfix_full_tier1_20260729_01,tier1
KithesVhFR8,KithesVhFR8.mp4,396.706,397.278,segment_too_short,,cutfix_full_tier1_20260729_01,tier1
KithesVhFR8,KithesVhFR8.mp4,397.378,398.27,segment_too_short,,cutfix_full_tier1_20260729_01,tier1
KithesVhFR8,KithesVhFR8.mp4,398.37,400.158,segment_too_short,,cutfix_full_tier1_20260729_01,tier1
KithesVhFR8,KithesVhFR8.mp4,402.018,402.366,segment_too_short,,cutfix_full_tier1_20260729_01,tier1
KithesVhFR8,KithesVhFR8.mp4,412.706,413.438,segment_too_short,,cutfix_full_tier1_20260729_01,tier1
KithesVhFR8,KithesVhFR8.mp4,413.73,417.598,scene_cut_detected,,cutfix_full_tier1_20260729_01,tier1
KithesVhFR8,KithesVhFR8.mp4,417.954,419.134,segment_too_short,,cutfix_full_tier1_20260729_01,tier1
KithesVhFR8,KithesVhFR8.mp4,419.554,420.83,segment_too_short,,cutfix_full_tier1_20260729_01,tier1
KithesVhFR8,KithesVhFR8.mp4,429.442,429.822,segment_too_short,,cutfix_full_tier1_20260729_01,tier1
KithesVhFR8,KithesVhFR8.mp4,430.306,430.91,segment_too_short,,cutfix_full_tier1_20260729_01,tier1
KithesVhFR8,KithesVhFR8.mp4,435.65,437.374,segment_too_short,,cutfix_full_tier1_20260729_01,tier1
KithesVhFR8,KithesVhFR8.mp4,437.538,439.294,segment_too_short,,cutfix_full_tier1_20260729_01,tier1
KithesVhFR8,KithesVhFR8.mp4,443.714,444.606,segment_too_short,,cutfix_full_tier1_20260729_01,tier1
KithesVhFR8,KithesVhFR8.mp4,445.122,446.046,segment_too_short,,cutfix_full_tier1_20260729_01,tier1
KithesVhFR8,KithesVhFR8.mp4,446.85,450.654,scene_cut_detected,,cutfix_full_tier1_20260729_01,tier1
KithesVhFR8,KithesVhFR8.mp4,451.106,452.51,segment_too_short,,cutfix_full_tier1_20260729_01,tier1
KithesVhFR8,KithesVhFR8.mp4,452.898,453.726,segment_too_short,,cutfix_full_tier1_20260729_01,tier1
KithesVhFR8,KithesVhFR8.mp4,453.89,455.742,segment_too_short,,cutfix_full_tier1_20260729_01,tier1
KithesVhFR8,KithesVhFR8.mp4,467.906,468.382,segment_too_short,,cutfix_full_tier1_20260729_01,tier1
KithesVhFR8,KithesVhFR8.mp4,478.114,479.39,segment_too_short,,cutfix_full_tier1_20260729_01,tier1
KithesVhFR8,KithesVhFR8.mp4,479.97,480.574,segment_too_short,,cutfix_full_tier1_20260729_01,tier1
KithesVhFR8,KithesVhFR8.mp4,480.962,482.238,segment_too_short,,cutfix_full_tier1_20260729_01,tier1
KithesVhFR8,KithesVhFR8.mp4,482.818,483.902,segment_too_short,,cutfix_full_tier1_20260729_01,tier1
KithesVhFR8,KithesVhFR8.mp4,484.098,485.15,segment_too_short,,cutfix_full_tier1_20260729_01,tier1
KithesVhFR8,KithesVhFR8.mp4,495.074,495.87,segment_too_short,,cutfix_full_tier1_20260729_01,tier1
KithesVhFR8,KithesVhFR8.mp4,500.45,502.302,segment_too_short,,cutfix_full_tier1_20260729_01,tier1
KithesVhFR8,KithesVhFR8.mp4,502.466,503.326,segment_too_short,,cutfix_full_tier1_20260729_01,tier1
KithesVhFR8,KithesVhFR8.mp4,503.458,504.126,segment_too_short,,cutfix_full_tier1_20260729_01,tier1
KithesVhFR8,KithesVhFR8.mp4,504.45,506.43,segment_too_short,,cutfix_full_tier1_20260729_01,tier1
KithesVhFR8,KithesVhFR8.mp4,506.754,507.71,segment_too_short,,cutfix_full_tier1_20260729_01,tier1
KithesVhFR8,KithesVhFR8.mp4,508.162,509.63,segment_too_short,,cutfix_full_tier1_20260729_01,tier1
KithesVhFR8,KithesVhFR8.mp4,515.682,516.83,segment_too_short,,cutfix_full_tier1_20260729_01,tier1
KithesVhFR8,KithesVhFR8.mp4,517.602,518.654,segment_too_short,,cutfix_full_tier1_20260729_01,tier1
KithesVhFR8,KithesVhFR8.mp4,518.978,520.574,segment_too_short,,cutfix_full_tier1_20260729_01,tier1
KithesVhFR8,KithesVhFR8.mp4,521.25,522.142,segment_too_short,,cutfix_full_tier1_20260729_01,tier1
KithesVhFR8,KithesVhFR8.mp4,529.09,529.63,segment_too_short,,cutfix_full_tier1_20260729_01,tier1
KithesVhFR8,KithesVhFR8.mp4,529.73,530.974,segment_too_short,,cutfix_full_tier1_20260729_01,tier1
KithesVhFR8,KithesVhFR8.mp4,531.394,532.414,segment_too_short,,cutfix_full_tier1_20260729_01,tier1
KithesVhFR8,KithesVhFR8.mp4,532.642,533.63,segment_too_short,,cutfix_full_tier1_20260729_01,tier1
KithesVhFR8,KithesVhFR8.mp4,533.89,535.166,segment_too_short,,cutfix_full_tier1_20260729_01,tier1
KithesVhFR8,KithesVhFR8.mp4,535.266,536.062,segment_too_short,,cutfix_full_tier1_20260729_01,tier1
KithesVhFR8,KithesVhFR8.mp4,536.546,537.822,segment_too_short,,cutfix_full_tier1_20260729_01,tier1
KithesVhFR8,KithesVhFR8.mp4,537.986,539.102,segment_too_short,,cutfix_full_tier1_20260729_01,tier1
KithesVhFR8,KithesVhFR8.mp4,539.394,539.966,segment_too_short,,cutfix_full_tier1_20260729_01,tier1
KithesVhFR8,KithesVhFR8.mp4,541.41,542.654,segment_too_short,,cutfix_full_tier1_20260729_01,tier1
KithesVhFR8,KithesVhFR8.mp4,543.106,544.606,segment_too_short,,cutfix_full_tier1_20260729_01,tier1
KithesVhFR8,KithesVhFR8.mp4,544.706,545.758,segment_too_short,,cutfix_full_tier1_20260729_01,tier1
KithesVhFR8,KithesVhFR8.mp4,545.986,546.654,segment_too_short,,cutfix_full_tier1_20260729_01,tier1
KithesVhFR8,KithesVhFR8.mp4,546.85,548.446,segment_too_short,,cutfix_full_tier1_20260729_01,tier1
KithesVhFR8,KithesVhFR8.mp4,557.762,558.43,segment_too_short,,cutfix_full_tier1_20260729_01,tier1
KithesVhFR8,KithesVhFR8.mp4,563.682,564.702,segment_too_short,,cutfix_full_tier1_20260729_01,tier1
KithesVhFR8,KithesVhFR8.mp4,564.866,565.854,segment_too_short,,cutfix_full_tier1_20260729_01,tier1
KithesVhFR8,KithesVhFR8.mp4,576.354,578.206,segment_too_short,,cutfix_full_tier1_20260729_01,tier1
KithesVhFR8,KithesVhFR8.mp4,578.53,579.646,segment_too_short,,cutfix_full_tier1_20260729_01,tier1
KithesVhFR8,KithesVhFR8.mp4,582.21,582.718,segment_too_short,,cutfix_full_tier1_20260729_01,tier1
KithesVhFR8,KithesVhFR8.mp4,587.202,587.902,segment_too_short,,cutfix_full_tier1_20260729_01,tier1
KithesVhFR8,KithesVhFR8.mp4,589.25,589.822,segment_too_short,,cutfix_full_tier1_20260729_01,tier1
KithesVhFR8,KithesVhFR8.mp4,590.018,590.686,segment_too_short,,cutfix_full_tier1_20260729_01,tier1
KithesVhFR8,KithesVhFR8.mp4,590.914,592.03,segment_too_short,,cutfix_full_tier1_20260729_01,tier1
KithesVhFR8,KithesVhFR8.mp4,593.314,594.366,segment_too_short,,cutfix_full_tier1_20260729_01,tier1
KithesVhFR8,KithesVhFR8.mp4,597.026,597.598,segment_too_short,,cutfix_full_tier1_20260729_01,tier1
KithesVhFR8,KithesVhFR8.mp4,601.538,602.398,segment_too_short,,cutfix_full_tier1_20260729_01,tier1
KithesVhFR8,KithesVhFR8.mp4,616.738,617.726,segment_too_short,,cutfix_full_tier1_20260729_01,tier1
KithesVhFR8,KithesVhFR8.mp4,618.434,619.614,segment_too_short,,cutfix_full_tier1_20260729_01,tier1
KithesVhFR8,KithesVhFR8.mp4,620.322,621.758,segment_too_short,,cutfix_full_tier1_20260729_01,tier1
KithesVhFR8,KithesVhFR8.mp4,622.338,624.158,segment_too_short,,cutfix_full_tier1_20260729_01,tier1
KithesVhFR8,KithesVhFR8.mp4,631.714,632.03,segment_too_short,,cutfix_full_tier1_20260729_01,tier1
KithesVhFR8,KithesVhFR8.mp4,632.194,633.278,segment_too_short,,cutfix_full_tier1_20260729_01,tier1
KithesVhFR8,KithesVhFR8.mp4,636.546,637.374,segment_too_short,,cutfix_full_tier1_20260729_01,tier1
KithesVhFR8,KithesVhFR8.mp4,637.73,639.358,segment_too_short,,cutfix_full_tier1_20260729_01,tier1
KithesVhFR8,KithesVhFR8.mp4,640.194,640.99,segment_too_short,,cutfix_full_tier1_20260729_01,tier1
KithesVhFR8,KithesVhFR8.mp4,644.354,645.022,segment_too_short,,cutfix_full_tier1_20260729_01,tier1
KithesVhFR8,KithesVhFR8.mp4,645.154,645.95,segment_too_short,,cutfix_full_tier1_20260729_01,tier1
KithesVhFR8,KithesVhFR8.mp4,650.21,650.846,segment_too_short,,cutfix_full_tier1_20260729_01,tier1
KithesVhFR8,KithesVhFR8.mp4,655.074,655.614,segment_too_short,,cutfix_full_tier1_20260729_01,tier1
KithesVhFR8,KithesVhFR8.mp4,656.258,657.086,segment_too_short,,cutfix_full_tier1_20260729_01,tier1
KithesVhFR8,KithesVhFR8.mp4,657.474,658.814,segment_too_short,,cutfix_full_tier1_20260729_01,tier1
KithesVhFR8,KithesVhFR8.mp4,659.714,660.894,segment_too_short,,cutfix_full_tier1_20260729_01,tier1
KithesVhFR8,KithesVhFR8.mp4,668.482,669.886,segment_too_short,,cutfix_full_tier1_20260729_01,tier1
KithesVhFR8,KithesVhFR8.mp4,674.722,675.71,segment_too_short,,cutfix_full_tier1_20260729_01,tier1
KithesVhFR8,KithesVhFR8.mp4,677.858,678.27,segment_too_short,,cutfix_full_tier1_20260729_01,tier1
KithesVhFR8,KithesVhFR8.mp4,678.466,680.062,segment_too_short,,cutfix_full_tier1_20260729_01,tier1
KithesVhFR8,KithesVhFR8.mp4,690.85,691.55,segment_too_short,,cutfix_full_tier1_20260729_01,tier1
KithesVhFR8,KithesVhFR8.mp4,695.266,695.742,segment_too_short,,cutfix_full_tier1_20260729_01,tier1
KithesVhFR8,KithesVhFR8.mp4,698.178,698.654,segment_too_short,,cutfix_full_tier1_20260729_01,tier1
KjSzxPVGE30,KjSzxPVGE30.mp4,5.474,6.27,segment_too_short,,cutfix_full_tier1_20260729_01,tier1
KjSzxPVGE30,KjSzxPVGE30.mp4,17.058,18.014,segment_too_short,,cutfix_full_tier1_20260729_01,tier1
KjSzxPVGE30,KjSzxPVGE30.mp4,27.714,28.318,segment_too_short,,cutfix_full_tier1_20260729_01,tier1
KjSzxPVGE30,KjSzxPVGE30.mp4,41.858,43.614,segment_too_short,,cutfix_full_tier1_20260729_01,tier1
KjSzxPVGE30,KjSzxPVGE30.mp4,54.146,55.358,segment_too_short,,cutfix_full_tier1_20260729_01,tier1
KjSzxPVGE30,KjSzxPVGE30.mp4,55.65,56.35,segment_too_short,,cutfix_full_tier1_20260729_01,tier1
KjSzxPVGE30,KjSzxPVGE30.mp4,62.242,63.326,segment_too_short,,cutfix_full_tier1_20260729_01,tier1
KjSzxPVGE30,KjSzxPVGE30.mp4,66.274,66.846,segment_too_short,,cutfix_full_tier1_20260729_01,tier1
KjSzxPVGE30,KjSzxPVGE30.mp4,71.394,72.638,segment_too_short,,cutfix_full_tier1_20260729_01,tier1
KjSzxPVGE30,KjSzxPVGE30.mp4,73.506,74.462,segment_too_short,,cutfix_full_tier1_20260729_01,tier1
KjSzxPVGE30,KjSzxPVGE30.mp4,74.594,75.646,segment_too_short,,cutfix_full_tier1_20260729_01,tier1
KjSzxPVGE30,KjSzxPVGE30.mp4,75.874,77.086,segment_too_short,,cutfix_full_tier1_20260729_01,tier1
KjSzxPVGE30,KjSzxPVGE30.mp4,77.57,78.366,segment_too_short,,cutfix_full_tier1_20260729_01,tier1
KjSzxPVGE30,KjSzxPVGE30.mp4,80.418,82.078,segment_too_short,,cutfix_full_tier1_20260729_01,tier1
KjSzxPVGE30,KjSzxPVGE30.mp4,85.026,86.366,segment_too_short,,cutfix_full_tier1_20260729_01,tier1
KjSzxPVGE30,KjSzxPVGE30.mp4,93.41,94.27,segment_too_short,,cutfix_full_tier1_20260729_01,tier1
KjSzxPVGE30,KjSzxPVGE30.mp4,98.274,99.55,segment_too_short,,cutfix_full_tier1_20260729_01,tier1
KjSzxPVGE30,KjSzxPVGE30.mp4,109.41,110.782,segment_too_short,,cutfix_full_tier1_20260729_01,tier1
KjSzxPVGE30,KjSzxPVGE30.mp4,137.858,139.518,segment_too_short,,cutfix_full_tier1_20260729_01,tier1
KjSzxPVGE30,KjSzxPVGE30.mp4,145.634,146.398,segment_too_short,,cutfix_full_tier1_20260729_01,tier1
KjSzxPVGE30,KjSzxPVGE30.mp4,149.218,149.79,segment_too_short,,cutfix_full_tier1_20260729_01,tier1
KjSzxPVGE30,KjSzxPVGE30.mp4,161.922,163.806,segment_too_short,,cutfix_full_tier1_20260729_01,tier1
KjSzxPVGE30,KjSzxPVGE30.mp4,163.906,165.886,segment_too_short,,cutfix_full_tier1_20260729_01,tier1
KjSzxPVGE30,KjSzxPVGE30.mp4,166.178,167.358,segment_too_short,,cutfix_full_tier1_20260729_01,tier1
KjSzxPVGE30,KjSzxPVGE30.mp4,167.65,169.534,segment_too_short,,cutfix_full_tier1_20260729_01,tier1
KjSzxPVGE30,KjSzxPVGE30.mp4,169.762,170.814,segment_too_short,,cutfix_full_tier1_20260729_01,tier1
KjSzxPVGE30,KjSzxPVGE30.mp4,175.842,177.534,segment_too_short,,cutfix_full_tier1_20260729_01,tier1
KjSzxPVGE30,KjSzxPVGE30.mp4,184.578,186.078,segment_too_short,,cutfix_full_tier1_20260729_01,tier1
KjSzxPVGE30,KjSzxPVGE30.mp4,186.21,188.126,segment_too_short,,cutfix_full_tier1_20260729_01,tier1
KjSzxPVGE30,KjSzxPVGE30.mp4,198.818,200.03,segment_too_short,,cutfix_full_tier1_20260729_01,tier1
KjSzxPVGE30,KjSzxPVGE30.mp4,211.906,213.246,segment_too_short,,cutfix_full_tier1_20260729_01,tier1
KjSzxPVGE30,KjSzxPVGE30.mp4,215.362,217.31,segment_too_short,,cutfix_full_tier1_20260729_01,tier1
KjSzxPVGE30,KjSzxPVGE30.mp4,222.05,223.358,segment_too_short,,cutfix_full_tier1_20260729_01,tier1
KjSzxPVGE30,KjSzxPVGE30.mp4,231.874,232.926,segment_too_short,,cutfix_full_tier1_20260729_01,tier1
KjSzxPVGE30,KjSzxPVGE30.mp4,233.122,234.078,segment_too_short,,cutfix_full_tier1_20260729_01,tier1
KjSzxPVGE30,KjSzxPVGE30.mp4,266.05,267.006,segment_too_short,,cutfix_full_tier1_20260729_01,tier1
KjSzxPVGE30,KjSzxPVGE30.mp4,267.202,268.254,segment_too_short,,cutfix_full_tier1_20260729_01,tier1
KjSzxPVGE30,KjSzxPVGE30.mp4,274.402,275.326,segment_too_short,,cutfix_full_tier1_20260729_01,tier1
KjSzxPVGE30,KjSzxPVGE30.mp4,275.65,277.342,segment_too_short,,cutfix_full_tier1_20260729_01,tier1
KjSzxPVGE30,KjSzxPVGE30.mp4,301.794,302.814,segment_too_short,,cutfix_full_tier1_20260729_01,tier1
KjSzxPVGE30,KjSzxPVGE30.mp4,311.234,311.71,segment_too_short,,cutfix_full_tier1_20260729_01,tier1
KjSzxPVGE30,KjSzxPVGE30.mp4,311.906,312.574,segment_too_short,,cutfix_full_tier1_20260729_01,tier1
KjSzxPVGE30,KjSzxPVGE30.mp4,312.77,313.726,segment_too_short,,cutfix_full_tier1_20260729_01,tier1
KjSzxPVGE30,KjSzxPVGE30.mp4,332.802,333.822,segment_too_short,,cutfix_full_tier1_20260729_01,tier1
KjSzxPVGE30,KjSzxPVGE30.mp4,334.178,334.974,segment_too_short,,cutfix_full_tier1_20260729_01,tier1
KjSzxPVGE30,KjSzxPVGE30.mp4,335.202,336.19,segment_too_short,,cutfix_full_tier1_20260729_01,tier1
KjSzxPVGE30,KjSzxPVGE30.mp4,336.866,337.566,segment_too_short,,cutfix_full_tier1_20260729_01,tier1
KjSzxPVGE30,KjSzxPVGE30.mp4,337.73,338.622,segment_too_short,,cutfix_full_tier1_20260729_01,tier1
KjSzxPVGE30,KjSzxPVGE30.mp4,339.01,339.582,segment_too_short,,cutfix_full_tier1_20260729_01,tier1
KjSzxPVGE30,KjSzxPVGE30.mp4,354.594,355.614,segment_too_short,,cutfix_full_tier1_20260729_01,tier1
KjSzxPVGE30,KjSzxPVGE30.mp4,359.074,360.318,segment_too_short,,cutfix_full_tier1_20260729_01,tier1
KjSzxPVGE30,KjSzxPVGE30.mp4,360.482,361.438,segment_too_short,,cutfix_full_tier1_20260729_01,tier1
KjSzxPVGE30,KjSzxPVGE30.mp4,361.986,362.43,segment_too_short,,cutfix_full_tier1_20260729_01,tier1
KjSzxPVGE30,KjSzxPVGE30.mp4,362.722,363.806,segment_too_short,,cutfix_full_tier1_20260729_01,tier1
KjSzxPVGE30,KjSzxPVGE30.mp4,369.698,371.55,segment_too_short,,cutfix_full_tier1_20260729_01,tier1
KjSzxPVGE30,KjSzxPVGE30.mp4,374.178,376.126,segment_too_short,,cutfix_full_tier1_20260729_01,tier1
KjSzxPVGE30,KjSzxPVGE30.mp4,376.29,377.214,segment_too_short,,cutfix_full_tier1_20260729_01,tier1
KjSzxPVGE30,KjSzxPVGE30.mp4,377.41,378.398,segment_too_short,,cutfix_full_tier1_20260729_01,tier1
KjSzxPVGE30,KjSzxPVGE30.mp4,383.874,384.67,segment_too_short,,cutfix_full_tier1_20260729_01,tier1
KjSzxPVGE30,KjSzxPVGE30.mp4,385.41,387.358,segment_too_short,,cutfix_full_tier1_20260729_01,tier1
KjSzxPVGE30,KjSzxPVGE30.mp4,401.41,402.686,segment_too_short,,cutfix_full_tier1_20260729_01,tier1
KjSzxPVGE30,KjSzxPVGE30.mp4,409.058,409.502,segment_too_short,,cutfix_full_tier1_20260729_01,tier1
KjSzxPVGE30,KjSzxPVGE30.mp4,411.17,411.806,segment_too_short,,cutfix_full_tier1_20260729_01,tier1
KjSzxPVGE30,KjSzxPVGE30.mp4,412.322,413.054,segment_too_short,,cutfix_full_tier1_20260729_01,tier1
KjSzxPVGE30,KjSzxPVGE30.mp4,415.906,417.406,segment_too_short,,cutfix_full_tier1_20260729_01,tier1
KjSzxPVGE30,KjSzxPVGE30.mp4,427.778,429.662,segment_too_short,,cutfix_full_tier1_20260729_01,tier1
KjSzxPVGE30,KjSzxPVGE30.mp4,442.306,443.262,segment_too_short,,cutfix_full_tier1_20260729_01,tier1
KjSzxPVGE30,KjSzxPVGE30.mp4,443.458,443.806,segment_too_short,,cutfix_full_tier1_20260729_01,tier1
KjSzxPVGE30,KjSzxPVGE30.mp4,463.618,464.862,segment_too_short,,cutfix_full_tier1_20260729_01,tier1
KjSzxPVGE30,KjSzxPVGE30.mp4,479.522,480.734,segment_too_short,,cutfix_full_tier1_20260729_01,tier1
KjSzxPVGE30,KjSzxPVGE30.mp4,521.09,521.918,segment_too_short,,cutfix_full_tier1_20260729_01,tier1
KjSzxPVGE30,KjSzxPVGE30.mp4,524.738,526.398,segment_too_short,,cutfix_full_tier1_20260729_01,tier1
KjSzxPVGE30,KjSzxPVGE30.mp4,526.562,527.518,segment_too_short,,cutfix_full_tier1_20260729_01,tier1
KjSzxPVGE30,KjSzxPVGE30.mp4,547.65,549.63,segment_too_short,,cutfix_full_tier1_20260729_01,tier1
KjSzxPVGE30,KjSzxPVGE30.mp4,549.89,551.678,segment_too_short,,cutfix_full_tier1_20260729_01,tier1
KjSzxPVGE30,KjSzxPVGE30.mp4,552.098,553.918,segment_too_short,,cutfix_full_tier1_20260729_01,tier1
KjSzxPVGE30,KjSzxPVGE30.mp4,608.866,609.918,segment_too_short,,cutfix_full_tier1_20260729_01,tier1
KjSzxPVGE30,KjSzxPVGE30.mp4,614.274,615.102,segment_too_short,,cutfix_full_tier1_20260729_01,tier1
KjSzxPVGE30,KjSzxPVGE30.mp4,618.882,620.606,segment_too_short,,cutfix_full_tier1_20260729_01,tier1
KjSzxPVGE30,KjSzxPVGE30.mp4,636.194,637.406,segment_too_short,,cutfix_full_tier1_20260729_01,tier1
KjSzxPVGE30,KjSzxPVGE30.mp4,637.986,639.71,segment_too_short,,cutfix_full_tier1_20260729_01,tier1
KjSzxPVGE30,KjSzxPVGE30.mp4,641.698,643.422,segment_too_short,,cutfix_full_tier1_20260729_01,tier1
KjSzxPVGE30,KjSzxPVGE30.mp4,644.002,645.438,segment_too_short,,cutfix_full_tier1_20260729_01,tier1
KjSzxPVGE30,KjSzxPVGE30.mp4,646.082,646.91,segment_too_short,,cutfix_full_tier1_20260729_01,tier1
KjSzxPVGE30,KjSzxPVGE30.mp4,647.522,648.606,segment_too_short,,cutfix_full_tier1_20260729_01,tier1
KjSzxPVGE30,KjSzxPVGE30.mp4,662.594,664.382,segment_too_short,,cutfix_full_tier1_20260729_01,tier1
KjSzxPVGE30,KjSzxPVGE30.mp4,677.986,678.878,segment_too_short,,cutfix_full_tier1_20260729_01,tier1
KjSzxPVGE30,KjSzxPVGE30.mp4,686.754,688.67,segment_too_short,,cutfix_full_tier1_20260729_01,tier1
KjSzxPVGE30,KjSzxPVGE30.mp4,689.282,690.334,segment_too_short,,cutfix_full_tier1_20260729_01,tier1
KjSzxPVGE30,KjSzxPVGE30.mp4,710.53,711.358,segment_too_short,,cutfix_full_tier1_20260729_01,tier1
KjSzxPVGE30,KjSzxPVGE30.mp4,727.106,728.19,segment_too_short,,cutfix_full_tier1_20260729_01,tier1
KjSzxPVGE30,KjSzxPVGE30.mp4,728.514,729.982,segment_too_short,,cutfix_full_tier1_20260729_01,tier1
KjSzxPVGE30,KjSzxPVGE30.mp4,758.562,760.222,segment_too_short,,cutfix_full_tier1_20260729_01,tier1
KjSzxPVGE30,KjSzxPVGE30.mp4,764.066,765.886,segment_too_short,,cutfix_full_tier1_20260729_01,tier1
KjSzxPVGE30,KjSzxPVGE30.mp4,775.458,776.19,segment_too_short,,cutfix_full_tier1_20260729_01,tier1
KjSzxPVGE30,KjSzxPVGE30.mp4,776.322,777.406,segment_too_short,,cutfix_full_tier1_20260729_01,tier1
KjSzxPVGE30,KjSzxPVGE30.mp4,779.362,780.19,segment_too_short,,cutfix_full_tier1_20260729_01,tier1
KjSzxPVGE30,KjSzxPVGE30.mp4,780.802,782.11,segment_too_short,,cutfix_full_tier1_20260729_01,tier1
KjSzxPVGE30,KjSzxPVGE30.mp4,785.506,786.046,segment_too_short,,cutfix_full_tier1_20260729_01,tier1
KjSzxPVGE30,KjSzxPVGE30.mp4,802.338,804.126,segment_too_short,,cutfix_full_tier1_20260729_01,tier1
KjSzxPVGE30,KjSzxPVGE30.mp4,810.754,812.254,segment_too_short,,cutfix_full_tier1_20260729_01,tier1
KjSzxPVGE30,KjSzxPVGE30.mp4,825.25,826.398,segment_too_short,,cutfix_full_tier1_20260729_01,tier1
KjSzxPVGE30,KjSzxPVGE30.mp4,828.194,829.598,segment_too_short,,cutfix_full_tier1_20260729_01,tier1
KjSzxPVGE30,KjSzxPVGE30.mp4,830.114,830.814,segment_too_short,,cutfix_full_tier1_20260729_01,tier1
KjSzxPVGE30,KjSzxPVGE30.mp4,833.89,834.206,segment_too_short,,cutfix_full_tier1_20260729_01,tier1
KjSzxPVGE30,KjSzxPVGE30.mp4,834.402,835.134,segment_too_short,,cutfix_full_tier1_20260729_01,tier1
KjSzxPVGE30,KjSzxPVGE30.mp4,835.938,836.99,segment_too_short,,cutfix_full_tier1_20260729_01,tier1
KjSzxPVGE30,KjSzxPVGE30.mp4,851.074,851.614,segment_too_short,,cutfix_full_tier1_20260729_01,tier1
KjSzxPVGE30,KjSzxPVGE30.mp4,851.81,852.606,segment_too_short,,cutfix_full_tier1_20260729_01,tier1
KjSzxPVGE30,KjSzxPVGE30.mp4,853.09,854.814,segment_too_short,,cutfix_full_tier1_20260729_01,tier1
KjSzxPVGE30,KjSzxPVGE30.mp4,859.778,860.958,segment_too_short,,cutfix_full_tier1_20260729_01,tier1
KjSzxPVGE30,KjSzxPVGE30.mp4,867.042,868.83,segment_too_short,,cutfix_full_tier1_20260729_01,tier1
KjSzxPVGE30,KjSzxPVGE30.mp4,875.554,877.246,segment_too_short,,cutfix_full_tier1_20260729_01,tier1
KjSzxPVGE30,KjSzxPVGE30.mp4,877.634,879.294,segment_too_short,,cutfix_full_tier1_20260729_01,tier1
KjSzxPVGE30,KjSzxPVGE30.mp4,880.066,881.054,segment_too_short,,cutfix_full_tier1_20260729_01,tier1
KjSzxPVGE30,KjSzxPVGE30.mp4,881.25,882.526,segment_too_short,,cutfix_full_tier1_20260729_01,tier1
KjSzxPVGE30,KjSzxPVGE30.mp4,882.754,883.646,segment_too_short,,cutfix_full_tier1_20260729_01,tier1
KjSzxPVGE30,KjSzxPVGE30.mp4,884.002,885.182,segment_too_short,,cutfix_full_tier1_20260729_01,tier1
KjSzxPVGE30,KjSzxPVGE30.mp4,886.018,886.782,segment_too_short,,cutfix_full_tier1_20260729_01,tier1
KjSzxPVGE30,KjSzxPVGE30.mp4,891.874,892.606,segment_too_short,,cutfix_full_tier1_20260729_01,tier1
KjSzxPVGE30,KjSzxPVGE30.mp4,893.218,893.982,segment_too_short,,cutfix_full_tier1_20260729_01,tier1
KjSzxPVGE30,KjSzxPVGE30.mp4,894.85,896.542,segment_too_short,,cutfix_full_tier1_20260729_01,tier1
KjSzxPVGE30,KjSzxPVGE30.mp4,900.226,901.534,segment_too_short,,cutfix_full_tier1_20260729_01,tier1
KjSzxPVGE30,KjSzxPVGE30.mp4,901.954,902.43,segment_too_short,,cutfix_full_tier1_20260729_01,tier1
KjSzxPVGE30,KjSzxPVGE30.mp4,908.93,910.302,segment_too_short,,cutfix_full_tier1_20260729_01,tier1
KjSzxPVGE30,KjSzxPVGE30.mp4,910.594,911.518,segment_too_short,,cutfix_full_tier1_20260729_01,tier1
KjSzxPVGE30,KjSzxPVGE30.mp4,911.618,912.286,segment_too_short,,cutfix_full_tier1_20260729_01,tier1
KjSzxPVGE30,KjSzxPVGE30.mp4,912.578,913.79,segment_too_short,,cutfix_full_tier1_20260729_01,tier1
KjSzxPVGE30,KjSzxPVGE30.mp4,914.914,915.518,segment_too_short,,cutfix_full_tier1_20260729_01,tier1
KjSzxPVGE30,KjSzxPVGE30.mp4,925.474,925.982,segment_too_short,,cutfix_full_tier1_20260729_01,tier1
KjSzxPVGE30,KjSzxPVGE30.mp4,931.874,932.894,segment_too_short,,cutfix_full_tier1_20260729_01,tier1
KjSzxPVGE30,KjSzxPVGE30.mp4,933.314,934.942,segment_too_short,,cutfix_full_tier1_20260729_01,tier1
KjSzxPVGE30,KjSzxPVGE30.mp4,947.554,949.246,segment_too_short,,cutfix_full_tier1_20260729_01,tier1
KjSzxPVGE30,KjSzxPVGE30.mp4,949.442,950.398,segment_too_short,,cutfix_full_tier1_20260729_01,tier1
KjSzxPVGE30,KjSzxPVGE30.mp4,954.434,955.07,segment_too_short,,cutfix_full_tier1_20260729_01,tier1
KjSzxPVGE30,KjSzxPVGE30.mp4,966.402,968.382,segment_too_short,,cutfix_full_tier1_20260729_01,tier1
KjSzxPVGE30,KjSzxPVGE30.mp4,968.578,969.118,segment_too_short,,cutfix_full_tier1_20260729_01,tier1
KjSzxPVGE30,KjSzxPVGE30.mp4,969.346,969.79,segment_too_short,,cutfix_full_tier1_20260729_01,tier1
KjSzxPVGE30,KjSzxPVGE30.mp4,969.89,970.686,segment_too_short,,cutfix_full_tier1_20260729_01,tier1
KjSzxPVGE30,KjSzxPVGE30.mp4,972.034,972.99,segment_too_short,,cutfix_full_tier1_20260729_01,tier1
KjSzxPVGE30,KjSzxPVGE30.mp4,973.25,973.918,segment_too_short,,cutfix_full_tier1_20260729_01,tier1
KjSzxPVGE30,KjSzxPVGE30.mp4,974.658,975.486,segment_too_short,,cutfix_full_tier1_20260729_01,tier1
KjSzxPVGE30,KjSzxPVGE30.mp4,976.258,977.95,segment_too_short,,cutfix_full_tier1_20260729_01,tier1
KjSzxPVGE30,KjSzxPVGE30.mp4,978.274,979.39,segment_too_short,,cutfix_full_tier1_20260729_01,tier1
KjSzxPVGE30,KjSzxPVGE30.mp4,979.874,981.502,segment_too_short,,cutfix_full_tier1_20260729_01,tier1
KjSzxPVGE30,KjSzxPVGE30.mp4,984.386,985.854,segment_too_short,,cutfix_full_tier1_20260729_01,tier1
KjSzxPVGE30,KjSzxPVGE30.mp4,986.21,986.622,segment_too_short,,cutfix_full_tier1_20260729_01,tier1
Km_bUH22FBg,Km_bUH22FBg.mp4,19.042,21.15,scene_cut_detected,,cutfix_full_tier1_20260729_01,tier1
Km_bUH22FBg,Km_bUH22FBg.mp4,21.634,22.206,segment_too_short,,cutfix_full_tier1_20260729_01,tier1
Km_bUH22FBg,Km_bUH22FBg.mp4,125.634,126.782,segment_too_short,,cutfix_full_tier1_20260729_01,tier1
Km_bUH22FBg,Km_bUH22FBg.mp4,130.626,131.998,segment_too_short,,cutfix_full_tier1_20260729_01,tier1
Km_bUH22FBg,Km_bUH22FBg.mp4,190.178,191.454,segment_too_short,,cutfix_full_tier1_20260729_01,tier1
Km_bUH22FBg,Km_bUH22FBg.mp4,211.778,213.086,segment_too_short,,cutfix_full_tier1_20260729_01,tier1
Km_bUH22FBg,Km_bUH22FBg.mp4,214.178,215.806,segment_too_short,,cutfix_full_tier1_20260729_01,tier1
Km_bUH22FBg,Km_bUH22FBg.mp4,241.922,242.942,segment_too_short,,cutfix_full_tier1_20260729_01,tier1
Km_bUH22FBg,Km_bUH22FBg.mp4,278.21,278.974,segment_too_short,,cutfix_full_tier1_20260729_01,tier1
Km_bUH22FBg,Km_bUH22FBg.mp4,419.906,421.31,segment_too_short,,cutfix_full_tier1_20260729_01,tier1
Km_bUH22FBg,Km_bUH22FBg.mp4,432.514,433.438,segment_too_short,,cutfix_full_tier1_20260729_01,tier1
Km_bUH22FBg,Km_bUH22FBg.mp4,481.378,481.726,segment_too_short,,cutfix_full_tier1_20260729_01,tier1
Km_bUH22FBg,Km_bUH22FBg.mp4,481.922,482.366,segment_too_short,,cutfix_full_tier1_20260729_01,tier1
Km_bUH22FBg,Km_bUH22FBg.mp4,534.466,535.102,segment_too_short,,cutfix_full_tier1_20260729_01,tier1
Km_bUH22FBg,Km_bUH22FBg.mp4,598.946,600.318,segment_too_short,,cutfix_full_tier1_20260729_01,tier1
Km_bUH22FBg,Km_bUH22FBg.mp4,657.986,659.166,segment_too_short,,cutfix_full_tier1_20260729_01,tier1
Km_bUH22FBg,Km_bUH22FBg.mp4,682.05,683.518,segment_too_short,,cutfix_full_tier1_20260729_01,tier1
Km_bUH22FBg,Km_bUH22FBg.mp4,754.146,754.654,segment_too_short,,cutfix_full_tier1_20260729_01,tier1
Km_bUH22FBg,Km_bUH22FBg.mp4,789.634,790.558,segment_too_short,,cutfix_full_tier1_20260729_01,tier1
Km_bUH22FBg,Km_bUH22FBg.mp4,815.042,815.422,segment_too_short,,cutfix_full_tier1_20260729_01,tier1
Km_bUH22FBg,Km_bUH22FBg.mp4,856.898,858.014,segment_too_short,,cutfix_full_tier1_20260729_01,tier1
Km_bUH22FBg,Km_bUH22FBg.mp4,866.178,867.966,segment_too_short,,cutfix_full_tier1_20260729_01,tier1
Km_bUH22FBg,Km_bUH22FBg.mp4,892.258,893.758,segment_too_short,,cutfix_full_tier1_20260729_01,tier1
Km_bUH22FBg,Km_bUH22FBg.mp4,893.858,894.462,segment_too_short,,cutfix_full_tier1_20260729_01,tier1
Km_bUH22FBg,Km_bUH22FBg.mp4,895.522,896.19,segment_too_short,,cutfix_full_tier1_20260729_01,tier1
Kovwk0Xfnes,Kovwk0Xfnes.mp4,68.546,70.046,segment_too_short,,cutfix_full_tier1_20260729_01,tier1
Kovwk0Xfnes,Kovwk0Xfnes.mp4,70.306,74.718,face_density_low,,cutfix_full_tier1_20260729_01,tier1
Kovwk0Xfnes,Kovwk0Xfnes.mp4,75.01,77.63,face_density_low,,cutfix_full_tier1_20260729_01,tier1
Kovwk0Xfnes,Kovwk0Xfnes.mp4,77.762,80.478,face_density_low,,cutfix_full_tier1_20260729_01,tier1
Kovwk0Xfnes,Kovwk0Xfnes.mp4,81.186,81.918,segment_too_short,,cutfix_full_tier1_20260729_01,tier1
Kovwk0Xfnes,Kovwk0Xfnes.mp4,82.082,85.726,face_density_low,,cutfix_full_tier1_20260729_01,tier1
Kovwk0Xfnes,Kovwk0Xfnes.mp4,85.826,89.534,face_density_low,,cutfix_full_tier1_20260729_01,tier1
Kovwk0Xfnes,Kovwk0Xfnes.mp4,90.018,90.59,segment_too_short,,cutfix_full_tier1_20260729_01,tier1
Kovwk0Xfnes,Kovwk0Xfnes.mp4,90.818,95.166,scene_cut_detected,,cutfix_full_tier1_20260729_01,tier1
Kovwk0Xfnes,Kovwk0Xfnes.mp4,96.738,99.87,scene_cut_detected,,cutfix_full_tier1_20260729_01,tier1
Kovwk0Xfnes,Kovwk0Xfnes.mp4,100.13,106.622,scene_cut_detected,,cutfix_full_tier1_20260729_01,tier1
Kovwk0Xfnes,Kovwk0Xfnes.mp4,109.858,111.646,segment_too_short,,cutfix_full_tier1_20260729_01,tier1
Kovwk0Xfnes,Kovwk0Xfnes.mp4,118.85,120.894,scene_cut_detected,,cutfix_full_tier1_20260729_01,tier1
Kovwk0Xfnes,Kovwk0Xfnes.mp4,121.09,131.774,scene_cut_detected,,cutfix_full_tier1_20260729_01,tier1
Kovwk0Xfnes,Kovwk0Xfnes.mp4,133.666,135.71,face_density_low,,cutfix_full_tier1_20260729_01,tier1
Kovwk0Xfnes,Kovwk0Xfnes.mp4,135.97,138.558,scene_cut_detected,,cutfix_full_tier1_20260729_01,tier1
Kovwk0Xfnes,Kovwk0Xfnes.mp4,138.818,140.766,segment_too_short,,cutfix_full_tier1_20260729_01,tier1
Kovwk0Xfnes,Kovwk0Xfnes.mp4,140.866,143.294,face_density_low,,cutfix_full_tier1_20260729_01,tier1
Kovwk0Xfnes,Kovwk0Xfnes.mp4,164.834,166.398,segment_too_short,,cutfix_full_tier1_20260729_01,tier1
Kovwk0Xfnes,Kovwk0Xfnes.mp4,170.37,173.918,scene_cut_detected,,cutfix_full_tier1_20260729_01,tier1
Kovwk0Xfnes,Kovwk0Xfnes.mp4,174.114,176.094,segment_too_short,,cutfix_full_tier1_20260729_01,tier1
Kovwk0Xfnes,Kovwk0Xfnes.mp4,176.226,178.302,face_density_low,,cutfix_full_tier1_20260729_01,tier1
Kovwk0Xfnes,Kovwk0Xfnes.mp4,178.434,179.422,segment_too_short,,cutfix_full_tier1_20260729_01,tier1
Kovwk0Xfnes,Kovwk0Xfnes.mp4,179.618,183.614,scene_cut_detected,,cutfix_full_tier1_20260729_01,tier1
Kovwk0Xfnes,Kovwk0Xfnes.mp4,184.322,190.878,scene_cut_detected,,cutfix_full_tier1_20260729_01,tier1
Kovwk0Xfnes,Kovwk0Xfnes.mp4,217.89,220.446,scene_cut_detected,,cutfix_full_tier1_20260729_01,tier1
Kovwk0Xfnes,Kovwk0Xfnes.mp4,220.866,224.798,scene_cut_detected,,cutfix_full_tier1_20260729_01,tier1
Kovwk0Xfnes,Kovwk0Xfnes.mp4,224.898,226.814,segment_too_short,,cutfix_full_tier1_20260729_01,tier1
Kovwk0Xfnes,Kovwk0Xfnes.mp4,227.138,232.734,scene_cut_detected,,cutfix_full_tier1_20260729_01,tier1
Kovwk0Xfnes,Kovwk0Xfnes.mp4,233.762,239.71,scene_cut_detected,,cutfix_full_tier1_20260729_01,tier1
Kovwk0Xfnes,Kovwk0Xfnes.mp4,240.034,246.526,face_density_low,,cutfix_full_tier1_20260729_01,tier1
Kovwk0Xfnes,Kovwk0Xfnes.mp4,277.986,279.774,segment_too_short,,cutfix_full_tier1_20260729_01,tier1
Kovwk0Xfnes,Kovwk0Xfnes.mp4,279.97,285.086,face_density_low,,cutfix_full_tier1_20260729_01,tier1
Kovwk0Xfnes,Kovwk0Xfnes.mp4,285.314,286.75,segment_too_short,,cutfix_full_tier1_20260729_01,tier1
Kovwk0Xfnes,Kovwk0Xfnes.mp4,289.666,290.846,segment_too_short,,cutfix_full_tier1_20260729_01,tier1
Kovwk0Xfnes,Kovwk0Xfnes.mp4,290.978,299.326,scene_cut_detected,,cutfix_full_tier1_20260729_01,tier1
Kovwk0Xfnes,Kovwk0Xfnes.mp4,299.426,302.206,scene_cut_detected,,cutfix_full_tier1_20260729_01,tier1
Kovwk0Xfnes,Kovwk0Xfnes.mp4,303.714,306.462,scene_cut_detected,,cutfix_full_tier1_20260729_01,tier1
Kovwk0Xfnes,Kovwk0Xfnes.mp4,306.562,307.838,segment_too_short,,cutfix_full_tier1_20260729_01,tier1
Kovwk0Xfnes,Kovwk0Xfnes.mp4,308.098,309.31,segment_too_short,,cutfix_full_tier1_20260729_01,tier1
Kovwk0Xfnes,Kovwk0Xfnes.mp4,328.546,333.546,scene_cut_detected,,cutfix_full_tier1_20260729_01,tier1
Kovwk0Xfnes,Kovwk0Xfnes.mp4,337.922,339.486,segment_too_short,,cutfix_full_tier1_20260729_01,tier1
Kovwk0Xfnes,Kovwk0Xfnes.mp4,341.986,343.326,segment_too_short,,cutfix_full_tier1_20260729_01,tier1
Kovwk0Xfnes,Kovwk0Xfnes.mp4,343.586,343.966,segment_too_short,,cutfix_full_tier1_20260729_01,tier1
Kovwk0Xfnes,Kovwk0Xfnes.mp4,354.082,354.686,segment_too_short,,cutfix_full_tier1_20260729_01,tier1
Kovwk0Xfnes,Kovwk0Xfnes.mp4,359.938,361.694,segment_too_short,,cutfix_full_tier1_20260729_01,tier1
Kovwk0Xfnes,Kovwk0Xfnes.mp4,361.954,363.902,segment_too_short,,cutfix_full_tier1_20260729_01,tier1
Kovwk0Xfnes,Kovwk0Xfnes.mp4,364.098,365.566,segment_too_short,,cutfix_full_tier1_20260729_01,tier1
Kovwk0Xfnes,Kovwk0Xfnes.mp4,367.042,369.15,scene_cut_detected,,cutfix_full_tier1_20260729_01,tier1
Kovwk0Xfnes,Kovwk0Xfnes.mp4,369.25,374.43,scene_cut_detected,,cutfix_full_tier1_20260729_01,tier1
Kovwk0Xfnes,Kovwk0Xfnes.mp4,374.818,379.39,scene_cut_detected,,cutfix_full_tier1_20260729_01,tier1
Ku0ouM2l_qI,Ku0ouM2l_qI.mp4,0.034,0.734,segment_too_short,,cutfix_full_tier1_20260729_01,tier1
Ku0ouM2l_qI,Ku0ouM2l_qI.mp4,7.714,8.382,segment_too_short,,cutfix_full_tier1_20260729_01,tier1
Ku0ouM2l_qI,Ku0ouM2l_qI.mp4,9.026,9.726,segment_too_short,,cutfix_full_tier1_20260729_01,tier1
Ku0ouM2l_qI,Ku0ouM2l_qI.mp4,18.05,18.942,segment_too_short,,cutfix_full_tier1_20260729_01,tier1
Ku0ouM2l_qI,Ku0ouM2l_qI.mp4,20.002,25.002,scene_cut_detected,,cutfix_full_tier1_20260729_01,tier1
Ku0ouM2l_qI,Ku0ouM2l_qI.mp4,24.002,29.002,scene_cut_detected,,cutfix_full_tier1_20260729_01,tier1
Ku0ouM2l_qI,Ku0ouM2l_qI.mp4,28.002,33.002,scene_cut_detected,,cutfix_full_tier1_20260729_01,tier1
Ku0ouM2l_qI,Ku0ouM2l_qI.mp4,38.146,39.71,segment_too_short,,cutfix_full_tier1_20260729_01,tier1
Ku0ouM2l_qI,Ku0ouM2l_qI.mp4,39.81,45.758,scene_cut_detected,,cutfix_full_tier1_20260729_01,tier1
Ku0ouM2l_qI,Ku0ouM2l_qI.mp4,52.29,59.774,scene_cut_detected,,cutfix_full_tier1_20260729_01,tier1
Ku0ouM2l_qI,Ku0ouM2l_qI.mp4,63.522,69.15,scene_cut_detected,,cutfix_full_tier1_20260729_01,tier1
Ku0ouM2l_qI,Ku0ouM2l_qI.mp4,69.346,74.346,scene_cut_detected,,cutfix_full_tier1_20260729_01,tier1
Ku0ouM2l_qI,Ku0ouM2l_qI.mp4,73.346,78.346,scene_cut_detected,,cutfix_full_tier1_20260729_01,tier1
Ku0ouM2l_qI,Ku0ouM2l_qI.mp4,77.346,81.95,scene_cut_detected,,cutfix_full_tier1_20260729_01,tier1
Ku0ouM2l_qI,Ku0ouM2l_qI.mp4,82.146,82.91,segment_too_short,,cutfix_full_tier1_20260729_01,tier1
Ku0ouM2l_qI,Ku0ouM2l_qI.mp4,83.074,83.71,segment_too_short,,cutfix_full_tier1_20260729_01,tier1
Ku0ouM2l_qI,Ku0ouM2l_qI.mp4,83.938,92.126,scene_cut_detected,,cutfix_full_tier1_20260729_01,tier1
Ku0ouM2l_qI,Ku0ouM2l_qI.mp4,92.322,104.222,scene_cut_detected,,cutfix_full_tier1_20260729_01,tier1
Ku0ouM2l_qI,Ku0ouM2l_qI.mp4,104.322,109.322,scene_cut_detected,,cutfix_full_tier1_20260729_01,tier1
Ku0ouM2l_qI,Ku0ouM2l_qI.mp4,108.322,113.322,scene_cut_detected,,cutfix_full_tier1_20260729_01,tier1
Ku0ouM2l_qI,Ku0ouM2l_qI.mp4,112.322,117.322,scene_cut_detected,,cutfix_full_tier1_20260729_01,tier1
Ku0ouM2l_qI,Ku0ouM2l_qI.mp4,116.322,121.322,scene_cut_detected,,cutfix_full_tier1_20260729_01,tier1
Ku0ouM2l_qI,Ku0ouM2l_qI.mp4,120.322,125.322,scene_cut_detected,,cutfix_full_tier1_20260729_01,tier1
Ku0ouM2l_qI,Ku0ouM2l_qI.mp4,124.322,129.322,scene_cut_detected,,cutfix_full_tier1_20260729_01,tier1
Ku0ouM2l_qI,Ku0ouM2l_qI.mp4,128.322,133.322,scene_cut_detected,,cutfix_full_tier1_20260729_01,tier1
Ku0ouM2l_qI,Ku0ouM2l_qI.mp4,132.322,137.322,scene_cut_detected,,cutfix_full_tier1_20260729_01,tier1
Ku0ouM2l_qI,Ku0ouM2l_qI.mp4,137.474,138.334,segment_too_short,,cutfix_full_tier1_20260729_01,tier1
Ku0ouM2l_qI,Ku0ouM2l_qI.mp4,140.962,144.382,scene_cut_detected,,cutfix_full_tier1_20260729_01,tier1
Ku0ouM2l_qI,Ku0ouM2l_qI.mp4,144.706,152.062,scene_cut_detected,,cutfix_full_tier1_20260729_01,tier1
Ku0ouM2l_qI,Ku0ouM2l_qI.mp4,162.562,168.286,scene_cut_detected,,cutfix_full_tier1_20260729_01,tier1
Ku0ouM2l_qI,Ku0ouM2l_qI.mp4,168.546,169.63,segment_too_short,,cutfix_full_tier1_20260729_01,tier1
Ku0ouM2l_qI,Ku0ouM2l_qI.mp4,169.794,175.774,scene_cut_detected,,cutfix_full_tier1_20260729_01,tier1
Ku0ouM2l_qI,Ku0ouM2l_qI.mp4,176.002,177.278,segment_too_short,,cutfix_full_tier1_20260729_01,tier1
Ku0ouM2l_qI,Ku0ouM2l_qI.mp4,177.506,181.918,scene_cut_detected,,cutfix_full_tier1_20260729_01,tier1
Ku0ouM2l_qI,Ku0ouM2l_qI.mp4,182.242,182.814,segment_too_short,,cutfix_full_tier1_20260729_01,tier1
Ku0ouM2l_qI,Ku0ouM2l_qI.mp4,183.01,184.446,segment_too_short,,cutfix_full_tier1_20260729_01,tier1
Ku0ouM2l_qI,Ku0ouM2l_qI.mp4,184.802,186.43,segment_too_short,,cutfix_full_tier1_20260729_01,tier1
Ku0ouM2l_qI,Ku0ouM2l_qI.mp4,186.818,189.534,scene_cut_detected,,cutfix_full_tier1_20260729_01,tier1
Ku0ouM2l_qI,Ku0ouM2l_qI.mp4,189.794,191.454,segment_too_short,,cutfix_full_tier1_20260729_01,tier1
Ku0ouM2l_qI,Ku0ouM2l_qI.mp4,191.618,192.862,segment_too_short,,cutfix_full_tier1_20260729_01,tier1
Ku0ouM2l_qI,Ku0ouM2l_qI.mp4,193.602,194.526,segment_too_short,,cutfix_full_tier1_20260729_01,tier1
Ku0ouM2l_qI,Ku0ouM2l_qI.mp4,194.722,199.722,scene_cut_detected,,cutfix_full_tier1_20260729_01,tier1
Ku0ouM2l_qI,Ku0ouM2l_qI.mp4,198.722,203.722,scene_cut_detected,,cutfix_full_tier1_20260729_01,tier1
Ku0ouM2l_qI,Ku0ouM2l_qI.mp4,202.722,207.722,scene_cut_detected,,cutfix_full_tier1_20260729_01,tier1
Ku0ouM2l_qI,Ku0ouM2l_qI.mp4,208.13,208.734,segment_too_short,,cutfix_full_tier1_20260729_01,tier1
Ku0ouM2l_qI,Ku0ouM2l_qI.mp4,212.162,212.702,segment_too_short,,cutfix_full_tier1_20260729_01,tier1
Ku0ouM2l_qI,Ku0ouM2l_qI.mp4,216.578,217.406,segment_too_short,,cutfix_full_tier1_20260729_01,tier1
Ku0ouM2l_qI,Ku0ouM2l_qI.mp4,217.89,219.262,segment_too_short,,cutfix_full_tier1_20260729_01,tier1
Ku0ouM2l_qI,Ku0ouM2l_qI.mp4,219.362,220.574,segment_too_short,,cutfix_full_tier1_20260729_01,tier1
Ku0ouM2l_qI,Ku0ouM2l_qI.mp4,220.93,224.03,scene_cut_detected,,cutfix_full_tier1_20260729_01,tier1
Ku0ouM2l_qI,Ku0ouM2l_qI.mp4,224.194,224.51,segment_too_short,,cutfix_full_tier1_20260729_01,tier1
Ku0ouM2l_qI,Ku0ouM2l_qI.mp4,224.802,225.342,segment_too_short,,cutfix_full_tier1_20260729_01,tier1
Ku0ouM2l_qI,Ku0ouM2l_qI.mp4,225.602,229.022,scene_cut_detected,,cutfix_full_tier1_20260729_01,tier1
Ku0ouM2l_qI,Ku0ouM2l_qI.mp4,231.938,234.718,scene_cut_detected,,cutfix_full_tier1_20260729_01,tier1
Ku0ouM2l_qI,Ku0ouM2l_qI.mp4,234.818,236.862,scene_cut_detected,,cutfix_full_tier1_20260729_01,tier1
Ku0ouM2l_qI,Ku0ouM2l_qI.mp4,237.506,238.654,segment_too_short,,cutfix_full_tier1_20260729_01,tier1
Ku0ouM2l_qI,Ku0ouM2l_qI.mp4,238.914,242.718,scene_cut_detected,,cutfix_full_tier1_20260729_01,tier1
Ku0ouM2l_qI,Ku0ouM2l_qI.mp4,243.042,244.99,segment_too_short,,cutfix_full_tier1_20260729_01,tier1
Ku0ouM2l_qI,Ku0ouM2l_qI.mp4,248.706,250.11,segment_too_short,,cutfix_full_tier1_20260729_01,tier1
Ku0ouM2l_qI,Ku0ouM2l_qI.mp4,250.21,252.51,scene_cut_detected,,cutfix_full_tier1_20260729_01,tier1
Ku0ouM2l_qI,Ku0ouM2l_qI.mp4,252.738,258.974,scene_cut_detected,,cutfix_full_tier1_20260729_01,tier1
Ku0ouM2l_qI,Ku0ouM2l_qI.mp4,259.234,270.43,scene_cut_detected,,cutfix_full_tier1_20260729_01,tier1
Ku0ouM2l_qI,Ku0ouM2l_qI.mp4,270.626,271.102,segment_too_short,,cutfix_full_tier1_20260729_01,tier1
Ku0ouM2l_qI,Ku0ouM2l_qI.mp4,271.202,272.382,segment_too_short,,cutfix_full_tier1_20260729_01,tier1
Ku0ouM2l_qI,Ku0ouM2l_qI.mp4,272.706,273.822,segment_too_short,,cutfix_full_tier1_20260729_01,tier1
Ku0ouM2l_qI,Ku0ouM2l_qI.mp4,274.146,275.71,segment_too_short,,cutfix_full_tier1_20260729_01,tier1
Ku0ouM2l_qI,Ku0ouM2l_qI.mp4,275.81,276.126,segment_too_short,,cutfix_full_tier1_20260729_01,tier1
Ku0ouM2l_qI,Ku0ouM2l_qI.mp4,276.45,282.846,scene_cut_detected,,cutfix_full_tier1_20260729_01,tier1
Ku0ouM2l_qI,Ku0ouM2l_qI.mp4,283.234,287.518,scene_cut_detected,,cutfix_full_tier1_20260729_01,tier1
Ku0ouM2l_qI,Ku0ouM2l_qI.mp4,287.778,298.014,scene_cut_detected,,cutfix_full_tier1_20260729_01,tier1
Ku0ouM2l_qI,Ku0ouM2l_qI.mp4,298.818,302.75,scene_cut_detected,,cutfix_full_tier1_20260729_01,tier1
Ku0ouM2l_qI,Ku0ouM2l_qI.mp4,309.026,312.67,scene_cut_detected,,cutfix_full_tier1_20260729_01,tier1
Ku0ouM2l_qI,Ku0ouM2l_qI.mp4,312.93,316.734,scene_cut_detected,,cutfix_full_tier1_20260729_01,tier1
Ku0ouM2l_qI,Ku0ouM2l_qI.mp4,316.93,317.79,segment_too_short,,cutfix_full_tier1_20260729_01,tier1
Ku0ouM2l_qI,Ku0ouM2l_qI.mp4,318.114,319.294,segment_too_short,,cutfix_full_tier1_20260729_01,tier1
Ku0ouM2l_qI,Ku0ouM2l_qI.mp4,322.914,324.67,segment_too_short,,cutfix_full_tier1_20260729_01,tier1
Ku0ouM2l_qI,Ku0ouM2l_qI.mp4,325.09,331.102,scene_cut_detected,,cutfix_full_tier1_20260729_01,tier1
Ku0ouM2l_qI,Ku0ouM2l_qI.mp4,334.722,335.678,segment_too_short,,cutfix_full_tier1_20260729_01,tier1
Ku0ouM2l_qI,Ku0ouM2l_qI.mp4,335.778,346.75,scene_cut_detected,,cutfix_full_tier1_20260729_01,tier1
Ku0ouM2l_qI,Ku0ouM2l_qI.mp4,346.882,352.478,scene_cut_detected,,cutfix_full_tier1_20260729_01,tier1
Ku0ouM2l_qI,Ku0ouM2l_qI.mp4,352.706,356.798,scene_cut_detected,,cutfix_full_tier1_20260729_01,tier1
Ku0ouM2l_qI,Ku0ouM2l_qI.mp4,356.898,360.542,scene_cut_detected,,cutfix_full_tier1_20260729_01,tier1
Ku0ouM2l_qI,Ku0ouM2l_qI.mp4,360.642,369.886,scene_cut_detected,,cutfix_full_tier1_20260729_01,tier1
Ku0ouM2l_qI,Ku0ouM2l_qI.mp4,372.93,376.734,scene_cut_detected,,cutfix_full_tier1_20260729_01,tier1
Ku0ouM2l_qI,Ku0ouM2l_qI.mp4,377.314,380.51,scene_cut_detected,,cutfix_full_tier1_20260729_01,tier1
Ku0ouM2l_qI,Ku0ouM2l_qI.mp4,380.674,381.214,segment_too_short,,cutfix_full_tier1_20260729_01,tier1
Ku0ouM2l_qI,Ku0ouM2l_qI.mp4,381.89,382.654,segment_too_short,,cutfix_full_tier1_20260729_01,tier1
Ku0ouM2l_qI,Ku0ouM2l_qI.mp4,383.906,384.862,segment_too_short,,cutfix_full_tier1_20260729_01,tier1
Ku0ouM2l_qI,Ku0ouM2l_qI.mp4,385.09,386.942,segment_too_short,,cutfix_full_tier1_20260729_01,tier1
Ku0ouM2l_qI,Ku0ouM2l_qI.mp4,391.138,394.366,scene_cut_detected,,cutfix_full_tier1_20260729_01,tier1
Ku0ouM2l_qI,Ku0ouM2l_qI.mp4,394.466,395.806,segment_too_short,,cutfix_full_tier1_20260729_01,tier1
Ku0ouM2l_qI,Ku0ouM2l_qI.mp4,395.906,398.174,scene_cut_detected,,cutfix_full_tier1_20260729_01,tier1
Ku0ouM2l_qI,Ku0ouM2l_qI.mp4,402.05,406.206,scene_cut_detected,,cutfix_full_tier1_20260729_01,tier1
Ku0ouM2l_qI,Ku0ouM2l_qI.mp4,406.466,408.094,segment_too_short,,cutfix_full_tier1_20260729_01,tier1
Ku0ouM2l_qI,Ku0ouM2l_qI.mp4,408.482,409.598,segment_too_short,,cutfix_full_tier1_20260729_01,tier1
Ku0ouM2l_qI,Ku0ouM2l_qI.mp4,410.338,410.878,segment_too_short,,cutfix_full_tier1_20260729_01,tier1
Ku0ouM2l_qI,Ku0ouM2l_qI.mp4,410.978,413.022,scene_cut_detected,,cutfix_full_tier1_20260729_01,tier1
Ku0ouM2l_qI,Ku0ouM2l_qI.mp4,414.338,418.462,scene_cut_detected,,cutfix_full_tier1_20260729_01,tier1
Ku0ouM2l_qI,Ku0ouM2l_qI.mp4,418.658,420.062,segment_too_short,,cutfix_full_tier1_20260729_01,tier1
Ku0ouM2l_qI,Ku0ouM2l_qI.mp4,420.706,422.11,segment_too_short,,cutfix_full_tier1_20260729_01,tier1
Ku0ouM2l_qI,Ku0ouM2l_qI.mp4,426.818,427.198,segment_too_short,,cutfix_full_tier1_20260729_01,tier1
Ku0ouM2l_qI,Ku0ouM2l_qI.mp4,427.778,428.574,segment_too_short,,cutfix_full_tier1_20260729_01,tier1
Ku0ouM2l_qI,Ku0ouM2l_qI.mp4,428.738,431.422,scene_cut_detected,,cutfix_full_tier1_20260729_01,tier1
Ku0ouM2l_qI,Ku0ouM2l_qI.mp4,431.618,435.71,scene_cut_detected,,cutfix_full_tier1_20260729_01,tier1
Ku0ouM2l_qI,Ku0ouM2l_qI.mp4,435.842,436.35,segment_too_short,,cutfix_full_tier1_20260729_01,tier1
Ku0ouM2l_qI,Ku0ouM2l_qI.mp4,436.866,445.662,scene_cut_detected,,cutfix_full_tier1_20260729_01,tier1
Ku0ouM2l_qI,Ku0ouM2l_qI.mp4,446.082,447.262,segment_too_short,,cutfix_full_tier1_20260729_01,tier1
Ku0ouM2l_qI,Ku0ouM2l_qI.mp4,447.362,451.358,scene_cut_detected,,cutfix_full_tier1_20260729_01,tier1
Ku0ouM2l_qI,Ku0ouM2l_qI.mp4,451.49,453.086,segment_too_short,,cutfix_full_tier1_20260729_01,tier1
Ku0ouM2l_qI,Ku0ouM2l_qI.mp4,453.474,456.766,scene_cut_detected,,cutfix_full_tier1_20260729_01,tier1
Ku0ouM2l_qI,Ku0ouM2l_qI.mp4,457.026,457.758,segment_too_short,,cutfix_full_tier1_20260729_01,tier1
Ku0ouM2l_qI,Ku0ouM2l_qI.mp4,457.858,459.966,scene_cut_detected,,cutfix_full_tier1_20260729_01,tier1
Ku0ouM2l_qI,Ku0ouM2l_qI.mp4,460.226,461.438,segment_too_short,,cutfix_full_tier1_20260729_01,tier1
Ku0ouM2l_qI,Ku0ouM2l_qI.mp4,461.57,470.046,scene_cut_detected,,cutfix_full_tier1_20260729_01,tier1
Ku0ouM2l_qI,Ku0ouM2l_qI.mp4,478.562,479.39,segment_too_short,,cutfix_full_tier1_20260729_01,tier1
Ku0ouM2l_qI,Ku0ouM2l_qI.mp4,484.674,486.494,segment_too_short,,cutfix_full_tier1_20260729_01,tier1
Ku0ouM2l_qI,Ku0ouM2l_qI.mp4,486.626,487.038,segment_too_short,,cutfix_full_tier1_20260729_01,tier1
Ku0ouM2l_qI,Ku0ouM2l_qI.mp4,490.914,494.91,scene_cut_detected,,cutfix_full_tier1_20260729_01,tier1
Ku0ouM2l_qI,Ku0ouM2l_qI.mp4,499.202,499.678,segment_too_short,,cutfix_full_tier1_20260729_01,tier1
Ku0ouM2l_qI,Ku0ouM2l_qI.mp4,499.81,500.702,segment_too_short,,cutfix_full_tier1_20260729_01,tier1
Ku0ouM2l_qI,Ku0ouM2l_qI.mp4,500.802,505.342,scene_cut_detected,,cutfix_full_tier1_20260729_01,tier1
Ku0ouM2l_qI,Ku0ouM2l_qI.mp4,505.506,510.59,scene_cut_detected,,cutfix_full_tier1_20260729_01,tier1
Ku0ouM2l_qI,Ku0ouM2l_qI.mp4,513.25,515.518,face_density_low,,cutfix_full_tier1_20260729_01,tier1
Ku0ouM2l_qI,Ku0ouM2l_qI.mp4,515.874,517.214,segment_too_short,,cutfix_full_tier1_20260729_01,tier1
Ku0ouM2l_qI,Ku0ouM2l_qI.mp4,517.442,520.094,scene_cut_detected,,cutfix_full_tier1_20260729_01,tier1
Ku0ouM2l_qI,Ku0ouM2l_qI.mp4,520.674,528.222,scene_cut_detected,,cutfix_full_tier1_20260729_01,tier1
Ku0ouM2l_qI,Ku0ouM2l_qI.mp4,528.418,537.822,scene_cut_detected,,cutfix_full_tier1_20260729_01,tier1
Ku0ouM2l_qI,Ku0ouM2l_qI.mp4,538.434,539.486,segment_too_short,,cutfix_full_tier1_20260729_01,tier1
Ku0ouM2l_qI,Ku0ouM2l_qI.mp4,539.874,545.63,scene_cut_detected,,cutfix_full_tier1_20260729_01,tier1
Ku0ouM2l_qI,Ku0ouM2l_qI.mp4,546.146,546.494,segment_too_short,,cutfix_full_tier1_20260729_01,tier1
Ku0ouM2l_qI,Ku0ouM2l_qI.mp4,551.394,556.446,scene_cut_detected,,cutfix_full_tier1_20260729_01,tier1
Ku0ouM2l_qI,Ku0ouM2l_qI.mp4,564.354,565.63,segment_too_short,,cutfix_full_tier1_20260729_01,tier1
Ku0ouM2l_qI,Ku0ouM2l_qI.mp4,565.858,572.958,scene_cut_detected,,cutfix_full_tier1_20260729_01,tier1
Ku0ouM2l_qI,Ku0ouM2l_qI.mp4,582.306,587.454,scene_cut_detected,,cutfix_full_tier1_20260729_01,tier1
Ku0ouM2l_qI,Ku0ouM2l_qI.mp4,587.554,589.406,segment_too_short,,cutfix_full_tier1_20260729_01,tier1
Ku0ouM2l_qI,Ku0ouM2l_qI.mp4,595.106,605.342,scene_cut_detected,,cutfix_full_tier1_20260729_01,tier1
Ku0ouM2l_qI,Ku0ouM2l_qI.mp4,605.474,613.182,scene_cut_detected,,cutfix_full_tier1_20260729_01,tier1
Ku0ouM2l_qI,Ku0ouM2l_qI.mp4,625.41,625.886,segment_too_short,,cutfix_full_tier1_20260729_01,tier1
Ku0ouM2l_qI,Ku0ouM2l_qI.mp4,626.626,626.974,segment_too_short,,cutfix_full_tier1_20260729_01,tier1
Ku0ouM2l_qI,Ku0ouM2l_qI.mp4,633.154,634.206,segment_too_short,,cutfix_full_tier1_20260729_01,tier1
Ku0ouM2l_qI,Ku0ouM2l_qI.mp4,637.154,638.494,segment_too_short,,cutfix_full_tier1_20260729_01,tier1
Ku0ouM2l_qI,Ku0ouM2l_qI.mp4,638.85,641.438,scene_cut_detected,,cutfix_full_tier1_20260729_01,tier1
Ku0ouM2l_qI,Ku0ouM2l_qI.mp4,641.698,642.59,segment_too_short,,cutfix_full_tier1_20260729_01,tier1
Ku0ouM2l_qI,Ku0ouM2l_qI.mp4,645.794,646.366,segment_too_short,,cutfix_full_tier1_20260729_01,tier1
Ku0ouM2l_qI,Ku0ouM2l_qI.mp4,648.258,648.798,segment_too_short,,cutfix_full_tier1_20260729_01,tier1
Ku0ouM2l_qI,Ku0ouM2l_qI.mp4,650.946,651.422,segment_too_short,,cutfix_full_tier1_20260729_01,tier1
Ku0ouM2l_qI,Ku0ouM2l_qI.mp4,652.674,653.406,segment_too_short,,cutfix_full_tier1_20260729_01,tier1
Ku0ouM2l_qI,Ku0ouM2l_qI.mp4,657.09,657.566,segment_too_short,,cutfix_full_tier1_20260729_01,tier1
Ku0ouM2l_qI,Ku0ouM2l_qI.mp4,661.698,662.59,segment_too_short,,cutfix_full_tier1_20260729_01,tier1
Ku0ouM2l_qI,Ku0ouM2l_qI.mp4,663.682,664.798,segment_too_short,,cutfix_full_tier1_20260729_01,tier1
Ku0ouM2l_qI,Ku0ouM2l_qI.mp4,665.314,665.758,segment_too_short,,cutfix_full_tier1_20260729_01,tier1
Ku0ouM2l_qI,Ku0ouM2l_qI.mp4,665.986,667.038,segment_too_short,,cutfix_full_tier1_20260729_01,tier1
Ku0ouM2l_qI,Ku0ouM2l_qI.mp4,667.906,668.67,segment_too_short,,cutfix_full_tier1_20260729_01,tier1
Ku0ouM2l_qI,Ku0ouM2l_qI.mp4,669.154,670.238,segment_too_short,,cutfix_full_tier1_20260729_01,tier1
Ku0ouM2l_qI,Ku0ouM2l_qI.mp4,674.914,680.766,scene_cut_detected,,cutfix_full_tier1_20260729_01,tier1
Ku0ouM2l_qI,Ku0ouM2l_qI.mp4,680.93,682.174,segment_too_short,,cutfix_full_tier1_20260729_01,tier1
Ku0ouM2l_qI,Ku0ouM2l_qI.mp4,686.914,688.414,segment_too_short,,cutfix_full_tier1_20260729_01,tier1
Ku0ouM2l_qI,Ku0ouM2l_qI.mp4,694.37,695.742,segment_too_short,,cutfix_full_tier1_20260729_01,tier1
Ku0ouM2l_qI,Ku0ouM2l_qI.mp4,696.61,697.694,segment_too_short,,cutfix_full_tier1_20260729_01,tier1
Ku0ouM2l_qI,Ku0ouM2l_qI.mp4,698.37,699.134,segment_too_short,,cutfix_full_tier1_20260729_01,tier1
Ku0ouM2l_qI,Ku0ouM2l_qI.mp4,699.426,699.87,segment_too_short,,cutfix_full_tier1_20260729_01,tier1
Kuz5u9XUxDM,Kuz5u9XUxDM.mp4,0.162,1.758,segment_too_short,,cutfix_full_tier1_20260729_01,tier1
Kuz5u9XUxDM,Kuz5u9XUxDM.mp4,5.922,7.646,segment_too_short,,cutfix_full_tier1_20260729_01,tier1
Kuz5u9XUxDM,Kuz5u9XUxDM.mp4,7.746,8.862,segment_too_short,,cutfix_full_tier1_20260729_01,tier1
Kuz5u9XUxDM,Kuz5u9XUxDM.mp4,8.962,9.534,segment_too_short,,cutfix_full_tier1_20260729_01,tier1
Kuz5u9XUxDM,Kuz5u9XUxDM.mp4,10.114,10.878,segment_too_short,,cutfix_full_tier1_20260729_01,tier1
Kuz5u9XUxDM,Kuz5u9XUxDM.mp4,11.074,12.03,segment_too_short,,cutfix_full_tier1_20260729_01,tier1
Kuz5u9XUxDM,Kuz5u9XUxDM.mp4,12.386,12.99,segment_too_short,,cutfix_full_tier1_20260729_01,tier1
Kuz5u9XUxDM,Kuz5u9XUxDM.mp4,13.602,14.238,segment_too_short,,cutfix_full_tier1_20260729_01,tier1
Kuz5u9XUxDM,Kuz5u9XUxDM.mp4,14.37,15.102,segment_too_short,,cutfix_full_tier1_20260729_01,tier1
Kuz5u9XUxDM,Kuz5u9XUxDM.mp4,15.298,16.318,segment_too_short,,cutfix_full_tier1_20260729_01,tier1
Kuz5u9XUxDM,Kuz5u9XUxDM.mp4,19.746,20.19,segment_too_short,,cutfix_full_tier1_20260729_01,tier1
Kuz5u9XUxDM,Kuz5u9XUxDM.mp4,22.978,24.03,segment_too_short,,cutfix_full_tier1_20260729_01,tier1
Kuz5u9XUxDM,Kuz5u9XUxDM.mp4,24.674,25.758,segment_too_short,,cutfix_full_tier1_20260729_01,tier1
Kuz5u9XUxDM,Kuz5u9XUxDM.mp4,25.954,27.582,segment_too_short,,cutfix_full_tier1_20260729_01,tier1
Kuz5u9XUxDM,Kuz5u9XUxDM.mp4,30.21,30.878,segment_too_short,,cutfix_full_tier1_20260729_01,tier1
Kuz5u9XUxDM,Kuz5u9XUxDM.mp4,30.978,31.646,segment_too_short,,cutfix_full_tier1_20260729_01,tier1
Kuz5u9XUxDM,Kuz5u9XUxDM.mp4,41.922,42.91,segment_too_short,,cutfix_full_tier1_20260729_01,tier1
Kuz5u9XUxDM,Kuz5u9XUxDM.mp4,43.01,43.998,segment_too_short,,cutfix_full_tier1_20260729_01,tier1
Kuz5u9XUxDM,Kuz5u9XUxDM.mp4,44.386,53.278,scene_cut_detected,,cutfix_full_tier1_20260729_01,tier1
Kuz5u9XUxDM,Kuz5u9XUxDM.mp4,53.538,58.538,scene_cut_detected,,cutfix_full_tier1_20260729_01,tier1
Kuz5u9XUxDM,Kuz5u9XUxDM.mp4,57.538,62.538,scene_cut_detected,,cutfix_full_tier1_20260729_01,tier1
Kuz5u9XUxDM,Kuz5u9XUxDM.mp4,66.114,67.678,segment_too_short,,cutfix_full_tier1_20260729_01,tier1
Kuz5u9XUxDM,Kuz5u9XUxDM.mp4,68.258,68.894,segment_too_short,,cutfix_full_tier1_20260729_01,tier1
Kuz5u9XUxDM,Kuz5u9XUxDM.mp4,70.082,70.974,segment_too_short,,cutfix_full_tier1_20260729_01,tier1
Kuz5u9XUxDM,Kuz5u9XUxDM.mp4,74.338,76.254,segment_too_short,,cutfix_full_tier1_20260729_01,tier1
Kuz5u9XUxDM,Kuz5u9XUxDM.mp4,76.354,76.926,segment_too_short,,cutfix_full_tier1_20260729_01,tier1
Kuz5u9XUxDM,Kuz5u9XUxDM.mp4,77.218,83.326,scene_cut_detected,,cutfix_full_tier1_20260729_01,tier1
Kuz5u9XUxDM,Kuz5u9XUxDM.mp4,83.682,85.438,segment_too_short,,cutfix_full_tier1_20260729_01,tier1
Kuz5u9XUxDM,Kuz5u9XUxDM.mp4,86.018,89.982,face_density_low,,cutfix_full_tier1_20260729_01,tier1
Kuz5u9XUxDM,Kuz5u9XUxDM.mp4,90.37,91.102,segment_too_short,,cutfix_full_tier1_20260729_01,tier1
Kuz5u9XUxDM,Kuz5u9XUxDM.mp4,91.682,92.958,segment_too_short,,cutfix_full_tier1_20260729_01,tier1
Kuz5u9XUxDM,Kuz5u9XUxDM.mp4,93.218,96.222,scene_cut_detected,,cutfix_full_tier1_20260729_01,tier1
Kuz5u9XUxDM,Kuz5u9XUxDM.mp4,106.018,112.99,scene_cut_detected,,cutfix_full_tier1_20260729_01,tier1
Kuz5u9XUxDM,Kuz5u9XUxDM.mp4,119.714,120.094,segment_too_short,,cutfix_full_tier1_20260729_01,tier1
Kuz5u9XUxDM,Kuz5u9XUxDM.mp4,121.57,121.918,segment_too_short,,cutfix_full_tier1_20260729_01,tier1
Kuz5u9XUxDM,Kuz5u9XUxDM.mp4,122.178,122.878,segment_too_short,,cutfix_full_tier1_20260729_01,tier1
Kuz5u9XUxDM,Kuz5u9XUxDM.mp4,122.978,123.358,segment_too_short,,cutfix_full_tier1_20260729_01,tier1
Kuz5u9XUxDM,Kuz5u9XUxDM.mp4,123.682,124.318,segment_too_short,,cutfix_full_tier1_20260729_01,tier1
Kuz5u9XUxDM,Kuz5u9XUxDM.mp4,153.186,154.942,segment_too_short,,cutfix_full_tier1_20260729_01,tier1
Kuz5u9XUxDM,Kuz5u9XUxDM.mp4,163.234,163.742,segment_too_short,,cutfix_full_tier1_20260729_01,tier1
Kuz5u9XUxDM,Kuz5u9XUxDM.mp4,172.194,173.566,segment_too_short,,cutfix_full_tier1_20260729_01,tier1
Kuz5u9XUxDM,Kuz5u9XUxDM.mp4,173.73,175.582,segment_too_short,,cutfix_full_tier1_20260729_01,tier1
Kuz5u9XUxDM,Kuz5u9XUxDM.mp4,175.906,186.846,scene_cut_detected,,cutfix_full_tier1_20260729_01,tier1
Kuz5u9XUxDM,Kuz5u9XUxDM.mp4,186.946,187.422,segment_too_short,,cutfix_full_tier1_20260729_01,tier1
Kuz5u9XUxDM,Kuz5u9XUxDM.mp4,191.522,197.022,scene_cut_detected,,cutfix_full_tier1_20260729_01,tier1
Kuz5u9XUxDM,Kuz5u9XUxDM.mp4,197.186,205.854,scene_cut_detected,,cutfix_full_tier1_20260729_01,tier1
Kuz5u9XUxDM,Kuz5u9XUxDM.mp4,213.026,214.686,segment_too_short,,cutfix_full_tier1_20260729_01,tier1
Kuz5u9XUxDM,Kuz5u9XUxDM.mp4,214.818,216.478,segment_too_short,,cutfix_full_tier1_20260729_01,tier1
Kuz5u9XUxDM,Kuz5u9XUxDM.mp4,231.298,232.67,segment_too_short,,cutfix_full_tier1_20260729_01,tier1
Kuz5u9XUxDM,Kuz5u9XUxDM.mp4,240.546,240.894,segment_too_short,,cutfix_full_tier1_20260729_01,tier1
Kuz5u9XUxDM,Kuz5u9XUxDM.mp4,241.09,242.366,segment_too_short,,cutfix_full_tier1_20260729_01,tier1
Kuz5u9XUxDM,Kuz5u9XUxDM.mp4,242.466,244.126,segment_too_short,,cutfix_full_tier1_20260729_01,tier1
Kuz5u9XUxDM,Kuz5u9XUxDM.mp4,309.186,310.334,segment_too_short,,cutfix_full_tier1_20260729_01,tier1
Kuz5u9XUxDM,Kuz5u9XUxDM.mp4,310.498,311.678,segment_too_short,,cutfix_full_tier1_20260729_01,tier1
Kuz5u9XUxDM,Kuz5u9XUxDM.mp4,311.938,313.342,segment_too_short,,cutfix_full_tier1_20260729_01,tier1
Kuz5u9XUxDM,Kuz5u9XUxDM.mp4,317.954,319.39,segment_too_short,,cutfix_full_tier1_20260729_01,tier1
Kuz5u9XUxDM,Kuz5u9XUxDM.mp4,325.026,326.142,segment_too_short,,cutfix_full_tier1_20260729_01,tier1
Kuz5u9XUxDM,Kuz5u9XUxDM.mp4,349.602,350.494,segment_too_short,,cutfix_full_tier1_20260729_01,tier1
Kuz5u9XUxDM,Kuz5u9XUxDM.mp4,350.594,351.39,segment_too_short,,cutfix_full_tier1_20260729_01,tier1
Kuz5u9XUxDM,Kuz5u9XUxDM.mp4,375.202,376.222,segment_too_short,,cutfix_full_tier1_20260729_01,tier1
Kuz5u9XUxDM,Kuz5u9XUxDM.mp4,419.202,421.054,segment_too_short,,cutfix_full_tier1_20260729_01,tier1
Kuz5u9XUxDM,Kuz5u9XUxDM.mp4,421.538,424.062,face_density_low,,cutfix_full_tier1_20260729_01,tier1
Kuz5u9XUxDM,Kuz5u9XUxDM.mp4,424.194,433.022,face_density_low,,cutfix_full_tier1_20260729_01,tier1
Kuz5u9XUxDM,Kuz5u9XUxDM.mp4,437.986,438.654,segment_too_short,,cutfix_full_tier1_20260729_01,tier1
Kuz5u9XUxDM,Kuz5u9XUxDM.mp4,439.042,443.774,scene_cut_detected,,cutfix_full_tier1_20260729_01,tier1
Kuz5u9XUxDM,Kuz5u9XUxDM.mp4,446.53,447.774,segment_too_short,,cutfix_full_tier1_20260729_01,tier1
Kuz5u9XUxDM,Kuz5u9XUxDM.mp4,456.258,456.894,segment_too_short,,cutfix_full_tier1_20260729_01,tier1
Kuz5u9XUxDM,Kuz5u9XUxDM.mp4,457.218,457.918,segment_too_short,,cutfix_full_tier1_20260729_01,tier1
Kuz5u9XUxDM,Kuz5u9XUxDM.mp4,458.018,459.102,segment_too_short,,cutfix_full_tier1_20260729_01,tier1
Kuz5u9XUxDM,Kuz5u9XUxDM.mp4,481.154,481.918,segment_too_short,,cutfix_full_tier1_20260729_01,tier1
Kuz5u9XUxDM,Kuz5u9XUxDM.mp4,486.05,486.846,segment_too_short,,cutfix_full_tier1_20260729_01,tier1
Kuz5u9XUxDM,Kuz5u9XUxDM.mp4,487.266,487.966,segment_too_short,,cutfix_full_tier1_20260729_01,tier1
Kuz5u9XUxDM,Kuz5u9XUxDM.mp4,488.29,488.99,segment_too_short,,cutfix_full_tier1_20260729_01,tier1
Kuz5u9XUxDM,Kuz5u9XUxDM.mp4,495.298,497.15,segment_too_short,,cutfix_full_tier1_20260729_01,tier1
Kuz5u9XUxDM,Kuz5u9XUxDM.mp4,516.034,516.862,segment_too_short,,cutfix_full_tier1_20260729_01,tier1
Kuz5u9XUxDM,Kuz5u9XUxDM.mp4,530.914,532.446,segment_too_short,,cutfix_full_tier1_20260729_01,tier1
Kuz5u9XUxDM,Kuz5u9XUxDM.mp4,538.658,539.166,segment_too_short,,cutfix_full_tier1_20260729_01,tier1
Kuz5u9XUxDM,Kuz5u9XUxDM.mp4,539.33,541.054,segment_too_short,,cutfix_full_tier1_20260729_01,tier1
Kuz5u9XUxDM,Kuz5u9XUxDM.mp4,541.41,541.79,segment_too_short,,cutfix_full_tier1_20260729_01,tier1
Kuz5u9XUxDM,Kuz5u9XUxDM.mp4,541.986,543.71,segment_too_short,,cutfix_full_tier1_20260729_01,tier1
Kuz5u9XUxDM,Kuz5u9XUxDM.mp4,572.162,573.854,segment_too_short,,cutfix_full_tier1_20260729_01,tier1
Kuz5u9XUxDM,Kuz5u9XUxDM.mp4,574.018,575.71,segment_too_short,,cutfix_full_tier1_20260729_01,tier1
Kuz5u9XUxDM,Kuz5u9XUxDM.mp4,576.13,578.014,segment_too_short,,cutfix_full_tier1_20260729_01,tier1
Kuz5u9XUxDM,Kuz5u9XUxDM.mp4,578.402,579.678,segment_too_short,,cutfix_full_tier1_20260729_01,tier1
Kuz5u9XUxDM,Kuz5u9XUxDM.mp4,584.802,585.694,segment_too_short,,cutfix_full_tier1_20260729_01,tier1
Kuz5u9XUxDM,Kuz5u9XUxDM.mp4,585.954,587.902,segment_too_short,,cutfix_full_tier1_20260729_01,tier1
Kuz5u9XUxDM,Kuz5u9XUxDM.mp4,603.746,605.502,segment_too_short,,cutfix_full_tier1_20260729_01,tier1
Kuz5u9XUxDM,Kuz5u9XUxDM.mp4,605.666,606.334,segment_too_short,,cutfix_full_tier1_20260729_01,tier1
Kx_k2LsAu2A,Kx_k2LsAu2A.mp4,12.002,13.086,segment_too_short,,cutfix_full_tier1_20260729_01,tier1
Kx_k2LsAu2A,Kx_k2LsAu2A.mp4,20.706,22.494,segment_too_short,,cutfix_full_tier1_20260729_01,tier1
Kx_k2LsAu2A,Kx_k2LsAu2A.mp4,24.386,29.438,scene_cut_detected,,cutfix_full_tier1_20260729_01,tier1
Kx_k2LsAu2A,Kx_k2LsAu2A.mp4,30.914,35.902,scene_cut_detected,,cutfix_full_tier1_20260729_01,tier1
Kx_k2LsAu2A,Kx_k2LsAu2A.mp4,36.578,40.926,scene_cut_detected,,cutfix_full_tier1_20260729_01,tier1
Kx_k2LsAu2A,Kx_k2LsAu2A.mp4,41.986,44.766,scene_cut_detected,,cutfix_full_tier1_20260729_01,tier1
Kx_k2LsAu2A,Kx_k2LsAu2A.mp4,47.266,48.158,segment_too_short,,cutfix_full_tier1_20260729_01,tier1
Kx_k2LsAu2A,Kx_k2LsAu2A.mp4,53.506,54.75,segment_too_short,,cutfix_full_tier1_20260729_01,tier1
Kx_k2LsAu2A,Kx_k2LsAu2A.mp4,81.218,86.218,face_density_low,,cutfix_full_tier1_20260729_01,tier1
Kx_k2LsAu2A,Kx_k2LsAu2A.mp4,85.218,90.218,scene_cut_detected,,cutfix_full_tier1_20260729_01,tier1
Kx_k2LsAu2A,Kx_k2LsAu2A.mp4,89.218,94.218,scene_cut_detected,,cutfix_full_tier1_20260729_01,tier1
Kx_k2LsAu2A,Kx_k2LsAu2A.mp4,93.218,98.218,scene_cut_detected,,cutfix_full_tier1_20260729_01,tier1
Kx_k2LsAu2A,Kx_k2LsAu2A.mp4,97.218,102.218,scene_cut_detected,,cutfix_full_tier1_20260729_01,tier1
Kx_k2LsAu2A,Kx_k2LsAu2A.mp4,101.218,106.218,scene_cut_detected,,cutfix_full_tier1_20260729_01,tier1
Kx_k2LsAu2A,Kx_k2LsAu2A.mp4,105.218,110.218,scene_cut_detected,,cutfix_full_tier1_20260729_01,tier1
Kx_k2LsAu2A,Kx_k2LsAu2A.mp4,109.218,114.218,face_density_low,,cutfix_full_tier1_20260729_01,tier1
Kx_k2LsAu2A,Kx_k2LsAu2A.mp4,113.218,118.218,scene_cut_detected,,cutfix_full_tier1_20260729_01,tier1
Kx_k2LsAu2A,Kx_k2LsAu2A.mp4,117.218,122.218,scene_cut_detected,,cutfix_full_tier1_20260729_01,tier1
Kx_k2LsAu2A,Kx_k2LsAu2A.mp4,121.218,126.218,scene_cut_detected,,cutfix_full_tier1_20260729_01,tier1
Kx_k2LsAu2A,Kx_k2LsAu2A.mp4,125.218,130.218,scene_cut_detected,,cutfix_full_tier1_20260729_01,tier1
Kx_k2LsAu2A,Kx_k2LsAu2A.mp4,129.218,134.218,scene_cut_detected,,cutfix_full_tier1_20260729_01,tier1
Kx_k2LsAu2A,Kx_k2LsAu2A.mp4,133.218,138.218,scene_cut_detected,,cutfix_full_tier1_20260729_01,tier1
Kx_k2LsAu2A,Kx_k2LsAu2A.mp4,137.218,142.218,scene_cut_detected,,cutfix_full_tier1_20260729_01,tier1
Kx_k2LsAu2A,Kx_k2LsAu2A.mp4,141.218,145.566,scene_cut_detected,,cutfix_full_tier1_20260729_01,tier1
Kx_k2LsAu2A,Kx_k2LsAu2A.mp4,146.114,151.114,scene_cut_detected,,cutfix_full_tier1_20260729_01,tier1
Kx_k2LsAu2A,Kx_k2LsAu2A.mp4,150.114,155.114,scene_cut_detected,,cutfix_full_tier1_20260729_01,tier1
Kx_k2LsAu2A,Kx_k2LsAu2A.mp4,154.114,159.114,scene_cut_detected,,cutfix_full_tier1_20260729_01,tier1
Kx_k2LsAu2A,Kx_k2LsAu2A.mp4,158.114,163.114,scene_cut_detected,,cutfix_full_tier1_20260729_01,tier1
Kx_k2LsAu2A,Kx_k2LsAu2A.mp4,162.114,167.114,scene_cut_detected,,cutfix_full_tier1_20260729_01,tier1
Kx_k2LsAu2A,Kx_k2LsAu2A.mp4,166.114,171.114,scene_cut_detected,,cutfix_full_tier1_20260729_01,tier1
Kx_k2LsAu2A,Kx_k2LsAu2A.mp4,170.114,175.114,scene_cut_detected,,cutfix_full_tier1_20260729_01,tier1
Kx_k2LsAu2A,Kx_k2LsAu2A.mp4,184.514,189.514,face_density_low,,cutfix_full_tier1_20260729_01,tier1
Kx_k2LsAu2A,Kx_k2LsAu2A.mp4,188.514,193.514,scene_cut_detected,,cutfix_full_tier1_20260729_01,tier1
Kx_k2LsAu2A,Kx_k2LsAu2A.mp4,192.514,197.514,scene_cut_detected,,cutfix_full_tier1_20260729_01,tier1
Kx_k2LsAu2A,Kx_k2LsAu2A.mp4,200.514,205.514,scene_cut_detected,,cutfix_full_tier1_20260729_01,tier1
Kx_k2LsAu2A,Kx_k2LsAu2A.mp4,204.514,209.514,scene_cut_detected,,cutfix_full_tier1_20260729_01,tier1
Kx_k2LsAu2A,Kx_k2LsAu2A.mp4,208.514,213.514,scene_cut_detected,,cutfix_full_tier1_20260729_01,tier1
Kx_k2LsAu2A,Kx_k2LsAu2A.mp4,212.514,217.514,face_density_low,,cutfix_full_tier1_20260729_01,tier1
Kx_k2LsAu2A,Kx_k2LsAu2A.mp4,226.594,238.526,scene_cut_detected,,cutfix_full_tier1_20260729_01,tier1
Kx_k2LsAu2A,Kx_k2LsAu2A.mp4,242.018,249.95,scene_cut_detected,,cutfix_full_tier1_20260729_01,tier1
Kx_k2LsAu2A,Kx_k2LsAu2A.mp4,250.114,250.782,segment_too_short,,cutfix_full_tier1_20260729_01,tier1
Kx_k2LsAu2A,Kx_k2LsAu2A.mp4,259.298,264.298,scene_cut_detected,,cutfix_full_tier1_20260729_01,tier1
Kx_k2LsAu2A,Kx_k2LsAu2A.mp4,263.298,268.298,scene_cut_detected,,cutfix_full_tier1_20260729_01,tier1
Kx_k2LsAu2A,Kx_k2LsAu2A.mp4,267.298,272.298,scene_cut_detected,,cutfix_full_tier1_20260729_01,tier1
Kx_k2LsAu2A,Kx_k2LsAu2A.mp4,271.298,276.298,scene_cut_detected,,cutfix_full_tier1_20260729_01,tier1
Kx_k2LsAu2A,Kx_k2LsAu2A.mp4,276.77,287.998,scene_cut_detected,,cutfix_full_tier1_20260729_01,tier1
Kx_k2LsAu2A,Kx_k2LsAu2A.mp4,288.866,289.31,segment_too_short,,cutfix_full_tier1_20260729_01,tier1
Kx_k2LsAu2A,Kx_k2LsAu2A.mp4,290.978,291.326,segment_too_short,,cutfix_full_tier1_20260729_01,tier1
Kx_k2LsAu2A,Kx_k2LsAu2A.mp4,299.586,304.586,scene_cut_detected,,cutfix_full_tier1_20260729_01,tier1
Kx_k2LsAu2A,Kx_k2LsAu2A.mp4,307.426,308.894,segment_too_short,,cutfix_full_tier1_20260729_01,tier1
Kx_k2LsAu2A,Kx_k2LsAu2A.mp4,327.938,332.938,scene_cut_detected,,cutfix_full_tier1_20260729_01,tier1
Kx_k2LsAu2A,Kx_k2LsAu2A.mp4,331.938,336.938,scene_cut_detected,,cutfix_full_tier1_20260729_01,tier1
Kx_k2LsAu2A,Kx_k2LsAu2A.mp4,335.938,340.938,scene_cut_detected,,cutfix_full_tier1_20260729_01,tier1
Kx_k2LsAu2A,Kx_k2LsAu2A.mp4,339.938,344.938,scene_cut_detected,,cutfix_full_tier1_20260729_01,tier1
Kx_k2LsAu2A,Kx_k2LsAu2A.mp4,343.938,348.938,scene_cut_detected,,cutfix_full_tier1_20260729_01,tier1
Kx_k2LsAu2A,Kx_k2LsAu2A.mp4,347.938,352.938,scene_cut_detected,,cutfix_full_tier1_20260729_01,tier1
Kx_k2LsAu2A,Kx_k2LsAu2A.mp4,351.938,356.938,scene_cut_detected,,cutfix_full_tier1_20260729_01,tier1
Kx_k2LsAu2A,Kx_k2LsAu2A.mp4,355.938,360.938,scene_cut_detected,,cutfix_full_tier1_20260729_01,tier1
Kx_k2LsAu2A,Kx_k2LsAu2A.mp4,359.938,364.938,scene_cut_detected,,cutfix_full_tier1_20260729_01,tier1
Kx_k2LsAu2A,Kx_k2LsAu2A.mp4,367.938,371.166,scene_cut_detected,,cutfix_full_tier1_20260729_01,tier1
Kx_k2LsAu2A,Kx_k2LsAu2A.mp4,394.018,394.526,segment_too_short,,cutfix_full_tier1_20260729_01,tier1
Kx_k2LsAu2A,Kx_k2LsAu2A.mp4,395.618,400.618,scene_cut_detected,,cutfix_full_tier1_20260729_01,tier1
Kx_k2LsAu2A,Kx_k2LsAu2A.mp4,399.618,404.618,scene_cut_detected,,cutfix_full_tier1_20260729_01,tier1
Kx_k2LsAu2A,Kx_k2LsAu2A.mp4,410.946,415.946,scene_cut_detected,,cutfix_full_tier1_20260729_01,tier1
Kx_k2LsAu2A,Kx_k2LsAu2A.mp4,418.946,423.946,scene_cut_detected,,cutfix_full_tier1_20260729_01,tier1
Kx_k2LsAu2A,Kx_k2LsAu2A.mp4,422.946,427.946,scene_cut_detected,,cutfix_full_tier1_20260729_01,tier1
Kx_k2LsAu2A,Kx_k2LsAu2A.mp4,430.946,435.946,scene_cut_detected,,cutfix_full_tier1_20260729_01,tier1
Kx_k2LsAu2A,Kx_k2LsAu2A.mp4,434.946,439.946,scene_cut_detected,,cutfix_full_tier1_20260729_01,tier1
Kx_k2LsAu2A,Kx_k2LsAu2A.mp4,442.946,447.946,scene_cut_detected,,cutfix_full_tier1_20260729_01,tier1
Kx_k2LsAu2A,Kx_k2LsAu2A.mp4,446.946,451.946,scene_cut_detected,,cutfix_full_tier1_20260729_01,tier1
Kx_k2LsAu2A,Kx_k2LsAu2A.mp4,450.946,455.946,scene_cut_detected,,cutfix_full_tier1_20260729_01,tier1
Kx_k2LsAu2A,Kx_k2LsAu2A.mp4,486.402,487.326,segment_too_short,,cutfix_full_tier1_20260729_01,tier1
Kx_k2LsAu2A,Kx_k2LsAu2A.mp4,508.386,510.206,segment_too_short,,cutfix_full_tier1_20260729_01,tier1
Kx_k2LsAu2A,Kx_k2LsAu2A.mp4,510.37,515.37,scene_cut_detected,,cutfix_full_tier1_20260729_01,tier1
Kx_k2LsAu2A,Kx_k2LsAu2A.mp4,514.37,519.37,scene_cut_detected,,cutfix_full_tier1_20260729_01,tier1
Kx_k2LsAu2A,Kx_k2LsAu2A.mp4,518.37,523.37,scene_cut_detected,,cutfix_full_tier1_20260729_01,tier1
Kx_k2LsAu2A,Kx_k2LsAu2A.mp4,522.37,527.37,scene_cut_detected,,cutfix_full_tier1_20260729_01,tier1
Kx_k2LsAu2A,Kx_k2LsAu2A.mp4,527.97,532.97,face_density_low,,cutfix_full_tier1_20260729_01,tier1
Kx_k2LsAu2A,Kx_k2LsAu2A.mp4,531.97,536.97,scene_cut_detected,,cutfix_full_tier1_20260729_01,tier1
Kx_k2LsAu2A,Kx_k2LsAu2A.mp4,550.69,555.69,scene_cut_detected,,cutfix_full_tier1_20260729_01,tier1
Kx_k2LsAu2A,Kx_k2LsAu2A.mp4,562.69,565.246,scene_cut_detected,,cutfix_full_tier1_20260729_01,tier1
Kx_k2LsAu2A,Kx_k2LsAu2A.mp4,575.266,577.182,segment_too_short,,cutfix_full_tier1_20260729_01,tier1
Kx_k2LsAu2A,Kx_k2LsAu2A.mp4,584.962,589.982,scene_cut_detected,,cutfix_full_tier1_20260729_01,tier1
Kx_k2LsAu2A,Kx_k2LsAu2A.mp4,590.146,590.494,segment_too_short,,cutfix_full_tier1_20260729_01,tier1
Kx_k2LsAu2A,Kx_k2LsAu2A.mp4,590.754,591.582,segment_too_short,,cutfix_full_tier1_20260729_01,tier1
Kx_k2LsAu2A,Kx_k2LsAu2A.mp4,591.746,596.746,scene_cut_detected,,cutfix_full_tier1_20260729_01,tier1
Kx_k2LsAu2A,Kx_k2LsAu2A.mp4,595.746,600.746,face_density_low,,cutfix_full_tier1_20260729_01,tier1
Kx_k2LsAu2A,Kx_k2LsAu2A.mp4,603.746,608.746,scene_cut_detected,,cutfix_full_tier1_20260729_01,tier1
Kx_k2LsAu2A,Kx_k2LsAu2A.mp4,607.746,612.746,face_density_low,,cutfix_full_tier1_20260729_01,tier1
Kx_k2LsAu2A,Kx_k2LsAu2A.mp4,611.746,616.746,scene_cut_detected,,cutfix_full_tier1_20260729_01,tier1
Kx_k2LsAu2A,Kx_k2LsAu2A.mp4,617.794,619.038,segment_too_short,,cutfix_full_tier1_20260729_01,tier1
Kx_k2LsAu2A,Kx_k2LsAu2A.mp4,634.978,636.158,segment_too_short,,cutfix_full_tier1_20260729_01,tier1
Kx_k2LsAu2A,Kx_k2LsAu2A.mp4,636.29,637.758,segment_too_short,,cutfix_full_tier1_20260729_01,tier1
Kx_k2LsAu2A,Kx_k2LsAu2A.mp4,637.858,639.294,segment_too_short,,cutfix_full_tier1_20260729_01,tier1
Kx_k2LsAu2A,Kx_k2LsAu2A.mp4,641.25,646.25,face_density_low,,cutfix_full_tier1_20260729_01,tier1
Kx_k2LsAu2A,Kx_k2LsAu2A.mp4,645.25,650.25,face_density_low,,cutfix_full_tier1_20260729_01,tier1
Kx_k2LsAu2A,Kx_k2LsAu2A.mp4,649.25,654.25,scene_cut_detected,,cutfix_full_tier1_20260729_01,tier1
Kx_k2LsAu2A,Kx_k2LsAu2A.mp4,653.25,658.25,scene_cut_detected,,cutfix_full_tier1_20260729_01,tier1
Kx_k2LsAu2A,Kx_k2LsAu2A.mp4,657.25,662.25,scene_cut_detected,,cutfix_full_tier1_20260729_01,tier1
Kx_k2LsAu2A,Kx_k2LsAu2A.mp4,661.25,666.25,scene_cut_detected,,cutfix_full_tier1_20260729_01,tier1
Kx_k2LsAu2A,Kx_k2LsAu2A.mp4,665.25,670.25,scene_cut_detected,,cutfix_full_tier1_20260729_01,tier1
Kx_k2LsAu2A,Kx_k2LsAu2A.mp4,669.25,674.25,scene_cut_detected,,cutfix_full_tier1_20260729_01,tier1
Kx_k2LsAu2A,Kx_k2LsAu2A.mp4,673.25,678.25,face_density_low,,cutfix_full_tier1_20260729_01,tier1
Kx_k2LsAu2A,Kx_k2LsAu2A.mp4,681.25,686.25,scene_cut_detected,,cutfix_full_tier1_20260729_01,tier1
Kx_k2LsAu2A,Kx_k2LsAu2A.mp4,685.25,690.25,scene_cut_detected,,cutfix_full_tier1_20260729_01,tier1
Kx_k2LsAu2A,Kx_k2LsAu2A.mp4,689.25,694.25,scene_cut_detected,,cutfix_full_tier1_20260729_01,tier1
Kx_k2LsAu2A,Kx_k2LsAu2A.mp4,724.77,729.77,face_density_low,,cutfix_full_tier1_20260729_01,tier1
Kx_k2LsAu2A,Kx_k2LsAu2A.mp4,728.77,733.77,face_density_low,,cutfix_full_tier1_20260729_01,tier1
Kx_k2LsAu2A,Kx_k2LsAu2A.mp4,732.77,737.77,face_density_low,,cutfix_full_tier1_20260729_01,tier1
Kx_k2LsAu2A,Kx_k2LsAu2A.mp4,736.77,741.77,face_density_low,,cutfix_full_tier1_20260729_01,tier1
Kx_k2LsAu2A,Kx_k2LsAu2A.mp4,740.77,745.77,face_density_low,,cutfix_full_tier1_20260729_01,tier1
Kx_k2LsAu2A,Kx_k2LsAu2A.mp4,744.77,749.77,scene_cut_detected,,cutfix_full_tier1_20260729_01,tier1
Kx_k2LsAu2A,Kx_k2LsAu2A.mp4,748.77,753.77,scene_cut_detected,,cutfix_full_tier1_20260729_01,tier1
Kx_k2LsAu2A,Kx_k2LsAu2A.mp4,752.77,757.77,scene_cut_detected,,cutfix_full_tier1_20260729_01,tier1
Kx_k2LsAu2A,Kx_k2LsAu2A.mp4,756.77,761.77,face_density_low,,cutfix_full_tier1_20260729_01,tier1
Kx_k2LsAu2A,Kx_k2LsAu2A.mp4,760.77,765.77,scene_cut_detected,,cutfix_full_tier1_20260729_01,tier1
Kx_k2LsAu2A,Kx_k2LsAu2A.mp4,764.77,769.77,scene_cut_detected,,cutfix_full_tier1_20260729_01,tier1
Kx_k2LsAu2A,Kx_k2LsAu2A.mp4,768.77,773.77,scene_cut_detected,,cutfix_full_tier1_20260729_01,tier1
Kx_k2LsAu2A,Kx_k2LsAu2A.mp4,772.77,777.77,scene_cut_detected,,cutfix_full_tier1_20260729_01,tier1
Kx_k2LsAu2A,Kx_k2LsAu2A.mp4,776.77,781.77,scene_cut_detected,,cutfix_full_tier1_20260729_01,tier1
Kx_k2LsAu2A,Kx_k2LsAu2A.mp4,780.77,785.77,scene_cut_detected,,cutfix_full_tier1_20260729_01,tier1
Kx_k2LsAu2A,Kx_k2LsAu2A.mp4,784.77,789.77,scene_cut_detected,,cutfix_full_tier1_20260729_01,tier1
Kx_k2LsAu2A,Kx_k2LsAu2A.mp4,788.77,793.77,scene_cut_detected,,cutfix_full_tier1_20260729_01,tier1
Kx_k2LsAu2A,Kx_k2LsAu2A.mp4,792.77,795.838,scene_cut_detected,,cutfix_full_tier1_20260729_01,tier1
Kx_k2LsAu2A,Kx_k2LsAu2A.mp4,805.666,806.27,segment_too_short,,cutfix_full_tier1_20260729_01,tier1
Kx_k2LsAu2A,Kx_k2LsAu2A.mp4,806.562,811.562,scene_cut_detected,,cutfix_full_tier1_20260729_01,tier1
Kx_k2LsAu2A,Kx_k2LsAu2A.mp4,810.562,815.562,scene_cut_detected,,cutfix_full_tier1_20260729_01,tier1
Kx_k2LsAu2A,Kx_k2LsAu2A.mp4,814.562,819.562,scene_cut_detected,,cutfix_full_tier1_20260729_01,tier1
Kx_k2LsAu2A,Kx_k2LsAu2A.mp4,818.562,823.562,scene_cut_detected,,cutfix_full_tier1_20260729_01,tier1
Kx_k2LsAu2A,Kx_k2LsAu2A.mp4,822.562,827.562,face_density_low,,cutfix_full_tier1_20260729_01,tier1
Kx_k2LsAu2A,Kx_k2LsAu2A.mp4,826.562,831.562,scene_cut_detected,,cutfix_full_tier1_20260729_01,tier1
Kx_k2LsAu2A,Kx_k2LsAu2A.mp4,830.562,835.562,scene_cut_detected,,cutfix_full_tier1_20260729_01,tier1
Kx_k2LsAu2A,Kx_k2LsAu2A.mp4,834.562,839.562,scene_cut_detected,,cutfix_full_tier1_20260729_01,tier1
Kx_k2LsAu2A,Kx_k2LsAu2A.mp4,838.562,843.562,scene_cut_detected,,cutfix_full_tier1_20260729_01,tier1
Kx_k2LsAu2A,Kx_k2LsAu2A.mp4,842.562,847.562,scene_cut_detected,,cutfix_full_tier1_20260729_01,tier1
Kx_k2LsAu2A,Kx_k2LsAu2A.mp4,846.562,851.562,scene_cut_detected,,cutfix_full_tier1_20260729_01,tier1
Kx_k2LsAu2A,Kx_k2LsAu2A.mp4,850.562,855.562,scene_cut_detected,,cutfix_full_tier1_20260729_01,tier1
Kx_k2LsAu2A,Kx_k2LsAu2A.mp4,854.562,857.534,face_density_low,,cutfix_full_tier1_20260729_01,tier1
Kx_k2LsAu2A,Kx_k2LsAu2A.mp4,857.666,862.666,scene_cut_detected,,cutfix_full_tier1_20260729_01,tier1
Kx_k2LsAu2A,Kx_k2LsAu2A.mp4,865.666,870.666,scene_cut_detected,,cutfix_full_tier1_20260729_01,tier1
Kx_k2LsAu2A,Kx_k2LsAu2A.mp4,869.666,874.666,scene_cut_detected,,cutfix_full_tier1_20260729_01,tier1
Kx_k2LsAu2A,Kx_k2LsAu2A.mp4,873.666,878.666,face_density_low,,cutfix_full_tier1_20260729_01,tier1
Kx_k2LsAu2A,Kx_k2LsAu2A.mp4,877.666,882.666,face_density_low,,cutfix_full_tier1_20260729_01,tier1
Kx_k2LsAu2A,Kx_k2LsAu2A.mp4,914.658,919.658,scene_cut_detected,,cutfix_full_tier1_20260729_01,tier1
Kx_k2LsAu2A,Kx_k2LsAu2A.mp4,918.658,923.658,scene_cut_detected,,cutfix_full_tier1_20260729_01,tier1
Kx_k2LsAu2A,Kx_k2LsAu2A.mp4,922.658,927.658,scene_cut_detected,,cutfix_full_tier1_20260729_01,tier1
Kx_k2LsAu2A,Kx_k2LsAu2A.mp4,926.658,931.658,scene_cut_detected,,cutfix_full_tier1_20260729_01,tier1
Kx_k2LsAu2A,Kx_k2LsAu2A.mp4,930.658,935.658,face_density_low,,cutfix_full_tier1_20260729_01,tier1
Kx_k2LsAu2A,Kx_k2LsAu2A.mp4,936.962,938.494,segment_too_short,,cutfix_full_tier1_20260729_01,tier1
Kx_k2LsAu2A,Kx_k2LsAu2A.mp4,938.594,945.79,scene_cut_detected,,cutfix_full_tier1_20260729_01,tier1
Kx_k2LsAu2A,Kx_k2LsAu2A.mp4,946.594,947.422,segment_too_short,,cutfix_full_tier1_20260729_01,tier1
Kx_k2LsAu2A,Kx_k2LsAu2A.mp4,953.986,954.878,segment_too_short,,cutfix_full_tier1_20260729_01,tier1
Kx_k2LsAu2A,Kx_k2LsAu2A.mp4,974.85,975.55,segment_too_short,,cutfix_full_tier1_20260729_01,tier1
Kx_k2LsAu2A,Kx_k2LsAu2A.mp4,984.162,984.926,segment_too_short,,cutfix_full_tier1_20260729_01,tier1
Kx_k2LsAu2A,Kx_k2LsAu2A.mp4,985.058,990.058,scene_cut_detected,,cutfix_full_tier1_20260729_01,tier1
Kx_k2LsAu2A,Kx_k2LsAu2A.mp4,989.058,994.058,scene_cut_detected,,cutfix_full_tier1_20260729_01,tier1
Kx_k2LsAu2A,Kx_k2LsAu2A.mp4,993.058,998.058,scene_cut_detected,,cutfix_full_tier1_20260729_01,tier1
Kx_k2LsAu2A,Kx_k2LsAu2A.mp4,997.058,1002.058,scene_cut_detected,,cutfix_full_tier1_20260729_01,tier1
Kx_k2LsAu2A,Kx_k2LsAu2A.mp4,1001.058,1004.51,scene_cut_detected,,cutfix_full_tier1_20260729_01,tier1
Kx_k2LsAu2A,Kx_k2LsAu2A.mp4,1004.642,1013.63,scene_cut_detected,,cutfix_full_tier1_20260729_01,tier1
Kx_k2LsAu2A,Kx_k2LsAu2A.mp4,1030.082,1035.082,scene_cut_detected,,cutfix_full_tier1_20260729_01,tier1
Kx_k2LsAu2A,Kx_k2LsAu2A.mp4,1034.082,1039.082,scene_cut_detected,,cutfix_full_tier1_20260729_01,tier1
Kx_k2LsAu2A,Kx_k2LsAu2A.mp4,1038.082,1043.082,scene_cut_detected,,cutfix_full_tier1_20260729_01,tier1
Kx_k2LsAu2A,Kx_k2LsAu2A.mp4,1042.082,1047.082,face_density_low,,cutfix_full_tier1_20260729_01,tier1
Kx_k2LsAu2A,Kx_k2LsAu2A.mp4,1053.73,1058.73,scene_cut_detected,,cutfix_full_tier1_20260729_01,tier1
Kx_k2LsAu2A,Kx_k2LsAu2A.mp4,1083.426,1088.426,scene_cut_detected,,cutfix_full_tier1_20260729_01,tier1
Kx_k2LsAu2A,Kx_k2LsAu2A.mp4,1095.426,1100.426,scene_cut_detected,,cutfix_full_tier1_20260729_01,tier1
Kx_k2LsAu2A,Kx_k2LsAu2A.mp4,1099.426,1104.426,scene_cut_detected,,cutfix_full_tier1_20260729_01,tier1
Kx_k2LsAu2A,Kx_k2LsAu2A.mp4,1103.426,1108.426,scene_cut_detected,,cutfix_full_tier1_20260729_01,tier1
Kx_k2LsAu2A,Kx_k2LsAu2A.mp4,1111.874,1112.574,segment_too_short,,cutfix_full_tier1_20260729_01,tier1
Kx_k2LsAu2A,Kx_k2LsAu2A.mp4,1125.058,1130.058,scene_cut_detected,,cutfix_full_tier1_20260729_01,tier1
Kx_k2LsAu2A,Kx_k2LsAu2A.mp4,1129.058,1134.058,scene_cut_detected,,cutfix_full_tier1_20260729_01,tier1
Kx_k2LsAu2A,Kx_k2LsAu2A.mp4,1137.058,1142.058,scene_cut_detected,,cutfix_full_tier1_20260729_01,tier1
Kx_k2LsAu2A,Kx_k2LsAu2A.mp4,1141.058,1144.862,face_density_low,,cutfix_full_tier1_20260729_01,tier1
Kx_k2LsAu2A,Kx_k2LsAu2A.mp4,1145.09,1156.126,scene_cut_detected,,cutfix_full_tier1_20260729_01,tier1
Lfs_5zAu2xE,Lfs_5zAu2xE.mp4,14.402,16.286,segment_too_short,,cutfix_full_tier1_20260729_01,tier1
Lfs_5zAu2xE,Lfs_5zAu2xE.mp4,24.578,35.71,scene_cut_detected,,cutfix_full_tier1_20260729_01,tier1
Lfs_5zAu2xE,Lfs_5zAu2xE.mp4,76.834,78.366,segment_too_short,,cutfix_full_tier1_20260729_01,tier1
Lfs_5zAu2xE,Lfs_5zAu2xE.mp4,99.842,106.462,scene_cut_detected,,cutfix_full_tier1_20260729_01,tier1
Lfs_5zAu2xE,Lfs_5zAu2xE.mp4,107.522,114.558,face_density_low,,cutfix_full_tier1_20260729_01,tier1
Lfs_5zAu2xE,Lfs_5zAu2xE.mp4,114.754,118.302,face_density_low,,cutfix_full_tier1_20260729_01,tier1
Lfs_5zAu2xE,Lfs_5zAu2xE.mp4,118.722,125.022,face_density_low,,cutfix_full_tier1_20260729_01,tier1
Lfs_5zAu2xE,Lfs_5zAu2xE.mp4,126.21,137.79,face_density_low,,cutfix_full_tier1_20260729_01,tier1
Lfs_5zAu2xE,Lfs_5zAu2xE.mp4,138.85,142.526,scene_cut_detected,,cutfix_full_tier1_20260729_01,tier1
Lfs_5zAu2xE,Lfs_5zAu2xE.mp4,147.266,149.534,face_density_low,,cutfix_full_tier1_20260729_01,tier1
Lfs_5zAu2xE,Lfs_5zAu2xE.mp4,152.994,162.942,scene_cut_detected,,cutfix_full_tier1_20260729_01,tier1
Lfs_5zAu2xE,Lfs_5zAu2xE.mp4,163.266,168.266,scene_cut_detected,,cutfix_full_tier1_20260729_01,tier1
Lfs_5zAu2xE,Lfs_5zAu2xE.mp4,181.154,189.342,face_density_low,,cutfix_full_tier1_20260729_01,tier1
Lfs_5zAu2xE,Lfs_5zAu2xE.mp4,189.538,194.942,face_density_low,,cutfix_full_tier1_20260729_01,tier1
Lfs_5zAu2xE,Lfs_5zAu2xE.mp4,206.946,213.694,scene_cut_detected,,cutfix_full_tier1_20260729_01,tier1
Lfs_5zAu2xE,Lfs_5zAu2xE.mp4,237.922,244.158,scene_cut_detected,,cutfix_full_tier1_20260729_01,tier1
Lfs_5zAu2xE,Lfs_5zAu2xE.mp4,278.53,284.158,face_density_low,,cutfix_full_tier1_20260729_01,tier1
Lfs_5zAu2xE,Lfs_5zAu2xE.mp4,284.386,287.262,face_density_low,,cutfix_full_tier1_20260729_01,tier1
Lfs_5zAu2xE,Lfs_5zAu2xE.mp4,295.714,304.638,face_density_low,,cutfix_full_tier1_20260729_01,tier1
Lfs_5zAu2xE,Lfs_5zAu2xE.mp4,309.89,317.886,scene_cut_detected,,cutfix_full_tier1_20260729_01,tier1
Lfs_5zAu2xE,Lfs_5zAu2xE.mp4,392.642,400.478,scene_cut_detected,,cutfix_full_tier1_20260729_01,tier1
Lfs_5zAu2xE,Lfs_5zAu2xE.mp4,420.642,421.918,segment_too_short,,cutfix_full_tier1_20260729_01,tier1
Lfs_5zAu2xE,Lfs_5zAu2xE.mp4,437.858,439.71,segment_too_short,,cutfix_full_tier1_20260729_01,tier1
Lfs_5zAu2xE,Lfs_5zAu2xE.mp4,444.77,446.238,segment_too_short,,cutfix_full_tier1_20260729_01,tier1
Lfs_5zAu2xE,Lfs_5zAu2xE.mp4,446.562,452.606,scene_cut_detected,,cutfix_full_tier1_20260729_01,tier1
Lfs_5zAu2xE,Lfs_5zAu2xE.mp4,459.874,464.874,scene_cut_detected,,cutfix_full_tier1_20260729_01,tier1
i4kw3VyXADI,i4kw3VyXADI.mp4,0.194,9.438,scene_cut_detected,,cutfix_full_tier1_20260729_01,tier1
i4kw3VyXADI,i4kw3VyXADI.mp4,51.298,52.734,segment_too_short,,cutfix_full_tier1_20260729_01,tier1
i4kw3VyXADI,i4kw3VyXADI.mp4,120.61,127.102,scene_cut_detected,,cutfix_full_tier1_20260729_01,tier1
i4kw3VyXADI,i4kw3VyXADI.mp4,161.026,167.358,scene_cut_detected,,cutfix_full_tier1_20260729_01,tier1
i4kw3VyXADI,i4kw3VyXADI.mp4,209.602,213.598,scene_cut_detected,,cutfix_full_tier1_20260729_01,tier1
i4kw3VyXADI,i4kw3VyXADI.mp4,241.666,243.646,segment_too_short,,cutfix_full_tier1_20260729_01,tier1
i4kw3VyXADI,i4kw3VyXADI.mp4,322.082,325.054,scene_cut_detected,,cutfix_full_tier1_20260729_01,tier1
i4kw3VyXADI,i4kw3VyXADI.mp4,325.314,334.302,scene_cut_detected,,cutfix_full_tier1_20260729_01,tier1
i4kw3VyXADI,i4kw3VyXADI.mp4,347.394,348.254,segment_too_short,,cutfix_full_tier1_20260729_01,tier1
i4kw3VyXADI,i4kw3VyXADI.mp4,398.402,399.486,segment_too_short,,cutfix_full_tier1_20260729_01,tier1
i4kw3VyXADI,i4kw3VyXADI.mp4,413.762,422.366,scene_cut_detected,,cutfix_full_tier1_20260729_01,tier1
i4kw3VyXADI,i4kw3VyXADI.mp4,442.946,443.902,segment_too_short,,cutfix_full_tier1_20260729_01,tier1
i4kw3VyXADI,i4kw3VyXADI.mp4,462.818,464.414,segment_too_short,,cutfix_full_tier1_20260729_01,tier1
i4kw3VyXADI,i4kw3VyXADI.mp4,464.578,466.238,segment_too_short,,cutfix_full_tier1_20260729_01,tier1
i4kw3VyXADI,i4kw3VyXADI.mp4,505.378,506.622,segment_too_short,,cutfix_full_tier1_20260729_01,tier1
i4kw3VyXADI,i4kw3VyXADI.mp4,516.226,518.142,segment_too_short,,cutfix_full_tier1_20260729_01,tier1
i4kw3VyXADI,i4kw3VyXADI.mp4,629.954,631.518,segment_too_short,,cutfix_full_tier1_20260729_01,tier1
i4kw3VyXADI,i4kw3VyXADI.mp4,631.874,640.734,scene_cut_detected,,cutfix_full_tier1_20260729_01,tier1
i4kw3VyXADI,i4kw3VyXADI.mp4,694.818,696.478,segment_too_short,,cutfix_full_tier1_20260729_01,tier1
i4kw3VyXADI,i4kw3VyXADI.mp4,696.706,703.454,scene_cut_detected,,cutfix_full_tier1_20260729_01,tier1
i4kw3VyXADI,i4kw3VyXADI.mp4,710.274,711.87,segment_too_short,,cutfix_full_tier1_20260729_01,tier1
i4kw3VyXADI,i4kw3VyXADI.mp4,768.29,775.006,scene_cut_detected,,cutfix_full_tier1_20260729_01,tier1
i4kw3VyXADI,i4kw3VyXADI.mp4,893.282,894.494,segment_too_short,,cutfix_full_tier1_20260729_01,tier1
i4kw3VyXADI,i4kw3VyXADI.mp4,903.842,904.958,segment_too_short,,cutfix_full_tier1_20260729_01,tier1
i4kw3VyXADI,i4kw3VyXADI.mp4,905.122,906.974,segment_too_short,,cutfix_full_tier1_20260729_01,tier1
i4kw3VyXADI,i4kw3VyXADI.mp4,907.106,913.886,scene_cut_detected,,cutfix_full_tier1_20260729_01,tier1
i4kw3VyXADI,i4kw3VyXADI.mp4,941.762,949.246,scene_cut_detected,,cutfix_full_tier1_20260729_01,tier1
i4kw3VyXADI,i4kw3VyXADI.mp4,1053.89,1055.742,segment_too_short,,cutfix_full_tier1_20260729_01,tier1
iCpEVDZ1RCU,iCpEVDZ1RCU.mp4,1.442,2.27,segment_too_short,,cutfix_full_tier1_20260729_01,tier1
iCpEVDZ1RCU,iCpEVDZ1RCU.mp4,9.09,11.006,segment_too_short,,cutfix_full_tier1_20260729_01,tier1
iCpEVDZ1RCU,iCpEVDZ1RCU.mp4,11.522,13.438,segment_too_short,,cutfix_full_tier1_20260729_01,tier1
iCpEVDZ1RCU,iCpEVDZ1RCU.mp4,36.418,37.598,segment_too_short,,cutfix_full_tier1_20260729_01,tier1
iCpEVDZ1RCU,iCpEVDZ1RCU.mp4,41.026,42.206,segment_too_short,,cutfix_full_tier1_20260729_01,tier1
iCpEVDZ1RCU,iCpEVDZ1RCU.mp4,42.37,43.038,segment_too_short,,cutfix_full_tier1_20260729_01,tier1
iCpEVDZ1RCU,iCpEVDZ1RCU.mp4,50.498,51.614,segment_too_short,,cutfix_full_tier1_20260729_01,tier1
iCpEVDZ1RCU,iCpEVDZ1RCU.mp4,51.842,52.318,segment_too_short,,cutfix_full_tier1_20260729_01,tier1
iCpEVDZ1RCU,iCpEVDZ1RCU.mp4,69.154,69.566,segment_too_short,,cutfix_full_tier1_20260729_01,tier1
iCpEVDZ1RCU,iCpEVDZ1RCU.mp4,77.474,79.198,segment_too_short,,cutfix_full_tier1_20260729_01,tier1
iCpEVDZ1RCU,iCpEVDZ1RCU.mp4,87.682,88.478,segment_too_short,,cutfix_full_tier1_20260729_01,tier1
iCpEVDZ1RCU,iCpEVDZ1RCU.mp4,88.674,89.278,segment_too_short,,cutfix_full_tier1_20260729_01,tier1
iCpEVDZ1RCU,iCpEVDZ1RCU.mp4,95.714,96.286,segment_too_short,,cutfix_full_tier1_20260729_01,tier1
iCpEVDZ1RCU,iCpEVDZ1RCU.mp4,96.418,97.086,segment_too_short,,cutfix_full_tier1_20260729_01,tier1
iCpEVDZ1RCU,iCpEVDZ1RCU.mp4,102.85,103.294,segment_too_short,,cutfix_full_tier1_20260729_01,tier1
iCpEVDZ1RCU,iCpEVDZ1RCU.mp4,104.162,105.054,segment_too_short,,cutfix_full_tier1_20260729_01,tier1
iCpEVDZ1RCU,iCpEVDZ1RCU.mp4,119.01,120.926,segment_too_short,,cutfix_full_tier1_20260729_01,tier1
iCpEVDZ1RCU,iCpEVDZ1RCU.mp4,129.154,130.91,segment_too_short,,cutfix_full_tier1_20260729_01,tier1
iCpEVDZ1RCU,iCpEVDZ1RCU.mp4,133.826,135.038,segment_too_short,,cutfix_full_tier1_20260729_01,tier1
iCpEVDZ1RCU,iCpEVDZ1RCU.mp4,149.73,150.43,segment_too_short,,cutfix_full_tier1_20260729_01,tier1
iCpEVDZ1RCU,iCpEVDZ1RCU.mp4,153.794,155.358,segment_too_short,,cutfix_full_tier1_20260729_01,tier1
iCpEVDZ1RCU,iCpEVDZ1RCU.mp4,155.81,157.342,segment_too_short,,cutfix_full_tier1_20260729_01,tier1
iCpEVDZ1RCU,iCpEVDZ1RCU.mp4,158.018,159.23,segment_too_short,,cutfix_full_tier1_20260729_01,tier1
iCpEVDZ1RCU,iCpEVDZ1RCU.mp4,159.554,161.406,segment_too_short,,cutfix_full_tier1_20260729_01,tier1
iCpEVDZ1RCU,iCpEVDZ1RCU.mp4,164.962,165.822,segment_too_short,,cutfix_full_tier1_20260729_01,tier1
iCpEVDZ1RCU,iCpEVDZ1RCU.mp4,166.786,168.254,segment_too_short,,cutfix_full_tier1_20260729_01,tier1
iCpEVDZ1RCU,iCpEVDZ1RCU.mp4,169.25,171.038,segment_too_short,,cutfix_full_tier1_20260729_01,tier1
iCpEVDZ1RCU,iCpEVDZ1RCU.mp4,187.074,188.286,segment_too_short,,cutfix_full_tier1_20260729_01,tier1
iCpEVDZ1RCU,iCpEVDZ1RCU.mp4,195.138,196.51,segment_too_short,,cutfix_full_tier1_20260729_01,tier1
iCpEVDZ1RCU,iCpEVDZ1RCU.mp4,208.61,210.302,segment_too_short,,cutfix_full_tier1_20260729_01,tier1
iCpEVDZ1RCU,iCpEVDZ1RCU.mp4,219.042,219.806,segment_too_short,,cutfix_full_tier1_20260729_01,tier1
iCpEVDZ1RCU,iCpEVDZ1RCU.mp4,226.722,227.23,segment_too_short,,cutfix_full_tier1_20260729_01,tier1
iCpEVDZ1RCU,iCpEVDZ1RCU.mp4,229.89,230.91,segment_too_short,,cutfix_full_tier1_20260729_01,tier1
iCpEVDZ1RCU,iCpEVDZ1RCU.mp4,237.986,239.55,segment_too_short,,cutfix_full_tier1_20260729_01,tier1
iCpEVDZ1RCU,iCpEVDZ1RCU.mp4,239.746,240.798,segment_too_short,,cutfix_full_tier1_20260729_01,tier1
iCpEVDZ1RCU,iCpEVDZ1RCU.mp4,247.266,247.742,segment_too_short,,cutfix_full_tier1_20260729_01,tier1
iCpEVDZ1RCU,iCpEVDZ1RCU.mp4,251.234,252.446,segment_too_short,,cutfix_full_tier1_20260729_01,tier1
iCpEVDZ1RCU,iCpEVDZ1RCU.mp4,252.61,254.334,segment_too_short,,cutfix_full_tier1_20260729_01,tier1
iCpEVDZ1RCU,iCpEVDZ1RCU.mp4,254.562,256.254,segment_too_short,,cutfix_full_tier1_20260729_01,tier1
iCpEVDZ1RCU,iCpEVDZ1RCU.mp4,262.754,264.318,segment_too_short,,cutfix_full_tier1_20260729_01,tier1
iCpEVDZ1RCU,iCpEVDZ1RCU.mp4,264.482,265.406,segment_too_short,,cutfix_full_tier1_20260729_01,tier1
iCpEVDZ1RCU,iCpEVDZ1RCU.mp4,271.97,273.95,segment_too_short,,cutfix_full_tier1_20260729_01,tier1
iCpEVDZ1RCU,iCpEVDZ1RCU.mp4,295.81,297.214,segment_too_short,,cutfix_full_tier1_20260729_01,tier1
iCpEVDZ1RCU,iCpEVDZ1RCU.mp4,305.922,307.774,segment_too_short,,cutfix_full_tier1_20260729_01,tier1
iCpEVDZ1RCU,iCpEVDZ1RCU.mp4,311.938,313.79,segment_too_short,,cutfix_full_tier1_20260729_01,tier1
iCpEVDZ1RCU,iCpEVDZ1RCU.mp4,327.842,329.214,segment_too_short,,cutfix_full_tier1_20260729_01,tier1
iCpEVDZ1RCU,iCpEVDZ1RCU.mp4,329.826,330.59,segment_too_short,,cutfix_full_tier1_20260729_01,tier1
iCpEVDZ1RCU,iCpEVDZ1RCU.mp4,338.786,340.094,segment_too_short,,cutfix_full_tier1_20260729_01,tier1
iCpEVDZ1RCU,iCpEVDZ1RCU.mp4,340.258,340.958,segment_too_short,,cutfix_full_tier1_20260729_01,tier1
iCpEVDZ1RCU,iCpEVDZ1RCU.mp4,341.218,343.166,segment_too_short,,cutfix_full_tier1_20260729_01,tier1
iCpEVDZ1RCU,iCpEVDZ1RCU.mp4,345.954,347.23,segment_too_short,,cutfix_full_tier1_20260729_01,tier1
iCpEVDZ1RCU,iCpEVDZ1RCU.mp4,350.69,351.678,segment_too_short,,cutfix_full_tier1_20260729_01,tier1
iCpEVDZ1RCU,iCpEVDZ1RCU.mp4,362.754,363.806,segment_too_short,,cutfix_full_tier1_20260729_01,tier1
iCpEVDZ1RCU,iCpEVDZ1RCU.mp4,364.322,365.374,segment_too_short,,cutfix_full_tier1_20260729_01,tier1
iCpEVDZ1RCU,iCpEVDZ1RCU.mp4,380.45,380.99,segment_too_short,,cutfix_full_tier1_20260729_01,tier1
iCpEVDZ1RCU,iCpEVDZ1RCU.mp4,382.018,383.358,segment_too_short,,cutfix_full_tier1_20260729_01,tier1
iCpEVDZ1RCU,iCpEVDZ1RCU.mp4,383.714,384.318,segment_too_short,,cutfix_full_tier1_20260729_01,tier1
iCpEVDZ1RCU,iCpEVDZ1RCU.mp4,384.45,386.334,segment_too_short,,cutfix_full_tier1_20260729_01,tier1
iCpEVDZ1RCU,iCpEVDZ1RCU.mp4,396.546,397.022,segment_too_short,,cutfix_full_tier1_20260729_01,tier1
iCpEVDZ1RCU,iCpEVDZ1RCU.mp4,400.258,401.182,segment_too_short,,cutfix_full_tier1_20260729_01,tier1
iCpEVDZ1RCU,iCpEVDZ1RCU.mp4,401.314,403.294,segment_too_short,,cutfix_full_tier1_20260729_01,tier1
iCpEVDZ1RCU,iCpEVDZ1RCU.mp4,403.522,403.934,segment_too_short,,cutfix_full_tier1_20260729_01,tier1
iCpEVDZ1RCU,iCpEVDZ1RCU.mp4,404.034,405.438,segment_too_short,,cutfix_full_tier1_20260729_01,tier1
iCpEVDZ1RCU,iCpEVDZ1RCU.mp4,405.602,406.782,segment_too_short,,cutfix_full_tier1_20260729_01,tier1
iCpEVDZ1RCU,iCpEVDZ1RCU.mp4,407.362,409.022,segment_too_short,,cutfix_full_tier1_20260729_01,tier1
iCpEVDZ1RCU,iCpEVDZ1RCU.mp4,419.49,421.246,segment_too_short,,cutfix_full_tier1_20260729_01,tier1
iCpEVDZ1RCU,iCpEVDZ1RCU.mp4,426.914,428.574,segment_too_short,,cutfix_full_tier1_20260729_01,tier1
iCpEVDZ1RCU,iCpEVDZ1RCU.mp4,445.41,447.166,segment_too_short,,cutfix_full_tier1_20260729_01,tier1
iCpEVDZ1RCU,iCpEVDZ1RCU.mp4,450.37,451.902,segment_too_short,,cutfix_full_tier1_20260729_01,tier1
iCpEVDZ1RCU,iCpEVDZ1RCU.mp4,452.002,453.63,segment_too_short,,cutfix_full_tier1_20260729_01,tier1
iCpEVDZ1RCU,iCpEVDZ1RCU.mp4,462.05,463.23,segment_too_short,,cutfix_full_tier1_20260729_01,tier1
iCpEVDZ1RCU,iCpEVDZ1RCU.mp4,468.962,469.278,segment_too_short,,cutfix_full_tier1_20260729_01,tier1
iCpEVDZ1RCU,iCpEVDZ1RCU.mp4,469.602,470.686,segment_too_short,,cutfix_full_tier1_20260729_01,tier1
iCpEVDZ1RCU,iCpEVDZ1RCU.mp4,473.826,475.486,segment_too_short,,cutfix_full_tier1_20260729_01,tier1
iCpEVDZ1RCU,iCpEVDZ1RCU.mp4,475.906,476.414,segment_too_short,,cutfix_full_tier1_20260729_01,tier1
iCpEVDZ1RCU,iCpEVDZ1RCU.mp4,483.746,484.254,segment_too_short,,cutfix_full_tier1_20260729_01,tier1
iCpEVDZ1RCU,iCpEVDZ1RCU.mp4,488.162,489.406,segment_too_short,,cutfix_full_tier1_20260729_01,tier1
iCpEVDZ1RCU,iCpEVDZ1RCU.mp4,494.85,495.262,segment_too_short,,cutfix_full_tier1_20260729_01,tier1
iCpEVDZ1RCU,iCpEVDZ1RCU.mp4,496.29,499.838,face_density_low,,cutfix_full_tier1_20260729_01,tier1
iCpEVDZ1RCU,iCpEVDZ1RCU.mp4,500.002,501.47,segment_too_short,,cutfix_full_tier1_20260729_01,tier1
iCpEVDZ1RCU,iCpEVDZ1RCU.mp4,501.602,503.422,segment_too_short,,cutfix_full_tier1_20260729_01,tier1
iCpEVDZ1RCU,iCpEVDZ1RCU.mp4,503.714,505.63,segment_too_short,,cutfix_full_tier1_20260729_01,tier1
iCpEVDZ1RCU,iCpEVDZ1RCU.mp4,506.21,507.614,segment_too_short,,cutfix_full_tier1_20260729_01,tier1
iCpEVDZ1RCU,iCpEVDZ1RCU.mp4,507.714,512.254,face_density_low,,cutfix_full_tier1_20260729_01,tier1
iCpEVDZ1RCU,iCpEVDZ1RCU.mp4,523.746,524.606,segment_too_short,,cutfix_full_tier1_20260729_01,tier1
iCpEVDZ1RCU,iCpEVDZ1RCU.mp4,529.858,531.774,segment_too_short,,cutfix_full_tier1_20260729_01,tier1
iCpEVDZ1RCU,iCpEVDZ1RCU.mp4,535.97,537.758,segment_too_short,,cutfix_full_tier1_20260729_01,tier1
iCpEVDZ1RCU,iCpEVDZ1RCU.mp4,537.922,539.678,segment_too_short,,cutfix_full_tier1_20260729_01,tier1
iCpEVDZ1RCU,iCpEVDZ1RCU.mp4,541.026,542.654,segment_too_short,,cutfix_full_tier1_20260729_01,tier1
iCpEVDZ1RCU,iCpEVDZ1RCU.mp4,554.114,555.262,segment_too_short,,cutfix_full_tier1_20260729_01,tier1
iCpEVDZ1RCU,iCpEVDZ1RCU.mp4,555.362,556.35,segment_too_short,,cutfix_full_tier1_20260729_01,tier1
iCpEVDZ1RCU,iCpEVDZ1RCU.mp4,556.77,558.59,segment_too_short,,cutfix_full_tier1_20260729_01,tier1
iCpEVDZ1RCU,iCpEVDZ1RCU.mp4,564.578,565.15,segment_too_short,,cutfix_full_tier1_20260729_01,tier1
iCpEVDZ1RCU,iCpEVDZ1RCU.mp4,565.826,567.582,segment_too_short,,cutfix_full_tier1_20260729_01,tier1
iCpEVDZ1RCU,iCpEVDZ1RCU.mp4,567.746,568.894,segment_too_short,,cutfix_full_tier1_20260729_01,tier1
iCpEVDZ1RCU,iCpEVDZ1RCU.mp4,569.058,570.91,segment_too_short,,cutfix_full_tier1_20260729_01,tier1
iCpEVDZ1RCU,iCpEVDZ1RCU.mp4,571.01,572.446,segment_too_short,,cutfix_full_tier1_20260729_01,tier1
iOML2JkOdm4,iOML2JkOdm4.mp4,13.09,14.334,segment_too_short,,cutfix_full_tier1_20260729_01,tier1
iOML2JkOdm4,iOML2JkOdm4.mp4,24.098,30.654,scene_cut_detected,,cutfix_full_tier1_20260729_01,tier1
iOML2JkOdm4,iOML2JkOdm4.mp4,31.17,35.646,scene_cut_detected,,cutfix_full_tier1_20260729_01,tier1
iOML2JkOdm4,iOML2JkOdm4.mp4,35.97,44.574,scene_cut_detected,,cutfix_full_tier1_20260729_01,tier1
iOML2JkOdm4,iOML2JkOdm4.mp4,45.122,48.766,scene_cut_detected,,cutfix_full_tier1_20260729_01,tier1
iOML2JkOdm4,iOML2JkOdm4.mp4,71.714,76.714,scene_cut_detected,,cutfix_full_tier1_20260729_01,tier1
iOML2JkOdm4,iOML2JkOdm4.mp4,75.714,80.714,scene_cut_detected,,cutfix_full_tier1_20260729_01,tier1
iOML2JkOdm4,iOML2JkOdm4.mp4,83.714,88.714,scene_cut_detected,,cutfix_full_tier1_20260729_01,tier1
iOML2JkOdm4,iOML2JkOdm4.mp4,99.714,104.714,scene_cut_detected,,cutfix_full_tier1_20260729_01,tier1
iOML2JkOdm4,iOML2JkOdm4.mp4,110.178,111.582,segment_too_short,,cutfix_full_tier1_20260729_01,tier1
iOML2JkOdm4,iOML2JkOdm4.mp4,111.746,112.862,segment_too_short,,cutfix_full_tier1_20260729_01,tier1
iOML2JkOdm4,iOML2JkOdm4.mp4,112.994,120.734,scene_cut_detected,,cutfix_full_tier1_20260729_01,tier1
iOML2JkOdm4,iOML2JkOdm4.mp4,120.866,128.862,scene_cut_detected,,cutfix_full_tier1_20260729_01,tier1
iOML2JkOdm4,iOML2JkOdm4.mp4,129.346,134.346,scene_cut_detected,,cutfix_full_tier1_20260729_01,tier1
iOML2JkOdm4,iOML2JkOdm4.mp4,137.346,142.346,scene_cut_detected,,cutfix_full_tier1_20260729_01,tier1
iOML2JkOdm4,iOML2JkOdm4.mp4,141.346,146.346,scene_cut_detected,,cutfix_full_tier1_20260729_01,tier1
iOML2JkOdm4,iOML2JkOdm4.mp4,145.346,150.346,scene_cut_detected,,cutfix_full_tier1_20260729_01,tier1
iOML2JkOdm4,iOML2JkOdm4.mp4,153.474,155.39,segment_too_short,,cutfix_full_tier1_20260729_01,tier1
iOML2JkOdm4,iOML2JkOdm4.mp4,159.074,159.486,segment_too_short,,cutfix_full_tier1_20260729_01,tier1
iOML2JkOdm4,iOML2JkOdm4.mp4,160.162,161.054,segment_too_short,,cutfix_full_tier1_20260729_01,tier1
iOML2JkOdm4,iOML2JkOdm4.mp4,161.314,162.622,segment_too_short,,cutfix_full_tier1_20260729_01,tier1
iOML2JkOdm4,iOML2JkOdm4.mp4,163.01,164.894,segment_too_short,,cutfix_full_tier1_20260729_01,tier1
iOML2JkOdm4,iOML2JkOdm4.mp4,168.194,175.678,scene_cut_detected,,cutfix_full_tier1_20260729_01,tier1
iOML2JkOdm4,iOML2JkOdm4.mp4,179.074,184.074,scene_cut_detected,,cutfix_full_tier1_20260729_01,tier1
iOML2JkOdm4,iOML2JkOdm4.mp4,183.074,188.074,scene_cut_detected,,cutfix_full_tier1_20260729_01,tier1
iOML2JkOdm4,iOML2JkOdm4.mp4,198.722,199.486,segment_too_short,,cutfix_full_tier1_20260729_01,tier1
iOML2JkOdm4,iOML2JkOdm4.mp4,204.162,205.566,segment_too_short,,cutfix_full_tier1_20260729_01,tier1
iOML2JkOdm4,iOML2JkOdm4.mp4,205.954,207.102,segment_too_short,,cutfix_full_tier1_20260729_01,tier1
iOML2JkOdm4,iOML2JkOdm4.mp4,207.234,207.838,segment_too_short,,cutfix_full_tier1_20260729_01,tier1
iOML2JkOdm4,iOML2JkOdm4.mp4,207.97,208.446,segment_too_short,,cutfix_full_tier1_20260729_01,tier1
iOML2JkOdm4,iOML2JkOdm4.mp4,213.89,214.366,segment_too_short,,cutfix_full_tier1_20260729_01,tier1
iOML2JkOdm4,iOML2JkOdm4.mp4,214.562,215.518,segment_too_short,,cutfix_full_tier1_20260729_01,tier1
iOML2JkOdm4,iOML2JkOdm4.mp4,215.842,217.214,segment_too_short,,cutfix_full_tier1_20260729_01,tier1
iOML2JkOdm4,iOML2JkOdm4.mp4,222.754,223.486,segment_too_short,,cutfix_full_tier1_20260729_01,tier1
iOML2JkOdm4,iOML2JkOdm4.mp4,226.786,227.934,segment_too_short,,cutfix_full_tier1_20260729_01,tier1
iOML2JkOdm4,iOML2JkOdm4.mp4,233.41,234.974,segment_too_short,,cutfix_full_tier1_20260729_01,tier1
iOML2JkOdm4,iOML2JkOdm4.mp4,239.042,239.838,segment_too_short,,cutfix_full_tier1_20260729_01,tier1
iOML2JkOdm4,iOML2JkOdm4.mp4,242.658,244.478,segment_too_short,,cutfix_full_tier1_20260729_01,tier1
iOML2JkOdm4,iOML2JkOdm4.mp4,244.578,244.99,segment_too_short,,cutfix_full_tier1_20260729_01,tier1
iOML2JkOdm4,iOML2JkOdm4.mp4,245.314,251.71,scene_cut_detected,,cutfix_full_tier1_20260729_01,tier1
iOML2JkOdm4,iOML2JkOdm4.mp4,260.194,261.182,segment_too_short,,cutfix_full_tier1_20260729_01,tier1
iOML2JkOdm4,iOML2JkOdm4.mp4,261.346,262.142,segment_too_short,,cutfix_full_tier1_20260729_01,tier1
iOML2JkOdm4,iOML2JkOdm4.mp4,262.242,263.262,segment_too_short,,cutfix_full_tier1_20260729_01,tier1
iOML2JkOdm4,iOML2JkOdm4.mp4,263.65,265.822,scene_cut_detected,,cutfix_full_tier1_20260729_01,tier1
iOML2JkOdm4,iOML2JkOdm4.mp4,266.21,267.07,segment_too_short,,cutfix_full_tier1_20260729_01,tier1
iOML2JkOdm4,iOML2JkOdm4.mp4,278.242,281.086,scene_cut_detected,,cutfix_full_tier1_20260729_01,tier1
iOML2JkOdm4,iOML2JkOdm4.mp4,281.25,282.622,segment_too_short,,cutfix_full_tier1_20260729_01,tier1
iOML2JkOdm4,iOML2JkOdm4.mp4,282.818,291.102,scene_cut_detected,,cutfix_full_tier1_20260729_01,tier1
iOML2JkOdm4,iOML2JkOdm4.mp4,291.458,292.222,segment_too_short,,cutfix_full_tier1_20260729_01,tier1
iOML2JkOdm4,iOML2JkOdm4.mp4,292.642,294.59,segment_too_short,,cutfix_full_tier1_20260729_01,tier1
iOML2JkOdm4,iOML2JkOdm4.mp4,295.106,295.806,segment_too_short,,cutfix_full_tier1_20260729_01,tier1
iOML2JkOdm4,iOML2JkOdm4.mp4,300.002,301.214,segment_too_short,,cutfix_full_tier1_20260729_01,tier1
iOML2JkOdm4,iOML2JkOdm4.mp4,301.73,302.814,segment_too_short,,cutfix_full_tier1_20260729_01,tier1
iOML2JkOdm4,iOML2JkOdm4.mp4,303.17,303.614,segment_too_short,,cutfix_full_tier1_20260729_01,tier1
iOML2JkOdm4,iOML2JkOdm4.mp4,307.618,317.534,scene_cut_detected,,cutfix_full_tier1_20260729_01,tier1
iOML2JkOdm4,iOML2JkOdm4.mp4,317.698,318.814,segment_too_short,,cutfix_full_tier1_20260729_01,tier1
iOML2JkOdm4,iOML2JkOdm4.mp4,334.05,334.654,segment_too_short,,cutfix_full_tier1_20260729_01,tier1
iOML2JkOdm4,iOML2JkOdm4.mp4,335.97,340.97,scene_cut_detected,,cutfix_full_tier1_20260729_01,tier1
iOML2JkOdm4,iOML2JkOdm4.mp4,339.97,344.97,scene_cut_detected,,cutfix_full_tier1_20260729_01,tier1
iOML2JkOdm4,iOML2JkOdm4.mp4,343.97,348.97,scene_cut_detected,,cutfix_full_tier1_20260729_01,tier1
iOML2JkOdm4,iOML2JkOdm4.mp4,347.97,352.97,face_density_low,,cutfix_full_tier1_20260729_01,tier1
iOML2JkOdm4,iOML2JkOdm4.mp4,351.97,356.97,scene_cut_detected,,cutfix_full_tier1_20260729_01,tier1
iOML2JkOdm4,iOML2JkOdm4.mp4,355.97,360.97,scene_cut_detected,,cutfix_full_tier1_20260729_01,tier1
iOML2JkOdm4,iOML2JkOdm4.mp4,359.97,364.97,scene_cut_detected,,cutfix_full_tier1_20260729_01,tier1
iOML2JkOdm4,iOML2JkOdm4.mp4,363.97,368.97,scene_cut_detected,,cutfix_full_tier1_20260729_01,tier1
iOML2JkOdm4,iOML2JkOdm4.mp4,370.178,377.246,scene_cut_detected,,cutfix_full_tier1_20260729_01,tier1
iOML2JkOdm4,iOML2JkOdm4.mp4,401.794,406.794,scene_cut_detected,,cutfix_full_tier1_20260729_01,tier1
iOML2JkOdm4,iOML2JkOdm4.mp4,409.794,414.794,scene_cut_detected,,cutfix_full_tier1_20260729_01,tier1
iOML2JkOdm4,iOML2JkOdm4.mp4,413.794,416.606,scene_cut_detected,,cutfix_full_tier1_20260729_01,tier1
iOML2JkOdm4,iOML2JkOdm4.mp4,436.994,437.758,segment_too_short,,cutfix_full_tier1_20260729_01,tier1
iOML2JkOdm4,iOML2JkOdm4.mp4,437.922,441.342,scene_cut_detected,,cutfix_full_tier1_20260729_01,tier1
iOML2JkOdm4,iOML2JkOdm4.mp4,444.45,445.63,segment_too_short,,cutfix_full_tier1_20260729_01,tier1
iOML2JkOdm4,iOML2JkOdm4.mp4,445.73,449.502,scene_cut_detected,,cutfix_full_tier1_20260729_01,tier1
iOML2JkOdm4,iOML2JkOdm4.mp4,450.338,455.742,scene_cut_detected,,cutfix_full_tier1_20260729_01,tier1
iOML2JkOdm4,iOML2JkOdm4.mp4,471.714,475.934,face_density_low,,cutfix_full_tier1_20260729_01,tier1
iOML2JkOdm4,iOML2JkOdm4.mp4,476.162,481.086,scene_cut_detected,,cutfix_full_tier1_20260729_01,tier1
iOML2JkOdm4,iOML2JkOdm4.mp4,481.282,483.774,scene_cut_detected,,cutfix_full_tier1_20260729_01,tier1
iOML2JkOdm4,iOML2JkOdm4.mp4,484.578,485.278,segment_too_short,,cutfix_full_tier1_20260729_01,tier1
iOML2JkOdm4,iOML2JkOdm4.mp4,487.81,488.382,segment_too_short,,cutfix_full_tier1_20260729_01,tier1
iOML2JkOdm4,iOML2JkOdm4.mp4,488.674,490.142,segment_too_short,,cutfix_full_tier1_20260729_01,tier1
iOML2JkOdm4,iOML2JkOdm4.mp4,490.306,490.622,segment_too_short,,cutfix_full_tier1_20260729_01,tier1
iOML2JkOdm4,iOML2JkOdm4.mp4,491.234,492.574,segment_too_short,,cutfix_full_tier1_20260729_01,tier1
iOML2JkOdm4,iOML2JkOdm4.mp4,492.802,494.59,segment_too_short,,cutfix_full_tier1_20260729_01,tier1
iOML2JkOdm4,iOML2JkOdm4.mp4,498.306,499.134,segment_too_short,,cutfix_full_tier1_20260729_01,tier1
iOML2JkOdm4,iOML2JkOdm4.mp4,499.33,500.51,segment_too_short,,cutfix_full_tier1_20260729_01,tier1
iOML2JkOdm4,iOML2JkOdm4.mp4,504.642,505.31,segment_too_short,,cutfix_full_tier1_20260729_01,tier1
iOML2JkOdm4,iOML2JkOdm4.mp4,508.194,508.99,segment_too_short,,cutfix_full_tier1_20260729_01,tier1
iOML2JkOdm4,iOML2JkOdm4.mp4,509.25,510.27,segment_too_short,,cutfix_full_tier1_20260729_01,tier1
iOML2JkOdm4,iOML2JkOdm4.mp4,510.882,514.942,scene_cut_detected,,cutfix_full_tier1_20260729_01,tier1
iOML2JkOdm4,iOML2JkOdm4.mp4,519.106,520.286,segment_too_short,,cutfix_full_tier1_20260729_01,tier1
iOML2JkOdm4,iOML2JkOdm4.mp4,520.386,523.326,face_density_low,,cutfix_full_tier1_20260729_01,tier1
iOML2JkOdm4,iOML2JkOdm4.mp4,523.586,525.182,segment_too_short,,cutfix_full_tier1_20260729_01,tier1
iOML2JkOdm4,iOML2JkOdm4.mp4,525.282,526.782,segment_too_short,,cutfix_full_tier1_20260729_01,tier1
iOML2JkOdm4,iOML2JkOdm4.mp4,530.626,531.006,segment_too_short,,cutfix_full_tier1_20260729_01,tier1
iOML2JkOdm4,iOML2JkOdm4.mp4,556.418,556.99,segment_too_short,,cutfix_full_tier1_20260729_01,tier1
iOML2JkOdm4,iOML2JkOdm4.mp4,557.09,562.09,scene_cut_detected,,cutfix_full_tier1_20260729_01,tier1
iOML2JkOdm4,iOML2JkOdm4.mp4,561.09,566.09,scene_cut_detected,,cutfix_full_tier1_20260729_01,tier1
iOML2JkOdm4,iOML2JkOdm4.mp4,565.09,570.09,scene_cut_detected,,cutfix_full_tier1_20260729_01,tier1
iOML2JkOdm4,iOML2JkOdm4.mp4,570.498,576.67,scene_cut_detected,,cutfix_full_tier1_20260729_01,tier1
iOML2JkOdm4,iOML2JkOdm4.mp4,577.314,582.314,face_density_low,,cutfix_full_tier1_20260729_01,tier1
iOML2JkOdm4,iOML2JkOdm4.mp4,581.314,586.314,face_density_low,,cutfix_full_tier1_20260729_01,tier1
iOML2JkOdm4,iOML2JkOdm4.mp4,585.314,590.314,scene_cut_detected,,cutfix_full_tier1_20260729_01,tier1
iOML2JkOdm4,iOML2JkOdm4.mp4,589.314,594.314,scene_cut_detected,,cutfix_full_tier1_20260729_01,tier1
iOML2JkOdm4,iOML2JkOdm4.mp4,612.45,617.45,face_density_low,,cutfix_full_tier1_20260729_01,tier1
iOML2JkOdm4,iOML2JkOdm4.mp4,616.45,621.45,face_density_low,,cutfix_full_tier1_20260729_01,tier1
iOML2JkOdm4,iOML2JkOdm4.mp4,620.45,625.45,scene_cut_detected,,cutfix_full_tier1_20260729_01,tier1
iOML2JkOdm4,iOML2JkOdm4.mp4,626.754,634.398,face_density_low,,cutfix_full_tier1_20260729_01,tier1
iOML2JkOdm4,iOML2JkOdm4.mp4,634.658,635.55,segment_too_short,,cutfix_full_tier1_20260729_01,tier1
iOML2JkOdm4,iOML2JkOdm4.mp4,635.65,638.75,face_density_low,,cutfix_full_tier1_20260729_01,tier1
iOML2JkOdm4,iOML2JkOdm4.mp4,638.85,646.846,scene_cut_detected,,cutfix_full_tier1_20260729_01,tier1
iOML2JkOdm4,iOML2JkOdm4.mp4,646.946,651.946,scene_cut_detected,,cutfix_full_tier1_20260729_01,tier1
iOML2JkOdm4,iOML2JkOdm4.mp4,650.946,655.946,face_density_low,,cutfix_full_tier1_20260729_01,tier1
iOML2JkOdm4,iOML2JkOdm4.mp4,654.946,659.486,face_density_low,,cutfix_full_tier1_20260729_01,tier1
iOML2JkOdm4,iOML2JkOdm4.mp4,670.594,671.614,segment_too_short,,cutfix_full_tier1_20260729_01,tier1
iOML2JkOdm4,iOML2JkOdm4.mp4,679.074,682.206,face_density_low,,cutfix_full_tier1_20260729_01,tier1
iOML2JkOdm4,iOML2JkOdm4.mp4,682.37,683.838,segment_too_short,,cutfix_full_tier1_20260729_01,tier1
iOML2JkOdm4,iOML2JkOdm4.mp4,683.938,687.134,face_density_low,,cutfix_full_tier1_20260729_01,tier1
iOML2JkOdm4,iOML2JkOdm4.mp4,687.586,688.286,segment_too_short,,cutfix_full_tier1_20260729_01,tier1
iOML2JkOdm4,iOML2JkOdm4.mp4,688.386,696.126,face_density_low,,cutfix_full_tier1_20260729_01,tier1
iOML2JkOdm4,iOML2JkOdm4.mp4,696.674,700.606,face_density_low,,cutfix_full_tier1_20260729_01,tier1
iOML2JkOdm4,iOML2JkOdm4.mp4,700.706,709.918,face_density_low,,cutfix_full_tier1_20260729_01,tier1
iOML2JkOdm4,iOML2JkOdm4.mp4,710.146,714.366,face_density_low,,cutfix_full_tier1_20260729_01,tier1
iOML2JkOdm4,iOML2JkOdm4.mp4,714.466,715.39,segment_too_short,,cutfix_full_tier1_20260729_01,tier1
iOML2JkOdm4,iOML2JkOdm4.mp4,716.226,717.95,segment_too_short,,cutfix_full_tier1_20260729_01,tier1
iOML2JkOdm4,iOML2JkOdm4.mp4,718.082,727.486,scene_cut_detected,,cutfix_full_tier1_20260729_01,tier1
iOML2JkOdm4,iOML2JkOdm4.mp4,727.778,730.462,face_density_low,,cutfix_full_tier1_20260729_01,tier1
iOML2JkOdm4,iOML2JkOdm4.mp4,730.594,732.542,segment_too_short,,cutfix_full_tier1_20260729_01,tier1
iOML2JkOdm4,iOML2JkOdm4.mp4,739.906,740.862,segment_too_short,,cutfix_full_tier1_20260729_01,tier1
iOML2JkOdm4,iOML2JkOdm4.mp4,740.962,741.822,segment_too_short,,cutfix_full_tier1_20260729_01,tier1
iOML2JkOdm4,iOML2JkOdm4.mp4,742.658,743.742,segment_too_short,,cutfix_full_tier1_20260729_01,tier1
iOML2JkOdm4,iOML2JkOdm4.mp4,743.906,751.934,scene_cut_detected,,cutfix_full_tier1_20260729_01,tier1
iOML2JkOdm4,iOML2JkOdm4.mp4,752.13,753.406,segment_too_short,,cutfix_full_tier1_20260729_01,tier1
iOML2JkOdm4,iOML2JkOdm4.mp4,753.698,754.782,segment_too_short,,cutfix_full_tier1_20260729_01,tier1
iOML2JkOdm4,iOML2JkOdm4.mp4,754.882,755.518,segment_too_short,,cutfix_full_tier1_20260729_01,tier1
iOML2JkOdm4,iOML2JkOdm4.mp4,756.162,758.494,scene_cut_detected,,cutfix_full_tier1_20260729_01,tier1
iOML2JkOdm4,iOML2JkOdm4.mp4,763.362,764.382,segment_too_short,,cutfix_full_tier1_20260729_01,tier1
iOML2JkOdm4,iOML2JkOdm4.mp4,765.282,766.59,segment_too_short,,cutfix_full_tier1_20260729_01,tier1
iOML2JkOdm4,iOML2JkOdm4.mp4,766.754,768.734,segment_too_short,,cutfix_full_tier1_20260729_01,tier1
iOML2JkOdm4,iOML2JkOdm4.mp4,769.09,770.206,segment_too_short,,cutfix_full_tier1_20260729_01,tier1
iOML2JkOdm4,iOML2JkOdm4.mp4,770.658,771.262,segment_too_short,,cutfix_full_tier1_20260729_01,tier1
iOML2JkOdm4,iOML2JkOdm4.mp4,771.906,773.214,segment_too_short,,cutfix_full_tier1_20260729_01,tier1
iOML2JkOdm4,iOML2JkOdm4.mp4,773.954,776.446,scene_cut_detected,,cutfix_full_tier1_20260729_01,tier1
iOML2JkOdm4,iOML2JkOdm4.mp4,776.61,780.03,face_density_low,,cutfix_full_tier1_20260729_01,tier1
iOML2JkOdm4,iOML2JkOdm4.mp4,780.226,782.718,face_density_low,,cutfix_full_tier1_20260729_01,tier1
iOML2JkOdm4,iOML2JkOdm4.mp4,783.074,786.622,scene_cut_detected,,cutfix_full_tier1_20260729_01,tier1
iOML2JkOdm4,iOML2JkOdm4.mp4,786.818,791.818,scene_cut_detected,,cutfix_full_tier1_20260729_01,tier1
iOML2JkOdm4,iOML2JkOdm4.mp4,790.818,795.818,scene_cut_detected,,cutfix_full_tier1_20260729_01,tier1
iOML2JkOdm4,iOML2JkOdm4.mp4,794.818,799.818,scene_cut_detected,,cutfix_full_tier1_20260729_01,tier1
iOML2JkOdm4,iOML2JkOdm4.mp4,798.818,803.818,scene_cut_detected,,cutfix_full_tier1_20260729_01,tier1
iOML2JkOdm4,iOML2JkOdm4.mp4,802.818,806.59,scene_cut_detected,,cutfix_full_tier1_20260729_01,tier1
iOML2JkOdm4,iOML2JkOdm4.mp4,806.722,817.342,scene_cut_detected,,cutfix_full_tier1_20260729_01,tier1
iOML2JkOdm4,iOML2JkOdm4.mp4,821.058,822.27,segment_too_short,,cutfix_full_tier1_20260729_01,tier1
iOML2JkOdm4,iOML2JkOdm4.mp4,822.466,822.942,segment_too_short,,cutfix_full_tier1_20260729_01,tier1
iOML2JkOdm4,iOML2JkOdm4.mp4,825.474,826.59,segment_too_short,,cutfix_full_tier1_20260729_01,tier1
iOML2JkOdm4,iOML2JkOdm4.mp4,830.498,831.582,segment_too_short,,cutfix_full_tier1_20260729_01,tier1
iOML2JkOdm4,iOML2JkOdm4.mp4,831.97,832.926,segment_too_short,,cutfix_full_tier1_20260729_01,tier1
iOML2JkOdm4,iOML2JkOdm4.mp4,833.25,834.526,segment_too_short,,cutfix_full_tier1_20260729_01,tier1
iOML2JkOdm4,iOML2JkOdm4.mp4,835.042,835.71,segment_too_short,,cutfix_full_tier1_20260729_01,tier1
iOML2JkOdm4,iOML2JkOdm4.mp4,841.122,841.95,segment_too_short,,cutfix_full_tier1_20260729_01,tier1
iOML2JkOdm4,iOML2JkOdm4.mp4,842.21,842.686,segment_too_short,,cutfix_full_tier1_20260729_01,tier1
iOML2JkOdm4,iOML2JkOdm4.mp4,842.882,843.422,segment_too_short,,cutfix_full_tier1_20260729_01,tier1
iOML2JkOdm4,iOML2JkOdm4.mp4,843.522,844.606,segment_too_short,,cutfix_full_tier1_20260729_01,tier1
iOML2JkOdm4,iOML2JkOdm4.mp4,851.17,851.934,segment_too_short,,cutfix_full_tier1_20260729_01,tier1
iOML2JkOdm4,iOML2JkOdm4.mp4,852.098,853.502,segment_too_short,,cutfix_full_tier1_20260729_01,tier1
iOML2JkOdm4,iOML2JkOdm4.mp4,854.05,860.158,scene_cut_detected,,cutfix_full_tier1_20260729_01,tier1
iOML2JkOdm4,iOML2JkOdm4.mp4,865.122,865.694,segment_too_short,,cutfix_full_tier1_20260729_01,tier1
iOML2JkOdm4,iOML2JkOdm4.mp4,872.066,873.182,segment_too_short,,cutfix_full_tier1_20260729_01,tier1
iOML2JkOdm4,iOML2JkOdm4.mp4,885.602,890.602,face_density_low,,cutfix_full_tier1_20260729_01,tier1
iOML2JkOdm4,iOML2JkOdm4.mp4,889.602,894.602,scene_cut_detected,,cutfix_full_tier1_20260729_01,tier1
iOML2JkOdm4,iOML2JkOdm4.mp4,893.602,898.602,scene_cut_detected,,cutfix_full_tier1_20260729_01,tier1
iOML2JkOdm4,iOML2JkOdm4.mp4,897.602,902.602,scene_cut_detected,,cutfix_full_tier1_20260729_01,tier1
iOML2JkOdm4,iOML2JkOdm4.mp4,901.602,906.602,scene_cut_detected,,cutfix_full_tier1_20260729_01,tier1
iOML2JkOdm4,iOML2JkOdm4.mp4,907.81,919.582,scene_cut_detected,,cutfix_full_tier1_20260729_01,tier1
iOML2JkOdm4,iOML2JkOdm4.mp4,919.714,921.694,segment_too_short,,cutfix_full_tier1_20260729_01,tier1
iOML2JkOdm4,iOML2JkOdm4.mp4,922.114,927.114,scene_cut_detected,,cutfix_full_tier1_20260729_01,tier1
iOML2JkOdm4,iOML2JkOdm4.mp4,926.114,931.114,scene_cut_detected,,cutfix_full_tier1_20260729_01,tier1
iOML2JkOdm4,iOML2JkOdm4.mp4,930.114,935.114,scene_cut_detected,,cutfix_full_tier1_20260729_01,tier1
iOML2JkOdm4,iOML2JkOdm4.mp4,934.114,937.118,scene_cut_detected,,cutfix_full_tier1_20260729_01,tier1
iOML2JkOdm4,iOML2JkOdm4.mp4,949.154,950.91,segment_too_short,,cutfix_full_tier1_20260729_01,tier1
iOML2JkOdm4,iOML2JkOdm4.mp4,955.33,956.638,segment_too_short,,cutfix_full_tier1_20260729_01,tier1
iOML2JkOdm4,iOML2JkOdm4.mp4,956.802,959.07,face_density_low,,cutfix_full_tier1_20260729_01,tier1
iOML2JkOdm4,iOML2JkOdm4.mp4,959.458,961.47,face_density_low,,cutfix_full_tier1_20260729_01,tier1
iOML2JkOdm4,iOML2JkOdm4.mp4,969.378,970.43,segment_too_short,,cutfix_full_tier1_20260729_01,tier1
iOML2JkOdm4,iOML2JkOdm4.mp4,970.562,972.222,segment_too_short,,cutfix_full_tier1_20260729_01,tier1
iOML2JkOdm4,iOML2JkOdm4.mp4,973.026,976.542,scene_cut_detected,,cutfix_full_tier1_20260729_01,tier1
iOML2JkOdm4,iOML2JkOdm4.mp4,976.642,979.07,scene_cut_detected,,cutfix_full_tier1_20260729_01,tier1
iOML2JkOdm4,iOML2JkOdm4.mp4,979.458,981.406,segment_too_short,,cutfix_full_tier1_20260729_01,tier1
iOML2JkOdm4,iOML2JkOdm4.mp4,981.506,983.262,segment_too_short,,cutfix_full_tier1_20260729_01,tier1
iOML2JkOdm4,iOML2JkOdm4.mp4,983.426,984.798,segment_too_short,,cutfix_full_tier1_20260729_01,tier1
iOML2JkOdm4,iOML2JkOdm4.mp4,984.962,992.03,scene_cut_detected,,cutfix_full_tier1_20260729_01,tier1
iOML2JkOdm4,iOML2JkOdm4.mp4,992.258,997.182,scene_cut_detected,,cutfix_full_tier1_20260729_01,tier1
iOML2JkOdm4,iOML2JkOdm4.mp4,997.538,1000.958,scene_cut_detected,,cutfix_full_tier1_20260729_01,tier1
iOML2JkOdm4,iOML2JkOdm4.mp4,1001.122,1002.078,segment_too_short,,cutfix_full_tier1_20260729_01,tier1
iOML2JkOdm4,iOML2JkOdm4.mp4,1002.21,1003.678,segment_too_short,,cutfix_full_tier1_20260729_01,tier1
iOML2JkOdm4,iOML2JkOdm4.mp4,1007.682,1009.566,segment_too_short,,cutfix_full_tier1_20260729_01,tier1
iOML2JkOdm4,iOML2JkOdm4.mp4,1013.986,1014.75,segment_too_short,,cutfix_full_tier1_20260729_01,tier1
iOML2JkOdm4,iOML2JkOdm4.mp4,1014.882,1015.71,segment_too_short,,cutfix_full_tier1_20260729_01,tier1
iOML2JkOdm4,iOML2JkOdm4.mp4,1016.322,1017.182,segment_too_short,,cutfix_full_tier1_20260729_01,tier1
iOML2JkOdm4,iOML2JkOdm4.mp4,1024.226,1025.598,segment_too_short,,cutfix_full_tier1_20260729_01,tier1
iOML2JkOdm4,iOML2JkOdm4.mp4,1025.986,1027.966,segment_too_short,,cutfix_full_tier1_20260729_01,tier1
iOML2JkOdm4,iOML2JkOdm4.mp4,1028.418,1029.406,segment_too_short,,cutfix_full_tier1_20260729_01,tier1
iOML2JkOdm4,iOML2JkOdm4.mp4,1038.21,1039.742,segment_too_short,,cutfix_full_tier1_20260729_01,tier1
iOML2JkOdm4,iOML2JkOdm4.mp4,1039.906,1044.126,face_density_low,,cutfix_full_tier1_20260729_01,tier1
iOML2JkOdm4,iOML2JkOdm4.mp4,1044.258,1046.014,segment_too_short,,cutfix_full_tier1_20260729_01,tier1
iOML2JkOdm4,iOML2JkOdm4.mp4,1046.146,1047.518,segment_too_short,,cutfix_full_tier1_20260729_01,tier1
iOML2JkOdm4,iOML2JkOdm4.mp4,1047.746,1048.638,segment_too_short,,cutfix_full_tier1_20260729_01,tier1
iOML2JkOdm4,iOML2JkOdm4.mp4,1049.122,1051.486,face_density_low,,cutfix_full_tier1_20260729_01,tier1
iOML2JkOdm4,iOML2JkOdm4.mp4,1051.65,1054.366,scene_cut_detected,,cutfix_full_tier1_20260729_01,tier1
iOML2JkOdm4,iOML2JkOdm4.mp4,1054.69,1055.294,segment_too_short,,cutfix_full_tier1_20260729_01,tier1
iOML2JkOdm4,iOML2JkOdm4.mp4,1055.426,1056.766,segment_too_short,,cutfix_full_tier1_20260729_01,tier1
iOML2JkOdm4,iOML2JkOdm4.mp4,1056.93,1059.55,scene_cut_detected,,cutfix_full_tier1_20260729_01,tier1
iOML2JkOdm4,iOML2JkOdm4.mp4,1060.13,1060.958,segment_too_short,,cutfix_full_tier1_20260729_01,tier1
iOML2JkOdm4,iOML2JkOdm4.mp4,1061.122,1065.534,face_density_low,,cutfix_full_tier1_20260729_01,tier1
iOML2JkOdm4,iOML2JkOdm4.mp4,1065.666,1068.894,face_density_low,,cutfix_full_tier1_20260729_01,tier1
iOML2JkOdm4,iOML2JkOdm4.mp4,1069.058,1073.054,face_density_low,,cutfix_full_tier1_20260729_01,tier1
iOML2JkOdm4,iOML2JkOdm4.mp4,1073.186,1075.71,face_density_low,,cutfix_full_tier1_20260729_01,tier1
iOML2JkOdm4,iOML2JkOdm4.mp4,1075.874,1079.614,scene_cut_detected,,cutfix_full_tier1_20260729_01,tier1
iOML2JkOdm4,iOML2JkOdm4.mp4,1080.29,1087.07,face_density_low,,cutfix_full_tier1_20260729_01,tier1
iOML2JkOdm4,iOML2JkOdm4.mp4,1087.17,1093.438,scene_cut_detected,,cutfix_full_tier1_20260729_01,tier1
iOML2JkOdm4,iOML2JkOdm4.mp4,1094.594,1095.742,segment_too_short,,cutfix_full_tier1_20260729_01,tier1
iOML2JkOdm4,iOML2JkOdm4.mp4,1096.098,1096.606,segment_too_short,,cutfix_full_tier1_20260729_01,tier1
iOML2JkOdm4,iOML2JkOdm4.mp4,1096.706,1097.822,segment_too_short,,cutfix_full_tier1_20260729_01,tier1
iOML2JkOdm4,iOML2JkOdm4.mp4,1098.05,1099.038,segment_too_short,,cutfix_full_tier1_20260729_01,tier1
iOML2JkOdm4,iOML2JkOdm4.mp4,1099.234,1099.742,segment_too_short,,cutfix_full_tier1_20260729_01,tier1
iOML2JkOdm4,iOML2JkOdm4.mp4,1099.842,1101.758,segment_too_short,,cutfix_full_tier1_20260729_01,tier1
iOML2JkOdm4,iOML2JkOdm4.mp4,1102.082,1102.846,segment_too_short,,cutfix_full_tier1_20260729_01,tier1
iOML2JkOdm4,iOML2JkOdm4.mp4,1103.458,1104.222,segment_too_short,,cutfix_full_tier1_20260729_01,tier1
iOML2JkOdm4,iOML2JkOdm4.mp4,1104.418,1106.302,segment_too_short,,cutfix_full_tier1_20260729_01,tier1
iOML2JkOdm4,iOML2JkOdm4.mp4,1106.402,1107.198,segment_too_short,,cutfix_full_tier1_20260729_01,tier1
iOML2JkOdm4,iOML2JkOdm4.mp4,1110.242,1111.966,segment_too_short,,cutfix_full_tier1_20260729_01,tier1
iOML2JkOdm4,iOML2JkOdm4.mp4,1112.258,1112.894,segment_too_short,,cutfix_full_tier1_20260729_01,tier1
iOML2JkOdm4,iOML2JkOdm4.mp4,1112.994,1113.47,segment_too_short,,cutfix_full_tier1_20260729_01,tier1
iOML2JkOdm4,iOML2JkOdm4.mp4,1114.786,1116.222,segment_too_short,,cutfix_full_tier1_20260729_01,tier1
iOML2JkOdm4,iOML2JkOdm4.mp4,1116.386,1118.206,segment_too_short,,cutfix_full_tier1_20260729_01,tier1
iOML2JkOdm4,iOML2JkOdm4.mp4,1118.466,1119.678,segment_too_short,,cutfix_full_tier1_20260729_01,tier1
iOML2JkOdm4,iOML2JkOdm4.mp4,1120.482,1121.598,segment_too_short,,cutfix_full_tier1_20260729_01,tier1
iOML2JkOdm4,iOML2JkOdm4.mp4,1121.794,1123.71,segment_too_short,,cutfix_full_tier1_20260729_01,tier1
iOML2JkOdm4,iOML2JkOdm4.mp4,1128.13,1128.83,segment_too_short,,cutfix_full_tier1_20260729_01,tier1
iOtNLd8ZDDs,iOtNLd8ZDDs.mp4,0.066,1.15,segment_too_short,,cutfix_full_tier1_20260729_01,tier1
iOtNLd8ZDDs,iOtNLd8ZDDs.mp4,7.042,8.03,segment_too_short,,cutfix_full_tier1_20260729_01,tier1
iOtNLd8ZDDs,iOtNLd8ZDDs.mp4,8.578,12.254,scene_cut_detected,,cutfix_full_tier1_20260729_01,tier1
iOtNLd8ZDDs,iOtNLd8ZDDs.mp4,17.282,25.086,scene_cut_detected,,cutfix_full_tier1_20260729_01,tier1
iOtNLd8ZDDs,iOtNLd8ZDDs.mp4,25.41,36.478,scene_cut_detected,,cutfix_full_tier1_20260729_01,tier1
iOtNLd8ZDDs,iOtNLd8ZDDs.mp4,36.706,38.27,segment_too_short,,cutfix_full_tier1_20260729_01,tier1
iOtNLd8ZDDs,iOtNLd8ZDDs.mp4,38.53,39.934,segment_too_short,,cutfix_full_tier1_20260729_01,tier1
iOtNLd8ZDDs,iOtNLd8ZDDs.mp4,40.13,40.67,segment_too_short,,cutfix_full_tier1_20260729_01,tier1
iOtNLd8ZDDs,iOtNLd8ZDDs.mp4,40.834,41.342,segment_too_short,,cutfix_full_tier1_20260729_01,tier1
iOtNLd8ZDDs,iOtNLd8ZDDs.mp4,41.73,50.238,scene_cut_detected,,cutfix_full_tier1_20260729_01,tier1
iOtNLd8ZDDs,iOtNLd8ZDDs.mp4,60.93,67.934,scene_cut_detected,,cutfix_full_tier1_20260729_01,tier1
iOtNLd8ZDDs,iOtNLd8ZDDs.mp4,68.162,71.102,face_density_low,,cutfix_full_tier1_20260729_01,tier1
iOtNLd8ZDDs,iOtNLd8ZDDs.mp4,71.906,79.262,scene_cut_detected,,cutfix_full_tier1_20260729_01,tier1
iOtNLd8ZDDs,iOtNLd8ZDDs.mp4,79.49,80.894,segment_too_short,,cutfix_full_tier1_20260729_01,tier1
iOtNLd8ZDDs,iOtNLd8ZDDs.mp4,81.346,82.974,segment_too_short,,cutfix_full_tier1_20260729_01,tier1
iOtNLd8ZDDs,iOtNLd8ZDDs.mp4,83.202,89.95,scene_cut_detected,,cutfix_full_tier1_20260729_01,tier1
iOtNLd8ZDDs,iOtNLd8ZDDs.mp4,96.994,102.046,scene_cut_detected,,cutfix_full_tier1_20260729_01,tier1
iOtNLd8ZDDs,iOtNLd8ZDDs.mp4,102.306,109.598,scene_cut_detected,,cutfix_full_tier1_20260729_01,tier1
iOtNLd8ZDDs,iOtNLd8ZDDs.mp4,109.986,113.118,scene_cut_detected,,cutfix_full_tier1_20260729_01,tier1
iOtNLd8ZDDs,iOtNLd8ZDDs.mp4,113.282,118.654,scene_cut_detected,,cutfix_full_tier1_20260729_01,tier1
iOtNLd8ZDDs,iOtNLd8ZDDs.mp4,118.818,122.942,scene_cut_detected,,cutfix_full_tier1_20260729_01,tier1
iOtNLd8ZDDs,iOtNLd8ZDDs.mp4,125.474,127.262,segment_too_short,,cutfix_full_tier1_20260729_01,tier1
iOtNLd8ZDDs,iOtNLd8ZDDs.mp4,127.394,132.574,scene_cut_detected,,cutfix_full_tier1_20260729_01,tier1
iOtNLd8ZDDs,iOtNLd8ZDDs.mp4,133.026,138.686,scene_cut_detected,,cutfix_full_tier1_20260729_01,tier1
iOtNLd8ZDDs,iOtNLd8ZDDs.mp4,139.01,145.246,scene_cut_detected,,cutfix_full_tier1_20260729_01,tier1
iOtNLd8ZDDs,iOtNLd8ZDDs.mp4,145.602,146.302,segment_too_short,,cutfix_full_tier1_20260729_01,tier1
iOtNLd8ZDDs,iOtNLd8ZDDs.mp4,150.082,151.966,segment_too_short,,cutfix_full_tier1_20260729_01,tier1
iOtNLd8ZDDs,iOtNLd8ZDDs.mp4,152.066,161.758,scene_cut_detected,,cutfix_full_tier1_20260729_01,tier1
iOtNLd8ZDDs,iOtNLd8ZDDs.mp4,161.89,171.742,scene_cut_detected,,cutfix_full_tier1_20260729_01,tier1
iOtNLd8ZDDs,iOtNLd8ZDDs.mp4,172.162,182.91,scene_cut_detected,,cutfix_full_tier1_20260729_01,tier1
iOtNLd8ZDDs,iOtNLd8ZDDs.mp4,183.522,187.806,scene_cut_detected,,cutfix_full_tier1_20260729_01,tier1
iOtNLd8ZDDs,iOtNLd8ZDDs.mp4,188.002,195.486,scene_cut_detected,,cutfix_full_tier1_20260729_01,tier1
iOtNLd8ZDDs,iOtNLd8ZDDs.mp4,195.618,198.782,scene_cut_detected,,cutfix_full_tier1_20260729_01,tier1
iOtNLd8ZDDs,iOtNLd8ZDDs.mp4,199.042,202.718,scene_cut_detected,,cutfix_full_tier1_20260729_01,tier1
iOtNLd8ZDDs,iOtNLd8ZDDs.mp4,202.818,208.19,scene_cut_detected,,cutfix_full_tier1_20260729_01,tier1
iOtNLd8ZDDs,iOtNLd8ZDDs.mp4,209.57,214.174,scene_cut_detected,,cutfix_full_tier1_20260729_01,tier1
iOtNLd8ZDDs,iOtNLd8ZDDs.mp4,214.626,219.518,scene_cut_detected,,cutfix_full_tier1_20260729_01,tier1
iOtNLd8ZDDs,iOtNLd8ZDDs.mp4,219.746,221.662,segment_too_short,,cutfix_full_tier1_20260729_01,tier1
iOtNLd8ZDDs,iOtNLd8ZDDs.mp4,222.05,227.198,scene_cut_detected,,cutfix_full_tier1_20260729_01,tier1
iOtNLd8ZDDs,iOtNLd8ZDDs.mp4,227.298,227.646,segment_too_short,,cutfix_full_tier1_20260729_01,tier1
iOtNLd8ZDDs,iOtNLd8ZDDs.mp4,227.81,229.054,segment_too_short,,cutfix_full_tier1_20260729_01,tier1
iOtNLd8ZDDs,iOtNLd8ZDDs.mp4,229.218,230.526,segment_too_short,,cutfix_full_tier1_20260729_01,tier1
iOtNLd8ZDDs,iOtNLd8ZDDs.mp4,231.01,237.278,scene_cut_detected,,cutfix_full_tier1_20260729_01,tier1
iOtNLd8ZDDs,iOtNLd8ZDDs.mp4,237.538,239.39,segment_too_short,,cutfix_full_tier1_20260729_01,tier1
iOtNLd8ZDDs,iOtNLd8ZDDs.mp4,242.05,247.614,scene_cut_detected,,cutfix_full_tier1_20260729_01,tier1
iOtNLd8ZDDs,iOtNLd8ZDDs.mp4,248.162,256.574,scene_cut_detected,,cutfix_full_tier1_20260729_01,tier1
iOtNLd8ZDDs,iOtNLd8ZDDs.mp4,256.898,258.398,segment_too_short,,cutfix_full_tier1_20260729_01,tier1
iOtNLd8ZDDs,iOtNLd8ZDDs.mp4,261.186,261.63,segment_too_short,,cutfix_full_tier1_20260729_01,tier1
iOtNLd8ZDDs,iOtNLd8ZDDs.mp4,264.706,269.15,scene_cut_detected,,cutfix_full_tier1_20260729_01,tier1
iOtNLd8ZDDs,iOtNLd8ZDDs.mp4,269.41,271.166,segment_too_short,,cutfix_full_tier1_20260729_01,tier1
iOtNLd8ZDDs,iOtNLd8ZDDs.mp4,271.266,273.214,segment_too_short,,cutfix_full_tier1_20260729_01,tier1
iOtNLd8ZDDs,iOtNLd8ZDDs.mp4,273.346,273.854,segment_too_short,,cutfix_full_tier1_20260729_01,tier1
iOtNLd8ZDDs,iOtNLd8ZDDs.mp4,274.114,275.486,segment_too_short,,cutfix_full_tier1_20260729_01,tier1
iOtNLd8ZDDs,iOtNLd8ZDDs.mp4,275.586,281.182,scene_cut_detected,,cutfix_full_tier1_20260729_01,tier1
iOtNLd8ZDDs,iOtNLd8ZDDs.mp4,281.634,291.39,scene_cut_detected,,cutfix_full_tier1_20260729_01,tier1
iOtNLd8ZDDs,iOtNLd8ZDDs.mp4,291.746,292.99,segment_too_short,,cutfix_full_tier1_20260729_01,tier1
iOtNLd8ZDDs,iOtNLd8ZDDs.mp4,293.122,294.846,segment_too_short,,cutfix_full_tier1_20260729_01,tier1
iOtNLd8ZDDs,iOtNLd8ZDDs.mp4,297.538,298.558,segment_too_short,,cutfix_full_tier1_20260729_01,tier1
iOtNLd8ZDDs,iOtNLd8ZDDs.mp4,299.01,302.654,scene_cut_detected,,cutfix_full_tier1_20260729_01,tier1
iOtNLd8ZDDs,iOtNLd8ZDDs.mp4,302.978,305.886,scene_cut_detected,,cutfix_full_tier1_20260729_01,tier1
iOtNLd8ZDDs,iOtNLd8ZDDs.mp4,306.818,311.818,scene_cut_detected,,cutfix_full_tier1_20260729_01,tier1
iOtNLd8ZDDs,iOtNLd8ZDDs.mp4,310.818,315.818,scene_cut_detected,,cutfix_full_tier1_20260729_01,tier1
iOtNLd8ZDDs,iOtNLd8ZDDs.mp4,314.818,319.326,scene_cut_detected,,cutfix_full_tier1_20260729_01,tier1
iOtNLd8ZDDs,iOtNLd8ZDDs.mp4,319.458,330.078,scene_cut_detected,,cutfix_full_tier1_20260729_01,tier1
iOtNLd8ZDDs,iOtNLd8ZDDs.mp4,330.178,332.286,scene_cut_detected,,cutfix_full_tier1_20260729_01,tier1
iOtNLd8ZDDs,iOtNLd8ZDDs.mp4,332.546,337.278,scene_cut_detected,,cutfix_full_tier1_20260729_01,tier1
iOtNLd8ZDDs,iOtNLd8ZDDs.mp4,337.538,343.742,scene_cut_detected,,cutfix_full_tier1_20260729_01,tier1
iOtNLd8ZDDs,iOtNLd8ZDDs.mp4,343.906,348.906,scene_cut_detected,,cutfix_full_tier1_20260729_01,tier1
iOtNLd8ZDDs,iOtNLd8ZDDs.mp4,347.906,352.906,scene_cut_detected,,cutfix_full_tier1_20260729_01,tier1
iOtNLd8ZDDs,iOtNLd8ZDDs.mp4,351.906,356.906,scene_cut_detected,,cutfix_full_tier1_20260729_01,tier1
iOtNLd8ZDDs,iOtNLd8ZDDs.mp4,355.906,359.902,scene_cut_detected,,cutfix_full_tier1_20260729_01,tier1
iOtNLd8ZDDs,iOtNLd8ZDDs.mp4,360.034,360.67,segment_too_short,,cutfix_full_tier1_20260729_01,tier1
iOtNLd8ZDDs,iOtNLd8ZDDs.mp4,361.666,362.718,segment_too_short,,cutfix_full_tier1_20260729_01,tier1
iOtNLd8ZDDs,iOtNLd8ZDDs.mp4,368.642,369.63,segment_too_short,,cutfix_full_tier1_20260729_01,tier1
iOtNLd8ZDDs,iOtNLd8ZDDs.mp4,370.178,373.822,scene_cut_detected,,cutfix_full_tier1_20260729_01,tier1
iOtNLd8ZDDs,iOtNLd8ZDDs.mp4,378.882,386.718,scene_cut_detected,,cutfix_full_tier1_20260729_01,tier1
iOtNLd8ZDDs,iOtNLd8ZDDs.mp4,387.01,398.11,scene_cut_detected,,cutfix_full_tier1_20260729_01,tier1
iOtNLd8ZDDs,iOtNLd8ZDDs.mp4,398.306,399.838,segment_too_short,,cutfix_full_tier1_20260729_01,tier1
iOtNLd8ZDDs,iOtNLd8ZDDs.mp4,400.13,401.534,segment_too_short,,cutfix_full_tier1_20260729_01,tier1
iOtNLd8ZDDs,iOtNLd8ZDDs.mp4,401.73,402.27,segment_too_short,,cutfix_full_tier1_20260729_01,tier1
iOtNLd8ZDDs,iOtNLd8ZDDs.mp4,402.434,402.942,segment_too_short,,cutfix_full_tier1_20260729_01,tier1
iOtNLd8ZDDs,iOtNLd8ZDDs.mp4,403.33,413.054,scene_cut_detected,,cutfix_full_tier1_20260729_01,tier1
iOtNLd8ZDDs,iOtNLd8ZDDs.mp4,413.218,420.734,scene_cut_detected,,cutfix_full_tier1_20260729_01,tier1
iOtNLd8ZDDs,iOtNLd8ZDDs.mp4,420.93,424.382,scene_cut_detected,,cutfix_full_tier1_20260729_01,tier1
iOtNLd8ZDDs,iOtNLd8ZDDs.mp4,424.642,428.734,scene_cut_detected,,cutfix_full_tier1_20260729_01,tier1
iOtNLd8ZDDs,iOtNLd8ZDDs.mp4,428.898,431.838,scene_cut_detected,,cutfix_full_tier1_20260729_01,tier1
iOtNLd8ZDDs,iOtNLd8ZDDs.mp4,432.546,432.926,segment_too_short,,cutfix_full_tier1_20260729_01,tier1
iOtNLd8ZDDs,iOtNLd8ZDDs.mp4,433.378,433.982,segment_too_short,,cutfix_full_tier1_20260729_01,tier1
iOtNLd8ZDDs,iOtNLd8ZDDs.mp4,434.658,437.758,scene_cut_detected,,cutfix_full_tier1_20260729_01,tier1
iOtNLd8ZDDs,iOtNLd8ZDDs.mp4,438.018,442.718,scene_cut_detected,,cutfix_full_tier1_20260729_01,tier1
iOtNLd8ZDDs,iOtNLd8ZDDs.mp4,443.234,451.87,scene_cut_detected,,cutfix_full_tier1_20260729_01,tier1
iOtNLd8ZDDs,iOtNLd8ZDDs.mp4,452.066,453.79,segment_too_short,,cutfix_full_tier1_20260729_01,tier1
iOtNLd8ZDDs,iOtNLd8ZDDs.mp4,453.922,455.838,segment_too_short,,cutfix_full_tier1_20260729_01,tier1
iOtNLd8ZDDs,iOtNLd8ZDDs.mp4,455.97,465.214,scene_cut_detected,,cutfix_full_tier1_20260729_01,tier1
iOtNLd8ZDDs,iOtNLd8ZDDs.mp4,465.442,472.542,scene_cut_detected,,cutfix_full_tier1_20260729_01,tier1
iOtNLd8ZDDs,iOtNLd8ZDDs.mp4,475.714,477.47,segment_too_short,,cutfix_full_tier1_20260729_01,tier1
iOtNLd8ZDDs,iOtNLd8ZDDs.mp4,477.602,479.582,segment_too_short,,cutfix_full_tier1_20260729_01,tier1
iOtNLd8ZDDs,iOtNLd8ZDDs.mp4,480.354,485.694,scene_cut_detected,,cutfix_full_tier1_20260729_01,tier1
iOtNLd8ZDDs,iOtNLd8ZDDs.mp4,488.93,489.95,segment_too_short,,cutfix_full_tier1_20260729_01,tier1
iOtNLd8ZDDs,iOtNLd8ZDDs.mp4,490.466,491.87,segment_too_short,,cutfix_full_tier1_20260729_01,tier1
iOtNLd8ZDDs,iOtNLd8ZDDs.mp4,492.258,493.982,segment_too_short,,cutfix_full_tier1_20260729_01,tier1
iOtNLd8ZDDs,iOtNLd8ZDDs.mp4,494.402,498.59,scene_cut_detected,,cutfix_full_tier1_20260729_01,tier1
iOtNLd8ZDDs,iOtNLd8ZDDs.mp4,498.754,508.99,scene_cut_detected,,cutfix_full_tier1_20260729_01,tier1
iOtNLd8ZDDs,iOtNLd8ZDDs.mp4,512.13,518.91,scene_cut_detected,,cutfix_full_tier1_20260729_01,tier1
iOtNLd8ZDDs,iOtNLd8ZDDs.mp4,519.01,524.094,scene_cut_detected,,cutfix_full_tier1_20260729_01,tier1
iOtNLd8ZDDs,iOtNLd8ZDDs.mp4,524.674,525.662,segment_too_short,,cutfix_full_tier1_20260729_01,tier1
iOtNLd8ZDDs,iOtNLd8ZDDs.mp4,525.986,527.87,segment_too_short,,cutfix_full_tier1_20260729_01,tier1
iOtNLd8ZDDs,iOtNLd8ZDDs.mp4,528.13,530.206,scene_cut_detected,,cutfix_full_tier1_20260729_01,tier1
iOtNLd8ZDDs,iOtNLd8ZDDs.mp4,530.306,531.806,segment_too_short,,cutfix_full_tier1_20260729_01,tier1
iOtNLd8ZDDs,iOtNLd8ZDDs.mp4,535.426,536.606,segment_too_short,,cutfix_full_tier1_20260729_01,tier1
iOtNLd8ZDDs,iOtNLd8ZDDs.mp4,536.77,539.39,scene_cut_detected,,cutfix_full_tier1_20260729_01,tier1
iOtNLd8ZDDs,iOtNLd8ZDDs.mp4,546.434,554.398,scene_cut_detected,,cutfix_full_tier1_20260729_01,tier1
iOtNLd8ZDDs,iOtNLd8ZDDs.mp4,554.53,560.35,scene_cut_detected,,cutfix_full_tier1_20260729_01,tier1
iOtNLd8ZDDs,iOtNLd8ZDDs.mp4,560.482,561.31,segment_too_short,,cutfix_full_tier1_20260729_01,tier1
iOtNLd8ZDDs,iOtNLd8ZDDs.mp4,561.474,568.926,scene_cut_detected,,cutfix_full_tier1_20260729_01,tier1
iOtNLd8ZDDs,iOtNLd8ZDDs.mp4,572.098,579.71,scene_cut_detected,,cutfix_full_tier1_20260729_01,tier1
iOtNLd8ZDDs,iOtNLd8ZDDs.mp4,580.002,585.47,scene_cut_detected,,cutfix_full_tier1_20260729_01,tier1
iOtNLd8ZDDs,iOtNLd8ZDDs.mp4,585.954,588.286,scene_cut_detected,,cutfix_full_tier1_20260729_01,tier1
iOtNLd8ZDDs,iOtNLd8ZDDs.mp4,588.418,593.418,scene_cut_detected,,cutfix_full_tier1_20260729_01,tier1
iOtNLd8ZDDs,iOtNLd8ZDDs.mp4,592.418,597.418,scene_cut_detected,,cutfix_full_tier1_20260729_01,tier1
iOtNLd8ZDDs,iOtNLd8ZDDs.mp4,596.418,601.418,scene_cut_detected,,cutfix_full_tier1_20260729_01,tier1
iOtNLd8ZDDs,iOtNLd8ZDDs.mp4,602.37,608.35,scene_cut_detected,,cutfix_full_tier1_20260729_01,tier1
iOtNLd8ZDDs,iOtNLd8ZDDs.mp4,608.45,609.534,segment_too_short,,cutfix_full_tier1_20260729_01,tier1
iOtNLd8ZDDs,iOtNLd8ZDDs.mp4,610.05,610.43,segment_too_short,,cutfix_full_tier1_20260729_01,tier1
iOtNLd8ZDDs,iOtNLd8ZDDs.mp4,610.658,613.95,scene_cut_detected,,cutfix_full_tier1_20260729_01,tier1
iOtNLd8ZDDs,iOtNLd8ZDDs.mp4,614.178,619.998,scene_cut_detected,,cutfix_full_tier1_20260729_01,tier1
iOtNLd8ZDDs,iOtNLd8ZDDs.mp4,620.13,621.566,segment_too_short,,cutfix_full_tier1_20260729_01,tier1
iOtNLd8ZDDs,iOtNLd8ZDDs.mp4,621.794,626.27,scene_cut_detected,,cutfix_full_tier1_20260729_01,tier1
iOtNLd8ZDDs,iOtNLd8ZDDs.mp4,630.914,632.35,segment_too_short,,cutfix_full_tier1_20260729_01,tier1
iOtNLd8ZDDs,iOtNLd8ZDDs.mp4,632.45,636.414,scene_cut_detected,,cutfix_full_tier1_20260729_01,tier1
iOtNLd8ZDDs,iOtNLd8ZDDs.mp4,639.074,640.35,segment_too_short,,cutfix_full_tier1_20260729_01,tier1
iOtNLd8ZDDs,iOtNLd8ZDDs.mp4,640.578,641.182,segment_too_short,,cutfix_full_tier1_20260729_01,tier1
iOtNLd8ZDDs,iOtNLd8ZDDs.mp4,644.162,645.854,segment_too_short,,cutfix_full_tier1_20260729_01,tier1
iOtNLd8ZDDs,iOtNLd8ZDDs.mp4,646.466,647.646,segment_too_short,,cutfix_full_tier1_20260729_01,tier1
iOtNLd8ZDDs,iOtNLd8ZDDs.mp4,652.386,653.95,segment_too_short,,cutfix_full_tier1_20260729_01,tier1
iOtNLd8ZDDs,iOtNLd8ZDDs.mp4,654.274,655.998,segment_too_short,,cutfix_full_tier1_20260729_01,tier1
iOtNLd8ZDDs,iOtNLd8ZDDs.mp4,656.194,656.798,segment_too_short,,cutfix_full_tier1_20260729_01,tier1
iOtNLd8ZDDs,iOtNLd8ZDDs.mp4,656.93,658.302,segment_too_short,,cutfix_full_tier1_20260729_01,tier1
iOtNLd8ZDDs,iOtNLd8ZDDs.mp4,658.402,666.43,scene_cut_detected,,cutfix_full_tier1_20260729_01,tier1
iOtNLd8ZDDs,iOtNLd8ZDDs.mp4,666.978,670.206,scene_cut_detected,,cutfix_full_tier1_20260729_01,tier1
iOtNLd8ZDDs,iOtNLd8ZDDs.mp4,673.09,681.47,scene_cut_detected,,cutfix_full_tier1_20260729_01,tier1
iOtNLd8ZDDs,iOtNLd8ZDDs.mp4,682.434,688.542,scene_cut_detected,,cutfix_full_tier1_20260729_01,tier1
iOtNLd8ZDDs,iOtNLd8ZDDs.mp4,688.674,691.102,face_density_low,,cutfix_full_tier1_20260729_01,tier1
iOtNLd8ZDDs,iOtNLd8ZDDs.mp4,691.362,700.094,scene_cut_detected,,cutfix_full_tier1_20260729_01,tier1
iOtNLd8ZDDs,iOtNLd8ZDDs.mp4,700.674,701.502,segment_too_short,,cutfix_full_tier1_20260729_01,tier1
iOtNLd8ZDDs,iOtNLd8ZDDs.mp4,701.698,709.854,scene_cut_detected,,cutfix_full_tier1_20260729_01,tier1
iOtNLd8ZDDs,iOtNLd8ZDDs.mp4,710.018,711.39,segment_too_short,,cutfix_full_tier1_20260729_01,tier1
ibbTw714WuI,ibbTw714WuI.mp4,15.97,16.958,segment_too_short,,cutfix_full_tier1_20260729_01,tier1
ibbTw714WuI,ibbTw714WuI.mp4,17.378,18.366,segment_too_short,,cutfix_full_tier1_20260729_01,tier1
ibbTw714WuI,ibbTw714WuI.mp4,18.626,19.678,segment_too_short,,cutfix_full_tier1_20260729_01,tier1
ibbTw714WuI,ibbTw714WuI.mp4,20.098,20.862,segment_too_short,,cutfix_full_tier1_20260729_01,tier1
ibbTw714WuI,ibbTw714WuI.mp4,20.994,22.046,segment_too_short,,cutfix_full_tier1_20260729_01,tier1
ibbTw714WuI,ibbTw714WuI.mp4,33.186,42.078,scene_cut_detected,,cutfix_full_tier1_20260729_01,tier1
ibbTw714WuI,ibbTw714WuI.mp4,44.802,46.27,segment_too_short,,cutfix_full_tier1_20260729_01,tier1
ibbTw714WuI,ibbTw714WuI.mp4,46.562,51.55,scene_cut_detected,,cutfix_full_tier1_20260729_01,tier1
ibbTw714WuI,ibbTw714WuI.mp4,52.098,53.022,segment_too_short,,cutfix_full_tier1_20260729_01,tier1
ibbTw714WuI,ibbTw714WuI.mp4,59.01,66.942,scene_cut_detected,,cutfix_full_tier1_20260729_01,tier1
ibbTw714WuI,ibbTw714WuI.mp4,67.266,73.918,scene_cut_detected,,cutfix_full_tier1_20260729_01,tier1
ibbTw714WuI,ibbTw714WuI.mp4,81.058,82.686,segment_too_short,,cutfix_full_tier1_20260729_01,tier1
ibbTw714WuI,ibbTw714WuI.mp4,86.274,91.198,scene_cut_detected,,cutfix_full_tier1_20260729_01,tier1
ibbTw714WuI,ibbTw714WuI.mp4,91.33,91.774,segment_too_short,,cutfix_full_tier1_20260729_01,tier1
ibbTw714WuI,ibbTw714WuI.mp4,96.866,99.966,scene_cut_detected,,cutfix_full_tier1_20260729_01,tier1
ibbTw714WuI,ibbTw714WuI.mp4,100.482,101.246,segment_too_short,,cutfix_full_tier1_20260729_01,tier1
ibbTw714WuI,ibbTw714WuI.mp4,107.33,109.214,segment_too_short,,cutfix_full_tier1_20260729_01,tier1
ibbTw714WuI,ibbTw714WuI.mp4,112.258,121.886,scene_cut_detected,,cutfix_full_tier1_20260729_01,tier1
ibbTw714WuI,ibbTw714WuI.mp4,126.082,126.91,segment_too_short,,cutfix_full_tier1_20260729_01,tier1
ibbTw714WuI,ibbTw714WuI.mp4,139.778,140.19,segment_too_short,,cutfix_full_tier1_20260729_01,tier1
ibbTw714WuI,ibbTw714WuI.mp4,140.354,141.502,segment_too_short,,cutfix_full_tier1_20260729_01,tier1
ibbTw714WuI,ibbTw714WuI.mp4,147.01,147.678,segment_too_short,,cutfix_full_tier1_20260729_01,tier1
ibbTw714WuI,ibbTw714WuI.mp4,152.002,152.894,segment_too_short,,cutfix_full_tier1_20260729_01,tier1
ibbTw714WuI,ibbTw714WuI.mp4,170.018,170.942,segment_too_short,,cutfix_full_tier1_20260729_01,tier1
ibbTw714WuI,ibbTw714WuI.mp4,171.49,175.102,scene_cut_detected,,cutfix_full_tier1_20260729_01,tier1
ibbTw714WuI,ibbTw714WuI.mp4,175.49,176.83,segment_too_short,,cutfix_full_tier1_20260729_01,tier1
ibbTw714WuI,ibbTw714WuI.mp4,184.706,188.51,scene_cut_detected,,cutfix_full_tier1_20260729_01,tier1
ibbTw714WuI,ibbTw714WuI.mp4,192.034,192.702,segment_too_short,,cutfix_full_tier1_20260729_01,tier1
ibbTw714WuI,ibbTw714WuI.mp4,192.834,194.238,segment_too_short,,cutfix_full_tier1_20260729_01,tier1
ibbTw714WuI,ibbTw714WuI.mp4,204.642,206.59,segment_too_short,,cutfix_full_tier1_20260729_01,tier1
ibbTw714WuI,ibbTw714WuI.mp4,206.754,207.614,segment_too_short,,cutfix_full_tier1_20260729_01,tier1
ibbTw714WuI,ibbTw714WuI.mp4,208.034,209.854,segment_too_short,,cutfix_full_tier1_20260729_01,tier1
ibbTw714WuI,ibbTw714WuI.mp4,210.498,211.134,segment_too_short,,cutfix_full_tier1_20260729_01,tier1
ibbTw714WuI,ibbTw714WuI.mp4,225.026,226.206,segment_too_short,,cutfix_full_tier1_20260729_01,tier1
ibbTw714WuI,ibbTw714WuI.mp4,226.434,227.39,segment_too_short,,cutfix_full_tier1_20260729_01,tier1
ibbTw714WuI,ibbTw714WuI.mp4,227.746,228.318,segment_too_short,,cutfix_full_tier1_20260729_01,tier1
ibbTw714WuI,ibbTw714WuI.mp4,235.778,237.406,segment_too_short,,cutfix_full_tier1_20260729_01,tier1
ibbTw714WuI,ibbTw714WuI.mp4,242.082,246.039,scene_cut_detected,,cutfix_full_tier1_20260729_01,tier1
icH29Xye5Uc,icH29Xye5Uc.mp4,21.506,22.366,segment_too_short,,cutfix_full_tier1_20260729_01,tier1
icH29Xye5Uc,icH29Xye5Uc.mp4,36.13,37.534,segment_too_short,,cutfix_full_tier1_20260729_01,tier1
icH29Xye5Uc,icH29Xye5Uc.mp4,44.546,55.678,scene_cut_detected,,cutfix_full_tier1_20260729_01,tier1
icH29Xye5Uc,icH29Xye5Uc.mp4,57.442,61.79,scene_cut_detected,,cutfix_full_tier1_20260729_01,tier1
icH29Xye5Uc,icH29Xye5Uc.mp4,77.122,78.526,segment_too_short,,cutfix_full_tier1_20260729_01,tier1
icH29Xye5Uc,icH29Xye5Uc.mp4,96.162,102.43,scene_cut_detected,,cutfix_full_tier1_20260729_01,tier1
icH29Xye5Uc,icH29Xye5Uc.mp4,102.658,107.774,scene_cut_detected,,cutfix_full_tier1_20260729_01,tier1
icH29Xye5Uc,icH29Xye5Uc.mp4,108.034,110.238,scene_cut_detected,,cutfix_full_tier1_20260729_01,tier1
icH29Xye5Uc,icH29Xye5Uc.mp4,128.098,132.414,scene_cut_detected,,cutfix_full_tier1_20260729_01,tier1
icH29Xye5Uc,icH29Xye5Uc.mp4,132.578,135.486,scene_cut_detected,,cutfix_full_tier1_20260729_01,tier1
icH29Xye5Uc,icH29Xye5Uc.mp4,135.938,138.206,scene_cut_detected,,cutfix_full_tier1_20260729_01,tier1
icH29Xye5Uc,icH29Xye5Uc.mp4,138.562,141.854,scene_cut_detected,,cutfix_full_tier1_20260729_01,tier1
icH29Xye5Uc,icH29Xye5Uc.mp4,142.018,144.446,scene_cut_detected,,cutfix_full_tier1_20260729_01,tier1
icH29Xye5Uc,icH29Xye5Uc.mp4,144.866,148.734,scene_cut_detected,,cutfix_full_tier1_20260729_01,tier1
icH29Xye5Uc,icH29Xye5Uc.mp4,149.186,153.182,scene_cut_detected,,cutfix_full_tier1_20260729_01,tier1
icH29Xye5Uc,icH29Xye5Uc.mp4,156.386,157.726,segment_too_short,,cutfix_full_tier1_20260729_01,tier1
icH29Xye5Uc,icH29Xye5Uc.mp4,157.858,160.062,scene_cut_detected,,cutfix_full_tier1_20260729_01,tier1
icH29Xye5Uc,icH29Xye5Uc.mp4,160.258,161.566,segment_too_short,,cutfix_full_tier1_20260729_01,tier1
icH29Xye5Uc,icH29Xye5Uc.mp4,161.666,163.582,segment_too_short,,cutfix_full_tier1_20260729_01,tier1
icH29Xye5Uc,icH29Xye5Uc.mp4,163.81,164.702,segment_too_short,,cutfix_full_tier1_20260729_01,tier1
icH29Xye5Uc,icH29Xye5Uc.mp4,164.834,168.062,scene_cut_detected,,cutfix_full_tier1_20260729_01,tier1
icH29Xye5Uc,icH29Xye5Uc.mp4,171.394,175.518,scene_cut_detected,,cutfix_full_tier1_20260729_01,tier1
icH29Xye5Uc,icH29Xye5Uc.mp4,175.682,178.206,scene_cut_detected,,cutfix_full_tier1_20260729_01,tier1
icH29Xye5Uc,icH29Xye5Uc.mp4,180.226,186.462,scene_cut_detected,,cutfix_full_tier1_20260729_01,tier1
icH29Xye5Uc,icH29Xye5Uc.mp4,186.914,191.166,scene_cut_detected,,cutfix_full_tier1_20260729_01,tier1
icH29Xye5Uc,icH29Xye5Uc.mp4,191.874,198.974,scene_cut_detected,,cutfix_full_tier1_20260729_01,tier1
icH29Xye5Uc,icH29Xye5Uc.mp4,199.298,205.726,scene_cut_detected,,cutfix_full_tier1_20260729_01,tier1
icH29Xye5Uc,icH29Xye5Uc.mp4,206.338,208.094,segment_too_short,,cutfix_full_tier1_20260729_01,tier1
icH29Xye5Uc,icH29Xye5Uc.mp4,208.258,213.118,scene_cut_detected,,cutfix_full_tier1_20260729_01,tier1
icH29Xye5Uc,icH29Xye5Uc.mp4,222.178,230.078,scene_cut_detected,,cutfix_full_tier1_20260729_01,tier1
icH29Xye5Uc,icH29Xye5Uc.mp4,230.594,233.726,scene_cut_detected,,cutfix_full_tier1_20260729_01,tier1
icH29Xye5Uc,icH29Xye5Uc.mp4,236.226,238.046,segment_too_short,,cutfix_full_tier1_20260729_01,tier1
icH29Xye5Uc,icH29Xye5Uc.mp4,238.786,246.398,scene_cut_detected,,cutfix_full_tier1_20260729_01,tier1
icH29Xye5Uc,icH29Xye5Uc.mp4,249.442,253.246,scene_cut_detected,,cutfix_full_tier1_20260729_01,tier1
icH29Xye5Uc,icH29Xye5Uc.mp4,256.994,258.526,segment_too_short,,cutfix_full_tier1_20260729_01,tier1
icH29Xye5Uc,icH29Xye5Uc.mp4,258.818,261.662,scene_cut_detected,,cutfix_full_tier1_20260729_01,tier1
icH29Xye5Uc,icH29Xye5Uc.mp4,261.954,269.502,scene_cut_detected,,cutfix_full_tier1_20260729_01,tier1
icH29Xye5Uc,icH29Xye5Uc.mp4,270.018,274.046,scene_cut_detected,,cutfix_full_tier1_20260729_01,tier1
icH29Xye5Uc,icH29Xye5Uc.mp4,274.178,278.302,scene_cut_detected,,cutfix_full_tier1_20260729_01,tier1
icH29Xye5Uc,icH29Xye5Uc.mp4,278.402,279.198,segment_too_short,,cutfix_full_tier1_20260729_01,tier1
icH29Xye5Uc,icH29Xye5Uc.mp4,279.554,283.582,scene_cut_detected,,cutfix_full_tier1_20260729_01,tier1
icH29Xye5Uc,icH29Xye5Uc.mp4,283.842,286.878,scene_cut_detected,,cutfix_full_tier1_20260729_01,tier1
icH29Xye5Uc,icH29Xye5Uc.mp4,294.978,303.966,scene_cut_detected,,cutfix_full_tier1_20260729_01,tier1
icH29Xye5Uc,icH29Xye5Uc.mp4,304.482,311.358,scene_cut_detected,,cutfix_full_tier1_20260729_01,tier1
icH29Xye5Uc,icH29Xye5Uc.mp4,315.202,318.526,scene_cut_detected,,cutfix_full_tier1_20260729_01,tier1
icH29Xye5Uc,icH29Xye5Uc.mp4,318.946,322.238,scene_cut_detected,,cutfix_full_tier1_20260729_01,tier1
icH29Xye5Uc,icH29Xye5Uc.mp4,334.274,336.158,segment_too_short,,cutfix_full_tier1_20260729_01,tier1
icH29Xye5Uc,icH29Xye5Uc.mp4,339.81,342.846,face_density_low,,cutfix_full_tier1_20260729_01,tier1
icH29Xye5Uc,icH29Xye5Uc.mp4,343.042,344.414,segment_too_short,,cutfix_full_tier1_20260729_01,tier1
icH29Xye5Uc,icH29Xye5Uc.mp4,344.61,345.918,segment_too_short,,cutfix_full_tier1_20260729_01,tier1
icH29Xye5Uc,icH29Xye5Uc.mp4,348.674,350.686,scene_cut_detected,,cutfix_full_tier1_20260729_01,tier1
icH29Xye5Uc,icH29Xye5Uc.mp4,350.882,354.174,scene_cut_detected,,cutfix_full_tier1_20260729_01,tier1
icH29Xye5Uc,icH29Xye5Uc.mp4,354.466,356.734,scene_cut_detected,,cutfix_full_tier1_20260729_01,tier1
icH29Xye5Uc,icH29Xye5Uc.mp4,357.282,361.566,scene_cut_detected,,cutfix_full_tier1_20260729_01,tier1
icH29Xye5Uc,icH29Xye5Uc.mp4,361.922,366.878,scene_cut_detected,,cutfix_full_tier1_20260729_01,tier1
icH29Xye5Uc,icH29Xye5Uc.mp4,369.538,373.694,scene_cut_detected,,cutfix_full_tier1_20260729_01,tier1
icH29Xye5Uc,icH29Xye5Uc.mp4,382.338,383.902,segment_too_short,,cutfix_full_tier1_20260729_01,tier1
icH29Xye5Uc,icH29Xye5Uc.mp4,394.594,397.31,scene_cut_detected,,cutfix_full_tier1_20260729_01,tier1
icH29Xye5Uc,icH29Xye5Uc.mp4,397.538,398.974,segment_too_short,,cutfix_full_tier1_20260729_01,tier1
icH29Xye5Uc,icH29Xye5Uc.mp4,399.234,402.878,face_density_low,,cutfix_full_tier1_20260729_01,tier1
icH29Xye5Uc,icH29Xye5Uc.mp4,403.394,404.35,segment_too_short,,cutfix_full_tier1_20260729_01,tier1
icH29Xye5Uc,icH29Xye5Uc.mp4,404.45,406.174,segment_too_short,,cutfix_full_tier1_20260729_01,tier1
icH29Xye5Uc,icH29Xye5Uc.mp4,406.274,407.678,segment_too_short,,cutfix_full_tier1_20260729_01,tier1
icH29Xye5Uc,icH29Xye5Uc.mp4,407.778,408.99,segment_too_short,,cutfix_full_tier1_20260729_01,tier1
icH29Xye5Uc,icH29Xye5Uc.mp4,409.186,410.75,segment_too_short,,cutfix_full_tier1_20260729_01,tier1
icH29Xye5Uc,icH29Xye5Uc.mp4,411.234,413.982,face_density_low,,cutfix_full_tier1_20260729_01,tier1
icH29Xye5Uc,icH29Xye5Uc.mp4,414.178,419.006,scene_cut_detected,,cutfix_full_tier1_20260729_01,tier1
icH29Xye5Uc,icH29Xye5Uc.mp4,419.17,421.438,scene_cut_detected,,cutfix_full_tier1_20260729_01,tier1
icH29Xye5Uc,icH29Xye5Uc.mp4,421.762,425.47,face_density_low,,cutfix_full_tier1_20260729_01,tier1
icH29Xye5Uc,icH29Xye5Uc.mp4,425.666,426.878,segment_too_short,,cutfix_full_tier1_20260729_01,tier1
icH29Xye5Uc,icH29Xye5Uc.mp4,438.05,443.23,scene_cut_detected,,cutfix_full_tier1_20260729_01,tier1
icH29Xye5Uc,icH29Xye5Uc.mp4,447.746,449.598,segment_too_short,,cutfix_full_tier1_20260729_01,tier1
icH29Xye5Uc,icH29Xye5Uc.mp4,449.954,452.798,scene_cut_detected,,cutfix_full_tier1_20260729_01,tier1
icH29Xye5Uc,icH29Xye5Uc.mp4,459.234,460.926,segment_too_short,,cutfix_full_tier1_20260729_01,tier1
icH29Xye5Uc,icH29Xye5Uc.mp4,492.866,493.63,segment_too_short,,cutfix_full_tier1_20260729_01,tier1
icH29Xye5Uc,icH29Xye5Uc.mp4,503.138,504.542,segment_too_short,,cutfix_full_tier1_20260729_01,tier1
icH29Xye5Uc,icH29Xye5Uc.mp4,506.114,512.158,face_density_low,,cutfix_full_tier1_20260729_01,tier1
icH29Xye5Uc,icH29Xye5Uc.mp4,512.834,514.334,segment_too_short,,cutfix_full_tier1_20260729_01,tier1
icH29Xye5Uc,icH29Xye5Uc.mp4,518.914,521.63,scene_cut_detected,,cutfix_full_tier1_20260729_01,tier1
icH29Xye5Uc,icH29Xye5Uc.mp4,521.826,523.23,segment_too_short,,cutfix_full_tier1_20260729_01,tier1
icH29Xye5Uc,icH29Xye5Uc.mp4,529.506,532.062,scene_cut_detected,,cutfix_full_tier1_20260729_01,tier1
icH29Xye5Uc,icH29Xye5Uc.mp4,532.386,536.318,scene_cut_detected,,cutfix_full_tier1_20260729_01,tier1
icH29Xye5Uc,icH29Xye5Uc.mp4,540.034,541.342,segment_too_short,,cutfix_full_tier1_20260729_01,tier1
icH29Xye5Uc,icH29Xye5Uc.mp4,555.522,557.054,segment_too_short,,cutfix_full_tier1_20260729_01,tier1
icH29Xye5Uc,icH29Xye5Uc.mp4,561.986,563.294,segment_too_short,,cutfix_full_tier1_20260729_01,tier1
icH29Xye5Uc,icH29Xye5Uc.mp4,617.346,626.75,scene_cut_detected,,cutfix_full_tier1_20260729_01,tier1
icH29Xye5Uc,icH29Xye5Uc.mp4,626.914,630.75,scene_cut_detected,,cutfix_full_tier1_20260729_01,tier1
icH29Xye5Uc,icH29Xye5Uc.mp4,633.666,635.39,segment_too_short,,cutfix_full_tier1_20260729_01,tier1
icH29Xye5Uc,icH29Xye5Uc.mp4,636.034,638.494,scene_cut_detected,,cutfix_full_tier1_20260729_01,tier1
icH29Xye5Uc,icH29Xye5Uc.mp4,638.69,639.966,segment_too_short,,cutfix_full_tier1_20260729_01,tier1
icH29Xye5Uc,icH29Xye5Uc.mp4,640.098,641.566,segment_too_short,,cutfix_full_tier1_20260729_01,tier1
icH29Xye5Uc,icH29Xye5Uc.mp4,641.666,645.15,scene_cut_detected,,cutfix_full_tier1_20260729_01,tier1
icH29Xye5Uc,icH29Xye5Uc.mp4,654.946,656.286,segment_too_short,,cutfix_full_tier1_20260729_01,tier1
icH29Xye5Uc,icH29Xye5Uc.mp4,664.578,666.11,segment_too_short,,cutfix_full_tier1_20260729_01,tier1
icH29Xye5Uc,icH29Xye5Uc.mp4,677.666,683.934,scene_cut_detected,,cutfix_full_tier1_20260729_01,tier1
icH29Xye5Uc,icH29Xye5Uc.mp4,689.954,691.902,segment_too_short,,cutfix_full_tier1_20260729_01,tier1
icH29Xye5Uc,icH29Xye5Uc.mp4,692.258,697.95,scene_cut_detected,,cutfix_full_tier1_20260729_01,tier1
icH29Xye5Uc,icH29Xye5Uc.mp4,745.698,746.014,segment_too_short,,cutfix_full_tier1_20260729_01,tier1
icH29Xye5Uc,icH29Xye5Uc.mp4,760.962,762.718,segment_too_short,,cutfix_full_tier1_20260729_01,tier1
icH29Xye5Uc,icH29Xye5Uc.mp4,763.074,764.926,segment_too_short,,cutfix_full_tier1_20260729_01,tier1
icH29Xye5Uc,icH29Xye5Uc.mp4,766.85,770.11,scene_cut_detected,,cutfix_full_tier1_20260729_01,tier1
icH29Xye5Uc,icH29Xye5Uc.mp4,770.306,776.19,face_density_low,,cutfix_full_tier1_20260729_01,tier1
icH29Xye5Uc,icH29Xye5Uc.mp4,776.578,778.974,face_density_low,,cutfix_full_tier1_20260729_01,tier1
icH29Xye5Uc,icH29Xye5Uc.mp4,779.074,781.598,face_density_low,,cutfix_full_tier1_20260729_01,tier1
icH29Xye5Uc,icH29Xye5Uc.mp4,781.762,784.126,scene_cut_detected,,cutfix_full_tier1_20260729_01,tier1
icH29Xye5Uc,icH29Xye5Uc.mp4,784.546,787.582,face_density_low,,cutfix_full_tier1_20260729_01,tier1
icH29Xye5Uc,icH29Xye5Uc.mp4,788.162,789.598,segment_too_short,,cutfix_full_tier1_20260729_01,tier1
icH29Xye5Uc,icH29Xye5Uc.mp4,789.794,792.542,face_density_low,,cutfix_full_tier1_20260729_01,tier1
icH29Xye5Uc,icH29Xye5Uc.mp4,792.642,795.39,scene_cut_detected,,cutfix_full_tier1_20260729_01,tier1
icH29Xye5Uc,icH29Xye5Uc.mp4,795.554,799.262,scene_cut_detected,,cutfix_full_tier1_20260729_01,tier1
icH29Xye5Uc,icH29Xye5Uc.mp4,799.906,802.078,face_density_low,,cutfix_full_tier1_20260729_01,tier1
icH29Xye5Uc,icH29Xye5Uc.mp4,802.242,804.382,face_density_low,,cutfix_full_tier1_20260729_01,tier1
icH29Xye5Uc,icH29Xye5Uc.mp4,804.642,807.23,scene_cut_detected,,cutfix_full_tier1_20260729_01,tier1
icH29Xye5Uc,icH29Xye5Uc.mp4,807.394,809.822,scene_cut_detected,,cutfix_full_tier1_20260729_01,tier1
icH29Xye5Uc,icH29Xye5Uc.mp4,810.21,813.406,scene_cut_detected,,cutfix_full_tier1_20260729_01,tier1
icH29Xye5Uc,icH29Xye5Uc.mp4,813.634,817.054,scene_cut_detected,,cutfix_full_tier1_20260729_01,tier1
icH29Xye5Uc,icH29Xye5Uc.mp4,817.538,818.782,segment_too_short,,cutfix_full_tier1_20260729_01,tier1
icH29Xye5Uc,icH29Xye5Uc.mp4,819.138,823.614,scene_cut_detected,,cutfix_full_tier1_20260729_01,tier1
icH29Xye5Uc,icH29Xye5Uc.mp4,823.97,828.094,scene_cut_detected,,cutfix_full_tier1_20260729_01,tier1
icH29Xye5Uc,icH29Xye5Uc.mp4,828.322,831.358,face_density_low,,cutfix_full_tier1_20260729_01,tier1
icH29Xye5Uc,icH29Xye5Uc.mp4,831.682,836.446,scene_cut_detected,,cutfix_full_tier1_20260729_01,tier1
icH29Xye5Uc,icH29Xye5Uc.mp4,836.642,837.822,segment_too_short,,cutfix_full_tier1_20260729_01,tier1
icH29Xye5Uc,icH29Xye5Uc.mp4,838.05,840.862,face_density_low,,cutfix_full_tier1_20260729_01,tier1
icH29Xye5Uc,icH29Xye5Uc.mp4,840.962,842.814,segment_too_short,,cutfix_full_tier1_20260729_01,tier1
icH29Xye5Uc,icH29Xye5Uc.mp4,843.234,847.006,scene_cut_detected,,cutfix_full_tier1_20260729_01,tier1
icH29Xye5Uc,icH29Xye5Uc.mp4,847.49,850.27,face_density_low,,cutfix_full_tier1_20260729_01,tier1
icH29Xye5Uc,icH29Xye5Uc.mp4,850.754,853.47,face_density_low,,cutfix_full_tier1_20260729_01,tier1
icH29Xye5Uc,icH29Xye5Uc.mp4,854.018,858.11,face_density_low,,cutfix_full_tier1_20260729_01,tier1
icH29Xye5Uc,icH29Xye5Uc.mp4,858.306,862.078,scene_cut_detected,,cutfix_full_tier1_20260729_01,tier1
icH29Xye5Uc,icH29Xye5Uc.mp4,866.178,867.998,segment_too_short,,cutfix_full_tier1_20260729_01,tier1
icH29Xye5Uc,icH29Xye5Uc.mp4,870.626,871.966,segment_too_short,,cutfix_full_tier1_20260729_01,tier1
icH29Xye5Uc,icH29Xye5Uc.mp4,872.162,873.278,segment_too_short,,cutfix_full_tier1_20260729_01,tier1
icH29Xye5Uc,icH29Xye5Uc.mp4,873.506,874.014,segment_too_short,,cutfix_full_tier1_20260729_01,tier1
icH29Xye5Uc,icH29Xye5Uc.mp4,874.594,874.942,segment_too_short,,cutfix_full_tier1_20260729_01,tier1
icH29Xye5Uc,icH29Xye5Uc.mp4,878.146,879.07,segment_too_short,,cutfix_full_tier1_20260729_01,tier1
icH29Xye5Uc,icH29Xye5Uc.mp4,886.658,887.358,segment_too_short,,cutfix_full_tier1_20260729_01,tier1
icH29Xye5Uc,icH29Xye5Uc.mp4,887.586,889.374,segment_too_short,,cutfix_full_tier1_20260729_01,tier1
icH29Xye5Uc,icH29Xye5Uc.mp4,889.474,890.078,segment_too_short,,cutfix_full_tier1_20260729_01,tier1
icH29Xye5Uc,icH29Xye5Uc.mp4,896.514,897.342,segment_too_short,,cutfix_full_tier1_20260729_01,tier1
icH29Xye5Uc,icH29Xye5Uc.mp4,897.634,902.634,scene_cut_detected,,cutfix_full_tier1_20260729_01,tier1
icH29Xye5Uc,icH29Xye5Uc.mp4,971.65,972.958,segment_too_short,,cutfix_full_tier1_20260729_01,tier1
icH29Xye5Uc,icH29Xye5Uc.mp4,978.466,980.766,scene_cut_detected,,cutfix_full_tier1_20260729_01,tier1
icH29Xye5Uc,icH29Xye5Uc.mp4,984.066,985.662,segment_too_short,,cutfix_full_tier1_20260729_01,tier1
icH29Xye5Uc,icH29Xye5Uc.mp4,985.89,988.894,face_density_low,,cutfix_full_tier1_20260729_01,tier1
icH29Xye5Uc,icH29Xye5Uc.mp4,988.994,990.27,segment_too_short,,cutfix_full_tier1_20260729_01,tier1
icH29Xye5Uc,icH29Xye5Uc.mp4,990.85,995.07,scene_cut_detected,,cutfix_full_tier1_20260729_01,tier1
icH29Xye5Uc,icH29Xye5Uc.mp4,995.234,998.014,scene_cut_detected,,cutfix_full_tier1_20260729_01,tier1
icH29Xye5Uc,icH29Xye5Uc.mp4,998.178,1000.318,face_density_low,,cutfix_full_tier1_20260729_01,tier1
icH29Xye5Uc,icH29Xye5Uc.mp4,1004.194,1005.342,segment_too_short,,cutfix_full_tier1_20260729_01,tier1
icH29Xye5Uc,icH29Xye5Uc.mp4,1005.57,1007.006,segment_too_short,,cutfix_full_tier1_20260729_01,tier1
icH29Xye5Uc,icH29Xye5Uc.mp4,1007.17,1007.966,segment_too_short,,cutfix_full_tier1_20260729_01,tier1
icH29Xye5Uc,icH29Xye5Uc.mp4,1008.418,1009.822,segment_too_short,,cutfix_full_tier1_20260729_01,tier1
icH29Xye5Uc,icH29Xye5Uc.mp4,1010.53,1014.686,scene_cut_detected,,cutfix_full_tier1_20260729_01,tier1
icH29Xye5Uc,icH29Xye5Uc.mp4,1014.85,1018.718,scene_cut_detected,,cutfix_full_tier1_20260729_01,tier1
icH29Xye5Uc,icH29Xye5Uc.mp4,1019.106,1021.726,face_density_low,,cutfix_full_tier1_20260729_01,tier1
icH29Xye5Uc,icH29Xye5Uc.mp4,1021.986,1024.926,scene_cut_detected,,cutfix_full_tier1_20260729_01,tier1
icH29Xye5Uc,icH29Xye5Uc.mp4,1025.122,1026.654,segment_too_short,,cutfix_full_tier1_20260729_01,tier1
icH29Xye5Uc,icH29Xye5Uc.mp4,1031.074,1033.246,scene_cut_detected,,cutfix_full_tier1_20260729_01,tier1
icH29Xye5Uc,icH29Xye5Uc.mp4,1033.41,1034.494,segment_too_short,,cutfix_full_tier1_20260729_01,tier1
icH29Xye5Uc,icH29Xye5Uc.mp4,1034.882,1035.582,segment_too_short,,cutfix_full_tier1_20260729_01,tier1
icH29Xye5Uc,icH29Xye5Uc.mp4,1036.002,1036.958,segment_too_short,,cutfix_full_tier1_20260729_01,tier1
icH29Xye5Uc,icH29Xye5Uc.mp4,1037.282,1038.718,segment_too_short,,cutfix_full_tier1_20260729_01,tier1
icH29Xye5Uc,icH29Xye5Uc.mp4,1039.042,1041.246,scene_cut_detected,,cutfix_full_tier1_20260729_01,tier1
icH29Xye5Uc,icH29Xye5Uc.mp4,1041.538,1042.91,segment_too_short,,cutfix_full_tier1_20260729_01,tier1
icH29Xye5Uc,icH29Xye5Uc.mp4,1043.202,1044.35,segment_too_short,,cutfix_full_tier1_20260729_01,tier1
icH29Xye5Uc,icH29Xye5Uc.mp4,1044.45,1045.694,segment_too_short,,cutfix_full_tier1_20260729_01,tier1
icH29Xye5Uc,icH29Xye5Uc.mp4,1045.954,1048.094,face_density_low,,cutfix_full_tier1_20260729_01,tier1
icH29Xye5Uc,icH29Xye5Uc.mp4,1048.258,1049.054,segment_too_short,,cutfix_full_tier1_20260729_01,tier1
icH29Xye5Uc,icH29Xye5Uc.mp4,1049.154,1049.982,segment_too_short,,cutfix_full_tier1_20260729_01,tier1
icH29Xye5Uc,icH29Xye5Uc.mp4,1050.178,1050.622,segment_too_short,,cutfix_full_tier1_20260729_01,tier1
icH29Xye5Uc,icH29Xye5Uc.mp4,1050.882,1051.838,segment_too_short,,cutfix_full_tier1_20260729_01,tier1
icH29Xye5Uc,icH29Xye5Uc.mp4,1052.098,1052.83,segment_too_short,,cutfix_full_tier1_20260729_01,tier1
icH29Xye5Uc,icH29Xye5Uc.mp4,1052.93,1054.494,segment_too_short,,cutfix_full_tier1_20260729_01,tier1
icH29Xye5Uc,icH29Xye5Uc.mp4,1059.682,1060.702,segment_too_short,,cutfix_full_tier1_20260729_01,tier1
icH29Xye5Uc,icH29Xye5Uc.mp4,1060.93,1062.622,segment_too_short,,cutfix_full_tier1_20260729_01,tier1
icH29Xye5Uc,icH29Xye5Uc.mp4,1065.122,1066.302,segment_too_short,,cutfix_full_tier1_20260729_01,tier1
icH29Xye5Uc,icH29Xye5Uc.mp4,1066.466,1067.422,segment_too_short,,cutfix_full_tier1_20260729_01,tier1
icH29Xye5Uc,icH29Xye5Uc.mp4,1067.682,1068.67,segment_too_short,,cutfix_full_tier1_20260729_01,tier1
icH29Xye5Uc,icH29Xye5Uc.mp4,1068.93,1070.334,segment_too_short,,cutfix_full_tier1_20260729_01,tier1
icH29Xye5Uc,icH29Xye5Uc.mp4,1086.05,1086.974,segment_too_short,,cutfix_full_tier1_20260729_01,tier1
icH29Xye5Uc,icH29Xye5Uc.mp4,1096.706,1098.014,segment_too_short,,cutfix_full_tier1_20260729_01,tier1
icH29Xye5Uc,icH29Xye5Uc.mp4,1100.706,1101.982,segment_too_short,,cutfix_full_tier1_20260729_01,tier1
icH29Xye5Uc,icH29Xye5Uc.mp4,1102.402,1103.326,segment_too_short,,cutfix_full_tier1_20260729_01,tier1
icH29Xye5Uc,icH29Xye5Uc.mp4,1103.778,1105.342,segment_too_short,,cutfix_full_tier1_20260729_01,tier1
icH29Xye5Uc,icH29Xye5Uc.mp4,1110.53,1112.254,segment_too_short,,cutfix_full_tier1_20260729_01,tier1
icH29Xye5Uc,icH29Xye5Uc.mp4,1112.514,1113.214,segment_too_short,,cutfix_full_tier1_20260729_01,tier1
icH29Xye5Uc,icH29Xye5Uc.mp4,1119.682,1120.894,segment_too_short,,cutfix_full_tier1_20260729_01,tier1
icH29Xye5Uc,icH29Xye5Uc.mp4,1121.09,1122.686,segment_too_short,,cutfix_full_tier1_20260729_01,tier1
icH29Xye5Uc,icH29Xye5Uc.mp4,1136.514,1137.566,segment_too_short,,cutfix_full_tier1_20260729_01,tier1
icH29Xye5Uc,icH29Xye5Uc.mp4,1137.762,1138.942,segment_too_short,,cutfix_full_tier1_20260729_01,tier1
icH29Xye5Uc,icH29Xye5Uc.mp4,1139.042,1140.926,segment_too_short,,cutfix_full_tier1_20260729_01,tier1
icH29Xye5Uc,icH29Xye5Uc.mp4,1141.602,1146.846,face_density_low,,cutfix_full_tier1_20260729_01,tier1
icH29Xye5Uc,icH29Xye5Uc.mp4,1147.01,1148.574,segment_too_short,,cutfix_full_tier1_20260729_01,tier1
icH29Xye5Uc,icH29Xye5Uc.mp4,1148.802,1154.366,scene_cut_detected,,cutfix_full_tier1_20260729_01,tier1
icH29Xye5Uc,icH29Xye5Uc.mp4,1154.69,1157.758,scene_cut_detected,,cutfix_full_tier1_20260729_01,tier1
icH29Xye5Uc,icH29Xye5Uc.mp4,1157.922,1160.606,scene_cut_detected,,cutfix_full_tier1_20260729_01,tier1
icH29Xye5Uc,icH29Xye5Uc.mp4,1160.866,1163.87,face_density_low,,cutfix_full_tier1_20260729_01,tier1
icH29Xye5Uc,icH29Xye5Uc.mp4,1170.946,1171.87,segment_too_short,,cutfix_full_tier1_20260729_01,tier1
ijoyJhqD740,ijoyJhqD740.mp4,11.714,13.022,segment_too_short,,cutfix_full_tier1_20260729_01,tier1
ijoyJhqD740,ijoyJhqD740.mp4,23.842,24.382,segment_too_short,,cutfix_full_tier1_20260729_01,tier1
ijoyJhqD740,ijoyJhqD740.mp4,28.226,39.422,scene_cut_detected,,cutfix_full_tier1_20260729_01,tier1
ijoyJhqD740,ijoyJhqD740.mp4,48.258,49.854,segment_too_short,,cutfix_full_tier1_20260729_01,tier1
ijoyJhqD740,ijoyJhqD740.mp4,50.082,60.158,scene_cut_detected,,cutfix_full_tier1_20260729_01,tier1
ijoyJhqD740,ijoyJhqD740.mp4,63.202,64.19,segment_too_short,,cutfix_full_tier1_20260729_01,tier1
ijoyJhqD740,ijoyJhqD740.mp4,64.322,66.494,scene_cut_detected,,cutfix_full_tier1_20260729_01,tier1
ijoyJhqD740,ijoyJhqD740.mp4,66.658,74.974,scene_cut_detected,,cutfix_full_tier1_20260729_01,tier1
ijoyJhqD740,ijoyJhqD740.mp4,75.874,76.766,segment_too_short,,cutfix_full_tier1_20260729_01,tier1
ijoyJhqD740,ijoyJhqD740.mp4,77.474,81.342,scene_cut_detected,,cutfix_full_tier1_20260729_01,tier1
ijoyJhqD740,ijoyJhqD740.mp4,81.442,84.766,face_density_low,,cutfix_full_tier1_20260729_01,tier1
ijoyJhqD740,ijoyJhqD740.mp4,85.122,86.558,segment_too_short,,cutfix_full_tier1_20260729_01,tier1
ijoyJhqD740,ijoyJhqD740.mp4,86.85,89.31,scene_cut_detected,,cutfix_full_tier1_20260729_01,tier1
ijoyJhqD740,ijoyJhqD740.mp4,92.674,101.694,scene_cut_detected,,cutfix_full_tier1_20260729_01,tier1
ijoyJhqD740,ijoyJhqD740.mp4,101.826,104.19,scene_cut_detected,,cutfix_full_tier1_20260729_01,tier1
ijoyJhqD740,ijoyJhqD740.mp4,104.354,105.854,segment_too_short,,cutfix_full_tier1_20260729_01,tier1
ijoyJhqD740,ijoyJhqD740.mp4,105.986,107.87,segment_too_short,,cutfix_full_tier1_20260729_01,tier1
ijoyJhqD740,ijoyJhqD740.mp4,110.626,113.63,scene_cut_detected,,cutfix_full_tier1_20260729_01,tier1
ijoyJhqD740,ijoyJhqD740.mp4,116.354,119.582,scene_cut_detected,,cutfix_full_tier1_20260729_01,tier1
ijoyJhqD740,ijoyJhqD740.mp4,119.682,121.15,segment_too_short,,cutfix_full_tier1_20260729_01,tier1
ijoyJhqD740,ijoyJhqD740.mp4,121.442,122.238,segment_too_short,,cutfix_full_tier1_20260729_01,tier1
ijoyJhqD740,ijoyJhqD740.mp4,124.962,126.686,segment_too_short,,cutfix_full_tier1_20260729_01,tier1
ijoyJhqD740,ijoyJhqD740.mp4,126.882,127.806,segment_too_short,,cutfix_full_tier1_20260729_01,tier1
ijoyJhqD740,ijoyJhqD740.mp4,130.594,132.542,segment_too_short,,cutfix_full_tier1_20260729_01,tier1
ijoyJhqD740,ijoyJhqD740.mp4,132.674,137.31,scene_cut_detected,,cutfix_full_tier1_20260729_01,tier1
ijoyJhqD740,ijoyJhqD740.mp4,137.762,139.422,segment_too_short,,cutfix_full_tier1_20260729_01,tier1
ijoyJhqD740,ijoyJhqD740.mp4,139.554,140.254,segment_too_short,,cutfix_full_tier1_20260729_01,tier1
ijoyJhqD740,ijoyJhqD740.mp4,146.722,152.99,scene_cut_detected,,cutfix_full_tier1_20260729_01,tier1
ijoyJhqD740,ijoyJhqD740.mp4,153.09,156.158,scene_cut_detected,,cutfix_full_tier1_20260729_01,tier1
ijoyJhqD740,ijoyJhqD740.mp4,156.578,158.366,segment_too_short,,cutfix_full_tier1_20260729_01,tier1
ijoyJhqD740,ijoyJhqD740.mp4,158.53,159.966,segment_too_short,,cutfix_full_tier1_20260729_01,tier1
ijoyJhqD740,ijoyJhqD740.mp4,160.13,165.662,scene_cut_detected,,cutfix_full_tier1_20260729_01,tier1
ijoyJhqD740,ijoyJhqD740.mp4,165.986,174.494,scene_cut_detected,,cutfix_full_tier1_20260729_01,tier1
ijoyJhqD740,ijoyJhqD740.mp4,174.626,182.014,scene_cut_detected,,cutfix_full_tier1_20260729_01,tier1
ijoyJhqD740,ijoyJhqD740.mp4,182.146,187.146,scene_cut_detected,,cutfix_full_tier1_20260729_01,tier1
ijoyJhqD740,ijoyJhqD740.mp4,190.146,195.146,scene_cut_detected,,cutfix_full_tier1_20260729_01,tier1
ijoyJhqD740,ijoyJhqD740.mp4,194.146,199.146,face_density_low,,cutfix_full_tier1_20260729_01,tier1
ijoyJhqD740,ijoyJhqD740.mp4,200.066,207.646,scene_cut_detected,,cutfix_full_tier1_20260729_01,tier1
ijoyJhqD740,ijoyJhqD740.mp4,208.066,212.894,scene_cut_detected,,cutfix_full_tier1_20260729_01,tier1
ijoyJhqD740,ijoyJhqD740.mp4,212.994,219.358,scene_cut_detected,,cutfix_full_tier1_20260729_01,tier1
ijoyJhqD740,ijoyJhqD740.mp4,219.458,224.458,scene_cut_detected,,cutfix_full_tier1_20260729_01,tier1
ijoyJhqD740,ijoyJhqD740.mp4,227.458,232.458,scene_cut_detected,,cutfix_full_tier1_20260729_01,tier1
ijoyJhqD740,ijoyJhqD740.mp4,251.458,254.686,scene_cut_detected,,cutfix_full_tier1_20260729_01,tier1
ijoyJhqD740,ijoyJhqD740.mp4,265.154,270.154,scene_cut_detected,,cutfix_full_tier1_20260729_01,tier1
ijoyJhqD740,ijoyJhqD740.mp4,269.154,274.154,face_density_low,,cutfix_full_tier1_20260729_01,tier1
ijoyJhqD740,ijoyJhqD740.mp4,273.154,278.154,scene_cut_detected,,cutfix_full_tier1_20260729_01,tier1
ijoyJhqD740,ijoyJhqD740.mp4,277.154,280.19,face_density_low,,cutfix_full_tier1_20260729_01,tier1
ijoyJhqD740,ijoyJhqD740.mp4,280.386,285.662,scene_cut_detected,,cutfix_full_tier1_20260729_01,tier1
ijoyJhqD740,ijoyJhqD740.mp4,285.794,294.75,scene_cut_detected,,cutfix_full_tier1_20260729_01,tier1
ijoyJhqD740,ijoyJhqD740.mp4,295.234,304.35,scene_cut_detected,,cutfix_full_tier1_20260729_01,tier1
ijoyJhqD740,ijoyJhqD740.mp4,304.45,313.214,scene_cut_detected,,cutfix_full_tier1_20260729_01,tier1
ijoyJhqD740,ijoyJhqD740.mp4,319.106,319.646,segment_too_short,,cutfix_full_tier1_20260729_01,tier1
ijoyJhqD740,ijoyJhqD740.mp4,319.906,321.822,segment_too_short,,cutfix_full_tier1_20260729_01,tier1
ijoyJhqD740,ijoyJhqD740.mp4,321.986,323.134,segment_too_short,,cutfix_full_tier1_20260729_01,tier1
ijoyJhqD740,ijoyJhqD740.mp4,323.234,330.206,scene_cut_detected,,cutfix_full_tier1_20260729_01,tier1
ijoyJhqD740,ijoyJhqD740.mp4,330.434,331.422,segment_too_short,,cutfix_full_tier1_20260729_01,tier1
ijoyJhqD740,ijoyJhqD740.mp4,331.586,332.35,segment_too_short,,cutfix_full_tier1_20260729_01,tier1
ijoyJhqD740,ijoyJhqD740.mp4,332.45,334.974,face_density_low,,cutfix_full_tier1_20260729_01,tier1
ijoyJhqD740,ijoyJhqD740.mp4,341.602,346.43,scene_cut_detected,,cutfix_full_tier1_20260729_01,tier1
ijoyJhqD740,ijoyJhqD740.mp4,346.626,354.494,scene_cut_detected,,cutfix_full_tier1_20260729_01,tier1
ijoyJhqD740,ijoyJhqD740.mp4,363.874,368.874,scene_cut_detected,,cutfix_full_tier1_20260729_01,tier1
ijoyJhqD740,ijoyJhqD740.mp4,371.874,374.526,scene_cut_detected,,cutfix_full_tier1_20260729_01,tier1
ijoyJhqD740,ijoyJhqD740.mp4,374.818,375.774,segment_too_short,,cutfix_full_tier1_20260729_01,tier1
ijoyJhqD740,ijoyJhqD740.mp4,379.938,384.938,scene_cut_detected,,cutfix_full_tier1_20260729_01,tier1
ijoyJhqD740,ijoyJhqD740.mp4,383.938,388.938,scene_cut_detected,,cutfix_full_tier1_20260729_01,tier1
ijoyJhqD740,ijoyJhqD740.mp4,387.938,392.938,scene_cut_detected,,cutfix_full_tier1_20260729_01,tier1
ijoyJhqD740,ijoyJhqD740.mp4,391.938,396.938,scene_cut_detected,,cutfix_full_tier1_20260729_01,tier1
ijoyJhqD740,ijoyJhqD740.mp4,395.938,400.938,scene_cut_detected,,cutfix_full_tier1_20260729_01,tier1
ijoyJhqD740,ijoyJhqD740.mp4,399.938,404.938,scene_cut_detected,,cutfix_full_tier1_20260729_01,tier1
ijoyJhqD740,ijoyJhqD740.mp4,403.938,408.938,scene_cut_detected,,cutfix_full_tier1_20260729_01,tier1
ijoyJhqD740,ijoyJhqD740.mp4,407.938,412.862,scene_cut_detected,,cutfix_full_tier1_20260729_01,tier1
ijoyJhqD740,ijoyJhqD740.mp4,416.066,416.798,segment_too_short,,cutfix_full_tier1_20260729_01,tier1
ijoyJhqD740,ijoyJhqD740.mp4,417.314,418.398,segment_too_short,,cutfix_full_tier1_20260729_01,tier1
ijoyJhqD740,ijoyJhqD740.mp4,418.498,424.862,scene_cut_detected,,cutfix_full_tier1_20260729_01,tier1
ijoyJhqD740,ijoyJhqD740.mp4,425.218,426.046,segment_too_short,,cutfix_full_tier1_20260729_01,tier1
ijoyJhqD740,ijoyJhqD740.mp4,426.274,427.646,segment_too_short,,cutfix_full_tier1_20260729_01,tier1
ijoyJhqD740,ijoyJhqD740.mp4,446.882,451.882,scene_cut_detected,,cutfix_full_tier1_20260729_01,tier1
ijoyJhqD740,ijoyJhqD740.mp4,454.882,459.882,scene_cut_detected,,cutfix_full_tier1_20260729_01,tier1
ijoyJhqD740,ijoyJhqD740.mp4,458.882,463.882,scene_cut_detected,,cutfix_full_tier1_20260729_01,tier1
ijoyJhqD740,ijoyJhqD740.mp4,465.314,471.87,scene_cut_detected,,cutfix_full_tier1_20260729_01,tier1
ijoyJhqD740,ijoyJhqD740.mp4,471.97,478.334,face_density_low,,cutfix_full_tier1_20260729_01,tier1
ijoyJhqD740,ijoyJhqD740.mp4,478.498,482.302,scene_cut_detected,,cutfix_full_tier1_20260729_01,tier1
ijoyJhqD740,ijoyJhqD740.mp4,482.402,487.71,scene_cut_detected,,cutfix_full_tier1_20260729_01,tier1
ijoyJhqD740,ijoyJhqD740.mp4,491.81,496.81,scene_cut_detected,,cutfix_full_tier1_20260729_01,tier1
ijoyJhqD740,ijoyJhqD740.mp4,499.81,504.81,scene_cut_detected,,cutfix_full_tier1_20260729_01,tier1
ijoyJhqD740,ijoyJhqD740.mp4,503.81,508.81,scene_cut_detected,,cutfix_full_tier1_20260729_01,tier1
ijoyJhqD740,ijoyJhqD740.mp4,507.81,512.81,scene_cut_detected,,cutfix_full_tier1_20260729_01,tier1
ijoyJhqD740,ijoyJhqD740.mp4,511.81,516.81,scene_cut_detected,,cutfix_full_tier1_20260729_01,tier1
ijoyJhqD740,ijoyJhqD740.mp4,515.81,520.81,scene_cut_detected,,cutfix_full_tier1_20260729_01,tier1
ijoyJhqD740,ijoyJhqD740.mp4,519.81,524.81,scene_cut_detected,,cutfix_full_tier1_20260729_01,tier1
ijoyJhqD740,ijoyJhqD740.mp4,523.81,528.81,face_density_low,,cutfix_full_tier1_20260729_01,tier1
ijoyJhqD740,ijoyJhqD740.mp4,534.242,539.242,scene_cut_detected,,cutfix_full_tier1_20260729_01,tier1
ijoyJhqD740,ijoyJhqD740.mp4,538.242,543.242,face_density_low,,cutfix_full_tier1_20260729_01,tier1
ijoyJhqD740,ijoyJhqD740.mp4,543.874,545.918,scene_cut_detected,,cutfix_full_tier1_20260729_01,tier1
ijoyJhqD740,ijoyJhqD740.mp4,551.17,552.094,segment_too_short,,cutfix_full_tier1_20260729_01,tier1
ijoyJhqD740,ijoyJhqD740.mp4,552.194,553.246,segment_too_short,,cutfix_full_tier1_20260729_01,tier1
ijoyJhqD740,ijoyJhqD740.mp4,557.378,562.378,scene_cut_detected,,cutfix_full_tier1_20260729_01,tier1
ijoyJhqD740,ijoyJhqD740.mp4,565.378,570.378,scene_cut_detected,,cutfix_full_tier1_20260729_01,tier1
ijoyJhqD740,ijoyJhqD740.mp4,573.378,578.378,scene_cut_detected,,cutfix_full_tier1_20260729_01,tier1
ijoyJhqD740,ijoyJhqD740.mp4,581.378,586.378,scene_cut_detected,,cutfix_full_tier1_20260729_01,tier1
ijoyJhqD740,ijoyJhqD740.mp4,585.378,588.382,face_density_low,,cutfix_full_tier1_20260729_01,tier1
ijoyJhqD740,ijoyJhqD740.mp4,588.834,593.834,scene_cut_detected,,cutfix_full_tier1_20260729_01,tier1
ijoyJhqD740,ijoyJhqD740.mp4,596.834,601.834,scene_cut_detected,,cutfix_full_tier1_20260729_01,tier1
ijoyJhqD740,ijoyJhqD740.mp4,604.834,609.834,scene_cut_detected,,cutfix_full_tier1_20260729_01,tier1
ijoyJhqD740,ijoyJhqD740.mp4,608.834,613.834,scene_cut_detected,,cutfix_full_tier1_20260729_01,tier1
ijoyJhqD740,ijoyJhqD740.mp4,612.834,617.834,scene_cut_detected,,cutfix_full_tier1_20260729_01,tier1
ijoyJhqD740,ijoyJhqD740.mp4,616.834,621.79,scene_cut_detected,,cutfix_full_tier1_20260729_01,tier1
ijoyJhqD740,ijoyJhqD740.mp4,621.954,623.102,segment_too_short,,cutfix_full_tier1_20260729_01,tier1
ijoyJhqD740,ijoyJhqD740.mp4,623.202,628.202,scene_cut_detected,,cutfix_full_tier1_20260729_01,tier1
ijoyJhqD740,ijoyJhqD740.mp4,627.202,632.202,scene_cut_detected,,cutfix_full_tier1_20260729_01,tier1
ijoyJhqD740,ijoyJhqD740.mp4,631.202,635.326,scene_cut_detected,,cutfix_full_tier1_20260729_01,tier1
ijoyJhqD740,ijoyJhqD740.mp4,635.522,638.942,face_density_low,,cutfix_full_tier1_20260729_01,tier1
ijoyJhqD740,ijoyJhqD740.mp4,639.234,644.234,scene_cut_detected,,cutfix_full_tier1_20260729_01,tier1
ijoyJhqD740,ijoyJhqD740.mp4,643.234,648.234,scene_cut_detected,,cutfix_full_tier1_20260729_01,tier1
ijoyJhqD740,ijoyJhqD740.mp4,651.234,656.234,scene_cut_detected,,cutfix_full_tier1_20260729_01,tier1
ijoyJhqD740,ijoyJhqD740.mp4,658.466,659.646,segment_too_short,,cutfix_full_tier1_20260729_01,tier1
ijoyJhqD740,ijoyJhqD740.mp4,666.658,670.462,scene_cut_detected,,cutfix_full_tier1_20260729_01,tier1
ijoyJhqD740,ijoyJhqD740.mp4,676.066,683.134,scene_cut_detected,,cutfix_full_tier1_20260729_01,tier1
ijoyJhqD740,ijoyJhqD740.mp4,683.362,688.362,scene_cut_detected,,cutfix_full_tier1_20260729_01,tier1
ijoyJhqD740,ijoyJhqD740.mp4,691.362,696.362,scene_cut_detected,,cutfix_full_tier1_20260729_01,tier1
ijoyJhqD740,ijoyJhqD740.mp4,699.362,704.362,scene_cut_detected,,cutfix_full_tier1_20260729_01,tier1
ijoyJhqD740,ijoyJhqD740.mp4,703.362,708.362,scene_cut_detected,,cutfix_full_tier1_20260729_01,tier1
ijoyJhqD740,ijoyJhqD740.mp4,710.434,715.434,scene_cut_detected,,cutfix_full_tier1_20260729_01,tier1
ijoyJhqD740,ijoyJhqD740.mp4,714.434,719.434,face_density_low,,cutfix_full_tier1_20260729_01,tier1
ijoyJhqD740,ijoyJhqD740.mp4,722.434,727.434,scene_cut_detected,,cutfix_full_tier1_20260729_01,tier1
ijoyJhqD740,ijoyJhqD740.mp4,726.434,731.434,face_density_low,,cutfix_full_tier1_20260729_01,tier1
ijoyJhqD740,ijoyJhqD740.mp4,730.434,735.434,scene_cut_detected,,cutfix_full_tier1_20260729_01,tier1
ijoyJhqD740,ijoyJhqD740.mp4,736.738,747.07,scene_cut_detected,,cutfix_full_tier1_20260729_01,tier1
ijoyJhqD740,ijoyJhqD740.mp4,747.394,748.67,segment_too_short,,cutfix_full_tier1_20260729_01,tier1
ijoyJhqD740,ijoyJhqD740.mp4,760.802,765.802,scene_cut_detected,,cutfix_full_tier1_20260729_01,tier1
ijoyJhqD740,ijoyJhqD740.mp4,768.802,773.802,scene_cut_detected,,cutfix_full_tier1_20260729_01,tier1
ijoyJhqD740,ijoyJhqD740.mp4,772.802,777.694,face_density_low,,cutfix_full_tier1_20260729_01,tier1
ijoyJhqD740,ijoyJhqD740.mp4,777.858,781.534,scene_cut_detected,,cutfix_full_tier1_20260729_01,tier1
ijoyJhqD740,ijoyJhqD740.mp4,785.666,790.666,scene_cut_detected,,cutfix_full_tier1_20260729_01,tier1
ilxA2dvz5-4,ilxA2dvz5-4.mp4,27.234,31.966,scene_cut_detected,,cutfix_full_tier1_20260729_01,tier1
ilxA2dvz5-4,ilxA2dvz5-4.mp4,44.93,46.206,segment_too_short,,cutfix_full_tier1_20260729_01,tier1
ilxA2dvz5-4,ilxA2dvz5-4.mp4,74.274,80.062,face_density_low,,cutfix_full_tier1_20260729_01,tier1
ilxA2dvz5-4,ilxA2dvz5-4.mp4,80.29,82.654,scene_cut_detected,,cutfix_full_tier1_20260729_01,tier1
ilxA2dvz5-4,ilxA2dvz5-4.mp4,82.978,87.07,face_density_low,,cutfix_full_tier1_20260729_01,tier1
ilxA2dvz5-4,ilxA2dvz5-4.mp4,87.298,90.622,face_density_low,,cutfix_full_tier1_20260729_01,tier1
ilxA2dvz5-4,ilxA2dvz5-4.mp4,90.946,95.134,face_density_low,,cutfix_full_tier1_20260729_01,tier1
ilxA2dvz5-4,ilxA2dvz5-4.mp4,95.65,99.518,scene_cut_detected,,cutfix_full_tier1_20260729_01,tier1
ilxA2dvz5-4,ilxA2dvz5-4.mp4,99.714,105.566,face_density_low,,cutfix_full_tier1_20260729_01,tier1
ilxA2dvz5-4,ilxA2dvz5-4.mp4,105.73,116.446,face_density_low,,cutfix_full_tier1_20260729_01,tier1
ilxA2dvz5-4,ilxA2dvz5-4.mp4,116.642,123.038,face_density_low,,cutfix_full_tier1_20260729_01,tier1
ilxA2dvz5-4,ilxA2dvz5-4.mp4,123.618,126.302,scene_cut_detected,,cutfix_full_tier1_20260729_01,tier1
ilxA2dvz5-4,ilxA2dvz5-4.mp4,126.466,128.414,segment_too_short,,cutfix_full_tier1_20260729_01,tier1
ilxA2dvz5-4,ilxA2dvz5-4.mp4,128.962,131.774,face_density_low,,cutfix_full_tier1_20260729_01,tier1
ilxA2dvz5-4,ilxA2dvz5-4.mp4,132.642,137.31,face_density_low,,cutfix_full_tier1_20260729_01,tier1
ilxA2dvz5-4,ilxA2dvz5-4.mp4,137.698,141.79,face_density_low,,cutfix_full_tier1_20260729_01,tier1
ilxA2dvz5-4,ilxA2dvz5-4.mp4,142.178,146.27,face_density_low,,cutfix_full_tier1_20260729_01,tier1
ilxA2dvz5-4,ilxA2dvz5-4.mp4,146.498,151.358,face_density_low,,cutfix_full_tier1_20260729_01,tier1
ilxA2dvz5-4,ilxA2dvz5-4.mp4,151.554,154.462,face_density_low,,cutfix_full_tier1_20260729_01,tier1
ilxA2dvz5-4,ilxA2dvz5-4.mp4,154.562,157.31,face_density_low,,cutfix_full_tier1_20260729_01,tier1
ilxA2dvz5-4,ilxA2dvz5-4.mp4,157.986,162.846,face_density_low,,cutfix_full_tier1_20260729_01,tier1
ilxA2dvz5-4,ilxA2dvz5-4.mp4,163.17,165.758,face_density_low,,cutfix_full_tier1_20260729_01,tier1
ilxA2dvz5-4,ilxA2dvz5-4.mp4,166.69,174.75,face_density_low,,cutfix_full_tier1_20260729_01,tier1
ilxA2dvz5-4,ilxA2dvz5-4.mp4,174.946,179.134,face_density_low,,cutfix_full_tier1_20260729_01,tier1
ilxA2dvz5-4,ilxA2dvz5-4.mp4,179.586,183.806,scene_cut_detected,,cutfix_full_tier1_20260729_01,tier1
ilxA2dvz5-4,ilxA2dvz5-4.mp4,184.162,187.166,face_density_low,,cutfix_full_tier1_20260729_01,tier1
ilxA2dvz5-4,ilxA2dvz5-4.mp4,187.618,192.318,face_density_low,,cutfix_full_tier1_20260729_01,tier1
ilxA2dvz5-4,ilxA2dvz5-4.mp4,201.57,204.414,scene_cut_detected,,cutfix_full_tier1_20260729_01,tier1
ilxA2dvz5-4,ilxA2dvz5-4.mp4,204.61,206.942,face_density_low,,cutfix_full_tier1_20260729_01,tier1
ilxA2dvz5-4,ilxA2dvz5-4.mp4,207.426,213.214,face_density_low,,cutfix_full_tier1_20260729_01,tier1
ilxA2dvz5-4,ilxA2dvz5-4.mp4,213.73,217.118,face_density_low,,cutfix_full_tier1_20260729_01,tier1
ilxA2dvz5-4,ilxA2dvz5-4.mp4,217.41,221.278,face_density_low,,cutfix_full_tier1_20260729_01,tier1
ilxA2dvz5-4,ilxA2dvz5-4.mp4,221.922,226.174,face_density_low,,cutfix_full_tier1_20260729_01,tier1
ilxA2dvz5-4,ilxA2dvz5-4.mp4,226.37,233.15,face_density_low,,cutfix_full_tier1_20260729_01,tier1
ilxA2dvz5-4,ilxA2dvz5-4.mp4,233.378,239.486,face_density_low,,cutfix_full_tier1_20260729_01,tier1
ilxA2dvz5-4,ilxA2dvz5-4.mp4,265.314,266.91,segment_too_short,,cutfix_full_tier1_20260729_01,tier1
ilxA2dvz5-4,ilxA2dvz5-4.mp4,267.522,271.742,scene_cut_detected,,cutfix_full_tier1_20260729_01,tier1
ilxA2dvz5-4,ilxA2dvz5-4.mp4,271.97,275.806,face_density_low,,cutfix_full_tier1_20260729_01,tier1
ilxA2dvz5-4,ilxA2dvz5-4.mp4,275.938,278.526,face_density_low,,cutfix_full_tier1_20260729_01,tier1
ilxA2dvz5-4,ilxA2dvz5-4.mp4,279.01,283.422,face_density_low,,cutfix_full_tier1_20260729_01,tier1
ilxA2dvz5-4,ilxA2dvz5-4.mp4,283.586,285.342,segment_too_short,,cutfix_full_tier1_20260729_01,tier1
ilxA2dvz5-4,ilxA2dvz5-4.mp4,285.73,289.598,scene_cut_detected,,cutfix_full_tier1_20260729_01,tier1
ilxA2dvz5-4,ilxA2dvz5-4.mp4,301.794,305.982,face_density_low,,cutfix_full_tier1_20260729_01,tier1
ilxA2dvz5-4,ilxA2dvz5-4.mp4,429.89,436.222,face_density_low,,cutfix_full_tier1_20260729_01,tier1
ilxA2dvz5-4,ilxA2dvz5-4.mp4,436.418,439.07,face_density_low,,cutfix_full_tier1_20260729_01,tier1
ilxA2dvz5-4,ilxA2dvz5-4.mp4,439.426,445.086,scene_cut_detected,,cutfix_full_tier1_20260729_01,tier1
ilxA2dvz5-4,ilxA2dvz5-4.mp4,445.25,448.478,face_density_low,,cutfix_full_tier1_20260729_01,tier1
ilxA2dvz5-4,ilxA2dvz5-4.mp4,448.834,458.206,scene_cut_detected,,cutfix_full_tier1_20260729_01,tier1
ilxA2dvz5-4,ilxA2dvz5-4.mp4,463.234,468.094,face_density_low,,cutfix_full_tier1_20260729_01,tier1
ilxA2dvz5-4,ilxA2dvz5-4.mp4,468.226,473.054,face_density_low,,cutfix_full_tier1_20260729_01,tier1
ilxA2dvz5-4,ilxA2dvz5-4.mp4,473.826,477.278,face_density_low,,cutfix_full_tier1_20260729_01,tier1
ilxA2dvz5-4,ilxA2dvz5-4.mp4,477.474,486.174,face_density_low,,cutfix_full_tier1_20260729_01,tier1
ilxA2dvz5-4,ilxA2dvz5-4.mp4,486.338,493.022,face_density_low,,cutfix_full_tier1_20260729_01,tier1
ilxA2dvz5-4,ilxA2dvz5-4.mp4,505.954,506.878,segment_too_short,,cutfix_full_tier1_20260729_01,tier1
ilxA2dvz5-4,ilxA2dvz5-4.mp4,512.834,513.662,segment_too_short,,cutfix_full_tier1_20260729_01,tier1
ilxA2dvz5-4,ilxA2dvz5-4.mp4,523.298,528.298,face_density_low,,cutfix_full_tier1_20260729_01,tier1
ilxA2dvz5-4,ilxA2dvz5-4.mp4,544.482,545.598,segment_too_short,,cutfix_full_tier1_20260729_01,tier1
ilxA2dvz5-4,ilxA2dvz5-4.mp4,566.146,567.422,segment_too_short,,cutfix_full_tier1_20260729_01,tier1
ilxA2dvz5-4,ilxA2dvz5-4.mp4,570.754,576.894,face_density_low,,cutfix_full_tier1_20260729_01,tier1
ilxA2dvz5-4,ilxA2dvz5-4.mp4,577.346,579.678,face_density_low,,cutfix_full_tier1_20260729_01,tier1
ilxA2dvz5-4,ilxA2dvz5-4.mp4,579.938,584.958,face_density_low,,cutfix_full_tier1_20260729_01,tier1
ilxA2dvz5-4,ilxA2dvz5-4.mp4,613.026,614.526,segment_too_short,,cutfix_full_tier1_20260729_01,tier1
ilxA2dvz5-4,ilxA2dvz5-4.mp4,614.786,617.054,face_density_low,,cutfix_full_tier1_20260729_01,tier1
ilxA2dvz5-4,ilxA2dvz5-4.mp4,617.218,625.918,face_density_low,,cutfix_full_tier1_20260729_01,tier1
ilxA2dvz5-4,ilxA2dvz5-4.mp4,626.05,628.382,face_density_low,,cutfix_full_tier1_20260729_01,tier1
ilxA2dvz5-4,ilxA2dvz5-4.mp4,628.578,633.214,face_density_low,,cutfix_full_tier1_20260729_01,tier1
ilxA2dvz5-4,ilxA2dvz5-4.mp4,633.346,635.678,face_density_low,,cutfix_full_tier1_20260729_01,tier1
ilxA2dvz5-4,ilxA2dvz5-4.mp4,636.066,640.446,face_density_low,,cutfix_full_tier1_20260729_01,tier1
ilxA2dvz5-4,ilxA2dvz5-4.mp4,640.706,648.83,face_density_low,,cutfix_full_tier1_20260729_01,tier1
iu0unbhbX-k,iu0unbhbX-k.mp4,28.706,33.706,scene_cut_detected,,cutfix_full_tier1_20260729_01,tier1
iu0unbhbX-k,iu0unbhbX-k.mp4,32.706,36.19,face_density_low,,cutfix_full_tier1_20260729_01,tier1
iu0unbhbX-k,iu0unbhbX-k.mp4,36.322,39.87,face_density_low,,cutfix_full_tier1_20260729_01,tier1
iu0unbhbX-k,iu0unbhbX-k.mp4,40.898,43.326,scene_cut_detected,,cutfix_full_tier1_20260729_01,tier1
iu0unbhbX-k,iu0unbhbX-k.mp4,57.026,58.75,segment_too_short,,cutfix_full_tier1_20260729_01,tier1
iu0unbhbX-k,iu0unbhbX-k.mp4,73.762,83.198,scene_cut_detected,,cutfix_full_tier1_20260729_01,tier1
iu0unbhbX-k,iu0unbhbX-k.mp4,83.33,86.142,scene_cut_detected,,cutfix_full_tier1_20260729_01,tier1
iu0unbhbX-k,iu0unbhbX-k.mp4,86.306,89.95,face_density_low,,cutfix_full_tier1_20260729_01,tier1
iu0unbhbX-k,iu0unbhbX-k.mp4,90.338,93.374,face_density_low,,cutfix_full_tier1_20260729_01,tier1
iu0unbhbX-k,iu0unbhbX-k.mp4,93.794,103.934,face_density_low,,cutfix_full_tier1_20260729_01,tier1
iu0unbhbX-k,iu0unbhbX-k.mp4,104.45,107.934,face_density_low,,cutfix_full_tier1_20260729_01,tier1
iu0unbhbX-k,iu0unbhbX-k.mp4,108.098,114.494,face_density_low,,cutfix_full_tier1_20260729_01,tier1
iu0unbhbX-k,iu0unbhbX-k.mp4,114.594,119.594,face_density_low,,cutfix_full_tier1_20260729_01,tier1
iu0unbhbX-k,iu0unbhbX-k.mp4,118.594,123.594,face_density_low,,cutfix_full_tier1_20260729_01,tier1
iu0unbhbX-k,iu0unbhbX-k.mp4,130.786,133.758,face_density_low,,cutfix_full_tier1_20260729_01,tier1
iu0unbhbX-k,iu0unbhbX-k.mp4,180.898,185.246,face_density_low,,cutfix_full_tier1_20260729_01,tier1
iu0unbhbX-k,iu0unbhbX-k.mp4,190.21,190.942,segment_too_short,,cutfix_full_tier1_20260729_01,tier1
iu0unbhbX-k,iu0unbhbX-k.mp4,199.778,202.718,face_density_low,,cutfix_full_tier1_20260729_01,tier1
iu0unbhbX-k,iu0unbhbX-k.mp4,226.722,236.83,face_density_low,,cutfix_full_tier1_20260729_01,tier1
iu0unbhbX-k,iu0unbhbX-k.mp4,237.154,242.974,face_density_low,,cutfix_full_tier1_20260729_01,tier1
iu0unbhbX-k,iu0unbhbX-k.mp4,243.362,247.582,face_density_low,,cutfix_full_tier1_20260729_01,tier1
iu0unbhbX-k,iu0unbhbX-k.mp4,280.226,282.046,segment_too_short,,cutfix_full_tier1_20260729_01,tier1
iu0unbhbX-k,iu0unbhbX-k.mp4,388.034,389.726,segment_too_short,,cutfix_full_tier1_20260729_01,tier1
iu0unbhbX-k,iu0unbhbX-k.mp4,393.922,398.922,face_density_low,,cutfix_full_tier1_20260729_01,tier1
iu0unbhbX-k,iu0unbhbX-k.mp4,397.922,402.922,face_density_low,,cutfix_full_tier1_20260729_01,tier1
iu0unbhbX-k,iu0unbhbX-k.mp4,401.922,406.922,face_density_low,,cutfix_full_tier1_20260729_01,tier1
iu0unbhbX-k,iu0unbhbX-k.mp4,405.922,410.922,face_density_low,,cutfix_full_tier1_20260729_01,tier1
iu0unbhbX-k,iu0unbhbX-k.mp4,453.218,455.806,face_density_low,,cutfix_full_tier1_20260729_01,tier1
iu0unbhbX-k,iu0unbhbX-k.mp4,487.074,492.074,face_density_low,,cutfix_full_tier1_20260729_01,tier1
iu0unbhbX-k,iu0unbhbX-k.mp4,499.074,504.074,face_density_low,,cutfix_full_tier1_20260729_01,tier1
iu0unbhbX-k,iu0unbhbX-k.mp4,505.154,508.062,face_density_low,,cutfix_full_tier1_20260729_01,tier1
iu0unbhbX-k,iu0unbhbX-k.mp4,508.45,512.574,face_density_low,,cutfix_full_tier1_20260729_01,tier1
iu0unbhbX-k,iu0unbhbX-k.mp4,512.706,515.774,face_density_low,,cutfix_full_tier1_20260729_01,tier1
iu0unbhbX-k,iu0unbhbX-k.mp4,516.226,526.654,face_density_low,,cutfix_full_tier1_20260729_01,tier1
iu0unbhbX-k,iu0unbhbX-k.mp4,632.77,633.982,segment_too_short,,cutfix_full_tier1_20260729_01,tier1
iu0unbhbX-k,iu0unbhbX-k.mp4,716.738,721.738,face_density_low,,cutfix_full_tier1_20260729_01,tier1
iu0unbhbX-k,iu0unbhbX-k.mp4,745.986,750.986,scene_cut_detected,,cutfix_full_tier1_20260729_01,tier1
iu0unbhbX-k,iu0unbhbX-k.mp4,769.954,775.07,face_density_low,,cutfix_full_tier1_20260729_01,tier1
iu0unbhbX-k,iu0unbhbX-k.mp4,807.458,807.902,segment_too_short,,cutfix_full_tier1_20260729_01,tier1
j1KheeAxYbQ,j1KheeAxYbQ.mp4,0.034,0.798,segment_too_short,,cutfix_full_tier1_20260729_01,tier1
j1KheeAxYbQ,j1KheeAxYbQ.mp4,7.138,7.998,segment_too_short,,cutfix_full_tier1_20260729_01,tier1
j1KheeAxYbQ,j1KheeAxYbQ.mp4,10.018,10.846,segment_too_short,,cutfix_full_tier1_20260729_01,tier1
j1KheeAxYbQ,j1KheeAxYbQ.mp4,19.202,20.126,segment_too_short,,cutfix_full_tier1_20260729_01,tier1
j1KheeAxYbQ,j1KheeAxYbQ.mp4,21.09,22.622,segment_too_short,,cutfix_full_tier1_20260729_01,tier1
j1KheeAxYbQ,j1KheeAxYbQ.mp4,22.85,24.702,segment_too_short,,cutfix_full_tier1_20260729_01,tier1
j1KheeAxYbQ,j1KheeAxYbQ.mp4,24.802,25.758,segment_too_short,,cutfix_full_tier1_20260729_01,tier1
j1KheeAxYbQ,j1KheeAxYbQ.mp4,25.89,27.166,segment_too_short,,cutfix_full_tier1_20260729_01,tier1
j1KheeAxYbQ,j1KheeAxYbQ.mp4,27.266,28.638,segment_too_short,,cutfix_full_tier1_20260729_01,tier1
j1KheeAxYbQ,j1KheeAxYbQ.mp4,28.77,31.486,face_density_low,,cutfix_full_tier1_20260729_01,tier1
j1KheeAxYbQ,j1KheeAxYbQ.mp4,31.682,33.918,scene_cut_detected,,cutfix_full_tier1_20260729_01,tier1
j1KheeAxYbQ,j1KheeAxYbQ.mp4,34.306,35.39,segment_too_short,,cutfix_full_tier1_20260729_01,tier1
j1KheeAxYbQ,j1KheeAxYbQ.mp4,36.066,46.622,scene_cut_detected,,cutfix_full_tier1_20260729_01,tier1
j1KheeAxYbQ,j1KheeAxYbQ.mp4,46.722,48.222,segment_too_short,,cutfix_full_tier1_20260729_01,tier1
j1KheeAxYbQ,j1KheeAxYbQ.mp4,48.546,56.062,scene_cut_detected,,cutfix_full_tier1_20260729_01,tier1
j1KheeAxYbQ,j1KheeAxYbQ.mp4,56.258,57.822,segment_too_short,,cutfix_full_tier1_20260729_01,tier1
j1KheeAxYbQ,j1KheeAxYbQ.mp4,57.922,59.902,segment_too_short,,cutfix_full_tier1_20260729_01,tier1
j1KheeAxYbQ,j1KheeAxYbQ.mp4,60.002,68.158,scene_cut_detected,,cutfix_full_tier1_20260729_01,tier1
j1KheeAxYbQ,j1KheeAxYbQ.mp4,70.978,77.534,scene_cut_detected,,cutfix_full_tier1_20260729_01,tier1
j1KheeAxYbQ,j1KheeAxYbQ.mp4,77.698,79.326,segment_too_short,,cutfix_full_tier1_20260729_01,tier1
j1KheeAxYbQ,j1KheeAxYbQ.mp4,79.49,86.494,scene_cut_detected,,cutfix_full_tier1_20260729_01,tier1
j1KheeAxYbQ,j1KheeAxYbQ.mp4,86.626,87.454,segment_too_short,,cutfix_full_tier1_20260729_01,tier1
j1KheeAxYbQ,j1KheeAxYbQ.mp4,87.714,90.142,scene_cut_detected,,cutfix_full_tier1_20260729_01,tier1
j1KheeAxYbQ,j1KheeAxYbQ.mp4,90.402,95.07,scene_cut_detected,,cutfix_full_tier1_20260729_01,tier1
j1KheeAxYbQ,j1KheeAxYbQ.mp4,95.298,96.318,segment_too_short,,cutfix_full_tier1_20260729_01,tier1
j1KheeAxYbQ,j1KheeAxYbQ.mp4,99.01,103.102,scene_cut_detected,,cutfix_full_tier1_20260729_01,tier1
j1KheeAxYbQ,j1KheeAxYbQ.mp4,105.57,110.078,scene_cut_detected,,cutfix_full_tier1_20260729_01,tier1
j1KheeAxYbQ,j1KheeAxYbQ.mp4,114.786,119.786,scene_cut_detected,,cutfix_full_tier1_20260729_01,tier1
j1KheeAxYbQ,j1KheeAxYbQ.mp4,118.786,123.786,scene_cut_detected,,cutfix_full_tier1_20260729_01,tier1
j1KheeAxYbQ,j1KheeAxYbQ.mp4,122.786,127.786,scene_cut_detected,,cutfix_full_tier1_20260729_01,tier1
j1KheeAxYbQ,j1KheeAxYbQ.mp4,128.834,135.966,scene_cut_detected,,cutfix_full_tier1_20260729_01,tier1
j1KheeAxYbQ,j1KheeAxYbQ.mp4,144.194,144.638,segment_too_short,,cutfix_full_tier1_20260729_01,tier1
j1KheeAxYbQ,j1KheeAxYbQ.mp4,156.354,157.726,segment_too_short,,cutfix_full_tier1_20260729_01,tier1
j1KheeAxYbQ,j1KheeAxYbQ.mp4,157.986,158.302,segment_too_short,,cutfix_full_tier1_20260729_01,tier1
j1KheeAxYbQ,j1KheeAxYbQ.mp4,158.434,169.15,scene_cut_detected,,cutfix_full_tier1_20260729_01,tier1
j1KheeAxYbQ,j1KheeAxYbQ.mp4,173.73,180.478,scene_cut_detected,,cutfix_full_tier1_20260729_01,tier1
j1KheeAxYbQ,j1KheeAxYbQ.mp4,180.578,188.414,scene_cut_detected,,cutfix_full_tier1_20260729_01,tier1
j1KheeAxYbQ,j1KheeAxYbQ.mp4,188.546,190.366,segment_too_short,,cutfix_full_tier1_20260729_01,tier1
j1KheeAxYbQ,j1KheeAxYbQ.mp4,190.562,195.562,scene_cut_detected,,cutfix_full_tier1_20260729_01,tier1
j1KheeAxYbQ,j1KheeAxYbQ.mp4,206.818,210.494,scene_cut_detected,,cutfix_full_tier1_20260729_01,tier1
j1KheeAxYbQ,j1KheeAxYbQ.mp4,210.626,211.486,segment_too_short,,cutfix_full_tier1_20260729_01,tier1
j1KheeAxYbQ,j1KheeAxYbQ.mp4,211.746,212.382,segment_too_short,,cutfix_full_tier1_20260729_01,tier1
j1KheeAxYbQ,j1KheeAxYbQ.mp4,220.098,221.374,segment_too_short,,cutfix_full_tier1_20260729_01,tier1
j1KheeAxYbQ,j1KheeAxYbQ.mp4,221.986,222.494,segment_too_short,,cutfix_full_tier1_20260729_01,tier1
j1KheeAxYbQ,j1KheeAxYbQ.mp4,225.442,233.406,scene_cut_detected,,cutfix_full_tier1_20260729_01,tier1
j1KheeAxYbQ,j1KheeAxYbQ.mp4,233.57,236.83,scene_cut_detected,,cutfix_full_tier1_20260729_01,tier1
j1KheeAxYbQ,j1KheeAxYbQ.mp4,237.154,238.91,segment_too_short,,cutfix_full_tier1_20260729_01,tier1
j1KheeAxYbQ,j1KheeAxYbQ.mp4,239.042,244.158,scene_cut_detected,,cutfix_full_tier1_20260729_01,tier1
j1KheeAxYbQ,j1KheeAxYbQ.mp4,248.322,253.322,scene_cut_detected,,cutfix_full_tier1_20260729_01,tier1
j1KheeAxYbQ,j1KheeAxYbQ.mp4,252.322,257.322,scene_cut_detected,,cutfix_full_tier1_20260729_01,tier1
j1KheeAxYbQ,j1KheeAxYbQ.mp4,256.322,261.322,scene_cut_detected,,cutfix_full_tier1_20260729_01,tier1
j1KheeAxYbQ,j1KheeAxYbQ.mp4,261.89,270.526,scene_cut_detected,,cutfix_full_tier1_20260729_01,tier1
j1KheeAxYbQ,j1KheeAxYbQ.mp4,280.834,282.526,segment_too_short,,cutfix_full_tier1_20260729_01,tier1
j1KheeAxYbQ,j1KheeAxYbQ.mp4,282.914,290.974,scene_cut_detected,,cutfix_full_tier1_20260729_01,tier1
j1KheeAxYbQ,j1KheeAxYbQ.mp4,291.074,291.87,segment_too_short,,cutfix_full_tier1_20260729_01,tier1
j1KheeAxYbQ,j1KheeAxYbQ.mp4,296.994,301.994,scene_cut_detected,,cutfix_full_tier1_20260729_01,tier1
j1KheeAxYbQ,j1KheeAxYbQ.mp4,300.994,305.994,scene_cut_detected,,cutfix_full_tier1_20260729_01,tier1
j1KheeAxYbQ,j1KheeAxYbQ.mp4,304.994,309.994,scene_cut_detected,,cutfix_full_tier1_20260729_01,tier1
j1KheeAxYbQ,j1KheeAxYbQ.mp4,317.794,318.814,segment_too_short,,cutfix_full_tier1_20260729_01,tier1
j1KheeAxYbQ,j1KheeAxYbQ.mp4,319.65,330.622,scene_cut_detected,,cutfix_full_tier1_20260729_01,tier1
j1KheeAxYbQ,j1KheeAxYbQ.mp4,330.722,334.398,scene_cut_detected,,cutfix_full_tier1_20260729_01,tier1
j1KheeAxYbQ,j1KheeAxYbQ.mp4,342.562,343.006,segment_too_short,,cutfix_full_tier1_20260729_01,tier1
j1KheeAxYbQ,j1KheeAxYbQ.mp4,345.538,346.622,segment_too_short,,cutfix_full_tier1_20260729_01,tier1
j1KheeAxYbQ,j1KheeAxYbQ.mp4,347.266,349.182,segment_too_short,,cutfix_full_tier1_20260729_01,tier1
j1KheeAxYbQ,j1KheeAxYbQ.mp4,349.73,351.55,segment_too_short,,cutfix_full_tier1_20260729_01,tier1
j1KheeAxYbQ,j1KheeAxYbQ.mp4,351.842,352.574,segment_too_short,,cutfix_full_tier1_20260729_01,tier1
j1KheeAxYbQ,j1KheeAxYbQ.mp4,352.802,354.814,scene_cut_detected,,cutfix_full_tier1_20260729_01,tier1
j1KheeAxYbQ,j1KheeAxYbQ.mp4,354.914,359.87,scene_cut_detected,,cutfix_full_tier1_20260729_01,tier1
j1KheeAxYbQ,j1KheeAxYbQ.mp4,360.482,364.414,scene_cut_detected,,cutfix_full_tier1_20260729_01,tier1
j1KheeAxYbQ,j1KheeAxYbQ.mp4,366.818,372.254,scene_cut_detected,,cutfix_full_tier1_20260729_01,tier1
j1KheeAxYbQ,j1KheeAxYbQ.mp4,372.386,373.726,segment_too_short,,cutfix_full_tier1_20260729_01,tier1
j1KheeAxYbQ,j1KheeAxYbQ.mp4,374.05,379.07,scene_cut_detected,,cutfix_full_tier1_20260729_01,tier1
j1KheeAxYbQ,j1KheeAxYbQ.mp4,379.234,385.086,scene_cut_detected,,cutfix_full_tier1_20260729_01,tier1
j1KheeAxYbQ,j1KheeAxYbQ.mp4,387.906,391.07,scene_cut_detected,,cutfix_full_tier1_20260729_01,tier1
j1KheeAxYbQ,j1KheeAxYbQ.mp4,391.33,398.526,scene_cut_detected,,cutfix_full_tier1_20260729_01,tier1
j1KheeAxYbQ,j1KheeAxYbQ.mp4,402.946,404.286,segment_too_short,,cutfix_full_tier1_20260729_01,tier1
j1KheeAxYbQ,j1KheeAxYbQ.mp4,404.514,405.342,segment_too_short,,cutfix_full_tier1_20260729_01,tier1
j1KheeAxYbQ,j1KheeAxYbQ.mp4,405.474,407.742,scene_cut_detected,,cutfix_full_tier1_20260729_01,tier1
j1KheeAxYbQ,j1KheeAxYbQ.mp4,407.97,414.11,scene_cut_detected,,cutfix_full_tier1_20260729_01,tier1
j1KheeAxYbQ,j1KheeAxYbQ.mp4,414.242,419.242,scene_cut_detected,,cutfix_full_tier1_20260729_01,tier1
j1KheeAxYbQ,j1KheeAxYbQ.mp4,418.242,423.242,scene_cut_detected,,cutfix_full_tier1_20260729_01,tier1
j1KheeAxYbQ,j1KheeAxYbQ.mp4,422.242,427.242,scene_cut_detected,,cutfix_full_tier1_20260729_01,tier1
j1KheeAxYbQ,j1KheeAxYbQ.mp4,426.242,429.694,scene_cut_detected,,cutfix_full_tier1_20260729_01,tier1
j1KheeAxYbQ,j1KheeAxYbQ.mp4,429.794,440.126,scene_cut_detected,,cutfix_full_tier1_20260729_01,tier1
j1KheeAxYbQ,j1KheeAxYbQ.mp4,440.258,441.022,segment_too_short,,cutfix_full_tier1_20260729_01,tier1
j1KheeAxYbQ,j1KheeAxYbQ.mp4,441.218,442.462,segment_too_short,,cutfix_full_tier1_20260729_01,tier1
j1KheeAxYbQ,j1KheeAxYbQ.mp4,442.722,450.11,scene_cut_detected,,cutfix_full_tier1_20260729_01,tier1
j1KheeAxYbQ,j1KheeAxYbQ.mp4,450.882,451.646,segment_too_short,,cutfix_full_tier1_20260729_01,tier1
j1KheeAxYbQ,j1KheeAxYbQ.mp4,451.778,453.79,scene_cut_detected,,cutfix_full_tier1_20260729_01,tier1
j1KheeAxYbQ,j1KheeAxYbQ.mp4,454.05,455.358,segment_too_short,,cutfix_full_tier1_20260729_01,tier1
j1KheeAxYbQ,j1KheeAxYbQ.mp4,456.034,456.414,segment_too_short,,cutfix_full_tier1_20260729_01,tier1
j1KheeAxYbQ,j1KheeAxYbQ.mp4,456.61,457.758,segment_too_short,,cutfix_full_tier1_20260729_01,tier1
j1KheeAxYbQ,j1KheeAxYbQ.mp4,457.922,458.974,segment_too_short,,cutfix_full_tier1_20260729_01,tier1
j1KheeAxYbQ,j1KheeAxYbQ.mp4,459.106,459.902,segment_too_short,,cutfix_full_tier1_20260729_01,tier1
j1KheeAxYbQ,j1KheeAxYbQ.mp4,460.418,461.662,segment_too_short,,cutfix_full_tier1_20260729_01,tier1
j1KheeAxYbQ,j1KheeAxYbQ.mp4,461.826,463.006,segment_too_short,,cutfix_full_tier1_20260729_01,tier1
j1KheeAxYbQ,j1KheeAxYbQ.mp4,463.138,467.39,scene_cut_detected,,cutfix_full_tier1_20260729_01,tier1
j1KheeAxYbQ,j1KheeAxYbQ.mp4,467.682,468.638,segment_too_short,,cutfix_full_tier1_20260729_01,tier1
j1KheeAxYbQ,j1KheeAxYbQ.mp4,471.97,478.398,scene_cut_detected,,cutfix_full_tier1_20260729_01,tier1
j1KheeAxYbQ,j1KheeAxYbQ.mp4,482.178,482.686,segment_too_short,,cutfix_full_tier1_20260729_01,tier1
j1KheeAxYbQ,j1KheeAxYbQ.mp4,482.786,492.094,scene_cut_detected,,cutfix_full_tier1_20260729_01,tier1
j1KheeAxYbQ,j1KheeAxYbQ.mp4,493.538,497.47,scene_cut_detected,,cutfix_full_tier1_20260729_01,tier1
j1KheeAxYbQ,j1KheeAxYbQ.mp4,497.634,498.91,segment_too_short,,cutfix_full_tier1_20260729_01,tier1
j1KheeAxYbQ,j1KheeAxYbQ.mp4,499.01,500.19,segment_too_short,,cutfix_full_tier1_20260729_01,tier1
j1KheeAxYbQ,j1KheeAxYbQ.mp4,500.642,501.118,segment_too_short,,cutfix_full_tier1_20260729_01,tier1
j1KheeAxYbQ,j1KheeAxYbQ.mp4,503.266,504.126,segment_too_short,,cutfix_full_tier1_20260729_01,tier1
j1KheeAxYbQ,j1KheeAxYbQ.mp4,506.914,507.742,segment_too_short,,cutfix_full_tier1_20260729_01,tier1
j1KheeAxYbQ,j1KheeAxYbQ.mp4,509.538,513.886,scene_cut_detected,,cutfix_full_tier1_20260729_01,tier1
j1KheeAxYbQ,j1KheeAxYbQ.mp4,515.138,520.574,scene_cut_detected,,cutfix_full_tier1_20260729_01,tier1
j1KheeAxYbQ,j1KheeAxYbQ.mp4,520.674,521.982,segment_too_short,,cutfix_full_tier1_20260729_01,tier1
j1KheeAxYbQ,j1KheeAxYbQ.mp4,522.082,524.926,scene_cut_detected,,cutfix_full_tier1_20260729_01,tier1
j1KheeAxYbQ,j1KheeAxYbQ.mp4,530.85,532.062,segment_too_short,,cutfix_full_tier1_20260729_01,tier1
j1KheeAxYbQ,j1KheeAxYbQ.mp4,532.226,533.438,segment_too_short,,cutfix_full_tier1_20260729_01,tier1
j1KheeAxYbQ,j1KheeAxYbQ.mp4,533.762,535.55,segment_too_short,,cutfix_full_tier1_20260729_01,tier1
j1KheeAxYbQ,j1KheeAxYbQ.mp4,535.714,546.622,scene_cut_detected,,cutfix_full_tier1_20260729_01,tier1
j1KheeAxYbQ,j1KheeAxYbQ.mp4,547.394,548.862,segment_too_short,,cutfix_full_tier1_20260729_01,tier1
j1KheeAxYbQ,j1KheeAxYbQ.mp4,548.962,550.302,segment_too_short,,cutfix_full_tier1_20260729_01,tier1
j1KheeAxYbQ,j1KheeAxYbQ.mp4,550.594,555.87,scene_cut_detected,,cutfix_full_tier1_20260729_01,tier1
j1KheeAxYbQ,j1KheeAxYbQ.mp4,556.162,557.566,segment_too_short,,cutfix_full_tier1_20260729_01,tier1
j1KheeAxYbQ,j1KheeAxYbQ.mp4,557.858,560.67,scene_cut_detected,,cutfix_full_tier1_20260729_01,tier1
j1KheeAxYbQ,j1KheeAxYbQ.mp4,560.866,562.686,segment_too_short,,cutfix_full_tier1_20260729_01,tier1
j1KheeAxYbQ,j1KheeAxYbQ.mp4,563.202,565.022,segment_too_short,,cutfix_full_tier1_20260729_01,tier1
j1KheeAxYbQ,j1KheeAxYbQ.mp4,565.314,567.198,segment_too_short,,cutfix_full_tier1_20260729_01,tier1
j1KheeAxYbQ,j1KheeAxYbQ.mp4,567.522,570.174,scene_cut_detected,,cutfix_full_tier1_20260729_01,tier1
j1KheeAxYbQ,j1KheeAxYbQ.mp4,570.274,571.87,segment_too_short,,cutfix_full_tier1_20260729_01,tier1
j1KheeAxYbQ,j1KheeAxYbQ.mp4,572.098,574.302,scene_cut_detected,,cutfix_full_tier1_20260729_01,tier1
j1KheeAxYbQ,j1KheeAxYbQ.mp4,574.434,575.422,segment_too_short,,cutfix_full_tier1_20260729_01,tier1
j1KheeAxYbQ,j1KheeAxYbQ.mp4,576.098,579.23,face_density_low,,cutfix_full_tier1_20260729_01,tier1
j1KheeAxYbQ,j1KheeAxYbQ.mp4,579.618,580.478,segment_too_short,,cutfix_full_tier1_20260729_01,tier1
j1KheeAxYbQ,j1KheeAxYbQ.mp4,580.61,582.27,segment_too_short,,cutfix_full_tier1_20260729_01,tier1
j1KheeAxYbQ,j1KheeAxYbQ.mp4,582.498,582.846,segment_too_short,,cutfix_full_tier1_20260729_01,tier1
j1KheeAxYbQ,j1KheeAxYbQ.mp4,583.33,583.774,segment_too_short,,cutfix_full_tier1_20260729_01,tier1
j1KheeAxYbQ,j1KheeAxYbQ.mp4,583.874,591.23,scene_cut_detected,,cutfix_full_tier1_20260729_01,tier1
j1KheeAxYbQ,j1KheeAxYbQ.mp4,591.65,592.478,segment_too_short,,cutfix_full_tier1_20260729_01,tier1
j1KheeAxYbQ,j1KheeAxYbQ.mp4,592.578,593.438,segment_too_short,,cutfix_full_tier1_20260729_01,tier1
j1KheeAxYbQ,j1KheeAxYbQ.mp4,593.73,598.27,scene_cut_detected,,cutfix_full_tier1_20260729_01,tier1
j1KheeAxYbQ,j1KheeAxYbQ.mp4,598.53,601.342,scene_cut_detected,,cutfix_full_tier1_20260729_01,tier1
j1KheeAxYbQ,j1KheeAxYbQ.mp4,601.474,602.654,segment_too_short,,cutfix_full_tier1_20260729_01,tier1
j1KheeAxYbQ,j1KheeAxYbQ.mp4,603.074,603.486,segment_too_short,,cutfix_full_tier1_20260729_01,tier1
j1KheeAxYbQ,j1KheeAxYbQ.mp4,612.226,616.702,scene_cut_detected,,cutfix_full_tier1_20260729_01,tier1
j1KheeAxYbQ,j1KheeAxYbQ.mp4,620.386,621.31,segment_too_short,,cutfix_full_tier1_20260729_01,tier1
j1KheeAxYbQ,j1KheeAxYbQ.mp4,621.506,623.038,segment_too_short,,cutfix_full_tier1_20260729_01,tier1
j1KheeAxYbQ,j1KheeAxYbQ.mp4,623.682,629.342,scene_cut_detected,,cutfix_full_tier1_20260729_01,tier1
j1KheeAxYbQ,j1KheeAxYbQ.mp4,629.474,636.158,scene_cut_detected,,cutfix_full_tier1_20260729_01,tier1
j1KheeAxYbQ,j1KheeAxYbQ.mp4,639.714,640.478,segment_too_short,,cutfix_full_tier1_20260729_01,tier1
j1KheeAxYbQ,j1KheeAxYbQ.mp4,640.802,641.982,segment_too_short,,cutfix_full_tier1_20260729_01,tier1
j1KheeAxYbQ,j1KheeAxYbQ.mp4,642.21,643.55,segment_too_short,,cutfix_full_tier1_20260729_01,tier1
j1KheeAxYbQ,j1KheeAxYbQ.mp4,644.45,645.246,segment_too_short,,cutfix_full_tier1_20260729_01,tier1
j1KheeAxYbQ,j1KheeAxYbQ.mp4,645.538,646.238,segment_too_short,,cutfix_full_tier1_20260729_01,tier1
j1KheeAxYbQ,j1KheeAxYbQ.mp4,646.722,647.134,segment_too_short,,cutfix_full_tier1_20260729_01,tier1
j1KheeAxYbQ,j1KheeAxYbQ.mp4,647.362,652.318,scene_cut_detected,,cutfix_full_tier1_20260729_01,tier1
j1KheeAxYbQ,j1KheeAxYbQ.mp4,652.61,662.974,scene_cut_detected,,cutfix_full_tier1_20260729_01,tier1
j1KheeAxYbQ,j1KheeAxYbQ.mp4,663.202,667.518,face_density_low,,cutfix_full_tier1_20260729_01,tier1
j1KheeAxYbQ,j1KheeAxYbQ.mp4,667.778,668.606,segment_too_short,,cutfix_full_tier1_20260729_01,tier1
j1KheeAxYbQ,j1KheeAxYbQ.mp4,671.458,674.782,scene_cut_detected,,cutfix_full_tier1_20260729_01,tier1
j1KheeAxYbQ,j1KheeAxYbQ.mp4,678.914,686.014,scene_cut_detected,,cutfix_full_tier1_20260729_01,tier1
j1KheeAxYbQ,j1KheeAxYbQ.mp4,686.146,687.518,segment_too_short,,cutfix_full_tier1_20260729_01,tier1
j1KheeAxYbQ,j1KheeAxYbQ.mp4,687.682,695.71,scene_cut_detected,,cutfix_full_tier1_20260729_01,tier1
j1KheeAxYbQ,j1KheeAxYbQ.mp4,699.81,700.222,segment_too_short,,cutfix_full_tier1_20260729_01,tier1
j1KheeAxYbQ,j1KheeAxYbQ.mp4,700.834,701.278,segment_too_short,,cutfix_full_tier1_20260729_01,tier1
j1KheeAxYbQ,j1KheeAxYbQ.mp4,701.794,702.846,segment_too_short,,cutfix_full_tier1_20260729_01,tier1
j1KheeAxYbQ,j1KheeAxYbQ.mp4,704.13,705.214,segment_too_short,,cutfix_full_tier1_20260729_01,tier1
j1KheeAxYbQ,j1KheeAxYbQ.mp4,705.442,709.79,scene_cut_detected,,cutfix_full_tier1_20260729_01,tier1
j1KheeAxYbQ,j1KheeAxYbQ.mp4,710.146,718.718,scene_cut_detected,,cutfix_full_tier1_20260729_01,tier1
j1KheeAxYbQ,j1KheeAxYbQ.mp4,721.89,727.422,scene_cut_detected,,cutfix_full_tier1_20260729_01,tier1
j1KheeAxYbQ,j1KheeAxYbQ.mp4,727.682,732.094,scene_cut_detected,,cutfix_full_tier1_20260729_01,tier1
j1KheeAxYbQ,j1KheeAxYbQ.mp4,732.354,735.806,scene_cut_detected,,cutfix_full_tier1_20260729_01,tier1
j1KheeAxYbQ,j1KheeAxYbQ.mp4,735.938,739.614,scene_cut_detected,,cutfix_full_tier1_20260729_01,tier1
j1KheeAxYbQ,j1KheeAxYbQ.mp4,740.13,741.022,segment_too_short,,cutfix_full_tier1_20260729_01,tier1
j1KheeAxYbQ,j1KheeAxYbQ.mp4,741.442,746.558,scene_cut_detected,,cutfix_full_tier1_20260729_01,tier1
j1KheeAxYbQ,j1KheeAxYbQ.mp4,746.85,747.198,segment_too_short,,cutfix_full_tier1_20260729_01,tier1
j1KheeAxYbQ,j1KheeAxYbQ.mp4,747.522,748.638,segment_too_short,,cutfix_full_tier1_20260729_01,tier1
j1KheeAxYbQ,j1KheeAxYbQ.mp4,749.122,750.398,segment_too_short,,cutfix_full_tier1_20260729_01,tier1
j1KheeAxYbQ,j1KheeAxYbQ.mp4,750.594,751.262,segment_too_short,,cutfix_full_tier1_20260729_01,tier1
j1KheeAxYbQ,j1KheeAxYbQ.mp4,751.81,752.638,segment_too_short,,cutfix_full_tier1_20260729_01,tier1
j1KheeAxYbQ,j1KheeAxYbQ.mp4,753.058,755.39,face_density_low,,cutfix_full_tier1_20260729_01,tier1
j1KheeAxYbQ,j1KheeAxYbQ.mp4,758.882,769.054,scene_cut_detected,,cutfix_full_tier1_20260729_01,tier1
j1KheeAxYbQ,j1KheeAxYbQ.mp4,770.018,772.606,face_density_low,,cutfix_full_tier1_20260729_01,tier1
j1KheeAxYbQ,j1KheeAxYbQ.mp4,772.866,777.854,scene_cut_detected,,cutfix_full_tier1_20260729_01,tier1
j1KheeAxYbQ,j1KheeAxYbQ.mp4,787.682,789.822,face_density_low,,cutfix_full_tier1_20260729_01,tier1
j1KheeAxYbQ,j1KheeAxYbQ.mp4,790.178,790.686,segment_too_short,,cutfix_full_tier1_20260729_01,tier1
j1KheeAxYbQ,j1KheeAxYbQ.mp4,790.818,791.198,segment_too_short,,cutfix_full_tier1_20260729_01,tier1
j1KheeAxYbQ,j1KheeAxYbQ.mp4,800.258,801.31,segment_too_short,,cutfix_full_tier1_20260729_01,tier1
j1KheeAxYbQ,j1KheeAxYbQ.mp4,804.034,805.982,segment_too_short,,cutfix_full_tier1_20260729_01,tier1
j1KheeAxYbQ,j1KheeAxYbQ.mp4,809.73,812.83,scene_cut_detected,,cutfix_full_tier1_20260729_01,tier1
j1KheeAxYbQ,j1KheeAxYbQ.mp4,813.09,813.95,segment_too_short,,cutfix_full_tier1_20260729_01,tier1
j1KheeAxYbQ,j1KheeAxYbQ.mp4,815.17,815.646,segment_too_short,,cutfix_full_tier1_20260729_01,tier1
j1KheeAxYbQ,j1KheeAxYbQ.mp4,816.162,817.534,segment_too_short,,cutfix_full_tier1_20260729_01,tier1
j1KheeAxYbQ,j1KheeAxYbQ.mp4,817.73,818.046,segment_too_short,,cutfix_full_tier1_20260729_01,tier1
j1KheeAxYbQ,j1KheeAxYbQ.mp4,818.402,818.782,segment_too_short,,cutfix_full_tier1_20260729_01,tier1
j1KheeAxYbQ,j1KheeAxYbQ.mp4,819.266,820.99,segment_too_short,,cutfix_full_tier1_20260729_01,tier1
j1KheeAxYbQ,j1KheeAxYbQ.mp4,824.45,824.798,segment_too_short,,cutfix_full_tier1_20260729_01,tier1
j1KheeAxYbQ,j1KheeAxYbQ.mp4,825.346,826.494,segment_too_short,,cutfix_full_tier1_20260729_01,tier1
j1KheeAxYbQ,j1KheeAxYbQ.mp4,826.626,829.182,scene_cut_detected,,cutfix_full_tier1_20260729_01,tier1
j1KheeAxYbQ,j1KheeAxYbQ.mp4,834.21,835.614,segment_too_short,,cutfix_full_tier1_20260729_01,tier1
j1KheeAxYbQ,j1KheeAxYbQ.mp4,836.578,838.334,segment_too_short,,cutfix_full_tier1_20260729_01,tier1
j1KheeAxYbQ,j1KheeAxYbQ.mp4,838.722,839.678,segment_too_short,,cutfix_full_tier1_20260729_01,tier1
j1KheeAxYbQ,j1KheeAxYbQ.mp4,843.01,844.51,segment_too_short,,cutfix_full_tier1_20260729_01,tier1
j1KheeAxYbQ,j1KheeAxYbQ.mp4,844.706,845.694,segment_too_short,,cutfix_full_tier1_20260729_01,tier1
j1KheeAxYbQ,j1KheeAxYbQ.mp4,846.21,852.862,scene_cut_detected,,cutfix_full_tier1_20260729_01,tier1
j1KheeAxYbQ,j1KheeAxYbQ.mp4,853.09,854.206,segment_too_short,,cutfix_full_tier1_20260729_01,tier1
j1KheeAxYbQ,j1KheeAxYbQ.mp4,854.306,855.646,segment_too_short,,cutfix_full_tier1_20260729_01,tier1
j1KheeAxYbQ,j1KheeAxYbQ.mp4,855.81,856.478,segment_too_short,,cutfix_full_tier1_20260729_01,tier1
j1KheeAxYbQ,j1KheeAxYbQ.mp4,862.946,867.946,scene_cut_detected,,cutfix_full_tier1_20260729_01,tier1
j1KheeAxYbQ,j1KheeAxYbQ.mp4,866.946,871.038,scene_cut_detected,,cutfix_full_tier1_20260729_01,tier1
j1KheeAxYbQ,j1KheeAxYbQ.mp4,871.554,872.062,segment_too_short,,cutfix_full_tier1_20260729_01,tier1
j1KheeAxYbQ,j1KheeAxYbQ.mp4,872.258,875.998,face_density_low,,cutfix_full_tier1_20260729_01,tier1
j1KheeAxYbQ,j1KheeAxYbQ.mp4,877.122,878.046,segment_too_short,,cutfix_full_tier1_20260729_01,tier1
j1KheeAxYbQ,j1KheeAxYbQ.mp4,881.794,882.238,segment_too_short,,cutfix_full_tier1_20260729_01,tier1
j1KheeAxYbQ,j1KheeAxYbQ.mp4,883.49,885.982,scene_cut_detected,,cutfix_full_tier1_20260729_01,tier1
j1KheeAxYbQ,j1KheeAxYbQ.mp4,888.29,894.366,scene_cut_detected,,cutfix_full_tier1_20260729_01,tier1
j1KheeAxYbQ,j1KheeAxYbQ.mp4,903.522,906.686,scene_cut_detected,,cutfix_full_tier1_20260729_01,tier1
j1KheeAxYbQ,j1KheeAxYbQ.mp4,909.73,910.462,segment_too_short,,cutfix_full_tier1_20260729_01,tier1
j1KheeAxYbQ,j1KheeAxYbQ.mp4,911.042,921.566,scene_cut_detected,,cutfix_full_tier1_20260729_01,tier1
j1KheeAxYbQ,j1KheeAxYbQ.mp4,922.658,923.646,segment_too_short,,cutfix_full_tier1_20260729_01,tier1
j1KheeAxYbQ,j1KheeAxYbQ.mp4,923.938,926.942,scene_cut_detected,,cutfix_full_tier1_20260729_01,tier1
j1KheeAxYbQ,j1KheeAxYbQ.mp4,931.426,933.214,segment_too_short,,cutfix_full_tier1_20260729_01,tier1
j1KheeAxYbQ,j1KheeAxYbQ.mp4,936.482,937.758,segment_too_short,,cutfix_full_tier1_20260729_01,tier1
j1KheeAxYbQ,j1KheeAxYbQ.mp4,937.986,939.806,segment_too_short,,cutfix_full_tier1_20260729_01,tier1
j1KheeAxYbQ,j1KheeAxYbQ.mp4,940.482,940.926,segment_too_short,,cutfix_full_tier1_20260729_01,tier1
j1KheeAxYbQ,j1KheeAxYbQ.mp4,941.282,942.174,segment_too_short,,cutfix_full_tier1_20260729_01,tier1
j1KheeAxYbQ,j1KheeAxYbQ.mp4,942.658,943.134,segment_too_short,,cutfix_full_tier1_20260729_01,tier1
j1KheeAxYbQ,j1KheeAxYbQ.mp4,948.706,949.918,segment_too_short,,cutfix_full_tier1_20260729_01,tier1
j1KheeAxYbQ,j1KheeAxYbQ.mp4,959.106,959.55,segment_too_short,,cutfix_full_tier1_20260729_01,tier1
j1KheeAxYbQ,j1KheeAxYbQ.mp4,962.786,963.358,segment_too_short,,cutfix_full_tier1_20260729_01,tier1
j1KheeAxYbQ,j1KheeAxYbQ.mp4,966.562,966.974,segment_too_short,,cutfix_full_tier1_20260729_01,tier1
j1KheeAxYbQ,j1KheeAxYbQ.mp4,972.29,973.022,segment_too_short,,cutfix_full_tier1_20260729_01,tier1
j1KheeAxYbQ,j1KheeAxYbQ.mp4,975.426,975.966,segment_too_short,,cutfix_full_tier1_20260729_01,tier1
j1KheeAxYbQ,j1KheeAxYbQ.mp4,978.274,980.67,scene_cut_detected,,cutfix_full_tier1_20260729_01,tier1
j1KheeAxYbQ,j1KheeAxYbQ.mp4,980.898,982.622,segment_too_short,,cutfix_full_tier1_20260729_01,tier1
j1KheeAxYbQ,j1KheeAxYbQ.mp4,982.786,983.326,segment_too_short,,cutfix_full_tier1_20260729_01,tier1
j1KheeAxYbQ,j1KheeAxYbQ.mp4,983.554,984.094,segment_too_short,,cutfix_full_tier1_20260729_01,tier1
j1KheeAxYbQ,j1KheeAxYbQ.mp4,984.642,985.758,segment_too_short,,cutfix_full_tier1_20260729_01,tier1
j1KheeAxYbQ,j1KheeAxYbQ.mp4,986.786,990.846,scene_cut_detected,,cutfix_full_tier1_20260729_01,tier1
j1KheeAxYbQ,j1KheeAxYbQ.mp4,991.106,992.67,segment_too_short,,cutfix_full_tier1_20260729_01,tier1
j1KheeAxYbQ,j1KheeAxYbQ.mp4,995.426,996.926,segment_too_short,,cutfix_full_tier1_20260729_01,tier1
j1KheeAxYbQ,j1KheeAxYbQ.mp4,1005.026,1006.302,segment_too_short,,cutfix_full_tier1_20260729_01,tier1
jDa1sgPlVYM,jDa1sgPlVYM.mp4,39.618,43.774,face_density_low,,cutfix_full_tier1_20260729_01,tier1
jDa1sgPlVYM,jDa1sgPlVYM.mp4,45.058,52.542,scene_cut_detected,,cutfix_full_tier1_20260729_01,tier1
jDa1sgPlVYM,jDa1sgPlVYM.mp4,53.986,56.446,face_density_low,,cutfix_full_tier1_20260729_01,tier1
jDa1sgPlVYM,jDa1sgPlVYM.mp4,58.338,60.542,face_density_low,,cutfix_full_tier1_20260729_01,tier1
jDa1sgPlVYM,jDa1sgPlVYM.mp4,60.642,63.198,scene_cut_detected,,cutfix_full_tier1_20260729_01,tier1
jDa1sgPlVYM,jDa1sgPlVYM.mp4,64.834,70.654,scene_cut_detected,,cutfix_full_tier1_20260729_01,tier1
jDa1sgPlVYM,jDa1sgPlVYM.mp4,104.834,111.838,scene_cut_detected,,cutfix_full_tier1_20260729_01,tier1
jDa1sgPlVYM,jDa1sgPlVYM.mp4,111.97,116.862,face_density_low,,cutfix_full_tier1_20260729_01,tier1
jDa1sgPlVYM,jDa1sgPlVYM.mp4,117.058,120.35,face_density_low,,cutfix_full_tier1_20260729_01,tier1
jDa1sgPlVYM,jDa1sgPlVYM.mp4,120.77,126.11,face_density_low,,cutfix_full_tier1_20260729_01,tier1
jDa1sgPlVYM,jDa1sgPlVYM.mp4,126.402,130.91,face_density_low,,cutfix_full_tier1_20260729_01,tier1
jDa1sgPlVYM,jDa1sgPlVYM.mp4,164.034,169.034,scene_cut_detected,,cutfix_full_tier1_20260729_01,tier1
jDa1sgPlVYM,jDa1sgPlVYM.mp4,168.034,173.034,face_density_low,,cutfix_full_tier1_20260729_01,tier1
jDa1sgPlVYM,jDa1sgPlVYM.mp4,172.034,176.542,scene_cut_detected,,cutfix_full_tier1_20260729_01,tier1
jDa1sgPlVYM,jDa1sgPlVYM.mp4,177.858,180.158,scene_cut_detected,,cutfix_full_tier1_20260729_01,tier1
jDa1sgPlVYM,jDa1sgPlVYM.mp4,180.29,185.022,face_density_low,,cutfix_full_tier1_20260729_01,tier1
jDa1sgPlVYM,jDa1sgPlVYM.mp4,185.314,191.134,scene_cut_detected,,cutfix_full_tier1_20260729_01,tier1
jDa1sgPlVYM,jDa1sgPlVYM.mp4,217.57,218.59,segment_too_short,,cutfix_full_tier1_20260729_01,tier1
jDa1sgPlVYM,jDa1sgPlVYM.mp4,222.402,223.582,segment_too_short,,cutfix_full_tier1_20260729_01,tier1
jDa1sgPlVYM,jDa1sgPlVYM.mp4,232.994,240.734,scene_cut_detected,,cutfix_full_tier1_20260729_01,tier1
jDa1sgPlVYM,jDa1sgPlVYM.mp4,240.994,242.59,segment_too_short,,cutfix_full_tier1_20260729_01,tier1
jDa1sgPlVYM,jDa1sgPlVYM.mp4,242.754,246.494,scene_cut_detected,,cutfix_full_tier1_20260729_01,tier1
jDa1sgPlVYM,jDa1sgPlVYM.mp4,246.626,252.606,scene_cut_detected,,cutfix_full_tier1_20260729_01,tier1
jDa1sgPlVYM,jDa1sgPlVYM.mp4,253.026,258.398,scene_cut_detected,,cutfix_full_tier1_20260729_01,tier1
jDa1sgPlVYM,jDa1sgPlVYM.mp4,258.69,260.766,face_density_low,,cutfix_full_tier1_20260729_01,tier1
jDa1sgPlVYM,jDa1sgPlVYM.mp4,260.898,263.998,face_density_low,,cutfix_full_tier1_20260729_01,tier1
jDa1sgPlVYM,jDa1sgPlVYM.mp4,264.354,266.366,face_density_low,,cutfix_full_tier1_20260729_01,tier1
jDa1sgPlVYM,jDa1sgPlVYM.mp4,266.754,271.486,face_density_low,,cutfix_full_tier1_20260729_01,tier1
jDa1sgPlVYM,jDa1sgPlVYM.mp4,271.746,275.358,scene_cut_detected,,cutfix_full_tier1_20260729_01,tier1
jDa1sgPlVYM,jDa1sgPlVYM.mp4,275.554,276.35,segment_too_short,,cutfix_full_tier1_20260729_01,tier1
jDa1sgPlVYM,jDa1sgPlVYM.mp4,310.146,316.19,face_density_low,,cutfix_full_tier1_20260729_01,tier1
jDa1sgPlVYM,jDa1sgPlVYM.mp4,316.386,319.71,face_density_low,,cutfix_full_tier1_20260729_01,tier1
jDa1sgPlVYM,jDa1sgPlVYM.mp4,320.034,328.574,scene_cut_detected,,cutfix_full_tier1_20260729_01,tier1
jDa1sgPlVYM,jDa1sgPlVYM.mp4,328.898,331.71,scene_cut_detected,,cutfix_full_tier1_20260729_01,tier1
jDa1sgPlVYM,jDa1sgPlVYM.mp4,331.842,336.842,scene_cut_detected,,cutfix_full_tier1_20260729_01,tier1
jDa1sgPlVYM,jDa1sgPlVYM.mp4,335.842,340.842,scene_cut_detected,,cutfix_full_tier1_20260729_01,tier1
jDa1sgPlVYM,jDa1sgPlVYM.mp4,339.842,344.842,scene_cut_detected,,cutfix_full_tier1_20260729_01,tier1
jDa1sgPlVYM,jDa1sgPlVYM.mp4,350.914,357.79,scene_cut_detected,,cutfix_full_tier1_20260729_01,tier1
jDa1sgPlVYM,jDa1sgPlVYM.mp4,382.082,383.486,segment_too_short,,cutfix_full_tier1_20260729_01,tier1
jDa1sgPlVYM,jDa1sgPlVYM.mp4,385.794,391.166,scene_cut_detected,,cutfix_full_tier1_20260729_01,tier1
jDa1sgPlVYM,jDa1sgPlVYM.mp4,391.394,393.598,face_density_low,,cutfix_full_tier1_20260729_01,tier1
jDa1sgPlVYM,jDa1sgPlVYM.mp4,393.698,396.478,scene_cut_detected,,cutfix_full_tier1_20260729_01,tier1
jDa1sgPlVYM,jDa1sgPlVYM.mp4,396.61,397.278,segment_too_short,,cutfix_full_tier1_20260729_01,tier1
jDa1sgPlVYM,jDa1sgPlVYM.mp4,397.666,401.726,face_density_low,,cutfix_full_tier1_20260729_01,tier1
jDa1sgPlVYM,jDa1sgPlVYM.mp4,401.826,405.566,scene_cut_detected,,cutfix_full_tier1_20260729_01,tier1
jDa1sgPlVYM,jDa1sgPlVYM.mp4,405.826,408.286,face_density_low,,cutfix_full_tier1_20260729_01,tier1
jDa1sgPlVYM,jDa1sgPlVYM.mp4,408.482,414.622,scene_cut_detected,,cutfix_full_tier1_20260729_01,tier1
jDa1sgPlVYM,jDa1sgPlVYM.mp4,435.394,437.342,segment_too_short,,cutfix_full_tier1_20260729_01,tier1
jDa1sgPlVYM,jDa1sgPlVYM.mp4,443.106,445.022,segment_too_short,,cutfix_full_tier1_20260729_01,tier1
jDa1sgPlVYM,jDa1sgPlVYM.mp4,452.61,456.094,scene_cut_detected,,cutfix_full_tier1_20260729_01,tier1
jDa1sgPlVYM,jDa1sgPlVYM.mp4,456.258,459.006,face_density_low,,cutfix_full_tier1_20260729_01,tier1
jDa1sgPlVYM,jDa1sgPlVYM.mp4,459.362,462.526,scene_cut_detected,,cutfix_full_tier1_20260729_01,tier1
jDa1sgPlVYM,jDa1sgPlVYM.mp4,462.85,465.79,scene_cut_detected,,cutfix_full_tier1_20260729_01,tier1
jDa1sgPlVYM,jDa1sgPlVYM.mp4,465.922,468.606,scene_cut_detected,,cutfix_full_tier1_20260729_01,tier1
jDa1sgPlVYM,jDa1sgPlVYM.mp4,468.738,473.534,scene_cut_detected,,cutfix_full_tier1_20260729_01,tier1
jDa1sgPlVYM,jDa1sgPlVYM.mp4,473.73,475.166,segment_too_short,,cutfix_full_tier1_20260729_01,tier1
jDa1sgPlVYM,jDa1sgPlVYM.mp4,475.682,480.094,face_density_low,,cutfix_full_tier1_20260729_01,tier1
jDa1sgPlVYM,jDa1sgPlVYM.mp4,480.258,482.654,face_density_low,,cutfix_full_tier1_20260729_01,tier1
jDa1sgPlVYM,jDa1sgPlVYM.mp4,482.754,484.542,segment_too_short,,cutfix_full_tier1_20260729_01,tier1
jDa1sgPlVYM,jDa1sgPlVYM.mp4,486.082,491.082,scene_cut_detected,,cutfix_full_tier1_20260729_01,tier1
jDa1sgPlVYM,jDa1sgPlVYM.mp4,490.082,495.082,scene_cut_detected,,cutfix_full_tier1_20260729_01,tier1
jDa1sgPlVYM,jDa1sgPlVYM.mp4,498.082,502.654,scene_cut_detected,,cutfix_full_tier1_20260729_01,tier1
jDa1sgPlVYM,jDa1sgPlVYM.mp4,503.298,507.55,face_density_low,,cutfix_full_tier1_20260729_01,tier1
jDa1sgPlVYM,jDa1sgPlVYM.mp4,507.65,510.27,face_density_low,,cutfix_full_tier1_20260729_01,tier1
jDa1sgPlVYM,jDa1sgPlVYM.mp4,510.69,517.918,face_density_low,,cutfix_full_tier1_20260729_01,tier1
jDa1sgPlVYM,jDa1sgPlVYM.mp4,534.178,534.622,segment_too_short,,cutfix_full_tier1_20260729_01,tier1
jDa1sgPlVYM,jDa1sgPlVYM.mp4,576.898,588.478,scene_cut_detected,,cutfix_full_tier1_20260729_01,tier1
jDa1sgPlVYM,jDa1sgPlVYM.mp4,588.61,589.79,segment_too_short,,cutfix_full_tier1_20260729_01,tier1
jDa1sgPlVYM,jDa1sgPlVYM.mp4,590.146,595.134,scene_cut_detected,,cutfix_full_tier1_20260729_01,tier1
jDa1sgPlVYM,jDa1sgPlVYM.mp4,595.394,599.582,face_density_low,,cutfix_full_tier1_20260729_01,tier1
jDa1sgPlVYM,jDa1sgPlVYM.mp4,599.778,601.918,scene_cut_detected,,cutfix_full_tier1_20260729_01,tier1
jDa1sgPlVYM,jDa1sgPlVYM.mp4,602.306,603.646,segment_too_short,,cutfix_full_tier1_20260729_01,tier1
jDa1sgPlVYM,jDa1sgPlVYM.mp4,606.498,611.006,scene_cut_detected,,cutfix_full_tier1_20260729_01,tier1
jDa1sgPlVYM,jDa1sgPlVYM.mp4,611.106,614.11,scene_cut_detected,,cutfix_full_tier1_20260729_01,tier1
jDa1sgPlVYM,jDa1sgPlVYM.mp4,614.498,617.534,face_density_low,,cutfix_full_tier1_20260729_01,tier1
jDa1sgPlVYM,jDa1sgPlVYM.mp4,621.25,622.654,segment_too_short,,cutfix_full_tier1_20260729_01,tier1
jDa1sgPlVYM,jDa1sgPlVYM.mp4,632.738,633.534,segment_too_short,,cutfix_full_tier1_20260729_01,tier1
jDa1sgPlVYM,jDa1sgPlVYM.mp4,639.202,640.798,segment_too_short,,cutfix_full_tier1_20260729_01,tier1
jDa1sgPlVYM,jDa1sgPlVYM.mp4,645.058,649.822,face_density_low,,cutfix_full_tier1_20260729_01,tier1
jDa1sgPlVYM,jDa1sgPlVYM.mp4,649.922,653.278,face_density_low,,cutfix_full_tier1_20260729_01,tier1
jDa1sgPlVYM,jDa1sgPlVYM.mp4,653.442,655.998,scene_cut_detected,,cutfix_full_tier1_20260729_01,tier1
jDa1sgPlVYM,jDa1sgPlVYM.mp4,656.194,659.678,face_density_low,,cutfix_full_tier1_20260729_01,tier1
jDa1sgPlVYM,jDa1sgPlVYM.mp4,660.418,664.51,face_density_low,,cutfix_full_tier1_20260729_01,tier1
jDa1sgPlVYM,jDa1sgPlVYM.mp4,664.77,669.214,face_density_low,,cutfix_full_tier1_20260729_01,tier1
jDa1sgPlVYM,jDa1sgPlVYM.mp4,669.602,674.718,face_density_low,,cutfix_full_tier1_20260729_01,tier1
jDa1sgPlVYM,jDa1sgPlVYM.mp4,675.042,678.302,face_density_low,,cutfix_full_tier1_20260729_01,tier1
jDa1sgPlVYM,jDa1sgPlVYM.mp4,678.594,682.238,face_density_low,,cutfix_full_tier1_20260729_01,tier1
jDa1sgPlVYM,jDa1sgPlVYM.mp4,682.562,685.95,scene_cut_detected,,cutfix_full_tier1_20260729_01,tier1
jDa1sgPlVYM,jDa1sgPlVYM.mp4,686.434,693.534,scene_cut_detected,,cutfix_full_tier1_20260729_01,tier1
jDa1sgPlVYM,jDa1sgPlVYM.mp4,693.634,698.942,scene_cut_detected,,cutfix_full_tier1_20260729_01,tier1
jDa1sgPlVYM,jDa1sgPlVYM.mp4,704.002,704.99,segment_too_short,,cutfix_full_tier1_20260729_01,tier1
jDa1sgPlVYM,jDa1sgPlVYM.mp4,721.282,727.838,scene_cut_detected,,cutfix_full_tier1_20260729_01,tier1
jDa1sgPlVYM,jDa1sgPlVYM.mp4,728.13,731.262,scene_cut_detected,,cutfix_full_tier1_20260729_01,tier1
jDa1sgPlVYM,jDa1sgPlVYM.mp4,731.394,733.086,segment_too_short,,cutfix_full_tier1_20260729_01,tier1
jDa1sgPlVYM,jDa1sgPlVYM.mp4,733.282,738.366,scene_cut_detected,,cutfix_full_tier1_20260729_01,tier1
jDa1sgPlVYM,jDa1sgPlVYM.mp4,738.562,741.47,scene_cut_detected,,cutfix_full_tier1_20260729_01,tier1
jDa1sgPlVYM,jDa1sgPlVYM.mp4,742.05,743.358,segment_too_short,,cutfix_full_tier1_20260729_01,tier1
jDa1sgPlVYM,jDa1sgPlVYM.mp4,743.842,744.798,segment_too_short,,cutfix_full_tier1_20260729_01,tier1
jDa1sgPlVYM,jDa1sgPlVYM.mp4,744.994,746.654,segment_too_short,,cutfix_full_tier1_20260729_01,tier1
jDa1sgPlVYM,jDa1sgPlVYM.mp4,747.426,748.254,segment_too_short,,cutfix_full_tier1_20260729_01,tier1
jDa1sgPlVYM,jDa1sgPlVYM.mp4,750.946,751.742,segment_too_short,,cutfix_full_tier1_20260729_01,tier1
jDa1sgPlVYM,jDa1sgPlVYM.mp4,754.722,755.454,segment_too_short,,cutfix_full_tier1_20260729_01,tier1
jDa1sgPlVYM,jDa1sgPlVYM.mp4,755.97,756.766,segment_too_short,,cutfix_full_tier1_20260729_01,tier1
jDa1sgPlVYM,jDa1sgPlVYM.mp4,757.25,759.742,scene_cut_detected,,cutfix_full_tier1_20260729_01,tier1
jDa1sgPlVYM,jDa1sgPlVYM.mp4,760.066,761.63,segment_too_short,,cutfix_full_tier1_20260729_01,tier1
jDa1sgPlVYM,jDa1sgPlVYM.mp4,762.338,767.198,scene_cut_detected,,cutfix_full_tier1_20260729_01,tier1
jDa1sgPlVYM,jDa1sgPlVYM.mp4,767.874,769.47,segment_too_short,,cutfix_full_tier1_20260729_01,tier1
jDa1sgPlVYM,jDa1sgPlVYM.mp4,770.05,771.55,segment_too_short,,cutfix_full_tier1_20260729_01,tier1
jDa1sgPlVYM,jDa1sgPlVYM.mp4,771.81,775.966,face_density_low,,cutfix_full_tier1_20260729_01,tier1
jDa1sgPlVYM,jDa1sgPlVYM.mp4,778.818,780.062,segment_too_short,,cutfix_full_tier1_20260729_01,tier1
jDa1sgPlVYM,jDa1sgPlVYM.mp4,780.354,781.598,segment_too_short,,cutfix_full_tier1_20260729_01,tier1
jDa1sgPlVYM,jDa1sgPlVYM.mp4,781.698,782.27,segment_too_short,,cutfix_full_tier1_20260729_01,tier1
jDa1sgPlVYM,jDa1sgPlVYM.mp4,782.402,783.102,segment_too_short,,cutfix_full_tier1_20260729_01,tier1
jDa1sgPlVYM,jDa1sgPlVYM.mp4,783.49,786.494,scene_cut_detected,,cutfix_full_tier1_20260729_01,tier1
jDa1sgPlVYM,jDa1sgPlVYM.mp4,786.85,790.078,scene_cut_detected,,cutfix_full_tier1_20260729_01,tier1
jDa1sgPlVYM,jDa1sgPlVYM.mp4,790.21,790.814,segment_too_short,,cutfix_full_tier1_20260729_01,tier1
jDa1sgPlVYM,jDa1sgPlVYM.mp4,791.298,793.022,segment_too_short,,cutfix_full_tier1_20260729_01,tier1
jDa1sgPlVYM,jDa1sgPlVYM.mp4,793.346,795.486,scene_cut_detected,,cutfix_full_tier1_20260729_01,tier1
jDa1sgPlVYM,jDa1sgPlVYM.mp4,795.778,797.278,segment_too_short,,cutfix_full_tier1_20260729_01,tier1
jDa1sgPlVYM,jDa1sgPlVYM.mp4,797.698,798.782,segment_too_short,,cutfix_full_tier1_20260729_01,tier1
jDa1sgPlVYM,jDa1sgPlVYM.mp4,799.17,801.086,segment_too_short,,cutfix_full_tier1_20260729_01,tier1
jDa1sgPlVYM,jDa1sgPlVYM.mp4,801.506,803.678,face_density_low,,cutfix_full_tier1_20260729_01,tier1
jDa1sgPlVYM,jDa1sgPlVYM.mp4,804.162,805.214,segment_too_short,,cutfix_full_tier1_20260729_01,tier1
jDa1sgPlVYM,jDa1sgPlVYM.mp4,805.346,807.454,face_density_low,,cutfix_full_tier1_20260729_01,tier1
jDa1sgPlVYM,jDa1sgPlVYM.mp4,807.746,808.574,segment_too_short,,cutfix_full_tier1_20260729_01,tier1
jDa1sgPlVYM,jDa1sgPlVYM.mp4,808.674,811.166,scene_cut_detected,,cutfix_full_tier1_20260729_01,tier1
jDa1sgPlVYM,jDa1sgPlVYM.mp4,811.522,812.926,segment_too_short,,cutfix_full_tier1_20260729_01,tier1
jDa1sgPlVYM,jDa1sgPlVYM.mp4,813.122,813.63,segment_too_short,,cutfix_full_tier1_20260729_01,tier1
jDa1sgPlVYM,jDa1sgPlVYM.mp4,820.226,832.222,scene_cut_detected,,cutfix_full_tier1_20260729_01,tier1
jInLQAiBlVQ,jInLQAiBlVQ.mp4,20.642,25.438,face_density_low,,cutfix_full_tier1_20260729_01,tier1
jInLQAiBlVQ,jInLQAiBlVQ.mp4,25.858,27.934,face_density_low,,cutfix_full_tier1_20260729_01,tier1
jInLQAiBlVQ,jInLQAiBlVQ.mp4,28.13,30.366,face_density_low,,cutfix_full_tier1_20260729_01,tier1
jInLQAiBlVQ,jInLQAiBlVQ.mp4,30.786,31.742,segment_too_short,,cutfix_full_tier1_20260729_01,tier1
jInLQAiBlVQ,jInLQAiBlVQ.mp4,31.842,36.574,face_density_low,,cutfix_full_tier1_20260729_01,tier1
jInLQAiBlVQ,jInLQAiBlVQ.mp4,36.962,40.158,face_density_low,,cutfix_full_tier1_20260729_01,tier1
jInLQAiBlVQ,jInLQAiBlVQ.mp4,40.45,42.43,segment_too_short,,cutfix_full_tier1_20260729_01,tier1
jInLQAiBlVQ,jInLQAiBlVQ.mp4,42.818,45.31,face_density_low,,cutfix_full_tier1_20260729_01,tier1
jInLQAiBlVQ,jInLQAiBlVQ.mp4,45.442,47.838,face_density_low,,cutfix_full_tier1_20260729_01,tier1
jInLQAiBlVQ,jInLQAiBlVQ.mp4,48.066,49.886,segment_too_short,,cutfix_full_tier1_20260729_01,tier1
jInLQAiBlVQ,jInLQAiBlVQ.mp4,64.994,76.318,face_density_low,,cutfix_full_tier1_20260729_01,tier1
jInLQAiBlVQ,jInLQAiBlVQ.mp4,76.578,82.878,scene_cut_detected,,cutfix_full_tier1_20260729_01,tier1
jInLQAiBlVQ,jInLQAiBlVQ.mp4,83.106,87.134,face_density_low,,cutfix_full_tier1_20260729_01,tier1
jInLQAiBlVQ,jInLQAiBlVQ.mp4,97.378,105.502,scene_cut_detected,,cutfix_full_tier1_20260729_01,tier1
jInLQAiBlVQ,jInLQAiBlVQ.mp4,105.794,111.838,scene_cut_detected,,cutfix_full_tier1_20260729_01,tier1
jInLQAiBlVQ,jInLQAiBlVQ.mp4,112.034,118.782,scene_cut_detected,,cutfix_full_tier1_20260729_01,tier1
jInLQAiBlVQ,jInLQAiBlVQ.mp4,118.914,122.654,scene_cut_detected,,cutfix_full_tier1_20260729_01,tier1
jInLQAiBlVQ,jInLQAiBlVQ.mp4,122.914,125.662,face_density_low,,cutfix_full_tier1_20260729_01,tier1
jInLQAiBlVQ,jInLQAiBlVQ.mp4,125.922,132.094,scene_cut_detected,,cutfix_full_tier1_20260729_01,tier1
jInLQAiBlVQ,jInLQAiBlVQ.mp4,154.626,166.014,scene_cut_detected,,cutfix_full_tier1_20260729_01,tier1
jInLQAiBlVQ,jInLQAiBlVQ.mp4,166.21,171.838,scene_cut_detected,,cutfix_full_tier1_20260729_01,tier1
jInLQAiBlVQ,jInLQAiBlVQ.mp4,172.034,179.006,face_density_low,,cutfix_full_tier1_20260729_01,tier1
jInLQAiBlVQ,jInLQAiBlVQ.mp4,179.842,181.566,segment_too_short,,cutfix_full_tier1_20260729_01,tier1
jInLQAiBlVQ,jInLQAiBlVQ.mp4,192.162,197.162,face_density_low,,cutfix_full_tier1_20260729_01,tier1
jInLQAiBlVQ,jInLQAiBlVQ.mp4,196.162,201.162,face_density_low,,cutfix_full_tier1_20260729_01,tier1
jInLQAiBlVQ,jInLQAiBlVQ.mp4,204.162,209.162,scene_cut_detected,,cutfix_full_tier1_20260729_01,tier1
jInLQAiBlVQ,jInLQAiBlVQ.mp4,217.314,220.702,scene_cut_detected,,cutfix_full_tier1_20260729_01,tier1
jInLQAiBlVQ,jInLQAiBlVQ.mp4,220.994,224.734,face_density_low,,cutfix_full_tier1_20260729_01,tier1
jInLQAiBlVQ,jInLQAiBlVQ.mp4,224.834,232.926,face_density_low,,cutfix_full_tier1_20260729_01,tier1
jInLQAiBlVQ,jInLQAiBlVQ.mp4,233.09,243.198,scene_cut_detected,,cutfix_full_tier1_20260729_01,tier1
jInLQAiBlVQ,jInLQAiBlVQ.mp4,255.906,263.87,scene_cut_detected,,cutfix_full_tier1_20260729_01,tier1
jInLQAiBlVQ,jInLQAiBlVQ.mp4,263.97,268.97,face_density_low,,cutfix_full_tier1_20260729_01,tier1
jInLQAiBlVQ,jInLQAiBlVQ.mp4,267.97,272.97,face_density_low,,cutfix_full_tier1_20260729_01,tier1
jInLQAiBlVQ,jInLQAiBlVQ.mp4,271.97,276.862,face_density_low,,cutfix_full_tier1_20260729_01,tier1
jInLQAiBlVQ,jInLQAiBlVQ.mp4,294.434,299.434,scene_cut_detected,,cutfix_full_tier1_20260729_01,tier1
jInLQAiBlVQ,jInLQAiBlVQ.mp4,332.002,341.854,scene_cut_detected,,cutfix_full_tier1_20260729_01,tier1
jInLQAiBlVQ,jInLQAiBlVQ.mp4,342.082,346.622,face_density_low,,cutfix_full_tier1_20260729_01,tier1
jInLQAiBlVQ,jInLQAiBlVQ.mp4,346.946,350.622,face_density_low,,cutfix_full_tier1_20260729_01,tier1
jInLQAiBlVQ,jInLQAiBlVQ.mp4,350.882,356.094,face_density_low,,cutfix_full_tier1_20260729_01,tier1
jInLQAiBlVQ,jInLQAiBlVQ.mp4,372.162,378.27,scene_cut_detected,,cutfix_full_tier1_20260729_01,tier1
jInLQAiBlVQ,jInLQAiBlVQ.mp4,378.434,383.07,face_density_low,,cutfix_full_tier1_20260729_01,tier1
jInLQAiBlVQ,jInLQAiBlVQ.mp4,383.234,388.574,scene_cut_detected,,cutfix_full_tier1_20260729_01,tier1
jInLQAiBlVQ,jInLQAiBlVQ.mp4,399.17,399.614,segment_too_short,,cutfix_full_tier1_20260729_01,tier1
jInLQAiBlVQ,jInLQAiBlVQ.mp4,421.122,422.558,segment_too_short,,cutfix_full_tier1_20260729_01,tier1
jInLQAiBlVQ,jInLQAiBlVQ.mp4,423.49,424.606,segment_too_short,,cutfix_full_tier1_20260729_01,tier1
jInLQAiBlVQ,jInLQAiBlVQ.mp4,424.994,427.326,scene_cut_detected,,cutfix_full_tier1_20260729_01,tier1
jInLQAiBlVQ,jInLQAiBlVQ.mp4,428.098,429.342,segment_too_short,,cutfix_full_tier1_20260729_01,tier1
jInLQAiBlVQ,jInLQAiBlVQ.mp4,429.506,431.166,segment_too_short,,cutfix_full_tier1_20260729_01,tier1
jInLQAiBlVQ,jInLQAiBlVQ.mp4,431.362,433.246,segment_too_short,,cutfix_full_tier1_20260729_01,tier1
jInLQAiBlVQ,jInLQAiBlVQ.mp4,433.762,434.27,segment_too_short,,cutfix_full_tier1_20260729_01,tier1
jInLQAiBlVQ,jInLQAiBlVQ.mp4,434.402,436.83,scene_cut_detected,,cutfix_full_tier1_20260729_01,tier1
jInLQAiBlVQ,jInLQAiBlVQ.mp4,436.962,442.014,scene_cut_detected,,cutfix_full_tier1_20260729_01,tier1
jInLQAiBlVQ,jInLQAiBlVQ.mp4,442.274,443.678,segment_too_short,,cutfix_full_tier1_20260729_01,tier1
jInLQAiBlVQ,jInLQAiBlVQ.mp4,443.81,445.982,face_density_low,,cutfix_full_tier1_20260729_01,tier1
jInLQAiBlVQ,jInLQAiBlVQ.mp4,446.914,447.646,segment_too_short,,cutfix_full_tier1_20260729_01,tier1
jInLQAiBlVQ,jInLQAiBlVQ.mp4,447.746,450.43,scene_cut_detected,,cutfix_full_tier1_20260729_01,tier1
jInLQAiBlVQ,jInLQAiBlVQ.mp4,450.882,454.91,scene_cut_detected,,cutfix_full_tier1_20260729_01,tier1
jInLQAiBlVQ,jInLQAiBlVQ.mp4,455.042,460.606,scene_cut_detected,,cutfix_full_tier1_20260729_01,tier1
jInLQAiBlVQ,jInLQAiBlVQ.mp4,460.898,462.942,scene_cut_detected,,cutfix_full_tier1_20260729_01,tier1
jInLQAiBlVQ,jInLQAiBlVQ.mp4,463.298,466.654,scene_cut_detected,,cutfix_full_tier1_20260729_01,tier1
jInLQAiBlVQ,jInLQAiBlVQ.mp4,467.202,468.382,segment_too_short,,cutfix_full_tier1_20260729_01,tier1
jInLQAiBlVQ,jInLQAiBlVQ.mp4,468.802,470.334,segment_too_short,,cutfix_full_tier1_20260729_01,tier1
jInLQAiBlVQ,jInLQAiBlVQ.mp4,470.466,471.71,segment_too_short,,cutfix_full_tier1_20260729_01,tier1
jInLQAiBlVQ,jInLQAiBlVQ.mp4,471.842,473.086,segment_too_short,,cutfix_full_tier1_20260729_01,tier1
jInLQAiBlVQ,jInLQAiBlVQ.mp4,473.25,475.038,segment_too_short,,cutfix_full_tier1_20260729_01,tier1
jInLQAiBlVQ,jInLQAiBlVQ.mp4,476.034,483.806,scene_cut_detected,,cutfix_full_tier1_20260729_01,tier1
jInLQAiBlVQ,jInLQAiBlVQ.mp4,484.322,485.79,segment_too_short,,cutfix_full_tier1_20260729_01,tier1
jInLQAiBlVQ,jInLQAiBlVQ.mp4,486.338,487.902,segment_too_short,,cutfix_full_tier1_20260729_01,tier1
jInLQAiBlVQ,jInLQAiBlVQ.mp4,488.61,490.11,segment_too_short,,cutfix_full_tier1_20260729_01,tier1
jInLQAiBlVQ,jInLQAiBlVQ.mp4,493.25,494.59,segment_too_short,,cutfix_full_tier1_20260729_01,tier1
jInLQAiBlVQ,jInLQAiBlVQ.mp4,495.202,496.126,segment_too_short,,cutfix_full_tier1_20260729_01,tier1
jInLQAiBlVQ,jInLQAiBlVQ.mp4,496.386,497.022,segment_too_short,,cutfix_full_tier1_20260729_01,tier1
jInLQAiBlVQ,jInLQAiBlVQ.mp4,497.154,497.63,segment_too_short,,cutfix_full_tier1_20260729_01,tier1
jInLQAiBlVQ,jInLQAiBlVQ.mp4,497.89,498.494,segment_too_short,,cutfix_full_tier1_20260729_01,tier1
jInLQAiBlVQ,jInLQAiBlVQ.mp4,498.882,500.19,segment_too_short,,cutfix_full_tier1_20260729_01,tier1
jInLQAiBlVQ,jInLQAiBlVQ.mp4,500.29,501.118,segment_too_short,,cutfix_full_tier1_20260729_01,tier1
jInLQAiBlVQ,jInLQAiBlVQ.mp4,501.474,501.918,segment_too_short,,cutfix_full_tier1_20260729_01,tier1
jInLQAiBlVQ,jInLQAiBlVQ.mp4,502.242,503.198,segment_too_short,,cutfix_full_tier1_20260729_01,tier1
jInLQAiBlVQ,jInLQAiBlVQ.mp4,503.362,504.734,segment_too_short,,cutfix_full_tier1_20260729_01,tier1
jInLQAiBlVQ,jInLQAiBlVQ.mp4,504.994,506.078,segment_too_short,,cutfix_full_tier1_20260729_01,tier1
jInLQAiBlVQ,jInLQAiBlVQ.mp4,506.434,507.742,segment_too_short,,cutfix_full_tier1_20260729_01,tier1
jInLQAiBlVQ,jInLQAiBlVQ.mp4,507.906,509.406,segment_too_short,,cutfix_full_tier1_20260729_01,tier1
jInLQAiBlVQ,jInLQAiBlVQ.mp4,509.73,511.198,segment_too_short,,cutfix_full_tier1_20260729_01,tier1
jInLQAiBlVQ,jInLQAiBlVQ.mp4,511.298,514.526,scene_cut_detected,,cutfix_full_tier1_20260729_01,tier1
jInLQAiBlVQ,jInLQAiBlVQ.mp4,515.074,515.614,segment_too_short,,cutfix_full_tier1_20260729_01,tier1
jInLQAiBlVQ,jInLQAiBlVQ.mp4,515.874,516.766,segment_too_short,,cutfix_full_tier1_20260729_01,tier1
jInLQAiBlVQ,jInLQAiBlVQ.mp4,516.93,518.526,segment_too_short,,cutfix_full_tier1_20260729_01,tier1
jInLQAiBlVQ,jInLQAiBlVQ.mp4,518.722,520.542,segment_too_short,,cutfix_full_tier1_20260729_01,tier1
jInLQAiBlVQ,jInLQAiBlVQ.mp4,520.802,521.918,segment_too_short,,cutfix_full_tier1_20260729_01,tier1
jInLQAiBlVQ,jInLQAiBlVQ.mp4,522.082,523.134,segment_too_short,,cutfix_full_tier1_20260729_01,tier1
jInLQAiBlVQ,jInLQAiBlVQ.mp4,523.458,524.35,segment_too_short,,cutfix_full_tier1_20260729_01,tier1
jInLQAiBlVQ,jInLQAiBlVQ.mp4,524.45,527.87,scene_cut_detected,,cutfix_full_tier1_20260729_01,tier1
jInLQAiBlVQ,jInLQAiBlVQ.mp4,530.306,531.006,segment_too_short,,cutfix_full_tier1_20260729_01,tier1
jInLQAiBlVQ,jInLQAiBlVQ.mp4,531.106,531.838,segment_too_short,,cutfix_full_tier1_20260729_01,tier1
jInLQAiBlVQ,jInLQAiBlVQ.mp4,555.394,555.934,segment_too_short,,cutfix_full_tier1_20260729_01,tier1
jInLQAiBlVQ,jInLQAiBlVQ.mp4,556.226,558.142,segment_too_short,,cutfix_full_tier1_20260729_01,tier1
jInLQAiBlVQ,jInLQAiBlVQ.mp4,558.242,562.174,scene_cut_detected,,cutfix_full_tier1_20260729_01,tier1
jInLQAiBlVQ,jInLQAiBlVQ.mp4,562.434,564.958,face_density_low,,cutfix_full_tier1_20260729_01,tier1
jInLQAiBlVQ,jInLQAiBlVQ.mp4,565.058,567.646,face_density_low,,cutfix_full_tier1_20260729_01,tier1
jInLQAiBlVQ,jInLQAiBlVQ.mp4,567.842,569.758,segment_too_short,,cutfix_full_tier1_20260729_01,tier1
jInLQAiBlVQ,jInLQAiBlVQ.mp4,570.082,571.07,segment_too_short,,cutfix_full_tier1_20260729_01,tier1
jInLQAiBlVQ,jInLQAiBlVQ.mp4,580.258,580.99,segment_too_short,,cutfix_full_tier1_20260729_01,tier1
jInLQAiBlVQ,jInLQAiBlVQ.mp4,581.122,582.814,segment_too_short,,cutfix_full_tier1_20260729_01,tier1
jInLQAiBlVQ,jInLQAiBlVQ.mp4,582.978,586.366,scene_cut_detected,,cutfix_full_tier1_20260729_01,tier1
jInLQAiBlVQ,jInLQAiBlVQ.mp4,586.466,589.95,scene_cut_detected,,cutfix_full_tier1_20260729_01,tier1
jInLQAiBlVQ,jInLQAiBlVQ.mp4,590.658,593.374,scene_cut_detected,,cutfix_full_tier1_20260729_01,tier1
jInLQAiBlVQ,jInLQAiBlVQ.mp4,593.538,595.422,segment_too_short,,cutfix_full_tier1_20260729_01,tier1
jInLQAiBlVQ,jInLQAiBlVQ.mp4,595.874,596.99,segment_too_short,,cutfix_full_tier1_20260729_01,tier1
jInLQAiBlVQ,jInLQAiBlVQ.mp4,601.698,602.75,segment_too_short,,cutfix_full_tier1_20260729_01,tier1
jInLQAiBlVQ,jInLQAiBlVQ.mp4,608.61,616.894,scene_cut_detected,,cutfix_full_tier1_20260729_01,tier1
jInLQAiBlVQ,jInLQAiBlVQ.mp4,616.994,618.558,segment_too_short,,cutfix_full_tier1_20260729_01,tier1
jInLQAiBlVQ,jInLQAiBlVQ.mp4,618.69,624.478,scene_cut_detected,,cutfix_full_tier1_20260729_01,tier1
jInLQAiBlVQ,jInLQAiBlVQ.mp4,625.41,625.918,segment_too_short,,cutfix_full_tier1_20260729_01,tier1
jInLQAiBlVQ,jInLQAiBlVQ.mp4,626.178,627.454,segment_too_short,,cutfix_full_tier1_20260729_01,tier1
jInLQAiBlVQ,jInLQAiBlVQ.mp4,636.514,638.142,segment_too_short,,cutfix_full_tier1_20260729_01,tier1
jInLQAiBlVQ,jInLQAiBlVQ.mp4,638.658,639.518,segment_too_short,,cutfix_full_tier1_20260729_01,tier1
jInLQAiBlVQ,jInLQAiBlVQ.mp4,639.81,640.958,segment_too_short,,cutfix_full_tier1_20260729_01,tier1
jInLQAiBlVQ,jInLQAiBlVQ.mp4,641.762,642.91,segment_too_short,,cutfix_full_tier1_20260729_01,tier1
jInLQAiBlVQ,jInLQAiBlVQ.mp4,643.586,644.382,segment_too_short,,cutfix_full_tier1_20260729_01,tier1
jInLQAiBlVQ,jInLQAiBlVQ.mp4,644.962,646.814,segment_too_short,,cutfix_full_tier1_20260729_01,tier1
jInLQAiBlVQ,jInLQAiBlVQ.mp4,651.426,652.766,segment_too_short,,cutfix_full_tier1_20260729_01,tier1
jInLQAiBlVQ,jInLQAiBlVQ.mp4,653.282,654.398,segment_too_short,,cutfix_full_tier1_20260729_01,tier1
jInLQAiBlVQ,jInLQAiBlVQ.mp4,654.498,655.23,segment_too_short,,cutfix_full_tier1_20260729_01,tier1
jInLQAiBlVQ,jInLQAiBlVQ.mp4,680.802,682.238,segment_too_short,,cutfix_full_tier1_20260729_01,tier1
jInLQAiBlVQ,jInLQAiBlVQ.mp4,682.37,683.038,segment_too_short,,cutfix_full_tier1_20260729_01,tier1
jInLQAiBlVQ,jInLQAiBlVQ.mp4,683.298,687.518,scene_cut_detected,,cutfix_full_tier1_20260729_01,tier1
jInLQAiBlVQ,jInLQAiBlVQ.mp4,687.618,690.334,face_density_low,,cutfix_full_tier1_20260729_01,tier1
jInLQAiBlVQ,jInLQAiBlVQ.mp4,690.498,693.95,face_density_low,,cutfix_full_tier1_20260729_01,tier1
jInLQAiBlVQ,jInLQAiBlVQ.mp4,694.05,698.174,face_density_low,,cutfix_full_tier1_20260729_01,tier1
jInLQAiBlVQ,jInLQAiBlVQ.mp4,698.434,699.998,segment_too_short,,cutfix_full_tier1_20260729_01,tier1
jInLQAiBlVQ,jInLQAiBlVQ.mp4,700.162,702.302,face_density_low,,cutfix_full_tier1_20260729_01,tier1
jInLQAiBlVQ,jInLQAiBlVQ.mp4,702.434,703.774,segment_too_short,,cutfix_full_tier1_20260729_01,tier1
jInLQAiBlVQ,jInLQAiBlVQ.mp4,704.034,705.886,segment_too_short,,cutfix_full_tier1_20260729_01,tier1
jInLQAiBlVQ,jInLQAiBlVQ.mp4,705.986,712.126,scene_cut_detected,,cutfix_full_tier1_20260729_01,tier1
jInLQAiBlVQ,jInLQAiBlVQ.mp4,712.322,715.966,scene_cut_detected,,cutfix_full_tier1_20260729_01,tier1
jInLQAiBlVQ,jInLQAiBlVQ.mp4,716.098,716.766,segment_too_short,,cutfix_full_tier1_20260729_01,tier1
jInLQAiBlVQ,jInLQAiBlVQ.mp4,716.898,722.622,face_density_low,,cutfix_full_tier1_20260729_01,tier1
jInLQAiBlVQ,jInLQAiBlVQ.mp4,725.538,727.39,segment_too_short,,cutfix_full_tier1_20260729_01,tier1
jInLQAiBlVQ,jInLQAiBlVQ.mp4,727.618,728.638,segment_too_short,,cutfix_full_tier1_20260729_01,tier1
jInLQAiBlVQ,jInLQAiBlVQ.mp4,732.61,733.982,segment_too_short,,cutfix_full_tier1_20260729_01,tier1
jInLQAiBlVQ,jInLQAiBlVQ.mp4,734.274,735.07,segment_too_short,,cutfix_full_tier1_20260729_01,tier1
jInLQAiBlVQ,jInLQAiBlVQ.mp4,738.05,738.622,segment_too_short,,cutfix_full_tier1_20260729_01,tier1
jInLQAiBlVQ,jInLQAiBlVQ.mp4,738.818,739.39,segment_too_short,,cutfix_full_tier1_20260729_01,tier1
jInLQAiBlVQ,jInLQAiBlVQ.mp4,739.714,741.662,segment_too_short,,cutfix_full_tier1_20260729_01,tier1
jInLQAiBlVQ,jInLQAiBlVQ.mp4,770.85,775.85,scene_cut_detected,,cutfix_full_tier1_20260729_01,tier1
jInLQAiBlVQ,jInLQAiBlVQ.mp4,774.85,779.85,scene_cut_detected,,cutfix_full_tier1_20260729_01,tier1
jInLQAiBlVQ,jInLQAiBlVQ.mp4,778.85,783.85,scene_cut_detected,,cutfix_full_tier1_20260729_01,tier1
jInLQAiBlVQ,jInLQAiBlVQ.mp4,782.85,787.262,scene_cut_detected,,cutfix_full_tier1_20260729_01,tier1
jInLQAiBlVQ,jInLQAiBlVQ.mp4,787.394,793.886,scene_cut_detected,,cutfix_full_tier1_20260729_01,tier1
jInLQAiBlVQ,jInLQAiBlVQ.mp4,795.17,795.71,segment_too_short,,cutfix_full_tier1_20260729_01,tier1
jInLQAiBlVQ,jInLQAiBlVQ.mp4,806.914,811.262,scene_cut_detected,,cutfix_full_tier1_20260729_01,tier1
jInLQAiBlVQ,jInLQAiBlVQ.mp4,814.37,817.63,scene_cut_detected,,cutfix_full_tier1_20260729_01,tier1
jInLQAiBlVQ,jInLQAiBlVQ.mp4,821.858,826.858,scene_cut_detected,,cutfix_full_tier1_20260729_01,tier1
jInLQAiBlVQ,jInLQAiBlVQ.mp4,825.858,830.858,scene_cut_detected,,cutfix_full_tier1_20260729_01,tier1
jInLQAiBlVQ,jInLQAiBlVQ.mp4,829.858,834.858,scene_cut_detected,,cutfix_full_tier1_20260729_01,tier1
jInLQAiBlVQ,jInLQAiBlVQ.mp4,833.858,838.59,scene_cut_detected,,cutfix_full_tier1_20260729_01,tier1
jInLQAiBlVQ,jInLQAiBlVQ.mp4,838.946,843.946,scene_cut_detected,,cutfix_full_tier1_20260729_01,tier1
jInLQAiBlVQ,jInLQAiBlVQ.mp4,846.946,851.006,scene_cut_detected,,cutfix_full_tier1_20260729_01,tier1
jInLQAiBlVQ,jInLQAiBlVQ.mp4,851.426,854.462,scene_cut_detected,,cutfix_full_tier1_20260729_01,tier1
jInLQAiBlVQ,jInLQAiBlVQ.mp4,854.658,858.974,scene_cut_detected,,cutfix_full_tier1_20260729_01,tier1
jInLQAiBlVQ,jInLQAiBlVQ.mp4,859.17,861.566,face_density_low,,cutfix_full_tier1_20260729_01,tier1
jInLQAiBlVQ,jInLQAiBlVQ.mp4,861.762,864.734,scene_cut_detected,,cutfix_full_tier1_20260729_01,tier1
jInLQAiBlVQ,jInLQAiBlVQ.mp4,864.866,865.79,segment_too_short,,cutfix_full_tier1_20260729_01,tier1
jInLQAiBlVQ,jInLQAiBlVQ.mp4,865.922,869.342,scene_cut_detected,,cutfix_full_tier1_20260729_01,tier1
jInLQAiBlVQ,jInLQAiBlVQ.mp4,870.05,870.366,segment_too_short,,cutfix_full_tier1_20260729_01,tier1
jInLQAiBlVQ,jInLQAiBlVQ.mp4,880.546,885.63,face_density_low,,cutfix_full_tier1_20260729_01,tier1
jInLQAiBlVQ,jInLQAiBlVQ.mp4,885.922,892.574,face_density_low,,cutfix_full_tier1_20260729_01,tier1
jInLQAiBlVQ,jInLQAiBlVQ.mp4,892.962,899.71,scene_cut_detected,,cutfix_full_tier1_20260729_01,tier1
jInLQAiBlVQ,jInLQAiBlVQ.mp4,899.97,903.582,face_density_low,,cutfix_full_tier1_20260729_01,tier1
jRmhq0_LXU8,jRmhq0_LXU8.mp4,0.034,0.734,segment_too_short,,cutfix_full_tier1_20260729_01,tier1
jRmhq0_LXU8,jRmhq0_LXU8.mp4,6.082,6.654,segment_too_short,,cutfix_full_tier1_20260729_01,tier1
jRmhq0_LXU8,jRmhq0_LXU8.mp4,8.418,9.214,segment_too_short,,cutfix_full_tier1_20260729_01,tier1
jRmhq0_LXU8,jRmhq0_LXU8.mp4,17.698,19.07,segment_too_short,,cutfix_full_tier1_20260729_01,tier1
jRmhq0_LXU8,jRmhq0_LXU8.mp4,19.362,20.926,segment_too_short,,cutfix_full_tier1_20260729_01,tier1
jRmhq0_LXU8,jRmhq0_LXU8.mp4,21.154,22.11,segment_too_short,,cutfix_full_tier1_20260729_01,tier1
jRmhq0_LXU8,jRmhq0_LXU8.mp4,22.722,27.722,scene_cut_detected,,cutfix_full_tier1_20260729_01,tier1
jRmhq0_LXU8,jRmhq0_LXU8.mp4,26.722,31.722,scene_cut_detected,,cutfix_full_tier1_20260729_01,tier1
jRmhq0_LXU8,jRmhq0_LXU8.mp4,30.722,35.582,scene_cut_detected,,cutfix_full_tier1_20260729_01,tier1
jRmhq0_LXU8,jRmhq0_LXU8.mp4,36.13,42.078,scene_cut_detected,,cutfix_full_tier1_20260729_01,tier1
jRmhq0_LXU8,jRmhq0_LXU8.mp4,42.37,50.558,scene_cut_detected,,cutfix_full_tier1_20260729_01,tier1
jRmhq0_LXU8,jRmhq0_LXU8.mp4,50.69,59.71,scene_cut_detected,,cutfix_full_tier1_20260729_01,tier1
jRmhq0_LXU8,jRmhq0_LXU8.mp4,60.578,62.174,segment_too_short,,cutfix_full_tier1_20260729_01,tier1
jRmhq0_LXU8,jRmhq0_LXU8.mp4,62.594,66.686,scene_cut_detected,,cutfix_full_tier1_20260729_01,tier1
jRmhq0_LXU8,jRmhq0_LXU8.mp4,66.946,74.526,scene_cut_detected,,cutfix_full_tier1_20260729_01,tier1
jRmhq0_LXU8,jRmhq0_LXU8.mp4,74.626,78.878,scene_cut_detected,,cutfix_full_tier1_20260729_01,tier1
jRmhq0_LXU8,jRmhq0_LXU8.mp4,79.17,80.158,segment_too_short,,cutfix_full_tier1_20260729_01,tier1
jRmhq0_LXU8,jRmhq0_LXU8.mp4,80.578,82.558,segment_too_short,,cutfix_full_tier1_20260729_01,tier1
jRmhq0_LXU8,jRmhq0_LXU8.mp4,82.754,89.278,scene_cut_detected,,cutfix_full_tier1_20260729_01,tier1
jRmhq0_LXU8,jRmhq0_LXU8.mp4,89.666,90.718,segment_too_short,,cutfix_full_tier1_20260729_01,tier1
jRmhq0_LXU8,jRmhq0_LXU8.mp4,90.85,92.734,segment_too_short,,cutfix_full_tier1_20260729_01,tier1
jRmhq0_LXU8,jRmhq0_LXU8.mp4,93.058,94.59,segment_too_short,,cutfix_full_tier1_20260729_01,tier1
jRmhq0_LXU8,jRmhq0_LXU8.mp4,94.754,97.406,scene_cut_detected,,cutfix_full_tier1_20260729_01,tier1
jRmhq0_LXU8,jRmhq0_LXU8.mp4,97.73,104.574,scene_cut_detected,,cutfix_full_tier1_20260729_01,tier1
jRmhq0_LXU8,jRmhq0_LXU8.mp4,104.866,114.878,scene_cut_detected,,cutfix_full_tier1_20260729_01,tier1
jRmhq0_LXU8,jRmhq0_LXU8.mp4,115.682,116.03,segment_too_short,,cutfix_full_tier1_20260729_01,tier1
jRmhq0_LXU8,jRmhq0_LXU8.mp4,117.154,123.006,scene_cut_detected,,cutfix_full_tier1_20260729_01,tier1
jRmhq0_LXU8,jRmhq0_LXU8.mp4,123.458,124.03,segment_too_short,,cutfix_full_tier1_20260729_01,tier1
jRmhq0_LXU8,jRmhq0_LXU8.mp4,124.386,127.998,scene_cut_detected,,cutfix_full_tier1_20260729_01,tier1
jRmhq0_LXU8,jRmhq0_LXU8.mp4,130.658,134.334,scene_cut_detected,,cutfix_full_tier1_20260729_01,tier1
jRmhq0_LXU8,jRmhq0_LXU8.mp4,134.498,135.422,segment_too_short,,cutfix_full_tier1_20260729_01,tier1
jRmhq0_LXU8,jRmhq0_LXU8.mp4,135.842,142.974,scene_cut_detected,,cutfix_full_tier1_20260729_01,tier1
jRmhq0_LXU8,jRmhq0_LXU8.mp4,143.106,146.27,scene_cut_detected,,cutfix_full_tier1_20260729_01,tier1
jRmhq0_LXU8,jRmhq0_LXU8.mp4,146.37,151.87,scene_cut_detected,,cutfix_full_tier1_20260729_01,tier1
jRmhq0_LXU8,jRmhq0_LXU8.mp4,152.002,155.23,face_density_low,,cutfix_full_tier1_20260729_01,tier1
jRmhq0_LXU8,jRmhq0_LXU8.mp4,157.762,158.686,segment_too_short,,cutfix_full_tier1_20260729_01,tier1
jRmhq0_LXU8,jRmhq0_LXU8.mp4,158.786,160.734,segment_too_short,,cutfix_full_tier1_20260729_01,tier1
jRmhq0_LXU8,jRmhq0_LXU8.mp4,160.866,163.102,scene_cut_detected,,cutfix_full_tier1_20260729_01,tier1
jRmhq0_LXU8,jRmhq0_LXU8.mp4,163.33,164.958,segment_too_short,,cutfix_full_tier1_20260729_01,tier1
jRmhq0_LXU8,jRmhq0_LXU8.mp4,165.058,166.366,segment_too_short,,cutfix_full_tier1_20260729_01,tier1
jRmhq0_LXU8,jRmhq0_LXU8.mp4,166.466,168.03,segment_too_short,,cutfix_full_tier1_20260729_01,tier1
jRmhq0_LXU8,jRmhq0_LXU8.mp4,168.226,169.182,segment_too_short,,cutfix_full_tier1_20260729_01,tier1
jRmhq0_LXU8,jRmhq0_LXU8.mp4,169.442,171.038,segment_too_short,,cutfix_full_tier1_20260729_01,tier1
jRmhq0_LXU8,jRmhq0_LXU8.mp4,171.33,181.182,scene_cut_detected,,cutfix_full_tier1_20260729_01,tier1
jRmhq0_LXU8,jRmhq0_LXU8.mp4,181.282,184.862,scene_cut_detected,,cutfix_full_tier1_20260729_01,tier1
jRmhq0_LXU8,jRmhq0_LXU8.mp4,184.962,189.822,scene_cut_detected,,cutfix_full_tier1_20260729_01,tier1
jRmhq0_LXU8,jRmhq0_LXU8.mp4,189.922,190.846,segment_too_short,,cutfix_full_tier1_20260729_01,tier1
jRmhq0_LXU8,jRmhq0_LXU8.mp4,193.378,197.822,scene_cut_detected,,cutfix_full_tier1_20260729_01,tier1
jRmhq0_LXU8,jRmhq0_LXU8.mp4,197.954,199.358,segment_too_short,,cutfix_full_tier1_20260729_01,tier1
jRmhq0_LXU8,jRmhq0_LXU8.mp4,199.522,203.774,scene_cut_detected,,cutfix_full_tier1_20260729_01,tier1
jRmhq0_LXU8,jRmhq0_LXU8.mp4,204.066,205.886,segment_too_short,,cutfix_full_tier1_20260729_01,tier1
jRmhq0_LXU8,jRmhq0_LXU8.mp4,208.642,215.518,scene_cut_detected,,cutfix_full_tier1_20260729_01,tier1
jRmhq0_LXU8,jRmhq0_LXU8.mp4,215.65,216.798,segment_too_short,,cutfix_full_tier1_20260729_01,tier1
jRmhq0_LXU8,jRmhq0_LXU8.mp4,217.154,221.79,scene_cut_detected,,cutfix_full_tier1_20260729_01,tier1
jRmhq0_LXU8,jRmhq0_LXU8.mp4,222.338,223.39,segment_too_short,,cutfix_full_tier1_20260729_01,tier1
jRmhq0_LXU8,jRmhq0_LXU8.mp4,223.746,227.774,scene_cut_detected,,cutfix_full_tier1_20260729_01,tier1
jRmhq0_LXU8,jRmhq0_LXU8.mp4,227.906,230.75,scene_cut_detected,,cutfix_full_tier1_20260729_01,tier1
jRmhq0_LXU8,jRmhq0_LXU8.mp4,233.73,234.494,segment_too_short,,cutfix_full_tier1_20260729_01,tier1
jRmhq0_LXU8,jRmhq0_LXU8.mp4,234.722,238.526,scene_cut_detected,,cutfix_full_tier1_20260729_01,tier1
jRmhq0_LXU8,jRmhq0_LXU8.mp4,238.626,239.518,segment_too_short,,cutfix_full_tier1_20260729_01,tier1
jRmhq0_LXU8,jRmhq0_LXU8.mp4,240.066,244.318,scene_cut_detected,,cutfix_full_tier1_20260729_01,tier1
jRmhq0_LXU8,jRmhq0_LXU8.mp4,247.65,249.374,segment_too_short,,cutfix_full_tier1_20260729_01,tier1
jRmhq0_LXU8,jRmhq0_LXU8.mp4,251.874,252.798,segment_too_short,,cutfix_full_tier1_20260729_01,tier1
jRmhq0_LXU8,jRmhq0_LXU8.mp4,253.026,254.27,segment_too_short,,cutfix_full_tier1_20260729_01,tier1
jRmhq0_LXU8,jRmhq0_LXU8.mp4,254.53,255.966,segment_too_short,,cutfix_full_tier1_20260729_01,tier1
jRmhq0_LXU8,jRmhq0_LXU8.mp4,256.354,256.67,segment_too_short,,cutfix_full_tier1_20260729_01,tier1
jRmhq0_LXU8,jRmhq0_LXU8.mp4,256.834,257.406,segment_too_short,,cutfix_full_tier1_20260729_01,tier1
jRmhq0_LXU8,jRmhq0_LXU8.mp4,260.834,262.43,segment_too_short,,cutfix_full_tier1_20260729_01,tier1
jRmhq0_LXU8,jRmhq0_LXU8.mp4,262.562,263.678,segment_too_short,,cutfix_full_tier1_20260729_01,tier1
jRmhq0_LXU8,jRmhq0_LXU8.mp4,267.842,270.686,scene_cut_detected,,cutfix_full_tier1_20260729_01,tier1
jRmhq0_LXU8,jRmhq0_LXU8.mp4,276.61,284.094,scene_cut_detected,,cutfix_full_tier1_20260729_01,tier1
jRmhq0_LXU8,jRmhq0_LXU8.mp4,286.434,288.702,scene_cut_detected,,cutfix_full_tier1_20260729_01,tier1
jRmhq0_LXU8,jRmhq0_LXU8.mp4,289.154,292.798,scene_cut_detected,,cutfix_full_tier1_20260729_01,tier1
jRmhq0_LXU8,jRmhq0_LXU8.mp4,293.346,295.294,segment_too_short,,cutfix_full_tier1_20260729_01,tier1
jRmhq0_LXU8,jRmhq0_LXU8.mp4,295.586,296.702,segment_too_short,,cutfix_full_tier1_20260729_01,tier1
jRmhq0_LXU8,jRmhq0_LXU8.mp4,297.154,304.67,scene_cut_detected,,cutfix_full_tier1_20260729_01,tier1
jRmhq0_LXU8,jRmhq0_LXU8.mp4,304.77,305.822,segment_too_short,,cutfix_full_tier1_20260729_01,tier1
jRmhq0_LXU8,jRmhq0_LXU8.mp4,306.178,307.71,segment_too_short,,cutfix_full_tier1_20260729_01,tier1
jRmhq0_LXU8,jRmhq0_LXU8.mp4,308.066,312.798,scene_cut_detected,,cutfix_full_tier1_20260729_01,tier1
jRmhq0_LXU8,jRmhq0_LXU8.mp4,315.65,320.83,scene_cut_detected,,cutfix_full_tier1_20260729_01,tier1
jRmhq0_LXU8,jRmhq0_LXU8.mp4,321.346,322.302,segment_too_short,,cutfix_full_tier1_20260729_01,tier1
jRmhq0_LXU8,jRmhq0_LXU8.mp4,322.722,323.71,segment_too_short,,cutfix_full_tier1_20260729_01,tier1
jRmhq0_LXU8,jRmhq0_LXU8.mp4,326.882,327.326,segment_too_short,,cutfix_full_tier1_20260729_01,tier1
jRmhq0_LXU8,jRmhq0_LXU8.mp4,327.586,328.19,segment_too_short,,cutfix_full_tier1_20260729_01,tier1
jRmhq0_LXU8,jRmhq0_LXU8.mp4,328.386,329.47,segment_too_short,,cutfix_full_tier1_20260729_01,tier1
jRmhq0_LXU8,jRmhq0_LXU8.mp4,329.922,332.382,scene_cut_detected,,cutfix_full_tier1_20260729_01,tier1
jRmhq0_LXU8,jRmhq0_LXU8.mp4,332.674,335.422,scene_cut_detected,,cutfix_full_tier1_20260729_01,tier1
jRmhq0_LXU8,jRmhq0_LXU8.mp4,335.842,337.246,segment_too_short,,cutfix_full_tier1_20260729_01,tier1
jRmhq0_LXU8,jRmhq0_LXU8.mp4,337.506,338.27,segment_too_short,,cutfix_full_tier1_20260729_01,tier1
jRmhq0_LXU8,jRmhq0_LXU8.mp4,338.85,339.614,segment_too_short,,cutfix_full_tier1_20260729_01,tier1
jRmhq0_LXU8,jRmhq0_LXU8.mp4,339.81,341.086,segment_too_short,,cutfix_full_tier1_20260729_01,tier1
jRmhq0_LXU8,jRmhq0_LXU8.mp4,341.73,345.054,scene_cut_detected,,cutfix_full_tier1_20260729_01,tier1
jRmhq0_LXU8,jRmhq0_LXU8.mp4,345.186,346.398,segment_too_short,,cutfix_full_tier1_20260729_01,tier1
jRmhq0_LXU8,jRmhq0_LXU8.mp4,346.69,347.678,segment_too_short,,cutfix_full_tier1_20260729_01,tier1
jRmhq0_LXU8,jRmhq0_LXU8.mp4,348.034,348.638,segment_too_short,,cutfix_full_tier1_20260729_01,tier1
jRmhq0_LXU8,jRmhq0_LXU8.mp4,349.026,351.678,scene_cut_detected,,cutfix_full_tier1_20260729_01,tier1
jRmhq0_LXU8,jRmhq0_LXU8.mp4,355.49,356.958,segment_too_short,,cutfix_full_tier1_20260729_01,tier1
jRmhq0_LXU8,jRmhq0_LXU8.mp4,357.122,357.918,segment_too_short,,cutfix_full_tier1_20260729_01,tier1
jRmhq0_LXU8,jRmhq0_LXU8.mp4,358.754,364.862,scene_cut_detected,,cutfix_full_tier1_20260729_01,tier1
jRmhq0_LXU8,jRmhq0_LXU8.mp4,364.994,366.91,segment_too_short,,cutfix_full_tier1_20260729_01,tier1
jRmhq0_LXU8,jRmhq0_LXU8.mp4,367.17,374.142,scene_cut_detected,,cutfix_full_tier1_20260729_01,tier1
jRmhq0_LXU8,jRmhq0_LXU8.mp4,376.866,383.55,scene_cut_detected,,cutfix_full_tier1_20260729_01,tier1
jRmhq0_LXU8,jRmhq0_LXU8.mp4,384.034,387.646,face_density_low,,cutfix_full_tier1_20260729_01,tier1
jRmhq0_LXU8,jRmhq0_LXU8.mp4,391.202,394.302,scene_cut_detected,,cutfix_full_tier1_20260729_01,tier1
jRmhq0_LXU8,jRmhq0_LXU8.mp4,399.938,400.67,segment_too_short,,cutfix_full_tier1_20260729_01,tier1
jRmhq0_LXU8,jRmhq0_LXU8.mp4,400.802,401.694,segment_too_short,,cutfix_full_tier1_20260729_01,tier1
jRmhq0_LXU8,jRmhq0_LXU8.mp4,401.826,405.982,scene_cut_detected,,cutfix_full_tier1_20260729_01,tier1
jRmhq0_LXU8,jRmhq0_LXU8.mp4,409.666,415.614,scene_cut_detected,,cutfix_full_tier1_20260729_01,tier1
jRmhq0_LXU8,jRmhq0_LXU8.mp4,418.754,419.358,segment_too_short,,cutfix_full_tier1_20260729_01,tier1
jRmhq0_LXU8,jRmhq0_LXU8.mp4,419.586,421.502,segment_too_short,,cutfix_full_tier1_20260729_01,tier1
jRmhq0_LXU8,jRmhq0_LXU8.mp4,421.858,424.446,scene_cut_detected,,cutfix_full_tier1_20260729_01,tier1
jRmhq0_LXU8,jRmhq0_LXU8.mp4,426.978,428.958,segment_too_short,,cutfix_full_tier1_20260729_01,tier1
jRmhq0_LXU8,jRmhq0_LXU8.mp4,429.634,431.038,segment_too_short,,cutfix_full_tier1_20260729_01,tier1
jRmhq0_LXU8,jRmhq0_LXU8.mp4,438.178,449.758,scene_cut_detected,,cutfix_full_tier1_20260729_01,tier1
jRmhq0_LXU8,jRmhq0_LXU8.mp4,449.858,453.502,scene_cut_detected,,cutfix_full_tier1_20260729_01,tier1
jRmhq0_LXU8,jRmhq0_LXU8.mp4,456.77,457.918,segment_too_short,,cutfix_full_tier1_20260729_01,tier1
jRmhq0_LXU8,jRmhq0_LXU8.mp4,459.586,465.438,scene_cut_detected,,cutfix_full_tier1_20260729_01,tier1
jRmhq0_LXU8,jRmhq0_LXU8.mp4,466.178,468.318,face_density_low,,cutfix_full_tier1_20260729_01,tier1
jRmhq0_LXU8,jRmhq0_LXU8.mp4,481.698,482.718,segment_too_short,,cutfix_full_tier1_20260729_01,tier1
jRmhq0_LXU8,jRmhq0_LXU8.mp4,488.514,492.542,scene_cut_detected,,cutfix_full_tier1_20260729_01,tier1
jRmhq0_LXU8,jRmhq0_LXU8.mp4,492.706,502.206,scene_cut_detected,,cutfix_full_tier1_20260729_01,tier1
jRmhq0_LXU8,jRmhq0_LXU8.mp4,502.338,503.358,segment_too_short,,cutfix_full_tier1_20260729_01,tier1
jRmhq0_LXU8,jRmhq0_LXU8.mp4,503.714,505.694,segment_too_short,,cutfix_full_tier1_20260729_01,tier1
jRmhq0_LXU8,jRmhq0_LXU8.mp4,506.05,506.686,segment_too_short,,cutfix_full_tier1_20260729_01,tier1
jRmhq0_LXU8,jRmhq0_LXU8.mp4,506.978,508.254,segment_too_short,,cutfix_full_tier1_20260729_01,tier1
jRmhq0_LXU8,jRmhq0_LXU8.mp4,508.866,513.534,scene_cut_detected,,cutfix_full_tier1_20260729_01,tier1
jRmhq0_LXU8,jRmhq0_LXU8.mp4,513.634,517.694,scene_cut_detected,,cutfix_full_tier1_20260729_01,tier1
jRmhq0_LXU8,jRmhq0_LXU8.mp4,517.922,523.55,scene_cut_detected,,cutfix_full_tier1_20260729_01,tier1
jRmhq0_LXU8,jRmhq0_LXU8.mp4,535.938,540.894,scene_cut_detected,,cutfix_full_tier1_20260729_01,tier1
jRmhq0_LXU8,jRmhq0_LXU8.mp4,541.122,542.782,segment_too_short,,cutfix_full_tier1_20260729_01,tier1
jRmhq0_LXU8,jRmhq0_LXU8.mp4,555.81,557.086,segment_too_short,,cutfix_full_tier1_20260729_01,tier1
jRmhq0_LXU8,jRmhq0_LXU8.mp4,557.41,560.254,scene_cut_detected,,cutfix_full_tier1_20260729_01,tier1
jRmhq0_LXU8,jRmhq0_LXU8.mp4,570.274,570.91,segment_too_short,,cutfix_full_tier1_20260729_01,tier1
jRmhq0_LXU8,jRmhq0_LXU8.mp4,572.834,574.558,segment_too_short,,cutfix_full_tier1_20260729_01,tier1
jRmhq0_LXU8,jRmhq0_LXU8.mp4,577.73,580.734,scene_cut_detected,,cutfix_full_tier1_20260729_01,tier1
jRmhq0_LXU8,jRmhq0_LXU8.mp4,587.906,588.318,segment_too_short,,cutfix_full_tier1_20260729_01,tier1
jRmhq0_LXU8,jRmhq0_LXU8.mp4,592.738,593.214,segment_too_short,,cutfix_full_tier1_20260729_01,tier1
jRmhq0_LXU8,jRmhq0_LXU8.mp4,596.354,596.734,segment_too_short,,cutfix_full_tier1_20260729_01,tier1
jRmhq0_LXU8,jRmhq0_LXU8.mp4,598.978,599.646,segment_too_short,,cutfix_full_tier1_20260729_01,tier1
jRmhq0_LXU8,jRmhq0_LXU8.mp4,604.066,605.15,segment_too_short,,cutfix_full_tier1_20260729_01,tier1
jRmhq0_LXU8,jRmhq0_LXU8.mp4,606.434,607.294,segment_too_short,,cutfix_full_tier1_20260729_01,tier1
jRmhq0_LXU8,jRmhq0_LXU8.mp4,610.978,611.774,segment_too_short,,cutfix_full_tier1_20260729_01,tier1
jRmhq0_LXU8,jRmhq0_LXU8.mp4,612.322,613.63,segment_too_short,,cutfix_full_tier1_20260729_01,tier1
jRmhq0_LXU8,jRmhq0_LXU8.mp4,613.826,614.494,segment_too_short,,cutfix_full_tier1_20260729_01,tier1
jRmhq0_LXU8,jRmhq0_LXU8.mp4,614.786,616.062,segment_too_short,,cutfix_full_tier1_20260729_01,tier1
jRmhq0_LXU8,jRmhq0_LXU8.mp4,616.226,617.886,segment_too_short,,cutfix_full_tier1_20260729_01,tier1
jRmhq0_LXU8,jRmhq0_LXU8.mp4,618.018,619.358,segment_too_short,,cutfix_full_tier1_20260729_01,tier1
jRmhq0_LXU8,jRmhq0_LXU8.mp4,619.49,619.838,segment_too_short,,cutfix_full_tier1_20260729_01,tier1
jRmhq0_LXU8,jRmhq0_LXU8.mp4,621.442,622.43,segment_too_short,,cutfix_full_tier1_20260729_01,tier1
jRmhq0_LXU8,jRmhq0_LXU8.mp4,626.466,627.742,segment_too_short,,cutfix_full_tier1_20260729_01,tier1
jRmhq0_LXU8,jRmhq0_LXU8.mp4,640.642,642.206,segment_too_short,,cutfix_full_tier1_20260729_01,tier1
jRmhq0_LXU8,jRmhq0_LXU8.mp4,644.674,645.822,segment_too_short,,cutfix_full_tier1_20260729_01,tier1
jRmhq0_LXU8,jRmhq0_LXU8.mp4,646.05,647.358,segment_too_short,,cutfix_full_tier1_20260729_01,tier1
jeXhVP_QhJU,jeXhVP_QhJU.mp4,29.186,30.686,segment_too_short,,cutfix_full_tier1_20260729_01,tier1
jeXhVP_QhJU,jeXhVP_QhJU.mp4,31.01,31.422,segment_too_short,,cutfix_full_tier1_20260729_01,tier1
jeXhVP_QhJU,jeXhVP_QhJU.mp4,42.69,46.782,face_density_low,,cutfix_full_tier1_20260729_01,tier1
jeXhVP_QhJU,jeXhVP_QhJU.mp4,50.69,52.318,segment_too_short,,cutfix_full_tier1_20260729_01,tier1
jeXhVP_QhJU,jeXhVP_QhJU.mp4,61.474,68.446,scene_cut_detected,,cutfix_full_tier1_20260729_01,tier1
jeXhVP_QhJU,jeXhVP_QhJU.mp4,102.21,108.286,face_density_low,,cutfix_full_tier1_20260729_01,tier1
jeXhVP_QhJU,jeXhVP_QhJU.mp4,108.706,113.706,scene_cut_detected,,cutfix_full_tier1_20260729_01,tier1
jeXhVP_QhJU,jeXhVP_QhJU.mp4,116.706,121.706,scene_cut_detected,,cutfix_full_tier1_20260729_01,tier1
jeXhVP_QhJU,jeXhVP_QhJU.mp4,124.706,129.706,scene_cut_detected,,cutfix_full_tier1_20260729_01,tier1
jeXhVP_QhJU,jeXhVP_QhJU.mp4,149.506,158.11,scene_cut_detected,,cutfix_full_tier1_20260729_01,tier1
jeXhVP_QhJU,jeXhVP_QhJU.mp4,182.306,185.534,face_density_low,,cutfix_full_tier1_20260729_01,tier1
jeXhVP_QhJU,jeXhVP_QhJU.mp4,185.666,192.414,scene_cut_detected,,cutfix_full_tier1_20260729_01,tier1
jeXhVP_QhJU,jeXhVP_QhJU.mp4,192.61,197.61,scene_cut_detected,,cutfix_full_tier1_20260729_01,tier1
jeXhVP_QhJU,jeXhVP_QhJU.mp4,196.61,201.61,scene_cut_detected,,cutfix_full_tier1_20260729_01,tier1
jeXhVP_QhJU,jeXhVP_QhJU.mp4,313.602,319.614,face_density_low,,cutfix_full_tier1_20260729_01,tier1
jeXhVP_QhJU,jeXhVP_QhJU.mp4,319.842,327.006,face_density_low,,cutfix_full_tier1_20260729_01,tier1
jeXhVP_QhJU,jeXhVP_QhJU.mp4,342.69,344.382,segment_too_short,,cutfix_full_tier1_20260729_01,tier1
jeXhVP_QhJU,jeXhVP_QhJU.mp4,344.738,346.43,segment_too_short,,cutfix_full_tier1_20260729_01,tier1
jeXhVP_QhJU,jeXhVP_QhJU.mp4,346.626,351.678,face_density_low,,cutfix_full_tier1_20260729_01,tier1
jeXhVP_QhJU,jeXhVP_QhJU.mp4,396.61,398.302,segment_too_short,,cutfix_full_tier1_20260729_01,tier1
jeXhVP_QhJU,jeXhVP_QhJU.mp4,424.194,429.194,face_density_low,,cutfix_full_tier1_20260729_01,tier1
jeXhVP_QhJU,jeXhVP_QhJU.mp4,432.194,437.194,face_density_low,,cutfix_full_tier1_20260729_01,tier1
jeXhVP_QhJU,jeXhVP_QhJU.mp4,436.194,439.102,face_density_low,,cutfix_full_tier1_20260729_01,tier1
jeXhVP_QhJU,jeXhVP_QhJU.mp4,443.33,444.414,segment_too_short,,cutfix_full_tier1_20260729_01,tier1
jeXhVP_QhJU,jeXhVP_QhJU.mp4,454.722,455.422,segment_too_short,,cutfix_full_tier1_20260729_01,tier1
jeXhVP_QhJU,jeXhVP_QhJU.mp4,459.81,463.966,face_density_low,,cutfix_full_tier1_20260729_01,tier1
jeXhVP_QhJU,jeXhVP_QhJU.mp4,464.354,468.51,scene_cut_detected,,cutfix_full_tier1_20260729_01,tier1
jeXhVP_QhJU,jeXhVP_QhJU.mp4,469.314,472.062,face_density_low,,cutfix_full_tier1_20260729_01,tier1
jeXhVP_QhJU,jeXhVP_QhJU.mp4,472.322,477.982,face_density_low,,cutfix_full_tier1_20260729_01,tier1
jeXhVP_QhJU,jeXhVP_QhJU.mp4,478.242,481.79,face_density_low,,cutfix_full_tier1_20260729_01,tier1
jeXhVP_QhJU,jeXhVP_QhJU.mp4,501.57,504.126,face_density_low,,cutfix_full_tier1_20260729_01,tier1
jeXhVP_QhJU,jeXhVP_QhJU.mp4,504.226,506.174,segment_too_short,,cutfix_full_tier1_20260729_01,tier1
jeXhVP_QhJU,jeXhVP_QhJU.mp4,506.274,507.294,segment_too_short,,cutfix_full_tier1_20260729_01,tier1
jeXhVP_QhJU,jeXhVP_QhJU.mp4,512.802,516.446,face_density_low,,cutfix_full_tier1_20260729_01,tier1
jeXhVP_QhJU,jeXhVP_QhJU.mp4,516.642,522.11,face_density_low,,cutfix_full_tier1_20260729_01,tier1
jeXhVP_QhJU,jeXhVP_QhJU.mp4,522.882,527.882,face_density_low,,cutfix_full_tier1_20260729_01,tier1
jeXhVP_QhJU,jeXhVP_QhJU.mp4,534.882,539.882,face_density_low,,cutfix_full_tier1_20260729_01,tier1
jeXhVP_QhJU,jeXhVP_QhJU.mp4,541.73,550.334,face_density_low,,cutfix_full_tier1_20260729_01,tier1
jeXhVP_QhJU,jeXhVP_QhJU.mp4,554.082,560.606,face_density_low,,cutfix_full_tier1_20260729_01,tier1
jeXhVP_QhJU,jeXhVP_QhJU.mp4,561.026,569.15,face_density_low,,cutfix_full_tier1_20260729_01,tier1
jeXhVP_QhJU,jeXhVP_QhJU.mp4,569.25,570.014,segment_too_short,,cutfix_full_tier1_20260729_01,tier1
jeXhVP_QhJU,jeXhVP_QhJU.mp4,570.37,576.734,face_density_low,,cutfix_full_tier1_20260729_01,tier1
jeXhVP_QhJU,jeXhVP_QhJU.mp4,578.882,579.582,segment_too_short,,cutfix_full_tier1_20260729_01,tier1
jeXhVP_QhJU,jeXhVP_QhJU.mp4,629.634,630.366,segment_too_short,,cutfix_full_tier1_20260729_01,tier1
jeXhVP_QhJU,jeXhVP_QhJU.mp4,701.698,706.698,scene_cut_detected,,cutfix_full_tier1_20260729_01,tier1
jeXhVP_QhJU,jeXhVP_QhJU.mp4,711.906,713.79,segment_too_short,,cutfix_full_tier1_20260729_01,tier1
jeXhVP_QhJU,jeXhVP_QhJU.mp4,729.058,730.206,segment_too_short,,cutfix_full_tier1_20260729_01,tier1
jeXhVP_QhJU,jeXhVP_QhJU.mp4,733.09,734.462,segment_too_short,,cutfix_full_tier1_20260729_01,tier1
jeXhVP_QhJU,jeXhVP_QhJU.mp4,735.042,736.51,segment_too_short,,cutfix_full_tier1_20260729_01,tier1
jeXhVP_QhJU,jeXhVP_QhJU.mp4,756.706,759.774,face_density_low,,cutfix_full_tier1_20260729_01,tier1
jeXhVP_QhJU,jeXhVP_QhJU.mp4,770.946,771.294,segment_too_short,,cutfix_full_tier1_20260729_01,tier1
jfQzsbl5zZc,jfQzsbl5zZc.mp4,0.386,1.79,segment_too_short,,cutfix_full_tier1_20260729_01,tier1
jfQzsbl5zZc,jfQzsbl5zZc.mp4,2.114,3.742,segment_too_short,,cutfix_full_tier1_20260729_01,tier1
jfQzsbl5zZc,jfQzsbl5zZc.mp4,4.642,6.206,segment_too_short,,cutfix_full_tier1_20260729_01,tier1
jfQzsbl5zZc,jfQzsbl5zZc.mp4,6.53,7.902,segment_too_short,,cutfix_full_tier1_20260729_01,tier1
jfQzsbl5zZc,jfQzsbl5zZc.mp4,8.098,9.598,segment_too_short,,cutfix_full_tier1_20260729_01,tier1
jfQzsbl5zZc,jfQzsbl5zZc.mp4,14.274,15.358,segment_too_short,,cutfix_full_tier1_20260729_01,tier1
jfQzsbl5zZc,jfQzsbl5zZc.mp4,25.282,26.174,segment_too_short,,cutfix_full_tier1_20260729_01,tier1
jfQzsbl5zZc,jfQzsbl5zZc.mp4,26.338,27.358,segment_too_short,,cutfix_full_tier1_20260729_01,tier1
jfQzsbl5zZc,jfQzsbl5zZc.mp4,35.874,37.342,segment_too_short,,cutfix_full_tier1_20260729_01,tier1
jfQzsbl5zZc,jfQzsbl5zZc.mp4,37.634,38.974,segment_too_short,,cutfix_full_tier1_20260729_01,tier1
jfQzsbl5zZc,jfQzsbl5zZc.mp4,39.362,41.182,segment_too_short,,cutfix_full_tier1_20260729_01,tier1
jfQzsbl5zZc,jfQzsbl5zZc.mp4,58.754,59.998,segment_too_short,,cutfix_full_tier1_20260729_01,tier1
jfQzsbl5zZc,jfQzsbl5zZc.mp4,63.362,64.606,segment_too_short,,cutfix_full_tier1_20260729_01,tier1
jfQzsbl5zZc,jfQzsbl5zZc.mp4,98.114,99.55,segment_too_short,,cutfix_full_tier1_20260729_01,tier1
jfQzsbl5zZc,jfQzsbl5zZc.mp4,112.962,113.694,segment_too_short,,cutfix_full_tier1_20260729_01,tier1
jfQzsbl5zZc,jfQzsbl5zZc.mp4,114.402,115.742,segment_too_short,,cutfix_full_tier1_20260729_01,tier1
jfQzsbl5zZc,jfQzsbl5zZc.mp4,116.162,116.99,segment_too_short,,cutfix_full_tier1_20260729_01,tier1
jfQzsbl5zZc,jfQzsbl5zZc.mp4,134.402,135.422,segment_too_short,,cutfix_full_tier1_20260729_01,tier1
jfQzsbl5zZc,jfQzsbl5zZc.mp4,150.338,151.998,segment_too_short,,cutfix_full_tier1_20260729_01,tier1
jfQzsbl5zZc,jfQzsbl5zZc.mp4,230.498,232.062,segment_too_short,,cutfix_full_tier1_20260729_01,tier1
jfQzsbl5zZc,jfQzsbl5zZc.mp4,236.482,237.086,segment_too_short,,cutfix_full_tier1_20260729_01,tier1
jfQzsbl5zZc,jfQzsbl5zZc.mp4,237.794,239.358,segment_too_short,,cutfix_full_tier1_20260729_01,tier1
jfQzsbl5zZc,jfQzsbl5zZc.mp4,259.202,260.222,segment_too_short,,cutfix_full_tier1_20260729_01,tier1
jfQzsbl5zZc,jfQzsbl5zZc.mp4,260.514,261.918,segment_too_short,,cutfix_full_tier1_20260729_01,tier1
jfQzsbl5zZc,jfQzsbl5zZc.mp4,262.018,262.558,segment_too_short,,cutfix_full_tier1_20260729_01,tier1
jfQzsbl5zZc,jfQzsbl5zZc.mp4,267.554,268.094,segment_too_short,,cutfix_full_tier1_20260729_01,tier1
jfQzsbl5zZc,jfQzsbl5zZc.mp4,271.618,272.126,segment_too_short,,cutfix_full_tier1_20260729_01,tier1
jfQzsbl5zZc,jfQzsbl5zZc.mp4,281.858,283.646,segment_too_short,,cutfix_full_tier1_20260729_01,tier1
jfQzsbl5zZc,jfQzsbl5zZc.mp4,320.066,320.958,segment_too_short,,cutfix_full_tier1_20260729_01,tier1
jfQzsbl5zZc,jfQzsbl5zZc.mp4,321.09,321.598,segment_too_short,,cutfix_full_tier1_20260729_01,tier1
jfQzsbl5zZc,jfQzsbl5zZc.mp4,321.73,322.238,segment_too_short,,cutfix_full_tier1_20260729_01,tier1
jfQzsbl5zZc,jfQzsbl5zZc.mp4,326.53,327.358,segment_too_short,,cutfix_full_tier1_20260729_01,tier1
jfQzsbl5zZc,jfQzsbl5zZc.mp4,334.274,334.654,segment_too_short,,cutfix_full_tier1_20260729_01,tier1
jfQzsbl5zZc,jfQzsbl5zZc.mp4,334.754,335.454,segment_too_short,,cutfix_full_tier1_20260729_01,tier1
jfQzsbl5zZc,jfQzsbl5zZc.mp4,335.65,336.254,segment_too_short,,cutfix_full_tier1_20260729_01,tier1
jfQzsbl5zZc,jfQzsbl5zZc.mp4,336.706,337.566,segment_too_short,,cutfix_full_tier1_20260729_01,tier1
jfQzsbl5zZc,jfQzsbl5zZc.mp4,395.394,397.182,segment_too_short,,cutfix_full_tier1_20260729_01,tier1
jfQzsbl5zZc,jfQzsbl5zZc.mp4,429.026,429.566,segment_too_short,,cutfix_full_tier1_20260729_01,tier1
jfQzsbl5zZc,jfQzsbl5zZc.mp4,466.978,467.806,segment_too_short,,cutfix_full_tier1_20260729_01,tier1
jfQzsbl5zZc,jfQzsbl5zZc.mp4,467.97,469.086,segment_too_short,,cutfix_full_tier1_20260729_01,tier1
jfQzsbl5zZc,jfQzsbl5zZc.mp4,505.122,506.014,segment_too_short,,cutfix_full_tier1_20260729_01,tier1
jfQzsbl5zZc,jfQzsbl5zZc.mp4,523.65,524.606,segment_too_short,,cutfix_full_tier1_20260729_01,tier1
jfQzsbl5zZc,jfQzsbl5zZc.mp4,574.306,575.006,segment_too_short,,cutfix_full_tier1_20260729_01,tier1
jfQzsbl5zZc,jfQzsbl5zZc.mp4,575.49,577.342,segment_too_short,,cutfix_full_tier1_20260729_01,tier1
jfQzsbl5zZc,jfQzsbl5zZc.mp4,587.202,588.35,segment_too_short,,cutfix_full_tier1_20260729_01,tier1
jfQzsbl5zZc,jfQzsbl5zZc.mp4,656.066,657.854,segment_too_short,,cutfix_full_tier1_20260729_01,tier1
jfQzsbl5zZc,jfQzsbl5zZc.mp4,693.218,694.462,segment_too_short,,cutfix_full_tier1_20260729_01,tier1
jfQzsbl5zZc,jfQzsbl5zZc.mp4,725.474,726.686,segment_too_short,,cutfix_full_tier1_20260729_01,tier1
jfQzsbl5zZc,jfQzsbl5zZc.mp4,738.05,739.294,segment_too_short,,cutfix_full_tier1_20260729_01,tier1
jfQzsbl5zZc,jfQzsbl5zZc.mp4,739.394,740.478,segment_too_short,,cutfix_full_tier1_20260729_01,tier1
jfQzsbl5zZc,jfQzsbl5zZc.mp4,743.106,744.158,segment_too_short,,cutfix_full_tier1_20260729_01,tier1
jfQzsbl5zZc,jfQzsbl5zZc.mp4,775.874,776.862,segment_too_short,,cutfix_full_tier1_20260729_01,tier1
jfQzsbl5zZc,jfQzsbl5zZc.mp4,776.962,777.918,segment_too_short,,cutfix_full_tier1_20260729_01,tier1
jfQzsbl5zZc,jfQzsbl5zZc.mp4,801.506,803.326,segment_too_short,,cutfix_full_tier1_20260729_01,tier1
jfQzsbl5zZc,jfQzsbl5zZc.mp4,810.658,811.934,segment_too_short,,cutfix_full_tier1_20260729_01,tier1
jfQzsbl5zZc,jfQzsbl5zZc.mp4,848.354,849.662,segment_too_short,,cutfix_full_tier1_20260729_01,tier1
jfQzsbl5zZc,jfQzsbl5zZc.mp4,863.586,865.118,segment_too_short,,cutfix_full_tier1_20260729_01,tier1
jfQzsbl5zZc,jfQzsbl5zZc.mp4,865.442,867.39,segment_too_short,,cutfix_full_tier1_20260729_01,tier1
jfQzsbl5zZc,jfQzsbl5zZc.mp4,870.498,871.934,segment_too_short,,cutfix_full_tier1_20260729_01,tier1
jfQzsbl5zZc,jfQzsbl5zZc.mp4,872.13,873.854,segment_too_short,,cutfix_full_tier1_20260729_01,tier1
jfQzsbl5zZc,jfQzsbl5zZc.mp4,877.986,878.878,segment_too_short,,cutfix_full_tier1_20260729_01,tier1
jfQzsbl5zZc,jfQzsbl5zZc.mp4,887.618,888.734,segment_too_short,,cutfix_full_tier1_20260729_01,tier1
jfQzsbl5zZc,jfQzsbl5zZc.mp4,893.602,895.582,segment_too_short,,cutfix_full_tier1_20260729_01,tier1
jfQzsbl5zZc,jfQzsbl5zZc.mp4,895.906,897.694,segment_too_short,,cutfix_full_tier1_20260729_01,tier1
jfQzsbl5zZc,jfQzsbl5zZc.mp4,897.922,898.91,segment_too_short,,cutfix_full_tier1_20260729_01,tier1
jfQzsbl5zZc,jfQzsbl5zZc.mp4,899.234,900.446,segment_too_short,,cutfix_full_tier1_20260729_01,tier1
jfQzsbl5zZc,jfQzsbl5zZc.mp4,904.034,905.95,segment_too_short,,cutfix_full_tier1_20260729_01,tier1
jfQzsbl5zZc,jfQzsbl5zZc.mp4,906.146,907.038,segment_too_short,,cutfix_full_tier1_20260729_01,tier1
jfQzsbl5zZc,jfQzsbl5zZc.mp4,907.138,908.67,segment_too_short,,cutfix_full_tier1_20260729_01,tier1
jfQzsbl5zZc,jfQzsbl5zZc.mp4,939.586,940.446,segment_too_short,,cutfix_full_tier1_20260729_01,tier1
jivtgrA42CI,jivtgrA42CI.mp4,18.594,20.382,segment_too_short,,cutfix_full_tier1_20260729_01,tier1
jivtgrA42CI,jivtgrA42CI.mp4,20.674,22.878,face_density_low,,cutfix_full_tier1_20260729_01,tier1
jivtgrA42CI,jivtgrA42CI.mp4,23.426,26.686,face_density_low,,cutfix_full_tier1_20260729_01,tier1
jivtgrA42CI,jivtgrA42CI.mp4,27.298,29.47,face_density_low,,cutfix_full_tier1_20260729_01,tier1
jivtgrA42CI,jivtgrA42CI.mp4,78.498,83.498,scene_cut_detected,,cutfix_full_tier1_20260729_01,tier1
jivtgrA42CI,jivtgrA42CI.mp4,82.498,87.498,scene_cut_detected,,cutfix_full_tier1_20260729_01,tier1
jivtgrA42CI,jivtgrA42CI.mp4,86.498,90.11,scene_cut_detected,,cutfix_full_tier1_20260729_01,tier1
jivtgrA42CI,jivtgrA42CI.mp4,90.53,96.254,scene_cut_detected,,cutfix_full_tier1_20260729_01,tier1
jivtgrA42CI,jivtgrA42CI.mp4,96.61,106.59,scene_cut_detected,,cutfix_full_tier1_20260729_01,tier1
jivtgrA42CI,jivtgrA42CI.mp4,107.106,112.106,scene_cut_detected,,cutfix_full_tier1_20260729_01,tier1
jivtgrA42CI,jivtgrA42CI.mp4,111.106,116.106,scene_cut_detected,,cutfix_full_tier1_20260729_01,tier1
jivtgrA42CI,jivtgrA42CI.mp4,115.106,120.106,scene_cut_detected,,cutfix_full_tier1_20260729_01,tier1
jivtgrA42CI,jivtgrA42CI.mp4,127.106,132.106,scene_cut_detected,,cutfix_full_tier1_20260729_01,tier1
jivtgrA42CI,jivtgrA42CI.mp4,173.89,178.89,face_density_low,,cutfix_full_tier1_20260729_01,tier1
jivtgrA42CI,jivtgrA42CI.mp4,181.89,186.89,scene_cut_detected,,cutfix_full_tier1_20260729_01,tier1
jivtgrA42CI,jivtgrA42CI.mp4,189.89,193.854,scene_cut_detected,,cutfix_full_tier1_20260729_01,tier1
jivtgrA42CI,jivtgrA42CI.mp4,217.09,225.31,scene_cut_detected,,cutfix_full_tier1_20260729_01,tier1
jivtgrA42CI,jivtgrA42CI.mp4,225.826,230.826,scene_cut_detected,,cutfix_full_tier1_20260729_01,tier1
jivtgrA42CI,jivtgrA42CI.mp4,233.826,238.826,scene_cut_detected,,cutfix_full_tier1_20260729_01,tier1
jivtgrA42CI,jivtgrA42CI.mp4,252.226,257.226,face_density_low,,cutfix_full_tier1_20260729_01,tier1
jivtgrA42CI,jivtgrA42CI.mp4,256.226,261.226,face_density_low,,cutfix_full_tier1_20260729_01,tier1
jivtgrA42CI,jivtgrA42CI.mp4,260.226,265.226,face_density_low,,cutfix_full_tier1_20260729_01,tier1
jivtgrA42CI,jivtgrA42CI.mp4,264.226,268.222,face_density_low,,cutfix_full_tier1_20260729_01,tier1
jivtgrA42CI,jivtgrA42CI.mp4,296.482,301.482,scene_cut_detected,,cutfix_full_tier1_20260729_01,tier1
jivtgrA42CI,jivtgrA42CI.mp4,300.482,305.482,scene_cut_detected,,cutfix_full_tier1_20260729_01,tier1
jivtgrA42CI,jivtgrA42CI.mp4,307.938,313.886,scene_cut_detected,,cutfix_full_tier1_20260729_01,tier1
jivtgrA42CI,jivtgrA42CI.mp4,314.21,320.638,scene_cut_detected,,cutfix_full_tier1_20260729_01,tier1
jivtgrA42CI,jivtgrA42CI.mp4,321.186,326.186,scene_cut_detected,,cutfix_full_tier1_20260729_01,tier1
jivtgrA42CI,jivtgrA42CI.mp4,325.186,330.186,scene_cut_detected,,cutfix_full_tier1_20260729_01,tier1
jivtgrA42CI,jivtgrA42CI.mp4,329.186,334.186,scene_cut_detected,,cutfix_full_tier1_20260729_01,tier1
jivtgrA42CI,jivtgrA42CI.mp4,333.186,338.186,scene_cut_detected,,cutfix_full_tier1_20260729_01,tier1
jivtgrA42CI,jivtgrA42CI.mp4,367.906,372.906,scene_cut_detected,,cutfix_full_tier1_20260729_01,tier1
jivtgrA42CI,jivtgrA42CI.mp4,371.906,376.906,scene_cut_detected,,cutfix_full_tier1_20260729_01,tier1
jivtgrA42CI,jivtgrA42CI.mp4,375.906,380.906,scene_cut_detected,,cutfix_full_tier1_20260729_01,tier1
jivtgrA42CI,jivtgrA42CI.mp4,379.906,384.906,scene_cut_detected,,cutfix_full_tier1_20260729_01,tier1
jivtgrA42CI,jivtgrA42CI.mp4,383.906,388.906,scene_cut_detected,,cutfix_full_tier1_20260729_01,tier1
jivtgrA42CI,jivtgrA42CI.mp4,390.082,396.574,scene_cut_detected,,cutfix_full_tier1_20260729_01,tier1
jivtgrA42CI,jivtgrA42CI.mp4,405.122,410.122,scene_cut_detected,,cutfix_full_tier1_20260729_01,tier1
jivtgrA42CI,jivtgrA42CI.mp4,413.602,415.134,segment_too_short,,cutfix_full_tier1_20260729_01,tier1
jivtgrA42CI,jivtgrA42CI.mp4,427.874,439.39,scene_cut_detected,,cutfix_full_tier1_20260729_01,tier1
jivtgrA42CI,jivtgrA42CI.mp4,439.554,445.534,face_density_low,,cutfix_full_tier1_20260729_01,tier1
jivtgrA42CI,jivtgrA42CI.mp4,446.306,456.702,face_density_low,,cutfix_full_tier1_20260729_01,tier1
jivtgrA42CI,jivtgrA42CI.mp4,457.186,461.822,face_density_low,,cutfix_full_tier1_20260729_01,tier1
jivtgrA42CI,jivtgrA42CI.mp4,462.306,467.306,scene_cut_detected,,cutfix_full_tier1_20260729_01,tier1
jivtgrA42CI,jivtgrA42CI.mp4,466.306,471.306,face_density_low,,cutfix_full_tier1_20260729_01,tier1
jivtgrA42CI,jivtgrA42CI.mp4,470.306,475.306,scene_cut_detected,,cutfix_full_tier1_20260729_01,tier1
jivtgrA42CI,jivtgrA42CI.mp4,474.306,476.926,face_density_low,,cutfix_full_tier1_20260729_01,tier1
jivtgrA42CI,jivtgrA42CI.mp4,500.674,505.674,scene_cut_detected,,cutfix_full_tier1_20260729_01,tier1
jivtgrA42CI,jivtgrA42CI.mp4,504.674,509.674,scene_cut_detected,,cutfix_full_tier1_20260729_01,tier1
jivtgrA42CI,jivtgrA42CI.mp4,513.73,522.622,scene_cut_detected,,cutfix_full_tier1_20260729_01,tier1
jivtgrA42CI,jivtgrA42CI.mp4,522.818,527.818,scene_cut_detected,,cutfix_full_tier1_20260729_01,tier1
jivtgrA42CI,jivtgrA42CI.mp4,526.818,531.818,scene_cut_detected,,cutfix_full_tier1_20260729_01,tier1
jivtgrA42CI,jivtgrA42CI.mp4,530.818,535.818,scene_cut_detected,,cutfix_full_tier1_20260729_01,tier1
jivtgrA42CI,jivtgrA42CI.mp4,534.818,539.818,scene_cut_detected,,cutfix_full_tier1_20260729_01,tier1
jivtgrA42CI,jivtgrA42CI.mp4,541.506,546.506,scene_cut_detected,,cutfix_full_tier1_20260729_01,tier1
jivtgrA42CI,jivtgrA42CI.mp4,576.738,581.738,scene_cut_detected,,cutfix_full_tier1_20260729_01,tier1
jivtgrA42CI,jivtgrA42CI.mp4,580.738,585.738,scene_cut_detected,,cutfix_full_tier1_20260729_01,tier1
jivtgrA42CI,jivtgrA42CI.mp4,584.738,588.862,scene_cut_detected,,cutfix_full_tier1_20260729_01,tier1
jivtgrA42CI,jivtgrA42CI.mp4,589.282,599.902,scene_cut_detected,,cutfix_full_tier1_20260729_01,tier1
jivtgrA42CI,jivtgrA42CI.mp4,600.13,605.13,scene_cut_detected,,cutfix_full_tier1_20260729_01,tier1
jivtgrA42CI,jivtgrA42CI.mp4,604.13,609.13,scene_cut_detected,,cutfix_full_tier1_20260729_01,tier1
jivtgrA42CI,jivtgrA42CI.mp4,608.13,613.13,scene_cut_detected,,cutfix_full_tier1_20260729_01,tier1
jivtgrA42CI,jivtgrA42CI.mp4,612.13,617.13,scene_cut_detected,,cutfix_full_tier1_20260729_01,tier1
jivtgrA42CI,jivtgrA42CI.mp4,617.922,620.734,scene_cut_detected,,cutfix_full_tier1_20260729_01,tier1
jivtgrA42CI,jivtgrA42CI.mp4,649.026,654.026,scene_cut_detected,,cutfix_full_tier1_20260729_01,tier1
jivtgrA42CI,jivtgrA42CI.mp4,653.026,658.026,scene_cut_detected,,cutfix_full_tier1_20260729_01,tier1
jivtgrA42CI,jivtgrA42CI.mp4,657.026,661.854,scene_cut_detected,,cutfix_full_tier1_20260729_01,tier1
jivtgrA42CI,jivtgrA42CI.mp4,662.178,673.406,scene_cut_detected,,cutfix_full_tier1_20260729_01,tier1
jivtgrA42CI,jivtgrA42CI.mp4,673.762,682.558,scene_cut_detected,,cutfix_full_tier1_20260729_01,tier1
jivtgrA42CI,jivtgrA42CI.mp4,703.01,712.478,scene_cut_detected,,cutfix_full_tier1_20260729_01,tier1
jivtgrA42CI,jivtgrA42CI.mp4,712.962,720.862,scene_cut_detected,,cutfix_full_tier1_20260729_01,tier1
jivtgrA42CI,jivtgrA42CI.mp4,721.378,725.47,face_density_low,,cutfix_full_tier1_20260729_01,tier1
jivtgrA42CI,jivtgrA42CI.mp4,725.858,730.858,scene_cut_detected,,cutfix_full_tier1_20260729_01,tier1
jivtgrA42CI,jivtgrA42CI.mp4,729.858,734.858,scene_cut_detected,,cutfix_full_tier1_20260729_01,tier1
jivtgrA42CI,jivtgrA42CI.mp4,733.858,738.858,scene_cut_detected,,cutfix_full_tier1_20260729_01,tier1
jivtgrA42CI,jivtgrA42CI.mp4,737.858,742.814,face_density_low,,cutfix_full_tier1_20260729_01,tier1
jivtgrA42CI,jivtgrA42CI.mp4,747.234,748.67,segment_too_short,,cutfix_full_tier1_20260729_01,tier1
jivtgrA42CI,jivtgrA42CI.mp4,748.866,752.83,scene_cut_detected,,cutfix_full_tier1_20260729_01,tier1
jivtgrA42CI,jivtgrA42CI.mp4,761.218,761.918,segment_too_short,,cutfix_full_tier1_20260729_01,tier1
jivtgrA42CI,jivtgrA42CI.mp4,771.746,776.746,scene_cut_detected,,cutfix_full_tier1_20260729_01,tier1
jivtgrA42CI,jivtgrA42CI.mp4,779.746,784.746,scene_cut_detected,,cutfix_full_tier1_20260729_01,tier1
jivtgrA42CI,jivtgrA42CI.mp4,783.746,788.746,scene_cut_detected,,cutfix_full_tier1_20260729_01,tier1
jivtgrA42CI,jivtgrA42CI.mp4,787.746,790.782,scene_cut_detected,,cutfix_full_tier1_20260729_01,tier1
jivtgrA42CI,jivtgrA42CI.mp4,791.202,798.046,scene_cut_detected,,cutfix_full_tier1_20260729_01,tier1
jivtgrA42CI,jivtgrA42CI.mp4,798.914,804.446,scene_cut_detected,,cutfix_full_tier1_20260729_01,tier1
jlRmqbnNoWk,jlRmqbnNoWk.mp4,27.65,28.862,segment_too_short,,cutfix_full_tier1_20260729_01,tier1
jlRmqbnNoWk,jlRmqbnNoWk.mp4,29.282,29.63,segment_too_short,,cutfix_full_tier1_20260729_01,tier1
jlRmqbnNoWk,jlRmqbnNoWk.mp4,34.018,36.862,scene_cut_detected,,cutfix_full_tier1_20260729_01,tier1
jlRmqbnNoWk,jlRmqbnNoWk.mp4,37.41,38.366,segment_too_short,,cutfix_full_tier1_20260729_01,tier1
jlRmqbnNoWk,jlRmqbnNoWk.mp4,38.466,40.414,segment_too_short,,cutfix_full_tier1_20260729_01,tier1
jlRmqbnNoWk,jlRmqbnNoWk.mp4,45.09,46.558,segment_too_short,,cutfix_full_tier1_20260729_01,tier1
jlRmqbnNoWk,jlRmqbnNoWk.mp4,51.906,54.782,face_density_low,,cutfix_full_tier1_20260729_01,tier1
jlRmqbnNoWk,jlRmqbnNoWk.mp4,55.298,64.126,scene_cut_detected,,cutfix_full_tier1_20260729_01,tier1
jlRmqbnNoWk,jlRmqbnNoWk.mp4,64.258,71.166,face_density_low,,cutfix_full_tier1_20260729_01,tier1
jlRmqbnNoWk,jlRmqbnNoWk.mp4,71.362,79.39,face_density_low,,cutfix_full_tier1_20260729_01,tier1
jlRmqbnNoWk,jlRmqbnNoWk.mp4,79.682,81.374,segment_too_short,,cutfix_full_tier1_20260729_01,tier1
jlRmqbnNoWk,jlRmqbnNoWk.mp4,85.474,90.474,scene_cut_detected,,cutfix_full_tier1_20260729_01,tier1
jlRmqbnNoWk,jlRmqbnNoWk.mp4,89.474,94.474,scene_cut_detected,,cutfix_full_tier1_20260729_01,tier1
jlRmqbnNoWk,jlRmqbnNoWk.mp4,96.034,103.55,scene_cut_detected,,cutfix_full_tier1_20260729_01,tier1
jlRmqbnNoWk,jlRmqbnNoWk.mp4,103.682,111.87,scene_cut_detected,,cutfix_full_tier1_20260729_01,tier1
jlRmqbnNoWk,jlRmqbnNoWk.mp4,112.066,116.222,scene_cut_detected,,cutfix_full_tier1_20260729_01,tier1
jlRmqbnNoWk,jlRmqbnNoWk.mp4,116.738,123.582,face_density_low,,cutfix_full_tier1_20260729_01,tier1
jlRmqbnNoWk,jlRmqbnNoWk.mp4,123.682,128.682,face_density_low,,cutfix_full_tier1_20260729_01,tier1
jlRmqbnNoWk,jlRmqbnNoWk.mp4,127.682,132.682,face_density_low,,cutfix_full_tier1_20260729_01,tier1
jlRmqbnNoWk,jlRmqbnNoWk.mp4,131.682,136.682,face_density_low,,cutfix_full_tier1_20260729_01,tier1
jlRmqbnNoWk,jlRmqbnNoWk.mp4,144.898,151.23,face_density_low,,cutfix_full_tier1_20260729_01,tier1
jlRmqbnNoWk,jlRmqbnNoWk.mp4,151.426,153.758,face_density_low,,cutfix_full_tier1_20260729_01,tier1
jlRmqbnNoWk,jlRmqbnNoWk.mp4,153.89,156.702,scene_cut_detected,,cutfix_full_tier1_20260729_01,tier1
jlRmqbnNoWk,jlRmqbnNoWk.mp4,156.93,159.454,face_density_low,,cutfix_full_tier1_20260729_01,tier1
jlRmqbnNoWk,jlRmqbnNoWk.mp4,159.586,164.382,face_density_low,,cutfix_full_tier1_20260729_01,tier1
jlRmqbnNoWk,jlRmqbnNoWk.mp4,164.61,171.198,face_density_low,,cutfix_full_tier1_20260729_01,tier1
jlRmqbnNoWk,jlRmqbnNoWk.mp4,184.738,189.738,scene_cut_detected,,cutfix_full_tier1_20260729_01,tier1
jlRmqbnNoWk,jlRmqbnNoWk.mp4,192.738,197.738,scene_cut_detected,,cutfix_full_tier1_20260729_01,tier1
jlRmqbnNoWk,jlRmqbnNoWk.mp4,196.738,201.246,scene_cut_detected,,cutfix_full_tier1_20260729_01,tier1
jlRmqbnNoWk,jlRmqbnNoWk.mp4,201.378,206.206,face_density_low,,cutfix_full_tier1_20260729_01,tier1
jlRmqbnNoWk,jlRmqbnNoWk.mp4,206.402,211.806,face_density_low,,cutfix_full_tier1_20260729_01,tier1
jlRmqbnNoWk,jlRmqbnNoWk.mp4,224.77,232.99,scene_cut_detected,,cutfix_full_tier1_20260729_01,tier1
jlRmqbnNoWk,jlRmqbnNoWk.mp4,236.642,241.642,scene_cut_detected,,cutfix_full_tier1_20260729_01,tier1
jlRmqbnNoWk,jlRmqbnNoWk.mp4,240.642,245.642,face_density_low,,cutfix_full_tier1_20260729_01,tier1
jlRmqbnNoWk,jlRmqbnNoWk.mp4,244.642,249.642,face_density_low,,cutfix_full_tier1_20260729_01,tier1
jlRmqbnNoWk,jlRmqbnNoWk.mp4,248.642,252.414,scene_cut_detected,,cutfix_full_tier1_20260729_01,tier1
jlRmqbnNoWk,jlRmqbnNoWk.mp4,252.802,254.43,segment_too_short,,cutfix_full_tier1_20260729_01,tier1
jlRmqbnNoWk,jlRmqbnNoWk.mp4,288.066,293.066,scene_cut_detected,,cutfix_full_tier1_20260729_01,tier1
jlRmqbnNoWk,jlRmqbnNoWk.mp4,292.066,297.066,scene_cut_detected,,cutfix_full_tier1_20260729_01,tier1
jlRmqbnNoWk,jlRmqbnNoWk.mp4,298.402,304.222,scene_cut_detected,,cutfix_full_tier1_20260729_01,tier1
jlRmqbnNoWk,jlRmqbnNoWk.mp4,304.354,309.374,face_density_low,,cutfix_full_tier1_20260729_01,tier1
jlRmqbnNoWk,jlRmqbnNoWk.mp4,333.09,341.15,scene_cut_detected,,cutfix_full_tier1_20260729_01,tier1
jlRmqbnNoWk,jlRmqbnNoWk.mp4,355.778,360.778,scene_cut_detected,,cutfix_full_tier1_20260729_01,tier1
jlRmqbnNoWk,jlRmqbnNoWk.mp4,359.778,364.778,scene_cut_detected,,cutfix_full_tier1_20260729_01,tier1
jlRmqbnNoWk,jlRmqbnNoWk.mp4,367.778,372.778,scene_cut_detected,,cutfix_full_tier1_20260729_01,tier1
jlRmqbnNoWk,jlRmqbnNoWk.mp4,371.778,376.478,scene_cut_detected,,cutfix_full_tier1_20260729_01,tier1
jlRmqbnNoWk,jlRmqbnNoWk.mp4,380.578,385.578,scene_cut_detected,,cutfix_full_tier1_20260729_01,tier1
jlRmqbnNoWk,jlRmqbnNoWk.mp4,414.37,422.046,scene_cut_detected,,cutfix_full_tier1_20260729_01,tier1
jlRmqbnNoWk,jlRmqbnNoWk.mp4,422.594,423.294,segment_too_short,,cutfix_full_tier1_20260729_01,tier1
jlRmqbnNoWk,jlRmqbnNoWk.mp4,423.394,430.59,scene_cut_detected,,cutfix_full_tier1_20260729_01,tier1
jlRmqbnNoWk,jlRmqbnNoWk.mp4,442.85,445.918,scene_cut_detected,,cutfix_full_tier1_20260729_01,tier1
jlRmqbnNoWk,jlRmqbnNoWk.mp4,446.146,446.91,segment_too_short,,cutfix_full_tier1_20260729_01,tier1
jlRmqbnNoWk,jlRmqbnNoWk.mp4,451.042,456.042,scene_cut_detected,,cutfix_full_tier1_20260729_01,tier1
jlRmqbnNoWk,jlRmqbnNoWk.mp4,473.666,474.782,segment_too_short,,cutfix_full_tier1_20260729_01,tier1
jlRmqbnNoWk,jlRmqbnNoWk.mp4,474.914,479.914,scene_cut_detected,,cutfix_full_tier1_20260729_01,tier1
jlRmqbnNoWk,jlRmqbnNoWk.mp4,486.914,491.39,scene_cut_detected,,cutfix_full_tier1_20260729_01,tier1
jlRmqbnNoWk,jlRmqbnNoWk.mp4,498.69,508.926,scene_cut_detected,,cutfix_full_tier1_20260729_01,tier1
jlRmqbnNoWk,jlRmqbnNoWk.mp4,509.122,519.902,scene_cut_detected,,cutfix_full_tier1_20260729_01,tier1
jlRmqbnNoWk,jlRmqbnNoWk.mp4,540.674,545.674,scene_cut_detected,,cutfix_full_tier1_20260729_01,tier1
jlRmqbnNoWk,jlRmqbnNoWk.mp4,555.49,556.062,segment_too_short,,cutfix_full_tier1_20260729_01,tier1
jlRmqbnNoWk,jlRmqbnNoWk.mp4,565.314,573.854,face_density_low,,cutfix_full_tier1_20260729_01,tier1
jlRmqbnNoWk,jlRmqbnNoWk.mp4,573.986,575.23,segment_too_short,,cutfix_full_tier1_20260729_01,tier1
jlRmqbnNoWk,jlRmqbnNoWk.mp4,575.362,580.362,face_density_low,,cutfix_full_tier1_20260729_01,tier1
jlRmqbnNoWk,jlRmqbnNoWk.mp4,579.362,584.362,face_density_low,,cutfix_full_tier1_20260729_01,tier1
jlRmqbnNoWk,jlRmqbnNoWk.mp4,621.314,626.314,scene_cut_detected,,cutfix_full_tier1_20260729_01,tier1
jlRmqbnNoWk,jlRmqbnNoWk.mp4,633.314,638.314,face_density_low,,cutfix_full_tier1_20260729_01,tier1
jlRmqbnNoWk,jlRmqbnNoWk.mp4,645.346,653.342,scene_cut_detected,,cutfix_full_tier1_20260729_01,tier1
jlRmqbnNoWk,jlRmqbnNoWk.mp4,656.162,666.558,scene_cut_detected,,cutfix_full_tier1_20260729_01,tier1
jlRmqbnNoWk,jlRmqbnNoWk.mp4,673.314,675.102,segment_too_short,,cutfix_full_tier1_20260729_01,tier1
jlRmqbnNoWk,jlRmqbnNoWk.mp4,683.842,691.262,face_density_low,,cutfix_full_tier1_20260729_01,tier1
jlRmqbnNoWk,jlRmqbnNoWk.mp4,699.458,704.458,face_density_low,,cutfix_full_tier1_20260729_01,tier1
jlRmqbnNoWk,jlRmqbnNoWk.mp4,724.93,729.93,face_density_low,,cutfix_full_tier1_20260729_01,tier1
jtxzzbPQFJM,jtxzzbPQFJM.mp4,8.13,13.13,scene_cut_detected,,cutfix_full_tier1_20260729_01,tier1
jtxzzbPQFJM,jtxzzbPQFJM.mp4,12.13,17.13,face_density_low,,cutfix_full_tier1_20260729_01,tier1
jtxzzbPQFJM,jtxzzbPQFJM.mp4,16.13,21.13,scene_cut_detected,,cutfix_full_tier1_20260729_01,tier1
jtxzzbPQFJM,jtxzzbPQFJM.mp4,20.13,25.13,scene_cut_detected,,cutfix_full_tier1_20260729_01,tier1
jtxzzbPQFJM,jtxzzbPQFJM.mp4,27.618,32.618,scene_cut_detected,,cutfix_full_tier1_20260729_01,tier1
jtxzzbPQFJM,jtxzzbPQFJM.mp4,31.618,36.618,face_density_low,,cutfix_full_tier1_20260729_01,tier1
jtxzzbPQFJM,jtxzzbPQFJM.mp4,35.618,40.618,face_density_low,,cutfix_full_tier1_20260729_01,tier1
jtxzzbPQFJM,jtxzzbPQFJM.mp4,39.618,44.618,face_density_low,,cutfix_full_tier1_20260729_01,tier1
jtxzzbPQFJM,jtxzzbPQFJM.mp4,51.618,56.618,face_density_low,,cutfix_full_tier1_20260729_01,tier1
jtxzzbPQFJM,jtxzzbPQFJM.mp4,55.618,60.618,face_density_low,,cutfix_full_tier1_20260729_01,tier1
jtxzzbPQFJM,jtxzzbPQFJM.mp4,59.618,64.618,face_density_low,,cutfix_full_tier1_20260729_01,tier1
jtxzzbPQFJM,jtxzzbPQFJM.mp4,63.618,66.686,face_density_low,,cutfix_full_tier1_20260729_01,tier1
jtxzzbPQFJM,jtxzzbPQFJM.mp4,66.85,69.726,face_density_low,,cutfix_full_tier1_20260729_01,tier1
jtxzzbPQFJM,jtxzzbPQFJM.mp4,77.858,82.858,scene_cut_detected,,cutfix_full_tier1_20260729_01,tier1
jtxzzbPQFJM,jtxzzbPQFJM.mp4,81.858,86.858,face_density_low,,cutfix_full_tier1_20260729_01,tier1
jtxzzbPQFJM,jtxzzbPQFJM.mp4,85.858,90.858,face_density_low,,cutfix_full_tier1_20260729_01,tier1
jtxzzbPQFJM,jtxzzbPQFJM.mp4,101.858,106.858,face_density_low,,cutfix_full_tier1_20260729_01,tier1
jtxzzbPQFJM,jtxzzbPQFJM.mp4,105.858,110.858,face_density_low,,cutfix_full_tier1_20260729_01,tier1
jtxzzbPQFJM,jtxzzbPQFJM.mp4,109.858,112.574,face_density_low,,cutfix_full_tier1_20260729_01,tier1
jtxzzbPQFJM,jtxzzbPQFJM.mp4,112.77,122.174,scene_cut_detected,,cutfix_full_tier1_20260729_01,tier1
jtxzzbPQFJM,jtxzzbPQFJM.mp4,122.274,127.274,face_density_low,,cutfix_full_tier1_20260729_01,tier1
jtxzzbPQFJM,jtxzzbPQFJM.mp4,126.274,131.274,face_density_low,,cutfix_full_tier1_20260729_01,tier1
jtxzzbPQFJM,jtxzzbPQFJM.mp4,130.274,134.654,face_density_low,,cutfix_full_tier1_20260729_01,tier1
jtxzzbPQFJM,jtxzzbPQFJM.mp4,134.818,144.638,face_density_low,,cutfix_full_tier1_20260729_01,tier1
jtxzzbPQFJM,jtxzzbPQFJM.mp4,148.834,153.834,face_density_low,,cutfix_full_tier1_20260729_01,tier1
jtxzzbPQFJM,jtxzzbPQFJM.mp4,152.834,157.834,face_density_low,,cutfix_full_tier1_20260729_01,tier1
jtxzzbPQFJM,jtxzzbPQFJM.mp4,156.834,161.834,face_density_low,,cutfix_full_tier1_20260729_01,tier1
jtxzzbPQFJM,jtxzzbPQFJM.mp4,160.834,165.834,face_density_low,,cutfix_full_tier1_20260729_01,tier1
jtxzzbPQFJM,jtxzzbPQFJM.mp4,164.834,169.834,face_density_low,,cutfix_full_tier1_20260729_01,tier1
jtxzzbPQFJM,jtxzzbPQFJM.mp4,168.834,173.834,scene_cut_detected,,cutfix_full_tier1_20260729_01,tier1
jtxzzbPQFJM,jtxzzbPQFJM.mp4,172.834,177.834,face_density_low,,cutfix_full_tier1_20260729_01,tier1
jtxzzbPQFJM,jtxzzbPQFJM.mp4,176.834,181.834,face_density_low,,cutfix_full_tier1_20260729_01,tier1
jtxzzbPQFJM,jtxzzbPQFJM.mp4,199.33,204.33,face_density_low,,cutfix_full_tier1_20260729_01,tier1
jtxzzbPQFJM,jtxzzbPQFJM.mp4,203.33,208.33,face_density_low,,cutfix_full_tier1_20260729_01,tier1
jtxzzbPQFJM,jtxzzbPQFJM.mp4,207.33,212.33,face_density_low,,cutfix_full_tier1_20260729_01,tier1
jtxzzbPQFJM,jtxzzbPQFJM.mp4,211.33,216.33,face_density_low,,cutfix_full_tier1_20260729_01,tier1
jtxzzbPQFJM,jtxzzbPQFJM.mp4,215.33,220.33,scene_cut_detected,,cutfix_full_tier1_20260729_01,tier1
jtxzzbPQFJM,jtxzzbPQFJM.mp4,227.33,232.33,scene_cut_detected,,cutfix_full_tier1_20260729_01,tier1
jtxzzbPQFJM,jtxzzbPQFJM.mp4,231.33,236.33,scene_cut_detected,,cutfix_full_tier1_20260729_01,tier1
jtxzzbPQFJM,jtxzzbPQFJM.mp4,239.33,244.33,scene_cut_detected,,cutfix_full_tier1_20260729_01,tier1
jvfkB28zTAY,jvfkB28zTAY.mp4,18.658,19.326,segment_too_short,,cutfix_full_tier1_20260729_01,tier1
jvfkB28zTAY,jvfkB28zTAY.mp4,53.89,55.646,segment_too_short,,cutfix_full_tier1_20260729_01,tier1
jvfkB28zTAY,jvfkB28zTAY.mp4,57.762,68.766,scene_cut_detected,,cutfix_full_tier1_20260729_01,tier1
jvfkB28zTAY,jvfkB28zTAY.mp4,68.866,69.566,segment_too_short,,cutfix_full_tier1_20260729_01,tier1
jvfkB28zTAY,jvfkB28zTAY.mp4,70.274,70.91,segment_too_short,,cutfix_full_tier1_20260729_01,tier1
jvfkB28zTAY,jvfkB28zTAY.mp4,78.018,78.59,segment_too_short,,cutfix_full_tier1_20260729_01,tier1
jvfkB28zTAY,jvfkB28zTAY.mp4,82.722,83.39,segment_too_short,,cutfix_full_tier1_20260729_01,tier1
jvfkB28zTAY,jvfkB28zTAY.mp4,122.178,122.622,segment_too_short,,cutfix_full_tier1_20260729_01,tier1
jvfkB28zTAY,jvfkB28zTAY.mp4,122.85,123.774,segment_too_short,,cutfix_full_tier1_20260729_01,tier1
jvfkB28zTAY,jvfkB28zTAY.mp4,124.162,125.054,segment_too_short,,cutfix_full_tier1_20260729_01,tier1
jvfkB28zTAY,jvfkB28zTAY.mp4,125.186,126.078,segment_too_short,,cutfix_full_tier1_20260729_01,tier1
jvfkB28zTAY,jvfkB28zTAY.mp4,126.786,127.614,segment_too_short,,cutfix_full_tier1_20260729_01,tier1
jvfkB28zTAY,jvfkB28zTAY.mp4,127.874,128.67,segment_too_short,,cutfix_full_tier1_20260729_01,tier1
jvfkB28zTAY,jvfkB28zTAY.mp4,128.834,129.406,segment_too_short,,cutfix_full_tier1_20260729_01,tier1
jvfkB28zTAY,jvfkB28zTAY.mp4,129.666,130.43,segment_too_short,,cutfix_full_tier1_20260729_01,tier1
jvfkB28zTAY,jvfkB28zTAY.mp4,139.394,140.702,segment_too_short,,cutfix_full_tier1_20260729_01,tier1
jvfkB28zTAY,jvfkB28zTAY.mp4,142.882,144.67,segment_too_short,,cutfix_full_tier1_20260729_01,tier1
jvfkB28zTAY,jvfkB28zTAY.mp4,161.666,162.302,segment_too_short,,cutfix_full_tier1_20260729_01,tier1
jvfkB28zTAY,jvfkB28zTAY.mp4,178.05,179.71,segment_too_short,,cutfix_full_tier1_20260729_01,tier1
jvfkB28zTAY,jvfkB28zTAY.mp4,181.666,183.23,segment_too_short,,cutfix_full_tier1_20260729_01,tier1
jvfkB28zTAY,jvfkB28zTAY.mp4,187.49,188.414,segment_too_short,,cutfix_full_tier1_20260729_01,tier1
jvfkB28zTAY,jvfkB28zTAY.mp4,188.738,190.558,segment_too_short,,cutfix_full_tier1_20260729_01,tier1
jvfkB28zTAY,jvfkB28zTAY.mp4,201.474,203.358,segment_too_short,,cutfix_full_tier1_20260729_01,tier1
jvfkB28zTAY,jvfkB28zTAY.mp4,203.49,204.382,segment_too_short,,cutfix_full_tier1_20260729_01,tier1
jvfkB28zTAY,jvfkB28zTAY.mp4,208.13,209.854,segment_too_short,,cutfix_full_tier1_20260729_01,tier1
jvfkB28zTAY,jvfkB28zTAY.mp4,210.178,211.582,segment_too_short,,cutfix_full_tier1_20260729_01,tier1
jvfkB28zTAY,jvfkB28zTAY.mp4,217.762,218.59,segment_too_short,,cutfix_full_tier1_20260729_01,tier1
jvfkB28zTAY,jvfkB28zTAY.mp4,219.298,220.062,segment_too_short,,cutfix_full_tier1_20260729_01,tier1
jvfkB28zTAY,jvfkB28zTAY.mp4,220.29,221.47,segment_too_short,,cutfix_full_tier1_20260729_01,tier1
jvfkB28zTAY,jvfkB28zTAY.mp4,237.826,238.846,segment_too_short,,cutfix_full_tier1_20260729_01,tier1
jvfkB28zTAY,jvfkB28zTAY.mp4,239.01,240.286,segment_too_short,,cutfix_full_tier1_20260729_01,tier1
jvfkB28zTAY,jvfkB28zTAY.mp4,242.21,243.294,segment_too_short,,cutfix_full_tier1_20260729_01,tier1
jvfkB28zTAY,jvfkB28zTAY.mp4,243.458,244.094,segment_too_short,,cutfix_full_tier1_20260729_01,tier1
jvfkB28zTAY,jvfkB28zTAY.mp4,244.706,245.31,segment_too_short,,cutfix_full_tier1_20260729_01,tier1
jvfkB28zTAY,jvfkB28zTAY.mp4,245.826,247.038,segment_too_short,,cutfix_full_tier1_20260729_01,tier1
jvfkB28zTAY,jvfkB28zTAY.mp4,247.17,247.806,segment_too_short,,cutfix_full_tier1_20260729_01,tier1
jvfkB28zTAY,jvfkB28zTAY.mp4,248.066,249.278,segment_too_short,,cutfix_full_tier1_20260729_01,tier1
jvfkB28zTAY,jvfkB28zTAY.mp4,255.17,255.742,segment_too_short,,cutfix_full_tier1_20260729_01,tier1
jvfkB28zTAY,jvfkB28zTAY.mp4,256.354,257.182,segment_too_short,,cutfix_full_tier1_20260729_01,tier1
jvfkB28zTAY,jvfkB28zTAY.mp4,257.314,257.726,segment_too_short,,cutfix_full_tier1_20260729_01,tier1
jvfkB28zTAY,jvfkB28zTAY.mp4,261.474,262.878,segment_too_short,,cutfix_full_tier1_20260729_01,tier1
jvfkB28zTAY,jvfkB28zTAY.mp4,263.01,263.966,segment_too_short,,cutfix_full_tier1_20260729_01,tier1
jvfkB28zTAY,jvfkB28zTAY.mp4,267.138,268.094,segment_too_short,,cutfix_full_tier1_20260729_01,tier1
jvfkB28zTAY,jvfkB28zTAY.mp4,270.69,271.454,segment_too_short,,cutfix_full_tier1_20260729_01,tier1
jvfkB28zTAY,jvfkB28zTAY.mp4,271.65,272.254,segment_too_short,,cutfix_full_tier1_20260729_01,tier1
jvfkB28zTAY,jvfkB28zTAY.mp4,272.546,273.406,segment_too_short,,cutfix_full_tier1_20260729_01,tier1
jvfkB28zTAY,jvfkB28zTAY.mp4,286.818,287.614,segment_too_short,,cutfix_full_tier1_20260729_01,tier1
jvfkB28zTAY,jvfkB28zTAY.mp4,296.258,298.174,segment_too_short,,cutfix_full_tier1_20260729_01,tier1
jvfkB28zTAY,jvfkB28zTAY.mp4,300.802,301.822,segment_too_short,,cutfix_full_tier1_20260729_01,tier1
jvfkB28zTAY,jvfkB28zTAY.mp4,302.018,303.518,segment_too_short,,cutfix_full_tier1_20260729_01,tier1
jvfkB28zTAY,jvfkB28zTAY.mp4,311.458,312.51,segment_too_short,,cutfix_full_tier1_20260729_01,tier1
jvfkB28zTAY,jvfkB28zTAY.mp4,323.266,324.702,segment_too_short,,cutfix_full_tier1_20260729_01,tier1
jvfkB28zTAY,jvfkB28zTAY.mp4,324.994,326.686,segment_too_short,,cutfix_full_tier1_20260729_01,tier1
jvfkB28zTAY,jvfkB28zTAY.mp4,338.914,340.798,segment_too_short,,cutfix_full_tier1_20260729_01,tier1
jvfkB28zTAY,jvfkB28zTAY.mp4,343.49,345.118,segment_too_short,,cutfix_full_tier1_20260729_01,tier1
jvfkB28zTAY,jvfkB28zTAY.mp4,359.234,360.574,segment_too_short,,cutfix_full_tier1_20260729_01,tier1
jvfkB28zTAY,jvfkB28zTAY.mp4,360.994,361.854,segment_too_short,,cutfix_full_tier1_20260729_01,tier1
jvfkB28zTAY,jvfkB28zTAY.mp4,361.986,363.358,segment_too_short,,cutfix_full_tier1_20260729_01,tier1
jvfkB28zTAY,jvfkB28zTAY.mp4,363.618,363.998,segment_too_short,,cutfix_full_tier1_20260729_01,tier1
jvfkB28zTAY,jvfkB28zTAY.mp4,370.53,371.486,segment_too_short,,cutfix_full_tier1_20260729_01,tier1
jvfkB28zTAY,jvfkB28zTAY.mp4,374.05,375.742,segment_too_short,,cutfix_full_tier1_20260729_01,tier1
jvfkB28zTAY,jvfkB28zTAY.mp4,375.938,376.638,segment_too_short,,cutfix_full_tier1_20260729_01,tier1
jvfkB28zTAY,jvfkB28zTAY.mp4,388.066,388.83,segment_too_short,,cutfix_full_tier1_20260729_01,tier1
jvfkB28zTAY,jvfkB28zTAY.mp4,388.994,389.598,segment_too_short,,cutfix_full_tier1_20260729_01,tier1
jvfkB28zTAY,jvfkB28zTAY.mp4,389.954,390.942,segment_too_short,,cutfix_full_tier1_20260729_01,tier1
jvfkB28zTAY,jvfkB28zTAY.mp4,391.138,391.998,segment_too_short,,cutfix_full_tier1_20260729_01,tier1
jvfkB28zTAY,jvfkB28zTAY.mp4,405.25,405.854,segment_too_short,,cutfix_full_tier1_20260729_01,tier1
jvfkB28zTAY,jvfkB28zTAY.mp4,406.466,407.614,segment_too_short,,cutfix_full_tier1_20260729_01,tier1
jvfkB28zTAY,jvfkB28zTAY.mp4,412.418,413.022,segment_too_short,,cutfix_full_tier1_20260729_01,tier1
jvfkB28zTAY,jvfkB28zTAY.mp4,413.826,414.43,segment_too_short,,cutfix_full_tier1_20260729_01,tier1
jvfkB28zTAY,jvfkB28zTAY.mp4,443.522,444.094,segment_too_short,,cutfix_full_tier1_20260729_01,tier1
jvfkB28zTAY,jvfkB28zTAY.mp4,452.29,453.886,segment_too_short,,cutfix_full_tier1_20260729_01,tier1
jvfkB28zTAY,jvfkB28zTAY.mp4,453.986,455.39,segment_too_short,,cutfix_full_tier1_20260729_01,tier1
jvfkB28zTAY,jvfkB28zTAY.mp4,457.57,459.55,segment_too_short,,cutfix_full_tier1_20260729_01,tier1
jvfkB28zTAY,jvfkB28zTAY.mp4,460.034,461.918,segment_too_short,,cutfix_full_tier1_20260729_01,tier1
jvfkB28zTAY,jvfkB28zTAY.mp4,477.826,479.166,segment_too_short,,cutfix_full_tier1_20260729_01,tier1
jvfkB28zTAY,jvfkB28zTAY.mp4,501.922,502.942,segment_too_short,,cutfix_full_tier1_20260729_01,tier1
jvfkB28zTAY,jvfkB28zTAY.mp4,503.074,503.934,segment_too_short,,cutfix_full_tier1_20260729_01,tier1
jvfkB28zTAY,jvfkB28zTAY.mp4,504.034,504.67,segment_too_short,,cutfix_full_tier1_20260729_01,tier1
jvfkB28zTAY,jvfkB28zTAY.mp4,505.314,505.982,segment_too_short,,cutfix_full_tier1_20260729_01,tier1
jvfkB28zTAY,jvfkB28zTAY.mp4,518.53,520.318,segment_too_short,,cutfix_full_tier1_20260729_01,tier1
jvfkB28zTAY,jvfkB28zTAY.mp4,523.266,523.774,segment_too_short,,cutfix_full_tier1_20260729_01,tier1
jvfkB28zTAY,jvfkB28zTAY.mp4,530.53,531.998,segment_too_short,,cutfix_full_tier1_20260729_01,tier1
jvfkB28zTAY,jvfkB28zTAY.mp4,539.17,539.902,segment_too_short,,cutfix_full_tier1_20260729_01,tier1
jvfkB28zTAY,jvfkB28zTAY.mp4,540.002,540.99,segment_too_short,,cutfix_full_tier1_20260729_01,tier1
jvfkB28zTAY,jvfkB28zTAY.mp4,541.09,541.854,segment_too_short,,cutfix_full_tier1_20260729_01,tier1
jvfkB28zTAY,jvfkB28zTAY.mp4,544.77,546.59,segment_too_short,,cutfix_full_tier1_20260729_01,tier1
jvfkB28zTAY,jvfkB28zTAY.mp4,548.61,550.366,segment_too_short,,cutfix_full_tier1_20260729_01,tier1
jvfkB28zTAY,jvfkB28zTAY.mp4,550.466,551.198,segment_too_short,,cutfix_full_tier1_20260729_01,tier1
jvfkB28zTAY,jvfkB28zTAY.mp4,551.33,552.094,segment_too_short,,cutfix_full_tier1_20260729_01,tier1
jvfkB28zTAY,jvfkB28zTAY.mp4,561.634,562.334,segment_too_short,,cutfix_full_tier1_20260729_01,tier1
jvfkB28zTAY,jvfkB28zTAY.mp4,568.866,569.694,segment_too_short,,cutfix_full_tier1_20260729_01,tier1
jvfkB28zTAY,jvfkB28zTAY.mp4,582.37,583.998,segment_too_short,,cutfix_full_tier1_20260729_01,tier1
jvfkB28zTAY,jvfkB28zTAY.mp4,612.738,614.046,segment_too_short,,cutfix_full_tier1_20260729_01,tier1
jvfkB28zTAY,jvfkB28zTAY.mp4,629.762,630.462,segment_too_short,,cutfix_full_tier1_20260729_01,tier1
kCvam_UvzO0,kCvam_UvzO0.mp4,26.85,27.902,segment_too_short,,cutfix_full_tier1_20260729_01,tier1
kCvam_UvzO0,kCvam_UvzO0.mp4,28.13,30.814,face_density_low,,cutfix_full_tier1_20260729_01,tier1
kCvam_UvzO0,kCvam_UvzO0.mp4,31.33,34.942,face_density_low,,cutfix_full_tier1_20260729_01,tier1
kCvam_UvzO0,kCvam_UvzO0.mp4,35.234,36.606,segment_too_short,,cutfix_full_tier1_20260729_01,tier1
kCvam_UvzO0,kCvam_UvzO0.mp4,37.058,37.79,segment_too_short,,cutfix_full_tier1_20260729_01,tier1
kCvam_UvzO0,kCvam_UvzO0.mp4,38.018,39.646,segment_too_short,,cutfix_full_tier1_20260729_01,tier1
kCvam_UvzO0,kCvam_UvzO0.mp4,39.906,41.246,segment_too_short,,cutfix_full_tier1_20260729_01,tier1
kCvam_UvzO0,kCvam_UvzO0.mp4,41.666,42.334,segment_too_short,,cutfix_full_tier1_20260729_01,tier1
kCvam_UvzO0,kCvam_UvzO0.mp4,42.466,46.238,face_density_low,,cutfix_full_tier1_20260729_01,tier1
kCvam_UvzO0,kCvam_UvzO0.mp4,46.786,49.118,face_density_low,,cutfix_full_tier1_20260729_01,tier1
kCvam_UvzO0,kCvam_UvzO0.mp4,49.954,50.526,segment_too_short,,cutfix_full_tier1_20260729_01,tier1
kCvam_UvzO0,kCvam_UvzO0.mp4,50.818,52.766,segment_too_short,,cutfix_full_tier1_20260729_01,tier1
kCvam_UvzO0,kCvam_UvzO0.mp4,52.898,54.526,segment_too_short,,cutfix_full_tier1_20260729_01,tier1
kCvam_UvzO0,kCvam_UvzO0.mp4,54.946,55.998,segment_too_short,,cutfix_full_tier1_20260729_01,tier1
kCvam_UvzO0,kCvam_UvzO0.mp4,56.194,60.158,face_density_low,,cutfix_full_tier1_20260729_01,tier1
kCvam_UvzO0,kCvam_UvzO0.mp4,61.154,62.494,segment_too_short,,cutfix_full_tier1_20260729_01,tier1
kCvam_UvzO0,kCvam_UvzO0.mp4,62.594,64.862,face_density_low,,cutfix_full_tier1_20260729_01,tier1
kCvam_UvzO0,kCvam_UvzO0.mp4,70.658,71.774,segment_too_short,,cutfix_full_tier1_20260729_01,tier1
kCvam_UvzO0,kCvam_UvzO0.mp4,72.162,72.926,segment_too_short,,cutfix_full_tier1_20260729_01,tier1
kCvam_UvzO0,kCvam_UvzO0.mp4,73.186,76.126,face_density_low,,cutfix_full_tier1_20260729_01,tier1
kCvam_UvzO0,kCvam_UvzO0.mp4,76.258,77.598,segment_too_short,,cutfix_full_tier1_20260729_01,tier1
kCvam_UvzO0,kCvam_UvzO0.mp4,77.986,80.158,face_density_low,,cutfix_full_tier1_20260729_01,tier1
kCvam_UvzO0,kCvam_UvzO0.mp4,80.514,84.286,face_density_low,,cutfix_full_tier1_20260729_01,tier1
kCvam_UvzO0,kCvam_UvzO0.mp4,85.058,87.422,face_density_low,,cutfix_full_tier1_20260729_01,tier1
kCvam_UvzO0,kCvam_UvzO0.mp4,87.746,88.926,segment_too_short,,cutfix_full_tier1_20260729_01,tier1
kCvam_UvzO0,kCvam_UvzO0.mp4,89.09,91.134,face_density_low,,cutfix_full_tier1_20260729_01,tier1
kCvam_UvzO0,kCvam_UvzO0.mp4,91.874,93.566,segment_too_short,,cutfix_full_tier1_20260729_01,tier1
kCvam_UvzO0,kCvam_UvzO0.mp4,93.954,94.43,segment_too_short,,cutfix_full_tier1_20260729_01,tier1
kCvam_UvzO0,kCvam_UvzO0.mp4,94.882,95.582,segment_too_short,,cutfix_full_tier1_20260729_01,tier1
kCvam_UvzO0,kCvam_UvzO0.mp4,95.746,97.63,segment_too_short,,cutfix_full_tier1_20260729_01,tier1
kCvam_UvzO0,kCvam_UvzO0.mp4,97.826,98.846,segment_too_short,,cutfix_full_tier1_20260729_01,tier1
kCvam_UvzO0,kCvam_UvzO0.mp4,99.266,99.87,segment_too_short,,cutfix_full_tier1_20260729_01,tier1
kCvam_UvzO0,kCvam_UvzO0.mp4,102.69,105.982,scene_cut_detected,,cutfix_full_tier1_20260729_01,tier1
kCvam_UvzO0,kCvam_UvzO0.mp4,106.178,107.902,segment_too_short,,cutfix_full_tier1_20260729_01,tier1
kCvam_UvzO0,kCvam_UvzO0.mp4,108.354,110.878,face_density_low,,cutfix_full_tier1_20260729_01,tier1
kCvam_UvzO0,kCvam_UvzO0.mp4,111.138,111.774,segment_too_short,,cutfix_full_tier1_20260729_01,tier1
kCvam_UvzO0,kCvam_UvzO0.mp4,111.938,116.702,face_density_low,,cutfix_full_tier1_20260729_01,tier1
kCvam_UvzO0,kCvam_UvzO0.mp4,117.314,117.95,segment_too_short,,cutfix_full_tier1_20260729_01,tier1
kCvam_UvzO0,kCvam_UvzO0.mp4,118.082,121.086,face_density_low,,cutfix_full_tier1_20260729_01,tier1
kCvam_UvzO0,kCvam_UvzO0.mp4,121.762,122.942,segment_too_short,,cutfix_full_tier1_20260729_01,tier1
kCvam_UvzO0,kCvam_UvzO0.mp4,123.426,125.214,segment_too_short,,cutfix_full_tier1_20260729_01,tier1
kCvam_UvzO0,kCvam_UvzO0.mp4,125.634,126.942,segment_too_short,,cutfix_full_tier1_20260729_01,tier1
kCvam_UvzO0,kCvam_UvzO0.mp4,127.106,129.054,segment_too_short,,cutfix_full_tier1_20260729_01,tier1
kCvam_UvzO0,kCvam_UvzO0.mp4,129.57,130.27,segment_too_short,,cutfix_full_tier1_20260729_01,tier1
kCvam_UvzO0,kCvam_UvzO0.mp4,131.01,132.126,segment_too_short,,cutfix_full_tier1_20260729_01,tier1
kCvam_UvzO0,kCvam_UvzO0.mp4,132.29,133.854,segment_too_short,,cutfix_full_tier1_20260729_01,tier1
kCvam_UvzO0,kCvam_UvzO0.mp4,134.434,137.822,face_density_low,,cutfix_full_tier1_20260729_01,tier1
kCvam_UvzO0,kCvam_UvzO0.mp4,138.242,139.198,segment_too_short,,cutfix_full_tier1_20260729_01,tier1
kCvam_UvzO0,kCvam_UvzO0.mp4,139.33,140.062,segment_too_short,,cutfix_full_tier1_20260729_01,tier1
kCvam_UvzO0,kCvam_UvzO0.mp4,140.834,142.142,segment_too_short,,cutfix_full_tier1_20260729_01,tier1
kCvam_UvzO0,kCvam_UvzO0.mp4,142.274,143.966,segment_too_short,,cutfix_full_tier1_20260729_01,tier1
kCvam_UvzO0,kCvam_UvzO0.mp4,144.322,145.374,segment_too_short,,cutfix_full_tier1_20260729_01,tier1
kCvam_UvzO0,kCvam_UvzO0.mp4,146.178,149.63,face_density_low,,cutfix_full_tier1_20260729_01,tier1
kCvam_UvzO0,kCvam_UvzO0.mp4,150.178,150.718,segment_too_short,,cutfix_full_tier1_20260729_01,tier1
kCvam_UvzO0,kCvam_UvzO0.mp4,151.586,152.222,segment_too_short,,cutfix_full_tier1_20260729_01,tier1
kCvam_UvzO0,kCvam_UvzO0.mp4,154.658,157.662,face_density_low,,cutfix_full_tier1_20260729_01,tier1
kCvam_UvzO0,kCvam_UvzO0.mp4,157.954,159.39,segment_too_short,,cutfix_full_tier1_20260729_01,tier1
kCvam_UvzO0,kCvam_UvzO0.mp4,160.418,161.406,segment_too_short,,cutfix_full_tier1_20260729_01,tier1
kCvam_UvzO0,kCvam_UvzO0.mp4,162.178,162.59,segment_too_short,,cutfix_full_tier1_20260729_01,tier1
kCvam_UvzO0,kCvam_UvzO0.mp4,168.61,169.406,segment_too_short,,cutfix_full_tier1_20260729_01,tier1
kCvam_UvzO0,kCvam_UvzO0.mp4,169.506,170.43,segment_too_short,,cutfix_full_tier1_20260729_01,tier1
kCvam_UvzO0,kCvam_UvzO0.mp4,174.914,175.998,segment_too_short,,cutfix_full_tier1_20260729_01,tier1
kCvam_UvzO0,kCvam_UvzO0.mp4,176.194,179.678,face_density_low,,cutfix_full_tier1_20260729_01,tier1
kCvam_UvzO0,kCvam_UvzO0.mp4,180.066,181.15,segment_too_short,,cutfix_full_tier1_20260729_01,tier1
kCvam_UvzO0,kCvam_UvzO0.mp4,182.178,185.854,face_density_low,,cutfix_full_tier1_20260729_01,tier1
kCvam_UvzO0,kCvam_UvzO0.mp4,185.954,187.742,segment_too_short,,cutfix_full_tier1_20260729_01,tier1
kCvam_UvzO0,kCvam_UvzO0.mp4,188.322,191.486,face_density_low,,cutfix_full_tier1_20260729_01,tier1
kCvam_UvzO0,kCvam_UvzO0.mp4,195.106,199.902,face_density_low,,cutfix_full_tier1_20260729_01,tier1
kCvam_UvzO0,kCvam_UvzO0.mp4,200.258,200.67,segment_too_short,,cutfix_full_tier1_20260729_01,tier1
kCvam_UvzO0,kCvam_UvzO0.mp4,204.322,206.366,scene_cut_detected,,cutfix_full_tier1_20260729_01,tier1
kCvam_UvzO0,kCvam_UvzO0.mp4,206.562,207.582,segment_too_short,,cutfix_full_tier1_20260729_01,tier1
kCvam_UvzO0,kCvam_UvzO0.mp4,207.874,211.582,face_density_low,,cutfix_full_tier1_20260729_01,tier1
kCvam_UvzO0,kCvam_UvzO0.mp4,211.938,213.246,segment_too_short,,cutfix_full_tier1_20260729_01,tier1
kCvam_UvzO0,kCvam_UvzO0.mp4,213.346,215.998,face_density_low,,cutfix_full_tier1_20260729_01,tier1
kCvam_UvzO0,kCvam_UvzO0.mp4,217.666,219.902,scene_cut_detected,,cutfix_full_tier1_20260729_01,tier1
kCvam_UvzO0,kCvam_UvzO0.mp4,220.002,220.99,segment_too_short,,cutfix_full_tier1_20260729_01,tier1
kCvam_UvzO0,kCvam_UvzO0.mp4,221.666,224.51,face_density_low,,cutfix_full_tier1_20260729_01,tier1
kCvam_UvzO0,kCvam_UvzO0.mp4,224.738,227.07,face_density_low,,cutfix_full_tier1_20260729_01,tier1
kCvam_UvzO0,kCvam_UvzO0.mp4,227.202,228.702,segment_too_short,,cutfix_full_tier1_20260729_01,tier1
kCvam_UvzO0,kCvam_UvzO0.mp4,229.25,232.606,face_density_low,,cutfix_full_tier1_20260729_01,tier1
kCvam_UvzO0,kCvam_UvzO0.mp4,232.962,233.694,segment_too_short,,cutfix_full_tier1_20260729_01,tier1
kCvam_UvzO0,kCvam_UvzO0.mp4,234.082,235.39,segment_too_short,,cutfix_full_tier1_20260729_01,tier1
kCvam_UvzO0,kCvam_UvzO0.mp4,235.618,239.358,face_density_low,,cutfix_full_tier1_20260729_01,tier1
kCvam_UvzO0,kCvam_UvzO0.mp4,239.874,240.286,segment_too_short,,cutfix_full_tier1_20260729_01,tier1
kCvam_UvzO0,kCvam_UvzO0.mp4,241.506,244.222,face_density_low,,cutfix_full_tier1_20260729_01,tier1
kCvam_UvzO0,kCvam_UvzO0.mp4,244.706,247.134,face_density_low,,cutfix_full_tier1_20260729_01,tier1
kCvam_UvzO0,kCvam_UvzO0.mp4,247.362,248.638,segment_too_short,,cutfix_full_tier1_20260729_01,tier1
kCvam_UvzO0,kCvam_UvzO0.mp4,248.994,250.206,segment_too_short,,cutfix_full_tier1_20260729_01,tier1
kCvam_UvzO0,kCvam_UvzO0.mp4,250.402,252.67,face_density_low,,cutfix_full_tier1_20260729_01,tier1
kCvam_UvzO0,kCvam_UvzO0.mp4,253.058,253.758,segment_too_short,,cutfix_full_tier1_20260729_01,tier1
kCvam_UvzO0,kCvam_UvzO0.mp4,254.114,255.07,segment_too_short,,cutfix_full_tier1_20260729_01,tier1
kCvam_UvzO0,kCvam_UvzO0.mp4,255.522,256.318,segment_too_short,,cutfix_full_tier1_20260729_01,tier1
kCvam_UvzO0,kCvam_UvzO0.mp4,256.834,257.854,segment_too_short,,cutfix_full_tier1_20260729_01,tier1
kCvam_UvzO0,kCvam_UvzO0.mp4,258.434,258.814,segment_too_short,,cutfix_full_tier1_20260729_01,tier1
kCvam_UvzO0,kCvam_UvzO0.mp4,259.202,260.19,segment_too_short,,cutfix_full_tier1_20260729_01,tier1
kCvam_UvzO0,kCvam_UvzO0.mp4,260.418,262.494,face_density_low,,cutfix_full_tier1_20260729_01,tier1
kCvam_UvzO0,kCvam_UvzO0.mp4,263.65,266.814,face_density_low,,cutfix_full_tier1_20260729_01,tier1
kCvam_UvzO0,kCvam_UvzO0.mp4,267.106,268.734,segment_too_short,,cutfix_full_tier1_20260729_01,tier1
kCvam_UvzO0,kCvam_UvzO0.mp4,272.098,275.07,face_density_low,,cutfix_full_tier1_20260729_01,tier1
kCvam_UvzO0,kCvam_UvzO0.mp4,275.554,277.374,segment_too_short,,cutfix_full_tier1_20260729_01,tier1
kCvam_UvzO0,kCvam_UvzO0.mp4,277.538,281.278,face_density_low,,cutfix_full_tier1_20260729_01,tier1
kCvam_UvzO0,kCvam_UvzO0.mp4,281.538,282.334,segment_too_short,,cutfix_full_tier1_20260729_01,tier1
kCvam_UvzO0,kCvam_UvzO0.mp4,282.754,286.238,face_density_low,,cutfix_full_tier1_20260729_01,tier1
kCvam_UvzO0,kCvam_UvzO0.mp4,286.754,288.926,face_density_low,,cutfix_full_tier1_20260729_01,tier1
kCvam_UvzO0,kCvam_UvzO0.mp4,289.602,290.174,segment_too_short,,cutfix_full_tier1_20260729_01,tier1
kCvam_UvzO0,kCvam_UvzO0.mp4,290.498,291.102,segment_too_short,,cutfix_full_tier1_20260729_01,tier1
kCvam_UvzO0,kCvam_UvzO0.mp4,291.554,292.414,segment_too_short,,cutfix_full_tier1_20260729_01,tier1
kCvam_UvzO0,kCvam_UvzO0.mp4,292.514,293.438,segment_too_short,,cutfix_full_tier1_20260729_01,tier1
kCvam_UvzO0,kCvam_UvzO0.mp4,293.986,296.19,face_density_low,,cutfix_full_tier1_20260729_01,tier1
kCvam_UvzO0,kCvam_UvzO0.mp4,296.706,297.822,segment_too_short,,cutfix_full_tier1_20260729_01,tier1
kCvam_UvzO0,kCvam_UvzO0.mp4,299.042,300.254,segment_too_short,,cutfix_full_tier1_20260729_01,tier1
kCvam_UvzO0,kCvam_UvzO0.mp4,300.546,302.302,segment_too_short,,cutfix_full_tier1_20260729_01,tier1
kCvam_UvzO0,kCvam_UvzO0.mp4,302.53,304.19,segment_too_short,,cutfix_full_tier1_20260729_01,tier1
kCvam_UvzO0,kCvam_UvzO0.mp4,304.322,305.182,segment_too_short,,cutfix_full_tier1_20260729_01,tier1
kCvam_UvzO0,kCvam_UvzO0.mp4,305.474,307.166,segment_too_short,,cutfix_full_tier1_20260729_01,tier1
kCvam_UvzO0,kCvam_UvzO0.mp4,307.842,308.51,segment_too_short,,cutfix_full_tier1_20260729_01,tier1
kCvam_UvzO0,kCvam_UvzO0.mp4,309.73,311.55,segment_too_short,,cutfix_full_tier1_20260729_01,tier1
kCvam_UvzO0,kCvam_UvzO0.mp4,311.81,312.862,segment_too_short,,cutfix_full_tier1_20260729_01,tier1
kCvam_UvzO0,kCvam_UvzO0.mp4,313.09,314.142,segment_too_short,,cutfix_full_tier1_20260729_01,tier1
kCvam_UvzO0,kCvam_UvzO0.mp4,315.522,318.206,face_density_low,,cutfix_full_tier1_20260729_01,tier1
kCvam_UvzO0,kCvam_UvzO0.mp4,319.362,320.51,segment_too_short,,cutfix_full_tier1_20260729_01,tier1
kCvam_UvzO0,kCvam_UvzO0.mp4,320.77,321.342,segment_too_short,,cutfix_full_tier1_20260729_01,tier1
kCvam_UvzO0,kCvam_UvzO0.mp4,321.89,322.91,segment_too_short,,cutfix_full_tier1_20260729_01,tier1
kCvam_UvzO0,kCvam_UvzO0.mp4,323.106,324.67,segment_too_short,,cutfix_full_tier1_20260729_01,tier1
kCvam_UvzO0,kCvam_UvzO0.mp4,326.338,326.878,segment_too_short,,cutfix_full_tier1_20260729_01,tier1
kCvam_UvzO0,kCvam_UvzO0.mp4,327.842,328.734,segment_too_short,,cutfix_full_tier1_20260729_01,tier1
kCvam_UvzO0,kCvam_UvzO0.mp4,328.866,329.886,segment_too_short,,cutfix_full_tier1_20260729_01,tier1
kCvam_UvzO0,kCvam_UvzO0.mp4,330.562,332.926,face_density_low,,cutfix_full_tier1_20260729_01,tier1
kCvam_UvzO0,kCvam_UvzO0.mp4,334.018,334.91,segment_too_short,,cutfix_full_tier1_20260729_01,tier1
kCvam_UvzO0,kCvam_UvzO0.mp4,335.074,335.806,segment_too_short,,cutfix_full_tier1_20260729_01,tier1
kCvam_UvzO0,kCvam_UvzO0.mp4,336.45,339.006,face_density_low,,cutfix_full_tier1_20260729_01,tier1
kCvam_UvzO0,kCvam_UvzO0.mp4,339.458,340.478,segment_too_short,,cutfix_full_tier1_20260729_01,tier1
kCvam_UvzO0,kCvam_UvzO0.mp4,341.474,342.526,segment_too_short,,cutfix_full_tier1_20260729_01,tier1
kCvam_UvzO0,kCvam_UvzO0.mp4,348.194,350.974,face_density_low,,cutfix_full_tier1_20260729_01,tier1
kCvam_UvzO0,kCvam_UvzO0.mp4,351.362,354.206,face_density_low,,cutfix_full_tier1_20260729_01,tier1
kCvam_UvzO0,kCvam_UvzO0.mp4,355.01,360.286,face_density_low,,cutfix_full_tier1_20260729_01,tier1
kCvam_UvzO0,kCvam_UvzO0.mp4,360.418,361.758,segment_too_short,,cutfix_full_tier1_20260729_01,tier1
kCvam_UvzO0,kCvam_UvzO0.mp4,361.858,362.494,segment_too_short,,cutfix_full_tier1_20260729_01,tier1
kCvam_UvzO0,kCvam_UvzO0.mp4,362.946,363.646,segment_too_short,,cutfix_full_tier1_20260729_01,tier1
kCvam_UvzO0,kCvam_UvzO0.mp4,364.418,365.886,segment_too_short,,cutfix_full_tier1_20260729_01,tier1
kCvam_UvzO0,kCvam_UvzO0.mp4,366.466,369.374,face_density_low,,cutfix_full_tier1_20260729_01,tier1
kCvam_UvzO0,kCvam_UvzO0.mp4,369.858,371.742,segment_too_short,,cutfix_full_tier1_20260729_01,tier1
kCvam_UvzO0,kCvam_UvzO0.mp4,372.194,374.494,face_density_low,,cutfix_full_tier1_20260729_01,tier1
kCvam_UvzO0,kCvam_UvzO0.mp4,374.594,376.222,segment_too_short,,cutfix_full_tier1_20260729_01,tier1
kCvam_UvzO0,kCvam_UvzO0.mp4,376.61,377.63,segment_too_short,,cutfix_full_tier1_20260729_01,tier1
kCvam_UvzO0,kCvam_UvzO0.mp4,379.554,380.03,segment_too_short,,cutfix_full_tier1_20260729_01,tier1
kCvam_UvzO0,kCvam_UvzO0.mp4,380.738,381.598,segment_too_short,,cutfix_full_tier1_20260729_01,tier1
kCvam_UvzO0,kCvam_UvzO0.mp4,383.074,384.19,segment_too_short,,cutfix_full_tier1_20260729_01,tier1
kCvam_UvzO0,kCvam_UvzO0.mp4,384.418,386.206,segment_too_short,,cutfix_full_tier1_20260729_01,tier1
kCvam_UvzO0,kCvam_UvzO0.mp4,387.33,387.806,segment_too_short,,cutfix_full_tier1_20260729_01,tier1
kCvam_UvzO0,kCvam_UvzO0.mp4,388.002,388.83,segment_too_short,,cutfix_full_tier1_20260729_01,tier1
kCvam_UvzO0,kCvam_UvzO0.mp4,389.474,391.006,segment_too_short,,cutfix_full_tier1_20260729_01,tier1
kCvam_UvzO0,kCvam_UvzO0.mp4,391.81,393.278,segment_too_short,,cutfix_full_tier1_20260729_01,tier1
kCvam_UvzO0,kCvam_UvzO0.mp4,394.146,397.758,face_density_low,,cutfix_full_tier1_20260729_01,tier1
kCvam_UvzO0,kCvam_UvzO0.mp4,399.65,401.406,segment_too_short,,cutfix_full_tier1_20260729_01,tier1
kCvam_UvzO0,kCvam_UvzO0.mp4,401.506,403.262,segment_too_short,,cutfix_full_tier1_20260729_01,tier1
kCvam_UvzO0,kCvam_UvzO0.mp4,403.81,405.246,segment_too_short,,cutfix_full_tier1_20260729_01,tier1
kCvam_UvzO0,kCvam_UvzO0.mp4,406.53,407.262,segment_too_short,,cutfix_full_tier1_20260729_01,tier1
kCvam_UvzO0,kCvam_UvzO0.mp4,408.098,409.662,segment_too_short,,cutfix_full_tier1_20260729_01,tier1
kCvam_UvzO0,kCvam_UvzO0.mp4,409.922,410.878,segment_too_short,,cutfix_full_tier1_20260729_01,tier1
kCvam_UvzO0,kCvam_UvzO0.mp4,411.042,414.238,face_density_low,,cutfix_full_tier1_20260729_01,tier1
kCvam_UvzO0,kCvam_UvzO0.mp4,415.842,416.19,segment_too_short,,cutfix_full_tier1_20260729_01,tier1
kCvam_UvzO0,kCvam_UvzO0.mp4,418.082,419.742,segment_too_short,,cutfix_full_tier1_20260729_01,tier1
kCvam_UvzO0,kCvam_UvzO0.mp4,420.226,421.758,segment_too_short,,cutfix_full_tier1_20260729_01,tier1
kCvam_UvzO0,kCvam_UvzO0.mp4,422.306,422.942,segment_too_short,,cutfix_full_tier1_20260729_01,tier1
kCvam_UvzO0,kCvam_UvzO0.mp4,423.202,424.318,segment_too_short,,cutfix_full_tier1_20260729_01,tier1
kCvam_UvzO0,kCvam_UvzO0.mp4,425.858,426.366,segment_too_short,,cutfix_full_tier1_20260729_01,tier1
kCvam_UvzO0,kCvam_UvzO0.mp4,435.01,435.39,segment_too_short,,cutfix_full_tier1_20260729_01,tier1
kCvam_UvzO0,kCvam_UvzO0.mp4,436.162,436.83,segment_too_short,,cutfix_full_tier1_20260729_01,tier1
kCvam_UvzO0,kCvam_UvzO0.mp4,437.89,440.094,face_density_low,,cutfix_full_tier1_20260729_01,tier1
kCvam_UvzO0,kCvam_UvzO0.mp4,441.474,442.462,segment_too_short,,cutfix_full_tier1_20260729_01,tier1
kCvam_UvzO0,kCvam_UvzO0.mp4,442.626,445.182,face_density_low,,cutfix_full_tier1_20260729_01,tier1
kCvam_UvzO0,kCvam_UvzO0.mp4,445.506,445.982,segment_too_short,,cutfix_full_tier1_20260729_01,tier1
kCvam_UvzO0,kCvam_UvzO0.mp4,446.626,448.478,segment_too_short,,cutfix_full_tier1_20260729_01,tier1
kCvam_UvzO0,kCvam_UvzO0.mp4,448.642,450.334,segment_too_short,,cutfix_full_tier1_20260729_01,tier1
kCvam_UvzO0,kCvam_UvzO0.mp4,450.498,452.798,face_density_low,,cutfix_full_tier1_20260729_01,tier1
kCvam_UvzO0,kCvam_UvzO0.mp4,461.314,462.302,segment_too_short,,cutfix_full_tier1_20260729_01,tier1
kCvam_UvzO0,kCvam_UvzO0.mp4,462.786,464.03,segment_too_short,,cutfix_full_tier1_20260729_01,tier1
kCvam_UvzO0,kCvam_UvzO0.mp4,467.074,467.518,segment_too_short,,cutfix_full_tier1_20260729_01,tier1
kCvam_UvzO0,kCvam_UvzO0.mp4,467.874,468.638,segment_too_short,,cutfix_full_tier1_20260729_01,tier1
kCvam_UvzO0,kCvam_UvzO0.mp4,469.09,469.534,segment_too_short,,cutfix_full_tier1_20260729_01,tier1
kCvam_UvzO0,kCvam_UvzO0.mp4,469.826,470.782,segment_too_short,,cutfix_full_tier1_20260729_01,tier1
kCvam_UvzO0,kCvam_UvzO0.mp4,471.81,472.766,segment_too_short,,cutfix_full_tier1_20260729_01,tier1
kCvam_UvzO0,kCvam_UvzO0.mp4,473.282,473.854,segment_too_short,,cutfix_full_tier1_20260729_01,tier1
kCvam_UvzO0,kCvam_UvzO0.mp4,474.274,474.846,segment_too_short,,cutfix_full_tier1_20260729_01,tier1
kCvam_UvzO0,kCvam_UvzO0.mp4,475.586,476.094,segment_too_short,,cutfix_full_tier1_20260729_01,tier1
kCvam_UvzO0,kCvam_UvzO0.mp4,480.386,482.718,face_density_low,,cutfix_full_tier1_20260729_01,tier1
kCvam_UvzO0,kCvam_UvzO0.mp4,483.01,484.798,segment_too_short,,cutfix_full_tier1_20260729_01,tier1
kCvam_UvzO0,kCvam_UvzO0.mp4,485.794,487.422,segment_too_short,,cutfix_full_tier1_20260729_01,tier1
kCvam_UvzO0,kCvam_UvzO0.mp4,487.586,488.638,segment_too_short,,cutfix_full_tier1_20260729_01,tier1
kCvam_UvzO0,kCvam_UvzO0.mp4,488.994,490.174,segment_too_short,,cutfix_full_tier1_20260729_01,tier1
kCvam_UvzO0,kCvam_UvzO0.mp4,490.434,491.262,segment_too_short,,cutfix_full_tier1_20260729_01,tier1
kCvam_UvzO0,kCvam_UvzO0.mp4,491.874,492.67,segment_too_short,,cutfix_full_tier1_20260729_01,tier1
kCvam_UvzO0,kCvam_UvzO0.mp4,493.826,494.59,segment_too_short,,cutfix_full_tier1_20260729_01,tier1
kCvam_UvzO0,kCvam_UvzO0.mp4,494.69,496.222,segment_too_short,,cutfix_full_tier1_20260729_01,tier1
kCvam_UvzO0,kCvam_UvzO0.mp4,496.738,498.942,face_density_low,,cutfix_full_tier1_20260729_01,tier1
kCvam_UvzO0,kCvam_UvzO0.mp4,499.298,501.15,segment_too_short,,cutfix_full_tier1_20260729_01,tier1
kCvam_UvzO0,kCvam_UvzO0.mp4,508.034,509.918,segment_too_short,,cutfix_full_tier1_20260729_01,tier1
kCvam_UvzO0,kCvam_UvzO0.mp4,510.69,512.35,segment_too_short,,cutfix_full_tier1_20260729_01,tier1
kCvam_UvzO0,kCvam_UvzO0.mp4,514.37,515.646,segment_too_short,,cutfix_full_tier1_20260729_01,tier1
kCvam_UvzO0,kCvam_UvzO0.mp4,515.81,516.99,segment_too_short,,cutfix_full_tier1_20260729_01,tier1
kCvam_UvzO0,kCvam_UvzO0.mp4,517.314,518.014,segment_too_short,,cutfix_full_tier1_20260729_01,tier1
kCvam_UvzO0,kCvam_UvzO0.mp4,518.306,519.934,segment_too_short,,cutfix_full_tier1_20260729_01,tier1
kCvam_UvzO0,kCvam_UvzO0.mp4,520.386,521.15,segment_too_short,,cutfix_full_tier1_20260729_01,tier1
kCvam_UvzO0,kCvam_UvzO0.mp4,523.49,525.63,face_density_low,,cutfix_full_tier1_20260729_01,tier1
kCvam_UvzO0,kCvam_UvzO0.mp4,527.682,529.502,segment_too_short,,cutfix_full_tier1_20260729_01,tier1
kCvam_UvzO0,kCvam_UvzO0.mp4,529.602,532.446,face_density_low,,cutfix_full_tier1_20260729_01,tier1
kCvam_UvzO0,kCvam_UvzO0.mp4,533.154,534.43,segment_too_short,,cutfix_full_tier1_20260729_01,tier1
kCvam_UvzO0,kCvam_UvzO0.mp4,535.33,535.934,segment_too_short,,cutfix_full_tier1_20260729_01,tier1
kCvam_UvzO0,kCvam_UvzO0.mp4,536.482,541.726,scene_cut_detected,,cutfix_full_tier1_20260729_01,tier1
kCvam_UvzO0,kCvam_UvzO0.mp4,543.778,545.246,segment_too_short,,cutfix_full_tier1_20260729_01,tier1
kCvam_UvzO0,kCvam_UvzO0.mp4,546.146,548.222,face_density_low,,cutfix_full_tier1_20260729_01,tier1
kCvam_UvzO0,kCvam_UvzO0.mp4,548.322,548.99,segment_too_short,,cutfix_full_tier1_20260729_01,tier1
kCvam_UvzO0,kCvam_UvzO0.mp4,551.586,551.998,segment_too_short,,cutfix_full_tier1_20260729_01,tier1
kCvam_UvzO0,kCvam_UvzO0.mp4,554.146,554.654,segment_too_short,,cutfix_full_tier1_20260729_01,tier1
kCvam_UvzO0,kCvam_UvzO0.mp4,558.69,560.35,segment_too_short,,cutfix_full_tier1_20260729_01,tier1
kCvam_UvzO0,kCvam_UvzO0.mp4,561.506,562.302,segment_too_short,,cutfix_full_tier1_20260729_01,tier1
kCvam_UvzO0,kCvam_UvzO0.mp4,562.594,564.382,segment_too_short,,cutfix_full_tier1_20260729_01,tier1
kCvam_UvzO0,kCvam_UvzO0.mp4,566.402,568.99,face_density_low,,cutfix_full_tier1_20260729_01,tier1
kCvam_UvzO0,kCvam_UvzO0.mp4,569.474,570.526,segment_too_short,,cutfix_full_tier1_20260729_01,tier1
kCvam_UvzO0,kCvam_UvzO0.mp4,570.786,574.11,face_density_low,,cutfix_full_tier1_20260729_01,tier1
kCvam_UvzO0,kCvam_UvzO0.mp4,574.402,575.742,segment_too_short,,cutfix_full_tier1_20260729_01,tier1
kCvam_UvzO0,kCvam_UvzO0.mp4,576.29,578.75,face_density_low,,cutfix_full_tier1_20260729_01,tier1
kCvam_UvzO0,kCvam_UvzO0.mp4,579.01,579.806,segment_too_short,,cutfix_full_tier1_20260729_01,tier1
kCvam_UvzO0,kCvam_UvzO0.mp4,580.61,583.742,face_density_low,,cutfix_full_tier1_20260729_01,tier1
kCvam_UvzO0,kCvam_UvzO0.mp4,584.034,584.574,segment_too_short,,cutfix_full_tier1_20260729_01,tier1
kCvam_UvzO0,kCvam_UvzO0.mp4,585.122,588.958,face_density_low,,cutfix_full_tier1_20260729_01,tier1
kCvam_UvzO0,kCvam_UvzO0.mp4,589.346,590.782,segment_too_short,,cutfix_full_tier1_20260729_01,tier1
kCvam_UvzO0,kCvam_UvzO0.mp4,592.162,594.078,segment_too_short,,cutfix_full_tier1_20260729_01,tier1
kCvam_UvzO0,kCvam_UvzO0.mp4,594.21,594.814,segment_too_short,,cutfix_full_tier1_20260729_01,tier1
kCvam_UvzO0,kCvam_UvzO0.mp4,595.49,596.83,segment_too_short,,cutfix_full_tier1_20260729_01,tier1
kCvam_UvzO0,kCvam_UvzO0.mp4,597.73,600.126,face_density_low,,cutfix_full_tier1_20260729_01,tier1
kCvam_UvzO0,kCvam_UvzO0.mp4,600.258,600.926,segment_too_short,,cutfix_full_tier1_20260729_01,tier1
kCvam_UvzO0,kCvam_UvzO0.mp4,601.794,605.086,face_density_low,,cutfix_full_tier1_20260729_01,tier1
kCvam_UvzO0,kCvam_UvzO0.mp4,605.57,606.462,segment_too_short,,cutfix_full_tier1_20260729_01,tier1
kEJZWaY8MGo,kEJZWaY8MGo.mp4,11.938,12.958,segment_too_short,,cutfix_full_tier1_20260729_01,tier1
kEJZWaY8MGo,kEJZWaY8MGo.mp4,20.226,21.982,segment_too_short,,cutfix_full_tier1_20260729_01,tier1
kEJZWaY8MGo,kEJZWaY8MGo.mp4,22.722,29.022,scene_cut_detected,,cutfix_full_tier1_20260729_01,tier1
kEJZWaY8MGo,kEJZWaY8MGo.mp4,30.434,33.566,scene_cut_detected,,cutfix_full_tier1_20260729_01,tier1
kEJZWaY8MGo,kEJZWaY8MGo.mp4,34.082,36.478,scene_cut_detected,,cutfix_full_tier1_20260729_01,tier1
kEJZWaY8MGo,kEJZWaY8MGo.mp4,37.058,37.374,segment_too_short,,cutfix_full_tier1_20260729_01,tier1
kEJZWaY8MGo,kEJZWaY8MGo.mp4,37.538,40.318,face_density_low,,cutfix_full_tier1_20260729_01,tier1
kEJZWaY8MGo,kEJZWaY8MGo.mp4,47.458,48.35,segment_too_short,,cutfix_full_tier1_20260729_01,tier1
kEJZWaY8MGo,kEJZWaY8MGo.mp4,60.258,62.206,segment_too_short,,cutfix_full_tier1_20260729_01,tier1
kEJZWaY8MGo,kEJZWaY8MGo.mp4,66.018,67.678,segment_too_short,,cutfix_full_tier1_20260729_01,tier1
kEJZWaY8MGo,kEJZWaY8MGo.mp4,67.874,69.054,segment_too_short,,cutfix_full_tier1_20260729_01,tier1
kEJZWaY8MGo,kEJZWaY8MGo.mp4,82.05,91.39,scene_cut_detected,,cutfix_full_tier1_20260729_01,tier1
kEJZWaY8MGo,kEJZWaY8MGo.mp4,91.714,92.254,segment_too_short,,cutfix_full_tier1_20260729_01,tier1
kEJZWaY8MGo,kEJZWaY8MGo.mp4,92.546,94.11,segment_too_short,,cutfix_full_tier1_20260729_01,tier1
kEJZWaY8MGo,kEJZWaY8MGo.mp4,94.338,100.382,face_density_low,,cutfix_full_tier1_20260729_01,tier1
kEJZWaY8MGo,kEJZWaY8MGo.mp4,100.962,101.758,segment_too_short,,cutfix_full_tier1_20260729_01,tier1
kEJZWaY8MGo,kEJZWaY8MGo.mp4,102.05,104.03,segment_too_short,,cutfix_full_tier1_20260729_01,tier1
kEJZWaY8MGo,kEJZWaY8MGo.mp4,104.194,105.918,segment_too_short,,cutfix_full_tier1_20260729_01,tier1
kEJZWaY8MGo,kEJZWaY8MGo.mp4,106.082,107.294,segment_too_short,,cutfix_full_tier1_20260729_01,tier1
kEJZWaY8MGo,kEJZWaY8MGo.mp4,110.434,111.454,segment_too_short,,cutfix_full_tier1_20260729_01,tier1
kEJZWaY8MGo,kEJZWaY8MGo.mp4,111.586,112.958,segment_too_short,,cutfix_full_tier1_20260729_01,tier1
kEJZWaY8MGo,kEJZWaY8MGo.mp4,113.186,115.486,face_density_low,,cutfix_full_tier1_20260729_01,tier1
kEJZWaY8MGo,kEJZWaY8MGo.mp4,115.618,117.886,face_density_low,,cutfix_full_tier1_20260729_01,tier1
kEJZWaY8MGo,kEJZWaY8MGo.mp4,118.402,120.19,segment_too_short,,cutfix_full_tier1_20260729_01,tier1
kEJZWaY8MGo,kEJZWaY8MGo.mp4,123.81,125.694,segment_too_short,,cutfix_full_tier1_20260729_01,tier1
kEJZWaY8MGo,kEJZWaY8MGo.mp4,125.794,127.294,segment_too_short,,cutfix_full_tier1_20260729_01,tier1
kEJZWaY8MGo,kEJZWaY8MGo.mp4,127.874,128.702,segment_too_short,,cutfix_full_tier1_20260729_01,tier1
kEJZWaY8MGo,kEJZWaY8MGo.mp4,133.954,135.774,segment_too_short,,cutfix_full_tier1_20260729_01,tier1
kEJZWaY8MGo,kEJZWaY8MGo.mp4,136.066,137.63,segment_too_short,,cutfix_full_tier1_20260729_01,tier1
kEJZWaY8MGo,kEJZWaY8MGo.mp4,137.89,138.75,segment_too_short,,cutfix_full_tier1_20260729_01,tier1
kEJZWaY8MGo,kEJZWaY8MGo.mp4,139.298,140.254,segment_too_short,,cutfix_full_tier1_20260729_01,tier1
kEJZWaY8MGo,kEJZWaY8MGo.mp4,143.938,146.846,scene_cut_detected,,cutfix_full_tier1_20260729_01,tier1
kEJZWaY8MGo,kEJZWaY8MGo.mp4,146.946,148.126,segment_too_short,,cutfix_full_tier1_20260729_01,tier1
kEJZWaY8MGo,kEJZWaY8MGo.mp4,148.226,149.982,segment_too_short,,cutfix_full_tier1_20260729_01,tier1
kEJZWaY8MGo,kEJZWaY8MGo.mp4,150.978,152.862,segment_too_short,,cutfix_full_tier1_20260729_01,tier1
kEJZWaY8MGo,kEJZWaY8MGo.mp4,155.778,157.502,segment_too_short,,cutfix_full_tier1_20260729_01,tier1
kEJZWaY8MGo,kEJZWaY8MGo.mp4,158.146,159.55,segment_too_short,,cutfix_full_tier1_20260729_01,tier1
kEJZWaY8MGo,kEJZWaY8MGo.mp4,159.746,161.182,segment_too_short,,cutfix_full_tier1_20260729_01,tier1
kEJZWaY8MGo,kEJZWaY8MGo.mp4,167.49,169.278,segment_too_short,,cutfix_full_tier1_20260729_01,tier1
kEJZWaY8MGo,kEJZWaY8MGo.mp4,173.378,174.43,segment_too_short,,cutfix_full_tier1_20260729_01,tier1
kEJZWaY8MGo,kEJZWaY8MGo.mp4,179.042,179.902,segment_too_short,,cutfix_full_tier1_20260729_01,tier1
kEJZWaY8MGo,kEJZWaY8MGo.mp4,196.354,196.926,segment_too_short,,cutfix_full_tier1_20260729_01,tier1
kEJZWaY8MGo,kEJZWaY8MGo.mp4,198.818,200.734,segment_too_short,,cutfix_full_tier1_20260729_01,tier1
kEJZWaY8MGo,kEJZWaY8MGo.mp4,215.298,216.446,segment_too_short,,cutfix_full_tier1_20260729_01,tier1
kEJZWaY8MGo,kEJZWaY8MGo.mp4,216.61,218.718,face_density_low,,cutfix_full_tier1_20260729_01,tier1
kEJZWaY8MGo,kEJZWaY8MGo.mp4,218.85,219.71,segment_too_short,,cutfix_full_tier1_20260729_01,tier1
kEJZWaY8MGo,kEJZWaY8MGo.mp4,219.906,221.342,segment_too_short,,cutfix_full_tier1_20260729_01,tier1
kEJZWaY8MGo,kEJZWaY8MGo.mp4,221.506,224.382,scene_cut_detected,,cutfix_full_tier1_20260729_01,tier1
kEJZWaY8MGo,kEJZWaY8MGo.mp4,224.546,229.598,scene_cut_detected,,cutfix_full_tier1_20260729_01,tier1
kEJZWaY8MGo,kEJZWaY8MGo.mp4,229.826,230.526,segment_too_short,,cutfix_full_tier1_20260729_01,tier1
kEJZWaY8MGo,kEJZWaY8MGo.mp4,230.69,233.438,face_density_low,,cutfix_full_tier1_20260729_01,tier1
kEJZWaY8MGo,kEJZWaY8MGo.mp4,233.762,237.534,scene_cut_detected,,cutfix_full_tier1_20260729_01,tier1
kEJZWaY8MGo,kEJZWaY8MGo.mp4,237.826,246.27,scene_cut_detected,,cutfix_full_tier1_20260729_01,tier1
kEJZWaY8MGo,kEJZWaY8MGo.mp4,246.498,247.55,segment_too_short,,cutfix_full_tier1_20260729_01,tier1
kEJZWaY8MGo,kEJZWaY8MGo.mp4,247.714,248.894,segment_too_short,,cutfix_full_tier1_20260729_01,tier1
kEJZWaY8MGo,kEJZWaY8MGo.mp4,249.346,251.518,scene_cut_detected,,cutfix_full_tier1_20260729_01,tier1
kEJZWaY8MGo,kEJZWaY8MGo.mp4,251.746,253.63,segment_too_short,,cutfix_full_tier1_20260729_01,tier1
kEJZWaY8MGo,kEJZWaY8MGo.mp4,253.986,255.55,segment_too_short,,cutfix_full_tier1_20260729_01,tier1
kEJZWaY8MGo,kEJZWaY8MGo.mp4,255.682,258.014,face_density_low,,cutfix_full_tier1_20260729_01,tier1
kEJZWaY8MGo,kEJZWaY8MGo.mp4,258.21,260.446,face_density_low,,cutfix_full_tier1_20260729_01,tier1
kEJZWaY8MGo,kEJZWaY8MGo.mp4,260.674,261.534,segment_too_short,,cutfix_full_tier1_20260729_01,tier1
kEJZWaY8MGo,kEJZWaY8MGo.mp4,261.634,269.534,scene_cut_detected,,cutfix_full_tier1_20260729_01,tier1
kEJZWaY8MGo,kEJZWaY8MGo.mp4,280.802,281.502,segment_too_short,,cutfix_full_tier1_20260729_01,tier1
kEJZWaY8MGo,kEJZWaY8MGo.mp4,286.178,287.038,segment_too_short,,cutfix_full_tier1_20260729_01,tier1
kEJZWaY8MGo,kEJZWaY8MGo.mp4,287.138,290.046,face_density_low,,cutfix_full_tier1_20260729_01,tier1
kEJZWaY8MGo,kEJZWaY8MGo.mp4,290.53,292.51,segment_too_short,,cutfix_full_tier1_20260729_01,tier1
kEJZWaY8MGo,kEJZWaY8MGo.mp4,292.61,301.918,scene_cut_detected,,cutfix_full_tier1_20260729_01,tier1
kEJZWaY8MGo,kEJZWaY8MGo.mp4,302.05,309.95,scene_cut_detected,,cutfix_full_tier1_20260729_01,tier1
kEJZWaY8MGo,kEJZWaY8MGo.mp4,310.306,316.542,scene_cut_detected,,cutfix_full_tier1_20260729_01,tier1
kEJZWaY8MGo,kEJZWaY8MGo.mp4,316.706,325.918,scene_cut_detected,,cutfix_full_tier1_20260729_01,tier1
kEJZWaY8MGo,kEJZWaY8MGo.mp4,326.242,327.71,segment_too_short,,cutfix_full_tier1_20260729_01,tier1
kEJZWaY8MGo,kEJZWaY8MGo.mp4,327.81,332.81,scene_cut_detected,,cutfix_full_tier1_20260729_01,tier1
kEJZWaY8MGo,kEJZWaY8MGo.mp4,331.81,336.81,scene_cut_detected,,cutfix_full_tier1_20260729_01,tier1
kEJZWaY8MGo,kEJZWaY8MGo.mp4,335.81,340.81,scene_cut_detected,,cutfix_full_tier1_20260729_01,tier1
kEJZWaY8MGo,kEJZWaY8MGo.mp4,341.57,346.57,scene_cut_detected,,cutfix_full_tier1_20260729_01,tier1
kEJZWaY8MGo,kEJZWaY8MGo.mp4,345.57,350.57,scene_cut_detected,,cutfix_full_tier1_20260729_01,tier1
kEJZWaY8MGo,kEJZWaY8MGo.mp4,349.57,354.57,scene_cut_detected,,cutfix_full_tier1_20260729_01,tier1
kEJZWaY8MGo,kEJZWaY8MGo.mp4,355.234,361.886,scene_cut_detected,,cutfix_full_tier1_20260729_01,tier1
kEJZWaY8MGo,kEJZWaY8MGo.mp4,362.306,367.306,scene_cut_detected,,cutfix_full_tier1_20260729_01,tier1
kEJZWaY8MGo,kEJZWaY8MGo.mp4,366.306,371.306,scene_cut_detected,,cutfix_full_tier1_20260729_01,tier1
kEJZWaY8MGo,kEJZWaY8MGo.mp4,370.306,375.306,scene_cut_detected,,cutfix_full_tier1_20260729_01,tier1
kEJZWaY8MGo,kEJZWaY8MGo.mp4,374.306,378.174,scene_cut_detected,,cutfix_full_tier1_20260729_01,tier1
kEJZWaY8MGo,kEJZWaY8MGo.mp4,378.53,380.446,segment_too_short,,cutfix_full_tier1_20260729_01,tier1
kEJZWaY8MGo,kEJZWaY8MGo.mp4,380.674,387.262,scene_cut_detected,,cutfix_full_tier1_20260729_01,tier1
kEJZWaY8MGo,kEJZWaY8MGo.mp4,387.362,391.71,face_density_low,,cutfix_full_tier1_20260729_01,tier1
kEJZWaY8MGo,kEJZWaY8MGo.mp4,391.97,397.982,scene_cut_detected,,cutfix_full_tier1_20260729_01,tier1
kEJZWaY8MGo,kEJZWaY8MGo.mp4,398.114,405.758,scene_cut_detected,,cutfix_full_tier1_20260729_01,tier1
kEJZWaY8MGo,kEJZWaY8MGo.mp4,406.466,411.466,face_density_low,,cutfix_full_tier1_20260729_01,tier1
kEJZWaY8MGo,kEJZWaY8MGo.mp4,410.466,415.466,scene_cut_detected,,cutfix_full_tier1_20260729_01,tier1
kEJZWaY8MGo,kEJZWaY8MGo.mp4,414.466,419.466,scene_cut_detected,,cutfix_full_tier1_20260729_01,tier1
kEJZWaY8MGo,kEJZWaY8MGo.mp4,418.466,421.95,scene_cut_detected,,cutfix_full_tier1_20260729_01,tier1
kEJZWaY8MGo,kEJZWaY8MGo.mp4,422.21,422.718,segment_too_short,,cutfix_full_tier1_20260729_01,tier1
kEJZWaY8MGo,kEJZWaY8MGo.mp4,425.634,426.526,segment_too_short,,cutfix_full_tier1_20260729_01,tier1
kEJZWaY8MGo,kEJZWaY8MGo.mp4,426.914,428.734,segment_too_short,,cutfix_full_tier1_20260729_01,tier1
kEJZWaY8MGo,kEJZWaY8MGo.mp4,434.05,435.038,segment_too_short,,cutfix_full_tier1_20260729_01,tier1
kEJZWaY8MGo,kEJZWaY8MGo.mp4,435.33,435.934,segment_too_short,,cutfix_full_tier1_20260729_01,tier1
kEJZWaY8MGo,kEJZWaY8MGo.mp4,440.642,450.622,scene_cut_detected,,cutfix_full_tier1_20260729_01,tier1
kEJZWaY8MGo,kEJZWaY8MGo.mp4,450.722,452.062,segment_too_short,,cutfix_full_tier1_20260729_01,tier1
kEJZWaY8MGo,kEJZWaY8MGo.mp4,452.162,455.358,face_density_low,,cutfix_full_tier1_20260729_01,tier1
kEJZWaY8MGo,kEJZWaY8MGo.mp4,455.906,457.854,segment_too_short,,cutfix_full_tier1_20260729_01,tier1
kEJZWaY8MGo,kEJZWaY8MGo.mp4,457.954,469.534,scene_cut_detected,,cutfix_full_tier1_20260729_01,tier1
kEJZWaY8MGo,kEJZWaY8MGo.mp4,470.498,473.406,scene_cut_detected,,cutfix_full_tier1_20260729_01,tier1
kEJZWaY8MGo,kEJZWaY8MGo.mp4,478.69,483.582,scene_cut_detected,,cutfix_full_tier1_20260729_01,tier1
kEJZWaY8MGo,kEJZWaY8MGo.mp4,483.874,485.31,segment_too_short,,cutfix_full_tier1_20260729_01,tier1
kEJZWaY8MGo,kEJZWaY8MGo.mp4,491.01,494.782,scene_cut_detected,,cutfix_full_tier1_20260729_01,tier1
kEJZWaY8MGo,kEJZWaY8MGo.mp4,497.986,499.838,segment_too_short,,cutfix_full_tier1_20260729_01,tier1
kEJZWaY8MGo,kEJZWaY8MGo.mp4,500.002,501.566,segment_too_short,,cutfix_full_tier1_20260729_01,tier1
kEJZWaY8MGo,kEJZWaY8MGo.mp4,501.762,503.518,segment_too_short,,cutfix_full_tier1_20260729_01,tier1
kEJZWaY8MGo,kEJZWaY8MGo.mp4,503.778,506.014,face_density_low,,cutfix_full_tier1_20260729_01,tier1
kEJZWaY8MGo,kEJZWaY8MGo.mp4,506.21,507.934,segment_too_short,,cutfix_full_tier1_20260729_01,tier1
kEJZWaY8MGo,kEJZWaY8MGo.mp4,508.098,512.798,scene_cut_detected,,cutfix_full_tier1_20260729_01,tier1
kEJZWaY8MGo,kEJZWaY8MGo.mp4,512.898,515.774,scene_cut_detected,,cutfix_full_tier1_20260729_01,tier1
kEJZWaY8MGo,kEJZWaY8MGo.mp4,515.874,518.654,scene_cut_detected,,cutfix_full_tier1_20260729_01,tier1
kEJZWaY8MGo,kEJZWaY8MGo.mp4,518.786,526.494,scene_cut_detected,,cutfix_full_tier1_20260729_01,tier1
kEJZWaY8MGo,kEJZWaY8MGo.mp4,535.746,540.35,scene_cut_detected,,cutfix_full_tier1_20260729_01,tier1
kEJZWaY8MGo,kEJZWaY8MGo.mp4,540.642,541.79,segment_too_short,,cutfix_full_tier1_20260729_01,tier1
kEJZWaY8MGo,kEJZWaY8MGo.mp4,544.962,546.654,segment_too_short,,cutfix_full_tier1_20260729_01,tier1
kEJZWaY8MGo,kEJZWaY8MGo.mp4,546.818,557.246,scene_cut_detected,,cutfix_full_tier1_20260729_01,tier1
kEJZWaY8MGo,kEJZWaY8MGo.mp4,557.794,563.134,scene_cut_detected,,cutfix_full_tier1_20260729_01,tier1
kEJZWaY8MGo,kEJZWaY8MGo.mp4,563.362,572.19,scene_cut_detected,,cutfix_full_tier1_20260729_01,tier1
kEJZWaY8MGo,kEJZWaY8MGo.mp4,580.674,582.334,segment_too_short,,cutfix_full_tier1_20260729_01,tier1
kEJZWaY8MGo,kEJZWaY8MGo.mp4,582.594,583.998,segment_too_short,,cutfix_full_tier1_20260729_01,tier1
kEJZWaY8MGo,kEJZWaY8MGo.mp4,586.562,588.382,segment_too_short,,cutfix_full_tier1_20260729_01,tier1
kEJZWaY8MGo,kEJZWaY8MGo.mp4,589.762,590.622,segment_too_short,,cutfix_full_tier1_20260729_01,tier1
kEJZWaY8MGo,kEJZWaY8MGo.mp4,590.818,592.734,segment_too_short,,cutfix_full_tier1_20260729_01,tier1
kEJZWaY8MGo,kEJZWaY8MGo.mp4,592.866,596.094,scene_cut_detected,,cutfix_full_tier1_20260729_01,tier1
kEJZWaY8MGo,kEJZWaY8MGo.mp4,596.258,596.862,segment_too_short,,cutfix_full_tier1_20260729_01,tier1
kEJZWaY8MGo,kEJZWaY8MGo.mp4,596.962,601.054,face_density_low,,cutfix_full_tier1_20260729_01,tier1
kEJZWaY8MGo,kEJZWaY8MGo.mp4,601.186,602.302,segment_too_short,,cutfix_full_tier1_20260729_01,tier1
kEJZWaY8MGo,kEJZWaY8MGo.mp4,602.658,604.062,segment_too_short,,cutfix_full_tier1_20260729_01,tier1
kEJZWaY8MGo,kEJZWaY8MGo.mp4,604.354,605.694,segment_too_short,,cutfix_full_tier1_20260729_01,tier1
kEJZWaY8MGo,kEJZWaY8MGo.mp4,605.794,607.102,segment_too_short,,cutfix_full_tier1_20260729_01,tier1
kEJZWaY8MGo,kEJZWaY8MGo.mp4,607.586,608.222,segment_too_short,,cutfix_full_tier1_20260729_01,tier1
kEJZWaY8MGo,kEJZWaY8MGo.mp4,608.482,611.23,scene_cut_detected,,cutfix_full_tier1_20260729_01,tier1
kEJZWaY8MGo,kEJZWaY8MGo.mp4,611.362,614.142,face_density_low,,cutfix_full_tier1_20260729_01,tier1
kEJZWaY8MGo,kEJZWaY8MGo.mp4,614.434,616.702,face_density_low,,cutfix_full_tier1_20260729_01,tier1
kEJZWaY8MGo,kEJZWaY8MGo.mp4,616.93,618.59,segment_too_short,,cutfix_full_tier1_20260729_01,tier1
kEJZWaY8MGo,kEJZWaY8MGo.mp4,618.882,620.574,segment_too_short,,cutfix_full_tier1_20260729_01,tier1
kEJZWaY8MGo,kEJZWaY8MGo.mp4,620.802,623.518,face_density_low,,cutfix_full_tier1_20260729_01,tier1
kEJZWaY8MGo,kEJZWaY8MGo.mp4,623.65,626.014,face_density_low,,cutfix_full_tier1_20260729_01,tier1
kEJZWaY8MGo,kEJZWaY8MGo.mp4,626.114,627.422,segment_too_short,,cutfix_full_tier1_20260729_01,tier1
kEJZWaY8MGo,kEJZWaY8MGo.mp4,627.586,630.398,face_density_low,,cutfix_full_tier1_20260729_01,tier1
kEJZWaY8MGo,kEJZWaY8MGo.mp4,630.562,631.998,segment_too_short,,cutfix_full_tier1_20260729_01,tier1
kEJZWaY8MGo,kEJZWaY8MGo.mp4,648.194,651.678,scene_cut_detected,,cutfix_full_tier1_20260729_01,tier1
kEJZWaY8MGo,kEJZWaY8MGo.mp4,651.81,656.81,scene_cut_detected,,cutfix_full_tier1_20260729_01,tier1
kEJZWaY8MGo,kEJZWaY8MGo.mp4,655.81,660.81,face_density_low,,cutfix_full_tier1_20260729_01,tier1
kEJZWaY8MGo,kEJZWaY8MGo.mp4,659.81,664.81,scene_cut_detected,,cutfix_full_tier1_20260729_01,tier1
kEJZWaY8MGo,kEJZWaY8MGo.mp4,666.146,671.358,face_density_low,,cutfix_full_tier1_20260729_01,tier1
kEJZWaY8MGo,kEJZWaY8MGo.mp4,671.682,676.126,face_density_low,,cutfix_full_tier1_20260729_01,tier1
kEJZWaY8MGo,kEJZWaY8MGo.mp4,676.578,677.95,segment_too_short,,cutfix_full_tier1_20260729_01,tier1
kEJZWaY8MGo,kEJZWaY8MGo.mp4,678.082,681.63,face_density_low,,cutfix_full_tier1_20260729_01,tier1
kEJZWaY8MGo,kEJZWaY8MGo.mp4,681.986,685.63,scene_cut_detected,,cutfix_full_tier1_20260729_01,tier1
kEJZWaY8MGo,kEJZWaY8MGo.mp4,685.762,687.806,face_density_low,,cutfix_full_tier1_20260729_01,tier1
kEJZWaY8MGo,kEJZWaY8MGo.mp4,688.066,696.35,scene_cut_detected,,cutfix_full_tier1_20260729_01,tier1
kEJZWaY8MGo,kEJZWaY8MGo.mp4,699.17,700.062,segment_too_short,,cutfix_full_tier1_20260729_01,tier1
kEJZWaY8MGo,kEJZWaY8MGo.mp4,704.258,704.958,segment_too_short,,cutfix_full_tier1_20260729_01,tier1
kEJZWaY8MGo,kEJZWaY8MGo.mp4,710.786,712.382,segment_too_short,,cutfix_full_tier1_20260729_01,tier1
kEJZWaY8MGo,kEJZWaY8MGo.mp4,715.138,715.71,segment_too_short,,cutfix_full_tier1_20260729_01,tier1
kEJZWaY8MGo,kEJZWaY8MGo.mp4,718.146,719.998,segment_too_short,,cutfix_full_tier1_20260729_01,tier1
kEJZWaY8MGo,kEJZWaY8MGo.mp4,720.098,721.278,segment_too_short,,cutfix_full_tier1_20260729_01,tier1
kEJZWaY8MGo,kEJZWaY8MGo.mp4,721.474,722.782,segment_too_short,,cutfix_full_tier1_20260729_01,tier1
kEJZWaY8MGo,kEJZWaY8MGo.mp4,722.946,724.222,segment_too_short,,cutfix_full_tier1_20260729_01,tier1
kEJZWaY8MGo,kEJZWaY8MGo.mp4,726.69,727.902,segment_too_short,,cutfix_full_tier1_20260729_01,tier1
kEJZWaY8MGo,kEJZWaY8MGo.mp4,728.162,730.494,face_density_low,,cutfix_full_tier1_20260729_01,tier1
kEJZWaY8MGo,kEJZWaY8MGo.mp4,730.626,736.574,scene_cut_detected,,cutfix_full_tier1_20260729_01,tier1
kEJZWaY8MGo,kEJZWaY8MGo.mp4,736.706,739.614,face_density_low,,cutfix_full_tier1_20260729_01,tier1
kEJZWaY8MGo,kEJZWaY8MGo.mp4,739.746,742.366,face_density_low,,cutfix_full_tier1_20260729_01,tier1
kEJZWaY8MGo,kEJZWaY8MGo.mp4,746.466,751.466,face_density_low,,cutfix_full_tier1_20260729_01,tier1
kEJZWaY8MGo,kEJZWaY8MGo.mp4,750.466,755.466,face_density_low,,cutfix_full_tier1_20260729_01,tier1
kEJZWaY8MGo,kEJZWaY8MGo.mp4,755.842,758.878,face_density_low,,cutfix_full_tier1_20260729_01,tier1
kEJZWaY8MGo,kEJZWaY8MGo.mp4,775.97,781.406,face_density_low,,cutfix_full_tier1_20260729_01,tier1
kEJZWaY8MGo,kEJZWaY8MGo.mp4,793.634,794.078,segment_too_short,,cutfix_full_tier1_20260729_01,tier1
kEJZWaY8MGo,kEJZWaY8MGo.mp4,794.242,806.206,scene_cut_detected,,cutfix_full_tier1_20260729_01,tier1
kEJZWaY8MGo,kEJZWaY8MGo.mp4,806.306,811.306,scene_cut_detected,,cutfix_full_tier1_20260729_01,tier1
kEJZWaY8MGo,kEJZWaY8MGo.mp4,810.306,815.306,scene_cut_detected,,cutfix_full_tier1_20260729_01,tier1
kEJZWaY8MGo,kEJZWaY8MGo.mp4,814.306,819.306,scene_cut_detected,,cutfix_full_tier1_20260729_01,tier1
kEJZWaY8MGo,kEJZWaY8MGo.mp4,826.626,828.03,segment_too_short,,cutfix_full_tier1_20260729_01,tier1
kEJZWaY8MGo,kEJZWaY8MGo.mp4,828.162,829.502,segment_too_short,,cutfix_full_tier1_20260729_01,tier1
kEJZWaY8MGo,kEJZWaY8MGo.mp4,829.666,831.166,segment_too_short,,cutfix_full_tier1_20260729_01,tier1
kEJZWaY8MGo,kEJZWaY8MGo.mp4,831.33,832.702,segment_too_short,,cutfix_full_tier1_20260729_01,tier1
kEJZWaY8MGo,kEJZWaY8MGo.mp4,835.746,836.574,segment_too_short,,cutfix_full_tier1_20260729_01,tier1
kEJZWaY8MGo,kEJZWaY8MGo.mp4,839.266,839.87,segment_too_short,,cutfix_full_tier1_20260729_01,tier1
kEJZWaY8MGo,kEJZWaY8MGo.mp4,843.682,844.446,segment_too_short,,cutfix_full_tier1_20260729_01,tier1
kEJZWaY8MGo,kEJZWaY8MGo.mp4,844.578,845.438,segment_too_short,,cutfix_full_tier1_20260729_01,tier1
kEJZWaY8MGo,kEJZWaY8MGo.mp4,845.698,846.878,segment_too_short,,cutfix_full_tier1_20260729_01,tier1
kEJZWaY8MGo,kEJZWaY8MGo.mp4,847.042,847.998,segment_too_short,,cutfix_full_tier1_20260729_01,tier1
kEJZWaY8MGo,kEJZWaY8MGo.mp4,848.642,853.214,scene_cut_detected,,cutfix_full_tier1_20260729_01,tier1
kEJZWaY8MGo,kEJZWaY8MGo.mp4,858.338,866.014,scene_cut_detected,,cutfix_full_tier1_20260729_01,tier1
kEJZWaY8MGo,kEJZWaY8MGo.mp4,866.178,869.758,face_density_low,,cutfix_full_tier1_20260729_01,tier1
kEJZWaY8MGo,kEJZWaY8MGo.mp4,893.026,898.026,face_density_low,,cutfix_full_tier1_20260729_01,tier1
kEJZWaY8MGo,kEJZWaY8MGo.mp4,897.026,902.026,scene_cut_detected,,cutfix_full_tier1_20260729_01,tier1
kEJZWaY8MGo,kEJZWaY8MGo.mp4,901.026,906.026,scene_cut_detected,,cutfix_full_tier1_20260729_01,tier1
kEJZWaY8MGo,kEJZWaY8MGo.mp4,909.026,914.026,scene_cut_detected,,cutfix_full_tier1_20260729_01,tier1
kEJZWaY8MGo,kEJZWaY8MGo.mp4,915.49,920.51,scene_cut_detected,,cutfix_full_tier1_20260729_01,tier1
kEJZWaY8MGo,kEJZWaY8MGo.mp4,921.858,925.694,scene_cut_detected,,cutfix_full_tier1_20260729_01,tier1
kEJZWaY8MGo,kEJZWaY8MGo.mp4,925.922,927.326,segment_too_short,,cutfix_full_tier1_20260729_01,tier1
kEJZWaY8MGo,kEJZWaY8MGo.mp4,927.746,937.854,scene_cut_detected,,cutfix_full_tier1_20260729_01,tier1
kEJZWaY8MGo,kEJZWaY8MGo.mp4,937.986,945.502,scene_cut_detected,,cutfix_full_tier1_20260729_01,tier1
kEJZWaY8MGo,kEJZWaY8MGo.mp4,945.794,957.086,scene_cut_detected,,cutfix_full_tier1_20260729_01,tier1
kEJZWaY8MGo,kEJZWaY8MGo.mp4,957.314,959.326,face_density_low,,cutfix_full_tier1_20260729_01,tier1
kEJZWaY8MGo,kEJZWaY8MGo.mp4,963.458,968.458,face_density_low,,cutfix_full_tier1_20260729_01,tier1
kEJZWaY8MGo,kEJZWaY8MGo.mp4,967.458,972.458,face_density_low,,cutfix_full_tier1_20260729_01,tier1
kEJZWaY8MGo,kEJZWaY8MGo.mp4,971.458,976.458,face_density_low,,cutfix_full_tier1_20260729_01,tier1
kEJZWaY8MGo,kEJZWaY8MGo.mp4,975.458,980.458,scene_cut_detected,,cutfix_full_tier1_20260729_01,tier1
kEJZWaY8MGo,kEJZWaY8MGo.mp4,979.458,982.974,face_density_low,,cutfix_full_tier1_20260729_01,tier1
kEJZWaY8MGo,kEJZWaY8MGo.mp4,988.482,997.79,scene_cut_detected,,cutfix_full_tier1_20260729_01,tier1
kEJZWaY8MGo,kEJZWaY8MGo.mp4,997.89,1002.878,face_density_low,,cutfix_full_tier1_20260729_01,tier1
kEJZWaY8MGo,kEJZWaY8MGo.mp4,1007.01,1012.01,scene_cut_detected,,cutfix_full_tier1_20260729_01,tier1
kEJZWaY8MGo,kEJZWaY8MGo.mp4,1011.01,1016.01,scene_cut_detected,,cutfix_full_tier1_20260729_01,tier1
kEJZWaY8MGo,kEJZWaY8MGo.mp4,1015.01,1019.806,scene_cut_detected,,cutfix_full_tier1_20260729_01,tier1
kEJZWaY8MGo,kEJZWaY8MGo.mp4,1020.002,1021.598,segment_too_short,,cutfix_full_tier1_20260729_01,tier1
kEJZWaY8MGo,kEJZWaY8MGo.mp4,1022.146,1023.262,segment_too_short,,cutfix_full_tier1_20260729_01,tier1
kEJZWaY8MGo,kEJZWaY8MGo.mp4,1023.362,1024.798,segment_too_short,,cutfix_full_tier1_20260729_01,tier1
kEJZWaY8MGo,kEJZWaY8MGo.mp4,1024.93,1030.59,face_density_low,,cutfix_full_tier1_20260729_01,tier1
kEJZWaY8MGo,kEJZWaY8MGo.mp4,1034.146,1041.758,scene_cut_detected,,cutfix_full_tier1_20260729_01,tier1
kEJZWaY8MGo,kEJZWaY8MGo.mp4,1052.738,1053.534,segment_too_short,,cutfix_full_tier1_20260729_01,tier1
kEJZWaY8MGo,kEJZWaY8MGo.mp4,1064.834,1066.27,segment_too_short,,cutfix_full_tier1_20260729_01,tier1
kEJZWaY8MGo,kEJZWaY8MGo.mp4,1066.402,1069.054,face_density_low,,cutfix_full_tier1_20260729_01,tier1
kEJZWaY8MGo,kEJZWaY8MGo.mp4,1069.218,1069.886,segment_too_short,,cutfix_full_tier1_20260729_01,tier1
kEJZWaY8MGo,kEJZWaY8MGo.mp4,1070.05,1073.662,face_density_low,,cutfix_full_tier1_20260729_01,tier1
kEJZWaY8MGo,kEJZWaY8MGo.mp4,1077.634,1078.718,segment_too_short,,cutfix_full_tier1_20260729_01,tier1
kEJZWaY8MGo,kEJZWaY8MGo.mp4,1078.818,1080.702,segment_too_short,,cutfix_full_tier1_20260729_01,tier1
kEJZWaY8MGo,kEJZWaY8MGo.mp4,1080.866,1083.23,face_density_low,,cutfix_full_tier1_20260729_01,tier1
kEJZWaY8MGo,kEJZWaY8MGo.mp4,1083.458,1084.414,segment_too_short,,cutfix_full_tier1_20260729_01,tier1
kEJZWaY8MGo,kEJZWaY8MGo.mp4,1084.674,1087.646,face_density_low,,cutfix_full_tier1_20260729_01,tier1
kEJZWaY8MGo,kEJZWaY8MGo.mp4,1087.778,1090.782,scene_cut_detected,,cutfix_full_tier1_20260729_01,tier1
kEJZWaY8MGo,kEJZWaY8MGo.mp4,1091.202,1096.158,face_density_low,,cutfix_full_tier1_20260729_01,tier1
kEJZWaY8MGo,kEJZWaY8MGo.mp4,1096.258,1097.854,segment_too_short,,cutfix_full_tier1_20260729_01,tier1
kEJZWaY8MGo,kEJZWaY8MGo.mp4,1098.018,1099.71,segment_too_short,,cutfix_full_tier1_20260729_01,tier1
kEJZWaY8MGo,kEJZWaY8MGo.mp4,1099.938,1101.182,segment_too_short,,cutfix_full_tier1_20260729_01,tier1
kEJZWaY8MGo,kEJZWaY8MGo.mp4,1101.282,1102.398,segment_too_short,,cutfix_full_tier1_20260729_01,tier1
kEJZWaY8MGo,kEJZWaY8MGo.mp4,1102.562,1104.734,face_density_low,,cutfix_full_tier1_20260729_01,tier1
kEJZWaY8MGo,kEJZWaY8MGo.mp4,1104.834,1105.438,segment_too_short,,cutfix_full_tier1_20260729_01,tier1
kEJZWaY8MGo,kEJZWaY8MGo.mp4,1105.858,1109.79,scene_cut_detected,,cutfix_full_tier1_20260729_01,tier1
kEJZWaY8MGo,kEJZWaY8MGo.mp4,1109.922,1111.678,segment_too_short,,cutfix_full_tier1_20260729_01,tier1
kEJZWaY8MGo,kEJZWaY8MGo.mp4,1111.906,1112.766,segment_too_short,,cutfix_full_tier1_20260729_01,tier1
kEJZWaY8MGo,kEJZWaY8MGo.mp4,1122.402,1123.998,segment_too_short,,cutfix_full_tier1_20260729_01,tier1
kEJZWaY8MGo,kEJZWaY8MGo.mp4,1124.162,1125.918,segment_too_short,,cutfix_full_tier1_20260729_01,tier1
kEJZWaY8MGo,kEJZWaY8MGo.mp4,1126.626,1127.102,segment_too_short,,cutfix_full_tier1_20260729_01,tier1
kEJZWaY8MGo,kEJZWaY8MGo.mp4,1127.298,1129.534,face_density_low,,cutfix_full_tier1_20260729_01,tier1
kEJZWaY8MGo,kEJZWaY8MGo.mp4,1129.666,1131.198,segment_too_short,,cutfix_full_tier1_20260729_01,tier1
kEJZWaY8MGo,kEJZWaY8MGo.mp4,1131.362,1132.542,segment_too_short,,cutfix_full_tier1_20260729_01,tier1
kEJZWaY8MGo,kEJZWaY8MGo.mp4,1132.642,1133.534,segment_too_short,,cutfix_full_tier1_20260729_01,tier1
kEJZWaY8MGo,kEJZWaY8MGo.mp4,1133.666,1135.998,face_density_low,,cutfix_full_tier1_20260729_01,tier1
kEJZWaY8MGo,kEJZWaY8MGo.mp4,1136.514,1138.782,scene_cut_detected,,cutfix_full_tier1_20260729_01,tier1
kEJZWaY8MGo,kEJZWaY8MGo.mp4,1141.026,1143.806,face_density_low,,cutfix_full_tier1_20260729_01,tier1
kEJZWaY8MGo,kEJZWaY8MGo.mp4,1144.162,1144.99,segment_too_short,,cutfix_full_tier1_20260729_01,tier1
kEJZWaY8MGo,kEJZWaY8MGo.mp4,1145.186,1146.878,segment_too_short,,cutfix_full_tier1_20260729_01,tier1
kEJZWaY8MGo,kEJZWaY8MGo.mp4,1147.426,1148.51,segment_too_short,,cutfix_full_tier1_20260729_01,tier1
kEJZWaY8MGo,kEJZWaY8MGo.mp4,1148.674,1150.558,segment_too_short,,cutfix_full_tier1_20260729_01,tier1
kEJZWaY8MGo,kEJZWaY8MGo.mp4,1151.074,1153.278,face_density_low,,cutfix_full_tier1_20260729_01,tier1
kEJZWaY8MGo,kEJZWaY8MGo.mp4,1153.442,1155.262,segment_too_short,,cutfix_full_tier1_20260729_01,tier1
kEJZWaY8MGo,kEJZWaY8MGo.mp4,1155.874,1157.598,segment_too_short,,cutfix_full_tier1_20260729_01,tier1
kEJZWaY8MGo,kEJZWaY8MGo.mp4,1157.73,1159.838,face_density_low,,cutfix_full_tier1_20260729_01,tier1
kEJZWaY8MGo,kEJZWaY8MGo.mp4,1160.002,1161.118,segment_too_short,,cutfix_full_tier1_20260729_01,tier1
kEJZWaY8MGo,kEJZWaY8MGo.mp4,1163.266,1175.07,scene_cut_detected,,cutfix_full_tier1_20260729_01,tier1
kEJZWaY8MGo,kEJZWaY8MGo.mp4,1175.874,1177.502,segment_too_short,,cutfix_full_tier1_20260729_01,tier1
kEJZWaY8MGo,kEJZWaY8MGo.mp4,1177.634,1181.758,scene_cut_detected,,cutfix_full_tier1_20260729_01,tier1
kEJZWaY8MGo,kEJZWaY8MGo.mp4,1181.89,1183.038,segment_too_short,,cutfix_full_tier1_20260729_01,tier1
kEJZWaY8MGo,kEJZWaY8MGo.mp4,1183.362,1186.366,scene_cut_detected,,cutfix_full_tier1_20260729_01,tier1
kEJZWaY8MGo,kEJZWaY8MGo.mp4,1186.466,1188.926,face_density_low,,cutfix_full_tier1_20260729_01,tier1
kGpEJagNHDg,kGpEJagNHDg.mp4,8.674,9.758,segment_too_short,,cutfix_full_tier1_20260729_01,tier1
kGpEJagNHDg,kGpEJagNHDg.mp4,9.954,11.006,segment_too_short,,cutfix_full_tier1_20260729_01,tier1
kGpEJagNHDg,kGpEJagNHDg.mp4,17.282,17.854,segment_too_short,,cutfix_full_tier1_20260729_01,tier1
kGpEJagNHDg,kGpEJagNHDg.mp4,18.082,18.878,segment_too_short,,cutfix_full_tier1_20260729_01,tier1
kGpEJagNHDg,kGpEJagNHDg.mp4,23.01,23.87,segment_too_short,,cutfix_full_tier1_20260729_01,tier1
kGpEJagNHDg,kGpEJagNHDg.mp4,28.034,29.086,segment_too_short,,cutfix_full_tier1_20260729_01,tier1
kGpEJagNHDg,kGpEJagNHDg.mp4,29.538,29.854,segment_too_short,,cutfix_full_tier1_20260729_01,tier1
kGpEJagNHDg,kGpEJagNHDg.mp4,38.178,38.59,segment_too_short,,cutfix_full_tier1_20260729_01,tier1
kGpEJagNHDg,kGpEJagNHDg.mp4,56.738,58.686,segment_too_short,,cutfix_full_tier1_20260729_01,tier1
kGpEJagNHDg,kGpEJagNHDg.mp4,59.042,61.598,scene_cut_detected,,cutfix_full_tier1_20260729_01,tier1
kGpEJagNHDg,kGpEJagNHDg.mp4,61.858,67.422,scene_cut_detected,,cutfix_full_tier1_20260729_01,tier1
kGpEJagNHDg,kGpEJagNHDg.mp4,67.618,69.342,segment_too_short,,cutfix_full_tier1_20260729_01,tier1
kGpEJagNHDg,kGpEJagNHDg.mp4,69.506,74.506,scene_cut_detected,,cutfix_full_tier1_20260729_01,tier1
kGpEJagNHDg,kGpEJagNHDg.mp4,73.506,78.506,scene_cut_detected,,cutfix_full_tier1_20260729_01,tier1
kGpEJagNHDg,kGpEJagNHDg.mp4,77.506,82.506,scene_cut_detected,,cutfix_full_tier1_20260729_01,tier1
kGpEJagNHDg,kGpEJagNHDg.mp4,85.058,85.534,segment_too_short,,cutfix_full_tier1_20260729_01,tier1
kGpEJagNHDg,kGpEJagNHDg.mp4,89.666,94.666,scene_cut_detected,,cutfix_full_tier1_20260729_01,tier1
kGpEJagNHDg,kGpEJagNHDg.mp4,102.594,107.594,scene_cut_detected,,cutfix_full_tier1_20260729_01,tier1
kGpEJagNHDg,kGpEJagNHDg.mp4,106.594,111.594,scene_cut_detected,,cutfix_full_tier1_20260729_01,tier1
kGpEJagNHDg,kGpEJagNHDg.mp4,110.594,115.594,scene_cut_detected,,cutfix_full_tier1_20260729_01,tier1
kGpEJagNHDg,kGpEJagNHDg.mp4,114.594,117.118,scene_cut_detected,,cutfix_full_tier1_20260729_01,tier1
kGpEJagNHDg,kGpEJagNHDg.mp4,117.538,128.254,scene_cut_detected,,cutfix_full_tier1_20260729_01,tier1
kGpEJagNHDg,kGpEJagNHDg.mp4,130.786,132.766,segment_too_short,,cutfix_full_tier1_20260729_01,tier1
kGpEJagNHDg,kGpEJagNHDg.mp4,132.93,142.366,scene_cut_detected,,cutfix_full_tier1_20260729_01,tier1
kGpEJagNHDg,kGpEJagNHDg.mp4,146.722,151.722,scene_cut_detected,,cutfix_full_tier1_20260729_01,tier1
kGpEJagNHDg,kGpEJagNHDg.mp4,150.722,155.166,scene_cut_detected,,cutfix_full_tier1_20260729_01,tier1
kGpEJagNHDg,kGpEJagNHDg.mp4,156.45,158.078,segment_too_short,,cutfix_full_tier1_20260729_01,tier1
kGpEJagNHDg,kGpEJagNHDg.mp4,161.378,162.142,segment_too_short,,cutfix_full_tier1_20260729_01,tier1
kGpEJagNHDg,kGpEJagNHDg.mp4,162.274,163.454,segment_too_short,,cutfix_full_tier1_20260729_01,tier1
kGpEJagNHDg,kGpEJagNHDg.mp4,164.098,165.406,segment_too_short,,cutfix_full_tier1_20260729_01,tier1
kGpEJagNHDg,kGpEJagNHDg.mp4,165.57,166.27,segment_too_short,,cutfix_full_tier1_20260729_01,tier1
kGpEJagNHDg,kGpEJagNHDg.mp4,166.402,168.254,segment_too_short,,cutfix_full_tier1_20260729_01,tier1
kGpEJagNHDg,kGpEJagNHDg.mp4,168.802,176.542,scene_cut_detected,,cutfix_full_tier1_20260729_01,tier1
kGpEJagNHDg,kGpEJagNHDg.mp4,176.802,181.802,scene_cut_detected,,cutfix_full_tier1_20260729_01,tier1
kGpEJagNHDg,kGpEJagNHDg.mp4,180.802,185.802,scene_cut_detected,,cutfix_full_tier1_20260729_01,tier1
kGpEJagNHDg,kGpEJagNHDg.mp4,184.802,189.802,scene_cut_detected,,cutfix_full_tier1_20260729_01,tier1
kGpEJagNHDg,kGpEJagNHDg.mp4,190.242,194.142,scene_cut_detected,,cutfix_full_tier1_20260729_01,tier1
kGpEJagNHDg,kGpEJagNHDg.mp4,194.274,202.366,scene_cut_detected,,cutfix_full_tier1_20260729_01,tier1
kGpEJagNHDg,kGpEJagNHDg.mp4,205.954,207.326,segment_too_short,,cutfix_full_tier1_20260729_01,tier1
kGpEJagNHDg,kGpEJagNHDg.mp4,216.066,220.414,scene_cut_detected,,cutfix_full_tier1_20260729_01,tier1
kGpEJagNHDg,kGpEJagNHDg.mp4,223.842,224.446,segment_too_short,,cutfix_full_tier1_20260729_01,tier1
kGpEJagNHDg,kGpEJagNHDg.mp4,224.61,225.662,segment_too_short,,cutfix_full_tier1_20260729_01,tier1
kGpEJagNHDg,kGpEJagNHDg.mp4,225.794,235.518,scene_cut_detected,,cutfix_full_tier1_20260729_01,tier1
kGpEJagNHDg,kGpEJagNHDg.mp4,241.73,243.582,segment_too_short,,cutfix_full_tier1_20260729_01,tier1
kGpEJagNHDg,kGpEJagNHDg.mp4,250.85,256.062,scene_cut_detected,,cutfix_full_tier1_20260729_01,tier1
kGpEJagNHDg,kGpEJagNHDg.mp4,256.29,257.182,segment_too_short,,cutfix_full_tier1_20260729_01,tier1
kGpEJagNHDg,kGpEJagNHDg.mp4,257.41,258.142,segment_too_short,,cutfix_full_tier1_20260729_01,tier1
kGpEJagNHDg,kGpEJagNHDg.mp4,262.274,267.274,scene_cut_detected,,cutfix_full_tier1_20260729_01,tier1
kGpEJagNHDg,kGpEJagNHDg.mp4,270.274,275.274,scene_cut_detected,,cutfix_full_tier1_20260729_01,tier1
kGpEJagNHDg,kGpEJagNHDg.mp4,298.658,300.382,segment_too_short,,cutfix_full_tier1_20260729_01,tier1
kGpEJagNHDg,kGpEJagNHDg.mp4,312.066,313.31,segment_too_short,,cutfix_full_tier1_20260729_01,tier1
kGpEJagNHDg,kGpEJagNHDg.mp4,323.938,324.382,segment_too_short,,cutfix_full_tier1_20260729_01,tier1
kGpEJagNHDg,kGpEJagNHDg.mp4,328.738,329.15,segment_too_short,,cutfix_full_tier1_20260729_01,tier1
kGpEJagNHDg,kGpEJagNHDg.mp4,332.194,332.574,segment_too_short,,cutfix_full_tier1_20260729_01,tier1
kGpEJagNHDg,kGpEJagNHDg.mp4,332.738,333.278,segment_too_short,,cutfix_full_tier1_20260729_01,tier1
kGpEJagNHDg,kGpEJagNHDg.mp4,333.73,335.006,segment_too_short,,cutfix_full_tier1_20260729_01,tier1
kGpEJagNHDg,kGpEJagNHDg.mp4,336.162,336.638,segment_too_short,,cutfix_full_tier1_20260729_01,tier1
kGpEJagNHDg,kGpEJagNHDg.mp4,336.77,337.182,segment_too_short,,cutfix_full_tier1_20260729_01,tier1
kGpEJagNHDg,kGpEJagNHDg.mp4,337.346,337.854,segment_too_short,,cutfix_full_tier1_20260729_01,tier1
kGpEJagNHDg,kGpEJagNHDg.mp4,338.114,338.782,segment_too_short,,cutfix_full_tier1_20260729_01,tier1
kGpEJagNHDg,kGpEJagNHDg.mp4,351.97,353.31,segment_too_short,,cutfix_full_tier1_20260729_01,tier1
kGpEJagNHDg,kGpEJagNHDg.mp4,361.378,363.294,segment_too_short,,cutfix_full_tier1_20260729_01,tier1
kGpEJagNHDg,kGpEJagNHDg.mp4,363.426,364.766,segment_too_short,,cutfix_full_tier1_20260729_01,tier1
kGpEJagNHDg,kGpEJagNHDg.mp4,367.33,368.062,segment_too_short,,cutfix_full_tier1_20260729_01,tier1
kGpEJagNHDg,kGpEJagNHDg.mp4,377.09,377.406,segment_too_short,,cutfix_full_tier1_20260729_01,tier1
kGpEJagNHDg,kGpEJagNHDg.mp4,377.858,378.462,segment_too_short,,cutfix_full_tier1_20260729_01,tier1
kGpEJagNHDg,kGpEJagNHDg.mp4,378.754,379.326,segment_too_short,,cutfix_full_tier1_20260729_01,tier1
kGpEJagNHDg,kGpEJagNHDg.mp4,379.522,379.966,segment_too_short,,cutfix_full_tier1_20260729_01,tier1
kGpEJagNHDg,kGpEJagNHDg.mp4,381.73,382.27,segment_too_short,,cutfix_full_tier1_20260729_01,tier1
kGpEJagNHDg,kGpEJagNHDg.mp4,382.53,384.062,segment_too_short,,cutfix_full_tier1_20260729_01,tier1
kGpEJagNHDg,kGpEJagNHDg.mp4,385.826,397.534,scene_cut_detected,,cutfix_full_tier1_20260729_01,tier1
kGpEJagNHDg,kGpEJagNHDg.mp4,397.986,398.974,segment_too_short,,cutfix_full_tier1_20260729_01,tier1
kGpEJagNHDg,kGpEJagNHDg.mp4,399.266,399.998,segment_too_short,,cutfix_full_tier1_20260729_01,tier1
kGpEJagNHDg,kGpEJagNHDg.mp4,400.418,401.214,segment_too_short,,cutfix_full_tier1_20260729_01,tier1
kGpEJagNHDg,kGpEJagNHDg.mp4,402.018,406.494,scene_cut_detected,,cutfix_full_tier1_20260729_01,tier1
kGpEJagNHDg,kGpEJagNHDg.mp4,413.986,417.278,scene_cut_detected,,cutfix_full_tier1_20260729_01,tier1
kGpEJagNHDg,kGpEJagNHDg.mp4,417.41,425.534,scene_cut_detected,,cutfix_full_tier1_20260729_01,tier1
kGpEJagNHDg,kGpEJagNHDg.mp4,441.474,443.166,segment_too_short,,cutfix_full_tier1_20260729_01,tier1
kGpEJagNHDg,kGpEJagNHDg.mp4,443.426,445.342,segment_too_short,,cutfix_full_tier1_20260729_01,tier1
kGpEJagNHDg,kGpEJagNHDg.mp4,445.538,446.174,segment_too_short,,cutfix_full_tier1_20260729_01,tier1
kGpEJagNHDg,kGpEJagNHDg.mp4,479.202,479.518,segment_too_short,,cutfix_full_tier1_20260729_01,tier1
kGpEJagNHDg,kGpEJagNHDg.mp4,486.754,488.542,segment_too_short,,cutfix_full_tier1_20260729_01,tier1
kGpEJagNHDg,kGpEJagNHDg.mp4,491.778,492.638,segment_too_short,,cutfix_full_tier1_20260729_01,tier1
kGpEJagNHDg,kGpEJagNHDg.mp4,496.354,497.342,segment_too_short,,cutfix_full_tier1_20260729_01,tier1
kGpEJagNHDg,kGpEJagNHDg.mp4,497.666,499.39,segment_too_short,,cutfix_full_tier1_20260729_01,tier1
kGpEJagNHDg,kGpEJagNHDg.mp4,504.578,505.918,segment_too_short,,cutfix_full_tier1_20260729_01,tier1
kGpEJagNHDg,kGpEJagNHDg.mp4,511.33,512.926,segment_too_short,,cutfix_full_tier1_20260729_01,tier1
kKT80S0f40M,kKT80S0f40M.mp4,19.778,24.958,scene_cut_detected,,cutfix_full_tier1_20260729_01,tier1
kKT80S0f40M,kKT80S0f40M.mp4,26.434,29.406,face_density_low,,cutfix_full_tier1_20260729_01,tier1
kKT80S0f40M,kKT80S0f40M.mp4,31.554,34.462,scene_cut_detected,,cutfix_full_tier1_20260729_01,tier1
kKT80S0f40M,kKT80S0f40M.mp4,36.258,38.974,face_density_low,,cutfix_full_tier1_20260729_01,tier1
kKT80S0f40M,kKT80S0f40M.mp4,39.074,43.23,scene_cut_detected,,cutfix_full_tier1_20260729_01,tier1
kKT80S0f40M,kKT80S0f40M.mp4,44.77,48.03,scene_cut_detected,,cutfix_full_tier1_20260729_01,tier1
kKT80S0f40M,kKT80S0f40M.mp4,49.954,52.734,scene_cut_detected,,cutfix_full_tier1_20260729_01,tier1
kKT80S0f40M,kKT80S0f40M.mp4,68.642,74.654,scene_cut_detected,,cutfix_full_tier1_20260729_01,tier1
kKT80S0f40M,kKT80S0f40M.mp4,74.85,83.262,scene_cut_detected,,cutfix_full_tier1_20260729_01,tier1
kKT80S0f40M,kKT80S0f40M.mp4,83.458,84.542,segment_too_short,,cutfix_full_tier1_20260729_01,tier1
kKT80S0f40M,kKT80S0f40M.mp4,84.77,94.046,scene_cut_detected,,cutfix_full_tier1_20260729_01,tier1
kKT80S0f40M,kKT80S0f40M.mp4,94.146,97.502,scene_cut_detected,,cutfix_full_tier1_20260729_01,tier1
kKT80S0f40M,kKT80S0f40M.mp4,97.602,98.718,segment_too_short,,cutfix_full_tier1_20260729_01,tier1
kKT80S0f40M,kKT80S0f40M.mp4,98.882,105.598,scene_cut_detected,,cutfix_full_tier1_20260729_01,tier1
kKT80S0f40M,kKT80S0f40M.mp4,105.794,110.014,face_density_low,,cutfix_full_tier1_20260729_01,tier1
kKT80S0f40M,kKT80S0f40M.mp4,110.114,111.166,segment_too_short,,cutfix_full_tier1_20260729_01,tier1
kKT80S0f40M,kKT80S0f40M.mp4,111.266,111.902,segment_too_short,,cutfix_full_tier1_20260729_01,tier1
kKT80S0f40M,kKT80S0f40M.mp4,114.754,115.582,segment_too_short,,cutfix_full_tier1_20260729_01,tier1
kKT80S0f40M,kKT80S0f40M.mp4,115.682,121.406,scene_cut_detected,,cutfix_full_tier1_20260729_01,tier1
kKT80S0f40M,kKT80S0f40M.mp4,121.506,123.774,face_density_low,,cutfix_full_tier1_20260729_01,tier1
kKT80S0f40M,kKT80S0f40M.mp4,124.162,130.718,face_density_low,,cutfix_full_tier1_20260729_01,tier1
kKT80S0f40M,kKT80S0f40M.mp4,130.946,133.694,face_density_low,,cutfix_full_tier1_20260729_01,tier1
kKT80S0f40M,kKT80S0f40M.mp4,133.794,140.958,face_density_low,,cutfix_full_tier1_20260729_01,tier1
kKT80S0f40M,kKT80S0f40M.mp4,141.218,144.67,scene_cut_detected,,cutfix_full_tier1_20260729_01,tier1
kKT80S0f40M,kKT80S0f40M.mp4,144.77,145.63,segment_too_short,,cutfix_full_tier1_20260729_01,tier1
kKT80S0f40M,kKT80S0f40M.mp4,145.794,147.614,segment_too_short,,cutfix_full_tier1_20260729_01,tier1
kKT80S0f40M,kKT80S0f40M.mp4,147.81,151.646,face_density_low,,cutfix_full_tier1_20260729_01,tier1
kKT80S0f40M,kKT80S0f40M.mp4,151.842,153.118,segment_too_short,,cutfix_full_tier1_20260729_01,tier1
kKT80S0f40M,kKT80S0f40M.mp4,165.89,171.39,scene_cut_detected,,cutfix_full_tier1_20260729_01,tier1
kKT80S0f40M,kKT80S0f40M.mp4,173.794,174.622,segment_too_short,,cutfix_full_tier1_20260729_01,tier1
kKT80S0f40M,kKT80S0f40M.mp4,174.754,175.71,segment_too_short,,cutfix_full_tier1_20260729_01,tier1
kKT80S0f40M,kKT80S0f40M.mp4,175.938,181.214,scene_cut_detected,,cutfix_full_tier1_20260729_01,tier1
kKT80S0f40M,kKT80S0f40M.mp4,181.634,186.686,scene_cut_detected,,cutfix_full_tier1_20260729_01,tier1
kKT80S0f40M,kKT80S0f40M.mp4,187.074,189.95,scene_cut_detected,,cutfix_full_tier1_20260729_01,tier1
kKT80S0f40M,kKT80S0f40M.mp4,190.21,194.238,face_density_low,,cutfix_full_tier1_20260729_01,tier1
kKT80S0f40M,kKT80S0f40M.mp4,196.354,197.342,segment_too_short,,cutfix_full_tier1_20260729_01,tier1
kKT80S0f40M,kKT80S0f40M.mp4,209.538,214.538,face_density_low,,cutfix_full_tier1_20260729_01,tier1
kKT80S0f40M,kKT80S0f40M.mp4,213.538,218.538,face_density_low,,cutfix_full_tier1_20260729_01,tier1
kKT80S0f40M,kKT80S0f40M.mp4,217.538,221.822,scene_cut_detected,,cutfix_full_tier1_20260729_01,tier1
kKT80S0f40M,kKT80S0f40M.mp4,221.954,227.134,face_density_low,,cutfix_full_tier1_20260729_01,tier1
kKT80S0f40M,kKT80S0f40M.mp4,227.298,234.558,face_density_low,,cutfix_full_tier1_20260729_01,tier1
kKT80S0f40M,kKT80S0f40M.mp4,234.786,242.462,face_density_low,,cutfix_full_tier1_20260729_01,tier1
kKT80S0f40M,kKT80S0f40M.mp4,245.25,246.718,segment_too_short,,cutfix_full_tier1_20260729_01,tier1
kKT80S0f40M,kKT80S0f40M.mp4,250.018,251.742,segment_too_short,,cutfix_full_tier1_20260729_01,tier1
kKT80S0f40M,kKT80S0f40M.mp4,251.874,252.734,segment_too_short,,cutfix_full_tier1_20260729_01,tier1
kKT80S0f40M,kKT80S0f40M.mp4,252.994,253.95,segment_too_short,,cutfix_full_tier1_20260729_01,tier1
kKT80S0f40M,kKT80S0f40M.mp4,256.546,257.534,segment_too_short,,cutfix_full_tier1_20260729_01,tier1
kKT80S0f40M,kKT80S0f40M.mp4,257.826,259.742,segment_too_short,,cutfix_full_tier1_20260729_01,tier1
kKT80S0f40M,kKT80S0f40M.mp4,260.226,261.47,segment_too_short,,cutfix_full_tier1_20260729_01,tier1
kKT80S0f40M,kKT80S0f40M.mp4,314.946,315.518,segment_too_short,,cutfix_full_tier1_20260729_01,tier1
kKT80S0f40M,kKT80S0f40M.mp4,321.282,322.078,segment_too_short,,cutfix_full_tier1_20260729_01,tier1
kKT80S0f40M,kKT80S0f40M.mp4,383.906,385.566,segment_too_short,,cutfix_full_tier1_20260729_01,tier1
kKT80S0f40M,kKT80S0f40M.mp4,391.714,392.574,segment_too_short,,cutfix_full_tier1_20260729_01,tier1
kKT80S0f40M,kKT80S0f40M.mp4,392.674,394.654,segment_too_short,,cutfix_full_tier1_20260729_01,tier1
kKT80S0f40M,kKT80S0f40M.mp4,400.514,400.894,segment_too_short,,cutfix_full_tier1_20260729_01,tier1
kKT80S0f40M,kKT80S0f40M.mp4,401.154,402.814,segment_too_short,,cutfix_full_tier1_20260729_01,tier1
kKT80S0f40M,kKT80S0f40M.mp4,402.914,404.254,segment_too_short,,cutfix_full_tier1_20260729_01,tier1
kKT80S0f40M,kKT80S0f40M.mp4,404.418,405.022,segment_too_short,,cutfix_full_tier1_20260729_01,tier1
kKT80S0f40M,kKT80S0f40M.mp4,405.186,410.186,scene_cut_detected,,cutfix_full_tier1_20260729_01,tier1
kKT80S0f40M,kKT80S0f40M.mp4,409.186,414.186,scene_cut_detected,,cutfix_full_tier1_20260729_01,tier1
kKT80S0f40M,kKT80S0f40M.mp4,413.186,417.246,scene_cut_detected,,cutfix_full_tier1_20260729_01,tier1
kKT80S0f40M,kKT80S0f40M.mp4,417.602,419.902,face_density_low,,cutfix_full_tier1_20260729_01,tier1
kKT80S0f40M,kKT80S0f40M.mp4,420.034,422.622,face_density_low,,cutfix_full_tier1_20260729_01,tier1
kKT80S0f40M,kKT80S0f40M.mp4,422.818,424.222,segment_too_short,,cutfix_full_tier1_20260729_01,tier1
kKT80S0f40M,kKT80S0f40M.mp4,424.546,430.718,scene_cut_detected,,cutfix_full_tier1_20260729_01,tier1
kKT80S0f40M,kKT80S0f40M.mp4,448.834,460.062,scene_cut_detected,,cutfix_full_tier1_20260729_01,tier1
kKT80S0f40M,kKT80S0f40M.mp4,460.546,462.526,segment_too_short,,cutfix_full_tier1_20260729_01,tier1
kKT80S0f40M,kKT80S0f40M.mp4,462.658,464.574,segment_too_short,,cutfix_full_tier1_20260729_01,tier1
kKT80S0f40M,kKT80S0f40M.mp4,464.674,465.47,segment_too_short,,cutfix_full_tier1_20260729_01,tier1
kKT80S0f40M,kKT80S0f40M.mp4,466.114,470.782,face_density_low,,cutfix_full_tier1_20260729_01,tier1
kKT80S0f40M,kKT80S0f40M.mp4,470.882,473.342,face_density_low,,cutfix_full_tier1_20260729_01,tier1
kKT80S0f40M,kKT80S0f40M.mp4,473.538,474.27,segment_too_short,,cutfix_full_tier1_20260729_01,tier1
kKT80S0f40M,kKT80S0f40M.mp4,474.402,476.446,scene_cut_detected,,cutfix_full_tier1_20260729_01,tier1
kKT80S0f40M,kKT80S0f40M.mp4,476.546,477.438,segment_too_short,,cutfix_full_tier1_20260729_01,tier1
kKT80S0f40M,kKT80S0f40M.mp4,477.57,478.206,segment_too_short,,cutfix_full_tier1_20260729_01,tier1
kKT80S0f40M,kKT80S0f40M.mp4,478.434,479.742,segment_too_short,,cutfix_full_tier1_20260729_01,tier1
kKT80S0f40M,kKT80S0f40M.mp4,479.874,482.846,scene_cut_detected,,cutfix_full_tier1_20260729_01,tier1
kKT80S0f40M,kKT80S0f40M.mp4,483.202,489.246,scene_cut_detected,,cutfix_full_tier1_20260729_01,tier1
kKT80S0f40M,kKT80S0f40M.mp4,494.786,495.71,segment_too_short,,cutfix_full_tier1_20260729_01,tier1
kKT80S0f40M,kKT80S0f40M.mp4,496.29,497.438,segment_too_short,,cutfix_full_tier1_20260729_01,tier1
kKT80S0f40M,kKT80S0f40M.mp4,500.802,503.902,face_density_low,,cutfix_full_tier1_20260729_01,tier1
kKT80S0f40M,kKT80S0f40M.mp4,504.066,507.518,face_density_low,,cutfix_full_tier1_20260729_01,tier1
kKT80S0f40M,kKT80S0f40M.mp4,507.682,509.982,scene_cut_detected,,cutfix_full_tier1_20260729_01,tier1
kKT80S0f40M,kKT80S0f40M.mp4,510.306,515.306,scene_cut_detected,,cutfix_full_tier1_20260729_01,tier1
kKT80S0f40M,kKT80S0f40M.mp4,514.306,519.306,scene_cut_detected,,cutfix_full_tier1_20260729_01,tier1
kKT80S0f40M,kKT80S0f40M.mp4,518.306,523.306,scene_cut_detected,,cutfix_full_tier1_20260729_01,tier1
kKT80S0f40M,kKT80S0f40M.mp4,522.306,527.306,face_density_low,,cutfix_full_tier1_20260729_01,tier1
kKT80S0f40M,kKT80S0f40M.mp4,526.306,530.75,face_density_low,,cutfix_full_tier1_20260729_01,tier1
kKT80S0f40M,kKT80S0f40M.mp4,538.242,539.582,segment_too_short,,cutfix_full_tier1_20260729_01,tier1
kKT80S0f40M,kKT80S0f40M.mp4,544.962,546.238,segment_too_short,,cutfix_full_tier1_20260729_01,tier1
kKT80S0f40M,kKT80S0f40M.mp4,546.69,547.39,segment_too_short,,cutfix_full_tier1_20260729_01,tier1
kKT80S0f40M,kKT80S0f40M.mp4,547.49,550.334,scene_cut_detected,,cutfix_full_tier1_20260729_01,tier1
kKT80S0f40M,kKT80S0f40M.mp4,550.466,557.086,scene_cut_detected,,cutfix_full_tier1_20260729_01,tier1
kKT80S0f40M,kKT80S0f40M.mp4,557.378,558.622,segment_too_short,,cutfix_full_tier1_20260729_01,tier1
kKT80S0f40M,kKT80S0f40M.mp4,558.722,566.302,scene_cut_detected,,cutfix_full_tier1_20260729_01,tier1
kVBggivYm2w,kVBggivYm2w.mp4,21.058,22.078,segment_too_short,,cutfix_full_tier1_20260729_01,tier1
kVBggivYm2w,kVBggivYm2w.mp4,22.21,23.038,segment_too_short,,cutfix_full_tier1_20260729_01,tier1
kVBggivYm2w,kVBggivYm2w.mp4,29.314,30.526,segment_too_short,,cutfix_full_tier1_20260729_01,tier1
kVBggivYm2w,kVBggivYm2w.mp4,30.658,31.646,segment_too_short,,cutfix_full_tier1_20260729_01,tier1
kVBggivYm2w,kVBggivYm2w.mp4,31.81,32.35,segment_too_short,,cutfix_full_tier1_20260729_01,tier1
kVBggivYm2w,kVBggivYm2w.mp4,32.93,36.286,face_density_low,,cutfix_full_tier1_20260729_01,tier1
kVBggivYm2w,kVBggivYm2w.mp4,40.45,41.982,segment_too_short,,cutfix_full_tier1_20260729_01,tier1
kVBggivYm2w,kVBggivYm2w.mp4,46.21,47.39,segment_too_short,,cutfix_full_tier1_20260729_01,tier1
kVBggivYm2w,kVBggivYm2w.mp4,51.106,51.678,segment_too_short,,cutfix_full_tier1_20260729_01,tier1
kVBggivYm2w,kVBggivYm2w.mp4,55.874,57.406,segment_too_short,,cutfix_full_tier1_20260729_01,tier1
kVBggivYm2w,kVBggivYm2w.mp4,57.57,58.654,segment_too_short,,cutfix_full_tier1_20260729_01,tier1
kVBggivYm2w,kVBggivYm2w.mp4,65.634,68.446,scene_cut_detected,,cutfix_full_tier1_20260729_01,tier1
kVBggivYm2w,kVBggivYm2w.mp4,75.714,77.598,segment_too_short,,cutfix_full_tier1_20260729_01,tier1
kVBggivYm2w,kVBggivYm2w.mp4,83.554,84.158,segment_too_short,,cutfix_full_tier1_20260729_01,tier1
kVBggivYm2w,kVBggivYm2w.mp4,84.354,85.406,segment_too_short,,cutfix_full_tier1_20260729_01,tier1
kVBggivYm2w,kVBggivYm2w.mp4,92.162,92.99,segment_too_short,,cutfix_full_tier1_20260729_01,tier1
kVBggivYm2w,kVBggivYm2w.mp4,93.218,94.11,segment_too_short,,cutfix_full_tier1_20260729_01,tier1
kVBggivYm2w,kVBggivYm2w.mp4,94.306,95.358,segment_too_short,,cutfix_full_tier1_20260729_01,tier1
kVBggivYm2w,kVBggivYm2w.mp4,100.802,103.934,face_density_low,,cutfix_full_tier1_20260729_01,tier1
kVBggivYm2w,kVBggivYm2w.mp4,104.674,106.27,segment_too_short,,cutfix_full_tier1_20260729_01,tier1
kVBggivYm2w,kVBggivYm2w.mp4,106.466,108.35,segment_too_short,,cutfix_full_tier1_20260729_01,tier1
kVBggivYm2w,kVBggivYm2w.mp4,117.09,117.726,segment_too_short,,cutfix_full_tier1_20260729_01,tier1
kVBggivYm2w,kVBggivYm2w.mp4,117.826,119.23,segment_too_short,,cutfix_full_tier1_20260729_01,tier1
kVBggivYm2w,kVBggivYm2w.mp4,123.266,124.19,segment_too_short,,cutfix_full_tier1_20260729_01,tier1
kVBggivYm2w,kVBggivYm2w.mp4,124.354,125.534,segment_too_short,,cutfix_full_tier1_20260729_01,tier1
kVBggivYm2w,kVBggivYm2w.mp4,136.93,139.422,scene_cut_detected,,cutfix_full_tier1_20260729_01,tier1
kVBggivYm2w,kVBggivYm2w.mp4,139.682,140.99,segment_too_short,,cutfix_full_tier1_20260729_01,tier1
kVBggivYm2w,kVBggivYm2w.mp4,141.634,142.974,segment_too_short,,cutfix_full_tier1_20260729_01,tier1
kVBggivYm2w,kVBggivYm2w.mp4,147.874,148.862,segment_too_short,,cutfix_full_tier1_20260729_01,tier1
kVBggivYm2w,kVBggivYm2w.mp4,158.242,159.678,segment_too_short,,cutfix_full_tier1_20260729_01,tier1
kVBggivYm2w,kVBggivYm2w.mp4,160.29,161.598,segment_too_short,,cutfix_full_tier1_20260729_01,tier1
kVBggivYm2w,kVBggivYm2w.mp4,165.154,166.942,segment_too_short,,cutfix_full_tier1_20260729_01,tier1
kVBggivYm2w,kVBggivYm2w.mp4,175.554,176.19,segment_too_short,,cutfix_full_tier1_20260729_01,tier1
kVBggivYm2w,kVBggivYm2w.mp4,176.482,177.566,segment_too_short,,cutfix_full_tier1_20260729_01,tier1
kVBggivYm2w,kVBggivYm2w.mp4,177.858,178.59,segment_too_short,,cutfix_full_tier1_20260729_01,tier1
kVBggivYm2w,kVBggivYm2w.mp4,179.074,179.774,segment_too_short,,cutfix_full_tier1_20260729_01,tier1
kVBggivYm2w,kVBggivYm2w.mp4,197.986,199.614,segment_too_short,,cutfix_full_tier1_20260729_01,tier1
kVBggivYm2w,kVBggivYm2w.mp4,199.81,200.414,segment_too_short,,cutfix_full_tier1_20260729_01,tier1
kVBggivYm2w,kVBggivYm2w.mp4,200.642,201.566,segment_too_short,,cutfix_full_tier1_20260729_01,tier1
kVBggivYm2w,kVBggivYm2w.mp4,205.378,210.238,scene_cut_detected,,cutfix_full_tier1_20260729_01,tier1
kVBggivYm2w,kVBggivYm2w.mp4,211.01,212.286,segment_too_short,,cutfix_full_tier1_20260729_01,tier1
kVBggivYm2w,kVBggivYm2w.mp4,213.026,214.43,segment_too_short,,cutfix_full_tier1_20260729_01,tier1
kVBggivYm2w,kVBggivYm2w.mp4,214.882,216.606,segment_too_short,,cutfix_full_tier1_20260729_01,tier1
kVBggivYm2w,kVBggivYm2w.mp4,222.946,224.158,segment_too_short,,cutfix_full_tier1_20260729_01,tier1
kVBggivYm2w,kVBggivYm2w.mp4,224.514,225.118,segment_too_short,,cutfix_full_tier1_20260729_01,tier1
kVBggivYm2w,kVBggivYm2w.mp4,225.442,226.622,segment_too_short,,cutfix_full_tier1_20260729_01,tier1
kVBggivYm2w,kVBggivYm2w.mp4,238.178,239.198,segment_too_short,,cutfix_full_tier1_20260729_01,tier1
kVBggivYm2w,kVBggivYm2w.mp4,239.426,241.406,segment_too_short,,cutfix_full_tier1_20260729_01,tier1
kVBggivYm2w,kVBggivYm2w.mp4,255.074,255.71,segment_too_short,,cutfix_full_tier1_20260729_01,tier1
kVBggivYm2w,kVBggivYm2w.mp4,255.97,257.182,segment_too_short,,cutfix_full_tier1_20260729_01,tier1
kVBggivYm2w,kVBggivYm2w.mp4,259.938,260.798,segment_too_short,,cutfix_full_tier1_20260729_01,tier1
kVBggivYm2w,kVBggivYm2w.mp4,260.93,262.814,segment_too_short,,cutfix_full_tier1_20260729_01,tier1
kVBggivYm2w,kVBggivYm2w.mp4,263.234,265.086,segment_too_short,,cutfix_full_tier1_20260729_01,tier1
kVBggivYm2w,kVBggivYm2w.mp4,271.49,272.286,segment_too_short,,cutfix_full_tier1_20260729_01,tier1
kVBggivYm2w,kVBggivYm2w.mp4,281.538,283.518,segment_too_short,,cutfix_full_tier1_20260729_01,tier1
kVBggivYm2w,kVBggivYm2w.mp4,283.874,285.502,segment_too_short,,cutfix_full_tier1_20260729_01,tier1
kVBggivYm2w,kVBggivYm2w.mp4,289.922,291.198,segment_too_short,,cutfix_full_tier1_20260729_01,tier1
kVBggivYm2w,kVBggivYm2w.mp4,291.298,292.958,segment_too_short,,cutfix_full_tier1_20260729_01,tier1
kVBggivYm2w,kVBggivYm2w.mp4,293.474,294.974,segment_too_short,,cutfix_full_tier1_20260729_01,tier1
kVBggivYm2w,kVBggivYm2w.mp4,299.266,299.87,segment_too_short,,cutfix_full_tier1_20260729_01,tier1
kVBggivYm2w,kVBggivYm2w.mp4,310.85,311.934,segment_too_short,,cutfix_full_tier1_20260729_01,tier1
kVBggivYm2w,kVBggivYm2w.mp4,312.546,313.63,segment_too_short,,cutfix_full_tier1_20260729_01,tier1
kVBggivYm2w,kVBggivYm2w.mp4,320.994,322.398,segment_too_short,,cutfix_full_tier1_20260729_01,tier1
kVBggivYm2w,kVBggivYm2w.mp4,322.882,324.158,segment_too_short,,cutfix_full_tier1_20260729_01,tier1
kVBggivYm2w,kVBggivYm2w.mp4,324.802,325.95,segment_too_short,,cutfix_full_tier1_20260729_01,tier1
kVBggivYm2w,kVBggivYm2w.mp4,326.658,327.518,segment_too_short,,cutfix_full_tier1_20260729_01,tier1
kVBggivYm2w,kVBggivYm2w.mp4,327.65,328.606,segment_too_short,,cutfix_full_tier1_20260729_01,tier1
kVBggivYm2w,kVBggivYm2w.mp4,328.866,329.502,segment_too_short,,cutfix_full_tier1_20260729_01,tier1
kVBggivYm2w,kVBggivYm2w.mp4,329.794,330.814,segment_too_short,,cutfix_full_tier1_20260729_01,tier1
kVBggivYm2w,kVBggivYm2w.mp4,345.282,346.91,segment_too_short,,cutfix_full_tier1_20260729_01,tier1
kVBggivYm2w,kVBggivYm2w.mp4,360.066,360.798,segment_too_short,,cutfix_full_tier1_20260729_01,tier1
kVBggivYm2w,kVBggivYm2w.mp4,368.642,369.406,segment_too_short,,cutfix_full_tier1_20260729_01,tier1
kVBggivYm2w,kVBggivYm2w.mp4,369.986,371.262,segment_too_short,,cutfix_full_tier1_20260729_01,tier1
kVBggivYm2w,kVBggivYm2w.mp4,374.722,376.67,segment_too_short,,cutfix_full_tier1_20260729_01,tier1
kVBggivYm2w,kVBggivYm2w.mp4,377.346,378.014,segment_too_short,,cutfix_full_tier1_20260729_01,tier1
kVBggivYm2w,kVBggivYm2w.mp4,392.61,393.406,segment_too_short,,cutfix_full_tier1_20260729_01,tier1
kVBggivYm2w,kVBggivYm2w.mp4,405.186,405.63,segment_too_short,,cutfix_full_tier1_20260729_01,tier1
kVBggivYm2w,kVBggivYm2w.mp4,405.89,407.454,segment_too_short,,cutfix_full_tier1_20260729_01,tier1
kVBggivYm2w,kVBggivYm2w.mp4,411.586,412.606,segment_too_short,,cutfix_full_tier1_20260729_01,tier1
kVBggivYm2w,kVBggivYm2w.mp4,417.698,418.59,segment_too_short,,cutfix_full_tier1_20260729_01,tier1
kVbtRZLU5lk,kVbtRZLU5lk.mp4,0.034,0.414,segment_too_short,,cutfix_full_tier1_20260729_01,tier1
kVbtRZLU5lk,kVbtRZLU5lk.mp4,23.586,25.566,segment_too_short,,cutfix_full_tier1_20260729_01,tier1
kVbtRZLU5lk,kVbtRZLU5lk.mp4,26.914,31.454,face_density_low,,cutfix_full_tier1_20260729_01,tier1
kVbtRZLU5lk,kVbtRZLU5lk.mp4,40.93,45.694,scene_cut_detected,,cutfix_full_tier1_20260729_01,tier1
kVbtRZLU5lk,kVbtRZLU5lk.mp4,54.242,54.654,segment_too_short,,cutfix_full_tier1_20260729_01,tier1
kVbtRZLU5lk,kVbtRZLU5lk.mp4,54.818,56.478,segment_too_short,,cutfix_full_tier1_20260729_01,tier1
kVbtRZLU5lk,kVbtRZLU5lk.mp4,57.058,57.566,segment_too_short,,cutfix_full_tier1_20260729_01,tier1
kVbtRZLU5lk,kVbtRZLU5lk.mp4,57.698,59.294,segment_too_short,,cutfix_full_tier1_20260729_01,tier1
kVbtRZLU5lk,kVbtRZLU5lk.mp4,59.682,60.19,segment_too_short,,cutfix_full_tier1_20260729_01,tier1
kVbtRZLU5lk,kVbtRZLU5lk.mp4,63.074,63.518,segment_too_short,,cutfix_full_tier1_20260729_01,tier1
kVbtRZLU5lk,kVbtRZLU5lk.mp4,70.626,71.134,segment_too_short,,cutfix_full_tier1_20260729_01,tier1
kVbtRZLU5lk,kVbtRZLU5lk.mp4,71.714,72.958,segment_too_short,,cutfix_full_tier1_20260729_01,tier1
kVbtRZLU5lk,kVbtRZLU5lk.mp4,73.41,73.918,segment_too_short,,cutfix_full_tier1_20260729_01,tier1
kVbtRZLU5lk,kVbtRZLU5lk.mp4,77.378,77.79,segment_too_short,,cutfix_full_tier1_20260729_01,tier1
kVbtRZLU5lk,kVbtRZLU5lk.mp4,81.41,81.982,segment_too_short,,cutfix_full_tier1_20260729_01,tier1
kVbtRZLU5lk,kVbtRZLU5lk.mp4,82.242,83.422,segment_too_short,,cutfix_full_tier1_20260729_01,tier1
kVbtRZLU5lk,kVbtRZLU5lk.mp4,83.586,83.998,segment_too_short,,cutfix_full_tier1_20260729_01,tier1
kVbtRZLU5lk,kVbtRZLU5lk.mp4,86.85,87.358,segment_too_short,,cutfix_full_tier1_20260729_01,tier1
kVbtRZLU5lk,kVbtRZLU5lk.mp4,89.986,90.654,segment_too_short,,cutfix_full_tier1_20260729_01,tier1
kVbtRZLU5lk,kVbtRZLU5lk.mp4,99.554,100.062,segment_too_short,,cutfix_full_tier1_20260729_01,tier1
kVbtRZLU5lk,kVbtRZLU5lk.mp4,100.258,101.214,segment_too_short,,cutfix_full_tier1_20260729_01,tier1
kVbtRZLU5lk,kVbtRZLU5lk.mp4,101.474,102.11,segment_too_short,,cutfix_full_tier1_20260729_01,tier1
kVbtRZLU5lk,kVbtRZLU5lk.mp4,105.282,105.886,segment_too_short,,cutfix_full_tier1_20260729_01,tier1
kVbtRZLU5lk,kVbtRZLU5lk.mp4,106.146,106.878,segment_too_short,,cutfix_full_tier1_20260729_01,tier1
kVbtRZLU5lk,kVbtRZLU5lk.mp4,116.514,118.174,segment_too_short,,cutfix_full_tier1_20260729_01,tier1
kVbtRZLU5lk,kVbtRZLU5lk.mp4,118.882,120.414,segment_too_short,,cutfix_full_tier1_20260729_01,tier1
kVbtRZLU5lk,kVbtRZLU5lk.mp4,137.186,139.166,segment_too_short,,cutfix_full_tier1_20260729_01,tier1
kVbtRZLU5lk,kVbtRZLU5lk.mp4,139.586,140.126,segment_too_short,,cutfix_full_tier1_20260729_01,tier1
kVbtRZLU5lk,kVbtRZLU5lk.mp4,140.514,141.47,segment_too_short,,cutfix_full_tier1_20260729_01,tier1
kVbtRZLU5lk,kVbtRZLU5lk.mp4,144.578,145.342,segment_too_short,,cutfix_full_tier1_20260729_01,tier1
kVbtRZLU5lk,kVbtRZLU5lk.mp4,148.77,149.822,segment_too_short,,cutfix_full_tier1_20260729_01,tier1
kVbtRZLU5lk,kVbtRZLU5lk.mp4,149.922,150.558,segment_too_short,,cutfix_full_tier1_20260729_01,tier1
kVbtRZLU5lk,kVbtRZLU5lk.mp4,163.778,164.99,segment_too_short,,cutfix_full_tier1_20260729_01,tier1
kVbtRZLU5lk,kVbtRZLU5lk.mp4,170.466,172.158,segment_too_short,,cutfix_full_tier1_20260729_01,tier1
kVbtRZLU5lk,kVbtRZLU5lk.mp4,172.674,173.502,segment_too_short,,cutfix_full_tier1_20260729_01,tier1
kVbtRZLU5lk,kVbtRZLU5lk.mp4,180.418,181.118,segment_too_short,,cutfix_full_tier1_20260729_01,tier1
kVbtRZLU5lk,kVbtRZLU5lk.mp4,181.73,183.23,segment_too_short,,cutfix_full_tier1_20260729_01,tier1
kVbtRZLU5lk,kVbtRZLU5lk.mp4,183.586,185.31,segment_too_short,,cutfix_full_tier1_20260729_01,tier1
kVbtRZLU5lk,kVbtRZLU5lk.mp4,188.866,190.334,segment_too_short,,cutfix_full_tier1_20260729_01,tier1
kVbtRZLU5lk,kVbtRZLU5lk.mp4,190.658,191.294,segment_too_short,,cutfix_full_tier1_20260729_01,tier1
kVbtRZLU5lk,kVbtRZLU5lk.mp4,191.618,197.406,face_density_low,,cutfix_full_tier1_20260729_01,tier1
kVbtRZLU5lk,kVbtRZLU5lk.mp4,197.538,203.39,scene_cut_detected,,cutfix_full_tier1_20260729_01,tier1
kVbtRZLU5lk,kVbtRZLU5lk.mp4,203.554,204.222,segment_too_short,,cutfix_full_tier1_20260729_01,tier1
kVbtRZLU5lk,kVbtRZLU5lk.mp4,207.65,209.95,scene_cut_detected,,cutfix_full_tier1_20260729_01,tier1
kVbtRZLU5lk,kVbtRZLU5lk.mp4,210.05,211.294,segment_too_short,,cutfix_full_tier1_20260729_01,tier1
kVbtRZLU5lk,kVbtRZLU5lk.mp4,211.426,216.19,scene_cut_detected,,cutfix_full_tier1_20260729_01,tier1
kVbtRZLU5lk,kVbtRZLU5lk.mp4,216.386,219.678,face_density_low,,cutfix_full_tier1_20260729_01,tier1
kVbtRZLU5lk,kVbtRZLU5lk.mp4,219.97,228.094,scene_cut_detected,,cutfix_full_tier1_20260729_01,tier1
kVbtRZLU5lk,kVbtRZLU5lk.mp4,228.258,229.47,segment_too_short,,cutfix_full_tier1_20260729_01,tier1
kVbtRZLU5lk,kVbtRZLU5lk.mp4,229.666,235.582,scene_cut_detected,,cutfix_full_tier1_20260729_01,tier1
kVbtRZLU5lk,kVbtRZLU5lk.mp4,238.69,239.486,segment_too_short,,cutfix_full_tier1_20260729_01,tier1
kVbtRZLU5lk,kVbtRZLU5lk.mp4,257.346,258.974,segment_too_short,,cutfix_full_tier1_20260729_01,tier1
kVbtRZLU5lk,kVbtRZLU5lk.mp4,267.17,268.734,segment_too_short,,cutfix_full_tier1_20260729_01,tier1
kVbtRZLU5lk,kVbtRZLU5lk.mp4,269.314,270.974,segment_too_short,,cutfix_full_tier1_20260729_01,tier1
kVbtRZLU5lk,kVbtRZLU5lk.mp4,278.114,278.718,segment_too_short,,cutfix_full_tier1_20260729_01,tier1
kVbtRZLU5lk,kVbtRZLU5lk.mp4,278.85,279.998,segment_too_short,,cutfix_full_tier1_20260729_01,tier1
kaMNjJDIkp4,kaMNjJDIkp4.mp4,27.618,29.022,segment_too_short,,cutfix_full_tier1_20260729_01,tier1
kaMNjJDIkp4,kaMNjJDIkp4.mp4,29.89,30.43,segment_too_short,,cutfix_full_tier1_20260729_01,tier1
kaMNjJDIkp4,kaMNjJDIkp4.mp4,38.946,43.742,scene_cut_detected,,cutfix_full_tier1_20260729_01,tier1
kaMNjJDIkp4,kaMNjJDIkp4.mp4,52.034,53.374,segment_too_short,,cutfix_full_tier1_20260729_01,tier1
kaMNjJDIkp4,kaMNjJDIkp4.mp4,63.266,69.054,scene_cut_detected,,cutfix_full_tier1_20260729_01,tier1
kaMNjJDIkp4,kaMNjJDIkp4.mp4,69.346,72.894,face_density_low,,cutfix_full_tier1_20260729_01,tier1
kaMNjJDIkp4,kaMNjJDIkp4.mp4,73.122,83.294,face_density_low,,cutfix_full_tier1_20260729_01,tier1
kaMNjJDIkp4,kaMNjJDIkp4.mp4,83.426,89.086,face_density_low,,cutfix_full_tier1_20260729_01,tier1
kaMNjJDIkp4,kaMNjJDIkp4.mp4,96.226,96.926,segment_too_short,,cutfix_full_tier1_20260729_01,tier1
kaMNjJDIkp4,kaMNjJDIkp4.mp4,128.29,137.374,face_density_low,,cutfix_full_tier1_20260729_01,tier1
kaMNjJDIkp4,kaMNjJDIkp4.mp4,137.698,142.698,face_density_low,,cutfix_full_tier1_20260729_01,tier1
kaMNjJDIkp4,kaMNjJDIkp4.mp4,141.698,146.698,face_density_low,,cutfix_full_tier1_20260729_01,tier1
kaMNjJDIkp4,kaMNjJDIkp4.mp4,155.746,160.222,face_density_low,,cutfix_full_tier1_20260729_01,tier1
kaMNjJDIkp4,kaMNjJDIkp4.mp4,160.61,164.414,face_density_low,,cutfix_full_tier1_20260729_01,tier1
kaMNjJDIkp4,kaMNjJDIkp4.mp4,164.61,167.102,face_density_low,,cutfix_full_tier1_20260729_01,tier1
kaMNjJDIkp4,kaMNjJDIkp4.mp4,171.33,176.33,scene_cut_detected,,cutfix_full_tier1_20260729_01,tier1
kaMNjJDIkp4,kaMNjJDIkp4.mp4,190.082,195.262,face_density_low,,cutfix_full_tier1_20260729_01,tier1
kaMNjJDIkp4,kaMNjJDIkp4.mp4,232.162,236.958,face_density_low,,cutfix_full_tier1_20260729_01,tier1
kaMNjJDIkp4,kaMNjJDIkp4.mp4,237.634,244.734,scene_cut_detected,,cutfix_full_tier1_20260729_01,tier1
kaMNjJDIkp4,kaMNjJDIkp4.mp4,276.162,277.022,segment_too_short,,cutfix_full_tier1_20260729_01,tier1
kaMNjJDIkp4,kaMNjJDIkp4.mp4,277.186,288.67,face_density_low,,cutfix_full_tier1_20260729_01,tier1
kaMNjJDIkp4,kaMNjJDIkp4.mp4,288.866,296.382,scene_cut_detected,,cutfix_full_tier1_20260729_01,tier1
kaMNjJDIkp4,kaMNjJDIkp4.mp4,315.49,320.49,face_density_low,,cutfix_full_tier1_20260729_01,tier1
kaMNjJDIkp4,kaMNjJDIkp4.mp4,319.49,324.49,face_density_low,,cutfix_full_tier1_20260729_01,tier1
kaMNjJDIkp4,kaMNjJDIkp4.mp4,325.122,330.398,face_density_low,,cutfix_full_tier1_20260729_01,tier1
kaMNjJDIkp4,kaMNjJDIkp4.mp4,330.594,335.582,face_density_low,,cutfix_full_tier1_20260729_01,tier1
kaMNjJDIkp4,kaMNjJDIkp4.mp4,337.442,337.982,segment_too_short,,cutfix_full_tier1_20260729_01,tier1
kaMNjJDIkp4,kaMNjJDIkp4.mp4,347.458,352.458,scene_cut_detected,,cutfix_full_tier1_20260729_01,tier1
kaMNjJDIkp4,kaMNjJDIkp4.mp4,351.458,356.458,scene_cut_detected,,cutfix_full_tier1_20260729_01,tier1
kaMNjJDIkp4,kaMNjJDIkp4.mp4,359.458,362.782,scene_cut_detected,,cutfix_full_tier1_20260729_01,tier1
kaMNjJDIkp4,kaMNjJDIkp4.mp4,363.138,373.694,scene_cut_detected,,cutfix_full_tier1_20260729_01,tier1
kaMNjJDIkp4,kaMNjJDIkp4.mp4,373.89,377.822,scene_cut_detected,,cutfix_full_tier1_20260729_01,tier1
kaMNjJDIkp4,kaMNjJDIkp4.mp4,377.986,382.986,scene_cut_detected,,cutfix_full_tier1_20260729_01,tier1
kaMNjJDIkp4,kaMNjJDIkp4.mp4,381.986,386.986,scene_cut_detected,,cutfix_full_tier1_20260729_01,tier1
kaMNjJDIkp4,kaMNjJDIkp4.mp4,389.986,392.894,scene_cut_detected,,cutfix_full_tier1_20260729_01,tier1
kaMNjJDIkp4,kaMNjJDIkp4.mp4,397.986,402.142,scene_cut_detected,,cutfix_full_tier1_20260729_01,tier1
kaMNjJDIkp4,kaMNjJDIkp4.mp4,402.274,407.274,scene_cut_detected,,cutfix_full_tier1_20260729_01,tier1
kaMNjJDIkp4,kaMNjJDIkp4.mp4,414.274,416.894,scene_cut_detected,,cutfix_full_tier1_20260729_01,tier1
kaMNjJDIkp4,kaMNjJDIkp4.mp4,417.154,419.038,segment_too_short,,cutfix_full_tier1_20260729_01,tier1
kaMNjJDIkp4,kaMNjJDIkp4.mp4,419.138,426.238,scene_cut_detected,,cutfix_full_tier1_20260729_01,tier1
kaMNjJDIkp4,kaMNjJDIkp4.mp4,426.594,431.594,scene_cut_detected,,cutfix_full_tier1_20260729_01,tier1
kaMNjJDIkp4,kaMNjJDIkp4.mp4,434.594,439.594,scene_cut_detected,,cutfix_full_tier1_20260729_01,tier1
kaMNjJDIkp4,kaMNjJDIkp4.mp4,442.626,447.102,scene_cut_detected,,cutfix_full_tier1_20260729_01,tier1
kaMNjJDIkp4,kaMNjJDIkp4.mp4,450.85,455.85,scene_cut_detected,,cutfix_full_tier1_20260729_01,tier1
kaMNjJDIkp4,kaMNjJDIkp4.mp4,454.85,459.85,scene_cut_detected,,cutfix_full_tier1_20260729_01,tier1
kaMNjJDIkp4,kaMNjJDIkp4.mp4,458.85,463.85,scene_cut_detected,,cutfix_full_tier1_20260729_01,tier1
kaMNjJDIkp4,kaMNjJDIkp4.mp4,466.85,471.85,scene_cut_detected,,cutfix_full_tier1_20260729_01,tier1
kaMNjJDIkp4,kaMNjJDIkp4.mp4,470.85,475.85,scene_cut_detected,,cutfix_full_tier1_20260729_01,tier1
kaMNjJDIkp4,kaMNjJDIkp4.mp4,477.282,483.934,scene_cut_detected,,cutfix_full_tier1_20260729_01,tier1
kaMNjJDIkp4,kaMNjJDIkp4.mp4,484.386,493.598,scene_cut_detected,,cutfix_full_tier1_20260729_01,tier1
kaMNjJDIkp4,kaMNjJDIkp4.mp4,493.73,497.246,scene_cut_detected,,cutfix_full_tier1_20260729_01,tier1
kaMNjJDIkp4,kaMNjJDIkp4.mp4,497.442,500.958,scene_cut_detected,,cutfix_full_tier1_20260729_01,tier1
kaMNjJDIkp4,kaMNjJDIkp4.mp4,501.346,511.518,scene_cut_detected,,cutfix_full_tier1_20260729_01,tier1
kaMNjJDIkp4,kaMNjJDIkp4.mp4,513.154,516.894,face_density_low,,cutfix_full_tier1_20260729_01,tier1
kaMNjJDIkp4,kaMNjJDIkp4.mp4,517.442,522.442,face_density_low,,cutfix_full_tier1_20260729_01,tier1
kaMNjJDIkp4,kaMNjJDIkp4.mp4,521.442,526.442,face_density_low,,cutfix_full_tier1_20260729_01,tier1
kaMNjJDIkp4,kaMNjJDIkp4.mp4,525.442,530.442,face_density_low,,cutfix_full_tier1_20260729_01,tier1
kaMNjJDIkp4,kaMNjJDIkp4.mp4,533.442,537.598,scene_cut_detected,,cutfix_full_tier1_20260729_01,tier1
kaMNjJDIkp4,kaMNjJDIkp4.mp4,538.082,549.502,face_density_low,,cutfix_full_tier1_20260729_01,tier1
kaMNjJDIkp4,kaMNjJDIkp4.mp4,549.666,553.886,face_density_low,,cutfix_full_tier1_20260729_01,tier1
kaMNjJDIkp4,kaMNjJDIkp4.mp4,554.146,559.146,face_density_low,,cutfix_full_tier1_20260729_01,tier1
kaMNjJDIkp4,kaMNjJDIkp4.mp4,562.146,567.146,scene_cut_detected,,cutfix_full_tier1_20260729_01,tier1
kaMNjJDIkp4,kaMNjJDIkp4.mp4,566.146,570.942,face_density_low,,cutfix_full_tier1_20260729_01,tier1
kaMNjJDIkp4,kaMNjJDIkp4.mp4,571.33,579.518,face_density_low,,cutfix_full_tier1_20260729_01,tier1
kaMNjJDIkp4,kaMNjJDIkp4.mp4,579.618,587.678,face_density_low,,cutfix_full_tier1_20260729_01,tier1
kaMNjJDIkp4,kaMNjJDIkp4.mp4,588.002,594.11,scene_cut_detected,,cutfix_full_tier1_20260729_01,tier1
kaMNjJDIkp4,kaMNjJDIkp4.mp4,594.37,603.614,scene_cut_detected,,cutfix_full_tier1_20260729_01,tier1
kaMNjJDIkp4,kaMNjJDIkp4.mp4,603.746,611.454,scene_cut_detected,,cutfix_full_tier1_20260729_01,tier1
kaMNjJDIkp4,kaMNjJDIkp4.mp4,611.586,615.806,scene_cut_detected,,cutfix_full_tier1_20260729_01,tier1
kaMNjJDIkp4,kaMNjJDIkp4.mp4,621.922,630.59,scene_cut_detected,,cutfix_full_tier1_20260729_01,tier1
kaMNjJDIkp4,kaMNjJDIkp4.mp4,635.234,639.614,scene_cut_detected,,cutfix_full_tier1_20260729_01,tier1
kaMNjJDIkp4,kaMNjJDIkp4.mp4,639.938,644.938,scene_cut_detected,,cutfix_full_tier1_20260729_01,tier1
kaMNjJDIkp4,kaMNjJDIkp4.mp4,643.938,648.938,scene_cut_detected,,cutfix_full_tier1_20260729_01,tier1
kaMNjJDIkp4,kaMNjJDIkp4.mp4,651.938,656.938,scene_cut_detected,,cutfix_full_tier1_20260729_01,tier1
kaMNjJDIkp4,kaMNjJDIkp4.mp4,658.37,664.99,scene_cut_detected,,cutfix_full_tier1_20260729_01,tier1
kaMNjJDIkp4,kaMNjJDIkp4.mp4,665.154,670.622,scene_cut_detected,,cutfix_full_tier1_20260729_01,tier1
kaMNjJDIkp4,kaMNjJDIkp4.mp4,671.01,681.31,scene_cut_detected,,cutfix_full_tier1_20260729_01,tier1
kaMNjJDIkp4,kaMNjJDIkp4.mp4,681.506,682.75,segment_too_short,,cutfix_full_tier1_20260729_01,tier1
kaMNjJDIkp4,kaMNjJDIkp4.mp4,686.69,693.15,scene_cut_detected,,cutfix_full_tier1_20260729_01,tier1
kaMNjJDIkp4,kaMNjJDIkp4.mp4,708.546,713.246,scene_cut_detected,,cutfix_full_tier1_20260729_01,tier1
kaMNjJDIkp4,kaMNjJDIkp4.mp4,713.378,720.67,scene_cut_detected,,cutfix_full_tier1_20260729_01,tier1
kpl2x_spetg,kpl2x_spetg.mp4,17.346,28.862,scene_cut_detected,,cutfix_full_tier1_20260729_01,tier1
kpl2x_spetg,kpl2x_spetg.mp4,29.218,29.918,segment_too_short,,cutfix_full_tier1_20260729_01,tier1
kpl2x_spetg,kpl2x_spetg.mp4,30.05,33.502,scene_cut_detected,,cutfix_full_tier1_20260729_01,tier1
kpl2x_spetg,kpl2x_spetg.mp4,40.93,47.486,scene_cut_detected,,cutfix_full_tier1_20260729_01,tier1
kpl2x_spetg,kpl2x_spetg.mp4,47.618,48.958,segment_too_short,,cutfix_full_tier1_20260729_01,tier1
kpl2x_spetg,kpl2x_spetg.mp4,49.186,49.63,segment_too_short,,cutfix_full_tier1_20260729_01,tier1
kpl2x_spetg,kpl2x_spetg.mp4,80.29,87.55,scene_cut_detected,,cutfix_full_tier1_20260729_01,tier1
kpl2x_spetg,kpl2x_spetg.mp4,87.778,96.99,scene_cut_detected,,cutfix_full_tier1_20260729_01,tier1
kpl2x_spetg,kpl2x_spetg.mp4,107.65,113.182,scene_cut_detected,,cutfix_full_tier1_20260729_01,tier1
kpl2x_spetg,kpl2x_spetg.mp4,118.114,126.846,scene_cut_detected,,cutfix_full_tier1_20260729_01,tier1
kpl2x_spetg,kpl2x_spetg.mp4,133.634,138.634,scene_cut_detected,,cutfix_full_tier1_20260729_01,tier1
kpl2x_spetg,kpl2x_spetg.mp4,158.754,159.87,segment_too_short,,cutfix_full_tier1_20260729_01,tier1
kpl2x_spetg,kpl2x_spetg.mp4,162.498,172.798,scene_cut_detected,,cutfix_full_tier1_20260729_01,tier1
kpl2x_spetg,kpl2x_spetg.mp4,172.962,176.606,scene_cut_detected,,cutfix_full_tier1_20260729_01,tier1
kpl2x_spetg,kpl2x_spetg.mp4,205.762,210.762,scene_cut_detected,,cutfix_full_tier1_20260729_01,tier1
kpl2x_spetg,kpl2x_spetg.mp4,214.242,214.846,segment_too_short,,cutfix_full_tier1_20260729_01,tier1
kpl2x_spetg,kpl2x_spetg.mp4,214.946,219.71,scene_cut_detected,,cutfix_full_tier1_20260729_01,tier1
kpl2x_spetg,kpl2x_spetg.mp4,226.37,229.214,scene_cut_detected,,cutfix_full_tier1_20260729_01,tier1
kpl2x_spetg,kpl2x_spetg.mp4,258.818,261.406,scene_cut_detected,,cutfix_full_tier1_20260729_01,tier1
kpl2x_spetg,kpl2x_spetg.mp4,279.842,282.942,face_density_low,,cutfix_full_tier1_20260729_01,tier1
kpl2x_spetg,kpl2x_spetg.mp4,283.426,294.014,scene_cut_detected,,cutfix_full_tier1_20260729_01,tier1
kpl2x_spetg,kpl2x_spetg.mp4,294.37,299.614,scene_cut_detected,,cutfix_full_tier1_20260729_01,tier1
kpl2x_spetg,kpl2x_spetg.mp4,315.106,315.966,segment_too_short,,cutfix_full_tier1_20260729_01,tier1
kpl2x_spetg,kpl2x_spetg.mp4,323.906,324.478,segment_too_short,,cutfix_full_tier1_20260729_01,tier1
kpl2x_spetg,kpl2x_spetg.mp4,348.866,351.966,face_density_low,,cutfix_full_tier1_20260729_01,tier1
kpl2x_spetg,kpl2x_spetg.mp4,352.194,363.358,scene_cut_detected,,cutfix_full_tier1_20260729_01,tier1
kpl2x_spetg,kpl2x_spetg.mp4,363.522,364.958,segment_too_short,,cutfix_full_tier1_20260729_01,tier1
kpl2x_spetg,kpl2x_spetg.mp4,371.01,372.03,segment_too_short,,cutfix_full_tier1_20260729_01,tier1
kpl2x_spetg,kpl2x_spetg.mp4,378.146,378.622,segment_too_short,,cutfix_full_tier1_20260729_01,tier1
kpl2x_spetg,kpl2x_spetg.mp4,392.93,397.566,face_density_low,,cutfix_full_tier1_20260729_01,tier1
kpl2x_spetg,kpl2x_spetg.mp4,397.666,398.59,segment_too_short,,cutfix_full_tier1_20260729_01,tier1
kpl2x_spetg,kpl2x_spetg.mp4,398.722,400.222,segment_too_short,,cutfix_full_tier1_20260729_01,tier1
kpl2x_spetg,kpl2x_spetg.mp4,400.354,405.534,scene_cut_detected,,cutfix_full_tier1_20260729_01,tier1
kpl2x_spetg,kpl2x_spetg.mp4,405.826,411.998,face_density_low,,cutfix_full_tier1_20260729_01,tier1
kpl2x_spetg,kpl2x_spetg.mp4,412.162,416.99,face_density_low,,cutfix_full_tier1_20260729_01,tier1
kpl2x_spetg,kpl2x_spetg.mp4,417.346,421.726,face_density_low,,cutfix_full_tier1_20260729_01,tier1
kpl2x_spetg,kpl2x_spetg.mp4,421.826,426.814,face_density_low,,cutfix_full_tier1_20260729_01,tier1
kpl2x_spetg,kpl2x_spetg.mp4,430.818,439.39,face_density_low,,cutfix_full_tier1_20260729_01,tier1
kpl2x_spetg,kpl2x_spetg.mp4,439.49,441.662,face_density_low,,cutfix_full_tier1_20260729_01,tier1
kpl2x_spetg,kpl2x_spetg.mp4,442.242,444.798,face_density_low,,cutfix_full_tier1_20260729_01,tier1
kpl2x_spetg,kpl2x_spetg.mp4,444.898,449.054,face_density_low,,cutfix_full_tier1_20260729_01,tier1
kpl2x_spetg,kpl2x_spetg.mp4,449.282,453.534,face_density_low,,cutfix_full_tier1_20260729_01,tier1
kpl2x_spetg,kpl2x_spetg.mp4,465.154,467.774,face_density_low,,cutfix_full_tier1_20260729_01,tier1
kpl2x_spetg,kpl2x_spetg.mp4,468.194,468.958,segment_too_short,,cutfix_full_tier1_20260729_01,tier1
kpl2x_spetg,kpl2x_spetg.mp4,469.218,474.974,face_density_low,,cutfix_full_tier1_20260729_01,tier1
kpl2x_spetg,kpl2x_spetg.mp4,475.458,482.43,scene_cut_detected,,cutfix_full_tier1_20260729_01,tier1
kpl2x_spetg,kpl2x_spetg.mp4,488.002,495.486,scene_cut_detected,,cutfix_full_tier1_20260729_01,tier1
kpl2x_spetg,kpl2x_spetg.mp4,518.21,519.71,segment_too_short,,cutfix_full_tier1_20260729_01,tier1
kpl2x_spetg,kpl2x_spetg.mp4,536.098,538.974,face_density_low,,cutfix_full_tier1_20260729_01,tier1
kpl2x_spetg,kpl2x_spetg.mp4,539.298,540.254,segment_too_short,,cutfix_full_tier1_20260729_01,tier1
kpl2x_spetg,kpl2x_spetg.mp4,540.354,544.35,face_density_low,,cutfix_full_tier1_20260729_01,tier1
kpl2x_spetg,kpl2x_spetg.mp4,544.578,550.942,face_density_low,,cutfix_full_tier1_20260729_01,tier1
kpl2x_spetg,kpl2x_spetg.mp4,551.042,552.382,segment_too_short,,cutfix_full_tier1_20260729_01,tier1
kpl2x_spetg,kpl2x_spetg.mp4,552.77,556.67,face_density_low,,cutfix_full_tier1_20260729_01,tier1
kpl2x_spetg,kpl2x_spetg.mp4,556.77,559.582,face_density_low,,cutfix_full_tier1_20260729_01,tier1
kpl2x_spetg,kpl2x_spetg.mp4,560.866,562.686,segment_too_short,,cutfix_full_tier1_20260729_01,tier1
kpl2x_spetg,kpl2x_spetg.mp4,573.442,575.23,segment_too_short,,cutfix_full_tier1_20260729_01,tier1
kpl2x_spetg,kpl2x_spetg.mp4,575.362,578.91,face_density_low,,cutfix_full_tier1_20260729_01,tier1
kpl2x_spetg,kpl2x_spetg.mp4,579.394,580.734,segment_too_short,,cutfix_full_tier1_20260729_01,tier1
kpl2x_spetg,kpl2x_spetg.mp4,647.394,651.71,face_density_low,,cutfix_full_tier1_20260729_01,tier1
kpl2x_spetg,kpl2x_spetg.mp4,652.162,663.358,face_density_low,,cutfix_full_tier1_20260729_01,tier1
kpl2x_spetg,kpl2x_spetg.mp4,663.522,670.142,face_density_low,,cutfix_full_tier1_20260729_01,tier1
kpl2x_spetg,kpl2x_spetg.mp4,670.626,671.774,segment_too_short,,cutfix_full_tier1_20260729_01,tier1
kpl2x_spetg,kpl2x_spetg.mp4,671.874,675.102,face_density_low,,cutfix_full_tier1_20260729_01,tier1
kpl2x_spetg,kpl2x_spetg.mp4,675.266,682.302,face_density_low,,cutfix_full_tier1_20260729_01,tier1
kpl2x_spetg,kpl2x_spetg.mp4,682.434,684.35,segment_too_short,,cutfix_full_tier1_20260729_01,tier1
kpl2x_spetg,kpl2x_spetg.mp4,691.17,692.51,segment_too_short,,cutfix_full_tier1_20260729_01,tier1
kpl2x_spetg,kpl2x_spetg.mp4,810.146,815.678,face_density_low,,cutfix_full_tier1_20260729_01,tier1
kpl2x_spetg,kpl2x_spetg.mp4,816.258,827.966,face_density_low,,cutfix_full_tier1_20260729_01,tier1
kpl2x_spetg,kpl2x_spetg.mp4,925.826,927.198,segment_too_short,,cutfix_full_tier1_20260729_01,tier1
kpl2x_spetg,kpl2x_spetg.mp4,932.61,944.222,face_density_low,,cutfix_full_tier1_20260729_01,tier1
kpl2x_spetg,kpl2x_spetg.mp4,944.354,950.142,face_density_low,,cutfix_full_tier1_20260729_01,tier1
kpl2x_spetg,kpl2x_spetg.mp4,950.466,952.254,segment_too_short,,cutfix_full_tier1_20260729_01,tier1
kpl2x_spetg,kpl2x_spetg.mp4,952.386,956.67,face_density_low,,cutfix_full_tier1_20260729_01,tier1
kpl2x_spetg,kpl2x_spetg.mp4,956.962,958.814,segment_too_short,,cutfix_full_tier1_20260729_01,tier1
kpl2x_spetg,kpl2x_spetg.mp4,958.914,965.886,face_density_low,,cutfix_full_tier1_20260729_01,tier1
kytFtB_wf1U,kytFtB_wf1U.mp4,27.01,28.414,segment_too_short,,cutfix_full_tier1_20260729_01,tier1
kytFtB_wf1U,kytFtB_wf1U.mp4,29.25,29.822,segment_too_short,,cutfix_full_tier1_20260729_01,tier1
kytFtB_wf1U,kytFtB_wf1U.mp4,38.978,43.646,scene_cut_detected,,cutfix_full_tier1_20260729_01,tier1
kytFtB_wf1U,kytFtB_wf1U.mp4,49.218,50.75,segment_too_short,,cutfix_full_tier1_20260729_01,tier1
kytFtB_wf1U,kytFtB_wf1U.mp4,62.786,67.998,scene_cut_detected,,cutfix_full_tier1_20260729_01,tier1
kytFtB_wf1U,kytFtB_wf1U.mp4,86.562,91.562,scene_cut_detected,,cutfix_full_tier1_20260729_01,tier1
kytFtB_wf1U,kytFtB_wf1U.mp4,90.562,95.134,scene_cut_detected,,cutfix_full_tier1_20260729_01,tier1
kytFtB_wf1U,kytFtB_wf1U.mp4,95.618,103.422,scene_cut_detected,,cutfix_full_tier1_20260729_01,tier1
kytFtB_wf1U,kytFtB_wf1U.mp4,103.842,109.086,scene_cut_detected,,cutfix_full_tier1_20260729_01,tier1
kytFtB_wf1U,kytFtB_wf1U.mp4,109.218,111.102,segment_too_short,,cutfix_full_tier1_20260729_01,tier1
kytFtB_wf1U,kytFtB_wf1U.mp4,111.522,115.134,scene_cut_detected,,cutfix_full_tier1_20260729_01,tier1
kytFtB_wf1U,kytFtB_wf1U.mp4,123.714,128.126,scene_cut_detected,,cutfix_full_tier1_20260729_01,tier1
kytFtB_wf1U,kytFtB_wf1U.mp4,128.258,133.258,scene_cut_detected,,cutfix_full_tier1_20260729_01,tier1
kytFtB_wf1U,kytFtB_wf1U.mp4,136.258,140.798,scene_cut_detected,,cutfix_full_tier1_20260729_01,tier1
kytFtB_wf1U,kytFtB_wf1U.mp4,153.954,160.83,scene_cut_detected,,cutfix_full_tier1_20260729_01,tier1
kytFtB_wf1U,kytFtB_wf1U.mp4,160.93,162.078,segment_too_short,,cutfix_full_tier1_20260729_01,tier1
kytFtB_wf1U,kytFtB_wf1U.mp4,162.274,167.774,scene_cut_detected,,cutfix_full_tier1_20260729_01,tier1
kytFtB_wf1U,kytFtB_wf1U.mp4,167.874,172.19,scene_cut_detected,,cutfix_full_tier1_20260729_01,tier1
kytFtB_wf1U,kytFtB_wf1U.mp4,172.322,182.302,scene_cut_detected,,cutfix_full_tier1_20260729_01,tier1
kytFtB_wf1U,kytFtB_wf1U.mp4,189.858,191.614,segment_too_short,,cutfix_full_tier1_20260729_01,tier1
kytFtB_wf1U,kytFtB_wf1U.mp4,191.714,194.526,scene_cut_detected,,cutfix_full_tier1_20260729_01,tier1
kytFtB_wf1U,kytFtB_wf1U.mp4,194.786,196.318,segment_too_short,,cutfix_full_tier1_20260729_01,tier1
kytFtB_wf1U,kytFtB_wf1U.mp4,196.418,197.79,segment_too_short,,cutfix_full_tier1_20260729_01,tier1
kytFtB_wf1U,kytFtB_wf1U.mp4,198.114,203.07,scene_cut_detected,,cutfix_full_tier1_20260729_01,tier1
kytFtB_wf1U,kytFtB_wf1U.mp4,203.17,205.438,scene_cut_detected,,cutfix_full_tier1_20260729_01,tier1
kytFtB_wf1U,kytFtB_wf1U.mp4,214.05,222.942,scene_cut_detected,,cutfix_full_tier1_20260729_01,tier1
kytFtB_wf1U,kytFtB_wf1U.mp4,223.234,229.598,scene_cut_detected,,cutfix_full_tier1_20260729_01,tier1
kytFtB_wf1U,kytFtB_wf1U.mp4,238.786,244.062,scene_cut_detected,,cutfix_full_tier1_20260729_01,tier1
kytFtB_wf1U,kytFtB_wf1U.mp4,248.514,254.878,scene_cut_detected,,cutfix_full_tier1_20260729_01,tier1
kytFtB_wf1U,kytFtB_wf1U.mp4,260.834,264.35,scene_cut_detected,,cutfix_full_tier1_20260729_01,tier1
kytFtB_wf1U,kytFtB_wf1U.mp4,264.514,266.878,face_density_low,,cutfix_full_tier1_20260729_01,tier1
kytFtB_wf1U,kytFtB_wf1U.mp4,273.986,277.534,scene_cut_detected,,cutfix_full_tier1_20260729_01,tier1
kytFtB_wf1U,kytFtB_wf1U.mp4,277.666,280.574,scene_cut_detected,,cutfix_full_tier1_20260729_01,tier1
kytFtB_wf1U,kytFtB_wf1U.mp4,285.058,286.846,segment_too_short,,cutfix_full_tier1_20260729_01,tier1
kytFtB_wf1U,kytFtB_wf1U.mp4,286.978,293.438,scene_cut_detected,,cutfix_full_tier1_20260729_01,tier1
kytFtB_wf1U,kytFtB_wf1U.mp4,297.442,302.302,scene_cut_detected,,cutfix_full_tier1_20260729_01,tier1
kytFtB_wf1U,kytFtB_wf1U.mp4,302.69,305.342,scene_cut_detected,,cutfix_full_tier1_20260729_01,tier1
kytFtB_wf1U,kytFtB_wf1U.mp4,305.634,306.398,segment_too_short,,cutfix_full_tier1_20260729_01,tier1
kytFtB_wf1U,kytFtB_wf1U.mp4,306.498,307.806,segment_too_short,,cutfix_full_tier1_20260729_01,tier1
kytFtB_wf1U,kytFtB_wf1U.mp4,308.226,309.406,segment_too_short,,cutfix_full_tier1_20260729_01,tier1
kytFtB_wf1U,kytFtB_wf1U.mp4,311.938,313.502,segment_too_short,,cutfix_full_tier1_20260729_01,tier1
kytFtB_wf1U,kytFtB_wf1U.mp4,313.602,317.022,scene_cut_detected,,cutfix_full_tier1_20260729_01,tier1
kytFtB_wf1U,kytFtB_wf1U.mp4,317.186,323.774,face_density_low,,cutfix_full_tier1_20260729_01,tier1
kytFtB_wf1U,kytFtB_wf1U.mp4,323.938,326.622,scene_cut_detected,,cutfix_full_tier1_20260729_01,tier1
kytFtB_wf1U,kytFtB_wf1U.mp4,326.722,329.406,face_density_low,,cutfix_full_tier1_20260729_01,tier1
kytFtB_wf1U,kytFtB_wf1U.mp4,333.41,333.982,segment_too_short,,cutfix_full_tier1_20260729_01,tier1
kytFtB_wf1U,kytFtB_wf1U.mp4,339.202,343.742,scene_cut_detected,,cutfix_full_tier1_20260729_01,tier1
kytFtB_wf1U,kytFtB_wf1U.mp4,344.322,349.278,face_density_low,,cutfix_full_tier1_20260729_01,tier1
kytFtB_wf1U,kytFtB_wf1U.mp4,349.698,350.654,segment_too_short,,cutfix_full_tier1_20260729_01,tier1
kytFtB_wf1U,kytFtB_wf1U.mp4,350.754,358.814,face_density_low,,cutfix_full_tier1_20260729_01,tier1
kytFtB_wf1U,kytFtB_wf1U.mp4,359.074,367.934,face_density_low,,cutfix_full_tier1_20260729_01,tier1
kytFtB_wf1U,kytFtB_wf1U.mp4,368.322,370.27,segment_too_short,,cutfix_full_tier1_20260729_01,tier1
kytFtB_wf1U,kytFtB_wf1U.mp4,378.626,381.534,face_density_low,,cutfix_full_tier1_20260729_01,tier1
kytFtB_wf1U,kytFtB_wf1U.mp4,381.698,382.462,segment_too_short,,cutfix_full_tier1_20260729_01,tier1
kytFtB_wf1U,kytFtB_wf1U.mp4,388.546,395.038,scene_cut_detected,,cutfix_full_tier1_20260729_01,tier1
kytFtB_wf1U,kytFtB_wf1U.mp4,395.17,401.886,scene_cut_detected,,cutfix_full_tier1_20260729_01,tier1
kytFtB_wf1U,kytFtB_wf1U.mp4,402.242,403.038,segment_too_short,,cutfix_full_tier1_20260729_01,tier1
kytFtB_wf1U,kytFtB_wf1U.mp4,429.57,439.102,scene_cut_detected,,cutfix_full_tier1_20260729_01,tier1
kytFtB_wf1U,kytFtB_wf1U.mp4,439.234,440.798,segment_too_short,,cutfix_full_tier1_20260729_01,tier1
kytFtB_wf1U,kytFtB_wf1U.mp4,444.674,446.526,segment_too_short,,cutfix_full_tier1_20260729_01,tier1
kytFtB_wf1U,kytFtB_wf1U.mp4,469.09,473.47,face_density_low,,cutfix_full_tier1_20260729_01,tier1
kytFtB_wf1U,kytFtB_wf1U.mp4,473.762,475.006,segment_too_short,,cutfix_full_tier1_20260729_01,tier1
kytFtB_wf1U,kytFtB_wf1U.mp4,475.33,477.31,segment_too_short,,cutfix_full_tier1_20260729_01,tier1
kytFtB_wf1U,kytFtB_wf1U.mp4,481.73,486.73,scene_cut_detected,,cutfix_full_tier1_20260729_01,tier1
kytFtB_wf1U,kytFtB_wf1U.mp4,505.954,512.094,scene_cut_detected,,cutfix_full_tier1_20260729_01,tier1
kytFtB_wf1U,kytFtB_wf1U.mp4,574.402,578.27,face_density_low,,cutfix_full_tier1_20260729_01,tier1
kytFtB_wf1U,kytFtB_wf1U.mp4,578.53,580.222,segment_too_short,,cutfix_full_tier1_20260729_01,tier1
kytFtB_wf1U,kytFtB_wf1U.mp4,580.322,581.79,segment_too_short,,cutfix_full_tier1_20260729_01,tier1
kytFtB_wf1U,kytFtB_wf1U.mp4,582.05,587.23,face_density_low,,cutfix_full_tier1_20260729_01,tier1
kytFtB_wf1U,kytFtB_wf1U.mp4,587.65,591.198,face_density_low,,cutfix_full_tier1_20260729_01,tier1
kytFtB_wf1U,kytFtB_wf1U.mp4,595.81,596.926,segment_too_short,,cutfix_full_tier1_20260729_01,tier1
kytFtB_wf1U,kytFtB_wf1U.mp4,597.25,603.998,scene_cut_detected,,cutfix_full_tier1_20260729_01,tier1
kytFtB_wf1U,kytFtB_wf1U.mp4,619.682,624.446,face_density_low,,cutfix_full_tier1_20260729_01,tier1
kytFtB_wf1U,kytFtB_wf1U.mp4,624.642,626.398,segment_too_short,,cutfix_full_tier1_20260729_01,tier1
kytFtB_wf1U,kytFtB_wf1U.mp4,626.786,629.406,face_density_low,,cutfix_full_tier1_20260729_01,tier1
kytFtB_wf1U,kytFtB_wf1U.mp4,629.538,631.07,segment_too_short,,cutfix_full_tier1_20260729_01,tier1
kytFtB_wf1U,kytFtB_wf1U.mp4,631.17,632.958,segment_too_short,,cutfix_full_tier1_20260729_01,tier1
kytFtB_wf1U,kytFtB_wf1U.mp4,633.25,636.958,face_density_low,,cutfix_full_tier1_20260729_01,tier1
kytFtB_wf1U,kytFtB_wf1U.mp4,642.242,649.694,face_density_low,,cutfix_full_tier1_20260729_01,tier1
kytFtB_wf1U,kytFtB_wf1U.mp4,654.21,657.054,face_density_low,,cutfix_full_tier1_20260729_01,tier1
kytFtB_wf1U,kytFtB_wf1U.mp4,665.634,668.446,face_density_low,,cutfix_full_tier1_20260729_01,tier1
kytFtB_wf1U,kytFtB_wf1U.mp4,678.146,681.95,face_density_low,,cutfix_full_tier1_20260729_01,tier1
kytFtB_wf1U,kytFtB_wf1U.mp4,682.306,684.062,segment_too_short,,cutfix_full_tier1_20260729_01,tier1
kytFtB_wf1U,kytFtB_wf1U.mp4,701.442,706.558,scene_cut_detected,,cutfix_full_tier1_20260729_01,tier1
kytFtB_wf1U,kytFtB_wf1U.mp4,706.658,711.358,scene_cut_detected,,cutfix_full_tier1_20260729_01,tier1
l9jY99iqS48,l9jY99iqS48.mp4,0.034,5.034,face_density_low,,cutfix_full_tier1_20260729_01,tier1
l9jY99iqS48,l9jY99iqS48.mp4,37.922,45.502,scene_cut_detected,,cutfix_full_tier1_20260729_01,tier1
l9jY99iqS48,l9jY99iqS48.mp4,45.602,50.602,face_density_low,,cutfix_full_tier1_20260729_01,tier1
l9jY99iqS48,l9jY99iqS48.mp4,49.602,54.602,scene_cut_detected,,cutfix_full_tier1_20260729_01,tier1
l9jY99iqS48,l9jY99iqS48.mp4,61.986,64.19,face_density_low,,cutfix_full_tier1_20260729_01,tier1
l9jY99iqS48,l9jY99iqS48.mp4,64.29,65.182,segment_too_short,,cutfix_full_tier1_20260729_01,tier1
l9jY99iqS48,l9jY99iqS48.mp4,65.474,68.478,face_density_low,,cutfix_full_tier1_20260729_01,tier1
l9jY99iqS48,l9jY99iqS48.mp4,68.578,71.582,face_density_low,,cutfix_full_tier1_20260729_01,tier1
l9jY99iqS48,l9jY99iqS48.mp4,71.97,73.342,segment_too_short,,cutfix_full_tier1_20260729_01,tier1
l9jY99iqS48,l9jY99iqS48.mp4,88.834,90.11,segment_too_short,,cutfix_full_tier1_20260729_01,tier1
l9jY99iqS48,l9jY99iqS48.mp4,116.642,117.566,segment_too_short,,cutfix_full_tier1_20260729_01,tier1
l9jY99iqS48,l9jY99iqS48.mp4,118.146,119.902,segment_too_short,,cutfix_full_tier1_20260729_01,tier1
l9jY99iqS48,l9jY99iqS48.mp4,120.93,121.758,segment_too_short,,cutfix_full_tier1_20260729_01,tier1
l9jY99iqS48,l9jY99iqS48.mp4,124.962,125.726,segment_too_short,,cutfix_full_tier1_20260729_01,tier1
l9jY99iqS48,l9jY99iqS48.mp4,125.954,127.486,segment_too_short,,cutfix_full_tier1_20260729_01,tier1
l9jY99iqS48,l9jY99iqS48.mp4,132.514,132.862,segment_too_short,,cutfix_full_tier1_20260729_01,tier1
l9jY99iqS48,l9jY99iqS48.mp4,143.426,144.222,segment_too_short,,cutfix_full_tier1_20260729_01,tier1
l9jY99iqS48,l9jY99iqS48.mp4,163.49,171.486,scene_cut_detected,,cutfix_full_tier1_20260729_01,tier1
l9jY99iqS48,l9jY99iqS48.mp4,228.546,230.078,segment_too_short,,cutfix_full_tier1_20260729_01,tier1
l9jY99iqS48,l9jY99iqS48.mp4,280.066,285.066,face_density_low,,cutfix_full_tier1_20260729_01,tier1
l9jY99iqS48,l9jY99iqS48.mp4,295.138,300.062,face_density_low,,cutfix_full_tier1_20260729_01,tier1
l9jY99iqS48,l9jY99iqS48.mp4,349.602,356.798,face_density_low,,cutfix_full_tier1_20260729_01,tier1
l9jY99iqS48,l9jY99iqS48.mp4,356.898,361.898,face_density_low,,cutfix_full_tier1_20260729_01,tier1
l9jY99iqS48,l9jY99iqS48.mp4,390.978,391.39,segment_too_short,,cutfix_full_tier1_20260729_01,tier1
l9jY99iqS48,l9jY99iqS48.mp4,401.634,402.302,segment_too_short,,cutfix_full_tier1_20260729_01,tier1
l9jY99iqS48,l9jY99iqS48.mp4,402.466,413.822,scene_cut_detected,,cutfix_full_tier1_20260729_01,tier1
l9jY99iqS48,l9jY99iqS48.mp4,426.562,429.822,scene_cut_detected,,cutfix_full_tier1_20260729_01,tier1
l9jY99iqS48,l9jY99iqS48.mp4,439.106,441.022,segment_too_short,,cutfix_full_tier1_20260729_01,tier1
l9jY99iqS48,l9jY99iqS48.mp4,441.122,441.662,segment_too_short,,cutfix_full_tier1_20260729_01,tier1
l9jY99iqS48,l9jY99iqS48.mp4,491.458,492.862,segment_too_short,,cutfix_full_tier1_20260729_01,tier1
l9jY99iqS48,l9jY99iqS48.mp4,525.282,526.942,segment_too_short,,cutfix_full_tier1_20260729_01,tier1
l9jY99iqS48,l9jY99iqS48.mp4,527.042,535.134,face_density_low,,cutfix_full_tier1_20260729_01,tier1
l9jY99iqS48,l9jY99iqS48.mp4,543.298,548.298,face_density_low,,cutfix_full_tier1_20260729_01,tier1
l9jY99iqS48,l9jY99iqS48.mp4,547.298,552.298,face_density_low,,cutfix_full_tier1_20260729_01,tier1
l9jY99iqS48,l9jY99iqS48.mp4,598.018,599.326,segment_too_short,,cutfix_full_tier1_20260729_01,tier1
l9jY99iqS48,l9jY99iqS48.mp4,602.914,603.838,segment_too_short,,cutfix_full_tier1_20260729_01,tier1
l9jY99iqS48,l9jY99iqS48.mp4,627.874,628.286,segment_too_short,,cutfix_full_tier1_20260729_01,tier1
l9jY99iqS48,l9jY99iqS48.mp4,628.674,629.47,segment_too_short,,cutfix_full_tier1_20260729_01,tier1
l9jY99iqS48,l9jY99iqS48.mp4,642.818,643.55,segment_too_short,,cutfix_full_tier1_20260729_01,tier1
lFiT3vyjLdw,lFiT3vyjLdw.mp4,23.65,25.246,segment_too_short,,cutfix_full_tier1_20260729_01,tier1
lFiT3vyjLdw,lFiT3vyjLdw.mp4,31.874,33.566,segment_too_short,,cutfix_full_tier1_20260729_01,tier1
lFiT3vyjLdw,lFiT3vyjLdw.mp4,51.65,53.182,segment_too_short,,cutfix_full_tier1_20260729_01,tier1
lFiT3vyjLdw,lFiT3vyjLdw.mp4,59.074,63.614,face_density_low,,cutfix_full_tier1_20260729_01,tier1
lFiT3vyjLdw,lFiT3vyjLdw.mp4,64.354,73.118,scene_cut_detected,,cutfix_full_tier1_20260729_01,tier1
lFiT3vyjLdw,lFiT3vyjLdw.mp4,94.21,98.974,face_density_low,,cutfix_full_tier1_20260729_01,tier1
lFiT3vyjLdw,lFiT3vyjLdw.mp4,99.33,107.39,scene_cut_detected,,cutfix_full_tier1_20260729_01,tier1
lFiT3vyjLdw,lFiT3vyjLdw.mp4,127.618,131.934,face_density_low,,cutfix_full_tier1_20260729_01,tier1
lFiT3vyjLdw,lFiT3vyjLdw.mp4,139.906,142.878,face_density_low,,cutfix_full_tier1_20260729_01,tier1
lFiT3vyjLdw,lFiT3vyjLdw.mp4,143.17,148.414,face_density_low,,cutfix_full_tier1_20260729_01,tier1
lFiT3vyjLdw,lFiT3vyjLdw.mp4,148.738,153.502,face_density_low,,cutfix_full_tier1_20260729_01,tier1
lFiT3vyjLdw,lFiT3vyjLdw.mp4,193.218,202.27,scene_cut_detected,,cutfix_full_tier1_20260729_01,tier1
lFiT3vyjLdw,lFiT3vyjLdw.mp4,214.754,219.39,scene_cut_detected,,cutfix_full_tier1_20260729_01,tier1
lFiT3vyjLdw,lFiT3vyjLdw.mp4,219.97,229.47,scene_cut_detected,,cutfix_full_tier1_20260729_01,tier1
lFiT3vyjLdw,lFiT3vyjLdw.mp4,235.138,242.526,scene_cut_detected,,cutfix_full_tier1_20260729_01,tier1
lFiT3vyjLdw,lFiT3vyjLdw.mp4,249.442,260.702,scene_cut_detected,,cutfix_full_tier1_20260729_01,tier1
lFiT3vyjLdw,lFiT3vyjLdw.mp4,261.89,262.238,segment_too_short,,cutfix_full_tier1_20260729_01,tier1
lFiT3vyjLdw,lFiT3vyjLdw.mp4,265.794,269.246,face_density_low,,cutfix_full_tier1_20260729_01,tier1
lFiT3vyjLdw,lFiT3vyjLdw.mp4,269.666,274.666,face_density_low,,cutfix_full_tier1_20260729_01,tier1
lFiT3vyjLdw,lFiT3vyjLdw.mp4,285.666,290.398,scene_cut_detected,,cutfix_full_tier1_20260729_01,tier1
lFiT3vyjLdw,lFiT3vyjLdw.mp4,313.826,318.826,face_density_low,,cutfix_full_tier1_20260729_01,tier1
lFiT3vyjLdw,lFiT3vyjLdw.mp4,325.826,329.246,face_density_low,,cutfix_full_tier1_20260729_01,tier1
lFiT3vyjLdw,lFiT3vyjLdw.mp4,337.314,341.918,face_density_low,,cutfix_full_tier1_20260729_01,tier1
lFiT3vyjLdw,lFiT3vyjLdw.mp4,368.002,374.654,face_density_low,,cutfix_full_tier1_20260729_01,tier1
lFiT3vyjLdw,lFiT3vyjLdw.mp4,375.426,376.222,segment_too_short,,cutfix_full_tier1_20260729_01,tier1
lFiT3vyjLdw,lFiT3vyjLdw.mp4,376.386,377.246,segment_too_short,,cutfix_full_tier1_20260729_01,tier1
lFiT3vyjLdw,lFiT3vyjLdw.mp4,401.378,406.378,face_density_low,,cutfix_full_tier1_20260729_01,tier1
lFiT3vyjLdw,lFiT3vyjLdw.mp4,472.898,480.862,scene_cut_detected,,cutfix_full_tier1_20260729_01,tier1
lFiT3vyjLdw,lFiT3vyjLdw.mp4,480.994,482.494,segment_too_short,,cutfix_full_tier1_20260729_01,tier1
lFiT3vyjLdw,lFiT3vyjLdw.mp4,482.626,483.966,segment_too_short,,cutfix_full_tier1_20260729_01,tier1
lFiT3vyjLdw,lFiT3vyjLdw.mp4,498.978,501.342,face_density_low,,cutfix_full_tier1_20260729_01,tier1
lFiT3vyjLdw,lFiT3vyjLdw.mp4,501.602,513.054,face_density_low,,cutfix_full_tier1_20260729_01,tier1
lFiT3vyjLdw,lFiT3vyjLdw.mp4,569.634,571.198,segment_too_short,,cutfix_full_tier1_20260729_01,tier1
lFiT3vyjLdw,lFiT3vyjLdw.mp4,588.098,590.718,face_density_low,,cutfix_full_tier1_20260729_01,tier1
lFiT3vyjLdw,lFiT3vyjLdw.mp4,613.826,614.75,segment_too_short,,cutfix_full_tier1_20260729_01,tier1
lFiT3vyjLdw,lFiT3vyjLdw.mp4,622.114,632.414,scene_cut_detected,,cutfix_full_tier1_20260729_01,tier1
lFiT3vyjLdw,lFiT3vyjLdw.mp4,635.234,637.15,segment_too_short,,cutfix_full_tier1_20260729_01,tier1
lFiT3vyjLdw,lFiT3vyjLdw.mp4,639.618,641.502,segment_too_short,,cutfix_full_tier1_20260729_01,tier1
lFiT3vyjLdw,lFiT3vyjLdw.mp4,659.362,666.942,face_density_low,,cutfix_full_tier1_20260729_01,tier1
lFiT3vyjLdw,lFiT3vyjLdw.mp4,667.394,678.11,face_density_low,,cutfix_full_tier1_20260729_01,tier1
lFiT3vyjLdw,lFiT3vyjLdw.mp4,694.338,697.246,face_density_low,,cutfix_full_tier1_20260729_01,tier1
