clip_id,source_video,start_time,end_time,duration,face_ratio,speech_ratio,snr,file_path,tier,has_cut_meta,decode_backend,cut_backend,run_id,candidate_rank_in_tier,candidate_pool_version,selection_seed
VgGwgxT1hm0_s0000691618_e0000701182,VgGwgxT1hm0,691.618,701.182,9.564,1.0,1.0,5.73,E:\FPTU\PRJ\VN-AV-DF-Capstone\data\01_collect\cut_clips\tier1\400_440\media\VgGwgxT1hm0_s0000691618_e0000701182.mp4,tier1,1,cuda,nvenc,cutfix_full_tier1_20260729_01,1,active_speaker_candidate_pool_v1,42
wttuvGomhr4_s0000919426_e0000923262,wttuvGomhr4,919.426,923.262,3.836,1.0,1.0,36.2,E:\FPTU\PRJ\VN-AV-DF-Capstone\data\01_collect\cut_clips\tier1\400_440\media\wttuvGomhr4_s0000919426_e0000923262.mp4,tier1,1,cuda,nvenc,cutfix_full_tier1_20260729_01,2,active_speaker_candidate_pool_v1,42
9hVB2KmcCtk_s0000051906_e0000054526,9hVB2KmcCtk,51.906,54.526,2.62,1.0,1.0,11.24,E:\FPTU\PRJ\VN-AV-DF-Capstone\data\01_collect\cut_clips\tier1\50_100\media\9hVB2KmcCtk_s0000051906_e0000054526.mp4,tier1,1,cuda,nvenc,cutfix_full_tier1_20260729_01,3,active_speaker_candidate_pool_v1,42
cyi8OGHa_28_s0000277378_e0000288990,cyi8OGHa_28,277.378,288.99,11.612,1.0,1.0,5.23,E:\FPTU\PRJ\VN-AV-DF-Capstone\data\01_collect\cut_clips\tier1\100_150\media\cyi8OGHa_28_s0000277378_e0000288990.mp4,tier1,1,cuda,nvenc,cutfix_full_tier1_20260729_01,4,active_speaker_candidate_pool_v1,42
O13c0GdEtyY_s0000738562_e0000740926,O13c0GdEtyY,738.562,740.926,2.364,1.0,1.0,4.91,E:\FPTU\PRJ\VN-AV-DF-Capstone\data\01_collect\cut_clips\tier1\250_300\media\O13c0GdEtyY_s0000738562_e0000740926.mp4,tier1,1,cuda,nvenc,cutfix_full_tier1_20260729_01,5,active_speaker_candidate_pool_v1,42
2BJx-TsUgw8_s0000181730_e0000186782,2BJx-TsUgw8,181.73,186.782,5.052,1.0,1.0,14.46,E:\FPTU\PRJ\VN-AV-DF-Capstone\data\01_collect\cut_clips\tier1\0_50\media\2BJx-TsUgw8_s0000181730_e0000186782.mp4,tier1,1,cuda,nvenc,cutfix_full_tier1_20260729_01,6,active_speaker_candidate_pool_v1,42
2xU2t0CyIJ4_s0000018818_e0000025022,2xU2t0CyIJ4,18.818,25.022,6.204,1.0,1.0,4.42,E:\FPTU\PRJ\VN-AV-DF-Capstone\data\01_collect\cut_clips\tier1\0_50\media\2xU2t0CyIJ4_s0000018818_e0000025022.mp4,tier1,1,cuda,nvenc,cutfix_full_tier1_20260729_01,7,active_speaker_candidate_pool_v1,42
zfRcxNy23l0_s0000462370_e0000465534,zfRcxNy23l0,462.37,465.534,3.164,1.0,1.0,7.19,E:\FPTU\PRJ\VN-AV-DF-Capstone\data\01_collect\cut_clips\tier1\440_472\media\zfRcxNy23l0_s0000462370_e0000465534.mp4,tier1,1,cuda,nvenc,cutfix_full_tier1_20260729_01,8,active_speaker_candidate_pool_v1,42
ucLlKRrtTN8_s0000616738_e0000626078,ucLlKRrtTN8,616.738,626.078,9.34,1.0,1.0,2.84,E:\FPTU\PRJ\VN-AV-DF-Capstone\data\01_collect\cut_clips\tier1\350_400\media\ucLlKRrtTN8_s0000616738_e0000626078.mp4,tier1,1,cuda,nvenc,cutfix_full_tier1_20260729_01,9,active_speaker_candidate_pool_v1,42
dFDTb0t_Nho_s0000314242_e0000320414,dFDTb0t_Nho,314.242,320.414,6.172,1.0,1.0,7.38,E:\FPTU\PRJ\VN-AV-DF-Capstone\data\01_collect\cut_clips\tier1\100_150\media\dFDTb0t_Nho_s0000314242_e0000320414.mp4,tier1,1,cuda,nvenc,cutfix_full_tier1_20260729_01,10,active_speaker_candidate_pool_v1,42
ZQidPMdmsHQ_s0000188578_e0000190910,ZQidPMdmsHQ,188.578,190.91,2.332,1.0,1.0,10.67,E:\FPTU\PRJ\VN-AV-DF-Capstone\data\01_collect\cut_clips\tier1\440_472\media\ZQidPMdmsHQ_s0000188578_e0000190910.mp4,tier1,1,cuda,nvenc,cutfix_full_tier1_20260729_01,11,active_speaker_candidate_pool_v1,42
lKAN7qiV5Do_s0000247650_e0000252958,lKAN7qiV5Do,247.65,252.958,5.308,1.0,1.0,9.4,E:\FPTU\PRJ\VN-AV-DF-Capstone\data\01_collect\cut_clips\tier1\250_300\media\lKAN7qiV5Do_s0000247650_e0000252958.mp4,tier1,1,cuda,nvenc,cutfix_full_tier1_20260729_01,12,active_speaker_candidate_pool_v1,42
aV62_AUZrGA_s0000294850_e0000298238,aV62_AUZrGA,294.85,298.238,3.388,1.0,1.0,24.54,E:\FPTU\PRJ\VN-AV-DF-Capstone\data\01_collect\cut_clips\tier1\50_100\media\aV62_AUZrGA_s0000294850_e0000298238.mp4,tier1,1,cuda,nvenc,cutfix_full_tier1_20260729_01,13,active_speaker_candidate_pool_v1,42
xjTnaI3tItI_s0000385634_e0000387934,xjTnaI3tItI,385.634,387.934,2.3,1.0,1.0,7.31,E:\FPTU\PRJ\VN-AV-DF-Capstone\data\01_collect\cut_clips\tier1\400_440\media\xjTnaI3tItI_s0000385634_e0000387934.mp4,tier1,1,cuda,nvenc,cutfix_full_tier1_20260729_01,14,active_speaker_candidate_pool_v1,42
KjSzxPVGE30_s0000339810_e0000342366,KjSzxPVGE30,339.81,342.366,2.556,1.0,1.0,18.55,E:\FPTU\PRJ\VN-AV-DF-Capstone\data\01_collect\cut_clips\tier1\200_250\media\KjSzxPVGE30_s0000339810_e0000342366.mp4,tier1,1,cuda,nvenc,cutfix_full_tier1_20260729_01,15,active_speaker_candidate_pool_v1,42
jtxzzbPQFJM_s0000223330_e0000228330,jtxzzbPQFJM,223.33,228.33,5.0,1.0,1.0,4.83,E:\FPTU\PRJ\VN-AV-DF-Capstone\data\01_collect\cut_clips\tier1\200_250\media\jtxzzbPQFJM_s0000223330_e0000228330.mp4,tier1,1,cuda,nvenc,cutfix_full_tier1_20260729_01,16,active_speaker_candidate_pool_v1,42
hHj1M8YlPVo_s0000179426_e0000182238,hHj1M8YlPVo,179.426,182.238,2.812,1.0,1.0,14.75,E:\FPTU\PRJ\VN-AV-DF-Capstone\data\01_collect\cut_clips\tier1\150_200\media\hHj1M8YlPVo_s0000179426_e0000182238.mp4,tier1,1,cuda,nvenc,cutfix_full_tier1_20260729_01,17,active_speaker_candidate_pool_v1,42
RwUYRmP47Pg_s0000364738_e0000369738,RwUYRmP47Pg,364.738,369.738,5.0,1.0,1.0,4.88,E:\FPTU\PRJ\VN-AV-DF-Capstone\data\01_collect\cut_clips\tier1\350_400\media\RwUYRmP47Pg_s0000364738_e0000369738.mp4,tier1,1,cuda,nvenc,cutfix_full_tier1_20260729_01,18,active_speaker_candidate_pool_v1,42
j1KheeAxYbQ_s0000609218_e0000612094,j1KheeAxYbQ,609.218,612.094,2.876,1.0,1.0,7.91,E:\FPTU\PRJ\VN-AV-DF-Capstone\data\01_collect\cut_clips\tier1\200_250\media\j1KheeAxYbQ_s0000609218_e0000612094.mp4,tier1,1,cuda,nvenc,cutfix_full_tier1_20260729_01,19,active_speaker_candidate_pool_v1,42
Q0zJd4FqyxA_s0000233026_e0000235806,Q0zJd4FqyxA,233.026,235.806,2.78,1.0,1.0,9.28,E:\FPTU\PRJ\VN-AV-DF-Capstone\data\01_collect\cut_clips\tier1\300_350\media\Q0zJd4FqyxA_s0000233026_e0000235806.mp4,tier1,1,cuda,nvenc,cutfix_full_tier1_20260729_01,20,active_speaker_candidate_pool_v1,42
RV1fod_otSw_s0000298082_e0000303902,RV1fod_otSw,298.082,303.902,5.82,1.0,1.0,2.93,E:\FPTU\PRJ\VN-AV-DF-Capstone\data\01_collect\cut_clips\tier1\350_400\media\RV1fod_otSw_s0000298082_e0000303902.mp4,tier1,1,cuda,nvenc,cutfix_full_tier1_20260729_01,21,active_speaker_candidate_pool_v1,42
VgnHDIp9x5s_s0000447234_e0000450686,VgnHDIp9x5s,447.234,450.686,3.452,1.0,1.0,9.92,E:\FPTU\PRJ\VN-AV-DF-Capstone\data\01_collect\cut_clips\tier1\400_440\media\VgnHDIp9x5s_s0000447234_e0000450686.mp4,tier1,1,cuda,nvenc,cutfix_full_tier1_20260729_01,22,active_speaker_candidate_pool_v1,42
7jtrqxpnsFc_s0000261218_e0000266218,7jtrqxpnsFc,261.218,266.218,5.0,1.0,1.0,31.05,E:\FPTU\PRJ\VN-AV-DF-Capstone\data\01_collect\cut_clips\tier1\0_50\media\7jtrqxpnsFc_s0000261218_e0000266218.mp4,tier1,1,cuda,nvenc,cutfix_full_tier1_20260729_01,23,active_speaker_candidate_pool_v1,42
PdJ_b2ogNHs_s0000124450_e0000127710,PdJ_b2ogNHs,124.45,127.71,3.26,1.0,1.0,5.04,E:\FPTU\PRJ\VN-AV-DF-Capstone\data\01_collect\cut_clips\tier1\300_350\media\PdJ_b2ogNHs_s0000124450_e0000127710.mp4,tier1,1,cuda,nvenc,cutfix_full_tier1_20260729_01,24,active_speaker_candidate_pool_v1,42
PY0oTKCWPaQ_s0000330530_e0000333086,PY0oTKCWPaQ,330.53,333.086,2.556,1.0,1.0,21.55,E:\FPTU\PRJ\VN-AV-DF-Capstone\data\01_collect\cut_clips\tier1\300_350\media\PY0oTKCWPaQ_s0000330530_e0000333086.mp4,tier1,1,cuda,nvenc,cutfix_full_tier1_20260729_01,25,active_speaker_candidate_pool_v1,42
i7SoX1RseXs_s0000021378_e0000023710,i7SoX1RseXs,21.378,23.71,2.332,1.0,1.0,5.37,E:\FPTU\PRJ\VN-AV-DF-Capstone\data\01_collect\cut_clips\tier1\200_250\media\i7SoX1RseXs_s0000021378_e0000023710.mp4,tier1,1,cuda,nvenc,cutfix_full_tier1_20260729_01,26,active_speaker_candidate_pool_v1,42
Qkdyus1My0Q_s0000345506_e0000347646,Qkdyus1My0Q,345.506,347.646,2.14,1.0,1.0,6.05,E:\FPTU\PRJ\VN-AV-DF-Capstone\data\01_collect\cut_clips\tier1\300_350\media\Qkdyus1My0Q_s0000345506_e0000347646.mp4,tier1,1,cuda,nvenc,cutfix_full_tier1_20260729_01,27,active_speaker_candidate_pool_v1,42
VdHT9nXSw-8_s0000137026_e0000139102,VdHT9nXSw-8,137.026,139.102,2.076,1.0,1.0,27.93,E:\FPTU\PRJ\VN-AV-DF-Capstone\data\01_collect\cut_clips\tier1\400_440\media\VdHT9nXSw-8_s0000137026_e0000139102.mp4,tier1,1,cuda,nvenc,cutfix_full_tier1_20260729_01,28,active_speaker_candidate_pool_v1,42
avyqB9NiGXk_s0000443394_e0000450302,avyqB9NiGXk,443.394,450.302,6.908,1.0,1.0,9.42,E:\FPTU\PRJ\VN-AV-DF-Capstone\data\01_collect\cut_clips\tier1\50_100\media\avyqB9NiGXk_s0000443394_e0000450302.mp4,tier1,1,cuda,nvenc,cutfix_full_tier1_20260729_01,29,active_speaker_candidate_pool_v1,42
BG6GHJfaEls_s0000327330_e0000329374,BG6GHJfaEls,327.33,329.374,2.044,1.0,1.0,16.32,E:\FPTU\PRJ\VN-AV-DF-Capstone\data\01_collect\cut_clips\tier1\100_150\media\BG6GHJfaEls_s0000327330_e0000329374.mp4,tier1,1,cuda,nvenc,cutfix_full_tier1_20260729_01,30,active_speaker_candidate_pool_v1,42
TBWhUjWBT3g_s0000399298_e0000405438,TBWhUjWBT3g,399.298,405.438,6.14,1.0,1.0,9.72,E:\FPTU\PRJ\VN-AV-DF-Capstone\data\01_collect\cut_clips\tier1\350_400\media\TBWhUjWBT3g_s0000399298_e0000405438.mp4,tier1,1,cuda,nvenc,cutfix_full_tier1_20260729_01,31,active_speaker_candidate_pool_v1,42
EMKldc_Vjk8_s0000437346_e0000440350,EMKldc_Vjk8,437.346,440.35,3.004,1.0,1.0,10.17,E:\FPTU\PRJ\VN-AV-DF-Capstone\data\01_collect\cut_clips\tier1\150_200\media\EMKldc_Vjk8_s0000437346_e0000440350.mp4,tier1,1,cuda,nvenc,cutfix_full_tier1_20260729_01,32,active_speaker_candidate_pool_v1,42
sKw6a37t-uE_s0000400866_e0000403710,sKw6a37t-uE,400.866,403.71,2.844,1.0,1.0,7.84,E:\FPTU\PRJ\VN-AV-DF-Capstone\data\01_collect\cut_clips\tier1\350_400\media\sKw6a37t-uE_s0000400866_e0000403710.mp4,tier1,1,cuda,nvenc,cutfix_full_tier1_20260729_01,33,active_speaker_candidate_pool_v1,42
RihdSv_xzHE_s0000088642_e0000092446,RihdSv_xzHE,88.642,92.446,3.804,0.75,1.0,8.0,E:\FPTU\PRJ\VN-AV-DF-Capstone\data\01_collect\cut_clips\tier1\300_350\media\RihdSv_xzHE_s0000088642_e0000092446.mp4,tier1,1,cuda,nvenc,cutfix_full_tier1_20260729_01,34,active_speaker_candidate_pool_v1,42
slKwoHjtMBI_s0000521058_e0000523678,slKwoHjtMBI,521.058,523.678,2.62,1.0,1.0,18.5,E:\FPTU\PRJ\VN-AV-DF-Capstone\data\01_collect\cut_clips\tier1\350_400\media\slKwoHjtMBI_s0000521058_e0000523678.mp4,tier1,1,cuda,nvenc,cutfix_full_tier1_20260729_01,35,active_speaker_candidate_pool_v1,42
-krBZmBl65s_s0000048674_e0000053674,-krBZmBl65s,48.674,53.674,5.0,1.0,1.0,3.35,E:\FPTU\PRJ\VN-AV-DF-Capstone\data\01_collect\cut_clips\tier1\0_50\media\-krBZmBl65s_s0000048674_e0000053674.mp4,tier1,1,cuda,nvenc,cutfix_full_tier1_20260729_01,36,active_speaker_candidate_pool_v1,42
Oq7yuET6Hz8_s0000414498_e0000419498,Oq7yuET6Hz8,414.498,419.498,5.0,1.0,1.0,1.21,E:\FPTU\PRJ\VN-AV-DF-Capstone\data\01_collect\cut_clips\tier1\300_350\media\Oq7yuET6Hz8_s0000414498_e0000419498.mp4,tier1,1,cuda,nvenc,cutfix_full_tier1_20260729_01,37,active_speaker_candidate_pool_v1,42
8cirZ7Q19mg_s0000097154_e0000099710,8cirZ7Q19mg,97.154,99.71,2.556,1.0,1.0,-0.39,E:\FPTU\PRJ\VN-AV-DF-Capstone\data\01_collect\cut_clips\tier1\50_100\media\8cirZ7Q19mg_s0000097154_e0000099710.mp4,tier1,1,cuda,nvenc,cutfix_full_tier1_20260729_01,38,active_speaker_candidate_pool_v1,42
Q1m7GzsNvaY_s0000008514_e0000012062,Q1m7GzsNvaY,8.514,12.062,3.548,1.0,1.0,2.63,E:\FPTU\PRJ\VN-AV-DF-Capstone\data\01_collect\cut_clips\tier1\300_350\media\Q1m7GzsNvaY_s0000008514_e0000012062.mp4,tier1,1,cuda,nvenc,cutfix_full_tier1_20260729_01,39,active_speaker_candidate_pool_v1,42
tFTh1jkOT9Q_s0000170466_e0000173054,tFTh1jkOT9Q,170.466,173.054,2.588,1.0,1.0,6.71,E:\FPTU\PRJ\VN-AV-DF-Capstone\data\01_collect\cut_clips\tier1\350_400\media\tFTh1jkOT9Q_s0000170466_e0000173054.mp4,tier1,1,cuda,nvenc,cutfix_full_tier1_20260729_01,40,active_speaker_candidate_pool_v1,42
FtLQLEDradc_s0000199650_e0000201662,FtLQLEDradc,199.65,201.662,2.012,1.0,1.0,10.15,E:\FPTU\PRJ\VN-AV-DF-Capstone\data\01_collect\cut_clips\tier1\150_200\media\FtLQLEDradc_s0000199650_e0000201662.mp4,tier1,1,cuda,nvenc,cutfix_full_tier1_20260729_01,41,active_speaker_candidate_pool_v1,42
hCWh-EXL2E_s0000403586_e0000407838,_hCWh-EXL2E,403.586,407.838,4.252,1.0,1.0,15.86,E:\FPTU\PRJ\VN-AV-DF-Capstone\data\01_collect\cut_clips\tier1\440_472\media\hCWh-EXL2E_s0000403586_e0000407838.mp4,tier1,1,cuda,nvenc,cutfix_full_tier1_20260729_01,42,active_speaker_candidate_pool_v1,42
C9yjoixv3-E_s0000048802_e0000056350,C9yjoixv3-E,48.802,56.35,7.548,0.75,1.0,0.54,E:\FPTU\PRJ\VN-AV-DF-Capstone\data\01_collect\cut_clips\tier1\100_150\media\C9yjoixv3-E_s0000048802_e0000056350.mp4,tier1,1,cuda,nvenc,cutfix_full_tier1_20260729_01,43,active_speaker_candidate_pool_v1,42
2JYYYzLwNwg_s0000636290_e0000641854,2JYYYzLwNwg,636.29,641.854,5.564,1.0,1.0,9.03,E:\FPTU\PRJ\VN-AV-DF-Capstone\data\01_collect\cut_clips\tier1\0_50\media\2JYYYzLwNwg_s0000636290_e0000641854.mp4,tier1,1,cuda,nvenc,cutfix_full_tier1_20260729_01,44,active_speaker_candidate_pool_v1,42
X9RVmFFjGY8_s0000159874_e0000162046,X9RVmFFjGY8,159.874,162.046,2.172,1.0,1.0,17.11,E:\FPTU\PRJ\VN-AV-DF-Capstone\data\01_collect\cut_clips\tier1\400_440\media\X9RVmFFjGY8_s0000159874_e0000162046.mp4,tier1,1,cuda,nvenc,cutfix_full_tier1_20260729_01,45,active_speaker_candidate_pool_v1,42
1ucBZ4StNP0_s0000719522_e0000722238,1ucBZ4StNP0,719.522,722.238,2.716,1.0,1.0,9.1,E:\FPTU\PRJ\VN-AV-DF-Capstone\data\01_collect\cut_clips\tier1\0_50\media\1ucBZ4StNP0_s0000719522_e0000722238.mp4,tier1,1,cuda,nvenc,cutfix_full_tier1_20260729_01,46,active_speaker_candidate_pool_v1,42
Vx59ouLloCg_s0000274466_e0000276542,Vx59ouLloCg,274.466,276.542,2.076,1.0,1.0,2.47,E:\FPTU\PRJ\VN-AV-DF-Capstone\data\01_collect\cut_clips\tier1\400_440\media\Vx59ouLloCg_s0000274466_e0000276542.mp4,tier1,1,cuda,nvenc,cutfix_full_tier1_20260729_01,47,active_speaker_candidate_pool_v1,42
h0SDZpHBprA_s0000209090_e0000211710,h0SDZpHBprA,209.09,211.71,2.62,1.0,1.0,5.25,E:\FPTU\PRJ\VN-AV-DF-Capstone\data\01_collect\cut_clips\tier1\150_200\media\h0SDZpHBprA_s0000209090_e0000211710.mp4,tier1,1,cuda,nvenc,cutfix_full_tier1_20260729_01,48,active_speaker_candidate_pool_v1,42
2JUbS_syUlA_s0000587266_e0000592266,2JUbS_syUlA,587.266,592.266,5.0,1.0,1.0,9.61,E:\FPTU\PRJ\VN-AV-DF-Capstone\data\01_collect\cut_clips\tier1\0_50\media\2JUbS_syUlA_s0000587266_e0000592266.mp4,tier1,1,cuda,nvenc,cutfix_full_tier1_20260729_01,49,active_speaker_candidate_pool_v1,42
35_iHr-U0xY_s0000478402_e0000480990,35_iHr-U0xY,478.402,480.99,2.588,1.0,1.0,4.75,E:\FPTU\PRJ\VN-AV-DF-Capstone\data\01_collect\cut_clips\tier1\0_50\media\35_iHr-U0xY_s0000478402_e0000480990.mp4,tier1,1,cuda,nvenc,cutfix_full_tier1_20260729_01,50,active_speaker_candidate_pool_v1,42
G8zJzZ9qaXI_s0000181282_e0000188382,G8zJzZ9qaXI,181.282,188.382,7.1,1.0,1.0,4.07,E:\FPTU\PRJ\VN-AV-DF-Capstone\data\01_collect\cut_clips\tier1\150_200\media\G8zJzZ9qaXI_s0000181282_e0000188382.mp4,tier1,1,cuda,nvenc,cutfix_full_tier1_20260729_01,51,active_speaker_candidate_pool_v1,42
VqcyH3fnubE_s0000360450_e0000362910,VqcyH3fnubE,360.45,362.91,2.46,1.0,1.0,15.18,E:\FPTU\PRJ\VN-AV-DF-Capstone\data\01_collect\cut_clips\tier1\400_440\media\VqcyH3fnubE_s0000360450_e0000362910.mp4,tier1,1,cuda,nvenc,cutfix_full_tier1_20260729_01,52,active_speaker_candidate_pool_v1,42
RkLu6CURyeM_s0000152994_e0000155710,RkLu6CURyeM,152.994,155.71,2.716,1.0,1.0,8.64,E:\FPTU\PRJ\VN-AV-DF-Capstone\data\01_collect\cut_clips\tier1\300_350\media\RkLu6CURyeM_s0000152994_e0000155710.mp4,tier1,1,cuda,nvenc,cutfix_full_tier1_20260729_01,53,active_speaker_candidate_pool_v1,42
Rb2MR5E5agM_s0000972802_e0000974878,Rb2MR5E5agM,972.802,974.878,2.076,1.0,1.0,10.5,E:\FPTU\PRJ\VN-AV-DF-Capstone\data\01_collect\cut_clips\tier1\300_350\media\Rb2MR5E5agM_s0000972802_e0000974878.mp4,tier1,1,cuda,nvenc,cutfix_full_tier1_20260729_01,54,active_speaker_candidate_pool_v1,42
CWVMqOc-9g8_s0000007010_e0000009886,CWVMqOc-9g8,7.01,9.886,2.876,1.0,1.0,2.44,E:\FPTU\PRJ\VN-AV-DF-Capstone\data\01_collect\cut_clips\tier1\100_150\media\CWVMqOc-9g8_s0000007010_e0000009886.mp4,tier1,1,cuda,nvenc,cutfix_full_tier1_20260729_01,55,active_speaker_candidate_pool_v1,42
5fAf1Q8Io4E_s0000244578_e0000248830,5fAf1Q8Io4E,244.578,248.83,4.252,1.0,1.0,0.68,E:\FPTU\PRJ\VN-AV-DF-Capstone\data\01_collect\cut_clips\tier1\0_50\media\5fAf1Q8Io4E_s0000244578_e0000248830.mp4,tier1,1,cuda,nvenc,cutfix_full_tier1_20260729_01,56,active_speaker_candidate_pool_v1,42
ytxzd_eolw_s0000452578_e0000457086,_ytxzd_eolw,452.578,457.086,4.508,1.0,1.0,19.29,E:\FPTU\PRJ\VN-AV-DF-Capstone\data\01_collect\cut_clips\tier1\440_472\media\ytxzd_eolw_s0000452578_e0000457086.mp4,tier1,1,cuda,nvenc,cutfix_full_tier1_20260729_01,57,active_speaker_candidate_pool_v1,42
mqcJDdP4rq0_s0000122114_e0000124734,mqcJDdP4rq0,122.114,124.734,2.62,1.0,1.0,19.1,E:\FPTU\PRJ\VN-AV-DF-Capstone\data\01_collect\cut_clips\tier1\250_300\media\mqcJDdP4rq0_s0000122114_e0000124734.mp4,tier1,1,cuda,nvenc,cutfix_full_tier1_20260729_01,58,active_speaker_candidate_pool_v1,42
uwA_Q6xsFM_s0000031618_e0000036670,_uwA_Q6xsFM,31.618,36.67,5.052,1.0,1.0,2.22,E:\FPTU\PRJ\VN-AV-DF-Capstone\data\01_collect\cut_clips\tier1\440_472\media\uwA_Q6xsFM_s0000031618_e0000036670.mp4,tier1,1,cuda,nvenc,cutfix_full_tier1_20260729_01,59,active_speaker_candidate_pool_v1,42
bjzEBcSSnEg_s0000016386_e0000020830,bjzEBcSSnEg,16.386,20.83,4.444,1.0,1.0,17.05,E:\FPTU\PRJ\VN-AV-DF-Capstone\data\01_collect\cut_clips\tier1\100_150\media\bjzEBcSSnEg_s0000016386_e0000020830.mp4,tier1,1,cuda,nvenc,cutfix_full_tier1_20260729_01,60,active_speaker_candidate_pool_v1,42
uR2cAvpiYSs_s0000704258_e0000712798,uR2cAvpiYSs,704.258,712.798,8.54,1.0,1.0,9.07,E:\FPTU\PRJ\VN-AV-DF-Capstone\data\01_collect\cut_clips\tier1\350_400\media\uR2cAvpiYSs_s0000704258_e0000712798.mp4,tier1,1,cuda,nvenc,cutfix_full_tier1_20260729_01,61,active_speaker_candidate_pool_v1,42
tzfOPG9WhJ0_s0000088386_e0000096094,tzfOPG9WhJ0,88.386,96.094,7.708,1.0,1.0,7.91,E:\FPTU\PRJ\VN-AV-DF-Capstone\data\01_collect\cut_clips\tier1\350_400\media\tzfOPG9WhJ0_s0000088386_e0000096094.mp4,tier1,1,cuda,nvenc,cutfix_full_tier1_20260729_01,62,active_speaker_candidate_pool_v1,42
b9uJqou7XQo_s0000265890_e0000272414,b9uJqou7XQo,265.89,272.414,6.524,1.0,1.0,0.27,E:\FPTU\PRJ\VN-AV-DF-Capstone\data\01_collect\cut_clips\tier1\50_100\media\b9uJqou7XQo_s0000265890_e0000272414.mp4,tier1,1,cuda,nvenc,cutfix_full_tier1_20260729_01,63,active_speaker_candidate_pool_v1,42
WumvwG5Jk9o_s0000051906_e0000056478,WumvwG5Jk9o,51.906,56.478,4.572,1.0,1.0,4.02,E:\FPTU\PRJ\VN-AV-DF-Capstone\data\01_collect\cut_clips\tier1\400_440\media\WumvwG5Jk9o_s0000051906_e0000056478.mp4,tier1,1,cuda,nvenc,cutfix_full_tier1_20260729_01,64,active_speaker_candidate_pool_v1,42
WEn1JaD70dQ_s0000201250_e0000206250,WEn1JaD70dQ,201.25,206.25,5.0,1.0,1.0,22.37,E:\FPTU\PRJ\VN-AV-DF-Capstone\data\01_collect\cut_clips\tier1\400_440\media\WEn1JaD70dQ_s0000201250_e0000206250.mp4,tier1,1,cuda,nvenc,cutfix_full_tier1_20260729_01,65,active_speaker_candidate_pool_v1,42
qX04FpUy1Ls_s0000203170_e0000205310,qX04FpUy1Ls,203.17,205.31,2.14,1.0,1.0,17.63,E:\FPTU\PRJ\VN-AV-DF-Capstone\data\01_collect\cut_clips\tier1\300_350\media\qX04FpUy1Ls_s0000203170_e0000205310.mp4,tier1,1,cuda,nvenc,cutfix_full_tier1_20260729_01,66,active_speaker_candidate_pool_v1,42
RfQGUSACTiA_s0000026146_e0000028766,RfQGUSACTiA,26.146,28.766,2.62,1.0,1.0,17.59,E:\FPTU\PRJ\VN-AV-DF-Capstone\data\01_collect\cut_clips\tier1\300_350\media\RfQGUSACTiA_s0000026146_e0000028766.mp4,tier1,1,cuda,nvenc,cutfix_full_tier1_20260729_01,67,active_speaker_candidate_pool_v1,42
ylKiFd-TLDk_s0000505762_e0000510762,ylKiFd-TLDk,505.762,510.762,5.0,0.8,1.0,5.61,E:\FPTU\PRJ\VN-AV-DF-Capstone\data\01_collect\cut_clips\tier1\440_472\media\ylKiFd-TLDk_s0000505762_e0000510762.mp4,tier1,1,cuda,nvenc,cutfix_full_tier1_20260729_01,68,active_speaker_candidate_pool_v1,42
C4guPiH4Frk_s0000245314_e0000254622,C4guPiH4Frk,245.314,254.622,9.308,1.0,1.0,13.74,E:\FPTU\PRJ\VN-AV-DF-Capstone\data\01_collect\cut_clips\tier1\100_150\media\C4guPiH4Frk_s0000245314_e0000254622.mp4,tier1,1,cuda,nvenc,cutfix_full_tier1_20260729_01,69,active_speaker_candidate_pool_v1,42
H8wmOu_L31g_s0000258178_e0000260446,H8wmOu_L31g,258.178,260.446,2.268,1.0,1.0,0.34,E:\FPTU\PRJ\VN-AV-DF-Capstone\data\01_collect\cut_clips\tier1\150_200\media\H8wmOu_L31g_s0000258178_e0000260446.mp4,tier1,1,cuda,nvenc,cutfix_full_tier1_20260729_01,70,active_speaker_candidate_pool_v1,42
lFiT3vyjLdw_s0000088866_e0000093822,lFiT3vyjLdw,88.866,93.822,4.956,0.8,1.0,10.48,E:\FPTU\PRJ\VN-AV-DF-Capstone\data\01_collect\cut_clips\tier1\200_250\media\lFiT3vyjLdw_s0000088866_e0000093822.mp4,tier1,1,cuda,nvenc,cutfix_full_tier1_20260729_01,71,active_speaker_candidate_pool_v1,42
Hlg2WK5pgM0_s0000026946_e0000029214,Hlg2WK5pgM0,26.946,29.214,2.268,1.0,1.0,8.62,E:\FPTU\PRJ\VN-AV-DF-Capstone\data\01_collect\cut_clips\tier1\150_200\media\Hlg2WK5pgM0_s0000026946_e0000029214.mp4,tier1,1,cuda,nvenc,cutfix_full_tier1_20260729_01,72,active_speaker_candidate_pool_v1,42
iu0unbhbX-k_s0000369314_e0000374314,iu0unbhbX-k,369.314,374.314,5.0,1.0,1.0,3.28,E:\FPTU\PRJ\VN-AV-DF-Capstone\data\01_collect\cut_clips\tier1\200_250\media\iu0unbhbX-k_s0000369314_e0000374314.mp4,tier1,1,cuda,nvenc,cutfix_full_tier1_20260729_01,73,active_speaker_candidate_pool_v1,42
UgrsQR4RTLw_s0000224962_e0000227486,UgrsQR4RTLw,224.962,227.486,2.524,1.0,1.0,5.4,E:\FPTU\PRJ\VN-AV-DF-Capstone\data\01_collect\cut_clips\tier1\350_400\media\UgrsQR4RTLw_s0000224962_e0000227486.mp4,tier1,1,cuda,nvenc,cutfix_full_tier1_20260729_01,74,active_speaker_candidate_pool_v1,42
xxmeqc8hV-I_s0000178210_e0000182302,xxmeqc8hV-I,178.21,182.302,4.092,1.0,1.0,29.68,E:\FPTU\PRJ\VN-AV-DF-Capstone\data\01_collect\cut_clips\tier1\440_472\media\xxmeqc8hV-I_s0000178210_e0000182302.mp4,tier1,1,cuda,nvenc,cutfix_full_tier1_20260729_01,75,active_speaker_candidate_pool_v1,42
td-IwBM35S4_s0000071746_e0000075966,td-IwBM35S4,71.746,75.966,4.22,1.0,1.0,1.42,E:\FPTU\PRJ\VN-AV-DF-Capstone\data\01_collect\cut_clips\tier1\350_400\media\td-IwBM35S4_s0000071746_e0000075966.mp4,tier1,1,cuda,nvenc,cutfix_full_tier1_20260729_01,76,active_speaker_candidate_pool_v1,42
vSbsHomePqE_s0000333378_e0000337662,vSbsHomePqE,333.378,337.662,4.284,1.0,1.0,10.78,E:\FPTU\PRJ\VN-AV-DF-Capstone\data\01_collect\cut_clips\tier1\400_440\media\vSbsHomePqE_s0000333378_e0000337662.mp4,tier1,1,cuda,nvenc,cutfix_full_tier1_20260729_01,77,active_speaker_candidate_pool_v1,42
MpVfVbPdmis_s0000210882_e0000215882,MpVfVbPdmis,210.882,215.882,5.0,1.0,1.0,5.82,E:\FPTU\PRJ\VN-AV-DF-Capstone\data\01_collect\cut_clips\tier1\250_300\media\MpVfVbPdmis_s0000210882_e0000215882.mp4,tier1,1,cuda,nvenc,cutfix_full_tier1_20260729_01,78,active_speaker_candidate_pool_v1,42
2mhkgdboxmU_s0000083202_e0000086974,2mhkgdboxmU,83.202,86.974,3.772,1.0,1.0,11.29,E:\FPTU\PRJ\VN-AV-DF-Capstone\data\01_collect\cut_clips\tier1\0_50\media\2mhkgdboxmU_s0000083202_e0000086974.mp4,tier1,1,cuda,nvenc,cutfix_full_tier1_20260729_01,79,active_speaker_candidate_pool_v1,42
25LDskObwqo_s0000647554_e0000653022,25LDskObwqo,647.554,653.022,5.468,1.0,1.0,9.76,E:\FPTU\PRJ\VN-AV-DF-Capstone\data\01_collect\cut_clips\tier1\0_50\media\25LDskObwqo_s0000647554_e0000653022.mp4,tier1,1,cuda,nvenc,cutfix_full_tier1_20260729_01,80,active_speaker_candidate_pool_v1,42
dSAP8s0Au2k_s0000173954_e0000178974,dSAP8s0Au2k,173.954,178.974,5.02,1.0,1.0,18.86,E:\FPTU\PRJ\VN-AV-DF-Capstone\data\01_collect\cut_clips\tier1\100_150\media\dSAP8s0Au2k_s0000173954_e0000178974.mp4,tier1,1,cuda,nvenc,cutfix_full_tier1_20260729_01,81,active_speaker_candidate_pool_v1,42
Nw3N73GJ2Zo_s0000403938_e0000412894,Nw3N73GJ2Zo,403.938,412.894,8.956,0.778,1.0,4.0,E:\FPTU\PRJ\VN-AV-DF-Capstone\data\01_collect\cut_clips\tier1\250_300\media\Nw3N73GJ2Zo_s0000403938_e0000412894.mp4,tier1,1,cuda,nvenc,cutfix_full_tier1_20260729_01,82,active_speaker_candidate_pool_v1,42
vZRkeUx8LOU_s0000030562_e0000035562,vZRkeUx8LOU,30.562,35.562,5.0,1.0,1.0,12.35,E:\FPTU\PRJ\VN-AV-DF-Capstone\data\01_collect\cut_clips\tier1\400_440\media\vZRkeUx8LOU_s0000030562_e0000035562.mp4,tier1,1,cuda,nvenc,cutfix_full_tier1_20260729_01,83,active_speaker_candidate_pool_v1,42
Xa6Pn88tiF4_s0000640610_e0000644094,Xa6Pn88tiF4,640.61,644.094,3.484,1.0,1.0,-0.18,E:\FPTU\PRJ\VN-AV-DF-Capstone\data\01_collect\cut_clips\tier1\400_440\media\Xa6Pn88tiF4_s0000640610_e0000644094.mp4,tier1,1,cuda,nvenc,cutfix_full_tier1_20260729_01,84,active_speaker_candidate_pool_v1,42
b0PaCZQY7h0_s0000626658_e0000630462,b0PaCZQY7h0,626.658,630.462,3.804,1.0,1.0,8.03,E:\FPTU\PRJ\VN-AV-DF-Capstone\data\01_collect\cut_clips\tier1\50_100\media\b0PaCZQY7h0_s0000626658_e0000630462.mp4,tier1,1,cuda,nvenc,cutfix_full_tier1_20260729_01,85,active_speaker_candidate_pool_v1,42
eRQixVgpzXg_s0000182754_e0000186046,eRQixVgpzXg,182.754,186.046,3.292,1.0,1.0,13.07,E:\FPTU\PRJ\VN-AV-DF-Capstone\data\01_collect\cut_clips\tier1\150_200\media\eRQixVgpzXg_s0000182754_e0000186046.mp4,tier1,1,cuda,nvenc,cutfix_full_tier1_20260729_01,86,active_speaker_candidate_pool_v1,42
1hgHDUzhqCQ_s0000002562_e0000007006,1hgHDUzhqCQ,2.562,7.006,4.444,1.0,1.0,12.61,E:\FPTU\PRJ\VN-AV-DF-Capstone\data\01_collect\cut_clips\tier1\0_50\media\1hgHDUzhqCQ_s0000002562_e0000007006.mp4,tier1,1,cuda,nvenc,cutfix_full_tier1_20260729_01,87,active_speaker_candidate_pool_v1,42
cFG-Q5Sk7rw_s0000235362_e0000243870,cFG-Q5Sk7rw,235.362,243.87,8.508,1.0,1.0,6.18,E:\FPTU\PRJ\VN-AV-DF-Capstone\data\01_collect\cut_clips\tier1\100_150\media\cFG-Q5Sk7rw_s0000235362_e0000243870.mp4,tier1,1,cuda,nvenc,cutfix_full_tier1_20260729_01,88,active_speaker_candidate_pool_v1,42
vFhiH29FXxE_s0000251522_e0000254846,vFhiH29FXxE,251.522,254.846,3.324,1.0,1.0,4.65,E:\FPTU\PRJ\VN-AV-DF-Capstone\data\01_collect\cut_clips\tier1\400_440\media\vFhiH29FXxE_s0000251522_e0000254846.mp4,tier1,1,cuda,nvenc,cutfix_full_tier1_20260729_01,89,active_speaker_candidate_pool_v1,42
7Lc9XOi_rZQ_s0000432066_e0000434174,7Lc9XOi_rZQ,432.066,434.174,2.108,1.0,1.0,7.47,E:\FPTU\PRJ\VN-AV-DF-Capstone\data\01_collect\cut_clips\tier1\50_100\media\7Lc9XOi_rZQ_s0000432066_e0000434174.mp4,tier1,1,cuda,nvenc,cutfix_full_tier1_20260729_01,90,active_speaker_candidate_pool_v1,42
rbZkn6-t1A8_s0000267970_e0000271070,rbZkn6-t1A8,267.97,271.07,3.1,1.0,1.0,-0.69,E:\FPTU\PRJ\VN-AV-DF-Capstone\data\01_collect\cut_clips\tier1\300_350\media\rbZkn6-t1A8_s0000267970_e0000271070.mp4,tier1,1,cuda,nvenc,cutfix_full_tier1_20260729_01,91,active_speaker_candidate_pool_v1,42
mAyLOAEdqws_s0000128098_e0000133098,mAyLOAEdqws,128.098,133.098,5.0,1.0,1.0,8.63,E:\FPTU\PRJ\VN-AV-DF-Capstone\data\01_collect\cut_clips\tier1\250_300\media\mAyLOAEdqws_s0000128098_e0000133098.mp4,tier1,1,cuda,nvenc,cutfix_full_tier1_20260729_01,92,active_speaker_candidate_pool_v1,42
9o060iOM66E_s0000211554_e0000214238,9o060iOM66E,211.554,214.238,2.684,1.0,1.0,7.56,E:\FPTU\PRJ\VN-AV-DF-Capstone\data\01_collect\cut_clips\tier1\50_100\media\9o060iOM66E_s0000211554_e0000214238.mp4,tier1,1,cuda,nvenc,cutfix_full_tier1_20260729_01,93,active_speaker_candidate_pool_v1,42
qS_wzMNpWM_s0000835138_e0000837214,_qS_wzMNpWM,835.138,837.214,2.076,1.0,1.0,0.88,E:\FPTU\PRJ\VN-AV-DF-Capstone\data\01_collect\cut_clips\tier1\440_472\media\qS_wzMNpWM_s0000835138_e0000837214.mp4,tier1,1,cuda,nvenc,cutfix_full_tier1_20260729_01,94,active_speaker_candidate_pool_v1,42
F-HPnckxY_Y_s0000586530_e0000592062,F-HPnckxY_Y,586.53,592.062,5.532,1.0,1.0,0.11,E:\FPTU\PRJ\VN-AV-DF-Capstone\data\01_collect\cut_clips\tier1\150_200\media\F-HPnckxY_Y_s0000586530_e0000592062.mp4,tier1,1,cuda,nvenc,cutfix_full_tier1_20260729_01,95,active_speaker_candidate_pool_v1,42
C5kENx5cq7M_s0000242754_e0000247166,C5kENx5cq7M,242.754,247.166,4.412,1.0,1.0,6.9,E:\FPTU\PRJ\VN-AV-DF-Capstone\data\01_collect\cut_clips\tier1\100_150\media\C5kENx5cq7M_s0000242754_e0000247166.mp4,tier1,1,cuda,nvenc,cutfix_full_tier1_20260729_01,96,active_speaker_candidate_pool_v1,42
38IBjJ77eQk_s0000041058_e0000044318,38IBjJ77eQk,41.058,44.318,3.26,1.0,1.0,12.72,E:\FPTU\PRJ\VN-AV-DF-Capstone\data\01_collect\cut_clips\tier1\0_50\media\38IBjJ77eQk_s0000041058_e0000044318.mp4,tier1,1,cuda,nvenc,cutfix_full_tier1_20260729_01,97,active_speaker_candidate_pool_v1,42
ilxA2dvz5-4_s0000059234_e0000062046,ilxA2dvz5-4,59.234,62.046,2.812,1.0,1.0,6.54,E:\FPTU\PRJ\VN-AV-DF-Capstone\data\01_collect\cut_clips\tier1\200_250\media\ilxA2dvz5-4_s0000059234_e0000062046.mp4,tier1,1,cuda,nvenc,cutfix_full_tier1_20260729_01,98,active_speaker_candidate_pool_v1,42
QvcJMD7vkHg_s0000452994_e0000455518,QvcJMD7vkHg,452.994,455.518,2.524,1.0,1.0,25.61,E:\FPTU\PRJ\VN-AV-DF-Capstone\data\01_collect\cut_clips\tier1\300_350\media\QvcJMD7vkHg_s0000452994_e0000455518.mp4,tier1,1,cuda,nvenc,cutfix_full_tier1_20260729_01,99,active_speaker_candidate_pool_v1,42
AOZA2GBNWPE_s0000694082_e0000703806,AOZA2GBNWPE,694.082,703.806,9.724,0.889,1.0,4.12,E:\FPTU\PRJ\VN-AV-DF-Capstone\data\01_collect\cut_clips\tier1\50_100\media\AOZA2GBNWPE_s0000694082_e0000703806.mp4,tier1,1,cuda,nvenc,cutfix_full_tier1_20260729_01,100,active_speaker_candidate_pool_v1,42
M1iMhf3wRDw_s0000079490_e0000084490,M1iMhf3wRDw,79.49,84.49,5.0,1.0,1.0,4.21,E:\FPTU\PRJ\VN-AV-DF-Capstone\data\01_collect\cut_clips\tier1\250_300\media\M1iMhf3wRDw_s0000079490_e0000084490.mp4,tier1,1,cuda,nvenc,cutfix_full_tier1_20260729_01,101,active_speaker_candidate_pool_v1,42
nKNZ1KNKBME_s0000279906_e0000283358,nKNZ1KNKBME,279.906,283.358,3.452,1.0,1.0,-0.51,E:\FPTU\PRJ\VN-AV-DF-Capstone\data\01_collect\cut_clips\tier1\250_300\media\nKNZ1KNKBME_s0000279906_e0000283358.mp4,tier1,1,cuda,nvenc,cutfix_full_tier1_20260729_01,102,active_speaker_candidate_pool_v1,42
gHsxuixSqz0_s0000825890_e0000828926,gHsxuixSqz0,825.89,828.926,3.036,1.0,1.0,2.17,E:\FPTU\PRJ\VN-AV-DF-Capstone\data\01_collect\cut_clips\tier1\150_200\media\gHsxuixSqz0_s0000825890_e0000828926.mp4,tier1,1,cuda,nvenc,cutfix_full_tier1_20260729_01,103,active_speaker_candidate_pool_v1,42
y9_TESYEbmA_s0000048962_e0000053962,y9_TESYEbmA,48.962,53.962,5.0,1.0,1.0,4.76,E:\FPTU\PRJ\VN-AV-DF-Capstone\data\01_collect\cut_clips\tier1\440_472\media\y9_TESYEbmA_s0000048962_e0000053962.mp4,tier1,1,cuda,nvenc,cutfix_full_tier1_20260729_01,104,active_speaker_candidate_pool_v1,42
aJUOJNnfnec_s0000499042_e0000501662,aJUOJNnfnec,499.042,501.662,2.62,1.0,1.0,4.93,E:\FPTU\PRJ\VN-AV-DF-Capstone\data\01_collect\cut_clips\tier1\50_100\media\aJUOJNnfnec_s0000499042_e0000501662.mp4,tier1,1,cuda,nvenc,cutfix_full_tier1_20260729_01,105,active_speaker_candidate_pool_v1,42
BkuM46MUvPg_s0000280034_e0000285182,BkuM46MUvPg,280.034,285.182,5.148,1.0,1.0,11.77,E:\FPTU\PRJ\VN-AV-DF-Capstone\data\01_collect\cut_clips\tier1\100_150\media\BkuM46MUvPg_s0000280034_e0000285182.mp4,tier1,1,cuda,nvenc,cutfix_full_tier1_20260729_01,106,active_speaker_candidate_pool_v1,42
htUwB84BaTE_s0000033346_e0000036574,htUwB84BaTE,33.346,36.574,3.228,1.0,1.0,3.22,E:\FPTU\PRJ\VN-AV-DF-Capstone\data\01_collect\cut_clips\tier1\150_200\media\htUwB84BaTE_s0000033346_e0000036574.mp4,tier1,1,cuda,nvenc,cutfix_full_tier1_20260729_01,107,active_speaker_candidate_pool_v1,42
bU0O_gUl_1U_s0000160546_e0000162558,bU0O_gUl_1U,160.546,162.558,2.012,1.0,1.0,5.29,E:\FPTU\PRJ\VN-AV-DF-Capstone\data\01_collect\cut_clips\tier1\100_150\media\bU0O_gUl_1U_s0000160546_e0000162558.mp4,tier1,1,cuda,nvenc,cutfix_full_tier1_20260729_01,108,active_speaker_candidate_pool_v1,42
yWNpIJu2PsI_s0000710146_e0000712478,yWNpIJu2PsI,710.146,712.478,2.332,1.0,1.0,17.47,E:\FPTU\PRJ\VN-AV-DF-Capstone\data\01_collect\cut_clips\tier1\440_472\media\yWNpIJu2PsI_s0000710146_e0000712478.mp4,tier1,1,cuda,nvenc,cutfix_full_tier1_20260729_01,109,active_speaker_candidate_pool_v1,42
C0FdQDbuP8Q_s0000433506_e0000435774,C0FdQDbuP8Q,433.506,435.774,2.268,1.0,1.0,5.9,E:\FPTU\PRJ\VN-AV-DF-Capstone\data\01_collect\cut_clips\tier1\100_150\media\C0FdQDbuP8Q_s0000433506_e0000435774.mp4,tier1,1,cuda,nvenc,cutfix_full_tier1_20260729_01,110,active_speaker_candidate_pool_v1,42
Lfs_5zAu2xE_s0000246274_e0000255646,Lfs_5zAu2xE,246.274,255.646,9.372,1.0,1.0,8.36,E:\FPTU\PRJ\VN-AV-DF-Capstone\data\01_collect\cut_clips\tier1\200_250\media\Lfs_5zAu2xE_s0000246274_e0000255646.mp4,tier1,1,cuda,nvenc,cutfix_full_tier1_20260729_01,111,active_speaker_candidate_pool_v1,42
WXLKrhJtTLA_s0000436706_e0000441694,WXLKrhJtTLA,436.706,441.694,4.988,1.0,1.0,17.83,E:\FPTU\PRJ\VN-AV-DF-Capstone\data\01_collect\cut_clips\tier1\400_440\media\WXLKrhJtTLA_s0000436706_e0000441694.mp4,tier1,1,cuda,nvenc,cutfix_full_tier1_20260729_01,112,active_speaker_candidate_pool_v1,42
q6KGv9Mudbw_s0000274146_e0000277726,q6KGv9Mudbw,274.146,277.726,3.58,1.0,1.0,1.25,E:\FPTU\PRJ\VN-AV-DF-Capstone\data\01_collect\cut_clips\tier1\300_350\media\q6KGv9Mudbw_s0000274146_e0000277726.mp4,tier1,1,cuda,nvenc,cutfix_full_tier1_20260729_01,113,active_speaker_candidate_pool_v1,42
udGnm2fQw50_s0000803490_e0000805886,udGnm2fQw50,803.49,805.886,2.396,1.0,1.0,5.96,E:\FPTU\PRJ\VN-AV-DF-Capstone\data\01_collect\cut_clips\tier1\350_400\media\udGnm2fQw50_s0000803490_e0000805886.mp4,tier1,1,cuda,nvenc,cutfix_full_tier1_20260729_01,114,active_speaker_candidate_pool_v1,42
i4kw3VyXADI_s0000299842_e0000308990,i4kw3VyXADI,299.842,308.99,9.148,1.0,1.0,35.95,E:\FPTU\PRJ\VN-AV-DF-Capstone\data\01_collect\cut_clips\tier1\200_250\media\i4kw3VyXADI_s0000299842_e0000308990.mp4,tier1,1,cuda,nvenc,cutfix_full_tier1_20260729_01,115,active_speaker_candidate_pool_v1,42
Xigg3vUV2Gw_s0000234562_e0000236734,Xigg3vUV2Gw,234.562,236.734,2.172,1.0,1.0,12.5,E:\FPTU\PRJ\VN-AV-DF-Capstone\data\01_collect\cut_clips\tier1\400_440\media\Xigg3vUV2Gw_s0000234562_e0000236734.mp4,tier1,1,cuda,nvenc,cutfix_full_tier1_20260729_01,116,active_speaker_candidate_pool_v1,42
S3x831Y-UXU_s0001130754_e0001135754,S3x831Y-UXU,1130.754,1135.754,5.0,1.0,1.0,8.76,E:\FPTU\PRJ\VN-AV-DF-Capstone\data\01_collect\cut_clips\tier1\350_400\media\S3x831Y-UXU_s0001130754_e0001135754.mp4,tier1,1,cuda,nvenc,cutfix_full_tier1_20260729_01,117,active_speaker_candidate_pool_v1,42
VMfiHBTDDbc_s0000158082_e0000161822,VMfiHBTDDbc,158.082,161.822,3.74,1.0,1.0,15.88,E:\FPTU\PRJ\VN-AV-DF-Capstone\data\01_collect\cut_clips\tier1\400_440\media\VMfiHBTDDbc_s0000158082_e0000161822.mp4,tier1,1,cuda,nvenc,cutfix_full_tier1_20260729_01,118,active_speaker_candidate_pool_v1,42
PRomoeOnW0s_s0000828834_e0000832318,PRomoeOnW0s,828.834,832.318,3.484,1.0,1.0,9.12,E:\FPTU\PRJ\VN-AV-DF-Capstone\data\01_collect\cut_clips\tier1\300_350\media\PRomoeOnW0s_s0000828834_e0000832318.mp4,tier1,1,cuda,nvenc,cutfix_full_tier1_20260729_01,119,active_speaker_candidate_pool_v1,42
RoXXg62YfpM_s0000353218_e0000355838,RoXXg62YfpM,353.218,355.838,2.62,1.0,1.0,10.19,E:\FPTU\PRJ\VN-AV-DF-Capstone\data\01_collect\cut_clips\tier1\300_350\media\RoXXg62YfpM_s0000353218_e0000355838.mp4,tier1,1,cuda,nvenc,cutfix_full_tier1_20260729_01,120,active_speaker_candidate_pool_v1,42
UZH4d1_NlI8_s0000495138_e0000500138,UZH4d1_NlI8,495.138,500.138,5.0,1.0,1.0,1.73,E:\FPTU\PRJ\VN-AV-DF-Capstone\data\01_collect\cut_clips\tier1\350_400\media\UZH4d1_NlI8_s0000495138_e0000500138.mp4,tier1,1,cuda,nvenc,cutfix_full_tier1_20260729_01,121,active_speaker_candidate_pool_v1,42
jfQzsbl5zZc_s0000311170_e0000316170,jfQzsbl5zZc,311.17,316.17,5.0,1.0,1.0,18.7,E:\FPTU\PRJ\VN-AV-DF-Capstone\data\01_collect\cut_clips\tier1\200_250\media\jfQzsbl5zZc_s0000311170_e0000316170.mp4,tier1,1,cuda,nvenc,cutfix_full_tier1_20260729_01,122,active_speaker_candidate_pool_v1,42
VYotaqBOWkI_s0000520066_e0000523102,VYotaqBOWkI,520.066,523.102,3.036,1.0,1.0,2.14,E:\FPTU\PRJ\VN-AV-DF-Capstone\data\01_collect\cut_clips\tier1\400_440\media\VYotaqBOWkI_s0000520066_e0000523102.mp4,tier1,1,cuda,nvenc,cutfix_full_tier1_20260729_01,123,active_speaker_candidate_pool_v1,42
daLBzXK7PG4_s0000026242_e0000031242,daLBzXK7PG4,26.242,31.242,5.0,1.0,1.0,11.48,E:\FPTU\PRJ\VN-AV-DF-Capstone\data\01_collect\cut_clips\tier1\100_150\media\daLBzXK7PG4_s0000026242_e0000031242.mp4,tier1,1,cuda,nvenc,cutfix_full_tier1_20260729_01,124,active_speaker_candidate_pool_v1,42
bqjmpbscb_Y_s0000222594_e0000228766,bqjmpbscb_Y,222.594,228.766,6.172,1.0,1.0,4.01,E:\FPTU\PRJ\VN-AV-DF-Capstone\data\01_collect\cut_clips\tier1\100_150\media\bqjmpbscb_Y_s0000222594_e0000228766.mp4,tier1,1,cuda,nvenc,cutfix_full_tier1_20260729_01,125,active_speaker_candidate_pool_v1,42
q4E_FLa0QEA_s0000810370_e0000813278,q4E_FLa0QEA,810.37,813.278,2.908,1.0,1.0,-5.82,E:\FPTU\PRJ\VN-AV-DF-Capstone\data\01_collect\cut_clips\tier1\300_350\media\q4E_FLa0QEA_s0000810370_e0000813278.mp4,tier1,1,cuda,nvenc,cutfix_full_tier1_20260729_01,126,active_speaker_candidate_pool_v1,42
rrz3lGNYmfE_s0000802338_e0000806238,rrz3lGNYmfE,802.338,806.238,3.9,1.0,1.0,13.08,E:\FPTU\PRJ\VN-AV-DF-Capstone\data\01_collect\cut_clips\tier1\300_350\media\rrz3lGNYmfE_s0000802338_e0000806238.mp4,tier1,1,cuda,nvenc,cutfix_full_tier1_20260729_01,127,active_speaker_candidate_pool_v1,42
2cg60JADoVY_s0000727554_e0000732554,2cg60JADoVY,727.554,732.554,5.0,1.0,1.0,6.92,E:\FPTU\PRJ\VN-AV-DF-Capstone\data\01_collect\cut_clips\tier1\0_50\media\2cg60JADoVY_s0000727554_e0000732554.mp4,tier1,1,cuda,nvenc,cutfix_full_tier1_20260729_01,128,active_speaker_candidate_pool_v1,42
jeXhVP_QhJU_s0000584066_e0000586654,jeXhVP_QhJU,584.066,586.654,2.588,1.0,1.0,5.17,E:\FPTU\PRJ\VN-AV-DF-Capstone\data\01_collect\cut_clips\tier1\200_250\media\jeXhVP_QhJU_s0000584066_e0000586654.mp4,tier1,1,cuda,nvenc,cutfix_full_tier1_20260729_01,129,active_speaker_candidate_pool_v1,42
SruxmrW5Dn0_s0000790466_e0000795466,SruxmrW5Dn0,790.466,795.466,5.0,1.0,1.0,-7.32,E:\FPTU\PRJ\VN-AV-DF-Capstone\data\01_collect\cut_clips\tier1\350_400\media\SruxmrW5Dn0_s0000790466_e0000795466.mp4,tier1,1,cuda,nvenc,cutfix_full_tier1_20260729_01,130,active_speaker_candidate_pool_v1,42
noHCxG0DHN8_s0000106914_e0000111914,noHCxG0DHN8,106.914,111.914,5.0,1.0,1.0,14.41,E:\FPTU\PRJ\VN-AV-DF-Capstone\data\01_collect\cut_clips\tier1\250_300\media\noHCxG0DHN8_s0000106914_e0000111914.mp4,tier1,1,cuda,nvenc,cutfix_full_tier1_20260729_01,131,active_speaker_candidate_pool_v1,42
7MhLFqIwNmE_s0000193474_e0000196894,7MhLFqIwNmE,193.474,196.894,3.42,1.0,1.0,8.09,E:\FPTU\PRJ\VN-AV-DF-Capstone\data\01_collect\cut_clips\tier1\50_100\media\7MhLFqIwNmE_s0000193474_e0000196894.mp4,tier1,1,cuda,nvenc,cutfix_full_tier1_20260729_01,132,active_speaker_candidate_pool_v1,42
rPe3ENW22fg_s0000294306_e0000297342,rPe3ENW22fg,294.306,297.342,3.036,1.0,1.0,0.75,E:\FPTU\PRJ\VN-AV-DF-Capstone\data\01_collect\cut_clips\tier1\300_350\media\rPe3ENW22fg_s0000294306_e0000297342.mp4,tier1,1,cuda,nvenc,cutfix_full_tier1_20260729_01,133,active_speaker_candidate_pool_v1,42
usfv-YmWPBs_s0000121570_e0000126570,usfv-YmWPBs,121.57,126.57,5.0,1.0,1.0,9.99,E:\FPTU\PRJ\VN-AV-DF-Capstone\data\01_collect\cut_clips\tier1\350_400\media\usfv-YmWPBs_s0000121570_e0000126570.mp4,tier1,1,cuda,nvenc,cutfix_full_tier1_20260729_01,134,active_speaker_candidate_pool_v1,42
x-Mij9RO6Tc_s0000360258_e0000365258,x-Mij9RO6Tc,360.258,365.258,5.0,1.0,1.0,7.31,E:\FPTU\PRJ\VN-AV-DF-Capstone\data\01_collect\cut_clips\tier1\400_440\media\x-Mij9RO6Tc_s0000360258_e0000365258.mp4,tier1,1,cuda,nvenc,cutfix_full_tier1_20260729_01,135,active_speaker_candidate_pool_v1,42
g1PHAcOVoTU_s0000156322_e0000161322,g1PHAcOVoTU,156.322,161.322,5.0,1.0,1.0,7.97,E:\FPTU\PRJ\VN-AV-DF-Capstone\data\01_collect\cut_clips\tier1\150_200\media\g1PHAcOVoTU_s0000156322_e0000161322.mp4,tier1,1,cuda,nvenc,cutfix_full_tier1_20260729_01,136,active_speaker_candidate_pool_v1,42
I5pa5xQhDeQ_s0000362626_e0000367626,I5pa5xQhDeQ,362.626,367.626,5.0,1.0,1.0,8.5,E:\FPTU\PRJ\VN-AV-DF-Capstone\data\01_collect\cut_clips\tier1\200_250\media\I5pa5xQhDeQ_s0000362626_e0000367626.mp4,tier1,1,cuda,nvenc,cutfix_full_tier1_20260729_01,137,active_speaker_candidate_pool_v1,42
Ha85y6UCyEM_s0000584066_e0000589502,Ha85y6UCyEM,584.066,589.502,5.436,1.0,1.0,16.97,E:\FPTU\PRJ\VN-AV-DF-Capstone\data\01_collect\cut_clips\tier1\150_200\media\Ha85y6UCyEM_s0000584066_e0000589502.mp4,tier1,1,cuda,nvenc,cutfix_full_tier1_20260729_01,138,active_speaker_candidate_pool_v1,42
BdF56rupScA_s0000861730_e0000864382,BdF56rupScA,861.73,864.382,2.652,1.0,1.0,36.74,E:\FPTU\PRJ\VN-AV-DF-Capstone\data\01_collect\cut_clips\tier1\50_100\media\BdF56rupScA_s0000861730_e0000864382.mp4,tier1,1,cuda,nvenc,cutfix_full_tier1_20260729_01,139,active_speaker_candidate_pool_v1,42
iOML2JkOdm4_s0000235746_e0000238814,iOML2JkOdm4,235.746,238.814,3.068,1.0,1.0,9.36,E:\FPTU\PRJ\VN-AV-DF-Capstone\data\01_collect\cut_clips\tier1\200_250\media\iOML2JkOdm4_s0000235746_e0000238814.mp4,tier1,1,cuda,nvenc,cutfix_full_tier1_20260729_01,140,active_speaker_candidate_pool_v1,42
2joCGTJQ8Do_s0000004034_e0000006142,2joCGTJQ8Do,4.034,6.142,2.108,1.0,1.0,4.53,E:\FPTU\PRJ\VN-AV-DF-Capstone\data\01_collect\cut_clips\tier1\0_50\media\2joCGTJQ8Do_s0000004034_e0000006142.mp4,tier1,1,cuda,nvenc,cutfix_full_tier1_20260729_01,141,active_speaker_candidate_pool_v1,42
QOJMmsJY5c4_s0000628290_e0000631166,QOJMmsJY5c4,628.29,631.166,2.876,1.0,1.0,7.37,E:\FPTU\PRJ\VN-AV-DF-Capstone\data\01_collect\cut_clips\tier1\300_350\media\QOJMmsJY5c4_s0000628290_e0000631166.mp4,tier1,1,cuda,nvenc,cutfix_full_tier1_20260729_01,142,active_speaker_candidate_pool_v1,42
ibbTw714WuI_s0000101378_e0000103838,ibbTw714WuI,101.378,103.838,2.46,1.0,1.0,5.75,E:\FPTU\PRJ\VN-AV-DF-Capstone\data\01_collect\cut_clips\tier1\200_250\media\ibbTw714WuI_s0000101378_e0000103838.mp4,tier1,1,cuda,nvenc,cutfix_full_tier1_20260729_01,143,active_speaker_candidate_pool_v1,42
e9L2DHgRmAc_s0000562978_e0000565982,e9L2DHgRmAc,562.978,565.982,3.004,1.0,1.0,6.14,E:\FPTU\PRJ\VN-AV-DF-Capstone\data\01_collect\cut_clips\tier1\100_150\media\e9L2DHgRmAc_s0000562978_e0000565982.mp4,tier1,1,cuda,nvenc,cutfix_full_tier1_20260729_01,144,active_speaker_candidate_pool_v1,42
lq_tau31IE0_s0000676098_e0000681054,lq_tau31IE0,676.098,681.054,4.956,1.0,1.0,5.21,E:\FPTU\PRJ\VN-AV-DF-Capstone\data\01_collect\cut_clips\tier1\250_300\media\lq_tau31IE0_s0000676098_e0000681054.mp4,tier1,1,cuda,nvenc,cutfix_full_tier1_20260729_01,145,active_speaker_candidate_pool_v1,42
xDtxtg7BajU_s0000527842_e0000531934,xDtxtg7BajU,527.842,531.934,4.092,1.0,1.0,7.09,E:\FPTU\PRJ\VN-AV-DF-Capstone\data\01_collect\cut_clips\tier1\400_440\media\xDtxtg7BajU_s0000527842_e0000531934.mp4,tier1,1,cuda,nvenc,cutfix_full_tier1_20260729_01,146,active_speaker_candidate_pool_v1,42
3T6Sd0_g9bQ_s0000379618_e0000382046,3T6Sd0_g9bQ,379.618,382.046,2.428,1.0,1.0,9.28,E:\FPTU\PRJ\VN-AV-DF-Capstone\data\01_collect\cut_clips\tier1\0_50\media\3T6Sd0_g9bQ_s0000379618_e0000382046.mp4,tier1,1,cuda,nvenc,cutfix_full_tier1_20260729_01,147,active_speaker_candidate_pool_v1,42
Dz71hTGxJ3o_s0000163554_e0000165598,Dz71hTGxJ3o,163.554,165.598,2.044,1.0,1.0,7.06,E:\FPTU\PRJ\VN-AV-DF-Capstone\data\01_collect\cut_clips\tier1\100_150\media\Dz71hTGxJ3o_s0000163554_e0000165598.mp4,tier1,1,cuda,nvenc,cutfix_full_tier1_20260729_01,148,active_speaker_candidate_pool_v1,42
lu9nW4ECKOE_s0001052386_e0001056574,lu9nW4ECKOE,1052.386,1056.574,4.188,1.0,1.0,14.09,E:\FPTU\PRJ\VN-AV-DF-Capstone\data\01_collect\cut_clips\tier1\250_300\media\lu9nW4ECKOE_s0001052386_e0001056574.mp4,tier1,1,cuda,nvenc,cutfix_full_tier1_20260729_01,149,active_speaker_candidate_pool_v1,42
KithesVhFR8_s0000173474_e0000178474,KithesVhFR8,173.474,178.474,5.0,1.0,1.0,20.17,E:\FPTU\PRJ\VN-AV-DF-Capstone\data\01_collect\cut_clips\tier1\200_250\media\KithesVhFR8_s0000173474_e0000178474.mp4,tier1,1,cuda,nvenc,cutfix_full_tier1_20260729_01,150,active_speaker_candidate_pool_v1,42
vqmz6Ras5ns_s0000237346_e0000245502,vqmz6Ras5ns,237.346,245.502,8.156,1.0,1.0,9.26,E:\FPTU\PRJ\VN-AV-DF-Capstone\data\01_collect\cut_clips\tier1\400_440\media\vqmz6Ras5ns_s0000237346_e0000245502.mp4,tier1,1,cuda,nvenc,cutfix_full_tier1_20260729_01,151,active_speaker_candidate_pool_v1,42
CQWEtrfUwkM_s0000248866_e0000251902,CQWEtrfUwkM,248.866,251.902,3.036,1.0,1.0,13.69,E:\FPTU\PRJ\VN-AV-DF-Capstone\data\01_collect\cut_clips\tier1\100_150\media\CQWEtrfUwkM_s0000248866_e0000251902.mp4,tier1,1,cuda,nvenc,cutfix_full_tier1_20260729_01,152,active_speaker_candidate_pool_v1,42
3Dx_Ze4O6Cc_s0000043554_e0000045726,3Dx_Ze4O6Cc,43.554,45.726,2.172,1.0,1.0,11.39,E:\FPTU\PRJ\VN-AV-DF-Capstone\data\01_collect\cut_clips\tier1\0_50\media\3Dx_Ze4O6Cc_s0000043554_e0000045726.mp4,tier1,1,cuda,nvenc,cutfix_full_tier1_20260729_01,153,active_speaker_candidate_pool_v1,42
adzgpYkn_c_s0000020706_e0000025706,_adzgpYkn_c,20.706,25.706,5.0,1.0,1.0,8.36,E:\FPTU\PRJ\VN-AV-DF-Capstone\data\01_collect\cut_clips\tier1\440_472\media\adzgpYkn_c_s0000020706_e0000025706.mp4,tier1,1,cuda,nvenc,cutfix_full_tier1_20260729_01,154,active_speaker_candidate_pool_v1,42
3eQlp-j-xyg_s0000519234_e0000521790,3eQlp-j-xyg,519.234,521.79,2.556,1.0,1.0,3.49,E:\FPTU\PRJ\VN-AV-DF-Capstone\data\01_collect\cut_clips\tier1\0_50\media\3eQlp-j-xyg_s0000519234_e0000521790.mp4,tier1,1,cuda,nvenc,cutfix_full_tier1_20260729_01,155,active_speaker_candidate_pool_v1,42
RESusKKocoo_s0000566082_e0000568702,RESusKKocoo,566.082,568.702,2.62,1.0,1.0,1.2,E:\FPTU\PRJ\VN-AV-DF-Capstone\data\01_collect\cut_clips\tier1\300_350\media\RESusKKocoo_s0000566082_e0000568702.mp4,tier1,1,cuda,nvenc,cutfix_full_tier1_20260729_01,156,active_speaker_candidate_pool_v1,42
fiOZ6UEcF6c_s0000387266_e0000389278,fiOZ6UEcF6c,387.266,389.278,2.012,1.0,1.0,27.79,E:\FPTU\PRJ\VN-AV-DF-Capstone\data\01_collect\cut_clips\tier1\150_200\media\fiOZ6UEcF6c_s0000387266_e0000389278.mp4,tier1,1,cuda,nvenc,cutfix_full_tier1_20260729_01,157,active_speaker_candidate_pool_v1,42
jvfkB28zTAY_s0000303778_e0000311326,jvfkB28zTAY,303.778,311.326,7.548,1.0,1.0,2.52,E:\FPTU\PRJ\VN-AV-DF-Capstone\data\01_collect\cut_clips\tier1\200_250\media\jvfkB28zTAY_s0000303778_e0000311326.mp4,tier1,1,cuda,nvenc,cutfix_full_tier1_20260729_01,158,active_speaker_candidate_pool_v1,42
AUuQrHEHhUA_s0000668930_e0000673930,AUuQrHEHhUA,668.93,673.93,5.0,1.0,1.0,30.43,E:\FPTU\PRJ\VN-AV-DF-Capstone\data\01_collect\cut_clips\tier1\50_100\media\AUuQrHEHhUA_s0000668930_e0000673930.mp4,tier1,1,cuda,nvenc,cutfix_full_tier1_20260729_01,159,active_speaker_candidate_pool_v1,42
NHyI4-Xjzi0_s0000524898_e0000528894,NHyI4-Xjzi0,524.898,528.894,3.996,1.0,1.0,4.18,E:\FPTU\PRJ\VN-AV-DF-Capstone\data\01_collect\cut_clips\tier1\250_300\media\NHyI4-Xjzi0_s0000524898_e0000528894.mp4,tier1,1,cuda,nvenc,cutfix_full_tier1_20260729_01,160,active_speaker_candidate_pool_v1,42
gc6YfgZ6sIs_s0000414786_e0000416862,gc6YfgZ6sIs,414.786,416.862,2.076,1.0,1.0,2.22,E:\FPTU\PRJ\VN-AV-DF-Capstone\data\01_collect\cut_clips\tier1\150_200\media\gc6YfgZ6sIs_s0000414786_e0000416862.mp4,tier1,1,cuda,nvenc,cutfix_full_tier1_20260729_01,161,active_speaker_candidate_pool_v1,42
oxYn-0AMz-Q_s0000249890_e0000252158,oxYn-0AMz-Q,249.89,252.158,2.268,1.0,1.0,8.19,E:\FPTU\PRJ\VN-AV-DF-Capstone\data\01_collect\cut_clips\tier1\300_350\media\oxYn-0AMz-Q_s0000249890_e0000252158.mp4,tier1,1,cuda,nvenc,cutfix_full_tier1_20260729_01,162,active_speaker_candidate_pool_v1,42
TuPDzdbwAYY_s0000027906_e0000032478,TuPDzdbwAYY,27.906,32.478,4.572,1.0,1.0,8.19,E:\FPTU\PRJ\VN-AV-DF-Capstone\data\01_collect\cut_clips\tier1\350_400\media\TuPDzdbwAYY_s0000027906_e0000032478.mp4,tier1,1,cuda,nvenc,cutfix_full_tier1_20260729_01,163,active_speaker_candidate_pool_v1,42
b3uAiVAWJw4_s0000941474_e0000951070,b3uAiVAWJw4,941.474,951.07,9.596,1.0,1.0,5.36,E:\FPTU\PRJ\VN-AV-DF-Capstone\data\01_collect\cut_clips\tier1\50_100\media\b3uAiVAWJw4_s0000941474_e0000951070.mp4,tier1,1,cuda,nvenc,cutfix_full_tier1_20260729_01,164,active_speaker_candidate_pool_v1,42
dLI4MOyM4Eo_s0000569250_e0000572798,dLI4MOyM4Eo,569.25,572.798,3.548,1.0,1.0,17.32,E:\FPTU\PRJ\VN-AV-DF-Capstone\data\01_collect\cut_clips\tier1\100_150\media\dLI4MOyM4Eo_s0000569250_e0000572798.mp4,tier1,1,cuda,nvenc,cutfix_full_tier1_20260729_01,165,active_speaker_candidate_pool_v1,42
0vXH7_xKzHs_s0000290882_e0000296350,0vXH7_xKzHs,290.882,296.35,5.468,1.0,1.0,0.8,E:\FPTU\PRJ\VN-AV-DF-Capstone\data\01_collect\cut_clips\tier1\0_50\media\0vXH7_xKzHs_s0000290882_e0000296350.mp4,tier1,1,cuda,nvenc,cutfix_full_tier1_20260729_01,166,active_speaker_candidate_pool_v1,42
nuPgFmDJJiM_s0000212290_e0000215230,nuPgFmDJJiM,212.29,215.23,2.94,1.0,1.0,0.96,E:\FPTU\PRJ\VN-AV-DF-Capstone\data\01_collect\cut_clips\tier1\250_300\media\nuPgFmDJJiM_s0000212290_e0000215230.mp4,tier1,1,cuda,nvenc,cutfix_full_tier1_20260729_01,167,active_speaker_candidate_pool_v1,42
2Qw7gbwa5EI_s0000580514_e0000588702,2Qw7gbwa5EI,580.514,588.702,8.188,1.0,1.0,6.02,E:\FPTU\PRJ\VN-AV-DF-Capstone\data\01_collect\cut_clips\tier1\0_50\media\2Qw7gbwa5EI_s0000580514_e0000588702.mp4,tier1,1,cuda,nvenc,cutfix_full_tier1_20260729_01,168,active_speaker_candidate_pool_v1,42
0MYJr36X9QU_s0000847746_e0000850270,0MYJr36X9QU,847.746,850.27,2.524,1.0,1.0,13.91,E:\FPTU\PRJ\VN-AV-DF-Capstone\data\01_collect\cut_clips\tier1\0_50\media\0MYJr36X9QU_s0000847746_e0000850270.mp4,tier1,1,cuda,nvenc,cutfix_full_tier1_20260729_01,169,active_speaker_candidate_pool_v1,42
y3vBfCdY2tQ_s0000320674_e0000323230,y3vBfCdY2tQ,320.674,323.23,2.556,1.0,1.0,6.2,E:\FPTU\PRJ\VN-AV-DF-Capstone\data\01_collect\cut_clips\tier1\440_472\media\y3vBfCdY2tQ_s0000320674_e0000323230.mp4,tier1,1,cuda,nvenc,cutfix_full_tier1_20260729_01,170,active_speaker_candidate_pool_v1,42
RJ343YcTIlE_s0000711522_e0000715102,RJ343YcTIlE,711.522,715.102,3.58,1.0,1.0,5.93,E:\FPTU\PRJ\VN-AV-DF-Capstone\data\01_collect\cut_clips\tier1\300_350\media\RJ343YcTIlE_s0000711522_e0000715102.mp4,tier1,1,cuda,nvenc,cutfix_full_tier1_20260729_01,171,active_speaker_candidate_pool_v1,42
F8cdJOyC8h0_s0000208098_e0000210334,F8cdJOyC8h0,208.098,210.334,2.236,1.0,1.0,20.52,E:\FPTU\PRJ\VN-AV-DF-Capstone\data\01_collect\cut_clips\tier1\150_200\media\F8cdJOyC8h0_s0000208098_e0000210334.mp4,tier1,1,cuda,nvenc,cutfix_full_tier1_20260729_01,172,active_speaker_candidate_pool_v1,42
ElLAauM-YQA_s0000145730_e0000152318,ElLAauM-YQA,145.73,152.318,6.588,1.0,1.0,25.05,E:\FPTU\PRJ\VN-AV-DF-Capstone\data\01_collect\cut_clips\tier1\150_200\media\ElLAauM-YQA_s0000145730_e0000152318.mp4,tier1,1,cuda,nvenc,cutfix_full_tier1_20260729_01,173,active_speaker_candidate_pool_v1,42
8euqbn9kLw8_s0000207138_e0000211326,8euqbn9kLw8,207.138,211.326,4.188,1.0,1.0,25.39,E:\FPTU\PRJ\VN-AV-DF-Capstone\data\01_collect\cut_clips\tier1\50_100\media\8euqbn9kLw8_s0000207138_e0000211326.mp4,tier1,1,cuda,nvenc,cutfix_full_tier1_20260729_01,174,active_speaker_candidate_pool_v1,42
DFGqypUDz0s_s0000388450_e0000391166,DFGqypUDz0s,388.45,391.166,2.716,1.0,1.0,9.37,E:\FPTU\PRJ\VN-AV-DF-Capstone\data\01_collect\cut_clips\tier1\100_150\media\DFGqypUDz0s_s0000388450_e0000391166.mp4,tier1,1,cuda,nvenc,cutfix_full_tier1_20260729_01,175,active_speaker_candidate_pool_v1,42
VSERYLVfH7U_s0000261986_e0000266986,VSERYLVfH7U,261.986,266.986,5.0,1.0,1.0,17.52,E:\FPTU\PRJ\VN-AV-DF-Capstone\data\01_collect\cut_clips\tier1\400_440\media\VSERYLVfH7U_s0000261986_e0000266986.mp4,tier1,1,cuda,nvenc,cutfix_full_tier1_20260729_01,176,active_speaker_candidate_pool_v1,42
cCgUZfgHgRg_s0000066786_e0000076574,cCgUZfgHgRg,66.786,76.574,9.788,1.0,1.0,4.26,E:\FPTU\PRJ\VN-AV-DF-Capstone\data\01_collect\cut_clips\tier1\100_150\media\cCgUZfgHgRg_s0000066786_e0000076574.mp4,tier1,1,cuda,nvenc,cutfix_full_tier1_20260729_01,177,active_speaker_candidate_pool_v1,42
kGpEJagNHDg_s0000258274_e0000263274,kGpEJagNHDg,258.274,263.274,5.0,1.0,1.0,3.97,E:\FPTU\PRJ\VN-AV-DF-Capstone\data\01_collect\cut_clips\tier1\200_250\media\kGpEJagNHDg_s0000258274_e0000263274.mp4,tier1,1,cuda,nvenc,cutfix_full_tier1_20260729_01,178,active_speaker_candidate_pool_v1,42
zYrsoxOVN4U_s0000300226_e0000304638,zYrsoxOVN4U,300.226,304.638,4.412,1.0,1.0,3.36,E:\FPTU\PRJ\VN-AV-DF-Capstone\data\01_collect\cut_clips\tier1\440_472\media\zYrsoxOVN4U_s0000300226_e0000304638.mp4,tier1,1,cuda,nvenc,cutfix_full_tier1_20260729_01,179,active_speaker_candidate_pool_v1,42
Oiqp0k6oPoQ_s0000037858_e0000040062,Oiqp0k6oPoQ,37.858,40.062,2.204,1.0,1.0,11.14,E:\FPTU\PRJ\VN-AV-DF-Capstone\data\01_collect\cut_clips\tier1\250_300\media\Oiqp0k6oPoQ_s0000037858_e0000040062.mp4,tier1,1,cuda,nvenc,cutfix_full_tier1_20260729_01,180,active_speaker_candidate_pool_v1,42
icH29Xye5Uc_s0000443490_e0000447326,icH29Xye5Uc,443.49,447.326,3.836,1.0,1.0,3.49,E:\FPTU\PRJ\VN-AV-DF-Capstone\data\01_collect\cut_clips\tier1\200_250\media\icH29Xye5Uc_s0000443490_e0000447326.mp4,tier1,1,cuda,nvenc,cutfix_full_tier1_20260729_01,181,active_speaker_candidate_pool_v1,42
qh78i88JEiU_s0000411298_e0000413950,qh78i88JEiU,411.298,413.95,2.652,1.0,1.0,-3.79,E:\FPTU\PRJ\VN-AV-DF-Capstone\data\01_collect\cut_clips\tier1\300_350\media\qh78i88JEiU_s0000411298_e0000413950.mp4,tier1,1,cuda,nvenc,cutfix_full_tier1_20260729_01,182,active_speaker_candidate_pool_v1,42
8RJipfF25SE_s0000135842_e0000141566,8RJipfF25SE,135.842,141.566,5.724,1.0,1.0,13.98,E:\FPTU\PRJ\VN-AV-DF-Capstone\data\01_collect\cut_clips\tier1\50_100\media\8RJipfF25SE_s0000135842_e0000141566.mp4,tier1,1,cuda,nvenc,cutfix_full_tier1_20260729_01,183,active_speaker_candidate_pool_v1,42
nVh2E8CFkGk_s0000105218_e0000110218,nVh2E8CFkGk,105.218,110.218,5.0,0.8,1.0,2.6,E:\FPTU\PRJ\VN-AV-DF-Capstone\data\01_collect\cut_clips\tier1\250_300\media\nVh2E8CFkGk_s0000105218_e0000110218.mp4,tier1,1,cuda,nvenc,cutfix_full_tier1_20260729_01,184,active_speaker_candidate_pool_v1,42
aQHYw-lt0PA_s0000104610_e0000109610,aQHYw-lt0PA,104.61,109.61,5.0,1.0,1.0,2.87,E:\FPTU\PRJ\VN-AV-DF-Capstone\data\01_collect\cut_clips\tier1\50_100\media\aQHYw-lt0PA_s0000104610_e0000109610.mp4,tier1,1,cuda,nvenc,cutfix_full_tier1_20260729_01,185,active_speaker_candidate_pool_v1,42
kpl2x_spetg_s0000744642_e0000747742,kpl2x_spetg,744.642,747.742,3.1,1.0,1.0,3.82,E:\FPTU\PRJ\VN-AV-DF-Capstone\data\01_collect\cut_clips\tier1\200_250\media\kpl2x_spetg_s0000744642_e0000747742.mp4,tier1,1,cuda,nvenc,cutfix_full_tier1_20260729_01,186,active_speaker_candidate_pool_v1,42
d7GXOozr45E_s0000479074_e0000482430,d7GXOozr45E,479.074,482.43,3.356,1.0,1.0,26.07,E:\FPTU\PRJ\VN-AV-DF-Capstone\data\01_collect\cut_clips\tier1\100_150\media\d7GXOozr45E_s0000479074_e0000482430.mp4,tier1,1,cuda,nvenc,cutfix_full_tier1_20260729_01,187,active_speaker_candidate_pool_v1,42
HdQNu5kVKsk_s0000968290_e0000971678,HdQNu5kVKsk,968.29,971.678,3.388,1.0,1.0,7.32,E:\FPTU\PRJ\VN-AV-DF-Capstone\data\01_collect\cut_clips\tier1\150_200\media\HdQNu5kVKsk_s0000968290_e0000971678.mp4,tier1,1,cuda,nvenc,cutfix_full_tier1_20260729_01,188,active_speaker_candidate_pool_v1,42
nMUDFU5nusM_s0000457506_e0000460702,nMUDFU5nusM,457.506,460.702,3.196,1.0,1.0,16.59,E:\FPTU\PRJ\VN-AV-DF-Capstone\data\01_collect\cut_clips\tier1\250_300\media\nMUDFU5nusM_s0000457506_e0000460702.mp4,tier1,1,cuda,nvenc,cutfix_full_tier1_20260729_01,189,active_speaker_candidate_pool_v1,42
bcsGSuu2-9A_s0000328066_e0000333066,bcsGSuu2-9A,328.066,333.066,5.0,1.0,1.0,19.54,E:\FPTU\PRJ\VN-AV-DF-Capstone\data\01_collect\cut_clips\tier1\50_100\media\bcsGSuu2-9A_s0000328066_e0000333066.mp4,tier1,1,cuda,nvenc,cutfix_full_tier1_20260729_01,190,active_speaker_candidate_pool_v1,42
jInLQAiBlVQ_s0000804002_e0000806398,jInLQAiBlVQ,804.002,806.398,2.396,1.0,1.0,2.97,E:\FPTU\PRJ\VN-AV-DF-Capstone\data\01_collect\cut_clips\tier1\200_250\media\jInLQAiBlVQ_s0000804002_e0000806398.mp4,tier1,1,cuda,nvenc,cutfix_full_tier1_20260729_01,191,active_speaker_candidate_pool_v1,42
d31XnguWocc_s0000748642_e0000753726,d31XnguWocc,748.642,753.726,5.084,1.0,1.0,20.59,E:\FPTU\PRJ\VN-AV-DF-Capstone\data\01_collect\cut_clips\tier1\100_150\media\d31XnguWocc_s0000748642_e0000753726.mp4,tier1,1,cuda,nvenc,cutfix_full_tier1_20260729_01,192,active_speaker_candidate_pool_v1,42
lMkFDhP5bHU_s0000758434_e0000762270,lMkFDhP5bHU,758.434,762.27,3.836,1.0,1.0,24.1,E:\FPTU\PRJ\VN-AV-DF-Capstone\data\01_collect\cut_clips\tier1\250_300\media\lMkFDhP5bHU_s0000758434_e0000762270.mp4,tier1,1,cuda,nvenc,cutfix_full_tier1_20260729_01,193,active_speaker_candidate_pool_v1,42
sJSREVlBiVo_s0001017506_e0001020990,sJSREVlBiVo,1017.506,1020.99,3.484,1.0,1.0,8.83,E:\FPTU\PRJ\VN-AV-DF-Capstone\data\01_collect\cut_clips\tier1\350_400\media\sJSREVlBiVo_s0001017506_e0001020990.mp4,tier1,1,cuda,nvenc,cutfix_full_tier1_20260729_01,194,active_speaker_candidate_pool_v1,42
MgH-vP4JdDU_s0000078562_e0000083562,MgH-vP4JdDU,78.562,83.562,5.0,1.0,1.0,3.21,E:\FPTU\PRJ\VN-AV-DF-Capstone\data\01_collect\cut_clips\tier1\250_300\media\MgH-vP4JdDU_s0000078562_e0000083562.mp4,tier1,1,cuda,nvenc,cutfix_full_tier1_20260729_01,195,active_speaker_candidate_pool_v1,42
1Xl8GEFwmKg_s0000119426_e0000121822,1Xl8GEFwmKg,119.426,121.822,2.396,1.0,1.0,12.9,E:\FPTU\PRJ\VN-AV-DF-Capstone\data\01_collect\cut_clips\tier1\0_50\media\1Xl8GEFwmKg_s0000119426_e0000121822.mp4,tier1,1,cuda,nvenc,cutfix_full_tier1_20260729_01,196,active_speaker_candidate_pool_v1,42
okuTGgf1apU_s0000703938_e0000708190,okuTGgf1apU,703.938,708.19,4.252,1.0,1.0,5.95,E:\FPTU\PRJ\VN-AV-DF-Capstone\data\01_collect\cut_clips\tier1\300_350\media\okuTGgf1apU_s0000703938_e0000708190.mp4,tier1,1,cuda,nvenc,cutfix_full_tier1_20260729_01,197,active_speaker_candidate_pool_v1,42
vWIrluPVe64_s0000665666_e0000667934,vWIrluPVe64,665.666,667.934,2.268,1.0,1.0,7.96,E:\FPTU\PRJ\VN-AV-DF-Capstone\data\01_collect\cut_clips\tier1\400_440\media\vWIrluPVe64_s0000665666_e0000667934.mp4,tier1,1,cuda,nvenc,cutfix_full_tier1_20260729_01,198,active_speaker_candidate_pool_v1,42
GApGFYiXNKQ_s0001057986_e0001062986,GApGFYiXNKQ,1057.986,1062.986,5.0,1.0,1.0,5.98,E:\FPTU\PRJ\VN-AV-DF-Capstone\data\01_collect\cut_clips\tier1\150_200\media\GApGFYiXNKQ_s0001057986_e0001062986.mp4,tier1,1,cuda,nvenc,cutfix_full_tier1_20260729_01,199,active_speaker_candidate_pool_v1,42
6J8ZTnAnKCY_s0000829378_e0000835998,6J8ZTnAnKCY,829.378,835.998,6.62,1.0,1.0,36.65,E:\FPTU\PRJ\VN-AV-DF-Capstone\data\01_collect\cut_clips\tier1\0_50\media\6J8ZTnAnKCY_s0000829378_e0000835998.mp4,tier1,1,cuda,nvenc,cutfix_full_tier1_20260729_01,200,active_speaker_candidate_pool_v1,42
T_XCvMIcc88_s0000118114_e0000124318,T_XCvMIcc88,118.114,124.318,6.204,1.0,1.0,16.82,E:\FPTU\PRJ\VN-AV-DF-Capstone\data\01_collect\cut_clips\tier1\350_400\media\T_XCvMIcc88_s0000118114_e0000124318.mp4,tier1,1,cuda,nvenc,cutfix_full_tier1_20260729_01,201,active_speaker_candidate_pool_v1,42
eJPJ2gCcok0_s0000035714_e0000040798,eJPJ2gCcok0,35.714,40.798,5.084,1.0,1.0,12.03,E:\FPTU\PRJ\VN-AV-DF-Capstone\data\01_collect\cut_clips\tier1\150_200\media\eJPJ2gCcok0_s0000035714_e0000040798.mp4,tier1,1,cuda,nvenc,cutfix_full_tier1_20260729_01,202,active_speaker_candidate_pool_v1,42
kKT80S0f40M_s0000309346_e0000314782,kKT80S0f40M,309.346,314.782,5.436,1.0,1.0,4.2,E:\FPTU\PRJ\VN-AV-DF-Capstone\data\01_collect\cut_clips\tier1\200_250\media\kKT80S0f40M_s0000309346_e0000314782.mp4,tier1,1,cuda,nvenc,cutfix_full_tier1_20260729_01,203,active_speaker_candidate_pool_v1,42
Q2AP59qM0Wo_s0000060642_e0000064990,Q2AP59qM0Wo,60.642,64.99,4.348,1.0,1.0,-2.99,E:\FPTU\PRJ\VN-AV-DF-Capstone\data\01_collect\cut_clips\tier1\300_350\media\Q2AP59qM0Wo_s0000060642_e0000064990.mp4,tier1,1,cuda,nvenc,cutfix_full_tier1_20260729_01,204,active_speaker_candidate_pool_v1,42
0wOdyRpc0wc_s0000095618_e0000100618,0wOdyRpc0wc,95.618,100.618,5.0,1.0,1.0,21.1,E:\FPTU\PRJ\VN-AV-DF-Capstone\data\01_collect\cut_clips\tier1\0_50\media\0wOdyRpc0wc_s0000095618_e0000100618.mp4,tier1,1,cuda,nvenc,cutfix_full_tier1_20260729_01,205,active_speaker_candidate_pool_v1,42
qrF3KZAaLZg_s0000601186_e0000603294,qrF3KZAaLZg,601.186,603.294,2.108,1.0,1.0,17.43,E:\FPTU\PRJ\VN-AV-DF-Capstone\data\01_collect\cut_clips\tier1\300_350\media\qrF3KZAaLZg_s0000601186_e0000603294.mp4,tier1,1,cuda,nvenc,cutfix_full_tier1_20260729_01,206,active_speaker_candidate_pool_v1,42
okygVjgD02Y_s0000465218_e0000467902,okygVjgD02Y,465.218,467.902,2.684,1.0,1.0,2.54,E:\FPTU\PRJ\VN-AV-DF-Capstone\data\01_collect\cut_clips\tier1\300_350\media\okygVjgD02Y_s0000465218_e0000467902.mp4,tier1,1,cuda,nvenc,cutfix_full_tier1_20260729_01,207,active_speaker_candidate_pool_v1,42
crwhbPpTQjQ_s0000177058_e0000179390,crwhbPpTQjQ,177.058,179.39,2.332,1.0,1.0,7.1,E:\FPTU\PRJ\VN-AV-DF-Capstone\data\01_collect\cut_clips\tier1\100_150\media\crwhbPpTQjQ_s0000177058_e0000179390.mp4,tier1,1,cuda,nvenc,cutfix_full_tier1_20260729_01,208,active_speaker_candidate_pool_v1,42
CRVQFkGDtHk_s0000200482_e0000203326,CRVQFkGDtHk,200.482,203.326,2.844,1.0,1.0,21.0,E:\FPTU\PRJ\VN-AV-DF-Capstone\data\01_collect\cut_clips\tier1\100_150\media\CRVQFkGDtHk_s0000200482_e0000203326.mp4,tier1,1,cuda,nvenc,cutfix_full_tier1_20260729_01,209,active_speaker_candidate_pool_v1,42
A8KAXj-xtBI_s0000240258_e0000242526,A8KAXj-xtBI,240.258,242.526,2.268,1.0,1.0,29.19,E:\FPTU\PRJ\VN-AV-DF-Capstone\data\01_collect\cut_clips\tier1\50_100\media\A8KAXj-xtBI_s0000240258_e0000242526.mp4,tier1,1,cuda,nvenc,cutfix_full_tier1_20260729_01,210,active_speaker_candidate_pool_v1,42
OZolcCDYwe4_s0000335010_e0000337342,OZolcCDYwe4,335.01,337.342,2.332,1.0,1.0,6.29,E:\FPTU\PRJ\VN-AV-DF-Capstone\data\01_collect\cut_clips\tier1\300_350\media\OZolcCDYwe4_s0000335010_e0000337342.mp4,tier1,1,cuda,nvenc,cutfix_full_tier1_20260729_01,211,active_speaker_candidate_pool_v1,42
iCpEVDZ1RCU_s0000421378_e0000424094,iCpEVDZ1RCU,421.378,424.094,2.716,1.0,1.0,10.8,E:\FPTU\PRJ\VN-AV-DF-Capstone\data\01_collect\cut_clips\tier1\200_250\media\iCpEVDZ1RCU_s0000421378_e0000424094.mp4,tier1,1,cuda,nvenc,cutfix_full_tier1_20260729_01,212,active_speaker_candidate_pool_v1,42
-mqfxUnzbzU_s0000315906_e0000319038,-mqfxUnzbzU,315.906,319.038,3.132,1.0,1.0,16.51,E:\FPTU\PRJ\VN-AV-DF-Capstone\data\01_collect\cut_clips\tier1\0_50\media\-mqfxUnzbzU_s0000315906_e0000319038.mp4,tier1,1,cuda,nvenc,cutfix_full_tier1_20260729_01,213,active_speaker_candidate_pool_v1,42
hxoZsiA7Vs8_s0000531490_e0000534558,hxoZsiA7Vs8,531.49,534.558,3.068,1.0,1.0,5.06,E:\FPTU\PRJ\VN-AV-DF-Capstone\data\01_collect\cut_clips\tier1\150_200\media\hxoZsiA7Vs8_s0000531490_e0000534558.mp4,tier1,1,cuda,nvenc,cutfix_full_tier1_20260729_01,214,active_speaker_candidate_pool_v1,42
ueP0_yeDDOo_s0000403266_e0000414142,ueP0_yeDDOo,403.266,414.142,10.876,1.0,1.0,5.3,E:\FPTU\PRJ\VN-AV-DF-Capstone\data\01_collect\cut_clips\tier1\350_400\media\ueP0_yeDDOo_s0000403266_e0000414142.mp4,tier1,1,cuda,nvenc,cutfix_full_tier1_20260729_01,215,active_speaker_candidate_pool_v1,42
7URysGbqZ1w_s0000317570_e0000319966,7URysGbqZ1w,317.57,319.966,2.396,1.0,1.0,7.29,E:\FPTU\PRJ\VN-AV-DF-Capstone\data\01_collect\cut_clips\tier1\50_100\media\7URysGbqZ1w_s0000317570_e0000319966.mp4,tier1,1,cuda,nvenc,cutfix_full_tier1_20260729_01,216,active_speaker_candidate_pool_v1,42
z4d_u0Bo2xM_s0000213346_e0000224222,z4d_u0Bo2xM,213.346,224.222,10.876,1.0,1.0,9.18,E:\FPTU\PRJ\VN-AV-DF-Capstone\data\01_collect\cut_clips\tier1\440_472\media\z4d_u0Bo2xM_s0000213346_e0000224222.mp4,tier1,1,cuda,nvenc,cutfix_full_tier1_20260729_01,217,active_speaker_candidate_pool_v1,42
b8bOJGun_9s_s0001011394_e0001013598,b8bOJGun_9s,1011.394,1013.598,2.204,1.0,1.0,9.27,E:\FPTU\PRJ\VN-AV-DF-Capstone\data\01_collect\cut_clips\tier1\50_100\media\b8bOJGun_9s_s0001011394_e0001013598.mp4,tier1,1,cuda,nvenc,cutfix_full_tier1_20260729_01,218,active_speaker_candidate_pool_v1,42
CHkaAtJLN3E_s0000096706_e0000100798,CHkaAtJLN3E,96.706,100.798,4.092,1.0,1.0,5.2,E:\FPTU\PRJ\VN-AV-DF-Capstone\data\01_collect\cut_clips\tier1\100_150\media\CHkaAtJLN3E_s0000096706_e0000100798.mp4,tier1,1,cuda,nvenc,cutfix_full_tier1_20260729_01,219,active_speaker_candidate_pool_v1,42
J5JAarO_Exw_s0000372802_e0000377802,J5JAarO_Exw,372.802,377.802,5.0,1.0,1.0,3.7,E:\FPTU\PRJ\VN-AV-DF-Capstone\data\01_collect\cut_clips\tier1\200_250\media\J5JAarO_Exw_s0000372802_e0000377802.mp4,tier1,1,cuda,nvenc,cutfix_full_tier1_20260729_01,220,active_speaker_candidate_pool_v1,42
aWyPzAVAH60_s0000362242_e0000365054,aWyPzAVAH60,362.242,365.054,2.812,1.0,1.0,22.23,E:\FPTU\PRJ\VN-AV-DF-Capstone\data\01_collect\cut_clips\tier1\50_100\media\aWyPzAVAH60_s0000362242_e0000365054.mp4,tier1,1,cuda,nvenc,cutfix_full_tier1_20260729_01,221,active_speaker_candidate_pool_v1,42
zC67DRElhUE_s0000445826_e0000447934,zC67DRElhUE,445.826,447.934,2.108,1.0,1.0,3.14,E:\FPTU\PRJ\VN-AV-DF-Capstone\data\01_collect\cut_clips\tier1\440_472\media\zC67DRElhUE_s0000445826_e0000447934.mp4,tier1,1,cuda,nvenc,cutfix_full_tier1_20260729_01,222,active_speaker_candidate_pool_v1,42
kytFtB_wf1U_s0000235586_e0000238622,kytFtB_wf1U,235.586,238.622,3.036,1.0,1.0,7.0,E:\FPTU\PRJ\VN-AV-DF-Capstone\data\01_collect\cut_clips\tier1\200_250\media\kytFtB_wf1U_s0000235586_e0000238622.mp4,tier1,1,cuda,nvenc,cutfix_full_tier1_20260729_01,223,active_speaker_candidate_pool_v1,42
xOrGF328sRI_s0000246338_e0000249246,xOrGF328sRI,246.338,249.246,2.908,1.0,1.0,8.82,E:\FPTU\PRJ\VN-AV-DF-Capstone\data\01_collect\cut_clips\tier1\400_440\media\xOrGF328sRI_s0000246338_e0000249246.mp4,tier1,1,cuda,nvenc,cutfix_full_tier1_20260729_01,224,active_speaker_candidate_pool_v1,42
4jjgKbt6JFw_s0000605794_e0000610794,4jjgKbt6JFw,605.794,610.794,5.0,1.0,1.0,-1.07,E:\FPTU\PRJ\VN-AV-DF-Capstone\data\01_collect\cut_clips\tier1\0_50\media\4jjgKbt6JFw_s0000605794_e0000610794.mp4,tier1,1,cuda,nvenc,cutfix_full_tier1_20260729_01,225,active_speaker_candidate_pool_v1,42
e6R336tkY9I_s0000488450_e0000493598,e6R336tkY9I,488.45,493.598,5.148,1.0,1.0,22.47,E:\FPTU\PRJ\VN-AV-DF-Capstone\data\01_collect\cut_clips\tier1\100_150\media\e6R336tkY9I_s0000488450_e0000493598.mp4,tier1,1,cuda,nvenc,cutfix_full_tier1_20260729_01,226,active_speaker_candidate_pool_v1,42
TDQsWfHsEsk_s0000453378_e0000455390,TDQsWfHsEsk,453.378,455.39,2.012,1.0,1.0,1.7,E:\FPTU\PRJ\VN-AV-DF-Capstone\data\01_collect\cut_clips\tier1\350_400\media\TDQsWfHsEsk_s0000453378_e0000455390.mp4,tier1,1,cuda,nvenc,cutfix_full_tier1_20260729_01,227,active_speaker_candidate_pool_v1,42
Ea7FlN2uLac_s0000653250_e0000655582,Ea7FlN2uLac,653.25,655.582,2.332,1.0,1.0,11.57,E:\FPTU\PRJ\VN-AV-DF-Capstone\data\01_collect\cut_clips\tier1\100_150\media\Ea7FlN2uLac_s0000653250_e0000655582.mp4,tier1,1,cuda,nvenc,cutfix_full_tier1_20260729_01,228,active_speaker_candidate_pool_v1,42
KGzI9Ufjctc_s0000367682_e0000373534,KGzI9Ufjctc,367.682,373.534,5.852,0.833,1.0,2.74,E:\FPTU\PRJ\VN-AV-DF-Capstone\data\01_collect\cut_clips\tier1\200_250\media\KGzI9Ufjctc_s0000367682_e0000373534.mp4,tier1,1,cuda,nvenc,cutfix_full_tier1_20260729_01,229,active_speaker_candidate_pool_v1,42
jDa1sgPlVYM_s0000494082_e0000499082,jDa1sgPlVYM,494.082,499.082,5.0,1.0,1.0,6.92,E:\FPTU\PRJ\VN-AV-DF-Capstone\data\01_collect\cut_clips\tier1\200_250\media\jDa1sgPlVYM_s0000494082_e0000499082.mp4,tier1,1,cuda,nvenc,cutfix_full_tier1_20260729_01,230,active_speaker_candidate_pool_v1,42
P3K1OaKR4nY_s0000238114_e0000245854,P3K1OaKR4nY,238.114,245.854,7.74,1.0,1.0,11.23,E:\FPTU\PRJ\VN-AV-DF-Capstone\data\01_collect\cut_clips\tier1\300_350\media\P3K1OaKR4nY_s0000238114_e0000245854.mp4,tier1,1,cuda,nvenc,cutfix_full_tier1_20260729_01,231,active_speaker_candidate_pool_v1,42
SKvwf1lmhfw_s0000440130_e0000445130,SKvwf1lmhfw,440.13,445.13,5.0,1.0,1.0,6.16,E:\FPTU\PRJ\VN-AV-DF-Capstone\data\01_collect\cut_clips\tier1\350_400\media\SKvwf1lmhfw_s0000440130_e0000445130.mp4,tier1,1,cuda,nvenc,cutfix_full_tier1_20260729_01,232,active_speaker_candidate_pool_v1,42
MKN5iRYhflc_s0000187298_e0000192298,MKN5iRYhflc,187.298,192.298,5.0,0.8,1.0,0.01,E:\FPTU\PRJ\VN-AV-DF-Capstone\data\01_collect\cut_clips\tier1\250_300\media\MKN5iRYhflc_s0000187298_e0000192298.mp4,tier1,1,cuda,nvenc,cutfix_full_tier1_20260729_01,233,active_speaker_candidate_pool_v1,42
lVp1v4AmC8c_s0000957602_e0000959838,lVp1v4AmC8c,957.602,959.838,2.236,1.0,1.0,8.33,E:\FPTU\PRJ\VN-AV-DF-Capstone\data\01_collect\cut_clips\tier1\250_300\media\lVp1v4AmC8c_s0000957602_e0000959838.mp4,tier1,1,cuda,nvenc,cutfix_full_tier1_20260729_01,234,active_speaker_candidate_pool_v1,42
I1Fpi1JKh0U_s0000437346_e0000448414,I1Fpi1JKh0U,437.346,448.414,11.068,1.0,1.0,16.04,E:\FPTU\PRJ\VN-AV-DF-Capstone\data\01_collect\cut_clips\tier1\150_200\media\I1Fpi1JKh0U_s0000437346_e0000448414.mp4,tier1,1,cuda,nvenc,cutfix_full_tier1_20260729_01,235,active_speaker_candidate_pool_v1,42
CU-fd5lUl28_s0000342466_e0000344670,CU-fd5lUl28,342.466,344.67,2.204,1.0,1.0,5.9,E:\FPTU\PRJ\VN-AV-DF-Capstone\data\01_collect\cut_clips\tier1\100_150\media\CU-fd5lUl28_s0000342466_e0000344670.mp4,tier1,1,cuda,nvenc,cutfix_full_tier1_20260729_01,236,active_speaker_candidate_pool_v1,42
nOjWdb2h8vw_s0000199266_e0000201374,nOjWdb2h8vw,199.266,201.374,2.108,1.0,1.0,12.26,E:\FPTU\PRJ\VN-AV-DF-Capstone\data\01_collect\cut_clips\tier1\250_300\media\nOjWdb2h8vw_s0000199266_e0000201374.mp4,tier1,1,cuda,nvenc,cutfix_full_tier1_20260729_01,237,active_speaker_candidate_pool_v1,42
aArTJcMMmTw_s0000183074_e0000187198,aArTJcMMmTw,183.074,187.198,4.124,1.0,1.0,3.14,E:\FPTU\PRJ\VN-AV-DF-Capstone\data\01_collect\cut_clips\tier1\50_100\media\aArTJcMMmTw_s0000183074_e0000187198.mp4,tier1,1,cuda,nvenc,cutfix_full_tier1_20260729_01,238,active_speaker_candidate_pool_v1,42
SS0cn091afw_s0000089026_e0000092574,SS0cn091afw,89.026,92.574,3.548,1.0,1.0,3.09,E:\FPTU\PRJ\VN-AV-DF-Capstone\data\01_collect\cut_clips\tier1\350_400\media\SS0cn091afw_s0000089026_e0000092574.mp4,tier1,1,cuda,nvenc,cutfix_full_tier1_20260729_01,239,active_speaker_candidate_pool_v1,42
5Hqe3jJyaGA_s0000172962_e0000175102,5Hqe3jJyaGA,172.962,175.102,2.14,1.0,1.0,17.89,E:\FPTU\PRJ\VN-AV-DF-Capstone\data\01_collect\cut_clips\tier1\0_50\media\5Hqe3jJyaGA_s0000172962_e0000175102.mp4,tier1,1,cuda,nvenc,cutfix_full_tier1_20260729_01,240,active_speaker_candidate_pool_v1,42
hNX5wQDbqnI_s0000422242_e0000424862,hNX5wQDbqnI,422.242,424.862,2.62,1.0,1.0,22.8,E:\FPTU\PRJ\VN-AV-DF-Capstone\data\01_collect\cut_clips\tier1\150_200\media\hNX5wQDbqnI_s0000422242_e0000424862.mp4,tier1,1,cuda,nvenc,cutfix_full_tier1_20260729_01,241,active_speaker_candidate_pool_v1,42
D6LJHzWXxVE_s0000007778_e0000015550,D6LJHzWXxVE,7.778,15.55,7.772,1.0,1.0,3.94,E:\FPTU\PRJ\VN-AV-DF-Capstone\data\01_collect\cut_clips\tier1\100_150\media\D6LJHzWXxVE_s0000007778_e0000015550.mp4,tier1,1,cuda,nvenc,cutfix_full_tier1_20260729_01,242,active_speaker_candidate_pool_v1,42
x0i5w_1fjDM_s0000653442_e0000656798,x0i5w_1fjDM,653.442,656.798,3.356,1.0,1.0,4.38,E:\FPTU\PRJ\VN-AV-DF-Capstone\data\01_collect\cut_clips\tier1\400_440\media\x0i5w_1fjDM_s0000653442_e0000656798.mp4,tier1,1,cuda,nvenc,cutfix_full_tier1_20260729_01,243,active_speaker_candidate_pool_v1,42
TNeMNrmvxFo_s0000011746_e0000016734,TNeMNrmvxFo,11.746,16.734,4.988,1.0,1.0,8.08,E:\FPTU\PRJ\VN-AV-DF-Capstone\data\01_collect\cut_clips\tier1\350_400\media\TNeMNrmvxFo_s0000011746_e0000016734.mp4,tier1,1,cuda,nvenc,cutfix_full_tier1_20260729_01,244,active_speaker_candidate_pool_v1,42
vMcmYmAI4Ew_s0000610690_e0000614334,vMcmYmAI4Ew,610.69,614.334,3.644,1.0,1.0,-1.58,E:\FPTU\PRJ\VN-AV-DF-Capstone\data\01_collect\cut_clips\tier1\400_440\media\vMcmYmAI4Ew_s0000610690_e0000614334.mp4,tier1,1,cuda,nvenc,cutfix_full_tier1_20260729_01,245,active_speaker_candidate_pool_v1,42
vXpBjSLDkQ_s0000065154_e0000069310,_vXpBjSLDkQ,65.154,69.31,4.156,1.0,1.0,22.14,E:\FPTU\PRJ\VN-AV-DF-Capstone\data\01_collect\cut_clips\tier1\440_472\media\vXpBjSLDkQ_s0000065154_e0000069310.mp4,tier1,1,cuda,nvenc,cutfix_full_tier1_20260729_01,246,active_speaker_candidate_pool_v1,42
IZlCQIT9fDU_s0000184258_e0000187230,IZlCQIT9fDU,184.258,187.23,2.972,1.0,1.0,8.45,E:\FPTU\PRJ\VN-AV-DF-Capstone\data\01_collect\cut_clips\tier1\200_250\media\IZlCQIT9fDU_s0000184258_e0000187230.mp4,tier1,1,cuda,nvenc,cutfix_full_tier1_20260729_01,247,active_speaker_candidate_pool_v1,42
qXQAyXz3hlw_s0000581506_e0000588574,qXQAyXz3hlw,581.506,588.574,7.068,1.0,1.0,5.25,E:\FPTU\PRJ\VN-AV-DF-Capstone\data\01_collect\cut_clips\tier1\300_350\media\qXQAyXz3hlw_s0000581506_e0000588574.mp4,tier1,1,cuda,nvenc,cutfix_full_tier1_20260729_01,248,active_speaker_candidate_pool_v1,42
Anj0R7OCjto_s0000044354_e0000055518,Anj0R7OCjto,44.354,55.518,11.164,1.0,1.0,13.33,E:\FPTU\PRJ\VN-AV-DF-Capstone\data\01_collect\cut_clips\tier1\50_100\media\Anj0R7OCjto_s0000044354_e0000055518.mp4,tier1,1,cuda,nvenc,cutfix_full_tier1_20260729_01,249,active_speaker_candidate_pool_v1,42
vCoi-ZvkA_c_s0000598530_e0000604318,vCoi-ZvkA_c,598.53,604.318,5.788,1.0,1.0,2.99,E:\FPTU\PRJ\VN-AV-DF-Capstone\data\01_collect\cut_clips\tier1\400_440\media\vCoi-ZvkA_c_s0000598530_e0000604318.mp4,tier1,1,cuda,nvenc,cutfix_full_tier1_20260729_01,250,active_speaker_candidate_pool_v1,42
srY_Pe4BSRA_1_s0000102402_e0000107710,srY_Pe4BSRA (1),102.402,107.71,5.308,1.0,1.0,-8.61,E:\FPTU\PRJ\VN-AV-DF-Capstone\data\01_collect\cut_clips\tier2\200_292\media\srY_Pe4BSRA_1_s0000102402_e0000107710.mp4,tier2,1,cuda,nvenc,cutfix_smoke_tier2_20260729_01,1,active_speaker_candidate_pool_v1,42
VVyGW90E2ts_1_s0000135330_e0000142974,VVyGW90E2ts (1),135.33,142.974,7.644,1.0,1.0,4.84,E:\FPTU\PRJ\VN-AV-DF-Capstone\data\01_collect\cut_clips\tier2\200_292\media\VVyGW90E2ts_1_s0000135330_e0000142974.mp4,tier2,1,cuda,nvenc,cutfix_smoke_tier2_20260729_01,2,active_speaker_candidate_pool_v1,42
Degm-6pbq4_s0000072514_e0000077514,_Degm-6pbq4,72.514,77.514,5.0,1.0,1.0,12.91,E:\FPTU\PRJ\VN-AV-DF-Capstone\data\01_collect\cut_clips\tier2\200_292\media\Degm-6pbq4_s0000072514_e0000077514.mp4,tier2,1,cuda,nvenc,cutfix_smoke_tier2_20260729_01,3,active_speaker_candidate_pool_v1,42
Mdb7_9uq1No_1_s0000365474_e0000369246,Mdb7_9uq1No (1),365.474,369.246,3.772,1.0,1.0,15.79,E:\FPTU\PRJ\VN-AV-DF-Capstone\data\01_collect\cut_clips\tier2\150_200\media\Mdb7_9uq1No_1_s0000365474_e0000369246.mp4,tier2,1,cuda,nvenc,cutfix_smoke_tier2_20260729_01,4,active_speaker_candidate_pool_v1,42
HwyAWtO8nkA_s0000405154_e0000408158,HwyAWtO8nkA,405.154,408.158,3.004,1.0,1.0,25.55,E:\FPTU\PRJ\VN-AV-DF-Capstone\data\01_collect\cut_clips\tier2\100_150\media\HwyAWtO8nkA_s0000405154_e0000408158.mp4,tier2,1,cuda,nvenc,cutfix_smoke_tier2_20260729_01,5,active_speaker_candidate_pool_v1,42
i_TajUsZogs_s0000139106_e0000141182,i_TajUsZogs,139.106,141.182,2.076,1.0,1.0,3.21,E:\FPTU\PRJ\VN-AV-DF-Capstone\data\01_collect\cut_clips\tier2\100_150\media\i_TajUsZogs_s0000139106_e0000141182.mp4,tier2,1,cuda,nvenc,cutfix_smoke_tier2_20260729_01,6,active_speaker_candidate_pool_v1,42
p_jrT3IftNM_s0000508290_e0000510462,p_jrT3IftNM,508.29,510.462,2.172,1.0,1.0,8.41,E:\FPTU\PRJ\VN-AV-DF-Capstone\data\01_collect\cut_clips\tier2\150_200\media\p_jrT3IftNM_s0000508290_e0000510462.mp4,tier2,1,cuda,nvenc,cutfix_smoke_tier2_20260729_01,7,active_speaker_candidate_pool_v1,42
s2xfViTLx_s_1_s0000206946_e0000209118,s2xfViTLx_s (1),206.946,209.118,2.172,1.0,1.0,6.78,E:\FPTU\PRJ\VN-AV-DF-Capstone\data\01_collect\cut_clips\tier2\200_292\media\s2xfViTLx_s_1_s0000206946_e0000209118.mp4,tier2,1,cuda,nvenc,cutfix_smoke_tier2_20260729_01,8,active_speaker_candidate_pool_v1,42
0B310XCDA1c_s0000687970_e0000692606,0B310XCDA1c,687.97,692.606,4.636,1.0,1.0,12.56,E:\FPTU\PRJ\VN-AV-DF-Capstone\data\01_collect\cut_clips\tier2\0_100\media\0B310XCDA1c_s0000687970_e0000692606.mp4,tier2,1,cuda,nvenc,cutfix_smoke_tier2_20260729_01,9,active_speaker_candidate_pool_v1,42
mpGa91lLuDg_1_s0000429794_e0000432766,mpGa91lLuDg (1),429.794,432.766,2.972,1.0,1.0,4.85,E:\FPTU\PRJ\VN-AV-DF-Capstone\data\01_collect\cut_clips\tier2\150_200\media\mpGa91lLuDg_1_s0000429794_e0000432766.mp4,tier2,1,cuda,nvenc,cutfix_smoke_tier2_20260729_01,10,active_speaker_candidate_pool_v1,42
-hKbIQj-mCk_s0000791522_e0000796522,-hKbIQj-mCk,791.522,796.522,5.0,1.0,1.0,3.58,E:\FPTU\PRJ\VN-AV-DF-Capstone\data\01_collect\cut_clips\tier2\0_100\media\-hKbIQj-mCk_s0000791522_e0000796522.mp4,tier2,1,cuda,nvenc,cutfix_smoke_tier2_20260729_01,11,active_speaker_candidate_pool_v1,42
T17E0Z6W0L0_s0000007970_e0000010430,T17E0Z6W0L0,7.97,10.43,2.46,1.0,1.0,8.58,E:\FPTU\PRJ\VN-AV-DF-Capstone\data\01_collect\cut_clips\tier2\200_292\media\T17E0Z6W0L0_s0000007970_e0000010430.mp4,tier2,1,cuda,nvenc,cutfix_smoke_tier2_20260729_01,12,active_speaker_candidate_pool_v1,42
v0aKY6kv9hA_s0000128866_e0000131038,v0aKY6kv9hA,128.866,131.038,2.172,1.0,1.0,0.91,E:\FPTU\PRJ\VN-AV-DF-Capstone\data\01_collect\cut_clips\tier2\200_292\media\v0aKY6kv9hA_s0000128866_e0000131038.mp4,tier2,1,cuda,nvenc,cutfix_smoke_tier2_20260729_01,13,active_speaker_candidate_pool_v1,42
2lbnNbOJ12I_s0000320930_e0000326718,2lbnNbOJ12I,320.93,326.718,5.788,1.0,1.0,15.88,E:\FPTU\PRJ\VN-AV-DF-Capstone\data\01_collect\cut_clips\tier2\0_100\media\2lbnNbOJ12I_s0000320930_e0000326718.mp4,tier2,1,cuda,nvenc,cutfix_smoke_tier2_20260729_01,14,active_speaker_candidate_pool_v1,42
cV1ws0YHVTA_s0000735458_e0000744190,cV1ws0YHVTA,735.458,744.19,8.732,1.0,1.0,5.15,E:\FPTU\PRJ\VN-AV-DF-Capstone\data\01_collect\cut_clips\tier2\0_100\media\cV1ws0YHVTA_s0000735458_e0000744190.mp4,tier2,1,cuda,nvenc,cutfix_smoke_tier2_20260729_01,15,active_speaker_candidate_pool_v1,42
n0j5yp9_Cwk_s0000509954_e0000514782,n0j5yp9_Cwk,509.954,514.782,4.828,1.0,1.0,12.66,E:\FPTU\PRJ\VN-AV-DF-Capstone\data\01_collect\cut_clips\tier2\150_200\media\n0j5yp9_Cwk_s0000509954_e0000514782.mp4,tier2,1,cuda,nvenc,cutfix_smoke_tier2_20260729_01,16,active_speaker_candidate_pool_v1,42
arM3VOfW3zI_s0000012130_e0000017130,arM3VOfW3zI,12.13,17.13,5.0,1.0,1.0,0.33,E:\FPTU\PRJ\VN-AV-DF-Capstone\data\01_collect\cut_clips\tier2\0_100\media\arM3VOfW3zI_s0000012130_e0000017130.mp4,tier2,1,cuda,nvenc,cutfix_smoke_tier2_20260729_01,17,active_speaker_candidate_pool_v1,42
XGjBBopMm9Q_1_s0000359682_e0000365118,XGjBBopMm9Q (1),359.682,365.118,5.436,1.0,1.0,21.32,E:\FPTU\PRJ\VN-AV-DF-Capstone\data\01_collect\cut_clips\tier2\200_292\media\XGjBBopMm9Q_1_s0000359682_e0000365118.mp4,tier2,1,cuda,nvenc,cutfix_smoke_tier2_20260729_01,18,active_speaker_candidate_pool_v1,42
BIBGKbBteHY_1_s0000664098_e0000669630,BIBGKbBteHY (1),664.098,669.63,5.532,0.8,1.0,19.21,E:\FPTU\PRJ\VN-AV-DF-Capstone\data\01_collect\cut_clips\tier2\0_100\media\BIBGKbBteHY_1_s0000664098_e0000669630.mp4,tier2,1,cuda,nvenc,cutfix_smoke_tier2_20260729_01,19,active_speaker_candidate_pool_v1,42
8S7asZpwEdk_1_s0000052642_e0000059358,8S7asZpwEdk (1),52.642,59.358,6.716,1.0,1.0,2.53,E:\FPTU\PRJ\VN-AV-DF-Capstone\data\01_collect\cut_clips\tier2\0_100\media\8S7asZpwEdk_1_s0000052642_e0000059358.mp4,tier2,1,cuda,nvenc,cutfix_smoke_tier2_20260729_01,20,active_speaker_candidate_pool_v1,42
6uI1csvGyok_s0000226050_e0000229150,6uI1csvGyok,226.05,229.15,3.1,1.0,1.0,7.57,E:\FPTU\PRJ\VN-AV-DF-Capstone\data\01_collect\cut_clips\tier2\0_100\media\6uI1csvGyok_s0000226050_e0000229150.mp4,tier2,1,cuda,nvenc,cutfix_smoke_tier2_20260729_01,21,active_speaker_candidate_pool_v1,42
rGuraolgHIs_1_s0000581090_e0000587294,rGuraolgHIs (1),581.09,587.294,6.204,1.0,1.0,3.39,E:\FPTU\PRJ\VN-AV-DF-Capstone\data\01_collect\cut_clips\tier2\200_292\media\rGuraolgHIs_1_s0000581090_e0000587294.mp4,tier2,1,cuda,nvenc,cutfix_smoke_tier2_20260729_01,22,active_speaker_candidate_pool_v1,42
PomWcACA7lU_1_s0000136354_e0000142526,PomWcACA7lU (1),136.354,142.526,6.172,1.0,1.0,4.22,E:\FPTU\PRJ\VN-AV-DF-Capstone\data\01_collect\cut_clips\tier2\150_200\media\PomWcACA7lU_1_s0000136354_e0000142526.mp4,tier2,1,cuda,nvenc,cutfix_smoke_tier2_20260729_01,23,active_speaker_candidate_pool_v1,42
cVabKjWav-Y_1_s0000453826_e0000458826,cVabKjWav-Y (1),453.826,458.826,5.0,1.0,1.0,21.1,E:\FPTU\PRJ\VN-AV-DF-Capstone\data\01_collect\cut_clips\tier2\0_100\media\cVabKjWav-Y_1_s0000453826_e0000458826.mp4,tier2,1,cuda,nvenc,cutfix_smoke_tier2_20260729_01,24,active_speaker_candidate_pool_v1,42
Sshiuevaamk_1_s0000435010_e0000438686,Sshiuevaamk (1),435.01,438.686,3.676,1.0,1.0,5.87,E:\FPTU\PRJ\VN-AV-DF-Capstone\data\01_collect\cut_clips\tier2\200_292\media\Sshiuevaamk_1_s0000435010_e0000438686.mp4,tier2,1,cuda,nvenc,cutfix_smoke_tier2_20260729_01,25,active_speaker_candidate_pool_v1,42
lFDM1nKxun8_s0000348962_e0000355006,lFDM1nKxun8,348.962,355.006,6.044,0.857,1.0,7.49,E:\FPTU\PRJ\VN-AV-DF-Capstone\data\01_collect\cut_clips\tier2\100_150\media\lFDM1nKxun8_s0000348962_e0000355006.mp4,tier2,1,cuda,nvenc,cutfix_smoke_tier2_20260729_01,26,active_speaker_candidate_pool_v1,42
McDpBE5nj6k_1_s0000348290_e0000352702,McDpBE5nj6k (1),348.29,352.702,4.412,1.0,1.0,8.82,E:\FPTU\PRJ\VN-AV-DF-Capstone\data\01_collect\cut_clips\tier2\150_200\media\McDpBE5nj6k_1_s0000348290_e0000352702.mp4,tier2,1,cuda,nvenc,cutfix_smoke_tier2_20260729_01,27,active_speaker_candidate_pool_v1,42
FufWLL1IIrQ_1_s0000111010_e0000115006,FufWLL1IIrQ (1),111.01,115.006,3.996,1.0,1.0,1.37,E:\FPTU\PRJ\VN-AV-DF-Capstone\data\01_collect\cut_clips\tier2\100_150\media\FufWLL1IIrQ_1_s0000111010_e0000115006.mp4,tier2,1,cuda,nvenc,cutfix_smoke_tier2_20260729_01,28,active_speaker_candidate_pool_v1,42
-acsOFbnbjo_s0000629858_e0000632190,-acsOFbnbjo,629.858,632.19,2.332,1.0,1.0,8.86,E:\FPTU\PRJ\VN-AV-DF-Capstone\data\01_collect\cut_clips\tier2\0_100\media\-acsOFbnbjo_s0000629858_e0000632190.mp4,tier2,1,cuda,nvenc,cutfix_smoke_tier2_20260729_01,29,active_speaker_candidate_pool_v1,42
YqkDjiqiEJQ_s0000019938_e0000024798,YqkDjiqiEJQ,19.938,24.798,4.86,1.0,1.0,13.13,E:\FPTU\PRJ\VN-AV-DF-Capstone\data\01_collect\cut_clips\tier2\200_292\media\YqkDjiqiEJQ_s0000019938_e0000024798.mp4,tier2,1,cuda,nvenc,cutfix_smoke_tier2_20260729_01,30,active_speaker_candidate_pool_v1,42
bX56cxaWu1s_s0000009698_e0000012350,bX56cxaWu1s,9.698,12.35,2.652,1.0,1.0,6.4,E:\FPTU\PRJ\VN-AV-DF-Capstone\data\01_collect\cut_clips\tier2\0_100\media\bX56cxaWu1s_s0000009698_e0000012350.mp4,tier2,1,cuda,nvenc,cutfix_smoke_tier2_20260729_01,31,active_speaker_candidate_pool_v1,42
8VoXsKRhF4w_s0000555874_e0000559582,8VoXsKRhF4w,555.874,559.582,3.708,1.0,1.0,8.91,E:\FPTU\PRJ\VN-AV-DF-Capstone\data\01_collect\cut_clips\tier2\0_100\media\8VoXsKRhF4w_s0000555874_e0000559582.mp4,tier2,1,cuda,nvenc,cutfix_smoke_tier2_20260729_01,32,active_speaker_candidate_pool_v1,42
QDvqEQpC04_s0000248802_e0000257534,_QDvqEQpC04,248.802,257.534,8.732,1.0,1.0,5.0,E:\FPTU\PRJ\VN-AV-DF-Capstone\data\01_collect\cut_clips\tier2\200_292\media\QDvqEQpC04_s0000248802_e0000257534.mp4,tier2,1,cuda,nvenc,cutfix_smoke_tier2_20260729_01,33,active_speaker_candidate_pool_v1,42
5DyAvAbL1Og_s0000132770_e0000135198,5DyAvAbL1Og,132.77,135.198,2.428,1.0,1.0,9.68,E:\FPTU\PRJ\VN-AV-DF-Capstone\data\01_collect\cut_clips\tier2\0_100\media\5DyAvAbL1Og_s0000132770_e0000135198.mp4,tier2,1,cuda,nvenc,cutfix_smoke_tier2_20260729_01,34,active_speaker_candidate_pool_v1,42
V1WPKvQ51Rc_s0000161058_e0000170526,V1WPKvQ51Rc,161.058,170.526,9.468,1.0,1.0,6.52,E:\FPTU\PRJ\VN-AV-DF-Capstone\data\01_collect\cut_clips\tier2\200_292\media\V1WPKvQ51Rc_s0000161058_e0000170526.mp4,tier2,1,cuda,nvenc,cutfix_smoke_tier2_20260729_01,35,active_speaker_candidate_pool_v1,42
6IpHMTr2KMw_s0000259554_e0000264554,6IpHMTr2KMw,259.554,264.554,5.0,1.0,1.0,11.61,E:\FPTU\PRJ\VN-AV-DF-Capstone\data\01_collect\cut_clips\tier2\0_100\media\6IpHMTr2KMw_s0000259554_e0000264554.mp4,tier2,1,cuda,nvenc,cutfix_smoke_tier2_20260729_01,36,active_speaker_candidate_pool_v1,42
71HzPcvxNJM_s0000005762_e0000007902,71HzPcvxNJM,5.762,7.902,2.14,1.0,1.0,17.13,E:\FPTU\PRJ\VN-AV-DF-Capstone\data\01_collect\cut_clips\tier2\0_100\media\71HzPcvxNJM_s0000005762_e0000007902.mp4,tier2,1,cuda,nvenc,cutfix_smoke_tier2_20260729_01,37,active_speaker_candidate_pool_v1,42
GV3HE8mBZUU_s0000984866_e0000989866,GV3HE8mBZUU,984.866,989.866,5.0,1.0,1.0,6.09,E:\FPTU\PRJ\VN-AV-DF-Capstone\data\01_collect\cut_clips\tier2\100_150\media\GV3HE8mBZUU_s0000984866_e0000989866.mp4,tier2,1,cuda,nvenc,cutfix_smoke_tier2_20260729_01,38,active_speaker_candidate_pool_v1,42
sbSomvzPLx8_s0000025954_e0000028190,sbSomvzPLx8,25.954,28.19,2.236,1.0,1.0,26.19,E:\FPTU\PRJ\VN-AV-DF-Capstone\data\01_collect\cut_clips\tier2\200_292\media\sbSomvzPLx8_s0000025954_e0000028190.mp4,tier2,1,cuda,nvenc,cutfix_smoke_tier2_20260729_01,39,active_speaker_candidate_pool_v1,42
Ukv5f-o20ao_1_s0000056514_e0000061514,Ukv5f-o20ao (1),56.514,61.514,5.0,1.0,1.0,14.57,E:\FPTU\PRJ\VN-AV-DF-Capstone\data\01_collect\cut_clips\tier2\200_292\media\Ukv5f-o20ao_1_s0000056514_e0000061514.mp4,tier2,1,cuda,nvenc,cutfix_smoke_tier2_20260729_01,40,active_speaker_candidate_pool_v1,42
a42YZqAtARg_s0000511138_e0000516138,a42YZqAtARg,511.138,516.138,5.0,1.0,1.0,15.88,E:\FPTU\PRJ\VN-AV-DF-Capstone\data\01_collect\cut_clips\tier2\0_100\media\a42YZqAtARg_s0000511138_e0000516138.mp4,tier2,1,cuda,nvenc,cutfix_smoke_tier2_20260729_01,41,active_speaker_candidate_pool_v1,42
HSiMhREzUhE_s0000700066_e0000703006,HSiMhREzUhE,700.066,703.006,2.94,1.0,1.0,10.14,E:\FPTU\PRJ\VN-AV-DF-Capstone\data\01_collect\cut_clips\tier2\100_150\media\HSiMhREzUhE_s0000700066_e0000703006.mp4,tier2,1,cuda,nvenc,cutfix_smoke_tier2_20260729_01,42,active_speaker_candidate_pool_v1,42
Pen-RdVi1Jw_1_s0000154754_e0000163358,Pen-RdVi1Jw (1),154.754,163.358,8.604,1.0,1.0,33.22,E:\FPTU\PRJ\VN-AV-DF-Capstone\data\01_collect\cut_clips\tier2\150_200\media\Pen-RdVi1Jw_1_s0000154754_e0000163358.mp4,tier2,1,cuda,nvenc,cutfix_smoke_tier2_20260729_01,43,active_speaker_candidate_pool_v1,42
Id_dQvGx3o0_s0000470658_e0000473214,Id_dQvGx3o0,470.658,473.214,2.556,1.0,1.0,13.65,E:\FPTU\PRJ\VN-AV-DF-Capstone\data\01_collect\cut_clips\tier2\100_150\media\Id_dQvGx3o0_s0000470658_e0000473214.mp4,tier2,1,cuda,nvenc,cutfix_smoke_tier2_20260729_01,44,active_speaker_candidate_pool_v1,42
TfkrTFbzafQ_1_s0000161058_e0000166058,TfkrTFbzafQ (1),161.058,166.058,5.0,1.0,1.0,-4.06,E:\FPTU\PRJ\VN-AV-DF-Capstone\data\01_collect\cut_clips\tier2\200_292\media\TfkrTFbzafQ_1_s0000161058_e0000166058.mp4,tier2,1,cuda,nvenc,cutfix_smoke_tier2_20260729_01,45,active_speaker_candidate_pool_v1,42
b9_oesdIz-M_1_s0000559906_e0000564906,b9_oesdIz-M (1),559.906,564.906,5.0,1.0,1.0,21.96,E:\FPTU\PRJ\VN-AV-DF-Capstone\data\01_collect\cut_clips\tier2\0_100\media\b9_oesdIz-M_1_s0000559906_e0000564906.mp4,tier2,1,cuda,nvenc,cutfix_smoke_tier2_20260729_01,46,active_speaker_candidate_pool_v1,42
ycFk_rp_bk4_s0000183778_e0000188510,ycFk_rp_bk4,183.778,188.51,4.732,1.0,1.0,0.26,E:\FPTU\PRJ\VN-AV-DF-Capstone\data\01_collect\cut_clips\tier2\200_292\media\ycFk_rp_bk4_s0000183778_e0000188510.mp4,tier2,1,cuda,nvenc,cutfix_smoke_tier2_20260729_01,47,active_speaker_candidate_pool_v1,42
YSWQeUm19L0_s0000343810_e0000345950,YSWQeUm19L0,343.81,345.95,2.14,1.0,1.0,19.74,E:\FPTU\PRJ\VN-AV-DF-Capstone\data\01_collect\cut_clips\tier2\200_292\media\YSWQeUm19L0_s0000343810_e0000345950.mp4,tier2,1,cuda,nvenc,cutfix_smoke_tier2_20260729_01,48,active_speaker_candidate_pool_v1,42
0PsGwmgAI-k_1_s0000691618_e0000695582,0PsGwmgAI-k (1),691.618,695.582,3.964,1.0,1.0,7.56,E:\FPTU\PRJ\VN-AV-DF-Capstone\data\01_collect\cut_clips\tier2\0_100\media\0PsGwmgAI-k_1_s0000691618_e0000695582.mp4,tier2,1,cuda,nvenc,cutfix_smoke_tier2_20260729_01,49,active_speaker_candidate_pool_v1,42
ddJxodTWtW4_s0000436770_e0000440094,ddJxodTWtW4,436.77,440.094,3.324,1.0,1.0,4.3,E:\FPTU\PRJ\VN-AV-DF-Capstone\data\01_collect\cut_clips\tier2\0_100\media\ddJxodTWtW4_s0000436770_e0000440094.mp4,tier2,1,cuda,nvenc,cutfix_smoke_tier2_20260729_01,50,active_speaker_candidate_pool_v1,42
yBvbehW22cI_1_s0000302146_e0000306750,yBvbehW22cI (1),302.146,306.75,4.604,1.0,1.0,6.26,E:\FPTU\PRJ\VN-AV-DF-Capstone\data\01_collect\cut_clips\tier2\200_292\media\yBvbehW22cI_1_s0000302146_e0000306750.mp4,tier2,1,cuda,nvenc,cutfix_smoke_tier2_20260729_01,51,active_speaker_candidate_pool_v1,42
5mPuvksuPno_s0000060578_e0000065578,5mPuvksuPno,60.578,65.578,5.0,1.0,1.0,35.38,E:\FPTU\PRJ\VN-AV-DF-Capstone\data\01_collect\cut_clips\tier2\0_100\media\5mPuvksuPno_s0000060578_e0000065578.mp4,tier2,1,cuda,nvenc,cutfix_smoke_tier2_20260729_01,52,active_speaker_candidate_pool_v1,42
Dw8aHVpDP8E_s0000376034_e0000385246,Dw8aHVpDP8E,376.034,385.246,9.212,1.0,1.0,9.12,E:\FPTU\PRJ\VN-AV-DF-Capstone\data\01_collect\cut_clips\tier2\0_100\media\Dw8aHVpDP8E_s0000376034_e0000385246.mp4,tier2,1,cuda,nvenc,cutfix_smoke_tier2_20260729_01,53,active_speaker_candidate_pool_v1,42
nE3nD8QCwmY_1_s0000675298_e0000678942,nE3nD8QCwmY (1),675.298,678.942,3.644,1.0,1.0,12.54,E:\FPTU\PRJ\VN-AV-DF-Capstone\data\01_collect\cut_clips\tier2\150_200\media\nE3nD8QCwmY_1_s0000675298_e0000678942.mp4,tier2,1,cuda,nvenc,cutfix_smoke_tier2_20260729_01,54,active_speaker_candidate_pool_v1,42
z4ftsijldbs_s0000434722_e0000439722,z4ftsijldbs,434.722,439.722,5.0,1.0,1.0,14.94,E:\FPTU\PRJ\VN-AV-DF-Capstone\data\01_collect\cut_clips\tier2\200_292\media\z4ftsijldbs_s0000434722_e0000439722.mp4,tier2,1,cuda,nvenc,cutfix_smoke_tier2_20260729_01,55,active_speaker_candidate_pool_v1,42
776P-39LnXw_1_s0000232610_e0000237374,776P-39LnXw (1),232.61,237.374,4.764,1.0,1.0,11.17,E:\FPTU\PRJ\VN-AV-DF-Capstone\data\01_collect\cut_clips\tier2\0_100\media\776P-39LnXw_1_s0000232610_e0000237374.mp4,tier2,1,cuda,nvenc,cutfix_smoke_tier2_20260729_01,56,active_speaker_candidate_pool_v1,42
JiAg6E1JzqM_s0000967938_e0000975134,JiAg6E1JzqM,967.938,975.134,7.196,1.0,1.0,5.76,E:\FPTU\PRJ\VN-AV-DF-Capstone\data\01_collect\cut_clips\tier2\100_150\media\JiAg6E1JzqM_s0000967938_e0000975134.mp4,tier2,1,cuda,nvenc,cutfix_smoke_tier2_20260729_01,57,active_speaker_candidate_pool_v1,42
sFwTtKtzAg0_1_s0000029922_e0000034922,sFwTtKtzAg0 (1),29.922,34.922,5.0,1.0,1.0,3.29,E:\FPTU\PRJ\VN-AV-DF-Capstone\data\01_collect\cut_clips\tier2\200_292\media\sFwTtKtzAg0_1_s0000029922_e0000034922.mp4,tier2,1,cuda,nvenc,cutfix_smoke_tier2_20260729_01,58,active_speaker_candidate_pool_v1,42
6fusoIGRrrw_1_s0000612578_e0000617578,6fusoIGRrrw (1),612.578,617.578,5.0,1.0,1.0,16.87,E:\FPTU\PRJ\VN-AV-DF-Capstone\data\01_collect\cut_clips\tier2\0_100\media\6fusoIGRrrw_1_s0000612578_e0000617578.mp4,tier2,1,cuda,nvenc,cutfix_smoke_tier2_20260729_01,59,active_speaker_candidate_pool_v1,42
MRMC4bTOTsU_s0000664002_e0000669002,MRMC4bTOTsU,664.002,669.002,5.0,1.0,1.0,21.5,E:\FPTU\PRJ\VN-AV-DF-Capstone\data\01_collect\cut_clips\tier2\150_200\media\MRMC4bTOTsU_s0000664002_e0000669002.mp4,tier2,1,cuda,nvenc,cutfix_smoke_tier2_20260729_01,60,active_speaker_candidate_pool_v1,42
OcRiZTVHpjE_1_s0000077954_e0000082954,OcRiZTVHpjE (1),77.954,82.954,5.0,1.0,1.0,17.7,E:\FPTU\PRJ\VN-AV-DF-Capstone\data\01_collect\cut_clips\tier2\150_200\media\OcRiZTVHpjE_1_s0000077954_e0000082954.mp4,tier2,1,cuda,nvenc,cutfix_smoke_tier2_20260729_01,61,active_speaker_candidate_pool_v1,42
3R8oAGvvlO0_s0000402402_e0000410590,3R8oAGvvlO0,402.402,410.59,8.188,1.0,1.0,10.91,E:\FPTU\PRJ\VN-AV-DF-Capstone\data\01_collect\cut_clips\tier2\0_100\media\3R8oAGvvlO0_s0000402402_e0000410590.mp4,tier2,1,cuda,nvenc,cutfix_smoke_tier2_20260729_01,62,active_speaker_candidate_pool_v1,42
LsUXLhCgYvQ_s0000190562_e0000196702,LsUXLhCgYvQ,190.562,196.702,6.14,1.0,1.0,-1.07,E:\FPTU\PRJ\VN-AV-DF-Capstone\data\01_collect\cut_clips\tier2\100_150\media\LsUXLhCgYvQ_s0000190562_e0000196702.mp4,tier2,1,cuda,nvenc,cutfix_smoke_tier2_20260729_01,63,active_speaker_candidate_pool_v1,42
n_ttDwA1uts_s0000360930_e0000368094,n_ttDwA1uts,360.93,368.094,7.164,1.0,1.0,12.3,E:\FPTU\PRJ\VN-AV-DF-Capstone\data\01_collect\cut_clips\tier2\150_200\media\n_ttDwA1uts_s0000360930_e0000368094.mp4,tier2,1,cuda,nvenc,cutfix_smoke_tier2_20260729_01,64,active_speaker_candidate_pool_v1,42
A_Tg_IpxObA_s0001108578_e0001116190,A_Tg_IpxObA,1108.578,1116.19,7.612,1.0,1.0,10.77,E:\FPTU\PRJ\VN-AV-DF-Capstone\data\01_collect\cut_clips\tier2\0_100\media\A_Tg_IpxObA_s0001108578_e0001116190.mp4,tier2,1,cuda,nvenc,cutfix_smoke_tier2_20260729_01,65,active_speaker_candidate_pool_v1,42
HtJ2Jg1BV5k_s0000369314_e0000374314,HtJ2Jg1BV5k,369.314,374.314,5.0,1.0,1.0,3.28,E:\FPTU\PRJ\VN-AV-DF-Capstone\data\01_collect\cut_clips\tier2\100_150\media\HtJ2Jg1BV5k_s0000369314_e0000374314.mp4,tier2,1,cuda,nvenc,cutfix_smoke_tier2_20260729_01,66,active_speaker_candidate_pool_v1,42
i3NHChYz6XA_s0000536898_e0000540734,i3NHChYz6XA,536.898,540.734,3.836,1.0,1.0,14.81,E:\FPTU\PRJ\VN-AV-DF-Capstone\data\01_collect\cut_clips\tier2\100_150\media\i3NHChYz6XA_s0000536898_e0000540734.mp4,tier2,1,cuda,nvenc,cutfix_smoke_tier2_20260729_01,67,active_speaker_candidate_pool_v1,42
Pd8b5S6M46c_s0000510338_e0000515338,Pd8b5S6M46c,510.338,515.338,5.0,1.0,1.0,10.29,E:\FPTU\PRJ\VN-AV-DF-Capstone\data\01_collect\cut_clips\tier2\150_200\media\Pd8b5S6M46c_s0000510338_e0000515338.mp4,tier2,1,cuda,nvenc,cutfix_smoke_tier2_20260729_01,68,active_speaker_candidate_pool_v1,42
xNvAvHQKDdI_s0000476738_e0000481118,xNvAvHQKDdI,476.738,481.118,4.38,1.0,1.0,25.06,E:\FPTU\PRJ\VN-AV-DF-Capstone\data\01_collect\cut_clips\tier2\200_292\media\xNvAvHQKDdI_s0000476738_e0000481118.mp4,tier2,1,cuda,nvenc,cutfix_smoke_tier2_20260729_01,69,active_speaker_candidate_pool_v1,42
6fzwsY5YlXY_s0000843970_e0000848970,6fzwsY5YlXY,843.97,848.97,5.0,1.0,1.0,9.35,E:\FPTU\PRJ\VN-AV-DF-Capstone\data\01_collect\cut_clips\tier2\0_100\media\6fzwsY5YlXY_s0000843970_e0000848970.mp4,tier2,1,cuda,nvenc,cutfix_smoke_tier2_20260729_01,70,active_speaker_candidate_pool_v1,42
EQk4UHhtyao_1_s0000272418_e0000277418,EQk4UHhtyao (1),272.418,277.418,5.0,1.0,1.0,7.02,E:\FPTU\PRJ\VN-AV-DF-Capstone\data\01_collect\cut_clips\tier2\0_100\media\EQk4UHhtyao_1_s0000272418_e0000277418.mp4,tier2,1,cuda,nvenc,cutfix_smoke_tier2_20260729_01,71,active_speaker_candidate_pool_v1,42
M1NcVJ1i5Ks_1_s0000743618_e0000750590,M1NcVJ1i5Ks (1),743.618,750.59,6.972,1.0,1.0,17.25,E:\FPTU\PRJ\VN-AV-DF-Capstone\data\01_collect\cut_clips\tier2\150_200\media\M1NcVJ1i5Ks_1_s0000743618_e0000750590.mp4,tier2,1,cuda,nvenc,cutfix_smoke_tier2_20260729_01,72,active_speaker_candidate_pool_v1,42
Tgjpij-vkLI_s0000560258_e0000563806,Tgjpij-vkLI,560.258,563.806,3.548,1.0,1.0,11.64,E:\FPTU\PRJ\VN-AV-DF-Capstone\data\01_collect\cut_clips\tier2\200_292\media\Tgjpij-vkLI_s0000560258_e0000563806.mp4,tier2,1,cuda,nvenc,cutfix_smoke_tier2_20260729_01,73,active_speaker_candidate_pool_v1,42
iWWnZ0GhefE_s0000313026_e0000318026,iWWnZ0GhefE,313.026,318.026,5.0,1.0,1.0,17.21,E:\FPTU\PRJ\VN-AV-DF-Capstone\data\01_collect\cut_clips\tier2\100_150\media\iWWnZ0GhefE_s0000313026_e0000318026.mp4,tier2,1,cuda,nvenc,cutfix_smoke_tier2_20260729_01,74,active_speaker_candidate_pool_v1,42
Uy7lN8MnTfw_s0000233954_e0000237246,Uy7lN8MnTfw,233.954,237.246,3.292,1.0,1.0,-0.77,E:\FPTU\PRJ\VN-AV-DF-Capstone\data\01_collect\cut_clips\tier2\200_292\media\Uy7lN8MnTfw_s0000233954_e0000237246.mp4,tier2,1,cuda,nvenc,cutfix_smoke_tier2_20260729_01,75,active_speaker_candidate_pool_v1,42
rrDnzZi6g-k_1_s0000000770_e0000006078,rrDnzZi6g-k (1),0.77,6.078,5.308,1.0,1.0,13.06,E:\FPTU\PRJ\VN-AV-DF-Capstone\data\01_collect\cut_clips\tier2\200_292\media\rrDnzZi6g-k_1_s0000000770_e0000006078.mp4,tier2,1,cuda,nvenc,cutfix_smoke_tier2_20260729_01,76,active_speaker_candidate_pool_v1,42
VeOXQIUKuBg_1_s0000652066_e0000656030,VeOXQIUKuBg (1),652.066,656.03,3.964,1.0,1.0,11.06,E:\FPTU\PRJ\VN-AV-DF-Capstone\data\01_collect\cut_clips\tier2\200_292\media\VeOXQIUKuBg_1_s0000652066_e0000656030.mp4,tier2,1,cuda,nvenc,cutfix_smoke_tier2_20260729_01,77,active_speaker_candidate_pool_v1,42
zhSzwfD4YDk_1_s0000023554_e0000028554,zhSzwfD4YDk (1),23.554,28.554,5.0,1.0,1.0,11.19,E:\FPTU\PRJ\VN-AV-DF-Capstone\data\01_collect\cut_clips\tier2\200_292\media\zhSzwfD4YDk_1_s0000023554_e0000028554.mp4,tier2,1,cuda,nvenc,cutfix_smoke_tier2_20260729_01,78,active_speaker_candidate_pool_v1,42
Pqll2AW9tu8_1_s0000677858_e0000680574,Pqll2AW9tu8 (1),677.858,680.574,2.716,1.0,1.0,18.63,E:\FPTU\PRJ\VN-AV-DF-Capstone\data\01_collect\cut_clips\tier2\150_200\media\Pqll2AW9tu8_1_s0000677858_e0000680574.mp4,tier2,1,cuda,nvenc,cutfix_smoke_tier2_20260729_01,79,active_speaker_candidate_pool_v1,42
DFUgpdz-VqY_s0000007458_e0000010110,DFUgpdz-VqY,7.458,10.11,2.652,1.0,1.0,-2.46,E:\FPTU\PRJ\VN-AV-DF-Capstone\data\01_collect\cut_clips\tier2\0_100\media\DFUgpdz-VqY_s0000007458_e0000010110.mp4,tier2,1,cuda,nvenc,cutfix_smoke_tier2_20260729_01,80,active_speaker_candidate_pool_v1,42
0v7Qt6dyGdY_1_s0000818306_e0000820766,0v7Qt6dyGdY (1),818.306,820.766,2.46,1.0,1.0,6.97,E:\FPTU\PRJ\VN-AV-DF-Capstone\data\01_collect\cut_clips\tier2\0_100\media\0v7Qt6dyGdY_1_s0000818306_e0000820766.mp4,tier2,1,cuda,nvenc,cutfix_smoke_tier2_20260729_01,81,active_speaker_candidate_pool_v1,42
UUjR-FIsjwI_1_s0000218754_e0000221054,UUjR-FIsjwI (1),218.754,221.054,2.3,1.0,1.0,7.42,E:\FPTU\PRJ\VN-AV-DF-Capstone\data\01_collect\cut_clips\tier2\200_292\media\UUjR-FIsjwI_1_s0000218754_e0000221054.mp4,tier2,1,cuda,nvenc,cutfix_smoke_tier2_20260729_01,82,active_speaker_candidate_pool_v1,42
HDTkTI6blQI_s0000452322_e0000454878,HDTkTI6blQI,452.322,454.878,2.556,1.0,1.0,8.66,E:\FPTU\PRJ\VN-AV-DF-Capstone\data\01_collect\cut_clips\tier2\100_150\media\HDTkTI6blQI_s0000452322_e0000454878.mp4,tier2,1,cuda,nvenc,cutfix_smoke_tier2_20260729_01,83,active_speaker_candidate_pool_v1,42
sLNZ_m5O6S0_1_s0000694082_e0000699082,sLNZ_m5O6S0 (1),694.082,699.082,5.0,1.0,1.0,10.68,E:\FPTU\PRJ\VN-AV-DF-Capstone\data\01_collect\cut_clips\tier2\200_292\media\sLNZ_m5O6S0_1_s0000694082_e0000699082.mp4,tier2,1,cuda,nvenc,cutfix_smoke_tier2_20260729_01,84,active_speaker_candidate_pool_v1,42
qt8JDgmJ84g_1_s0000049954_e0000060094,qt8JDgmJ84g (1),49.954,60.094,10.14,0.727,1.0,9.98,E:\FPTU\PRJ\VN-AV-DF-Capstone\data\01_collect\cut_clips\tier2\150_200\media\qt8JDgmJ84g_1_s0000049954_e0000060094.mp4,tier2,1,cuda,nvenc,cutfix_smoke_tier2_20260729_01,85,active_speaker_candidate_pool_v1,42
4tTF_fRCvYY_s0000016162_e0000024606,4tTF_fRCvYY,16.162,24.606,8.444,1.0,1.0,4.96,E:\FPTU\PRJ\VN-AV-DF-Capstone\data\01_collect\cut_clips\tier2\0_100\media\4tTF_fRCvYY_s0000016162_e0000024606.mp4,tier2,1,cuda,nvenc,cutfix_smoke_tier2_20260729_01,86,active_speaker_candidate_pool_v1,42
hKtZfCSqnKg_1_s0000228514_e0000230878,hKtZfCSqnKg (1),228.514,230.878,2.364,1.0,1.0,12.54,E:\FPTU\PRJ\VN-AV-DF-Capstone\data\01_collect\cut_clips\tier2\100_150\media\hKtZfCSqnKg_1_s0000228514_e0000230878.mp4,tier2,1,cuda,nvenc,cutfix_smoke_tier2_20260729_01,87,active_speaker_candidate_pool_v1,42
C4u-8yJ97Zc_1_s0000036962_e0000041962,C4u-8yJ97Zc (1),36.962,41.962,5.0,1.0,1.0,6.85,E:\FPTU\PRJ\VN-AV-DF-Capstone\data\01_collect\cut_clips\tier2\0_100\media\C4u-8yJ97Zc_1_s0000036962_e0000041962.mp4,tier2,1,cuda,nvenc,cutfix_smoke_tier2_20260729_01,88,active_speaker_candidate_pool_v1,42
v_dTUJIh0CM_s0000436066_e0000440382,v_dTUJIh0CM,436.066,440.382,4.316,1.0,1.0,7.07,E:\FPTU\PRJ\VN-AV-DF-Capstone\data\01_collect\cut_clips\tier2\200_292\media\v_dTUJIh0CM_s0000436066_e0000440382.mp4,tier2,1,cuda,nvenc,cutfix_smoke_tier2_20260729_01,89,active_speaker_candidate_pool_v1,42
1vuK6Wo-Sn0_s0000344290_e0000349290,1vuK6Wo-Sn0,344.29,349.29,5.0,1.0,1.0,8.0,E:\FPTU\PRJ\VN-AV-DF-Capstone\data\01_collect\cut_clips\tier2\0_100\media\1vuK6Wo-Sn0_s0000344290_e0000349290.mp4,tier2,1,cuda,nvenc,cutfix_smoke_tier2_20260729_01,90,active_speaker_candidate_pool_v1,42
4yrIyomRcF4_1_s0000844738_e0000852574,4yrIyomRcF4 (1),844.738,852.574,7.836,1.0,1.0,10.71,E:\FPTU\PRJ\VN-AV-DF-Capstone\data\01_collect\cut_clips\tier2\0_100\media\4yrIyomRcF4_1_s0000844738_e0000852574.mp4,tier2,1,cuda,nvenc,cutfix_smoke_tier2_20260729_01,91,active_speaker_candidate_pool_v1,42
qRUwzFWpaVo_1_s0000636738_e0000641738,qRUwzFWpaVo (1),636.738,641.738,5.0,1.0,1.0,5.04,E:\FPTU\PRJ\VN-AV-DF-Capstone\data\01_collect\cut_clips\tier2\150_200\media\qRUwzFWpaVo_1_s0000636738_e0000641738.mp4,tier2,1,cuda,nvenc,cutfix_smoke_tier2_20260729_01,92,active_speaker_candidate_pool_v1,42
oFExNoc0Z8o_1_s0000996930_e0001001930,oFExNoc0Z8o (1),996.93,1001.93,5.0,1.0,1.0,1.2,E:\FPTU\PRJ\VN-AV-DF-Capstone\data\01_collect\cut_clips\tier2\150_200\media\oFExNoc0Z8o_1_s0000996930_e0001001930.mp4,tier2,1,cuda,nvenc,cutfix_smoke_tier2_20260729_01,93,active_speaker_candidate_pool_v1,42
aVII2LD4Bgc_s0000249666_e0000256062,aVII2LD4Bgc,249.666,256.062,6.396,1.0,1.0,-12.45,E:\FPTU\PRJ\VN-AV-DF-Capstone\data\01_collect\cut_clips\tier2\0_100\media\aVII2LD4Bgc_s0000249666_e0000256062.mp4,tier2,1,cuda,nvenc,cutfix_smoke_tier2_20260729_01,94,active_speaker_candidate_pool_v1,42
s4E7pi2Ey4w_s0000578754_e0000582974,s4E7pi2Ey4w,578.754,582.974,4.22,0.75,1.0,11.43,E:\FPTU\PRJ\VN-AV-DF-Capstone\data\01_collect\cut_clips\tier2\200_292\media\s4E7pi2Ey4w_s0000578754_e0000582974.mp4,tier2,1,cuda,nvenc,cutfix_smoke_tier2_20260729_01,95,active_speaker_candidate_pool_v1,42
e44NSuPv_0c_s0000725506_e0000727518,e44NSuPv_0c,725.506,727.518,2.012,1.0,1.0,8.75,E:\FPTU\PRJ\VN-AV-DF-Capstone\data\01_collect\cut_clips\tier2\0_100\media\e44NSuPv_0c_s0000725506_e0000727518.mp4,tier2,1,cuda,nvenc,cutfix_smoke_tier2_20260729_01,96,active_speaker_candidate_pool_v1,42
NKxGsB4CVyg_s0000104738_e0000107998,NKxGsB4CVyg,104.738,107.998,3.26,1.0,1.0,7.39,E:\FPTU\PRJ\VN-AV-DF-Capstone\data\01_collect\cut_clips\tier2\150_200\media\NKxGsB4CVyg_s0000104738_e0000107998.mp4,tier2,1,cuda,nvenc,cutfix_smoke_tier2_20260729_01,97,active_speaker_candidate_pool_v1,42
3yj-QISqF-M_1_s0001069378_e0001072606,3yj-QISqF-M (1),1069.378,1072.606,3.228,1.0,1.0,13.22,E:\FPTU\PRJ\VN-AV-DF-Capstone\data\01_collect\cut_clips\tier2\0_100\media\3yj-QISqF-M_1_s0001069378_e0001072606.mp4,tier2,1,cuda,nvenc,cutfix_smoke_tier2_20260729_01,98,active_speaker_candidate_pool_v1,42
Xsgu3ncfLgE_s0000316066_e0000318494,Xsgu3ncfLgE,316.066,318.494,2.428,1.0,1.0,16.38,E:\FPTU\PRJ\VN-AV-DF-Capstone\data\01_collect\cut_clips\tier2\200_292\media\Xsgu3ncfLgE_s0000316066_e0000318494.mp4,tier2,1,cuda,nvenc,cutfix_smoke_tier2_20260729_01,99,active_speaker_candidate_pool_v1,42
-PMVQo--JXE_1_s0000359714_e0000363102,-PMVQo--JXE (1),359.714,363.102,3.388,1.0,1.0,5.71,E:\FPTU\PRJ\VN-AV-DF-Capstone\data\01_collect\cut_clips\tier2\0_100\media\-PMVQo--JXE_1_s0000359714_e0000363102.mp4,tier2,1,cuda,nvenc,cutfix_smoke_tier2_20260729_01,100,active_speaker_candidate_pool_v1,42
8Jg10Wyo1iw_s0000756290_e0000762270,8Jg10Wyo1iw,756.29,762.27,5.98,1.0,1.0,9.74,E:\FPTU\PRJ\VN-AV-DF-Capstone\data\01_collect\cut_clips\tier2\0_100\media\8Jg10Wyo1iw_s0000756290_e0000762270.mp4,tier2,1,cuda,nvenc,cutfix_smoke_tier2_20260729_01,101,active_speaker_candidate_pool_v1,42
Kb7vAMj-TBo_s0000096610_e0000104254,Kb7vAMj-TBo,96.61,104.254,7.644,1.0,1.0,7.87,E:\FPTU\PRJ\VN-AV-DF-Capstone\data\01_collect\cut_clips\tier2\100_150\media\Kb7vAMj-TBo_s0000096610_e0000104254.mp4,tier2,1,cuda,nvenc,cutfix_smoke_tier2_20260729_01,102,active_speaker_candidate_pool_v1,42
VhEkor45Rhc_s0000155874_e0000159070,VhEkor45Rhc,155.874,159.07,3.196,1.0,1.0,31.4,E:\FPTU\PRJ\VN-AV-DF-Capstone\data\01_collect\cut_clips\tier2\200_292\media\VhEkor45Rhc_s0000155874_e0000159070.mp4,tier2,1,cuda,nvenc,cutfix_smoke_tier2_20260729_01,103,active_speaker_candidate_pool_v1,42
UIzJKq9SXkc_s0000449922_e0000454206,UIzJKq9SXkc,449.922,454.206,4.284,1.0,1.0,-4.91,E:\FPTU\PRJ\VN-AV-DF-Capstone\data\01_collect\cut_clips\tier2\200_292\media\UIzJKq9SXkc_s0000449922_e0000454206.mp4,tier2,1,cuda,nvenc,cutfix_smoke_tier2_20260729_01,104,active_speaker_candidate_pool_v1,42
zlpmcVdGnAY_1_s0000692226_e0000695038,zlpmcVdGnAY (1),692.226,695.038,2.812,1.0,1.0,12.77,E:\FPTU\PRJ\VN-AV-DF-Capstone\data\01_collect\cut_clips\tier2\200_292\media\zlpmcVdGnAY_1_s0000692226_e0000695038.mp4,tier2,1,cuda,nvenc,cutfix_smoke_tier2_20260729_01,105,active_speaker_candidate_pool_v1,42
u_2oQ9-1_60_1_s0000766562_e0000771562,u_2oQ9-1_60 (1),766.562,771.562,5.0,1.0,1.0,11.61,E:\FPTU\PRJ\VN-AV-DF-Capstone\data\01_collect\cut_clips\tier2\200_292\media\u_2oQ9-1_60_1_s0000766562_e0000771562.mp4,tier2,1,cuda,nvenc,cutfix_smoke_tier2_20260729_01,106,active_speaker_candidate_pool_v1,42
q_9RgFFv90U_1_s0000040802_e0000046334,q_9RgFFv90U (1),40.802,46.334,5.532,1.0,1.0,6.49,E:\FPTU\PRJ\VN-AV-DF-Capstone\data\01_collect\cut_clips\tier2\150_200\media\q_9RgFFv90U_1_s0000040802_e0000046334.mp4,tier2,1,cuda,nvenc,cutfix_smoke_tier2_20260729_01,107,active_speaker_candidate_pool_v1,42
TG4Pi2Yp-zQ_1_s0000680098_e0000683742,TG4Pi2Yp-zQ (1),680.098,683.742,3.644,1.0,1.0,13.53,E:\FPTU\PRJ\VN-AV-DF-Capstone\data\01_collect\cut_clips\tier2\200_292\media\TG4Pi2Yp-zQ_1_s0000680098_e0000683742.mp4,tier2,1,cuda,nvenc,cutfix_smoke_tier2_20260729_01,108,active_speaker_candidate_pool_v1,42
Q-_YPZqpkYU_s0000107234_e0000109374,Q-_YPZqpkYU,107.234,109.374,2.14,1.0,1.0,7.54,E:\FPTU\PRJ\VN-AV-DF-Capstone\data\01_collect\cut_clips\tier2\150_200\media\Q-_YPZqpkYU_s0000107234_e0000109374.mp4,tier2,1,cuda,nvenc,cutfix_smoke_tier2_20260729_01,109,active_speaker_candidate_pool_v1,42
d9IehzN1aRo_s0000037378_e0000039678,d9IehzN1aRo,37.378,39.678,2.3,1.0,1.0,8.43,E:\FPTU\PRJ\VN-AV-DF-Capstone\data\01_collect\cut_clips\tier2\0_100\media\d9IehzN1aRo_s0000037378_e0000039678.mp4,tier2,1,cuda,nvenc,cutfix_smoke_tier2_20260729_01,110,active_speaker_candidate_pool_v1,42
ullKbFyCyIc_s0000384162_e0000389162,ullKbFyCyIc,384.162,389.162,5.0,1.0,1.0,-0.83,E:\FPTU\PRJ\VN-AV-DF-Capstone\data\01_collect\cut_clips\tier2\200_292\media\ullKbFyCyIc_s0000384162_e0000389162.mp4,tier2,1,cuda,nvenc,cutfix_smoke_tier2_20260729_01,111,active_speaker_candidate_pool_v1,42
ZlvwOK6g7JQ_s0000600962_e0000603390,ZlvwOK6g7JQ,600.962,603.39,2.428,1.0,1.0,2.42,E:\FPTU\PRJ\VN-AV-DF-Capstone\data\01_collect\cut_clips\tier2\200_292\media\ZlvwOK6g7JQ_s0000600962_e0000603390.mp4,tier2,1,cuda,nvenc,cutfix_smoke_tier2_20260729_01,112,active_speaker_candidate_pool_v1,42
p8ibCIzy68s_1_s0001035170_e0001037374,p8ibCIzy68s (1),1035.17,1037.374,2.204,1.0,1.0,8.2,E:\FPTU\PRJ\VN-AV-DF-Capstone\data\01_collect\cut_clips\tier2\150_200\media\p8ibCIzy68s_1_s0001035170_e0001037374.mp4,tier2,1,cuda,nvenc,cutfix_smoke_tier2_20260729_01,113,active_speaker_candidate_pool_v1,42
PiXaSqGIino_s0000876578_e0000880062,PiXaSqGIino,876.578,880.062,3.484,1.0,1.0,12.08,E:\FPTU\PRJ\VN-AV-DF-Capstone\data\01_collect\cut_clips\tier2\150_200\media\PiXaSqGIino_s0000876578_e0000880062.mp4,tier2,1,cuda,nvenc,cutfix_smoke_tier2_20260729_01,114,active_speaker_candidate_pool_v1,42
EAPAzfG1Bb4_1_s0000496802_e0000500190,EAPAzfG1Bb4 (1),496.802,500.19,3.388,1.0,1.0,12.49,E:\FPTU\PRJ\VN-AV-DF-Capstone\data\01_collect\cut_clips\tier2\0_100\media\EAPAzfG1Bb4_1_s0000496802_e0000500190.mp4,tier2,1,cuda,nvenc,cutfix_smoke_tier2_20260729_01,115,active_speaker_candidate_pool_v1,42
Y7nBq4jjqWQ_1_s0000547522_e0000551486,Y7nBq4jjqWQ (1),547.522,551.486,3.964,1.0,1.0,16.87,E:\FPTU\PRJ\VN-AV-DF-Capstone\data\01_collect\cut_clips\tier2\200_292\media\Y7nBq4jjqWQ_1_s0000547522_e0000551486.mp4,tier2,1,cuda,nvenc,cutfix_smoke_tier2_20260729_01,116,active_speaker_candidate_pool_v1,42
2hPdbV1SN4E_s0000530210_e0000532798,2hPdbV1SN4E,530.21,532.798,2.588,1.0,1.0,25.12,E:\FPTU\PRJ\VN-AV-DF-Capstone\data\01_collect\cut_clips\tier2\0_100\media\2hPdbV1SN4E_s0000530210_e0000532798.mp4,tier2,1,cuda,nvenc,cutfix_smoke_tier2_20260729_01,117,active_speaker_candidate_pool_v1,42
vk7T4ZEWaa0_s0000514242_e0000520062,vk7T4ZEWaa0,514.242,520.062,5.82,1.0,1.0,13.38,E:\FPTU\PRJ\VN-AV-DF-Capstone\data\01_collect\cut_clips\tier2\200_292\media\vk7T4ZEWaa0_s0000514242_e0000520062.mp4,tier2,1,cuda,nvenc,cutfix_smoke_tier2_20260729_01,118,active_speaker_candidate_pool_v1,42
9SJG1K5oL4U_1_s0000111554_e0000116670,9SJG1K5oL4U (1),111.554,116.67,5.116,1.0,1.0,-3.53,E:\FPTU\PRJ\VN-AV-DF-Capstone\data\01_collect\cut_clips\tier2\0_100\media\9SJG1K5oL4U_1_s0000111554_e0000116670.mp4,tier2,1,cuda,nvenc,cutfix_smoke_tier2_20260729_01,119,active_speaker_candidate_pool_v1,42
53a0TbqVLRc_1_s0000851586_e0000857182,53a0TbqVLRc (1),851.586,857.182,5.596,1.0,1.0,5.21,E:\FPTU\PRJ\VN-AV-DF-Capstone\data\01_collect\cut_clips\tier2\0_100\media\53a0TbqVLRc_1_s0000851586_e0000857182.mp4,tier2,1,cuda,nvenc,cutfix_smoke_tier2_20260729_01,120,active_speaker_candidate_pool_v1,42
VzlsUbhHAMo_s0000242434_e0000247198,VzlsUbhHAMo,242.434,247.198,4.764,1.0,1.0,11.24,E:\FPTU\PRJ\VN-AV-DF-Capstone\data\01_collect\cut_clips\tier2\200_292\media\VzlsUbhHAMo_s0000242434_e0000247198.mp4,tier2,1,cuda,nvenc,cutfix_smoke_tier2_20260729_01,121,active_speaker_candidate_pool_v1,42
6U9oyH1yosA_1_s0000296546_e0000300606,6U9oyH1yosA (1),296.546,300.606,4.06,1.0,1.0,6.78,E:\FPTU\PRJ\VN-AV-DF-Capstone\data\01_collect\cut_clips\tier2\0_100\media\6U9oyH1yosA_1_s0000296546_e0000300606.mp4,tier2,1,cuda,nvenc,cutfix_smoke_tier2_20260729_01,122,active_speaker_candidate_pool_v1,42
n8HGQqE7jfs_1_s0000045698_e0000049150,n8HGQqE7jfs (1),45.698,49.15,3.452,1.0,1.0,17.81,E:\FPTU\PRJ\VN-AV-DF-Capstone\data\01_collect\cut_clips\tier2\150_200\media\n8HGQqE7jfs_1_s0000045698_e0000049150.mp4,tier2,1,cuda,nvenc,cutfix_smoke_tier2_20260729_01,123,active_speaker_candidate_pool_v1,42
UnodrLYWJYI_1_s0001058178_e0001060222,UnodrLYWJYI (1),1058.178,1060.222,2.044,1.0,1.0,15.87,E:\FPTU\PRJ\VN-AV-DF-Capstone\data\01_collect\cut_clips\tier2\200_292\media\UnodrLYWJYI_1_s0001058178_e0001060222.mp4,tier2,1,cuda,nvenc,cutfix_smoke_tier2_20260729_01,124,active_speaker_candidate_pool_v1,42
iXhJfXM0a2c_1_s0000299106_e0000304286,iXhJfXM0a2c (1),299.106,304.286,5.18,1.0,1.0,12.85,E:\FPTU\PRJ\VN-AV-DF-Capstone\data\01_collect\cut_clips\tier2\100_150\media\iXhJfXM0a2c_1_s0000299106_e0000304286.mp4,tier2,1,cuda,nvenc,cutfix_smoke_tier2_20260729_01,125,active_speaker_candidate_pool_v1,42
3z6_fpdMF88_s0000051618_e0000055838,3z6_fpdMF88,51.618,55.838,4.22,1.0,1.0,11.09,E:\FPTU\PRJ\VN-AV-DF-Capstone\data\01_collect\cut_clips\tier2\0_100\media\3z6_fpdMF88_s0000051618_e0000055838.mp4,tier2,1,cuda,nvenc,cutfix_smoke_tier2_20260729_01,126,active_speaker_candidate_pool_v1,42
-q9dFwf1jhk_s0000119906_e0000122142,-q9dFwf1jhk,119.906,122.142,2.236,1.0,1.0,0.1,E:\FPTU\PRJ\VN-AV-DF-Capstone\data\01_collect\cut_clips\tier2\0_100\media\-q9dFwf1jhk_s0000119906_e0000122142.mp4,tier2,1,cuda,nvenc,cutfix_smoke_tier2_20260729_01,127,active_speaker_candidate_pool_v1,42
pFLXVt81vU_1_s0000085794_e0000090794,_pFLXVt81vU (1),85.794,90.794,5.0,1.0,1.0,-3.02,E:\FPTU\PRJ\VN-AV-DF-Capstone\data\01_collect\cut_clips\tier2\200_292\media\pFLXVt81vU_1_s0000085794_e0000090794.mp4,tier2,1,cuda,nvenc,cutfix_smoke_tier2_20260729_01,128,active_speaker_candidate_pool_v1,42
QPUlBN92Xno_s0000322754_e0000327754,QPUlBN92Xno,322.754,327.754,5.0,1.0,1.0,9.0,E:\FPTU\PRJ\VN-AV-DF-Capstone\data\01_collect\cut_clips\tier2\150_200\media\QPUlBN92Xno_s0000322754_e0000327754.mp4,tier2,1,cuda,nvenc,cutfix_smoke_tier2_20260729_01,129,active_speaker_candidate_pool_v1,42
vGcDxuZl3aM_s0000426594_e0000429310,vGcDxuZl3aM,426.594,429.31,2.716,1.0,1.0,12.72,E:\FPTU\PRJ\VN-AV-DF-Capstone\data\01_collect\cut_clips\tier2\200_292\media\vGcDxuZl3aM_s0000426594_e0000429310.mp4,tier2,1,cuda,nvenc,cutfix_smoke_tier2_20260729_01,130,active_speaker_candidate_pool_v1,42
1j9QybBbT7U_s0000370114_e0000372222,1j9QybBbT7U,370.114,372.222,2.108,1.0,1.0,2.11,E:\FPTU\PRJ\VN-AV-DF-Capstone\data\01_collect\cut_clips\tier2\0_100\media\1j9QybBbT7U_s0000370114_e0000372222.mp4,tier2,1,cuda,nvenc,cutfix_smoke_tier2_20260729_01,131,active_speaker_candidate_pool_v1,42
Zf0Qr_cASCk_1_s0000440994_e0000443486,Zf0Qr_cASCk (1),440.994,443.486,2.492,1.0,1.0,15.28,E:\FPTU\PRJ\VN-AV-DF-Capstone\data\01_collect\cut_clips\tier2\200_292\media\Zf0Qr_cASCk_1_s0000440994_e0000443486.mp4,tier2,1,cuda,nvenc,cutfix_smoke_tier2_20260729_01,132,active_speaker_candidate_pool_v1,42
y3pM6Um-n5M_1_s0000728194_e0000733194,y3pM6Um-n5M (1),728.194,733.194,5.0,1.0,1.0,9.76,E:\FPTU\PRJ\VN-AV-DF-Capstone\data\01_collect\cut_clips\tier2\200_292\media\y3pM6Um-n5M_1_s0000728194_e0000733194.mp4,tier2,1,cuda,nvenc,cutfix_smoke_tier2_20260729_01,133,active_speaker_candidate_pool_v1,42
9rAqnPbXGiE_1_s0000994402_e0000997150,9rAqnPbXGiE (1),994.402,997.15,2.748,1.0,1.0,72.6,E:\FPTU\PRJ\VN-AV-DF-Capstone\data\01_collect\cut_clips\tier2\0_100\media\9rAqnPbXGiE_1_s0000994402_e0000997150.mp4,tier2,1,cuda,nvenc,cutfix_smoke_tier2_20260729_01,134,active_speaker_candidate_pool_v1,42
uFJCh9XN2u8_s0000015842_e0000020734,uFJCh9XN2u8,15.842,20.734,4.892,1.0,1.0,16.59,E:\FPTU\PRJ\VN-AV-DF-Capstone\data\01_collect\cut_clips\tier2\200_292\media\uFJCh9XN2u8_s0000015842_e0000020734.mp4,tier2,1,cuda,nvenc,cutfix_smoke_tier2_20260729_01,135,active_speaker_candidate_pool_v1,42
wosva5aSdOY_1_s0000658114_e0000666110,wosva5aSdOY (1),658.114,666.11,7.996,1.0,1.0,0.45,E:\FPTU\PRJ\VN-AV-DF-Capstone\data\01_collect\cut_clips\tier2\200_292\media\wosva5aSdOY_1_s0000658114_e0000666110.mp4,tier2,1,cuda,nvenc,cutfix_smoke_tier2_20260729_01,136,active_speaker_candidate_pool_v1,42
2GOQMIthM5A_s0000056258_e0000064190,2GOQMIthM5A,56.258,64.19,7.932,1.0,1.0,6.84,E:\FPTU\PRJ\VN-AV-DF-Capstone\data\01_collect\cut_clips\tier2\0_100\media\2GOQMIthM5A_s0000056258_e0000064190.mp4,tier2,1,cuda,nvenc,cutfix_smoke_tier2_20260729_01,137,active_speaker_candidate_pool_v1,42
nS04kra2jZ0_s0000081090_e0000085630,nS04kra2jZ0,81.09,85.63,4.54,1.0,1.0,10.02,E:\FPTU\PRJ\VN-AV-DF-Capstone\data\01_collect\cut_clips\tier2\150_200\media\nS04kra2jZ0_s0000081090_e0000085630.mp4,tier2,1,cuda,nvenc,cutfix_smoke_tier2_20260729_01,138,active_speaker_candidate_pool_v1,42
MlqrgxUleVk_s0000390466_e0000396126,MlqrgxUleVk,390.466,396.126,5.66,1.0,1.0,5.29,E:\FPTU\PRJ\VN-AV-DF-Capstone\data\01_collect\cut_clips\tier2\150_200\media\MlqrgxUleVk_s0000390466_e0000396126.mp4,tier2,1,cuda,nvenc,cutfix_smoke_tier2_20260729_01,139,active_speaker_candidate_pool_v1,42
E--4dxW9vL0_1_s0000115970_e0000119518,E--4dxW9vL0 (1),115.97,119.518,3.548,1.0,1.0,9.24,E:\FPTU\PRJ\VN-AV-DF-Capstone\data\01_collect\cut_clips\tier2\0_100\media\E--4dxW9vL0_1_s0000115970_e0000119518.mp4,tier2,1,cuda,nvenc,cutfix_smoke_tier2_20260729_01,140,active_speaker_candidate_pool_v1,42
RqWfnVJ6pKg_s0000285922_e0000290922,RqWfnVJ6pKg,285.922,290.922,5.0,1.0,1.0,15.83,E:\FPTU\PRJ\VN-AV-DF-Capstone\data\01_collect\cut_clips\tier2\200_292\media\RqWfnVJ6pKg_s0000285922_e0000290922.mp4,tier2,1,cuda,nvenc,cutfix_smoke_tier2_20260729_01,141,active_speaker_candidate_pool_v1,42
3rpSKwNLpVA_1_s0000202050_e0000204670,3rpSKwNLpVA (1),202.05,204.67,2.62,1.0,1.0,9.17,E:\FPTU\PRJ\VN-AV-DF-Capstone\data\01_collect\cut_clips\tier2\0_100\media\3rpSKwNLpVA_1_s0000202050_e0000204670.mp4,tier2,1,cuda,nvenc,cutfix_smoke_tier2_20260729_01,142,active_speaker_candidate_pool_v1,42
zF92ddlIF9s_s0000392834_e0000395518,zF92ddlIF9s,392.834,395.518,2.684,1.0,1.0,6.61,E:\FPTU\PRJ\VN-AV-DF-Capstone\data\01_collect\cut_clips\tier2\200_292\media\zF92ddlIF9s_s0000392834_e0000395518.mp4,tier2,1,cuda,nvenc,cutfix_smoke_tier2_20260729_01,143,active_speaker_candidate_pool_v1,42
AP3I7fukGkE_s0000104770_e0000108030,AP3I7fukGkE,104.77,108.03,3.26,1.0,1.0,15.98,E:\FPTU\PRJ\VN-AV-DF-Capstone\data\01_collect\cut_clips\tier2\0_100\media\AP3I7fukGkE_s0000104770_e0000108030.mp4,tier2,1,cuda,nvenc,cutfix_smoke_tier2_20260729_01,144,active_speaker_candidate_pool_v1,42
DICZJmg4feU_1_s0000378306_e0000380926,DICZJmg4feU (1),378.306,380.926,2.62,1.0,1.0,15.58,E:\FPTU\PRJ\VN-AV-DF-Capstone\data\01_collect\cut_clips\tier2\0_100\media\DICZJmg4feU_1_s0000378306_e0000380926.mp4,tier2,1,cuda,nvenc,cutfix_smoke_tier2_20260729_01,145,active_speaker_candidate_pool_v1,42
YeZ9OQm3Td8_s0000166402_e0000171402,YeZ9OQm3Td8,166.402,171.402,5.0,1.0,1.0,24.91,E:\FPTU\PRJ\VN-AV-DF-Capstone\data\01_collect\cut_clips\tier2\200_292\media\YeZ9OQm3Td8_s0000166402_e0000171402.mp4,tier2,1,cuda,nvenc,cutfix_smoke_tier2_20260729_01,146,active_speaker_candidate_pool_v1,42
BN4FIL4llpE_s0000496482_e0000500414,BN4FIL4llpE,496.482,500.414,3.932,1.0,1.0,10.05,E:\FPTU\PRJ\VN-AV-DF-Capstone\data\01_collect\cut_clips\tier2\0_100\media\BN4FIL4llpE_s0000496482_e0000500414.mp4,tier2,1,cuda,nvenc,cutfix_smoke_tier2_20260729_01,147,active_speaker_candidate_pool_v1,42
I-uqcg6HtaQ_1_s0000458274_e0000462142,I-uqcg6HtaQ (1),458.274,462.142,3.868,1.0,1.0,10.63,E:\FPTU\PRJ\VN-AV-DF-Capstone\data\01_collect\cut_clips\tier2\100_150\media\I-uqcg6HtaQ_1_s0000458274_e0000462142.mp4,tier2,1,cuda,nvenc,cutfix_smoke_tier2_20260729_01,148,active_speaker_candidate_pool_v1,42
3XkN_ssg4c4_1_s0000992290_e0000995102,3XkN_ssg4c4 (1),992.29,995.102,2.812,1.0,1.0,7.16,E:\FPTU\PRJ\VN-AV-DF-Capstone\data\01_collect\cut_clips\tier2\0_100\media\3XkN_ssg4c4_1_s0000992290_e0000995102.mp4,tier2,1,cuda,nvenc,cutfix_smoke_tier2_20260729_01,149,active_speaker_candidate_pool_v1,42
4z13dBp-tck_1_s0000125986_e0000130334,4z13dBp-tck (1),125.986,130.334,4.348,1.0,1.0,8.31,E:\FPTU\PRJ\VN-AV-DF-Capstone\data\01_collect\cut_clips\tier2\0_100\media\4z13dBp-tck_1_s0000125986_e0000130334.mp4,tier2,1,cuda,nvenc,cutfix_smoke_tier2_20260729_01,150,active_speaker_candidate_pool_v1,42
eWIdsUuw6Wg_1_s0000657762_e0000665694,eWIdsUuw6Wg (1),657.762,665.694,7.932,1.0,1.0,9.02,E:\FPTU\PRJ\VN-AV-DF-Capstone\data\01_collect\cut_clips\tier2\0_100\media\eWIdsUuw6Wg_1_s0000657762_e0000665694.mp4,tier2,1,cuda,nvenc,cutfix_smoke_tier2_20260729_01,151,active_speaker_candidate_pool_v1,42
ypNqvddDqmQ_s0000032226_e0000034590,ypNqvddDqmQ,32.226,34.59,2.364,1.0,1.0,23.25,E:\FPTU\PRJ\VN-AV-DF-Capstone\data\01_collect\cut_clips\tier2\200_292\media\ypNqvddDqmQ_s0000032226_e0000034590.mp4,tier2,1,cuda,nvenc,cutfix_smoke_tier2_20260729_01,152,active_speaker_candidate_pool_v1,42
-H3EY9_rfHQ_1_s0000759618_e0000762206,-H3EY9_rfHQ (1),759.618,762.206,2.588,1.0,1.0,10.17,E:\FPTU\PRJ\VN-AV-DF-Capstone\data\01_collect\cut_clips\tier2\0_100\media\-H3EY9_rfHQ_1_s0000759618_e0000762206.mp4,tier2,1,cuda,nvenc,cutfix_smoke_tier2_20260729_01,153,active_speaker_candidate_pool_v1,42
tXniS4fA-7I_s0000002914_e0000004990,tXniS4fA-7I,2.914,4.99,2.076,1.0,1.0,7.89,E:\FPTU\PRJ\VN-AV-DF-Capstone\data\01_collect\cut_clips\tier2\200_292\media\tXniS4fA-7I_s0000002914_e0000004990.mp4,tier2,1,cuda,nvenc,cutfix_smoke_tier2_20260729_01,154,active_speaker_candidate_pool_v1,42
mHTLamr-Zqk_1_s0000303234_e0000308234,mHTLamr-Zqk (1),303.234,308.234,5.0,1.0,1.0,14.03,E:\FPTU\PRJ\VN-AV-DF-Capstone\data\01_collect\cut_clips\tier2\150_200\media\mHTLamr-Zqk_1_s0000303234_e0000308234.mp4,tier2,1,cuda,nvenc,cutfix_smoke_tier2_20260729_01,155,active_speaker_candidate_pool_v1,42
0rNleOYzisw_1_s0000178722_e0000181854,0rNleOYzisw (1),178.722,181.854,3.132,1.0,1.0,11.18,E:\FPTU\PRJ\VN-AV-DF-Capstone\data\01_collect\cut_clips\tier2\0_100\media\0rNleOYzisw_1_s0000178722_e0000181854.mp4,tier2,1,cuda,nvenc,cutfix_smoke_tier2_20260729_01,156,active_speaker_candidate_pool_v1,42
nPkGXm-URcw_s0000044962_e0000048734,nPkGXm-URcw,44.962,48.734,3.772,1.0,1.0,6.8,E:\FPTU\PRJ\VN-AV-DF-Capstone\data\01_collect\cut_clips\tier2\150_200\media\nPkGXm-URcw_s0000044962_e0000048734.mp4,tier2,1,cuda,nvenc,cutfix_smoke_tier2_20260729_01,157,active_speaker_candidate_pool_v1,42
OJgtzZcNPSU_1_s0000763234_e0000766174,OJgtzZcNPSU (1),763.234,766.174,2.94,1.0,1.0,19.8,E:\FPTU\PRJ\VN-AV-DF-Capstone\data\01_collect\cut_clips\tier2\150_200\media\OJgtzZcNPSU_1_s0000763234_e0000766174.mp4,tier2,1,cuda,nvenc,cutfix_smoke_tier2_20260729_01,158,active_speaker_candidate_pool_v1,42
GLozqkzTJhA_s0000160386_e0000162494,GLozqkzTJhA,160.386,162.494,2.108,1.0,1.0,12.33,E:\FPTU\PRJ\VN-AV-DF-Capstone\data\01_collect\cut_clips\tier2\100_150\media\GLozqkzTJhA_s0000160386_e0000162494.mp4,tier2,1,cuda,nvenc,cutfix_smoke_tier2_20260729_01,159,active_speaker_candidate_pool_v1,42
kpS1jsxxXWQ_1_s0000348994_e0000353994,kpS1jsxxXWQ (1),348.994,353.994,5.0,1.0,1.0,16.74,E:\FPTU\PRJ\VN-AV-DF-Capstone\data\01_collect\cut_clips\tier2\100_150\media\kpS1jsxxXWQ_1_s0000348994_e0000353994.mp4,tier2,1,cuda,nvenc,cutfix_smoke_tier2_20260729_01,160,active_speaker_candidate_pool_v1,42
k6PKevdH3HM_1_s0000531938_e0000534462,k6PKevdH3HM (1),531.938,534.462,2.524,1.0,1.0,18.88,E:\FPTU\PRJ\VN-AV-DF-Capstone\data\01_collect\cut_clips\tier2\100_150\media\k6PKevdH3HM_1_s0000531938_e0000534462.mp4,tier2,1,cuda,nvenc,cutfix_smoke_tier2_20260729_01,161,active_speaker_candidate_pool_v1,42
VIvKtGafajY_s0000195650_e0000197950,VIvKtGafajY,195.65,197.95,2.3,1.0,1.0,11.97,E:\FPTU\PRJ\VN-AV-DF-Capstone\data\01_collect\cut_clips\tier2\200_292\media\VIvKtGafajY_s0000195650_e0000197950.mp4,tier2,1,cuda,nvenc,cutfix_smoke_tier2_20260729_01,162,active_speaker_candidate_pool_v1,42
AG-6WUGZcPA_1_s0000228802_e0000233802,AG-6WUGZcPA (1),228.802,233.802,5.0,1.0,1.0,17.13,E:\FPTU\PRJ\VN-AV-DF-Capstone\data\01_collect\cut_clips\tier2\0_100\media\AG-6WUGZcPA_1_s0000228802_e0000233802.mp4,tier2,1,cuda,nvenc,cutfix_smoke_tier2_20260729_01,163,active_speaker_candidate_pool_v1,42
cRgc2Ma0B8c_1_s0000358402_e0000366142,cRgc2Ma0B8c (1),358.402,366.142,7.74,1.0,1.0,11.25,E:\FPTU\PRJ\VN-AV-DF-Capstone\data\01_collect\cut_clips\tier2\0_100\media\cRgc2Ma0B8c_1_s0000358402_e0000366142.mp4,tier2,1,cuda,nvenc,cutfix_smoke_tier2_20260729_01,164,active_speaker_candidate_pool_v1,42
He9sAmSy1Hc_s0000016130_e0000021130,He9sAmSy1Hc,16.13,21.13,5.0,1.0,1.0,8.2,E:\FPTU\PRJ\VN-AV-DF-Capstone\data\01_collect\cut_clips\tier2\100_150\media\He9sAmSy1Hc_s0000016130_e0000021130.mp4,tier2,1,cuda,nvenc,cutfix_smoke_tier2_20260729_01,165,active_speaker_candidate_pool_v1,42
a4IvyO1z54c_s0000201410_e0000205054,a4IvyO1z54c,201.41,205.054,3.644,1.0,1.0,11.16,E:\FPTU\PRJ\VN-AV-DF-Capstone\data\01_collect\cut_clips\tier2\0_100\media\a4IvyO1z54c_s0000201410_e0000205054.mp4,tier2,1,cuda,nvenc,cutfix_smoke_tier2_20260729_01,166,active_speaker_candidate_pool_v1,42
-qsoj9cBf8Y_s0000473954_e0000476350,-qsoj9cBf8Y,473.954,476.35,2.396,1.0,1.0,4.32,E:\FPTU\PRJ\VN-AV-DF-Capstone\data\01_collect\cut_clips\tier2\0_100\media\-qsoj9cBf8Y_s0000473954_e0000476350.mp4,tier2,1,cuda,nvenc,cutfix_smoke_tier2_20260729_01,167,active_speaker_candidate_pool_v1,42
DFxOwY72IR0_1_s0000366562_e0000369470,DFxOwY72IR0 (1),366.562,369.47,2.908,1.0,1.0,8.65,E:\FPTU\PRJ\VN-AV-DF-Capstone\data\01_collect\cut_clips\tier2\0_100\media\DFxOwY72IR0_1_s0000366562_e0000369470.mp4,tier2,1,cuda,nvenc,cutfix_smoke_tier2_20260729_01,168,active_speaker_candidate_pool_v1,42
UEuzDZoMKhY_1_s0000638786_e0000641342,UEuzDZoMKhY (1),638.786,641.342,2.556,1.0,1.0,16.03,E:\FPTU\PRJ\VN-AV-DF-Capstone\data\01_collect\cut_clips\tier2\200_292\media\UEuzDZoMKhY_1_s0000638786_e0000641342.mp4,tier2,1,cuda,nvenc,cutfix_smoke_tier2_20260729_01,169,active_speaker_candidate_pool_v1,42
Myzu1WubrZ4_s0000282562_e0000285822,Myzu1WubrZ4,282.562,285.822,3.26,1.0,1.0,9.44,E:\FPTU\PRJ\VN-AV-DF-Capstone\data\01_collect\cut_clips\tier2\150_200\media\Myzu1WubrZ4_s0000282562_e0000285822.mp4,tier2,1,cuda,nvenc,cutfix_smoke_tier2_20260729_01,170,active_speaker_candidate_pool_v1,42
I9lBWevPyRU_1_s0000719138_e0000721374,I9lBWevPyRU (1),719.138,721.374,2.236,1.0,1.0,20.99,E:\FPTU\PRJ\VN-AV-DF-Capstone\data\01_collect\cut_clips\tier2\100_150\media\I9lBWevPyRU_1_s0000719138_e0000721374.mp4,tier2,1,cuda,nvenc,cutfix_smoke_tier2_20260729_01,171,active_speaker_candidate_pool_v1,42
lw5Ntx6fFvE_s0000564290_e0000570462,lw5Ntx6fFvE,564.29,570.462,6.172,1.0,1.0,21.19,E:\FPTU\PRJ\VN-AV-DF-Capstone\data\01_collect\cut_clips\tier2\100_150\media\lw5Ntx6fFvE_s0000564290_e0000570462.mp4,tier2,1,cuda,nvenc,cutfix_smoke_tier2_20260729_01,172,active_speaker_candidate_pool_v1,42
-l9m0nDJZfM_s0000758850_e0000763850,-l9m0nDJZfM,758.85,763.85,5.0,1.0,1.0,16.76,E:\FPTU\PRJ\VN-AV-DF-Capstone\data\01_collect\cut_clips\tier2\0_100\media\-l9m0nDJZfM_s0000758850_e0000763850.mp4,tier2,1,cuda,nvenc,cutfix_smoke_tier2_20260729_01,173,active_speaker_candidate_pool_v1,42
wKaFsRX95YY_1_s0000180610_e0000184030,wKaFsRX95YY (1),180.61,184.03,3.42,1.0,1.0,10.88,E:\FPTU\PRJ\VN-AV-DF-Capstone\data\01_collect\cut_clips\tier2\200_292\media\wKaFsRX95YY_1_s0000180610_e0000184030.mp4,tier2,1,cuda,nvenc,cutfix_smoke_tier2_20260729_01,174,active_speaker_candidate_pool_v1,42
N01IqAYFPH4_s0000517218_e0000522218,N01IqAYFPH4,517.218,522.218,5.0,1.0,1.0,14.03,E:\FPTU\PRJ\VN-AV-DF-Capstone\data\01_collect\cut_clips\tier2\150_200\media\N01IqAYFPH4_s0000517218_e0000522218.mp4,tier2,1,cuda,nvenc,cutfix_smoke_tier2_20260729_01,175,active_speaker_candidate_pool_v1,42
QLmKtrsy4VQ_s0000004962_e0000008542,QLmKtrsy4VQ,4.962,8.542,3.58,1.0,1.0,13.4,E:\FPTU\PRJ\VN-AV-DF-Capstone\data\01_collect\cut_clips\tier2\150_200\media\QLmKtrsy4VQ_s0000004962_e0000008542.mp4,tier2,1,cuda,nvenc,cutfix_smoke_tier2_20260729_01,176,active_speaker_candidate_pool_v1,42
Fa5BUYxH7bE_s0000218114_e0000223114,Fa5BUYxH7bE,218.114,223.114,5.0,1.0,1.0,10.32,E:\FPTU\PRJ\VN-AV-DF-Capstone\data\01_collect\cut_clips\tier2\100_150\media\Fa5BUYxH7bE_s0000218114_e0000223114.mp4,tier2,1,cuda,nvenc,cutfix_smoke_tier2_20260729_01,177,active_speaker_candidate_pool_v1,42
FzUSvvqy8CM_s0000576162_e0000581694,FzUSvvqy8CM,576.162,581.694,5.532,1.0,1.0,11.39,E:\FPTU\PRJ\VN-AV-DF-Capstone\data\01_collect\cut_clips\tier2\100_150\media\FzUSvvqy8CM_s0000576162_e0000581694.mp4,tier2,1,cuda,nvenc,cutfix_smoke_tier2_20260729_01,178,active_speaker_candidate_pool_v1,42
snf9sZ4VfZc_1_s0000924450_e0000929450,snf9sZ4VfZc (1),924.45,929.45,5.0,1.0,1.0,19.57,E:\FPTU\PRJ\VN-AV-DF-Capstone\data\01_collect\cut_clips\tier2\200_292\media\snf9sZ4VfZc_1_s0000924450_e0000929450.mp4,tier2,1,cuda,nvenc,cutfix_smoke_tier2_20260729_01,179,active_speaker_candidate_pool_v1,42
z2BMs9u0q2M_s0000180322_e0000190942,z2BMs9u0q2M,180.322,190.942,10.62,1.0,1.0,10.98,E:\FPTU\PRJ\VN-AV-DF-Capstone\data\01_collect\cut_clips\tier2\200_292\media\z2BMs9u0q2M_s0000180322_e0000190942.mp4,tier2,1,cuda,nvenc,cutfix_smoke_tier2_20260729_01,180,active_speaker_candidate_pool_v1,42
DZO6LN2bMiQ_s0000616642_e0000620222,DZO6LN2bMiQ,616.642,620.222,3.58,1.0,1.0,3.19,E:\FPTU\PRJ\VN-AV-DF-Capstone\data\01_collect\cut_clips\tier2\0_100\media\DZO6LN2bMiQ_s0000616642_e0000620222.mp4,tier2,1,cuda,nvenc,cutfix_smoke_tier2_20260729_01,181,active_speaker_candidate_pool_v1,42
GVqpmowl8bg_1_s0000086178_e0000092894,GVqpmowl8bg (1),86.178,92.894,6.716,1.0,1.0,17.16,E:\FPTU\PRJ\VN-AV-DF-Capstone\data\01_collect\cut_clips\tier2\100_150\media\GVqpmowl8bg_1_s0000086178_e0000092894.mp4,tier2,1,cuda,nvenc,cutfix_smoke_tier2_20260729_01,182,active_speaker_candidate_pool_v1,42
iWF2hDxnvcA_s0000400898_e0000403102,iWF2hDxnvcA,400.898,403.102,2.204,1.0,1.0,18.78,E:\FPTU\PRJ\VN-AV-DF-Capstone\data\01_collect\cut_clips\tier2\100_150\media\iWF2hDxnvcA_s0000400898_e0000403102.mp4,tier2,1,cuda,nvenc,cutfix_smoke_tier2_20260729_01,183,active_speaker_candidate_pool_v1,42
e84PBvZqQg_s0000297602_e0000306462,_e84PBvZqQg,297.602,306.462,8.86,1.0,1.0,9.03,E:\FPTU\PRJ\VN-AV-DF-Capstone\data\01_collect\cut_clips\tier2\200_292\media\e84PBvZqQg_s0000297602_e0000306462.mp4,tier2,1,cuda,nvenc,cutfix_smoke_tier2_20260729_01,184,active_speaker_candidate_pool_v1,42
52zbpS52T2Y_1_s0000028514_e0000033514,52zbpS52T2Y (1),28.514,33.514,5.0,1.0,1.0,-1.54,E:\FPTU\PRJ\VN-AV-DF-Capstone\data\01_collect\cut_clips\tier2\0_100\media\52zbpS52T2Y_1_s0000028514_e0000033514.mp4,tier2,1,cuda,nvenc,cutfix_smoke_tier2_20260729_01,185,active_speaker_candidate_pool_v1,42
MFB-6-Smj_s_s0000286530_e0000290590,MFB-6-Smj_s,286.53,290.59,4.06,1.0,1.0,13.88,E:\FPTU\PRJ\VN-AV-DF-Capstone\data\01_collect\cut_clips\tier2\150_200\media\MFB-6-Smj_s_s0000286530_e0000290590.mp4,tier2,1,cuda,nvenc,cutfix_smoke_tier2_20260729_01,186,active_speaker_candidate_pool_v1,42
7wSRdzqR_eM_s0000021186_e0000023486,7wSRdzqR_eM,21.186,23.486,2.3,1.0,1.0,27.43,E:\FPTU\PRJ\VN-AV-DF-Capstone\data\01_collect\cut_clips\tier2\0_100\media\7wSRdzqR_eM_s0000021186_e0000023486.mp4,tier2,1,cuda,nvenc,cutfix_smoke_tier2_20260729_01,187,active_speaker_candidate_pool_v1,42
MGudZOrfG9c_s0000821794_e0000826794,MGudZOrfG9c,821.794,826.794,5.0,1.0,1.0,13.73,E:\FPTU\PRJ\VN-AV-DF-Capstone\data\01_collect\cut_clips\tier2\150_200\media\MGudZOrfG9c_s0000821794_e0000826794.mp4,tier2,1,cuda,nvenc,cutfix_smoke_tier2_20260729_01,188,active_speaker_candidate_pool_v1,42
NqOg7JCnnm0_1_s0000356642_e0000358686,NqOg7JCnnm0 (1),356.642,358.686,2.044,1.0,1.0,38.84,E:\FPTU\PRJ\VN-AV-DF-Capstone\data\01_collect\cut_clips\tier2\150_200\media\NqOg7JCnnm0_1_s0000356642_e0000358686.mp4,tier2,1,cuda,nvenc,cutfix_smoke_tier2_20260729_01,189,active_speaker_candidate_pool_v1,42
ZHNKYbzrfnA_1_s0000441826_e0000444606,ZHNKYbzrfnA (1),441.826,444.606,2.78,1.0,1.0,11.72,E:\FPTU\PRJ\VN-AV-DF-Capstone\data\01_collect\cut_clips\tier2\200_292\media\ZHNKYbzrfnA_1_s0000441826_e0000444606.mp4,tier2,1,cuda,nvenc,cutfix_smoke_tier2_20260729_01,190,active_speaker_candidate_pool_v1,42
jKPka1_AAiQ_1_s0000980354_e0000984030,jKPka1_AAiQ (1),980.354,984.03,3.676,1.0,1.0,9.44,E:\FPTU\PRJ\VN-AV-DF-Capstone\data\01_collect\cut_clips\tier2\100_150\media\jKPka1_AAiQ_1_s0000980354_e0000984030.mp4,tier2,1,cuda,nvenc,cutfix_smoke_tier2_20260729_01,191,active_speaker_candidate_pool_v1,42
W5zvJm4YWfQ_s0000089442_e0000091518,W5zvJm4YWfQ,89.442,91.518,2.076,1.0,1.0,1.73,E:\FPTU\PRJ\VN-AV-DF-Capstone\data\01_collect\cut_clips\tier2\200_292\media\W5zvJm4YWfQ_s0000089442_e0000091518.mp4,tier2,1,cuda,nvenc,cutfix_smoke_tier2_20260729_01,192,active_speaker_candidate_pool_v1,42
P_3GzMZeQ9o_s0000352290_e0000354462,P_3GzMZeQ9o,352.29,354.462,2.172,1.0,1.0,18.58,E:\FPTU\PRJ\VN-AV-DF-Capstone\data\01_collect\cut_clips\tier2\150_200\media\P_3GzMZeQ9o_s0000352290_e0000354462.mp4,tier2,1,cuda,nvenc,cutfix_smoke_tier2_20260729_01,193,active_speaker_candidate_pool_v1,42
sdkjcDwcWus_1_s0000158306_e0000163306,sdkjcDwcWus (1),158.306,163.306,5.0,1.0,1.0,13.35,E:\FPTU\PRJ\VN-AV-DF-Capstone\data\01_collect\cut_clips\tier2\200_292\media\sdkjcDwcWus_1_s0000158306_e0000163306.mp4,tier2,1,cuda,nvenc,cutfix_smoke_tier2_20260729_01,194,active_speaker_candidate_pool_v1,42
jUoi3USqyXY_s0000000418_e0000005418,jUoi3USqyXY,0.418,5.418,5.0,1.0,1.0,6.39,E:\FPTU\PRJ\VN-AV-DF-Capstone\data\01_collect\cut_clips\tier2\100_150\media\jUoi3USqyXY_s0000000418_e0000005418.mp4,tier2,1,cuda,nvenc,cutfix_smoke_tier2_20260729_01,195,active_speaker_candidate_pool_v1,42
3lW4qEo2UMM_s0000820290_e0000825054,3lW4qEo2UMM,820.29,825.054,4.764,1.0,1.0,8.08,E:\FPTU\PRJ\VN-AV-DF-Capstone\data\01_collect\cut_clips\tier2\0_100\media\3lW4qEo2UMM_s0000820290_e0000825054.mp4,tier2,1,cuda,nvenc,cutfix_smoke_tier2_20260729_01,196,active_speaker_candidate_pool_v1,42
iJhFZ5c54e0_1_s0000385218_e0000387486,iJhFZ5c54e0 (1),385.218,387.486,2.268,1.0,1.0,10.21,E:\FPTU\PRJ\VN-AV-DF-Capstone\data\01_collect\cut_clips\tier2\100_150\media\iJhFZ5c54e0_1_s0000385218_e0000387486.mp4,tier2,1,cuda,nvenc,cutfix_smoke_tier2_20260729_01,197,active_speaker_candidate_pool_v1,42
vNuN_E3lzh4_1_s0000378754_e0000385598,vNuN_E3lzh4 (1),378.754,385.598,6.844,1.0,1.0,10.19,E:\FPTU\PRJ\VN-AV-DF-Capstone\data\01_collect\cut_clips\tier2\200_292\media\vNuN_E3lzh4_1_s0000378754_e0000385598.mp4,tier2,1,cuda,nvenc,cutfix_smoke_tier2_20260729_01,198,active_speaker_candidate_pool_v1,42
VpxSHsHxrGs_s0000009922_e0000014922,VpxSHsHxrGs,9.922,14.922,5.0,1.0,1.0,6.39,E:\FPTU\PRJ\VN-AV-DF-Capstone\data\01_collect\cut_clips\tier2\200_292\media\VpxSHsHxrGs_s0000009922_e0000014922.mp4,tier2,1,cuda,nvenc,cutfix_smoke_tier2_20260729_01,199,active_speaker_candidate_pool_v1,42
dEN94T0XGR0_1_s0000317282_e0000323678,dEN94T0XGR0 (1),317.282,323.678,6.396,1.0,1.0,14.7,E:\FPTU\PRJ\VN-AV-DF-Capstone\data\01_collect\cut_clips\tier2\0_100\media\dEN94T0XGR0_1_s0000317282_e0000323678.mp4,tier2,1,cuda,nvenc,cutfix_smoke_tier2_20260729_01,200,active_speaker_candidate_pool_v1,42
6uIc8w4Ofs4_s0000327874_e0000332926,6uIc8w4Ofs4,327.874,332.926,5.052,1.0,1.0,10.86,E:\FPTU\PRJ\VN-AV-DF-Capstone\data\01_collect\cut_clips\tier2\0_100\media\6uIc8w4Ofs4_s0000327874_e0000332926.mp4,tier2,1,cuda,nvenc,cutfix_smoke_tier2_20260729_01,201,active_speaker_candidate_pool_v1,42
Wu3ngfBlfMo_s0000518306_e0000520542,Wu3ngfBlfMo,518.306,520.542,2.236,1.0,1.0,7.44,E:\FPTU\PRJ\VN-AV-DF-Capstone\data\01_collect\cut_clips\tier2\200_292\media\Wu3ngfBlfMo_s0000518306_e0000520542.mp4,tier2,1,cuda,nvenc,cutfix_smoke_tier2_20260729_01,202,active_speaker_candidate_pool_v1,42
ebGQzj803hE_s0000143682_e0000152702,ebGQzj803hE,143.682,152.702,9.02,1.0,1.0,13.37,E:\FPTU\PRJ\VN-AV-DF-Capstone\data\01_collect\cut_clips\tier2\0_100\media\ebGQzj803hE_s0000143682_e0000152702.mp4,tier2,1,cuda,nvenc,cutfix_smoke_tier2_20260729_01,203,active_speaker_candidate_pool_v1,42
EKylCJjQo24_s0000347170_e0000350974,EKylCJjQo24,347.17,350.974,3.804,1.0,1.0,11.14,E:\FPTU\PRJ\VN-AV-DF-Capstone\data\01_collect\cut_clips\tier2\0_100\media\EKylCJjQo24_s0000347170_e0000350974.mp4,tier2,1,cuda,nvenc,cutfix_smoke_tier2_20260729_01,204,active_speaker_candidate_pool_v1,42
8CPBFGkS4aE_s0000351042_e0000353886,8CPBFGkS4aE,351.042,353.886,2.844,1.0,1.0,9.07,E:\FPTU\PRJ\VN-AV-DF-Capstone\data\01_collect\cut_clips\tier2\0_100\media\8CPBFGkS4aE_s0000351042_e0000353886.mp4,tier2,1,cuda,nvenc,cutfix_smoke_tier2_20260729_01,205,active_speaker_candidate_pool_v1,42
HGS2OA-Le38_s0000245506_e0000248222,HGS2OA-Le38,245.506,248.222,2.716,1.0,1.0,4.57,E:\FPTU\PRJ\VN-AV-DF-Capstone\data\01_collect\cut_clips\tier2\100_150\media\HGS2OA-Le38_s0000245506_e0000248222.mp4,tier2,1,cuda,nvenc,cutfix_smoke_tier2_20260729_01,206,active_speaker_candidate_pool_v1,42
Cwd153VqnbI_1_s0000264066_e0000267678,Cwd153VqnbI (1),264.066,267.678,3.612,1.0,1.0,11.26,E:\FPTU\PRJ\VN-AV-DF-Capstone\data\01_collect\cut_clips\tier2\0_100\media\Cwd153VqnbI_1_s0000264066_e0000267678.mp4,tier2,1,cuda,nvenc,cutfix_smoke_tier2_20260729_01,207,active_speaker_candidate_pool_v1,42
hOoE16YL5og_s0000765314_e0000767614,hOoE16YL5og,765.314,767.614,2.3,1.0,1.0,4.5,E:\FPTU\PRJ\VN-AV-DF-Capstone\data\01_collect\cut_clips\tier2\100_150\media\hOoE16YL5og_s0000765314_e0000767614.mp4,tier2,1,cuda,nvenc,cutfix_smoke_tier2_20260729_01,208,active_speaker_candidate_pool_v1,42
8tBb0RJlKTY_s0000069058_e0000071646,8tBb0RJlKTY,69.058,71.646,2.588,1.0,1.0,26.25,E:\FPTU\PRJ\VN-AV-DF-Capstone\data\01_collect\cut_clips\tier2\0_100\media\8tBb0RJlKTY_s0000069058_e0000071646.mp4,tier2,1,cuda,nvenc,cutfix_smoke_tier2_20260729_01,209,active_speaker_candidate_pool_v1,42
ZKdyd87jG94_s0000437538_e0000449374,ZKdyd87jG94,437.538,449.374,11.836,1.0,1.0,6.25,E:\FPTU\PRJ\VN-AV-DF-Capstone\data\01_collect\cut_clips\tier2\200_292\media\ZKdyd87jG94_s0000437538_e0000449374.mp4,tier2,1,cuda,nvenc,cutfix_smoke_tier2_20260729_01,210,active_speaker_candidate_pool_v1,42
AVigy3YWI6I_1_s0000160290_e0000162942,AVigy3YWI6I (1),160.29,162.942,2.652,1.0,1.0,-15.02,E:\FPTU\PRJ\VN-AV-DF-Capstone\data\01_collect\cut_clips\tier2\0_100\media\AVigy3YWI6I_1_s0000160290_e0000162942.mp4,tier2,1,cuda,nvenc,cutfix_smoke_tier2_20260729_01,211,active_speaker_candidate_pool_v1,42
PZzJd-yFU1E_s0000229634_e0000233214,PZzJd-yFU1E,229.634,233.214,3.58,1.0,1.0,1.84,E:\FPTU\PRJ\VN-AV-DF-Capstone\data\01_collect\cut_clips\tier2\150_200\media\PZzJd-yFU1E_s0000229634_e0000233214.mp4,tier2,1,cuda,nvenc,cutfix_smoke_tier2_20260729_01,212,active_speaker_candidate_pool_v1,42
f84No5ImMIA_s0000612354_e0000615070,f84No5ImMIA,612.354,615.07,2.716,1.0,1.0,22.97,E:\FPTU\PRJ\VN-AV-DF-Capstone\data\01_collect\cut_clips\tier2\0_100\media\f84No5ImMIA_s0000612354_e0000615070.mp4,tier2,1,cuda,nvenc,cutfix_smoke_tier2_20260729_01,213,active_speaker_candidate_pool_v1,42
W8rrqo7XZ7Y_s0000146146_e0000151146,W8rrqo7XZ7Y,146.146,151.146,5.0,1.0,1.0,7.46,E:\FPTU\PRJ\VN-AV-DF-Capstone\data\01_collect\cut_clips\tier2\200_292\media\W8rrqo7XZ7Y_s0000146146_e0000151146.mp4,tier2,1,cuda,nvenc,cutfix_smoke_tier2_20260729_01,214,active_speaker_candidate_pool_v1,42
xtzo0IHt778_1_s0000916866_e0000919550,xtzo0IHt778 (1),916.866,919.55,2.684,1.0,1.0,26.93,E:\FPTU\PRJ\VN-AV-DF-Capstone\data\01_collect\cut_clips\tier2\200_292\media\xtzo0IHt778_1_s0000916866_e0000919550.mp4,tier2,1,cuda,nvenc,cutfix_smoke_tier2_20260729_01,215,active_speaker_candidate_pool_v1,42
qxMYYAvdiRI_1_s0000055906_e0000058334,qxMYYAvdiRI (1),55.906,58.334,2.428,1.0,1.0,2.65,E:\FPTU\PRJ\VN-AV-DF-Capstone\data\01_collect\cut_clips\tier2\150_200\media\qxMYYAvdiRI_1_s0000055906_e0000058334.mp4,tier2,1,cuda,nvenc,cutfix_smoke_tier2_20260729_01,216,active_speaker_candidate_pool_v1,42
AJ7t8LnesSA_1_s0000422338_e0000433310,AJ7t8LnesSA (1),422.338,433.31,10.972,1.0,1.0,6.87,E:\FPTU\PRJ\VN-AV-DF-Capstone\data\01_collect\cut_clips\tier2\0_100\media\AJ7t8LnesSA_1_s0000422338_e0000433310.mp4,tier2,1,cuda,nvenc,cutfix_smoke_tier2_20260729_01,217,active_speaker_candidate_pool_v1,42
Eh_cHnsn3cw_1_s0000082914_e0000087914,Eh_cHnsn3cw (1),82.914,87.914,5.0,1.0,1.0,-9.08,E:\FPTU\PRJ\VN-AV-DF-Capstone\data\01_collect\cut_clips\tier2\0_100\media\Eh_cHnsn3cw_1_s0000082914_e0000087914.mp4,tier2,1,cuda,nvenc,cutfix_smoke_tier2_20260729_01,218,active_speaker_candidate_pool_v1,42
ftP5Swsx54M_s0000085794_e0000090718,ftP5Swsx54M,85.794,90.718,4.924,1.0,1.0,6.14,E:\FPTU\PRJ\VN-AV-DF-Capstone\data\01_collect\cut_clips\tier2\100_150\media\ftP5Swsx54M_s0000085794_e0000090718.mp4,tier2,1,cuda,nvenc,cutfix_smoke_tier2_20260729_01,219,active_speaker_candidate_pool_v1,42
xbS1WqTHrv8_1_s0000411938_e0000415486,xbS1WqTHrv8 (1),411.938,415.486,3.548,1.0,1.0,18.35,E:\FPTU\PRJ\VN-AV-DF-Capstone\data\01_collect\cut_clips\tier2\200_292\media\xbS1WqTHrv8_1_s0000411938_e0000415486.mp4,tier2,1,cuda,nvenc,cutfix_smoke_tier2_20260729_01,220,active_speaker_candidate_pool_v1,42
LHw2tpC_1iA_1_s0000902210_e0000904222,LHw2tpC_1iA (1),902.21,904.222,2.012,1.0,1.0,10.18,E:\FPTU\PRJ\VN-AV-DF-Capstone\data\01_collect\cut_clips\tier2\100_150\media\LHw2tpC_1iA_1_s0000902210_e0000904222.mp4,tier2,1,cuda,nvenc,cutfix_smoke_tier2_20260729_01,221,active_speaker_candidate_pool_v1,42
6ObGN_UX1w8_1_s0000641186_e0000652798,6ObGN_UX1w8 (1),641.186,652.798,11.612,1.0,1.0,20.41,E:\FPTU\PRJ\VN-AV-DF-Capstone\data\01_collect\cut_clips\tier2\0_100\media\6ObGN_UX1w8_1_s0000641186_e0000652798.mp4,tier2,1,cuda,nvenc,cutfix_smoke_tier2_20260729_01,222,active_speaker_candidate_pool_v1,42
xo3VtrivRjk_s0000416642_e0000422046,xo3VtrivRjk,416.642,422.046,5.404,1.0,1.0,7.39,E:\FPTU\PRJ\VN-AV-DF-Capstone\data\01_collect\cut_clips\tier2\200_292\media\xo3VtrivRjk_s0000416642_e0000422046.mp4,tier2,1,cuda,nvenc,cutfix_smoke_tier2_20260729_01,223,active_speaker_candidate_pool_v1,42
UYkT0B4QEgw_s0000856098_e0000863774,UYkT0B4QEgw,856.098,863.774,7.676,1.0,1.0,18.71,E:\FPTU\PRJ\VN-AV-DF-Capstone\data\01_collect\cut_clips\tier2\200_292\media\UYkT0B4QEgw_s0000856098_e0000863774.mp4,tier2,1,cuda,nvenc,cutfix_smoke_tier2_20260729_01,224,active_speaker_candidate_pool_v1,42
nm4XvSf6IWw_s0000120610_e0000125610,nm4XvSf6IWw,120.61,125.61,5.0,1.0,1.0,8.33,E:\FPTU\PRJ\VN-AV-DF-Capstone\data\01_collect\cut_clips\tier2\150_200\media\nm4XvSf6IWw_s0000120610_e0000125610.mp4,tier2,1,cuda,nvenc,cutfix_smoke_tier2_20260729_01,225,active_speaker_candidate_pool_v1,42
LJPWzO6GCcw_s0000109666_e0000112382,LJPWzO6GCcw,109.666,112.382,2.716,1.0,1.0,5.81,E:\FPTU\PRJ\VN-AV-DF-Capstone\data\01_collect\cut_clips\tier2\100_150\media\LJPWzO6GCcw_s0000109666_e0000112382.mp4,tier2,1,cuda,nvenc,cutfix_smoke_tier2_20260729_01,226,active_speaker_candidate_pool_v1,42
hbocYAIKSBQ_s0000523746_e0000526622,hbocYAIKSBQ,523.746,526.622,2.876,1.0,1.0,7.81,E:\FPTU\PRJ\VN-AV-DF-Capstone\data\01_collect\cut_clips\tier2\100_150\media\hbocYAIKSBQ_s0000523746_e0000526622.mp4,tier2,1,cuda,nvenc,cutfix_smoke_tier2_20260729_01,227,active_speaker_candidate_pool_v1,42
crJH7Etan0s_1_s0000212898_e0000217898,crJH7Etan0s (1),212.898,217.898,5.0,1.0,1.0,7.88,E:\FPTU\PRJ\VN-AV-DF-Capstone\data\01_collect\cut_clips\tier2\0_100\media\crJH7Etan0s_1_s0000212898_e0000217898.mp4,tier2,1,cuda,nvenc,cutfix_smoke_tier2_20260729_01,228,active_speaker_candidate_pool_v1,42
LuxHrGvlRNM_s0000318082_e0000321438,LuxHrGvlRNM,318.082,321.438,3.356,1.0,1.0,5.61,E:\FPTU\PRJ\VN-AV-DF-Capstone\data\01_collect\cut_clips\tier2\100_150\media\LuxHrGvlRNM_s0000318082_e0000321438.mp4,tier2,1,cuda,nvenc,cutfix_smoke_tier2_20260729_01,229,active_speaker_candidate_pool_v1,42
ig4M5j_5fAc_1_s0000439170_e0000441982,ig4M5j_5fAc (1),439.17,441.982,2.812,1.0,1.0,27.95,E:\FPTU\PRJ\VN-AV-DF-Capstone\data\01_collect\cut_clips\tier2\100_150\media\ig4M5j_5fAc_1_s0000439170_e0000441982.mp4,tier2,1,cuda,nvenc,cutfix_smoke_tier2_20260729_01,230,active_speaker_candidate_pool_v1,42
oUCPGNbZtrk_1_s0000146402_e0000150494,oUCPGNbZtrk (1),146.402,150.494,4.092,1.0,1.0,11.51,E:\FPTU\PRJ\VN-AV-DF-Capstone\data\01_collect\cut_clips\tier2\150_200\media\oUCPGNbZtrk_1_s0000146402_e0000150494.mp4,tier2,1,cuda,nvenc,cutfix_smoke_tier2_20260729_01,231,active_speaker_candidate_pool_v1,42
VBw9n10rMPM_s0000700002_e0000706718,VBw9n10rMPM,700.002,706.718,6.716,1.0,1.0,7.01,E:\FPTU\PRJ\VN-AV-DF-Capstone\data\01_collect\cut_clips\tier2\200_292\media\VBw9n10rMPM_s0000700002_e0000706718.mp4,tier2,1,cuda,nvenc,cutfix_smoke_tier2_20260729_01,232,active_speaker_candidate_pool_v1,42
l6smXR8daKM_1_s0000708386_e0000714878,l6smXR8daKM (1),708.386,714.878,6.492,1.0,1.0,14.14,E:\FPTU\PRJ\VN-AV-DF-Capstone\data\01_collect\cut_clips\tier2\100_150\media\l6smXR8daKM_1_s0000708386_e0000714878.mp4,tier2,1,cuda,nvenc,cutfix_smoke_tier2_20260729_01,233,active_speaker_candidate_pool_v1,42
VU4QedkuIZY_1_s0000356706_e0000361706,VU4QedkuIZY (1),356.706,361.706,5.0,1.0,1.0,6.16,E:\FPTU\PRJ\VN-AV-DF-Capstone\data\01_collect\cut_clips\tier2\200_292\media\VU4QedkuIZY_1_s0000356706_e0000361706.mp4,tier2,1,cuda,nvenc,cutfix_smoke_tier2_20260729_01,234,active_speaker_candidate_pool_v1,42
9hdeoNFtRXg_s0000051042_e0000055774,9hdeoNFtRXg,51.042,55.774,4.732,1.0,1.0,20.31,E:\FPTU\PRJ\VN-AV-DF-Capstone\data\01_collect\cut_clips\tier2\0_100\media\9hdeoNFtRXg_s0000051042_e0000055774.mp4,tier2,1,cuda,nvenc,cutfix_smoke_tier2_20260729_01,235,active_speaker_candidate_pool_v1,42
gLcwunYGr2M_s0000357474_e0000359966,gLcwunYGr2M,357.474,359.966,2.492,1.0,1.0,4.59,E:\FPTU\PRJ\VN-AV-DF-Capstone\data\01_collect\cut_clips\tier2\100_150\media\gLcwunYGr2M_s0000357474_e0000359966.mp4,tier2,1,cuda,nvenc,cutfix_smoke_tier2_20260729_01,236,active_speaker_candidate_pool_v1,42
RYNY7j8RZ5k_1_s0000619522_e0000624522,RYNY7j8RZ5k (1),619.522,624.522,5.0,1.0,1.0,21.54,E:\FPTU\PRJ\VN-AV-DF-Capstone\data\01_collect\cut_clips\tier2\200_292\media\RYNY7j8RZ5k_1_s0000619522_e0000624522.mp4,tier2,1,cuda,nvenc,cutfix_smoke_tier2_20260729_01,237,active_speaker_candidate_pool_v1,42
nkPB1qPWJT8_s0000131266_e0000133470,nkPB1qPWJT8,131.266,133.47,2.204,1.0,1.0,6.78,E:\FPTU\PRJ\VN-AV-DF-Capstone\data\01_collect\cut_clips\tier2\150_200\media\nkPB1qPWJT8_s0000131266_e0000133470.mp4,tier2,1,cuda,nvenc,cutfix_smoke_tier2_20260729_01,238,active_speaker_candidate_pool_v1,42
dm0xZrPBD_0_s0000351330_e0000354238,dm0xZrPBD_0,351.33,354.238,2.908,1.0,1.0,4.15,E:\FPTU\PRJ\VN-AV-DF-Capstone\data\01_collect\cut_clips\tier2\0_100\media\dm0xZrPBD_0_s0000351330_e0000354238.mp4,tier2,1,cuda,nvenc,cutfix_smoke_tier2_20260729_01,239,active_speaker_candidate_pool_v1,42
a9Vea4xOkpY_s0000078914_e0000083914,a9Vea4xOkpY,78.914,83.914,5.0,1.0,1.0,24.5,E:\FPTU\PRJ\VN-AV-DF-Capstone\data\01_collect\cut_clips\tier2\0_100\media\a9Vea4xOkpY_s0000078914_e0000083914.mp4,tier2,1,cuda,nvenc,cutfix_smoke_tier2_20260729_01,240,active_speaker_candidate_pool_v1,42
8aXhhJkDi0k_1_s0000089058_e0000096190,8aXhhJkDi0k (1),89.058,96.19,7.132,0.857,1.0,3.58,E:\FPTU\PRJ\VN-AV-DF-Capstone\data\01_collect\cut_clips\tier2\0_100\media\8aXhhJkDi0k_1_s0000089058_e0000096190.mp4,tier2,1,cuda,nvenc,cutfix_smoke_tier2_20260729_01,241,active_speaker_candidate_pool_v1,42
qE5Oz2TJWxQ_s0000272930_e0000276830,qE5Oz2TJWxQ,272.93,276.83,3.9,1.0,1.0,3.64,E:\FPTU\PRJ\VN-AV-DF-Capstone\data\01_collect\cut_clips\tier2\150_200\media\qE5Oz2TJWxQ_s0000272930_e0000276830.mp4,tier2,1,cuda,nvenc,cutfix_smoke_tier2_20260729_01,242,active_speaker_candidate_pool_v1,42
eBF1lyAeUUw_s0000747586_e0000749598,eBF1lyAeUUw,747.586,749.598,2.012,1.0,1.0,36.38,E:\FPTU\PRJ\VN-AV-DF-Capstone\data\01_collect\cut_clips\tier2\0_100\media\eBF1lyAeUUw_s0000747586_e0000749598.mp4,tier2,1,cuda,nvenc,cutfix_smoke_tier2_20260729_01,243,active_speaker_candidate_pool_v1,42
Sjh_jDBlvZc_s0000258274_e0000260574,Sjh_jDBlvZc,258.274,260.574,2.3,1.0,1.0,18.15,E:\FPTU\PRJ\VN-AV-DF-Capstone\data\01_collect\cut_clips\tier2\200_292\media\Sjh_jDBlvZc_s0000258274_e0000260574.mp4,tier2,1,cuda,nvenc,cutfix_smoke_tier2_20260729_01,244,active_speaker_candidate_pool_v1,42
R4afGhN5ZKQ_s0000475586_e0000480190,R4afGhN5ZKQ,475.586,480.19,4.604,1.0,1.0,5.01,E:\FPTU\PRJ\VN-AV-DF-Capstone\data\01_collect\cut_clips\tier2\150_200\media\R4afGhN5ZKQ_s0000475586_e0000480190.mp4,tier2,1,cuda,nvenc,cutfix_smoke_tier2_20260729_01,245,active_speaker_candidate_pool_v1,42
8z9_O5t2--8_s0000589474_e0000594474,8z9_O5t2--8,589.474,594.474,5.0,1.0,1.0,8.52,E:\FPTU\PRJ\VN-AV-DF-Capstone\data\01_collect\cut_clips\tier2\0_100\media\8z9_O5t2--8_s0000589474_e0000594474.mp4,tier2,1,cuda,nvenc,cutfix_smoke_tier2_20260729_01,246,active_speaker_candidate_pool_v1,42
JnAMrIIyHZ0_s0000291650_e0000296650,JnAMrIIyHZ0,291.65,296.65,5.0,1.0,1.0,3.77,E:\FPTU\PRJ\VN-AV-DF-Capstone\data\01_collect\cut_clips\tier2\100_150\media\JnAMrIIyHZ0_s0000291650_e0000296650.mp4,tier2,1,cuda,nvenc,cutfix_smoke_tier2_20260729_01,247,active_speaker_candidate_pool_v1,42
bH89A23gFQA_s0000119938_e0000124938,bH89A23gFQA,119.938,124.938,5.0,1.0,1.0,-6.9,E:\FPTU\PRJ\VN-AV-DF-Capstone\data\01_collect\cut_clips\tier2\0_100\media\bH89A23gFQA_s0000119938_e0000124938.mp4,tier2,1,cuda,nvenc,cutfix_smoke_tier2_20260729_01,248,active_speaker_candidate_pool_v1,42
7MXgzx8jqKA_1_s0000304994_e0000311934,7MXgzx8jqKA (1),304.994,311.934,6.94,1.0,1.0,5.28,E:\FPTU\PRJ\VN-AV-DF-Capstone\data\01_collect\cut_clips\tier2\0_100\media\7MXgzx8jqKA_1_s0000304994_e0000311934.mp4,tier2,1,cuda,nvenc,cutfix_smoke_tier2_20260729_01,249,active_speaker_candidate_pool_v1,42
JuJuerxEEkw_s0000215746_e0000217854,JuJuerxEEkw,215.746,217.854,2.108,1.0,1.0,3.96,E:\FPTU\PRJ\VN-AV-DF-Capstone\data\01_collect\cut_clips\tier2\100_150\media\JuJuerxEEkw_s0000215746_e0000217854.mp4,tier2,1,cuda,nvenc,cutfix_smoke_tier2_20260729_01,250,active_speaker_candidate_pool_v1,42
7643026650233425170_s0000042114_e0000047326,7643026650233425170,42.114,47.326,5.212,0.8,1.0,8.11,E:\FPTU\PRJ\VN-AV-DF-Capstone\data\01_collect\cut_clips\tier3\1100_1700\media\7643026650233425170_s0000042114_e0000047326.mp4,tier3,1,cuda,nvenc,cutfix_smoke_tier3_20260729_01,1,active_speaker_candidate_pool_v1,42
7642545628941176071_s0000012514_e0000018718,7642545628941176071,12.514,18.718,6.204,1.0,1.0,19.01,E:\FPTU\PRJ\VN-AV-DF-Capstone\data\01_collect\cut_clips\tier3\1100_1700\media\7642545628941176071_s0000012514_e0000018718.mp4,tier3,1,cuda,nvenc,cutfix_smoke_tier3_20260729_01,2,active_speaker_candidate_pool_v1,42
7641574681107057928_s0000007650_e0000012650,7641574681107057928,7.65,12.65,5.0,1.0,1.0,15.23,E:\FPTU\PRJ\VN-AV-DF-Capstone\data\01_collect\cut_clips\tier3\1700_2274\media\7641574681107057928_s0000007650_e0000012650.mp4,tier3,1,cuda,nvenc,cutfix_smoke_tier3_20260729_01,3,active_speaker_candidate_pool_v1,42
7502863739360644360_s0000046210_e0000051210,7502863739360644360,46.21,51.21,5.0,1.0,1.0,16.22,E:\FPTU\PRJ\VN-AV-DF-Capstone\data\01_collect\cut_clips\tier3\1100_1700\media\7502863739360644360_s0000046210_e0000051210.mp4,tier3,1,cuda,nvenc,cutfix_smoke_tier3_20260729_01,4,active_speaker_candidate_pool_v1,42
7501643165061975304_s0000000546_e0000003070,7501643165061975304,0.546,3.07,2.524,1.0,1.0,0.06,E:\FPTU\PRJ\VN-AV-DF-Capstone\data\01_collect\cut_clips\tier3\0_1100\media\7501643165061975304_s0000000546_e0000003070.mp4,tier3,1,cuda,nvenc,cutfix_smoke_tier3_20260729_01,5,active_speaker_candidate_pool_v1,42
7585912099348434196_s0000141026_e0000148382,7585912099348434196,141.026,148.382,7.356,1.0,1.0,5.64,E:\FPTU\PRJ\VN-AV-DF-Capstone\data\01_collect\cut_clips\tier3\0_1100\media\7585912099348434196_s0000141026_e0000148382.mp4,tier3,1,cuda,nvenc,cutfix_smoke_tier3_20260729_01,6,active_speaker_candidate_pool_v1,42
7636360950232222994_s0000008066_e0000010398,7636360950232222994,8.066,10.398,2.332,1.0,1.0,11.55,E:\FPTU\PRJ\VN-AV-DF-Capstone\data\01_collect\cut_clips\tier3\0_1100\media\7636360950232222994_s0000008066_e0000010398.mp4,tier3,1,cuda,nvenc,cutfix_smoke_tier3_20260729_01,7,active_speaker_candidate_pool_v1,42
7625991457144376594_s0000041026_e0000044062,7625991457144376594,41.026,44.062,3.036,1.0,1.0,8.65,E:\FPTU\PRJ\VN-AV-DF-Capstone\data\01_collect\cut_clips\tier3\1700_2274\media\7625991457144376594_s0000041026_e0000044062.mp4,tier3,1,cuda,nvenc,cutfix_smoke_tier3_20260729_01,8,active_speaker_candidate_pool_v1,42
7451492743924288784_s0000060418_e0000064606,7451492743924288784,60.418,64.606,4.188,1.0,1.0,11.86,E:\FPTU\PRJ\VN-AV-DF-Capstone\data\01_collect\cut_clips\tier3\1100_1700\media\7451492743924288784_s0000060418_e0000064606.mp4,tier3,1,cuda,nvenc,cutfix_smoke_tier3_20260729_01,9,active_speaker_candidate_pool_v1,42
7576975736876092680_s0000061666_e0000066270,7576975736876092680,61.666,66.27,4.604,1.0,1.0,36.33,E:\FPTU\PRJ\VN-AV-DF-Capstone\data\01_collect\cut_clips\tier3\1700_2274\media\7576975736876092680_s0000061666_e0000066270.mp4,tier3,1,cuda,nvenc,cutfix_smoke_tier3_20260729_01,10,active_speaker_candidate_pool_v1,42
7635636722012917013_s0000067042_e0000075003,7635636722012917013,67.042,75.003,7.961,1.0,1.0,15.66,E:\FPTU\PRJ\VN-AV-DF-Capstone\data\01_collect\cut_clips\tier3\0_1100\media\7635636722012917013_s0000067042_e0000075003.mp4,tier3,1,cuda,nvenc,cutfix_smoke_tier3_20260729_01,11,active_speaker_candidate_pool_v1,42
7643363030817836309_s0000041858_e0000046942,7643363030817836309,41.858,46.942,5.084,1.0,1.0,6.35,E:\FPTU\PRJ\VN-AV-DF-Capstone\data\01_collect\cut_clips\tier3\1100_1700\media\7643363030817836309_s0000041858_e0000046942.mp4,tier3,1,cuda,nvenc,cutfix_smoke_tier3_20260729_01,12,active_speaker_candidate_pool_v1,42
7626026704678505736_s0000100386_e0000102494,7626026704678505736,100.386,102.494,2.108,1.0,1.0,1.0,E:\FPTU\PRJ\VN-AV-DF-Capstone\data\01_collect\cut_clips\tier3\0_1100\media\7626026704678505736_s0000100386_e0000102494.mp4,tier3,1,cuda,nvenc,cutfix_smoke_tier3_20260729_01,13,active_speaker_candidate_pool_v1,42
7638980684953963796_s0000002562_e0000007934,7638980684953963796,2.562,7.934,5.372,1.0,1.0,11.88,E:\FPTU\PRJ\VN-AV-DF-Capstone\data\01_collect\cut_clips\tier3\1700_2274\media\7638980684953963796_s0000002562_e0000007934.mp4,tier3,1,cuda,nvenc,cutfix_smoke_tier3_20260729_01,14,active_speaker_candidate_pool_v1,42
7634287441553280272_s0000024706_e0000026878,7634287441553280272,24.706,26.878,2.172,1.0,1.0,1.03,E:\FPTU\PRJ\VN-AV-DF-Capstone\data\01_collect\cut_clips\tier3\0_1100\media\7634287441553280272_s0000024706_e0000026878.mp4,tier3,1,cuda,nvenc,cutfix_smoke_tier3_20260729_01,15,active_speaker_candidate_pool_v1,42
7611518886084611336_s0000058914_e0000063914,7611518886084611336,58.914,63.914,5.0,1.0,1.0,12.64,E:\FPTU\PRJ\VN-AV-DF-Capstone\data\01_collect\cut_clips\tier3\1700_2274\media\7611518886084611336_s0000058914_e0000063914.mp4,tier3,1,cuda,nvenc,cutfix_smoke_tier3_20260729_01,16,active_speaker_candidate_pool_v1,42
7646769780569066773_s0000009090_e0000012574,7646769780569066773,9.09,12.574,3.484,1.0,1.0,6.27,E:\FPTU\PRJ\VN-AV-DF-Capstone\data\01_collect\cut_clips\tier3\1700_2274\media\7646769780569066773_s0000009090_e0000012574.mp4,tier3,1,cuda,nvenc,cutfix_smoke_tier3_20260729_01,17,active_speaker_candidate_pool_v1,42
7642545905345760530_s0000000226_e0000005470,7642545905345760530,0.226,5.47,5.244,1.0,1.0,9.87,E:\FPTU\PRJ\VN-AV-DF-Capstone\data\01_collect\cut_clips\tier3\1100_1700\media\7642545905345760530_s0000000226_e0000005470.mp4,tier3,1,cuda,nvenc,cutfix_smoke_tier3_20260729_01,18,active_speaker_candidate_pool_v1,42
7627812132213558548_s0000037282_e0000039358,7627812132213558548,37.282,39.358,2.076,1.0,1.0,-13.66,E:\FPTU\PRJ\VN-AV-DF-Capstone\data\01_collect\cut_clips\tier3\0_1100\media\7627812132213558548_s0000037282_e0000039358.mp4,tier3,1,cuda,nvenc,cutfix_smoke_tier3_20260729_01,19,active_speaker_candidate_pool_v1,42
7524324126174186759_s0000044162_e0000050686,7524324126174186759,44.162,50.686,6.524,1.0,1.0,4.53,E:\FPTU\PRJ\VN-AV-DF-Capstone\data\01_collect\cut_clips\tier3\1100_1700\media\7524324126174186759_s0000044162_e0000050686.mp4,tier3,1,cuda,nvenc,cutfix_smoke_tier3_20260729_01,20,active_speaker_candidate_pool_v1,42
7634157161651637525_s0000055458_e0000057534,7634157161651637525,55.458,57.534,2.076,1.0,1.0,19.57,E:\FPTU\PRJ\VN-AV-DF-Capstone\data\01_collect\cut_clips\tier3\0_1100\media\7634157161651637525_s0000055458_e0000057534.mp4,tier3,1,cuda,nvenc,cutfix_smoke_tier3_20260729_01,21,active_speaker_candidate_pool_v1,42
7607432033320668423_s0000017698_e0000026750,7607432033320668423,17.698,26.75,9.052,1.0,1.0,16.6,E:\FPTU\PRJ\VN-AV-DF-Capstone\data\01_collect\cut_clips\tier3\1700_2274\media\7607432033320668423_s0000017698_e0000026750.mp4,tier3,1,cuda,nvenc,cutfix_smoke_tier3_20260729_01,22,active_speaker_candidate_pool_v1,42
7646775343562493204_s0000096450_e0000099358,7646775343562493204,96.45,99.358,2.908,1.0,1.0,5.12,E:\FPTU\PRJ\VN-AV-DF-Capstone\data\01_collect\cut_clips\tier3\1700_2274\media\7646775343562493204_s0000096450_e0000099358.mp4,tier3,1,cuda,nvenc,cutfix_smoke_tier3_20260729_01,23,active_speaker_candidate_pool_v1,42
7632921713210133781_s0000056770_e0000060734,7632921713210133781,56.77,60.734,3.964,0.75,1.0,9.62,E:\FPTU\PRJ\VN-AV-DF-Capstone\data\01_collect\cut_clips\tier3\0_1100\media\7632921713210133781_s0000056770_e0000060734.mp4,tier3,1,cuda,nvenc,cutfix_smoke_tier3_20260729_01,24,active_speaker_candidate_pool_v1,42
7635636709417372948_s0000011362_e0000014302,7635636709417372948,11.362,14.302,2.94,1.0,1.0,0.62,E:\FPTU\PRJ\VN-AV-DF-Capstone\data\01_collect\cut_clips\tier3\0_1100\media\7635636709417372948_s0000011362_e0000014302.mp4,tier3,1,cuda,nvenc,cutfix_smoke_tier3_20260729_01,25,active_speaker_candidate_pool_v1,42
7630802326223080725_s0000026466_e0000033726,7630802326223080725,26.466,33.726,7.26,1.0,1.0,7.52,E:\FPTU\PRJ\VN-AV-DF-Capstone\data\01_collect\cut_clips\tier3\0_1100\media\7630802326223080725_s0000026466_e0000033726.mp4,tier3,1,cuda,nvenc,cutfix_smoke_tier3_20260729_01,26,active_speaker_candidate_pool_v1,42
7627886990238747922_s0000073730_e0000076158,7627886990238747922,73.73,76.158,2.428,1.0,1.0,12.19,E:\FPTU\PRJ\VN-AV-DF-Capstone\data\01_collect\cut_clips\tier3\0_1100\media\7627886990238747922_s0000073730_e0000076158.mp4,tier3,1,cuda,nvenc,cutfix_smoke_tier3_20260729_01,27,active_speaker_candidate_pool_v1,42
7634463592535903508_s0000059490_e0000063102,7634463592535903508,59.49,63.102,3.612,1.0,1.0,7.64,E:\FPTU\PRJ\VN-AV-DF-Capstone\data\01_collect\cut_clips\tier3\1700_2274\media\7634463592535903508_s0000059490_e0000063102.mp4,tier3,1,cuda,nvenc,cutfix_smoke_tier3_20260729_01,28,active_speaker_candidate_pool_v1,42
7116502393864342810_s0000031458_e0000034686,7116502393864342810,31.458,34.686,3.228,1.0,1.0,6.17,E:\FPTU\PRJ\VN-AV-DF-Capstone\data\01_collect\cut_clips\tier3\1100_1700\media\7116502393864342810_s0000031458_e0000034686.mp4,tier3,1,cuda,nvenc,cutfix_smoke_tier3_20260729_01,29,active_speaker_candidate_pool_v1,42
7636395632336309524_s0000011650_e0000014046,7636395632336309524,11.65,14.046,2.396,1.0,1.0,4.91,E:\FPTU\PRJ\VN-AV-DF-Capstone\data\01_collect\cut_clips\tier3\1700_2274\media\7636395632336309524_s0000011650_e0000014046.mp4,tier3,1,cuda,nvenc,cutfix_smoke_tier3_20260729_01,30,active_speaker_candidate_pool_v1,42
7577352285504769298_s0000008162_e0000011774,7577352285504769298,8.162,11.774,3.612,1.0,1.0,20.58,E:\FPTU\PRJ\VN-AV-DF-Capstone\data\01_collect\cut_clips\tier3\0_1100\media\7577352285504769298_s0000008162_e0000011774.mp4,tier3,1,cuda,nvenc,cutfix_smoke_tier3_20260729_01,31,active_speaker_candidate_pool_v1,42
7471266712847912199_s0000000002_e0000011102,7471266712847912199,0.002,11.102,11.1,1.0,1.0,20.09,E:\FPTU\PRJ\VN-AV-DF-Capstone\data\01_collect\cut_clips\tier3\0_1100\media\7471266712847912199_s0000000002_e0000011102.mp4,tier3,1,cuda,nvenc,cutfix_smoke_tier3_20260729_01,32,active_speaker_candidate_pool_v1,42
7454981145151802642_s0000043042_e0000051454,7454981145151802642,43.042,51.454,8.412,1.0,1.0,15.1,E:\FPTU\PRJ\VN-AV-DF-Capstone\data\01_collect\cut_clips\tier3\1100_1700\media\7454981145151802642_s0000043042_e0000051454.mp4,tier3,1,cuda,nvenc,cutfix_smoke_tier3_20260729_01,33,active_speaker_candidate_pool_v1,42
7641213151983176981_s0000012962_e0000019486,7641213151983176981,12.962,19.486,6.524,1.0,1.0,1.06,E:\FPTU\PRJ\VN-AV-DF-Capstone\data\01_collect\cut_clips\tier3\0_1100\media\7641213151983176981_s0000012962_e0000019486.mp4,tier3,1,cuda,nvenc,cutfix_smoke_tier3_20260729_01,34,active_speaker_candidate_pool_v1,42
7643757476197780744_s0000000000_e0000005000,7643757476197780744,0.0,5.0,5.0,1.0,1.0,20.17,E:\FPTU\PRJ\VN-AV-DF-Capstone\data\01_collect\cut_clips\tier3\1100_1700\media\7643757476197780744_s0000000000_e0000005000.mp4,tier3,1,cuda,nvenc,cutfix_smoke_tier3_20260729_01,35,active_speaker_candidate_pool_v1,42
7522343688182205714_s0000048322_e0000051966,7522343688182205714,48.322,51.966,3.644,1.0,1.0,29.01,E:\FPTU\PRJ\VN-AV-DF-Capstone\data\01_collect\cut_clips\tier3\1100_1700\media\7522343688182205714_s0000048322_e0000051966.mp4,tier3,1,cuda,nvenc,cutfix_smoke_tier3_20260729_01,36,active_speaker_candidate_pool_v1,42
7635529797975805205_s0000003202_e0000005854,7635529797975805205,3.202,5.854,2.652,1.0,1.0,-0.45,E:\FPTU\PRJ\VN-AV-DF-Capstone\data\01_collect\cut_clips\tier3\0_1100\media\7635529797975805205_s0000003202_e0000005854.mp4,tier3,1,cuda,nvenc,cutfix_smoke_tier3_20260729_01,37,active_speaker_candidate_pool_v1,42
7595928104749632776_s0000003554_e0000007774,7595928104749632776,3.554,7.774,4.22,1.0,1.0,8.81,E:\FPTU\PRJ\VN-AV-DF-Capstone\data\01_collect\cut_clips\tier3\1700_2274\media\7595928104749632776_s0000003554_e0000007774.mp4,tier3,1,cuda,nvenc,cutfix_smoke_tier3_20260729_01,38,active_speaker_candidate_pool_v1,42
7606691604618857735_s0000048162_e0000051006,7606691604618857735,48.162,51.006,2.844,1.0,1.0,20.1,E:\FPTU\PRJ\VN-AV-DF-Capstone\data\01_collect\cut_clips\tier3\1700_2274\media\7606691604618857735_s0000048162_e0000051006.mp4,tier3,1,cuda,nvenc,cutfix_smoke_tier3_20260729_01,39,active_speaker_candidate_pool_v1,42
7220387590774541595_s0000017730_e0000019806,7220387590774541595,17.73,19.806,2.076,1.0,1.0,-3.48,E:\FPTU\PRJ\VN-AV-DF-Capstone\data\01_collect\cut_clips\tier3\0_1100\media\7220387590774541595_s0000017730_e0000019806.mp4,tier3,1,cuda,nvenc,cutfix_smoke_tier3_20260729_01,40,active_speaker_candidate_pool_v1,42
7578862191600880914_s0000093090_e0000095166,7578862191600880914,93.09,95.166,2.076,1.0,1.0,9.44,E:\FPTU\PRJ\VN-AV-DF-Capstone\data\01_collect\cut_clips\tier3\1700_2274\media\7578862191600880914_s0000093090_e0000095166.mp4,tier3,1,cuda,nvenc,cutfix_smoke_tier3_20260729_01,41,active_speaker_candidate_pool_v1,42
7520528224686738706_s0000031170_e0000035390,7520528224686738706,31.17,35.39,4.22,1.0,1.0,12.24,E:\FPTU\PRJ\VN-AV-DF-Capstone\data\01_collect\cut_clips\tier3\1100_1700\media\7520528224686738706_s0000031170_e0000035390.mp4,tier3,1,cuda,nvenc,cutfix_smoke_tier3_20260729_01,42,active_speaker_candidate_pool_v1,42
7563976815266548999_s0000009314_e0000011998,7563976815266548999,9.314,11.998,2.684,1.0,1.0,10.86,E:\FPTU\PRJ\VN-AV-DF-Capstone\data\01_collect\cut_clips\tier3\0_1100\media\7563976815266548999_s0000009314_e0000011998.mp4,tier3,1,cuda,nvenc,cutfix_smoke_tier3_20260729_01,43,active_speaker_candidate_pool_v1,42
7483103614760652050_s0000004000_e0000009000,7483103614760652050,4.0,9.0,5.0,1.0,1.0,33.05,E:\FPTU\PRJ\VN-AV-DF-Capstone\data\01_collect\cut_clips\tier3\1100_1700\media\7483103614760652050_s0000004000_e0000009000.mp4,tier3,1,cuda,nvenc,cutfix_smoke_tier3_20260729_01,44,active_speaker_candidate_pool_v1,42
7449214787927428360_s0000004258_e0000013918,7449214787927428360,4.258,13.918,9.66,1.0,1.0,17.39,E:\FPTU\PRJ\VN-AV-DF-Capstone\data\01_collect\cut_clips\tier3\0_1100\media\7449214787927428360_s0000004258_e0000013918.mp4,tier3,1,cuda,nvenc,cutfix_smoke_tier3_20260729_01,45,active_speaker_candidate_pool_v1,42
7554993142534065415_s0000007330_e0000009598,7554993142534065415,7.33,9.598,2.268,1.0,1.0,8.73,E:\FPTU\PRJ\VN-AV-DF-Capstone\data\01_collect\cut_clips\tier3\0_1100\media\7554993142534065415_s0000007330_e0000009598.mp4,tier3,1,cuda,nvenc,cutfix_smoke_tier3_20260729_01,46,active_speaker_candidate_pool_v1,42
7626729679868693778_s0000040130_e0000043806,7626729679868693778,40.13,43.806,3.676,1.0,1.0,9.89,E:\FPTU\PRJ\VN-AV-DF-Capstone\data\01_collect\cut_clips\tier3\1700_2274\media\7626729679868693778_s0000040130_e0000043806.mp4,tier3,1,cuda,nvenc,cutfix_smoke_tier3_20260729_01,47,active_speaker_candidate_pool_v1,42
7633422721866534152_s0000050114_e0000052510,7633422721866534152,50.114,52.51,2.396,1.0,1.0,4.08,E:\FPTU\PRJ\VN-AV-DF-Capstone\data\01_collect\cut_clips\tier3\1700_2274\media\7633422721866534152_s0000050114_e0000052510.mp4,tier3,1,cuda,nvenc,cutfix_smoke_tier3_20260729_01,48,active_speaker_candidate_pool_v1,42
7526923187595054343_s0000008610_e0000012606,7526923187595054343,8.61,12.606,3.996,0.75,1.0,1.79,E:\FPTU\PRJ\VN-AV-DF-Capstone\data\01_collect\cut_clips\tier3\1100_1700\media\7526923187595054343_s0000008610_e0000012606.mp4,tier3,1,cuda,nvenc,cutfix_smoke_tier3_20260729_01,49,active_speaker_candidate_pool_v1,42
7463352698142821649_s0000012000_e0000017000,7463352698142821649,12.0,17.0,5.0,1.0,1.0,15.82,E:\FPTU\PRJ\VN-AV-DF-Capstone\data\01_collect\cut_clips\tier3\1100_1700\media\7463352698142821649_s0000012000_e0000017000.mp4,tier3,1,cuda,nvenc,cutfix_smoke_tier3_20260729_01,50,active_speaker_candidate_pool_v1,42
7621544300253383954_s0000017410_e0000019678,7621544300253383954,17.41,19.678,2.268,1.0,1.0,11.02,E:\FPTU\PRJ\VN-AV-DF-Capstone\data\01_collect\cut_clips\tier3\1700_2274\media\7621544300253383954_s0000017410_e0000019678.mp4,tier3,1,cuda,nvenc,cutfix_smoke_tier3_20260729_01,51,active_speaker_candidate_pool_v1,42
7621538872991698194_s0000034658_e0000037630,7621538872991698194,34.658,37.63,2.972,1.0,1.0,8.74,E:\FPTU\PRJ\VN-AV-DF-Capstone\data\01_collect\cut_clips\tier3\1700_2274\media\7621538872991698194_s0000034658_e0000037630.mp4,tier3,1,cuda,nvenc,cutfix_smoke_tier3_20260729_01,52,active_speaker_candidate_pool_v1,42
7614482942009855250_s0000055330_e0000057950,7614482942009855250,55.33,57.95,2.62,1.0,1.0,12.97,E:\FPTU\PRJ\VN-AV-DF-Capstone\data\01_collect\cut_clips\tier3\1700_2274\media\7614482942009855250_s0000055330_e0000057950.mp4,tier3,1,cuda,nvenc,cutfix_smoke_tier3_20260729_01,53,active_speaker_candidate_pool_v1,42
7522341415498599688_s0000013698_e0000016478,7522341415498599688,13.698,16.478,2.78,1.0,1.0,29.22,E:\FPTU\PRJ\VN-AV-DF-Capstone\data\01_collect\cut_clips\tier3\1100_1700\media\7522341415498599688_s0000013698_e0000016478.mp4,tier3,1,cuda,nvenc,cutfix_smoke_tier3_20260729_01,54,active_speaker_candidate_pool_v1,42
7642311318145404167_s0000019874_e0000024874,7642311318145404167,19.874,24.874,5.0,1.0,1.0,5.2,E:\FPTU\PRJ\VN-AV-DF-Capstone\data\01_collect\cut_clips\tier3\1100_1700\media\7642311318145404167_s0000019874_e0000024874.mp4,tier3,1,cuda,nvenc,cutfix_smoke_tier3_20260729_01,55,active_speaker_candidate_pool_v1,42
7643367990469119252_s0000000162_e0000002526,7643367990469119252,0.162,2.526,2.364,1.0,1.0,29.08,E:\FPTU\PRJ\VN-AV-DF-Capstone\data\01_collect\cut_clips\tier3\1100_1700\media\7643367990469119252_s0000000162_e0000002526.mp4,tier3,1,cuda,nvenc,cutfix_smoke_tier3_20260729_01,56,active_speaker_candidate_pool_v1,42
7633306429578841351_s0000033218_e0000035486,7633306429578841351,33.218,35.486,2.268,1.0,1.0,12.65,E:\FPTU\PRJ\VN-AV-DF-Capstone\data\01_collect\cut_clips\tier3\0_1100\media\7633306429578841351_s0000033218_e0000035486.mp4,tier3,1,cuda,nvenc,cutfix_smoke_tier3_20260729_01,57,active_speaker_candidate_pool_v1,42
7638596363885874452_s0000002466_e0000005566,7638596363885874452,2.466,5.566,3.1,1.0,1.0,5.75,E:\FPTU\PRJ\VN-AV-DF-Capstone\data\01_collect\cut_clips\tier3\0_1100\media\7638596363885874452_s0000002466_e0000005566.mp4,tier3,1,cuda,nvenc,cutfix_smoke_tier3_20260729_01,58,active_speaker_candidate_pool_v1,42
7519348589521456391_s0000038466_e0000041662,7519348589521456391,38.466,41.662,3.196,1.0,1.0,28.8,E:\FPTU\PRJ\VN-AV-DF-Capstone\data\01_collect\cut_clips\tier3\1100_1700\media\7519348589521456391_s0000038466_e0000041662.mp4,tier3,1,cuda,nvenc,cutfix_smoke_tier3_20260729_01,59,active_speaker_candidate_pool_v1,42
7641528931933375751_s0000000098_e0000005054,7641528931933375751,0.098,5.054,4.956,1.0,1.0,23.05,E:\FPTU\PRJ\VN-AV-DF-Capstone\data\01_collect\cut_clips\tier3\1100_1700\media\7641528931933375751_s0000000098_e0000005054.mp4,tier3,1,cuda,nvenc,cutfix_smoke_tier3_20260729_01,60,active_speaker_candidate_pool_v1,42
7643756942606863624_s0000020834_e0000023358,7643756942606863624,20.834,23.358,2.524,1.0,1.0,11.56,E:\FPTU\PRJ\VN-AV-DF-Capstone\data\01_collect\cut_clips\tier3\1100_1700\media\7643756942606863624_s0000020834_e0000023358.mp4,tier3,1,cuda,nvenc,cutfix_smoke_tier3_20260729_01,61,active_speaker_candidate_pool_v1,42
7514968352666832144_s0000027810_e0000032810,7514968352666832144,27.81,32.81,5.0,1.0,1.0,9.26,E:\FPTU\PRJ\VN-AV-DF-Capstone\data\01_collect\cut_clips\tier3\1100_1700\media\7514968352666832144_s0000027810_e0000032810.mp4,tier3,1,cuda,nvenc,cutfix_smoke_tier3_20260729_01,62,active_speaker_candidate_pool_v1,42
7584054283671244050_s0000026210_e0000030750,7584054283671244050,26.21,30.75,4.54,1.0,1.0,17.48,E:\FPTU\PRJ\VN-AV-DF-Capstone\data\01_collect\cut_clips\tier3\1700_2274\media\7584054283671244050_s0000026210_e0000030750.mp4,tier3,1,cuda,nvenc,cutfix_smoke_tier3_20260729_01,63,active_speaker_candidate_pool_v1,42
7426769462960868616_s0000000002_e0000005214,7426769462960868616,0.002,5.214,5.212,1.0,1.0,13.65,E:\FPTU\PRJ\VN-AV-DF-Capstone\data\01_collect\cut_clips\tier3\1100_1700\media\7426769462960868616_s0000000002_e0000005214.mp4,tier3,1,cuda,nvenc,cutfix_smoke_tier3_20260729_01,64,active_speaker_candidate_pool_v1,42
7505381242372689160_s0000000098_e0000002142,7505381242372689160,0.098,2.142,2.044,1.0,1.0,28.52,E:\FPTU\PRJ\VN-AV-DF-Capstone\data\01_collect\cut_clips\tier3\0_1100\media\7505381242372689160_s0000000098_e0000002142.mp4,tier3,1,cuda,nvenc,cutfix_smoke_tier3_20260729_01,65,active_speaker_candidate_pool_v1,42
7649002997065829653_s0000012194_e0000014878,7649002997065829653,12.194,14.878,2.684,1.0,1.0,19.23,E:\FPTU\PRJ\VN-AV-DF-Capstone\data\01_collect\cut_clips\tier3\1700_2274\media\7649002997065829653_s0000012194_e0000014878.mp4,tier3,1,cuda,nvenc,cutfix_smoke_tier3_20260729_01,66,active_speaker_candidate_pool_v1,42
7636009635937357077_s0000099202_e0000101566,7636009635937357077,99.202,101.566,2.364,1.0,1.0,2.66,E:\FPTU\PRJ\VN-AV-DF-Capstone\data\01_collect\cut_clips\tier3\1700_2274\media\7636009635937357077_s0000099202_e0000101566.mp4,tier3,1,cuda,nvenc,cutfix_smoke_tier3_20260729_01,67,active_speaker_candidate_pool_v1,42
7617083587736849671_s0000021794_e0000026794,7617083587736849671,21.794,26.794,5.0,1.0,1.0,-0.41,E:\FPTU\PRJ\VN-AV-DF-Capstone\data\01_collect\cut_clips\tier3\1700_2274\media\7617083587736849671_s0000021794_e0000026794.mp4,tier3,1,cuda,nvenc,cutfix_smoke_tier3_20260729_01,68,active_speaker_candidate_pool_v1,42
7624873291727015176_s0000019042_e0000023486,7624873291727015176,19.042,23.486,4.444,1.0,1.0,7.46,E:\FPTU\PRJ\VN-AV-DF-Capstone\data\01_collect\cut_clips\tier3\1700_2274\media\7624873291727015176_s0000019042_e0000023486.mp4,tier3,1,cuda,nvenc,cutfix_smoke_tier3_20260729_01,69,active_speaker_candidate_pool_v1,42
7621534619510312209_s0000004610_e0000009278,7621534619510312209,4.61,9.278,4.668,1.0,1.0,3.54,E:\FPTU\PRJ\VN-AV-DF-Capstone\data\01_collect\cut_clips\tier3\0_1100\media\7621534619510312209_s0000004610_e0000009278.mp4,tier3,1,cuda,nvenc,cutfix_smoke_tier3_20260729_01,70,active_speaker_candidate_pool_v1,42
7510252921666227464_s0000053314_e0000062814,7510252921666227464,53.314,62.814,9.5,1.0,1.0,18.6,E:\FPTU\PRJ\VN-AV-DF-Capstone\data\01_collect\cut_clips\tier3\1100_1700\media\7510252921666227464_s0000053314_e0000062814.mp4,tier3,1,cuda,nvenc,cutfix_smoke_tier3_20260729_01,71,active_speaker_candidate_pool_v1,42
7637490771456707861_s0000047714_e0000051550,7637490771456707861,47.714,51.55,3.836,1.0,1.0,12.35,E:\FPTU\PRJ\VN-AV-DF-Capstone\data\01_collect\cut_clips\tier3\0_1100\media\7637490771456707861_s0000047714_e0000051550.mp4,tier3,1,cuda,nvenc,cutfix_smoke_tier3_20260729_01,72,active_speaker_candidate_pool_v1,42
7457148801543965960_s0000024290_e0000026494,7457148801543965960,24.29,26.494,2.204,1.0,1.0,-1.51,E:\FPTU\PRJ\VN-AV-DF-Capstone\data\01_collect\cut_clips\tier3\1100_1700\media\7457148801543965960_s0000024290_e0000026494.mp4,tier3,1,cuda,nvenc,cutfix_smoke_tier3_20260729_01,73,active_speaker_candidate_pool_v1,42
7065663763382324507_s0000080770_e0000083102,7065663763382324507,80.77,83.102,2.332,1.0,1.0,5.83,E:\FPTU\PRJ\VN-AV-DF-Capstone\data\01_collect\cut_clips\tier3\1100_1700\media\7065663763382324507_s0000080770_e0000083102.mp4,tier3,1,cuda,nvenc,cutfix_smoke_tier3_20260729_01,74,active_speaker_candidate_pool_v1,42
7522085096581565714_s0000127234_e0000129758,7522085096581565714,127.234,129.758,2.524,1.0,1.0,-1.66,E:\FPTU\PRJ\VN-AV-DF-Capstone\data\01_collect\cut_clips\tier3\0_1100\media\7522085096581565714_s0000127234_e0000129758.mp4,tier3,1,cuda,nvenc,cutfix_smoke_tier3_20260729_01,75,active_speaker_candidate_pool_v1,42
7535440262722571528_s0000017218_e0000019742,7535440262722571528,17.218,19.742,2.524,1.0,1.0,-2.86,E:\FPTU\PRJ\VN-AV-DF-Capstone\data\01_collect\cut_clips\tier3\0_1100\media\7535440262722571528_s0000017218_e0000019742.mp4,tier3,1,cuda,nvenc,cutfix_smoke_tier3_20260729_01,76,active_speaker_candidate_pool_v1,42
7637108471887940871_s0000059266_e0000062430,7637108471887940871,59.266,62.43,3.164,1.0,1.0,7.64,E:\FPTU\PRJ\VN-AV-DF-Capstone\data\01_collect\cut_clips\tier3\0_1100\media\7637108471887940871_s0000059266_e0000062430.mp4,tier3,1,cuda,nvenc,cutfix_smoke_tier3_20260729_01,77,active_speaker_candidate_pool_v1,42
7642941596580990216_s0000000962_e0000005694,7642941596580990216,0.962,5.694,4.732,1.0,1.0,7.97,E:\FPTU\PRJ\VN-AV-DF-Capstone\data\01_collect\cut_clips\tier3\1100_1700\media\7642941596580990216_s0000000962_e0000005694.mp4,tier3,1,cuda,nvenc,cutfix_smoke_tier3_20260729_01,78,active_speaker_candidate_pool_v1,42
7597416445324086536_s0000031202_e0000034302,7597416445324086536,31.202,34.302,3.1,1.0,1.0,10.88,E:\FPTU\PRJ\VN-AV-DF-Capstone\data\01_collect\cut_clips\tier3\1700_2274\media\7597416445324086536_s0000031202_e0000034302.mp4,tier3,1,cuda,nvenc,cutfix_smoke_tier3_20260729_01,79,active_speaker_candidate_pool_v1,42
7483514296899489042_s0000046498_e0000048638,7483514296899489042,46.498,48.638,2.14,1.0,1.0,8.45,E:\FPTU\PRJ\VN-AV-DF-Capstone\data\01_collect\cut_clips\tier3\1100_1700\media\7483514296899489042_s0000046498_e0000048638.mp4,tier3,1,cuda,nvenc,cutfix_smoke_tier3_20260729_01,80,active_speaker_candidate_pool_v1,42
7642188717423103239_s0000046850_e0000049086,7642188717423103239,46.85,49.086,2.236,1.0,1.0,17.34,E:\FPTU\PRJ\VN-AV-DF-Capstone\data\01_collect\cut_clips\tier3\1100_1700\media\7642188717423103239_s0000046850_e0000049086.mp4,tier3,1,cuda,nvenc,cutfix_smoke_tier3_20260729_01,81,active_speaker_candidate_pool_v1,42
7509011603900140808_s0000007010_e0000009310,7509011603900140808,7.01,9.31,2.3,1.0,1.0,6.7,E:\FPTU\PRJ\VN-AV-DF-Capstone\data\01_collect\cut_clips\tier3\0_1100\media\7509011603900140808_s0000007010_e0000009310.mp4,tier3,1,cuda,nvenc,cutfix_smoke_tier3_20260729_01,82,active_speaker_candidate_pool_v1,42
7605981118713679122_s0000099938_e0000103742,7605981118713679122,99.938,103.742,3.804,1.0,1.0,13.8,E:\FPTU\PRJ\VN-AV-DF-Capstone\data\01_collect\cut_clips\tier3\0_1100\media\7605981118713679122_s0000099938_e0000103742.mp4,tier3,1,cuda,nvenc,cutfix_smoke_tier3_20260729_01,83,active_speaker_candidate_pool_v1,42
7619182587050757396_s0000054978_e0000060894,7619182587050757396,54.978,60.894,5.916,1.0,1.0,0.76,E:\FPTU\PRJ\VN-AV-DF-Capstone\data\01_collect\cut_clips\tier3\1700_2274\media\7619182587050757396_s0000054978_e0000060894.mp4,tier3,1,cuda,nvenc,cutfix_smoke_tier3_20260729_01,84,active_speaker_candidate_pool_v1,42
7645304896715066632_s0000012834_e0000016254,7645304896715066632,12.834,16.254,3.42,1.0,1.0,8.26,E:\FPTU\PRJ\VN-AV-DF-Capstone\data\01_collect\cut_clips\tier3\1700_2274\media\7645304896715066632_s0000012834_e0000016254.mp4,tier3,1,cuda,nvenc,cutfix_smoke_tier3_20260729_01,85,active_speaker_candidate_pool_v1,42
7640179895137602836_s0000063682_e0000065694,7640179895137602836,63.682,65.694,2.012,1.0,1.0,29.71,E:\FPTU\PRJ\VN-AV-DF-Capstone\data\01_collect\cut_clips\tier3\0_1100\media\7640179895137602836_s0000063682_e0000065694.mp4,tier3,1,cuda,nvenc,cutfix_smoke_tier3_20260729_01,86,active_speaker_candidate_pool_v1,42
7645188538098666772_s0000052546_e0000055230,7645188538098666772,52.546,55.23,2.684,1.0,1.0,7.33,E:\FPTU\PRJ\VN-AV-DF-Capstone\data\01_collect\cut_clips\tier3\1700_2274\media\7645188538098666772_s0000052546_e0000055230.mp4,tier3,1,cuda,nvenc,cutfix_smoke_tier3_20260729_01,87,active_speaker_candidate_pool_v1,42
7573305399902833928_s0000021570_e0000023774,7573305399902833928,21.57,23.774,2.204,1.0,1.0,6.05,E:\FPTU\PRJ\VN-AV-DF-Capstone\data\01_collect\cut_clips\tier3\0_1100\media\7573305399902833928_s0000021570_e0000023774.mp4,tier3,1,cuda,nvenc,cutfix_smoke_tier3_20260729_01,88,active_speaker_candidate_pool_v1,42
7632717148359576852_s0000054754_e0000057534,7632717148359576852,54.754,57.534,2.78,1.0,1.0,11.73,E:\FPTU\PRJ\VN-AV-DF-Capstone\data\01_collect\cut_clips\tier3\0_1100\media\7632717148359576852_s0000054754_e0000057534.mp4,tier3,1,cuda,nvenc,cutfix_smoke_tier3_20260729_01,89,active_speaker_candidate_pool_v1,42
7608167824036498706_s0000000002_e0000008222,7608167824036498706,0.002,8.222,8.22,1.0,1.0,12.5,E:\FPTU\PRJ\VN-AV-DF-Capstone\data\01_collect\cut_clips\tier3\1700_2274\media\7608167824036498706_s0000000002_e0000008222.mp4,tier3,1,cuda,nvenc,cutfix_smoke_tier3_20260729_01,90,active_speaker_candidate_pool_v1,42
7558443454905191688_s0000007810_e0000010270,7558443454905191688,7.81,10.27,2.46,1.0,1.0,2.9,E:\FPTU\PRJ\VN-AV-DF-Capstone\data\01_collect\cut_clips\tier3\0_1100\media\7558443454905191688_s0000007810_e0000010270.mp4,tier3,1,cuda,nvenc,cutfix_smoke_tier3_20260729_01,91,active_speaker_candidate_pool_v1,42
7648953455427538197_s0000082114_e0000086014,7648953455427538197,82.114,86.014,3.9,1.0,1.0,-6.28,E:\FPTU\PRJ\VN-AV-DF-Capstone\data\01_collect\cut_clips\tier3\1700_2274\media\7648953455427538197_s0000082114_e0000086014.mp4,tier3,1,cuda,nvenc,cutfix_smoke_tier3_20260729_01,92,active_speaker_candidate_pool_v1,42
7556579773883911431_s0000026850_e0000029022,7556579773883911431,26.85,29.022,2.172,1.0,1.0,2.1,E:\FPTU\PRJ\VN-AV-DF-Capstone\data\01_collect\cut_clips\tier3\0_1100\media\7556579773883911431_s0000026850_e0000029022.mp4,tier3,1,cuda,nvenc,cutfix_smoke_tier3_20260729_01,93,active_speaker_candidate_pool_v1,42
7638596373872446741_s0000006274_e0000008862,7638596373872446741,6.274,8.862,2.588,1.0,1.0,-0.59,E:\FPTU\PRJ\VN-AV-DF-Capstone\data\01_collect\cut_clips\tier3\0_1100\media\7638596373872446741_s0000006274_e0000008862.mp4,tier3,1,cuda,nvenc,cutfix_smoke_tier3_20260729_01,94,active_speaker_candidate_pool_v1,42
7605583334139284757_s0000070018_e0000073278,7605583334139284757,70.018,73.278,3.26,1.0,1.0,7.18,E:\FPTU\PRJ\VN-AV-DF-Capstone\data\01_collect\cut_clips\tier3\1700_2274\media\7605583334139284757_s0000070018_e0000073278.mp4,tier3,1,cuda,nvenc,cutfix_smoke_tier3_20260729_01,95,active_speaker_candidate_pool_v1,42
7634060087220538645_s0000080450_e0000083646,7634060087220538645,80.45,83.646,3.196,1.0,1.0,3.64,E:\FPTU\PRJ\VN-AV-DF-Capstone\data\01_collect\cut_clips\tier3\0_1100\media\7634060087220538645_s0000080450_e0000083646.mp4,tier3,1,cuda,nvenc,cutfix_smoke_tier3_20260729_01,96,active_speaker_candidate_pool_v1,42
7444539907227405586_s0000022114_e0000024926,7444539907227405586,22.114,24.926,2.812,1.0,1.0,8.78,E:\FPTU\PRJ\VN-AV-DF-Capstone\data\01_collect\cut_clips\tier3\1100_1700\media\7444539907227405586_s0000022114_e0000024926.mp4,tier3,1,cuda,nvenc,cutfix_smoke_tier3_20260729_01,97,active_speaker_candidate_pool_v1,42
7152849423326809371_s0000046370_e0000054206,7152849423326809371,46.37,54.206,7.836,0.875,1.0,3.03,E:\FPTU\PRJ\VN-AV-DF-Capstone\data\01_collect\cut_clips\tier3\1100_1700\media\7152849423326809371_s0000046370_e0000054206.mp4,tier3,1,cuda,nvenc,cutfix_smoke_tier3_20260729_01,98,active_speaker_candidate_pool_v1,42
7494634872816848136_s0000063522_e0000067518,7494634872816848136,63.522,67.518,3.996,1.0,1.0,-3.57,E:\FPTU\PRJ\VN-AV-DF-Capstone\data\01_collect\cut_clips\tier3\1100_1700\media\7494634872816848136_s0000063522_e0000067518.mp4,tier3,1,cuda,nvenc,cutfix_smoke_tier3_20260729_01,99,active_speaker_candidate_pool_v1,42
7652351819728899349_s0000009186_e0000011838,7652351819728899349,9.186,11.838,2.652,1.0,1.0,8.67,E:\FPTU\PRJ\VN-AV-DF-Capstone\data\01_collect\cut_clips\tier3\1700_2274\media\7652351819728899349_s0000009186_e0000011838.mp4,tier3,1,cuda,nvenc,cutfix_smoke_tier3_20260729_01,100,active_speaker_candidate_pool_v1,42
7627490119154421010_s0000000002_e0000005002,7627490119154421010,0.002,5.002,5.0,1.0,1.0,-7.7,E:\FPTU\PRJ\VN-AV-DF-Capstone\data\01_collect\cut_clips\tier3\1700_2274\media\7627490119154421010_s0000000002_e0000005002.mp4,tier3,1,cuda,nvenc,cutfix_smoke_tier3_20260729_01,101,active_speaker_candidate_pool_v1,42
7635143935454612757_s0000103074_e0000107902,7635143935454612757,103.074,107.902,4.828,1.0,1.0,0.96,E:\FPTU\PRJ\VN-AV-DF-Capstone\data\01_collect\cut_clips\tier3\1700_2274\media\7635143935454612757_s0000103074_e0000107902.mp4,tier3,1,cuda,nvenc,cutfix_smoke_tier3_20260729_01,102,active_speaker_candidate_pool_v1,42
7549909835895147783_s0000002946_e0000008574,7549909835895147783,2.946,8.574,5.628,1.0,1.0,-1.83,E:\FPTU\PRJ\VN-AV-DF-Capstone\data\01_collect\cut_clips\tier3\0_1100\media\7549909835895147783_s0000002946_e0000008574.mp4,tier3,1,cuda,nvenc,cutfix_smoke_tier3_20260729_01,103,active_speaker_candidate_pool_v1,42
7638518699896343824_s0000085570_e0000089118,7638518699896343824,85.57,89.118,3.548,0.75,1.0,2.11,E:\FPTU\PRJ\VN-AV-DF-Capstone\data\01_collect\cut_clips\tier3\0_1100\media\7638518699896343824_s0000085570_e0000089118.mp4,tier3,1,cuda,nvenc,cutfix_smoke_tier3_20260729_01,104,active_speaker_candidate_pool_v1,42
7607498569980939536_s0000000000_e0000002174,7607498569980939536,0.0,2.174,2.174,1.0,1.0,17.53,E:\FPTU\PRJ\VN-AV-DF-Capstone\data\01_collect\cut_clips\tier3\1700_2274\media\7607498569980939536_s0000000000_e0000002174.mp4,tier3,1,cuda,nvenc,cutfix_smoke_tier3_20260729_01,105,active_speaker_candidate_pool_v1,42
7472215662635601159_s0000040962_e0000044254,7472215662635601159,40.962,44.254,3.292,1.0,1.0,14.4,E:\FPTU\PRJ\VN-AV-DF-Capstone\data\01_collect\cut_clips\tier3\1100_1700\media\7472215662635601159_s0000040962_e0000044254.mp4,tier3,1,cuda,nvenc,cutfix_smoke_tier3_20260729_01,106,active_speaker_candidate_pool_v1,42
7649312736303713557_s0000030082_e0000032670,7649312736303713557,30.082,32.67,2.588,1.0,1.0,-0.78,E:\FPTU\PRJ\VN-AV-DF-Capstone\data\01_collect\cut_clips\tier3\1700_2274\media\7649312736303713557_s0000030082_e0000032670.mp4,tier3,1,cuda,nvenc,cutfix_smoke_tier3_20260729_01,107,active_speaker_candidate_pool_v1,42
7610406409334738194_s0000008354_e0000010494,7610406409334738194,8.354,10.494,2.14,1.0,1.0,0.63,E:\FPTU\PRJ\VN-AV-DF-Capstone\data\01_collect\cut_clips\tier3\1700_2274\media\7610406409334738194_s0000008354_e0000010494.mp4,tier3,1,cuda,nvenc,cutfix_smoke_tier3_20260729_01,108,active_speaker_candidate_pool_v1,42
7518596256868896018_s0000003010_e0000010654,7518596256868896018,3.01,10.654,7.644,1.0,1.0,0.07,E:\FPTU\PRJ\VN-AV-DF-Capstone\data\01_collect\cut_clips\tier3\0_1100\media\7518596256868896018_s0000003010_e0000010654.mp4,tier3,1,cuda,nvenc,cutfix_smoke_tier3_20260729_01,109,active_speaker_candidate_pool_v1,42
7472219282072472840_s0000000000_e0000005000,7472219282072472840,0.0,5.0,5.0,1.0,1.0,16.62,E:\FPTU\PRJ\VN-AV-DF-Capstone\data\01_collect\cut_clips\tier3\1100_1700\media\7472219282072472840_s0000000000_e0000005000.mp4,tier3,1,cuda,nvenc,cutfix_smoke_tier3_20260729_01,110,active_speaker_candidate_pool_v1,42
7590733188876586258_s0000000034_e0000008606,7590733188876586258,0.034,8.606,8.572,1.0,1.0,8.37,E:\FPTU\PRJ\VN-AV-DF-Capstone\data\01_collect\cut_clips\tier3\1700_2274\media\7590733188876586258_s0000000034_e0000008606.mp4,tier3,1,cuda,nvenc,cutfix_smoke_tier3_20260729_01,111,active_speaker_candidate_pool_v1,42
7640360696777166100_s0000059554_e0000064766,7640360696777166100,59.554,64.766,5.212,1.0,1.0,22.44,E:\FPTU\PRJ\VN-AV-DF-Capstone\data\01_collect\cut_clips\tier3\0_1100\media\7640360696777166100_s0000059554_e0000064766.mp4,tier3,1,cuda,nvenc,cutfix_smoke_tier3_20260729_01,112,active_speaker_candidate_pool_v1,42
7621838405000875265_s0000044674_e0000050558,7621838405000875265,44.674,50.558,5.884,1.0,1.0,20.81,E:\FPTU\PRJ\VN-AV-DF-Capstone\data\01_collect\cut_clips\tier3\1700_2274\media\7621838405000875265_s0000044674_e0000050558.mp4,tier3,1,cuda,nvenc,cutfix_smoke_tier3_20260729_01,113,active_speaker_candidate_pool_v1,42
7502862987825368328_s0000029762_e0000034762,7502862987825368328,29.762,34.762,5.0,1.0,1.0,10.85,E:\FPTU\PRJ\VN-AV-DF-Capstone\data\01_collect\cut_clips\tier3\1100_1700\media\7502862987825368328_s0000029762_e0000034762.mp4,tier3,1,cuda,nvenc,cutfix_smoke_tier3_20260729_01,114,active_speaker_candidate_pool_v1,42
7635520940717395221_s0000063458_e0000065758,7635520940717395221,63.458,65.758,2.3,1.0,1.0,11.1,E:\FPTU\PRJ\VN-AV-DF-Capstone\data\01_collect\cut_clips\tier3\0_1100\media\7635520940717395221_s0000063458_e0000065758.mp4,tier3,1,cuda,nvenc,cutfix_smoke_tier3_20260729_01,115,active_speaker_candidate_pool_v1,42
7588514814058712328_s0000006562_e0000008830,7588514814058712328,6.562,8.83,2.268,1.0,1.0,9.26,E:\FPTU\PRJ\VN-AV-DF-Capstone\data\01_collect\cut_clips\tier3\1700_2274\media\7588514814058712328_s0000006562_e0000008830.mp4,tier3,1,cuda,nvenc,cutfix_smoke_tier3_20260729_01,116,active_speaker_candidate_pool_v1,42
7522344520395246866_s0000000002_e0000003870,7522344520395246866,0.002,3.87,3.868,1.0,1.0,36.14,E:\FPTU\PRJ\VN-AV-DF-Capstone\data\01_collect\cut_clips\tier3\1100_1700\media\7522344520395246866_s0000000002_e0000003870.mp4,tier3,1,cuda,nvenc,cutfix_smoke_tier3_20260729_01,117,active_speaker_candidate_pool_v1,42
7636754551378382098_s0000045410_e0000048030,7636754551378382098,45.41,48.03,2.62,1.0,1.0,4.64,E:\FPTU\PRJ\VN-AV-DF-Capstone\data\01_collect\cut_clips\tier3\1700_2274\media\7636754551378382098_s0000045410_e0000048030.mp4,tier3,1,cuda,nvenc,cutfix_smoke_tier3_20260729_01,118,active_speaker_candidate_pool_v1,42
7622276149720141063_s0000013250_e0000015998,7622276149720141063,13.25,15.998,2.748,1.0,1.0,14.19,E:\FPTU\PRJ\VN-AV-DF-Capstone\data\01_collect\cut_clips\tier3\1700_2274\media\7622276149720141063_s0000013250_e0000015998.mp4,tier3,1,cuda,nvenc,cutfix_smoke_tier3_20260729_01,119,active_speaker_candidate_pool_v1,42
7582834891000253704_s0000030306_e0000032350,7582834891000253704,30.306,32.35,2.044,1.0,1.0,7.57,E:\FPTU\PRJ\VN-AV-DF-Capstone\data\01_collect\cut_clips\tier3\0_1100\media\7582834891000253704_s0000030306_e0000032350.mp4,tier3,1,cuda,nvenc,cutfix_smoke_tier3_20260729_01,120,active_speaker_candidate_pool_v1,42
7627105074573184276_s0000032802_e0000035422,7627105074573184276,32.802,35.422,2.62,1.0,1.0,8.12,E:\FPTU\PRJ\VN-AV-DF-Capstone\data\01_collect\cut_clips\tier3\1700_2274\media\7627105074573184276_s0000032802_e0000035422.mp4,tier3,1,cuda,nvenc,cutfix_smoke_tier3_20260729_01,121,active_speaker_candidate_pool_v1,42
7620799628447141140_s0000026338_e0000028478,7620799628447141140,26.338,28.478,2.14,1.0,1.0,-0.55,E:\FPTU\PRJ\VN-AV-DF-Capstone\data\01_collect\cut_clips\tier3\1700_2274\media\7620799628447141140_s0000026338_e0000028478.mp4,tier3,1,cuda,nvenc,cutfix_smoke_tier3_20260729_01,122,active_speaker_candidate_pool_v1,42
7651971580729249044_s0000000834_e0000008862,7651971580729249044,0.834,8.862,8.028,1.0,1.0,-0.49,E:\FPTU\PRJ\VN-AV-DF-Capstone\data\01_collect\cut_clips\tier3\1700_2274\media\7651971580729249044_s0000000834_e0000008862.mp4,tier3,1,cuda,nvenc,cutfix_smoke_tier3_20260729_01,123,active_speaker_candidate_pool_v1,42
7639730945892896021_s0000078690_e0000081054,7639730945892896021,78.69,81.054,2.364,1.0,1.0,12.47,E:\FPTU\PRJ\VN-AV-DF-Capstone\data\01_collect\cut_clips\tier3\1700_2274\media\7639730945892896021_s0000078690_e0000081054.mp4,tier3,1,cuda,nvenc,cutfix_smoke_tier3_20260729_01,124,active_speaker_candidate_pool_v1,42
7631099206593154325_s0000049634_e0000052510,7631099206593154325,49.634,52.51,2.876,1.0,1.0,10.19,E:\FPTU\PRJ\VN-AV-DF-Capstone\data\01_collect\cut_clips\tier3\0_1100\media\7631099206593154325_s0000049634_e0000052510.mp4,tier3,1,cuda,nvenc,cutfix_smoke_tier3_20260729_01,125,active_speaker_candidate_pool_v1,42
7053750218742861082_s0000003490_e0000005758,7053750218742861082,3.49,5.758,2.268,1.0,1.0,14.14,E:\FPTU\PRJ\VN-AV-DF-Capstone\data\01_collect\cut_clips\tier3\1100_1700\media\7053750218742861082_s0000003490_e0000005758.mp4,tier3,1,cuda,nvenc,cutfix_smoke_tier3_20260729_01,126,active_speaker_candidate_pool_v1,42
7630081843185995028_s0000002306_e0000004318,7630081843185995028,2.306,4.318,2.012,1.0,1.0,-4.08,E:\FPTU\PRJ\VN-AV-DF-Capstone\data\01_collect\cut_clips\tier3\0_1100\media\7630081843185995028_s0000002306_e0000004318.mp4,tier3,1,cuda,nvenc,cutfix_smoke_tier3_20260729_01,127,active_speaker_candidate_pool_v1,42
7642717198158531860_s0000061730_e0000065982,7642717198158531860,61.73,65.982,4.252,1.0,1.0,11.54,E:\FPTU\PRJ\VN-AV-DF-Capstone\data\01_collect\cut_clips\tier3\1100_1700\media\7642717198158531860_s0000061730_e0000065982.mp4,tier3,1,cuda,nvenc,cutfix_smoke_tier3_20260729_01,128,active_speaker_candidate_pool_v1,42
7643041561009196306_s0000042338_e0000047338,7643041561009196306,42.338,47.338,5.0,1.0,1.0,3.48,E:\FPTU\PRJ\VN-AV-DF-Capstone\data\01_collect\cut_clips\tier3\1700_2274\media\7643041561009196306_s0000042338_e0000047338.mp4,tier3,1,cuda,nvenc,cutfix_smoke_tier3_20260729_01,129,active_speaker_candidate_pool_v1,42
7647398710774697237_s0000089634_e0000094634,7647398710774697237,89.634,94.634,5.0,1.0,1.0,0.5,E:\FPTU\PRJ\VN-AV-DF-Capstone\data\01_collect\cut_clips\tier3\1700_2274\media\7647398710774697237_s0000089634_e0000094634.mp4,tier3,1,cuda,nvenc,cutfix_smoke_tier3_20260729_01,130,active_speaker_candidate_pool_v1,42
7605575725801803029_s0000048962_e0000053962,7605575725801803029,48.962,53.962,5.0,1.0,1.0,-0.77,E:\FPTU\PRJ\VN-AV-DF-Capstone\data\01_collect\cut_clips\tier3\1700_2274\media\7605575725801803029_s0000048962_e0000053962.mp4,tier3,1,cuda,nvenc,cutfix_smoke_tier3_20260729_01,131,active_speaker_candidate_pool_v1,42
7653705429486161173_s0000006146_e0000009086,7653705429486161173,6.146,9.086,2.94,1.0,1.0,5.82,E:\FPTU\PRJ\VN-AV-DF-Capstone\data\01_collect\cut_clips\tier3\1700_2274\media\7653705429486161173_s0000006146_e0000009086.mp4,tier3,1,cuda,nvenc,cutfix_smoke_tier3_20260729_01,132,active_speaker_candidate_pool_v1,42
7467517397042236680_s0000004514_e0000007166,7467517397042236680,4.514,7.166,2.652,1.0,1.0,4.5,E:\FPTU\PRJ\VN-AV-DF-Capstone\data\01_collect\cut_clips\tier3\0_1100\media\7467517397042236680_s0000004514_e0000007166.mp4,tier3,1,cuda,nvenc,cutfix_smoke_tier3_20260729_01,133,active_speaker_candidate_pool_v1,42
7630081845803257108_s0000005666_e0000008830,7630081845803257108,5.666,8.83,3.164,1.0,1.0,2.43,E:\FPTU\PRJ\VN-AV-DF-Capstone\data\01_collect\cut_clips\tier3\0_1100\media\7630081845803257108_s0000005666_e0000008830.mp4,tier3,1,cuda,nvenc,cutfix_smoke_tier3_20260729_01,134,active_speaker_candidate_pool_v1,42
7494241159049514247_s0000102114_e0000104894,7494241159049514247,102.114,104.894,2.78,1.0,1.0,5.7,E:\FPTU\PRJ\VN-AV-DF-Capstone\data\01_collect\cut_clips\tier3\0_1100\media\7494241159049514247_s0000102114_e0000104894.mp4,tier3,1,cuda,nvenc,cutfix_smoke_tier3_20260729_01,135,active_speaker_candidate_pool_v1,42
7580349000407141639_s0000030370_e0000033502,7580349000407141639,30.37,33.502,3.132,1.0,1.0,10.66,E:\FPTU\PRJ\VN-AV-DF-Capstone\data\01_collect\cut_clips\tier3\1700_2274\media\7580349000407141639_s0000030370_e0000033502.mp4,tier3,1,cuda,nvenc,cutfix_smoke_tier3_20260729_01,136,active_speaker_candidate_pool_v1,42
7626358390121401618_s0000045634_e0000050634,7626358390121401618,45.634,50.634,5.0,1.0,1.0,7.08,E:\FPTU\PRJ\VN-AV-DF-Capstone\data\01_collect\cut_clips\tier3\1700_2274\media\7626358390121401618_s0000045634_e0000050634.mp4,tier3,1,cuda,nvenc,cutfix_smoke_tier3_20260729_01,137,active_speaker_candidate_pool_v1,42
7574444267339402517_s0000067810_e0000072810,7574444267339402517,67.81,72.81,5.0,1.0,1.0,0.84,E:\FPTU\PRJ\VN-AV-DF-Capstone\data\01_collect\cut_clips\tier3\0_1100\media\7574444267339402517_s0000067810_e0000072810.mp4,tier3,1,cuda,nvenc,cutfix_smoke_tier3_20260729_01,138,active_speaker_candidate_pool_v1,42
7534721568325274888_s0000174210_e0000176926,7534721568325274888,174.21,176.926,2.716,1.0,1.0,3.1,E:\FPTU\PRJ\VN-AV-DF-Capstone\data\01_collect\cut_clips\tier3\0_1100\media\7534721568325274888_s0000174210_e0000176926.mp4,tier3,1,cuda,nvenc,cutfix_smoke_tier3_20260729_01,139,active_speaker_candidate_pool_v1,42
7635244133514251540_s0000028610_e0000032094,7635244133514251540,28.61,32.094,3.484,1.0,1.0,1.24,E:\FPTU\PRJ\VN-AV-DF-Capstone\data\01_collect\cut_clips\tier3\0_1100\media\7635244133514251540_s0000028610_e0000032094.mp4,tier3,1,cuda,nvenc,cutfix_smoke_tier3_20260729_01,140,active_speaker_candidate_pool_v1,42
7636682088766344456_s0000258882_e0000261278,7636682088766344456,258.882,261.278,2.396,1.0,1.0,6.17,E:\FPTU\PRJ\VN-AV-DF-Capstone\data\01_collect\cut_clips\tier3\0_1100\media\7636682088766344456_s0000258882_e0000261278.mp4,tier3,1,cuda,nvenc,cutfix_smoke_tier3_20260729_01,141,active_speaker_candidate_pool_v1,42
7592543011486141703_s0000024962_e0000028062,7592543011486141703,24.962,28.062,3.1,1.0,1.0,19.65,E:\FPTU\PRJ\VN-AV-DF-Capstone\data\01_collect\cut_clips\tier3\0_1100\media\7592543011486141703_s0000024962_e0000028062.mp4,tier3,1,cuda,nvenc,cutfix_smoke_tier3_20260729_01,142,active_speaker_candidate_pool_v1,42
7471237847320661266_s0000019714_e0000024714,7471237847320661266,19.714,24.714,5.0,1.0,1.0,18.81,E:\FPTU\PRJ\VN-AV-DF-Capstone\data\01_collect\cut_clips\tier3\1100_1700\media\7471237847320661266_s0000019714_e0000024714.mp4,tier3,1,cuda,nvenc,cutfix_smoke_tier3_20260729_01,143,active_speaker_candidate_pool_v1,42
7644036312223223058_s0000000000_e0000003262,7644036312223223058,0.0,3.262,3.262,1.0,1.0,19.82,E:\FPTU\PRJ\VN-AV-DF-Capstone\data\01_collect\cut_clips\tier3\1100_1700\media\7644036312223223058_s0000000000_e0000003262.mp4,tier3,1,cuda,nvenc,cutfix_smoke_tier3_20260729_01,144,active_speaker_candidate_pool_v1,42
7486451379851119880_s0000000866_e0000006462,7486451379851119880,0.866,6.462,5.596,1.0,1.0,0.47,E:\FPTU\PRJ\VN-AV-DF-Capstone\data\01_collect\cut_clips\tier3\0_1100\media\7486451379851119880_s0000000866_e0000006462.mp4,tier3,1,cuda,nvenc,cutfix_smoke_tier3_20260729_01,145,active_speaker_candidate_pool_v1,42
7644133374751198482_s0000004000_e0000009000,7644133374751198482,4.0,9.0,5.0,1.0,1.0,17.78,E:\FPTU\PRJ\VN-AV-DF-Capstone\data\01_collect\cut_clips\tier3\1100_1700\media\7644133374751198482_s0000004000_e0000009000.mp4,tier3,1,cuda,nvenc,cutfix_smoke_tier3_20260729_01,146,active_speaker_candidate_pool_v1,42
7654193667128773909_s0000007106_e0000013598,7654193667128773909,7.106,13.598,6.492,1.0,1.0,12.48,E:\FPTU\PRJ\VN-AV-DF-Capstone\data\01_collect\cut_clips\tier3\1700_2274\media\7654193667128773909_s0000007106_e0000013598.mp4,tier3,1,cuda,nvenc,cutfix_smoke_tier3_20260729_01,147,active_speaker_candidate_pool_v1,42
7383362567164497170_s0000001090_e0000003166,7383362567164497170,1.09,3.166,2.076,1.0,1.0,-0.45,E:\FPTU\PRJ\VN-AV-DF-Capstone\data\01_collect\cut_clips\tier3\0_1100\media\7383362567164497170_s0000001090_e0000003166.mp4,tier3,1,cuda,nvenc,cutfix_smoke_tier3_20260729_01,148,active_speaker_candidate_pool_v1,42
7562491740662418695_s0000024706_e0000026814,7562491740662418695,24.706,26.814,2.108,1.0,1.0,6.37,E:\FPTU\PRJ\VN-AV-DF-Capstone\data\01_collect\cut_clips\tier3\0_1100\media\7562491740662418695_s0000024706_e0000026814.mp4,tier3,1,cuda,nvenc,cutfix_smoke_tier3_20260729_01,149,active_speaker_candidate_pool_v1,42
7535465870915685650_s0000021410_e0000025534,7535465870915685650,21.41,25.534,4.124,1.0,1.0,7.64,E:\FPTU\PRJ\VN-AV-DF-Capstone\data\01_collect\cut_clips\tier3\0_1100\media\7535465870915685650_s0000021410_e0000025534.mp4,tier3,1,cuda,nvenc,cutfix_smoke_tier3_20260729_01,150,active_speaker_candidate_pool_v1,42
7643015652680305941_s0000024130_e0000027262,7643015652680305941,24.13,27.262,3.132,1.0,1.0,5.38,E:\FPTU\PRJ\VN-AV-DF-Capstone\data\01_collect\cut_clips\tier3\1100_1700\media\7643015652680305941_s0000024130_e0000027262.mp4,tier3,1,cuda,nvenc,cutfix_smoke_tier3_20260729_01,151,active_speaker_candidate_pool_v1,42
7516542545187425554_s0000003362_e0000008670,7516542545187425554,3.362,8.67,5.308,1.0,1.0,0.59,E:\FPTU\PRJ\VN-AV-DF-Capstone\data\01_collect\cut_clips\tier3\1100_1700\media\7516542545187425554_s0000003362_e0000008670.mp4,tier3,1,cuda,nvenc,cutfix_smoke_tier3_20260729_01,152,active_speaker_candidate_pool_v1,42
7636336201397439764_s0000039042_e0000041214,7636336201397439764,39.042,41.214,2.172,1.0,1.0,13.04,E:\FPTU\PRJ\VN-AV-DF-Capstone\data\01_collect\cut_clips\tier3\0_1100\media\7636336201397439764_s0000039042_e0000041214.mp4,tier3,1,cuda,nvenc,cutfix_smoke_tier3_20260729_01,153,active_speaker_candidate_pool_v1,42
7569596968176061714_s0000030914_e0000033054,7569596968176061714,30.914,33.054,2.14,1.0,1.0,11.13,E:\FPTU\PRJ\VN-AV-DF-Capstone\data\01_collect\cut_clips\tier3\0_1100\media\7569596968176061714_s0000030914_e0000033054.mp4,tier3,1,cuda,nvenc,cutfix_smoke_tier3_20260729_01,154,active_speaker_candidate_pool_v1,42
7615858346913959185_s0000017986_e0000023582,7615858346913959185,17.986,23.582,5.596,1.0,1.0,0.06,E:\FPTU\PRJ\VN-AV-DF-Capstone\data\01_collect\cut_clips\tier3\1700_2274\media\7615858346913959185_s0000017986_e0000023582.mp4,tier3,1,cuda,nvenc,cutfix_smoke_tier3_20260729_01,155,active_speaker_candidate_pool_v1,42
7514966947079982353_s0000006178_e0000013214,7514966947079982353,6.178,13.214,7.036,1.0,1.0,15.44,E:\FPTU\PRJ\VN-AV-DF-Capstone\data\01_collect\cut_clips\tier3\1100_1700\media\7514966947079982353_s0000006178_e0000013214.mp4,tier3,1,cuda,nvenc,cutfix_smoke_tier3_20260729_01,156,active_speaker_candidate_pool_v1,42
7631543057908862228_s0000035586_e0000038206,7631543057908862228,35.586,38.206,2.62,1.0,1.0,13.62,E:\FPTU\PRJ\VN-AV-DF-Capstone\data\01_collect\cut_clips\tier3\0_1100\media\7631543057908862228_s0000035586_e0000038206.mp4,tier3,1,cuda,nvenc,cutfix_smoke_tier3_20260729_01,157,active_speaker_candidate_pool_v1,42
7522824070606425362_s0000000066_e0000003582,7522824070606425362,0.066,3.582,3.516,1.0,1.0,-0.8,E:\FPTU\PRJ\VN-AV-DF-Capstone\data\01_collect\cut_clips\tier3\0_1100\media\7522824070606425362_s0000000066_e0000003582.mp4,tier3,1,cuda,nvenc,cutfix_smoke_tier3_20260729_01,158,active_speaker_candidate_pool_v1,42
7639641430478146834_s0000052706_e0000055262,7639641430478146834,52.706,55.262,2.556,1.0,1.0,3.12,E:\FPTU\PRJ\VN-AV-DF-Capstone\data\01_collect\cut_clips\tier3\0_1100\media\7639641430478146834_s0000052706_e0000055262.mp4,tier3,1,cuda,nvenc,cutfix_smoke_tier3_20260729_01,159,active_speaker_candidate_pool_v1,42
7516123426046758162_s0000009026_e0000012542,7516123426046758162,9.026,12.542,3.516,1.0,1.0,16.94,E:\FPTU\PRJ\VN-AV-DF-Capstone\data\01_collect\cut_clips\tier3\0_1100\media\7516123426046758162_s0000009026_e0000012542.mp4,tier3,1,cuda,nvenc,cutfix_smoke_tier3_20260729_01,160,active_speaker_candidate_pool_v1,42
7628827647581113621_s0000053538_e0000056670,7628827647581113621,53.538,56.67,3.132,1.0,1.0,10.31,E:\FPTU\PRJ\VN-AV-DF-Capstone\data\01_collect\cut_clips\tier3\1700_2274\media\7628827647581113621_s0000053538_e0000056670.mp4,tier3,1,cuda,nvenc,cutfix_smoke_tier3_20260729_01,161,active_speaker_candidate_pool_v1,42
7525031978450652423_s0000012898_e0000017342,7525031978450652423,12.898,17.342,4.444,1.0,1.0,-1.01,E:\FPTU\PRJ\VN-AV-DF-Capstone\data\01_collect\cut_clips\tier3\1100_1700\media\7525031978450652423_s0000012898_e0000017342.mp4,tier3,1,cuda,nvenc,cutfix_smoke_tier3_20260729_01,162,active_speaker_candidate_pool_v1,42
7510465218959445266_s0000000386_e0000004606,7510465218959445266,0.386,4.606,4.22,1.0,1.0,-6.5,E:\FPTU\PRJ\VN-AV-DF-Capstone\data\01_collect\cut_clips\tier3\0_1100\media\7510465218959445266_s0000000386_e0000004606.mp4,tier3,1,cuda,nvenc,cutfix_smoke_tier3_20260729_01,163,active_speaker_candidate_pool_v1,42
7641086261700070676_s0000029858_e0000032510,7641086261700070676,29.858,32.51,2.652,1.0,1.0,1.29,E:\FPTU\PRJ\VN-AV-DF-Capstone\data\01_collect\cut_clips\tier3\0_1100\media\7641086261700070676_s0000029858_e0000032510.mp4,tier3,1,cuda,nvenc,cutfix_smoke_tier3_20260729_01,164,active_speaker_candidate_pool_v1,42
7643832565287226645_s0000063458_e0000067614,7643832565287226645,63.458,67.614,4.156,1.0,1.0,4.84,E:\FPTU\PRJ\VN-AV-DF-Capstone\data\01_collect\cut_clips\tier3\1100_1700\media\7643832565287226645_s0000063458_e0000067614.mp4,tier3,1,cuda,nvenc,cutfix_smoke_tier3_20260729_01,165,active_speaker_candidate_pool_v1,42
7090882609382706459_s0000035714_e0000037982,7090882609382706459,35.714,37.982,2.268,1.0,1.0,5.57,E:\FPTU\PRJ\VN-AV-DF-Capstone\data\01_collect\cut_clips\tier3\1100_1700\media\7090882609382706459_s0000035714_e0000037982.mp4,tier3,1,cuda,nvenc,cutfix_smoke_tier3_20260729_01,166,active_speaker_candidate_pool_v1,42
7633781065630387477_s0000007298_e0000011870,7633781065630387477,7.298,11.87,4.572,1.0,1.0,3.64,E:\FPTU\PRJ\VN-AV-DF-Capstone\data\01_collect\cut_clips\tier3\1700_2274\media\7633781065630387477_s0000007298_e0000011870.mp4,tier3,1,cuda,nvenc,cutfix_smoke_tier3_20260729_01,167,active_speaker_candidate_pool_v1,42
7453432985031920914_s0000026690_e0000031198,7453432985031920914,26.69,31.198,4.508,1.0,1.0,3.7,E:\FPTU\PRJ\VN-AV-DF-Capstone\data\01_collect\cut_clips\tier3\1100_1700\media\7453432985031920914_s0000026690_e0000031198.mp4,tier3,1,cuda,nvenc,cutfix_smoke_tier3_20260729_01,168,active_speaker_candidate_pool_v1,42
7642327305351744789_s0000062146_e0000067146,7642327305351744789,62.146,67.146,5.0,1.0,1.0,19.66,E:\FPTU\PRJ\VN-AV-DF-Capstone\data\01_collect\cut_clips\tier3\1700_2274\media\7642327305351744789_s0000062146_e0000067146.mp4,tier3,1,cuda,nvenc,cutfix_smoke_tier3_20260729_01,169,active_speaker_candidate_pool_v1,42
7636385717110836501_s0000015138_e0000020138,7636385717110836501,15.138,20.138,5.0,1.0,1.0,14.64,E:\FPTU\PRJ\VN-AV-DF-Capstone\data\01_collect\cut_clips\tier3\0_1100\media\7636385717110836501_s0000015138_e0000020138.mp4,tier3,1,cuda,nvenc,cutfix_smoke_tier3_20260729_01,170,active_speaker_candidate_pool_v1,42
7069390780703444250_s0000063490_e0000066750,7069390780703444250,63.49,66.75,3.26,1.0,1.0,5.8,E:\FPTU\PRJ\VN-AV-DF-Capstone\data\01_collect\cut_clips\tier3\1100_1700\media\7069390780703444250_s0000063490_e0000066750.mp4,tier3,1,cuda,nvenc,cutfix_smoke_tier3_20260729_01,171,active_speaker_candidate_pool_v1,42
7471205739147595009_s0000016000_e0000021000,7471205739147595009,16.0,21.0,5.0,1.0,1.0,16.43,E:\FPTU\PRJ\VN-AV-DF-Capstone\data\01_collect\cut_clips\tier3\1100_1700\media\7471205739147595009_s0000016000_e0000021000.mp4,tier3,1,cuda,nvenc,cutfix_smoke_tier3_20260729_01,172,active_speaker_candidate_pool_v1,42
7279054149235395841_s0000000674_e0000003262,7279054149235395841,0.674,3.262,2.588,1.0,1.0,-8.12,E:\FPTU\PRJ\VN-AV-DF-Capstone\data\01_collect\cut_clips\tier3\0_1100\media\7279054149235395841_s0000000674_e0000003262.mp4,tier3,1,cuda,nvenc,cutfix_smoke_tier3_20260729_01,173,active_speaker_candidate_pool_v1,42
7625284776899104020_s0000038850_e0000041406,7625284776899104020,38.85,41.406,2.556,1.0,1.0,9.2,E:\FPTU\PRJ\VN-AV-DF-Capstone\data\01_collect\cut_clips\tier3\0_1100\media\7625284776899104020_s0000038850_e0000041406.mp4,tier3,1,cuda,nvenc,cutfix_smoke_tier3_20260729_01,174,active_speaker_candidate_pool_v1,42
7205246013471280411_s0000000130_e0000007102,7205246013471280411,0.13,7.102,6.972,1.0,1.0,-4.04,E:\FPTU\PRJ\VN-AV-DF-Capstone\data\01_collect\cut_clips\tier3\0_1100\media\7205246013471280411_s0000000130_e0000007102.mp4,tier3,1,cuda,nvenc,cutfix_smoke_tier3_20260729_01,175,active_speaker_candidate_pool_v1,42
7648626886066703636_s0000052450_e0000057450,7648626886066703636,52.45,57.45,5.0,1.0,1.0,1.05,E:\FPTU\PRJ\VN-AV-DF-Capstone\data\01_collect\cut_clips\tier3\1700_2274\media\7648626886066703636_s0000052450_e0000057450.mp4,tier3,1,cuda,nvenc,cutfix_smoke_tier3_20260729_01,176,active_speaker_candidate_pool_v1,42
7576643864115563796_s0000009698_e0000011902,7576643864115563796,9.698,11.902,2.204,1.0,1.0,-3.45,E:\FPTU\PRJ\VN-AV-DF-Capstone\data\01_collect\cut_clips\tier3\0_1100\media\7576643864115563796_s0000009698_e0000011902.mp4,tier3,1,cuda,nvenc,cutfix_smoke_tier3_20260729_01,177,active_speaker_candidate_pool_v1,42
7534959518560587016_s0000012290_e0000015070,7534959518560587016,12.29,15.07,2.78,1.0,1.0,9.75,E:\FPTU\PRJ\VN-AV-DF-Capstone\data\01_collect\cut_clips\tier3\0_1100\media\7534959518560587016_s0000012290_e0000015070.mp4,tier3,1,cuda,nvenc,cutfix_smoke_tier3_20260729_01,178,active_speaker_candidate_pool_v1,42
7547271773616704786_s0000023298_e0000029724,7547271773616704786,23.298,29.724,6.426,0.833,1.0,5.16,E:\FPTU\PRJ\VN-AV-DF-Capstone\data\01_collect\cut_clips\tier3\0_1100\media\7547271773616704786_s0000023298_e0000029724.mp4,tier3,1,cuda,nvenc,cutfix_smoke_tier3_20260729_01,179,active_speaker_candidate_pool_v1,42
7641436170198568210_s0000013698_e0000022302,7641436170198568210,13.698,22.302,8.604,1.0,1.0,3.71,E:\FPTU\PRJ\VN-AV-DF-Capstone\data\01_collect\cut_clips\tier3\0_1100\media\7641436170198568210_s0000013698_e0000022302.mp4,tier3,1,cuda,nvenc,cutfix_smoke_tier3_20260729_01,180,active_speaker_candidate_pool_v1,42
7504195526221450504_s0000000034_e0000002974,7504195526221450504,0.034,2.974,2.94,1.0,1.0,-0.0,E:\FPTU\PRJ\VN-AV-DF-Capstone\data\01_collect\cut_clips\tier3\0_1100\media\7504195526221450504_s0000000034_e0000002974.mp4,tier3,1,cuda,nvenc,cutfix_smoke_tier3_20260729_01,181,active_speaker_candidate_pool_v1,42
7487071252201360695_s0000016098_e0000018206,7487071252201360695,16.098,18.206,2.108,1.0,1.0,7.66,E:\FPTU\PRJ\VN-AV-DF-Capstone\data\01_collect\cut_clips\tier3\1100_1700\media\7487071252201360695_s0000016098_e0000018206.mp4,tier3,1,cuda,nvenc,cutfix_smoke_tier3_20260729_01,182,active_speaker_candidate_pool_v1,42
7641434012375928072_s0000054306_e0000057054,7641434012375928072,54.306,57.054,2.748,1.0,1.0,-2.31,E:\FPTU\PRJ\VN-AV-DF-Capstone\data\01_collect\cut_clips\tier3\0_1100\media\7641434012375928072_s0000054306_e0000057054.mp4,tier3,1,cuda,nvenc,cutfix_smoke_tier3_20260729_01,183,active_speaker_candidate_pool_v1,42
7608545431781657874_s0000023266_e0000025790,7608545431781657874,23.266,25.79,2.524,1.0,1.0,5.6,E:\FPTU\PRJ\VN-AV-DF-Capstone\data\01_collect\cut_clips\tier3\1700_2274\media\7608545431781657874_s0000023266_e0000025790.mp4,tier3,1,cuda,nvenc,cutfix_smoke_tier3_20260729_01,184,active_speaker_candidate_pool_v1,42
7631164074470018325_s0000066114_e0000069406,7631164074470018325,66.114,69.406,3.292,1.0,1.0,1.42,E:\FPTU\PRJ\VN-AV-DF-Capstone\data\01_collect\cut_clips\tier3\0_1100\media\7631164074470018325_s0000066114_e0000069406.mp4,tier3,1,cuda,nvenc,cutfix_smoke_tier3_20260729_01,185,active_speaker_candidate_pool_v1,42
7641475018408463636_s0000021826_e0000025950,7641475018408463636,21.826,25.95,4.124,1.0,1.0,2.5,E:\FPTU\PRJ\VN-AV-DF-Capstone\data\01_collect\cut_clips\tier3\1700_2274\media\7641475018408463636_s0000021826_e0000025950.mp4,tier3,1,cuda,nvenc,cutfix_smoke_tier3_20260729_01,186,active_speaker_candidate_pool_v1,42
7637024464177351956_s0000059714_e0000064382,7637024464177351956,59.714,64.382,4.668,1.0,1.0,1.2,E:\FPTU\PRJ\VN-AV-DF-Capstone\data\01_collect\cut_clips\tier3\1700_2274\media\7637024464177351956_s0000059714_e0000064382.mp4,tier3,1,cuda,nvenc,cutfix_smoke_tier3_20260729_01,187,active_speaker_candidate_pool_v1,42
7650125195587407125_s0000003906_e0000009278,7650125195587407125,3.906,9.278,5.372,1.0,1.0,5.13,E:\FPTU\PRJ\VN-AV-DF-Capstone\data\01_collect\cut_clips\tier3\1700_2274\media\7650125195587407125_s0000003906_e0000009278.mp4,tier3,1,cuda,nvenc,cutfix_smoke_tier3_20260729_01,188,active_speaker_candidate_pool_v1,42
7651603719619972372_s0000063394_e0000066366,7651603719619972372,63.394,66.366,2.972,1.0,1.0,4.84,E:\FPTU\PRJ\VN-AV-DF-Capstone\data\01_collect\cut_clips\tier3\1700_2274\media\7651603719619972372_s0000063394_e0000066366.mp4,tier3,1,cuda,nvenc,cutfix_smoke_tier3_20260729_01,189,active_speaker_candidate_pool_v1,42
7472213382272191751_s0000037506_e0000039998,7472213382272191751,37.506,39.998,2.492,1.0,1.0,12.86,E:\FPTU\PRJ\VN-AV-DF-Capstone\data\01_collect\cut_clips\tier3\1100_1700\media\7472213382272191751_s0000037506_e0000039998.mp4,tier3,1,cuda,nvenc,cutfix_smoke_tier3_20260729_01,190,active_speaker_candidate_pool_v1,42
7637876139351903508_s0000009474_e0000011934,7637876139351903508,9.474,11.934,2.46,1.0,1.0,14.86,E:\FPTU\PRJ\VN-AV-DF-Capstone\data\01_collect\cut_clips\tier3\0_1100\media\7637876139351903508_s0000009474_e0000011934.mp4,tier3,1,cuda,nvenc,cutfix_smoke_tier3_20260729_01,191,active_speaker_candidate_pool_v1,42
7628611354554846472_s0000054626_e0000058782,7628611354554846472,54.626,58.782,4.156,1.0,1.0,10.39,E:\FPTU\PRJ\VN-AV-DF-Capstone\data\01_collect\cut_clips\tier3\1700_2274\media\7628611354554846472_s0000054626_e0000058782.mp4,tier3,1,cuda,nvenc,cutfix_smoke_tier3_20260729_01,192,active_speaker_candidate_pool_v1,42
7627812135254494485_s0000002178_e0000005950,7627812135254494485,2.178,5.95,3.772,1.0,1.0,7.18,E:\FPTU\PRJ\VN-AV-DF-Capstone\data\01_collect\cut_clips\tier3\0_1100\media\7627812135254494485_s0000002178_e0000005950.mp4,tier3,1,cuda,nvenc,cutfix_smoke_tier3_20260729_01,193,active_speaker_candidate_pool_v1,42
7566305954371734802_s0000002210_e0000004286,7566305954371734802,2.21,4.286,2.076,1.0,1.0,7.15,E:\FPTU\PRJ\VN-AV-DF-Capstone\data\01_collect\cut_clips\tier3\0_1100\media\7566305954371734802_s0000002210_e0000004286.mp4,tier3,1,cuda,nvenc,cutfix_smoke_tier3_20260729_01,194,active_speaker_candidate_pool_v1,42
7516448055059647760_s0000020130_e0000024862,7516448055059647760,20.13,24.862,4.732,1.0,1.0,18.79,E:\FPTU\PRJ\VN-AV-DF-Capstone\data\01_collect\cut_clips\tier3\1100_1700\media\7516448055059647760_s0000020130_e0000024862.mp4,tier3,1,cuda,nvenc,cutfix_smoke_tier3_20260729_01,195,active_speaker_candidate_pool_v1,42
7633774340588211477_s0000000034_e0000003806,7633774340588211477,0.034,3.806,3.772,1.0,1.0,8.48,E:\FPTU\PRJ\VN-AV-DF-Capstone\data\01_collect\cut_clips\tier3\1700_2274\media\7633774340588211477_s0000000034_e0000003806.mp4,tier3,1,cuda,nvenc,cutfix_smoke_tier3_20260729_01,196,active_speaker_candidate_pool_v1,42
7574007391088332050_s0000048258_e0000053258,7574007391088332050,48.258,53.258,5.0,1.0,1.0,-4.95,E:\FPTU\PRJ\VN-AV-DF-Capstone\data\01_collect\cut_clips\tier3\0_1100\media\7574007391088332050_s0000048258_e0000053258.mp4,tier3,1,cuda,nvenc,cutfix_smoke_tier3_20260729_01,197,active_speaker_candidate_pool_v1,42
7588881585106128136_s0000041378_e0000046378,7588881585106128136,41.378,46.378,5.0,1.0,1.0,10.55,E:\FPTU\PRJ\VN-AV-DF-Capstone\data\01_collect\cut_clips\tier3\1700_2274\media\7588881585106128136_s0000041378_e0000046378.mp4,tier3,1,cuda,nvenc,cutfix_smoke_tier3_20260729_01,198,active_speaker_candidate_pool_v1,42
7471202361852054802_s0000020738_e0000023102,7471202361852054802,20.738,23.102,2.364,1.0,1.0,29.85,E:\FPTU\PRJ\VN-AV-DF-Capstone\data\01_collect\cut_clips\tier3\1100_1700\media\7471202361852054802_s0000020738_e0000023102.mp4,tier3,1,cuda,nvenc,cutfix_smoke_tier3_20260729_01,199,active_speaker_candidate_pool_v1,42
7621534625113853200_s0000001794_e0000004158,7621534625113853200,1.794,4.158,2.364,1.0,1.0,-6.77,E:\FPTU\PRJ\VN-AV-DF-Capstone\data\01_collect\cut_clips\tier3\0_1100\media\7621534625113853200_s0000001794_e0000004158.mp4,tier3,1,cuda,nvenc,cutfix_smoke_tier3_20260729_01,200,active_speaker_candidate_pool_v1,42
7487460888979459333_s0000057122_e0000062122,7487460888979459333,57.122,62.122,5.0,1.0,1.0,8.34,E:\FPTU\PRJ\VN-AV-DF-Capstone\data\01_collect\cut_clips\tier3\1100_1700\media\7487460888979459333_s0000057122_e0000062122.mp4,tier3,1,cuda,nvenc,cutfix_smoke_tier3_20260729_01,201,active_speaker_candidate_pool_v1,42
7582206813387377928_s0000105346_e0000110346,7582206813387377928,105.346,110.346,5.0,0.8,1.0,-0.74,E:\FPTU\PRJ\VN-AV-DF-Capstone\data\01_collect\cut_clips\tier3\1700_2274\media\7582206813387377928_s0000105346_e0000110346.mp4,tier3,1,cuda,nvenc,cutfix_smoke_tier3_20260729_01,202,active_speaker_candidate_pool_v1,42
7637485897436400914_s0000028258_e0000032638,7637485897436400914,28.258,32.638,4.38,0.75,1.0,4.03,E:\FPTU\PRJ\VN-AV-DF-Capstone\data\01_collect\cut_clips\tier3\0_1100\media\7637485897436400914_s0000028258_e0000032638.mp4,tier3,1,cuda,nvenc,cutfix_smoke_tier3_20260729_01,203,active_speaker_candidate_pool_v1,42
7581782589204188423_s0000028450_e0000032414,7581782589204188423,28.45,32.414,3.964,1.0,1.0,12.01,E:\FPTU\PRJ\VN-AV-DF-Capstone\data\01_collect\cut_clips\tier3\0_1100\media\7581782589204188423_s0000028450_e0000032414.mp4,tier3,1,cuda,nvenc,cutfix_smoke_tier3_20260729_01,204,active_speaker_candidate_pool_v1,42
7608922328726097170_s0000038178_e0000043486,7608922328726097170,38.178,43.486,5.308,1.0,1.0,17.12,E:\FPTU\PRJ\VN-AV-DF-Capstone\data\01_collect\cut_clips\tier3\1700_2274\media\7608922328726097170_s0000038178_e0000043486.mp4,tier3,1,cuda,nvenc,cutfix_smoke_tier3_20260729_01,205,active_speaker_candidate_pool_v1,42
7075655627732815130_s0000021602_e0000023742,7075655627732815130,21.602,23.742,2.14,1.0,1.0,0.55,E:\FPTU\PRJ\VN-AV-DF-Capstone\data\01_collect\cut_clips\tier3\1100_1700\media\7075655627732815130_s0000021602_e0000023742.mp4,tier3,1,cuda,nvenc,cutfix_smoke_tier3_20260729_01,206,active_speaker_candidate_pool_v1,42
7447119342770081031_s0000000514_e0000006718,7447119342770081031,0.514,6.718,6.204,1.0,1.0,0.98,E:\FPTU\PRJ\VN-AV-DF-Capstone\data\01_collect\cut_clips\tier3\0_1100\media\7447119342770081031_s0000000514_e0000006718.mp4,tier3,1,cuda,nvenc,cutfix_smoke_tier3_20260729_01,207,active_speaker_candidate_pool_v1,42
7635636716782505236_s0000000130_e0000003358,7635636716782505236,0.13,3.358,3.228,1.0,1.0,-2.31,E:\FPTU\PRJ\VN-AV-DF-Capstone\data\01_collect\cut_clips\tier3\0_1100\media\7635636716782505236_s0000000130_e0000003358.mp4,tier3,1,cuda,nvenc,cutfix_smoke_tier3_20260729_01,208,active_speaker_candidate_pool_v1,42
7638608334257523988_s0000009378_e0000012926,7638608334257523988,9.378,12.926,3.548,1.0,1.0,-1.41,E:\FPTU\PRJ\VN-AV-DF-Capstone\data\01_collect\cut_clips\tier3\0_1100\media\7638608334257523988_s0000009378_e0000012926.mp4,tier3,1,cuda,nvenc,cutfix_smoke_tier3_20260729_01,209,active_speaker_candidate_pool_v1,42
7637143221503560977_s0000009890_e0000012542,7637143221503560977,9.89,12.542,2.652,1.0,1.0,7.97,E:\FPTU\PRJ\VN-AV-DF-Capstone\data\01_collect\cut_clips\tier3\0_1100\media\7637143221503560977_s0000009890_e0000012542.mp4,tier3,1,cuda,nvenc,cutfix_smoke_tier3_20260729_01,210,active_speaker_candidate_pool_v1,42
7641886390833335570_s0000022018_e0000025886,7641886390833335570,22.018,25.886,3.868,1.0,1.0,6.77,E:\FPTU\PRJ\VN-AV-DF-Capstone\data\01_collect\cut_clips\tier3\1100_1700\media\7641886390833335570_s0000022018_e0000025886.mp4,tier3,1,cuda,nvenc,cutfix_smoke_tier3_20260729_01,211,active_speaker_candidate_pool_v1,42
7547321622311554322_s0000078082_e0000083082,7547321622311554322,78.082,83.082,5.0,1.0,1.0,5.81,E:\FPTU\PRJ\VN-AV-DF-Capstone\data\01_collect\cut_clips\tier3\1100_1700\media\7547321622311554322_s0000078082_e0000083082.mp4,tier3,1,cuda,nvenc,cutfix_smoke_tier3_20260729_01,212,active_speaker_candidate_pool_v1,42
7150642010800590106_s0000134882_e0000138110,7150642010800590106,134.882,138.11,3.228,1.0,1.0,3.97,E:\FPTU\PRJ\VN-AV-DF-Capstone\data\01_collect\cut_clips\tier3\1100_1700\media\7150642010800590106_s0000134882_e0000138110.mp4,tier3,1,cuda,nvenc,cutfix_smoke_tier3_20260729_01,213,active_speaker_candidate_pool_v1,42
7650505005035851029_s0000000290_e0000006846,7650505005035851029,0.29,6.846,6.556,1.0,1.0,11.04,E:\FPTU\PRJ\VN-AV-DF-Capstone\data\01_collect\cut_clips\tier3\1700_2274\media\7650505005035851029_s0000000290_e0000006846.mp4,tier3,1,cuda,nvenc,cutfix_smoke_tier3_20260729_01,214,active_speaker_candidate_pool_v1,42
7522099633842162962_s0000040354_e0000044510,7522099633842162962,40.354,44.51,4.156,1.0,1.0,0.95,E:\FPTU\PRJ\VN-AV-DF-Capstone\data\01_collect\cut_clips\tier3\1100_1700\media\7522099633842162962_s0000040354_e0000044510.mp4,tier3,1,cuda,nvenc,cutfix_smoke_tier3_20260729_01,215,active_speaker_candidate_pool_v1,42
7643298083635301652_s0000082690_e0000086590,7643298083635301652,82.69,86.59,3.9,1.0,1.0,7.82,E:\FPTU\PRJ\VN-AV-DF-Capstone\data\01_collect\cut_clips\tier3\1100_1700\media\7643298083635301652_s0000082690_e0000086590.mp4,tier3,1,cuda,nvenc,cutfix_smoke_tier3_20260729_01,216,active_speaker_candidate_pool_v1,42
7650488126367862024_s0000045474_e0000048286,7650488126367862024,45.474,48.286,2.812,1.0,1.0,2.52,E:\FPTU\PRJ\VN-AV-DF-Capstone\data\01_collect\cut_clips\tier3\1700_2274\media\7650488126367862024_s0000045474_e0000048286.mp4,tier3,1,cuda,nvenc,cutfix_smoke_tier3_20260729_01,217,active_speaker_candidate_pool_v1,42
7641867740323826965_s0000020258_e0000022558,7641867740323826965,20.258,22.558,2.3,1.0,1.0,1.21,E:\FPTU\PRJ\VN-AV-DF-Capstone\data\01_collect\cut_clips\tier3\1700_2274\media\7641867740323826965_s0000020258_e0000022558.mp4,tier3,1,cuda,nvenc,cutfix_smoke_tier3_20260729_01,218,active_speaker_candidate_pool_v1,42
7624919664694398229_s0000056866_e0000059038,7624919664694398229,56.866,59.038,2.172,1.0,1.0,7.6,E:\FPTU\PRJ\VN-AV-DF-Capstone\data\01_collect\cut_clips\tier3\0_1100\media\7624919664694398229_s0000056866_e0000059038.mp4,tier3,1,cuda,nvenc,cutfix_smoke_tier3_20260729_01,219,active_speaker_candidate_pool_v1,42
7638963825940778260_s0000032770_e0000034846,7638963825940778260,32.77,34.846,2.076,1.0,1.0,8.95,E:\FPTU\PRJ\VN-AV-DF-Capstone\data\01_collect\cut_clips\tier3\0_1100\media\7638963825940778260_s0000032770_e0000034846.mp4,tier3,1,cuda,nvenc,cutfix_smoke_tier3_20260729_01,220,active_speaker_candidate_pool_v1,42
7635275738609945863_s0000034114_e0000043486,7635275738609945863,34.114,43.486,9.372,1.0,1.0,6.66,E:\FPTU\PRJ\VN-AV-DF-Capstone\data\01_collect\cut_clips\tier3\1700_2274\media\7635275738609945863_s0000034114_e0000043486.mp4,tier3,1,cuda,nvenc,cutfix_smoke_tier3_20260729_01,221,active_speaker_candidate_pool_v1,42
7539221348233645320_s0000004450_e0000006462,7539221348233645320,4.45,6.462,2.012,1.0,1.0,16.15,E:\FPTU\PRJ\VN-AV-DF-Capstone\data\01_collect\cut_clips\tier3\0_1100\media\7539221348233645320_s0000004450_e0000006462.mp4,tier3,1,cuda,nvenc,cutfix_smoke_tier3_20260729_01,222,active_speaker_candidate_pool_v1,42
7601499669725842706_s0000041410_e0000043678,7601499669725842706,41.41,43.678,2.268,1.0,1.0,10.23,E:\FPTU\PRJ\VN-AV-DF-Capstone\data\01_collect\cut_clips\tier3\1700_2274\media\7601499669725842706_s0000041410_e0000043678.mp4,tier3,1,cuda,nvenc,cutfix_smoke_tier3_20260729_01,223,active_speaker_candidate_pool_v1,42
7460691096755047698_s0000010402_e0000014046,7460691096755047698,10.402,14.046,3.644,1.0,1.0,1.98,E:\FPTU\PRJ\VN-AV-DF-Capstone\data\01_collect\cut_clips\tier3\1100_1700\media\7460691096755047698_s0000010402_e0000014046.mp4,tier3,1,cuda,nvenc,cutfix_smoke_tier3_20260729_01,224,active_speaker_candidate_pool_v1,42
7638622210696940820_s0000008546_e0000011678,7638622210696940820,8.546,11.678,3.132,1.0,1.0,16.37,E:\FPTU\PRJ\VN-AV-DF-Capstone\data\01_collect\cut_clips\tier3\0_1100\media\7638622210696940820_s0000008546_e0000011678.mp4,tier3,1,cuda,nvenc,cutfix_smoke_tier3_20260729_01,225,active_speaker_candidate_pool_v1,42
7371829935574355217_s0000052258_e0000057258,7371829935574355217,52.258,57.258,5.0,1.0,1.0,12.32,E:\FPTU\PRJ\VN-AV-DF-Capstone\data\01_collect\cut_clips\tier3\1100_1700\media\7371829935574355217_s0000052258_e0000057258.mp4,tier3,1,cuda,nvenc,cutfix_smoke_tier3_20260729_01,226,active_speaker_candidate_pool_v1,42
7567364258699267346_s0000006754_e0000011998,7567364258699267346,6.754,11.998,5.244,1.0,1.0,3.49,E:\FPTU\PRJ\VN-AV-DF-Capstone\data\01_collect\cut_clips\tier3\1700_2274\media\7567364258699267346_s0000006754_e0000011998.mp4,tier3,1,cuda,nvenc,cutfix_smoke_tier3_20260729_01,227,active_speaker_candidate_pool_v1,42
7614111411785960711_s0000004000_e0000009000,7614111411785960711,4.0,9.0,5.0,1.0,1.0,10.98,E:\FPTU\PRJ\VN-AV-DF-Capstone\data\01_collect\cut_clips\tier3\1700_2274\media\7614111411785960711_s0000004000_e0000009000.mp4,tier3,1,cuda,nvenc,cutfix_smoke_tier3_20260729_01,228,active_speaker_candidate_pool_v1,42
7540260813093752082_s0000025410_e0000029502,7540260813093752082,25.41,29.502,4.092,1.0,1.0,3.3,E:\FPTU\PRJ\VN-AV-DF-Capstone\data\01_collect\cut_clips\tier3\0_1100\media\7540260813093752082_s0000025410_e0000029502.mp4,tier3,1,cuda,nvenc,cutfix_smoke_tier3_20260729_01,229,active_speaker_candidate_pool_v1,42
7579601652911672596_s0000087522_e0000092542,7579601652911672596,87.522,92.542,5.02,1.0,1.0,0.41,E:\FPTU\PRJ\VN-AV-DF-Capstone\data\01_collect\cut_clips\tier3\0_1100\media\7579601652911672596_s0000087522_e0000092542.mp4,tier3,1,cuda,nvenc,cutfix_smoke_tier3_20260729_01,230,active_speaker_candidate_pool_v1,42
7579977708537449746_s0000008834_e0000011294,7579977708537449746,8.834,11.294,2.46,1.0,1.0,10.47,E:\FPTU\PRJ\VN-AV-DF-Capstone\data\01_collect\cut_clips\tier3\1700_2274\media\7579977708537449746_s0000008834_e0000011294.mp4,tier3,1,cuda,nvenc,cutfix_smoke_tier3_20260729_01,231,active_speaker_candidate_pool_v1,42
7635272202841115924_s0000003042_e0000008318,7635272202841115924,3.042,8.318,5.276,1.0,1.0,1.52,E:\FPTU\PRJ\VN-AV-DF-Capstone\data\01_collect\cut_clips\tier3\0_1100\media\7635272202841115924_s0000003042_e0000008318.mp4,tier3,1,cuda,nvenc,cutfix_smoke_tier3_20260729_01,232,active_speaker_candidate_pool_v1,42
7610290284810816784_s0000063330_e0000065438,7610290284810816784,63.33,65.438,2.108,1.0,1.0,-2.74,E:\FPTU\PRJ\VN-AV-DF-Capstone\data\01_collect\cut_clips\tier3\1700_2274\media\7610290284810816784_s0000063330_e0000065438.mp4,tier3,1,cuda,nvenc,cutfix_smoke_tier3_20260729_01,233,active_speaker_candidate_pool_v1,42
7641878920807157010_s0000008770_e0000013770,7641878920807157010,8.77,13.77,5.0,0.8,1.0,6.0,E:\FPTU\PRJ\VN-AV-DF-Capstone\data\01_collect\cut_clips\tier3\1100_1700\media\7641878920807157010_s0000008770_e0000013770.mp4,tier3,1,cuda,nvenc,cutfix_smoke_tier3_20260729_01,234,active_speaker_candidate_pool_v1,42
7056030520571858203_s0000022338_e0000025310,7056030520571858203,22.338,25.31,2.972,1.0,1.0,25.68,E:\FPTU\PRJ\VN-AV-DF-Capstone\data\01_collect\cut_clips\tier3\1100_1700\media\7056030520571858203_s0000022338_e0000025310.mp4,tier3,1,cuda,nvenc,cutfix_smoke_tier3_20260729_01,235,active_speaker_candidate_pool_v1,42
7601153200271494407_s0000051266_e0000056266,7601153200271494407,51.266,56.266,5.0,1.0,1.0,7.77,E:\FPTU\PRJ\VN-AV-DF-Capstone\data\01_collect\cut_clips\tier3\1700_2274\media\7601153200271494407_s0000051266_e0000056266.mp4,tier3,1,cuda,nvenc,cutfix_smoke_tier3_20260729_01,236,active_speaker_candidate_pool_v1,42
7347205393661152514_s0000038498_e0000042686,7347205393661152514,38.498,42.686,4.188,1.0,1.0,11.33,E:\FPTU\PRJ\VN-AV-DF-Capstone\data\01_collect\cut_clips\tier3\0_1100\media\7347205393661152514_s0000038498_e0000042686.mp4,tier3,1,cuda,nvenc,cutfix_smoke_tier3_20260729_01,237,active_speaker_candidate_pool_v1,42
7621911689620901141_s0000000066_e0000002398,7621911689620901141,0.066,2.398,2.332,1.0,1.0,-0.54,E:\FPTU\PRJ\VN-AV-DF-Capstone\data\01_collect\cut_clips\tier3\0_1100\media\7621911689620901141_s0000000066_e0000002398.mp4,tier3,1,cuda,nvenc,cutfix_smoke_tier3_20260729_01,238,active_speaker_candidate_pool_v1,42
7397087876183346449_s0000000834_e0000003006,7397087876183346449,0.834,3.006,2.172,1.0,1.0,-0.92,E:\FPTU\PRJ\VN-AV-DF-Capstone\data\01_collect\cut_clips\tier3\0_1100\media\7397087876183346449_s0000000834_e0000003006.mp4,tier3,1,cuda,nvenc,cutfix_smoke_tier3_20260729_01,239,active_speaker_candidate_pool_v1,42
7605220862106651912_s0000033026_e0000038026,7605220862106651912,33.026,38.026,5.0,1.0,1.0,7.39,E:\FPTU\PRJ\VN-AV-DF-Capstone\data\01_collect\cut_clips\tier3\1700_2274\media\7605220862106651912_s0000033026_e0000038026.mp4,tier3,1,cuda,nvenc,cutfix_smoke_tier3_20260729_01,240,active_speaker_candidate_pool_v1,42
7579236980706397447_s0000005282_e0000007550,7579236980706397447,5.282,7.55,2.268,1.0,1.0,4.13,E:\FPTU\PRJ\VN-AV-DF-Capstone\data\01_collect\cut_clips\tier3\1700_2274\media\7579236980706397447_s0000005282_e0000007550.mp4,tier3,1,cuda,nvenc,cutfix_smoke_tier3_20260729_01,241,active_speaker_candidate_pool_v1,42
7503154414991985928_s0000000834_e0000003582,7503154414991985928,0.834,3.582,2.748,1.0,1.0,-9.14,E:\FPTU\PRJ\VN-AV-DF-Capstone\data\01_collect\cut_clips\tier3\0_1100\media\7503154414991985928_s0000000834_e0000003582.mp4,tier3,1,cuda,nvenc,cutfix_smoke_tier3_20260729_01,242,active_speaker_candidate_pool_v1,42
7445587682958249224_s0000003714_e0000006238,7445587682958249224,3.714,6.238,2.524,1.0,1.0,-2.84,E:\FPTU\PRJ\VN-AV-DF-Capstone\data\01_collect\cut_clips\tier3\1100_1700\media\7445587682958249224_s0000003714_e0000006238.mp4,tier3,1,cuda,nvenc,cutfix_smoke_tier3_20260729_01,243,active_speaker_candidate_pool_v1,42
7513199391696555271_s0000007970_e0000010622,7513199391696555271,7.97,10.622,2.652,1.0,1.0,0.25,E:\FPTU\PRJ\VN-AV-DF-Capstone\data\01_collect\cut_clips\tier3\0_1100\media\7513199391696555271_s0000007970_e0000010622.mp4,tier3,1,cuda,nvenc,cutfix_smoke_tier3_20260729_01,244,active_speaker_candidate_pool_v1,42
7624877195458006279_s0000080898_e0000084990,7624877195458006279,80.898,84.99,4.092,1.0,1.0,7.12,E:\FPTU\PRJ\VN-AV-DF-Capstone\data\01_collect\cut_clips\tier3\0_1100\media\7624877195458006279_s0000080898_e0000084990.mp4,tier3,1,cuda,nvenc,cutfix_smoke_tier3_20260729_01,245,active_speaker_candidate_pool_v1,42
7653817717639712018_s0000013474_e0000021662,7653817717639712018,13.474,21.662,8.188,1.0,1.0,17.24,E:\FPTU\PRJ\VN-AV-DF-Capstone\data\01_collect\cut_clips\tier3\1700_2274\media\7653817717639712018_s0000013474_e0000021662.mp4,tier3,1,cuda,nvenc,cutfix_smoke_tier3_20260729_01,246,active_speaker_candidate_pool_v1,42
7633011644041383189_s0000016034_e0000018430,7633011644041383189,16.034,18.43,2.396,1.0,1.0,16.35,E:\FPTU\PRJ\VN-AV-DF-Capstone\data\01_collect\cut_clips\tier3\0_1100\media\7633011644041383189_s0000016034_e0000018430.mp4,tier3,1,cuda,nvenc,cutfix_smoke_tier3_20260729_01,247,active_speaker_candidate_pool_v1,42
7637069043198889236_s0000020578_e0000025438,7637069043198889236,20.578,25.438,4.86,1.0,1.0,19.35,E:\FPTU\PRJ\VN-AV-DF-Capstone\data\01_collect\cut_clips\tier3\0_1100\media\7637069043198889236_s0000020578_e0000025438.mp4,tier3,1,cuda,nvenc,cutfix_smoke_tier3_20260729_01,248,active_speaker_candidate_pool_v1,42
7221493524947045659_s0000001954_e0000007646,7221493524947045659,1.954,7.646,5.692,1.0,1.0,0.04,E:\FPTU\PRJ\VN-AV-DF-Capstone\data\01_collect\cut_clips\tier3\0_1100\media\7221493524947045659_s0000001954_e0000007646.mp4,tier3,1,cuda,nvenc,cutfix_smoke_tier3_20260729_01,249,active_speaker_candidate_pool_v1,42
7638991967900159252_s0000033634_e0000035678,7638991967900159252,33.634,35.678,2.044,1.0,1.0,1.46,E:\FPTU\PRJ\VN-AV-DF-Capstone\data\01_collect\cut_clips\tier3\1700_2274\media\7638991967900159252_s0000033634_e0000035678.mp4,tier3,1,cuda,nvenc,cutfix_smoke_tier3_20260729_01,250,active_speaker_candidate_pool_v1,42
