clip_id,source_video,start_time,end_time,duration,face_ratio,speech_ratio,snr,file_path,tier,has_cut_meta,det_ratio,mean_face_area,has_embedding,n_sampled,embed_consistency,speaker_id,quality
y3vBfCdY2tQ_clip0004_t00135,y3vBfCdY2tQ,135.202,139.582,4.38,1.0,1.0,6.05,E:\FPTU\PRJ\VN-AV-DF-Capstone\data\clips\tier1\440-9999\tier1_v3_clips_440_9999\y3vBfCdY2tQ_clip0004_t00135.mp4,tier1,1,1.0,0.0473507605493068,True,9,0.9826613664627076,0,0.7676252701852084
y3vBfCdY2tQ_clip0005_t00139,y3vBfCdY2tQ,139.682,141.79,2.108,1.0,1.0,6.51,E:\FPTU\PRJ\VN-AV-DF-Capstone\data\clips\tier1\440-9999\tier1_v3_clips_440_9999\y3vBfCdY2tQ_clip0005_t00139.mp4,tier1,1,1.0,0.0476632118225097,True,9,0.9905427098274232,0,0.7698810234033484
y3vBfCdY2tQ_clip0006_t00141,y3vBfCdY2tQ,141.922,149.534,7.612,1.0,1.0,6.27,E:\FPTU\PRJ\VN-AV-DF-Capstone\data\clips\tier1\440-9999\tier1_v3_clips_440_9999\y3vBfCdY2tQ_clip0006_t00141.mp4,tier1,1,1.0,0.0472100228071212,True,9,0.9888355731964112,0,0.7683252457245405
y3vBfCdY2tQ_clip0007_t00149,y3vBfCdY2tQ,149.922,154.686,4.764,1.0,1.0,6.55,E:\FPTU\PRJ\VN-AV-DF-Capstone\data\clips\tier1\440-9999\tier1_v3_clips_440_9999\y3vBfCdY2tQ_clip0007_t00149.mp4,tier1,1,1.0,0.0590826012194156,True,9,0.6488679051399231,0,0.7411966344741407
y3vBfCdY2tQ_clip0008_t00156,y3vBfCdY2tQ,156.546,160.606,4.06,1.0,1.0,6.07,E:\FPTU\PRJ\VN-AV-DF-Capstone\data\clips\tier1\440-9999\tier1_v3_clips_440_9999\y3vBfCdY2tQ_clip0008_t00156.mp4,tier1,1,1.0,0.0890949442982673,True,9,0.4173587262630462,0,0.783422270807688
y3vBfCdY2tQ_clip0009_t00160,y3vBfCdY2tQ,160.77,164.126,3.356,1.0,1.0,7.23,E:\FPTU\PRJ\VN-AV-DF-Capstone\data\clips\tier1\440-9999\tier1_v3_clips_440_9999\y3vBfCdY2tQ_clip0009_t00160.mp4,tier1,1,1.0,0.0852516666054725,True,9,0.5691174864768982,0,0.7995642634439185
y3vBfCdY2tQ_clip0010_t00164,y3vBfCdY2tQ,164.482,171.07,6.588,1.0,1.0,6.11,E:\FPTU\PRJ\VN-AV-DF-Capstone\data\clips\tier1\440-9999\tier1_v3_clips_440_9999\y3vBfCdY2tQ_clip0010_t00164.mp4,tier1,1,1.0,0.0592343136668205,True,9,0.6396936774253845,0,0.7399976236572686
y3vBfCdY2tQ_clip0011_t00171,y3vBfCdY2tQ,171.874,175.358,3.484,1.0,1.0,7.2,E:\FPTU\PRJ\VN-AV-DF-Capstone\data\clips\tier1\440-9999\tier1_v3_clips_440_9999\y3vBfCdY2tQ_clip0011_t00171.mp4,tier1,1,1.0,0.0227755662053823,True,9,0.5751351118087769,0,0.6276797954114611
y3vBfCdY2tQ_clip0024_t00263,y3vBfCdY2tQ,263.394,267.326,3.932,1.0,1.0,6.91,E:\FPTU\PRJ\VN-AV-DF-Capstone\data\clips\tier1\440-9999\tier1_v3_clips_440_9999\y3vBfCdY2tQ_clip0024_t00263.mp4,tier1,1,1.0,0.0250726770609617,True,9,0.5767664909362793,0,0.6343265503511484
y3vBfCdY2tQ_clip0028_t00283,y3vBfCdY2tQ,283.106,288.542,5.436,1.0,1.0,8.76,E:\FPTU\PRJ\VN-AV-DF-Capstone\data\clips\tier1\440-9999\tier1_v3_clips_440_9999\y3vBfCdY2tQ_clip0028_t00283.mp4,tier1,1,1.0,0.0155366957187652,True,9,0.9799876809120178,0,0.6790857181054631
y3vBfCdY2tQ_clip0031_t00303,y3vBfCdY2tQ,303.65,305.758,2.108,1.0,1.0,8.78,E:\FPTU\PRJ\VN-AV-DF-Capstone\data\clips\tier1\440-9999\tier1_v3_clips_440_9999\y3vBfCdY2tQ_clip0031_t00303.mp4,tier1,1,1.0,0.0473177693784236,True,9,0.9907578229904176,0,0.7689627304399368
y3vBfCdY2tQ_clip0032_t00305,y3vBfCdY2tQ,305.858,309.278,3.42,1.0,1.0,8.15,E:\FPTU\PRJ\VN-AV-DF-Capstone\data\clips\tier1\440-9999\tier1_v3_clips_440_9999\y3vBfCdY2tQ_clip0032_t00305.mp4,tier1,1,1.0,0.0474691875278949,True,9,0.9882147908210754,0,0.7689331159258026
y3vBfCdY2tQ_clip0033_t00313,y3vBfCdY2tQ,313.314,316.03,2.716,1.0,1.0,7.56,E:\FPTU\PRJ\VN-AV-DF-Capstone\data\clips\tier1\440-9999\tier1_v3_clips_440_9999\y3vBfCdY2tQ_clip0033_t00313.mp4,tier1,1,1.0,0.0476063415408134,True,9,0.9898567199707032,0,0.7696025380006851
y3vBfCdY2tQ_clip0034_t00316,y3vBfCdY2tQ,316.13,319.422,3.292,1.0,1.0,9.14,E:\FPTU\PRJ\VN-AV-DF-Capstone\data\clips\tier1\440-9999\tier1_v3_clips_440_9999\y3vBfCdY2tQ_clip0034_t00316.mp4,tier1,1,1.0,0.0474496185779571,True,9,0.9898974299430848,0,0.7691758814551937
y3vBfCdY2tQ_clip0035_t00320,y3vBfCdY2tQ,320.674,323.23,2.556,1.0,1.0,6.2,E:\FPTU\PRJ\VN-AV-DF-Capstone\data\clips\tier1\440-9999\tier1_v3_clips_440_9999\y3vBfCdY2tQ_clip0035_t00320.mp4,tier1,1,1.0,0.047440767288208,True,9,0.9890992045402528,0,0.7690105159999161
y3vBfCdY2tQ_clip0038_t00330,y3vBfCdY2tQ,330.69,332.99,2.3,1.0,1.0,8.58,E:\FPTU\PRJ\VN-AV-DF-Capstone\data\clips\tier1\440-9999\tier1_v3_clips_440_9999\y3vBfCdY2tQ_clip0038_t00330.mp4,tier1,1,1.0,0.0766413435339927,True,9,0.929229736328125,0,0.8392783793018912
y3vBfCdY2tQ_clip0039_t00335,y3vBfCdY2tQ,335.33,339.646,4.316,1.0,1.0,6.83,E:\FPTU\PRJ\VN-AV-DF-Capstone\data\clips\tier1\440-9999\tier1_v3_clips_440_9999\y3vBfCdY2tQ_clip0039_t00335.mp4,tier1,1,1.0,0.0846926867961883,True,9,0.8618115186691284,0,0.8496687830259134
y3vBfCdY2tQ_clip0040_t00343,y3vBfCdY2tQ,343.714,346.75,3.036,1.0,1.0,7.59,E:\FPTU\PRJ\VN-AV-DF-Capstone\data\clips\tier1\440-9999\tier1_v3_clips_440_9999\y3vBfCdY2tQ_clip0040_t00343.mp4,tier1,1,1.0,0.0278027616441249,True,9,0.9781954288482666,0,0.7127243739585337
mHTLamr-Zqk_clip0081_t00799,mHTLamr-Zqk,799.554,803.07,3.516,1.0,1.0,15.9,E:\FPTU\PRJ\VN-AV-DF-Capstone\data\clips\tier2\tier2_v3_clips_0_999-001\mHTLamr-Zqk_clip0081_t00799.mp4,tier2,1,1.0,0.0204541441053152,True,9,0.4506319761276245,1,0.5992824909046026
mHTLamr-Zqk_clip0084_t00849,mHTLamr-Zqk,849.25,851.998,2.748,1.0,1.0,14.11,E:\FPTU\PRJ\VN-AV-DF-Capstone\data\clips\tier2\tier2_v3_clips_0_999-001\mHTLamr-Zqk_clip0084_t00849.mp4,tier2,1,1.0,0.0414011925458908,True,9,0.9405943751335144,1,0.7437320835442824
mHTLamr-Zqk_clip0085_t00852,mHTLamr-Zqk,852.354,859.582,7.228,1.0,1.0,15.19,E:\FPTU\PRJ\VN-AV-DF-Capstone\data\clips\tier2\tier2_v3_clips_0_999-001\mHTLamr-Zqk_clip0085_t00852.mp4,tier2,1,1.0,0.0406389720737934,True,9,0.911651611328125,1,0.7365145575379167
mHTLamr-Zqk_clip0086_t00861,mHTLamr-Zqk,861.026,863.038,2.012,1.0,1.0,15.04,E:\FPTU\PRJ\VN-AV-DF-Capstone\data\clips\tier2\tier2_v3_clips_0_999-001\mHTLamr-Zqk_clip0086_t00861.mp4,tier2,1,1.0,0.040177121758461,True,9,0.9424479603767396,1,0.7406707128777582
mHTLamr-Zqk_clip0087_t00863,mHTLamr-Zqk,863.234,869.598,6.364,1.0,1.0,15.17,E:\FPTU\PRJ\VN-AV-DF-Capstone\data\clips\tier2\tier2_v3_clips_0_999-001\mHTLamr-Zqk_clip0087_t00863.mp4,tier2,1,1.0,0.0417351238429546,True,9,0.9274899959564208,1,0.7423439349838777
mHTLamr-Zqk_clip0088_t00869,mHTLamr-Zqk,869.826,874.974,5.148,1.0,1.0,14.03,E:\FPTU\PRJ\VN-AV-DF-Capstone\data\clips\tier2\tier2_v3_clips_0_999-001\mHTLamr-Zqk_clip0088_t00869.mp4,tier2,1,1.0,0.041701316833496,True,9,0.9380292892456056,1,0.7441102256737282
mHTLamr-Zqk_clip0089_t00876,mHTLamr-Zqk,876.962,879.71,2.748,1.0,1.0,16.84,E:\FPTU\PRJ\VN-AV-DF-Capstone\data\clips\tier2\tier2_v3_clips_0_999-001\mHTLamr-Zqk_clip0089_t00876.mp4,tier2,1,1.0,0.0409194864332675,True,9,0.9514552354812622,1,0.7443152466289441
mHTLamr-Zqk_clip0090_t00880,mHTLamr-Zqk,880.93,883.774,2.844,1.0,1.0,16.21,E:\FPTU\PRJ\VN-AV-DF-Capstone\data\clips\tier2\tier2_v3_clips_0_999-001\mHTLamr-Zqk_clip0090_t00880.mp4,tier2,1,1.0,0.0402528904378414,True,9,0.951563596725464,1,0.7424890975183377
_adzgpYkn_c_clip0053_t00511,_adzgpYkn_c,511.458,515.646,4.188,1.0,1.0,5.11,E:\FPTU\PRJ\VN-AV-DF-Capstone\data\clips\tier1\440-9999\tier1_v3_clips_440_9999\_adzgpYkn_c_clip0053_t00511.mp4,tier1,1,1.0,0.0139631843194365,True,9,0.9452674388885498,2,0.6686028207853176
_adzgpYkn_c_clip0054_t00516,_adzgpYkn_c,516.194,521.982,5.788,1.0,1.0,4.15,E:\FPTU\PRJ\VN-AV-DF-Capstone\data\clips\tier1\440-9999\tier1_v3_clips_440_9999\_adzgpYkn_c_clip0054_t00516.mp4,tier1,1,1.0,0.0167411714792251,True,9,0.9474518895149232,2,0.6766783388309342
aArTJcMMmTw_clip0024_t00371,aArTJcMMmTw,371.97,376.97,5.0,1.0,1.0,1.78,E:\FPTU\PRJ\VN-AV-DF-Capstone\data\clips\tier1\0-100\tier1_v3_clips_0_100\aArTJcMMmTw_clip0024_t00371.mp4,tier1,1,1.0,0.012405751273036,True,9,0.4159233272075653,2,0.5708778663437122
aArTJcMMmTw_clip0025_t00379,aArTJcMMmTw,379.106,384.106,5.0,1.0,1.0,4.54,E:\FPTU\PRJ\VN-AV-DF-Capstone\data\clips\tier1\0-100\tier1_v3_clips_0_100\aArTJcMMmTw_clip0025_t00379.mp4,tier1,1,1.0,0.0102441124618053,True,9,0.5251937508583069,2,0.5841770316216318
aArTJcMMmTw_clip0026_t00383,aArTJcMMmTw,383.106,388.106,5.0,1.0,1.0,3.98,E:\FPTU\PRJ\VN-AV-DF-Capstone\data\clips\tier1\0-100\tier1_v3_clips_0_100\aArTJcMMmTw_clip0026_t00383.mp4,tier1,1,1.0,0.0102265905588865,True,9,0.9030265808105468,2,0.6508049092292014
7642303380873956616_clip0001_t00032,7642303380873956616,32.482,37.726,5.244,1.0,1.0,0.29,E:\FPTU\PRJ\VN-AV-DF-Capstone\data\clips\tier3\tier3_v3_clips_0_1262-001\7642303380873956616_clip0001_t00032.mp4,tier3,1,1.0,0.018678180873394,True,9,0.9158034920692444,3,0.6764553588065705
7642303380873956616_clip0002_t00038,7642303380873956616,38.082,41.822,3.74,1.0,1.0,-0.59,E:\FPTU\PRJ\VN-AV-DF-Capstone\data\clips\tier3\tier3_v3_clips_0_1262-001\7642303380873956616_clip0002_t00038.mp4,tier3,1,1.0,0.0186988022178411,True,9,0.907023549079895,3,0.6749630411283299
I-uqcg6HtaQ_clip0036_t00317,I-uqcg6HtaQ,317.41,322.846,5.436,1.0,1.0,12.03,E:\FPTU\PRJ\VN-AV-DF-Capstone\data\clips\tier2\tier2_v3_clips_0_999-001\I-uqcg6HtaQ_clip0036_t00317.mp4,tier2,1,1.0,0.0117964288219809,True,9,0.3628404438495636,4,0.5598235716904403
Nw3N73GJ2Zo_clip0022_t00343,Nw3N73GJ2Zo,343.362,347.454,4.092,1.0,1.0,2.99,E:\FPTU\PRJ\VN-AV-DF-Capstone\data\clips\tier1\100-300\tier1_v3_clips_100_300\Nw3N73GJ2Zo_clip0022_t00343.mp4,tier1,1,1.0,0.013639535754919,True,9,0.8738453984260559,4,0.6551030070207404
Nw3N73GJ2Zo_clip0023_t00347,Nw3N73GJ2Zo,347.938,354.526,6.588,1.0,1.0,3.92,E:\FPTU\PRJ\VN-AV-DF-Capstone\data\clips\tier1\100-300\tier1_v3_clips_100_300\Nw3N73GJ2Zo_clip0023_t00347.mp4,tier1,1,1.0,0.0168901085853576,True,9,0.9250263571739196,4,0.6731331797893341
3tEN20uif6g_clip0041_t00512,3tEN20uif6g,512.258,515.422,3.164,1.0,1.0,7.67,E:\FPTU\PRJ\VN-AV-DF-Capstone\data\clips\tier1\0-100\tier1_v3_clips_0_100\3tEN20uif6g_clip0041_t00512.mp4,tier1,1,1.0,0.0257428660988807,True,9,0.558624267578125,5,0.6329801994700762
CHkaAtJLN3E_clip0072_t01016,CHkaAtJLN3E,1016.13,1018.718,2.588,1.0,1.0,6.88,E:\FPTU\PRJ\VN-AV-DF-Capstone\data\clips\tier1\100-300\tier1_v3_clips_100_300\CHkaAtJLN3E_clip0072_t01016.mp4,tier1,1,1.0,0.0118142878636717,True,9,0.4617106020450592,5,0.5773206840827008
Nw3N73GJ2Zo_clip0067_t00766,Nw3N73GJ2Zo,766.53,778.526,11.996,0.917,1.0,4.3,E:\FPTU\PRJ\VN-AV-DF-Capstone\data\clips\tier1\100-300\tier1_v3_clips_100_300\Nw3N73GJ2Zo_clip0067_t00766.mp4,tier1,1,1.0,0.0120210265740752,True,9,0.3755797743797302,5,0.5626934205586958
Nw3N73GJ2Zo_clip0068_t00778,Nw3N73GJ2Zo,778.914,781.982,3.068,1.0,1.0,4.67,E:\FPTU\PRJ\VN-AV-DF-Capstone\data\clips\tier1\100-300\tier1_v3_clips_100_300\Nw3N73GJ2Zo_clip0068_t00778.mp4,tier1,1,1.0,0.0223615542054176,True,9,0.7434514164924622,5,0.6562366042874609
WsHg9aCVIw0_clip0024_t00213,WsHg9aCVIw0,213.218,219.07,5.852,0.833,1.0,3.68,E:\FPTU\PRJ\VN-AV-DF-Capstone\data\clips\tier1\400-440\tier1_v3_clips_400_440\WsHg9aCVIw0_clip0024_t00213.mp4,tier1,1,1.0,0.0141140092164278,True,9,0.9206655025482178,5,0.6646788162342105
Xigg3vUV2Gw_clip0000_t00013,Xigg3vUV2Gw,13.346,17.694,4.348,1.0,1.0,11.3,E:\FPTU\PRJ\VN-AV-DF-Capstone\data\clips\tier1\400-440\tier1_v3_clips_400_440\Xigg3vUV2Gw_clip0000_t00013.mp4,tier1,1,1.0,0.0161907579749822,True,9,0.8701686859130859,5,0.661516471232632
Xigg3vUV2Gw_clip0001_t00017,Xigg3vUV2Gw,17.794,20.606,2.812,1.0,1.0,12.38,E:\FPTU\PRJ\VN-AV-DF-Capstone\data\clips\tier1\400-440\tier1_v3_clips_400_440\Xigg3vUV2Gw_clip0001_t00017.mp4,tier1,1,1.0,0.0191578436642885,True,9,0.9055572152137756,5,0.6759749953071132
Xigg3vUV2Gw_clip0008_t00085,Xigg3vUV2Gw,85.858,88.574,2.716,1.0,1.0,12.27,E:\FPTU\PRJ\VN-AV-DF-Capstone\data\clips\tier1\400-440\tier1_v3_clips_400_440\Xigg3vUV2Gw_clip0008_t00085.mp4,tier1,1,1.0,0.018609844148159,True,9,0.9152321219444276,5,0.6761653589952592
Xigg3vUV2Gw_clip0028_t00270,Xigg3vUV2Gw,270.946,274.526,3.58,0.75,1.0,11.31,E:\FPTU\PRJ\VN-AV-DF-Capstone\data\clips\tier1\400-440\tier1_v3_clips_400_440\Xigg3vUV2Gw_clip0028_t00270.mp4,tier1,1,1.0,0.0108123878017067,True,9,0.9150059223175048,5,0.6545405151691406
_adzgpYkn_c_clip0044_t00437,_adzgpYkn_c,437.154,439.614,2.46,1.0,1.0,3.84,E:\FPTU\PRJ\VN-AV-DF-Capstone\data\clips\tier1\440-9999\tier1_v3_clips_440_9999\_adzgpYkn_c_clip0044_t00437.mp4,tier1,1,1.0,0.0107873696833848,True,9,0.9735246300697328,5,0.664798090769465
_adzgpYkn_c_clip0045_t00440,_adzgpYkn_c,440.13,448.414,8.284,1.0,1.0,3.5,E:\FPTU\PRJ\VN-AV-DF-Capstone\data\clips\tier1\440-9999\tier1_v3_clips_440_9999\_adzgpYkn_c_clip0045_t00440.mp4,tier1,1,1.0,0.0114831235259771,True,9,0.6953212022781372,5,0.6176293546820149
_adzgpYkn_c_clip0046_t00448,_adzgpYkn_c,448.514,452.638,4.124,0.75,1.0,4.0,E:\FPTU\PRJ\VN-AV-DF-Capstone\data\clips\tier1\440-9999\tier1_v3_clips_440_9999\_adzgpYkn_c_clip0046_t00448.mp4,tier1,1,1.0,0.0142524391412734,True,9,0.4813071489334106,5,0.5875281909783601
aArTJcMMmTw_clip0063_t00778,aArTJcMMmTw,778.786,783.786,5.0,1.0,1.0,4.36,E:\FPTU\PRJ\VN-AV-DF-Capstone\data\clips\tier1\0-100\tier1_v3_clips_0_100\aArTJcMMmTw_clip0063_t00778.mp4,tier1,1,1.0,0.0226752385497093,True,9,0.3469512164592743,5,0.5871343220592643
aArTJcMMmTw_clip0064_t00782,aArTJcMMmTw,782.786,787.786,5.0,1.0,1.0,4.58,E:\FPTU\PRJ\VN-AV-DF-Capstone\data\clips\tier1\0-100\tier1_v3_clips_0_100\aArTJcMMmTw_clip0064_t00782.mp4,tier1,1,1.0,0.0292590782046318,True,9,0.8425570726394653,5,0.6928195703708375
aArTJcMMmTw_clip0065_t00786,aArTJcMMmTw,786.786,791.786,5.0,1.0,1.0,5.04,E:\FPTU\PRJ\VN-AV-DF-Capstone\data\clips\tier1\0-100\tier1_v3_clips_0_100\aArTJcMMmTw_clip0065_t00786.mp4,tier1,1,1.0,0.0307870712131261,True,9,0.8976489305496216,5,0.7067714546760149
lq_tau31IE0_clip0036_t00668,lq_tau31IE0,668.098,673.098,5.0,1.0,1.0,5.93,E:\FPTU\PRJ\VN-AV-DF-Capstone\data\clips\tier1\100-300\tier1_v3_clips_100_300\lq_tau31IE0_clip0036_t00668.mp4,tier1,1,1.0,0.0133155342191457,True,9,0.9248485565185548,5,0.6632066629646118
lq_tau31IE0_clip0037_t00672,lq_tau31IE0,672.098,677.098,5.0,1.0,1.0,2.96,E:\FPTU\PRJ\VN-AV-DF-Capstone\data\clips\tier1\100-300\tier1_v3_clips_100_300\lq_tau31IE0_clip0037_t00672.mp4,tier1,1,1.0,0.0155147016048431,True,9,0.928701102733612,5,0.6699742613581858
lq_tau31IE0_clip0038_t00676,lq_tau31IE0,676.098,681.054,4.956,1.0,1.0,5.21,E:\FPTU\PRJ\VN-AV-DF-Capstone\data\clips\tier1\100-300\tier1_v3_clips_100_300\lq_tau31IE0_clip0038_t00676.mp4,tier1,1,1.0,0.0151198487728834,True,9,0.5949850678443909,5,0.6099901643841263
mHTLamr-Zqk_clip0024_t00295,mHTLamr-Zqk,295.234,300.234,5.0,1.0,1.0,13.77,E:\FPTU\PRJ\VN-AV-DF-Capstone\data\clips\tier2\tier2_v3_clips_0_999-001\mHTLamr-Zqk_clip0024_t00295.mp4,tier2,1,1.0,0.0134831927716732,True,9,0.9011836647987366,5,0.6594946181705234
mHTLamr-Zqk_clip0026_t00307,mHTLamr-Zqk,307.234,312.234,5.0,1.0,1.0,14.5,E:\FPTU\PRJ\VN-AV-DF-Capstone\data\clips\tier2\tier2_v3_clips_0_999-001\mHTLamr-Zqk_clip0026_t00307.mp4,tier2,1,1.0,0.0137204537168145,True,9,0.8961188197135925,5,0.659257607958214
tFTh1jkOT9Q_clip0012_t00173,tFTh1jkOT9Q,173.314,175.454,2.14,1.0,1.0,8.5,E:\FPTU\PRJ\VN-AV-DF-Capstone\data\clips\tier1\300-400\tier1_v3_clips_300_400\tFTh1jkOT9Q_clip0012_t00173.mp4,tier1,1,1.0,0.0259840711951255,True,9,0.8725593090057373,5,0.6890482050805872
tFTh1jkOT9Q_clip0013_t00175,tFTh1jkOT9Q,175.874,178.046,2.172,1.0,1.0,8.2,E:\FPTU\PRJ\VN-AV-DF-Capstone\data\clips\tier1\300-400\tier1_v3_clips_300_400\tFTh1jkOT9Q_clip0013_t00175.mp4,tier1,1,1.0,0.0322854556143283,True,9,0.8629871010780334,5,0.7048024903971349
R5y53Ud7Fs8_clip0047_t00545,R5y53Ud7Fs8,545.378,554.366,8.988,1.0,1.0,5.69,E:\FPTU\PRJ\VN-AV-DF-Capstone\data\clips\tier1\300-400\tier1_v3_clips_300_400\R5y53Ud7Fs8_clip0047_t00545.mp4,tier1,1,0.7777777777777778,0.0172982178628444,True,9,0.6185266375541687,6,0.5155995590744059
R5y53Ud7Fs8_clip0048_t00568,R5y53Ud7Fs8,568.162,573.162,5.0,1.0,1.0,6.11,E:\FPTU\PRJ\VN-AV-DF-Capstone\data\clips\tier1\300-400\tier1_v3_clips_300_400\R5y53Ud7Fs8_clip0048_t00568.mp4,tier1,1,1.0,0.015057548880577,True,9,0.5180881023406982,6,0.5962476530256824
R5y53Ud7Fs8_clip0050_t00606,R5y53Ud7Fs8,606.562,608.862,2.3,1.0,1.0,5.92,E:\FPTU\PRJ\VN-AV-DF-Capstone\data\clips\tier1\300-400\tier1_v3_clips_300_400\R5y53Ud7Fs8_clip0050_t00606.mp4,tier1,1,0.6666666666666666,0.026534654200077,True,9,0.5517683625221252,6,0.47709941736603256
_UEZaDjz02I_clip0008_t00057,_UEZaDjz02I,57.282,59.326,2.044,1.0,1.0,3.17,E:\FPTU\PRJ\VN-AV-DF-Capstone\data\clips\tier1\440-9999\tier1_v3_clips_440_9999\_UEZaDjz02I_clip0008_t00057.mp4,tier1,1,1.0,0.0638705715537071,True,9,0.9358372092247008,8,0.805092340509365
_UEZaDjz02I_clip0009_t00061,_UEZaDjz02I,61.122,64.126,3.004,1.0,1.0,4.28,E:\FPTU\PRJ\VN-AV-DF-Capstone\data\clips\tier1\440-9999\tier1_v3_clips_440_9999\_UEZaDjz02I_clip0009_t00061.mp4,tier1,1,1.0,0.062709242105484,True,9,0.922439455986023,8,0.7995132378058007
_UEZaDjz02I_clip0011_t00123,_UEZaDjz02I,123.97,127.614,3.644,1.0,1.0,3.21,E:\FPTU\PRJ\VN-AV-DF-Capstone\data\clips\tier1\440-9999\tier1_v3_clips_440_9999\_UEZaDjz02I_clip0011_t00123.mp4,tier1,1,1.0,0.0662407800555229,True,9,0.9315202236175536,8,0.8108917330007236
_UEZaDjz02I_clip0013_t00142,_UEZaDjz02I,142.082,145.214,3.132,1.0,1.0,2.45,E:\FPTU\PRJ\VN-AV-DF-Capstone\data\clips\tier1\440-9999\tier1_v3_clips_440_9999\_UEZaDjz02I_clip0013_t00142.mp4,tier1,1,1.0,0.0403884463012218,True,9,0.9960299730300904,8,0.7507113509744077
_UEZaDjz02I_clip0018_t00208,_UEZaDjz02I,208.034,210.462,2.428,1.0,1.0,4.6,E:\FPTU\PRJ\VN-AV-DF-Capstone\data\clips\tier1\440-9999\tier1_v3_clips_440_9999\_UEZaDjz02I_clip0018_t00208.mp4,tier1,1,1.0,0.0666023269295692,True,9,0.8296165466308594,8,0.7939095655880494
_UEZaDjz02I_clip0019_t00210,_UEZaDjz02I,210.85,213.502,2.652,1.0,1.0,2.93,E:\FPTU\PRJ\VN-AV-DF-Capstone\data\clips\tier1\440-9999\tier1_v3_clips_440_9999\_UEZaDjz02I_clip0019_t00210.mp4,tier1,1,1.0,0.0594142861664295,True,9,0.9946543574333192,8,0.8031359437071934
_UEZaDjz02I_clip0020_t00214,_UEZaDjz02I,214.21,216.51,2.3,1.0,1.0,2.8,E:\FPTU\PRJ\VN-AV-DF-Capstone\data\clips\tier1\440-9999\tier1_v3_clips_440_9999\_UEZaDjz02I_clip0020_t00214.mp4,tier1,1,1.0,0.0594153925776481,True,9,0.9967896938323976,8,0.8035158305462308
_UEZaDjz02I_clip0021_t00227,_UEZaDjz02I,227.362,230.27,2.908,1.0,1.0,4.03,E:\FPTU\PRJ\VN-AV-DF-Capstone\data\clips\tier1\440-9999\tier1_v3_clips_440_9999\_UEZaDjz02I_clip0021_t00227.mp4,tier1,1,1.0,0.0653480887413024,True,9,0.9023615717887878,8,0.803274939595771
_UEZaDjz02I_clip0023_t00250,_UEZaDjz02I,250.018,253.822,3.804,1.0,1.0,2.48,E:\FPTU\PRJ\VN-AV-DF-Capstone\data\clips\tier1\440-9999\tier1_v3_clips_440_9999\_UEZaDjz02I_clip0023_t00250.mp4,tier1,1,1.0,0.0421455092728138,True,9,0.9979719519615172,8,0.7559179565662979
_UEZaDjz02I_clip0026_t00290,_UEZaDjz02I,290.498,298.494,7.996,1.0,1.0,3.65,E:\FPTU\PRJ\VN-AV-DF-Capstone\data\clips\tier1\440-9999\tier1_v3_clips_440_9999\_UEZaDjz02I_clip0026_t00290.mp4,tier1,1,1.0,0.0453610010445117,True,9,0.996159017086029,8,0.7644991543333615
_UEZaDjz02I_clip0027_t00306,_UEZaDjz02I,306.594,309.534,2.94,1.0,1.0,3.07,E:\FPTU\PRJ\VN-AV-DF-Capstone\data\clips\tier1\440-9999\tier1_v3_clips_440_9999\_UEZaDjz02I_clip0027_t00306.mp4,tier1,1,1.0,0.0658978596329689,True,9,0.9360565543174744,8,0.810742989300405
_UEZaDjz02I_clip0030_t00343,_UEZaDjz02I,343.906,346.814,2.908,1.0,1.0,4.01,E:\FPTU\PRJ\VN-AV-DF-Capstone\data\clips\tier1\440-9999\tier1_v3_clips_440_9999\_UEZaDjz02I_clip0030_t00343.mp4,tier1,1,1.0,0.06611979752779,True,9,0.8710166215896606,8,0.7998797228095252
_UEZaDjz02I_clip0031_t00346,_UEZaDjz02I,346.946,351.102,4.156,1.0,1.0,5.04,E:\FPTU\PRJ\VN-AV-DF-Capstone\data\clips\tier1\440-9999\tier1_v3_clips_440_9999\_UEZaDjz02I_clip0031_t00346.mp4,tier1,1,1.0,0.0602309182286262,True,9,0.8473069667816162,8,0.7793940646730786
_UEZaDjz02I_clip0036_t00385,_UEZaDjz02I,385.186,388.414,3.228,1.0,1.0,3.73,E:\FPTU\PRJ\VN-AV-DF-Capstone\data\clips\tier1\440-9999\tier1_v3_clips_440_9999\_UEZaDjz02I_clip0036_t00385.mp4,tier1,1,1.0,0.0651389509439468,True,9,0.919297218322754,8,0.8056846476476417
_UEZaDjz02I_clip0037_t00417,_UEZaDjz02I,417.378,421.182,3.804,1.0,1.0,3.5,E:\FPTU\PRJ\VN-AV-DF-Capstone\data\clips\tier1\440-9999\tier1_v3_clips_440_9999\_UEZaDjz02I_clip0037_t00417.mp4,tier1,1,1.0,0.1454454064369201,True,9,0.9997896552085876,8,0.9999628803309273
_UEZaDjz02I_clip0038_t00422,_UEZaDjz02I,422.018,424.862,2.844,1.0,1.0,3.75,E:\FPTU\PRJ\VN-AV-DF-Capstone\data\clips\tier1\440-9999\tier1_v3_clips_440_9999\_UEZaDjz02I_clip0038_t00422.mp4,tier1,1,1.0,0.1285729855298996,True,9,0.8326018452644348,8,0.9659836204266561
_UEZaDjz02I_clip0040_t00432,_UEZaDjz02I,432.642,434.654,2.012,1.0,1.0,3.34,E:\FPTU\PRJ\VN-AV-DF-Capstone\data\clips\tier1\440-9999\tier1_v3_clips_440_9999\_UEZaDjz02I_clip0040_t00432.mp4,tier1,1,0.7777777777777778,0.0383883789181709,True,9,0.5263655185699463,8,0.5577176365481687
_UEZaDjz02I_clip0041_t00463,_UEZaDjz02I,463.906,467.006,3.1,1.0,1.0,2.72,E:\FPTU\PRJ\VN-AV-DF-Capstone\data\clips\tier1\440-9999\tier1_v3_clips_440_9999\_UEZaDjz02I_clip0041_t00463.mp4,tier1,1,1.0,0.1104480475187301,True,9,0.999592900276184,8,0.9452791590971723
_UEZaDjz02I_clip0042_t00472,_UEZaDjz02I,472.674,476.126,3.452,1.0,1.0,4.22,E:\FPTU\PRJ\VN-AV-DF-Capstone\data\clips\tier1\440-9999\tier1_v3_clips_440_9999\_UEZaDjz02I_clip0042_t00472.mp4,tier1,1,1.0,0.0592276379466056,True,9,0.9981306791305542,8,0.803232732458281
_UEZaDjz02I_clip0043_t00486,_UEZaDjz02I,486.242,488.35,2.108,1.0,1.0,3.32,E:\FPTU\PRJ\VN-AV-DF-Capstone\data\clips\tier1\440-9999\tier1_v3_clips_440_9999\_UEZaDjz02I_clip0043_t00486.mp4,tier1,1,1.0,0.0791434347629547,True,9,0.9999099373817444,8,0.8586776473328707
_UEZaDjz02I_clip0044_t00488,_UEZaDjz02I,488.802,492.19,3.388,1.0,1.0,3.26,E:\FPTU\PRJ\VN-AV-DF-Capstone\data\clips\tier1\440-9999\tier1_v3_clips_440_9999\_UEZaDjz02I_clip0044_t00488.mp4,tier1,1,1.0,0.0753762498497963,True,9,0.7897777557373047,8,0.8111671726889687
_UEZaDjz02I_clip0049_t00515,_UEZaDjz02I,515.522,520.35,4.828,1.0,1.0,2.94,E:\FPTU\PRJ\VN-AV-DF-Capstone\data\clips\tier1\440-9999\tier1_v3_clips_440_9999\_UEZaDjz02I_clip0049_t00515.mp4,tier1,1,1.0,0.065719686448574,True,9,0.8875357508659363,8,0.8016872753912649
_UEZaDjz02I_clip0050_t00525,_UEZaDjz02I,525.026,529.054,4.028,1.0,1.0,3.76,E:\FPTU\PRJ\VN-AV-DF-Capstone\data\clips\tier1\440-9999\tier1_v3_clips_440_9999\_UEZaDjz02I_clip0050_t00525.mp4,tier1,1,1.0,0.066057913005352,True,9,0.9229018092155457,8,0.8088646235953395
_UEZaDjz02I_clip0051_t00529,_UEZaDjz02I,529.346,531.678,2.332,1.0,1.0,2.79,E:\FPTU\PRJ\VN-AV-DF-Capstone\data\clips\tier1\440-9999\tier1_v3_clips_440_9999\_UEZaDjz02I_clip0051_t00529.mp4,tier1,1,1.0,0.0495328642427921,True,9,0.434170663356781,8,0.6768732947339309
bhO764uZyDA_clip0000_t00000,bhO764uZyDA,0.13,4.254,4.124,1.0,1.0,34.46,E:\FPTU\PRJ\VN-AV-DF-Capstone\data\clips\tier1\100-300\tier1_v3_clips_100_300\bhO764uZyDA_clip0000_t00000.mp4,tier1,1,1.0,0.0716724321246147,True,9,0.9477306008338928,9,0.8287882923460712
bhO764uZyDA_clip0004_t00018,bhO764uZyDA,18.946,22.462,3.516,1.0,1.0,34.49,E:\FPTU\PRJ\VN-AV-DF-Capstone\data\clips\tier1\100-300\tier1_v3_clips_100_300\bhO764uZyDA_clip0004_t00018.mp4,tier1,1,1.0,0.1047263219952583,True,9,0.6250357031822205,9,0.8633419440371275
bhO764uZyDA_clip0015_t00065,bhO764uZyDA,65.314,67.966,2.652,1.0,1.0,34.43,E:\FPTU\PRJ\VN-AV-DF-Capstone\data\clips\tier1\100-300\tier1_v3_clips_100_300\bhO764uZyDA_clip0015_t00065.mp4,tier1,1,1.0,0.1492665559053421,True,9,0.97915118932724,9,0.9963207981165718
bhO764uZyDA_clip0017_t00071,bhO764uZyDA,71.234,74.334,3.1,1.0,1.0,35.47,E:\FPTU\PRJ\VN-AV-DF-Capstone\data\clips\tier1\100-300\tier1_v3_clips_100_300\bhO764uZyDA_clip0017_t00071.mp4,tier1,1,1.0,0.1376796662807464,True,9,0.9965088963508606,9,0.9993839228854461
bhO764uZyDA_clip0020_t00087,bhO764uZyDA,87.618,90.654,3.036,1.0,1.0,34.95,E:\FPTU\PRJ\VN-AV-DF-Capstone\data\clips\tier1\100-300\tier1_v3_clips_100_300\bhO764uZyDA_clip0020_t00087.mp4,tier1,1,1.0,0.0300209000706672,True,9,0.9637482762336732,9,0.7163151293888356
bhO764uZyDA_clip0023_t00104,bhO764uZyDA,104.258,106.526,2.268,1.0,1.0,33.6,E:\FPTU\PRJ\VN-AV-DF-Capstone\data\clips\tier1\100-300\tier1_v3_clips_100_300\bhO764uZyDA_clip0023_t00104.mp4,tier1,1,1.0,0.0200184881687164,True,9,0.9439367651939392,9,0.6851302940228524
bhO764uZyDA_clip0026_t00121,bhO764uZyDA,121.378,125.918,4.54,1.0,1.0,34.49,E:\FPTU\PRJ\VN-AV-DF-Capstone\data\clips\tier1\100-300\tier1_v3_clips_100_300\bhO764uZyDA_clip0026_t00121.mp4,tier1,1,1.0,0.0799279883503913,True,9,0.5608220100402832,9,0.7833633445119916
bhO764uZyDA_clip0029_t00133,bhO764uZyDA,133.954,136.734,2.78,1.0,1.0,34.3,E:\FPTU\PRJ\VN-AV-DF-Capstone\data\clips\tier1\100-300\tier1_v3_clips_100_300\bhO764uZyDA_clip0029_t00133.mp4,tier1,1,1.0,0.0890580862760543,True,9,0.98345947265625,9,0.8832203721111842
bhO764uZyDA_clip0033_t00173,bhO764uZyDA,173.506,175.71,2.204,1.0,1.0,34.2,E:\FPTU\PRJ\VN-AV-DF-Capstone\data\clips\tier1\100-300\tier1_v3_clips_100_300\bhO764uZyDA_clip0033_t00173.mp4,tier1,1,1.0,0.0667109489440918,True,9,0.992193639278412,9,0.8229003283274338
bhO764uZyDA_clip0038_t00194,bhO764uZyDA,194.146,196.606,2.46,1.0,1.0,34.26,E:\FPTU\PRJ\VN-AV-DF-Capstone\data\clips\tier1\100-300\tier1_v3_clips_100_300\bhO764uZyDA_clip0038_t00194.mp4,tier1,1,1.0,0.1880603283643722,True,9,0.9659368991851808,9,0.9939888645620908
bhO764uZyDA_clip0041_t00204,bhO764uZyDA,204.898,207.262,2.364,1.0,1.0,33.94,E:\FPTU\PRJ\VN-AV-DF-Capstone\data\clips\tier1\100-300\tier1_v3_clips_100_300\bhO764uZyDA_clip0041_t00204.mp4,tier1,1,1.0,0.189600259065628,True,9,0.9655335545539856,9,0.9939176860977622
bhO764uZyDA_clip0046_t00237,bhO764uZyDA,237.25,239.966,2.716,1.0,1.0,34.05,E:\FPTU\PRJ\VN-AV-DF-Capstone\data\clips\tier1\100-300\tier1_v3_clips_100_300\bhO764uZyDA_clip0046_t00237.mp4,tier1,1,1.0,0.0839819908142089,True,9,0.979910969734192,9,0.8685425133168332
bhO764uZyDA_clip0048_t00245,bhO764uZyDA,245.218,249.15,3.932,1.0,1.0,34.86,E:\FPTU\PRJ\VN-AV-DF-Capstone\data\clips\tier1\100-300\tier1_v3_clips_100_300\bhO764uZyDA_clip0048_t00245.mp4,tier1,1,1.0,0.0839354246854782,True,9,0.9820001125335692,9,0.8687822811726873
bhO764uZyDA_clip0050_t00268,bhO764uZyDA,268.962,274.014,5.052,1.0,1.0,34.21,E:\FPTU\PRJ\VN-AV-DF-Capstone\data\clips\tier1\100-300\tier1_v3_clips_100_300\bhO764uZyDA_clip0050_t00268.mp4,tier1,1,1.0,0.0206890907138586,True,9,0.9543946385383606,9,0.6888321637015676
bhO764uZyDA_clip0055_t00310,bhO764uZyDA,310.434,313.246,2.812,1.0,1.0,34.9,E:\FPTU\PRJ\VN-AV-DF-Capstone\data\clips\tier1\100-300\tier1_v3_clips_100_300\bhO764uZyDA_clip0055_t00310.mp4,tier1,1,1.0,0.188754141330719,True,9,0.9589163661003112,9,0.9927499469588785
bhO764uZyDA_clip0058_t00328,bhO764uZyDA,328.898,334.014,5.116,1.0,1.0,34.97,E:\FPTU\PRJ\VN-AV-DF-Capstone\data\clips\tier1\100-300\tier1_v3_clips_100_300\bhO764uZyDA_clip0058_t00328.mp4,tier1,1,1.0,0.1800557076930999,True,9,0.9849452972412108,9,0.997343287748449
bhO764uZyDA_clip0059_t00334,bhO764uZyDA,334.498,339.39,4.892,1.0,1.0,34.54,E:\FPTU\PRJ\VN-AV-DF-Capstone\data\clips\tier1\100-300\tier1_v3_clips_100_300\bhO764uZyDA_clip0059_t00334.mp4,tier1,1,1.0,0.1818135678768158,True,9,0.986512303352356,9,0.9976198182386511
bhO764uZyDA_clip0060_t00342,bhO764uZyDA,342.37,344.766,2.396,1.0,1.0,34.1,E:\FPTU\PRJ\VN-AV-DF-Capstone\data\clips\tier1\100-300\tier1_v3_clips_100_300\bhO764uZyDA_clip0060_t00342.mp4,tier1,1,1.0,0.2042872607707977,True,9,0.8007601499557495,9,0.9648400264627794
bhO764uZyDA_clip0062_t00348,bhO764uZyDA,348.29,351.422,3.132,1.0,1.0,34.41,E:\FPTU\PRJ\VN-AV-DF-Capstone\data\clips\tier1\100-300\tier1_v3_clips_100_300\bhO764uZyDA_clip0062_t00348.mp4,tier1,1,1.0,0.1555855572223663,True,9,0.3616178333759308,9,0.887344323536929
bhO764uZyDA_clip0063_t00353,bhO764uZyDA,353.89,356.35,2.46,1.0,1.0,33.99,E:\FPTU\PRJ\VN-AV-DF-Capstone\data\clips\tier1\100-300\tier1_v3_clips_100_300\bhO764uZyDA_clip0063_t00353.mp4,tier1,1,1.0,0.1104303523898124,True,9,0.9752095341682434,9,0.9409272284638608
bhO764uZyDA_clip0064_t00362,bhO764uZyDA,362.082,366.942,4.86,1.0,1.0,34.3,E:\FPTU\PRJ\VN-AV-DF-Capstone\data\clips\tier1\100-300\tier1_v3_clips_100_300\bhO764uZyDA_clip0064_t00362.mp4,tier1,1,1.0,0.1149406060576438,True,9,0.9763054251670836,9,0.9536059095846752
bhO764uZyDA_clip0073_t00425,bhO764uZyDA,425.25,428.798,3.548,1.0,1.0,34.51,E:\FPTU\PRJ\VN-AV-DF-Capstone\data\clips\tier1\100-300\tier1_v3_clips_100_300\bhO764uZyDA_clip0073_t00425.mp4,tier1,1,1.0,0.0613698177039623,True,9,0.9672677516937256,9,0.80371631758742
bhO764uZyDA_clip0081_t00510,bhO764uZyDA,510.242,512.606,2.364,1.0,1.0,34.1,E:\FPTU\PRJ\VN-AV-DF-Capstone\data\clips\tier1\100-300\tier1_v3_clips_100_300\bhO764uZyDA_clip0081_t00510.mp4,tier1,1,1.0,0.1911209523677826,True,9,0.9679295420646667,9,0.9943405074231766
bhO764uZyDA_clip0083_t00518,bhO764uZyDA,518.786,521.022,2.236,1.0,1.0,34.79,E:\FPTU\PRJ\VN-AV-DF-Capstone\data\clips\tier1\100-300\tier1_v3_clips_100_300\bhO764uZyDA_clip0083_t00518.mp4,tier1,1,1.0,0.1870006322860717,True,9,0.9664971828460692,9,0.9940877381493064
bhO764uZyDA_clip0087_t00543,bhO764uZyDA,543.746,547.582,3.836,1.0,1.0,34.56,E:\FPTU\PRJ\VN-AV-DF-Capstone\data\clips\tier1\100-300\tier1_v3_clips_100_300\bhO764uZyDA_clip0087_t00543.mp4,tier1,1,1.0,0.0213064812123775,True,9,0.7698185443878174,9,0.6579689727713472
bhO764uZyDA_clip0089_t00553,bhO764uZyDA,553.922,556.158,2.236,1.0,1.0,34.44,E:\FPTU\PRJ\VN-AV-DF-Capstone\data\clips\tier1\100-300\tier1_v3_clips_100_300\bhO764uZyDA_clip0089_t00553.mp4,tier1,1,1.0,0.0216382127255201,True,9,0.7687100172042847,9,0.6586916498246387
bhO764uZyDA_clip0092_t00589,bhO764uZyDA,589.634,592.478,2.844,1.0,1.0,34.42,E:\FPTU\PRJ\VN-AV-DF-Capstone\data\clips\tier1\100-300\tier1_v3_clips_100_300\bhO764uZyDA_clip0092_t00589.mp4,tier1,1,1.0,0.0333353579044342,True,9,0.9778133034706116,9,0.7279722784191669
bhO764uZyDA_clip0095_t00599,bhO764uZyDA,599.97,604.286,4.316,1.0,1.0,33.92,E:\FPTU\PRJ\VN-AV-DF-Capstone\data\clips\tier1\100-300\tier1_v3_clips_100_300\bhO764uZyDA_clip0095_t00599.mp4,tier1,1,1.0,0.024616515263915,True,9,0.9757148027420044,9,0.7034664460805684
bhO764uZyDA_clip0097_t00608,bhO764uZyDA,608.546,610.718,2.172,1.0,1.0,34.37,E:\FPTU\PRJ\VN-AV-DF-Capstone\data\clips\tier1\100-300\tier1_v3_clips_100_300\bhO764uZyDA_clip0097_t00608.mp4,tier1,1,1.0,0.1947584599256515,True,9,0.9713581800460817,9,0.9949455611846028
bhO764uZyDA_clip0100_t00615,bhO764uZyDA,615.746,619.038,3.292,1.0,1.0,34.83,E:\FPTU\PRJ\VN-AV-DF-Capstone\data\clips\tier1\100-300\tier1_v3_clips_100_300\bhO764uZyDA_clip0100_t00615.mp4,tier1,1,1.0,0.1875480860471725,True,9,0.9648403525352478,9,0.9937953563297497
7470509227027516679_clip0001_t00010,7470509227027516679,10.594,14.91,4.316,1.0,1.0,10.87,E:\FPTU\PRJ\VN-AV-DF-Capstone\data\clips\tier3\tier3_v3_clips_0_1262-001\7470509227027516679_clip0001_t00010.mp4,tier3,1,1.0,0.1098941564559936,True,9,0.8182381391525269,10,0.9117420959436259
7470509227027516679_clip0005_t00083,7470509227027516679,83.778,86.43,2.652,1.0,1.0,12.6,E:\FPTU\PRJ\VN-AV-DF-Capstone\data\clips\tier3\tier3_v3_clips_0_1262-001\7470509227027516679_clip0005_t00083.mp4,tier3,1,1.0,0.2629068791866302,True,9,0.865580677986145,10,0.9762789431740256
7473460849152249096_clip0000_t00000,7473460849152249096,0.802,5.802,5.0,1.0,1.0,4.93,E:\FPTU\PRJ\VN-AV-DF-Capstone\data\clips\tier3\tier3_v3_clips_0_1262-001\7473460849152249096_clip0000_t00000.mp4,tier3,1,1.0,0.0749203711748123,True,9,0.8633162379264832,10,0.8228825881071792
7473460849152249096_clip0003_t00012,7473460849152249096,12.802,17.802,5.0,1.0,1.0,4.73,E:\FPTU\PRJ\VN-AV-DF-Capstone\data\clips\tier3\tier3_v3_clips_0_1262-001\7473460849152249096_clip0003_t00012.mp4,tier3,1,1.0,0.0983044579625129,True,9,0.6823157668113708,10,0.8556731802962276
7480166207929306386_clip0000_t00001,7480166207929306386,1.794,4.254,2.46,1.0,1.0,-2.56,E:\FPTU\PRJ\VN-AV-DF-Capstone\data\clips\tier3\tier3_v3_clips_0_1262-001\7480166207929306386_clip0000_t00001.mp4,tier3,1,1.0,0.0160797350108623,True,9,0.8056805729866028,10,0.6498288821330134
7483123814390304008_clip0002_t00057,7483123814390304008,57.122,60.03,2.908,1.0,1.0,4.86,E:\FPTU\PRJ\VN-AV-DF-Capstone\data\clips\tier3\tier3_v3_clips_0_1262-001\7483123814390304008_clip0002_t00057.mp4,tier3,1,1.0,0.0191172882914543,True,9,0.668208122253418,10,0.6339775958327468
7483123814390304008_clip0009_t00124,7483123814390304008,124.642,126.654,2.012,1.0,1.0,-1.31,E:\FPTU\PRJ\VN-AV-DF-Capstone\data\clips\tier3\tier3_v3_clips_0_1262-001\7483123814390304008_clip0009_t00124.mp4,tier3,1,1.0,0.0192939210683107,True,9,0.6365934014320374,10,0.6288874824772545
7491284887240985864_clip0005_t00043,7491284887240985864,43.138,45.502,2.364,1.0,1.0,3.49,E:\FPTU\PRJ\VN-AV-DF-Capstone\data\clips\tier3\tier3_v3_clips_0_1262-001\7491284887240985864_clip0005_t00043.mp4,tier3,1,1.0,0.0980042442679405,True,9,0.8421800136566162,10,0.8830534661333878
7492756105437891847_clip0005_t00059,7492756105437891847,59.17,61.566,2.396,1.0,1.0,5.52,E:\FPTU\PRJ\VN-AV-DF-Capstone\data\clips\tier3\tier3_v3_clips_0_1262-001\7492756105437891847_clip0005_t00059.mp4,tier3,1,1.0,0.1533660292625427,True,9,0.772577166557312,10,0.9598665588042317
7504901787435076871_clip0000_t00000,7504901787435076871,0.066,2.334,2.268,1.0,1.0,5.47,E:\FPTU\PRJ\VN-AV-DF-Capstone\data\clips\tier3\tier3_v3_clips_0_1262-001\7504901787435076871_clip0000_t00000.mp4,tier3,1,1.0,0.1796521544456482,True,9,0.7762436270713806,10,0.9605135812478908
7510216055470443783_clip0020_t00214,7510216055470443783,214.466,217.566,3.1,1.0,1.0,5.78,E:\FPTU\PRJ\VN-AV-DF-Capstone\data\clips\tier3\tier3_v3_clips_0_1262-001\7510216055470443783_clip0020_t00214.mp4,tier3,1,1.0,0.1264869123697281,True,9,0.8487310409545898,10,0.9630552793261982
7515427017236450568_clip0002_t00121,7515427017236450568,121.57,124.51,2.94,1.0,1.0,2.42,E:\FPTU\PRJ\VN-AV-DF-Capstone\data\clips\tier3\tier3_v3_clips_0_1262-001\7515427017236450568_clip0002_t00121.mp4,tier3,1,1.0,0.115185908973217,True,9,0.7246028780937195,10,0.9098668608118776
7519485726661168391_clip0008_t00046,7519485726661168391,46.498,50.462,3.964,1.0,1.0,6.37,E:\FPTU\PRJ\VN-AV-DF-Capstone\data\clips\tier3\tier3_v3_clips_0_1262-001\7519485726661168391_clip0008_t00046.mp4,tier3,1,1.0,0.1404430121183395,True,9,0.8334599733352661,10,0.9706105835297529
7542119536678440213_clip0000_t00000,7542119536678440213,0.002,3.55,3.548,1.0,1.0,-3.71,E:\FPTU\PRJ\VN-AV-DF-Capstone\data\clips\tier3\tier3_v3_clips_0_1262-001\7542119536678440213_clip0000_t00000.mp4,tier3,1,1.0,0.0546444691717624,True,9,0.8467212319374084,10,0.7638262859859446
7544723202199538964_clip0002_t00046,7544723202199538964,46.434,48.83,2.396,1.0,1.0,0.97,E:\FPTU\PRJ\VN-AV-DF-Capstone\data\clips\tier3\tier3_v3_clips_0_1262-001\7544723202199538964_clip0002_t00046.mp4,tier3,1,1.0,0.1116769313812255,True,9,0.4025908708572387,10,0.8433276572917667
7551395128355736849_clip0010_t00134,7551395128355736849,134.114,137.374,3.26,1.0,1.0,1.87,E:\FPTU\PRJ\VN-AV-DF-Capstone\data\clips\tier3\tier3_v3_clips_0_1262-001\7551395128355736849_clip0010_t00134.mp4,tier3,1,1.0,0.1410553902387619,True,9,0.7840641736984253,10,0.9618936777114869
7553632924390804757_clip0007_t00094,7553632924390804757,94.53,96.638,2.108,1.0,1.0,2.2,E:\FPTU\PRJ\VN-AV-DF-Capstone\data\clips\tier3\tier3_v3_clips_0_1262-001\7553632924390804757_clip0007_t00094.mp4,tier3,1,1.0,0.2111144065856933,True,9,0.8641875386238098,10,0.9760330950512606
7562167018695167252_clip0000_t00006,7562167018695167252,6.178,9.406,3.228,1.0,1.0,3.46,E:\FPTU\PRJ\VN-AV-DF-Capstone\data\clips\tier3\tier3_v3_clips_0_1262-001\7562167018695167252_clip0000_t00006.mp4,tier3,1,1.0,0.1724095344543457,True,9,0.8073963522911072,10,0.9660111209925484
7572553728738266389_clip0000_t00003,7572553728738266389,3.17,5.79,2.62,1.0,1.0,-2.17,E:\FPTU\PRJ\VN-AV-DF-Capstone\data\clips\tier3\tier3_v3_clips_0_1262-001\7572553728738266389_clip0000_t00003.mp4,tier3,1,1.0,0.0868453681468963,True,9,0.8567939400672913,10,0.8547423825880427
7577398141863922964_clip0007_t00121,7577398141863922964,121.794,126.794,5.0,1.0,1.0,1.12,E:\FPTU\PRJ\VN-AV-DF-Capstone\data\clips\tier3\tier3_v3_clips_0_1262-001\7577398141863922964_clip0007_t00121.mp4,tier3,1,1.0,0.23876953125,True,9,0.7956684827804565,10,0.9639414969612571
7580352653662702869_clip0003_t00038,7580352653662702869,38.85,42.718,3.868,1.0,1.0,2.21,E:\FPTU\PRJ\VN-AV-DF-Capstone\data\clips\tier3\tier3_v3_clips_0_1262-001\7580352653662702869_clip0003_t00038.mp4,tier3,1,1.0,0.087292768061161,True,9,0.9295181632041932,10,0.8688145619019383
7585912099348434196_clip0016_t00181,7585912099348434196,181.026,183.902,2.876,1.0,1.0,2.31,E:\FPTU\PRJ\VN-AV-DF-Capstone\data\clips\tier3\tier3_v3_clips_0_1262-001\7585912099348434196_clip0016_t00181.mp4,tier3,1,1.0,0.2672883570194244,True,9,0.7041264772415161,10,0.9477870253955617
7590355120777448725_clip0000_t00000,7590355120777448725,0.386,2.558,2.172,1.0,1.0,1.21,E:\FPTU\PRJ\VN-AV-DF-Capstone\data\clips\tier3\tier3_v3_clips_0_1262-001\7590355120777448725_clip0000_t00000.mp4,tier3,1,1.0,0.1239622458815574,True,9,0.7263948917388916,10,0.9344777628826985
7594453282039532820_clip0002_t00030,7594453282039532820,30.914,36.158,5.244,1.0,1.0,10.04,E:\FPTU\PRJ\VN-AV-DF-Capstone\data\clips\tier3\tier3_v3_clips_0_1262-001\7594453282039532820_clip0002_t00030.mp4,tier3,1,1.0,0.2512227892875671,True,9,0.8784264326095581,10,0.9785458410487456
7595203251331403029_clip0002_t00015,7595203251331403029,15.042,18.43,3.388,1.0,1.0,4.99,E:\FPTU\PRJ\VN-AV-DF-Capstone\data\clips\tier3\tier3_v3_clips_0_1262-001\7595203251331403029_clip0002_t00015.mp4,tier3,1,1.0,0.2057531476020813,True,9,0.7957183122634888,10,0.9639502903994392
7600389249610861844_clip0023_t00194,7600389249610861844,194.21,196.51,2.3,1.0,1.0,6.19,E:\FPTU\PRJ\VN-AV-DF-Capstone\data\clips\tier3\tier3_v3_clips_0_1262-001\7600389249610861844_clip0023_t00194.mp4,tier3,1,1.0,0.2466227710247039,True,9,0.9233367443084716,10,0.9864711901720833
7619319388646247700_clip0001_t00004,7619319388646247700,4.098,7.326,3.228,1.0,1.0,1.2,E:\FPTU\PRJ\VN-AV-DF-Capstone\data\clips\tier3\tier3_v3_clips_0_1262-001\7619319388646247700_clip0001_t00004.mp4,tier3,1,1.0,0.1301724314689636,True,9,0.8380463719367981,10,0.9713720070559118
7621911689620901141_clip0007_t00086,7621911689620901141,86.274,91.274,5.0,1.0,1.0,-1.49,E:\FPTU\PRJ\VN-AV-DF-Capstone\data\clips\tier3\tier3_v3_clips_0_1262-001\7621911689620901141_clip0007_t00086.mp4,tier3,1,1.0,0.1449686735868454,True,9,0.8001829981803894,10,0.9647381761494805
7626359347529960724_clip0001_t00009,7626359347529960724,9.506,11.87,2.364,1.0,1.0,3.56,E:\FPTU\PRJ\VN-AV-DF-Capstone\data\clips\tier3\tier3_v3_clips_0_1262-001\7626359347529960724_clip0001_t00009.mp4,tier3,1,1.0,0.1460370421409607,True,9,0.866308867931366,10,0.9764074472820059
7632328977213902100_clip0008_t00212,7632328977213902100,212.034,215.038,3.004,1.0,1.0,11.08,E:\FPTU\PRJ\VN-AV-DF-Capstone\data\clips\tier3\tier3_v3_clips_0_1262-001\7632328977213902100_clip0008_t00212.mp4,tier3,1,1.0,0.1575488001108169,True,9,0.9190075993537904,10,0.9857072234153749
bhO764uZyDA_clip0024_t00107,bhO764uZyDA,107.298,116.606,9.308,1.0,1.0,34.61,E:\FPTU\PRJ\VN-AV-DF-Capstone\data\clips\tier1\100-300\tier1_v3_clips_100_300\bhO764uZyDA_clip0024_t00107.mp4,tier1,1,1.0,0.0861939713358879,True,9,0.9793746471405028,11,0.8745710747855313
bhO764uZyDA_clip0025_t00118,bhO764uZyDA,118.754,120.926,2.172,1.0,1.0,33.94,E:\FPTU\PRJ\VN-AV-DF-Capstone\data\clips\tier1\100-300\tier1_v3_clips_100_300\bhO764uZyDA_clip0025_t00118.mp4,tier1,1,1.0,0.0632921755313873,True,9,0.978209376335144,11,0.8109686653324046
bhO764uZyDA_clip0042_t00218,bhO764uZyDA,218.37,221.438,3.068,1.0,1.0,34.57,E:\FPTU\PRJ\VN-AV-DF-Capstone\data\clips\tier1\100-300\tier1_v3_clips_100_300\bhO764uZyDA_clip0042_t00218.mp4,tier1,1,1.0,0.0791327282786369,True,9,0.9471702575683594,11,0.8493410073125559
bhO764uZyDA_clip0043_t00223,bhO764uZyDA,223.682,226.814,3.132,1.0,1.0,34.91,E:\FPTU\PRJ\VN-AV-DF-Capstone\data\clips\tier1\100-300\tier1_v3_clips_100_300\bhO764uZyDA_clip0043_t00223.mp4,tier1,1,1.0,0.0473732240498065,True,9,0.9856783747673036,11,0.7682198668993707
bhO764uZyDA_clip0044_t00226,bhO764uZyDA,226.914,229.694,2.78,1.0,1.0,34.52,E:\FPTU\PRJ\VN-AV-DF-Capstone\data\clips\tier1\100-300\tier1_v3_clips_100_300\bhO764uZyDA_clip0044_t00226.mp4,tier1,1,1.0,0.0490791983902454,True,9,0.9884678721427916,11,0.7734346109711592
bhO764uZyDA_clip0045_t00229,bhO764uZyDA,229.89,234.014,4.124,1.0,1.0,34.29,E:\FPTU\PRJ\VN-AV-DF-Capstone\data\clips\tier1\100-300\tier1_v3_clips_100_300\bhO764uZyDA_clip0045_t00229.mp4,tier1,1,1.0,0.0654120445251464,True,9,0.972213327884674,11,0.8157787625463441
bhO764uZyDA_clip0076_t00477,bhO764uZyDA,477.922,481.822,3.9,1.0,1.0,34.41,E:\FPTU\PRJ\VN-AV-DF-Capstone\data\clips\tier1\100-300\tier1_v3_clips_100_300\bhO764uZyDA_clip0076_t00477.mp4,tier1,1,1.0,0.21585014462471,True,9,0.9499551057815552,11,0.991168548079098
bhO764uZyDA_clip0077_t00482,bhO764uZyDA,482.146,486.014,3.868,1.0,1.0,34.14,E:\FPTU\PRJ\VN-AV-DF-Capstone\data\clips\tier1\100-300\tier1_v3_clips_100_300\bhO764uZyDA_clip0077_t00482.mp4,tier1,1,1.0,0.1861373633146286,True,9,0.9712823033332824,11,0.9949321711764617
bhO764uZyDA_clip0078_t00487,bhO764uZyDA,487.65,492.958,5.308,1.0,1.0,34.71,E:\FPTU\PRJ\VN-AV-DF-Capstone\data\clips\tier1\100-300\tier1_v3_clips_100_300\bhO764uZyDA_clip0078_t00487.mp4,tier1,1,1.0,0.1971168518066406,True,9,0.9580020904541016,11,0.9925886041977827
bhO764uZyDA_clip0080_t00505,bhO764uZyDA,505.41,508.254,2.844,1.0,1.0,34.5,E:\FPTU\PRJ\VN-AV-DF-Capstone\data\clips\tier1\100-300\tier1_v3_clips_100_300\bhO764uZyDA_clip0080_t00505.mp4,tier1,1,1.0,0.0926037430763244,True,9,0.8320503234863281,11,0.8663162010972685
bhO764uZyDA_clip0090_t00562,bhO764uZyDA,562.658,565.982,3.324,1.0,1.0,34.03,E:\FPTU\PRJ\VN-AV-DF-Capstone\data\clips\tier1\100-300\tier1_v3_clips_100_300\bhO764uZyDA_clip0090_t00562.mp4,tier1,1,1.0,0.0881033018231391,True,9,0.9904577732086182,11,0.8818123310747769
bhO764uZyDA_clip0091_t00566,bhO764uZyDA,566.114,569.694,3.58,1.0,1.0,34.33,E:\FPTU\PRJ\VN-AV-DF-Capstone\data\clips\tier1\100-300\tier1_v3_clips_100_300\bhO764uZyDA_clip0091_t00566.mp4,tier1,1,1.0,0.114891342818737,True,9,0.9814186096191406,11,0.9543718657068121
bhO764uZyDA_clip0101_t00619,bhO764uZyDA,619.17,622.238,3.068,1.0,1.0,33.98,E:\FPTU\PRJ\VN-AV-DF-Capstone\data\clips\tier1\100-300\tier1_v3_clips_100_300\bhO764uZyDA_clip0101_t00619.mp4,tier1,1,1.0,0.058405477553606,True,9,0.9515406489372252,11,0.7927350572243297
7637494375840337160_clip0000_t00003,7637494375840337160,3.106,5.438,2.332,1.0,1.0,7.82,E:\FPTU\PRJ\VN-AV-DF-Capstone\data\clips\tier3\tier3_v3_clips_0_1262-001\7637494375840337160_clip0000_t00003.mp4,tier3,1,1.0,0.1085498705506324,True,9,0.8676979541778564,13,0.9167490450439914
7637494375840337160_clip0001_t00012,7637494375840337160,12.706,15.038,2.332,1.0,1.0,9.63,E:\FPTU\PRJ\VN-AV-DF-Capstone\data\clips\tier3\tier3_v3_clips_0_1262-001\7637494375840337160_clip0001_t00012.mp4,tier3,1,1.0,0.1605203002691269,True,9,0.8118267059326172,13,0.966792948105756
7637494375840337160_clip0003_t00019,7637494375840337160,19.17,23.198,4.028,1.0,1.0,8.39,E:\FPTU\PRJ\VN-AV-DF-Capstone\data\clips\tier3\tier3_v3_clips_0_1262-001\7637494375840337160_clip0003_t00019.mp4,tier3,1,1.0,0.1330960541963577,True,9,0.5370139479637146,13,0.9182965790524203
7637494375840337160_clip0005_t00029,7637494375840337160,29.826,33.374,3.548,1.0,1.0,9.69,E:\FPTU\PRJ\VN-AV-DF-Capstone\data\clips\tier3\tier3_v3_clips_0_1262-001\7637494375840337160_clip0005_t00029.mp4,tier3,1,1.0,0.1395764648914337,True,9,0.8637521266937256,13,0.975956257651834
7637494375840337160_clip0006_t00040,7637494375840337160,40.482,42.494,2.012,1.0,1.0,9.71,E:\FPTU\PRJ\VN-AV-DF-Capstone\data\clips\tier3\tier3_v3_clips_0_1262-001\7637494375840337160_clip0006_t00040.mp4,tier3,1,1.0,0.1395041346549987,True,9,0.4973729848861694,13,0.9113011149799123
7637494375840337160_clip0007_t00043,7637494375840337160,43.426,50.686,7.26,1.0,1.0,9.54,E:\FPTU\PRJ\VN-AV-DF-Capstone\data\clips\tier3\tier3_v3_clips_0_1262-001\7637494375840337160_clip0007_t00043.mp4,tier3,1,1.0,0.1443985253572464,True,9,0.3154357373714447,13,0.8791945418890785
7637494375840337160_clip0009_t00063,7637494375840337160,63.362,69.534,6.172,1.0,1.0,9.65,E:\FPTU\PRJ\VN-AV-DF-Capstone\data\clips\tier3\tier3_v3_clips_0_1262-001\7637494375840337160_clip0009_t00063.mp4,tier3,1,1.0,0.1605867594480514,True,9,0.7716342210769653,13,0.959700156660641
7637494375840337160_clip0010_t00075,7637494375840337160,75.682,80.574,4.892,1.0,1.0,9.93,E:\FPTU\PRJ\VN-AV-DF-Capstone\data\clips\tier3\tier3_v3_clips_0_1262-001\7637494375840337160_clip0010_t00075.mp4,tier3,1,1.0,0.1486981660127639,True,9,0.5421849489212036,13,0.9192091086331536
7640076740022390036_clip0005_t00054,7640076740022390036,54.242,57.342,3.1,1.0,1.0,9.78,E:\FPTU\PRJ\VN-AV-DF-Capstone\data\clips\tier3\tier3_v3_clips_0_1262-001\7640076740022390036_clip0005_t00054.mp4,tier3,1,1.0,0.2881532907485962,True,9,0.3199484646320343,13,0.8799909055233003
7640076740022390036_clip0006_t00079,7640076740022390036,79.714,84.99,5.276,1.0,1.0,11.47,E:\FPTU\PRJ\VN-AV-DF-Capstone\data\clips\tier3\tier3_v3_clips_0_1262-001\7640076740022390036_clip0006_t00079.mp4,tier3,1,1.0,0.2502914667129516,True,9,0.3288691937923431,13,0.8815651518457077
F1JQOFSjVZg_clip0053_t00601,F1JQOFSjVZg,601.858,604.062,2.204,1.0,1.0,15.94,E:\FPTU\PRJ\VN-AV-DF-Capstone\data\clips\tier1\100-300\tier1_v3_clips_100_300\F1JQOFSjVZg_clip0053_t00601.mp4,tier1,1,1.0,0.0252115707844495,True,9,0.3352920711040497,14,0.5920979031800759
7634155950047317268_clip0001_t00049,7634155950047317268,49.058,51.23,2.172,1.0,1.0,14.2,E:\FPTU\PRJ\VN-AV-DF-Capstone\data\clips\tier3\tier3_v3_clips_0_1262-001\7634155950047317268_clip0001_t00049.mp4,tier3,1,1.0,0.1825084388256073,True,9,0.7770516872406006,15,0.9606561801012825
7634155950047317268_clip0003_t00091,7634155950047317268,91.714,95.198,3.484,1.0,1.0,12.26,E:\FPTU\PRJ\VN-AV-DF-Capstone\data\clips\tier3\tier3_v3_clips_0_1262-001\7634155950047317268_clip0003_t00091.mp4,tier3,1,1.0,0.1936841607093811,True,9,0.6624138355255127,15,0.9404259709750905
sDVTmdupGlg_clip0001_t00015,sDVTmdupGlg,15.522,17.598,2.076,1.0,1.0,8.97,E:\FPTU\PRJ\VN-AV-DF-Capstone\data\clips\tier1\300-400\tier1_v3_clips_300_400\sDVTmdupGlg_clip0001_t00015.mp4,tier1,1,1.0,0.0125578008592128,True,9,0.3284295499324798,15,0.5558586918134435
sDVTmdupGlg_clip0026_t00215,sDVTmdupGlg,215.33,218.366,3.036,1.0,1.0,11.54,E:\FPTU\PRJ\VN-AV-DF-Capstone\data\clips\tier1\300-400\tier1_v3_clips_300_400\sDVTmdupGlg_clip0026_t00215.mp4,tier1,1,1.0,0.0107527170330286,True,9,0.3476719260215759,15,0.5542575704370056
sDVTmdupGlg_clip0061_t00503,sDVTmdupGlg,503.874,508.874,5.0,1.0,1.0,11.81,E:\FPTU\PRJ\VN-AV-DF-Capstone\data\clips\tier1\300-400\tier1_v3_clips_300_400\sDVTmdupGlg_clip0061_t00503.mp4,tier1,1,1.0,0.0106769995763897,True,9,0.3723117113113403,15,0.5583961667039434
z0ZM1kEnmJI_clip0007_t00132,z0ZM1kEnmJI,132.578,134.782,2.204,1.0,1.0,4.74,E:\FPTU\PRJ\VN-AV-DF-Capstone\data\clips\tier1\440-9999\tier1_v3_clips_440_9999\z0ZM1kEnmJI_clip0007_t00132.mp4,tier1,1,1.0,0.0542721301317215,True,9,0.9685166478157043,15,0.7842888853774359
MpVfVbPdmis_clip0099_t01150,MpVfVbPdmis,1150.242,1155.242,5.0,1.0,1.0,4.75,E:\FPTU\PRJ\VN-AV-DF-Capstone\data\clips\tier1\100-300\tier1_v3_clips_100_300\MpVfVbPdmis_clip0099_t01150.mp4,tier1,1,1.0,0.0682357475161552,True,9,0.7849095463752747,16,0.7905417314117584
MpVfVbPdmis_clip0100_t01154,MpVfVbPdmis,1154.242,1159.242,5.0,1.0,1.0,4.95,E:\FPTU\PRJ\VN-AV-DF-Capstone\data\clips\tier1\100-300\tier1_v3_clips_100_300\MpVfVbPdmis_clip0100_t01154.mp4,tier1,1,1.0,0.0403008013963699,True,9,0.3321888744831085,16,0.6333203031081716
MpVfVbPdmis_clip0101_t01158,MpVfVbPdmis,1158.242,1163.242,5.0,1.0,1.0,4.86,E:\FPTU\PRJ\VN-AV-DF-Capstone\data\clips\tier1\100-300\tier1_v3_clips_100_300\MpVfVbPdmis_clip0101_t01158.mp4,tier1,1,1.0,0.0583727359771728,True,9,0.4432498514652252,16,0.7029460459361203
MpVfVbPdmis_clip0102_t01164,MpVfVbPdmis,1164.418,1166.462,2.044,1.0,1.0,3.65,E:\FPTU\PRJ\VN-AV-DF-Capstone\data\clips\tier1\100-300\tier1_v3_clips_100_300\MpVfVbPdmis_clip0102_t01164.mp4,tier1,1,1.0,0.0881476029753685,True,9,0.9644065499305724,16,0.8773376908713562
WsHg9aCVIw0_clip0012_t00135,WsHg9aCVIw0,135.874,140.874,5.0,0.8,1.0,5.12,E:\FPTU\PRJ\VN-AV-DF-Capstone\data\clips\tier1\400-440\tier1_v3_clips_400_440\WsHg9aCVIw0_clip0012_t00135.mp4,tier1,1,0.8888888888888888,0.010435133241117,True,9,0.3228949010372162,17,0.4967184368021812
3tEN20uif6g_clip0051_t00696,3tEN20uif6g,696.61,700.318,3.708,0.75,1.0,3.97,E:\FPTU\PRJ\VN-AV-DF-Capstone\data\clips\tier1\0-100\tier1_v3_clips_0_100\3tEN20uif6g_clip0051_t00696.mp4,tier1,1,0.6666666666666666,0.0116399796679615,True,9,0.6672428250312805,18,0.4562458111593869
7503154414991985928_clip0000_t00000,7503154414991985928,0.834,3.582,2.748,1.0,1.0,-9.14,E:\FPTU\PRJ\VN-AV-DF-Capstone\data\clips\tier3\tier3_v3_clips_0_1262-001\7503154414991985928_clip0000_t00000.mp4,tier3,1,1.0,0.1419107615947723,True,9,0.9401280879974364,20,0.9894343684701359
7503154414991985928_clip0002_t00007,7503154414991985928,7.522,9.534,2.012,1.0,1.0,1.22,E:\FPTU\PRJ\VN-AV-DF-Capstone\data\clips\tier3\tier3_v3_clips_0_1262-001\7503154414991985928_clip0002_t00007.mp4,tier3,1,1.0,0.041990153491497,True,9,0.7902713418006897,20,0.7188348516893903
7507867050849619207_clip0000_t00007,7507867050849619207,7.394,10.078,2.684,1.0,1.0,6.66,E:\FPTU\PRJ\VN-AV-DF-Capstone\data\clips\tier3\tier3_v3_clips_0_1262-001\7507867050849619207_clip0000_t00007.mp4,tier3,1,1.0,0.2227267175912857,True,9,0.9362044930458068,20,0.9887419693610249
7511712771399077127_clip0000_t00001,7511712771399077127,1.474,5.278,3.804,1.0,1.0,11.85,E:\FPTU\PRJ\VN-AV-DF-Capstone\data\clips\tier3\tier3_v3_clips_0_1262-001\7511712771399077127_clip0000_t00001.mp4,tier3,1,1.0,0.0685595273971557,True,9,0.8105324506759644,20,0.7959597081876097
7511712771399077127_clip0007_t00074,7511712771399077127,74.882,77.054,2.172,1.0,1.0,7.35,E:\FPTU\PRJ\VN-AV-DF-Capstone\data\clips\tier3\tier3_v3_clips_0_1262-001\7511712771399077127_clip0007_t00074.mp4,tier3,1,1.0,0.1781917065382003,True,9,0.95400470495224,20,0.991883183226866
7527667777037929735_clip0000_t00012,7527667777037929735,12.13,14.59,2.46,1.0,1.0,10.25,E:\FPTU\PRJ\VN-AV-DF-Capstone\data\clips\tier3\tier3_v3_clips_0_1262-001\7527667777037929735_clip0000_t00012.mp4,tier3,1,1.0,0.081221304833889,True,9,0.8442697525024414,20,0.8369636943062241
7527667777037929735_clip0003_t00030,7527667777037929735,30.69,33.278,2.588,1.0,1.0,5.38,E:\FPTU\PRJ\VN-AV-DF-Capstone\data\clips\tier3\tier3_v3_clips_0_1262-001\7527667777037929735_clip0003_t00030.mp4,tier3,1,1.0,0.0966718271374702,True,9,0.8423976898193359,20,0.8794034811769054
7531625235653643527_clip0000_t00051,7531625235653643527,51.362,54.142,2.78,1.0,1.0,16.16,E:\FPTU\PRJ\VN-AV-DF-Capstone\data\clips\tier3\tier3_v3_clips_0_1262-001\7531625235653643527_clip0000_t00051.mp4,tier3,1,1.0,0.0629037991166114,True,9,0.8397903442382812,20,0.7854666733460522
7531625235653643527_clip0002_t00087,7531625235653643527,87.33,89.342,2.012,1.0,1.0,19.41,E:\FPTU\PRJ\VN-AV-DF-Capstone\data\clips\tier3\tier3_v3_clips_0_1262-001\7531625235653643527_clip0002_t00087.mp4,tier3,1,1.0,0.0801468715071678,True,9,0.9114807844161988,20,0.8458502172635309
7534328797307424018_clip0000_t00000,7534328797307424018,0.0,2.462,2.462,1.0,1.0,2.48,E:\FPTU\PRJ\VN-AV-DF-Capstone\data\clips\tier3\tier3_v3_clips_0_1262-001\7534328797307424018_clip0000_t00000.mp4,tier3,1,1.0,0.0449341312050819,True,9,0.6493847966194153,20,0.7021220421579438
7534328797307424018_clip0008_t00061,7534328797307424018,61.538,63.806,2.268,1.0,1.0,2.57,E:\FPTU\PRJ\VN-AV-DF-Capstone\data\clips\tier3\tier3_v3_clips_0_1262-001\7534328797307424018_clip0008_t00061.mp4,tier3,1,1.0,0.0677575767040252,True,9,0.9157106876373292,20,0.8123006128447395
7543440536519167240_clip0000_t00018,7543440536519167240,18.338,22.206,3.868,1.0,1.0,5.63,E:\FPTU\PRJ\VN-AV-DF-Capstone\data\clips\tier3\tier3_v3_clips_0_1262-001\7543440536519167240_clip0000_t00018.mp4,tier3,1,1.0,0.0702022239565849,True,9,0.8623907566070557,20,0.8096584881542525
7543440536519167240_clip0009_t00081,7543440536519167240,81.634,83.87,2.236,1.0,1.0,2.13,E:\FPTU\PRJ\VN-AV-DF-Capstone\data\clips\tier3\tier3_v3_clips_0_1262-001\7543440536519167240_clip0009_t00081.mp4,tier3,1,1.0,0.068855732679367,True,9,0.8878438472747803,20,0.8104228515731094
7555909386833546514_clip0000_t00008,7555909386833546514,8.866,12.254,3.388,1.0,1.0,5.72,E:\FPTU\PRJ\VN-AV-DF-Capstone\data\clips\tier3\tier3_v3_clips_0_1262-001\7555909386833546514_clip0000_t00008.mp4,tier3,1,1.0,0.0356295965611934,True,9,0.706666111946106,20,0.6864736877143428
7555909386833546514_clip0003_t00024,7555909386833546514,24.258,26.27,2.012,1.0,1.0,8.72,E:\FPTU\PRJ\VN-AV-DF-Capstone\data\clips\tier3\tier3_v3_clips_0_1262-001\7555909386833546514_clip0003_t00024.mp4,tier3,1,1.0,0.0444228984415531,True,9,0.8732414245605469,20,0.740210957937673
7557326516036570386_clip0001_t00008,7557326516036570386,8.162,11.422,3.26,1.0,1.0,14.35,E:\FPTU\PRJ\VN-AV-DF-Capstone\data\clips\tier3\tier3_v3_clips_0_1262-001\7557326516036570386_clip0001_t00008.mp4,tier3,1,1.0,0.0929448455572128,True,9,0.8763688206672668,20,0.8750813525839688
7557326516036570386_clip0003_t00038,7557326516036570386,38.21,40.286,2.076,1.0,1.0,14.62,E:\FPTU\PRJ\VN-AV-DF-Capstone\data\clips\tier3\tier3_v3_clips_0_1262-001\7557326516036570386_clip0003_t00038.mp4,tier3,1,1.0,0.0904994904994964,True,9,0.841251790523529,20,0.8621149953674129
7558443454905191688_clip0000_t00007,7558443454905191688,7.81,10.27,2.46,1.0,1.0,2.9,E:\FPTU\PRJ\VN-AV-DF-Capstone\data\clips\tier3\tier3_v3_clips_0_1262-001\7558443454905191688_clip0000_t00007.mp4,tier3,1,1.0,0.0661258623003959,True,9,0.7572950124740601,20,0.7798279920632595
7560299936709938439_clip0000_t00000,7560299936709938439,0.0,3.55,3.55,1.0,1.0,-3.71,E:\FPTU\PRJ\VN-AV-DF-Capstone\data\clips\tier3\tier3_v3_clips_0_1262-001\7560299936709938439_clip0000_t00000.mp4,tier3,1,1.0,0.1101037859916687,True,9,0.8468227386474609,20,0.917366733715585
7561040224256560402_clip0000_t00000,7561040224256560402,0.258,10.206,9.948,1.0,1.0,3.18,E:\FPTU\PRJ\VN-AV-DF-Capstone\data\clips\tier3\tier3_v3_clips_0_1262-001\7561040224256560402_clip0000_t00000.mp4,tier3,1,1.0,0.0138643085956573,True,9,0.7107914090156555,20,0.6269509899918034
7567336495191756050_clip0003_t00027,7567336495191756050,27.586,32.586,5.0,1.0,1.0,2.45,E:\FPTU\PRJ\VN-AV-DF-Capstone\data\clips\tier3\tier3_v3_clips_0_1262-001\7567336495191756050_clip0003_t00027.mp4,tier3,1,1.0,0.1093263328075409,True,9,0.7281764149665833,20,0.8942770005229286
7567336495191756050_clip0006_t00059,7567336495191756050,59.01,61.15,2.14,1.0,1.0,-1.99,E:\FPTU\PRJ\VN-AV-DF-Capstone\data\clips\tier3\tier3_v3_clips_0_1262-001\7567336495191756050_clip0006_t00059.mp4,tier3,1,1.0,0.0802558436989784,True,9,0.7450835704803467,20,0.8167876599669531
7573293195920952583_clip0000_t00000,7573293195920952583,0.13,7.614,7.484,1.0,1.0,-2.91,E:\FPTU\PRJ\VN-AV-DF-Capstone\data\clips\tier3\tier3_v3_clips_0_1262-001\7573293195920952583_clip0000_t00000.mp4,tier3,1,1.0,0.1194073781371116,True,9,0.8706383109092712,20,0.9473236945908661
7573293195920952583_clip0003_t00040,7573293195920952583,40.066,42.558,2.492,1.0,1.0,2.23,E:\FPTU\PRJ\VN-AV-DF-Capstone\data\clips\tier3\tier3_v3_clips_0_1262-001\7573293195920952583_clip0003_t00040.mp4,tier3,1,1.0,0.1220584437251091,True,9,0.8842844367027283,20,0.9570705167768576
7585912681345961224_clip0000_t00000,7585912681345961224,0.002,4.478,4.476,1.0,1.0,0.32,E:\FPTU\PRJ\VN-AV-DF-Capstone\data\clips\tier3\tier3_v3_clips_0_1262-001\7585912681345961224_clip0000_t00000.mp4,tier3,1,1.0,0.1173300743103027,True,9,0.8654093146324158,20,0.9406505360674943
7585912681345961224_clip0003_t00056,7585912681345961224,56.45,60.542,4.092,1.0,1.0,5.53,E:\FPTU\PRJ\VN-AV-DF-Capstone\data\clips\tier3\tier3_v3_clips_0_1262-001\7585912681345961224_clip0003_t00056.mp4,tier3,1,1.0,0.1174295619130134,True,9,0.8574532270431519,20,0.939521922289187
7598526212398468370_clip0001_t00008,7598526212398468370,8.258,10.846,2.588,1.0,1.0,0.6,E:\FPTU\PRJ\VN-AV-DF-Capstone\data\clips\tier3\tier3_v3_clips_0_1262-001\7598526212398468370_clip0001_t00008.mp4,tier3,1,1.0,0.0862355232238769,True,9,0.92771315574646,20,0.8655693649868715
7604463316362104082_clip0000_t00000,7604463316362104082,0.0,2.014,2.014,1.0,1.0,8.01,E:\FPTU\PRJ\VN-AV-DF-Capstone\data\clips\tier3\tier3_v3_clips_0_1262-001\7604463316362104082_clip0000_t00000.mp4,tier3,1,1.0,0.090417593717575,True,9,0.8870190382003784,20,0.8699648617354593
7616704452602449159_clip0008_t00156,7616704452602449159,156.418,161.418,5.0,1.0,1.0,4.57,E:\FPTU\PRJ\VN-AV-DF-Capstone\data\clips\tier3\tier3_v3_clips_0_1262-001\7616704452602449159_clip0008_t00156.mp4,tier3,1,1.0,0.0297007728368043,True,9,0.7373750805854797,20,0.6754807418718438
7632328977213902100_clip0001_t00057,7632328977213902100,57.986,60.19,2.204,1.0,1.0,10.63,E:\FPTU\PRJ\VN-AV-DF-Capstone\data\clips\tier3\tier3_v3_clips_0_1262-001\7632328977213902100_clip0001_t00057.mp4,tier3,1,1.0,0.0945296585559845,True,9,0.7269420623779297,20,0.8530990055357228
7634061196433362197_clip0000_t00021,7634061196433362197,21.09,23.102,2.012,1.0,1.0,6.1,E:\FPTU\PRJ\VN-AV-DF-Capstone\data\clips\tier3\tier3_v3_clips_0_1262-001\7634061196433362197_clip0000_t00021.mp4,tier3,1,1.0,0.0130586819723248,True,9,0.4495481848716736,21,0.5786191081520751
7634061196433362197_clip0002_t00035,7634061196433362197,35.778,39.518,3.74,1.0,1.0,6.11,E:\FPTU\PRJ\VN-AV-DF-Capstone\data\clips\tier3\tier3_v3_clips_0_1262-001\7634061196433362197_clip0002_t00035.mp4,tier3,1,1.0,0.0136868869885802,True,9,0.8396441340446472,21,0.6491985675080544
NqOg7JCnnm0_clip0000_t00001,NqOg7JCnnm0,1.73,8.574,6.844,1.0,1.0,39.29,E:\FPTU\PRJ\VN-AV-DF-Capstone\data\clips\tier2\tier2_v3_clips_0_999-001\NqOg7JCnnm0_clip0000_t00001.mp4,tier2,1,1.0,0.0574425868690013,True,9,0.94002366065979,21,0.7880371725983306
NqOg7JCnnm0_clip0006_t00030,NqOg7JCnnm0,30.818,35.818,5.0,1.0,1.0,39.87,E:\FPTU\PRJ\VN-AV-DF-Capstone\data\clips\tier2\tier2_v3_clips_0_999-001\NqOg7JCnnm0_clip0006_t00030.mp4,tier2,1,1.0,0.059189848601818,True,9,0.9259207248687744,21,0.7903851908522523
NqOg7JCnnm0_clip0014_t00074,NqOg7JCnnm0,74.562,78.942,4.38,1.0,1.0,39.83,E:\FPTU\PRJ\VN-AV-DF-Capstone\data\clips\tier2\tier2_v3_clips_0_999-001\NqOg7JCnnm0_clip0014_t00074.mp4,tier2,1,1.0,0.0565121509134769,True,9,0.912627100944519,21,0.7806268518723897
NqOg7JCnnm0_clip0019_t00096,NqOg7JCnnm0,96.546,100.638,4.092,1.0,1.0,40.01,E:\FPTU\PRJ\VN-AV-DF-Capstone\data\clips\tier2\tier2_v3_clips_0_999-001\NqOg7JCnnm0_clip0019_t00096.mp4,tier2,1,1.0,0.0572506189346313,True,9,0.9097514748573304,21,0.7821636163399015
NqOg7JCnnm0_clip0024_t00122,NqOg7JCnnm0,122.754,126.238,3.484,1.0,1.0,39.21,E:\FPTU\PRJ\VN-AV-DF-Capstone\data\clips\tier2\tier2_v3_clips_0_999-001\NqOg7JCnnm0_clip0024_t00122.mp4,tier2,1,1.0,0.0570307038724422,True,9,0.9181041717529296,21,0.7830288525852975
NqOg7JCnnm0_clip0028_t00144,NqOg7JCnnm0,144.322,146.814,2.492,1.0,1.0,39.8,E:\FPTU\PRJ\VN-AV-DF-Capstone\data\clips\tier2\tier2_v3_clips_0_999-001\NqOg7JCnnm0_clip0028_t00144.mp4,tier2,1,1.0,0.0541791506111621,True,9,0.91452556848526,21,0.7745036618492558
NqOg7JCnnm0_clip0033_t00168,NqOg7JCnnm0,168.13,172.798,4.668,1.0,1.0,39.28,E:\FPTU\PRJ\VN-AV-DF-Capstone\data\clips\tier2\tier2_v3_clips_0_999-001\NqOg7JCnnm0_clip0033_t00168.mp4,tier2,1,1.0,0.057074274867773,True,9,0.8930191397666931,21,0.778722695506453
NqOg7JCnnm0_clip0039_t00193,NqOg7JCnnm0,193.442,197.662,4.22,1.0,1.0,39.68,E:\FPTU\PRJ\VN-AV-DF-Capstone\data\clips\tier2\tier2_v3_clips_0_999-001\NqOg7JCnnm0_clip0039_t00193.mp4,tier2,1,1.0,0.0561137869954109,True,9,0.908385157585144,21,0.7787755222469157
NqOg7JCnnm0_clip0045_t00218,NqOg7JCnnm0,218.37,225.182,6.812,1.0,1.0,39.6,E:\FPTU\PRJ\VN-AV-DF-Capstone\data\clips\tier2\tier2_v3_clips_0_999-001\NqOg7JCnnm0_clip0045_t00218.mp4,tier2,1,1.0,0.0570742338895797,True,9,0.93076092004776,21,0.7853828962378255
NqOg7JCnnm0_clip0049_t00240,NqOg7JCnnm0,240.578,244.222,3.644,1.0,1.0,39.39,E:\FPTU\PRJ\VN-AV-DF-Capstone\data\clips\tier2\tier2_v3_clips_0_999-001\NqOg7JCnnm0_clip0049_t00240.mp4,tier2,1,1.0,0.0559468865394592,True,9,0.904244303703308,21,0.7775827693220381
NqOg7JCnnm0_clip0054_t00264,NqOg7JCnnm0,264.674,269.886,5.212,1.0,1.0,39.5,E:\FPTU\PRJ\VN-AV-DF-Capstone\data\clips\tier2\tier2_v3_clips_0_999-001\NqOg7JCnnm0_clip0054_t00264.mp4,tier2,1,1.0,0.0571800731122493,True,9,0.91925311088562,21,0.783645090624855
NqOg7JCnnm0_clip0058_t00286,NqOg7JCnnm0,286.498,290.622,4.124,1.0,1.0,38.96,E:\FPTU\PRJ\VN-AV-DF-Capstone\data\clips\tier2\tier2_v3_clips_0_999-001\NqOg7JCnnm0_clip0058_t00286.mp4,tier2,1,1.0,0.0570629425346851,True,9,0.9004544019699097,21,0.7800034304256583
NqOg7JCnnm0_clip0064_t00315,NqOg7JCnnm0,315.746,318.398,2.652,1.0,1.0,39.46,E:\FPTU\PRJ\VN-AV-DF-Capstone\data\clips\tier2\tier2_v3_clips_0_999-001\NqOg7JCnnm0_clip0064_t00315.mp4,tier2,1,1.0,0.0555667355656623,True,9,0.9214047193527222,21,0.7795587436705143
NqOg7JCnnm0_clip0072_t00360,NqOg7JCnnm0,360.322,362.974,2.652,1.0,1.0,40.05,E:\FPTU\PRJ\VN-AV-DF-Capstone\data\clips\tier2\tier2_v3_clips_0_999-001\NqOg7JCnnm0_clip0072_t00360.mp4,tier2,1,1.0,0.0571410916745662,True,9,0.9178757071495056,21,0.7832941109235835
NqOg7JCnnm0_clip0078_t00385,NqOg7JCnnm0,385.826,389.63,3.804,1.0,1.0,39.19,E:\FPTU\PRJ\VN-AV-DF-Capstone\data\clips\tier2\tier2_v3_clips_0_999-001\NqOg7JCnnm0_clip0078_t00385.mp4,tier2,1,1.0,0.055740687996149,True,9,0.8813164830207825,21,0.7729658843110243
NqOg7JCnnm0_clip0083_t00409,NqOg7JCnnm0,409.442,412.222,2.78,1.0,1.0,38.89,E:\FPTU\PRJ\VN-AV-DF-Capstone\data\clips\tier2\tier2_v3_clips_0_999-001\NqOg7JCnnm0_clip0083_t00409.mp4,tier2,1,1.0,0.0555525012314319,True,9,0.9157502055168152,21,0.7785214847898411
NqOg7JCnnm0_clip0093_t00454,NqOg7JCnnm0,454.882,457.022,2.14,1.0,1.0,39.22,E:\FPTU\PRJ\VN-AV-DF-Capstone\data\clips\tier2\tier2_v3_clips_0_999-001\NqOg7JCnnm0_clip0093_t00454.mp4,tier2,1,1.0,0.0561416670680046,True,9,0.917888343334198,21,0.7805297326702407
NqOg7JCnnm0_clip0102_t00499,NqOg7JCnnm0,499.682,506.27,6.588,1.0,1.0,38.29,E:\FPTU\PRJ\VN-AV-DF-Capstone\data\clips\tier2\tier2_v3_clips_0_999-001\NqOg7JCnnm0_clip0102_t00499.mp4,tier2,1,1.0,0.054855391383171,True,9,0.917366862297058,21,0.7768770370026062
NqOg7JCnnm0_clip0105_t00526,NqOg7JCnnm0,526.402,529.182,2.78,1.0,1.0,38.38,E:\FPTU\PRJ\VN-AV-DF-Capstone\data\clips\tier2\tier2_v3_clips_0_999-001\NqOg7JCnnm0_clip0105_t00526.mp4,tier2,1,1.0,0.0569212585687637,True,9,0.9163830876350404,21,0.7824221652624819
NqOg7JCnnm0_clip0110_t00548,NqOg7JCnnm0,548.098,551.358,3.26,1.0,1.0,39.56,E:\FPTU\PRJ\VN-AV-DF-Capstone\data\clips\tier2\tier2_v3_clips_0_999-001\NqOg7JCnnm0_clip0110_t00548.mp4,tier2,1,1.0,0.0550474375486373,True,9,0.8997277021408081,21,0.7742958664159542
NqOg7JCnnm0_clip0115_t00571,NqOg7JCnnm0,571.138,575.678,4.54,1.0,1.0,39.17,E:\FPTU\PRJ\VN-AV-DF-Capstone\data\clips\tier2\tier2_v3_clips_0_999-001\NqOg7JCnnm0_clip0115_t00571.mp4,tier2,1,1.0,0.0554986558854579,True,9,0.9297805428504944,21,0.7808483719331403
NqOg7JCnnm0_clip0120_t00597,NqOg7JCnnm0,597.122,601.662,4.54,1.0,1.0,39.41,E:\FPTU\PRJ\VN-AV-DF-Capstone\data\clips\tier2\tier2_v3_clips_0_999-001\NqOg7JCnnm0_clip0120_t00597.mp4,tier2,1,1.0,0.0544728599488735,True,9,0.9199703931808472,21,0.7762775597405455
NqOg7JCnnm0_clip0125_t00622,NqOg7JCnnm0,622.05,628.478,6.428,1.0,1.0,38.99,E:\FPTU\PRJ\VN-AV-DF-Capstone\data\clips\tier2\tier2_v3_clips_0_999-001\NqOg7JCnnm0_clip0125_t00622.mp4,tier2,1,1.0,0.0548369660973548,True,9,0.925457000732422,21,0.7782537035970762
NqOg7JCnnm0_clip0130_t00645,NqOg7JCnnm0,645.762,648.158,2.396,1.0,1.0,39.03,E:\FPTU\PRJ\VN-AV-DF-Capstone\data\clips\tier2\tier2_v3_clips_0_999-001\NqOg7JCnnm0_clip0130_t00645.mp4,tier2,1,1.0,0.0553021468222141,True,9,0.91683429479599,21,0.778019763343454
NqOg7JCnnm0_clip0141_t00690,NqOg7JCnnm0,690.914,693.278,2.364,1.0,1.0,38.44,E:\FPTU\PRJ\VN-AV-DF-Capstone\data\clips\tier2\tier2_v3_clips_0_999-001\NqOg7JCnnm0_clip0141_t00690.mp4,tier2,1,1.0,0.0547135472297668,True,9,0.9327962398529052,21,0.7792072152125282
NqOg7JCnnm0_clip0151_t00739,NqOg7JCnnm0,739.906,744.906,5.0,1.0,1.0,38.92,E:\FPTU\PRJ\VN-AV-DF-Capstone\data\clips\tier2\tier2_v3_clips_0_999-001\NqOg7JCnnm0_clip0151_t00739.mp4,tier2,1,1.0,0.0564666986465454,True,9,0.9120975136756896,21,0.7804075742859943
NqOg7JCnnm0_clip0158_t00765,NqOg7JCnnm0,765.058,768.478,3.42,1.0,1.0,38.47,E:\FPTU\PRJ\VN-AV-DF-Capstone\data\clips\tier2\tier2_v3_clips_0_999-001\NqOg7JCnnm0_clip0158_t00765.mp4,tier2,1,1.0,0.053362850099802,True,9,0.9186581373214722,21,0.7729732548329264
NqOg7JCnnm0_clip0163_t00788,NqOg7JCnnm0,788.962,797.086,8.124,1.0,1.0,38.04,E:\FPTU\PRJ\VN-AV-DF-Capstone\data\clips\tier2\tier2_v3_clips_0_999-001\NqOg7JCnnm0_clip0163_t00788.mp4,tier2,1,1.0,0.0540943928062915,True,9,0.9194791316986084,21,0.7751431934254669
lq_tau31IE0_clip0024_t00520,lq_tau31IE0,520.578,525.578,5.0,1.0,1.0,5.92,E:\FPTU\PRJ\VN-AV-DF-Capstone\data\clips\tier1\100-300\tier1_v3_clips_100_300\lq_tau31IE0_clip0024_t00520.mp4,tier1,1,1.0,0.0106355063617229,True,9,0.6875614523887634,22,0.6139136123956884
7638262561955269889_clip0008_t00047,7638262561955269889,47.714,54.558,6.844,1.0,1.0,20.84,E:\FPTU\PRJ\VN-AV-DF-Capstone\data\clips\tier3\tier3_v3_clips_0_1262-001\7638262561955269889_clip0008_t00047.mp4,tier3,1,1.0,0.0263432431966066,True,9,0.4274572730064392,23,0.6114950472470256
7638262561955269889_clip0015_t00091,7638262561955269889,91.714,94.59,2.876,1.0,1.0,23.22,E:\FPTU\PRJ\VN-AV-DF-Capstone\data\clips\tier3\tier3_v3_clips_0_1262-001\7638262561955269889_clip0015_t00091.mp4,tier3,1,1.0,0.0105640869587659,True,9,0.4541102051734924,23,0.5725186302145924
7638518699896343824_clip0000_t00004,7638518699896343824,4.61,7.134,2.524,1.0,1.0,1.98,E:\FPTU\PRJ\VN-AV-DF-Capstone\data\clips\tier3\tier3_v3_clips_0_1262-001\7638518699896343824_clip0000_t00004.mp4,tier3,1,1.0,0.0454046316444873,True,9,0.8397923707962036,23,0.7370258185515193
7638518699896343824_clip0001_t00053,7638518699896343824,53.826,57.214,3.388,1.0,1.0,5.85,E:\FPTU\PRJ\VN-AV-DF-Capstone\data\clips\tier3\tier3_v3_clips_0_1262-001\7638518699896343824_clip0001_t00053.mp4,tier3,1,1.0,0.0214161463081836,True,9,0.7758967876434326,23,0.6593451789590137
7638518699896343824_clip0002_t00060,7638518699896343824,60.034,62.43,2.396,1.0,1.0,1.52,E:\FPTU\PRJ\VN-AV-DF-Capstone\data\clips\tier3\tier3_v3_clips_0_1262-001\7638518699896343824_clip0002_t00060.mp4,tier3,1,1.0,0.0104341087862849,True,9,0.8221215009689331,23,0.6371019943573206
7638518699896343824_clip0005_t00115,7638518699896343824,115.266,117.662,2.396,1.0,1.0,3.42,E:\FPTU\PRJ\VN-AV-DF-Capstone\data\clips\tier3\tier3_v3_clips_0_1262-001\7638518699896343824_clip0005_t00115.mp4,tier3,1,1.0,0.0602331571280956,True,9,0.8436805009841919,23,0.7787602978442814
7638602199739796756_clip0003_t00029,7638602199739796756,29.346,32.734,3.388,1.0,1.0,9.37,E:\FPTU\PRJ\VN-AV-DF-Capstone\data\clips\tier3\tier3_v3_clips_0_1262-001\7638602199739796756_clip0003_t00029.mp4,tier3,1,1.0,0.0189797524362802,True,9,0.7714464664459229,23,0.6518154002727254
7638602199739796756_clip0004_t00035,7638602199739796756,35.266,37.662,2.396,1.0,1.0,10.34,E:\FPTU\PRJ\VN-AV-DF-Capstone\data\clips\tier3\tier3_v3_clips_0_1262-001\7638602199739796756_clip0004_t00035.mp4,tier3,1,1.0,0.057356059551239,True,9,0.9954776763916016,23,0.797583650369315
7638602199739796756_clip0005_t00038,7638602199739796756,38.274,42.449,4.175,1.0,1.0,8.64,E:\FPTU\PRJ\VN-AV-DF-Capstone\data\clips\tier3\tier3_v3_clips_0_1262-001\7638602199739796756_clip0005_t00038.mp4,tier3,1,1.0,0.0844122543931007,True,9,0.8398318886756897,23,0.8450137315406994
7639028463835335952_clip0000_t00002,7639028463835335952,2.338,6.686,4.348,1.0,1.0,1.29,E:\FPTU\PRJ\VN-AV-DF-Capstone\data\clips\tier3\tier3_v3_clips_0_1262-001\7639028463835335952_clip0000_t00002.mp4,tier3,1,1.0,0.0100736021995544,True,9,0.7103009223937988,23,0.6163709963952082
7639028463835335952_clip0001_t00014,7639028463835335952,14.306,17.054,2.748,1.0,1.0,3.03,E:\FPTU\PRJ\VN-AV-DF-Capstone\data\clips\tier3\tier3_v3_clips_0_1262-001\7639028463835335952_clip0001_t00014.mp4,tier3,1,1.0,0.0119664259254932,True,9,0.7514596581459045,23,0.6288740191841974
3tEN20uif6g_clip0047_t00650,3tEN20uif6g,650.338,653.662,3.324,1.0,1.0,5.81,E:\FPTU\PRJ\VN-AV-DF-Capstone\data\clips\tier1\0-100\tier1_v3_clips_0_100\3tEN20uif6g_clip0047_t00650.mp4,tier1,1,1.0,0.027901666238904,True,9,0.375366747379303,24,0.606616629730097
y3vBfCdY2tQ_clip0019_t00240,y3vBfCdY2tQ,240.002,243.646,3.644,1.0,1.0,7.13,E:\FPTU\PRJ\VN-AV-DF-Capstone\data\clips\tier1\440-9999\tier1_v3_clips_440_9999\y3vBfCdY2tQ_clip0019_t00240.mp4,tier1,1,1.0,0.0511282943189144,True,9,0.992904007434845,25,0.7798897677190783
y3vBfCdY2tQ_clip0020_t00245,y3vBfCdY2tQ,245.314,247.71,2.396,1.0,1.0,7.18,E:\FPTU\PRJ\VN-AV-DF-Capstone\data\clips\tier1\440-9999\tier1_v3_clips_440_9999\y3vBfCdY2tQ_clip0020_t00245.mp4,tier1,1,1.0,0.045597031712532,True,9,0.9940365552902222,25,0.7647779825766117
y3vBfCdY2tQ_clip0021_t00248,y3vBfCdY2tQ,248.194,251.294,3.1,1.0,1.0,5.88,E:\FPTU\PRJ\VN-AV-DF-Capstone\data\clips\tier1\440-9999\tier1_v3_clips_440_9999\y3vBfCdY2tQ_clip0021_t00248.mp4,tier1,1,1.0,0.0422350652515888,True,9,0.9920743107795716,25,0.755125105305299
y3vBfCdY2tQ_clip0022_t00251,y3vBfCdY2tQ,251.394,255.678,4.284,1.0,1.0,8.6,E:\FPTU\PRJ\VN-AV-DF-Capstone\data\clips\tier1\440-9999\tier1_v3_clips_440_9999\y3vBfCdY2tQ_clip0022_t00251.mp4,tier1,1,1.0,0.0391598753631114,True,9,0.992186963558197,25,0.7466322415660759
y3vBfCdY2tQ_clip0023_t00256,y3vBfCdY2tQ,256.194,258.75,2.556,1.0,1.0,7.11,E:\FPTU\PRJ\VN-AV-DF-Capstone\data\clips\tier1\440-9999\tier1_v3_clips_440_9999\y3vBfCdY2tQ_clip0023_t00256.mp4,tier1,1,1.0,0.0357405357062816,True,9,0.990936279296875,25,0.7369461132138515
y3vBfCdY2tQ_clip0025_t00267,y3vBfCdY2tQ,267.778,272.286,4.508,1.0,1.0,5.94,E:\FPTU\PRJ\VN-AV-DF-Capstone\data\clips\tier1\440-9999\tier1_v3_clips_440_9999\y3vBfCdY2tQ_clip0025_t00267.mp4,tier1,1,1.0,0.0264993570744991,True,9,0.8497104644775391,25,0.6864424709188361
y3vBfCdY2tQ_clip0026_t00272,y3vBfCdY2tQ,272.546,275.038,2.492,1.0,1.0,6.26,E:\FPTU\PRJ\VN-AV-DF-Capstone\data\clips\tier1\440-9999\tier1_v3_clips_440_9999\y3vBfCdY2tQ_clip0026_t00272.mp4,tier1,1,1.0,0.0284217987209558,True,9,0.898833155632019,25,0.7004328859587567
y3vBfCdY2tQ_clip0027_t00275,y3vBfCdY2tQ,275.234,278.654,3.42,1.0,1.0,6.34,E:\FPTU\PRJ\VN-AV-DF-Capstone\data\clips\tier1\440-9999\tier1_v3_clips_440_9999\y3vBfCdY2tQ_clip0027_t00275.mp4,tier1,1,1.0,0.0255805104970932,True,9,0.9034826755523682,25,0.6933881326483435
XwMwDTPAyAo_clip0005_t00049,XwMwDTPAyAo,49.986,54.986,5.0,1.0,1.0,5.67,E:\FPTU\PRJ\VN-AV-DF-Capstone\data\clips\tier1\440-9999\tier1_v3_clips_440_9999\XwMwDTPAyAo_clip0005_t00049.mp4,tier1,1,1.0,0.0106137925758957,True,9,0.5384427905082703,27,0.5875384462937242
XwMwDTPAyAo_clip0010_t00115,XwMwDTPAyAo,115.138,120.254,5.116,1.0,1.0,6.22,E:\FPTU\PRJ\VN-AV-DF-Capstone\data\clips\tier1\440-9999\tier1_v3_clips_440_9999\XwMwDTPAyAo_clip0010_t00115.mp4,tier1,1,1.0,0.011031124740839,True,9,0.8117411136627197,27,0.6369228214495548
XwMwDTPAyAo_clip0024_t00413,XwMwDTPAyAo,413.474,417.662,4.188,1.0,1.0,5.51,E:\FPTU\PRJ\VN-AV-DF-Capstone\data\clips\tier1\440-9999\tier1_v3_clips_440_9999\XwMwDTPAyAo_clip0024_t00413.mp4,tier1,1,1.0,0.0113002890720963,True,9,0.8474841713905334,27,0.643975520835784
XwMwDTPAyAo_clip0029_t00520,XwMwDTPAyAo,520.13,524.83,4.7,1.0,1.0,6.0,E:\FPTU\PRJ\VN-AV-DF-Capstone\data\clips\tier1\440-9999\tier1_v3_clips_440_9999\XwMwDTPAyAo_clip0029_t00520.mp4,tier1,1,1.0,0.0172604843974113,True,9,0.5809469223022461,27,0.6134385542011519
XwMwDTPAyAo_clip0035_t00547,XwMwDTPAyAo,547.138,549.438,2.3,1.0,1.0,3.55,E:\FPTU\PRJ\VN-AV-DF-Capstone\data\clips\tier1\440-9999\tier1_v3_clips_440_9999\XwMwDTPAyAo_clip0035_t00547.mp4,tier1,1,1.0,0.0193134117871522,True,9,0.8376848697662354,27,0.6644281664101502
XwMwDTPAyAo_clip0038_t00624,XwMwDTPAyAo,624.898,628.894,3.996,1.0,1.0,5.43,E:\FPTU\PRJ\VN-AV-DF-Capstone\data\clips\tier1\440-9999\tier1_v3_clips_440_9999\XwMwDTPAyAo_clip0038_t00624.mp4,tier1,1,1.0,0.0179647225886583,True,9,0.8994110822677612,27,0.6715875846883338
XwMwDTPAyAo_clip0039_t00629,XwMwDTPAyAo,629.186,633.374,4.188,1.0,1.0,5.02,E:\FPTU\PRJ\VN-AV-DF-Capstone\data\clips\tier1\440-9999\tier1_v3_clips_440_9999\XwMwDTPAyAo_clip0039_t00629.mp4,tier1,1,1.0,0.0179427955299615,True,9,0.8669508695602417,27,0.6657986133523763
XwMwDTPAyAo_clip0046_t00683,XwMwDTPAyAo,683.042,686.334,3.292,1.0,1.0,6.51,E:\FPTU\PRJ\VN-AV-DF-Capstone\data\clips\tier1\440-9999\tier1_v3_clips_440_9999\XwMwDTPAyAo_clip0046_t00683.mp4,tier1,1,1.0,0.0208780672401189,True,9,0.882145345211029,27,0.6766054134123703
XwMwDTPAyAo_clip0047_t00693,XwMwDTPAyAo,693.602,697.598,3.996,1.0,1.0,5.34,E:\FPTU\PRJ\VN-AV-DF-Capstone\data\clips\tier1\440-9999\tier1_v3_clips_440_9999\XwMwDTPAyAo_clip0047_t00693.mp4,tier1,1,1.0,0.020744189620018,True,9,0.8104693293571472,27,0.6635861045740521
XwMwDTPAyAo_clip0048_t00734,XwMwDTPAyAo,734.53,738.814,4.284,1.0,1.0,7.05,E:\FPTU\PRJ\VN-AV-DF-Capstone\data\clips\tier1\440-9999\tier1_v3_clips_440_9999\XwMwDTPAyAo_clip0048_t00734.mp4,tier1,1,1.0,0.0211827885359525,True,9,0.851507306098938,27,0.6720422304154933
XwMwDTPAyAo_clip0049_t00746,XwMwDTPAyAo,746.69,748.734,2.044,1.0,1.0,5.82,E:\FPTU\PRJ\VN-AV-DF-Capstone\data\clips\tier1\440-9999\tier1_v3_clips_440_9999\XwMwDTPAyAo_clip0049_t00746.mp4,tier1,1,1.0,0.0208140183240175,True,9,0.9336122870445251,27,0.6855105146405298
XwMwDTPAyAo_clip0050_t00748,XwMwDTPAyAo,748.962,753.31,4.348,1.0,1.0,4.98,E:\FPTU\PRJ\VN-AV-DF-Capstone\data\clips\tier1\440-9999\tier1_v3_clips_440_9999\XwMwDTPAyAo_clip0050_t00748.mp4,tier1,1,1.0,0.0189477987587451,True,9,0.8140684962272644,27,0.6592484807387786
0wOdyRpc0wc_clip0026_t00240,0wOdyRpc0wc,240.61,245.982,5.372,1.0,1.0,24.29,E:\FPTU\PRJ\VN-AV-DF-Capstone\data\clips\tier1\0-100\tier1_v3_clips_0_100\0wOdyRpc0wc_clip0026_t00240.mp4,tier1,1,1.0,0.0109301377087831,True,9,0.3445344567298889,28,0.554195035472779
9fvi4IXr6rQ_clip0078_t00673,9fvi4IXr6rQ,673.762,678.206,4.444,1.0,1.0,2.34,E:\FPTU\PRJ\VN-AV-DF-Capstone\data\clips\tier1\0-100\tier1_v3_clips_0_100\9fvi4IXr6rQ_clip0078_t00673.mp4,tier1,1,1.0,0.0116380201652646,True,9,0.561797559261322,28,0.5944951438831027
CHkaAtJLN3E_clip0032_t00568,CHkaAtJLN3E,568.418,573.418,5.0,1.0,1.0,7.17,E:\FPTU\PRJ\VN-AV-DF-Capstone\data\clips\tier1\100-300\tier1_v3_clips_100_300\CHkaAtJLN3E_clip0032_t00568.mp4,tier1,1,1.0,0.018557034432888,True,9,0.5940361022949219,28,0.6193375205636806
P3K1OaKR4nY_clip0012_t00101,P3K1OaKR4nY,101.762,105.982,4.22,1.0,1.0,11.89,E:\FPTU\PRJ\VN-AV-DF-Capstone\data\clips\tier1\300-400\tier1_v3_clips_300_400\P3K1OaKR4nY_clip0012_t00101.mp4,tier1,1,1.0,0.018349440768361,True,9,0.9354685544967652,28,0.679015645262234
P3K1OaKR4nY_clip0013_t00108,P3K1OaKR4nY,108.546,111.518,2.972,1.0,1.0,11.89,E:\FPTU\PRJ\VN-AV-DF-Capstone\data\clips\tier1\300-400\tier1_v3_clips_300_400\P3K1OaKR4nY_clip0013_t00108.mp4,tier1,1,1.0,0.0162363573908805,True,9,0.92803955078125,28,0.6718552051450584
P3K1OaKR4nY_clip0014_t00111,P3K1OaKR4nY,111.682,115.518,3.836,1.0,1.0,11.35,E:\FPTU\PRJ\VN-AV-DF-Capstone\data\clips\tier1\300-400\tier1_v3_clips_300_400\P3K1OaKR4nY_clip0014_t00111.mp4,tier1,1,1.0,0.0153291271999478,True,9,0.905674397945404,28,0.6653970179709019
mHTLamr-Zqk_clip0028_t00315,mHTLamr-Zqk,315.234,320.234,5.0,1.0,1.0,13.09,E:\FPTU\PRJ\VN-AV-DF-Capstone\data\clips\tier2\tier2_v3_clips_0_999-001\mHTLamr-Zqk_clip0028_t00315.mp4,tier2,1,1.0,0.0333762429654598,True,9,0.8873263597488403,28,0.7121171722986828
usfv-YmWPBs_clip0038_t00622,usfv-YmWPBs,622.498,625.406,2.908,1.0,1.0,11.72,E:\FPTU\PRJ\VN-AV-DF-Capstone\data\clips\tier1\300-400\tier1_v3_clips_300_400\usfv-YmWPBs_clip0038_t00622.mp4,tier1,1,1.0,0.0746013149619102,True,9,0.960300862789154,29,0.8391143101874882
usfv-YmWPBs_clip0039_t00629,usfv-YmWPBs,629.378,631.838,2.46,1.0,1.0,13.0,E:\FPTU\PRJ\VN-AV-DF-Capstone\data\clips\tier1\300-400\tier1_v3_clips_300_400\usfv-YmWPBs_clip0039_t00629.mp4,tier1,1,1.0,0.0742039084434509,True,9,0.9613198041915894,29,0.8381940222650917
usfv-YmWPBs_clip0040_t00634,usfv-YmWPBs,634.05,638.558,4.508,1.0,1.0,11.07,E:\FPTU\PRJ\VN-AV-DF-Capstone\data\clips\tier1\300-400\tier1_v3_clips_300_400\usfv-YmWPBs_clip0040_t00634.mp4,tier1,1,1.0,0.047770470380783,True,9,0.5146995186805725,29,0.6862056087992752
usfv-YmWPBs_clip0041_t00664,usfv-YmWPBs,664.642,667.07,2.428,1.0,1.0,12.38,E:\FPTU\PRJ\VN-AV-DF-Capstone\data\clips\tier1\300-400\tier1_v3_clips_300_400\usfv-YmWPBs_clip0041_t00664.mp4,tier1,1,1.0,0.0746262967586517,True,9,0.9527365565299988,29,0.8378485872463893
usfv-YmWPBs_clip0042_t00672,usfv-YmWPBs,672.738,674.91,2.172,1.0,1.0,12.49,E:\FPTU\PRJ\VN-AV-DF-Capstone\data\clips\tier1\300-400\tier1_v3_clips_300_400\usfv-YmWPBs_clip0042_t00672.mp4,tier1,1,1.0,0.0746228620409965,True,9,0.9446879625320436,29,0.836418739140348
usfv-YmWPBs_clip0043_t00678,usfv-YmWPBs,678.818,685.598,6.78,1.0,1.0,13.86,E:\FPTU\PRJ\VN-AV-DF-Capstone\data\clips\tier1\300-400\tier1_v3_clips_300_400\usfv-YmWPBs_clip0043_t00678.mp4,tier1,1,1.0,0.0281234513968229,True,9,0.9122937321662904,29,0.7019823964647997
7634060089552358676_clip0005_t00028,7634060089552358676,28.61,31.134,2.524,1.0,1.0,5.21,E:\FPTU\PRJ\VN-AV-DF-Capstone\data\clips\tier3\tier3_v3_clips_0_1262-001\7634060089552358676_clip0005_t00028.mp4,tier3,1,1.0,0.0167122147977352,True,9,0.976348876953125,31,0.6816976492885074
7634060096967806228_clip0010_t00096,7634060096967806228,96.77,99.39,2.62,1.0,1.0,4.7,E:\FPTU\PRJ\VN-AV-DF-Capstone\data\clips\tier3\tier3_v3_clips_0_1262-001\7634060096967806228_clip0010_t00096.mp4,tier3,1,1.0,0.0258185230195522,True,9,0.497559130191803,31,0.6224134323162572
7634060096967806228_clip0015_t00146,7634060096967806228,146.05,152.094,6.044,1.0,1.0,4.71,E:\FPTU\PRJ\VN-AV-DF-Capstone\data\clips\tier3\tier3_v3_clips_0_1262-001\7634060096967806228_clip0015_t00146.mp4,tier3,1,1.0,0.0129779493436217,True,9,0.5692369341850281,31,0.5995171680072234
7634060096967806228_clip0017_t00155,7634060096967806228,155.906,163.454,7.548,1.0,1.0,4.7,E:\FPTU\PRJ\VN-AV-DF-Capstone\data\clips\tier3\tier3_v3_clips_0_1262-001\7634060096967806228_clip0017_t00155.mp4,tier3,1,1.0,0.0143424021080136,True,9,0.3703087568283081,31,0.5681892750024619
7634060096967806228_clip0018_t00165,7634060096967806228,165.602,167.71,2.108,1.0,1.0,2.68,E:\FPTU\PRJ\VN-AV-DF-Capstone\data\clips\tier3\tier3_v3_clips_0_1262-001\7634060096967806228_clip0018_t00165.mp4,tier3,1,1.0,0.0150705492123961,True,9,0.8326338529586792,31,0.6517917141953402
7634060096967806228_clip0024_t00210,7634060096967806228,210.69,213.246,2.556,1.0,1.0,4.34,E:\FPTU\PRJ\VN-AV-DF-Capstone\data\clips\tier3\tier3_v3_clips_0_1262-001\7634060096967806228_clip0024_t00210.mp4,tier3,1,1.0,0.0166671928018331,True,9,0.972600281238556,31,0.6809115024648401
7634060096967806228_clip0029_t00251,7634060096967806228,251.49,256.49,5.0,1.0,1.0,7.03,E:\FPTU\PRJ\VN-AV-DF-Capstone\data\clips\tier3\tier3_v3_clips_0_1262-001\7634060096967806228_clip0029_t00251.mp4,tier3,1,1.0,0.020986795425415,True,9,0.3406734466552734,31,0.5813525304296799
7634060096967806228_clip0033_t00297,7634060096967806228,297.89,303.614,5.724,1.0,1.0,6.48,E:\FPTU\PRJ\VN-AV-DF-Capstone\data\clips\tier3\tier3_v3_clips_0_1262-001\7634060096967806228_clip0033_t00297.mp4,tier3,1,1.0,0.0111961234360933,True,9,0.6392125487327576,31,0.6069333536577141
7634060096967806228_clip0037_t00331,7634060096967806228,331.458,334.11,2.652,1.0,1.0,5.49,E:\FPTU\PRJ\VN-AV-DF-Capstone\data\clips\tier3\tier3_v3_clips_0_1262-001\7634060096967806228_clip0037_t00331.mp4,tier3,1,1.0,0.0152598153799772,True,9,0.6534701585769653,31,0.6206985184466379
7634060096967806228_clip0039_t00339,7634060096967806228,339.874,342.75,2.876,1.0,1.0,2.42,E:\FPTU\PRJ\VN-AV-DF-Capstone\data\clips\tier3\tier3_v3_clips_0_1262-001\7634060096967806228_clip0039_t00339.mp4,tier3,1,1.0,0.0134519301354885,True,9,0.4395926892757416,31,0.5779508459359732
7634060096967806228_clip0041_t00369,7634060096967806228,369.474,371.774,2.3,1.0,1.0,9.46,E:\FPTU\PRJ\VN-AV-DF-Capstone\data\clips\tier3\tier3_v3_clips_0_1262-001\7634060096967806228_clip0041_t00369.mp4,tier3,1,1.0,0.0106958067044615,True,9,0.4950033724308014,31,0.5800996982234872
7470509227027516679_clip0000_t00002,7470509227027516679,2.626,4.798,2.172,1.0,1.0,13.43,E:\FPTU\PRJ\VN-AV-DF-Capstone\data\clips\tier3\tier3_v3_clips_0_1262-001\7470509227027516679_clip0000_t00002.mp4,tier3,1,1.0,0.0764957889914512,True,9,0.4806476831436157,32,0.7597139162783421
7470509227027516679_clip0003_t00063,7470509227027516679,63.618,66.27,2.652,1.0,1.0,11.14,E:\FPTU\PRJ\VN-AV-DF-Capstone\data\clips\tier3\tier3_v3_clips_0_1262-001\7470509227027516679_clip0003_t00063.mp4,tier3,1,1.0,0.0653315186500549,True,9,0.6902763247489929,32,0.7658022619519174
7470509227027516679_clip0004_t00066,7470509227027516679,66.434,68.798,2.364,1.0,1.0,14.12,E:\FPTU\PRJ\VN-AV-DF-Capstone\data\clips\tier3\tier3_v3_clips_0_1262-001\7470509227027516679_clip0004_t00066.mp4,tier3,1,1.0,0.1693843007087707,True,9,0.8483431935310364,32,0.9732370341525359
7491284887240985864_clip0000_t00000,7491284887240985864,0.226,8.254,8.028,1.0,1.0,5.95,E:\FPTU\PRJ\VN-AV-DF-Capstone\data\clips\tier3\tier3_v3_clips_0_1262-001\7491284887240985864_clip0000_t00000.mp4,tier3,1,1.0,0.0669458657503128,True,9,0.4189988374710083,32,0.7223986014106151
7491284887240985864_clip0003_t00031,7491284887240985864,31.362,33.79,2.428,1.0,1.0,1.49,E:\FPTU\PRJ\VN-AV-DF-Capstone\data\clips\tier3\tier3_v3_clips_0_1262-001\7491284887240985864_clip0003_t00031.mp4,tier3,1,1.0,0.0922313183546066,True,9,0.7097546458244324,32,0.8437036644446245
7491284887240985864_clip0008_t00057,7491284887240985864,57.314,59.454,2.14,1.0,1.0,4.01,E:\FPTU\PRJ\VN-AV-DF-Capstone\data\clips\tier3\tier3_v3_clips_0_1262-001\7491284887240985864_clip0008_t00057.mp4,tier3,1,1.0,0.1043724045157432,True,9,0.7534653544425964,32,0.885026285430757
7491284887240985864_clip0012_t00085,7491284887240985864,85.986,90.986,5.0,1.0,1.0,8.75,E:\FPTU\PRJ\VN-AV-DF-Capstone\data\clips\tier3\tier3_v3_clips_0_1262-001\7491284887240985864_clip0012_t00085.mp4,tier3,1,1.0,0.0630454793572425,True,9,0.4342334568500519,32,0.7142900102457412
7491284887240985864_clip0020_t00155,7491284887240985864,155.266,157.79,2.524,1.0,1.0,4.77,E:\FPTU\PRJ\VN-AV-DF-Capstone\data\clips\tier3\tier3_v3_clips_0_1262-001\7491284887240985864_clip0020_t00155.mp4,tier3,1,1.0,0.0786140635609626,True,9,0.6577407121658325,32,0.7968294370065899
7491284887240985864_clip0023_t00174,7491284887240985864,174.946,177.182,2.236,1.0,1.0,3.85,E:\FPTU\PRJ\VN-AV-DF-Capstone\data\clips\tier3\tier3_v3_clips_0_1262-001\7491284887240985864_clip0023_t00174.mp4,tier3,1,1.0,0.0359243601560592,True,9,0.5110477805137634,32,0.6527687705669727
7491284887240985864_clip0025_t00189,7491284887240985864,189.378,191.55,2.172,1.0,1.0,-1.43,E:\FPTU\PRJ\VN-AV-DF-Capstone\data\clips\tier3\tier3_v3_clips_0_1262-001\7491284887240985864_clip0025_t00189.mp4,tier3,1,1.0,0.1140151694416999,True,9,0.907400131225586,32,0.9388843572896205
7491284887240985864_clip0028_t00212,7491284887240985864,212.13,214.27,2.14,1.0,1.0,3.48,E:\FPTU\PRJ\VN-AV-DF-Capstone\data\clips\tier3\tier3_v3_clips_0_1262-001\7491284887240985864_clip0028_t00212.mp4,tier3,1,0.8888888888888888,0.1678845882415771,True,9,0.4137460887432098,32,0.8442558457259259
7491284887240985864_clip0029_t00217,7491284887240985864,217.378,221.534,4.156,1.0,1.0,6.68,E:\FPTU\PRJ\VN-AV-DF-Capstone\data\clips\tier3\tier3_v3_clips_0_1262-001\7491284887240985864_clip0029_t00217.mp4,tier3,1,1.0,0.0309909116476774,True,9,0.7790141701698303,32,0.6864001800158944
7491284887240985864_clip0030_t00222,7491284887240985864,222.21,224.67,2.46,1.0,1.0,6.55,E:\FPTU\PRJ\VN-AV-DF-Capstone\data\clips\tier3\tier3_v3_clips_0_1262-001\7491284887240985864_clip0030_t00222.mp4,tier3,1,1.0,0.0335053950548172,True,9,0.8901659846305847,32,0.7129758015113512
7544723202199538964_clip0005_t00095,7544723202199538964,95.97,100.67,4.7,1.0,1.0,-0.84,E:\FPTU\PRJ\VN-AV-DF-Capstone\data\clips\tier3\tier3_v3_clips_0_1262-001\7544723202199538964_clip0005_t00095.mp4,tier3,1,1.0,0.0496698319911956,True,9,0.3293154537677765,32,0.6587485884726194
7544723202199538964_clip0007_t00121,7544723202199538964,121.538,132.83,11.292,1.0,1.0,-1.66,E:\FPTU\PRJ\VN-AV-DF-Capstone\data\clips\tier3\tier3_v3_clips_0_1262-001\7544723202199538964_clip0007_t00121.mp4,tier3,1,1.0,0.0536268875002861,True,9,0.3379345536231994,32,0.6712235310045033
7544723202199538964_clip0008_t00133,7544723202199538964,133.058,137.63,4.572,1.0,1.0,-0.24,E:\FPTU\PRJ\VN-AV-DF-Capstone\data\clips\tier3\tier3_v3_clips_0_1262-001\7544723202199538964_clip0008_t00133.mp4,tier3,1,1.0,0.0897586643695831,True,9,0.5645416975021362,32,0.8112330468676612
7544723202199538964_clip0009_t00141,7544723202199538964,141.122,146.814,5.692,1.0,1.0,-0.04,E:\FPTU\PRJ\VN-AV-DF-Capstone\data\clips\tier3\tier3_v3_clips_0_1262-001\7544723202199538964_clip0009_t00141.mp4,tier3,1,1.0,0.0522049479186534,True,9,0.5149178504943848,32,0.6985196629778109
7544723202199538964_clip0010_t00158,7544723202199538964,158.018,163.294,5.276,1.0,1.0,0.43,E:\FPTU\PRJ\VN-AV-DF-Capstone\data\clips\tier3\tier3_v3_clips_0_1262-001\7544723202199538964_clip0010_t00158.mp4,tier3,1,1.0,0.0434593632817268,True,9,0.5233132243156433,32,0.6757916636334205
7621911689620901141_clip0004_t00024,7621911689620901141,24.322,28.574,4.252,1.0,1.0,3.32,E:\FPTU\PRJ\VN-AV-DF-Capstone\data\clips\tier3\tier3_v3_clips_0_1262-001\7621911689620901141_clip0004_t00024.mp4,tier3,1,1.0,0.0604954175651073,True,9,0.428054928779602,32,0.7061405982286126
7621911689620901141_clip0009_t00115,7621911689620901141,115.362,120.798,5.436,1.0,1.0,4.32,E:\FPTU\PRJ\VN-AV-DF-Capstone\data\clips\tier3\tier3_v3_clips_0_1262-001\7621911689620901141_clip0009_t00115.mp4,tier3,1,1.0,0.0639639422297477,True,9,0.78303462266922,32,0.7783856469723068
7621911689620901141_clip0010_t00122,7621911689620901141,122.05,125.15,3.1,1.0,1.0,6.39,E:\FPTU\PRJ\VN-AV-DF-Capstone\data\clips\tier3\tier3_v3_clips_0_1262-001\7621911689620901141_clip0010_t00122.mp4,tier3,1,1.0,0.1177917867898941,True,9,0.8546466827392578,32,0.9400293610215833
sW5Nf8fj1wY_clip0000_t00092,sW5Nf8fj1wY,92.482,95.998,3.516,1.0,1.0,2.12,E:\FPTU\PRJ\VN-AV-DF-Capstone\data\clips\tier1\300-400\tier1_v3_clips_300_400\sW5Nf8fj1wY_clip0000_t00092.mp4,tier1,1,1.0,0.0381390079855918,True,9,0.511979341506958,33,0.6590637539599045
sW5Nf8fj1wY_clip0002_t00216,sW5Nf8fj1wY,216.194,218.462,2.268,1.0,1.0,0.58,E:\FPTU\PRJ\VN-AV-DF-Capstone\data\clips\tier1\300-400\tier1_v3_clips_300_400\sW5Nf8fj1wY_clip0002_t00216.mp4,tier1,1,1.0,0.0413246899843215,True,9,0.6158862709999084,33,0.6862188789376874
sW5Nf8fj1wY_clip0003_t00227,sW5Nf8fj1wY,227.106,233.566,6.46,1.0,1.0,1.5,E:\FPTU\PRJ\VN-AV-DF-Capstone\data\clips\tier1\300-400\tier1_v3_clips_300_400\sW5Nf8fj1wY_clip0003_t00227.mp4,tier1,1,0.8888888888888888,0.0435866191983222,True,9,0.7236661911010742,33,0.6592127577895202
sW5Nf8fj1wY_clip0004_t00238,sW5Nf8fj1wY,238.114,240.798,2.684,1.0,1.0,4.43,E:\FPTU\PRJ\VN-AV-DF-Capstone\data\clips\tier1\300-400\tier1_v3_clips_300_400\sW5Nf8fj1wY_clip0004_t00238.mp4,tier1,1,1.0,0.0443175099790096,True,9,0.7054463624954224,33,0.7103083281875107
sW5Nf8fj1wY_clip0005_t00252,sW5Nf8fj1wY,252.514,255.326,2.812,1.0,1.0,3.32,E:\FPTU\PRJ\VN-AV-DF-Capstone\data\clips\tier1\300-400\tier1_v3_clips_300_400\sW5Nf8fj1wY_clip0005_t00252.mp4,tier1,1,1.0,0.0403610244393348,True,9,0.685003399848938,33,0.6957483994235658
sW5Nf8fj1wY_clip0006_t00255,sW5Nf8fj1wY,255.426,257.694,2.268,1.0,1.0,0.75,E:\FPTU\PRJ\VN-AV-DF-Capstone\data\clips\tier1\300-400\tier1_v3_clips_300_400\sW5Nf8fj1wY_clip0006_t00255.mp4,tier1,1,1.0,0.0402493923902511,True,9,0.7432114481925964,33,0.7057113880079122
sW5Nf8fj1wY_clip0007_t00258,sW5Nf8fj1wY,258.306,266.526,8.22,1.0,1.0,2.15,E:\FPTU\PRJ\VN-AV-DF-Capstone\data\clips\tier1\300-400\tier1_v3_clips_300_400\sW5Nf8fj1wY_clip0007_t00258.mp4,tier1,1,1.0,0.0433673709630966,True,9,0.63106369972229,33,0.6945518001851265
sW5Nf8fj1wY_clip0008_t00266,sW5Nf8fj1wY,266.658,271.742,5.084,1.0,1.0,5.67,E:\FPTU\PRJ\VN-AV-DF-Capstone\data\clips\tier1\300-400\tier1_v3_clips_300_400\sW5Nf8fj1wY_clip0008_t00266.mp4,tier1,1,1.0,0.0416220501065254,True,9,0.5555437207221985,33,0.6763933461741679
sW5Nf8fj1wY_clip0009_t00271,sW5Nf8fj1wY,271.842,279.646,7.804,1.0,1.0,3.49,E:\FPTU\PRJ\VN-AV-DF-Capstone\data\clips\tier1\300-400\tier1_v3_clips_300_400\sW5Nf8fj1wY_clip0009_t00271.mp4,tier1,1,1.0,0.0406707860529422,True,9,0.5556324124336243,33,0.6737757075739796
t8hKH960SUY_clip0000_t00036,t8hKH960SUY,36.162,38.686,2.524,1.0,1.0,3.25,E:\FPTU\PRJ\VN-AV-DF-Capstone\data\clips\tier1\300-400\tier1_v3_clips_300_400\t8hKH960SUY_clip0000_t00036.mp4,tier1,1,1.0,0.0651314705610275,True,9,0.8137340545654297,33,0.7870351468401326
t8hKH960SUY_clip0001_t00052,t8hKH960SUY,52.418,54.43,2.012,1.0,1.0,3.57,E:\FPTU\PRJ\VN-AV-DF-Capstone\data\clips\tier1\300-400\tier1_v3_clips_300_400\t8hKH960SUY_clip0001_t00052.mp4,tier1,1,1.0,0.0449703820049762,True,9,0.8157736659049988,33,0.7315851332961143
t8hKH960SUY_clip0002_t00057,t8hKH960SUY,57.09,59.422,2.332,1.0,1.0,2.63,E:\FPTU\PRJ\VN-AV-DF-Capstone\data\clips\tier1\300-400\tier1_v3_clips_300_400\t8hKH960SUY_clip0002_t00057.mp4,tier1,1,0.8888888888888888,0.0431030616164207,True,9,0.4807713329792022,33,0.6150103747287211
CHkaAtJLN3E_clip0006_t00096,CHkaAtJLN3E,96.706,100.798,4.092,1.0,1.0,5.2,E:\FPTU\PRJ\VN-AV-DF-Capstone\data\clips\tier1\100-300\tier1_v3_clips_100_300\CHkaAtJLN3E_clip0006_t00096.mp4,tier1,1,1.0,0.0215009748935699,True,9,0.5185267329216003,34,0.6141617565807036
ijoyJhqD740_clip0004_t00107,ijoyJhqD740,107.97,110.462,2.492,1.0,1.0,2.8,E:\FPTU\PRJ\VN-AV-DF-Capstone\data\clips\tier1\100-300\tier1_v3_clips_100_300\ijoyJhqD740_clip0004_t00107.mp4,tier1,1,1.0,0.0110547188669443,True,9,0.9676488041877748,34,0.6645012565897584
ijoyJhqD740_clip0033_t00495,ijoyJhqD740,495.81,500.81,5.0,1.0,1.0,0.8,E:\FPTU\PRJ\VN-AV-DF-Capstone\data\clips\tier1\100-300\tier1_v3_clips_100_300\ijoyJhqD740_clip0033_t00495.mp4,tier1,1,1.0,0.0101575031876564,True,9,0.9620486497879028,34,0.6610293207322409
MpVfVbPdmis_clip0075_t00831,MpVfVbPdmis,831.458,836.458,5.0,1.0,1.0,5.66,E:\FPTU\PRJ\VN-AV-DF-Capstone\data\clips\tier1\100-300\tier1_v3_clips_100_300\MpVfVbPdmis_clip0075_t00831.mp4,tier1,1,1.0,0.0112232426181435,True,9,0.7557413578033447,35,0.6275723324868963
mHTLamr-Zqk_clip0082_t00803,mHTLamr-Zqk,803.202,805.726,2.524,1.0,1.0,12.35,E:\FPTU\PRJ\VN-AV-DF-Capstone\data\clips\tier2\tier2_v3_clips_0_999-001\mHTLamr-Zqk_clip0082_t00803.mp4,tier2,1,1.0,0.112587958574295,True,9,0.5355823040008545,36,0.8693186400911276
mHTLamr-Zqk_clip0083_t00825,mHTLamr-Zqk,825.474,830.238,4.764,1.0,1.0,16.3,E:\FPTU\PRJ\VN-AV-DF-Capstone\data\clips\tier2\tier2_v3_clips_0_999-001\mHTLamr-Zqk_clip0083_t00825.mp4,tier2,1,1.0,0.0778671950101852,True,9,0.9468190670013428,36,0.845775782081565
mHTLamr-Zqk_clip0091_t00884,mHTLamr-Zqk,884.45,889.45,5.0,1.0,1.0,14.33,E:\FPTU\PRJ\VN-AV-DF-Capstone\data\clips\tier2\tier2_v3_clips_0_999-001\mHTLamr-Zqk_clip0091_t00884.mp4,tier2,1,1.0,0.0977229997515678,True,9,0.3704783022403717,36,0.7990334463043043
mHTLamr-Zqk_clip0095_t00900,mHTLamr-Zqk,900.45,905.342,4.892,1.0,1.0,12.12,E:\FPTU\PRJ\VN-AV-DF-Capstone\data\clips\tier2\tier2_v3_clips_0_999-001\mHTLamr-Zqk_clip0095_t00900.mp4,tier2,1,0.8888888888888888,0.033572569489479,True,9,0.8501437902450562,36,0.6538114319617124
3tEN20uif6g_clip0033_t00440,3tEN20uif6g,440.706,444.158,3.452,1.0,1.0,2.33,E:\FPTU\PRJ\VN-AV-DF-Capstone\data\clips\tier1\0-100\tier1_v3_clips_0_100\3tEN20uif6g_clip0033_t00440.mp4,tier1,1,1.0,0.0139363938942551,True,9,0.3049987554550171,38,0.5555400683101114
MpVfVbPdmis_clip0015_t00214,MpVfVbPdmis,214.882,219.882,5.0,1.0,1.0,5.66,E:\FPTU\PRJ\VN-AV-DF-Capstone\data\clips\tier1\100-300\tier1_v3_clips_100_300\MpVfVbPdmis_clip0015_t00214.mp4,tier1,1,1.0,0.0429989099502563,True,9,0.4496720731258392,39,0.6615215390044501
ijoyJhqD740_clip0011_t00231,ijoyJhqD740,231.458,236.458,5.0,1.0,1.0,0.42,E:\FPTU\PRJ\VN-AV-DF-Capstone\data\clips\tier1\100-300\tier1_v3_clips_100_300\ijoyJhqD740_clip0011_t00231.mp4,tier1,1,1.0,0.0108515555039048,True,9,0.4773083925247192,40,0.5774081986888061
R5y53Ud7Fs8_clip0001_t00025,R5y53Ud7Fs8,25.858,28.638,2.78,1.0,1.0,3.06,E:\FPTU\PRJ\VN-AV-DF-Capstone\data\clips\tier1\300-400\tier1_v3_clips_300_400\R5y53Ud7Fs8_clip0001_t00025.mp4,tier1,1,1.0,0.0103462003171443,True,9,0.8712786436080933,42,0.6455334359250127
R5y53Ud7Fs8_clip0003_t00060,R5y53Ud7Fs8,60.354,63.614,3.26,1.0,1.0,4.5,E:\FPTU\PRJ\VN-AV-DF-Capstone\data\clips\tier1\300-400\tier1_v3_clips_300_400\R5y53Ud7Fs8_clip0003_t00060.mp4,tier1,1,1.0,0.0101364273577928,True,9,0.7698456645011902,42,0.6270528047253806
R5y53Ud7Fs8_clip0008_t00134,R5y53Ud7Fs8,134.434,137.566,3.132,1.0,1.0,4.29,E:\FPTU\PRJ\VN-AV-DF-Capstone\data\clips\tier1\300-400\tier1_v3_clips_300_400\R5y53Ud7Fs8_clip0008_t00134.mp4,tier1,1,1.0,0.0410377010703086,True,9,0.8630286455154419,42,0.7290377961553105
R5y53Ud7Fs8_clip0011_t00151,R5y53Ud7Fs8,151.81,156.734,4.924,1.0,1.0,3.63,E:\FPTU\PRJ\VN-AV-DF-Capstone\data\clips\tier1\300-400\tier1_v3_clips_300_400\R5y53Ud7Fs8_clip0011_t00151.mp4,tier1,1,1.0,0.0309081878513097,True,9,0.8172066807746887,42,0.6929110387349241
R5y53Ud7Fs8_clip0012_t00161,R5y53Ud7Fs8,161.41,166.942,5.532,1.0,1.0,4.1,E:\FPTU\PRJ\VN-AV-DF-Capstone\data\clips\tier1\300-400\tier1_v3_clips_300_400\R5y53Ud7Fs8_clip0012_t00161.mp4,tier1,1,0.7777777777777778,0.0221829414367675,True,9,0.8013941645622253,42,0.5613921956846475
R5y53Ud7Fs8_clip0014_t00172,R5y53Ud7Fs8,172.226,177.226,5.0,1.0,1.0,1.94,E:\FPTU\PRJ\VN-AV-DF-Capstone\data\clips\tier1\300-400\tier1_v3_clips_300_400\R5y53Ud7Fs8_clip0014_t00172.mp4,tier1,1,1.0,0.0322938412427902,True,9,0.7826029658317566,42,0.6906402678703062
R5y53Ud7Fs8_clip0015_t00176,R5y53Ud7Fs8,176.226,180.574,4.348,1.0,1.0,2.32,E:\FPTU\PRJ\VN-AV-DF-Capstone\data\clips\tier1\300-400\tier1_v3_clips_300_400\R5y53Ud7Fs8_clip0015_t00176.mp4,tier1,1,1.0,0.0158679578453302,True,9,0.4491631090641022,42,0.5863277938027768
R5y53Ud7Fs8_clip0026_t00257,R5y53Ud7Fs8,257.058,260.958,3.9,1.0,1.0,3.29,E:\FPTU\PRJ\VN-AV-DF-Capstone\data\clips\tier1\300-400\tier1_v3_clips_300_400\R5y53Ud7Fs8_clip0026_t00257.mp4,tier1,1,1.0,0.0343067198991775,True,9,0.5694384574890137,42,0.6585950543472457
R5y53Ud7Fs8_clip0029_t00283,R5y53Ud7Fs8,283.522,286.91,3.388,1.0,1.0,4.78,E:\FPTU\PRJ\VN-AV-DF-Capstone\data\clips\tier1\300-400\tier1_v3_clips_300_400\R5y53Ud7Fs8_clip0029_t00283.mp4,tier1,1,1.0,0.0399394892156124,True,9,0.8064659833908081,42,0.7160160787733311
R5y53Ud7Fs8_clip0030_t00302,R5y53Ud7Fs8,302.402,307.262,4.86,1.0,1.0,2.53,E:\FPTU\PRJ\VN-AV-DF-Capstone\data\clips\tier1\300-400\tier1_v3_clips_300_400\R5y53Ud7Fs8_clip0030_t00302.mp4,tier1,1,1.0,0.0315420553088188,True,9,0.5869286060333252,42,0.6540284039402318
R5y53Ud7Fs8_clip0039_t00471,R5y53Ud7Fs8,471.01,475.326,4.316,1.0,1.0,3.69,E:\FPTU\PRJ\VN-AV-DF-Capstone\data\clips\tier1\300-400\tier1_v3_clips_300_400\R5y53Ud7Fs8_clip0039_t00471.mp4,tier1,1,1.0,0.0170781109482049,True,9,0.8308925628662109,42,0.6570417620587861
R5y53Ud7Fs8_clip0044_t00494,R5y53Ud7Fs8,494.178,497.534,3.356,1.0,1.0,6.87,E:\FPTU\PRJ\VN-AV-DF-Capstone\data\clips\tier1\300-400\tier1_v3_clips_300_400\R5y53Ud7Fs8_clip0044_t00494.mp4,tier1,1,1.0,0.0290999244898557,True,9,0.5700806379318237,42,0.6442949241896303
R5y53Ud7Fs8_clip0049_t00572,R5y53Ud7Fs8,572.162,577.162,5.0,1.0,1.0,5.42,E:\FPTU\PRJ\VN-AV-DF-Capstone\data\clips\tier1\300-400\tier1_v3_clips_300_400\R5y53Ud7Fs8_clip0049_t00572.mp4,tier1,1,1.0,0.0105149410665035,True,9,0.9687275290489196,42,0.6631974063681839
R5y53Ud7Fs8_clip0051_t00633,R5y53Ud7Fs8,633.058,636.158,3.1,1.0,1.0,3.54,E:\FPTU\PRJ\VN-AV-DF-Capstone\data\clips\tier1\300-400\tier1_v3_clips_300_400\R5y53Ud7Fs8_clip0051_t00633.mp4,tier1,1,1.0,0.0373060554265975,True,9,0.3684706091880798,42,0.6314329034664494
R5y53Ud7Fs8_clip0052_t00644,R5y53Ud7Fs8,644.642,646.942,2.3,1.0,1.0,2.35,E:\FPTU\PRJ\VN-AV-DF-Capstone\data\clips\tier1\300-400\tier1_v3_clips_300_400\R5y53Ud7Fs8_clip0052_t00644.mp4,tier1,1,1.0,0.0202396288514137,True,9,0.8104779124259949,42,0.6621908936226903
R5y53Ud7Fs8_clip0053_t00667,R5y53Ud7Fs8,667.138,671.486,4.348,1.0,1.0,3.32,E:\FPTU\PRJ\VN-AV-DF-Capstone\data\clips\tier1\300-400\tier1_v3_clips_300_400\R5y53Ud7Fs8_clip0053_t00667.mp4,tier1,1,1.0,0.0270885154604911,True,9,0.4641180038452148,42,0.6200276513892885
R5y53Ud7Fs8_clip0054_t00674,R5y53Ud7Fs8,674.05,676.094,2.044,1.0,1.0,2.65,E:\FPTU\PRJ\VN-AV-DF-Capstone\data\clips\tier1\300-400\tier1_v3_clips_300_400\R5y53Ud7Fs8_clip0054_t00674.mp4,tier1,1,1.0,0.0201628133654594,True,9,0.7826607823371887,42,0.6570693476099436
R5y53Ud7Fs8_clip0058_t00692,R5y53Ud7Fs8,692.29,697.29,5.0,1.0,1.0,4.09,E:\FPTU\PRJ\VN-AV-DF-Capstone\data\clips\tier1\300-400\tier1_v3_clips_300_400\R5y53Ud7Fs8_clip0058_t00692.mp4,tier1,1,1.0,0.0192508343607187,True,9,0.4402056336402893,42,0.5941115449069503
R5y53Ud7Fs8_clip0059_t00700,R5y53Ud7Fs8,700.29,703.486,3.196,1.0,1.0,2.64,E:\FPTU\PRJ\VN-AV-DF-Capstone\data\clips\tier1\300-400\tier1_v3_clips_300_400\R5y53Ud7Fs8_clip0059_t00700.mp4,tier1,1,1.0,0.0197121798992156,True,9,0.8387171626091003,42,0.6657142060111628
R5y53Ud7Fs8_clip0060_t00703,R5y53Ud7Fs8,703.874,713.438,9.564,1.0,1.0,3.76,E:\FPTU\PRJ\VN-AV-DF-Capstone\data\clips\tier1\300-400\tier1_v3_clips_300_400\R5y53Ud7Fs8_clip0060_t00703.mp4,tier1,1,1.0,0.0192283615469932,True,9,0.4917534291744232,42,0.6031460054422715
R5y53Ud7Fs8_clip0064_t00740,R5y53Ud7Fs8,740.418,745.418,5.0,1.0,1.0,5.04,E:\FPTU\PRJ\VN-AV-DF-Capstone\data\clips\tier1\300-400\tier1_v3_clips_300_400\R5y53Ud7Fs8_clip0064_t00740.mp4,tier1,1,1.0,0.040296584367752,True,9,0.4680982232093811,42,0.6572926322418494
R5y53Ud7Fs8_clip0075_t00851,R5y53Ud7Fs8,851.17,855.71,4.54,1.0,1.0,6.09,E:\FPTU\PRJ\VN-AV-DF-Capstone\data\clips\tier1\300-400\tier1_v3_clips_300_400\R5y53Ud7Fs8_clip0075_t00851.mp4,tier1,1,1.0,0.0483601056039333,True,9,0.8043734431266785,42,0.7389567654411243
Be0_77S0AyQ_clip0002_t00060,Be0_77S0AyQ,60.61,62.974,2.364,1.0,1.0,7.7,E:\FPTU\PRJ\VN-AV-DF-Capstone\data\clips\tier1\0-100\tier1_v3_clips_0_100\Be0_77S0AyQ_clip0002_t00060.mp4,tier1,1,1.0,0.0191411525011062,True,9,0.6825144290924072,43,0.6365682991444752
Be0_77S0AyQ_clip0005_t00101,Be0_77S0AyQ,101.442,103.71,2.268,1.0,1.0,5.27,E:\FPTU\PRJ\VN-AV-DF-Capstone\data\clips\tier1\0-100\tier1_v3_clips_0_100\Be0_77S0AyQ_clip0005_t00101.mp4,tier1,1,1.0,0.0206857100129127,True,9,0.79900062084198,43,0.6614003315307939
Be0_77S0AyQ_clip0015_t00197,Be0_77S0AyQ,197.954,201.118,3.164,1.0,1.0,5.37,E:\FPTU\PRJ\VN-AV-DF-Capstone\data\clips\tier1\0-100\tier1_v3_clips_0_100\Be0_77S0AyQ_clip0015_t00197.mp4,tier1,1,1.0,0.0191933047026395,True,9,0.7054638266563416,43,0.6407625606072551
Be0_77S0AyQ_clip0020_t00243,Be0_77S0AyQ,243.97,248.97,5.0,1.0,1.0,9.61,E:\FPTU\PRJ\VN-AV-DF-Capstone\data\clips\tier1\0-100\tier1_v3_clips_0_100\Be0_77S0AyQ_clip0020_t00243.mp4,tier1,1,1.0,0.0192474219948053,True,9,0.4139057695865631,43,0.5894609463122394
Be0_77S0AyQ_clip0027_t00329,Be0_77S0AyQ,329.57,332.126,2.556,1.0,1.0,5.16,E:\FPTU\PRJ\VN-AV-DF-Capstone\data\clips\tier1\0-100\tier1_v3_clips_0_100\Be0_77S0AyQ_clip0027_t00329.mp4,tier1,1,1.0,0.0190967954695224,True,9,0.6957250237464905,43,0.6387767913760314
Be0_77S0AyQ_clip0038_t00516,Be0_77S0AyQ,516.066,518.526,2.46,1.0,1.0,7.29,E:\FPTU\PRJ\VN-AV-DF-Capstone\data\clips\tier1\0-100\tier1_v3_clips_0_100\Be0_77S0AyQ_clip0038_t00516.mp4,tier1,1,1.0,0.0186755917966365,True,9,0.8608517050743103,43,0.6667508175461946
Be0_77S0AyQ_clip0039_t00522,Be0_77S0AyQ,522.818,526.43,3.612,1.0,1.0,8.93,E:\FPTU\PRJ\VN-AV-DF-Capstone\data\clips\tier1\0-100\tier1_v3_clips_0_100\Be0_77S0AyQ_clip0039_t00522.mp4,tier1,1,1.0,0.0163662359118461,True,9,0.8282248377799988,43,0.6546003738752947
Be0_77S0AyQ_clip0040_t00526,Be0_77S0AyQ,526.562,529.47,2.908,1.0,1.0,8.12,E:\FPTU\PRJ\VN-AV-DF-Capstone\data\clips\tier1\0-100\tier1_v3_clips_0_100\Be0_77S0AyQ_clip0040_t00526.mp4,tier1,1,1.0,0.0166724361479282,True,9,0.6027049422264099,43,0.6156503690396352
Be0_77S0AyQ_clip0041_t00533,Be0_77S0AyQ,533.538,537.054,3.516,1.0,1.0,7.42,E:\FPTU\PRJ\VN-AV-DF-Capstone\data\clips\tier1\0-100\tier1_v3_clips_0_100\Be0_77S0AyQ_clip0041_t00533.mp4,tier1,1,1.0,0.015865683555603,True,9,0.396054059267044,43,0.5769493128534368
Be0_77S0AyQ_clip0042_t00537,Be0_77S0AyQ,537.602,540.158,2.556,1.0,1.0,7.81,E:\FPTU\PRJ\VN-AV-DF-Capstone\data\clips\tier1\0-100\tier1_v3_clips_0_100\Be0_77S0AyQ_clip0042_t00537.mp4,tier1,1,1.0,0.016168974339962,True,9,0.8327144980430603,43,0.6548466071876757
Be0_77S0AyQ_clip0050_t00637,Be0_77S0AyQ,637.218,639.55,2.332,1.0,1.0,9.9,E:\FPTU\PRJ\VN-AV-DF-Capstone\data\clips\tier1\0-100\tier1_v3_clips_0_100\Be0_77S0AyQ_clip0050_t00637.mp4,tier1,1,1.0,0.026390740647912,True,9,0.3423551321029663,43,0.5966085048726237
Be0_77S0AyQ_clip0052_t00648,Be0_77S0AyQ,648.002,654.11,6.108,1.0,1.0,9.86,E:\FPTU\PRJ\VN-AV-DF-Capstone\data\clips\tier1\0-100\tier1_v3_clips_0_100\Be0_77S0AyQ_clip0052_t00648.mp4,tier1,1,1.0,0.0329653397202491,True,9,0.4996097385883331,43,0.6425591293307008
Be0_77S0AyQ_clip0054_t00664,Be0_77S0AyQ,664.418,672.254,7.836,1.0,1.0,8.8,E:\FPTU\PRJ\VN-AV-DF-Capstone\data\clips\tier1\0-100\tier1_v3_clips_0_100\Be0_77S0AyQ_clip0054_t00664.mp4,tier1,1,1.0,0.0170595739036798,True,9,0.4125394821166992,43,0.583163433544182
7629698176408210709_clip0001_t00015,7629698176408210709,15.49,17.662,2.172,1.0,1.0,7.67,E:\FPTU\PRJ\VN-AV-DF-Capstone\data\clips\tier3\tier3_v3_clips_0_1262-001\7629698176408210709_clip0001_t00015.mp4,tier3,1,1.0,0.0396182015538215,True,9,0.948516309261322,44,0.7401943945207449
7629698176408210709_clip0003_t00056,7629698176408210709,56.514,60.99,4.476,1.0,1.0,13.05,E:\FPTU\PRJ\VN-AV-DF-Capstone\data\clips\tier3\tier3_v3_clips_0_1262-001\7629698176408210709_clip0003_t00056.mp4,tier3,1,1.0,0.3233265876770019,True,9,0.8049017786979675,44,0.9655709021231709
7629698176408210709_clip0005_t00066,7629698176408210709,66.37,73.022,6.652,1.0,1.0,12.38,E:\FPTU\PRJ\VN-AV-DF-Capstone\data\clips\tier3\tier3_v3_clips_0_1262-001\7629698176408210709_clip0005_t00066.mp4,tier3,1,1.0,0.3917435705661773,True,9,0.6694498062133789,44,0.9416676128611846
7641466267358072085_clip0000_t00003,7641466267358072085,3.362,6.142,2.78,1.0,1.0,24.94,E:\FPTU\PRJ\VN-AV-DF-Capstone\data\clips\tier3\tier3_v3_clips_0_1262-001\7641466267358072085_clip0000_t00003.mp4,tier3,1,1.0,0.0460827276110649,True,9,0.8960215449333191,44,0.7488257199019243
0-fu0N-npmg_clip0060_t00806,0-fu0N-npmg,806.786,811.646,4.86,1.0,1.0,2.65,E:\FPTU\PRJ\VN-AV-DF-Capstone\data\clips\tier1\0-100\tier1_v3_clips_0_100\0-fu0N-npmg_clip0060_t00806.mp4,tier1,1,1.0,0.0279666054993867,True,9,0.6268243789672852,45,0.651171270816734
7634865418301213972_clip0001_t00006,7634865418301213972,6.114,8.542,2.428,1.0,1.0,2.89,E:\FPTU\PRJ\VN-AV-DF-Capstone\data\clips\tier3\tier3_v3_clips_0_1262-001\7634865418301213972_clip0001_t00006.mp4,tier3,1,1.0,0.0443672947585582,True,9,0.8262631297111511,46,0.7317667484419421
7634865418301213972_clip0002_t00009,7634865418301213972,9.538,13.15,3.612,1.0,1.0,3.35,E:\FPTU\PRJ\VN-AV-DF-Capstone\data\clips\tier3\tier3_v3_clips_0_1262-001\7634865418301213972_clip0002_t00009.mp4,tier3,1,1.0,0.0450826659798622,True,9,0.7301810383796692,46,0.7167913765766427
7634865418301213972_clip0003_t00013,7634865418301213972,13.666,16.062,2.396,1.0,1.0,3.62,E:\FPTU\PRJ\VN-AV-DF-Capstone\data\clips\tier3\tier3_v3_clips_0_1262-001\7634865418301213972_clip0003_t00013.mp4,tier3,1,1.0,0.044185996055603,True,9,0.7675444483757019,46,0.7209027569603569
7634865418301213972_clip0004_t00016,7634865418301213972,16.354,18.398,2.044,1.0,1.0,6.21,E:\FPTU\PRJ\VN-AV-DF-Capstone\data\clips\tier3\tier3_v3_clips_0_1262-001\7634865418301213972_clip0004_t00016.mp4,tier3,1,1.0,0.045344091951847,True,9,0.6196446418762207,46,0.698008633294276
7642360672617106709_clip0000_t00000,7642360672617106709,0.002,5.002,5.0,0.8,1.0,11.8,E:\FPTU\PRJ\VN-AV-DF-Capstone\data\clips\tier3\tier3_v3_clips_0_1262-001\7642360672617106709_clip0000_t00000.mp4,tier3,1,0.7777777777777778,0.0318206176161766,True,9,0.5768448710441589,48,0.548444874346651
7642360672617106709_clip0001_t00004,7642360672617106709,4.002,9.002,5.0,1.0,1.0,11.61,E:\FPTU\PRJ\VN-AV-DF-Capstone\data\clips\tier3\tier3_v3_clips_0_1262-001\7642360672617106709_clip0001_t00004.mp4,tier3,1,1.0,0.0189193058758974,True,9,0.745320200920105,48,0.6470375545997289
7642360672617106709_clip0002_t00008,7642360672617106709,8.002,13.002,5.0,1.0,1.0,11.89,E:\FPTU\PRJ\VN-AV-DF-Capstone\data\clips\tier3\tier3_v3_clips_0_1262-001\7642360672617106709_clip0002_t00008.mp4,tier3,1,1.0,0.0189492590725421,True,9,0.5381842851638794,48,0.6105670741696667
7642360672617106709_clip0003_t00012,7642360672617106709,12.002,17.002,5.0,1.0,1.0,11.35,E:\FPTU\PRJ\VN-AV-DF-Capstone\data\clips\tier3\tier3_v3_clips_0_1262-001\7642360672617106709_clip0003_t00012.mp4,tier3,1,1.0,0.0201217886060476,True,9,0.5654232501983643,48,0.6186197477477023
7642360672617106709_clip0004_t00016,7642360672617106709,16.002,20.51,4.508,1.0,1.0,11.2,E:\FPTU\PRJ\VN-AV-DF-Capstone\data\clips\tier3\tier3_v3_clips_0_1262-001\7642360672617106709_clip0004_t00016.mp4,tier3,1,1.0,0.0185914002358913,True,9,0.7818970084190369,48,0.6525845766231291
7642360672617106709_clip0005_t00020,7642360672617106709,20.674,25.674,5.0,1.0,1.0,9.91,E:\FPTU\PRJ\VN-AV-DF-Capstone\data\clips\tier3\tier3_v3_clips_0_1262-001\7642360672617106709_clip0005_t00020.mp4,tier3,1,1.0,0.0176848266273736,True,9,0.728356659412384,48,0.6406267017944396
7642360672617106709_clip0006_t00024,7642360672617106709,24.674,29.674,5.0,1.0,1.0,10.6,E:\FPTU\PRJ\VN-AV-DF-Capstone\data\clips\tier3\tier3_v3_clips_0_1262-001\7642360672617106709_clip0006_t00024.mp4,tier3,1,1.0,0.0194160509854555,True,9,0.7790060043334961,48,0.6543571984388625
7642360672617106709_clip0007_t00028,7642360672617106709,28.674,33.674,5.0,1.0,1.0,10.28,E:\FPTU\PRJ\VN-AV-DF-Capstone\data\clips\tier3\tier3_v3_clips_0_1262-001\7642360672617106709_clip0007_t00028.mp4,tier3,1,1.0,0.0177027210593223,True,9,0.6877747774124146,48,0.6335147285901407
7642360672617106709_clip0008_t00034,7642360672617106709,34.338,39.338,5.0,1.0,1.0,11.22,E:\FPTU\PRJ\VN-AV-DF-Capstone\data\clips\tier3\tier3_v3_clips_0_1262-001\7642360672617106709_clip0008_t00034.mp4,tier3,1,1.0,0.0215387362986803,True,9,0.7808800935745239,48,0.6605639396189984
7642360672617106709_clip0009_t00038,7642360672617106709,38.338,43.338,5.0,1.0,1.0,10.44,E:\FPTU\PRJ\VN-AV-DF-Capstone\data\clips\tier3\tier3_v3_clips_0_1262-001\7642360672617106709_clip0009_t00038.mp4,tier3,1,1.0,0.0221685077995061,True,9,0.7992656230926514,48,0.665551778909411
7642360672617106709_clip0010_t00042,7642360672617106709,42.338,47.338,5.0,1.0,1.0,12.66,E:\FPTU\PRJ\VN-AV-DF-Capstone\data\clips\tier3\tier3_v3_clips_0_1262-001\7642360672617106709_clip0010_t00042.mp4,tier3,1,1.0,0.0221630744636058,True,9,0.8058115839958191,48,0.6666919079148325
7642360672617106709_clip0011_t00046,7642360672617106709,46.338,51.338,5.0,1.0,1.0,11.19,E:\FPTU\PRJ\VN-AV-DF-Capstone\data\clips\tier3\tier3_v3_clips_0_1262-001\7642360672617106709_clip0011_t00046.mp4,tier3,1,1.0,0.0227797701954841,True,9,0.77333003282547,48,0.6626670071980147
7642360672617106709_clip0012_t00050,7642360672617106709,50.338,55.338,5.0,1.0,1.0,10.25,E:\FPTU\PRJ\VN-AV-DF-Capstone\data\clips\tier3\tier3_v3_clips_0_1262-001\7642360672617106709_clip0012_t00050.mp4,tier3,1,1.0,0.0222293678671121,True,9,0.8016896843910217,48,0.6661480273310143
7642360672617106709_clip0013_t00054,7642360672617106709,54.338,57.054,2.716,1.0,1.0,10.31,E:\FPTU\PRJ\VN-AV-DF-Capstone\data\clips\tier3\tier3_v3_clips_0_1262-001\7642360672617106709_clip0013_t00054.mp4,tier3,1,1.0,0.0217271279543638,True,9,0.7785078883171082,48,0.6606668211263689
7643385660409154823_clip0004_t00038,7643385660409154823,38.082,40.702,2.62,1.0,1.0,6.76,E:\FPTU\PRJ\VN-AV-DF-Capstone\data\clips\tier3\tier3_v3_clips_0_1262-001\7643385660409154823_clip0004_t00038.mp4,tier3,1,1.0,0.0133325736969709,True,9,0.7301582098007202,48,0.6288967116546766
7643385660409154823_clip0005_t00042,7643385660409154823,42.37,45.822,3.452,1.0,1.0,9.57,E:\FPTU\PRJ\VN-AV-DF-Capstone\data\clips\tier3\tier3_v3_clips_0_1262-001\7643385660409154823_clip0005_t00042.mp4,tier3,1,1.0,0.0155665315687656,True,9,0.8020167946815491,48,0.647761682752616
7643385660409154823_clip0008_t00065,7643385660409154823,65.602,70.602,5.0,1.0,1.0,11.37,E:\FPTU\PRJ\VN-AV-DF-Capstone\data\clips\tier3\tier3_v3_clips_0_1262-001\7643385660409154823_clip0008_t00065.mp4,tier3,1,1.0,0.0145328752696514,True,9,0.6448365449905396,48,0.6171626232577544
7643463111189564690_clip0001_t00024,7643463111189564690,24.93,29.93,5.0,1.0,1.0,1.8,E:\FPTU\PRJ\VN-AV-DF-Capstone\data\clips\tier3\tier3_v3_clips_0_1262-001\7643463111189564690_clip0001_t00024.mp4,tier3,1,1.0,0.0100303264334797,True,9,0.7418033480644226,48,0.6218104519663881
RoXXg62YfpM_clip0011_t00086,RoXXg62YfpM,86.53,90.014,3.484,1.0,1.0,10.56,E:\FPTU\PRJ\VN-AV-DF-Capstone\data\clips\tier1\300-400\tier1_v3_clips_300_400\RoXXg62YfpM_clip0011_t00086.mp4,tier1,1,1.0,0.0375118404626846,True,9,0.8859623670578003,49,0.7233246327217532
RoXXg62YfpM_clip0014_t00126,RoXXg62YfpM,126.626,130.206,3.58,1.0,1.0,9.38,E:\FPTU\PRJ\VN-AV-DF-Capstone\data\clips\tier1\300-400\tier1_v3_clips_300_400\RoXXg62YfpM_clip0014_t00126.mp4,tier1,1,1.0,0.0377975441515445,True,9,0.9167965650558472,49,0.7295568470097136
RoXXg62YfpM_clip0018_t00166,RoXXg62YfpM,166.306,168.446,2.14,1.0,1.0,10.45,E:\FPTU\PRJ\VN-AV-DF-Capstone\data\clips\tier1\300-400\tier1_v3_clips_300_400\RoXXg62YfpM_clip0018_t00166.mp4,tier1,1,1.0,0.0374407768249511,True,9,0.8668131232261658,49,0.7197486359674072
RoXXg62YfpM_clip0024_t00217,RoXXg62YfpM,217.506,220.318,2.812,1.0,1.0,9.57,E:\FPTU\PRJ\VN-AV-DF-Capstone\data\clips\tier1\300-400\tier1_v3_clips_300_400\RoXXg62YfpM_clip0024_t00217.mp4,tier1,1,1.0,0.0395012460649013,True,9,0.9003372192382812,49,0.7313684458655153
RoXXg62YfpM_clip0030_t00264,RoXXg62YfpM,264.29,268.51,4.22,1.0,1.0,10.61,E:\FPTU\PRJ\VN-AV-DF-Capstone\data\clips\tier1\300-400\tier1_v3_clips_300_400\RoXXg62YfpM_clip0030_t00264.mp4,tier1,1,1.0,0.0374001152813434,True,9,0.9141125082969666,49,0.7279830269494423
RoXXg62YfpM_clip0037_t00311,RoXXg62YfpM,311.554,314.526,2.972,1.0,1.0,9.48,E:\FPTU\PRJ\VN-AV-DF-Capstone\data\clips\tier1\300-400\tier1_v3_clips_300_400\RoXXg62YfpM_clip0037_t00311.mp4,tier1,1,1.0,0.0385703332722187,True,9,0.9453125,49,0.7367283064191342
RoXXg62YfpM_clip0045_t00359,RoXXg62YfpM,359.01,366.59,7.58,1.0,1.0,9.38,E:\FPTU\PRJ\VN-AV-DF-Capstone\data\clips\tier1\300-400\tier1_v3_clips_300_400\RoXXg62YfpM_clip0045_t00359.mp4,tier1,1,1.0,0.0373139381408691,True,9,0.8999783396720886,49,0.7252502062538848
RoXXg62YfpM_clip0050_t00404,RoXXg62YfpM,404.482,408.062,3.58,1.0,1.0,7.88,E:\FPTU\PRJ\VN-AV-DF-Capstone\data\clips\tier1\300-400\tier1_v3_clips_300_400\RoXXg62YfpM_clip0050_t00404.mp4,tier1,1,1.0,0.0117514245212078,True,9,0.7284324169158936,49,0.6242152212823697
RoXXg62YfpM_clip0058_t00481,RoXXg62YfpM,481.154,483.614,2.46,1.0,1.0,10.34,E:\FPTU\PRJ\VN-AV-DF-Capstone\data\clips\tier1\300-400\tier1_v3_clips_300_400\RoXXg62YfpM_clip0058_t00481.mp4,tier1,1,1.0,0.0366308838129043,True,9,0.8970233201980591,49,0.7228379005737964
RoXXg62YfpM_clip0071_t00628,RoXXg62YfpM,628.002,630.43,2.428,1.0,1.0,9.68,E:\FPTU\PRJ\VN-AV-DF-Capstone\data\clips\tier1\300-400\tier1_v3_clips_300_400\RoXXg62YfpM_clip0071_t00628.mp4,tier1,1,1.0,0.01306355278939,True,9,0.7540066838264465,49,0.6323605619563976
Wv2KVSy4j3E_clip0016_t00094,Wv2KVSy4j3E,94.658,97.886,3.228,1.0,1.0,7.69,E:\FPTU\PRJ\VN-AV-DF-Capstone\data\clips\tier1\400-440\tier1_v3_clips_400_440\Wv2KVSy4j3E_clip0016_t00094.mp4,tier1,1,1.0,0.1564541161060333,True,9,0.9996281862258912,49,0.9999343858045691
Wv2KVSy4j3E_clip0032_t00228,Wv2KVSy4j3E,228.066,230.878,2.812,1.0,1.0,5.83,E:\FPTU\PRJ\VN-AV-DF-Capstone\data\clips\tier1\400-440\tier1_v3_clips_400_440\Wv2KVSy4j3E_clip0032_t00228.mp4,tier1,1,1.0,0.0437287539243698,True,9,0.9374964237213136,49,0.7496285439087871
Wv2KVSy4j3E_clip0034_t00286,Wv2KVSy4j3E,286.21,291.07,4.86,1.0,1.0,5.25,E:\FPTU\PRJ\VN-AV-DF-Capstone\data\clips\tier1\400-440\tier1_v3_clips_400_440\Wv2KVSy4j3E_clip0034_t00286.mp4,tier1,1,1.0,0.0435431636869907,True,9,0.869426965713501,49,0.7371025355376052
Wv2KVSy4j3E_clip0042_t00331,Wv2KVSy4j3E,331.746,335.358,3.612,1.0,1.0,3.82,E:\FPTU\PRJ\VN-AV-DF-Capstone\data\clips\tier1\400-440\tier1_v3_clips_400_440\Wv2KVSy4j3E_clip0042_t00331.mp4,tier1,1,1.0,0.044210135936737,True,9,0.9260387420654296,49,0.7489391622421628
Wv2KVSy4j3E_clip0047_t00378,Wv2KVSy4j3E,378.85,381.502,2.652,1.0,1.0,3.47,E:\FPTU\PRJ\VN-AV-DF-Capstone\data\clips\tier1\400-440\tier1_v3_clips_400_440\Wv2KVSy4j3E_clip0047_t00378.mp4,tier1,1,0.7777777777777778,0.0434451289474964,True,9,0.8990329504013062,49,0.637480577810802
Wv2KVSy4j3E_clip0050_t00417,Wv2KVSy4j3E,417.89,420.19,2.3,1.0,1.0,7.18,E:\FPTU\PRJ\VN-AV-DF-Capstone\data\clips\tier1\400-440\tier1_v3_clips_400_440\Wv2KVSy4j3E_clip0050_t00417.mp4,tier1,1,1.0,0.0453121624886989,True,9,0.9067294001579284,49,0.7485822622906833
Wv2KVSy4j3E_clip0055_t00466,Wv2KVSy4j3E,466.914,469.534,2.62,1.0,1.0,4.57,E:\FPTU\PRJ\VN-AV-DF-Capstone\data\clips\tier1\400-440\tier1_v3_clips_400_440\Wv2KVSy4j3E_clip0055_t00466.mp4,tier1,1,1.0,0.0436810404062271,True,9,0.917102575302124,49,0.7458975488745251
Wv2KVSy4j3E_clip0058_t00539,Wv2KVSy4j3E,539.042,541.95,2.908,1.0,1.0,4.59,E:\FPTU\PRJ\VN-AV-DF-Capstone\data\clips\tier1\400-440\tier1_v3_clips_400_440\Wv2KVSy4j3E_clip0058_t00539.mp4,tier1,1,1.0,0.0439880900084972,True,9,0.914291262626648,49,0.7462514098807229
Wv2KVSy4j3E_clip0069_t00630,Wv2KVSy4j3E,630.818,633.47,2.652,1.0,1.0,5.98,E:\FPTU\PRJ\VN-AV-DF-Capstone\data\clips\tier1\400-440\tier1_v3_clips_400_440\Wv2KVSy4j3E_clip0069_t00630.mp4,tier1,1,1.0,0.0428204126656055,True,9,0.8901761174201965,49,0.7387634304640596
Wv2KVSy4j3E_clip0081_t00738,Wv2KVSy4j3E,738.274,743.006,4.732,1.0,1.0,4.29,E:\FPTU\PRJ\VN-AV-DF-Capstone\data\clips\tier1\400-440\tier1_v3_clips_400_440\Wv2KVSy4j3E_clip0081_t00738.mp4,tier1,1,1.0,0.0469691939651966,True,9,0.9043392539024352,49,0.7527474679204817
okygVjgD02Y_clip0005_t00044,okygVjgD02Y,44.77,47.294,2.524,1.0,1.0,9.18,E:\FPTU\PRJ\VN-AV-DF-Capstone\data\clips\tier1\300-400\tier1_v3_clips_300_400\okygVjgD02Y_clip0005_t00044.mp4,tier1,1,1.0,0.0371573120355606,True,9,0.9997487664222716,49,0.7424231796138693
okygVjgD02Y_clip0013_t00096,okygVjgD02Y,96.674,99.358,2.684,1.0,1.0,6.99,E:\FPTU\PRJ\VN-AV-DF-Capstone\data\clips\tier1\300-400\tier1_v3_clips_300_400\okygVjgD02Y_clip0013_t00096.mp4,tier1,1,1.0,0.1554527282714843,True,9,0.9999562501907348,49,0.9999922794454239
okygVjgD02Y_clip0026_t00178,okygVjgD02Y,178.37,180.734,2.364,1.0,1.0,5.64,E:\FPTU\PRJ\VN-AV-DF-Capstone\data\clips\tier1\300-400\tier1_v3_clips_300_400\okygVjgD02Y_clip0026_t00178.mp4,tier1,1,1.0,0.045625552535057,True,9,0.9165645241737366,49,0.7511853990423659
okygVjgD02Y_clip0033_t00241,okygVjgD02Y,241.282,243.966,2.684,1.0,1.0,3.36,E:\FPTU\PRJ\VN-AV-DF-Capstone\data\clips\tier1\300-400\tier1_v3_clips_300_400\okygVjgD02Y_clip0033_t00241.mp4,tier1,1,1.0,0.0451896898448467,True,9,0.9123802185058594,49,0.7492404366366804
okygVjgD02Y_clip0034_t00271,okygVjgD02Y,271.202,273.502,2.3,1.0,1.0,3.82,E:\FPTU\PRJ\VN-AV-DF-Capstone\data\clips\tier1\300-400\tier1_v3_clips_300_400\okygVjgD02Y_clip0034_t00271.mp4,tier1,1,1.0,0.0447861813008785,True,9,0.90286785364151,49,0.7464447912695477
okygVjgD02Y_clip0041_t00311,okygVjgD02Y,311.906,314.782,2.876,1.0,1.0,5.22,E:\FPTU\PRJ\VN-AV-DF-Capstone\data\clips\tier1\300-400\tier1_v3_clips_300_400\okygVjgD02Y_clip0041_t00311.mp4,tier1,1,1.0,0.1644040197134018,True,9,0.9999756217002868,49,0.9999956979471095
okygVjgD02Y_clip0045_t00367,okygVjgD02Y,367.842,370.302,2.46,1.0,1.0,4.98,E:\FPTU\PRJ\VN-AV-DF-Capstone\data\clips\tier1\300-400\tier1_v3_clips_300_400\okygVjgD02Y_clip0045_t00367.mp4,tier1,1,1.0,0.0423966161906719,True,9,0.889653742313385,49,0.737498092807431
okygVjgD02Y_clip0048_t00417,okygVjgD02Y,417.25,419.838,2.588,1.0,1.0,5.43,E:\FPTU\PRJ\VN-AV-DF-Capstone\data\clips\tier1\300-400\tier1_v3_clips_300_400\okygVjgD02Y_clip0048_t00417.mp4,tier1,1,1.0,0.0427383929491043,True,9,0.907649576663971,49,0.741619935036293
okygVjgD02Y_clip0053_t00478,okygVjgD02Y,478.338,480.542,2.204,1.0,1.0,3.44,E:\FPTU\PRJ\VN-AV-DF-Capstone\data\clips\tier1\300-400\tier1_v3_clips_300_400\okygVjgD02Y_clip0053_t00478.mp4,tier1,1,1.0,0.0417091883718967,True,9,0.9320157170295716,49,0.7430707970476288
okygVjgD02Y_clip0057_t00539,okygVjgD02Y,539.778,543.102,3.324,1.0,1.0,5.76,E:\FPTU\PRJ\VN-AV-DF-Capstone\data\clips\tier1\300-400\tier1_v3_clips_300_400\okygVjgD02Y_clip0057_t00539.mp4,tier1,1,1.0,0.0430122092366218,True,9,0.8682460784912109,49,0.7354243550487372
R5y53Ud7Fs8_clip0004_t00064,R5y53Ud7Fs8,64.098,69.15,5.052,1.0,1.0,4.23,E:\FPTU\PRJ\VN-AV-DF-Capstone\data\clips\tier1\300-400\tier1_v3_clips_300_400\R5y53Ud7Fs8_clip0004_t00064.mp4,tier1,1,1.0,0.0504469312727451,True,9,0.9364339113235474,51,0.7680383067932661
R5y53Ud7Fs8_clip0016_t00181,R5y53Ud7Fs8,181.09,186.09,5.0,1.0,1.0,4.02,E:\FPTU\PRJ\VN-AV-DF-Capstone\data\clips\tier1\300-400\tier1_v3_clips_300_400\R5y53Ud7Fs8_clip0016_t00181.mp4,tier1,1,1.0,0.0443421378731727,True,9,0.8285541534423828,51,0.7321014074328527
R5y53Ud7Fs8_clip0017_t00185,R5y53Ud7Fs8,185.09,190.09,5.0,1.0,1.0,3.1,E:\FPTU\PRJ\VN-AV-DF-Capstone\data\clips\tier1\300-400\tier1_v3_clips_300_400\R5y53Ud7Fs8_clip0017_t00185.mp4,tier1,1,1.0,0.0460299290716648,True,9,0.9000604152679443,51,0.7493923047575431
R5y53Ud7Fs8_clip0019_t00203,R5y53Ud7Fs8,203.714,207.006,3.292,1.0,1.0,1.69,E:\FPTU\PRJ\VN-AV-DF-Capstone\data\clips\tier1\300-400\tier1_v3_clips_300_400\R5y53Ud7Fs8_clip0019_t00203.mp4,tier1,1,1.0,0.014361941255629,True,9,0.6463660001754761,51,0.6169593474099901
R5y53Ud7Fs8_clip0020_t00208,R5y53Ud7Fs8,208.674,213.674,5.0,1.0,1.0,3.93,E:\FPTU\PRJ\VN-AV-DF-Capstone\data\clips\tier1\300-400\tier1_v3_clips_300_400\R5y53Ud7Fs8_clip0020_t00208.mp4,tier1,1,1.0,0.0407393798232078,True,9,0.4634347558021545,51,0.6576954142158971
R5y53Ud7Fs8_clip0033_t00355,R5y53Ud7Fs8,355.074,358.206,3.132,1.0,1.0,4.62,E:\FPTU\PRJ\VN-AV-DF-Capstone\data\clips\tier1\300-400\tier1_v3_clips_300_400\R5y53Ud7Fs8_clip0033_t00355.mp4,tier1,1,1.0,0.0428017787635326,True,9,0.91538006067276,51,0.74315960276984
R5y53Ud7Fs8_clip0043_t00490,R5y53Ud7Fs8,490.594,493.822,3.228,1.0,1.0,7.89,E:\FPTU\PRJ\VN-AV-DF-Capstone\data\clips\tier1\300-400\tier1_v3_clips_300_400\R5y53Ud7Fs8_clip0043_t00490.mp4,tier1,1,1.0,0.0466798804700374,True,9,0.4939020872116089,51,0.6795165017821327
R5y53Ud7Fs8_clip0062_t00728,R5y53Ud7Fs8,728.002,731.71,3.708,1.0,1.0,3.56,E:\FPTU\PRJ\VN-AV-DF-Capstone\data\clips\tier1\300-400\tier1_v3_clips_300_400\R5y53Ud7Fs8_clip0062_t00728.mp4,tier1,1,1.0,0.0194551236927509,True,9,0.5717954635620117,51,0.6178987935267167
R5y53Ud7Fs8_clip0063_t00736,R5y53Ud7Fs8,736.418,741.418,5.0,1.0,1.0,5.25,E:\FPTU\PRJ\VN-AV-DF-Capstone\data\clips\tier1\300-400\tier1_v3_clips_300_400\R5y53Ud7Fs8_clip0063_t00736.mp4,tier1,1,1.0,0.0356924980878829,True,9,0.600814938545227,51,0.6679681929462764
R5y53Ud7Fs8_clip0065_t00744,R5y53Ud7Fs8,744.418,746.974,2.556,1.0,1.0,4.61,E:\FPTU\PRJ\VN-AV-DF-Capstone\data\clips\tier1\300-400\tier1_v3_clips_300_400\R5y53Ud7Fs8_clip0065_t00744.mp4,tier1,1,1.0,0.0342540815472602,True,9,0.8898178935050964,51,0.7149868883425029
R5y53Ud7Fs8_clip0081_t00951,R5y53Ud7Fs8,951.938,955.806,3.868,1.0,1.0,4.52,E:\FPTU\PRJ\VN-AV-DF-Capstone\data\clips\tier1\300-400\tier1_v3_clips_300_400\R5y53Ud7Fs8_clip0081_t00951.mp4,tier1,1,1.0,0.0105999046936631,True,9,0.7561092972755432,51,0.6259117383329579
7627812135254494485_clip0001_t00014,7627812135254494485,14.978,17.15,2.172,1.0,1.0,1.4,E:\FPTU\PRJ\VN-AV-DF-Capstone\data\clips\tier3\tier3_v3_clips_0_1262-001\7627812135254494485_clip0001_t00014.mp4,tier3,1,1.0,0.0466865934431552,True,9,0.5274723768234253,52,0.6854592533958753
7627812135254494485_clip0002_t00017,7627812135254494485,17.378,22.686,5.308,1.0,1.0,0.59,E:\FPTU\PRJ\VN-AV-DF-Capstone\data\clips\tier3\tier3_v3_clips_0_1262-001\7627812135254494485_clip0002_t00017.mp4,tier3,1,1.0,0.042715448886156,True,9,0.8090983629226685,52,0.7241650305986859
7627812135254494485_clip0003_t00027,7627812135254494485,27.394,30.814,3.42,1.0,1.0,3.91,E:\FPTU\PRJ\VN-AV-DF-Capstone\data\clips\tier3\tier3_v3_clips_0_1262-001\7627812135254494485_clip0003_t00027.mp4,tier3,1,1.0,0.0128853842616081,True,9,0.8311008810997009,52,0.645472214006779
F1JQOFSjVZg_clip0013_t00175,F1JQOFSjVZg,175.202,180.766,5.564,1.0,1.0,12.34,E:\FPTU\PRJ\VN-AV-DF-Capstone\data\clips\tier1\100-300\tier1_v3_clips_100_300\F1JQOFSjVZg_clip0013_t00175.mp4,tier1,1,1.0,0.0148569280281662,True,9,0.9092777967453004,53,0.6647257696700071
MpVfVbPdmis_clip0088_t01013,MpVfVbPdmis,1013.314,1022.334,9.02,0.778,1.0,4.76,E:\FPTU\PRJ\VN-AV-DF-Capstone\data\clips\tier1\100-300\tier1_v3_clips_100_300\MpVfVbPdmis_clip0088_t01013.mp4,tier1,1,0.7777777777777778,0.0123740369454026,True,9,0.4757599532604217,53,0.47677431590997055
Xigg3vUV2Gw_clip0011_t00110,Xigg3vUV2Gw,110.562,112.734,2.172,1.0,1.0,12.02,E:\FPTU\PRJ\VN-AV-DF-Capstone\data\clips\tier1\400-440\tier1_v3_clips_400_440\Xigg3vUV2Gw_clip0011_t00110.mp4,tier1,1,1.0,0.0413848385214805,True,9,0.9188859462738036,57,0.7398559131074608
Xigg3vUV2Gw_clip0022_t00203,Xigg3vUV2Gw,203.042,205.886,2.844,1.0,1.0,11.88,E:\FPTU\PRJ\VN-AV-DF-Capstone\data\clips\tier1\400-440\tier1_v3_clips_400_440\Xigg3vUV2Gw_clip0022_t00203.mp4,tier1,1,1.0,0.0213021729141473,True,9,0.8156799674034119,57,0.6660502388328643
gHsxuixSqz0_clip0006_t00080,gHsxuixSqz0,80.29,85.29,5.0,1.0,1.0,8.02,E:\FPTU\PRJ\VN-AV-DF-Capstone\data\clips\tier1\100-300\tier1_v3_clips_100_300\gHsxuixSqz0_clip0006_t00080.mp4,tier1,1,1.0,0.0683687031269073,True,9,0.4185482561588287,58,0.726257786871666
gHsxuixSqz0_clip0009_t00113,gHsxuixSqz0,113.634,118.634,5.0,1.0,1.0,10.17,E:\FPTU\PRJ\VN-AV-DF-Capstone\data\clips\tier1\100-300\tier1_v3_clips_100_300\gHsxuixSqz0_clip0009_t00113.mp4,tier1,1,1.0,0.0687263235449791,True,9,0.5041338205337524,58,0.7423510869506168
Nw3N73GJ2Zo_clip0030_t00392,Nw3N73GJ2Zo,392.962,397.962,5.0,0.8,1.0,3.35,E:\FPTU\PRJ\VN-AV-DF-Capstone\data\clips\tier1\100-300\tier1_v3_clips_100_300\Nw3N73GJ2Zo_clip0030_t00392.mp4,tier1,1,1.0,0.0128410663455724,True,9,0.391912043094635,60,0.5678456205193599
CHkaAtJLN3E_clip0033_t00580,CHkaAtJLN3E,580.418,585.418,5.0,0.8,1.0,6.76,E:\FPTU\PRJ\VN-AV-DF-Capstone\data\clips\tier1\100-300\tier1_v3_clips_100_300\CHkaAtJLN3E_clip0033_t00580.mp4,tier1,1,0.8888888888888888,0.0315833389759063,True,9,0.9134303331375122,61,0.6594730555701999
CHkaAtJLN3E_clip0034_t00584,CHkaAtJLN3E,584.418,587.102,2.684,1.0,1.0,5.24,E:\FPTU\PRJ\VN-AV-DF-Capstone\data\clips\tier1\100-300\tier1_v3_clips_100_300\CHkaAtJLN3E_clip0034_t00584.mp4,tier1,1,1.0,0.0313183143734931,True,9,0.6770309805870056,61,0.669309463104256
7629698176408210709_clip0002_t00048,7629698176408210709,48.962,51.23,2.268,1.0,1.0,11.15,E:\FPTU\PRJ\VN-AV-DF-Capstone\data\clips\tier3\tier3_v3_clips_0_1262-001\7629698176408210709_clip0002_t00048.mp4,tier3,1,1.0,0.1437772959470749,True,9,0.9524346590042114,63,0.991606116294861
7629698176408210709_clip0004_t00062,7629698176408210709,62.626,65.15,2.524,1.0,1.0,11.35,E:\FPTU\PRJ\VN-AV-DF-Capstone\data\clips\tier3\tier3_v3_clips_0_1262-001\7629698176408210709_clip0004_t00062.mp4,tier3,1,1.0,0.1302239298820495,True,9,0.5832846164703369,63,0.9264619911418243
Be0_77S0AyQ_clip0001_t00023,Be0_77S0AyQ,23.938,29.022,5.084,1.0,1.0,8.63,E:\FPTU\PRJ\VN-AV-DF-Capstone\data\clips\tier1\0-100\tier1_v3_clips_0_100\Be0_77S0AyQ_clip0001_t00023.mp4,tier1,1,1.0,0.0445816740393638,True,9,0.6475040912628174,64,0.7008144807082985
Be0_77S0AyQ_clip0055_t00680,Be0_77S0AyQ,680.066,682.974,2.908,1.0,1.0,8.47,E:\FPTU\PRJ\VN-AV-DF-Capstone\data\clips\tier1\0-100\tier1_v3_clips_0_100\Be0_77S0AyQ_clip0055_t00680.mp4,tier1,1,1.0,0.0827732756733894,True,9,0.7000757455825806,64,0.8158138602729895
EMFwAo7a4rg_clip0024_t00453,EMFwAo7a4rg,453.698,457.118,3.42,1.0,1.0,5.41,E:\FPTU\PRJ\VN-AV-DF-Capstone\data\clips\tier1\100-300\tier1_v3_clips_100_300\EMFwAo7a4rg_clip0024_t00453.mp4,tier1,1,1.0,0.0106338877230882,True,9,0.3518333435058594,64,0.554662994816956
EMFwAo7a4rg_clip0030_t00548,EMFwAo7a4rg,548.674,552.99,4.316,1.0,1.0,7.19,E:\FPTU\PRJ\VN-AV-DF-Capstone\data\clips\tier1\100-300\tier1_v3_clips_100_300\EMFwAo7a4rg_clip0030_t00548.mp4,tier1,1,1.0,0.0167550966143608,True,9,0.316824734210968,64,0.5654297413499263
R5y53Ud7Fs8_clip0021_t00216,R5y53Ud7Fs8,216.674,221.674,5.0,1.0,1.0,3.73,E:\FPTU\PRJ\VN-AV-DF-Capstone\data\clips\tier1\300-400\tier1_v3_clips_300_400\R5y53Ud7Fs8_clip0021_t00216.mp4,tier1,1,1.0,0.0145572908222675,True,9,0.4234490394592285,64,0.5781618270852069
R5y53Ud7Fs8_clip0028_t00267,R5y53Ud7Fs8,267.298,270.366,3.068,1.0,1.0,6.92,E:\FPTU\PRJ\VN-AV-DF-Capstone\data\clips\tier1\300-400\tier1_v3_clips_300_400\R5y53Ud7Fs8_clip0028_t00267.mp4,tier1,1,1.0,0.0347249768674373,True,9,0.8999078273773193,64,0.7180709977916679
R5y53Ud7Fs8_clip0035_t00419,R5y53Ud7Fs8,419.33,426.462,7.132,1.0,1.0,2.92,E:\FPTU\PRJ\VN-AV-DF-Capstone\data\clips\tier1\300-400\tier1_v3_clips_300_400\R5y53Ud7Fs8_clip0035_t00419.mp4,tier1,1,1.0,0.0158711299300193,True,9,0.3752732872962951,64,0.5732971944587335
R5y53Ud7Fs8_clip0068_t00761,R5y53Ud7Fs8,761.154,764.222,3.068,1.0,1.0,4.28,E:\FPTU\PRJ\VN-AV-DF-Capstone\data\clips\tier1\300-400\tier1_v3_clips_300_400\R5y53Ud7Fs8_clip0068_t00761.mp4,tier1,1,1.0,0.0121424235403537,True,9,0.6126611232757568,64,0.6048673568581616
R5y53Ud7Fs8_clip0074_t00847,R5y53Ud7Fs8,847.17,852.17,5.0,1.0,1.0,3.86,E:\FPTU\PRJ\VN-AV-DF-Capstone\data\clips\tier1\300-400\tier1_v3_clips_300_400\R5y53Ud7Fs8_clip0074_t00847.mp4,tier1,1,1.0,0.0133148562163114,True,9,0.5805163979530334,64,0.6024402875461201
XwMwDTPAyAo_clip0043_t00652,XwMwDTPAyAo,652.258,654.622,2.364,1.0,1.0,5.51,E:\FPTU\PRJ\VN-AV-DF-Capstone\data\clips\tier1\440-9999\tier1_v3_clips_440_9999\XwMwDTPAyAo_clip0043_t00652.mp4,tier1,1,1.0,0.0115611450746655,True,9,0.6780257821083069,64,0.6147932010378597
XwMwDTPAyAo_clip0044_t00665,XwMwDTPAyAo,665.122,667.39,2.268,1.0,1.0,4.44,E:\FPTU\PRJ\VN-AV-DF-Capstone\data\clips\tier1\440-9999\tier1_v3_clips_440_9999\XwMwDTPAyAo_clip0044_t00665.mp4,tier1,1,1.0,0.0293917320668697,True,9,0.8262657523155212,64,0.6903118440406559
bhO764uZyDA_clip0035_t00181,bhO764uZyDA,181.41,184.19,2.78,1.0,1.0,34.32,E:\FPTU\PRJ\VN-AV-DF-Capstone\data\clips\tier1\100-300\tier1_v3_clips_100_300\bhO764uZyDA_clip0035_t00181.mp4,tier1,1,1.0,0.0414497554302215,True,9,0.5125161409378052,65,0.6683232975686939
bhO764uZyDA_clip0036_t00187,bhO764uZyDA,187.778,189.79,2.012,1.0,1.0,35.04,E:\FPTU\PRJ\VN-AV-DF-Capstone\data\clips\tier1\100-300\tier1_v3_clips_100_300\bhO764uZyDA_clip0036_t00187.mp4,tier1,1,1.0,0.041121020913124,True,9,0.984194040298462,65,0.7506505707163805
bhO764uZyDA_clip0037_t00189,bhO764uZyDA,189.922,191.934,2.012,1.0,1.0,34.32,E:\FPTU\PRJ\VN-AV-DF-Capstone\data\clips\tier1\100-300\tier1_v3_clips_100_300\bhO764uZyDA_clip0037_t00189.mp4,tier1,1,1.0,0.0349346548318862,True,9,0.9763981699943542,65,0.732149724292812
bhO764uZyDA_clip0051_t00276,bhO764uZyDA,276.322,278.366,2.044,1.0,1.0,34.9,E:\FPTU\PRJ\VN-AV-DF-Capstone\data\clips\tier1\100-300\tier1_v3_clips_100_300\bhO764uZyDA_clip0051_t00276.mp4,tier1,1,1.0,0.0566400215029716,True,9,0.988959550857544,65,0.794451255700235
bhO764uZyDA_clip0052_t00278,bhO764uZyDA,278.498,282.014,3.516,1.0,1.0,34.04,E:\FPTU\PRJ\VN-AV-DF-Capstone\data\clips\tier1\100-300\tier1_v3_clips_100_300\bhO764uZyDA_clip0052_t00278.mp4,tier1,1,1.0,0.0523622259497642,True,9,0.9911484122276306,65,0.7829957275412481
bhO764uZyDA_clip0053_t00290,bhO764uZyDA,290.018,294.11,4.092,1.0,1.0,34.36,E:\FPTU\PRJ\VN-AV-DF-Capstone\data\clips\tier1\100-300\tier1_v3_clips_100_300\bhO764uZyDA_clip0053_t00290.mp4,tier1,1,1.0,0.2527556121349334,True,9,0.9317586421966552,65,0.9879574074464686
bhO764uZyDA_clip0054_t00297,bhO764uZyDA,297.41,299.87,2.46,1.0,1.0,34.99,E:\FPTU\PRJ\VN-AV-DF-Capstone\data\clips\tier1\100-300\tier1_v3_clips_100_300\bhO764uZyDA_clip0054_t00297.mp4,tier1,1,1.0,0.3646661341190338,True,9,0.8951786756515503,65,0.9815021192326265
7627071362959445268_clip0002_t00081,7627071362959445268,81.698,85.662,3.964,1.0,1.0,6.63,E:\FPTU\PRJ\VN-AV-DF-Capstone\data\clips\tier3\tier3_v3_clips_0_1262-001\7627071362959445268_clip0002_t00081.mp4,tier3,1,1.0,0.0782195627689361,True,9,0.6556484699249268,66,0.7953681603112835
7641562675729681684_clip0000_t00003,7641562675729681684,3.49,9.854,6.364,1.0,1.0,14.83,E:\FPTU\PRJ\VN-AV-DF-Capstone\data\clips\tier3\tier3_v3_clips_0_1262-001\7641562675729681684_clip0000_t00003.mp4,tier3,1,1.0,0.0171210803091526,True,9,0.3255936205387115,66,0.5679903082983635
Be0_77S0AyQ_clip0000_t00002,Be0_77S0AyQ,2.178,6.11,3.932,1.0,1.0,5.88,E:\FPTU\PRJ\VN-AV-DF-Capstone\data\clips\tier1\0-100\tier1_v3_clips_0_100\Be0_77S0AyQ_clip0000_t00002.mp4,tier1,1,1.0,0.0179400369524955,True,9,0.7010674476623535,67,0.6365174320147472
Be0_77S0AyQ_clip0006_t00103,Be0_77S0AyQ,103.842,106.558,2.716,1.0,1.0,5.06,E:\FPTU\PRJ\VN-AV-DF-Capstone\data\clips\tier1\0-100\tier1_v3_clips_0_100\Be0_77S0AyQ_clip0006_t00103.mp4,tier1,1,1.0,0.0187283921986818,True,9,0.5606095194816589,67,0.6139130645659239
Be0_77S0AyQ_clip0009_t00125,Be0_77S0AyQ,125.666,128.446,2.78,1.0,1.0,7.52,E:\FPTU\PRJ\VN-AV-DF-Capstone\data\clips\tier1\0-100\tier1_v3_clips_0_100\Be0_77S0AyQ_clip0009_t00125.mp4,tier1,1,1.0,0.0169992633163929,True,9,0.5924177169799805,67,0.614739699634824
Be0_77S0AyQ_clip0010_t00144,Be0_77S0AyQ,144.61,150.238,5.628,1.0,1.0,7.81,E:\FPTU\PRJ\VN-AV-DF-Capstone\data\clips\tier1\0-100\tier1_v3_clips_0_100\Be0_77S0AyQ_clip0010_t00144.mp4,tier1,1,1.0,0.01921240799129,True,9,0.3733318150043487,67,0.5822039108814855
Be0_77S0AyQ_clip0012_t00158,Be0_77S0AyQ,158.754,161.374,2.62,1.0,1.0,8.17,E:\FPTU\PRJ\VN-AV-DF-Capstone\data\clips\tier1\0-100\tier1_v3_clips_0_100\Be0_77S0AyQ_clip0012_t00158.mp4,tier1,1,1.0,0.0173693876713514,True,9,0.7125038504600525,67,0.6369559488484683
Be0_77S0AyQ_clip0017_t00227,Be0_77S0AyQ,227.97,231.006,3.036,1.0,1.0,8.34,E:\FPTU\PRJ\VN-AV-DF-Capstone\data\clips\tier1\0-100\tier1_v3_clips_0_100\Be0_77S0AyQ_clip0017_t00227.mp4,tier1,1,1.0,0.0173909682780504,True,9,0.7405446171760559,67,0.6419640589018715
Be0_77S0AyQ_clip0029_t00350,Be0_77S0AyQ,350.498,352.51,2.012,1.0,1.0,8.41,E:\FPTU\PRJ\VN-AV-DF-Capstone\data\clips\tier1\0-100\tier1_v3_clips_0_100\Be0_77S0AyQ_clip0029_t00350.mp4,tier1,1,1.0,0.0180937685072422,True,9,0.9165989756584167,67,0.6749779673828894
Be0_77S0AyQ_clip0031_t00379,Be0_77S0AyQ,379.906,384.19,4.284,1.0,1.0,6.68,E:\FPTU\PRJ\VN-AV-DF-Capstone\data\clips\tier1\0-100\tier1_v3_clips_0_100\Be0_77S0AyQ_clip0031_t00379.mp4,tier1,1,1.0,0.017484763637185,True,9,0.7644212245941162,67,0.6464372222624157
Be0_77S0AyQ_clip0048_t00621,Be0_77S0AyQ,621.154,624.734,3.58,1.0,1.0,8.61,E:\FPTU\PRJ\VN-AV-DF-Capstone\data\clips\tier1\0-100\tier1_v3_clips_0_100\Be0_77S0AyQ_clip0048_t00621.mp4,tier1,1,1.0,0.0302440915256738,True,9,0.4300743639469147,67,0.622755218964667
7637490771456707861_clip0004_t00051,7637490771456707861,51.906,59.326,7.42,1.0,1.0,14.09,E:\FPTU\PRJ\VN-AV-DF-Capstone\data\clips\tier3\tier3_v3_clips_0_1262-001\7637490771456707861_clip0004_t00051.mp4,tier3,1,1.0,0.2515520751476288,True,9,0.3635944724082947,69,0.8876931421896992
7637490771456707861_clip0005_t00067,7637490771456707861,67.362,70.302,2.94,1.0,1.0,13.96,E:\FPTU\PRJ\VN-AV-DF-Capstone\data\clips\tier3\tier3_v3_clips_0_1262-001\7637490771456707861_clip0005_t00067.mp4,tier3,1,1.0,0.2013058215379715,True,9,0.7152969837188721,69,0.949758291244507
Nw3N73GJ2Zo_clip0049_t00559,Nw3N73GJ2Zo,559.714,565.726,6.012,1.0,1.0,4.03,E:\FPTU\PRJ\VN-AV-DF-Capstone\data\clips\tier1\100-300\tier1_v3_clips_100_300\Nw3N73GJ2Zo_clip0049_t00559.mp4,tier1,1,1.0,0.0128628555685281,True,9,0.7504849433898926,70,0.6311835081078856
I-uqcg6HtaQ_clip0000_t00011,I-uqcg6HtaQ,11.394,16.394,5.0,1.0,1.0,12.67,E:\FPTU\PRJ\VN-AV-DF-Capstone\data\clips\tier2\tier2_v3_clips_0_999-001\I-uqcg6HtaQ_clip0000_t00011.mp4,tier2,1,1.0,0.073075421154499,True,9,0.9953490495681764,71,0.8410753036026466
I-uqcg6HtaQ_clip0001_t00015,I-uqcg6HtaQ,15.394,20.394,5.0,1.0,1.0,11.01,E:\FPTU\PRJ\VN-AV-DF-Capstone\data\clips\tier2\tier2_v3_clips_0_999-001\I-uqcg6HtaQ_clip0001_t00015.mp4,tier2,1,1.0,0.0727294608950614,True,9,0.9964682459831238,71,0.8403151213255609
I-uqcg6HtaQ_clip0002_t00019,I-uqcg6HtaQ,19.394,23.678,4.284,1.0,1.0,11.64,E:\FPTU\PRJ\VN-AV-DF-Capstone\data\clips\tier2\tier2_v3_clips_0_999-001\I-uqcg6HtaQ_clip0002_t00019.mp4,tier2,1,1.0,0.0728322938084602,True,9,0.996515691280365,71,0.8406081561959975
I-uqcg6HtaQ_clip0003_t00024,I-uqcg6HtaQ,24.066,33.822,9.756,1.0,1.0,11.78,E:\FPTU\PRJ\VN-AV-DF-Capstone\data\clips\tier2\tier2_v3_clips_0_999-001\I-uqcg6HtaQ_clip0003_t00024.mp4,tier2,1,1.0,0.0734235122799873,True,9,0.9955711364746094,71,0.8420780816019212
I-uqcg6HtaQ_clip0004_t00035,I-uqcg6HtaQ,35.458,40.458,5.0,1.0,1.0,14.63,E:\FPTU\PRJ\VN-AV-DF-Capstone\data\clips\tier2\tier2_v3_clips_0_999-001\I-uqcg6HtaQ_clip0004_t00035.mp4,tier2,1,1.0,0.0495120584964752,True,9,0.9726328253746032,71,0.7718384347204665
I-uqcg6HtaQ_clip0005_t00039,I-uqcg6HtaQ,39.458,44.458,5.0,1.0,1.0,13.76,E:\FPTU\PRJ\VN-AV-DF-Capstone\data\clips\tier2\tier2_v3_clips_0_999-001\I-uqcg6HtaQ_clip0005_t00039.mp4,tier2,1,1.0,0.0763339325785636,True,9,0.9787949323654176,71,0.8471742032966711
I-uqcg6HtaQ_clip0006_t00043,I-uqcg6HtaQ,43.458,48.458,5.0,1.0,1.0,13.45,E:\FPTU\PRJ\VN-AV-DF-Capstone\data\clips\tier2\tier2_v3_clips_0_999-001\I-uqcg6HtaQ_clip0006_t00043.mp4,tier2,1,1.0,0.1014663949608802,True,9,0.6306092739105225,71,0.8553013821537635
I-uqcg6HtaQ_clip0007_t00047,I-uqcg6HtaQ,47.458,52.458,5.0,1.0,1.0,12.31,E:\FPTU\PRJ\VN-AV-DF-Capstone\data\clips\tier2\tier2_v3_clips_0_999-001\I-uqcg6HtaQ_clip0007_t00047.mp4,tier2,1,1.0,0.1459545046091079,True,9,0.9938584566116332,71,0.9989161982255824
7383362567164497170_clip0000_t00001,7383362567164497170,1.09,3.166,2.076,1.0,1.0,-0.45,E:\FPTU\PRJ\VN-AV-DF-Capstone\data\clips\tier3\tier3_v3_clips_0_1262-001\7383362567164497170_clip0000_t00001.mp4,tier3,1,1.0,0.1142238527536392,True,9,0.892470121383667,72,0.9368273270176101
7444065242671320336_clip0000_t00000,7444065242671320336,0.738,5.738,5.0,1.0,1.0,15.27,E:\FPTU\PRJ\VN-AV-DF-Capstone\data\clips\tier3\tier3_v3_clips_0_1262-001\7444065242671320336_clip0000_t00000.mp4,tier3,1,1.0,0.337386280298233,True,9,0.8148506879806519,72,0.9673265919965857
7444065242671320336_clip0004_t00023,7444065242671320336,23.522,26.11,2.588,1.0,1.0,13.47,E:\FPTU\PRJ\VN-AV-DF-Capstone\data\clips\tier3\tier3_v3_clips_0_1262-001\7444065242671320336_clip0004_t00023.mp4,tier3,1,1.0,0.4485372900962829,True,9,0.86515212059021,72,0.9762033153982724
7444065242671320336_clip0007_t00042,7444065242671320336,42.626,44.817,2.191,1.0,1.0,19.18,E:\FPTU\PRJ\VN-AV-DF-Capstone\data\clips\tier3\tier3_v3_clips_0_1262-001\7444065242671320336_clip0007_t00042.mp4,tier3,1,1.0,0.4402129054069519,True,9,0.8761686682701111,72,0.9781474120476668
7467730343747980551_clip0000_t00008,7467730343747980551,8.13,11.102,2.972,1.0,1.0,-2.2,E:\FPTU\PRJ\VN-AV-DF-Capstone\data\clips\tier3\tier3_v3_clips_0_1262-001\7467730343747980551_clip0000_t00008.mp4,tier3,1,1.0,0.1083345785737037,True,9,0.7869898676872253,72,0.9019104700856393
7467730343747980551_clip0001_t00019,7467730343747980551,19.65,24.894,5.244,1.0,1.0,1.61,E:\FPTU\PRJ\VN-AV-DF-Capstone\data\clips\tier3\tier3_v3_clips_0_1262-001\7467730343747980551_clip0001_t00019.mp4,tier3,1,1.0,0.1206930577754974,True,9,0.6957255601882935,72,0.920015758207182
7549830648442227986_clip0000_t00019,7549830648442227986,19.234,22.91,3.676,1.0,1.0,6.51,E:\FPTU\PRJ\VN-AV-DF-Capstone\data\clips\tier3\tier3_v3_clips_0_1262-001\7549830648442227986_clip0000_t00019.mp4,tier3,1,1.0,0.0394399277865886,True,9,0.8174402713775635,72,0.7165698313959381
7550273294079937800_clip0000_t00003,7550273294079937800,3.234,5.994,2.76,1.0,1.0,-3.4,E:\FPTU\PRJ\VN-AV-DF-Capstone\data\clips\tier3\tier3_v3_clips_0_1262-001\7550273294079937800_clip0000_t00003.mp4,tier3,1,1.0,0.0624369792640209,True,9,0.7538827061653137,72,0.7690142507512707
7557728336403762440_clip0000_t00012,7557728336403762440,12.034,14.078,2.044,1.0,1.0,10.69,E:\FPTU\PRJ\VN-AV-DF-Capstone\data\clips\tier3\tier3_v3_clips_0_1262-001\7557728336403762440_clip0000_t00012.mp4,tier3,1,1.0,0.0591503381729126,True,9,0.7224089503288269,72,0.7543619754786409
7558813306086034706_clip0000_t00000,7558813306086034706,0.162,3.518,3.356,1.0,1.0,25.6,E:\FPTU\PRJ\VN-AV-DF-Capstone\data\clips\tier3\tier3_v3_clips_0_1262-001\7558813306086034706_clip0000_t00000.mp4,tier3,1,1.0,0.1777967810630798,True,9,0.8086206912994385,72,0.966227180817548
7558813306086034706_clip0002_t00010,7558813306086034706,10.85,13.182,2.332,1.0,1.0,26.92,E:\FPTU\PRJ\VN-AV-DF-Capstone\data\clips\tier3\tier3_v3_clips_0_1262-001\7558813306086034706_clip0002_t00010.mp4,tier3,1,1.0,0.1899657696485519,True,9,0.8384913206100464,72,0.9714984683429495
7558813306086034706_clip0003_t00044,7558813306086034706,44.002,47.966,3.964,1.0,1.0,25.02,E:\FPTU\PRJ\VN-AV-DF-Capstone\data\clips\tier3\tier3_v3_clips_0_1262-001\7558813306086034706_clip0003_t00044.mp4,tier3,1,1.0,0.1869842410087585,True,9,0.8574951887130737,72,0.9748520921258366
7562118192185838855_clip0000_t00000,7562118192185838855,0.0,4.222,4.222,1.0,1.0,10.67,E:\FPTU\PRJ\VN-AV-DF-Capstone\data\clips\tier3\tier3_v3_clips_0_1262-001\7562118192185838855_clip0000_t00000.mp4,tier3,1,1.0,0.0853926986455917,True,9,0.744491457939148,72,0.8309030163796984
7562118192185838855_clip0008_t00054,7562118192185838855,54.69,57.214,2.524,1.0,1.0,18.81,E:\FPTU\PRJ\VN-AV-DF-Capstone\data\clips\tier3\tier3_v3_clips_0_1262-001\7562118192185838855_clip0008_t00054.mp4,tier3,1,1.0,0.1732866019010543,True,9,0.8986691236495972,72,0.9821180806440466
7565460050098097415_clip0000_t00002,7565460050098097415,2.466,6.942,4.476,1.0,1.0,12.49,E:\FPTU\PRJ\VN-AV-DF-Capstone\data\clips\tier3\tier3_v3_clips_0_1262-001\7565460050098097415_clip0000_t00002.mp4,tier3,1,1.0,0.0489613860845565,True,9,0.5281431078910828,72,0.6918747009051519
7568720706171833608_clip0001_t00007,7568720706171833608,7.362,9.886,2.524,1.0,1.0,10.77,E:\FPTU\PRJ\VN-AV-DF-Capstone\data\clips\tier3\tier3_v3_clips_0_1262-001\7568720706171833608_clip0001_t00007.mp4,tier3,1,1.0,0.1741609275341034,True,9,0.9075904488563538,72,0.9836924321511213
7568720706171833608_clip0006_t00031,7568720706171833608,31.458,36.69,5.232,1.0,1.0,13.53,E:\FPTU\PRJ\VN-AV-DF-Capstone\data\clips\tier3\tier3_v3_clips_0_1262-001\7568720706171833608_clip0006_t00031.mp4,tier3,1,1.0,0.0505968742072582,True,9,0.8345692157745361,72,0.7504772562265313
7574830717742501138_clip0000_t00008,7574830717742501138,8.578,10.718,2.14,1.0,1.0,-5.86,E:\FPTU\PRJ\VN-AV-DF-Capstone\data\clips\tier3\tier3_v3_clips_0_1262-001\7574830717742501138_clip0000_t00008.mp4,tier3,1,1.0,0.1885505318641662,True,9,0.927439272403717,72,0.9871951657183031
7574830717742501138_clip0004_t00052,7574830717742501138,52.834,55.646,2.812,1.0,1.0,1.34,E:\FPTU\PRJ\VN-AV-DF-Capstone\data\clips\tier3\tier3_v3_clips_0_1262-001\7574830717742501138_clip0004_t00052.mp4,tier3,1,1.0,0.1593608856201172,True,9,0.9042142033576964,72,0.9830966241219465
7577748683672866055_clip0000_t00002,7577748683672866055,2.85,5.822,2.972,1.0,1.0,23.29,E:\FPTU\PRJ\VN-AV-DF-Capstone\data\clips\tier3\tier3_v3_clips_0_1262-001\7577748683672866055_clip0000_t00002.mp4,tier3,1,1.0,0.2201883345842361,True,9,0.7865526676177979,72,0.9623328236972586
7577748683672866055_clip0003_t00067,7577748683672866055,67.01,71.567,4.557,1.0,1.0,25.95,E:\FPTU\PRJ\VN-AV-DF-Capstone\data\clips\tier3\tier3_v3_clips_0_1262-001\7577748683672866055_clip0003_t00067.mp4,tier3,1,1.0,0.4479469060897827,True,9,0.790431559085846,72,0.9630173339563258
7581782589204188423_clip0001_t00016,7581782589204188423,16.898,19.454,2.556,1.0,1.0,6.35,E:\FPTU\PRJ\VN-AV-DF-Capstone\data\clips\tier3\tier3_v3_clips_0_1262-001\7581782589204188423_clip0001_t00016.mp4,tier3,1,1.0,0.1714239567518234,True,9,0.8357298374176025,72,0.971011147779577
7581782589204188423_clip0004_t00033,7581782589204188423,33.602,35.902,2.3,1.0,1.0,9.41,E:\FPTU\PRJ\VN-AV-DF-Capstone\data\clips\tier3\tier3_v3_clips_0_1262-001\7581782589204188423_clip0004_t00033.mp4,tier3,1,1.0,0.0811887457966804,True,9,0.7318756580352783,72,0.8170393123829509
7583197884724612360_clip0000_t00001,7583197884724612360,1.218,3.87,2.652,1.0,1.0,21.34,E:\FPTU\PRJ\VN-AV-DF-Capstone\data\clips\tier3\tier3_v3_clips_0_1262-001\7583197884724612360_clip0000_t00001.mp4,tier3,1,1.0,0.361294686794281,True,9,0.8424642086029053,72,0.9721995662240421
7583660080017444104_clip0001_t00004,7583660080017444104,4.898,8.286,3.388,1.0,1.0,-0.4,E:\FPTU\PRJ\VN-AV-DF-Capstone\data\clips\tier3\tier3_v3_clips_0_1262-001\7583660080017444104_clip0001_t00004.mp4,tier3,1,1.0,0.2397684752941131,True,9,0.8901358842849731,72,0.9806122148738189
7583660080017444104_clip0007_t00062,7583660080017444104,62.018,64.062,2.044,1.0,1.0,11.95,E:\FPTU\PRJ\VN-AV-DF-Capstone\data\clips\tier3\tier3_v3_clips_0_1262-001\7583660080017444104_clip0007_t00062.mp4,tier3,1,1.0,0.0743051171302795,True,9,0.7153497338294983,72,0.7950677052453682
7584010200361815314_clip0001_t00021,7584010200361815314,21.154,23.262,2.108,1.0,1.0,15.91,E:\FPTU\PRJ\VN-AV-DF-Capstone\data\clips\tier3\tier3_v3_clips_0_1262-001\7584010200361815314_clip0001_t00021.mp4,tier3,1,1.0,0.1477684527635574,True,9,0.9208039045333862,72,0.9860242184470682
7584010200361815314_clip0003_t00036,7584010200361815314,36.29,38.558,2.268,1.0,1.0,23.08,E:\FPTU\PRJ\VN-AV-DF-Capstone\data\clips\tier3\tier3_v3_clips_0_1262-001\7584010200361815314_clip0003_t00036.mp4,tier3,1,1.0,0.0764652267098426,True,9,0.733308732509613,72,0.8042165577464213
7614120408689822984_clip0001_t00008,7614120408689822984,8.994,15.23,6.236,1.0,1.0,6.31,E:\FPTU\PRJ\VN-AV-DF-Capstone\data\clips\tier3\tier3_v3_clips_0_1262-001\7614120408689822984_clip0001_t00008.mp4,tier3,1,1.0,0.128261849284172,True,9,0.83001708984375,72,0.9646661994589758
7614120408689822984_clip0002_t00019,7614120408689822984,19.906,24.35,4.444,1.0,1.0,6.97,E:\FPTU\PRJ\VN-AV-DF-Capstone\data\clips\tier3\tier3_v3_clips_0_1262-001\7614120408689822984_clip0002_t00019.mp4,tier3,1,1.0,0.1271005421876907,True,9,0.7201611995697021,72,0.9420651344468127
7638262561955269889_clip0001_t00004,7638262561955269889,4.61,15.71,11.1,1.0,1.0,20.72,E:\FPTU\PRJ\VN-AV-DF-Capstone\data\clips\tier3\tier3_v3_clips_0_1262-001\7638262561955269889_clip0001_t00004.mp4,tier3,1,1.0,0.0105107966810464,True,9,0.7267926335334778,73,0.6204915405500748
7638262561955269889_clip0013_t00076,7638262561955269889,76.962,83.198,6.236,0.714,1.0,19.44,E:\FPTU\PRJ\VN-AV-DF-Capstone\data\clips\tier3\tier3_v3_clips_0_1262-001\7638262561955269889_clip0013_t00076.mp4,tier3,1,0.6666666666666666,0.0109237926080822,True,9,0.3672258257865906,73,0.40131908510610625
7639028463835335952_clip0008_t00093,7639028463835335952,93.25,97.95,4.7,1.0,1.0,1.9,E:\FPTU\PRJ\VN-AV-DF-Capstone\data\clips\tier3\tier3_v3_clips_0_1262-001\7639028463835335952_clip0008_t00093.mp4,tier3,1,1.0,0.0113581912592053,True,9,0.7004663944244385,73,0.6181914921442239
7640181038324600085_clip0001_t00008,7640181038324600085,8.45,14.878,6.428,1.0,1.0,2.77,E:\FPTU\PRJ\VN-AV-DF-Capstone\data\clips\tier3\tier3_v3_clips_0_1262-001\7640181038324600085_clip0001_t00008.mp4,tier3,1,0.8888888888888888,0.0502085462212562,True,9,0.4370455145835876,73,0.6269634632318668
u4AumpXc-qc_clip0000_t00005,u4AumpXc-qc,5.122,7.262,2.14,1.0,1.0,10.92,E:\FPTU\PRJ\VN-AV-DF-Capstone\data\clips\tier1\300-400\tier1_v3_clips_300_400\u4AumpXc-qc_clip0000_t00005.mp4,tier1,1,1.0,0.0180805101990699,True,9,0.7376754283905029,74,0.6433665220857928
u4AumpXc-qc_clip0003_t00019,u4AumpXc-qc,19.554,23.966,4.412,1.0,1.0,15.43,E:\FPTU\PRJ\VN-AV-DF-Capstone\data\clips\tier1\300-400\tier1_v3_clips_300_400\u4AumpXc-qc_clip0003_t00019.mp4,tier1,1,1.0,0.0244982205331325,True,9,0.6861703991889954,74,0.6520429112764827
u4AumpXc-qc_clip0007_t00034,u4AumpXc-qc,34.722,38.494,3.772,1.0,1.0,15.37,E:\FPTU\PRJ\VN-AV-DF-Capstone\data\clips\tier1\300-400\tier1_v3_clips_300_400\u4AumpXc-qc_clip0007_t00034.mp4,tier1,1,1.0,0.0237514618784189,True,9,0.622265100479126,74,0.6386983275872521
u4AumpXc-qc_clip0008_t00059,u4AumpXc-qc,59.746,62.942,3.196,1.0,1.0,15.91,E:\FPTU\PRJ\VN-AV-DF-Capstone\data\clips\tier1\300-400\tier1_v3_clips_300_400\u4AumpXc-qc_clip0008_t00059.mp4,tier1,1,1.0,0.0269229281693696,True,9,0.7911349534988403,74,0.6772781459571824
u4AumpXc-qc_clip0010_t00071,u4AumpXc-qc,71.074,74.078,3.004,1.0,1.0,14.96,E:\FPTU\PRJ\VN-AV-DF-Capstone\data\clips\tier1\300-400\tier1_v3_clips_300_400\u4AumpXc-qc_clip0010_t00071.mp4,tier1,1,1.0,0.0220977738499641,True,9,0.5379925966262817,74,0.6192489684509314
u4AumpXc-qc_clip0012_t00090,u4AumpXc-qc,90.658,93.118,2.46,1.0,1.0,14.67,E:\FPTU\PRJ\VN-AV-DF-Capstone\data\clips\tier1\300-400\tier1_v3_clips_300_400\u4AumpXc-qc_clip0012_t00090.mp4,tier1,1,1.0,0.0268086232244968,True,9,0.7370955348014832,74,0.6674253588921548
u4AumpXc-qc_clip0015_t00102,u4AumpXc-qc,102.85,108.83,5.98,1.0,1.0,14.95,E:\FPTU\PRJ\VN-AV-DF-Capstone\data\clips\tier1\300-400\tier1_v3_clips_300_400\u4AumpXc-qc_clip0015_t00102.mp4,tier1,1,1.0,0.0258346274495124,True,9,0.7971431016921997,74,0.6753257722914827
u4AumpXc-qc_clip0017_t00117,u4AumpXc-qc,117.89,122.27,4.38,0.8,1.0,16.17,E:\FPTU\PRJ\VN-AV-DF-Capstone\data\clips\tier1\300-400\tier1_v3_clips_300_400\u4AumpXc-qc_clip0017_t00117.mp4,tier1,1,0.6666666666666666,0.0192925762385129,True,9,0.3396512269973755,74,0.41961945442570836
u4AumpXc-qc_clip0019_t00136,u4AumpXc-qc,136.13,138.654,2.524,1.0,1.0,16.61,E:\FPTU\PRJ\VN-AV-DF-Capstone\data\clips\tier1\300-400\tier1_v3_clips_300_400\u4AumpXc-qc_clip0019_t00136.mp4,tier1,1,1.0,0.0274540185928344,True,9,0.7903950214385986,74,0.6786177347382247
u4AumpXc-qc_clip0022_t00155,u4AumpXc-qc,155.266,157.31,2.044,1.0,1.0,12.59,E:\FPTU\PRJ\VN-AV-DF-Capstone\data\clips\tier1\300-400\tier1_v3_clips_300_400\u4AumpXc-qc_clip0022_t00155.mp4,tier1,1,1.0,0.0261884052306413,True,9,0.8660892844200134,74,0.6884720737119724
u4AumpXc-qc_clip0024_t00172,u4AumpXc-qc,172.578,175.006,2.428,1.0,1.0,14.32,E:\FPTU\PRJ\VN-AV-DF-Capstone\data\clips\tier1\300-400\tier1_v3_clips_300_400\u4AumpXc-qc_clip0024_t00172.mp4,tier1,1,1.0,0.0263022258877754,True,9,0.7002437114715576,74,0.6595202863513611
u4AumpXc-qc_clip0027_t00197,u4AumpXc-qc,197.186,200.318,3.132,1.0,1.0,15.44,E:\FPTU\PRJ\VN-AV-DF-Capstone\data\clips\tier1\300-400\tier1_v3_clips_300_400\u4AumpXc-qc_clip0027_t00197.mp4,tier1,1,1.0,0.0195336025208234,True,9,0.5307133197784424,74,0.6108662486154908
u4AumpXc-qc_clip0029_t00218,u4AumpXc-qc,218.178,223.198,5.02,1.0,1.0,15.55,E:\FPTU\PRJ\VN-AV-DF-Capstone\data\clips\tier1\300-400\tier1_v3_clips_300_400\u4AumpXc-qc_clip0029_t00218.mp4,tier1,1,1.0,0.0257733911275863,True,9,0.6987237334251404,74,0.6577881340337122
u4AumpXc-qc_clip0030_t00234,u4AumpXc-qc,234.658,237.15,2.492,1.0,1.0,14.43,E:\FPTU\PRJ\VN-AV-DF-Capstone\data\clips\tier1\300-400\tier1_v3_clips_300_400\u4AumpXc-qc_clip0030_t00234.mp4,tier1,1,1.0,0.023705082014203,True,9,0.5979652404785156,74,0.6342817282136606
u4AumpXc-qc_clip0033_t00259,u4AumpXc-qc,259.074,261.214,2.14,1.0,1.0,15.73,E:\FPTU\PRJ\VN-AV-DF-Capstone\data\clips\tier1\300-400\tier1_v3_clips_300_400\u4AumpXc-qc_clip0033_t00259.mp4,tier1,1,1.0,0.0272817257791757,True,9,0.7403020858764648,74,0.6693008637987374
u4AumpXc-qc_clip0035_t00271,u4AumpXc-qc,271.49,275.518,4.028,1.0,1.0,14.86,E:\FPTU\PRJ\VN-AV-DF-Capstone\data\clips\tier1\300-400\tier1_v3_clips_300_400\u4AumpXc-qc_clip0035_t00271.mp4,tier1,1,1.0,0.0267350617796182,True,9,0.786051332950592,74,0.6758609845257708
u4AumpXc-qc_clip0037_t00288,u4AumpXc-qc,288.482,293.086,4.604,1.0,1.0,14.86,E:\FPTU\PRJ\VN-AV-DF-Capstone\data\clips\tier1\300-400\tier1_v3_clips_300_400\u4AumpXc-qc_clip0037_t00288.mp4,tier1,1,1.0,0.0267204716801643,True,9,0.8092780709266663,74,0.6799194323116918
u4AumpXc-qc_clip0040_t00303,u4AumpXc-qc,303.49,305.694,2.204,1.0,1.0,16.09,E:\FPTU\PRJ\VN-AV-DF-Capstone\data\clips\tier1\300-400\tier1_v3_clips_300_400\u4AumpXc-qc_clip0040_t00303.mp4,tier1,1,1.0,0.0235221683979034,True,9,0.5577185750007629,74,0.6266730338316836
u4AumpXc-qc_clip0044_t00320,u4AumpXc-qc,320.386,323.55,3.164,1.0,1.0,13.73,E:\FPTU\PRJ\VN-AV-DF-Capstone\data\clips\tier1\300-400\tier1_v3_clips_300_400\u4AumpXc-qc_clip0044_t00320.mp4,tier1,1,0.6666666666666666,0.0223517343401908,True,9,0.4472867250442505,74,0.44708231851455604
u4AumpXc-qc_clip0046_t00336,u4AumpXc-qc,336.354,343.102,6.748,0.857,1.0,12.46,E:\FPTU\PRJ\VN-AV-DF-Capstone\data\clips\tier1\300-400\tier1_v3_clips_300_400\u4AumpXc-qc_clip0046_t00336.mp4,tier1,1,0.8888888888888888,0.0259986482560634,True,9,0.7066037058830261,74,0.6075146927115042
u4AumpXc-qc_clip0049_t00356,u4AumpXc-qc,356.866,358.974,2.108,1.0,1.0,15.47,E:\FPTU\PRJ\VN-AV-DF-Capstone\data\clips\tier1\300-400\tier1_v3_clips_300_400\u4AumpXc-qc_clip0049_t00356.mp4,tier1,1,1.0,0.0265557207167148,True,9,0.8110858201980591,74,0.6797823831116787
u4AumpXc-qc_clip0053_t00371,u4AumpXc-qc,371.234,375.902,4.668,1.0,1.0,13.64,E:\FPTU\PRJ\VN-AV-DF-Capstone\data\clips\tier1\300-400\tier1_v3_clips_300_400\u4AumpXc-qc_clip0053_t00371.mp4,tier1,1,1.0,0.0246893595904111,True,9,0.5836861729621887,74,0.6344865709137293
u4AumpXc-qc_clip0057_t00387,u4AumpXc-qc,387.81,391.806,3.996,1.0,1.0,14.74,E:\FPTU\PRJ\VN-AV-DF-Capstone\data\clips\tier1\300-400\tier1_v3_clips_300_400\u4AumpXc-qc_clip0057_t00387.mp4,tier1,1,1.0,0.0254841931164264,True,9,0.8359290361404419,74,0.6812002762970109
u4AumpXc-qc_clip0059_t00403,u4AumpXc-qc,403.906,408.446,4.54,1.0,1.0,15.78,E:\FPTU\PRJ\VN-AV-DF-Capstone\data\clips\tier1\300-400\tier1_v3_clips_300_400\u4AumpXc-qc_clip0059_t00403.mp4,tier1,1,1.0,0.0269726924598217,True,9,0.772754967212677,74,0.674172376522755
u4AumpXc-qc_clip0063_t00435,u4AumpXc-qc,435.362,437.694,2.332,1.0,1.0,14.47,E:\FPTU\PRJ\VN-AV-DF-Capstone\data\clips\tier1\300-400\tier1_v3_clips_300_400\u4AumpXc-qc_clip0063_t00435.mp4,tier1,1,1.0,0.02329758182168,True,9,0.6703997850418091,74,0.6459362524718754
u4AumpXc-qc_clip0066_t00449,u4AumpXc-qc,449.314,454.974,5.66,1.0,1.0,12.26,E:\FPTU\PRJ\VN-AV-DF-Capstone\data\clips\tier1\300-400\tier1_v3_clips_300_400\u4AumpXc-qc_clip0066_t00449.mp4,tier1,1,1.0,0.0245813392102718,True,9,0.6920958161354065,74,0.6533186622934838
u4AumpXc-qc_clip0070_t00469,u4AumpXc-qc,469.698,472.222,2.524,1.0,1.0,15.81,E:\FPTU\PRJ\VN-AV-DF-Capstone\data\clips\tier1\300-400\tier1_v3_clips_300_400\u4AumpXc-qc_clip0070_t00469.mp4,tier1,1,1.0,0.0262587666511535,True,9,0.8608108162879944,74,0.6877353538884547
u4AumpXc-qc_clip0077_t00500,u4AumpXc-qc,500.738,508.094,7.356,1.0,1.0,14.26,E:\FPTU\PRJ\VN-AV-DF-Capstone\data\clips\tier1\300-400\tier1_v3_clips_300_400\u4AumpXc-qc_clip0077_t00500.mp4,tier1,1,1.0,0.0264725089073181,True,9,0.6457639336585999,74,0.6503775855341577
u4AumpXc-qc_clip0080_t00520,u4AumpXc-qc,520.002,523.294,3.292,1.0,1.0,12.71,E:\FPTU\PRJ\VN-AV-DF-Capstone\data\clips\tier1\300-400\tier1_v3_clips_300_400\u4AumpXc-qc_clip0080_t00520.mp4,tier1,1,1.0,0.0280774496495723,True,9,0.8356496095657349,74,0.6883296209832045
u4AumpXc-qc_clip0083_t00536,u4AumpXc-qc,536.514,538.622,2.108,1.0,1.0,10.18,E:\FPTU\PRJ\VN-AV-DF-Capstone\data\clips\tier1\300-400\tier1_v3_clips_300_400\u4AumpXc-qc_clip0083_t00536.mp4,tier1,1,1.0,0.0258682183921337,True,9,0.8961225152015686,74,0.6928857140967125
MpVfVbPdmis_clip0095_t01117,MpVfVbPdmis,1117.314,1120.414,3.1,1.0,1.0,5.18,E:\FPTU\PRJ\VN-AV-DF-Capstone\data\clips\tier1\100-300\tier1_v3_clips_100_300\MpVfVbPdmis_clip0095_t01117.mp4,tier1,1,1.0,0.1075555905699729,True,9,0.9465970993041992,75,0.9279200567858381
7636049221711416584_clip0007_t00067,7636049221711416584,67.394,71.422,4.028,1.0,1.0,6.14,E:\FPTU\PRJ\VN-AV-DF-Capstone\data\clips\tier3\tier3_v3_clips_0_1262-001\7636049221711416584_clip0007_t00067.mp4,tier3,1,1.0,0.0111627392470836,True,9,0.4698010087013244,76,0.5769447853900218
7636689448880721173_clip0004_t00022,7636689448880721173,22.85,28.478,5.628,1.0,1.0,8.54,E:\FPTU\PRJ\VN-AV-DF-Capstone\data\clips\tier3\tier3_v3_clips_0_1262-001\7636689448880721173_clip0004_t00022.mp4,tier3,1,1.0,0.0118544353172183,True,9,0.6835023164749146,76,0.6165715346138214
7636689448880721173_clip0008_t00048,7636689448880721173,48.386,55.582,7.196,1.0,1.0,8.04,E:\FPTU\PRJ\VN-AV-DF-Capstone\data\clips\tier3\tier3_v3_clips_0_1262-001\7636689448880721173_clip0008_t00048.mp4,tier3,1,1.0,0.0245741941034793,True,9,0.4900508522987366,76,0.6176438895836729
7636689448880721173_clip0012_t00079,7636689448880721173,79.266,82.75,3.484,1.0,1.0,5.58,E:\FPTU\PRJ\VN-AV-DF-Capstone\data\clips\tier3\tier3_v3_clips_0_1262-001\7636689448880721173_clip0012_t00079.mp4,tier3,1,1.0,0.0148559492081403,True,9,0.9570577144622804,76,0.6731548102848084
7636689448880721173_clip0016_t00115,7636689448880721173,115.522,117.694,2.172,1.0,1.0,6.35,E:\FPTU\PRJ\VN-AV-DF-Capstone\data\clips\tier3\tier3_v3_clips_0_1262-001\7636689448880721173_clip0016_t00115.mp4,tier3,1,1.0,0.0105750961229205,True,9,0.5119348764419556,76,0.5827534595467749
7636689448880721173_clip0018_t00127,7636689448880721173,127.778,134.11,6.332,1.0,1.0,6.37,E:\FPTU\PRJ\VN-AV-DF-Capstone\data\clips\tier3\tier3_v3_clips_0_1262-001\7636689448880721173_clip0018_t00127.mp4,tier3,1,1.0,0.0311802830547094,True,9,0.438417375087738,76,0.6268190813498992
7636689448880721173_clip0020_t00142,7636689448880721173,142.082,144.126,2.044,1.0,1.0,4.82,E:\FPTU\PRJ\VN-AV-DF-Capstone\data\clips\tier3\tier3_v3_clips_0_1262-001\7636689448880721173_clip0020_t00142.mp4,tier3,1,1.0,0.0199738778173923,True,9,0.9721622467041016,76,0.6899877709302356
7640063825601105173_clip0003_t00018,7640063825601105173,18.914,22.238,3.324,1.0,1.0,4.42,E:\FPTU\PRJ\VN-AV-DF-Capstone\data\clips\tier3\tier3_v3_clips_0_1262-001\7640063825601105173_clip0003_t00018.mp4,tier3,1,1.0,0.0381169505417346,True,9,0.3187597095966339,77,0.6249051124205359
7640063825601105173_clip0010_t00103,7640063825601105173,103.202,105.406,2.204,1.0,1.0,-3.22,E:\FPTU\PRJ\VN-AV-DF-Capstone\data\clips\tier3\tier3_v3_clips_0_1262-001\7640063825601105173_clip0010_t00103.mp4,tier3,1,1.0,0.0941119939088821,True,9,0.9645147323608398,77,0.8938674146737547
aArTJcMMmTw_clip0061_t00762,aArTJcMMmTw,762.85,767.038,4.188,1.0,1.0,3.91,E:\FPTU\PRJ\VN-AV-DF-Capstone\data\clips\tier1\0-100\tier1_v3_clips_0_100\aArTJcMMmTw_clip0061_t00762.mp4,tier1,1,1.0,0.0113451201468706,True,9,0.4073875248432159,78,0.5664355081640078
_UEZaDjz02I_clip0010_t00083,_UEZaDjz02I,83.778,86.494,2.716,1.0,1.0,3.21,E:\FPTU\PRJ\VN-AV-DF-Capstone\data\clips\tier1\440-9999\tier1_v3_clips_440_9999\_UEZaDjz02I_clip0010_t00083.mp4,tier1,1,1.0,0.0120852962136268,True,9,0.990876317024231,79,0.6714530746570524
_UEZaDjz02I_clip0017_t00205,_UEZaDjz02I,205.41,207.646,2.236,1.0,1.0,3.13,E:\FPTU\PRJ\VN-AV-DF-Capstone\data\clips\tier1\440-9999\tier1_v3_clips_440_9999\_UEZaDjz02I_clip0017_t00205.mp4,tier1,1,1.0,0.1220697835087776,True,9,0.9995818734169006,79,0.9774485140560136
_UEZaDjz02I_clip0032_t00365,_UEZaDjz02I,365.346,367.838,2.492,1.0,1.0,4.05,E:\FPTU\PRJ\VN-AV-DF-Capstone\data\clips\tier1\440-9999\tier1_v3_clips_440_9999\_UEZaDjz02I_clip0032_t00365.mp4,tier1,1,1.0,0.1102291047573089,True,9,0.4445722997188568,79,0.8467282696689249
_UEZaDjz02I_clip0059_t00600,_UEZaDjz02I,600.066,604.702,4.636,1.0,1.0,8.28,E:\FPTU\PRJ\VN-AV-DF-Capstone\data\clips\tier1\440-9999\tier1_v3_clips_440_9999\_UEZaDjz02I_clip0059_t00600.mp4,tier1,1,1.0,0.0481025800108909,True,9,0.9971136450767516,79,0.7722568596586199
RoXXg62YfpM_clip0056_t00460,RoXXg62YfpM,460.098,462.814,2.716,1.0,1.0,8.2,E:\FPTU\PRJ\VN-AV-DF-Capstone\data\clips\tier1\300-400\tier1_v3_clips_300_400\RoXXg62YfpM_clip0056_t00460.mp4,tier1,1,1.0,0.0682406201958656,True,9,0.9998900294303894,80,0.8284929522723176
hxoZsiA7Vs8_clip0011_t00081,hxoZsiA7Vs8,81.026,86.026,5.0,0.8,1.0,6.38,E:\FPTU\PRJ\VN-AV-DF-Capstone\data\clips\tier1\100-300\tier1_v3_clips_100_300\hxoZsiA7Vs8_clip0011_t00081.mp4,tier1,1,0.7777777777777778,0.0158469341695308,True,9,0.986929416656494,81,0.5765943692782323
hxoZsiA7Vs8_clip0012_t00085,hxoZsiA7Vs8,85.026,90.026,5.0,1.0,1.0,6.36,E:\FPTU\PRJ\VN-AV-DF-Capstone\data\clips\tier1\100-300\tier1_v3_clips_100_300\hxoZsiA7Vs8_clip0012_t00085.mp4,tier1,1,0.8888888888888888,0.0193792041391134,True,9,0.9975277781486512,81,0.6405302832310016
F1JQOFSjVZg_clip0039_t00438,F1JQOFSjVZg,438.402,441.63,3.228,1.0,1.0,12.93,E:\FPTU\PRJ\VN-AV-DF-Capstone\data\clips\tier1\100-300\tier1_v3_clips_100_300\F1JQOFSjVZg_clip0039_t00438.mp4,tier1,1,1.0,0.0137765817344188,True,9,0.4744237661361694,83,0.584996207430435
F1JQOFSjVZg_clip0041_t00451,F1JQOFSjVZg,451.362,457.982,6.62,1.0,1.0,12.87,E:\FPTU\PRJ\VN-AV-DF-Capstone\data\clips\tier1\100-300\tier1_v3_clips_100_300\F1JQOFSjVZg_clip0041_t00451.mp4,tier1,1,1.0,0.0164602790027856,True,9,0.3147791922092438,83,0.5642526489504125
0-fu0N-npmg_clip0064_t00854,0-fu0N-npmg,854.946,859.946,5.0,1.0,1.0,3.04,E:\FPTU\PRJ\VN-AV-DF-Capstone\data\clips\tier1\0-100\tier1_v3_clips_0_100\0-fu0N-npmg_clip0064_t00854.mp4,tier1,1,1.0,0.04838153347373,True,9,0.929495096206665,84,0.7610963738111418
z0ZM1kEnmJI_clip0000_t00029,z0ZM1kEnmJI,29.026,32.734,3.708,1.0,1.0,0.27,E:\FPTU\PRJ\VN-AV-DF-Capstone\data\clips\tier1\440-9999\tier1_v3_clips_440_9999\z0ZM1kEnmJI_clip0000_t00029.mp4,tier1,1,1.0,0.0145234866067767,True,9,0.8422547578811646,85,0.651975141709219
z0ZM1kEnmJI_clip0001_t00032,z0ZM1kEnmJI,32.994,35.102,2.108,1.0,1.0,1.81,E:\FPTU\PRJ\VN-AV-DF-Capstone\data\clips\tier1\440-9999\tier1_v3_clips_440_9999\z0ZM1kEnmJI_clip0001_t00032.mp4,tier1,1,1.0,0.0485870093107223,True,9,0.8429368138313293,85,0.7463901812156123
z0ZM1kEnmJI_clip0002_t00045,z0ZM1kEnmJI,45.666,50.666,5.0,1.0,1.0,0.91,E:\FPTU\PRJ\VN-AV-DF-Capstone\data\clips\tier1\440-9999\tier1_v3_clips_440_9999\z0ZM1kEnmJI_clip0002_t00045.mp4,tier1,1,1.0,0.0454245209693908,True,9,0.8305785059928894,85,0.7354549000583074
z0ZM1kEnmJI_clip0003_t00065,z0ZM1kEnmJI,65.666,68.83,3.164,1.0,1.0,1.84,E:\FPTU\PRJ\VN-AV-DF-Capstone\data\clips\tier1\440-9999\tier1_v3_clips_440_9999\z0ZM1kEnmJI_clip0003_t00065.mp4,tier1,1,1.0,0.044506624341011,True,9,0.8661812543869019,85,0.7391968156704303
z0ZM1kEnmJI_clip0004_t00098,z0ZM1kEnmJI,98.306,103.55,5.244,1.0,1.0,4.04,E:\FPTU\PRJ\VN-AV-DF-Capstone\data\clips\tier1\440-9999\tier1_v3_clips_440_9999\z0ZM1kEnmJI_clip0004_t00098.mp4,tier1,1,1.0,0.0145307891070842,True,9,0.9448276162147522,85,0.670096449144779
z0ZM1kEnmJI_clip0005_t00109,z0ZM1kEnmJI,109.378,114.378,5.0,1.0,1.0,5.49,E:\FPTU\PRJ\VN-AV-DF-Capstone\data\clips\tier1\440-9999\tier1_v3_clips_440_9999\z0ZM1kEnmJI_clip0005_t00109.mp4,tier1,1,1.0,0.014850391075015,True,9,0.7461543083190918,85,0.6359211761123674
z0ZM1kEnmJI_clip0006_t00117,z0ZM1kEnmJI,117.378,122.378,5.0,1.0,1.0,4.94,E:\FPTU\PRJ\VN-AV-DF-Capstone\data\clips\tier1\440-9999\tier1_v3_clips_440_9999\z0ZM1kEnmJI_clip0006_t00117.mp4,tier1,1,1.0,0.0142018692567944,True,9,0.8159582614898682,85,0.6464442820613764
z0ZM1kEnmJI_clip0009_t00189,z0ZM1kEnmJI,189.186,194.186,5.0,1.0,1.0,4.48,E:\FPTU\PRJ\VN-AV-DF-Capstone\data\clips\tier1\440-9999\tier1_v3_clips_440_9999\z0ZM1kEnmJI_clip0009_t00189.mp4,tier1,1,1.0,0.0147065930068492,True,9,0.9214816689491272,85,0.6664632366242844
z0ZM1kEnmJI_clip0010_t00213,z0ZM1kEnmJI,213.186,217.47,4.284,1.0,1.0,4.81,E:\FPTU\PRJ\VN-AV-DF-Capstone\data\clips\tier1\440-9999\tier1_v3_clips_440_9999\z0ZM1kEnmJI_clip0010_t00213.mp4,tier1,1,1.0,0.0141667313873767,True,9,0.8100102543830872,85,0.645297365064105
z0ZM1kEnmJI_clip0012_t00244,z0ZM1kEnmJI,244.738,250.238,5.5,1.0,1.0,4.68,E:\FPTU\PRJ\VN-AV-DF-Capstone\data\clips\tier1\440-9999\tier1_v3_clips_440_9999\z0ZM1kEnmJI_clip0012_t00244.mp4,tier1,1,1.0,0.0122073572129011,True,9,0.7134169936180115,85,0.6228275540211422
z0ZM1kEnmJI_clip0013_t00282,z0ZM1kEnmJI,282.722,284.766,2.044,1.0,1.0,1.89,E:\FPTU\PRJ\VN-AV-DF-Capstone\data\clips\tier1\440-9999\tier1_v3_clips_440_9999\z0ZM1kEnmJI_clip0013_t00282.mp4,tier1,1,1.0,0.0487642735242843,True,9,0.8413059711456299,85,0.7465930884160018
z0ZM1kEnmJI_clip0014_t00297,z0ZM1kEnmJI,297.762,302.762,5.0,1.0,1.0,1.04,E:\FPTU\PRJ\VN-AV-DF-Capstone\data\clips\tier1\440-9999\tier1_v3_clips_440_9999\z0ZM1kEnmJI_clip0014_t00297.mp4,tier1,1,1.0,0.0256554950028657,True,9,0.7235801219940186,85,0.6618481953787068
z0ZM1kEnmJI_clip0015_t00305,z0ZM1kEnmJI,305.762,310.762,5.0,1.0,1.0,0.7,E:\FPTU\PRJ\VN-AV-DF-Capstone\data\clips\tier1\440-9999\tier1_v3_clips_440_9999\z0ZM1kEnmJI_clip0015_t00305.mp4,tier1,1,1.0,0.0334310606122016,True,9,0.8503678441047668,85,0.705746827565716
z0ZM1kEnmJI_clip0016_t00309,z0ZM1kEnmJI,309.762,312.318,2.556,1.0,1.0,1.19,E:\FPTU\PRJ\VN-AV-DF-Capstone\data\clips\tier1\440-9999\tier1_v3_clips_440_9999\z0ZM1kEnmJI_clip0016_t00309.mp4,tier1,1,1.0,0.0501636415719985,True,9,0.8814730048179626,85,0.757555120467043
z0ZM1kEnmJI_clip0018_t00463,z0ZM1kEnmJI,463.682,466.75,3.068,1.0,1.0,-1.34,E:\FPTU\PRJ\VN-AV-DF-Capstone\data\clips\tier1\440-9999\tier1_v3_clips_440_9999\z0ZM1kEnmJI_clip0018_t00463.mp4,tier1,1,1.0,0.0495632924139499,True,9,0.8694276809692383,85,0.7537675879585455
z0ZM1kEnmJI_clip0020_t00470,z0ZM1kEnmJI,470.114,474.622,4.508,1.0,1.0,3.03,E:\FPTU\PRJ\VN-AV-DF-Capstone\data\clips\tier1\440-9999\tier1_v3_clips_440_9999\z0ZM1kEnmJI_clip0020_t00470.mp4,tier1,1,1.0,0.0143636362627148,True,9,0.8613582253456116,85,0.6549038439720428
z0ZM1kEnmJI_clip0021_t00482,z0ZM1kEnmJI,482.37,486.398,4.028,1.0,1.0,-1.21,E:\FPTU\PRJ\VN-AV-DF-Capstone\data\clips\tier1\440-9999\tier1_v3_clips_440_9999\z0ZM1kEnmJI_clip0021_t00482.mp4,tier1,1,1.0,0.0492501407861709,True,9,0.8091632127761841,85,0.7422658151661269
z0ZM1kEnmJI_clip0023_t00491,z0ZM1kEnmJI,491.586,496.03,4.444,1.0,1.0,-4.02,E:\FPTU\PRJ\VN-AV-DF-Capstone\data\clips\tier1\440-9999\tier1_v3_clips_440_9999\z0ZM1kEnmJI_clip0023_t00491.mp4,tier1,1,1.0,0.014391372911632,True,9,0.8432517647743225,85,0.6517853668426877
z0ZM1kEnmJI_clip0025_t00610,z0ZM1kEnmJI,610.434,614.622,4.188,1.0,1.0,2.56,E:\FPTU\PRJ\VN-AV-DF-Capstone\data\clips\tier1\440-9999\tier1_v3_clips_440_9999\z0ZM1kEnmJI_clip0025_t00610.mp4,tier1,1,1.0,0.0139537788927555,True,9,0.6390477418899536,85,0.6145380146154523
z0ZM1kEnmJI_clip0026_t00642,z0ZM1kEnmJI,642.018,648.798,6.78,1.0,1.0,1.34,E:\FPTU\PRJ\VN-AV-DF-Capstone\data\clips\tier1\440-9999\tier1_v3_clips_440_9999\z0ZM1kEnmJI_clip0026_t00642.mp4,tier1,1,1.0,0.0172848533838987,True,9,0.7731755375862122,85,0.6474287092680739
z0ZM1kEnmJI_clip0027_t00708,z0ZM1kEnmJI,708.162,710.654,2.492,1.0,1.0,1.75,E:\FPTU\PRJ\VN-AV-DF-Capstone\data\clips\tier1\440-9999\tier1_v3_clips_440_9999\z0ZM1kEnmJI_clip0027_t00708.mp4,tier1,1,1.0,0.0141649162396788,True,9,0.8096514940261841,85,0.6452290297192634
z0ZM1kEnmJI_clip0028_t00729,z0ZM1kEnmJI,729.186,734.186,5.0,1.0,1.0,1.8,E:\FPTU\PRJ\VN-AV-DF-Capstone\data\clips\tier1\440-9999\tier1_v3_clips_440_9999\z0ZM1kEnmJI_clip0028_t00729.mp4,tier1,1,1.0,0.0286967288702726,True,9,0.8307677507400513,85,0.6891824058258338
aArTJcMMmTw_clip0056_t00689,aArTJcMMmTw,689.73,696.798,7.068,0.714,1.0,4.5,E:\FPTU\PRJ\VN-AV-DF-Capstone\data\clips\tier1\0-100\tier1_v3_clips_0_100\aArTJcMMmTw_clip0056_t00689.mp4,tier1,1,1.0,0.0193415749818086,True,9,0.501012921333313,86,0.6050934310107194
MpVfVbPdmis_clip0042_t00533,MpVfVbPdmis,533.186,544.094,10.908,0.909,1.0,4.79,E:\FPTU\PRJ\VN-AV-DF-Capstone\data\clips\tier1\100-300\tier1_v3_clips_100_300\MpVfVbPdmis_clip0042_t00533.mp4,tier1,1,0.8888888888888888,0.0116178570315241,True,9,0.3290011286735534,87,0.5010700235324174
MpVfVbPdmis_clip0043_t00545,MpVfVbPdmis,545.442,550.442,5.0,0.8,1.0,5.42,E:\FPTU\PRJ\VN-AV-DF-Capstone\data\clips\tier1\100-300\tier1_v3_clips_100_300\MpVfVbPdmis_clip0043_t00545.mp4,tier1,1,0.8888888888888888,0.0872139781713485,True,9,0.9231797456741332,87,0.8151903296829426
MpVfVbPdmis_clip0044_t00549,MpVfVbPdmis,549.442,554.442,5.0,1.0,1.0,4.08,E:\FPTU\PRJ\VN-AV-DF-Capstone\data\clips\tier1\100-300\tier1_v3_clips_100_300\MpVfVbPdmis_clip0044_t00549.mp4,tier1,1,1.0,0.0621825009584426,True,9,0.7765883207321167,87,0.7723166768170181
MpVfVbPdmis_clip0045_t00557,MpVfVbPdmis,557.442,560.318,2.876,1.0,1.0,4.87,E:\FPTU\PRJ\VN-AV-DF-Capstone\data\clips\tier1\100-300\tier1_v3_clips_100_300\MpVfVbPdmis_clip0045_t00557.mp4,tier1,1,0.8888888888888888,0.0942625701427459,True,9,0.8936273455619812,87,0.829487119404638
g6hBKVh_7Pk_clip0076_t00767,g6hBKVh_7Pk,767.202,773.822,6.62,1.0,1.0,5.45,E:\FPTU\PRJ\VN-AV-DF-Capstone\data\clips\tier1\100-300\tier1_v3_clips_100_300\g6hBKVh_7Pk_clip0076_t00767.mp4,tier1,1,1.0,0.0362714603543281,True,9,0.6890577673912048,89,0.6851431407695558
g6hBKVh_7Pk_clip0087_t00865,g6hBKVh_7Pk,865.058,869.95,4.892,1.0,1.0,4.59,E:\FPTU\PRJ\VN-AV-DF-Capstone\data\clips\tier1\100-300\tier1_v3_clips_100_300\g6hBKVh_7Pk_clip0087_t00865.mp4,tier1,1,1.0,0.0673502385616302,True,9,0.875356912612915,89,0.804051764586563
g6hBKVh_7Pk_clip0088_t00870,g6hBKVh_7Pk,870.114,873.438,3.324,1.0,1.0,3.21,E:\FPTU\PRJ\VN-AV-DF-Capstone\data\clips\tier1\100-300\tier1_v3_clips_100_300\g6hBKVh_7Pk_clip0088_t00870.mp4,tier1,1,1.0,0.0665267407894134,True,9,0.8879010677337646,89,0.8039858316853696
g6hBKVh_7Pk_clip0089_t00874,g6hBKVh_7Pk,874.114,879.114,5.0,1.0,1.0,4.41,E:\FPTU\PRJ\VN-AV-DF-Capstone\data\clips\tier1\100-300\tier1_v3_clips_100_300\g6hBKVh_7Pk_clip0089_t00874.mp4,tier1,1,1.0,0.0666457116603851,True,9,0.8692294359207153,89,0.8010201731167863
g6hBKVh_7Pk_clip0090_t00878,g6hBKVh_7Pk,878.114,883.114,5.0,1.0,1.0,4.12,E:\FPTU\PRJ\VN-AV-DF-Capstone\data\clips\tier1\100-300\tier1_v3_clips_100_300\g6hBKVh_7Pk_clip0090_t00878.mp4,tier1,1,1.0,0.0677361115813255,True,9,0.8941152095794678,89,0.8084302263551043
g6hBKVh_7Pk_clip0091_t00882,g6hBKVh_7Pk,882.114,887.114,5.0,1.0,1.0,2.51,E:\FPTU\PRJ\VN-AV-DF-Capstone\data\clips\tier1\100-300\tier1_v3_clips_100_300\g6hBKVh_7Pk_clip0091_t00882.mp4,tier1,1,1.0,0.067708596587181,True,9,0.8902011513710022,89,0.8076633431671072
g6hBKVh_7Pk_clip0092_t00886,g6hBKVh_7Pk,886.114,889.726,3.612,1.0,1.0,2.91,E:\FPTU\PRJ\VN-AV-DF-Capstone\data\clips\tier1\100-300\tier1_v3_clips_100_300\g6hBKVh_7Pk_clip0092_t00886.mp4,tier1,1,1.0,0.0683260709047317,True,9,0.92407488822937,89,0.8153503544428553
7636020413188934919_clip0002_t00153,7636020413188934919,153.73,159.23,5.5,0.833,1.0,1.12,E:\FPTU\PRJ\VN-AV-DF-Capstone\data\clips\tier3\tier3_v3_clips_0_1262-001\7636020413188934919_clip0002_t00153.mp4,tier3,1,0.8888888888888888,0.0128595121204853,True,9,0.6527227759361267,90,0.5616345238746907
7636020413188934919_clip0003_t00166,7636020413188934919,166.37,169.822,3.452,1.0,1.0,0.97,E:\FPTU\PRJ\VN-AV-DF-Capstone\data\clips\tier3\tier3_v3_clips_0_1262-001\7636020413188934919_clip0003_t00166.mp4,tier3,1,1.0,0.0140761900693178,True,9,0.9133368730545044,90,0.6632808376766698
2A2WBpeuVNw_clip0010_t00213,2A2WBpeuVNw,213.122,215.294,2.172,1.0,1.0,5.56,E:\FPTU\PRJ\VN-AV-DF-Capstone\data\clips\tier1\0-100\tier1_v3_clips_0_100\2A2WBpeuVNw_clip0010_t00213.mp4,tier1,1,1.0,0.0479393452405929,True,9,0.9232364296913148,92,0.7587678373524058
2A2WBpeuVNw_clip0012_t00263,2A2WBpeuVNw,263.746,265.95,2.204,1.0,1.0,5.18,E:\FPTU\PRJ\VN-AV-DF-Capstone\data\clips\tier1\0-100\tier1_v3_clips_0_100\2A2WBpeuVNw_clip0012_t00263.mp4,tier1,1,1.0,0.0431582815945148,True,9,0.8803916573524475,92,0.7379720501380803
2A2WBpeuVNw_clip0013_t00270,2A2WBpeuVNw,270.722,273.918,3.196,1.0,1.0,7.09,E:\FPTU\PRJ\VN-AV-DF-Capstone\data\clips\tier1\0-100\tier1_v3_clips_0_100\2A2WBpeuVNw_clip0013_t00270.mp4,tier1,1,1.0,0.0104481587186455,True,9,0.8923090696334839,92,0.6495269289227896
2A2WBpeuVNw_clip0018_t00316,2A2WBpeuVNw,316.002,318.494,2.492,1.0,1.0,9.55,E:\FPTU\PRJ\VN-AV-DF-Capstone\data\clips\tier1\0-100\tier1_v3_clips_0_100\2A2WBpeuVNw_clip0018_t00316.mp4,tier1,1,1.0,0.0478385165333747,True,9,0.7521489858627319,92,0.7282968213748787
2A2WBpeuVNw_clip0025_t00398,2A2WBpeuVNw,398.562,401.278,2.716,1.0,1.0,5.56,E:\FPTU\PRJ\VN-AV-DF-Capstone\data\clips\tier1\0-100\tier1_v3_clips_0_100\2A2WBpeuVNw_clip0025_t00398.mp4,tier1,1,1.0,0.0470207147300243,True,9,0.8772680759429932,92,0.7481128210530806
2A2WBpeuVNw_clip0027_t00425,2A2WBpeuVNw,425.538,427.806,2.268,1.0,1.0,4.9,E:\FPTU\PRJ\VN-AV-DF-Capstone\data\clips\tier1\0-100\tier1_v3_clips_0_100\2A2WBpeuVNw_clip0027_t00425.mp4,tier1,1,1.0,0.0306932423263788,True,9,0.8005478382110596,92,0.6893762305771531
2A2WBpeuVNw_clip0032_t00475,2A2WBpeuVNw,475.202,479.774,4.572,1.0,1.0,7.43,E:\FPTU\PRJ\VN-AV-DF-Capstone\data\clips\tier1\0-100\tier1_v3_clips_0_100\2A2WBpeuVNw_clip0032_t00475.mp4,tier1,1,1.0,0.0228900797665119,True,9,0.892795979976654,92,0.6840545922277173
2A2WBpeuVNw_clip0033_t00480,2A2WBpeuVNw,480.322,484.254,3.932,1.0,1.0,6.6,E:\FPTU\PRJ\VN-AV-DF-Capstone\data\clips\tier1\0-100\tier1_v3_clips_0_100\2A2WBpeuVNw_clip0033_t00480.mp4,tier1,1,1.0,0.0243631489574909,True,9,0.8692660927772522,92,0.6839800107602407
2A2WBpeuVNw_clip0034_t00484,2A2WBpeuVNw,484.578,486.718,2.14,1.0,1.0,7.56,E:\FPTU\PRJ\VN-AV-DF-Capstone\data\clips\tier1\0-100\tier1_v3_clips_0_100\2A2WBpeuVNw_clip0034_t00484.mp4,tier1,1,1.0,0.0242160465568304,True,9,0.8483225703239441,92,0.6798768860245525
2A2WBpeuVNw_clip0036_t00497,2A2WBpeuVNw,497.314,499.422,2.108,1.0,1.0,7.65,E:\FPTU\PRJ\VN-AV-DF-Capstone\data\clips\tier1\0-100\tier1_v3_clips_0_100\2A2WBpeuVNw_clip0036_t00497.mp4,tier1,1,1.0,0.0225776340812444,True,9,0.9691395163536072,92,0.6966620685501647
2A2WBpeuVNw_clip0038_t00507,2A2WBpeuVNw,507.17,509.758,2.588,1.0,1.0,7.26,E:\FPTU\PRJ\VN-AV-DF-Capstone\data\clips\tier1\0-100\tier1_v3_clips_0_100\2A2WBpeuVNw_clip0038_t00507.mp4,tier1,1,1.0,0.0235961843281984,True,9,0.9211657643318176,92,0.6910156640956566
2A2WBpeuVNw_clip0039_t00512,2A2WBpeuVNw,512.962,515.774,2.812,1.0,1.0,6.61,E:\FPTU\PRJ\VN-AV-DF-Capstone\data\clips\tier1\0-100\tier1_v3_clips_0_100\2A2WBpeuVNw_clip0039_t00512.mp4,tier1,1,1.0,0.0364123731851577,True,9,0.8402241468429565,92,0.7122096357082118
2A2WBpeuVNw_clip0041_t00522,2A2WBpeuVNw,522.114,527.262,5.148,1.0,1.0,6.84,E:\FPTU\PRJ\VN-AV-DF-Capstone\data\clips\tier1\0-100\tier1_v3_clips_0_100\2A2WBpeuVNw_clip0041_t00522.mp4,tier1,1,1.0,0.0200309716165065,True,9,0.6277759075164795,92,0.6293717581838544
2A2WBpeuVNw_clip0043_t00532,2A2WBpeuVNw,532.546,534.75,2.204,1.0,1.0,5.86,E:\FPTU\PRJ\VN-AV-DF-Capstone\data\clips\tier1\0-100\tier1_v3_clips_0_100\2A2WBpeuVNw_clip0043_t00532.mp4,tier1,1,1.0,0.0340923890471458,True,9,0.892684817314148,92,0.7150452187373743
2A2WBpeuVNw_clip0044_t00536,2A2WBpeuVNw,536.162,540.382,4.22,1.0,1.0,4.84,E:\FPTU\PRJ\VN-AV-DF-Capstone\data\clips\tier1\0-100\tier1_v3_clips_0_100\2A2WBpeuVNw_clip0044_t00536.mp4,tier1,1,1.0,0.0373448282480239,True,9,0.4789720177650451,92,0.6510404830008522
2A2WBpeuVNw_clip0047_t00560,2A2WBpeuVNw,560.13,563.198,3.068,1.0,1.0,5.38,E:\FPTU\PRJ\VN-AV-DF-Capstone\data\clips\tier1\0-100\tier1_v3_clips_0_100\2A2WBpeuVNw_clip0047_t00560.mp4,tier1,1,1.0,0.011252112686634,True,9,0.6898251175880432,92,0.6160199729535281
Xigg3vUV2Gw_clip0024_t00230,Xigg3vUV2Gw,230.946,234.238,3.292,1.0,1.0,11.72,E:\FPTU\PRJ\VN-AV-DF-Capstone\data\clips\tier1\400-440\tier1_v3_clips_400_440\Xigg3vUV2Gw_clip0024_t00230.mp4,tier1,1,1.0,0.0267308112233877,True,9,0.4914753139019012,95,0.6238652147703443
Xigg3vUV2Gw_clip0025_t00234,Xigg3vUV2Gw,234.562,236.734,2.172,1.0,1.0,12.5,E:\FPTU\PRJ\VN-AV-DF-Capstone\data\clips\tier1\400-440\tier1_v3_clips_400_440\Xigg3vUV2Gw_clip0025_t00234.mp4,tier1,1,1.0,0.0317922420799732,True,9,0.4561291933059692,95,0.6316387218987367
AJ7t8LnesSA_clip0012_t00289,AJ7t8LnesSA,289.026,292.99,3.964,1.0,1.0,2.15,E:\FPTU\PRJ\VN-AV-DF-Capstone\data\clips\tier2\tier2_v3_clips_0_999-001\AJ7t8LnesSA_clip0012_t00289.mp4,tier2,1,1.0,0.0377153754234313,True,9,0.3802638649940491,96,0.6346471462692272
wKaFsRX95YY_clip0029_t00364,wKaFsRX95YY,364.258,368.254,3.996,1.0,1.0,3.01,E:\FPTU\PRJ\VN-AV-DF-Capstone\data\clips\tier2\tier2_v3_clips_0_999-001\wKaFsRX95YY_clip0029_t00364.mp4,tier2,1,1.0,0.0377508625388145,True,9,0.3908455669879913,96,0.6366127409119603
aArTJcMMmTw_clip0001_t00036,aArTJcMMmTw,36.29,42.238,5.948,1.0,1.0,6.78,E:\FPTU\PRJ\VN-AV-DF-Capstone\data\clips\tier1\0-100\tier1_v3_clips_0_100\aArTJcMMmTw_clip0001_t00036.mp4,tier1,1,1.0,0.0627493560314178,True,9,0.8561755418777466,99,0.7879306493131397
aArTJcMMmTw_clip0017_t00310,aArTJcMMmTw,310.658,315.678,5.02,1.0,1.0,3.25,E:\FPTU\PRJ\VN-AV-DF-Capstone\data\clips\tier1\0-100\tier1_v3_clips_0_100\aArTJcMMmTw_clip0017_t00310.mp4,tier1,1,1.0,0.0387053005397319,True,9,0.94301438331604,99,0.7366963729373309
aArTJcMMmTw_clip0018_t00317,aArTJcMMmTw,317.058,320.286,3.228,1.0,1.0,2.74,E:\FPTU\PRJ\VN-AV-DF-Capstone\data\clips\tier1\0-100\tier1_v3_clips_0_100\aArTJcMMmTw_clip0018_t00317.mp4,tier1,1,1.0,0.0488005504012107,True,9,0.9966784715652466,99,0.7741121866466438
aArTJcMMmTw_clip0019_t00320,aArTJcMMmTw,320.61,325.534,4.924,1.0,1.0,3.58,E:\FPTU\PRJ\VN-AV-DF-Capstone\data\clips\tier1\0-100\tier1_v3_clips_0_100\aArTJcMMmTw_clip0019_t00320.mp4,tier1,1,1.0,0.0579482652246952,True,9,0.9964582920074464,99,0.7993960445053325
aArTJcMMmTw_clip0020_t00325,aArTJcMMmTw,325.666,329.118,3.452,1.0,1.0,1.86,E:\FPTU\PRJ\VN-AV-DF-Capstone\data\clips\tier1\0-100\tier1_v3_clips_0_100\aArTJcMMmTw_clip0020_t00325.mp4,tier1,1,1.0,0.0674266219139099,True,9,0.9208568930625916,99,0.812292617371311
aArTJcMMmTw_clip0027_t00425,aArTJcMMmTw,425.346,433.79,8.444,1.0,1.0,4.72,E:\FPTU\PRJ\VN-AV-DF-Capstone\data\clips\tier1\0-100\tier1_v3_clips_0_100\aArTJcMMmTw_clip0027_t00425.mp4,tier1,1,1.0,0.0126850344240665,True,9,0.9926179051399232,99,0.6734206096339552
aArTJcMMmTw_clip0028_t00433,aArTJcMMmTw,433.89,437.118,3.228,1.0,1.0,5.22,E:\FPTU\PRJ\VN-AV-DF-Capstone\data\clips\tier1\0-100\tier1_v3_clips_0_100\aArTJcMMmTw_clip0028_t00433.mp4,tier1,1,1.0,0.0150235258042812,True,9,0.995014190673828,99,0.6803168976656824
aArTJcMMmTw_clip0029_t00437,aArTJcMMmTw,437.634,442.634,5.0,1.0,1.0,6.22,E:\FPTU\PRJ\VN-AV-DF-Capstone\data\clips\tier1\0-100\tier1_v3_clips_0_100\aArTJcMMmTw_clip0029_t00437.mp4,tier1,1,1.0,0.0129184760153293,True,9,0.3838691711425781,99,0.5666405756980173
FufWLL1IIrQ_clip0048_t00281,FufWLL1IIrQ,281.186,283.23,2.044,1.0,1.0,1.91,E:\FPTU\PRJ\VN-AV-DF-Capstone\data\clips\tier2\tier2_v3_clips_0_999-001\FufWLL1IIrQ_clip0048_t00281.mp4,tier2,1,1.0,0.0356439240276813,True,9,0.9870583415031432,100,0.7359943307075507
FufWLL1IIrQ_clip0049_t00284,FufWLL1IIrQ,284.066,290.622,6.556,1.0,1.0,1.8,E:\FPTU\PRJ\VN-AV-DF-Capstone\data\clips\tier2\tier2_v3_clips_0_999-001\FufWLL1IIrQ_clip0049_t00284.mp4,tier2,1,1.0,0.0291313230991363,True,9,0.975709080696106,100,0.7159633317499697
FufWLL1IIrQ_clip0050_t00292,FufWLL1IIrQ,292.066,297.758,5.692,1.0,1.0,1.12,E:\FPTU\PRJ\VN-AV-DF-Capstone\data\clips\tier2\tier2_v3_clips_0_999-001\FufWLL1IIrQ_clip0050_t00292.mp4,tier2,1,1.0,0.0284207537770271,True,9,0.978614091873169,100,0.7145089820923949
FufWLL1IIrQ_clip0051_t00305,FufWLL1IIrQ,305.442,311.198,5.756,1.0,1.0,1.43,E:\FPTU\PRJ\VN-AV-DF-Capstone\data\clips\tier2\tier2_v3_clips_0_999-001\FufWLL1IIrQ_clip0051_t00305.mp4,tier2,1,1.0,0.0289874579757452,True,9,0.973556101322174,100,0.7151851466388467
FufWLL1IIrQ_clip0052_t00312,FufWLL1IIrQ,312.866,316.67,3.804,1.0,1.0,2.27,E:\FPTU\PRJ\VN-AV-DF-Capstone\data\clips\tier2\tier2_v3_clips_0_999-001\FufWLL1IIrQ_clip0052_t00312.mp4,tier2,1,1.0,0.0288756061345338,True,9,0.9760209321975708,100,0.7153104884176592
FufWLL1IIrQ_clip0053_t00317,FufWLL1IIrQ,317.122,324.926,7.804,1.0,1.0,1.67,E:\FPTU\PRJ\VN-AV-DF-Capstone\data\clips\tier2\tier2_v3_clips_0_999-001\FufWLL1IIrQ_clip0053_t00317.mp4,tier2,1,1.0,0.0282165668904781,True,9,0.9761943817138672,100,0.7135167440792124
FufWLL1IIrQ_clip0054_t00336,FufWLL1IIrQ,336.994,341.438,4.444,1.0,1.0,1.06,E:\FPTU\PRJ\VN-AV-DF-Capstone\data\clips\tier2\tier2_v3_clips_0_999-001\FufWLL1IIrQ_clip0054_t00336.mp4,tier2,1,1.0,0.0290539525449275,True,9,0.9795541763305664,100,0.7164277007949643
EMFwAo7a4rg_clip0006_t00179,EMFwAo7a4rg,179.618,181.758,2.14,1.0,1.0,6.07,E:\FPTU\PRJ\VN-AV-DF-Capstone\data\clips\tier1\100-300\tier1_v3_clips_100_300\EMFwAo7a4rg_clip0006_t00179.mp4,tier1,1,1.0,0.0491250678896904,True,9,0.9802544713020324,101,0.7721121632863712
EMFwAo7a4rg_clip0012_t00300,EMFwAo7a4rg,300.77,305.77,5.0,1.0,1.0,5.69,E:\FPTU\PRJ\VN-AV-DF-Capstone\data\clips\tier1\100-300\tier1_v3_clips_100_300\EMFwAo7a4rg_clip0012_t00300.mp4,tier1,1,1.0,0.0271245446056127,True,9,0.7724094390869141,101,0.674531758228875
EMFwAo7a4rg_clip0013_t00304,EMFwAo7a4rg,304.77,309.77,5.0,1.0,1.0,5.64,E:\FPTU\PRJ\VN-AV-DF-Capstone\data\clips\tier1\100-300\tier1_v3_clips_100_300\EMFwAo7a4rg_clip0013_t00304.mp4,tier1,1,1.0,0.0336342044174671,True,9,0.3984256386756897,101,0.6265546636046783
EMFwAo7a4rg_clip0014_t00311,EMFwAo7a4rg,311.778,316.778,5.0,1.0,1.0,5.59,E:\FPTU\PRJ\VN-AV-DF-Capstone\data\clips\tier1\100-300\tier1_v3_clips_100_300\EMFwAo7a4rg_clip0014_t00311.mp4,tier1,1,1.0,0.0108066517859697,True,9,0.3776675462722778,101,0.5597002174226976
EMFwAo7a4rg_clip0021_t00402,EMFwAo7a4rg,402.754,405.406,2.652,1.0,1.0,4.07,E:\FPTU\PRJ\VN-AV-DF-Capstone\data\clips\tier1\100-300\tier1_v3_clips_100_300\EMFwAo7a4rg_clip0021_t00402.mp4,tier1,1,1.0,0.0119207222014665,True,9,0.7356398701667786,101,0.6259557748004445
EMFwAo7a4rg_clip0028_t00543,EMFwAo7a4rg,543.266,545.95,2.684,1.0,1.0,6.5,E:\FPTU\PRJ\VN-AV-DF-Capstone\data\clips\tier1\100-300\tier1_v3_clips_100_300\EMFwAo7a4rg_clip0028_t00543.mp4,tier1,1,1.0,0.0439801812171936,True,9,0.35373455286026,101,0.6473077444452258
EMFwAo7a4rg_clip0031_t00573,EMFwAo7a4rg,573.762,578.762,5.0,1.0,1.0,5.91,E:\FPTU\PRJ\VN-AV-DF-Capstone\data\clips\tier1\100-300\tier1_v3_clips_100_300\EMFwAo7a4rg_clip0031_t00573.mp4,tier1,1,1.0,0.0295451804995536,True,9,0.6986950635910034,101,0.6682241456605142
EMFwAo7a4rg_clip0033_t00597,EMFwAo7a4rg,597.762,602.762,5.0,1.0,1.0,6.92,E:\FPTU\PRJ\VN-AV-DF-Capstone\data\clips\tier1\100-300\tier1_v3_clips_100_300\EMFwAo7a4rg_clip0033_t00597.mp4,tier1,1,1.0,0.0181153696030378,True,9,0.6728394627571106,101,0.6320213789276455
EMFwAo7a4rg_clip0034_t00601,EMFwAo7a4rg,601.762,606.762,5.0,1.0,1.0,6.61,E:\FPTU\PRJ\VN-AV-DF-Capstone\data\clips\tier1\100-300\tier1_v3_clips_100_300\EMFwAo7a4rg_clip0034_t00601.mp4,tier1,1,1.0,0.0124392174184322,True,9,0.3282910585403442,101,0.5555059893598615
EMFwAo7a4rg_clip0036_t00640,EMFwAo7a4rg,640.482,647.166,6.684,1.0,1.0,4.04,E:\FPTU\PRJ\VN-AV-DF-Capstone\data\clips\tier1\100-300\tier1_v3_clips_100_300\EMFwAo7a4rg_clip0036_t00640.mp4,tier1,1,1.0,0.0233721267431974,True,9,0.5014561414718628,101,0.6163290236367471
EMFwAo7a4rg_clip0040_t00657,EMFwAo7a4rg,657.314,661.918,4.604,1.0,1.0,6.85,E:\FPTU\PRJ\VN-AV-DF-Capstone\data\clips\tier1\100-300\tier1_v3_clips_100_300\EMFwAo7a4rg_clip0040_t00657.mp4,tier1,1,1.0,0.0237109549343585,True,9,0.9399490356445312,101,0.6946480671368344
EMFwAo7a4rg_clip0041_t00662,EMFwAo7a4rg,662.242,665.406,3.164,1.0,1.0,3.42,E:\FPTU\PRJ\VN-AV-DF-Capstone\data\clips\tier1\100-300\tier1_v3_clips_100_300\EMFwAo7a4rg_clip0041_t00662.mp4,tier1,1,1.0,0.0240162089467048,True,9,0.4079367816448211,101,0.6016085561790991
Xigg3vUV2Gw_clip0015_t00160,Xigg3vUV2Gw,160.162,163.774,3.612,1.0,1.0,11.35,E:\FPTU\PRJ\VN-AV-DF-Capstone\data\clips\tier1\400-440\tier1_v3_clips_400_440\Xigg3vUV2Gw_clip0015_t00160.mp4,tier1,1,1.0,0.010169768705964,True,9,0.5096883773803711,102,0.5812349907859189
Xigg3vUV2Gw_clip0016_t00164,Xigg3vUV2Gw,164.002,166.174,2.172,1.0,1.0,11.29,E:\FPTU\PRJ\VN-AV-DF-Capstone\data\clips\tier1\400-440\tier1_v3_clips_400_440\Xigg3vUV2Gw_clip0016_t00164.mp4,tier1,1,1.0,0.0112231047824025,True,9,0.9615963697433472,102,0.6638993059780997
qh78i88JEiU_clip0042_t00484,qh78i88JEiU,484.226,486.814,2.588,1.0,1.0,-1.57,E:\FPTU\PRJ\VN-AV-DF-Capstone\data\clips\tier1\300-400\tier1_v3_clips_300_400\qh78i88JEiU_clip0042_t00484.mp4,tier1,1,1.0,0.074808582663536,True,9,0.9331802725791932,104,0.8349020823331526
qh78i88JEiU_clip0043_t00487,qh78i88JEiU,487.01,497.118,10.108,1.0,1.0,-0.32,E:\FPTU\PRJ\VN-AV-DF-Capstone\data\clips\tier1\300-400\tier1_v3_clips_300_400\qh78i88JEiU_clip0043_t00487.mp4,tier1,1,1.0,0.0754483342170715,True,9,0.8649866580963135,104,0.8246388759444205
qh78i88JEiU_clip0044_t00497,qh78i88JEiU,497.41,502.526,5.116,1.0,1.0,-0.38,E:\FPTU\PRJ\VN-AV-DF-Capstone\data\clips\tier1\300-400\tier1_v3_clips_300_400\qh78i88JEiU_clip0044_t00497.mp4,tier1,1,1.0,0.0740477368235588,True,9,0.928412139415741,104,0.8319544728745132
qh78i88JEiU_clip0045_t00502,qh78i88JEiU,502.69,510.814,8.124,1.0,1.0,-2.01,E:\FPTU\PRJ\VN-AV-DF-Capstone\data\clips\tier1\300-400\tier1_v3_clips_300_400\qh78i88JEiU_clip0045_t00502.mp4,tier1,1,1.0,0.0527475290000438,True,9,0.4899821877479553,104,0.6956212253823285
Nw3N73GJ2Zo_clip0052_t00611,Nw3N73GJ2Zo,611.874,615.614,3.74,1.0,1.0,4.8,E:\FPTU\PRJ\VN-AV-DF-Capstone\data\clips\tier1\100-300\tier1_v3_clips_100_300\Nw3N73GJ2Zo_clip0052_t00611.mp4,tier1,1,1.0,0.0121350828558206,True,9,0.516912579536438,106,0.5879502345317444
7631544309090864404_clip0000_t00031,7631544309090864404,31.586,33.726,2.14,1.0,1.0,13.86,E:\FPTU\PRJ\VN-AV-DF-Capstone\data\clips\tier3\tier3_v3_clips_0_1262-001\7631544309090864404_clip0000_t00031.mp4,tier3,1,1.0,0.0972996950149536,True,9,0.7222720980644226,109,0.8599429118071458
7631544309090864404_clip0005_t00094,7631544309090864404,94.978,97.438,2.46,1.0,1.0,14.1,E:\FPTU\PRJ\VN-AV-DF-Capstone\data\clips\tier3\tier3_v3_clips_0_1262-001\7631544309090864404_clip0005_t00094.mp4,tier3,1,0.6666666666666666,0.442251056432724,True,9,0.385778933763504,109,0.7347453020366969
CklYiLA4DZc_clip0023_t00365,CklYiLA4DZc,365.154,367.198,2.044,1.0,1.0,7.94,E:\FPTU\PRJ\VN-AV-DF-Capstone\data\clips\tier1\100-300\tier1_v3_clips_100_300\CklYiLA4DZc_clip0023_t00365.mp4,tier1,1,1.0,0.0675463154911995,True,9,0.971833884716034,110,0.8216198929519702
7MhLFqIwNmE_clip0002_t00034,7MhLFqIwNmE,34.466,36.734,2.268,1.0,1.0,10.57,E:\FPTU\PRJ\VN-AV-DF-Capstone\data\clips\tier1\0-100\tier1_v3_clips_0_100\7MhLFqIwNmE_clip0002_t00034.mp4,tier1,1,1.0,0.0406541973352432,True,9,0.8851746320724487,112,0.7318842960175329
7MhLFqIwNmE_clip0003_t00040,7MhLFqIwNmE,40.482,43.614,3.132,1.0,1.0,12.28,E:\FPTU\PRJ\VN-AV-DF-Capstone\data\clips\tier1\0-100\tier1_v3_clips_0_100\7MhLFqIwNmE_clip0003_t00040.mp4,tier1,1,1.0,0.0424609221518039,True,9,0.8633049726486206,112,0.7330263217495867
7MhLFqIwNmE_clip0004_t00045,7MhLFqIwNmE,45.89,49.406,3.516,1.0,1.0,9.12,E:\FPTU\PRJ\VN-AV-DF-Capstone\data\clips\tier1\0-100\tier1_v3_clips_0_100\7MhLFqIwNmE_clip0004_t00045.mp4,tier1,1,1.0,0.0409145765006542,True,9,0.9228751063346864,112,0.7392581027463699
7MhLFqIwNmE_clip0005_t00049,7MhLFqIwNmE,49.73,53.182,3.452,1.0,1.0,11.4,E:\FPTU\PRJ\VN-AV-DF-Capstone\data\clips\tier1\0-100\tier1_v3_clips_0_100\7MhLFqIwNmE_clip0005_t00049.mp4,tier1,1,1.0,0.0401845872402191,True,9,0.9281235933303832,112,0.7381635493528558
7MhLFqIwNmE_clip0007_t00059,7MhLFqIwNmE,59.33,64.03,4.7,1.0,1.0,11.23,E:\FPTU\PRJ\VN-AV-DF-Capstone\data\clips\tier1\0-100\tier1_v3_clips_0_100\7MhLFqIwNmE_clip0007_t00059.mp4,tier1,1,1.0,0.0411756634712219,True,9,0.8926601409912109,112,0.7346487912446517
7MhLFqIwNmE_clip0008_t00069,7MhLFqIwNmE,69.506,71.71,2.204,1.0,1.0,7.0,E:\FPTU\PRJ\VN-AV-DF-Capstone\data\clips\tier1\0-100\tier1_v3_clips_0_100\7MhLFqIwNmE_clip0008_t00069.mp4,tier1,1,1.0,0.0407425165176391,True,9,0.8821680545806885,112,0.7315982087656266
7MhLFqIwNmE_clip0010_t00105,7MhLFqIwNmE,105.634,108.766,3.132,1.0,1.0,7.2,E:\FPTU\PRJ\VN-AV-DF-Capstone\data\clips\tier1\0-100\tier1_v3_clips_0_100\7MhLFqIwNmE_clip0010_t00105.mp4,tier1,1,1.0,0.0403886586427688,True,9,0.8941226601600647,112,0.7327282953308331
7MhLFqIwNmE_clip0011_t00116,7MhLFqIwNmE,116.13,119.39,3.26,1.0,1.0,9.43,E:\FPTU\PRJ\VN-AV-DF-Capstone\data\clips\tier1\0-100\tier1_v3_clips_0_100\7MhLFqIwNmE_clip0011_t00116.mp4,tier1,1,1.0,0.0406663082540035,True,9,0.8754554390907288,112,0.7302026697719721
7MhLFqIwNmE_clip0013_t00134,7MhLFqIwNmE,134.274,139.274,5.0,1.0,1.0,11.63,E:\FPTU\PRJ\VN-AV-DF-Capstone\data\clips\tier1\0-100\tier1_v3_clips_0_100\7MhLFqIwNmE_clip0013_t00134.mp4,tier1,1,1.0,0.0151077611371874,True,9,0.4745916724205017,112,0.5887108100691338
7MhLFqIwNmE_clip0014_t00145,7MhLFqIwNmE,145.954,148.894,2.94,1.0,1.0,11.17,E:\FPTU\PRJ\VN-AV-DF-Capstone\data\clips\tier1\0-100\tier1_v3_clips_0_100\7MhLFqIwNmE_clip0014_t00145.mp4,tier1,1,1.0,0.0446122214198112,True,9,0.8900219798088074,112,0.743696316445867
7MhLFqIwNmE_clip0015_t00153,7MhLFqIwNmE,153.41,156.254,2.844,1.0,1.0,8.83,E:\FPTU\PRJ\VN-AV-DF-Capstone\data\clips\tier1\0-100\tier1_v3_clips_0_100\7MhLFqIwNmE_clip0015_t00153.mp4,tier1,1,1.0,0.044071264564991,True,9,0.843008279800415,112,0.7339023038584233
7MhLFqIwNmE_clip0016_t00180,7MhLFqIwNmE,180.226,182.398,2.172,1.0,1.0,8.31,E:\FPTU\PRJ\VN-AV-DF-Capstone\data\clips\tier1\0-100\tier1_v3_clips_0_100\7MhLFqIwNmE_clip0016_t00180.mp4,tier1,1,1.0,0.044569943100214,True,9,0.9024096727371216,112,0.7457653450183604
7MhLFqIwNmE_clip0017_t00193,7MhLFqIwNmE,193.474,196.894,3.42,1.0,1.0,8.09,E:\FPTU\PRJ\VN-AV-DF-Capstone\data\clips\tier1\0-100\tier1_v3_clips_0_100\7MhLFqIwNmE_clip0017_t00193.mp4,tier1,1,1.0,0.0443263910710811,True,9,0.9044206142425536,112,0.7454460160847176
7MhLFqIwNmE_clip0018_t00205,7MhLFqIwNmE,205.282,207.294,2.012,1.0,1.0,12.39,E:\FPTU\PRJ\VN-AV-DF-Capstone\data\clips\tier1\0-100\tier1_v3_clips_0_100\7MhLFqIwNmE_clip0018_t00205.mp4,tier1,1,1.0,0.0191888660192489,True,9,0.8000189661979675,112,0.6574364745351555
7MhLFqIwNmE_clip0019_t00207,7MhLFqIwNmE,207.81,211.166,3.356,1.0,1.0,9.1,E:\FPTU\PRJ\VN-AV-DF-Capstone\data\clips\tier1\0-100\tier1_v3_clips_0_100\7MhLFqIwNmE_clip0019_t00207.mp4,tier1,1,1.0,0.0439866632223129,True,9,0.8778961896896362,112,0.7398248003197585
7MhLFqIwNmE_clip0021_t00215,7MhLFqIwNmE,215.362,218.238,2.876,1.0,1.0,11.0,E:\FPTU\PRJ\VN-AV-DF-Capstone\data\clips\tier1\0-100\tier1_v3_clips_0_100\7MhLFqIwNmE_clip0021_t00215.mp4,tier1,1,1.0,0.0443353652954101,True,9,0.9006166458129883,112,0.7447995699948429
7MhLFqIwNmE_clip0022_t00222,7MhLFqIwNmE,222.146,227.454,5.308,1.0,1.0,8.45,E:\FPTU\PRJ\VN-AV-DF-Capstone\data\clips\tier1\0-100\tier1_v3_clips_0_100\7MhLFqIwNmE_clip0022_t00222.mp4,tier1,1,1.0,0.0437572076916694,True,9,0.9154505133628844,112,0.7458168548859758
7MhLFqIwNmE_clip0024_t00251,7MhLFqIwNmE,251.298,253.534,2.236,1.0,1.0,8.22,E:\FPTU\PRJ\VN-AV-DF-Capstone\data\clips\tier1\0-100\tier1_v3_clips_0_100\7MhLFqIwNmE_clip0024_t00251.mp4,tier1,1,1.0,0.0447350442409515,True,9,0.8950116038322449,112,0.7449168365853388
7MhLFqIwNmE_clip0025_t00259,7MhLFqIwNmE,259.298,261.79,2.492,1.0,1.0,11.3,E:\FPTU\PRJ\VN-AV-DF-Capstone\data\clips\tier1\0-100\tier1_v3_clips_0_100\7MhLFqIwNmE_clip0025_t00259.mp4,tier1,1,1.0,0.0419398099184036,True,9,0.8044953942298889,112,0.7212056174606412
7MhLFqIwNmE_clip0026_t00263,7MhLFqIwNmE,263.298,265.694,2.396,1.0,1.0,6.92,E:\FPTU\PRJ\VN-AV-DF-Capstone\data\clips\tier1\0-100\tier1_v3_clips_0_100\7MhLFqIwNmE_clip0026_t00263.mp4,tier1,1,1.0,0.0409764721989631,True,9,0.899090051651001,112,0.7352320798874123
-jDBwP6g2tA_clip0002_t00009,-jDBwP6g2tA,9.282,14.282,5.0,1.0,1.0,12.82,E:\FPTU\PRJ\VN-AV-DF-Capstone\data\clips\tier1\0-100\tier1_v3_clips_0_100\-jDBwP6g2tA_clip0002_t00009.mp4,tier1,1,1.0,0.0447852164506912,True,9,0.900996744632721,113,0.746111924662887
-jDBwP6g2tA_clip0021_t00136,-jDBwP6g2tA,136.61,143.07,6.46,1.0,1.0,12.71,E:\FPTU\PRJ\VN-AV-DF-Capstone\data\clips\tier1\0-100\tier1_v3_clips_0_100\-jDBwP6g2tA_clip0021_t00136.mp4,tier1,1,1.0,0.0367438830435276,True,9,0.8747223615646362,113,0.719215241865701
-jDBwP6g2tA_clip0045_t00261,-jDBwP6g2tA,261.506,266.686,5.18,1.0,1.0,12.69,E:\FPTU\PRJ\VN-AV-DF-Capstone\data\clips\tier1\0-100\tier1_v3_clips_0_100\-jDBwP6g2tA_clip0045_t00261.mp4,tier1,1,1.0,0.0350820943713188,True,9,0.8604000806808472,113,0.7120876155139979
-jDBwP6g2tA_clip0066_t00386,-jDBwP6g2tA,386.338,389.726,3.388,1.0,1.0,13.65,E:\FPTU\PRJ\VN-AV-DF-Capstone\data\clips\tier1\0-100\tier1_v3_clips_0_100\-jDBwP6g2tA_clip0066_t00386.mp4,tier1,1,1.0,0.0362930931150913,True,9,0.8789618611335754,113,0.7187155117299551
-jDBwP6g2tA_clip0087_t00507,-jDBwP6g2tA,507.426,511.39,3.964,1.0,1.0,10.89,E:\FPTU\PRJ\VN-AV-DF-Capstone\data\clips\tier1\0-100\tier1_v3_clips_0_100\-jDBwP6g2tA_clip0087_t00507.mp4,tier1,1,1.0,0.0372267737984657,True,9,0.8995317816734314,113,0.7249301134837317
eamxIEAY2eQ_clip0000_t00000,eamxIEAY2eQ,0.162,10.942,10.78,1.0,1.0,9.01,E:\FPTU\PRJ\VN-AV-DF-Capstone\data\clips\tier1\100-300\tier1_v3_clips_100_300\eamxIEAY2eQ_clip0000_t00000.mp4,tier1,1,1.0,0.0746720135211944,True,9,0.8261330723762512,113,0.8156333491116912
eamxIEAY2eQ_clip0032_t00236,eamxIEAY2eQ,236.866,241.63,4.764,1.0,1.0,8.58,E:\FPTU\PRJ\VN-AV-DF-Capstone\data\clips\tier1\100-300\tier1_v3_clips_100_300\eamxIEAY2eQ_clip0032_t00236.mp4,tier1,1,1.0,0.0569355338811874,True,9,0.79812091588974,113,0.7615918871823462
eamxIEAY2eQ_clip0078_t00473,eamxIEAY2eQ,473.922,478.922,5.0,0.8,1.0,7.41,E:\FPTU\PRJ\VN-AV-DF-Capstone\data\clips\tier1\100-300\tier1_v3_clips_100_300\eamxIEAY2eQ_clip0078_t00473.mp4,tier1,1,1.0,0.1348185241222381,True,9,0.5658420920372009,113,0.9233838985948002
eamxIEAY2eQ_clip0098_t00629,eamxIEAY2eQ,629.57,632.382,2.812,1.0,1.0,7.49,E:\FPTU\PRJ\VN-AV-DF-Capstone\data\clips\tier1\100-300\tier1_v3_clips_100_300\eamxIEAY2eQ_clip0098_t00629.mp4,tier1,1,1.0,0.0773171558976173,True,9,0.9065366387367249,113,0.8371444994635828
eamxIEAY2eQ_clip0126_t00789,eamxIEAY2eQ,789.922,792.446,2.524,1.0,1.0,7.58,E:\FPTU\PRJ\VN-AV-DF-Capstone\data\clips\tier1\100-300\tier1_v3_clips_100_300\eamxIEAY2eQ_clip0126_t00789.mp4,tier1,1,1.0,0.0354226417839527,True,9,0.8107293248176575,113,0.7042648916877228
hxoZsiA7Vs8_clip0006_t00052,hxoZsiA7Vs8,52.418,57.418,5.0,1.0,1.0,6.44,E:\FPTU\PRJ\VN-AV-DF-Capstone\data\clips\tier1\100-300\tier1_v3_clips_100_300\hxoZsiA7Vs8_clip0006_t00052.mp4,tier1,1,1.0,0.0954910442233085,True,9,0.8490399122238159,113,0.8773069936599713
hxoZsiA7Vs8_clip0030_t00231,hxoZsiA7Vs8,231.01,236.01,5.0,1.0,1.0,5.99,E:\FPTU\PRJ\VN-AV-DF-Capstone\data\clips\tier1\100-300\tier1_v3_clips_100_300\hxoZsiA7Vs8_clip0030_t00231.mp4,tier1,1,1.0,0.0417759232223033,True,9,0.842147171497345,113,0.7273963774315326
hxoZsiA7Vs8_clip0063_t00411,hxoZsiA7Vs8,411.394,416.394,5.0,1.0,1.0,6.07,E:\FPTU\PRJ\VN-AV-DF-Capstone\data\clips\tier1\100-300\tier1_v3_clips_100_300\hxoZsiA7Vs8_clip0063_t00411.mp4,tier1,1,1.0,0.0554755516350269,True,9,0.8350045084953308,113,0.7640592321913534
hxoZsiA7Vs8_clip0096_t00600,hxoZsiA7Vs8,600.642,605.63,4.988,1.0,1.0,6.3,E:\FPTU\PRJ\VN-AV-DF-Capstone\data\clips\tier1\100-300\tier1_v3_clips_100_300\hxoZsiA7Vs8_clip0096_t00600.mp4,tier1,1,1.0,0.0855606496334075,True,9,0.8535582423210144,113,0.8506150180643806
hxoZsiA7Vs8_clip0132_t00784,hxoZsiA7Vs8,784.674,789.674,5.0,1.0,1.0,4.7,E:\FPTU\PRJ\VN-AV-DF-Capstone\data\clips\tier1\100-300\tier1_v3_clips_100_300\hxoZsiA7Vs8_clip0132_t00784.mp4,tier1,1,1.0,0.0698527097702026,True,9,0.8694956302642822,113,0.8099447638770723
l9jY99iqS48_clip0000_t00004,l9jY99iqS48,4.034,9.034,5.0,1.0,1.0,14.1,E:\FPTU\PRJ\VN-AV-DF-Capstone\data\clips\tier1\100-300\tier1_v3_clips_100_300\l9jY99iqS48_clip0000_t00004.mp4,tier1,1,1.0,0.0258010346442461,True,9,0.8335133790969849,113,0.6816510649031633
l9jY99iqS48_clip0019_t00139,l9jY99iqS48,139.618,143.23,3.612,0.75,1.0,18.35,E:\FPTU\PRJ\VN-AV-DF-Capstone\data\clips\tier1\100-300\tier1_v3_clips_100_300\l9jY99iqS48_clip0019_t00139.mp4,tier1,1,0.7777777777777778,0.0197339635342359,True,9,0.4152933359146118,113,0.48647749232251225
l9jY99iqS48_clip0043_t00273,l9jY99iqS48,273.474,279.934,6.46,1.0,1.0,14.05,E:\FPTU\PRJ\VN-AV-DF-Capstone\data\clips\tier1\100-300\tier1_v3_clips_100_300\l9jY99iqS48_clip0043_t00273.mp4,tier1,1,1.0,0.0206118505448102,True,9,0.8856706619262695,113,0.6764905868118516
l9jY99iqS48_clip0064_t00413,l9jY99iqS48,413.922,418.922,5.0,1.0,1.0,14.8,E:\FPTU\PRJ\VN-AV-DF-Capstone\data\clips\tier1\100-300\tier1_v3_clips_100_300\l9jY99iqS48_clip0064_t00413.mp4,tier1,1,1.0,0.0226227566599845,True,9,0.78889399766922,113,0.6649789442075262
l9jY99iqS48_clip0084_t00551,l9jY99iqS48,551.298,554.654,3.356,1.0,1.0,14.02,E:\FPTU\PRJ\VN-AV-DF-Capstone\data\clips\tier1\100-300\tier1_v3_clips_100_300\l9jY99iqS48_clip0084_t00551.mp4,tier1,1,1.0,0.0521528013050556,True,9,0.8916587829589844,113,0.7648590046356536
tzfOPG9WhJ0_clip0009_t00078,tzfOPG9WhJ0,78.37,83.37,5.0,1.0,1.0,6.85,E:\FPTU\PRJ\VN-AV-DF-Capstone\data\clips\tier1\300-400\tier1_v3_clips_300_400\tzfOPG9WhJ0_clip0009_t00078.mp4,tier1,1,1.0,0.0808341652154922,True,9,0.8712723851203918,113,0.8406571844998962
tzfOPG9WhJ0_clip0027_t00171,tzfOPG9WhJ0,171.042,176.042,5.0,1.0,1.0,7.59,E:\FPTU\PRJ\VN-AV-DF-Capstone\data\clips\tier1\300-400\tier1_v3_clips_300_400\tzfOPG9WhJ0_clip0027_t00171.mp4,tier1,1,1.0,0.0370001792907714,True,9,0.6734264492988586,113,0.6844019133397865
tzfOPG9WhJ0_clip0045_t00263,tzfOPG9WhJ0,263.33,268.094,4.764,1.0,1.0,7.69,E:\FPTU\PRJ\VN-AV-DF-Capstone\data\clips\tier1\300-400\tier1_v3_clips_300_400\tzfOPG9WhJ0_clip0045_t00263.mp4,tier1,1,1.0,0.0570504516363143,True,9,0.8457255959510803,113,0.770310828517077
tzfOPG9WhJ0_clip0056_t00362,tzfOPG9WhJ0,362.786,367.786,5.0,1.0,1.0,8.51,E:\FPTU\PRJ\VN-AV-DF-Capstone\data\clips\tier1\300-400\tier1_v3_clips_300_400\tzfOPG9WhJ0_clip0056_t00362.mp4,tier1,1,1.0,0.0518803596496582,True,9,0.8677341938018799,113,0.7598828450582646
tzfOPG9WhJ0_clip0073_t00462,tzfOPG9WhJ0,462.53,471.614,9.084,1.0,1.0,6.38,E:\FPTU\PRJ\VN-AV-DF-Capstone\data\clips\tier1\300-400\tier1_v3_clips_300_400\tzfOPG9WhJ0_clip0073_t00462.mp4,tier1,1,1.0,0.0657663270831108,True,9,0.7992134094238281,113,0.7862300904925621
yWNpIJu2PsI_clip0009_t00064,yWNpIJu2PsI,64.994,68.798,3.804,1.0,1.0,18.64,E:\FPTU\PRJ\VN-AV-DF-Capstone\data\clips\tier1\440-9999\tier1_v3_clips_440_9999\yWNpIJu2PsI_clip0009_t00064.mp4,tier1,1,1.0,0.0488256961107254,True,9,0.8678898215293884,113,0.751454386194331
yWNpIJu2PsI_clip0037_t00230,yWNpIJu2PsI,230.882,235.882,5.0,1.0,1.0,18.36,E:\FPTU\PRJ\VN-AV-DF-Capstone\data\clips\tier1\440-9999\tier1_v3_clips_440_9999\yWNpIJu2PsI_clip0037_t00230.mp4,tier1,1,1.0,0.041451122611761,True,9,0.8637197017669678,113,0.7303041811718141
yWNpIJu2PsI_clip0062_t00394,yWNpIJu2PsI,394.85,397.63,2.78,1.0,1.0,15.47,E:\FPTU\PRJ\VN-AV-DF-Capstone\data\clips\tier1\440-9999\tier1_v3_clips_440_9999\yWNpIJu2PsI_clip0062_t00394.mp4,tier1,1,1.0,0.0425331592559814,True,9,0.8942009806632996,113,0.7386785252801278
yWNpIJu2PsI_clip0090_t00557,yWNpIJu2PsI,557.25,560.478,3.228,1.0,1.0,19.75,E:\FPTU\PRJ\VN-AV-DF-Capstone\data\clips\tier1\440-9999\tier1_v3_clips_440_9999\yWNpIJu2PsI_clip0090_t00557.mp4,tier1,1,1.0,0.0426418669521808,True,9,0.8834983110427856,113,0.7370907436268956
yWNpIJu2PsI_clip0117_t00720,yWNpIJu2PsI,720.802,727.038,6.236,1.0,1.0,16.57,E:\FPTU\PRJ\VN-AV-DF-Capstone\data\clips\tier1\440-9999\tier1_v3_clips_440_9999\yWNpIJu2PsI_clip0117_t00720.mp4,tier1,1,1.0,0.0420566983520984,True,9,0.846950113773346,113,0.7290211974677216
g6hBKVh_7Pk_clip0032_t00258,g6hBKVh_7Pk,258.466,263.466,5.0,1.0,1.0,6.72,E:\FPTU\PRJ\VN-AV-DF-Capstone\data\clips\tier1\100-300\tier1_v3_clips_100_300\g6hBKVh_7Pk_clip0032_t00258.mp4,tier1,1,1.0,0.029542002826929,True,9,0.4359029233455658,114,0.6218402656513387
g6hBKVh_7Pk_clip0033_t00262,g6hBKVh_7Pk,262.466,267.466,5.0,1.0,1.0,6.72,E:\FPTU\PRJ\VN-AV-DF-Capstone\data\clips\tier1\100-300\tier1_v3_clips_100_300\g6hBKVh_7Pk_clip0033_t00262.mp4,tier1,1,1.0,0.0225711241364479,True,9,0.509776771068573,114,0.6155800338408155
Xigg3vUV2Gw_clip0009_t00099,Xigg3vUV2Gw,99.746,102.27,2.524,1.0,1.0,11.72,E:\FPTU\PRJ\VN-AV-DF-Capstone\data\clips\tier1\400-440\tier1_v3_clips_400_440\Xigg3vUV2Gw_clip0009_t00099.mp4,tier1,1,1.0,0.0202666409313678,True,9,0.8952188491821289,115,0.6772199514456659
Xigg3vUV2Gw_clip0010_t00102,Xigg3vUV2Gw,102.786,104.798,2.012,1.0,1.0,13.12,E:\FPTU\PRJ\VN-AV-DF-Capstone\data\clips\tier1\400-440\tier1_v3_clips_400_440\Xigg3vUV2Gw_clip0010_t00102.mp4,tier1,1,1.0,0.0249654352664947,True,9,0.9599742889404296,115,0.7016545890415066
2A2WBpeuVNw_clip0002_t00043,2A2WBpeuVNw,43.01,45.758,2.748,1.0,1.0,6.98,E:\FPTU\PRJ\VN-AV-DF-Capstone\data\clips\tier1\0-100\tier1_v3_clips_0_100\2A2WBpeuVNw_clip0002_t00043.mp4,tier1,1,1.0,0.034616645425558,True,9,0.6398642659187317,116,0.6718810743314573
2A2WBpeuVNw_clip0016_t00294,2A2WBpeuVNw,294.562,298.91,4.348,1.0,1.0,6.58,E:\FPTU\PRJ\VN-AV-DF-Capstone\data\clips\tier1\0-100\tier1_v3_clips_0_100\2A2WBpeuVNw_clip0016_t00294.mp4,tier1,1,1.0,0.0350592955946922,True,9,0.6718334555625916,116,0.678748040662195
2A2WBpeuVNw_clip0029_t00459,2A2WBpeuVNw,459.554,462.238,2.684,1.0,1.0,5.33,E:\FPTU\PRJ\VN-AV-DF-Capstone\data\clips\tier1\0-100\tier1_v3_clips_0_100\2A2WBpeuVNw_clip0029_t00459.mp4,tier1,1,1.0,0.0386036969721317,True,9,0.3705428540706634,116,0.6353907263287533
2A2WBpeuVNw_clip0030_t00465,2A2WBpeuVNw,465.378,470.302,4.924,1.0,1.0,6.48,E:\FPTU\PRJ\VN-AV-DF-Capstone\data\clips\tier1\0-100\tier1_v3_clips_0_100\2A2WBpeuVNw_clip0030_t00465.mp4,tier1,1,1.0,0.0423963032662868,True,9,0.6630115509033203,116,0.6975015457327735
2A2WBpeuVNw_clip0040_t00515,2A2WBpeuVNw,515.874,519.39,3.516,1.0,1.0,6.2,E:\FPTU\PRJ\VN-AV-DF-Capstone\data\clips\tier1\0-100\tier1_v3_clips_0_100\2A2WBpeuVNw_clip0040_t00515.mp4,tier1,1,1.0,0.0383766032755374,True,9,0.5788472294807434,116,0.6715216809974892
7640063825601105173_clip0004_t00054,7640063825601105173,54.754,57.214,2.46,1.0,1.0,7.06,E:\FPTU\PRJ\VN-AV-DF-Capstone\data\clips\tier3\tier3_v3_clips_0_1262-001\7640063825601105173_clip0004_t00054.mp4,tier3,1,1.0,0.3801092207431793,True,9,0.4655709862709045,117,0.9056889975772185
7640063825601105173_clip0005_t00060,7640063825601105173,60.93,63.07,2.14,1.0,1.0,8.82,E:\FPTU\PRJ\VN-AV-DF-Capstone\data\clips\tier3\tier3_v3_clips_0_1262-001\7640063825601105173_clip0005_t00060.mp4,tier3,1,0.7777777777777778,0.4179456532001495,True,9,0.8069912195205688,117,0.8613644635755253
7640063825601105173_clip0007_t00084,7640063825601105173,84.258,88.254,3.996,1.0,1.0,9.51,E:\FPTU\PRJ\VN-AV-DF-Capstone\data\clips\tier3\tier3_v3_clips_0_1262-001\7640063825601105173_clip0007_t00084.mp4,tier3,1,1.0,0.1023387759923935,True,9,0.502721905708313,117,0.8351479490794869
7640063825601105173_clip0008_t00088,7640063825601105173,88.418,92.67,4.252,1.0,1.0,2.67,E:\FPTU\PRJ\VN-AV-DF-Capstone\data\clips\tier3\tier3_v3_clips_0_1262-001\7640063825601105173_clip0008_t00088.mp4,tier3,1,1.0,0.2835408449172973,True,9,0.4342595338821411,117,0.9001634471556721
7640063825601105173_clip0009_t00100,7640063825601105173,100.61,103.038,2.428,1.0,1.0,-3.91,E:\FPTU\PRJ\VN-AV-DF-Capstone\data\clips\tier3\tier3_v3_clips_0_1262-001\7640063825601105173_clip0009_t00100.mp4,tier3,1,1.0,0.396089643239975,True,9,0.663101315498352,117,0.9405472909702975
7572553728738266389_clip0003_t00114,7572553728738266389,114.082,116.702,2.62,1.0,1.0,7.33,E:\FPTU\PRJ\VN-AV-DF-Capstone\data\clips\tier3\tier3_v3_clips_0_1262-001\7572553728738266389_clip0003_t00114.mp4,tier3,1,1.0,0.0436660051345825,True,9,0.4233626127243042,119,0.6587253465895497
7600389249610861844_clip0009_t00060,7600389249610861844,60.802,63.742,2.94,1.0,1.0,6.59,E:\FPTU\PRJ\VN-AV-DF-Capstone\data\clips\tier3\tier3_v3_clips_0_1262-001\7600389249610861844_clip0009_t00060.mp4,tier3,1,1.0,0.0545858927071094,True,9,0.4243435859680176,119,0.6891269029178422
TfkrTFbzafQ_clip0007_t00051,TfkrTFbzafQ,51.138,59.838,8.7,1.0,1.0,-4.16,E:\FPTU\PRJ\VN-AV-DF-Capstone\data\clips\tier2\tier2_v3_clips_0_999-001\TfkrTFbzafQ_clip0007_t00051.mp4,tier2,1,1.0,0.0100336745381355,True,9,0.847235381603241,120,0.6404253731703924
TfkrTFbzafQ_clip0016_t00109,TfkrTFbzafQ,109.122,114.122,5.0,1.0,1.0,-2.39,E:\FPTU\PRJ\VN-AV-DF-Capstone\data\clips\tier2\tier2_v3_clips_0_999-001\TfkrTFbzafQ_clip0016_t00109.mp4,tier2,1,1.0,0.0101060327142477,True,9,0.762747049331665,120,0.6257159694489242
TfkrTFbzafQ_clip0017_t00113,TfkrTFbzafQ,113.122,118.122,5.0,1.0,1.0,-3.82,E:\FPTU\PRJ\VN-AV-DF-Capstone\data\clips\tier2\tier2_v3_clips_0_999-001\TfkrTFbzafQ_clip0017_t00113.mp4,tier2,1,1.0,0.0101698087528347,True,9,0.8712936043739319,120,0.6450477887602161
TfkrTFbzafQ_clip0020_t00124,TfkrTFbzafQ,124.546,129.546,5.0,1.0,1.0,-2.81,E:\FPTU\PRJ\VN-AV-DF-Capstone\data\clips\tier2\tier2_v3_clips_0_999-001\TfkrTFbzafQ_clip0020_t00124.mp4,tier2,1,1.0,0.0101472968235611,True,9,0.8525571823120117,120,0.6416790437930058
TfkrTFbzafQ_clip0021_t00128,TfkrTFbzafQ,128.546,133.546,5.0,1.0,1.0,-2.07,E:\FPTU\PRJ\VN-AV-DF-Capstone\data\clips\tier2\tier2_v3_clips_0_999-001\TfkrTFbzafQ_clip0021_t00128.mp4,tier2,1,1.0,0.0102695459499955,True,9,0.8167484998703003,120,0.6356982746893258
TfkrTFbzafQ_clip0024_t00141,TfkrTFbzafQ,141.666,146.666,5.0,1.0,1.0,-3.3,E:\FPTU\PRJ\VN-AV-DF-Capstone\data\clips\tier2\tier2_v3_clips_0_999-001\TfkrTFbzafQ_clip0024_t00141.mp4,tier2,1,1.0,0.0103108985349535,True,9,0.853190541267395,120,0.6422436954370814
TfkrTFbzafQ_clip0025_t00145,TfkrTFbzafQ,145.666,150.666,5.0,1.0,1.0,-4.65,E:\FPTU\PRJ\VN-AV-DF-Capstone\data\clips\tier2\tier2_v3_clips_0_999-001\TfkrTFbzafQ_clip0025_t00145.mp4,tier2,1,1.0,0.0103125972673296,True,9,0.8453394770622253,120,0.6408629159511384
TfkrTFbzafQ_clip0026_t00149,TfkrTFbzafQ,149.666,154.666,5.0,1.0,1.0,-3.13,E:\FPTU\PRJ\VN-AV-DF-Capstone\data\clips\tier2\tier2_v3_clips_0_999-001\TfkrTFbzafQ_clip0026_t00149.mp4,tier2,1,1.0,0.0100014582276344,True,9,0.8377136588096619,120,0.6386558879259217
TfkrTFbzafQ_clip0031_t00170,TfkrTFbzafQ,170.402,175.402,5.0,1.0,1.0,-4.07,E:\FPTU\PRJ\VN-AV-DF-Capstone\data\clips\tier2\tier2_v3_clips_0_999-001\TfkrTFbzafQ_clip0031_t00170.mp4,tier2,1,1.0,0.0102752018719911,True,9,0.8299538493156433,120,0.6380442872025693
TfkrTFbzafQ_clip0032_t00174,TfkrTFbzafQ,174.402,179.402,5.0,1.0,1.0,-4.2,E:\FPTU\PRJ\VN-AV-DF-Capstone\data\clips\tier2\tier2_v3_clips_0_999-001\TfkrTFbzafQ_clip0032_t00174.mp4,tier2,1,1.0,0.0103671597316861,True,9,0.8593772053718567,120,0.6434912019903454
7627029881871666449_clip0000_t00002,7627029881871666449,2.594,5.694,3.1,1.0,1.0,12.15,E:\FPTU\PRJ\VN-AV-DF-Capstone\data\clips\tier3\tier3_v3_clips_0_1262-001\7627029881871666449_clip0000_t00002.mp4,tier3,1,1.0,0.0148270558565855,True,9,0.3089359998703003,121,0.5587004074588081
7627029881871666449_clip0001_t00006,7627029881871666449,6.05,8.286,2.236,1.0,1.0,14.9,E:\FPTU\PRJ\VN-AV-DF-Capstone\data\clips\tier3\tier3_v3_clips_0_1262-001\7627029881871666449_clip0001_t00006.mp4,tier3,1,1.0,0.0141559075564146,True,9,0.4745786488056183,121,0.5860735897757394
usfv-YmWPBs_clip0015_t00309,usfv-YmWPBs,309.634,312.67,3.036,1.0,1.0,9.4,E:\FPTU\PRJ\VN-AV-DF-Capstone\data\clips\tier1\300-400\tier1_v3_clips_300_400\usfv-YmWPBs_clip0015_t00309.mp4,tier1,1,1.0,0.0315122082829475,True,9,0.8898612260818481,123,0.7074044790297964
usfv-YmWPBs_clip0016_t00342,usfv-YmWPBs,342.946,347.946,5.0,1.0,1.0,9.87,E:\FPTU\PRJ\VN-AV-DF-Capstone\data\clips\tier1\300-400\tier1_v3_clips_300_400\usfv-YmWPBs_clip0016_t00342.mp4,tier1,1,1.0,0.0621788911521434,True,9,0.8297463655471802,123,0.7816875155856609
usfv-YmWPBs_clip0017_t00346,usfv-YmWPBs,346.946,351.946,5.0,1.0,1.0,8.43,E:\FPTU\PRJ\VN-AV-DF-Capstone\data\clips\tier1\300-400\tier1_v3_clips_300_400\usfv-YmWPBs_clip0017_t00346.mp4,tier1,1,1.0,0.0618067309260368,True,9,0.8585097193717957,123,0.7857331872547036
usfv-YmWPBs_clip0018_t00350,usfv-YmWPBs,350.946,355.946,5.0,1.0,1.0,6.81,E:\FPTU\PRJ\VN-AV-DF-Capstone\data\clips\tier1\300-400\tier1_v3_clips_300_400\usfv-YmWPBs_clip0018_t00350.mp4,tier1,1,1.0,0.0627800524234771,True,9,0.8439002633094788,123,0.7858493974658104
usfv-YmWPBs_clip0019_t00354,usfv-YmWPBs,354.946,359.486,4.54,1.0,1.0,6.13,E:\FPTU\PRJ\VN-AV-DF-Capstone\data\clips\tier1\300-400\tier1_v3_clips_300_400\usfv-YmWPBs_clip0019_t00354.mp4,tier1,1,1.0,0.0626890957355499,True,9,0.8377673029899597,123,0.7845153239585834
usfv-YmWPBs_clip0020_t00393,usfv-YmWPBs,393.218,397.47,4.252,1.0,1.0,12.54,E:\FPTU\PRJ\VN-AV-DF-Capstone\data\clips\tier1\300-400\tier1_v3_clips_300_400\usfv-YmWPBs_clip0020_t00393.mp4,tier1,1,0.7777777777777778,0.0347546003758907,True,9,0.6829352378845215,123,0.5752885577191694
usfv-YmWPBs_clip0021_t00427,usfv-YmWPBs,427.778,430.494,2.716,1.0,1.0,8.74,E:\FPTU\PRJ\VN-AV-DF-Capstone\data\clips\tier1\300-400\tier1_v3_clips_300_400\usfv-YmWPBs_clip0021_t00427.mp4,tier1,1,1.0,0.0616109706461429,True,9,0.8440125584602356,123,0.7826329609436289
usfv-YmWPBs_clip0022_t00430,usfv-YmWPBs,430.722,435.742,5.02,1.0,1.0,7.15,E:\FPTU\PRJ\VN-AV-DF-Capstone\data\clips\tier1\300-400\tier1_v3_clips_300_400\usfv-YmWPBs_clip0022_t00430.mp4,tier1,1,1.0,0.0601042360067367,True,9,0.8566980361938477,123,0.7807006303665217
7637494375840337160_clip0002_t00015,7637494375840337160,15.714,18.302,2.588,1.0,1.0,10.09,E:\FPTU\PRJ\VN-AV-DF-Capstone\data\clips\tier3\tier3_v3_clips_0_1262-001\7637494375840337160_clip0002_t00015.mp4,tier3,1,1.0,0.1438323706388473,True,9,0.4961141943931579,124,0.9110789754811456
7637494375840337160_clip0004_t00027,7637494375840337160,27.01,29.566,2.556,1.0,1.0,7.41,E:\FPTU\PRJ\VN-AV-DF-Capstone\data\clips\tier3\tier3_v3_clips_0_1262-001\7637494375840337160_clip0004_t00027.mp4,tier3,1,1.0,0.1698520630598068,True,9,0.9834860563278198,124,0.9970857746460859
7637494375840337160_clip0008_t00054,7637494375840337160,54.082,62.718,8.636,1.0,1.0,9.69,E:\FPTU\PRJ\VN-AV-DF-Capstone\data\clips\tier3\tier3_v3_clips_0_1262-001\7637494375840337160_clip0008_t00054.mp4,tier3,1,1.0,0.136046826839447,True,9,0.4373336434364319,124,0.9007059370770175
7637494375840337160_clip0011_t00082,7637494375840337160,82.818,85.214,2.396,1.0,1.0,9.42,E:\FPTU\PRJ\VN-AV-DF-Capstone\data\clips\tier3\tier3_v3_clips_0_1262-001\7637494375840337160_clip0011_t00082.mp4,tier3,1,1.0,0.1233197450637817,True,9,0.3953341245651245,124,0.8742767031690188
mHTLamr-Zqk_clip0052_t00569,mHTLamr-Zqk,569.442,574.442,5.0,1.0,1.0,14.32,E:\FPTU\PRJ\VN-AV-DF-Capstone\data\clips\tier2\tier2_v3_clips_0_999-001\mHTLamr-Zqk_clip0052_t00569.mp4,tier2,1,1.0,0.0649806037545204,True,9,0.9274775385856628,125,0.806689896732554
mHTLamr-Zqk_clip0053_t00573,mHTLamr-Zqk,573.442,578.442,5.0,1.0,1.0,14.58,E:\FPTU\PRJ\VN-AV-DF-Capstone\data\clips\tier2\tier2_v3_clips_0_999-001\mHTLamr-Zqk_clip0053_t00573.mp4,tier2,1,1.0,0.1118483692407608,True,9,0.6659724116325378,125,0.8902813271722705
mHTLamr-Zqk_clip0054_t00577,mHTLamr-Zqk,577.442,582.442,5.0,1.0,1.0,14.57,E:\FPTU\PRJ\VN-AV-DF-Capstone\data\clips\tier2\tier2_v3_clips_0_999-001\mHTLamr-Zqk_clip0054_t00577.mp4,tier2,1,1.0,0.0533601082861423,True,9,0.6225058436393738,125,0.7207034954683745
7625975365168663828_clip0000_t00001,7625975365168663828,1.666,4.35,2.684,1.0,1.0,8.89,E:\FPTU\PRJ\VN-AV-DF-Capstone\data\clips\tier3\tier3_v3_clips_0_1262-001\7625975365168663828_clip0000_t00001.mp4,tier3,1,1.0,0.0358757264912128,True,9,0.3696110546588897,126,0.6276747205989424
7625975365168663828_clip0002_t00022,7625975365168663828,22.306,24.67,2.364,1.0,1.0,7.42,E:\FPTU\PRJ\VN-AV-DF-Capstone\data\clips\tier3\tier3_v3_clips_0_1262-001\7625975365168663828_clip0002_t00022.mp4,tier3,1,1.0,0.0645414963364601,True,9,0.6564052104949951,126,0.7576380659581727
7625975365168663828_clip0003_t00026,7625975365168663828,26.402,28.958,2.556,1.0,1.0,8.0,E:\FPTU\PRJ\VN-AV-DF-Capstone\data\clips\tier3\tier3_v3_clips_0_1262-001\7625975365168663828_clip0003_t00026.mp4,tier3,1,1.0,0.1601141393184662,True,9,0.4204658269882202,126,0.8977292635861566
7625975365168663828_clip0005_t00038,7625975365168663828,38.722,40.862,2.14,1.0,1.0,9.8,E:\FPTU\PRJ\VN-AV-DF-Capstone\data\clips\tier3\tier3_v3_clips_0_1262-001\7625975365168663828_clip0005_t00038.mp4,tier3,1,1.0,0.0173187144100666,True,9,0.6744042634963989,126,0.6300922185542788
7625975365168663828_clip0006_t00042,7625975365168663828,42.914,48.393,5.479,1.0,1.0,9.85,E:\FPTU\PRJ\VN-AV-DF-Capstone\data\clips\tier3\tier3_v3_clips_0_1262-001\7625975365168663828_clip0006_t00042.mp4,tier3,1,1.0,0.0165350511670112,True,9,0.4465163648128509,126,0.5877073696699855
FufWLL1IIrQ_clip0001_t00018,FufWLL1IIrQ,18.338,20.446,2.108,1.0,1.0,1.56,E:\FPTU\PRJ\VN-AV-DF-Capstone\data\clips\tier2\tier2_v3_clips_0_999-001\FufWLL1IIrQ_clip0001_t00018.mp4,tier2,1,1.0,0.0453195385634899,True,9,0.9836936593055724,127,0.7621846088329749
FufWLL1IIrQ_clip0002_t00021,FufWLL1IIrQ,21.25,27.07,5.82,1.0,1.0,1.78,E:\FPTU\PRJ\VN-AV-DF-Capstone\data\clips\tier2\tier2_v3_clips_0_999-001\FufWLL1IIrQ_clip0002_t00021.mp4,tier2,1,1.0,0.0307450667023658,True,9,0.8003135323524475,127,0.6894783427724874
FufWLL1IIrQ_clip0003_t00027,FufWLL1IIrQ,27.906,32.03,4.124,1.0,1.0,2.5,E:\FPTU\PRJ\VN-AV-DF-Capstone\data\clips\tier2\tier2_v3_clips_0_999-001\FufWLL1IIrQ_clip0003_t00027.mp4,tier2,1,1.0,0.0260545965284109,True,9,0.990026354789734,127,0.7099729120445706
FufWLL1IIrQ_clip0004_t00032,FufWLL1IIrQ,32.162,36.318,4.156,1.0,1.0,1.1,E:\FPTU\PRJ\VN-AV-DF-Capstone\data\clips\tier2\tier2_v3_clips_0_999-001\FufWLL1IIrQ_clip0004_t00032.mp4,tier2,1,1.0,0.0256466791033744,True,9,0.9883494973182678,127,0.7085477986073191
FufWLL1IIrQ_clip0005_t00037,FufWLL1IIrQ,37.122,43.358,6.236,1.0,1.0,1.38,E:\FPTU\PRJ\VN-AV-DF-Capstone\data\clips\tier2\tier2_v3_clips_0_999-001\FufWLL1IIrQ_clip0005_t00037.mp4,tier2,1,1.0,0.0258171763271093,True,9,0.9899699091911316,127,0.7093057242243375
FufWLL1IIrQ_clip0006_t00045,FufWLL1IIrQ,45.57,50.366,4.796,1.0,1.0,1.57,E:\FPTU\PRJ\VN-AV-DF-Capstone\data\clips\tier2\tier2_v3_clips_0_999-001\FufWLL1IIrQ_clip0006_t00045.mp4,tier2,1,1.0,0.0495324842631816,True,9,0.3839727640151977,127,0.6680137900490181
FufWLL1IIrQ_clip0007_t00051,FufWLL1IIrQ,51.234,55.518,4.284,1.0,1.0,2.18,E:\FPTU\PRJ\VN-AV-DF-Capstone\data\clips\tier2\tier2_v3_clips_0_999-001\FufWLL1IIrQ_clip0007_t00051.mp4,tier2,1,1.0,0.0258789807558059,True,9,0.9899794459342957,127,0.7094784942586649
FufWLL1IIrQ_clip0008_t00055,FufWLL1IIrQ,55.65,58.974,3.324,1.0,1.0,1.2,E:\FPTU\PRJ\VN-AV-DF-Capstone\data\clips\tier2\tier2_v3_clips_0_999-001\FufWLL1IIrQ_clip0008_t00055.mp4,tier2,1,1.0,0.0257490016520023,True,9,0.9892071485519408,127,0.708982398203694
RY6V7DqGnTw_clip0000_t00058,RY6V7DqGnTw,58.978,61.406,2.428,1.0,1.0,0.08,E:\FPTU\PRJ\VN-AV-DF-Capstone\data\clips\tier1\300-400\tier1_v3_clips_300_400\RY6V7DqGnTw_clip0000_t00058.mp4,tier1,1,1.0,0.0281629189848899,True,9,0.902657389640808,128,0.7003911196465786
RY6V7DqGnTw_clip0004_t00092,RY6V7DqGnTw,92.642,98.622,5.98,1.0,1.0,8.8,E:\FPTU\PRJ\VN-AV-DF-Capstone\data\clips\tier1\300-400\tier1_v3_clips_300_400\RY6V7DqGnTw_clip0004_t00092.mp4,tier1,1,1.0,0.0303501915186643,True,9,0.8440835475921631,128,0.6961093692411858
RY6V7DqGnTw_clip0008_t00119,RY6V7DqGnTw,119.042,122.43,3.388,1.0,1.0,-2.06,E:\FPTU\PRJ\VN-AV-DF-Capstone\data\clips\tier1\300-400\tier1_v3_clips_300_400\RY6V7DqGnTw_clip0008_t00119.mp4,tier1,1,1.0,0.0298543665558099,True,9,0.8726913928985596,128,0.6997852693859563
RY6V7DqGnTw_clip0013_t00149,RY6V7DqGnTw,149.762,154.718,4.956,1.0,1.0,9.42,E:\FPTU\PRJ\VN-AV-DF-Capstone\data\clips\tier1\300-400\tier1_v3_clips_300_400\RY6V7DqGnTw_clip0013_t00149.mp4,tier1,1,1.0,0.0291262194514274,True,9,0.8454484939575195,128,0.6929620414617834
RY6V7DqGnTw_clip0017_t00176,RY6V7DqGnTw,176.834,180.51,3.676,1.0,1.0,-3.82,E:\FPTU\PRJ\VN-AV-DF-Capstone\data\clips\tier1\300-400\tier1_v3_clips_300_400\RY6V7DqGnTw_clip0017_t00176.mp4,tier1,1,1.0,0.0286366250365972,True,9,0.8567944765090942,128,0.6936089779412763
RY6V7DqGnTw_clip0021_t00206,RY6V7DqGnTw,206.69,214.654,7.964,1.0,1.0,24.22,E:\FPTU\PRJ\VN-AV-DF-Capstone\data\clips\tier1\300-400\tier1_v3_clips_300_400\RY6V7DqGnTw_clip0021_t00206.mp4,tier1,1,1.0,0.0297463834285736,True,9,0.842767059803009,128,0.6942055857241564
RY6V7DqGnTw_clip0026_t00235,RY6V7DqGnTw,235.49,238.526,3.036,1.0,1.0,14.59,E:\FPTU\PRJ\VN-AV-DF-Capstone\data\clips\tier1\300-400\tier1_v3_clips_300_400\RY6V7DqGnTw_clip0026_t00235.mp4,tier1,1,1.0,0.029567152261734,True,9,0.8909727931022644,128,0.7022163319453587
RY6V7DqGnTw_clip0031_t00260,RY6V7DqGnTw,260.706,266.494,5.788,1.0,1.0,20.6,E:\FPTU\PRJ\VN-AV-DF-Capstone\data\clips\tier1\300-400\tier1_v3_clips_300_400\RY6V7DqGnTw_clip0031_t00260.mp4,tier1,1,1.0,0.0285049770027399,True,9,0.77711021900177,128,0.6791826219304535
RY6V7DqGnTw_clip0036_t00294,RY6V7DqGnTw,294.274,296.766,2.492,1.0,1.0,0.63,E:\FPTU\PRJ\VN-AV-DF-Capstone\data\clips\tier1\300-400\tier1_v3_clips_300_400\RY6V7DqGnTw_clip0036_t00294.mp4,tier1,1,1.0,0.0297017004340887,True,9,0.8713381886482239,128,0.6991238581292097
RY6V7DqGnTw_clip0039_t00326,RY6V7DqGnTw,326.69,328.702,2.012,1.0,1.0,8.8,E:\FPTU\PRJ\VN-AV-DF-Capstone\data\clips\tier1\300-400\tier1_v3_clips_300_400\RY6V7DqGnTw_clip0039_t00326.mp4,tier1,1,1.0,0.0302008483558893,True,9,0.8988828659057617,128,0.7053664252903804
RY6V7DqGnTw_clip0044_t00353,RY6V7DqGnTw,353.026,357.822,4.796,1.0,1.0,8.02,E:\FPTU\PRJ\VN-AV-DF-Capstone\data\clips\tier1\300-400\tier1_v3_clips_300_400\RY6V7DqGnTw_clip0044_t00353.mp4,tier1,1,1.0,0.0288488660007715,True,9,0.8573538661003113,128,0.6942952193950213
RY6V7DqGnTw_clip0051_t00380,RY6V7DqGnTw,380.162,391.326,11.164,1.0,1.0,16.25,E:\FPTU\PRJ\VN-AV-DF-Capstone\data\clips\tier1\300-400\tier1_v3_clips_300_400\RY6V7DqGnTw_clip0051_t00380.mp4,tier1,1,1.0,0.0179051123559474,True,9,0.7299954891204834,128,0.6415257022052134
RY6V7DqGnTw_clip0054_t00415,RY6V7DqGnTw,415.554,421.47,5.916,1.0,1.0,19.03,E:\FPTU\PRJ\VN-AV-DF-Capstone\data\clips\tier1\300-400\tier1_v3_clips_300_400\RY6V7DqGnTw_clip0054_t00415.mp4,tier1,1,1.0,0.0306780971586704,True,9,0.8382886052131653,128,0.6959944410624799
RY6V7DqGnTw_clip0060_t00442,RY6V7DqGnTw,442.594,450.942,8.348,1.0,1.0,18.45,E:\FPTU\PRJ\VN-AV-DF-Capstone\data\clips\tier1\300-400\tier1_v3_clips_300_400\RY6V7DqGnTw_clip0060_t00442.mp4,tier1,1,1.0,0.0301637221127748,True,9,0.803615152835846,128,0.688451703022789
RY6V7DqGnTw_clip0064_t00472,RY6V7DqGnTw,472.994,476.446,3.452,1.0,1.0,17.57,E:\FPTU\PRJ\VN-AV-DF-Capstone\data\clips\tier1\300-400\tier1_v3_clips_300_400\RY6V7DqGnTw_clip0064_t00472.mp4,tier1,1,1.0,0.0302776470780372,True,9,0.8058403730392456,128,0.6891597561407203
RY6V7DqGnTw_clip0069_t00501,RY6V7DqGnTw,501.922,510.11,8.188,1.0,1.0,15.97,E:\FPTU\PRJ\VN-AV-DF-Capstone\data\clips\tier1\300-400\tier1_v3_clips_300_400\RY6V7DqGnTw_clip0069_t00501.mp4,tier1,1,1.0,0.0286146104335784,True,9,0.7795687913894653,128,0.6799199750158458
RY6V7DqGnTw_clip0074_t00532,RY6V7DqGnTw,532.066,534.494,2.428,1.0,1.0,6.01,E:\FPTU\PRJ\VN-AV-DF-Capstone\data\clips\tier1\300-400\tier1_v3_clips_300_400\RY6V7DqGnTw_clip0074_t00532.mp4,tier1,1,1.0,0.0304900500923395,True,9,0.91031676530838,128,0.708184740772008
RY6V7DqGnTw_clip0081_t00575,RY6V7DqGnTw,575.234,586.686,11.452,1.0,1.0,16.44,E:\FPTU\PRJ\VN-AV-DF-Capstone\data\clips\tier1\300-400\tier1_v3_clips_300_400\RY6V7DqGnTw_clip0081_t00575.mp4,tier1,1,1.0,0.0297095850110054,True,9,0.8118358254432678,128,0.6886452671865333
RY6V7DqGnTw_clip0085_t00618,RY6V7DqGnTw,618.114,623.39,5.276,1.0,1.0,17.7,E:\FPTU\PRJ\VN-AV-DF-Capstone\data\clips\tier1\300-400\tier1_v3_clips_300_400\RY6V7DqGnTw_clip0085_t00618.mp4,tier1,1,1.0,0.0283183455467224,True,9,0.8170931339263916,128,0.6857217970684297
RY6V7DqGnTw_clip0089_t00646,RY6V7DqGnTw,646.658,648.67,2.012,1.0,1.0,3.76,E:\FPTU\PRJ\VN-AV-DF-Capstone\data\clips\tier1\300-400\tier1_v3_clips_300_400\RY6V7DqGnTw_clip0089_t00646.mp4,tier1,1,1.0,0.0302523709833621,True,9,0.8378554582595825,128,0.6947395077520839
RY6V7DqGnTw_clip0094_t00674,RY6V7DqGnTw,674.306,679.262,4.956,1.0,1.0,3.62,E:\FPTU\PRJ\VN-AV-DF-Capstone\data\clips\tier1\300-400\tier1_v3_clips_300_400\RY6V7DqGnTw_clip0094_t00674.mp4,tier1,1,1.0,0.0301529839634895,True,9,0.8152337670326233,128,0.6904723213492738
RY6V7DqGnTw_clip0100_t00703,RY6V7DqGnTw,703.682,712.446,8.764,1.0,1.0,16.66,E:\FPTU\PRJ\VN-AV-DF-Capstone\data\clips\tier1\300-400\tier1_v3_clips_300_400\RY6V7DqGnTw_clip0100_t00703.mp4,tier1,1,1.0,0.0290374625474214,True,9,0.80970698595047,128,0.6864090195713362
RY6V7DqGnTw_clip0105_t00730,RY6V7DqGnTw,730.626,735.626,5.0,1.0,1.0,18.51,E:\FPTU\PRJ\VN-AV-DF-Capstone\data\clips\tier1\300-400\tier1_v3_clips_300_400\RY6V7DqGnTw_clip0105_t00730.mp4,tier1,1,1.0,0.0290571972727775,True,9,0.7829719185829163,128,0.6817456961924057
RY6V7DqGnTw_clip0110_t00756,RY6V7DqGnTw,756.034,758.622,2.588,1.0,1.0,4.4,E:\FPTU\PRJ\VN-AV-DF-Capstone\data\clips\tier1\300-400\tier1_v3_clips_300_400\RY6V7DqGnTw_clip0110_t00756.mp4,tier1,1,1.0,0.0288646481931209,True,9,0.7735452651977539,128,0.679549154574787
RY6V7DqGnTw_clip0115_t00779,RY6V7DqGnTw,779.266,783.358,4.092,1.0,1.0,6.09,E:\FPTU\PRJ\VN-AV-DF-Capstone\data\clips\tier1\300-400\tier1_v3_clips_300_400\RY6V7DqGnTw_clip0115_t00779.mp4,tier1,1,1.0,0.0299163423478603,True,9,0.7828385233879089,128,0.6841004420966368
RY6V7DqGnTw_clip0118_t00803,RY6V7DqGnTw,803.65,809.182,5.532,1.0,1.0,15.33,E:\FPTU\PRJ\VN-AV-DF-Capstone\data\clips\tier1\300-400\tier1_v3_clips_300_400\RY6V7DqGnTw_clip0118_t00803.mp4,tier1,1,1.0,0.0299153234809637,True,9,0.8354561924934387,128,0.6933830926869251
RY6V7DqGnTw_clip0122_t00828,RY6V7DqGnTw,828.514,834.11,5.596,1.0,1.0,17.38,E:\FPTU\PRJ\VN-AV-DF-Capstone\data\clips\tier1\300-400\tier1_v3_clips_300_400\RY6V7DqGnTw_clip0122_t00828.mp4,tier1,1,1.0,0.0293942615389823,True,9,0.8018207550048828,128,0.6860050230730006
RY6V7DqGnTw_clip0125_t00852,RY6V7DqGnTw,852.29,854.43,2.14,1.0,1.0,4.64,E:\FPTU\PRJ\VN-AV-DF-Capstone\data\clips\tier1\300-400\tier1_v3_clips_300_400\RY6V7DqGnTw_clip0125_t00852.mp4,tier1,1,1.0,0.0291644539684057,True,9,0.85719233751297,128,0.6951403252692572
RY6V7DqGnTw_clip0129_t00877,RY6V7DqGnTw,877.506,881.214,3.708,1.0,1.0,16.14,E:\FPTU\PRJ\VN-AV-DF-Capstone\data\clips\tier1\300-400\tier1_v3_clips_300_400\RY6V7DqGnTw_clip0129_t00877.mp4,tier1,1,1.0,0.0301331654191017,True,9,0.8336226344108582,128,0.6936625538786347
RY6V7DqGnTw_clip0136_t00930,RY6V7DqGnTw,930.37,935.326,4.956,1.0,1.0,16.11,E:\FPTU\PRJ\VN-AV-DF-Capstone\data\clips\tier1\300-400\tier1_v3_clips_300_400\RY6V7DqGnTw_clip0136_t00930.mp4,tier1,1,1.0,0.0298950746655464,True,9,0.7718294858932495,128,0.6820987975551758
ouCPqISuqAU_clip0000_t00001,ouCPqISuqAU,1.282,4.574,3.292,1.0,1.0,-1.33,E:\FPTU\PRJ\VN-AV-DF-Capstone\data\clips\tier1\300-400\tier1_v3_clips_300_400\ouCPqISuqAU_clip0000_t00001.mp4,tier1,1,1.0,0.0607271715998649,True,9,0.8714094161987305,129,0.7850211671647279
ouCPqISuqAU_clip0007_t00031,ouCPqISuqAU,31.874,35.262,3.388,1.0,1.0,-9.18,E:\FPTU\PRJ\VN-AV-DF-Capstone\data\clips\tier1\300-400\tier1_v3_clips_300_400\ouCPqISuqAU_clip0007_t00031.mp4,tier1,1,1.0,0.1461047232151031,True,9,0.9027850031852722,129,0.9828444123268129
ouCPqISuqAU_clip0012_t00070,ouCPqISuqAU,70.498,79.774,9.276,1.0,1.0,-7.11,E:\FPTU\PRJ\VN-AV-DF-Capstone\data\clips\tier1\300-400\tier1_v3_clips_300_400\ouCPqISuqAU_clip0012_t00070.mp4,tier1,1,1.0,0.1416241228580474,True,9,0.8085746765136719,129,0.9662190605612363
ouCPqISuqAU_clip0014_t00090,ouCPqISuqAU,90.114,93.182,3.068,1.0,1.0,-10.36,E:\FPTU\PRJ\VN-AV-DF-Capstone\data\clips\tier1\300-400\tier1_v3_clips_300_400\ouCPqISuqAU_clip0014_t00090.mp4,tier1,1,1.0,0.1480898559093475,True,9,0.8556040525436401,129,0.9745183622135836
ouCPqISuqAU_clip0018_t00110,ouCPqISuqAU,110.85,113.79,2.94,1.0,1.0,-10.22,E:\FPTU\PRJ\VN-AV-DF-Capstone\data\clips\tier1\300-400\tier1_v3_clips_300_400\ouCPqISuqAU_clip0018_t00110.mp4,tier1,1,1.0,0.1325558871030807,True,9,0.8738130927085876,129,0.977731722242692
ouCPqISuqAU_clip0021_t00127,ouCPqISuqAU,127.042,129.886,2.844,1.0,1.0,-4.56,E:\FPTU\PRJ\VN-AV-DF-Capstone\data\clips\tier1\300-400\tier1_v3_clips_300_400\ouCPqISuqAU_clip0021_t00127.mp4,tier1,1,1.0,0.1497021317481994,True,9,0.8343951106071472,129,0.9707756077542025
ouCPqISuqAU_clip0023_t00145,ouCPqISuqAU,145.474,147.678,2.204,1.0,1.0,-6.78,E:\FPTU\PRJ\VN-AV-DF-Capstone\data\clips\tier1\300-400\tier1_v3_clips_300_400\ouCPqISuqAU_clip0023_t00145.mp4,tier1,1,1.0,0.1249812021851539,True,9,0.9023072123527528,129,0.9683417894102863
ouCPqISuqAU_clip0030_t00182,ouCPqISuqAU,182.274,187.274,5.0,1.0,1.0,-11.1,E:\FPTU\PRJ\VN-AV-DF-Capstone\data\clips\tier1\300-400\tier1_v3_clips_300_400\ouCPqISuqAU_clip0030_t00182.mp4,tier1,1,1.0,0.1408657431602478,True,9,0.8141043782234192,129,0.9671948902747212
ouCPqISuqAU_clip0034_t00199,ouCPqISuqAU,199.874,202.11,2.236,1.0,1.0,-5.58,E:\FPTU\PRJ\VN-AV-DF-Capstone\data\clips\tier1\300-400\tier1_v3_clips_300_400\ouCPqISuqAU_clip0034_t00199.mp4,tier1,1,1.0,0.1359505355358123,True,9,0.8412818908691406,129,0.9719909219180838
ouCPqISuqAU_clip0039_t00222,ouCPqISuqAU,222.21,224.606,2.396,1.0,1.0,-8.82,E:\FPTU\PRJ\VN-AV-DF-Capstone\data\clips\tier1\300-400\tier1_v3_clips_300_400\ouCPqISuqAU_clip0039_t00222.mp4,tier1,1,1.0,0.144558310508728,True,9,0.8704359531402588,129,0.9771357564365164
ouCPqISuqAU_clip0043_t00242,ouCPqISuqAU,242.946,248.35,5.404,1.0,1.0,-11.3,E:\FPTU\PRJ\VN-AV-DF-Capstone\data\clips\tier1\300-400\tier1_v3_clips_300_400\ouCPqISuqAU_clip0043_t00242.mp4,tier1,1,1.0,0.1370534598827362,True,9,0.8409931659698486,129,0.9719399704652675
ouCPqISuqAU_clip0046_t00258,ouCPqISuqAU,258.434,262.622,4.188,1.0,1.0,-7.45,E:\FPTU\PRJ\VN-AV-DF-Capstone\data\clips\tier1\300-400\tier1_v3_clips_300_400\ouCPqISuqAU_clip0046_t00258.mp4,tier1,1,1.0,0.1313136667013168,True,9,0.8445088267326355,129,0.9725603811881123
ouCPqISuqAU_clip0050_t00279,ouCPqISuqAU,279.842,281.918,2.076,1.0,1.0,-4.87,E:\FPTU\PRJ\VN-AV-DF-Capstone\data\clips\tier1\300-400\tier1_v3_clips_300_400\ouCPqISuqAU_clip0050_t00279.mp4,tier1,1,1.0,0.1432839035987854,True,9,0.8490660190582275,129,0.9733645915985109
ouCPqISuqAU_clip0053_t00303,ouCPqISuqAU,303.298,306.174,2.876,1.0,1.0,-3.46,E:\FPTU\PRJ\VN-AV-DF-Capstone\data\clips\tier1\300-400\tier1_v3_clips_300_400\ouCPqISuqAU_clip0053_t00303.mp4,tier1,1,1.0,0.1230107545852661,True,9,0.8499565124511719,129,0.95364883564094
ouCPqISuqAU_clip0057_t00335,ouCPqISuqAU,335.746,339.582,3.836,1.0,1.0,-7.02,E:\FPTU\PRJ\VN-AV-DF-Capstone\data\clips\tier1\300-400\tier1_v3_clips_300_400\ouCPqISuqAU_clip0057_t00335.mp4,tier1,1,1.0,0.1355857253074646,True,9,0.8768770694732666,129,0.9782724240246942
ouCPqISuqAU_clip0061_t00352,ouCPqISuqAU,352.994,357.854,4.86,1.0,1.0,-9.5,E:\FPTU\PRJ\VN-AV-DF-Capstone\data\clips\tier1\300-400\tier1_v3_clips_300_400\ouCPqISuqAU_clip0061_t00352.mp4,tier1,1,1.0,0.1329578161239624,True,9,0.8910354971885681,129,0.9807709700921003
ouCPqISuqAU_clip0065_t00374,ouCPqISuqAU,374.018,376.19,2.172,1.0,1.0,-6.01,E:\FPTU\PRJ\VN-AV-DF-Capstone\data\clips\tier1\300-400\tier1_v3_clips_300_400\ouCPqISuqAU_clip0065_t00374.mp4,tier1,1,1.0,0.1251571774482727,True,9,0.7702672481536865,129,0.945527754152093
ouCPqISuqAU_clip0070_t00393,ouCPqISuqAU,393.218,398.462,5.244,1.0,1.0,-7.65,E:\FPTU\PRJ\VN-AV-DF-Capstone\data\clips\tier1\300-400\tier1_v3_clips_300_400\ouCPqISuqAU_clip0070_t00393.mp4,tier1,1,1.0,0.1306573748588562,True,9,0.8709208965301514,129,0.9772213346817915
ouCPqISuqAU_clip0073_t00414,ouCPqISuqAU,414.498,416.926,2.428,1.0,1.0,-6.64,E:\FPTU\PRJ\VN-AV-DF-Capstone\data\clips\tier1\300-400\tier1_v3_clips_300_400\ouCPqISuqAU_clip0073_t00414.mp4,tier1,1,1.0,0.1310132294893264,True,9,0.7957428693771362,129,0.96395462400773
ouCPqISuqAU_clip0074_t00429,ouCPqISuqAU,429.922,433.15,3.228,1.0,1.0,-9.95,E:\FPTU\PRJ\VN-AV-DF-Capstone\data\clips\tier1\300-400\tier1_v3_clips_300_400\ouCPqISuqAU_clip0074_t00429.mp4,tier1,1,1.0,0.138863205909729,True,9,0.8506531119346619,129,0.9736446668119992
ouCPqISuqAU_clip0076_t00454,ouCPqISuqAU,454.914,457.31,2.396,1.0,1.0,-7.91,E:\FPTU\PRJ\VN-AV-DF-Capstone\data\clips\tier1\300-400\tier1_v3_clips_300_400\ouCPqISuqAU_clip0076_t00454.mp4,tier1,1,1.0,0.1290735453367233,True,9,0.8443995714187622,129,0.9694512222452254
ouCPqISuqAU_clip0083_t00492,ouCPqISuqAU,492.194,495.358,3.164,1.0,1.0,-6.38,E:\FPTU\PRJ\VN-AV-DF-Capstone\data\clips\tier1\300-400\tier1_v3_clips_300_400\ouCPqISuqAU_clip0083_t00492.mp4,tier1,1,1.0,0.1413125991821289,True,9,0.8566386699676514,129,0.9747009417589974
ouCPqISuqAU_clip0086_t00514,ouCPqISuqAU,514.082,520.254,6.172,1.0,1.0,-6.69,E:\FPTU\PRJ\VN-AV-DF-Capstone\data\clips\tier1\300-400\tier1_v3_clips_300_400\ouCPqISuqAU_clip0086_t00514.mp4,tier1,1,1.0,0.1418878138065338,True,9,0.79103684425354,129,0.9631241489859189
ouCPqISuqAU_clip0088_t00529,ouCPqISuqAU,529.282,536.926,7.644,1.0,1.0,-7.01,E:\FPTU\PRJ\VN-AV-DF-Capstone\data\clips\tier1\300-400\tier1_v3_clips_300_400\ouCPqISuqAU_clip0088_t00529.mp4,tier1,1,1.0,0.1465026587247848,True,9,0.7585523724555969,129,0.9573915951392231
ouCPqISuqAU_clip0092_t00549,ouCPqISuqAU,549.826,552.158,2.332,1.0,1.0,-8.83,E:\FPTU\PRJ\VN-AV-DF-Capstone\data\clips\tier1\300-400\tier1_v3_clips_300_400\ouCPqISuqAU_clip0092_t00549.mp4,tier1,1,1.0,0.1400773823261261,True,9,0.8203273415565491,129,0.9682930602746852
ouCPqISuqAU_clip0095_t00566,ouCPqISuqAU,566.562,571.562,5.0,1.0,1.0,-5.66,E:\FPTU\PRJ\VN-AV-DF-Capstone\data\clips\tier1\300-400\tier1_v3_clips_300_400\ouCPqISuqAU_clip0095_t00566.mp4,tier1,1,1.0,0.1399067342281341,True,9,0.8459809422492981,129,0.9728201662792879
ouCPqISuqAU_clip0098_t00584,ouCPqISuqAU,584.578,586.75,2.172,1.0,1.0,-6.54,E:\FPTU\PRJ\VN-AV-DF-Capstone\data\clips\tier1\300-400\tier1_v3_clips_300_400\ouCPqISuqAU_clip0098_t00584.mp4,tier1,1,1.0,0.1381135284900665,True,9,0.834441065788269,129,0.9707837174920475
ouCPqISuqAU_clip0102_t00605,ouCPqISuqAU,605.026,613.47,8.444,1.0,1.0,-10.6,E:\FPTU\PRJ\VN-AV-DF-Capstone\data\clips\tier1\300-400\tier1_v3_clips_300_400\ouCPqISuqAU_clip0102_t00605.mp4,tier1,1,1.0,0.1407596915960312,True,9,0.8361008763313293,129,0.9710766252349405
ouCPqISuqAU_clip0104_t00623,ouCPqISuqAU,623.554,628.554,5.0,1.0,1.0,-4.87,E:\FPTU\PRJ\VN-AV-DF-Capstone\data\clips\tier1\300-400\tier1_v3_clips_300_400\ouCPqISuqAU_clip0104_t00623.mp4,tier1,1,1.0,0.1271016597747802,True,9,0.8369767665863037,129,0.9626827399789403
ouCPqISuqAU_clip0108_t00640,ouCPqISuqAU,640.674,645.886,5.212,1.0,1.0,-6.15,E:\FPTU\PRJ\VN-AV-DF-Capstone\data\clips\tier1\300-400\tier1_v3_clips_300_400\ouCPqISuqAU_clip0108_t00640.mp4,tier1,1,1.0,0.1417908668518066,True,9,0.8736693859100342,129,0.9777063622194179
g6hBKVh_7Pk_clip0012_t00091,g6hBKVh_7Pk,91.234,96.234,5.0,1.0,1.0,6.58,E:\FPTU\PRJ\VN-AV-DF-Capstone\data\clips\tier1\100-300\tier1_v3_clips_100_300\g6hBKVh_7Pk_clip0012_t00091.mp4,tier1,1,1.0,0.0404879748821258,True,9,0.544543981552124,130,0.6713128675927922
g6hBKVh_7Pk_clip0013_t00095,g6hBKVh_7Pk,95.234,100.234,5.0,1.0,1.0,6.73,E:\FPTU\PRJ\VN-AV-DF-Capstone\data\clips\tier1\100-300\tier1_v3_clips_100_300\g6hBKVh_7Pk_clip0013_t00095.mp4,tier1,1,1.0,0.026414543390274,True,9,0.4042691588401794,130,0.6076004003655213
MpVfVbPdmis_clip0058_t00719,MpVfVbPdmis,719.906,727.55,7.644,1.0,1.0,4.27,E:\FPTU\PRJ\VN-AV-DF-Capstone\data\clips\tier1\100-300\tier1_v3_clips_100_300\MpVfVbPdmis_clip0058_t00719.mp4,tier1,1,1.0,0.0147905563935637,True,9,0.4461152851581573,131,0.5828074787782037
aArTJcMMmTw_clip0022_t00363,aArTJcMMmTw,363.97,368.97,5.0,1.0,1.0,4.71,E:\FPTU\PRJ\VN-AV-DF-Capstone\data\clips\tier1\0-100\tier1_v3_clips_0_100\aArTJcMMmTw_clip0022_t00363.mp4,tier1,1,1.0,0.0113532189279794,True,9,0.9291610717773438,131,0.6585356119708344
aArTJcMMmTw_clip0023_t00367,aArTJcMMmTw,367.97,372.97,5.0,1.0,1.0,3.5,E:\FPTU\PRJ\VN-AV-DF-Capstone\data\clips\tier1\0-100\tier1_v3_clips_0_100\aArTJcMMmTw_clip0023_t00367.mp4,tier1,1,1.0,0.0130546577274799,True,9,0.904631733894348,131,0.6589168298258166
7630081846314929428_clip0002_t00052,7630081846314929428,52.322,54.654,2.332,1.0,1.0,4.97,E:\FPTU\PRJ\VN-AV-DF-Capstone\data\clips\tier3\tier3_v3_clips_0_1262-001\7630081846314929428_clip0002_t00052.mp4,tier3,1,1.0,0.034541081637144,True,9,0.8682426810264587,133,0.7119739718331535
7637852672275647764_clip0004_t00026,7637852672275647764,26.306,34.398,8.092,1.0,1.0,5.12,E:\FPTU\PRJ\VN-AV-DF-Capstone\data\clips\tier3\tier3_v3_clips_0_1262-001\7637852672275647764_clip0004_t00026.mp4,tier3,1,1.0,0.0498216301202774,True,9,0.7986740469932556,133,0.7419967832410282
7637852672275647764_clip0007_t00048,7637852672275647764,48.61,54.206,5.596,1.0,1.0,-4.86,E:\FPTU\PRJ\VN-AV-DF-Capstone\data\clips\tier3\tier3_v3_clips_0_1262-001\7637852672275647764_clip0007_t00048.mp4,tier3,1,1.0,0.0415629744529724,True,9,0.8085740208625793,133,0.72088221879965
7637852672275647764_clip0008_t00054,7637852672275647764,54.658,61.822,7.164,1.0,1.0,-0.32,E:\FPTU\PRJ\VN-AV-DF-Capstone\data\clips\tier3\tier3_v3_clips_0_1262-001\7637852672275647764_clip0008_t00054.mp4,tier3,1,1.0,0.0415280200541019,True,9,0.819279670715332,133,0.7226746903256437
7637852672275647764_clip0010_t00069,7637852672275647764,69.442,72.958,3.516,1.0,1.0,4.39,E:\FPTU\PRJ\VN-AV-DF-Capstone\data\clips\tier3\tier3_v3_clips_0_1262-001\7637852672275647764_clip0010_t00069.mp4,tier3,1,1.0,0.0520589910447597,True,9,0.9259448647499084,133,0.7706498040037564
7637852672275647764_clip0015_t00096,7637852672275647764,96.834,99.422,2.588,1.0,1.0,4.27,E:\FPTU\PRJ\VN-AV-DF-Capstone\data\clips\tier3\tier3_v3_clips_0_1262-001\7637852672275647764_clip0015_t00096.mp4,tier3,1,1.0,0.0551532469689846,True,9,0.9376468658447266,133,0.7812803852805292
7637852672275647764_clip0016_t00100,7637852672275647764,100.866,102.942,2.076,1.0,1.0,4.34,E:\FPTU\PRJ\VN-AV-DF-Capstone\data\clips\tier3\tier3_v3_clips_0_1262-001\7637852672275647764_clip0016_t00100.mp4,tier3,1,1.0,0.055614598095417,True,9,0.8955620527267456,133,0.775130766190895
qh78i88JEiU_clip0075_t00785,qh78i88JEiU,785.666,789.086,3.42,0.75,1.0,4.06,E:\FPTU\PRJ\VN-AV-DF-Capstone\data\clips\tier1\300-400\tier1_v3_clips_300_400\qh78i88JEiU_clip0075_t00785.mp4,tier1,1,1.0,0.0671920627355575,True,9,0.3473129272460937,134,0.7104296693991372
7629321559143894293_clip0002_t00029,7629321559143894293,29.986,32.254,2.268,1.0,1.0,8.36,E:\FPTU\PRJ\VN-AV-DF-Capstone\data\clips\tier3\tier3_v3_clips_0_1262-001\7629321559143894293_clip0002_t00029.mp4,tier3,1,1.0,0.1758479475975036,True,9,0.8842700123786926,135,0.9795770610080047
7634155950047317268_clip0000_t00019,7634155950047317268,19.33,21.438,2.108,1.0,1.0,10.94,E:\FPTU\PRJ\VN-AV-DF-Capstone\data\clips\tier3\tier3_v3_clips_0_1262-001\7634155950047317268_clip0000_t00019.mp4,tier3,1,0.8888888888888888,0.3843648731708526,True,9,0.5750231146812439,135,0.8727164973620496
7634155950047317268_clip0004_t00099,7634155950047317268,99.266,101.854,2.588,1.0,1.0,12.98,E:\FPTU\PRJ\VN-AV-DF-Capstone\data\clips\tier3\tier3_v3_clips_0_1262-001\7634155950047317268_clip0004_t00099.mp4,tier3,1,1.0,0.1371544748544693,True,9,0.8465684056282043,135,0.9729238362873303
7639341064947797255_clip0000_t00028,7639341064947797255,28.162,30.75,2.588,1.0,1.0,4.66,E:\FPTU\PRJ\VN-AV-DF-Capstone\data\clips\tier3\tier3_v3_clips_0_1262-001\7639341064947797255_clip0000_t00028.mp4,tier3,1,0.7777777777777778,0.3636573255062103,True,9,0.5448837876319885,135,0.8151102108893052
I-uqcg6HtaQ_clip0037_t00357,I-uqcg6HtaQ,357.218,360.062,2.844,1.0,1.0,7.16,E:\FPTU\PRJ\VN-AV-DF-Capstone\data\clips\tier2\tier2_v3_clips_0_999-001\I-uqcg6HtaQ_clip0037_t00357.mp4,tier2,1,1.0,0.0625030398368835,True,9,0.8895378112792969,136,0.7931362558899288
I-uqcg6HtaQ_clip0038_t00366,I-uqcg6HtaQ,366.338,369.086,2.748,1.0,1.0,9.0,E:\FPTU\PRJ\VN-AV-DF-Capstone\data\clips\tier2\tier2_v3_clips_0_999-001\I-uqcg6HtaQ_clip0038_t00366.mp4,tier2,1,1.0,0.0631522461771965,True,9,0.9019028544425964,136,0.7971154559534203
I-uqcg6HtaQ_clip0039_t00404,I-uqcg6HtaQ,404.834,406.942,2.108,1.0,1.0,11.53,E:\FPTU\PRJ\VN-AV-DF-Capstone\data\clips\tier2\tier2_v3_clips_0_999-001\I-uqcg6HtaQ_clip0039_t00404.mp4,tier2,1,1.0,0.064198613166809,True,9,0.8611443638801575,136,0.7928193352670072
I-uqcg6HtaQ_clip0040_t00407,I-uqcg6HtaQ,407.65,410.526,2.876,1.0,1.0,4.79,E:\FPTU\PRJ\VN-AV-DF-Capstone\data\clips\tier2\tier2_v3_clips_0_999-001\I-uqcg6HtaQ_clip0040_t00407.mp4,tier2,1,1.0,0.0653259679675102,True,9,0.8702204823493958,136,0.797541747888344
I-uqcg6HtaQ_clip0046_t00482,I-uqcg6HtaQ,482.114,485.31,3.196,1.0,1.0,5.55,E:\FPTU\PRJ\VN-AV-DF-Capstone\data\clips\tier2\tier2_v3_clips_0_999-001\I-uqcg6HtaQ_clip0046_t00482.mp4,tier2,1,1.0,0.0657290965318679,True,9,0.9554162621498108,136,0.8136922381489726
I-uqcg6HtaQ_clip0047_t00488,I-uqcg6HtaQ,488.962,491.358,2.396,1.0,1.0,4.47,E:\FPTU\PRJ\VN-AV-DF-Capstone\data\clips\tier2\tier2_v3_clips_0_999-001\I-uqcg6HtaQ_clip0047_t00488.mp4,tier2,1,1.0,0.06598611921072,True,9,0.952495276927948,136,0.8138882605983162
I-uqcg6HtaQ_clip0048_t00491,I-uqcg6HtaQ,491.842,493.95,2.108,1.0,1.0,9.23,E:\FPTU\PRJ\VN-AV-DF-Capstone\data\clips\tier2\tier2_v3_clips_0_999-001\I-uqcg6HtaQ_clip0048_t00491.mp4,tier2,1,1.0,0.0673055350780487,True,9,0.9182995557785034,136,0.8115061298596277
I-uqcg6HtaQ_clip0049_t00495,I-uqcg6HtaQ,495.234,497.374,2.14,1.0,1.0,7.58,E:\FPTU\PRJ\VN-AV-DF-Capstone\data\clips\tier2\tier2_v3_clips_0_999-001\I-uqcg6HtaQ_clip0049_t00495.mp4,tier2,1,1.0,0.0659101381897926,True,9,0.9481898546218872,136,0.8129181494553063
I-uqcg6HtaQ_clip0050_t00498,I-uqcg6HtaQ,498.818,501.854,3.036,1.0,1.0,9.54,E:\FPTU\PRJ\VN-AV-DF-Capstone\data\clips\tier2\tier2_v3_clips_0_999-001\I-uqcg6HtaQ_clip0050_t00498.mp4,tier2,1,1.0,0.0667608678340911,True,9,0.936222493648529,136,0.8131612528537904
I-uqcg6HtaQ_clip0051_t00502,I-uqcg6HtaQ,502.05,504.062,2.012,1.0,1.0,7.76,E:\FPTU\PRJ\VN-AV-DF-Capstone\data\clips\tier2\tier2_v3_clips_0_999-001\I-uqcg6HtaQ_clip0051_t00502.mp4,tier2,1,1.0,0.066225379705429,True,9,0.940636396408081,136,0.8124578381114087
mHTLamr-Zqk_clip0017_t00254,mHTLamr-Zqk,254.114,260.382,6.268,1.0,1.0,15.11,E:\FPTU\PRJ\VN-AV-DF-Capstone\data\clips\tier2\tier2_v3_clips_0_999-001\mHTLamr-Zqk_clip0017_t00254.mp4,tier2,1,1.0,0.0100039755925536,True,9,0.9639554619789124,136,0.6609408217631021
EMFwAo7a4rg_clip0007_t00192,EMFwAo7a4rg,192.322,194.942,2.62,1.0,1.0,4.71,E:\FPTU\PRJ\VN-AV-DF-Capstone\data\clips\tier1\100-300\tier1_v3_clips_100_300\EMFwAo7a4rg_clip0007_t00192.mp4,tier1,1,1.0,0.0383440852165222,True,9,0.9295956492424012,137,0.7333284444328241
EMFwAo7a4rg_clip0008_t00197,EMFwAo7a4rg,197.474,200.574,3.1,1.0,1.0,5.28,E:\FPTU\PRJ\VN-AV-DF-Capstone\data\clips\tier1\100-300\tier1_v3_clips_100_300\EMFwAo7a4rg_clip0008_t00197.mp4,tier1,1,1.0,0.0395382568240165,True,9,0.8815743327140808,137,0.7281598014629904
EMFwAo7a4rg_clip0017_t00341,EMFwAo7a4rg,341.314,343.934,2.62,1.0,1.0,6.72,E:\FPTU\PRJ\VN-AV-DF-Capstone\data\clips\tier1\100-300\tier1_v3_clips_100_300\EMFwAo7a4rg_clip0017_t00341.mp4,tier1,1,1.0,0.0390091203153133,True,9,0.686816930770874,137,0.6923260919806719
EMFwAo7a4rg_clip0018_t00350,EMFwAo7a4rg,350.498,352.51,2.012,1.0,1.0,4.64,E:\FPTU\PRJ\VN-AV-DF-Capstone\data\clips\tier1\100-300\tier1_v3_clips_100_300\EMFwAo7a4rg_clip0018_t00350.mp4,tier1,1,1.0,0.0391345508396625,True,9,0.977611243724823,137,0.7439899523426764
EMFwAo7a4rg_clip0026_t00523,EMFwAo7a4rg,523.842,527.966,4.124,1.0,1.0,6.65,E:\FPTU\PRJ\VN-AV-DF-Capstone\data\clips\tier1\100-300\tier1_v3_clips_100_300\EMFwAo7a4rg_clip0026_t00523.mp4,tier1,1,1.0,0.0323828272521495,True,9,0.4516556560993194,137,0.6324841326046236
EMFwAo7a4rg_clip0029_t00546,EMFwAo7a4rg,546.37,548.414,2.044,1.0,1.0,6.67,E:\FPTU\PRJ\VN-AV-DF-Capstone\data\clips\tier1\100-300\tier1_v3_clips_100_300\EMFwAo7a4rg_clip0029_t00546.mp4,tier1,1,1.0,0.0445212014019489,True,9,0.7134329080581665,137,0.7122815773761011
EMFwAo7a4rg_clip0032_t00577,EMFwAo7a4rg,577.762,582.762,5.0,1.0,1.0,5.98,E:\FPTU\PRJ\VN-AV-DF-Capstone\data\clips\tier1\100-300\tier1_v3_clips_100_300\EMFwAo7a4rg_clip0032_t00577.mp4,tier1,1,1.0,0.0291864778846502,True,9,0.3836396932601928,137,0.6116331782039671
EMFwAo7a4rg_clip0039_t00654,EMFwAo7a4rg,654.466,657.182,2.716,1.0,1.0,5.68,E:\FPTU\PRJ\VN-AV-DF-Capstone\data\clips\tier1\100-300\tier1_v3_clips_100_300\EMFwAo7a4rg_clip0039_t00654.mp4,tier1,1,1.0,0.0256626401096582,True,9,0.4062354266643524,137,0.6058659694121054
EMFwAo7a4rg_clip0042_t00672,EMFwAo7a4rg,672.45,678.398,5.948,1.0,1.0,7.33,E:\FPTU\PRJ\VN-AV-DF-Capstone\data\clips\tier1\100-300\tier1_v3_clips_100_300\EMFwAo7a4rg_clip0042_t00672.mp4,tier1,1,1.0,0.0253665372729301,True,9,0.3679578602313995,137,0.5982914325867383
UnodrLYWJYI_clip0049_t00474,UnodrLYWJYI,474.914,478.014,3.1,1.0,1.0,14.83,E:\FPTU\PRJ\VN-AV-DF-Capstone\data\clips\tier2\tier2_v3_clips_0_999-001\UnodrLYWJYI_clip0049_t00474.mp4,tier2,1,0.7777777777777778,0.0312183015048503,True,9,0.9625473022460938,138,0.6148426772192339
UnodrLYWJYI_clip0050_t00479,UnodrLYWJYI,479.49,486.11,6.62,1.0,1.0,16.26,E:\FPTU\PRJ\VN-AV-DF-Capstone\data\clips\tier2\tier2_v3_clips_0_999-001\UnodrLYWJYI_clip0050_t00479.mp4,tier2,1,1.0,0.059396419674158,True,9,0.9231190085411072,138,0.7904626005672784
UnodrLYWJYI_clip0051_t00486,UnodrLYWJYI,486.338,493.054,6.716,1.0,1.0,15.34,E:\FPTU\PRJ\VN-AV-DF-Capstone\data\clips\tier2\tier2_v3_clips_0_999-001\UnodrLYWJYI_clip0051_t00486.mp4,tier2,1,1.0,0.061177235096693,True,9,0.9373701810836792,138,0.79790716835424
UnodrLYWJYI_clip0054_t00528,UnodrLYWJYI,528.226,532.51,4.284,1.0,1.0,16.17,E:\FPTU\PRJ\VN-AV-DF-Capstone\data\clips\tier2\tier2_v3_clips_0_999-001\UnodrLYWJYI_clip0054_t00528.mp4,tier2,1,1.0,0.0725654065608978,True,9,0.931152641773224,138,0.8283347028622456
UnodrLYWJYI_clip0055_t00532,UnodrLYWJYI,532.674,537.118,4.444,1.0,1.0,15.98,E:\FPTU\PRJ\VN-AV-DF-Capstone\data\clips\tier2\tier2_v3_clips_0_999-001\UnodrLYWJYI_clip0055_t00532.mp4,tier2,1,0.6666666666666666,0.0714827850461006,True,9,0.9304993748664856,138,0.6683597614382858
UnodrLYWJYI_clip0056_t00540,UnodrLYWJYI,540.898,543.358,2.46,1.0,1.0,13.13,E:\FPTU\PRJ\VN-AV-DF-Capstone\data\clips\tier2\tier2_v3_clips_0_999-001\UnodrLYWJYI_clip0056_t00540.mp4,tier2,1,1.0,0.0622305087745189,True,9,0.9477837681770324,138,0.802660533413999
UnodrLYWJYI_clip0057_t00543,UnodrLYWJYI,543.65,546.43,2.78,1.0,1.0,14.37,E:\FPTU\PRJ\VN-AV-DF-Capstone\data\clips\tier2\tier2_v3_clips_0_999-001\UnodrLYWJYI_clip0057_t00543.mp4,tier2,1,1.0,0.0607144311070442,True,9,0.9310527443885804,138,0.7955111921300791
UnodrLYWJYI_clip0058_t00548,UnodrLYWJYI,548.29,550.654,2.364,1.0,1.0,13.7,E:\FPTU\PRJ\VN-AV-DF-Capstone\data\clips\tier2\tier2_v3_clips_0_999-001\UnodrLYWJYI_clip0058_t00548.mp4,tier2,1,1.0,0.0540684051811695,True,9,0.7497290372848511,138,0.7451153554421267
UnodrLYWJYI_clip0060_t00586,UnodrLYWJYI,586.114,592.318,6.204,1.0,1.0,15.74,E:\FPTU\PRJ\VN-AV-DF-Capstone\data\clips\tier2\tier2_v3_clips_0_999-001\UnodrLYWJYI_clip0060_t00586.mp4,tier2,1,0.8888888888888888,0.0593057423830032,True,9,0.9260649681091307,138,0.7384438811202179
RoXXg62YfpM_clip0009_t00066,RoXXg62YfpM,66.818,72.35,5.532,1.0,1.0,8.4,E:\FPTU\PRJ\VN-AV-DF-Capstone\data\clips\tier1\300-400\tier1_v3_clips_300_400\RoXXg62YfpM_clip0009_t00066.mp4,tier1,1,1.0,0.0532165616750717,True,9,0.9317213892936708,139,0.7748735788330544
RoXXg62YfpM_clip0017_t00146,RoXXg62YfpM,146.498,151.498,5.0,1.0,1.0,7.26,E:\FPTU\PRJ\VN-AV-DF-Capstone\data\clips\tier1\300-400\tier1_v3_clips_300_400\RoXXg62YfpM_clip0017_t00146.mp4,tier1,1,1.0,0.0561034753918647,True,9,0.9339680075645448,139,0.7832615982405464
RoXXg62YfpM_clip0029_t00244,RoXXg62YfpM,244.29,251.87,7.58,1.0,1.0,6.61,E:\FPTU\PRJ\VN-AV-DF-Capstone\data\clips\tier1\300-400\tier1_v3_clips_300_400\RoXXg62YfpM_clip0029_t00244.mp4,tier1,1,1.0,0.0539111644029617,True,9,0.9086173176765442,139,0.7727191896713186
RoXXg62YfpM_clip0047_t00383,RoXXg62YfpM,383.202,386.942,3.74,1.0,1.0,8.41,E:\FPTU\PRJ\VN-AV-DF-Capstone\data\clips\tier1\300-400\tier1_v3_clips_300_400\RoXXg62YfpM_clip0047_t00383.mp4,tier1,1,1.0,0.0531987361609935,True,9,0.920713186264038,139,0.7728816101635867
RoXXg62YfpM_clip0062_t00540,RoXXg62YfpM,540.386,545.246,4.86,1.0,1.0,9.9,E:\FPTU\PRJ\VN-AV-DF-Capstone\data\clips\tier1\300-400\tier1_v3_clips_300_400\RoXXg62YfpM_clip0062_t00540.mp4,tier1,1,1.0,0.0529550649225711,True,9,0.8240284323692322,139,0.7551450638111012
RoXXg62YfpM_clip0069_t00616,RoXXg62YfpM,616.578,621.406,4.828,1.0,1.0,7.56,E:\FPTU\PRJ\VN-AV-DF-Capstone\data\clips\tier1\300-400\tier1_v3_clips_300_400\RoXXg62YfpM_clip0069_t00616.mp4,tier1,1,1.0,0.0512723252177238,True,9,0.9086979627609252,139,0.7654285839567253
Wv2KVSy4j3E_clip0026_t00177,Wv2KVSy4j3E,177.058,179.774,2.716,1.0,1.0,5.74,E:\FPTU\PRJ\VN-AV-DF-Capstone\data\clips\tier1\400-440\tier1_v3_clips_400_440\Wv2KVSy4j3E_clip0026_t00177.mp4,tier1,1,1.0,0.0522100962698459,True,9,0.9360489249229432,139,0.7728511630771602
Wv2KVSy4j3E_clip0046_t00359,Wv2KVSy4j3E,359.362,363.838,4.476,1.0,1.0,5.89,E:\FPTU\PRJ\VN-AV-DF-Capstone\data\clips\tier1\400-440\tier1_v3_clips_400_440\Wv2KVSy4j3E_clip0046_t00359.mp4,tier1,1,1.0,0.0542068779468536,True,9,0.9328373670578004,139,0.7778119105526371
Wv2KVSy4j3E_clip0052_t00440,Wv2KVSy4j3E,440.066,444.19,4.124,1.0,1.0,7.05,E:\FPTU\PRJ\VN-AV-DF-Capstone\data\clips\tier1\400-440\tier1_v3_clips_400_440\Wv2KVSy4j3E_clip0052_t00440.mp4,tier1,1,1.0,0.0531083531677722,True,9,0.8872995376586914,139,0.7667348856493391
Wv2KVSy4j3E_clip0060_t00548,Wv2KVSy4j3E,548.834,552.606,3.772,1.0,1.0,4.2,E:\FPTU\PRJ\VN-AV-DF-Capstone\data\clips\tier1\400-440\tier1_v3_clips_400_440\Wv2KVSy4j3E_clip0060_t00548.mp4,tier1,1,1.0,0.0533820427954196,True,9,0.9612231850624084,139,0.7805378630847154
Wv2KVSy4j3E_clip0067_t00620,Wv2KVSy4j3E,620.674,624.094,3.42,1.0,1.0,4.38,E:\FPTU\PRJ\VN-AV-DF-Capstone\data\clips\tier1\400-440\tier1_v3_clips_400_440\Wv2KVSy4j3E_clip0067_t00620.mp4,tier1,1,1.0,0.0530553460121154,True,9,0.9556952714920044,139,0.7786579865718253
Wv2KVSy4j3E_clip0076_t00675,Wv2KVSy4j3E,675.97,678.782,2.812,1.0,1.0,5.75,E:\FPTU\PRJ\VN-AV-DF-Capstone\data\clips\tier1\400-440\tier1_v3_clips_400_440\Wv2KVSy4j3E_clip0076_t00675.mp4,tier1,1,1.0,0.0504024773836135,True,9,0.7560995817184448,139,0.73609154426969
_UEZaDjz02I_clip0005_t00039,_UEZaDjz02I,39.106,47.934,8.828,1.0,1.0,-1.62,E:\FPTU\PRJ\VN-AV-DF-Capstone\data\clips\tier1\440-9999\tier1_v3_clips_440_9999\_UEZaDjz02I_clip0005_t00039.mp4,tier1,1,1.0,0.0428607873618602,True,9,0.8611751198768616,139,0.7337573726416323
_UEZaDjz02I_clip0014_t00177,_UEZaDjz02I,177.058,180.51,3.452,1.0,1.0,4.18,E:\FPTU\PRJ\VN-AV-DF-Capstone\data\clips\tier1\440-9999\tier1_v3_clips_440_9999\_UEZaDjz02I_clip0014_t00177.mp4,tier1,1,1.0,0.0210950430482625,True,9,0.9288868308067322,139,0.6854545435136484
_UEZaDjz02I_clip0025_t00265,_UEZaDjz02I,265.794,270.366,4.572,1.0,1.0,4.77,E:\FPTU\PRJ\VN-AV-DF-Capstone\data\clips\tier1\440-9999\tier1_v3_clips_440_9999\_UEZaDjz02I_clip0025_t00265.mp4,tier1,1,1.0,0.0542309917509555,True,9,0.9583991169929504,139,0.7823895594559932
_UEZaDjz02I_clip0035_t00373,_UEZaDjz02I,373.218,377.246,4.028,1.0,1.0,3.26,E:\FPTU\PRJ\VN-AV-DF-Capstone\data\clips\tier1\440-9999\tier1_v3_clips_440_9999\_UEZaDjz02I_clip0035_t00373.mp4,tier1,1,1.0,0.0533965975046157,True,9,0.9572581052780152,139,0.7798784334829214
_UEZaDjz02I_clip0048_t00511,_UEZaDjz02I,511.106,514.526,3.42,1.0,1.0,-3.33,E:\FPTU\PRJ\VN-AV-DF-Capstone\data\clips\tier1\440-9999\tier1_v3_clips_440_9999\_UEZaDjz02I_clip0048_t00511.mp4,tier1,1,1.0,0.056170530617237,True,9,0.94255268573761,139,0.7849621637876759
_UEZaDjz02I_clip0052_t00532,_UEZaDjz02I,532.002,534.974,2.972,1.0,1.0,3.74,E:\FPTU\PRJ\VN-AV-DF-Capstone\data\clips\tier1\440-9999\tier1_v3_clips_440_9999\_UEZaDjz02I_clip0052_t00532.mp4,tier1,1,1.0,0.02017910964787,True,9,0.7483076453208923,139,0.6510521406977748
okygVjgD02Y_clip0023_t00153,okygVjgD02Y,153.154,157.086,3.932,1.0,1.0,6.21,E:\FPTU\PRJ\VN-AV-DF-Capstone\data\clips\tier1\300-400\tier1_v3_clips_300_400\okygVjgD02Y_clip0023_t00153.mp4,tier1,1,1.0,0.0570355802774429,True,9,0.9293244481086732,139,0.7850224002230257
okygVjgD02Y_clip0024_t00157,okygVjgD02Y,157.282,169.214,11.932,1.0,1.0,6.78,E:\FPTU\PRJ\VN-AV-DF-Capstone\data\clips\tier1\300-400\tier1_v3_clips_300_400\okygVjgD02Y_clip0024_t00157.mp4,tier1,1,1.0,0.0607358664274215,True,9,0.8654592037200928,139,0.7839951986985998
okygVjgD02Y_clip0035_t00278,okygVjgD02Y,278.53,283.53,5.0,1.0,1.0,5.74,E:\FPTU\PRJ\VN-AV-DF-Capstone\data\clips\tier1\300-400\tier1_v3_clips_300_400\okygVjgD02Y_clip0035_t00278.mp4,tier1,1,1.0,0.0580490753054618,True,9,0.9398127794265748,139,0.789678840142959
okygVjgD02Y_clip0036_t00282,okygVjgD02Y,282.53,287.53,5.0,1.0,1.0,4.98,E:\FPTU\PRJ\VN-AV-DF-Capstone\data\clips\tier1\300-400\tier1_v3_clips_300_400\okygVjgD02Y_clip0036_t00282.mp4,tier1,1,1.0,0.0581568330526351,True,9,0.9429505467414856,139,0.7905308588873364
okygVjgD02Y_clip0038_t00290,okygVjgD02Y,290.53,295.53,5.0,1.0,1.0,5.75,E:\FPTU\PRJ\VN-AV-DF-Capstone\data\clips\tier1\300-400\tier1_v3_clips_300_400\okygVjgD02Y_clip0038_t00290.mp4,tier1,1,1.0,0.0549590140581131,True,9,0.880794107913971,139,0.7707098699128339
okygVjgD02Y_clip0049_t00432,okygVjgD02Y,432.514,435.038,2.524,1.0,1.0,5.02,E:\FPTU\PRJ\VN-AV-DF-Capstone\data\clips\tier1\300-400\tier1_v3_clips_300_400\okygVjgD02Y_clip0049_t00432.mp4,tier1,1,1.0,0.0547921434044837,True,9,0.9714503884315492,139,0.7862461055572586
qwnzKjjauR8_clip0019_t00121,qwnzKjjauR8,121.634,123.71,2.076,1.0,1.0,4.18,E:\FPTU\PRJ\VN-AV-DF-Capstone\data\clips\tier1\300-400\tier1_v3_clips_300_400\qwnzKjjauR8_clip0019_t00121.mp4,tier1,1,1.0,0.0608682297170162,True,9,0.9637211561203004,139,0.8017019514268535
qwnzKjjauR8_clip0023_t00169,qwnzKjjauR8,169.858,172.542,2.684,1.0,1.0,5.48,E:\FPTU\PRJ\VN-AV-DF-Capstone\data\clips\tier1\300-400\tier1_v3_clips_300_400\qwnzKjjauR8_clip0023_t00169.mp4,tier1,1,1.0,0.0199405085295438,True,9,0.8195140361785889,139,0.6629574785306439
qwnzKjjauR8_clip0030_t00218,qwnzKjjauR8,218.754,221.342,2.588,1.0,1.0,3.92,E:\FPTU\PRJ\VN-AV-DF-Capstone\data\clips\tier1\300-400\tier1_v3_clips_300_400\qwnzKjjauR8_clip0030_t00218.mp4,tier1,1,1.0,0.0592110306024551,True,9,0.8887203931808472,139,0.7838790624715086
qwnzKjjauR8_clip0042_t00316,qwnzKjjauR8,316.642,326.974,10.332,1.0,1.0,6.41,E:\FPTU\PRJ\VN-AV-DF-Capstone\data\clips\tier1\300-400\tier1_v3_clips_300_400\qwnzKjjauR8_clip0042_t00316.mp4,tier1,1,1.0,0.0589697174727916,True,9,0.8553371429443359,139,0.7773198974247418
qwnzKjjauR8_clip0054_t00415,qwnzKjjauR8,415.874,421.662,5.788,1.0,1.0,1.23,E:\FPTU\PRJ\VN-AV-DF-Capstone\data\clips\tier1\300-400\tier1_v3_clips_300_400\qwnzKjjauR8_clip0054_t00415.mp4,tier1,1,1.0,0.0594712309539318,True,9,0.8709061741828918,139,0.7814556636321106
qwnzKjjauR8_clip0067_t00519,qwnzKjjauR8,519.33,522.75,3.42,1.0,1.0,0.39,E:\FPTU\PRJ\VN-AV-DF-Capstone\data\clips\tier1\300-400\tier1_v3_clips_300_400\qwnzKjjauR8_clip0067_t00519.mp4,tier1,1,1.0,0.0200437102466821,True,9,0.9343537092208862,139,0.6835089862789608
7635520940717395221_clip0000_t00049,7635520940717395221,49.154,51.262,2.108,1.0,1.0,12.61,E:\FPTU\PRJ\VN-AV-DF-Capstone\data\clips\tier3\tier3_v3_clips_0_1262-001\7635520940717395221_clip0000_t00049.mp4,tier3,1,1.0,0.0767537727952003,True,9,0.891094446182251,140,0.8328598490075897
7635520940717395221_clip0001_t00056,7635520940717395221,56.418,58.558,2.14,1.0,1.0,15.25,E:\FPTU\PRJ\VN-AV-DF-Capstone\data\clips\tier3\tier3_v3_clips_0_1262-001\7635520940717395221_clip0001_t00056.mp4,tier3,1,1.0,0.0427372045814991,True,9,0.8440728783607483,140,0.7303972280483045
7635520940717395221_clip0002_t00063,7635520940717395221,63.458,65.758,2.3,1.0,1.0,11.1,E:\FPTU\PRJ\VN-AV-DF-Capstone\data\clips\tier3\tier3_v3_clips_0_1262-001\7635520940717395221_clip0002_t00063.mp4,tier3,1,1.0,0.07122752815485,True,9,0.951836884021759,140,0.8282813469537162
7641475225837784338_clip0000_t00000,7641475225837784338,0.29,7.23,6.94,1.0,1.0,18.65,E:\FPTU\PRJ\VN-AV-DF-Capstone\data\clips\tier3\tier3_v3_clips_0_1262-001\7641475225837784338_clip0000_t00000.mp4,tier3,1,1.0,0.0108912773430347,True,9,0.8747945427894592,141,0.6476627714751346
7641475225837784338_clip0001_t00007,7641475225837784338,7.714,12.734,5.02,1.0,1.0,19.08,E:\FPTU\PRJ\VN-AV-DF-Capstone\data\clips\tier3\tier3_v3_clips_0_1262-001\7641475225837784338_clip0001_t00007.mp4,tier3,1,1.0,0.0110911084339022,True,9,0.8775126338005066,141,0.6486956072148992
7642901099434757394_clip0005_t00031,7642901099434757394,31.266,34.462,3.196,1.0,1.0,16.35,E:\FPTU\PRJ\VN-AV-DF-Capstone\data\clips\tier3\tier3_v3_clips_0_1262-001\7642901099434757394_clip0005_t00031.mp4,tier3,1,1.0,0.010279169306159,True,9,0.8746109008789062,141,0.645935926015916
g6hBKVh_7Pk_clip0075_t00761,g6hBKVh_7Pk,761.73,764.638,2.908,1.0,1.0,5.82,E:\FPTU\PRJ\VN-AV-DF-Capstone\data\clips\tier1\100-300\tier1_v3_clips_100_300\g6hBKVh_7Pk_clip0075_t00761.mp4,tier1,1,1.0,0.0579930134117603,True,9,0.4474250972270965,142,0.7026317056367133
g6hBKVh_7Pk_clip0077_t00777,g6hBKVh_7Pk,777.154,782.174,5.02,1.0,1.0,5.56,E:\FPTU\PRJ\VN-AV-DF-Capstone\data\clips\tier1\100-300\tier1_v3_clips_100_300\g6hBKVh_7Pk_clip0077_t00777.mp4,tier1,1,1.0,0.0694769397377967,True,9,0.9279971718788148,142,0.8192283583691435
g6hBKVh_7Pk_clip0078_t00782,g6hBKVh_7Pk,782.722,785.758,3.036,1.0,1.0,5.12,E:\FPTU\PRJ\VN-AV-DF-Capstone\data\clips\tier1\100-300\tier1_v3_clips_100_300\g6hBKVh_7Pk_clip0078_t00782.mp4,tier1,1,1.0,0.0747524499893188,True,9,0.897375762462616,142,0.8284282528480206
7633306425007099143_clip0000_t00000,7633306425007099143,0.13,2.206,2.076,1.0,1.0,-1.7,E:\FPTU\PRJ\VN-AV-DF-Capstone\data\clips\tier3\tier3_v3_clips_0_1262-001\7633306425007099143_clip0000_t00000.mp4,tier3,1,1.0,0.0369936414062976,True,9,0.9997682571411132,143,0.7419735459573169
7633306425007099143_clip0001_t00002,7633306425007099143,2.786,5.278,2.492,1.0,1.0,-1.97,E:\FPTU\PRJ\VN-AV-DF-Capstone\data\clips\tier3\tier3_v3_clips_0_1262-001\7633306425007099143_clip0001_t00002.mp4,tier3,1,1.0,0.0280012693256139,True,9,0.7487390041351318,143,0.6727815728720781
7633306425007099143_clip0002_t00007,7633306425007099143,7.042,11.39,4.348,1.0,1.0,1.81,E:\FPTU\PRJ\VN-AV-DF-Capstone\data\clips\tier3\tier3_v3_clips_0_1262-001\7633306425007099143_clip0002_t00007.mp4,tier3,1,1.0,0.0289726350456476,True,9,0.5814393758773804,143,0.6459470445931882
7633306425007099143_clip0003_t00013,7633306425007099143,13.762,20.19,6.428,1.0,1.0,-8.38,E:\FPTU\PRJ\VN-AV-DF-Capstone\data\clips\tier3\tier3_v3_clips_0_1262-001\7633306425007099143_clip0003_t00013.mp4,tier3,1,1.0,0.0364270731806755,True,9,0.6265603303909302,143,0.6745449488762197
7633306425007099143_clip0004_t00024,7633306425007099143,24.898,30.43,5.532,1.0,1.0,-3.53,E:\FPTU\PRJ\VN-AV-DF-Capstone\data\clips\tier3\tier3_v3_clips_0_1262-001\7633306425007099143_clip0004_t00024.mp4,tier3,1,1.0,0.0365588143467903,True,9,0.6538044810295105,143,0.6797174261895995
7633306425007099143_clip0005_t00030,7633306425007099143,30.594,35.838,5.244,1.0,1.0,-0.07,E:\FPTU\PRJ\VN-AV-DF-Capstone\data\clips\tier3\tier3_v3_clips_0_1262-001\7633306425007099143_clip0005_t00030.mp4,tier3,1,1.0,0.027552418410778,True,9,0.4086676836013794,143,0.6115264773563688
7633306425007099143_clip0006_t00037,7633306425007099143,37.41,45.278,7.868,1.0,1.0,-5.25,E:\FPTU\PRJ\VN-AV-DF-Capstone\data\clips\tier3\tier3_v3_clips_0_1262-001\7633306425007099143_clip0006_t00037.mp4,tier3,1,1.0,0.0235736761242151,True,9,0.7736940383911133,143,0.6649289346386601
7633306425007099143_clip0008_t00051,7633306425007099143,51.266,53.982,2.716,1.0,1.0,-2.79,E:\FPTU\PRJ\VN-AV-DF-Capstone\data\clips\tier3\tier3_v3_clips_0_1262-001\7633306425007099143_clip0008_t00051.mp4,tier3,1,1.0,0.0104508074000477,True,9,0.7704288959503174,143,0.6280259950611361
7633306425007099143_clip0009_t00055,7633306425007099143,55.234,58.878,3.644,1.0,1.0,-1.71,E:\FPTU\PRJ\VN-AV-DF-Capstone\data\clips\tier3\tier3_v3_clips_0_1262-001\7633306425007099143_clip0009_t00055.mp4,tier3,1,1.0,0.0300763379782438,True,9,0.8317447304725647,143,0.6931738492889208
7633306425007099143_clip0010_t00061,7633306425007099143,61.378,65.95,4.572,1.0,1.0,6.72,E:\FPTU\PRJ\VN-AV-DF-Capstone\data\clips\tier3\tier3_v3_clips_0_1262-001\7633306425007099143_clip0010_t00061.mp4,tier3,1,1.0,0.0281637106090784,True,9,0.6247839331626892,143,0.6513568187017595
FufWLL1IIrQ_clip0021_t00132,FufWLL1IIrQ,132.674,136.126,3.452,1.0,1.0,2.01,E:\FPTU\PRJ\VN-AV-DF-Capstone\data\clips\tier2\tier2_v3_clips_0_999-001\FufWLL1IIrQ_clip0021_t00132.mp4,tier2,1,1.0,0.0462576001882553,True,9,0.7031376361846924,144,0.7152714655022545
FufWLL1IIrQ_clip0022_t00136,FufWLL1IIrQ,136.994,143.646,6.652,1.0,1.0,1.24,E:\FPTU\PRJ\VN-AV-DF-Capstone\data\clips\tier2\tier2_v3_clips_0_999-001\FufWLL1IIrQ_clip0022_t00136.mp4,tier2,1,1.0,0.0260146781802177,True,9,0.9865838289260864,144,0.70925490547009
FufWLL1IIrQ_clip0023_t00144,FufWLL1IIrQ,144.994,149.886,4.892,1.0,1.0,2.07,E:\FPTU\PRJ\VN-AV-DF-Capstone\data\clips\tier2\tier2_v3_clips_0_999-001\FufWLL1IIrQ_clip0023_t00144.mp4,tier2,1,1.0,0.0283927619457244,True,9,0.7104557156562805,144,0.667109428686532
FufWLL1IIrQ_clip0024_t00150,FufWLL1IIrQ,150.722,157.31,6.588,1.0,1.0,1.96,E:\FPTU\PRJ\VN-AV-DF-Capstone\data\clips\tier2\tier2_v3_clips_0_999-001\FufWLL1IIrQ_clip0024_t00150.mp4,tier2,1,1.0,0.0354246795177459,True,9,0.5159958600997925,144,0.6522587446530039
FufWLL1IIrQ_clip0025_t00157,FufWLL1IIrQ,157.73,165.118,7.388,1.0,1.0,1.6,E:\FPTU\PRJ\VN-AV-DF-Capstone\data\clips\tier2\tier2_v3_clips_0_999-001\FufWLL1IIrQ_clip0025_t00157.mp4,tier2,1,1.0,0.0482250191271305,True,9,0.8568830490112305,144,0.7478492199630549
FufWLL1IIrQ_clip0026_t00165,FufWLL1IIrQ,165.954,171.39,5.436,1.0,1.0,1.56,E:\FPTU\PRJ\VN-AV-DF-Capstone\data\clips\tier2\tier2_v3_clips_0_999-001\FufWLL1IIrQ_clip0026_t00165.mp4,tier2,1,1.0,0.0375609546899795,True,9,0.4304662346839905,144,0.6430789203546298
FufWLL1IIrQ_clip0027_t00171,FufWLL1IIrQ,171.554,175.134,3.58,1.0,1.0,2.18,E:\FPTU\PRJ\VN-AV-DF-Capstone\data\clips\tier2\tier2_v3_clips_0_999-001\FufWLL1IIrQ_clip0027_t00171.mp4,tier2,1,1.0,0.0272616986185312,True,9,0.7068566083908081,144,0.6633432815074515
FufWLL1IIrQ_clip0028_t00175,FufWLL1IIrQ,175.394,178.558,3.164,1.0,1.0,1.16,E:\FPTU\PRJ\VN-AV-DF-Capstone\data\clips\tier2\tier2_v3_clips_0_999-001\FufWLL1IIrQ_clip0028_t00175.mp4,tier2,1,1.0,0.0255185328423976,True,9,0.9847072958946228,144,0.7075503225752993
FufWLL1IIrQ_clip0029_t00179,FufWLL1IIrQ,179.394,182.366,2.972,1.0,1.0,2.28,E:\FPTU\PRJ\VN-AV-DF-Capstone\data\clips\tier2\tier2_v3_clips_0_999-001\FufWLL1IIrQ_clip0029_t00179.mp4,tier2,1,1.0,0.0255908425897359,True,9,0.9860039949417114,144,0.7079793197318398
FufWLL1IIrQ_clip0030_t00182,FufWLL1IIrQ,182.658,186.878,4.22,1.0,1.0,1.04,E:\FPTU\PRJ\VN-AV-DF-Capstone\data\clips\tier2\tier2_v3_clips_0_999-001\FufWLL1IIrQ_clip0030_t00182.mp4,tier2,1,1.0,0.0256736818701028,True,9,0.9874212741851808,144,0.7084587436101398
FufWLL1IIrQ_clip0031_t00187,FufWLL1IIrQ,187.33,191.326,3.996,1.0,1.0,1.51,E:\FPTU\PRJ\VN-AV-DF-Capstone\data\clips\tier2\tier2_v3_clips_0_999-001\FufWLL1IIrQ_clip0031_t00187.mp4,tier2,1,1.0,0.0252780690789222,True,9,0.9879885911941528,144,0.7074637226629658
FufWLL1IIrQ_clip0032_t00192,FufWLL1IIrQ,192.13,195.614,3.484,1.0,1.0,1.91,E:\FPTU\PRJ\VN-AV-DF-Capstone\data\clips\tier2\tier2_v3_clips_0_999-001\FufWLL1IIrQ_clip0032_t00192.mp4,tier2,1,1.0,0.0288408771157264,True,9,0.8966541290283203,144,0.701208445072374
FufWLL1IIrQ_clip0033_t00200,FufWLL1IIrQ,200.674,203.006,2.332,1.0,1.0,2.87,E:\FPTU\PRJ\VN-AV-DF-Capstone\data\clips\tier2\tier2_v3_clips_0_999-001\FufWLL1IIrQ_clip0033_t00200.mp4,tier2,1,1.0,0.027389945462346,True,9,0.8310024738311768,144,0.6856063884465209
FufWLL1IIrQ_clip0034_t00203,FufWLL1IIrQ,203.106,205.214,2.108,1.0,1.0,0.71,E:\FPTU\PRJ\VN-AV-DF-Capstone\data\clips\tier2\tier2_v3_clips_0_999-001\FufWLL1IIrQ_clip0034_t00203.mp4,tier2,1,1.0,0.0253897774964571,True,9,0.9883244037628174,144,0.7078322150546031
7585912099348434196_clip0009_t00108,7585912099348434196,108.13,110.206,2.076,1.0,1.0,4.35,E:\FPTU\PRJ\VN-AV-DF-Capstone\data\clips\tier3\tier3_v3_clips_0_1262-001\7585912099348434196_clip0009_t00108.mp4,tier3,1,1.0,0.0188512206077575,True,9,0.8916909694671631,145,0.6726792165201709
7585912099348434196_clip0010_t00110,7585912099348434196,110.402,115.402,5.0,1.0,1.0,3.52,E:\FPTU\PRJ\VN-AV-DF-Capstone\data\clips\tier3\tier3_v3_clips_0_1262-001\7585912099348434196_clip0010_t00110.mp4,tier3,1,1.0,0.0192818325012922,True,9,0.7646820545196533,145,0.6514578988509103
7585912099348434196_clip0012_t00118,7585912099348434196,118.402,123.402,5.0,1.0,1.0,2.03,E:\FPTU\PRJ\VN-AV-DF-Capstone\data\clips\tier3\tier3_v3_clips_0_1262-001\7585912099348434196_clip0012_t00118.mp4,tier3,1,1.0,0.0201284848153591,True,9,0.7981414794921875,145,0.6597062070173907
7585912099348434196_clip0013_t00122,7585912099348434196,122.402,127.402,5.0,1.0,1.0,4.78,E:\FPTU\PRJ\VN-AV-DF-Capstone\data\clips\tier3\tier3_v3_clips_0_1262-001\7585912099348434196_clip0013_t00122.mp4,tier3,1,0.8888888888888888,0.0385826714336872,True,9,0.7814461588859558,145,0.6555572896220088
7585912099348434196_clip0014_t00126,7585912099348434196,126.402,129.822,3.42,1.0,1.0,4.7,E:\FPTU\PRJ\VN-AV-DF-Capstone\data\clips\tier3\tier3_v3_clips_0_1262-001\7585912099348434196_clip0014_t00126.mp4,tier3,1,1.0,0.0178986974060535,True,9,0.7799241542816162,145,0.6503188852454638
7585912099348434196_clip0015_t00141,7585912099348434196,141.026,148.382,7.356,1.0,1.0,5.64,E:\FPTU\PRJ\VN-AV-DF-Capstone\data\clips\tier3\tier3_v3_clips_0_1262-001\7585912099348434196_clip0015_t00141.mp4,tier3,1,1.0,0.0175826549530029,True,9,0.4698246717453003,145,0.5947205781247871
0-fu0N-npmg_clip0018_t00237,0-fu0N-npmg,237.154,242.154,5.0,1.0,1.0,3.26,E:\FPTU\PRJ\VN-AV-DF-Capstone\data\clips\tier1\0-100\tier1_v3_clips_0_100\0-fu0N-npmg_clip0018_t00237.mp4,tier1,1,1.0,0.0537365078926086,True,9,0.9638038277626038,148,0.7819745012469644
0-fu0N-npmg_clip0019_t00241,0-fu0N-npmg,241.154,246.154,5.0,1.0,1.0,2.45,E:\FPTU\PRJ\VN-AV-DF-Capstone\data\clips\tier1\0-100\tier1_v3_clips_0_100\0-fu0N-npmg_clip0019_t00241.mp4,tier1,1,1.0,0.0536512173712253,True,9,0.9529340267181396,148,0.7798201997583694
0-fu0N-npmg_clip0020_t00245,0-fu0N-npmg,245.154,250.154,5.0,1.0,1.0,2.34,E:\FPTU\PRJ\VN-AV-DF-Capstone\data\clips\tier1\0-100\tier1_v3_clips_0_100\0-fu0N-npmg_clip0020_t00245.mp4,tier1,1,1.0,0.0531995147466659,True,9,0.9577635526657104,148,0.779422065398439
0-fu0N-npmg_clip0021_t00250,0-fu0N-npmg,250.978,255.166,4.188,1.0,1.0,2.72,E:\FPTU\PRJ\VN-AV-DF-Capstone\data\clips\tier1\0-100\tier1_v3_clips_0_100\0-fu0N-npmg_clip0021_t00250.mp4,tier1,1,1.0,0.0531064607203006,True,9,0.9570967555046082,148,0.7790468030648628
0-fu0N-npmg_clip0022_t00256,0-fu0N-npmg,256.45,259.358,2.908,1.0,1.0,3.29,E:\FPTU\PRJ\VN-AV-DF-Capstone\data\clips\tier1\0-100\tier1_v3_clips_0_100\0-fu0N-npmg_clip0022_t00256.mp4,tier1,1,1.0,0.0536703057587146,True,9,0.9637930393218994,148,0.7817893365930295
0-fu0N-npmg_clip0023_t00260,0-fu0N-npmg,260.29,267.134,6.844,1.0,1.0,2.48,E:\FPTU\PRJ\VN-AV-DF-Capstone\data\clips\tier1\0-100\tier1_v3_clips_0_100\0-fu0N-npmg_clip0023_t00260.mp4,tier1,1,1.0,0.0543300658464431,True,9,0.9494025111198424,148,0.7810761801329691
0-fu0N-npmg_clip0038_t00457,0-fu0N-npmg,457.09,462.974,5.884,1.0,1.0,3.17,E:\FPTU\PRJ\VN-AV-DF-Capstone\data\clips\tier1\0-100\tier1_v3_clips_0_100\0-fu0N-npmg_clip0038_t00457.mp4,tier1,1,1.0,0.0508307330310344,True,9,0.946979522705078,148,0.7709617374377875
0-fu0N-npmg_clip0039_t00483,0-fu0N-npmg,483.682,485.854,2.172,1.0,1.0,2.75,E:\FPTU\PRJ\VN-AV-DF-Capstone\data\clips\tier1\0-100\tier1_v3_clips_0_100\0-fu0N-npmg_clip0039_t00483.mp4,tier1,1,1.0,0.0509201437234878,True,9,0.9512293338775636,148,0.7719592108811278
0-fu0N-npmg_clip0040_t00485,0-fu0N-npmg,485.986,488.126,2.14,1.0,1.0,3.23,E:\FPTU\PRJ\VN-AV-DF-Capstone\data\clips\tier1\0-100\tier1_v3_clips_0_100\0-fu0N-npmg_clip0040_t00485.mp4,tier1,1,1.0,0.0478061027824878,True,9,0.7423055171966553,148,0.726470010892358
2cg60JADoVY_clip0000_t00013,2cg60JADoVY,13.346,15.358,2.012,1.0,1.0,13.76,E:\FPTU\PRJ\VN-AV-DF-Capstone\data\clips\tier1\0-100\tier1_v3_clips_0_100\2cg60JADoVY_clip0000_t00013.mp4,tier1,1,1.0,0.0327344350516796,True,9,0.9453628063201904,149,0.7205822448728325
2cg60JADoVY_clip0012_t00076,2cg60JADoVY,76.002,81.002,5.0,1.0,1.0,5.28,E:\FPTU\PRJ\VN-AV-DF-Capstone\data\clips\tier1\0-100\tier1_v3_clips_0_100\2cg60JADoVY_clip0012_t00076.mp4,tier1,1,1.0,0.0338527634739875,True,9,0.9289728999137878,149,0.7207856662748997
2cg60JADoVY_clip0023_t00142,2cg60JADoVY,142.914,153.278,10.364,1.0,1.0,5.23,E:\FPTU\PRJ\VN-AV-DF-Capstone\data\clips\tier1\0-100\tier1_v3_clips_0_100\2cg60JADoVY_clip0023_t00142.mp4,tier1,1,1.0,0.0338039100170135,True,9,0.9103028178215028,149,0.7173557097185448
2cg60JADoVY_clip0032_t00205,2cg60JADoVY,205.634,215.678,10.044,1.0,1.0,5.42,E:\FPTU\PRJ\VN-AV-DF-Capstone\data\clips\tier1\0-100\tier1_v3_clips_0_100\2cg60JADoVY_clip0032_t00205.mp4,tier1,1,1.0,0.0336602739989757,True,9,0.9060444235801696,149,0.7162066150169539
2cg60JADoVY_clip0043_t00267,2cg60JADoVY,267.106,269.47,2.364,1.0,1.0,6.18,E:\FPTU\PRJ\VN-AV-DF-Capstone\data\clips\tier1\0-100\tier1_v3_clips_0_100\2cg60JADoVY_clip0043_t00267.mp4,tier1,1,1.0,0.0325163714587688,True,9,0.925492823123932,149,0.7164721333998996
2cg60JADoVY_clip0058_t00333,2cg60JADoVY,333.186,337.31,4.124,1.0,1.0,2.06,E:\FPTU\PRJ\VN-AV-DF-Capstone\data\clips\tier1\0-100\tier1_v3_clips_0_100\2cg60JADoVY_clip0058_t00333.mp4,tier1,1,1.0,0.0335084833204746,True,9,0.9224272966384888,149,0.718677523158626
2cg60JADoVY_clip0069_t00397,2cg60JADoVY,397.474,402.474,5.0,1.0,1.0,7.51,E:\FPTU\PRJ\VN-AV-DF-Capstone\data\clips\tier1\0-100\tier1_v3_clips_0_100\2cg60JADoVY_clip0069_t00397.mp4,tier1,1,1.0,0.0330282784998416,True,9,0.9110924601554872,149,0.7153479544452215
2cg60JADoVY_clip0092_t00519,2cg60JADoVY,519.522,524.522,5.0,1.0,1.0,6.45,E:\FPTU\PRJ\VN-AV-DF-Capstone\data\clips\tier1\0-100\tier1_v3_clips_0_100\2cg60JADoVY_clip0092_t00519.mp4,tier1,1,1.0,0.0332471393048763,True,9,0.9191985726356506,149,0.7173842955763382
2cg60JADoVY_clip0115_t00643,2cg60JADoVY,643.874,648.126,4.252,1.0,1.0,7.6,E:\FPTU\PRJ\VN-AV-DF-Capstone\data\clips\tier1\0-100\tier1_v3_clips_0_100\2cg60JADoVY_clip0115_t00643.mp4,tier1,1,1.0,0.033007051795721,True,9,0.925058126449585,149,0.7177537240082391
2cg60JADoVY_clip0125_t00706,2cg60JADoVY,706.21,711.21,5.0,1.0,1.0,7.6,E:\FPTU\PRJ\VN-AV-DF-Capstone\data\clips\tier1\0-100\tier1_v3_clips_0_100\2cg60JADoVY_clip0125_t00706.mp4,tier1,1,1.0,0.0325476974248886,True,9,0.9221155643463136,149,0.7159628631266823
2cg60JADoVY_clip0140_t00772,2cg60JADoVY,772.45,776.766,4.316,1.0,1.0,7.37,E:\FPTU\PRJ\VN-AV-DF-Capstone\data\clips\tier1\0-100\tier1_v3_clips_0_100\2cg60JADoVY_clip0140_t00772.mp4,tier1,1,1.0,0.0324118882417678,True,9,0.9182446599006652,149,0.7149038152293036
2cg60JADoVY_clip0152_t00835,2cg60JADoVY,835.842,843.838,7.996,1.0,1.0,6.77,E:\FPTU\PRJ\VN-AV-DF-Capstone\data\clips\tier1\0-100\tier1_v3_clips_0_100\2cg60JADoVY_clip0152_t00835.mp4,tier1,1,1.0,0.0333198644220829,True,9,0.9211406707763672,149,0.7179283365178514
2cg60JADoVY_clip0163_t00898,2cg60JADoVY,898.946,902.142,3.196,1.0,1.0,8.23,E:\FPTU\PRJ\VN-AV-DF-Capstone\data\clips\tier1\0-100\tier1_v3_clips_0_100\2cg60JADoVY_clip0163_t00898.mp4,tier1,1,1.0,0.0344131253659725,True,9,0.8977545499801636,149,0.7168277400329829
2cg60JADoVY_clip0174_t00962,2cg60JADoVY,962.85,967.85,5.0,1.0,1.0,7.15,E:\FPTU\PRJ\VN-AV-DF-Capstone\data\clips\tier1\0-100\tier1_v3_clips_0_100\2cg60JADoVY_clip0174_t00962.mp4,tier1,1,1.0,0.0322419479489326,True,9,0.9167018532752992,149,0.7141611263526196
2cg60JADoVY_clip0183_t01029,2cg60JADoVY,1029.442,1032.414,2.972,1.0,1.0,8.35,E:\FPTU\PRJ\VN-AV-DF-Capstone\data\clips\tier1\0-100\tier1_v3_clips_0_100\2cg60JADoVY_clip0183_t01029.mp4,tier1,1,1.0,0.0343225076794624,True,9,0.9344660639762878,149,0.7230553945349221
vE8wJ17uidE_clip0000_t00013,vE8wJ17uidE,13.538,15.806,2.268,1.0,1.0,6.11,E:\FPTU\PRJ\VN-AV-DF-Capstone\data\clips\tier1\400-440\tier1_v3_clips_400_440\vE8wJ17uidE_clip0000_t00013.mp4,tier1,1,1.0,0.032770961523056,True,9,0.9303714036941528,149,0.7180378158465466
vE8wJ17uidE_clip0011_t00070,vE8wJ17uidE,70.274,75.274,5.0,1.0,1.0,3.75,E:\FPTU\PRJ\VN-AV-DF-Capstone\data\clips\tier1\400-440\tier1_v3_clips_400_440\vE8wJ17uidE_clip0011_t00070.mp4,tier1,1,1.0,0.031743798404932,True,9,0.9298708438873292,149,0.7151060878200055
vE8wJ17uidE_clip0020_t00125,vE8wJ17uidE,125.058,130.014,4.956,1.0,1.0,5.33,E:\FPTU\PRJ\VN-AV-DF-Capstone\data\clips\tier1\400-440\tier1_v3_clips_400_440\vE8wJ17uidE_clip0020_t00125.mp4,tier1,1,1.0,0.032086044549942,True,9,0.935684621334076,149,0.717079454657512
vE8wJ17uidE_clip0030_t00184,vE8wJ17uidE,184.93,193.278,8.348,1.0,1.0,6.02,E:\FPTU\PRJ\VN-AV-DF-Capstone\data\clips\tier1\400-440\tier1_v3_clips_400_440\vE8wJ17uidE_clip0030_t00184.mp4,tier1,1,1.0,0.033234279602766,True,9,0.9295530319213868,149,0.7191759548574566
vE8wJ17uidE_clip0040_t00237,vE8wJ17uidE,237.09,242.09,5.0,1.0,1.0,6.2,E:\FPTU\PRJ\VN-AV-DF-Capstone\data\clips\tier1\400-440\tier1_v3_clips_400_440\vE8wJ17uidE_clip0040_t00237.mp4,tier1,1,1.0,0.0320456102490425,True,9,0.9199729561805724,149,0.714194877594626
vE8wJ17uidE_clip0049_t00296,vE8wJ17uidE,296.162,300.414,4.252,1.0,1.0,5.66,E:\FPTU\PRJ\VN-AV-DF-Capstone\data\clips\tier1\400-440\tier1_v3_clips_400_440\vE8wJ17uidE_clip0049_t00296.mp4,tier1,1,1.0,0.0333076305687427,True,9,0.9478622078895568,149,0.7226100361260477
vE8wJ17uidE_clip0058_t00350,vE8wJ17uidE,350.178,352.414,2.236,1.0,1.0,-13.71,E:\FPTU\PRJ\VN-AV-DF-Capstone\data\clips\tier1\400-440\tier1_v3_clips_400_440\vE8wJ17uidE_clip0058_t00350.mp4,tier1,1,1.0,0.0338435620069503,True,9,0.93526691198349,149,0.721870902777195
vE8wJ17uidE_clip0067_t00403,vE8wJ17uidE,403.234,410.942,7.708,1.0,1.0,4.9,E:\FPTU\PRJ\VN-AV-DF-Capstone\data\clips\tier1\400-440\tier1_v3_clips_400_440\vE8wJ17uidE_clip0067_t00403.mp4,tier1,1,1.0,0.0343385599553585,True,9,0.9130973815917968,149,0.7193288865104717
vE8wJ17uidE_clip0078_t00464,vE8wJ17uidE,464.034,469.034,5.0,1.0,1.0,3.21,E:\FPTU\PRJ\VN-AV-DF-Capstone\data\clips\tier1\400-440\tier1_v3_clips_400_440\vE8wJ17uidE_clip0078_t00464.mp4,tier1,1,1.0,0.0363388918340206,True,9,0.9396476745605468,149,0.7295515529812505
vE8wJ17uidE_clip0084_t00503,vE8wJ17uidE,503.394,507.966,4.572,1.0,1.0,5.06,E:\FPTU\PRJ\VN-AV-DF-Capstone\data\clips\tier1\400-440\tier1_v3_clips_400_440\vE8wJ17uidE_clip0084_t00503.mp4,tier1,1,1.0,0.0349708981812,True,9,0.8897601366043091,149,0.7169609884517556
vE8wJ17uidE_clip0089_t00539,vE8wJ17uidE,539.042,550.622,11.58,1.0,1.0,4.74,E:\FPTU\PRJ\VN-AV-DF-Capstone\data\clips\tier1\400-440\tier1_v3_clips_400_440\vE8wJ17uidE_clip0089_t00539.mp4,tier1,1,1.0,0.0351244509220123,True,9,0.9303083419799804,149,0.7245416189528038
vE8wJ17uidE_clip0095_t00578,vE8wJ17uidE,578.146,583.146,5.0,1.0,1.0,3.38,E:\FPTU\PRJ\VN-AV-DF-Capstone\data\clips\tier1\400-440\tier1_v3_clips_400_440\vE8wJ17uidE_clip0095_t00578.mp4,tier1,1,1.0,0.0358105860650539,True,9,0.931390106678009,149,0.7266318785759498
vE8wJ17uidE_clip0101_t00612,vE8wJ17uidE,612.706,616.254,3.548,1.0,1.0,6.48,E:\FPTU\PRJ\VN-AV-DF-Capstone\data\clips\tier1\400-440\tier1_v3_clips_400_440\vE8wJ17uidE_clip0101_t00612.mp4,tier1,1,1.0,0.0356143787503242,True,9,0.9391905665397644,149,0.7274652890367221
vE8wJ17uidE_clip0113_t00683,vE8wJ17uidE,683.458,686.43,2.972,1.0,1.0,5.76,E:\FPTU\PRJ\VN-AV-DF-Capstone\data\clips\tier1\400-440\tier1_v3_clips_400_440\vE8wJ17uidE_clip0113_t00683.mp4,tier1,1,1.0,0.0349760130047798,True,9,0.9307252168655396,149,0.724204279122171
vE8wJ17uidE_clip0125_t00756,vE8wJ17uidE,756.066,761.086,5.02,1.0,1.0,4.9,E:\FPTU\PRJ\VN-AV-DF-Capstone\data\clips\tier1\400-440\tier1_v3_clips_400_440\vE8wJ17uidE_clip0125_t00756.mp4,tier1,1,1.0,0.0351821333169937,True,9,0.9251058101654052,149,0.7237832015650832
7625284777838513428_clip0000_t00000,7625284777838513428,0.194,5.374,5.18,1.0,1.0,10.69,E:\FPTU\PRJ\VN-AV-DF-Capstone\data\clips\tier3\tier3_v3_clips_0_1262-001\7625284777838513428_clip0000_t00000.mp4,tier3,1,1.0,0.0121796363964676,True,9,0.3728228211402893,151,0.5626459632634628
7625284777838513428_clip0002_t00010,7625284777838513428,10.05,16.222,6.172,1.0,1.0,13.68,E:\FPTU\PRJ\VN-AV-DF-Capstone\data\clips\tier3\tier3_v3_clips_0_1262-001\7625284777838513428_clip0002_t00010.mp4,tier3,1,1.0,0.0108411647379398,True,9,0.4042500257492065,151,0.5644867819999674
cVabKjWav-Y_clip0045_t00577,cVabKjWav-Y,577.858,580.798,2.94,1.0,1.0,18.59,E:\FPTU\PRJ\VN-AV-DF-Capstone\data\clips\tier2\tier2_v3_clips_0_999-001\cVabKjWav-Y_clip0045_t00577.mp4,tier2,1,1.0,0.0295309852808713,True,9,0.5173579454421997,152,0.636184182533734
cVabKjWav-Y_clip0046_t00585,cVabKjWav-Y,585.474,591.774,6.3,1.0,1.0,18.59,E:\FPTU\PRJ\VN-AV-DF-Capstone\data\clips\tier2\tier2_v3_clips_0_999-001\cVabKjWav-Y_clip0046_t00585.mp4,tier2,1,1.0,0.0626366436481475,True,9,0.3074322342872619,152,0.6907815845034319
FufWLL1IIrQ_clip0009_t00066,FufWLL1IIrQ,66.338,72.734,6.396,1.0,1.0,1.05,E:\FPTU\PRJ\VN-AV-DF-Capstone\data\clips\tier2\tier2_v3_clips_0_999-001\FufWLL1IIrQ_clip0009_t00066.mp4,tier2,1,1.0,0.0839713960886001,True,9,0.7639585137367249,153,0.8304039280463652
FufWLL1IIrQ_clip0010_t00073,FufWLL1IIrQ,73.122,76.638,3.516,1.0,1.0,2.27,E:\FPTU\PRJ\VN-AV-DF-Capstone\data\clips\tier2\tier2_v3_clips_0_999-001\FufWLL1IIrQ_clip0010_t00073.mp4,tier2,1,1.0,0.0299693085253238,True,9,0.9895216822624208,153,0.7207205617455393
FufWLL1IIrQ_clip0011_t00076,FufWLL1IIrQ,76.77,79.998,3.228,1.0,1.0,1.65,E:\FPTU\PRJ\VN-AV-DF-Capstone\data\clips\tier2\tier2_v3_clips_0_999-001\FufWLL1IIrQ_clip0011_t00076.mp4,tier2,1,1.0,0.0306548103690147,True,9,0.9888424277305604,153,0.7224983001694145
FufWLL1IIrQ_clip0012_t00081,FufWLL1IIrQ,81.442,86.974,5.532,1.0,1.0,1.55,E:\FPTU\PRJ\VN-AV-DF-Capstone\data\clips\tier2\tier2_v3_clips_0_999-001\FufWLL1IIrQ_clip0012_t00081.mp4,tier2,1,1.0,0.0542617216706275,True,9,0.51567143201828,153,0.7043462110539982
FufWLL1IIrQ_clip0013_t00087,FufWLL1IIrQ,87.426,91.23,3.804,1.0,1.0,1.04,E:\FPTU\PRJ\VN-AV-DF-Capstone\data\clips\tier2\tier2_v3_clips_0_999-001\FufWLL1IIrQ_clip0013_t00087.mp4,tier2,1,1.0,0.0299608018249273,True,9,0.9879936575889589,153,0.7204273620762611
FufWLL1IIrQ_clip0014_t00093,FufWLL1IIrQ,93.218,98.942,5.724,1.0,1.0,1.52,E:\FPTU\PRJ\VN-AV-DF-Capstone\data\clips\tier2\tier2_v3_clips_0_999-001\FufWLL1IIrQ_clip0014_t00093.mp4,tier2,1,1.0,0.0310279689729213,True,9,0.9877959489822388,153,0.7233466054595268
FufWLL1IIrQ_clip0015_t00099,FufWLL1IIrQ,99.778,103.006,3.228,1.0,1.0,2.76,E:\FPTU\PRJ\VN-AV-DF-Capstone\data\clips\tier2\tier2_v3_clips_0_999-001\FufWLL1IIrQ_clip0015_t00099.mp4,tier2,1,1.0,0.0394982025027275,True,9,0.7867734432220459,153,0.7113193543179382
FufWLL1IIrQ_clip0016_t00103,FufWLL1IIrQ,103.106,107.038,3.932,1.0,1.0,0.99,E:\FPTU\PRJ\VN-AV-DF-Capstone\data\clips\tier2\tier2_v3_clips_0_999-001\FufWLL1IIrQ_clip0016_t00103.mp4,tier2,1,1.0,0.0312813706696033,True,9,0.9887720942497252,153,0.7242203332123891
FufWLL1IIrQ_clip0017_t00108,FufWLL1IIrQ,108.258,110.878,2.62,1.0,1.0,2.34,E:\FPTU\PRJ\VN-AV-DF-Capstone\data\clips\tier2\tier2_v3_clips_0_999-001\FufWLL1IIrQ_clip0017_t00108.mp4,tier2,1,1.0,0.0305915940552949,True,9,0.9874367117881776,153,0.7220752371890241
FufWLL1IIrQ_clip0018_t00111,FufWLL1IIrQ,111.01,115.006,3.996,1.0,1.0,1.37,E:\FPTU\PRJ\VN-AV-DF-Capstone\data\clips\tier2\tier2_v3_clips_0_999-001\FufWLL1IIrQ_clip0018_t00111.mp4,tier2,1,1.0,0.0303334072232246,True,9,0.9876063466072084,153,0.72139045970558
FufWLL1IIrQ_clip0019_t00116,FufWLL1IIrQ,116.578,122.398,5.82,1.0,1.0,1.81,E:\FPTU\PRJ\VN-AV-DF-Capstone\data\clips\tier2\tier2_v3_clips_0_999-001\FufWLL1IIrQ_clip0019_t00116.mp4,tier2,1,1.0,0.0437003672122955,True,9,0.7248401641845703,153,0.7120223885724373
FufWLL1IIrQ_clip0020_t00122,FufWLL1IIrQ,122.626,127.742,5.116,1.0,1.0,1.39,E:\FPTU\PRJ\VN-AV-DF-Capstone\data\clips\tier2\tier2_v3_clips_0_999-001\FufWLL1IIrQ_clip0020_t00122.mp4,tier2,1,1.0,0.0323521830141544,True,9,0.9878622889518738,153,0.7270240031103464
aArTJcMMmTw_clip0051_t00655,aArTJcMMmTw,655.65,660.65,5.0,0.8,1.0,6.03,E:\FPTU\PRJ\VN-AV-DF-Capstone\data\clips\tier1\0-100\tier1_v3_clips_0_100\aArTJcMMmTw_clip0051_t00655.mp4,tier1,1,1.0,0.010061165317893,True,9,0.526748776435852,154,0.5839450134382431
aArTJcMMmTw_clip0052_t00659,aArTJcMMmTw,659.65,664.65,5.0,1.0,1.0,5.04,E:\FPTU\PRJ\VN-AV-DF-Capstone\data\clips\tier1\0-100\tier1_v3_clips_0_100\aArTJcMMmTw_clip0052_t00659.mp4,tier1,1,1.0,0.0106173390522599,True,9,0.9599797129631042,154,0.6619371323215464
0-fu0N-npmg_clip0001_t00044,0-fu0N-npmg,44.034,49.214,5.18,1.0,1.0,2.17,E:\FPTU\PRJ\VN-AV-DF-Capstone\data\clips\tier1\0-100\tier1_v3_clips_0_100\0-fu0N-npmg_clip0001_t00044.mp4,tier1,1,1.0,0.0116274245083332,True,9,0.8779920935630798,155,0.650264848440292
0-fu0N-npmg_clip0002_t00049,0-fu0N-npmg,49.314,57.854,8.54,1.0,1.0,2.21,E:\FPTU\PRJ\VN-AV-DF-Capstone\data\clips\tier1\0-100\tier1_v3_clips_0_100\0-fu0N-npmg_clip0002_t00049.mp4,tier1,1,1.0,0.0115326037630438,True,9,0.8402125835418701,155,0.6433353932042406
0-fu0N-npmg_clip0014_t00185,0-fu0N-npmg,185.57,190.57,5.0,1.0,1.0,2.78,E:\FPTU\PRJ\VN-AV-DF-Capstone\data\clips\tier1\0-100\tier1_v3_clips_0_100\0-fu0N-npmg_clip0014_t00185.mp4,tier1,1,1.0,0.0117059079930186,True,9,0.8578164577484131,155,0.6469217001787244
0-fu0N-npmg_clip0015_t00189,0-fu0N-npmg,189.57,194.57,5.0,1.0,1.0,2.61,E:\FPTU\PRJ\VN-AV-DF-Capstone\data\clips\tier1\0-100\tier1_v3_clips_0_100\0-fu0N-npmg_clip0015_t00189.mp4,tier1,1,1.0,0.0115509079769253,True,9,0.8661210536956787,155,0.6479581459152359
0-fu0N-npmg_clip0016_t00193,0-fu0N-npmg,193.57,198.57,5.0,1.0,1.0,2.11,E:\FPTU\PRJ\VN-AV-DF-Capstone\data\clips\tier1\0-100\tier1_v3_clips_0_100\0-fu0N-npmg_clip0016_t00193.mp4,tier1,1,1.0,0.0116779468953609,True,9,0.8830227255821228,155,0.6512924631528143
0-fu0N-npmg_clip0017_t00199,0-fu0N-npmg,199.49,204.286,4.796,1.0,1.0,2.05,E:\FPTU\PRJ\VN-AV-DF-Capstone\data\clips\tier1\0-100\tier1_v3_clips_0_100\0-fu0N-npmg_clip0017_t00199.mp4,tier1,1,1.0,0.0118708694353699,True,9,0.8776261806488037,155,0.6508741800569531
0-fu0N-npmg_clip0032_t00355,0-fu0N-npmg,355.298,364.702,9.404,1.0,1.0,1.87,E:\FPTU\PRJ\VN-AV-DF-Capstone\data\clips\tier1\0-100\tier1_v3_clips_0_100\0-fu0N-npmg_clip0032_t00355.mp4,tier1,1,1.0,0.0120046595111489,True,9,0.8913384675979614,155,0.6536643532188664
0-fu0N-npmg_clip0041_t00511,0-fu0N-npmg,511.65,519.806,8.156,1.0,1.0,1.89,E:\FPTU\PRJ\VN-AV-DF-Capstone\data\clips\tier1\0-100\tier1_v3_clips_0_100\0-fu0N-npmg_clip0041_t00511.mp4,tier1,1,1.0,0.0117253400385379,True,9,0.8737915754318237,155,0.6497946304007571
0-fu0N-npmg_clip0042_t00519,0-fu0N-npmg,519.906,522.814,2.908,1.0,1.0,1.84,E:\FPTU\PRJ\VN-AV-DF-Capstone\data\clips\tier1\0-100\tier1_v3_clips_0_100\0-fu0N-npmg_clip0042_t00519.mp4,tier1,1,1.0,0.0117560243234038,True,9,0.8686777949333191,155,0.6489771388153004
0-fu0N-npmg_clip0043_t00524,0-fu0N-npmg,524.386,531.518,7.132,1.0,1.0,2.04,E:\FPTU\PRJ\VN-AV-DF-Capstone\data\clips\tier1\0-100\tier1_v3_clips_0_100\0-fu0N-npmg_clip0043_t00524.mp4,tier1,1,1.0,0.0118088303133845,True,9,0.9055210947990416,155,0.6556250752079767
0-fu0N-npmg_clip0051_t00722,0-fu0N-npmg,722.338,732.766,10.428,1.0,1.0,1.74,E:\FPTU\PRJ\VN-AV-DF-Capstone\data\clips\tier1\0-100\tier1_v3_clips_0_100\0-fu0N-npmg_clip0051_t00722.mp4,tier1,1,1.0,0.0116604017093777,True,9,0.8779895305633545,155,0.6503556836662399
ztblIi_pMPE_clip0002_t00208,ztblIi_pMPE,208.354,213.406,5.052,1.0,1.0,0.84,E:\FPTU\PRJ\VN-AV-DF-Capstone\data\clips\tier1\440-9999\tier1_v3_clips_440_9999\ztblIi_pMPE_clip0002_t00208.mp4,tier1,1,1.0,0.0118782259523868,True,9,0.8507522940635681,156,0.6461520938006518
ztblIi_pMPE_clip0003_t00213,ztblIi_pMPE,213.954,218.238,4.284,1.0,1.0,3.3,E:\FPTU\PRJ\VN-AV-DF-Capstone\data\clips\tier1\440-9999\tier1_v3_clips_440_9999\ztblIi_pMPE_clip0003_t00213.mp4,tier1,1,1.0,0.0297953654080629,True,9,0.8502311706542969,156,0.6956583737200166
UnodrLYWJYI_clip0004_t00028,UnodrLYWJYI,28.706,33.706,5.0,1.0,1.0,16.01,E:\FPTU\PRJ\VN-AV-DF-Capstone\data\clips\tier2\tier2_v3_clips_0_999-001\UnodrLYWJYI_clip0004_t00028.mp4,tier2,1,1.0,0.0209198370575904,True,9,0.72383713722229,157,0.6487842980754874
UnodrLYWJYI_clip0005_t00032,UnodrLYWJYI,32.706,37.706,5.0,1.0,1.0,15.42,E:\FPTU\PRJ\VN-AV-DF-Capstone\data\clips\tier2\tier2_v3_clips_0_999-001\UnodrLYWJYI_clip0005_t00032.mp4,tier2,1,1.0,0.0197212863713502,True,9,0.3359148800373077,157,0.5770095999846933
usfv-YmWPBs_clip0054_t00878,usfv-YmWPBs,878.21,880.894,2.684,1.0,1.0,6.0,E:\FPTU\PRJ\VN-AV-DF-Capstone\data\clips\tier1\300-400\tier1_v3_clips_300_400\usfv-YmWPBs_clip0054_t00878.mp4,tier1,1,1.0,0.0625626519322395,True,9,0.8595534563064575,158,0.788009917390381
usfv-YmWPBs_clip0055_t00881,usfv-YmWPBs,881.058,886.058,5.0,1.0,1.0,9.43,E:\FPTU\PRJ\VN-AV-DF-Capstone\data\clips\tier1\300-400\tier1_v3_clips_300_400\usfv-YmWPBs_clip0055_t00881.mp4,tier1,1,1.0,0.0623722523450851,True,9,0.8316788077354431,158,0.7825637974377891
usfv-YmWPBs_clip0056_t00885,usfv-YmWPBs,885.058,890.058,5.0,1.0,1.0,9.51,E:\FPTU\PRJ\VN-AV-DF-Capstone\data\clips\tier1\300-400\tier1_v3_clips_300_400\usfv-YmWPBs_clip0056_t00885.mp4,tier1,1,1.0,0.0618637390434742,True,9,0.8138404488563538,158,0.7780081847369593
usfv-YmWPBs_clip0057_t00889,usfv-YmWPBs,889.058,894.058,5.0,1.0,1.0,9.76,E:\FPTU\PRJ\VN-AV-DF-Capstone\data\clips\tier1\300-400\tier1_v3_clips_300_400\usfv-YmWPBs_clip0057_t00889.mp4,tier1,1,1.0,0.0623893477022647,True,9,0.8660224080085754,158,0.7886717561644844
usfv-YmWPBs_clip0058_t00893,usfv-YmWPBs,893.058,898.058,5.0,1.0,1.0,7.8,E:\FPTU\PRJ\VN-AV-DF-Capstone\data\clips\tier1\300-400\tier1_v3_clips_300_400\usfv-YmWPBs_clip0058_t00893.mp4,tier1,1,1.0,0.0617178678512573,True,9,0.8105937242507935,158,0.7770314325597558
usfv-YmWPBs_clip0059_t00910,usfv-YmWPBs,910.338,916.51,6.172,1.0,1.0,11.25,E:\FPTU\PRJ\VN-AV-DF-Capstone\data\clips\tier1\300-400\tier1_v3_clips_300_400\usfv-YmWPBs_clip0059_t00910.mp4,tier1,1,1.0,0.0619368478655815,True,9,0.8117030262947083,158,0.777833372432688
qh78i88JEiU_clip0020_t00211,qh78i88JEiU,211.778,215.102,3.324,1.0,1.0,2.95,E:\FPTU\PRJ\VN-AV-DF-Capstone\data\clips\tier1\300-400\tier1_v3_clips_300_400\qh78i88JEiU_clip0020_t00211.mp4,tier1,1,1.0,0.0706201419234275,True,9,0.9042027592658995,159,0.8181939577811874
qh78i88JEiU_clip0021_t00215,qh78i88JEiU,215.266,217.438,2.172,1.0,1.0,2.7,E:\FPTU\PRJ\VN-AV-DF-Capstone\data\clips\tier1\300-400\tier1_v3_clips_300_400\qh78i88JEiU_clip0021_t00215.mp4,tier1,1,1.0,0.0721496045589447,True,9,0.912039041519165,159,0.8238106910757504
qh78i88JEiU_clip0022_t00217,qh78i88JEiU,217.73,221.694,3.964,1.0,1.0,1.77,E:\FPTU\PRJ\VN-AV-DF-Capstone\data\clips\tier1\300-400\tier1_v3_clips_300_400\qh78i88JEiU_clip0022_t00217.mp4,tier1,1,1.0,0.0712514743208885,True,9,0.8989346623420715,159,0.8190119485750744
qh78i88JEiU_clip0023_t00221,qh78i88JEiU,221.794,227.55,5.756,1.0,1.0,3.52,E:\FPTU\PRJ\VN-AV-DF-Capstone\data\clips\tier1\300-400\tier1_v3_clips_300_400\qh78i88JEiU_clip0023_t00221.mp4,tier1,1,1.0,0.070628248155117,True,9,0.8940830230712891,159,0.8164305616605885
qh78i88JEiU_clip0024_t00227,qh78i88JEiU,227.81,229.886,2.076,1.0,1.0,3.47,E:\FPTU\PRJ\VN-AV-DF-Capstone\data\clips\tier1\300-400\tier1_v3_clips_300_400\qh78i88JEiU_clip0024_t00227.mp4,tier1,1,1.0,0.0710730627179145,True,9,0.9119699001312256,159,0.8208184054825727
qh78i88JEiU_clip0025_t00231,qh78i88JEiU,231.202,238.366,7.164,1.0,1.0,4.71,E:\FPTU\PRJ\VN-AV-DF-Capstone\data\clips\tier1\300-400\tier1_v3_clips_300_400\qh78i88JEiU_clip0025_t00231.mp4,tier1,1,1.0,0.0695200860500335,True,9,0.916473388671875,159,0.8173141872314327
qh78i88JEiU_clip0026_t00239,qh78i88JEiU,239.33,241.47,2.14,1.0,1.0,4.46,E:\FPTU\PRJ\VN-AV-DF-Capstone\data\clips\tier1\300-400\tier1_v3_clips_300_400\qh78i88JEiU_clip0026_t00239.mp4,tier1,1,1.0,0.071241945028305,True,9,0.9167906641960144,159,0.8221366287287689
qh78i88JEiU_clip0027_t00241,qh78i88JEiU,241.762,245.086,3.324,1.0,1.0,2.29,E:\FPTU\PRJ\VN-AV-DF-Capstone\data\clips\tier1\300-400\tier1_v3_clips_300_400\qh78i88JEiU_clip0027_t00241.mp4,tier1,1,1.0,0.0689146891236305,True,9,0.9187145233154296,159,0.8160338212195968
qh78i88JEiU_clip0028_t00245,qh78i88JEiU,245.186,248.094,2.908,1.0,1.0,2.28,E:\FPTU\PRJ\VN-AV-DF-Capstone\data\clips\tier1\300-400\tier1_v3_clips_300_400\qh78i88JEiU_clip0028_t00245.mp4,tier1,1,1.0,0.0711954608559608,True,9,0.932539403438568,159,0.824787140475756
qh78i88JEiU_clip0029_t00248,qh78i88JEiU,248.194,256.158,7.964,1.0,1.0,2.07,E:\FPTU\PRJ\VN-AV-DF-Capstone\data\clips\tier1\300-400\tier1_v3_clips_300_400\qh78i88JEiU_clip0029_t00248.mp4,tier1,1,1.0,0.0698508024215698,True,9,0.9045200347900392,159,0.8161202612219824
ijoyJhqD740_clip0005_t00113,ijoyJhqD740,113.73,116.254,2.524,1.0,1.0,2.18,E:\FPTU\PRJ\VN-AV-DF-Capstone\data\clips\tier1\100-300\tier1_v3_clips_100_300\ijoyJhqD740_clip0005_t00113.mp4,tier1,1,1.0,0.0152706401422619,True,9,0.9914205074310304,160,0.6803667804207263
ijoyJhqD740_clip0021_t00354,ijoyJhqD740,354.594,357.438,2.844,1.0,1.0,-0.17,E:\FPTU\PRJ\VN-AV-DF-Capstone\data\clips\tier1\100-300\tier1_v3_clips_100_300\ijoyJhqD740_clip0021_t00354.mp4,tier1,1,1.0,0.0181713532656431,True,9,0.5411410331726074,160,0.608935453618498
ijoyJhqD740_clip0035_t00546,ijoyJhqD740,546.114,551.006,4.892,1.0,1.0,1.55,E:\FPTU\PRJ\VN-AV-DF-Capstone\data\clips\tier1\100-300\tier1_v3_clips_100_300\ijoyJhqD740_clip0035_t00546.mp4,tier1,1,1.0,0.0171307064592838,True,9,0.9866759777069092,160,0.6846785478579691
wKaFsRX95YY_clip0001_t00011,wKaFsRX95YY,11.298,17.022,5.724,1.0,1.0,9.42,E:\FPTU\PRJ\VN-AV-DF-Capstone\data\clips\tier2\tier2_v3_clips_0_999-001\wKaFsRX95YY_clip0001_t00011.mp4,tier2,1,1.0,0.0135263241827487,True,9,0.9119953513145448,161,0.6615219592638881
wKaFsRX95YY_clip0002_t00018,wKaFsRX95YY,18.21,23.23,5.02,1.0,1.0,8.48,E:\FPTU\PRJ\VN-AV-DF-Capstone\data\clips\tier2\tier2_v3_clips_0_999-001\wKaFsRX95YY_clip0002_t00018.mp4,tier2,1,1.0,0.0135193578898906,True,9,0.8962101340293884,161,0.658717048585487
wKaFsRX95YY_clip0007_t00078,wKaFsRX95YY,78.658,81.438,2.78,1.0,1.0,11.49,E:\FPTU\PRJ\VN-AV-DF-Capstone\data\clips\tier2\tier2_v3_clips_0_999-001\wKaFsRX95YY_clip0007_t00078.mp4,tier2,1,1.0,0.0135858803987503,True,9,0.9050561189651488,161,0.6604622524243706
wKaFsRX95YY_clip0008_t00081,wKaFsRX95YY,81.57,84.222,2.652,1.0,1.0,9.89,E:\FPTU\PRJ\VN-AV-DF-Capstone\data\clips\tier2\tier2_v3_clips_0_999-001\wKaFsRX95YY_clip0008_t00081.mp4,tier2,1,1.0,0.0136089930310845,True,9,0.9175668358802797,161,0.6627340064089442
wKaFsRX95YY_clip0009_t00084,wKaFsRX95YY,84.514,86.718,2.204,1.0,1.0,9.43,E:\FPTU\PRJ\VN-AV-DF-Capstone\data\clips\tier2\tier2_v3_clips_0_999-001\wKaFsRX95YY_clip0009_t00084.mp4,tier2,1,1.0,0.0134995644912123,True,9,0.9119596481323242,161,0.6614415824981725
wKaFsRX95YY_clip0010_t00086,wKaFsRX95YY,86.882,92.062,5.18,1.0,1.0,8.46,E:\FPTU\PRJ\VN-AV-DF-Capstone\data\clips\tier2\tier2_v3_clips_0_999-001\wKaFsRX95YY_clip0010_t00086.mp4,tier2,1,1.0,0.013590763323009,True,9,0.906794548034668,161,0.6607825509405578
wKaFsRX95YY_clip0016_t00180,wKaFsRX95YY,180.61,184.03,3.42,1.0,1.0,10.88,E:\FPTU\PRJ\VN-AV-DF-Capstone\data\clips\tier2\tier2_v3_clips_0_999-001\wKaFsRX95YY_clip0016_t00180.mp4,tier2,1,1.0,0.0135785033926367,True,9,0.9234973192214966,161,0.6636961608458718
wKaFsRX95YY_clip0017_t00186,wKaFsRX95YY,186.978,191.326,4.348,1.0,1.0,8.32,E:\FPTU\PRJ\VN-AV-DF-Capstone\data\clips\tier2\tier2_v3_clips_0_999-001\wKaFsRX95YY_clip0017_t00186.mp4,tier2,1,1.0,0.0135744679719209,True,9,0.8947845101356506,161,0.658618023681053
wKaFsRX95YY_clip0027_t00335,wKaFsRX95YY,335.33,342.814,7.484,1.0,1.0,10.77,E:\FPTU\PRJ\VN-AV-DF-Capstone\data\clips\tier2\tier2_v3_clips_0_999-001\wKaFsRX95YY_clip0027_t00335.mp4,tier2,1,1.0,0.0138266831636428,True,9,0.9262559413909912,161,0.6648699880064106
wKaFsRX95YY_clip0028_t00343,wKaFsRX95YY,343.17,347.998,4.828,1.0,1.0,10.63,E:\FPTU\PRJ\VN-AV-DF-Capstone\data\clips\tier2\tier2_v3_clips_0_999-001\wKaFsRX95YY_clip0028_t00343.mp4,tier2,1,1.0,0.0135124325752258,True,9,0.9205360412597656,161,0.6629906850809956
wKaFsRX95YY_clip0034_t00424,wKaFsRX95YY,424.834,431.87,7.036,1.0,1.0,11.28,E:\FPTU\PRJ\VN-AV-DF-Capstone\data\clips\tier2\tier2_v3_clips_0_999-001\wKaFsRX95YY_clip0034_t00424.mp4,tier2,1,1.0,0.0135314175859093,True,9,0.90261310338974,161,0.6598803680172134
wKaFsRX95YY_clip0035_t00432,wKaFsRX95YY,432.194,435.038,2.844,1.0,1.0,9.75,E:\FPTU\PRJ\VN-AV-DF-Capstone\data\clips\tier2\tier2_v3_clips_0_999-001\wKaFsRX95YY_clip0035_t00432.mp4,tier2,1,1.0,0.0136391073465347,True,9,0.918279767036438,161,0.6629431802667722
wKaFsRX95YY_clip0036_t00435,wKaFsRX95YY,435.17,437.534,2.364,1.0,1.0,6.82,E:\FPTU\PRJ\VN-AV-DF-Capstone\data\clips\tier2\tier2_v3_clips_0_999-001\wKaFsRX95YY_clip0036_t00435.mp4,tier2,1,1.0,0.0134541150182485,True,9,0.9133117198944092,161,0.6615543701220848
wKaFsRX95YY_clip0046_t00542,wKaFsRX95YY,542.242,546.974,4.732,1.0,1.0,10.14,E:\FPTU\PRJ\VN-AV-DF-Capstone\data\clips\tier2\tier2_v3_clips_0_999-001\wKaFsRX95YY_clip0046_t00542.mp4,tier2,1,1.0,0.0135011849924921,True,9,0.9204781651496888,161,0.6629493360803387
wKaFsRX95YY_clip0047_t00547,wKaFsRX95YY,547.074,549.63,2.556,1.0,1.0,9.96,E:\FPTU\PRJ\VN-AV-DF-Capstone\data\clips\tier2\tier2_v3_clips_0_999-001\wKaFsRX95YY_clip0047_t00547.mp4,tier2,1,1.0,0.0138393891975283,True,9,0.9245430827140808,161,0.6646028916834967
wKaFsRX95YY_clip0048_t00549,wKaFsRX95YY,549.922,552.734,2.812,1.0,1.0,8.44,E:\FPTU\PRJ\VN-AV-DF-Capstone\data\clips\tier2\tier2_v3_clips_0_999-001\wKaFsRX95YY_clip0048_t00549.mp4,tier2,1,1.0,0.0137333050370216,True,9,0.9204480648040771,161,0.6635865791877535
Nw3N73GJ2Zo_clip0044_t00501,Nw3N73GJ2Zo,501.666,505.054,3.388,1.0,1.0,2.65,E:\FPTU\PRJ\VN-AV-DF-Capstone\data\clips\tier1\100-300\tier1_v3_clips_100_300\Nw3N73GJ2Zo_clip0044_t00501.mp4,tier1,1,1.0,0.0249201320111751,True,9,0.9704763889312744,162,0.7033824922891426
Nw3N73GJ2Zo_clip0045_t00505,Nw3N73GJ2Zo,505.282,512.414,7.132,1.0,1.0,4.54,E:\FPTU\PRJ\VN-AV-DF-Capstone\data\clips\tier1\100-300\tier1_v3_clips_100_300\Nw3N73GJ2Zo_clip0045_t00505.mp4,tier1,1,1.0,0.0304497443139553,True,9,0.99565190076828,162,0.7231323078288159
Nw3N73GJ2Zo_clip0046_t00512,Nw3N73GJ2Zo,512.642,517.642,5.0,0.8,1.0,4.99,E:\FPTU\PRJ\VN-AV-DF-Capstone\data\clips\tier1\100-300\tier1_v3_clips_100_300\Nw3N73GJ2Zo_clip0046_t00512.mp4,tier1,1,1.0,0.0290774367749691,True,9,0.362280011177063,162,0.607561974836326
d31XnguWocc_clip0000_t00001,d31XnguWocc,1.282,6.282,5.0,1.0,1.0,20.69,E:\FPTU\PRJ\VN-AV-DF-Capstone\data\clips\tier1\100-300\tier1_v3_clips_100_300\d31XnguWocc_clip0000_t00001.mp4,tier1,1,1.0,0.0844514816999435,True,9,0.8111211061477661,165,0.8400557119282701
d31XnguWocc_clip0005_t00024,d31XnguWocc,24.93,31.486,6.556,1.0,1.0,21.08,E:\FPTU\PRJ\VN-AV-DF-Capstone\data\clips\tier1\100-300\tier1_v3_clips_100_300\d31XnguWocc_clip0005_t00024.mp4,tier1,1,1.0,0.0812354385852813,True,9,0.729509174823761,165,0.816750952721401
d31XnguWocc_clip0009_t00045,d31XnguWocc,45.346,48.19,2.844,1.0,1.0,23.85,E:\FPTU\PRJ\VN-AV-DF-Capstone\data\clips\tier1\100-300\tier1_v3_clips_100_300\d31XnguWocc_clip0009_t00045.mp4,tier1,1,1.0,0.0901378318667411,True,9,0.8389307856559753,165,0.8607042624940644
d31XnguWocc_clip0014_t00066,d31XnguWocc,66.114,69.214,3.1,1.0,1.0,23.4,E:\FPTU\PRJ\VN-AV-DF-Capstone\data\clips\tier1\100-300\tier1_v3_clips_100_300\d31XnguWocc_clip0014_t00066.mp4,tier1,1,1.0,0.0776484385132789,True,9,0.8496592044830322,165,0.8280243620425201
d31XnguWocc_clip0015_t00091,d31XnguWocc,91.938,94.75,2.812,1.0,1.0,19.38,E:\FPTU\PRJ\VN-AV-DF-Capstone\data\clips\tier1\100-300\tier1_v3_clips_100_300\d31XnguWocc_clip0015_t00091.mp4,tier1,1,1.0,0.0873593389987945,True,9,0.7441388964653015,165,0.8362848553882268
d31XnguWocc_clip0017_t00140,d31XnguWocc,140.642,144.126,3.484,1.0,1.0,23.9,E:\FPTU\PRJ\VN-AV-DF-Capstone\data\clips\tier1\100-300\tier1_v3_clips_100_300\d31XnguWocc_clip0017_t00140.mp4,tier1,1,1.0,0.0878445729613304,True,9,0.7514420747756958,165,0.8389168766878566
d31XnguWocc_clip0020_t00173,d31XnguWocc,173.73,178.73,5.0,1.0,1.0,21.52,E:\FPTU\PRJ\VN-AV-DF-Capstone\data\clips\tier1\100-300\tier1_v3_clips_100_300\d31XnguWocc_clip0020_t00173.mp4,tier1,1,1.0,0.0999578833580017,True,9,0.6719276905059814,165,0.8584170041484985
d31XnguWocc_clip0021_t00233,d31XnguWocc,233.41,235.55,2.14,1.0,1.0,20.83,E:\FPTU\PRJ\VN-AV-DF-Capstone\data\clips\tier1\100-300\tier1_v3_clips_100_300\d31XnguWocc_clip0021_t00233.mp4,tier1,1,1.0,0.0917458683252334,True,9,0.7151615619659424,165,0.8433140028730193
d31XnguWocc_clip0024_t00255,d31XnguWocc,255.042,259.55,4.508,1.0,1.0,19.99,E:\FPTU\PRJ\VN-AV-DF-Capstone\data\clips\tier1\100-300\tier1_v3_clips_100_300\d31XnguWocc_clip0024_t00255.mp4,tier1,1,1.0,0.0951158925890922,True,9,0.7859168648719788,165,0.8651291372437415
d31XnguWocc_clip0027_t00274,d31XnguWocc,274.21,277.47,3.26,1.0,1.0,23.8,E:\FPTU\PRJ\VN-AV-DF-Capstone\data\clips\tier1\100-300\tier1_v3_clips_100_300\d31XnguWocc_clip0027_t00274.mp4,tier1,1,1.0,0.0878768041729927,True,9,0.806081235408783,165,0.8486483039769437
d31XnguWocc_clip0029_t00310,d31XnguWocc,310.37,314.59,4.22,1.0,1.0,20.77,E:\FPTU\PRJ\VN-AV-DF-Capstone\data\clips\tier1\100-300\tier1_v3_clips_100_300\d31XnguWocc_clip0029_t00310.mp4,tier1,1,1.0,0.0740599855780601,True,9,0.8408184051513672,165,0.8165306620772812
d31XnguWocc_clip0030_t00344,d31XnguWocc,344.802,353.342,8.54,1.0,1.0,20.71,E:\FPTU\PRJ\VN-AV-DF-Capstone\data\clips\tier1\100-300\tier1_v3_clips_100_300\d31XnguWocc_clip0030_t00344.mp4,tier1,1,1.0,0.0834933519363403,True,9,0.8437834978103638,165,0.8431673676543077
d31XnguWocc_clip0035_t00378,d31XnguWocc,378.178,382.942,4.764,1.0,1.0,19.27,E:\FPTU\PRJ\VN-AV-DF-Capstone\data\clips\tier1\100-300\tier1_v3_clips_100_300\d31XnguWocc_clip0035_t00378.mp4,tier1,1,1.0,0.0766393095254898,True,9,0.8390227556228638,165,0.823353869809587
d31XnguWocc_clip0037_t00401,d31XnguWocc,401.282,406.282,5.0,1.0,1.0,20.12,E:\FPTU\PRJ\VN-AV-DF-Capstone\data\clips\tier1\100-300\tier1_v3_clips_100_300\d31XnguWocc_clip0037_t00401.mp4,tier1,1,1.0,0.0753351673483848,True,9,0.8270297646522522,165,0.8176273319947567
d31XnguWocc_clip0042_t00421,d31XnguWocc,421.794,424.35,2.556,1.0,1.0,24.87,E:\FPTU\PRJ\VN-AV-DF-Capstone\data\clips\tier1\100-300\tier1_v3_clips_100_300\d31XnguWocc_clip0042_t00421.mp4,tier1,1,1.0,0.099340446293354,True,9,0.8477895259857178,165,0.8877422558206441
d31XnguWocc_clip0047_t00445,d31XnguWocc,445.186,454.014,8.828,1.0,1.0,21.99,E:\FPTU\PRJ\VN-AV-DF-Capstone\data\clips\tier1\100-300\tier1_v3_clips_100_300\d31XnguWocc_clip0047_t00445.mp4,tier1,1,1.0,0.073811799287796,True,9,0.7995604276657104,165,0.8085628129908033
d31XnguWocc_clip0048_t00463,d31XnguWocc,463.17,470.846,7.676,1.0,1.0,19.99,E:\FPTU\PRJ\VN-AV-DF-Capstone\data\clips\tier1\100-300\tier1_v3_clips_100_300\d31XnguWocc_clip0048_t00463.mp4,tier1,1,1.0,0.0763185024261474,True,9,0.8272449970245361,165,0.8203873832971134
d31XnguWocc_clip0050_t00494,d31XnguWocc,494.018,499.018,5.0,1.0,1.0,23.5,E:\FPTU\PRJ\VN-AV-DF-Capstone\data\clips\tier1\100-300\tier1_v3_clips_100_300\d31XnguWocc_clip0050_t00494.mp4,tier1,1,1.0,0.1034689098596572,True,9,0.8733586072921753,165,0.9036828635005195
d31XnguWocc_clip0053_t00515,d31XnguWocc,515.65,527.486,11.836,1.0,1.0,20.11,E:\FPTU\PRJ\VN-AV-DF-Capstone\data\clips\tier1\100-300\tier1_v3_clips_100_300\d31XnguWocc_clip0053_t00515.mp4,tier1,1,1.0,0.0711433663964271,True,9,0.8360568284988403,165,0.8076165957881192
d31XnguWocc_clip0054_t00530,d31XnguWocc,530.946,533.95,3.004,1.0,1.0,16.96,E:\FPTU\PRJ\VN-AV-DF-Capstone\data\clips\tier1\100-300\tier1_v3_clips_100_300\d31XnguWocc_clip0054_t00530.mp4,tier1,1,1.0,0.0704667419195175,True,9,0.9139735102653505,165,0.8194935659174847
d31XnguWocc_clip0056_t00564,d31XnguWocc,564.546,569.886,5.34,1.0,1.0,22.51,E:\FPTU\PRJ\VN-AV-DF-Capstone\data\clips\tier1\100-300\tier1_v3_clips_100_300\d31XnguWocc_clip0056_t00564.mp4,tier1,1,1.0,0.0900882184505462,True,9,0.8266262412071228,165,0.8583955323902253
d31XnguWocc_clip0057_t00587,d31XnguWocc,587.138,591.262,4.124,1.0,1.0,21.91,E:\FPTU\PRJ\VN-AV-DF-Capstone\data\clips\tier1\100-300\tier1_v3_clips_100_300\d31XnguWocc_clip0057_t00587.mp4,tier1,1,1.0,0.0826297849416732,True,9,0.8218710422515869,165,0.8369099367373131
d31XnguWocc_clip0058_t00609,d31XnguWocc,609.474,614.046,4.572,1.0,1.0,18.31,E:\FPTU\PRJ\VN-AV-DF-Capstone\data\clips\tier1\100-300\tier1_v3_clips_100_300\d31XnguWocc_clip0058_t00609.mp4,tier1,1,1.0,0.0765846818685531,True,9,0.9036536812782288,165,0.834608106945098
d31XnguWocc_clip0059_t00632,d31XnguWocc,632.354,636.734,4.38,1.0,1.0,20.57,E:\FPTU\PRJ\VN-AV-DF-Capstone\data\clips\tier1\100-300\tier1_v3_clips_100_300\d31XnguWocc_clip0059_t00632.mp4,tier1,1,1.0,0.0785165950655937,True,9,0.8578255772590637,165,0.8318687184628584
d31XnguWocc_clip0061_t00649,d31XnguWocc,649.154,654.59,5.436,1.0,1.0,24.29,E:\FPTU\PRJ\VN-AV-DF-Capstone\data\clips\tier1\100-300\tier1_v3_clips_100_300\d31XnguWocc_clip0061_t00649.mp4,tier1,1,1.0,0.0760700479149818,True,9,0.7720263600349426,165,0.8099551459264627
d31XnguWocc_clip0062_t00665,d31XnguWocc,665.218,672.382,7.164,1.0,1.0,21.78,E:\FPTU\PRJ\VN-AV-DF-Capstone\data\clips\tier1\100-300\tier1_v3_clips_100_300\d31XnguWocc_clip0062_t00665.mp4,tier1,1,1.0,0.0908759534358978,True,9,0.878241240978241,165,0.8696846705144874
d31XnguWocc_clip0066_t00690,d31XnguWocc,690.146,697.47,7.324,1.0,1.0,21.3,E:\FPTU\PRJ\VN-AV-DF-Capstone\data\clips\tier1\100-300\tier1_v3_clips_100_300\d31XnguWocc_clip0066_t00690.mp4,tier1,1,1.0,0.0716010332107544,True,9,0.6966431736946106,165,0.7842810998374988
d31XnguWocc_clip0067_t00718,d31XnguWocc,718.434,721.534,3.1,1.0,1.0,17.03,E:\FPTU\PRJ\VN-AV-DF-Capstone\data\clips\tier1\100-300\tier1_v3_clips_100_300\d31XnguWocc_clip0067_t00718.mp4,tier1,1,1.0,0.097224161028862,True,9,0.8847993016242981,165,0.8884150897698037
d31XnguWocc_clip0069_t00744,d31XnguWocc,744.258,748.414,4.156,1.0,1.0,20.34,E:\FPTU\PRJ\VN-AV-DF-Capstone\data\clips\tier1\100-300\tier1_v3_clips_100_300\d31XnguWocc_clip0069_t00744.mp4,tier1,1,1.0,0.0724691450595855,True,9,0.8197672963142395,165,0.8084119942467154
d31XnguWocc_clip0073_t00765,d31XnguWocc,765.186,768.414,3.228,1.0,1.0,20.56,E:\FPTU\PRJ\VN-AV-DF-Capstone\data\clips\tier1\100-300\tier1_v3_clips_100_300\d31XnguWocc_clip0073_t00765.mp4,tier1,1,1.0,0.1237949430942535,True,9,0.7737360000610352,165,0.9423689483774236
_adzgpYkn_c_clip0013_t00170,_adzgpYkn_c,170.978,177.982,7.004,1.0,1.0,5.44,E:\FPTU\PRJ\VN-AV-DF-Capstone\data\clips\tier1\440-9999\tier1_v3_clips_440_9999\_adzgpYkn_c_clip0013_t00170.mp4,tier1,1,1.0,0.0108501482754945,True,9,0.7684792280197144,166,0.6287873918145154
7635244125863972116_clip0000_t00015,7635244125863972116,15.106,18.366,3.26,1.0,1.0,-4.41,E:\FPTU\PRJ\VN-AV-DF-Capstone\data\clips\tier3\tier3_v3_clips_0_1262-001\7635244125863972116_clip0000_t00015.mp4,tier3,1,1.0,0.0703023523092269,True,9,0.7587042450904846,167,0.7916380438780625
7635636716782505236_clip0001_t00005,7635636716782505236,5.442,11.422,5.98,1.0,1.0,-10.15,E:\FPTU\PRJ\VN-AV-DF-Capstone\data\clips\tier3\tier3_v3_clips_0_1262-001\7635636716782505236_clip0001_t00005.mp4,tier3,1,1.0,0.0178093407303094,True,9,0.6731951832771301,167,0.6312370037138189
7635636716782505236_clip0002_t00017,7635636716782505236,17.442,23.038,5.596,1.0,1.0,-9.0,E:\FPTU\PRJ\VN-AV-DF-Capstone\data\clips\tier3\tier3_v3_clips_0_1262-001\7635636716782505236_clip0002_t00017.mp4,tier3,1,1.0,0.0102653475478291,True,9,0.746343731880188,167,0.6232622818465794
7635636716782505236_clip0003_t00023,7635636716782505236,23.49,25.95,2.46,1.0,1.0,-16.54,E:\FPTU\PRJ\VN-AV-DF-Capstone\data\clips\tier3\tier3_v3_clips_0_1262-001\7635636716782505236_clip0003_t00023.mp4,tier3,1,1.0,0.0514092519879341,True,9,0.8609229326248169,167,0.7573767371041684
7635636716782505236_clip0004_t00027,7635636716782505236,27.81,30.782,2.972,1.0,1.0,-14.26,E:\FPTU\PRJ\VN-AV-DF-Capstone\data\clips\tier3\tier3_v3_clips_0_1262-001\7635636716782505236_clip0004_t00027.mp4,tier3,1,1.0,0.050635140389204,True,9,0.7263720631599426,167,0.731489569541344
7635636716782505236_clip0005_t00032,7635636716782505236,32.866,37.022,4.156,1.0,1.0,-7.66,E:\FPTU\PRJ\VN-AV-DF-Capstone\data\clips\tier3\tier3_v3_clips_0_1262-001\7635636716782505236_clip0005_t00032.mp4,tier3,1,1.0,0.0504418723285198,True,9,0.7302989959716797,167,0.7316475528509628
7640730696369048852_clip0000_t00000,7640730696369048852,0.002,3.006,3.004,1.0,1.0,-0.5,E:\FPTU\PRJ\VN-AV-DF-Capstone\data\clips\tier3\tier3_v3_clips_0_1262-001\7640730696369048852_clip0000_t00000.mp4,tier3,1,1.0,0.066581517457962,True,9,0.7823563814163208,167,0.7855119316329927
7640730696369048852_clip0001_t00003,7640730696369048852,3.426,5.79,2.364,1.0,1.0,-0.66,E:\FPTU\PRJ\VN-AV-DF-Capstone\data\clips\tier3\tier3_v3_clips_0_1262-001\7640730696369048852_clip0001_t00003.mp4,tier3,1,1.0,0.0676783248782157,True,9,0.669840395450592,167,0.7686923527716474
7640730696369048852_clip0002_t00022,7640730696369048852,22.882,25.726,2.844,1.0,1.0,-5.44,E:\FPTU\PRJ\VN-AV-DF-Capstone\data\clips\tier3\tier3_v3_clips_0_1262-001\7640730696369048852_clip0002_t00022.mp4,tier3,1,1.0,0.01609668135643,True,9,0.7709488272666931,167,0.6437466614256708
7640730696369048852_clip0003_t00029,7640730696369048852,29.986,32.734,2.748,1.0,1.0,9.43,E:\FPTU\PRJ\VN-AV-DF-Capstone\data\clips\tier3\tier3_v3_clips_0_1262-001\7640730696369048852_clip0003_t00029.mp4,tier3,1,1.0,0.062728427350521,True,9,0.8423239588737488,167,0.7854283175176128
7640730696369048852_clip0004_t00046,7640730696369048852,46.434,48.606,2.172,1.0,1.0,-2.31,E:\FPTU\PRJ\VN-AV-DF-Capstone\data\clips\tier3\tier3_v3_clips_0_1262-001\7640730696369048852_clip0004_t00046.mp4,tier3,1,1.0,0.0159441623836755,True,9,0.80428147315979,167,0.6492066898850899
7643422466957659399_clip0000_t00001,7643422466957659399,1.794,4.638,2.844,1.0,1.0,-3.29,E:\FPTU\PRJ\VN-AV-DF-Capstone\data\clips\tier3\tier3_v3_clips_0_1262-001\7643422466957659399_clip0000_t00001.mp4,tier3,1,1.0,0.020410506054759,True,9,0.6590414047241211,167,0.6359398264688
7643422466957659399_clip0001_t00007,7643422466957659399,7.202,11.102,3.9,1.0,1.0,-1.71,E:\FPTU\PRJ\VN-AV-DF-Capstone\data\clips\tier3\tier3_v3_clips_0_1262-001\7643422466957659399_clip0001_t00007.mp4,tier3,1,1.0,0.0465479269623756,True,9,0.6514960527420044,167,0.7069619277533188
7643422466957659399_clip0002_t00011,7643422466957659399,11.458,13.566,2.108,1.0,1.0,1.1,E:\FPTU\PRJ\VN-AV-DF-Capstone\data\clips\tier3\tier3_v3_clips_0_1262-001\7643422466957659399_clip0002_t00011.mp4,tier3,1,1.0,0.0641571506857872,True,9,0.6688531637191772,167,0.7587708175818223
7643422466957659399_clip0003_t00019,7643422466957659399,19.842,23.71,3.868,1.0,1.0,8.11,E:\FPTU\PRJ\VN-AV-DF-Capstone\data\clips\tier3\tier3_v3_clips_0_1262-001\7643422466957659399_clip0003_t00019.mp4,tier3,1,1.0,0.0655720829963684,True,9,0.73470139503479,167,0.7743079106951718
7643422466957659399_clip0004_t00034,7643422466957659399,34.274,36.862,2.588,1.0,1.0,7.31,E:\FPTU\PRJ\VN-AV-DF-Capstone\data\clips\tier3\tier3_v3_clips_0_1262-001\7643422466957659399_clip0004_t00034.mp4,tier3,1,1.0,0.0219373200088739,True,9,0.7594670057296753,167,0.6578885192254497
b9_oesdIz-M_clip0017_t00147,b9_oesdIz-M,147.746,157.022,9.276,1.0,1.0,22.47,E:\FPTU\PRJ\VN-AV-DF-Capstone\data\clips\tier2\tier2_v3_clips_0_999-001\b9_oesdIz-M_clip0017_t00147.mp4,tier2,1,1.0,0.0189540162682533,True,9,0.4298691153526306,168,0.5914658013120662
b9_oesdIz-M_clip0019_t00159,b9_oesdIz-M,159.906,162.782,2.876,1.0,1.0,20.28,E:\FPTU\PRJ\VN-AV-DF-Capstone\data\clips\tier2\tier2_v3_clips_0_999-001\b9_oesdIz-M_clip0019_t00159.mp4,tier2,1,1.0,0.0328680872917175,True,9,0.945307195186615,168,0.7209424074042897
b9_oesdIz-M_clip0020_t00163,b9_oesdIz-M,163.138,167.422,4.284,1.0,1.0,20.32,E:\FPTU\PRJ\VN-AV-DF-Capstone\data\clips\tier2\tier2_v3_clips_0_999-001\b9_oesdIz-M_clip0020_t00163.mp4,tier2,1,1.0,0.0323393531143665,True,9,0.937405288219452,168,0.7180843107694312
b9_oesdIz-M_clip0022_t00175,b9_oesdIz-M,175.746,180.222,4.476,1.0,1.0,20.73,E:\FPTU\PRJ\VN-AV-DF-Capstone\data\clips\tier2\tier2_v3_clips_0_999-001\b9_oesdIz-M_clip0022_t00175.mp4,tier2,1,1.0,0.0311189666390419,True,9,0.9128937125205994,168,0.7103804635588946
7483123814390304008_clip0001_t00053,7483123814390304008,53.666,56.926,3.26,1.0,1.0,4.97,E:\FPTU\PRJ\VN-AV-DF-Capstone\data\clips\tier3\tier3_v3_clips_0_1262-001\7483123814390304008_clip0001_t00053.mp4,tier3,1,1.0,0.0520922057330608,True,9,0.3877323567867279,169,0.6757630710603727
7483123814390304008_clip0004_t00092,7483123814390304008,92.418,94.526,2.108,1.0,1.0,2.65,E:\FPTU\PRJ\VN-AV-DF-Capstone\data\clips\tier3\tier3_v3_clips_0_1262-001\7483123814390304008_clip0004_t00092.mp4,tier3,1,1.0,0.015027891844511,True,9,0.4398988485336303,169,0.5823674527765773
7483123814390304008_clip0007_t00112,7483123814390304008,112.706,114.782,2.076,1.0,1.0,1.91,E:\FPTU\PRJ\VN-AV-DF-Capstone\data\clips\tier3\tier3_v3_clips_0_1262-001\7483123814390304008_clip0007_t00112.mp4,tier3,1,1.0,0.0200966689735651,True,9,0.5977123975753784,169,0.6242482963878616
7483123814390304008_clip0008_t00116,7483123814390304008,116.418,118.558,2.14,1.0,1.0,6.7,E:\FPTU\PRJ\VN-AV-DF-Capstone\data\clips\tier3\tier3_v3_clips_0_1262-001\7483123814390304008_clip0008_t00116.mp4,tier3,1,1.0,0.0357424542307853,True,9,0.5090955495834351,169,0.6519207070669952
7483123814390304008_clip0010_t00129,7483123814390304008,129.73,133.374,3.644,1.0,1.0,3.45,E:\FPTU\PRJ\VN-AV-DF-Capstone\data\clips\tier3\tier3_v3_clips_0_1262-001\7483123814390304008_clip0010_t00129.mp4,tier3,1,1.0,0.0430628657341003,True,9,0.569176197052002,169,0.6827875445133073
7483123814390304008_clip0011_t00145,7483123814390304008,145.986,148.894,2.908,1.0,1.0,0.3,E:\FPTU\PRJ\VN-AV-DF-Capstone\data\clips\tier3\tier3_v3_clips_0_1262-001\7483123814390304008_clip0011_t00145.mp4,tier3,1,1.0,0.0319937504827976,True,9,0.3575263023376465,169,0.6147960274846151
7636689448880721173_clip0001_t00014,7636689448880721173,14.05,16.19,2.14,1.0,1.0,8.35,E:\FPTU\PRJ\VN-AV-DF-Capstone\data\clips\tier3\tier3_v3_clips_0_1262-001\7636689448880721173_clip0001_t00014.mp4,tier3,1,1.0,0.0590890832245349,True,9,0.975231409072876,170,0.7988081374845987
7636689448880721173_clip0002_t00016,7636689448880721173,16.354,19.326,2.972,1.0,1.0,7.3,E:\FPTU\PRJ\VN-AV-DF-Capstone\data\clips\tier3\tier3_v3_clips_0_1262-001\7636689448880721173_clip0002_t00016.mp4,tier3,1,1.0,0.0407140590250492,True,9,0.4191046953201294,170,0.649802369308029
7636689448880721173_clip0009_t00063,7636689448880721173,63.842,67.646,3.804,1.0,1.0,6.59,E:\FPTU\PRJ\VN-AV-DF-Capstone\data\clips\tier3\tier3_v3_clips_0_1262-001\7636689448880721173_clip0009_t00063.mp4,tier3,1,1.0,0.0587937831878662,True,9,0.8203070163726807,170,0.7706510889239768
7636689448880721173_clip0010_t00070,7636689448880721173,70.05,73.758,3.708,1.0,1.0,5.74,E:\FPTU\PRJ\VN-AV-DF-Capstone\data\clips\tier3\tier3_v3_clips_0_1262-001\7636689448880721173_clip0010_t00070.mp4,tier3,1,1.0,0.0757202133536338,True,9,0.7970032095909119,170,0.8133944128867688
7636689448880721173_clip0011_t00075,7636689448880721173,75.138,77.342,2.204,1.0,1.0,6.9,E:\FPTU\PRJ\VN-AV-DF-Capstone\data\clips\tier3\tier3_v3_clips_0_1262-001\7636689448880721173_clip0011_t00075.mp4,tier3,1,1.0,0.0752208307385444,True,9,0.810504674911499,170,0.8143946329729593
7636689448880721173_clip0013_t00089,7636689448880721173,89.858,92.382,2.524,1.0,1.0,6.37,E:\FPTU\PRJ\VN-AV-DF-Capstone\data\clips\tier3\tier3_v3_clips_0_1262-001\7636689448880721173_clip0013_t00089.mp4,tier3,1,1.0,0.0579234510660171,True,9,0.7927682399749756,170,0.7633820506272887
7636689448880721173_clip0015_t00110,7636689448880721173,110.786,115.422,4.636,1.0,1.0,5.94,E:\FPTU\PRJ\VN-AV-DF-Capstone\data\clips\tier3\tier3_v3_clips_0_1262-001\7636689448880721173_clip0015_t00110.mp4,tier3,1,1.0,0.0461889542639255,True,9,0.4040840864181518,170,0.6623072839465804
7644036312223223058_clip0006_t00055,7644036312223223058,55.138,60.138,5.0,1.0,1.0,21.02,E:\FPTU\PRJ\VN-AV-DF-Capstone\data\clips\tier3\tier3_v3_clips_0_1262-001\7644036312223223058_clip0006_t00055.mp4,tier3,1,1.0,0.0138633213937282,True,9,0.5905564427375793,172,0.60573032199292
7644036312223223058_clip0008_t00067,7644036312223223058,67.138,72.138,5.0,1.0,1.0,20.48,E:\FPTU\PRJ\VN-AV-DF-Capstone\data\clips\tier3\tier3_v3_clips_0_1262-001\7644036312223223058_clip0008_t00067.mp4,tier3,1,1.0,0.0131863327696919,True,9,0.7941955924034119,172,0.6397926019544413
7644036312223223058_clip0009_t00071,7644036312223223058,71.138,76.138,5.0,0.8,1.0,20.63,E:\FPTU\PRJ\VN-AV-DF-Capstone\data\clips\tier3\tier3_v3_clips_0_1262-001\7644036312223223058_clip0009_t00071.mp4,tier3,1,0.6666666666666666,0.0124935219064354,True,9,0.5895900726318359,172,0.444905160720377
0-fu0N-npmg_clip0055_t00780,0-fu0N-npmg,780.098,783.902,3.804,1.0,1.0,2.51,E:\FPTU\PRJ\VN-AV-DF-Capstone\data\clips\tier1\0-100\tier1_v3_clips_0_100\0-fu0N-npmg_clip0055_t00780.mp4,tier1,1,1.0,0.0465218238532543,True,9,0.9551185965538024,173,0.7604701180092162
0-fu0N-npmg_clip0056_t00786,0-fu0N-npmg,786.722,789.79,3.068,1.0,1.0,2.74,E:\FPTU\PRJ\VN-AV-DF-Capstone\data\clips\tier1\0-100\tier1_v3_clips_0_100\0-fu0N-npmg_clip0056_t00786.mp4,tier1,1,1.0,0.0469035655260086,True,9,0.9539811611175536,173,0.7613261317786412
0-fu0N-npmg_clip0057_t00790,0-fu0N-npmg,790.53,794.238,3.708,1.0,1.0,3.03,E:\FPTU\PRJ\VN-AV-DF-Capstone\data\clips\tier1\0-100\tier1_v3_clips_0_100\0-fu0N-npmg_clip0057_t00790.mp4,tier1,1,1.0,0.0464403890073299,True,9,0.9495843052864076,173,0.7592680503540724
0-fu0N-npmg_clip0058_t00798,0-fu0N-npmg,798.818,801.118,2.3,1.0,1.0,3.13,E:\FPTU\PRJ\VN-AV-DF-Capstone\data\clips\tier1\0-100\tier1_v3_clips_0_100\0-fu0N-npmg_clip0058_t00798.mp4,tier1,1,1.0,0.0205081366002559,True,9,0.6023532152175903,173,0.6262062892916243
rGuraolgHIs_clip0046_t00530,rGuraolgHIs,530.594,535.594,5.0,1.0,1.0,7.37,E:\FPTU\PRJ\VN-AV-DF-Capstone\data\clips\tier2\tier2_v3_clips_0_999-001\rGuraolgHIs_clip0046_t00530.mp4,tier2,1,1.0,0.0105941332876682,True,9,0.4817759096622467,176,0.577483987636568
rGuraolgHIs_clip0047_t00534,rGuraolgHIs,534.594,539.594,5.0,1.0,1.0,6.89,E:\FPTU\PRJ\VN-AV-DF-Capstone\data\clips\tier2\tier2_v3_clips_0_999-001\rGuraolgHIs_clip0047_t00534.mp4,tier2,1,1.0,0.0632002800703048,True,9,0.5430067777633667,176,0.733913821656135
7641878768721677575_clip0000_t00000,7641878768721677575,0.002,5.002,5.0,1.0,1.0,14.53,E:\FPTU\PRJ\VN-AV-DF-Capstone\data\clips\tier3\tier3_v3_clips_0_1262-001\7641878768721677575_clip0000_t00000.mp4,tier3,1,1.0,0.0103939492255449,True,9,0.8533509373664856,177,0.642501901633539
7641878768721677575_clip0001_t00004,7641878768721677575,4.002,9.002,5.0,1.0,1.0,13.1,E:\FPTU\PRJ\VN-AV-DF-Capstone\data\clips\tier3\tier3_v3_clips_0_1262-001\7641878768721677575_clip0001_t00004.mp4,tier3,1,1.0,0.0103449951857328,True,9,0.8436975479125977,177,0.6406628476975087
7642289000895565064_clip0000_t00000,7642289000895565064,0.13,5.13,5.0,1.0,1.0,8.32,E:\FPTU\PRJ\VN-AV-DF-Capstone\data\clips\tier3\tier3_v3_clips_0_1262-001\7642289000895565064_clip0000_t00000.mp4,tier3,1,1.0,0.010062170214951,True,9,0.8501521348953247,177,0.6410189760998696
7630081840140864788_clip0000_t00000,7630081840140864788,0.002,3.678,3.676,1.0,1.0,-2.49,E:\FPTU\PRJ\VN-AV-DF-Capstone\data\clips\tier3\tier3_v3_clips_0_1262-001\7630081840140864788_clip0000_t00000.mp4,tier3,1,1.0,0.0867396146059036,True,9,0.6983161568641663,178,0.8264829679088914
7630081840140864788_clip0001_t00009,7630081840140864788,9.218,11.838,2.62,1.0,1.0,-7.39,E:\FPTU\PRJ\VN-AV-DF-Capstone\data\clips\tier3\tier3_v3_clips_0_1262-001\7630081840140864788_clip0001_t00009.mp4,tier3,1,1.0,0.0264707785099744,True,9,0.7401946187019348,178,0.6670370339836063
7630081840140864788_clip0002_t00015,7630081840140864788,15.33,18.398,3.068,1.0,1.0,6.35,E:\FPTU\PRJ\VN-AV-DF-Capstone\data\clips\tier3\tier3_v3_clips_0_1262-001\7630081840140864788_clip0002_t00015.mp4,tier3,1,1.0,0.0446026884019374,True,9,0.8513253331184387,178,0.7368411071323306
usfv-YmWPBs_clip0070_t01127,usfv-YmWPBs,1127.81,1131.07,3.26,0.75,1.0,12.24,E:\FPTU\PRJ\VN-AV-DF-Capstone\data\clips\tier1\300-400\tier1_v3_clips_300_400\usfv-YmWPBs_clip0070_t01127.mp4,tier1,1,1.0,0.0828728228807449,True,9,0.8843218684196472,179,0.8486034486263765
usfv-YmWPBs_clip0071_t01131,usfv-YmWPBs,1131.298,1134.078,2.78,1.0,1.0,13.14,E:\FPTU\PRJ\VN-AV-DF-Capstone\data\clips\tier1\300-400\tier1_v3_clips_300_400\usfv-YmWPBs_clip0071_t01131.mp4,tier1,1,1.0,0.0818947106599807,True,9,0.908666729927063,179,0.850191989455909
usfv-YmWPBs_clip0072_t01134,usfv-YmWPBs,1134.21,1136.478,2.268,1.0,1.0,13.36,E:\FPTU\PRJ\VN-AV-DF-Capstone\data\clips\tier1\300-400\tier1_v3_clips_300_400\usfv-YmWPBs_clip0072_t01134.mp4,tier1,1,1.0,0.0814572945237159,True,9,0.926567792892456,179,0.8521401447934503
VqcyH3fnubE_clip0000_t00006,VqcyH3fnubE,6.562,11.006,4.444,1.0,1.0,15.76,E:\FPTU\PRJ\VN-AV-DF-Capstone\data\clips\tier1\400-440\tier1_v3_clips_400_440\VqcyH3fnubE_clip0000_t00006.mp4,tier1,1,1.0,0.0758818835020065,True,9,0.9338713884353638,181,0.8379951563801674
VqcyH3fnubE_clip0006_t00046,VqcyH3fnubE,46.274,51.23,4.956,1.0,1.0,17.48,E:\FPTU\PRJ\VN-AV-DF-Capstone\data\clips\tier1\400-440\tier1_v3_clips_400_440\VqcyH3fnubE_clip0006_t00046.mp4,tier1,1,1.0,0.0363952443003654,True,9,0.7646360397338867,181,0.698823141787534
VqcyH3fnubE_clip0009_t00066,VqcyH3fnubE,66.114,68.158,2.044,1.0,1.0,17.44,E:\FPTU\PRJ\VN-AV-DF-Capstone\data\clips\tier1\400-440\tier1_v3_clips_400_440\VqcyH3fnubE_clip0009_t00066.mp4,tier1,1,1.0,0.0363047681748867,True,9,0.8816115856170654,181,0.7192154290801029
VqcyH3fnubE_clip0012_t00083,VqcyH3fnubE,83.906,87.038,3.132,1.0,1.0,15.89,E:\FPTU\PRJ\VN-AV-DF-Capstone\data\clips\tier1\400-440\tier1_v3_clips_400_440\VqcyH3fnubE_clip0012_t00083.mp4,tier1,1,1.0,0.0372287184000015,True,9,0.9136706590652466,181,0.7274305925419156
VqcyH3fnubE_clip0014_t00101,VqcyH3fnubE,101.122,103.998,2.876,1.0,1.0,15.94,E:\FPTU\PRJ\VN-AV-DF-Capstone\data\clips\tier1\400-440\tier1_v3_clips_400_440\VqcyH3fnubE_clip0014_t00101.mp4,tier1,1,1.0,0.0351163856685161,True,9,0.8968872427940369,181,0.7186214516774148
VqcyH3fnubE_clip0017_t00118,VqcyH3fnubE,118.402,122.974,4.572,1.0,1.0,16.59,E:\FPTU\PRJ\VN-AV-DF-Capstone\data\clips\tier1\400-440\tier1_v3_clips_400_440\VqcyH3fnubE_clip0017_t00118.mp4,tier1,1,1.0,0.0363968126475811,True,9,0.5952078104019165,181,0.6689283839939453
VqcyH3fnubE_clip0023_t00156,VqcyH3fnubE,156.002,158.174,2.172,1.0,1.0,16.01,E:\FPTU\PRJ\VN-AV-DF-Capstone\data\clips\tier1\400-440\tier1_v3_clips_400_440\VqcyH3fnubE_clip0023_t00156.mp4,tier1,1,1.0,0.0352904349565506,True,9,0.8336933851242065,181,0.7079513978500432
VqcyH3fnubE_clip0026_t00173,VqcyH3fnubE,173.122,175.998,2.876,1.0,1.0,16.25,E:\FPTU\PRJ\VN-AV-DF-Capstone\data\clips\tier1\400-440\tier1_v3_clips_400_440\VqcyH3fnubE_clip0026_t00173.mp4,tier1,1,1.0,0.0355577282607555,True,9,0.8896077275276184,181,0.7185585563295298
VqcyH3fnubE_clip0032_t00193,VqcyH3fnubE,193.442,197.246,3.804,1.0,1.0,15.92,E:\FPTU\PRJ\VN-AV-DF-Capstone\data\clips\tier1\400-440\tier1_v3_clips_400_440\VqcyH3fnubE_clip0032_t00193.mp4,tier1,1,1.0,0.0735074803233146,True,9,0.8244497776031494,181,0.8121126351614882
VqcyH3fnubE_clip0035_t00211,VqcyH3fnubE,211.394,214.91,3.516,1.0,1.0,16.65,E:\FPTU\PRJ\VN-AV-DF-Capstone\data\clips\tier1\400-440\tier1_v3_clips_400_440\VqcyH3fnubE_clip0035_t00211.mp4,tier1,1,1.0,0.0720729157328605,True,9,0.8206570744514465,181,0.80747217151023
VqcyH3fnubE_clip0039_t00228,VqcyH3fnubE,228.77,232.126,3.356,1.0,1.0,18.08,E:\FPTU\PRJ\VN-AV-DF-Capstone\data\clips\tier1\400-440\tier1_v3_clips_400_440\VqcyH3fnubE_clip0039_t00228.mp4,tier1,1,1.0,0.0750864446163177,True,9,0.8403982520103455,181,0.819297962313749
VqcyH3fnubE_clip0043_t00250,VqcyH3fnubE,250.69,255.102,4.412,1.0,1.0,16.6,E:\FPTU\PRJ\VN-AV-DF-Capstone\data\clips\tier1\400-440\tier1_v3_clips_400_440\VqcyH3fnubE_clip0043_t00250.mp4,tier1,1,1.0,0.0749939978122711,True,9,0.8002925515174866,181,0.8119645744232764
VqcyH3fnubE_clip0045_t00266,VqcyH3fnubE,266.498,269.918,3.42,1.0,1.0,18.05,E:\FPTU\PRJ\VN-AV-DF-Capstone\data\clips\tier1\400-440\tier1_v3_clips_400_440\VqcyH3fnubE_clip0045_t00266.mp4,tier1,1,1.0,0.0727992802858352,True,9,0.8593959808349609,181,0.8163191721695923
VqcyH3fnubE_clip0048_t00283,VqcyH3fnubE,283.714,288.318,4.604,1.0,1.0,16.83,E:\FPTU\PRJ\VN-AV-DF-Capstone\data\clips\tier1\400-440\tier1_v3_clips_400_440\VqcyH3fnubE_clip0048_t00283.mp4,tier1,1,1.0,0.0735881030559539,True,9,0.8608736395835876,181,0.8187635554379125
VqcyH3fnubE_clip0050_t00302,VqcyH3fnubE,302.242,305.79,3.548,1.0,1.0,15.9,E:\FPTU\PRJ\VN-AV-DF-Capstone\data\clips\tier1\400-440\tier1_v3_clips_400_440\VqcyH3fnubE_clip0050_t00302.mp4,tier1,1,1.0,0.0731949433684349,True,9,0.7893325090408325,181,0.8050503050184941
VqcyH3fnubE_clip0054_t00322,VqcyH3fnubE,322.786,328.99,6.204,1.0,1.0,17.01,E:\FPTU\PRJ\VN-AV-DF-Capstone\data\clips\tier1\400-440\tier1_v3_clips_400_440\VqcyH3fnubE_clip0054_t00322.mp4,tier1,1,1.0,0.07229545712471,True,9,0.7560469508171082,181,0.796686424283966
VqcyH3fnubE_clip0057_t00344,VqcyH3fnubE,344.514,349.118,4.604,1.0,1.0,14.51,E:\FPTU\PRJ\VN-AV-DF-Capstone\data\clips\tier1\400-440\tier1_v3_clips_400_440\VqcyH3fnubE_clip0057_t00344.mp4,tier1,1,1.0,0.0752590075135231,True,9,0.886860728263855,181,0.8279749116090157
VqcyH3fnubE_clip0059_t00360,VqcyH3fnubE,360.45,362.91,2.46,1.0,1.0,15.18,E:\FPTU\PRJ\VN-AV-DF-Capstone\data\clips\tier1\400-440\tier1_v3_clips_400_440\VqcyH3fnubE_clip0059_t00360.mp4,tier1,1,1.0,0.0728313252329826,True,9,0.8304650783538818,181,0.8113024256444503
VqcyH3fnubE_clip0060_t00377,VqcyH3fnubE,377.41,380.606,3.196,1.0,1.0,17.24,E:\FPTU\PRJ\VN-AV-DF-Capstone\data\clips\tier1\400-440\tier1_v3_clips_400_440\VqcyH3fnubE_clip0060_t00377.mp4,tier1,1,1.0,0.035200398415327,True,9,0.9031437635421752,181,0.7199581077416084
VqcyH3fnubE_clip0063_t00393,VqcyH3fnubE,393.122,395.358,2.236,1.0,1.0,17.85,E:\FPTU\PRJ\VN-AV-DF-Capstone\data\clips\tier1\400-440\tier1_v3_clips_400_440\VqcyH3fnubE_clip0063_t00393.mp4,tier1,1,1.0,0.0360282473266124,True,9,0.8522679805755615,181,0.7132716805562468
VqcyH3fnubE_clip0066_t00411,VqcyH3fnubE,411.042,414.558,3.516,1.0,1.0,16.18,E:\FPTU\PRJ\VN-AV-DF-Capstone\data\clips\tier1\400-440\tier1_v3_clips_400_440\VqcyH3fnubE_clip0066_t00411.mp4,tier1,1,1.0,0.0361328646540641,True,9,0.8079363703727722,181,0.7057380570139835
VqcyH3fnubE_clip0069_t00432,VqcyH3fnubE,432.738,438.11,5.372,1.0,1.0,15.65,E:\FPTU\PRJ\VN-AV-DF-Capstone\data\clips\tier1\400-440\tier1_v3_clips_400_440\VqcyH3fnubE_clip0069_t00432.mp4,tier1,1,1.0,0.0358070097863674,True,9,0.8872125148773193,181,0.7188259331059239
VqcyH3fnubE_clip0071_t00448,VqcyH3fnubE,448.322,451.774,3.452,1.0,1.0,16.09,E:\FPTU\PRJ\VN-AV-DF-Capstone\data\clips\tier1\400-440\tier1_v3_clips_400_440\VqcyH3fnubE_clip0071_t00448.mp4,tier1,1,1.0,0.0363894626498222,True,9,0.7759692072868347,181,0.7008071077615128
VqcyH3fnubE_clip0074_t00476,VqcyH3fnubE,476.258,487.902,11.644,1.0,1.0,16.64,E:\FPTU\PRJ\VN-AV-DF-Capstone\data\clips\tier1\400-440\tier1_v3_clips_400_440\VqcyH3fnubE_clip0074_t00476.mp4,tier1,1,1.0,0.0721276402473449,True,9,0.7826542258262634,181,0.8009172749129678
VqcyH3fnubE_clip0076_t00495,VqcyH3fnubE,495.362,503.326,7.964,1.0,1.0,16.76,E:\FPTU\PRJ\VN-AV-DF-Capstone\data\clips\tier1\400-440\tier1_v3_clips_400_440\VqcyH3fnubE_clip0076_t00495.mp4,tier1,1,1.0,0.0743461847305297,True,9,0.8160712122917175,181,0.8129557671684945
VqcyH3fnubE_clip0080_t00519,VqcyH3fnubE,519.362,521.598,2.236,1.0,1.0,17.6,E:\FPTU\PRJ\VN-AV-DF-Capstone\data\clips\tier1\400-440\tier1_v3_clips_400_440\VqcyH3fnubE_clip0080_t00519.mp4,tier1,1,1.0,0.0723251923918724,True,9,0.8769721984863281,181,0.8181084870681422
VqcyH3fnubE_clip0084_t00538,VqcyH3fnubE,538.082,542.014,3.932,1.0,1.0,17.5,E:\FPTU\PRJ\VN-AV-DF-Capstone\data\clips\tier1\400-440\tier1_v3_clips_400_440\VqcyH3fnubE_clip0084_t00538.mp4,tier1,1,1.0,0.0747601762413978,True,9,0.7620937824249268,181,0.8045763500716567
VqcyH3fnubE_clip0085_t00555,VqcyH3fnubE,555.522,559.134,3.612,1.0,1.0,17.22,E:\FPTU\PRJ\VN-AV-DF-Capstone\data\clips\tier1\400-440\tier1_v3_clips_400_440\VqcyH3fnubE_clip0085_t00555.mp4,tier1,1,1.0,0.0722813308238983,True,9,0.8304638266563416,181,0.8097797096982969
VqcyH3fnubE_clip0089_t00574,VqcyH3fnubE,574.818,576.83,2.012,1.0,1.0,17.25,E:\FPTU\PRJ\VN-AV-DF-Capstone\data\clips\tier1\400-440\tier1_v3_clips_400_440\VqcyH3fnubE_clip0089_t00574.mp4,tier1,1,1.0,0.0742223933339119,True,9,0.9060230255126952,181,0.8284869370958696
VqcyH3fnubE_clip0093_t00592,VqcyH3fnubE,592.962,596.062,3.1,1.0,1.0,16.98,E:\FPTU\PRJ\VN-AV-DF-Capstone\data\clips\tier1\400-440\tier1_v3_clips_400_440\VqcyH3fnubE_clip0093_t00592.mp4,tier1,1,1.0,0.0731240212917327,True,9,0.818394124507904,181,0.8099824988333044
wKaFsRX95YY_clip0012_t00117,wKaFsRX95YY,117.858,120.35,2.492,1.0,1.0,5.58,E:\FPTU\PRJ\VN-AV-DF-Capstone\data\clips\tier2\tier2_v3_clips_0_999-001\wKaFsRX95YY_clip0012_t00117.mp4,tier2,1,1.0,0.065210074186325,True,9,0.8696384429931641,182,0.7971182177829363
wKaFsRX95YY_clip0013_t00122,wKaFsRX95YY,122.626,131.678,9.052,1.0,1.0,4.55,E:\FPTU\PRJ\VN-AV-DF-Capstone\data\clips\tier2\tier2_v3_clips_0_999-001\wKaFsRX95YY_clip0013_t00122.mp4,tier2,1,1.0,0.0675994679331779,True,9,0.8505040407180786,182,0.8003558806527546
wKaFsRX95YY_clip0014_t00132,wKaFsRX95YY,132.002,138.142,6.14,1.0,1.0,6.36,E:\FPTU\PRJ\VN-AV-DF-Capstone\data\clips\tier2\tier2_v3_clips_0_999-001\wKaFsRX95YY_clip0014_t00132.mp4,tier2,1,1.0,0.0671300590038299,True,9,0.8644707798957825,182,0.8015211810762335
wKaFsRX95YY_clip0015_t00140,wKaFsRX95YY,140.546,145.31,4.764,1.0,1.0,7.05,E:\FPTU\PRJ\VN-AV-DF-Capstone\data\clips\tier2\tier2_v3_clips_0_999-001\wKaFsRX95YY_clip0015_t00140.mp4,tier2,1,1.0,0.0647681429982185,True,9,0.8342950344085693,182,0.7896577913348728
0-fu0N-npmg_clip0059_t00801,0-fu0N-npmg,801.218,806.654,5.436,1.0,1.0,3.7,E:\FPTU\PRJ\VN-AV-DF-Capstone\data\clips\tier1\0-100\tier1_v3_clips_0_100\0-fu0N-npmg_clip0059_t00801.mp4,tier1,1,1.0,0.0422487705945968,True,9,0.5056168437004089,183,0.6693176090822375
0-fu0N-npmg_clip0061_t00820,0-fu0N-npmg,820.77,824.254,3.484,1.0,1.0,2.8,E:\FPTU\PRJ\VN-AV-DF-Capstone\data\clips\tier1\0-100\tier1_v3_clips_0_100\0-fu0N-npmg_clip0061_t00820.mp4,tier1,1,1.0,0.0528403967618942,True,9,0.9222808480262756,183,0.7721663008836845
0-fu0N-npmg_clip0062_t00824,0-fu0N-npmg,824.738,829.95,5.212,1.0,1.0,2.89,E:\FPTU\PRJ\VN-AV-DF-Capstone\data\clips\tier1\0-100\tier1_v3_clips_0_100\0-fu0N-npmg_clip0062_t00824.mp4,tier1,1,1.0,0.0689978450536727,True,9,0.8606225252151489,183,0.8060124844695271
9fvi4IXr6rQ_clip0023_t00243,9fvi4IXr6rQ,243.554,247.742,4.188,1.0,1.0,5.6,E:\FPTU\PRJ\VN-AV-DF-Capstone\data\clips\tier1\0-100\tier1_v3_clips_0_100\9fvi4IXr6rQ_clip0023_t00243.mp4,tier1,1,1.0,0.0217655505985021,True,9,0.8777487277984619,184,0.6782862720474953
9fvi4IXr6rQ_clip0024_t00247,9fvi4IXr6rQ,247.906,251.582,3.676,1.0,1.0,3.63,E:\FPTU\PRJ\VN-AV-DF-Capstone\data\clips\tier1\0-100\tier1_v3_clips_0_100\9fvi4IXr6rQ_clip0024_t00247.mp4,tier1,1,1.0,0.0206202659755945,True,9,0.9887565970420836,184,0.6947055180242098
9fvi4IXr6rQ_clip0027_t00268,9fvi4IXr6rQ,268.45,276.446,7.996,0.875,1.0,4.71,E:\FPTU\PRJ\VN-AV-DF-Capstone\data\clips\tier1\0-100\tier1_v3_clips_0_100\9fvi4IXr6rQ_clip0027_t00268.mp4,tier1,1,1.0,0.0115240570157766,True,9,0.3837054073810577,184,0.5627516441794083
9fvi4IXr6rQ_clip0029_t00285,9fvi4IXr6rQ,285.954,292.51,6.556,1.0,1.0,4.35,E:\FPTU\PRJ\VN-AV-DF-Capstone\data\clips\tier1\0-100\tier1_v3_clips_0_100\9fvi4IXr6rQ_clip0029_t00285.mp4,tier1,1,1.0,0.0149058168753981,True,9,0.7776122689247131,184,0.641626010679672
9fvi4IXr6rQ_clip0031_t00337,9fvi4IXr6rQ,337.314,340.126,2.812,1.0,1.0,4.13,E:\FPTU\PRJ\VN-AV-DF-Capstone\data\clips\tier1\0-100\tier1_v3_clips_0_100\9fvi4IXr6rQ_clip0031_t00337.mp4,tier1,1,1.0,0.0201044101268053,True,9,0.8945112228393555,184,0.6766459887376712
9fvi4IXr6rQ_clip0032_t00340,9fvi4IXr6rQ,340.226,344.926,4.7,1.0,1.0,3.1,E:\FPTU\PRJ\VN-AV-DF-Capstone\data\clips\tier1\0-100\tier1_v3_clips_0_100\9fvi4IXr6rQ_clip0032_t00340.mp4,tier1,1,1.0,0.0201072078198194,True,9,0.8312547206878662,184,0.6654908211698144
9fvi4IXr6rQ_clip0035_t00364,9fvi4IXr6rQ,364.034,367.198,3.164,1.0,1.0,4.61,E:\FPTU\PRJ\VN-AV-DF-Capstone\data\clips\tier1\0-100\tier1_v3_clips_0_100\9fvi4IXr6rQ_clip0035_t00364.mp4,tier1,1,1.0,0.0210109781473875,True,9,0.9343403577804564,184,0.6861842220862644
9fvi4IXr6rQ_clip0038_t00375,9fvi4IXr6rQ,375.97,381.758,5.788,1.0,1.0,4.42,E:\FPTU\PRJ\VN-AV-DF-Capstone\data\clips\tier1\0-100\tier1_v3_clips_0_100\9fvi4IXr6rQ_clip0038_t00375.mp4,tier1,1,1.0,0.0128774456679821,True,9,0.7421713471412659,184,0.629756791215044
9fvi4IXr6rQ_clip0039_t00381,9fvi4IXr6rQ,381.954,384.766,2.812,1.0,1.0,4.39,E:\FPTU\PRJ\VN-AV-DF-Capstone\data\clips\tier1\0-100\tier1_v3_clips_0_100\9fvi4IXr6rQ_clip0039_t00381.mp4,tier1,1,1.0,0.0209078788757324,True,9,0.9601781368255616,184,0.69045843064894
9fvi4IXr6rQ_clip0040_t00384,9fvi4IXr6rQ,384.93,390.782,5.852,1.0,1.0,3.36,E:\FPTU\PRJ\VN-AV-DF-Capstone\data\clips\tier1\0-100\tier1_v3_clips_0_100\9fvi4IXr6rQ_clip0040_t00384.mp4,tier1,1,1.0,0.0203250050544738,True,9,0.8925902843475342,184,0.6769176506854586
9fvi4IXr6rQ_clip0041_t00390,9fvi4IXr6rQ,390.914,393.886,2.972,1.0,1.0,3.57,E:\FPTU\PRJ\VN-AV-DF-Capstone\data\clips\tier1\0-100\tier1_v3_clips_0_100\9fvi4IXr6rQ_clip0041_t00390.mp4,tier1,1,1.0,0.0206069275736808,True,9,0.8422430753707886,184,0.6688132672932965
ijoyJhqD740_clip0003_t00089,ijoyJhqD740,89.442,92.478,3.036,1.0,1.0,2.38,E:\FPTU\PRJ\VN-AV-DF-Capstone\data\clips\tier1\100-300\tier1_v3_clips_100_300\ijoyJhqD740_clip0003_t00089.mp4,tier1,1,1.0,0.0156318582594394,True,9,0.9858769178390504,184,0.6803884242479177
ijoyJhqD740_clip0032_t00487,ijoyJhqD740,487.81,492.81,5.0,1.0,1.0,1.37,E:\FPTU\PRJ\VN-AV-DF-Capstone\data\clips\tier1\100-300\tier1_v3_clips_100_300\ijoyJhqD740_clip0032_t00487.mp4,tier1,1,1.0,0.0133590931072831,True,9,0.9707214832305908,184,0.6714224650820826
lq_tau31IE0_clip0004_t00178,lq_tau31IE0,178.626,181.918,3.292,1.0,1.0,6.85,E:\FPTU\PRJ\VN-AV-DF-Capstone\data\clips\tier1\100-300\tier1_v3_clips_100_300\lq_tau31IE0_clip0004_t00178.mp4,tier1,1,1.0,0.0127823967486619,True,9,0.9927670359611512,184,0.6737164453193765
lq_tau31IE0_clip0005_t00182,lq_tau31IE0,182.018,190.142,8.124,1.0,1.0,5.85,E:\FPTU\PRJ\VN-AV-DF-Capstone\data\clips\tier1\100-300\tier1_v3_clips_100_300\lq_tau31IE0_clip0005_t00182.mp4,tier1,1,1.0,0.0137189980596303,True,9,0.5666881203651428,184,0.6011187491097951
CHkaAtJLN3E_clip0062_t00890,CHkaAtJLN3E,890.69,897.278,6.588,1.0,1.0,6.35,E:\FPTU\PRJ\VN-AV-DF-Capstone\data\clips\tier1\100-300\tier1_v3_clips_100_300\CHkaAtJLN3E_clip0062_t00890.mp4,tier1,1,1.0,0.0629962757229805,True,9,0.8937045335769653,185,0.7952369358846061
CHkaAtJLN3E_clip0063_t00897,CHkaAtJLN3E,897.474,901.022,3.548,1.0,1.0,5.62,E:\FPTU\PRJ\VN-AV-DF-Capstone\data\clips\tier1\100-300\tier1_v3_clips_100_300\CHkaAtJLN3E_clip0063_t00897.mp4,tier1,1,1.0,0.0248747393488883,True,9,0.6341867446899414,185,0.6439116049405289
CHkaAtJLN3E_clip0064_t00901,CHkaAtJLN3E,901.154,905.118,3.964,1.0,1.0,5.28,E:\FPTU\PRJ\VN-AV-DF-Capstone\data\clips\tier1\100-300\tier1_v3_clips_100_300\CHkaAtJLN3E_clip0064_t00901.mp4,tier1,1,1.0,0.0217638872563838,True,9,0.823078989982605,185,0.6686340667911914
CHkaAtJLN3E_clip0065_t00905,CHkaAtJLN3E,905.218,907.742,2.524,1.0,1.0,6.41,E:\FPTU\PRJ\VN-AV-DF-Capstone\data\clips\tier1\100-300\tier1_v3_clips_100_300\CHkaAtJLN3E_clip0065_t00905.mp4,tier1,1,1.0,0.0400827378034591,True,9,0.7680176496505737,185,0.709627619581778
cVabKjWav-Y_clip0055_t00768,cVabKjWav-Y,768.834,773.822,4.988,1.0,1.0,18.49,E:\FPTU\PRJ\VN-AV-DF-Capstone\data\clips\tier2\tier2_v3_clips_0_999-001\cVabKjWav-Y_clip0055_t00768.mp4,tier2,1,1.0,0.0125034563243389,True,9,0.7110105156898499,186,0.6232225432939603
mHTLamr-Zqk_clip0074_t00756,mHTLamr-Zqk,756.642,759.006,2.364,1.0,1.0,12.45,E:\FPTU\PRJ\VN-AV-DF-Capstone\data\clips\tier2\tier2_v3_clips_0_999-001\mHTLamr-Zqk_clip0074_t00756.mp4,tier2,1,1.0,0.2388627231121063,True,9,0.9425871968269348,188,0.9898683288518121
mHTLamr-Zqk_clip0075_t00773,mHTLamr-Zqk,773.57,776.574,3.004,1.0,1.0,15.6,E:\FPTU\PRJ\VN-AV-DF-Capstone\data\clips\tier2\tier2_v3_clips_0_999-001\mHTLamr-Zqk_clip0075_t00773.mp4,tier2,1,1.0,0.1755088865756988,True,9,0.9073473811149596,188,0.9836495378438165
mHTLamr-Zqk_clip0076_t00776,mHTLamr-Zqk,776.994,779.71,2.716,1.0,1.0,16.13,E:\FPTU\PRJ\VN-AV-DF-Capstone\data\clips\tier2\tier2_v3_clips_0_999-001\mHTLamr-Zqk_clip0076_t00776.mp4,tier2,1,1.0,0.1762992739677429,True,9,0.9248632788658142,188,0.986740578623379
mHTLamr-Zqk_clip0077_t00781,mHTLamr-Zqk,781.314,786.238,4.924,1.0,1.0,13.53,E:\FPTU\PRJ\VN-AV-DF-Capstone\data\clips\tier2\tier2_v3_clips_0_999-001\mHTLamr-Zqk_clip0077_t00781.mp4,tier2,1,1.0,0.1781385540962219,True,9,0.9227286577224731,188,0.9863638807745542
mHTLamr-Zqk_clip0078_t00786,mHTLamr-Zqk,786.338,789.118,2.78,1.0,1.0,14.37,E:\FPTU\PRJ\VN-AV-DF-Capstone\data\clips\tier2\tier2_v3_clips_0_999-001\mHTLamr-Zqk_clip0078_t00786.mp4,tier2,1,1.0,0.1823764890432357,True,9,0.8869401216506958,188,0.9800482567618876
mHTLamr-Zqk_clip0079_t00789,mHTLamr-Zqk,789.41,792.702,3.292,1.0,1.0,14.41,E:\FPTU\PRJ\VN-AV-DF-Capstone\data\clips\tier2\tier2_v3_clips_0_999-001\mHTLamr-Zqk_clip0079_t00789.mp4,tier2,1,1.0,0.1792684644460678,True,9,0.938852846622467,188,0.9892093258745531
mHTLamr-Zqk_clip0080_t00793,mHTLamr-Zqk,793.986,799.262,5.276,1.0,1.0,14.93,E:\FPTU\PRJ\VN-AV-DF-Capstone\data\clips\tier2\tier2_v3_clips_0_999-001\mHTLamr-Zqk_clip0080_t00793.mp4,tier2,1,1.0,0.1837272197008133,True,9,0.8871808648109436,188,0.9800907408489901
Qkdyus1My0Q_clip0000_t00077,Qkdyus1My0Q,77.794,79.902,2.108,1.0,1.0,20.43,E:\FPTU\PRJ\VN-AV-DF-Capstone\data\clips\tier1\300-400\tier1_v3_clips_300_400\Qkdyus1My0Q_clip0000_t00077.mp4,tier1,1,1.0,0.0219331122934818,True,9,0.9265419840812684,189,0.6873606911327119
Qkdyus1My0Q_clip0001_t00083,Qkdyus1My0Q,83.33,88.33,5.0,1.0,1.0,12.22,E:\FPTU\PRJ\VN-AV-DF-Capstone\data\clips\tier1\300-400\tier1_v3_clips_300_400\Qkdyus1My0Q_clip0001_t00083.mp4,tier1,1,1.0,0.0211634840816259,True,9,0.8658792972564697,189,0.6745250255399259
Qkdyus1My0Q_clip0002_t00087,Qkdyus1My0Q,87.33,92.33,5.0,1.0,1.0,13.52,E:\FPTU\PRJ\VN-AV-DF-Capstone\data\clips\tier1\300-400\tier1_v3_clips_300_400\Qkdyus1My0Q_clip0002_t00087.mp4,tier1,1,1.0,0.0209679752588272,True,9,0.8390087485313416,189,0.6692419562867029
Qkdyus1My0Q_clip0003_t00091,Qkdyus1My0Q,91.33,95.966,4.636,1.0,1.0,14.93,E:\FPTU\PRJ\VN-AV-DF-Capstone\data\clips\tier1\300-400\tier1_v3_clips_300_400\Qkdyus1My0Q_clip0003_t00091.mp4,tier1,1,1.0,0.0211326703429222,True,9,0.8142322897911072,189,0.6653255491304605
Qkdyus1My0Q_clip0004_t00096,Qkdyus1My0Q,96.162,102.43,6.268,1.0,1.0,17.52,E:\FPTU\PRJ\VN-AV-DF-Capstone\data\clips\tier1\300-400\tier1_v3_clips_300_400\Qkdyus1My0Q_clip0004_t00096.mp4,tier1,1,1.0,0.020098403096199,True,9,0.8250262141227722,189,0.6643672997079522
Qkdyus1My0Q_clip0005_t00116,Qkdyus1My0Q,116.098,121.098,5.0,1.0,1.0,15.73,E:\FPTU\PRJ\VN-AV-DF-Capstone\data\clips\tier1\300-400\tier1_v3_clips_300_400\Qkdyus1My0Q_clip0005_t00116.mp4,tier1,1,1.0,0.0171312671154737,True,9,0.8374426364898682,189,0.65834480435809
Qkdyus1My0Q_clip0006_t00120,Qkdyus1My0Q,120.098,125.098,5.0,1.0,1.0,15.57,E:\FPTU\PRJ\VN-AV-DF-Capstone\data\clips\tier1\300-400\tier1_v3_clips_300_400\Qkdyus1My0Q_clip0006_t00120.mp4,tier1,1,1.0,0.0175507068634033,True,9,0.89658522605896,189,0.6699428254474249
Qkdyus1My0Q_clip0007_t00124,Qkdyus1My0Q,124.098,128.414,4.316,1.0,1.0,14.33,E:\FPTU\PRJ\VN-AV-DF-Capstone\data\clips\tier1\300-400\tier1_v3_clips_300_400\Qkdyus1My0Q_clip0007_t00124.mp4,tier1,1,1.0,0.0172571558505296,True,9,0.8822547197341919,189,0.6666013043671317
Qkdyus1My0Q_clip0008_t00130,Qkdyus1My0Q,130.274,134.782,4.508,1.0,1.0,12.6,E:\FPTU\PRJ\VN-AV-DF-Capstone\data\clips\tier1\300-400\tier1_v3_clips_300_400\Qkdyus1My0Q_clip0008_t00130.mp4,tier1,1,1.0,0.0178381502628326,True,9,0.8883789777755737,189,0.6692903650836232
Qkdyus1My0Q_clip0009_t00137,Qkdyus1My0Q,137.794,140.478,2.684,1.0,1.0,20.84,E:\FPTU\PRJ\VN-AV-DF-Capstone\data\clips\tier1\300-400\tier1_v3_clips_300_400\Qkdyus1My0Q_clip0009_t00137.mp4,tier1,1,1.0,0.0172613728791475,True,9,0.9096077680587769,189,0.6714399864777227
Qkdyus1My0Q_clip0010_t00140,Qkdyus1My0Q,140.77,147.71,6.94,1.0,1.0,16.4,E:\FPTU\PRJ\VN-AV-DF-Capstone\data\clips\tier1\300-400\tier1_v3_clips_300_400\Qkdyus1My0Q_clip0010_t00140.mp4,tier1,1,1.0,0.0178465712815523,True,9,0.8507736921310425,189,0.6626774492773897
Qkdyus1My0Q_clip0011_t00148,Qkdyus1My0Q,148.034,151.902,3.868,1.0,1.0,18.12,E:\FPTU\PRJ\VN-AV-DF-Capstone\data\clips\tier1\300-400\tier1_v3_clips_300_400\Qkdyus1My0Q_clip0011_t00148.mp4,tier1,1,1.0,0.01946572214365,True,9,0.9202537536621094,189,0.6794207715982367
Qkdyus1My0Q_clip0012_t00152,Qkdyus1My0Q,152.962,154.974,2.012,1.0,1.0,18.77,E:\FPTU\PRJ\VN-AV-DF-Capstone\data\clips\tier1\300-400\tier1_v3_clips_300_400\Qkdyus1My0Q_clip0012_t00152.mp4,tier1,1,1.0,0.0195577498525381,True,9,0.9507014751434326,189,0.6850486501117539
Qkdyus1My0Q_clip0013_t00155,Qkdyus1My0Q,155.17,157.406,2.236,1.0,1.0,15.04,E:\FPTU\PRJ\VN-AV-DF-Capstone\data\clips\tier1\300-400\tier1_v3_clips_300_400\Qkdyus1My0Q_clip0013_t00155.mp4,tier1,1,1.0,0.0189617443829774,True,9,0.923062026500702,189,0.6785212374305419
Qkdyus1My0Q_clip0014_t00159,Qkdyus1My0Q,159.042,162.206,3.164,1.0,1.0,18.57,E:\FPTU\PRJ\VN-AV-DF-Capstone\data\clips\tier1\300-400\tier1_v3_clips_300_400\Qkdyus1My0Q_clip0014_t00159.mp4,tier1,1,1.0,0.0266387537121772,True,9,0.8456298112869263,189,0.686108233557953
Qkdyus1My0Q_clip0015_t00172,Qkdyus1My0Q,172.482,175.102,2.62,1.0,1.0,15.05,E:\FPTU\PRJ\VN-AV-DF-Capstone\data\clips\tier1\300-400\tier1_v3_clips_300_400\Qkdyus1My0Q_clip0015_t00172.mp4,tier1,1,1.0,0.0235780775547027,True,9,0.7908205389976501,189,0.6679634423192661
cVabKjWav-Y_clip0056_t00774,cVabKjWav-Y,774.018,779.934,5.916,1.0,1.0,18.83,E:\FPTU\PRJ\VN-AV-DF-Capstone\data\clips\tier2\tier2_v3_clips_0_999-001\cVabKjWav-Y_clip0056_t00774.mp4,tier2,1,1.0,0.0191939491778612,True,9,0.9365914463996888,190,0.6815515716577227
cVabKjWav-Y_clip0057_t00780,cVabKjWav-Y,780.258,784.83,4.572,1.0,1.0,17.93,E:\FPTU\PRJ\VN-AV-DF-Capstone\data\clips\tier2\tier2_v3_clips_0_999-001\cVabKjWav-Y_clip0057_t00780.mp4,tier2,1,1.0,0.0149664878845214,True,9,0.9332607984542848,190,0.6692613477901999
ijoyJhqD740_clip0000_t00013,ijoyJhqD740,13.122,23.518,10.396,1.0,1.0,2.89,E:\FPTU\PRJ\VN-AV-DF-Capstone\data\clips\tier1\100-300\tier1_v3_clips_100_300\ijoyJhqD740_clip0000_t00013.mp4,tier1,1,1.0,0.0251627285033464,True,9,0.8697960376739502,191,0.686286927324693
Nw3N73GJ2Zo_clip0050_t00568,Nw3N73GJ2Zo,568.61,576.35,7.74,1.0,1.0,5.76,E:\FPTU\PRJ\VN-AV-DF-Capstone\data\clips\tier1\100-300\tier1_v3_clips_100_300\Nw3N73GJ2Zo_clip0050_t00568.mp4,tier1,1,1.0,0.014672034420073,True,9,0.9152194261550904,192,0.6652624698412103
Nw3N73GJ2Zo_clip0051_t00576,Nw3N73GJ2Zo,576.642,586.75,10.108,1.0,1.0,4.97,E:\FPTU\PRJ\VN-AV-DF-Capstone\data\clips\tier1\100-300\tier1_v3_clips_100_300\Nw3N73GJ2Zo_clip0051_t00576.mp4,tier1,1,1.0,0.0191929433494806,True,9,0.9852839708328248,192,0.6901415857519979
lq_tau31IE0_clip0035_t00663,lq_tau31IE0,663.842,667.07,3.228,1.0,1.0,5.3,E:\FPTU\PRJ\VN-AV-DF-Capstone\data\clips\tier1\100-300\tier1_v3_clips_100_300\lq_tau31IE0_clip0035_t00663.mp4,tier1,1,1.0,0.0185452401638031,True,9,0.4100264310836792,192,0.5868325767368935
3tEN20uif6g_clip0013_t00162,3tEN20uif6g,162.562,165.694,3.132,1.0,1.0,2.17,E:\FPTU\PRJ\VN-AV-DF-Capstone\data\clips\tier1\0-100\tier1_v3_clips_0_100\3tEN20uif6g_clip0013_t00162.mp4,tier1,1,1.0,0.015527524985373,True,9,0.7922871708869934,193,0.6459367122561832
3tEN20uif6g_clip0059_t00954,3tEN20uif6g,954.178,957.054,2.876,1.0,1.0,-1.12,E:\FPTU\PRJ\VN-AV-DF-Capstone\data\clips\tier1\0-100\tier1_v3_clips_0_100\3tEN20uif6g_clip0059_t00954.mp4,tier1,1,1.0,0.0530824400484561,True,9,0.9311298727989196,193,0.7743979179519819
3tEN20uif6g_clip0060_t00957,3tEN20uif6g,957.506,959.838,2.332,1.0,1.0,-0.51,E:\FPTU\PRJ\VN-AV-DF-Capstone\data\clips\tier1\0-100\tier1_v3_clips_0_100\3tEN20uif6g_clip0060_t00957.mp4,tier1,1,1.0,0.0516575016081333,True,9,0.9365984797477722,193,0.7714184502601575
3tEN20uif6g_clip0061_t00998,3tEN20uif6g,998.818,1002.558,3.74,1.0,1.0,1.53,E:\FPTU\PRJ\VN-AV-DF-Capstone\data\clips\tier1\0-100\tier1_v3_clips_0_100\3tEN20uif6g_clip0061_t00998.mp4,tier1,1,1.0,0.0526703521609306,True,9,0.934471845626831,193,0.7738469357715948
3tEN20uif6g_clip0062_t01003,3tEN20uif6g,1003.202,1005.662,2.46,1.0,1.0,-0.3,E:\FPTU\PRJ\VN-AV-DF-Capstone\data\clips\tier1\0-100\tier1_v3_clips_0_100\3tEN20uif6g_clip0062_t01003.mp4,tier1,1,1.0,0.0534027256071567,True,9,0.9406436085700988,193,0.7769634272950585
3tEN20uif6g_clip0063_t01005,3tEN20uif6g,1005.794,1008.094,2.3,1.0,1.0,-0.9,E:\FPTU\PRJ\VN-AV-DF-Capstone\data\clips\tier1\0-100\tier1_v3_clips_0_100\3tEN20uif6g_clip0063_t01005.mp4,tier1,1,1.0,0.0509424172341823,True,9,0.917232096195221,193,0.7660213559029256
3tEN20uif6g_clip0064_t01010,3tEN20uif6g,1010.242,1012.606,2.364,1.0,1.0,0.49,E:\FPTU\PRJ\VN-AV-DF-Capstone\data\clips\tier1\0-100\tier1_v3_clips_0_100\3tEN20uif6g_clip0064_t01010.mp4,tier1,1,1.0,0.0524781793355941,True,9,0.924301028251648,193,0.7715201126444888
3tEN20uif6g_clip0065_t01014,3tEN20uif6g,1014.338,1023.742,9.404,1.0,1.0,0.07,E:\FPTU\PRJ\VN-AV-DF-Capstone\data\clips\tier1\0-100\tier1_v3_clips_0_100\3tEN20uif6g_clip0065_t01014.mp4,tier1,1,1.0,0.0529402568936347,True,9,0.8937867283821106,193,0.7674143597426764
3tEN20uif6g_clip0066_t01025,3tEN20uif6g,1025.986,1033.246,7.26,1.0,1.0,1.61,E:\FPTU\PRJ\VN-AV-DF-Capstone\data\clips\tier1\0-100\tier1_v3_clips_0_100\3tEN20uif6g_clip0066_t01025.mp4,tier1,1,1.0,0.0520600602030754,True,9,0.9067221879959106,193,0.7672605265746112
3tEN20uif6g_clip0067_t01034,3tEN20uif6g,1034.562,1038.494,3.932,1.0,1.0,0.71,E:\FPTU\PRJ\VN-AV-DF-Capstone\data\clips\tier1\0-100\tier1_v3_clips_0_100\3tEN20uif6g_clip0067_t01034.mp4,tier1,1,1.0,0.0513835996389389,True,9,0.8973703384399414,193,0.7637376213905666
0rNleOYzisw_clip0021_t00223,0rNleOYzisw,223.298,228.298,5.0,1.0,1.0,9.36,E:\FPTU\PRJ\VN-AV-DF-Capstone\data\clips\tier2\tier2_v3_clips_0_999-001\0rNleOYzisw_clip0021_t00223.mp4,tier2,1,1.0,0.0122336959466338,True,9,0.9074617028236388,195,0.6571436489069513
0rNleOYzisw_clip0022_t00227,0rNleOYzisw,227.298,232.298,5.0,1.0,1.0,9.41,E:\FPTU\PRJ\VN-AV-DF-Capstone\data\clips\tier2\tier2_v3_clips_0_999-001\0rNleOYzisw_clip0022_t00227.mp4,tier2,1,1.0,0.023331556469202,True,9,0.4779867529869079,195,0.6120750601733369
0rNleOYzisw_clip0023_t00231,0rNleOYzisw,231.298,236.298,5.0,1.0,1.0,8.69,E:\FPTU\PRJ\VN-AV-DF-Capstone\data\clips\tier2\tier2_v3_clips_0_999-001\0rNleOYzisw_clip0023_t00231.mp4,tier2,1,1.0,0.023354222998023,True,9,0.479374349117279,195,0.6123826755858326
0rNleOYzisw_clip0026_t00308,0rNleOYzisw,308.034,315.198,7.164,1.0,1.0,8.79,E:\FPTU\PRJ\VN-AV-DF-Capstone\data\clips\tier2\tier2_v3_clips_0_999-001\0rNleOYzisw_clip0026_t00308.mp4,tier2,1,1.0,0.0121287144720554,True,9,0.878718912601471,195,0.6517807819888506
0rNleOYzisw_clip0027_t00315,0rNleOYzisw,315.522,318.91,3.388,1.0,1.0,9.46,E:\FPTU\PRJ\VN-AV-DF-Capstone\data\clips\tier2\tier2_v3_clips_0_999-001\0rNleOYzisw_clip0027_t00315.mp4,tier2,1,1.0,0.0121429525315761,True,9,0.8983197808265686,195,0.6552791725446744
0rNleOYzisw_clip0029_t00406,0rNleOYzisw,406.434,412.286,5.852,1.0,1.0,9.27,E:\FPTU\PRJ\VN-AV-DF-Capstone\data\clips\tier2\tier2_v3_clips_0_999-001\0rNleOYzisw_clip0029_t00406.mp4,tier2,1,1.0,0.0121149513870477,True,9,0.8961743116378784,195,0.6548230475393779
0rNleOYzisw_clip0030_t00412,0rNleOYzisw,412.418,418.75,6.332,1.0,1.0,9.87,E:\FPTU\PRJ\VN-AV-DF-Capstone\data\clips\tier2\tier2_v3_clips_0_999-001\0rNleOYzisw_clip0030_t00412.mp4,tier2,1,1.0,0.0121372072026133,True,9,0.9029455184936525,195,0.656079574966582
0rNleOYzisw_clip0031_t00419,0rNleOYzisw,419.17,426.046,6.876,1.0,1.0,9.24,E:\FPTU\PRJ\VN-AV-DF-Capstone\data\clips\tier2\tier2_v3_clips_0_999-001\0rNleOYzisw_clip0031_t00419.mp4,tier2,1,1.0,0.0121797220781445,True,9,0.8782145977020264,195,0.6518329845466941
0rNleOYzisw_clip0036_t00561,0rNleOYzisw,561.858,569.95,8.092,1.0,1.0,9.07,E:\FPTU\PRJ\VN-AV-DF-Capstone\data\clips\tier2\tier2_v3_clips_0_999-001\0rNleOYzisw_clip0036_t00561.mp4,tier2,1,1.0,0.0119864847511053,True,9,0.9033724665641784,195,0.6557376887068216
0rNleOYzisw_clip0037_t00570,0rNleOYzisw,570.114,572.222,2.108,1.0,1.0,11.33,E:\FPTU\PRJ\VN-AV-DF-Capstone\data\clips\tier2\tier2_v3_clips_0_999-001\0rNleOYzisw_clip0037_t00570.mp4,tier2,1,1.0,0.0120868049561977,True,9,0.8939495086669922,195,0.6543525202731335
0rNleOYzisw_clip0045_t00662,0rNleOYzisw,662.562,664.798,2.236,1.0,1.0,11.26,E:\FPTU\PRJ\VN-AV-DF-Capstone\data\clips\tier2\tier2_v3_clips_0_999-001\0rNleOYzisw_clip0045_t00662.mp4,tier2,1,1.0,0.011912003159523,True,9,0.9052035212516784,195,0.6558546359903297
0rNleOYzisw_clip0046_t00665,0rNleOYzisw,665.09,668.318,3.228,1.0,1.0,6.77,E:\FPTU\PRJ\VN-AV-DF-Capstone\data\clips\tier2\tier2_v3_clips_0_999-001\0rNleOYzisw_clip0046_t00665.mp4,tier2,1,1.0,0.0120551660656929,True,9,0.8827679753303528,195,0.6522917257003653
0rNleOYzisw_clip0054_t00788,0rNleOYzisw,788.386,794.974,6.588,1.0,1.0,9.41,E:\FPTU\PRJ\VN-AV-DF-Capstone\data\clips\tier2\tier2_v3_clips_0_999-001\0rNleOYzisw_clip0054_t00788.mp4,tier2,1,1.0,0.0118604535236954,True,9,0.9197775721549988,195,0.6582838275741558
0rNleOYzisw_clip0055_t00795,0rNleOYzisw,795.106,797.95,2.844,1.0,1.0,9.65,E:\FPTU\PRJ\VN-AV-DF-Capstone\data\clips\tier2\tier2_v3_clips_0_999-001\0rNleOYzisw_clip0055_t00795.mp4,tier2,1,1.0,0.0119747472926974,True,9,0.9016813635826112,195,0.6554067671251131
0rNleOYzisw_clip0067_t01027,0rNleOYzisw,1027.458,1032.574,5.116,1.0,1.0,11.9,E:\FPTU\PRJ\VN-AV-DF-Capstone\data\clips\tier2\tier2_v3_clips_0_999-001\0rNleOYzisw_clip0067_t01027.mp4,tier2,1,1.0,0.0120399976149201,True,9,0.8682806491851807,195,0.6496931494133826
0rNleOYzisw_clip0068_t01098,0rNleOYzisw,1098.37,1103.37,5.0,1.0,1.0,7.57,E:\FPTU\PRJ\VN-AV-DF-Capstone\data\clips\tier2\tier2_v3_clips_0_999-001\0rNleOYzisw_clip0068_t01098.mp4,tier2,1,1.0,0.0118229035288095,True,9,0.8994113206863403,195,0.6545858372649558
0rNleOYzisw_clip0069_t01102,0rNleOYzisw,1102.37,1106.462,4.092,1.0,1.0,7.23,E:\FPTU\PRJ\VN-AV-DF-Capstone\data\clips\tier2\tier2_v3_clips_0_999-001\0rNleOYzisw_clip0069_t01102.mp4,tier2,1,1.0,0.0153345828875899,True,9,0.4452379047870636,195,0.5841586216180925
7632179824886320404_clip0003_t00027,7632179824886320404,27.554,29.566,2.012,1.0,1.0,21.09,E:\FPTU\PRJ\VN-AV-DF-Capstone\data\clips\tier3\tier3_v3_clips_0_1262-001\7632179824886320404_clip0003_t00027.mp4,tier3,1,1.0,0.3967577219009399,True,9,0.8153672814369202,197,0.9674177555476919
7632179824886320404_clip0004_t00065,7632179824886320404,65.858,68.99,3.132,1.0,1.0,21.23,E:\FPTU\PRJ\VN-AV-DF-Capstone\data\clips\tier3\tier3_v3_clips_0_1262-001\7632179824886320404_clip0004_t00065.mp4,tier3,1,1.0,0.4049129486083984,True,9,0.955524444580078,197,0.992151372572955
7632179824886320404_clip0006_t00092,7632179824886320404,92.77,95.006,2.236,1.0,1.0,19.31,E:\FPTU\PRJ\VN-AV-DF-Capstone\data\clips\tier3\tier3_v3_clips_0_1262-001\7632179824886320404_clip0006_t00092.mp4,tier3,1,1.0,0.310821533203125,True,9,0.9485485553741456,197,0.9909203333013199
7632179824886320404_clip0007_t00097,7632179824886320404,97.026,102.558,5.532,1.0,1.0,16.94,E:\FPTU\PRJ\VN-AV-DF-Capstone\data\clips\tier3\tier3_v3_clips_0_1262-001\7632179824886320404_clip0007_t00097.mp4,tier3,1,1.0,0.3596585094928741,True,9,0.370658665895462,197,0.8889397645697875
mHTLamr-Zqk_clip0034_t00358,mHTLamr-Zqk,358.626,363.626,5.0,1.0,1.0,13.43,E:\FPTU\PRJ\VN-AV-DF-Capstone\data\clips\tier2\tier2_v3_clips_0_999-001\mHTLamr-Zqk_clip0034_t00358.mp4,tier2,1,1.0,0.058003406971693,True,9,0.4677248001098633,198,0.706242777608155
mHTLamr-Zqk_clip0044_t00461,mHTLamr-Zqk,461.154,471.326,10.172,1.0,1.0,14.07,E:\FPTU\PRJ\VN-AV-DF-Capstone\data\clips\tier2\tier2_v3_clips_0_999-001\mHTLamr-Zqk_clip0044_t00461.mp4,tier2,1,1.0,0.04258818551898,True,9,0.925810694694519,198,0.7444090338639379
mHTLamr-Zqk_clip0045_t00471,mHTLamr-Zqk,471.586,473.886,2.3,1.0,1.0,14.23,E:\FPTU\PRJ\VN-AV-DF-Capstone\data\clips\tier2\tier2_v3_clips_0_999-001\mHTLamr-Zqk_clip0045_t00471.mp4,tier2,1,1.0,0.0415968559682369,True,9,0.923802137374878,198,0.741310383145341
0rNleOYzisw_clip0005_t00054,0rNleOYzisw,54.658,57.278,2.62,1.0,1.0,7.11,E:\FPTU\PRJ\VN-AV-DF-Capstone\data\clips\tier2\tier2_v3_clips_0_999-001\0rNleOYzisw_clip0005_t00054.mp4,tier2,1,1.0,0.0120833106338977,True,9,0.894428551197052,199,0.6544273842038122
0rNleOYzisw_clip0006_t00057,0rNleOYzisw,57.538,66.59,9.052,1.0,1.0,7.69,E:\FPTU\PRJ\VN-AV-DF-Capstone\data\clips\tier2\tier2_v3_clips_0_999-001\0rNleOYzisw_clip0006_t00057.mp4,tier2,1,1.0,0.0116992462426424,True,9,0.9341939091682434,199,0.6603816328948214
0rNleOYzisw_clip0011_t00135,0rNleOYzisw,135.618,139.774,4.156,1.0,1.0,12.44,E:\FPTU\PRJ\VN-AV-DF-Capstone\data\clips\tier2\tier2_v3_clips_0_999-001\0rNleOYzisw_clip0011_t00135.mp4,tier2,1,1.0,0.0213888827711343,True,9,0.8716926574707031,199,0.6761748615081574
0rNleOYzisw_clip0012_t00141,0rNleOYzisw,141.122,143.998,2.876,1.0,1.0,8.77,E:\FPTU\PRJ\VN-AV-DF-Capstone\data\clips\tier2\tier2_v3_clips_0_999-001\0rNleOYzisw_clip0012_t00141.mp4,tier2,1,1.0,0.0216789711266756,True,9,0.8933661580085754,199,0.6808026197652487
0rNleOYzisw_clip0013_t00144,0rNleOYzisw,144.13,146.142,2.012,1.0,1.0,6.31,E:\FPTU\PRJ\VN-AV-DF-Capstone\data\clips\tier2\tier2_v3_clips_0_999-001\0rNleOYzisw_clip0013_t00144.mp4,tier2,1,1.0,0.0215101018548011,True,9,0.9093498587608336,199,0.6831558087564698
0rNleOYzisw_clip0014_t00147,0rNleOYzisw,147.266,151.262,3.996,1.0,1.0,7.46,E:\FPTU\PRJ\VN-AV-DF-Capstone\data\clips\tier2\tier2_v3_clips_0_999-001\0rNleOYzisw_clip0014_t00147.mp4,tier2,1,1.0,0.0218559019267559,True,9,0.887639582157135,199,0.6802818275691007
0rNleOYzisw_clip0032_t00488,0rNleOYzisw,488.034,492.83,4.796,1.0,1.0,10.39,E:\FPTU\PRJ\VN-AV-DF-Capstone\data\clips\tier2\tier2_v3_clips_0_999-001\0rNleOYzisw_clip0032_t00488.mp4,tier2,1,1.0,0.0210941415280103,True,9,0.8707186579704285,199,0.6751870762474144
0rNleOYzisw_clip0033_t00493,0rNleOYzisw,493.986,496.638,2.652,1.0,1.0,8.47,E:\FPTU\PRJ\VN-AV-DF-Capstone\data\clips\tier2\tier2_v3_clips_0_999-001\0rNleOYzisw_clip0033_t00493.mp4,tier2,1,1.0,0.0213983319699764,True,9,0.8956436514854431,199,0.680427664792187
0rNleOYzisw_clip0038_t00608,0rNleOYzisw,608.706,612.062,3.356,1.0,1.0,10.54,E:\FPTU\PRJ\VN-AV-DF-Capstone\data\clips\tier2\tier2_v3_clips_0_999-001\0rNleOYzisw_clip0038_t00608.mp4,tier2,1,1.0,0.0211581867188215,True,9,0.888927698135376,199,0.6785777262360401
0rNleOYzisw_clip0039_t00612,0rNleOYzisw,612.162,616.158,3.996,1.0,1.0,9.05,E:\FPTU\PRJ\VN-AV-DF-Capstone\data\clips\tier2\tier2_v3_clips_0_999-001\0rNleOYzisw_clip0039_t00612.mp4,tier2,1,1.0,0.0212457235902547,True,9,0.8905465602874756,199,0.6791057274449646
0rNleOYzisw_clip0040_t00616,0rNleOYzisw,616.386,619.038,2.652,1.0,1.0,7.57,E:\FPTU\PRJ\VN-AV-DF-Capstone\data\clips\tier2\tier2_v3_clips_0_999-001\0rNleOYzisw_clip0040_t00616.mp4,tier2,1,1.0,0.0216484107077121,True,9,0.9109672904014589,199,0.6838241045707192
0rNleOYzisw_clip0047_t00722,0rNleOYzisw,722.338,724.606,2.268,1.0,1.0,9.52,E:\FPTU\PRJ\VN-AV-DF-Capstone\data\clips\tier2\tier2_v3_clips_0_999-001\0rNleOYzisw_clip0047_t00722.mp4,tier2,1,1.0,0.0207962915301322,True,9,0.9156312942504884,199,0.6822883269370308
0rNleOYzisw_clip0048_t00724,0rNleOYzisw,724.706,726.814,2.108,1.0,1.0,8.69,E:\FPTU\PRJ\VN-AV-DF-Capstone\data\clips\tier2\tier2_v3_clips_0_999-001\0rNleOYzisw_clip0048_t00724.mp4,tier2,1,1.0,0.0213226377964019,True,9,0.8912033438682556,199,0.6794345444100995
0rNleOYzisw_clip0049_t00726,0rNleOYzisw,726.946,729.694,2.748,1.0,1.0,7.65,E:\FPTU\PRJ\VN-AV-DF-Capstone\data\clips\tier2\tier2_v3_clips_0_999-001\0rNleOYzisw_clip0049_t00726.mp4,tier2,1,1.0,0.0214253086596727,True,9,0.8732894062995911,199,0.6765574748933483
0rNleOYzisw_clip0050_t00730,0rNleOYzisw,730.018,732.702,2.684,1.0,1.0,10.43,E:\FPTU\PRJ\VN-AV-DF-Capstone\data\clips\tier2\tier2_v3_clips_0_999-001\0rNleOYzisw_clip0050_t00730.mp4,tier2,1,1.0,0.0213940907269716,True,9,0.9205201268196106,199,0.6848058904146159
0rNleOYzisw_clip0051_t00732,0rNleOYzisw,732.962,735.134,2.172,1.0,1.0,5.86,E:\FPTU\PRJ\VN-AV-DF-Capstone\data\clips\tier2\tier2_v3_clips_0_999-001\0rNleOYzisw_clip0051_t00732.mp4,tier2,1,1.0,0.0211200341582298,True,9,0.8709797263145447,199,0.6753048231358365
0rNleOYzisw_clip0057_t00868,0rNleOYzisw,868.77,872.158,3.388,1.0,1.0,10.48,E:\FPTU\PRJ\VN-AV-DF-Capstone\data\clips\tier2\tier2_v3_clips_0_999-001\0rNleOYzisw_clip0057_t00868.mp4,tier2,1,1.0,0.0140056889504194,True,9,0.8643580675125122,199,0.6544423577856827
0rNleOYzisw_clip0058_t00872,0rNleOYzisw,872.258,875.486,3.228,1.0,1.0,11.36,E:\FPTU\PRJ\VN-AV-DF-Capstone\data\clips\tier2\tier2_v3_clips_0_999-001\0rNleOYzisw_clip0058_t00872.mp4,tier2,1,1.0,0.014681096188724,True,9,0.8848483562469482,199,0.6599279540659817
0rNleOYzisw_clip0059_t00875,0rNleOYzisw,875.65,879.454,3.804,1.0,1.0,8.33,E:\FPTU\PRJ\VN-AV-DF-Capstone\data\clips\tier2\tier2_v3_clips_0_999-001\0rNleOYzisw_clip0059_t00875.mp4,tier2,1,1.0,0.0140770059078931,True,9,0.8859049677848816,199,0.6584421716224625
0rNleOYzisw_clip0060_t00946,0rNleOYzisw,946.498,949.406,2.908,1.0,1.0,9.62,E:\FPTU\PRJ\VN-AV-DF-Capstone\data\clips\tier2\tier2_v3_clips_0_999-001\0rNleOYzisw_clip0060_t00946.mp4,tier2,1,1.0,0.0140891801565885,True,9,0.887012243270874,199,0.6586712739458979
0rNleOYzisw_clip0061_t00949,0rNleOYzisw,949.666,952.83,3.164,1.0,1.0,7.86,E:\FPTU\PRJ\VN-AV-DF-Capstone\data\clips\tier2\tier2_v3_clips_0_999-001\0rNleOYzisw_clip0061_t00949.mp4,tier2,1,1.0,0.0141930300742387,True,9,0.878702700138092,199,0.6574923614243708
0rNleOYzisw_clip0062_t00952,0rNleOYzisw,952.93,955.742,2.812,1.0,1.0,5.77,E:\FPTU\PRJ\VN-AV-DF-Capstone\data\clips\tier2\tier2_v3_clips_0_999-001\0rNleOYzisw_clip0062_t00952.mp4,tier2,1,1.0,0.014062525704503,True,9,0.8955166935920715,199,0.6600982744165005
0rNleOYzisw_clip0063_t00955,0rNleOYzisw,955.842,958.078,2.236,1.0,1.0,5.69,E:\FPTU\PRJ\VN-AV-DF-Capstone\data\clips\tier2\tier2_v3_clips_0_999-001\0rNleOYzisw_clip0063_t00955.mp4,tier2,1,1.0,0.0143717592582106,True,9,0.8886998295783997,199,0.6597513190383344
0rNleOYzisw_clip0064_t00958,0rNleOYzisw,958.402,962.846,4.444,1.0,1.0,7.73,E:\FPTU\PRJ\VN-AV-DF-Capstone\data\clips\tier2\tier2_v3_clips_0_999-001\0rNleOYzisw_clip0064_t00958.mp4,tier2,1,1.0,0.0142025984823703,True,9,0.873030960559845,199,0.6565179534813799
RoXXg62YfpM_clip0000_t00007,RoXXg62YfpM,7.906,10.91,3.004,1.0,1.0,4.98,E:\FPTU\PRJ\VN-AV-DF-Capstone\data\clips\tier1\300-400\tier1_v3_clips_300_400\RoXXg62YfpM_clip0000_t00007.mp4,tier1,1,1.0,0.035660833120346,True,9,0.928614377975464,200,0.7257274978517855
RoXXg62YfpM_clip0001_t00014,RoXXg62YfpM,14.594,18.238,3.644,1.0,1.0,6.19,E:\FPTU\PRJ\VN-AV-DF-Capstone\data\clips\tier1\300-400\tier1_v3_clips_300_400\RoXXg62YfpM_clip0001_t00014.mp4,tier1,1,1.0,0.035550083965063,True,9,0.932382345199585,200,0.726085857324868
RoXXg62YfpM_clip0002_t00023,RoXXg62YfpM,23.458,26.558,3.1,1.0,1.0,6.52,E:\FPTU\PRJ\VN-AV-DF-Capstone\data\clips\tier1\300-400\tier1_v3_clips_300_400\RoXXg62YfpM_clip0002_t00023.mp4,tier1,1,1.0,0.0353962071239948,True,9,0.951967477798462,200,0.7291160951740964
RoXXg62YfpM_clip0003_t00027,RoXXg62YfpM,27.202,29.694,2.492,1.0,1.0,5.41,E:\FPTU\PRJ\VN-AV-DF-Capstone\data\clips\tier1\300-400\tier1_v3_clips_300_400\RoXXg62YfpM_clip0003_t00027.mp4,tier1,1,1.0,0.0356190092861652,True,9,0.9531536102294922,200,0.7299421738240239
RoXXg62YfpM_clip0004_t00029,RoXXg62YfpM,29.858,35.358,5.5,1.0,1.0,6.78,E:\FPTU\PRJ\VN-AV-DF-Capstone\data\clips\tier1\300-400\tier1_v3_clips_300_400\RoXXg62YfpM_clip0004_t00029.mp4,tier1,1,1.0,0.0356455296277999,True,9,0.9305801391601562,200,0.7260320337414223
RoXXg62YfpM_clip0005_t00035,RoXXg62YfpM,35.842,39.23,3.388,1.0,1.0,6.35,E:\FPTU\PRJ\VN-AV-DF-Capstone\data\clips\tier1\300-400\tier1_v3_clips_300_400\RoXXg62YfpM_clip0005_t00035.mp4,tier1,1,1.0,0.0356196947395801,True,9,0.9508747458457948,200,0.7295419187585345
RoXXg62YfpM_clip0006_t00040,RoXXg62YfpM,40.29,42.622,2.332,1.0,1.0,6.69,E:\FPTU\PRJ\VN-AV-DF-Capstone\data\clips\tier1\300-400\tier1_v3_clips_300_400\RoXXg62YfpM_clip0006_t00040.mp4,tier1,1,1.0,0.0354060605168342,True,9,0.959298014640808,200,0.7304369954943907
RoXXg62YfpM_clip0008_t00052,RoXXg62YfpM,52.898,57.694,4.796,1.0,1.0,6.29,E:\FPTU\PRJ\VN-AV-DF-Capstone\data\clips\tier1\300-400\tier1_v3_clips_300_400\RoXXg62YfpM_clip0008_t00052.mp4,tier1,1,1.0,0.0357840806245803,True,9,0.9338029026985168,200,0.7269842937228728
Wv2KVSy4j3E_clip0000_t00010,Wv2KVSy4j3E,10.882,13.566,2.684,1.0,1.0,7.15,E:\FPTU\PRJ\VN-AV-DF-Capstone\data\clips\tier1\400-440\tier1_v3_clips_400_440\Wv2KVSy4j3E_clip0000_t00010.mp4,tier1,1,1.0,0.0368724651634693,True,9,0.9364683628082277,200,0.7304675361758631
Wv2KVSy4j3E_clip0004_t00032,Wv2KVSy4j3E,32.514,35.358,2.844,1.0,1.0,8.01,E:\FPTU\PRJ\VN-AV-DF-Capstone\data\clips\tier1\400-440\tier1_v3_clips_400_440\Wv2KVSy4j3E_clip0004_t00032.mp4,tier1,1,1.0,0.0359169319272041,True,9,0.9364997148513794,200,0.7278279608550313
Wv2KVSy4j3E_clip0008_t00050,Wv2KVSy4j3E,50.562,52.574,2.012,1.0,1.0,5.9,E:\FPTU\PRJ\VN-AV-DF-Capstone\data\clips\tier1\400-440\tier1_v3_clips_400_440\Wv2KVSy4j3E_clip0008_t00050.mp4,tier1,1,1.0,0.0365222692489624,True,9,0.9379813075065612,200,0.7297651137454794
Wv2KVSy4j3E_clip0011_t00069,Wv2KVSy4j3E,69.122,71.23,2.108,1.0,1.0,8.88,E:\FPTU\PRJ\VN-AV-DF-Capstone\data\clips\tier1\400-440\tier1_v3_clips_400_440\Wv2KVSy4j3E_clip0011_t00069.mp4,tier1,1,1.0,0.0362061411142349,True,9,0.9234301447868348,200,0.7263221552906878
Wv2KVSy4j3E_clip0015_t00087,Wv2KVSy4j3E,87.234,89.662,2.428,1.0,1.0,7.82,E:\FPTU\PRJ\VN-AV-DF-Capstone\data\clips\tier1\400-440\tier1_v3_clips_400_440\Wv2KVSy4j3E_clip0015_t00087.mp4,tier1,1,1.0,0.0627957731485366,True,9,0.6266154050827026,200,0.7475485288463141
Wv2KVSy4j3E_clip0020_t00110,Wv2KVSy4j3E,110.53,114.91,4.38,1.0,1.0,7.43,E:\FPTU\PRJ\VN-AV-DF-Capstone\data\clips\tier1\400-440\tier1_v3_clips_400_440\Wv2KVSy4j3E_clip0020_t00110.mp4,tier1,1,1.0,0.0362424701452255,True,9,0.9313578009605408,200,0.7278217194979238
Wv2KVSy4j3E_clip0021_t00130,Wv2KVSy4j3E,130.21,133.502,3.292,1.0,1.0,9.22,E:\FPTU\PRJ\VN-AV-DF-Capstone\data\clips\tier1\400-440\tier1_v3_clips_400_440\Wv2KVSy4j3E_clip0021_t00130.mp4,tier1,1,1.0,0.0364527776837348,True,9,0.9507985711097716,200,0.7318346171746288
Wv2KVSy4j3E_clip0025_t00159,Wv2KVSy4j3E,159.906,162.142,2.236,1.0,1.0,7.58,E:\FPTU\PRJ\VN-AV-DF-Capstone\data\clips\tier1\400-440\tier1_v3_clips_400_440\Wv2KVSy4j3E_clip0025_t00159.mp4,tier1,1,1.0,0.0360802412033081,True,9,0.9462457299232484,200,0.7299999187647194
_UEZaDjz02I_clip0003_t00025,_UEZaDjz02I,25.954,28.158,2.204,1.0,1.0,7.99,E:\FPTU\PRJ\VN-AV-DF-Capstone\data\clips\tier1\440-9999\tier1_v3_clips_440_9999\_UEZaDjz02I_clip0003_t00025.mp4,tier1,1,1.0,0.0360483974218368,True,9,0.9594817757606506,200,0.7322475415727033
_UEZaDjz02I_clip0053_t00541,_UEZaDjz02I,541.698,546.526,4.828,1.0,1.0,7.89,E:\FPTU\PRJ\VN-AV-DF-Capstone\data\clips\tier1\440-9999\tier1_v3_clips_440_9999\_UEZaDjz02I_clip0053_t00541.mp4,tier1,1,1.0,0.0359955243766307,True,9,0.9495575428009032,200,0.7303498431293295
_UEZaDjz02I_clip0056_t00580,_UEZaDjz02I,580.866,585.63,4.764,1.0,1.0,7.78,E:\FPTU\PRJ\VN-AV-DF-Capstone\data\clips\tier1\440-9999\tier1_v3_clips_440_9999\_UEZaDjz02I_clip0056_t00580.mp4,tier1,1,1.0,0.0358356572687625,True,9,0.946857452392578,200,0.729430812303138
_UEZaDjz02I_clip0060_t00614,_UEZaDjz02I,614.53,616.99,2.46,1.0,1.0,8.08,E:\FPTU\PRJ\VN-AV-DF-Capstone\data\clips\tier1\440-9999\tier1_v3_clips_440_9999\_UEZaDjz02I_clip0060_t00614.mp4,tier1,1,1.0,0.0358746536076068,True,9,0.9490494132041932,200,0.7299255786200833
_UEZaDjz02I_clip0064_t00647,_UEZaDjz02I,647.682,650.334,2.652,1.0,1.0,7.59,E:\FPTU\PRJ\VN-AV-DF-Capstone\data\clips\tier1\440-9999\tier1_v3_clips_440_9999\_UEZaDjz02I_clip0064_t00647.mp4,tier1,1,1.0,0.0356388539075851,True,9,0.9411653876304626,200,0.7278815390304002
_UEZaDjz02I_clip0066_t00666,_UEZaDjz02I,666.754,669.79,3.036,1.0,1.0,8.37,E:\FPTU\PRJ\VN-AV-DF-Capstone\data\clips\tier1\440-9999\tier1_v3_clips_440_9999\_UEZaDjz02I_clip0066_t00666.mp4,tier1,1,1.0,0.0355681926012039,True,9,0.9473258256912231,200,0.7287730704616944
_UEZaDjz02I_clip0068_t00688,_UEZaDjz02I,688.61,694.398,5.788,1.0,1.0,8.1,E:\FPTU\PRJ\VN-AV-DF-Capstone\data\clips\tier1\440-9999\tier1_v3_clips_440_9999\_UEZaDjz02I_clip0068_t00688.mp4,tier1,1,1.0,0.0359564833343029,True,9,0.9382237195968628,200,0.7282416832302003
okygVjgD02Y_clip0000_t00009,okygVjgD02Y,9.602,13.79,4.188,1.0,1.0,8.23,E:\FPTU\PRJ\VN-AV-DF-Capstone\data\clips\tier1\300-400\tier1_v3_clips_300_400\okygVjgD02Y_clip0000_t00009.mp4,tier1,1,1.0,0.0350003764033317,True,9,0.9493690133094788,200,0.7275618036311482
okygVjgD02Y_clip0003_t00031,okygVjgD02Y,31.714,37.246,5.532,1.0,1.0,7.93,E:\FPTU\PRJ\VN-AV-DF-Capstone\data\clips\tier1\300-400\tier1_v3_clips_300_400\okygVjgD02Y_clip0003_t00031.mp4,tier1,1,1.0,0.0350988283753395,True,9,0.9461730122566224,200,0.7272703382900523
okygVjgD02Y_clip0006_t00056,okygVjgD02Y,56.45,59.646,3.196,1.0,1.0,7.23,E:\FPTU\PRJ\VN-AV-DF-Capstone\data\clips\tier1\300-400\tier1_v3_clips_300_400\okygVjgD02Y_clip0006_t00056.mp4,tier1,1,1.0,0.0354157537221908,True,9,0.9487694501876832,200,0.7286058462725739
okygVjgD02Y_clip0009_t00076,okygVjgD02Y,76.834,79.038,2.204,1.0,1.0,6.1,E:\FPTU\PRJ\VN-AV-DF-Capstone\data\clips\tier1\300-400\tier1_v3_clips_300_400\okygVjgD02Y_clip0009_t00076.mp4,tier1,1,1.0,0.03518907725811,True,9,0.9404027462005616,200,0.7265018830899593
okygVjgD02Y_clip0012_t00093,okygVjgD02Y,93.922,96.574,2.652,1.0,1.0,7.89,E:\FPTU\PRJ\VN-AV-DF-Capstone\data\clips\tier1\300-400\tier1_v3_clips_300_400\okygVjgD02Y_clip0012_t00093.mp4,tier1,1,1.0,0.0489474982023239,True,9,0.7599591016769409,200,0.7327449612417829
okygVjgD02Y_clip0017_t00115,okygVjgD02Y,115.714,119.518,3.804,1.0,1.0,8.73,E:\FPTU\PRJ\VN-AV-DF-Capstone\data\clips\tier1\300-400\tier1_v3_clips_300_400\okygVjgD02Y_clip0017_t00115.mp4,tier1,1,1.0,0.0351377613842487,True,9,0.9479122161865234,200,0.7276850310237659
okygVjgD02Y_clip0022_t00139,okygVjgD02Y,139.874,144.638,4.764,1.0,1.0,8.23,E:\FPTU\PRJ\VN-AV-DF-Capstone\data\clips\tier1\300-400\tier1_v3_clips_300_400\okygVjgD02Y_clip0022_t00139.mp4,tier1,1,1.0,0.0355200842022895,True,9,0.936450719833374,200,0.7267207604171559
3tEN20uif6g_clip0040_t00504,3tEN20uif6g,504.578,508.158,3.58,1.0,1.0,7.12,E:\FPTU\PRJ\VN-AV-DF-Capstone\data\clips\tier1\0-100\tier1_v3_clips_0_100\3tEN20uif6g_clip0040_t00504.mp4,tier1,1,1.0,0.0681005790829658,True,9,0.8725240230560303,201,0.8056289362612699
3tEN20uif6g_clip0042_t00558,3tEN20uif6g,558.754,564.382,5.628,1.0,1.0,3.82,E:\FPTU\PRJ\VN-AV-DF-Capstone\data\clips\tier1\0-100\tier1_v3_clips_0_100\3tEN20uif6g_clip0042_t00558.mp4,tier1,1,1.0,0.0842275843024253,True,9,0.8791201114654541,201,0.8514357434024433
3tEN20uif6g_clip0043_t00564,3tEN20uif6g,564.706,569.438,4.732,1.0,1.0,5.7,E:\FPTU\PRJ\VN-AV-DF-Capstone\data\clips\tier1\0-100\tier1_v3_clips_0_100\3tEN20uif6g_clip0043_t00564.mp4,tier1,1,1.0,0.0822470933198928,True,9,0.9487475156784058,201,0.8582405353164058
2A2WBpeuVNw_clip0017_t00299,2A2WBpeuVNw,299.074,304.958,5.884,1.0,1.0,8.48,E:\FPTU\PRJ\VN-AV-DF-Capstone\data\clips\tier1\0-100\tier1_v3_clips_0_100\2A2WBpeuVNw_clip0017_t00299.mp4,tier1,1,1.0,0.0314395278692245,True,9,0.383364737033844,202,0.6178215516764005
2A2WBpeuVNw_clip0019_t00332,2A2WBpeuVNw,332.866,334.91,2.044,1.0,1.0,9.21,E:\FPTU\PRJ\VN-AV-DF-Capstone\data\clips\tier1\0-100\tier1_v3_clips_0_100\2A2WBpeuVNw_clip0019_t00332.mp4,tier1,1,1.0,0.0567883923649787,True,9,0.9872502088546752,202,0.7945603274760611
2A2WBpeuVNw_clip0020_t00335,2A2WBpeuVNw,335.17,340.67,5.5,1.0,1.0,8.79,E:\FPTU\PRJ\VN-AV-DF-Capstone\data\clips\tier1\0-100\tier1_v3_clips_0_100\2A2WBpeuVNw_clip0020_t00335.mp4,tier1,1,1.0,0.0400094762444496,True,9,0.4129582047462463,202,0.6467672677620835
2A2WBpeuVNw_clip0021_t00343,2A2WBpeuVNw,343.65,346.014,2.364,1.0,1.0,9.49,E:\FPTU\PRJ\VN-AV-DF-Capstone\data\clips\tier1\0-100\tier1_v3_clips_0_100\2A2WBpeuVNw_clip0021_t00343.mp4,tier1,1,1.0,0.0540282800793647,True,9,0.9717175960540771,202,0.7841787326437808
0wOdyRpc0wc_clip0027_t00246,0wOdyRpc0wc,246.114,248.318,2.204,1.0,1.0,23.51,E:\FPTU\PRJ\VN-AV-DF-Capstone\data\clips\tier1\0-100\tier1_v3_clips_0_100\0wOdyRpc0wc_clip0027_t00246.mp4,tier1,1,1.0,0.018233198672533,True,9,0.8560523986816406,203,0.6646792480473828
MpVfVbPdmis_clip0014_t00210,MpVfVbPdmis,210.882,215.882,5.0,1.0,1.0,5.82,E:\FPTU\PRJ\VN-AV-DF-Capstone\data\clips\tier1\100-300\tier1_v3_clips_100_300\MpVfVbPdmis_clip0014_t00210.mp4,tier1,1,1.0,0.0305902995169162,True,9,0.8054192662239075,204,0.6899509279588122
MpVfVbPdmis_clip0017_t00242,MpVfVbPdmis,242.242,245.31,3.068,1.0,1.0,4.18,E:\FPTU\PRJ\VN-AV-DF-Capstone\data\clips\tier1\100-300\tier1_v3_clips_100_300\MpVfVbPdmis_clip0017_t00242.mp4,tier1,1,1.0,0.0666265413165092,True,9,0.9490244388580322,204,0.8150485768588024
MpVfVbPdmis_clip0018_t00249,MpVfVbPdmis,249.762,253.438,3.676,1.0,1.0,5.12,E:\FPTU\PRJ\VN-AV-DF-Capstone\data\clips\tier1\100-300\tier1_v3_clips_100_300\MpVfVbPdmis_clip0018_t00249.mp4,tier1,1,1.0,0.066442884504795,True,9,0.9405447840690612,204,0.8130437682252816
MpVfVbPdmis_clip0019_t00253,MpVfVbPdmis,253.922,258.75,4.828,1.0,1.0,5.58,E:\FPTU\PRJ\VN-AV-DF-Capstone\data\clips\tier1\100-300\tier1_v3_clips_100_300\MpVfVbPdmis_clip0019_t00253.mp4,tier1,1,1.0,0.065427079796791,True,9,0.9338817596435548,204,0.8090559888044477
MpVfVbPdmis_clip0020_t00258,MpVfVbPdmis,258.914,261.406,2.492,1.0,1.0,4.78,E:\FPTU\PRJ\VN-AV-DF-Capstone\data\clips\tier1\100-300\tier1_v3_clips_100_300\MpVfVbPdmis_clip0020_t00258.mp4,tier1,1,1.0,0.0670449957251548,True,9,0.7989699244499207,204,0.7897267343349954
MpVfVbPdmis_clip0021_t00261,MpVfVbPdmis,261.57,265.662,4.092,1.0,1.0,5.14,E:\FPTU\PRJ\VN-AV-DF-Capstone\data\clips\tier1\100-300\tier1_v3_clips_100_300\MpVfVbPdmis_clip0021_t00261.mp4,tier1,1,1.0,0.0635559111833572,True,9,0.9497759938240052,204,0.8066810828835335
0rNleOYzisw_clip0018_t00189,0rNleOYzisw,189.026,194.026,5.0,1.0,1.0,12.45,E:\FPTU\PRJ\VN-AV-DF-Capstone\data\clips\tier2\tier2_v3_clips_0_999-001\0rNleOYzisw_clip0018_t00189.mp4,tier2,1,1.0,0.0338643155992031,True,9,0.8840066194534302,205,0.7128824189155689
lq_tau31IE0_clip0050_t00802,lq_tau31IE0,802.786,810.366,7.58,1.0,1.0,4.68,E:\FPTU\PRJ\VN-AV-DF-Capstone\data\clips\tier1\100-300\tier1_v3_clips_100_300\lq_tau31IE0_clip0050_t00802.mp4,tier1,1,1.0,0.0221620220690965,True,9,0.3149329721927643,206,0.5800633572983183
lq_tau31IE0_clip0051_t00810,lq_tau31IE0,810.626,813.406,2.78,1.0,1.0,4.65,E:\FPTU\PRJ\VN-AV-DF-Capstone\data\clips\tier1\100-300\tier1_v3_clips_100_300\lq_tau31IE0_clip0051_t00810.mp4,tier1,1,1.0,0.0225749537348747,True,9,0.937275767326355,206,0.6910316342785152
lq_tau31IE0_clip0052_t00813,lq_tau31IE0,813.538,820.158,6.62,1.0,1.0,5.41,E:\FPTU\PRJ\VN-AV-DF-Capstone\data\clips\tier1\100-300\tier1_v3_clips_100_300\lq_tau31IE0_clip0052_t00813.mp4,tier1,1,1.0,0.021418385207653,True,9,0.7804586887359619,206,0.660156418051973
lq_tau31IE0_clip0053_t00821,lq_tau31IE0,821.378,829.086,7.708,1.0,1.0,5.0,E:\FPTU\PRJ\VN-AV-DF-Capstone\data\clips\tier1\100-300\tier1_v3_clips_100_300\lq_tau31IE0_clip0053_t00821.mp4,tier1,1,1.0,0.0135868350043892,True,9,0.4571929574012756,206,0.5814302193945337
UnodrLYWJYI_clip0077_t00817,UnodrLYWJYI,817.282,821.118,3.836,1.0,1.0,16.24,E:\FPTU\PRJ\VN-AV-DF-Capstone\data\clips\tier2\tier2_v3_clips_0_999-001\UnodrLYWJYI_clip0077_t00817.mp4,tier2,1,1.0,0.0584364272654056,True,9,0.7844802141189575,207,0.7633394790434226
UnodrLYWJYI_clip0078_t00823,UnodrLYWJYI,823.234,827.518,4.284,1.0,1.0,15.82,E:\FPTU\PRJ\VN-AV-DF-Capstone\data\clips\tier2\tier2_v3_clips_0_999-001\UnodrLYWJYI_clip0078_t00823.mp4,tier2,1,1.0,0.0548449009656906,True,9,0.6771514415740967,207,0.7344570408205606
UnodrLYWJYI_clip0079_t00827,UnodrLYWJYI,827.714,830.014,2.3,1.0,1.0,15.61,E:\FPTU\PRJ\VN-AV-DF-Capstone\data\clips\tier2\tier2_v3_clips_0_999-001\UnodrLYWJYI_clip0079_t00827.mp4,tier2,1,1.0,0.0557886026799678,True,9,0.7268884778022766,207,0.7458465208644779
UnodrLYWJYI_clip0061_t00628,UnodrLYWJYI,628.962,636.382,7.42,1.0,1.0,12.54,E:\FPTU\PRJ\VN-AV-DF-Capstone\data\clips\tier2\tier2_v3_clips_0_999-001\UnodrLYWJYI_clip0061_t00628.mp4,tier2,1,1.0,0.0228884946554899,True,9,0.856725811958313,208,0.6776848805539013
UnodrLYWJYI_clip0080_t00853,UnodrLYWJYI,853.154,863.71,10.556,1.0,1.0,17.65,E:\FPTU\PRJ\VN-AV-DF-Capstone\data\clips\tier2\tier2_v3_clips_0_999-001\UnodrLYWJYI_clip0080_t00853.mp4,tier2,1,1.0,0.0226687733083963,True,9,0.825641393661499,208,0.671591162125305
UnodrLYWJYI_clip0081_t00863,UnodrLYWJYI,863.97,868.222,4.252,1.0,1.0,16.95,E:\FPTU\PRJ\VN-AV-DF-Capstone\data\clips\tier2\tier2_v3_clips_0_999-001\UnodrLYWJYI_clip0081_t00863.mp4,tier2,1,1.0,0.0232674516737461,True,9,0.8510449528694153,208,0.6777314051954503
mHTLamr-Zqk_clip0009_t00132,mHTLamr-Zqk,132.546,137.546,5.0,1.0,1.0,15.83,E:\FPTU\PRJ\VN-AV-DF-Capstone\data\clips\tier2\tier2_v3_clips_0_999-001\mHTLamr-Zqk_clip0009_t00132.mp4,tier2,1,1.0,0.0249215401709079,True,9,0.8829167485237122,208,0.6879346891098916
mHTLamr-Zqk_clip0010_t00136,mHTLamr-Zqk,136.546,141.546,5.0,1.0,1.0,13.86,E:\FPTU\PRJ\VN-AV-DF-Capstone\data\clips\tier2\tier2_v3_clips_0_999-001\mHTLamr-Zqk_clip0010_t00136.mp4,tier2,1,1.0,0.0244070366024971,True,9,0.8630644679069519,208,0.6830070961929714
mHTLamr-Zqk_clip0011_t00140,mHTLamr-Zqk,140.546,145.546,5.0,1.0,1.0,13.64,E:\FPTU\PRJ\VN-AV-DF-Capstone\data\clips\tier2\tier2_v3_clips_0_999-001\mHTLamr-Zqk_clip0011_t00140.mp4,tier2,1,0.7777777777777778,0.0246974434703588,True,9,0.8344221711158752,208,0.5741813144053177
mHTLamr-Zqk_clip0012_t00165,mHTLamr-Zqk,165.09,177.022,11.932,1.0,1.0,16.13,E:\FPTU\PRJ\VN-AV-DF-Capstone\data\clips\tier2\tier2_v3_clips_0_999-001\mHTLamr-Zqk_clip0012_t00165.mp4,tier2,1,1.0,0.0252396706491708,True,9,0.8693257570266724,208,0.6864169279451652
mHTLamr-Zqk_clip0022_t00283,mHTLamr-Zqk,283.234,288.234,5.0,1.0,1.0,15.64,E:\FPTU\PRJ\VN-AV-DF-Capstone\data\clips\tier2\tier2_v3_clips_0_999-001\mHTLamr-Zqk_clip0022_t00283.mp4,tier2,1,1.0,0.0246412232518196,True,9,0.8802821040153503,208,0.6866937782755516
mHTLamr-Zqk_clip0023_t00287,mHTLamr-Zqk,287.234,292.234,5.0,1.0,1.0,14.05,E:\FPTU\PRJ\VN-AV-DF-Capstone\data\clips\tier2\tier2_v3_clips_0_999-001\mHTLamr-Zqk_clip0023_t00287.mp4,tier2,1,1.0,0.0241442359983921,True,9,0.844544529914856,208,0.679011386953446
mHTLamr-Zqk_clip0029_t00331,mHTLamr-Zqk,331.554,336.554,5.0,1.0,1.0,16.23,E:\FPTU\PRJ\VN-AV-DF-Capstone\data\clips\tier2\tier2_v3_clips_0_999-001\mHTLamr-Zqk_clip0029_t00331.mp4,tier2,1,1.0,0.0246957261115312,True,9,0.8834373950958252,208,0.6874014692178595
mHTLamr-Zqk_clip0030_t00335,mHTLamr-Zqk,335.554,340.554,5.0,1.0,1.0,14.88,E:\FPTU\PRJ\VN-AV-DF-Capstone\data\clips\tier2\tier2_v3_clips_0_999-001\mHTLamr-Zqk_clip0030_t00335.mp4,tier2,1,1.0,0.0250856894999742,True,9,0.8657795786857605,208,0.685364881000333
mHTLamr-Zqk_clip0031_t00339,mHTLamr-Zqk,339.554,344.554,5.0,1.0,1.0,14.9,E:\FPTU\PRJ\VN-AV-DF-Capstone\data\clips\tier2\tier2_v3_clips_0_999-001\mHTLamr-Zqk_clip0031_t00339.mp4,tier2,1,1.0,0.0252308174967765,True,9,0.8431508541107178,208,0.6817733201255132
mHTLamr-Zqk_clip0032_t00343,mHTLamr-Zqk,343.554,347.902,4.348,1.0,1.0,14.45,E:\FPTU\PRJ\VN-AV-DF-Capstone\data\clips\tier2\tier2_v3_clips_0_999-001\mHTLamr-Zqk_clip0032_t00343.mp4,tier2,1,1.0,0.0247776862233877,True,9,0.8523304462432861,208,0.6821388897170322
mHTLamr-Zqk_clip0047_t00508,mHTLamr-Zqk,508.066,513.066,5.0,1.0,1.0,14.85,E:\FPTU\PRJ\VN-AV-DF-Capstone\data\clips\tier2\tier2_v3_clips_0_999-001\mHTLamr-Zqk_clip0047_t00508.mp4,tier2,1,1.0,0.0250789150595664,True,9,0.90135657787323,208,0.6916244219620642
mHTLamr-Zqk_clip0048_t00512,mHTLamr-Zqk,512.066,517.066,5.0,1.0,1.0,13.62,E:\FPTU\PRJ\VN-AV-DF-Capstone\data\clips\tier2\tier2_v3_clips_0_999-001\mHTLamr-Zqk_clip0048_t00512.mp4,tier2,1,1.0,0.0251476988196373,True,9,0.8942349553108215,208,0.6905580723108387
mHTLamr-Zqk_clip0050_t00549,mHTLamr-Zqk,549.442,554.442,5.0,1.0,1.0,16.22,E:\FPTU\PRJ\VN-AV-DF-Capstone\data\clips\tier2\tier2_v3_clips_0_999-001\mHTLamr-Zqk_clip0050_t00549.mp4,tier2,1,1.0,0.0247018598020076,True,9,0.90293151140213,208,0.690858586677505
mHTLamr-Zqk_clip0051_t00553,mHTLamr-Zqk,553.442,558.442,5.0,1.0,1.0,14.93,E:\FPTU\PRJ\VN-AV-DF-Capstone\data\clips\tier2\tier2_v3_clips_0_999-001\mHTLamr-Zqk_clip0051_t00553.mp4,tier2,1,1.0,0.0248768739402294,True,9,0.8963726758956909,208,0.6901856194252534
mHTLamr-Zqk_clip0056_t00598,mHTLamr-Zqk,598.306,603.306,5.0,1.0,1.0,15.97,E:\FPTU\PRJ\VN-AV-DF-Capstone\data\clips\tier2\tier2_v3_clips_0_999-001\mHTLamr-Zqk_clip0056_t00598.mp4,tier2,1,1.0,0.0247536655515432,True,9,0.9002066850662231,208,0.6905211436974381
mHTLamr-Zqk_clip0057_t00602,mHTLamr-Zqk,602.306,607.306,5.0,1.0,1.0,15.46,E:\FPTU\PRJ\VN-AV-DF-Capstone\data\clips\tier2\tier2_v3_clips_0_999-001\mHTLamr-Zqk_clip0057_t00602.mp4,tier2,1,1.0,0.0251065269112586,True,9,0.9170597791671752,208,0.6944720102863036
mHTLamr-Zqk_clip0058_t00638,mHTLamr-Zqk,638.114,643.114,5.0,1.0,1.0,17.38,E:\FPTU\PRJ\VN-AV-DF-Capstone\data\clips\tier2\tier2_v3_clips_0_999-001\mHTLamr-Zqk_clip0058_t00638.mp4,tier2,1,1.0,0.0254622418433427,True,9,0.9007800221443176,208,0.6925838024092454
mHTLamr-Zqk_clip0059_t00642,mHTLamr-Zqk,642.114,647.114,5.0,1.0,1.0,15.1,E:\FPTU\PRJ\VN-AV-DF-Capstone\data\clips\tier2\tier2_v3_clips_0_999-001\mHTLamr-Zqk_clip0059_t00642.mp4,tier2,1,1.0,0.0249727796763181,True,9,0.8798069357872009,208,0.6875277398757087
mHTLamr-Zqk_clip0060_t00646,mHTLamr-Zqk,646.114,651.114,5.0,1.0,1.0,15.18,E:\FPTU\PRJ\VN-AV-DF-Capstone\data\clips\tier2\tier2_v3_clips_0_999-001\mHTLamr-Zqk_clip0060_t00646.mp4,tier2,1,1.0,0.0246008560061454,True,9,0.8670679926872253,208,0.6842501316277194
mHTLamr-Zqk_clip0061_t00652,mHTLamr-Zqk,652.578,657.022,4.444,1.0,1.0,14.85,E:\FPTU\PRJ\VN-AV-DF-Capstone\data\clips\tier2\tier2_v3_clips_0_999-001\mHTLamr-Zqk_clip0061_t00652.mp4,tier2,1,1.0,0.0247851368039846,True,9,0.8455877304077148,208,0.680969623391683
mHTLamr-Zqk_clip0062_t00657,mHTLamr-Zqk,657.314,661.342,4.028,1.0,1.0,14.42,E:\FPTU\PRJ\VN-AV-DF-Capstone\data\clips\tier2\tier2_v3_clips_0_999-001\mHTLamr-Zqk_clip0062_t00657.mp4,tier2,1,1.0,0.0254539344459772,True,9,0.8437927961349487,208,0.6825042365680045
mHTLamr-Zqk_clip0096_t00908,mHTLamr-Zqk,908.194,913.194,5.0,1.0,1.0,16.76,E:\FPTU\PRJ\VN-AV-DF-Capstone\data\clips\tier2\tier2_v3_clips_0_999-001\mHTLamr-Zqk_clip0096_t00908.mp4,tier2,1,1.0,0.0250615794211626,True,9,0.8803914189338684,208,0.6878766995004921
mHTLamr-Zqk_clip0097_t00912,mHTLamr-Zqk,912.194,917.194,5.0,1.0,1.0,15.48,E:\FPTU\PRJ\VN-AV-DF-Capstone\data\clips\tier2\tier2_v3_clips_0_999-001\mHTLamr-Zqk_clip0097_t00912.mp4,tier2,1,1.0,0.0249525923281908,True,9,0.8590560555458069,208,0.6838099371963822
mHTLamr-Zqk_clip0098_t00950,mHTLamr-Zqk,950.466,955.466,5.0,1.0,1.0,15.14,E:\FPTU\PRJ\VN-AV-DF-Capstone\data\clips\tier2\tier2_v3_clips_0_999-001\mHTLamr-Zqk_clip0098_t00950.mp4,tier2,1,1.0,0.0248748045414686,True,9,0.9014657139778136,208,0.691078662339847
mHTLamr-Zqk_clip0099_t00954,mHTLamr-Zqk,954.466,959.466,5.0,1.0,1.0,14.35,E:\FPTU\PRJ\VN-AV-DF-Capstone\data\clips\tier2\tier2_v3_clips_0_999-001\mHTLamr-Zqk_clip0099_t00954.mp4,tier2,1,1.0,0.0252381525933742,True,9,0.8545051217079163,208,0.6837973194289104
mHTLamr-Zqk_clip0100_t00958,mHTLamr-Zqk,958.466,963.466,5.0,1.0,1.0,14.59,E:\FPTU\PRJ\VN-AV-DF-Capstone\data\clips\tier2\tier2_v3_clips_0_999-001\mHTLamr-Zqk_clip0100_t00958.mp4,tier2,1,1.0,0.0246936753392219,True,9,0.8686419725418091,208,0.6847848353466606
mHTLamr-Zqk_clip0101_t00962,mHTLamr-Zqk,962.466,967.466,5.0,1.0,1.0,14.21,E:\FPTU\PRJ\VN-AV-DF-Capstone\data\clips\tier2\tier2_v3_clips_0_999-001\mHTLamr-Zqk_clip0101_t00962.mp4,tier2,1,1.0,0.0250560082495212,True,9,0.8530170917510986,208,0.6830305137572452
y3vBfCdY2tQ_clip0036_t00324,y3vBfCdY2tQ,324.098,327.646,3.548,1.0,1.0,6.07,E:\FPTU\PRJ\VN-AV-DF-Capstone\data\clips\tier1\440-9999\tier1_v3_clips_440_9999\y3vBfCdY2tQ_clip0036_t00324.mp4,tier1,1,1.0,0.1037232130765914,True,9,0.9245131015777588,209,0.9134140896105207
y3vBfCdY2tQ_clip0037_t00327,y3vBfCdY2tQ,327.746,330.462,2.716,1.0,1.0,8.3,E:\FPTU\PRJ\VN-AV-DF-Capstone\data\clips\tier1\440-9999\tier1_v3_clips_440_9999\y3vBfCdY2tQ_clip0037_t00327.mp4,tier1,1,1.0,0.0932043641805648,True,9,0.4386012256145477,209,0.7985466472803308
MpVfVbPdmis_clip0047_t00613,MpVfVbPdmis,613.41,618.41,5.0,1.0,1.0,4.82,E:\FPTU\PRJ\VN-AV-DF-Capstone\data\clips\tier1\100-300\tier1_v3_clips_100_300\MpVfVbPdmis_clip0047_t00613.mp4,tier1,1,1.0,0.0716446563601493,True,9,0.9570454359054564,211,0.8303551978722468
MpVfVbPdmis_clip0048_t00617,MpVfVbPdmis,617.41,622.41,5.0,1.0,1.0,4.55,E:\FPTU\PRJ\VN-AV-DF-Capstone\data\clips\tier1\100-300\tier1_v3_clips_100_300\MpVfVbPdmis_clip0048_t00617.mp4,tier1,1,1.0,0.0722259953618049,True,9,0.937210500240326,211,0.8284641782978173
MpVfVbPdmis_clip0049_t00621,MpVfVbPdmis,621.41,626.41,5.0,1.0,1.0,4.16,E:\FPTU\PRJ\VN-AV-DF-Capstone\data\clips\tier1\100-300\tier1_v3_clips_100_300\MpVfVbPdmis_clip0049_t00621.mp4,tier1,1,1.0,0.0400740504264831,True,9,0.8671362400054932,211,0.7270950871213663
MpVfVbPdmis_clip0050_t00625,MpVfVbPdmis,625.41,630.41,5.0,1.0,1.0,4.79,E:\FPTU\PRJ\VN-AV-DF-Capstone\data\clips\tier1\100-300\tier1_v3_clips_100_300\MpVfVbPdmis_clip0050_t00625.mp4,tier1,1,1.0,0.0718193650245666,True,9,0.9181804656982422,211,0.8239803024128578
MpVfVbPdmis_clip0051_t00629,MpVfVbPdmis,629.41,634.41,5.0,1.0,1.0,4.78,E:\FPTU\PRJ\VN-AV-DF-Capstone\data\clips\tier1\100-300\tier1_v3_clips_100_300\MpVfVbPdmis_clip0051_t00629.mp4,tier1,1,1.0,0.0720232501626014,True,9,0.9213644862174988,211,0.8251065834243252
MpVfVbPdmis_clip0052_t00633,MpVfVbPdmis,633.41,638.41,5.0,1.0,1.0,4.99,E:\FPTU\PRJ\VN-AV-DF-Capstone\data\clips\tier1\100-300\tier1_v3_clips_100_300\MpVfVbPdmis_clip0052_t00633.mp4,tier1,1,1.0,0.0720395967364311,True,9,0.9366020560264589,211,0.8278408169333688
mHTLamr-Zqk_clip0039_t00395,mHTLamr-Zqk,395.81,400.81,5.0,1.0,1.0,16.76,E:\FPTU\PRJ\VN-AV-DF-Capstone\data\clips\tier2\tier2_v3_clips_0_999-001\mHTLamr-Zqk_clip0039_t00395.mp4,tier2,1,1.0,0.0222940538078546,True,9,0.4450424015522003,212,0.6033893352200288
mHTLamr-Zqk_clip0040_t00407,mHTLamr-Zqk,407.81,412.81,5.0,1.0,1.0,14.87,E:\FPTU\PRJ\VN-AV-DF-Capstone\data\clips\tier2\tier2_v3_clips_0_999-001\mHTLamr-Zqk_clip0040_t00407.mp4,tier2,1,0.8888888888888888,0.1001612320542335,True,9,0.9571252465248108,212,0.8570213129818232
mHTLamr-Zqk_clip0041_t00415,mHTLamr-Zqk,415.81,420.81,5.0,1.0,1.0,15.04,E:\FPTU\PRJ\VN-AV-DF-Capstone\data\clips\tier2\tier2_v3_clips_0_999-001\mHTLamr-Zqk_clip0041_t00415.mp4,tier2,1,1.0,0.0142024178057909,True,9,0.4381874501705169,212,0.579780363263592
mHTLamr-Zqk_clip0042_t00437,mHTLamr-Zqk,437.89,441.47,3.58,1.0,1.0,14.04,E:\FPTU\PRJ\VN-AV-DF-Capstone\data\clips\tier2\tier2_v3_clips_0_999-001\mHTLamr-Zqk_clip0042_t00437.mp4,tier2,1,1.0,0.0431076101958751,True,9,0.962810516357422,212,0.752376286053354
mHTLamr-Zqk_clip0043_t00458,mHTLamr-Zqk,458.594,460.894,2.3,1.0,1.0,15.81,E:\FPTU\PRJ\VN-AV-DF-Capstone\data\clips\tier2\tier2_v3_clips_0_999-001\mHTLamr-Zqk_clip0043_t00458.mp4,tier2,1,1.0,0.0441091693937778,True,9,0.9756247401237488,212,0.7574101368052922
7636682087633833234_clip0005_t00092,7636682087633833234,92.834,95.806,2.972,1.0,1.0,5.16,E:\FPTU\PRJ\VN-AV-DF-Capstone\data\clips\tier3\tier3_v3_clips_0_1262-001\7636682087633833234_clip0005_t00092.mp4,tier3,1,1.0,0.0139635754749178,True,9,0.6580411195755005,213,0.6179169060564693
7636682087633833234_clip0014_t00202,7636682087633833234,202.37,206.814,4.444,0.75,1.0,4.66,E:\FPTU\PRJ\VN-AV-DF-Capstone\data\clips\tier3\tier3_v3_clips_0_1262-001\7636682087633833234_clip0014_t00202.mp4,tier3,1,1.0,0.0103425113484263,True,9,0.7868525981903076,213,0.630624510220962
7636682087633833234_clip0015_t00207,7636682087633833234,207.106,209.374,2.268,1.0,1.0,6.54,E:\FPTU\PRJ\VN-AV-DF-Capstone\data\clips\tier3\tier3_v3_clips_0_1262-001\7636682087633833234_clip0015_t00207.mp4,tier3,1,1.0,0.0137638207525014,True,9,0.7630670070648193,213,0.6358979249846959
7636682087633833234_clip0016_t00215,7636682087633833234,215.362,227.262,11.9,1.0,1.0,6.13,E:\FPTU\PRJ\VN-AV-DF-Capstone\data\clips\tier3\tier3_v3_clips_0_1262-001\7636682087633833234_clip0016_t00215.mp4,tier3,1,1.0,0.0118718929588794,True,9,0.406463086605072,213,0.5677305850150693
7636682087633833234_clip0018_t00233,7636682087633833234,233.41,235.838,2.428,1.0,1.0,6.67,E:\FPTU\PRJ\VN-AV-DF-Capstone\data\clips\tier3\tier3_v3_clips_0_1262-001\7636682087633833234_clip0018_t00233.mp4,tier3,1,1.0,0.013458302244544,True,9,0.7625963687896729,213,0.6349691345404485
7636682087633833234_clip0022_t00274,7636682087633833234,274.338,277.278,2.94,1.0,1.0,6.28,E:\FPTU\PRJ\VN-AV-DF-Capstone\data\clips\tier3\tier3_v3_clips_0_1262-001\7636682087633833234_clip0022_t00274.mp4,tier3,1,1.0,0.0147116547450423,True,9,0.774852991104126,213,0.6406015995014045
7636682087633833234_clip0023_t00278,7636682087633833234,278.658,281.118,2.46,1.0,1.0,4.65,E:\FPTU\PRJ\VN-AV-DF-Capstone\data\clips\tier3\tier3_v3_clips_0_1262-001\7636682087633833234_clip0023_t00278.mp4,tier3,1,1.0,0.0158093273639678,True,9,0.4976192116737366,213,0.5947165697783359
7636682087633833234_clip0030_t00326,7636682087633833234,326.018,329.374,3.356,1.0,1.0,5.65,E:\FPTU\PRJ\VN-AV-DF-Capstone\data\clips\tier3\tier3_v3_clips_0_1262-001\7636682087633833234_clip0030_t00326.mp4,tier3,1,1.0,0.0156428031623363,True,9,0.668457567691803,213,0.6244035425010163
7636682087633833234_clip0031_t00334,7636682087633833234,334.946,337.47,2.524,1.0,1.0,4.87,E:\FPTU\PRJ\VN-AV-DF-Capstone\data\clips\tier3\tier3_v3_clips_0_1262-001\7636682087633833234_clip0031_t00334.mp4,tier3,1,1.0,0.0140642886981368,True,9,0.4829624891281128,213,0.5872994715964943
7636682087633833234_clip0032_t00354,7636682087633833234,354.306,358.046,3.74,1.0,1.0,7.11,E:\FPTU\PRJ\VN-AV-DF-Capstone\data\clips\tier3\tier3_v3_clips_0_1262-001\7636682087633833234_clip0032_t00354.mp4,tier3,1,1.0,0.0120434798300266,True,9,0.5068690776824951,213,0.5859242762665076
7636682087633833234_clip0033_t00366,7636682087633833234,366.594,369.15,2.556,1.0,1.0,6.08,E:\FPTU\PRJ\VN-AV-DF-Capstone\data\clips\tier3\tier3_v3_clips_0_1262-001\7636682087633833234_clip0033_t00366.mp4,tier3,1,1.0,0.0159882977604866,True,9,0.698090136051178,213,0.6305892177530714
7636682088929905927_clip0000_t00051,7636682088929905927,51.074,53.438,2.364,1.0,1.0,2.67,E:\FPTU\PRJ\VN-AV-DF-Capstone\data\clips\tier3\tier3_v3_clips_0_1262-001\7636682088929905927_clip0000_t00051.mp4,tier3,1,1.0,0.0193327516317367,True,9,0.878173828125,213,0.6716268132853516
7643756942606863624_clip0003_t00016,7643756942606863624,16.834,21.834,5.0,1.0,1.0,14.34,E:\FPTU\PRJ\VN-AV-DF-Capstone\data\clips\tier3\tier3_v3_clips_0_1262-001\7643756942606863624_clip0003_t00016.mp4,tier3,1,1.0,0.0160761065781116,True,9,0.3082505762577057,214,0.5620370737733136
7631099206593154325_clip0000_t00000,7631099206593154325,0.034,3.358,3.324,1.0,1.0,12.66,E:\FPTU\PRJ\VN-AV-DF-Capstone\data\clips\tier3\tier3_v3_clips_0_1262-001\7631099206593154325_clip0000_t00000.mp4,tier3,1,1.0,0.0108692143112421,True,9,0.9161075949668884,215,0.6548922351886062
7631099206593154325_clip0001_t00005,7631099206593154325,5.09,7.934,2.844,1.0,1.0,12.28,E:\FPTU\PRJ\VN-AV-DF-Capstone\data\clips\tier3\tier3_v3_clips_0_1262-001\7631099206593154325_clip0001_t00005.mp4,tier3,1,1.0,0.2001394182443618,True,9,0.9344132542610168,215,0.988425868399003
7631099206593154325_clip0004_t00020,7631099206593154325,20.386,25.374,4.988,1.0,1.0,14.16,E:\FPTU\PRJ\VN-AV-DF-Capstone\data\clips\tier3\tier3_v3_clips_0_1262-001\7631099206593154325_clip0004_t00020.mp4,tier3,1,1.0,0.0678003057837486,True,9,0.6838515400886536,215,0.7715025753691551
7631099206593154325_clip0005_t00027,7631099206593154325,27.362,32.542,5.18,1.0,1.0,13.69,E:\FPTU\PRJ\VN-AV-DF-Capstone\data\clips\tier3\tier3_v3_clips_0_1262-001\7631099206593154325_clip0005_t00027.mp4,tier3,1,1.0,0.4722107350826263,True,9,0.8757160902023315,215,0.9780675453298233
7631099206593154325_clip0007_t00036,7631099206593154325,36.002,38.206,2.204,1.0,1.0,12.16,E:\FPTU\PRJ\VN-AV-DF-Capstone\data\clips\tier3\tier3_v3_clips_0_1262-001\7631099206593154325_clip0007_t00036.mp4,tier3,1,1.0,0.3308283686637878,True,9,0.8443764448165894,215,0.9725370196735159
7631099206593154325_clip0008_t00040,7631099206593154325,40.162,43.71,3.548,1.0,1.0,13.47,E:\FPTU\PRJ\VN-AV-DF-Capstone\data\clips\tier3\tier3_v3_clips_0_1262-001\7631099206593154325_clip0008_t00040.mp4,tier3,1,1.0,0.2006658613681793,True,9,0.6442970633506775,215,0.9372288935324726
7631099206593154325_clip0009_t00047,7631099206593154325,47.362,49.406,2.044,1.0,1.0,13.07,E:\FPTU\PRJ\VN-AV-DF-Capstone\data\clips\tier3\tier3_v3_clips_0_1262-001\7631099206593154325_clip0009_t00047.mp4,tier3,1,1.0,0.0137224132195115,True,9,0.8450852632522583,215,0.6502571105270155
7631099206593154325_clip0010_t00049,7631099206593154325,49.634,52.51,2.876,1.0,1.0,10.19,E:\FPTU\PRJ\VN-AV-DF-Capstone\data\clips\tier3\tier3_v3_clips_0_1262-001\7631099206593154325_clip0010_t00049.mp4,tier3,1,1.0,0.0142407612875103,True,9,0.806908905506134,215,0.6449549978450444
gHsxuixSqz0_clip0012_t00136,gHsxuixSqz0,136.514,141.514,5.0,1.0,1.0,10.17,E:\FPTU\PRJ\VN-AV-DF-Capstone\data\clips\tier1\100-300\tier1_v3_clips_100_300\gHsxuixSqz0_clip0012_t00136.mp4,tier1,1,1.0,0.0242208633571863,True,9,0.476654052734375,216,0.6143016579684133
gHsxuixSqz0_clip0013_t00140,gHsxuixSqz0,140.514,145.514,5.0,1.0,1.0,9.35,E:\FPTU\PRJ\VN-AV-DF-Capstone\data\clips\tier1\100-300\tier1_v3_clips_100_300\gHsxuixSqz0_clip0013_t00140.mp4,tier1,1,1.0,0.0483763553202152,True,9,0.9358866214752196,216,0.7622099558654065
gHsxuixSqz0_clip0014_t00144,gHsxuixSqz0,144.514,149.514,5.0,1.0,1.0,8.39,E:\FPTU\PRJ\VN-AV-DF-Capstone\data\clips\tier1\100-300\tier1_v3_clips_100_300\gHsxuixSqz0_clip0014_t00144.mp4,tier1,1,1.0,0.0279232338070869,True,9,0.5369411706924438,216,0.6351894666191737
sDVTmdupGlg_clip0016_t00136,sDVTmdupGlg,136.93,140.606,3.676,1.0,1.0,11.74,E:\FPTU\PRJ\VN-AV-DF-Capstone\data\clips\tier1\300-400\tier1_v3_clips_300_400\sDVTmdupGlg_clip0016_t00136.mp4,tier1,1,1.0,0.0123524405062198,True,9,0.4202236533164978,218,0.571489172505189
sDVTmdupGlg_clip0018_t00154,sDVTmdupGlg,154.722,157.662,2.94,1.0,1.0,11.01,E:\FPTU\PRJ\VN-AV-DF-Capstone\data\clips\tier1\300-400\tier1_v3_clips_300_400\sDVTmdupGlg_clip0018_t00154.mp4,tier1,1,1.0,0.0123052364215254,True,9,0.3760412633419037,218,0.5635616097635523
sDVTmdupGlg_clip0034_t00285,sDVTmdupGlg,285.698,288.702,3.004,1.0,1.0,11.18,E:\FPTU\PRJ\VN-AV-DF-Capstone\data\clips\tier1\300-400\tier1_v3_clips_300_400\sDVTmdupGlg_clip0034_t00285.mp4,tier1,1,1.0,0.012211930938065,True,9,0.7048488259315491,218,0.6213281854198623
sDVTmdupGlg_clip0063_t00525,sDVTmdupGlg,525.506,530.506,5.0,1.0,1.0,11.98,E:\FPTU\PRJ\VN-AV-DF-Capstone\data\clips\tier1\300-400\tier1_v3_clips_300_400\sDVTmdupGlg_clip0063_t00525.mp4,tier1,1,1.0,0.0115696052089333,True,9,0.4013986587524414,218,0.5660000692093243
sDVTmdupGlg_clip0065_t00532,sDVTmdupGlg,532.93,539.518,6.588,1.0,1.0,11.47,E:\FPTU\PRJ\VN-AV-DF-Capstone\data\clips\tier1\300-400\tier1_v3_clips_300_400\sDVTmdupGlg_clip0065_t00532.mp4,tier1,1,1.0,0.0112804025411605,True,9,0.3952895402908325,218,0.5641214183744926
sDVTmdupGlg_clip0066_t00573,sDVTmdupGlg,573.73,577.086,3.356,1.0,1.0,11.27,E:\FPTU\PRJ\VN-AV-DF-Capstone\data\clips\tier1\300-400\tier1_v3_clips_300_400\sDVTmdupGlg_clip0066_t00573.mp4,tier1,1,1.0,0.0138666527345776,True,9,0.4606152772903442,218,0.5828087499114472
0PsGwmgAI-k_clip0006_t00134,0PsGwmgAI-k,134.146,140.478,6.332,1.0,1.0,9.06,E:\FPTU\PRJ\VN-AV-DF-Capstone\data\clips\tier2\tier2_v3_clips_0_999-001\0PsGwmgAI-k_clip0006_t00134.mp4,tier2,1,1.0,0.0125831430777907,True,9,0.6792616248130798,219,0.6178403867935561
sDVTmdupGlg_clip0003_t00032,sDVTmdupGlg,32.802,40.094,7.292,1.0,1.0,11.33,E:\FPTU\PRJ\VN-AV-DF-Capstone\data\clips\tier1\300-400\tier1_v3_clips_300_400\sDVTmdupGlg_clip0003_t00032.mp4,tier1,1,1.0,0.0344277881085872,True,9,0.618336021900177,220,0.6675591774372398
sDVTmdupGlg_clip0004_t00040,sDVTmdupGlg,40.29,42.302,2.012,1.0,1.0,9.44,E:\FPTU\PRJ\VN-AV-DF-Capstone\data\clips\tier1\300-400\tier1_v3_clips_300_400\sDVTmdupGlg_clip0004_t00040.mp4,tier1,1,1.0,0.0112926987931132,True,9,0.6856713891029358,220,0.615399312543836
sDVTmdupGlg_clip0005_t00043,sDVTmdupGlg,43.138,54.366,11.228,1.0,1.0,11.47,E:\FPTU\PRJ\VN-AV-DF-Capstone\data\clips\tier1\300-400\tier1_v3_clips_300_400\sDVTmdupGlg_clip0005_t00043.mp4,tier1,1,1.0,0.0268378630280494,True,9,0.5284884572029114,220,0.6306932868509328
sDVTmdupGlg_clip0006_t00056,sDVTmdupGlg,56.386,67.134,10.748,1.0,1.0,11.86,E:\FPTU\PRJ\VN-AV-DF-Capstone\data\clips\tier1\300-400\tier1_v3_clips_300_400\sDVTmdupGlg_clip0006_t00056.mp4,tier1,1,1.0,0.0236898884177207,True,9,0.6775743961334229,220,0.648288343812432
sDVTmdupGlg_clip0008_t00074,sDVTmdupGlg,74.082,82.782,8.7,1.0,1.0,10.57,E:\FPTU\PRJ\VN-AV-DF-Capstone\data\clips\tier1\300-400\tier1_v3_clips_300_400\sDVTmdupGlg_clip0008_t00074.mp4,tier1,1,1.0,0.0229968968778848,True,9,0.5536417365074158,220,0.6244995346118363
sDVTmdupGlg_clip0011_t00113,sDVTmdupGlg,113.762,117.022,3.26,1.0,1.0,10.84,E:\FPTU\PRJ\VN-AV-DF-Capstone\data\clips\tier1\300-400\tier1_v3_clips_300_400\sDVTmdupGlg_clip0011_t00113.mp4,tier1,1,1.0,0.0119165424257516,True,9,0.5336863994598389,220,0.5903053565694308
sDVTmdupGlg_clip0013_t00124,sDVTmdupGlg,124.194,128.062,3.868,1.0,1.0,8.15,E:\FPTU\PRJ\VN-AV-DF-Capstone\data\clips\tier1\300-400\tier1_v3_clips_300_400\sDVTmdupGlg_clip0013_t00124.mp4,tier1,1,1.0,0.0204794406890869,True,9,0.5596625208854675,220,0.6185932013014432
sDVTmdupGlg_clip0020_t00165,sDVTmdupGlg,165.25,168.158,2.908,1.0,1.0,10.2,E:\FPTU\PRJ\VN-AV-DF-Capstone\data\clips\tier1\300-400\tier1_v3_clips_300_400\sDVTmdupGlg_clip0020_t00165.mp4,tier1,1,1.0,0.01205400750041,True,9,0.4208011627197265,220,0.5707649633922408
sDVTmdupGlg_clip0021_t00168,sDVTmdupGlg,168.258,176.638,8.38,1.0,1.0,9.83,E:\FPTU\PRJ\VN-AV-DF-Capstone\data\clips\tier1\300-400\tier1_v3_clips_300_400\sDVTmdupGlg_clip0021_t00168.mp4,tier1,1,1.0,0.0290775690227746,True,9,0.6512466073036194,220,0.658556446123634
sDVTmdupGlg_clip0022_t00176,sDVTmdupGlg,176.834,188.798,11.964,1.0,1.0,9.97,E:\FPTU\PRJ\VN-AV-DF-Capstone\data\clips\tier1\300-400\tier1_v3_clips_300_400\sDVTmdupGlg_clip0022_t00176.mp4,tier1,1,1.0,0.0203833375126123,True,9,0.5366246700286865,220,0.6142616653024482
sDVTmdupGlg_clip0025_t00210,sDVTmdupGlg,210.722,214.494,3.772,1.0,1.0,12.45,E:\FPTU\PRJ\VN-AV-DF-Capstone\data\clips\tier1\300-400\tier1_v3_clips_300_400\sDVTmdupGlg_clip0025_t00210.mp4,tier1,1,1.0,0.0113480268046259,True,9,0.8787301182746887,220,0.6496216591000352
sDVTmdupGlg_clip0033_t00278,sDVTmdupGlg,278.242,285.566,7.324,1.0,1.0,11.03,E:\FPTU\PRJ\VN-AV-DF-Capstone\data\clips\tier1\300-400\tier1_v3_clips_300_400\sDVTmdupGlg_clip0033_t00278.mp4,tier1,1,1.0,0.0376622900366783,True,9,0.845063328742981,220,0.7165236300291906
sDVTmdupGlg_clip0035_t00292,sDVTmdupGlg,292.29,295.166,2.876,1.0,1.0,11.32,E:\FPTU\PRJ\VN-AV-DF-Capstone\data\clips\tier1\300-400\tier1_v3_clips_300_400\sDVTmdupGlg_clip0035_t00292.mp4,tier1,1,1.0,0.0111340293660759,True,9,0.8989421129226685,220,0.6525960937673668
sDVTmdupGlg_clip0037_t00303,sDVTmdupGlg,303.106,306.814,3.708,1.0,1.0,11.03,E:\FPTU\PRJ\VN-AV-DF-Capstone\data\clips\tier1\300-400\tier1_v3_clips_300_400\sDVTmdupGlg_clip0037_t00303.mp4,tier1,1,1.0,0.0529002323746681,True,9,0.8659284114837646,220,0.7623873902600341
sDVTmdupGlg_clip0038_t00312,sDVTmdupGlg,312.802,315.742,2.94,1.0,1.0,9.01,E:\FPTU\PRJ\VN-AV-DF-Capstone\data\clips\tier1\300-400\tier1_v3_clips_300_400\sDVTmdupGlg_clip0038_t00312.mp4,tier1,1,1.0,0.0156426224857568,True,9,0.8617088794708252,220,0.6585062150188195
sDVTmdupGlg_clip0040_t00349,sDVTmdupGlg,349.634,354.634,5.0,1.0,1.0,10.46,E:\FPTU\PRJ\VN-AV-DF-Capstone\data\clips\tier1\300-400\tier1_v3_clips_300_400\sDVTmdupGlg_clip0040_t00349.mp4,tier1,1,1.0,0.0116919670253992,True,9,0.4220504760742187,220,0.5699832296596209
sDVTmdupGlg_clip0041_t00357,sDVTmdupGlg,357.634,362.634,5.0,1.0,1.0,12.35,E:\FPTU\PRJ\VN-AV-DF-Capstone\data\clips\tier1\300-400\tier1_v3_clips_300_400\sDVTmdupGlg_clip0041_t00357.mp4,tier1,1,1.0,0.0291409455239772,True,9,0.4517624080181122,220,0.6235287910243659
sDVTmdupGlg_clip0042_t00361,sDVTmdupGlg,361.634,366.634,5.0,1.0,1.0,11.6,E:\FPTU\PRJ\VN-AV-DF-Capstone\data\clips\tier1\300-400\tier1_v3_clips_300_400\sDVTmdupGlg_clip0042_t00361.mp4,tier1,1,1.0,0.0164454653859138,True,9,0.3938079476356506,220,0.578157892839376
sDVTmdupGlg_clip0043_t00365,sDVTmdupGlg,365.634,370.634,5.0,1.0,1.0,11.69,E:\FPTU\PRJ\VN-AV-DF-Capstone\data\clips\tier1\300-400\tier1_v3_clips_300_400\sDVTmdupGlg_clip0043_t00365.mp4,tier1,1,1.0,0.0388626083731651,True,9,0.8613864183425903,220,0.722726897639581
sDVTmdupGlg_clip0044_t00369,sDVTmdupGlg,369.634,374.634,5.0,1.0,1.0,11.23,E:\FPTU\PRJ\VN-AV-DF-Capstone\data\clips\tier1\300-400\tier1_v3_clips_300_400\sDVTmdupGlg_clip0044_t00369.mp4,tier1,1,1.0,0.0349124297499656,True,9,0.5195408463478088,220,0.651466320155907
sDVTmdupGlg_clip0045_t00373,sDVTmdupGlg,373.634,377.182,3.548,1.0,1.0,11.02,E:\FPTU\PRJ\VN-AV-DF-Capstone\data\clips\tier1\300-400\tier1_v3_clips_300_400\sDVTmdupGlg_clip0045_t00373.mp4,tier1,1,1.0,0.0209347698837518,True,9,0.8207799196243286,220,0.6659331849750504
sDVTmdupGlg_clip0048_t00393,sDVTmdupGlg,393.506,396.19,2.684,1.0,1.0,11.06,E:\FPTU\PRJ\VN-AV-DF-Capstone\data\clips\tier1\300-400\tier1_v3_clips_300_400\sDVTmdupGlg_clip0048_t00393.mp4,tier1,1,1.0,0.0110464030876755,True,9,0.8671218156814575,220,0.6467381800462632
sDVTmdupGlg_clip0049_t00401,sDVTmdupGlg,401.474,406.474,5.0,1.0,1.0,10.85,E:\FPTU\PRJ\VN-AV-DF-Capstone\data\clips\tier1\300-400\tier1_v3_clips_300_400\sDVTmdupGlg_clip0049_t00401.mp4,tier1,1,1.0,0.0120449298992753,True,9,0.434239387512207,220,0.5731112862019146
sDVTmdupGlg_clip0052_t00435,sDVTmdupGlg,435.81,442.622,6.812,1.0,1.0,10.95,E:\FPTU\PRJ\VN-AV-DF-Capstone\data\clips\tier1\300-400\tier1_v3_clips_300_400\sDVTmdupGlg_clip0052_t00435.mp4,tier1,1,1.0,0.0377705879509449,True,9,0.8728179931640625,220,0.7217213023774949
sDVTmdupGlg_clip0053_t00442,sDVTmdupGlg,442.754,445.886,3.132,1.0,1.0,12.02,E:\FPTU\PRJ\VN-AV-DF-Capstone\data\clips\tier1\300-400\tier1_v3_clips_300_400\sDVTmdupGlg_clip0053_t00442.mp4,tier1,1,1.0,0.0110851842910051,True,9,0.3325803577899933,220,0.5525146887007945
sDVTmdupGlg_clip0054_t00446,sDVTmdupGlg,446.274,451.23,4.956,1.0,1.0,12.94,E:\FPTU\PRJ\VN-AV-DF-Capstone\data\clips\tier1\300-400\tier1_v3_clips_300_400\sDVTmdupGlg_clip0054_t00446.mp4,tier1,1,1.0,0.0379346050322055,True,9,0.8737223148345947,220,0.7223349207985761
sDVTmdupGlg_clip0055_t00452,sDVTmdupGlg,452.45,462.974,10.524,1.0,1.0,13.11,E:\FPTU\PRJ\VN-AV-DF-Capstone\data\clips\tier1\300-400\tier1_v3_clips_300_400\sDVTmdupGlg_clip0055_t00452.mp4,tier1,1,1.0,0.0374843999743461,True,9,0.5175772905349731,220,0.6582395407841488
sDVTmdupGlg_clip0056_t00464,sDVTmdupGlg,464.674,467.006,2.332,1.0,1.0,11.48,E:\FPTU\PRJ\VN-AV-DF-Capstone\data\clips\tier1\300-400\tier1_v3_clips_300_400\sDVTmdupGlg_clip0056_t00464.mp4,tier1,1,1.0,0.0112124718725681,True,9,0.704437255859375,220,0.618488851849579
sDVTmdupGlg_clip0064_t00529,sDVTmdupGlg,529.506,532.83,3.324,1.0,1.0,9.86,E:\FPTU\PRJ\VN-AV-DF-Capstone\data\clips\tier1\300-400\tier1_v3_clips_300_400\sDVTmdupGlg_clip0064_t00529.mp4,tier1,1,1.0,0.0110196936875581,True,9,0.9011180400848388,220,0.6526635767771146
7642189430618361095_clip0000_t00001,7642189430618361095,1.666,4.606,2.94,1.0,1.0,14.36,E:\FPTU\PRJ\VN-AV-DF-Capstone\data\clips\tier3\tier3_v3_clips_0_1262-001\7642189430618361095_clip0000_t00001.mp4,tier3,1,1.0,0.0116206062957644,True,9,0.8953573703765869,222,0.6533104348717734
7642189430618361095_clip0001_t00004,7642189430618361095,4.802,8.478,3.676,1.0,1.0,13.0,E:\FPTU\PRJ\VN-AV-DF-Capstone\data\clips\tier3\tier3_v3_clips_0_1262-001\7642189430618361095_clip0001_t00004.mp4,tier3,1,1.0,0.0116843031719326,True,9,0.8492956161499023,222,0.6453582157628245
7642189430618361095_clip0002_t00008,7642189430618361095,8.61,13.054,4.444,1.0,1.0,13.22,E:\FPTU\PRJ\VN-AV-DF-Capstone\data\clips\tier3\tier3_v3_clips_0_1262-001\7642189430618361095_clip0002_t00008.mp4,tier3,1,1.0,0.0118680195882916,True,9,0.8851903080940247,222,0.6522011371272429
3tEN20uif6g_clip0022_t00324,3tEN20uif6g,324.45,329.854,5.404,1.0,1.0,4.49,E:\FPTU\PRJ\VN-AV-DF-Capstone\data\clips\tier1\0-100\tier1_v3_clips_0_100\3tEN20uif6g_clip0022_t00324.mp4,tier1,1,1.0,0.0432786904275417,True,9,0.6011621356010437,223,0.6890295680306888
7632179824886320404_clip0005_t00072,7632179824886320404,72.322,74.558,2.236,1.0,1.0,23.24,E:\FPTU\PRJ\VN-AV-DF-Capstone\data\clips\tier3\tier3_v3_clips_0_1262-001\7632179824886320404_clip0005_t00072.mp4,tier3,1,1.0,0.3347009420394897,True,9,0.8621432185173035,224,0.9756723326795242
7641198602236267797_clip0000_t00007,7641198602236267797,7.33,9.694,2.364,1.0,1.0,27.36,E:\FPTU\PRJ\VN-AV-DF-Capstone\data\clips\tier3\tier3_v3_clips_0_1262-001\7641198602236267797_clip0000_t00007.mp4,tier3,1,1.0,0.181154116988182,True,9,0.8202460408210754,224,0.9682787130860722
7641198602236267797_clip0003_t00039,7641198602236267797,39.714,41.822,2.108,1.0,1.0,25.6,E:\FPTU\PRJ\VN-AV-DF-Capstone\data\clips\tier3\tier3_v3_clips_0_1262-001\7641198602236267797_clip0003_t00039.mp4,tier3,1,1.0,0.0164923835545778,True,9,0.8036320209503174,224,0.6506096670503451
7641434012375928072_clip0002_t00051,7641434012375928072,51.65,54.046,2.396,1.0,1.0,-1.05,E:\FPTU\PRJ\VN-AV-DF-Capstone\data\clips\tier3\tier3_v3_clips_0_1262-001\7641434012375928072_clip0002_t00051.mp4,tier3,1,1.0,0.0102500291541218,True,9,0.91554856300354,225,0.6530795535348062
7641434012375928072_clip0003_t00054,7641434012375928072,54.306,57.054,2.748,1.0,1.0,-2.31,E:\FPTU\PRJ\VN-AV-DF-Capstone\data\clips\tier3\tier3_v3_clips_0_1262-001\7641434012375928072_clip0003_t00054.mp4,tier3,1,1.0,0.0104348100721836,True,9,0.8911364078521729,225,0.649283036872317
7641434012375928072_clip0004_t00057,7641434012375928072,57.314,59.486,2.172,1.0,1.0,-3.58,E:\FPTU\PRJ\VN-AV-DF-Capstone\data\clips\tier3\tier3_v3_clips_0_1262-001\7641434012375928072_clip0004_t00057.mp4,tier3,1,1.0,0.0104600125923752,True,9,0.8842601776123047,225,0.6481393501179618
7642901099434757394_clip0000_t00000,7642901099434757394,0.962,5.95,4.988,1.0,1.0,17.67,E:\FPTU\PRJ\VN-AV-DF-Capstone\data\clips\tier3\tier3_v3_clips_0_1262-001\7642901099434757394_clip0000_t00000.mp4,tier3,1,1.0,0.0113373817875981,True,9,0.9072373509407043,225,0.6546228796710738
7642901099434757394_clip0001_t00007,7642901099434757394,7.842,10.718,2.876,1.0,1.0,14.2,E:\FPTU\PRJ\VN-AV-DF-Capstone\data\clips\tier3\tier3_v3_clips_0_1262-001\7642901099434757394_clip0001_t00007.mp4,tier3,1,1.0,0.011285638436675,True,9,0.8896275758743286,225,0.6513720363120495
7642901099434757394_clip0002_t00011,7642901099434757394,11.042,16.542,5.5,1.0,1.0,16.51,E:\FPTU\PRJ\VN-AV-DF-Capstone\data\clips\tier3\tier3_v3_clips_0_1262-001\7642901099434757394_clip0002_t00011.mp4,tier3,1,1.0,0.0113031426444649,True,9,0.874674916267395,225,0.6487817868405668
7642901099434757394_clip0003_t00018,7642901099434757394,18.53,21.374,2.844,1.0,1.0,14.22,E:\FPTU\PRJ\VN-AV-DF-Capstone\data\clips\tier3\tier3_v3_clips_0_1262-001\7642901099434757394_clip0003_t00018.mp4,tier3,1,1.0,0.0114420317113399,True,9,0.8797572255134583,225,0.6500631377928707
qh78i88JEiU_clip0062_t00648,qh78i88JEiU,648.962,652.638,3.676,1.0,1.0,-1.18,E:\FPTU\PRJ\VN-AV-DF-Capstone\data\clips\tier1\300-400\tier1_v3_clips_300_400\qh78i88JEiU_clip0062_t00648.mp4,tier1,1,1.0,0.098739206790924,True,9,0.9307363033294678,227,0.9007155706351063
qh78i88JEiU_clip0064_t00660,qh78i88JEiU,660.546,667.614,7.068,1.0,1.0,0.3,E:\FPTU\PRJ\VN-AV-DF-Capstone\data\clips\tier1\300-400\tier1_v3_clips_300_400\qh78i88JEiU_clip0064_t00660.mp4,tier1,1,1.0,0.0945940911769867,True,9,0.9324679970741272,227,0.8895466505733184
qh78i88JEiU_clip0065_t00667,qh78i88JEiU,667.778,671.87,4.092,1.0,1.0,0.24,E:\FPTU\PRJ\VN-AV-DF-Capstone\data\clips\tier1\300-400\tier1_v3_clips_300_400\qh78i88JEiU_clip0065_t00667.mp4,tier1,1,1.0,0.0928508713841438,True,9,0.9035266041755676,227,0.8796137632175223
qh78i88JEiU_clip0066_t00673,qh78i88JEiU,673.922,680.318,6.396,1.0,1.0,0.92,E:\FPTU\PRJ\VN-AV-DF-Capstone\data\clips\tier1\300-400\tier1_v3_clips_300_400\qh78i88JEiU_clip0066_t00673.mp4,tier1,1,1.0,0.0942722260951995,True,9,0.922771453857422,227,0.8869445086554509
qh78i88JEiU_clip0067_t00680,qh78i88JEiU,680.578,683.902,3.324,1.0,1.0,2.21,E:\FPTU\PRJ\VN-AV-DF-Capstone\data\clips\tier1\300-400\tier1_v3_clips_300_400\qh78i88JEiU_clip0067_t00680.mp4,tier1,1,1.0,0.0943723246455192,True,9,0.9540195465087892,227,0.8927359708512559
qh78i88JEiU_clip0068_t00684,qh78i88JEiU,684.226,693.214,8.988,1.0,1.0,1.48,E:\FPTU\PRJ\VN-AV-DF-Capstone\data\clips\tier1\300-400\tier1_v3_clips_300_400\qh78i88JEiU_clip0068_t00684.mp4,tier1,1,1.0,0.0905828773975372,True,9,0.8938862681388855,227,0.8716342642859412
cVabKjWav-Y_clip0030_t00445,cVabKjWav-Y,445.826,450.826,5.0,1.0,1.0,21.37,E:\FPTU\PRJ\VN-AV-DF-Capstone\data\clips\tier2\tier2_v3_clips_0_999-001\cVabKjWav-Y_clip0030_t00445.mp4,tier2,1,1.0,0.0219997745007276,True,9,0.8999545574188232,228,0.6828533266968853
cVabKjWav-Y_clip0031_t00449,cVabKjWav-Y,449.826,454.826,5.0,1.0,1.0,20.59,E:\FPTU\PRJ\VN-AV-DF-Capstone\data\clips\tier2\tier2_v3_clips_0_999-001\cVabKjWav-Y_clip0031_t00449.mp4,tier2,1,1.0,0.0223272126168012,True,9,0.8803434371948242,228,0.6802989552865037
cVabKjWav-Y_clip0032_t00453,cVabKjWav-Y,453.826,458.826,5.0,1.0,1.0,21.1,E:\FPTU\PRJ\VN-AV-DF-Capstone\data\clips\tier2\tier2_v3_clips_0_999-001\cVabKjWav-Y_clip0032_t00453.mp4,tier2,1,1.0,0.0223273672163486,True,9,0.8891545534133911,228,0.6818542861112212
cVabKjWav-Y_clip0033_t00459,cVabKjWav-Y,459.01,462.334,3.324,1.0,1.0,21.44,E:\FPTU\PRJ\VN-AV-DF-Capstone\data\clips\tier2\tier2_v3_clips_0_999-001\cVabKjWav-Y_clip0033_t00459.mp4,tier2,1,1.0,0.0199575927108526,True,9,0.3661886751651764,228,0.5830061778579512
cVabKjWav-Y_clip0035_t00495,cVabKjWav-Y,495.554,502.718,7.164,1.0,1.0,19.11,E:\FPTU\PRJ\VN-AV-DF-Capstone\data\clips\tier2\tier2_v3_clips_0_999-001\cVabKjWav-Y_clip0035_t00495.mp4,tier2,1,1.0,0.0214639008045196,True,9,0.9037091732025146,228,0.6820324998656018
cVabKjWav-Y_clip0036_t00502,cVabKjWav-Y,502.85,506.654,3.804,1.0,1.0,18.99,E:\FPTU\PRJ\VN-AV-DF-Capstone\data\clips\tier2\tier2_v3_clips_0_999-001\cVabKjWav-Y_clip0036_t00502.mp4,tier2,1,1.0,0.0212525799870491,True,9,0.877013087272644,228,0.6767364473854481
cVabKjWav-Y_clip0042_t00547,cVabKjWav-Y,547.522,550.206,2.684,1.0,1.0,19.8,E:\FPTU\PRJ\VN-AV-DF-Capstone\data\clips\tier2\tier2_v3_clips_0_999-001\cVabKjWav-Y_clip0042_t00547.mp4,tier2,1,1.0,0.0209998115897178,True,9,0.9090970158576964,228,0.6816986034123242
cVabKjWav-Y_clip0043_t00550,cVabKjWav-Y,550.37,556.414,6.044,1.0,1.0,18.24,E:\FPTU\PRJ\VN-AV-DF-Capstone\data\clips\tier2\tier2_v3_clips_0_999-001\cVabKjWav-Y_clip0043_t00550.mp4,tier2,1,1.0,0.0210659429430961,True,9,0.886652410030365,228,0.6779208554960311
cVabKjWav-Y_clip0044_t00556,cVabKjWav-Y,556.61,561.31,4.7,1.0,1.0,19.02,E:\FPTU\PRJ\VN-AV-DF-Capstone\data\clips\tier2\tier2_v3_clips_0_999-001\cVabKjWav-Y_clip0044_t00556.mp4,tier2,1,1.0,0.0210971627384424,True,9,0.9043309688568116,228,0.6811270238391397
cVabKjWav-Y_clip0047_t00628,cVabKjWav-Y,628.29,639.294,11.004,1.0,1.0,20.0,E:\FPTU\PRJ\VN-AV-DF-Capstone\data\clips\tier2\tier2_v3_clips_0_999-001\cVabKjWav-Y_clip0047_t00628.mp4,tier2,1,1.0,0.0226561557501554,True,9,0.8732922673225403,228,0.6799652118931958
cVabKjWav-Y_clip0048_t00683,cVabKjWav-Y,683.618,686.654,3.036,1.0,1.0,21.41,E:\FPTU\PRJ\VN-AV-DF-Capstone\data\clips\tier2\tier2_v3_clips_0_999-001\cVabKjWav-Y_clip0048_t00683.mp4,tier2,1,1.0,0.0232700183987617,True,9,0.8815454840660095,228,0.6831209570878877
cVabKjWav-Y_clip0049_t00686,cVabKjWav-Y,686.754,694.558,7.804,1.0,1.0,19.34,E:\FPTU\PRJ\VN-AV-DF-Capstone\data\clips\tier2\tier2_v3_clips_0_999-001\cVabKjWav-Y_clip0049_t00686.mp4,tier2,1,1.0,0.0232350956648588,True,9,0.8746087551116943,228,0.6818001553029224
cVabKjWav-Y_clip0050_t00694,cVabKjWav-Y,694.85,698.814,3.964,1.0,1.0,21.12,E:\FPTU\PRJ\VN-AV-DF-Capstone\data\clips\tier2\tier2_v3_clips_0_999-001\cVabKjWav-Y_clip0050_t00694.mp4,tier2,1,1.0,0.0213216915726661,True,9,0.7874451875686646,228,0.661121662196235
cVabKjWav-Y_clip0051_t00698,cVabKjWav-Y,698.978,703.198,4.22,1.0,1.0,19.38,E:\FPTU\PRJ\VN-AV-DF-Capstone\data\clips\tier2\tier2_v3_clips_0_999-001\cVabKjWav-Y_clip0051_t00698.mp4,tier2,1,1.0,0.0206850655376911,True,9,0.8635759353637695,228,0.6727941912329978
cVabKjWav-Y_clip0052_t00735,cVabKjWav-Y,735.938,741.118,5.18,1.0,1.0,19.64,E:\FPTU\PRJ\VN-AV-DF-Capstone\data\clips\tier2\tier2_v3_clips_0_999-001\cVabKjWav-Y_clip0052_t00735.mp4,tier2,1,1.0,0.0224741827696561,True,9,0.8730860948562622,228,0.6794250907351224
cVabKjWav-Y_clip0058_t00788,cVabKjWav-Y,788.93,796.35,7.42,1.0,1.0,18.16,E:\FPTU\PRJ\VN-AV-DF-Capstone\data\clips\tier2\tier2_v3_clips_0_999-001\cVabKjWav-Y_clip0058_t00788.mp4,tier2,1,1.0,0.0211740210652351,True,9,0.762535572052002,228,0.6563170660509459
cVabKjWav-Y_clip0059_t00796,cVabKjWav-Y,796.546,798.718,2.172,1.0,1.0,18.86,E:\FPTU\PRJ\VN-AV-DF-Capstone\data\clips\tier2\tier2_v3_clips_0_999-001\cVabKjWav-Y_clip0059_t00796.mp4,tier2,1,1.0,0.0220878347754478,True,9,0.8454267978668213,228,0.6734745494317508
cVabKjWav-Y_clip0060_t00802,cVabKjWav-Y,802.242,804.574,2.332,1.0,1.0,19.65,E:\FPTU\PRJ\VN-AV-DF-Capstone\data\clips\tier2\tier2_v3_clips_0_999-001\cVabKjWav-Y_clip0060_t00802.mp4,tier2,1,1.0,0.0220995750278234,True,9,0.8855879902839661,228,0.6805943180598841
cVabKjWav-Y_clip0061_t00808,cVabKjWav-Y,808.45,815.358,6.908,1.0,1.0,19.91,E:\FPTU\PRJ\VN-AV-DF-Capstone\data\clips\tier2\tier2_v3_clips_0_999-001\cVabKjWav-Y_clip0061_t00808.mp4,tier2,1,1.0,0.0228351112455129,True,9,0.8829657435417175,228,0.6821676807082401
cVabKjWav-Y_clip0062_t00815,cVabKjWav-Y,815.458,817.566,2.108,1.0,1.0,20.24,E:\FPTU\PRJ\VN-AV-DF-Capstone\data\clips\tier2\tier2_v3_clips_0_999-001\cVabKjWav-Y_clip0062_t00815.mp4,tier2,1,1.0,0.0226549487560987,True,9,0.8042522072792053,228,0.6677783306834263
cVabKjWav-Y_clip0063_t00818,cVabKjWav-Y,818.082,821.726,3.644,1.0,1.0,20.5,E:\FPTU\PRJ\VN-AV-DF-Capstone\data\clips\tier2\tier2_v3_clips_0_999-001\cVabKjWav-Y_clip0063_t00818.mp4,tier2,1,1.0,0.0197195764631032,True,9,0.6818182468414307,228,0.6380466372275125
_adzgpYkn_c_clip0021_t00255,_adzgpYkn_c,255.842,263.806,7.964,1.0,1.0,3.79,E:\FPTU\PRJ\VN-AV-DF-Capstone\data\clips\tier1\440-9999\tier1_v3_clips_440_9999\_adzgpYkn_c_clip0021_t00255.mp4,tier1,1,1.0,0.0172616317868232,True,9,0.6899153590202332,229,0.632671454532342
_adzgpYkn_c_clip0022_t00263,_adzgpYkn_c,263.906,266.558,2.652,1.0,1.0,5.21,E:\FPTU\PRJ\VN-AV-DF-Capstone\data\clips\tier1\440-9999\tier1_v3_clips_440_9999\_adzgpYkn_c_clip0022_t00263.mp4,tier1,1,1.0,0.0163304638117551,True,9,0.3300379514694214,229,0.5665860166346806
7634287441553280272_clip0000_t00003,7634287441553280272,3.202,5.566,2.364,1.0,1.0,7.01,E:\FPTU\PRJ\VN-AV-DF-Capstone\data\clips\tier3\tier3_v3_clips_0_1262-001\7634287441553280272_clip0000_t00003.mp4,tier3,1,1.0,0.0113322148099541,True,9,0.69954514503479,231,0.6179570106904299
7634287441553280272_clip0004_t00022,7634287441553280272,22.338,24.414,2.076,1.0,1.0,2.31,E:\FPTU\PRJ\VN-AV-DF-Capstone\data\clips\tier3\tier3_v3_clips_0_1262-001\7634287441553280272_clip0004_t00022.mp4,tier3,1,1.0,0.0153363682329654,True,9,0.6097841858863831,231,0.613201142830425
7634287441553280272_clip0005_t00024,7634287441553280272,24.706,26.878,2.172,1.0,1.0,1.03,E:\FPTU\PRJ\VN-AV-DF-Capstone\data\clips\tier3\tier3_v3_clips_0_1262-001\7634287441553280272_clip0005_t00024.mp4,tier3,1,1.0,0.0148667376488447,True,9,0.3244180679321289,231,0.5615423842927187
7634287441553280272_clip0006_t00030,7634287441553280272,30.466,32.67,2.204,1.0,1.0,-0.55,E:\FPTU\PRJ\VN-AV-DF-Capstone\data\clips\tier3\tier3_v3_clips_0_1262-001\7634287441553280272_clip0006_t00030.mp4,tier3,1,1.0,0.0109419357031583,True,9,0.8334314823150635,231,0.6405036403837889
7634287441553280272_clip0007_t00032,7634287441553280272,32.77,36.83,4.06,1.0,1.0,3.07,E:\FPTU\PRJ\VN-AV-DF-Capstone\data\clips\tier3\tier3_v3_clips_0_1262-001\7634287441553280272_clip0007_t00032.mp4,tier3,1,1.0,0.0125761264935135,True,9,0.6149284839630127,231,0.6064680562692978
7638602199739796756_clip0000_t00007,7638602199739796756,7.106,14.59,7.484,1.0,1.0,7.08,E:\FPTU\PRJ\VN-AV-DF-Capstone\data\clips\tier3\tier3_v3_clips_0_1262-001\7638602199739796756_clip0000_t00007.mp4,tier3,1,1.0,0.1321044117212295,True,9,0.7339605689048767,231,0.9530518651008607
7640181038324600085_clip0000_t00003,7640181038324600085,3.426,6.334,2.908,1.0,1.0,0.57,E:\FPTU\PRJ\VN-AV-DF-Capstone\data\clips\tier3\tier3_v3_clips_0_1262-001\7640181038324600085_clip0000_t00003.mp4,tier3,1,1.0,0.0957011878490448,True,9,0.7159826755523682,231,0.8544080246248238
7643385660409154823_clip0003_t00020,7643385660409154823,20.578,22.878,2.3,1.0,1.0,8.31,E:\FPTU\PRJ\VN-AV-DF-Capstone\data\clips\tier3\tier3_v3_clips_0_1262-001\7643385660409154823_clip0003_t00020.mp4,tier3,1,1.0,0.0110646840184926,True,9,0.445107102394104,231,0.5723156006389695
P3K1OaKR4nY_clip0008_t00075,P3K1OaKR4nY,75.81,81.982,6.172,1.0,1.0,11.82,E:\FPTU\PRJ\VN-AV-DF-Capstone\data\clips\tier1\300-400\tier1_v3_clips_300_400\P3K1OaKR4nY_clip0008_t00075.mp4,tier1,1,1.0,0.0315007120370864,True,9,0.99501633644104,232,0.7259294392918522
P3K1OaKR4nY_clip0009_t00082,P3K1OaKR4nY,82.434,85.406,2.972,1.0,1.0,11.85,E:\FPTU\PRJ\VN-AV-DF-Capstone\data\clips\tier1\300-400\tier1_v3_clips_300_400\P3K1OaKR4nY_clip0009_t00082.mp4,tier1,1,1.0,0.0318736061453819,True,9,0.9943271279335022,232,0.7268400600945065
P3K1OaKR4nY_clip0010_t00091,P3K1OaKR4nY,91.266,96.702,5.436,1.0,1.0,11.51,E:\FPTU\PRJ\VN-AV-DF-Capstone\data\clips\tier1\300-400\tier1_v3_clips_300_400\P3K1OaKR4nY_clip0010_t00091.mp4,tier1,1,1.0,0.0166001413017511,True,9,0.9840571284294128,232,0.6827476870001667
P3K1OaKR4nY_clip0011_t00097,P3K1OaKR4nY,97.09,99.646,2.556,1.0,1.0,12.95,E:\FPTU\PRJ\VN-AV-DF-Capstone\data\clips\tier1\300-400\tier1_v3_clips_300_400\P3K1OaKR4nY_clip0011_t00097.mp4,tier1,1,1.0,0.0167507342994213,True,9,0.988586127758026,232,0.6839637938584766
P3K1OaKR4nY_clip0060_t00470,P3K1OaKR4nY,470.242,475.242,5.0,1.0,1.0,9.21,E:\FPTU\PRJ\VN-AV-DF-Capstone\data\clips\tier1\300-400\tier1_v3_clips_300_400\P3K1OaKR4nY_clip0060_t00470.mp4,tier1,1,1.0,0.0275391861796379,True,9,0.99469256401062,232,0.7149060032475889
P3K1OaKR4nY_clip0061_t00474,P3K1OaKR4nY,474.242,479.242,5.0,1.0,1.0,10.12,E:\FPTU\PRJ\VN-AV-DF-Capstone\data\clips\tier1\300-400\tier1_v3_clips_300_400\P3K1OaKR4nY_clip0061_t00474.mp4,tier1,1,1.0,0.0294036101549863,True,9,0.9960117340087892,232,0.7202998982157258
P3K1OaKR4nY_clip0066_t00536,P3K1OaKR4nY,536.93,543.166,6.236,1.0,1.0,11.14,E:\FPTU\PRJ\VN-AV-DF-Capstone\data\clips\tier1\300-400\tier1_v3_clips_300_400\P3K1OaKR4nY_clip0066_t00536.mp4,tier1,1,1.0,0.0112370382994413,True,9,0.9799954891204834,232,0.6671847801730179
b9_oesdIz-M_clip0066_t00619,b9_oesdIz-M,619.906,623.55,3.644,1.0,1.0,20.64,E:\FPTU\PRJ\VN-AV-DF-Capstone\data\clips\tier2\tier2_v3_clips_0_999-001\b9_oesdIz-M_clip0066_t00619.mp4,tier2,1,0.7777777777777778,0.0324385277926921,True,9,0.6784624457359314,233,0.568087887079387
b9_oesdIz-M_clip0067_t00646,b9_oesdIz-M,646.434,649.086,2.652,1.0,1.0,16.88,E:\FPTU\PRJ\VN-AV-DF-Capstone\data\clips\tier2\tier2_v3_clips_0_999-001\b9_oesdIz-M_clip0067_t00646.mp4,tier2,1,1.0,0.0488847345113754,True,9,0.5768091082572937,233,0.7002506316573771
b9_oesdIz-M_clip0068_t00655,b9_oesdIz-M,655.042,657.534,2.492,1.0,1.0,16.43,E:\FPTU\PRJ\VN-AV-DF-Capstone\data\clips\tier2\tier2_v3_clips_0_999-001\b9_oesdIz-M_clip0068_t00655.mp4,tier2,1,1.0,0.0478529781103134,True,9,0.7260500192642212,233,0.7237311539382586
MpVfVbPdmis_clip0011_t00194,MpVfVbPdmis,194.882,199.882,5.0,0.8,1.0,5.26,E:\FPTU\PRJ\VN-AV-DF-Capstone\data\clips\tier1\100-300\tier1_v3_clips_100_300\MpVfVbPdmis_clip0011_t00194.mp4,tier1,1,1.0,0.0670995339751243,True,9,0.9242730736732484,234,0.8119900276228003
MpVfVbPdmis_clip0012_t00198,MpVfVbPdmis,198.882,203.882,5.0,1.0,1.0,4.77,E:\FPTU\PRJ\VN-AV-DF-Capstone\data\clips\tier1\100-300\tier1_v3_clips_100_300\MpVfVbPdmis_clip0012_t00198.mp4,tier1,1,1.0,0.0675238147377967,True,9,0.9452911019325256,234,0.8168735858533009
MpVfVbPdmis_clip0013_t00202,MpVfVbPdmis,202.882,207.882,5.0,1.0,1.0,4.89,E:\FPTU\PRJ\VN-AV-DF-Capstone\data\clips\tier1\100-300\tier1_v3_clips_100_300\MpVfVbPdmis_clip0013_t00202.mp4,tier1,1,1.0,0.0690566152334213,True,9,0.9431593418121338,234,0.820740492714227
7626359347529960724_clip0008_t00054,7626359347529960724,54.434,57.598,3.164,1.0,1.0,3.0,E:\FPTU\PRJ\VN-AV-DF-Capstone\data\clips\tier3\tier3_v3_clips_0_1262-001\7626359347529960724_clip0008_t00054.mp4,tier3,1,1.0,0.0218691434711217,True,9,0.4580061137676239,235,0.6045008119328309
EMFwAo7a4rg_clip0020_t00376,EMFwAo7a4rg,376.258,378.462,2.204,1.0,1.0,4.93,E:\FPTU\PRJ\VN-AV-DF-Capstone\data\clips\tier1\100-300\tier1_v3_clips_100_300\EMFwAo7a4rg_clip0020_t00376.mp4,tier1,1,1.0,0.0286857914179563,True,9,0.7019618153572083,236,0.6664216695744823
BG6GHJfaEls_clip0031_t00162,BG6GHJfaEls,162.082,166.654,4.572,1.0,1.0,14.44,E:\FPTU\PRJ\VN-AV-DF-Capstone\data\clips\tier1\100-300\tier1_v3_clips_100_300\BG6GHJfaEls_clip0031_t00162.mp4,tier1,1,1.0,0.0231927409768104,True,9,0.5854001641273499,238,0.6306460988405492
BG6GHJfaEls_clip0032_t00166,BG6GHJfaEls,166.946,169.022,2.076,1.0,1.0,16.85,E:\FPTU\PRJ\VN-AV-DF-Capstone\data\clips\tier1\100-300\tier1_v3_clips_100_300\BG6GHJfaEls_clip0032_t00166.mp4,tier1,1,1.0,0.0234120357781648,True,9,0.9875973463058472,238,0.7022291242486418
BG6GHJfaEls_clip0033_t00169,BG6GHJfaEls,169.41,174.43,5.02,1.0,1.0,14.91,E:\FPTU\PRJ\VN-AV-DF-Capstone\data\clips\tier1\100-300\tier1_v3_clips_100_300\BG6GHJfaEls_clip0033_t00169.mp4,tier1,1,1.0,0.0235763397067785,True,9,0.9837008714675904,238,0.7019963373369409
7641434012375928072_clip0009_t00094,7641434012375928072,94.882,98.334,3.452,1.0,1.0,-0.17,E:\FPTU\PRJ\VN-AV-DF-Capstone\data\clips\tier3\tier3_v3_clips_0_1262-001\7641434012375928072_clip0009_t00094.mp4,tier3,1,1.0,0.0402812398970127,True,9,0.8680069446563721,240,0.7278222829771943
_adzgpYkn_c_clip0038_t00398,_adzgpYkn_c,398.658,404.254,5.596,1.0,1.0,4.07,E:\FPTU\PRJ\VN-AV-DF-Capstone\data\clips\tier1\440-9999\tier1_v3_clips_440_9999\_adzgpYkn_c_clip0038_t00398.mp4,tier1,1,1.0,0.0107366917654871,True,9,0.9650024771690368,243,0.6631538947724159
_adzgpYkn_c_clip0039_t00406,_adzgpYkn_c,406.626,411.422,4.796,1.0,1.0,3.88,E:\FPTU\PRJ\VN-AV-DF-Capstone\data\clips\tier1\440-9999\tier1_v3_clips_440_9999\_adzgpYkn_c_clip0039_t00406.mp4,tier1,1,1.0,0.0139323668554425,True,9,0.9628666639328004,243,0.6716232574475494
lq_tau31IE0_clip0006_t00210,lq_tau31IE0,210.914,215.914,5.0,1.0,1.0,6.17,E:\FPTU\PRJ\VN-AV-DF-Capstone\data\clips\tier1\100-300\tier1_v3_clips_100_300\lq_tau31IE0_clip0006_t00210.mp4,tier1,1,1.0,0.0142731945961713,True,9,0.5951129794120789,244,0.6076690280979796
7634060089552358676_clip0002_t00009,7634060089552358676,9.954,12.574,2.62,1.0,1.0,3.25,E:\FPTU\PRJ\VN-AV-DF-Capstone\data\clips\tier3\tier3_v3_clips_0_1262-001\7634060089552358676_clip0002_t00009.mp4,tier3,1,1.0,0.0251765754073858,True,9,0.714127242565155,245,0.6588542944951987
7634060089552358676_clip0011_t00069,7634060089552358676,69.41,74.846,5.436,1.0,1.0,7.55,E:\FPTU\PRJ\VN-AV-DF-Capstone\data\clips\tier3\tier3_v3_clips_0_1262-001\7634060089552358676_clip0011_t00069.mp4,tier3,1,1.0,0.0211119074374437,True,9,0.3269489109516144,245,0.5792768887342263
7634060096967806228_clip0013_t00133,7634060096967806228,133.218,138.078,4.86,1.0,1.0,6.47,E:\FPTU\PRJ\VN-AV-DF-Capstone\data\clips\tier3\tier3_v3_clips_0_1262-001\7634060096967806228_clip0013_t00133.mp4,tier3,1,1.0,0.0190192256122827,True,9,0.4077652394771576,245,0.5877456299036301
7634060096967806228_clip0014_t00138,7634060096967806228,138.21,140.254,2.044,1.0,1.0,3.93,E:\FPTU\PRJ\VN-AV-DF-Capstone\data\clips\tier3\tier3_v3_clips_0_1262-001\7634060096967806228_clip0014_t00138.mp4,tier3,1,1.0,0.028071142733097,True,9,0.905536949634552,245,0.7006452221830255
7634060096967806228_clip0016_t00152,7634060096967806228,152.642,155.614,2.972,1.0,1.0,4.72,E:\FPTU\PRJ\VN-AV-DF-Capstone\data\clips\tier3\tier3_v3_clips_0_1262-001\7634060096967806228_clip0016_t00152.mp4,tier3,1,1.0,0.0243930462747812,True,9,0.5587723851203918,245,0.6292697653094891
7634060096967806228_clip0021_t00192,7634060096967806228,192.034,194.686,2.652,1.0,1.0,2.39,E:\FPTU\PRJ\VN-AV-DF-Capstone\data\clips\tier3\tier3_v3_clips_0_1262-001\7634060096967806228_clip0021_t00192.mp4,tier3,1,1.0,0.0250979326665401,True,9,0.7196369171142578,245,0.6596088910921383
7634060096967806228_clip0030_t00255,7634060096967806228,255.49,260.49,5.0,1.0,1.0,4.55,E:\FPTU\PRJ\VN-AV-DF-Capstone\data\clips\tier3\tier3_v3_clips_0_1262-001\7634060096967806228_clip0030_t00255.mp4,tier3,1,1.0,0.0229785032570362,True,9,0.6666702032089233,245,0.6443948173788553
7634060096967806228_clip0049_t00423,7634060096967806228,423.33,425.63,2.3,1.0,1.0,7.26,E:\FPTU\PRJ\VN-AV-DF-Capstone\data\clips\tier3\tier3_v3_clips_0_1262-001\7634060096967806228_clip0049_t00423.mp4,tier3,1,1.0,0.0109048373997211,True,9,0.9133179783821106,245,0.6544985617771271
7634060096967806228_clip0051_t00434,7634060096967806228,434.146,438.046,3.9,1.0,1.0,4.6,E:\FPTU\PRJ\VN-AV-DF-Capstone\data\clips\tier3\tier3_v3_clips_0_1262-001\7634060096967806228_clip0051_t00434.mp4,tier3,1,1.0,0.0136654796078801,True,9,0.8752875924110413,245,0.6554293296406295
7627812135254494485_clip0000_t00002,7627812135254494485,2.178,5.95,3.772,1.0,1.0,7.18,E:\FPTU\PRJ\VN-AV-DF-Capstone\data\clips\tier3\tier3_v3_clips_0_1262-001\7627812135254494485_clip0000_t00002.mp4,tier3,1,0.6666666666666666,0.0111171482130885,True,9,0.8960456848144531,246,0.495175483873165
7630081846314929428_clip0003_t00069,7630081846314929428,69.346,71.71,2.364,1.0,1.0,11.13,E:\FPTU\PRJ\VN-AV-DF-Capstone\data\clips\tier3\tier3_v3_clips_0_1262-001\7630081846314929428_clip0003_t00069.mp4,tier3,1,1.0,0.0335018634796142,True,9,0.4925624132156372,246,0.6428006892693887
7641786063647706384_clip0000_t00000,7641786063647706384,0.162,2.238,2.076,1.0,1.0,9.75,E:\FPTU\PRJ\VN-AV-DF-Capstone\data\clips\tier3\tier3_v3_clips_0_1262-001\7641786063647706384_clip0000_t00000.mp4,tier3,1,1.0,0.0107224006205797,True,9,0.92125004529953,247,0.655393316622442
7641786063647706384_clip0001_t00002,7641786063647706384,2.434,9.31,6.876,1.0,1.0,8.62,E:\FPTU\PRJ\VN-AV-DF-Capstone\data\clips\tier3\tier3_v3_clips_0_1262-001\7641786063647706384_clip0001_t00002.mp4,tier3,1,1.0,0.0104502476751804,True,9,0.8878396153450012,247,0.6487439843469227
7643611005758573845_clip0000_t00000,7643611005758573845,0.258,4.19,3.932,1.0,1.0,15.04,E:\FPTU\PRJ\VN-AV-DF-Capstone\data\clips\tier3\tier3_v3_clips_0_1262-001\7643611005758573845_clip0000_t00000.mp4,tier3,1,1.0,0.0118053341284394,True,9,0.9089735746383668,247,0.6562246582135263
7643611005758573845_clip0001_t00004,7643611005758573845,4.386,7.07,2.684,1.0,1.0,14.12,E:\FPTU\PRJ\VN-AV-DF-Capstone\data\clips\tier3\tier3_v3_clips_0_1262-001\7643611005758573845_clip0001_t00004.mp4,tier3,1,1.0,0.011846775189042,True,9,0.9022588729858398,247,0.6551544280473611
CHkaAtJLN3E_clip0019_t00352,CHkaAtJLN3E,352.61,357.61,5.0,1.0,1.0,7.32,E:\FPTU\PRJ\VN-AV-DF-Capstone\data\clips\tier1\100-300\tier1_v3_clips_100_300\CHkaAtJLN3E_clip0019_t00352.mp4,tier1,1,1.0,0.0560363605618476,True,9,0.861164927482605,248,0.7702282085353915
CHkaAtJLN3E_clip0020_t00356,CHkaAtJLN3E,356.61,361.61,5.0,1.0,1.0,6.83,E:\FPTU\PRJ\VN-AV-DF-Capstone\data\clips\tier1\100-300\tier1_v3_clips_100_300\CHkaAtJLN3E_clip0020_t00356.mp4,tier1,1,1.0,0.0560795068740844,True,9,0.747826337814331,248,0.7503467186103864
CHkaAtJLN3E_clip0021_t00360,CHkaAtJLN3E,360.61,365.61,5.0,1.0,1.0,7.0,E:\FPTU\PRJ\VN-AV-DF-Capstone\data\clips\tier1\100-300\tier1_v3_clips_100_300\CHkaAtJLN3E_clip0021_t00360.mp4,tier1,1,1.0,0.0576831102371215,True,9,0.8784552812576294,248,0.7778379814901886
CHkaAtJLN3E_clip0022_t00365,CHkaAtJLN3E,365.858,369.214,3.356,1.0,1.0,5.91,E:\FPTU\PRJ\VN-AV-DF-Capstone\data\clips\tier1\100-300\tier1_v3_clips_100_300\CHkaAtJLN3E_clip0022_t00365.mp4,tier1,1,1.0,0.0454790815711021,True,9,0.5274484157562256,248,0.6821123894331683
R5y53Ud7Fs8_clip0072_t00836,R5y53Ud7Fs8,836.162,839.07,2.908,1.0,1.0,1.45,E:\FPTU\PRJ\VN-AV-DF-Capstone\data\clips\tier1\300-400\tier1_v3_clips_300_400\R5y53Ud7Fs8_clip0072_t00836.mp4,tier1,1,1.0,0.0259594414383173,True,9,0.5946224927902222,249,0.63993235151403
XwMwDTPAyAo_clip0006_t00053,XwMwDTPAyAo,53.986,58.986,5.0,1.0,1.0,6.02,E:\FPTU\PRJ\VN-AV-DF-Capstone\data\clips\tier1\440-9999\tier1_v3_clips_440_9999\XwMwDTPAyAo_clip0006_t00053.mp4,tier1,1,1.0,0.0133381895720958,True,9,0.418987900018692,249,0.5739998499170682
XwMwDTPAyAo_clip0011_t00159,XwMwDTPAyAo,159.65,162.59,2.94,1.0,1.0,7.61,E:\FPTU\PRJ\VN-AV-DF-Capstone\data\clips\tier1\440-9999\tier1_v3_clips_440_9999\XwMwDTPAyAo_clip0011_t00159.mp4,tier1,1,1.0,0.0103252530097961,True,9,0.8398938775062561,249,0.6399369614328121
7204326198501969178_clip0000_t00000,7204326198501969178,0.002,8.478,8.476,1.0,1.0,2.21,E:\FPTU\PRJ\VN-AV-DF-Capstone\data\clips\tier3\tier3_v3_clips_0_1262-001\7204326198501969178_clip0000_t00000.mp4,tier3,1,0.8888888888888888,0.4841248393058777,True,9,0.728277862071991,250,0.8997614527839461
7204326198501969178_clip0001_t00008,7204326198501969178,8.578,14.864,6.286,1.0,1.0,1.53,E:\FPTU\PRJ\VN-AV-DF-Capstone\data\clips\tier3\tier3_v3_clips_0_1262-001\7204326198501969178_clip0001_t00008.mp4,tier3,1,1.0,0.4921978712081909,True,9,0.7807604670524597,250,0.9613106706563165
7205080159811013914_clip0000_t00003,7205080159811013914,3.234,8.446,5.212,1.0,1.0,1.01,E:\FPTU\PRJ\VN-AV-DF-Capstone\data\clips\tier3\tier3_v3_clips_0_1262-001\7205080159811013914_clip0000_t00003.mp4,tier3,1,1.0,0.3799276649951935,True,9,0.8665898442268372,250,0.9764570313341479
7205080159811013914_clip0001_t00009,7205080159811013914,9.25,12.286,3.036,1.0,1.0,0.06,E:\FPTU\PRJ\VN-AV-DF-Capstone\data\clips\tier3\tier3_v3_clips_0_1262-001\7205080159811013914_clip0001_t00009.mp4,tier3,1,1.0,0.4000892341136932,True,9,0.8695034384727478,250,0.9769711950246026
7221493524947045659_clip0000_t00001,7221493524947045659,1.954,7.646,5.692,1.0,1.0,0.04,E:\FPTU\PRJ\VN-AV-DF-Capstone\data\clips\tier3\tier3_v3_clips_0_1262-001\7221493524947045659_clip0000_t00001.mp4,tier3,1,1.0,0.2813217043876648,True,9,0.7156695127487183,250,0.9498240316615386
7226359641922424069_clip0000_t00000,7226359641922424069,0.002,3.166,3.164,1.0,1.0,-8.64,E:\FPTU\PRJ\VN-AV-DF-Capstone\data\clips\tier3\tier3_v3_clips_0_1262-001\7226359641922424069_clip0000_t00000.mp4,tier3,1,1.0,0.0591122768819332,True,9,0.7886196970939636,250,0.7659408636050613
7256443852490411269_clip0000_t00000,7256443852490411269,0.354,2.91,2.556,1.0,1.0,1.21,E:\FPTU\PRJ\VN-AV-DF-Capstone\data\clips\tier3\tier3_v3_clips_0_1262-001\7256443852490411269_clip0000_t00000.mp4,tier3,1,1.0,0.33663210272789,True,9,0.8585963845252991,250,0.9750464207985823
7315077824895798529_clip0000_t00000,7315077824895798529,0.0,3.454,3.454,1.0,1.0,-0.37,E:\FPTU\PRJ\VN-AV-DF-Capstone\data\clips\tier3\tier3_v3_clips_0_1262-001\7315077824895798529_clip0000_t00000.mp4,tier3,1,1.0,0.1568027585744857,True,9,0.8071615695953369,250,0.9659696887521183
7315077824895798529_clip0001_t00004,7315077824895798529,4.002,9.086,5.084,1.0,1.0,0.11,E:\FPTU\PRJ\VN-AV-DF-Capstone\data\clips\tier3\tier3_v3_clips_0_1262-001\7315077824895798529_clip0001_t00004.mp4,tier3,1,1.0,0.1672551333904266,True,9,0.8199374079704285,250,0.9682242484653698
7315077824895798529_clip0002_t00009,7315077824895798529,9.986,14.864,4.878,1.0,1.0,-1.51,E:\FPTU\PRJ\VN-AV-DF-Capstone\data\clips\tier3\tier3_v3_clips_0_1262-001\7315077824895798529_clip0002_t00009.mp4,tier3,1,1.0,0.1893766820430755,True,9,0.7904558181762695,250,0.963021614972283
7338723019914824962_clip0000_t00000,7338723019914824962,0.29,2.366,2.076,1.0,1.0,0.2,E:\FPTU\PRJ\VN-AV-DF-Capstone\data\clips\tier3\tier3_v3_clips_0_1262-001\7338723019914824962_clip0000_t00000.mp4,tier3,1,1.0,0.2524526417255401,True,9,0.933048665523529,250,0.9881850586217993
7338723019914824962_clip0001_t00004,7338723019914824962,4.162,7.934,3.772,1.0,1.0,-1.99,E:\FPTU\PRJ\VN-AV-DF-Capstone\data\clips\tier3\tier3_v3_clips_0_1262-001\7338723019914824962_clip0001_t00004.mp4,tier3,1,1.0,0.2535693645477295,True,9,0.8517341613769531,250,0.9738354402429918
7338723019914824962_clip0002_t00008,7338723019914824962,8.13,11.262,3.132,1.0,1.0,2.66,E:\FPTU\PRJ\VN-AV-DF-Capstone\data\clips\tier3\tier3_v3_clips_0_1262-001\7338723019914824962_clip0002_t00008.mp4,tier3,1,1.0,0.2383120059967041,True,9,0.8345887660980225,250,0.9708097822525923
7338723019914824962_clip0003_t00011,7338723019914824962,11.746,16.894,5.148,1.0,1.0,4.47,E:\FPTU\PRJ\VN-AV-DF-Capstone\data\clips\tier3\tier3_v3_clips_0_1262-001\7338723019914824962_clip0003_t00011.mp4,tier3,1,1.0,0.2197784036397934,True,9,0.7782319188117981,250,0.9608644562609057
7338723019914824962_clip0004_t00026,7338723019914824962,26.562,29.758,3.196,1.0,1.0,6.34,E:\FPTU\PRJ\VN-AV-DF-Capstone\data\clips\tier3\tier3_v3_clips_0_1262-001\7338723019914824962_clip0004_t00026.mp4,tier3,1,1.0,0.2478340417146682,True,9,0.849432647228241,250,0.9734292906873367
7415622308691201288_clip0000_t00004,7415622308691201288,4.93,7.966,3.036,1.0,1.0,0.65,E:\FPTU\PRJ\VN-AV-DF-Capstone\data\clips\tier3\tier3_v3_clips_0_1262-001\7415622308691201288_clip0000_t00004.mp4,tier3,1,1.0,0.1856881529092788,True,9,0.8488600850105286,250,0.9733282502959757
7415622308691201288_clip0001_t00013,7415622308691201288,13.698,19.486,5.788,1.0,1.0,2.74,E:\FPTU\PRJ\VN-AV-DF-Capstone\data\clips\tier3\tier3_v3_clips_0_1262-001\7415622308691201288_clip0001_t00013.mp4,tier3,1,1.0,0.1911976486444473,True,9,0.8413931727409363,250,0.9720105598954594
7421464658466458898_clip0000_t00003,7421464658466458898,3.65,6.238,2.588,1.0,1.0,-0.81,E:\FPTU\PRJ\VN-AV-DF-Capstone\data\clips\tier3\tier3_v3_clips_0_1262-001\7421464658466458898_clip0000_t00003.mp4,tier3,1,1.0,0.1642376184463501,True,9,0.8351910710334778,250,0.9709160713588492
7439248144757443857_clip0000_t00002,7439248144757443857,2.466,5.086,2.62,1.0,1.0,-0.15,E:\FPTU\PRJ\VN-AV-DF-Capstone\data\clips\tier3\tier3_v3_clips_0_1262-001\7439248144757443857_clip0000_t00002.mp4,tier3,1,1.0,0.2571770548820495,True,9,0.8769338130950928,250,0.9782824376050164
7439248144757443857_clip0001_t00012,7439248144757443857,12.77,15.55,2.78,1.0,1.0,0.7,E:\FPTU\PRJ\VN-AV-DF-Capstone\data\clips\tier3\tier3_v3_clips_0_1262-001\7439248144757443857_clip0001_t00012.mp4,tier3,1,1.0,0.2663525640964508,True,9,0.9093822836875916,250,0.9840086382978104
7484979323171065095_clip0000_t00000,7484979323171065095,0.706,3.358,2.652,1.0,1.0,-0.64,E:\FPTU\PRJ\VN-AV-DF-Capstone\data\clips\tier3\tier3_v3_clips_0_1262-001\7484979323171065095_clip0000_t00000.mp4,tier3,1,1.0,0.2202599495649337,True,9,0.8953149318695068,250,0.9815261644475601
7484979323171065095_clip0001_t00027,7484979323171065095,27.106,29.982,2.876,1.0,1.0,2.96,E:\FPTU\PRJ\VN-AV-DF-Capstone\data\clips\tier3\tier3_v3_clips_0_1262-001\7484979323171065095_clip0001_t00027.mp4,tier3,1,1.0,0.2121652066707611,True,9,0.8677219748497009,250,0.9766568190911238
7601435115272785173_clip0000_t00000,7601435115272785173,0.386,3.326,2.94,1.0,1.0,0.16,E:\FPTU\PRJ\VN-AV-DF-Capstone\data\clips\tier3\tier3_v3_clips_0_1262-001\7601435115272785173_clip0000_t00000.mp4,tier3,1,1.0,0.1554279029369354,True,9,0.8824999928474426,250,0.979264704620137
b9_oesdIz-M_clip0031_t00269,b9_oesdIz-M,269.538,276.094,6.556,1.0,1.0,18.25,E:\FPTU\PRJ\VN-AV-DF-Capstone\data\clips\tier2\tier2_v3_clips_0_999-001\b9_oesdIz-M_clip0031_t00269.mp4,tier2,1,1.0,0.0280736126005649,True,9,0.9058723449707032,251,0.7007112466848151
b9_oesdIz-M_clip0032_t00276,b9_oesdIz-M,276.194,278.462,2.268,1.0,1.0,17.48,E:\FPTU\PRJ\VN-AV-DF-Capstone\data\clips\tier2\tier2_v3_clips_0_999-001\b9_oesdIz-M_clip0032_t00276.mp4,tier2,1,1.0,0.0278278216719627,True,9,0.9005330204963684,251,0.6990886142663477
b9_oesdIz-M_clip0038_t00378,b9_oesdIz-M,378.85,384.99,6.14,1.0,1.0,19.76,E:\FPTU\PRJ\VN-AV-DF-Capstone\data\clips\tier2\tier2_v3_clips_0_999-001\b9_oesdIz-M_clip0038_t00378.mp4,tier2,1,1.0,0.0119414776563644,True,9,0.8359410762786865,251,0.6437134429141651
b9_oesdIz-M_clip0039_t00385,b9_oesdIz-M,385.346,389.886,4.54,1.0,1.0,20.02,E:\FPTU\PRJ\VN-AV-DF-Capstone\data\clips\tier2\tier2_v3_clips_0_999-001\b9_oesdIz-M_clip0039_t00385.mp4,tier2,1,1.0,0.0121290050446987,True,9,0.8345970511436462,251,0.643995375506826
b9_oesdIz-M_clip0040_t00390,b9_oesdIz-M,390.082,398.142,8.06,1.0,1.0,18.8,E:\FPTU\PRJ\VN-AV-DF-Capstone\data\clips\tier2\tier2_v3_clips_0_999-001\b9_oesdIz-M_clip0040_t00390.mp4,tier2,1,1.0,0.0120340455323457,True,9,0.8462013602256775,251,0.6457803277421084
b9_oesdIz-M_clip0048_t00441,b9_oesdIz-M,441.026,449.982,8.956,1.0,1.0,19.6,E:\FPTU\PRJ\VN-AV-DF-Capstone\data\clips\tier2\tier2_v3_clips_0_999-001\b9_oesdIz-M_clip0048_t00441.mp4,tier2,1,1.0,0.0119685130193829,True,9,0.8586320877075195,251,0.6477925783668772
b9_oesdIz-M_clip0049_t00500,b9_oesdIz-M,500.258,506.75,6.492,1.0,1.0,20.52,E:\FPTU\PRJ\VN-AV-DF-Capstone\data\clips\tier2\tier2_v3_clips_0_999-001\b9_oesdIz-M_clip0049_t00500.mp4,tier2,1,1.0,0.0119948936626315,True,9,0.8449732661247253,251,0.6454552250098688
b9_oesdIz-M_clip0050_t00506,b9_oesdIz-M,506.978,509.63,2.652,1.0,1.0,20.41,E:\FPTU\PRJ\VN-AV-DF-Capstone\data\clips\tier2\tier2_v3_clips_0_999-001\b9_oesdIz-M_clip0050_t00506.mp4,tier2,1,1.0,0.0120964311063289,True,9,0.8836665749549866,251,0.6525645320303504
b9_oesdIz-M_clip0064_t00588,b9_oesdIz-M,588.546,598.014,9.468,1.0,1.0,19.23,E:\FPTU\PRJ\VN-AV-DF-Capstone\data\clips\tier2\tier2_v3_clips_0_999-001\b9_oesdIz-M_clip0064_t00588.mp4,tier2,1,1.0,0.0104028154164552,True,9,0.8419813513755798,251,0.6405200475040366
b9_oesdIz-M_clip0065_t00598,b9_oesdIz-M,598.21,601.982,3.772,1.0,1.0,19.06,E:\FPTU\PRJ\VN-AV-DF-Capstone\data\clips\tier2\tier2_v3_clips_0_999-001\b9_oesdIz-M_clip0065_t00598.mp4,tier2,1,1.0,0.0102941235527396,True,9,0.5827949047088623,251,0.5944803818752544
b9_oesdIz-M_clip0087_t00842,b9_oesdIz-M,842.05,846.302,4.252,1.0,1.0,17.6,E:\FPTU\PRJ\VN-AV-DF-Capstone\data\clips\tier2\tier2_v3_clips_0_999-001\b9_oesdIz-M_clip0087_t00842.mp4,tier2,1,1.0,0.0280095599591732,True,9,0.8732509613037109,251,0.6947772213358303
b9_oesdIz-M_clip0088_t00846,b9_oesdIz-M,846.402,850.238,3.836,1.0,1.0,18.84,E:\FPTU\PRJ\VN-AV-DF-Capstone\data\clips\tier2\tier2_v3_clips_0_999-001\b9_oesdIz-M_clip0088_t00846.mp4,tier2,1,1.0,0.028181854635477,True,9,0.889893651008606,251,0.6981911128684514
b9_oesdIz-M_clip0089_t00850,b9_oesdIz-M,850.498,855.55,5.052,1.0,1.0,19.49,E:\FPTU\PRJ\VN-AV-DF-Capstone\data\clips\tier2\tier2_v3_clips_0_999-001\b9_oesdIz-M_clip0089_t00850.mp4,tier2,1,1.0,0.0280263628810644,True,9,0.8927088975906372,251,0.6982574886629569
7636689448880721173_clip0019_t00136,7636689448880721173,136.45,139.07,2.62,1.0,1.0,6.03,E:\FPTU\PRJ\VN-AV-DF-Capstone\data\clips\tier3\tier3_v3_clips_0_1262-001\7636689448880721173_clip0019_t00136.mp4,tier3,1,1.0,0.0144829703494906,True,9,0.5610311031341553,252,0.6022352807874947
g6hBKVh_7Pk_clip0028_t00229,g6hBKVh_7Pk,229.09,234.09,5.0,1.0,1.0,6.57,E:\FPTU\PRJ\VN-AV-DF-Capstone\data\clips\tier1\100-300\tier1_v3_clips_100_300\g6hBKVh_7Pk_clip0028_t00229.mp4,tier1,1,1.0,0.0442510098218917,True,9,0.5072014927864075,253,0.6751398536156954
g6hBKVh_7Pk_clip0031_t00254,g6hBKVh_7Pk,254.466,259.466,5.0,1.0,1.0,6.94,E:\FPTU\PRJ\VN-AV-DF-Capstone\data\clips\tier1\100-300\tier1_v3_clips_100_300\g6hBKVh_7Pk_clip0031_t00254.mp4,tier1,1,1.0,0.0510731525719165,True,9,0.919433295726776,253,0.7667717045681991
UnodrLYWJYI_clip0066_t00709,UnodrLYWJYI,709.314,711.39,2.076,1.0,1.0,14.27,E:\FPTU\PRJ\VN-AV-DF-Capstone\data\clips\tier2\tier2_v3_clips_0_999-001\UnodrLYWJYI_clip0066_t00709.mp4,tier2,1,1.0,0.061725940555334,True,9,0.9064584374427797,254,0.7939710817550328
UnodrLYWJYI_clip0067_t00711,UnodrLYWJYI,711.746,716.35,4.604,1.0,1.0,13.47,E:\FPTU\PRJ\VN-AV-DF-Capstone\data\clips\tier2\tier2_v3_clips_0_999-001\UnodrLYWJYI_clip0067_t00711.mp4,tier2,1,1.0,0.0844737738370895,True,9,0.8804360628128052,254,0.8523494722201905
UnodrLYWJYI_clip0068_t00717,UnodrLYWJYI,717.73,721.47,3.74,1.0,1.0,13.19,E:\FPTU\PRJ\VN-AV-DF-Capstone\data\clips\tier2\tier2_v3_clips_0_999-001\UnodrLYWJYI_clip0068_t00717.mp4,tier2,1,1.0,0.1063470691442489,True,9,0.7266404628753662,254,0.8857587495824478
0rNleOYzisw_clip0007_t00071,0rNleOYzisw,71.746,74.622,2.876,1.0,1.0,8.97,E:\FPTU\PRJ\VN-AV-DF-Capstone\data\clips\tier2\tier2_v3_clips_0_999-001\0rNleOYzisw_clip0007_t00071.mp4,tier2,1,1.0,0.034854520112276,True,9,0.9298007488250732,255,0.7237048209600281
0rNleOYzisw_clip0008_t00091,0rNleOYzisw,91.01,93.854,2.844,1.0,1.0,11.6,E:\FPTU\PRJ\VN-AV-DF-Capstone\data\clips\tier2\tier2_v3_clips_0_999-001\0rNleOYzisw_clip0008_t00091.mp4,tier2,1,1.0,0.0359419099986553,True,9,0.9029481410980223,255,0.7219762392202507
7641839768522837266_clip0002_t00032,7641839768522837266,32.098,37.098,5.0,1.0,1.0,10.03,E:\FPTU\PRJ\VN-AV-DF-Capstone\data\clips\tier3\tier3_v3_clips_0_1262-001\7641839768522837266_clip0002_t00032.mp4,tier3,1,1.0,0.0185095332562923,True,9,0.8253146409988403,257,0.6600198875316914
7641839768522837266_clip0003_t00036,7641839768522837266,36.098,41.098,5.0,0.8,1.0,10.17,E:\FPTU\PRJ\VN-AV-DF-Capstone\data\clips\tier3\tier3_v3_clips_0_1262-001\7641839768522837266_clip0003_t00036.mp4,tier3,1,0.6666666666666666,0.0178928580135107,True,9,0.8280147314071655,257,0.5019265479692265
qwnzKjjauR8_clip0005_t00034,qwnzKjjauR8,34.914,40.094,5.18,1.0,1.0,3.37,E:\FPTU\PRJ\VN-AV-DF-Capstone\data\clips\tier1\300-400\tier1_v3_clips_300_400\qwnzKjjauR8_clip0005_t00034.mp4,tier1,1,1.0,0.0503972917795181,True,9,0.9302753806114196,258,0.7668140951623833
qwnzKjjauR8_clip0006_t00040,qwnzKjjauR8,40.418,50.334,9.916,1.0,1.0,5.41,E:\FPTU\PRJ\VN-AV-DF-Capstone\data\clips\tier1\300-400\tier1_v3_clips_300_400\qwnzKjjauR8_clip0006_t00040.mp4,tier1,1,1.0,0.0514381155371665,True,9,0.9306280612945556,258,0.7697575422686023
qwnzKjjauR8_clip0007_t00050,qwnzKjjauR8,50.434,56.158,5.724,1.0,1.0,4.04,E:\FPTU\PRJ\VN-AV-DF-Capstone\data\clips\tier1\300-400\tier1_v3_clips_300_400\qwnzKjjauR8_clip0007_t00050.mp4,tier1,1,1.0,0.051040843129158,True,9,0.9313429594039916,258,0.7687839708921218
qwnzKjjauR8_clip0008_t00057,qwnzKjjauR8,57.57,59.966,2.396,1.0,1.0,5.91,E:\FPTU\PRJ\VN-AV-DF-Capstone\data\clips\tier1\300-400\tier1_v3_clips_300_400\qwnzKjjauR8_clip0008_t00057.mp4,tier1,1,1.0,0.0509120747447013,True,9,0.9382397532463074,258,0.7696445953912727
qwnzKjjauR8_clip0009_t00060,qwnzKjjauR8,60.322,63.23,2.908,1.0,1.0,7.77,E:\FPTU\PRJ\VN-AV-DF-Capstone\data\clips\tier1\300-400\tier1_v3_clips_300_400\qwnzKjjauR8_clip0009_t00060.mp4,tier1,1,1.0,0.0509307347238063,True,9,0.9267554879188538,258,0.7676696149058007
qwnzKjjauR8_clip0010_t00070,qwnzKjjauR8,70.082,75.102,5.02,1.0,1.0,7.01,E:\FPTU\PRJ\VN-AV-DF-Capstone\data\clips\tier1\300-400\tier1_v3_clips_300_400\qwnzKjjauR8_clip0010_t00070.mp4,tier1,1,1.0,0.021149905398488,True,9,0.8637669682502747,258,0.6741146730737823
qwnzKjjauR8_clip0011_t00075,qwnzKjjauR8,75.362,80.382,5.02,1.0,1.0,5.8,E:\FPTU\PRJ\VN-AV-DF-Capstone\data\clips\tier1\300-400\tier1_v3_clips_300_400\qwnzKjjauR8_clip0011_t00075.mp4,tier1,1,1.0,0.0249786768108606,True,9,0.9021241664886476,258,0.6914823991589539
qwnzKjjauR8_clip0012_t00083,qwnzKjjauR8,83.81,86.846,3.036,1.0,1.0,8.22,E:\FPTU\PRJ\VN-AV-DF-Capstone\data\clips\tier1\300-400\tier1_v3_clips_300_400\qwnzKjjauR8_clip0012_t00083.mp4,tier1,1,1.0,0.0477144382894039,True,9,0.918645441532135,258,0.7573350753302662
qwnzKjjauR8_clip0013_t00087,qwnzKjjauR8,87.01,89.31,2.3,1.0,1.0,3.78,E:\FPTU\PRJ\VN-AV-DF-Capstone\data\clips\tier1\300-400\tier1_v3_clips_300_400\qwnzKjjauR8_clip0013_t00087.mp4,tier1,1,1.0,0.0512569323182106,True,9,0.9449501037597656,258,0.7717834099641703
qwnzKjjauR8_clip0014_t00090,qwnzKjjauR8,90.146,94.43,4.284,1.0,1.0,4.75,E:\FPTU\PRJ\VN-AV-DF-Capstone\data\clips\tier1\300-400\tier1_v3_clips_300_400\qwnzKjjauR8_clip0014_t00090.mp4,tier1,1,1.0,0.0512897707521915,True,9,0.9435303807258606,258,0.7716237739901425
qwnzKjjauR8_clip0015_t00095,qwnzKjjauR8,95.106,97.438,2.332,1.0,1.0,4.23,E:\FPTU\PRJ\VN-AV-DF-Capstone\data\clips\tier1\300-400\tier1_v3_clips_300_400\qwnzKjjauR8_clip0015_t00095.mp4,tier1,1,1.0,0.0514057800173759,True,9,0.9409371614456176,258,0.7714872840190912
qwnzKjjauR8_clip0016_t00097,qwnzKjjauR8,97.602,101.79,4.188,1.0,1.0,4.33,E:\FPTU\PRJ\VN-AV-DF-Capstone\data\clips\tier1\300-400\tier1_v3_clips_300_400\qwnzKjjauR8_clip0016_t00097.mp4,tier1,1,1.0,0.0512866899371147,True,9,0.9499734044075012,258,0.7727522498539624
qwnzKjjauR8_clip0017_t00102,qwnzKjjauR8,102.178,104.606,2.428,1.0,1.0,4.6,E:\FPTU\PRJ\VN-AV-DF-Capstone\data\clips\tier1\300-400\tier1_v3_clips_300_400\qwnzKjjauR8_clip0017_t00102.mp4,tier1,1,1.0,0.0494399070739746,True,9,0.9286155700683594,258,0.7638709541461035
qwnzKjjauR8_clip0048_t00363,qwnzKjjauR8,363.298,365.598,2.3,1.0,1.0,8.56,E:\FPTU\PRJ\VN-AV-DF-Capstone\data\clips\tier1\300-400\tier1_v3_clips_300_400\qwnzKjjauR8_clip0048_t00363.mp4,tier1,1,1.0,0.0445162467658519,True,9,0.9586981534957886,258,0.7555499640836877
qwnzKjjauR8_clip0059_t00451,qwnzKjjauR8,451.522,454.59,3.068,1.0,1.0,3.48,E:\FPTU\PRJ\VN-AV-DF-Capstone\data\clips\tier1\300-400\tier1_v3_clips_300_400\qwnzKjjauR8_clip0059_t00451.mp4,tier1,1,1.0,0.0460794679820537,True,9,0.9495413303375244,258,0.7582613646062307
qwnzKjjauR8_clip0060_t00464,qwnzKjjauR8,464.834,467.774,2.94,1.0,1.0,5.28,E:\FPTU\PRJ\VN-AV-DF-Capstone\data\clips\tier1\300-400\tier1_v3_clips_300_400\qwnzKjjauR8_clip0060_t00464.mp4,tier1,1,1.0,0.0462166890501976,True,9,0.8412139415740967,258,0.7395246220835024
VdHT9nXSw-8_clip0006_t00067,VdHT9nXSw-8,67.682,75.55,7.868,1.0,1.0,26.63,E:\FPTU\PRJ\VN-AV-DF-Capstone\data\clips\tier1\400-440\tier1_v3_clips_400_440\VdHT9nXSw-8_clip0006_t00067.mp4,tier1,1,1.0,0.0918752178549766,True,9,0.9044020175933838,260,0.8770674428895965
VdHT9nXSw-8_clip0007_t00084,VdHT9nXSw-8,84.226,89.118,4.892,1.0,1.0,27.27,E:\FPTU\PRJ\VN-AV-DF-Capstone\data\clips\tier1\400-440\tier1_v3_clips_400_440\VdHT9nXSw-8_clip0007_t00084.mp4,tier1,1,1.0,0.0891933366656303,True,9,0.9719682335853576,260,0.8815669066528096
VdHT9nXSw-8_clip0009_t00094,VdHT9nXSw-8,94.562,96.574,2.012,1.0,1.0,25.81,E:\FPTU\PRJ\VN-AV-DF-Capstone\data\clips\tier1\400-440\tier1_v3_clips_400_440\VdHT9nXSw-8_clip0009_t00094.mp4,tier1,1,1.0,0.0980165302753448,True,9,0.9423537850379944,260,0.9007652006324578
VdHT9nXSw-8_clip0013_t00109,VdHT9nXSw-8,109.282,114.014,4.732,1.0,1.0,26.7,E:\FPTU\PRJ\VN-AV-DF-Capstone\data\clips\tier1\400-440\tier1_v3_clips_400_440\VdHT9nXSw-8_clip0013_t00109.mp4,tier1,1,1.0,0.0900293514132499,True,9,0.9728867411613464,260,0.8840432530628162
VdHT9nXSw-8_clip0016_t00140,VdHT9nXSw-8,140.29,146.718,6.428,1.0,1.0,25.94,E:\FPTU\PRJ\VN-AV-DF-Capstone\data\clips\tier1\400-440\tier1_v3_clips_400_440\VdHT9nXSw-8_clip0016_t00140.mp4,tier1,1,1.0,0.0928528532385826,True,9,0.8961876630783081,260,0.8783241421364504
VdHT9nXSw-8_clip0018_t00149,VdHT9nXSw-8,149.506,160.222,10.716,1.0,1.0,27.07,E:\FPTU\PRJ\VN-AV-DF-Capstone\data\clips\tier1\400-440\tier1_v3_clips_400_440\VdHT9nXSw-8_clip0018_t00149.mp4,tier1,1,1.0,0.0849852263927459,True,9,0.9087654948234558,260,0.858764587213675
VdHT9nXSw-8_clip0019_t00160,VdHT9nXSw-8,160.898,166.878,5.98,1.0,1.0,27.5,E:\FPTU\PRJ\VN-AV-DF-Capstone\data\clips\tier1\400-440\tier1_v3_clips_400_440\VdHT9nXSw-8_clip0019_t00160.mp4,tier1,1,1.0,0.0850703194737434,True,9,0.9602251052856444,260,0.8680812496919064
VdHT9nXSw-8_clip0021_t00172,VdHT9nXSw-8,172.45,175.006,2.556,1.0,1.0,27.91,E:\FPTU\PRJ\VN-AV-DF-Capstone\data\clips\tier1\400-440\tier1_v3_clips_400_440\VdHT9nXSw-8_clip0021_t00172.mp4,tier1,1,1.0,0.0855096876621246,True,9,0.9055325984954834,260,0.8596458902931502
VdHT9nXSw-8_clip0023_t00184,VdHT9nXSw-8,184.802,186.814,2.012,1.0,1.0,27.2,E:\FPTU\PRJ\VN-AV-DF-Capstone\data\clips\tier1\400-440\tier1_v3_clips_400_440\VdHT9nXSw-8_clip0023_t00184.mp4,tier1,1,1.0,0.0823977440595626,True,9,0.9270660877227784,260,0.8548314324954267
VdHT9nXSw-8_clip0025_t00198,VdHT9nXSw-8,198.818,204.734,5.916,1.0,1.0,26.37,E:\FPTU\PRJ\VN-AV-DF-Capstone\data\clips\tier1\400-440\tier1_v3_clips_400_440\VdHT9nXSw-8_clip0025_t00198.mp4,tier1,1,0.8888888888888888,0.0853189006447792,True,9,0.8719459176063538,260,0.8009031104533835
VdHT9nXSw-8_clip0028_t00231,VdHT9nXSw-8,231.394,236.766,5.372,1.0,1.0,26.24,E:\FPTU\PRJ\VN-AV-DF-Capstone\data\clips\tier1\400-440\tier1_v3_clips_400_440\VdHT9nXSw-8_clip0028_t00231.mp4,tier1,1,1.0,0.0839820727705955,True,9,0.9031776785850524,260,0.8550015711622636
VdHT9nXSw-8_clip0030_t00251,VdHT9nXSw-8,251.746,256.798,5.052,1.0,1.0,26.63,E:\FPTU\PRJ\VN-AV-DF-Capstone\data\clips\tier1\400-440\tier1_v3_clips_400_440\VdHT9nXSw-8_clip0030_t00251.mp4,tier1,1,1.0,0.0838696733117103,True,9,0.9537018537521362,260,0.8636064577826552
VdHT9nXSw-8_clip0032_t00261,VdHT9nXSw-8,261.794,265.022,3.228,1.0,1.0,26.49,E:\FPTU\PRJ\VN-AV-DF-Capstone\data\clips\tier1\400-440\tier1_v3_clips_400_440\VdHT9nXSw-8_clip0032_t00261.mp4,tier1,1,1.0,0.0790862739086151,True,9,0.9537355899810792,260,0.8503710003530961
VdHT9nXSw-8_clip0035_t00271,VdHT9nXSw-8,271.906,282.846,10.94,1.0,1.0,26.65,E:\FPTU\PRJ\VN-AV-DF-Capstone\data\clips\tier1\400-440\tier1_v3_clips_400_440\VdHT9nXSw-8_clip0035_t00271.mp4,tier1,1,1.0,0.0811451077461242,True,9,0.9710366725921632,260,0.8591233984107463
VdHT9nXSw-8_clip0036_t00283,VdHT9nXSw-8,283.074,290.782,7.708,1.0,1.0,26.58,E:\FPTU\PRJ\VN-AV-DF-Capstone\data\clips\tier1\400-440\tier1_v3_clips_400_440\VdHT9nXSw-8_clip0036_t00283.mp4,tier1,1,1.0,0.0806248858571052,True,9,0.9366168975830078,260,0.8516092417286143
VdHT9nXSw-8_clip0037_t00291,VdHT9nXSw-8,291.33,298.59,7.26,1.0,1.0,25.06,E:\FPTU\PRJ\VN-AV-DF-Capstone\data\clips\tier1\400-440\tier1_v3_clips_400_440\VdHT9nXSw-8_clip0037_t00291.mp4,tier1,1,1.0,0.0823274627327919,True,9,0.9058178663253784,260,0.850887193529326
VdHT9nXSw-8_clip0038_t00298,VdHT9nXSw-8,298.818,301.054,2.236,1.0,1.0,27.36,E:\FPTU\PRJ\VN-AV-DF-Capstone\data\clips\tier1\400-440\tier1_v3_clips_400_440\VdHT9nXSw-8_clip0038_t00298.mp4,tier1,1,1.0,0.0832689404487609,True,9,0.8931453227996826,260,0.8512570618482788
VdHT9nXSw-8_clip0041_t00310,VdHT9nXSw-8,310.306,315.306,5.0,1.0,1.0,25.91,E:\FPTU\PRJ\VN-AV-DF-Capstone\data\clips\tier1\400-440\tier1_v3_clips_400_440\VdHT9nXSw-8_clip0041_t00310.mp4,tier1,1,1.0,0.0792882740497589,True,9,0.8447328209877014,260,0.8316943945768119
VdHT9nXSw-8_clip0043_t00319,VdHT9nXSw-8,319.298,324.222,4.924,1.0,1.0,27.94,E:\FPTU\PRJ\VN-AV-DF-Capstone\data\clips\tier1\400-440\tier1_v3_clips_400_440\VdHT9nXSw-8_clip0043_t00319.mp4,tier1,1,1.0,0.0814599692821502,True,9,0.9225529432296752,260,0.8514390461806834
VdHT9nXSw-8_clip0045_t00328,VdHT9nXSw-8,328.994,333.994,5.0,1.0,1.0,26.05,E:\FPTU\PRJ\VN-AV-DF-Capstone\data\clips\tier1\400-440\tier1_v3_clips_400_440\VdHT9nXSw-8_clip0045_t00328.mp4,tier1,1,1.0,0.0855614021420478,True,9,0.9217967987060548,260,0.862659199345126
VdHT9nXSw-8_clip0047_t00340,VdHT9nXSw-8,340.994,345.994,5.0,1.0,1.0,26.43,E:\FPTU\PRJ\VN-AV-DF-Capstone\data\clips\tier1\400-440\tier1_v3_clips_400_440\VdHT9nXSw-8_clip0047_t00340.mp4,tier1,1,1.0,0.0847783833742141,True,9,0.8981967568397522,260,0.8563269327596355
VdHT9nXSw-8_clip0049_t00348,VdHT9nXSw-8,348.994,353.374,4.38,1.0,1.0,26.78,E:\FPTU\PRJ\VN-AV-DF-Capstone\data\clips\tier1\400-440\tier1_v3_clips_400_440\VdHT9nXSw-8_clip0049_t00348.mp4,tier1,1,1.0,0.0795982107520103,True,9,0.882777214050293,260,0.8392660780803519
VdHT9nXSw-8_clip0052_t00361,VdHT9nXSw-8,361.858,366.858,5.0,1.0,1.0,27.17,E:\FPTU\PRJ\VN-AV-DF-Capstone\data\clips\tier1\400-440\tier1_v3_clips_400_440\VdHT9nXSw-8_clip0052_t00361.mp4,tier1,1,1.0,0.083590880036354,True,9,0.8979172110557556,260,0.852990353255432
VdHT9nXSw-8_clip0055_t00373,VdHT9nXSw-8,373.858,377.214,3.356,1.0,1.0,27.39,E:\FPTU\PRJ\VN-AV-DF-Capstone\data\clips\tier1\400-440\tier1_v3_clips_400_440\VdHT9nXSw-8_clip0055_t00373.mp4,tier1,1,1.0,0.078496903181076,True,9,0.9710059762001038,260,0.8517872189468075
VdHT9nXSw-8_clip0058_t00385,VdHT9nXSw-8,385.538,393.15,7.612,1.0,1.0,26.62,E:\FPTU\PRJ\VN-AV-DF-Capstone\data\clips\tier1\400-440\tier1_v3_clips_400_440\VdHT9nXSw-8_clip0058_t00385.mp4,tier1,1,1.0,0.0809334218502044,True,9,0.9789140224456788,260,0.8599275298700834
VdHT9nXSw-8_clip0059_t00394,VdHT9nXSw-8,394.178,403.838,9.66,1.0,1.0,26.89,E:\FPTU\PRJ\VN-AV-DF-Capstone\data\clips\tier1\400-440\tier1_v3_clips_400_440\VdHT9nXSw-8_clip0059_t00394.mp4,tier1,1,1.0,0.0807723626494407,True,9,0.9476470947265624,260,0.8539639925069213
VdHT9nXSw-8_clip0060_t00404,VdHT9nXSw-8,404.642,407.582,2.94,1.0,1.0,27.24,E:\FPTU\PRJ\VN-AV-DF-Capstone\data\clips\tier1\400-440\tier1_v3_clips_400_440\VdHT9nXSw-8_clip0060_t00404.mp4,tier1,1,1.0,0.0854151546955108,True,9,0.9243301749229432,260,0.8627014234125444
VdHT9nXSw-8_clip0062_t00416,VdHT9nXSw-8,416.162,418.974,2.812,1.0,1.0,27.28,E:\FPTU\PRJ\VN-AV-DF-Capstone\data\clips\tier1\400-440\tier1_v3_clips_400_440\VdHT9nXSw-8_clip0062_t00416.mp4,tier1,1,1.0,0.0881135910749435,True,9,0.93132084608078,260,0.8714048854749556
VdHT9nXSw-8_clip0064_t00428,VdHT9nXSw-8,428.61,434.846,6.236,1.0,1.0,27.4,E:\FPTU\PRJ\VN-AV-DF-Capstone\data\clips\tier1\400-440\tier1_v3_clips_400_440\VdHT9nXSw-8_clip0064_t00428.mp4,tier1,1,1.0,0.0801026374101638,True,9,0.8799759745597839,260,0.8401680960655635
VdHT9nXSw-8_clip0067_t00450,VdHT9nXSw-8,450.306,461.886,11.58,1.0,1.0,27.21,E:\FPTU\PRJ\VN-AV-DF-Capstone\data\clips\tier1\400-440\tier1_v3_clips_400_440\VdHT9nXSw-8_clip0067_t00450.mp4,tier1,1,1.0,0.0824620947241783,True,9,0.8959770202636719,260,0.8495232620456316
gHsxuixSqz0_clip0005_t00076,gHsxuixSqz0,76.29,81.29,5.0,1.0,1.0,9.12,E:\FPTU\PRJ\VN-AV-DF-Capstone\data\clips\tier1\100-300\tier1_v3_clips_100_300\gHsxuixSqz0_clip0005_t00076.mp4,tier1,1,1.0,0.0834522917866706,True,9,0.4865356981754303,261,0.7800099755607007
7627071362959445268_clip0001_t00038,7627071362959445268,38.562,40.83,2.268,1.0,1.0,5.48,E:\FPTU\PRJ\VN-AV-DF-Capstone\data\clips\tier3\tier3_v3_clips_0_1262-001\7627071362959445268_clip0001_t00038.mp4,tier3,1,1.0,0.022929785773158,True,9,0.5982420444488525,262,0.6321844001643354
7629694361579785493_clip0000_t00004,7629694361579785493,4.162,8.382,4.22,1.0,1.0,11.37,E:\FPTU\PRJ\VN-AV-DF-Capstone\data\clips\tier3\tier3_v3_clips_0_1262-001\7629694361579785493_clip0000_t00004.mp4,tier3,1,0.8888888888888888,0.2589707672595978,True,9,0.3707371354103088,263,0.8366660304318846
7629694361579785493_clip0002_t00020,7629694361579785493,20.162,22.43,2.268,1.0,1.0,13.26,E:\FPTU\PRJ\VN-AV-DF-Capstone\data\clips\tier3\tier3_v3_clips_0_1262-001\7629694361579785493_clip0002_t00020.mp4,tier3,1,1.0,0.1858738958835601,True,9,0.5268819332122803,263,0.916508576449226
7629694361579785493_clip0003_t00049,7629694361579785493,49.698,54.654,4.956,1.0,1.0,8.59,E:\FPTU\PRJ\VN-AV-DF-Capstone\data\clips\tier3\tier3_v3_clips_0_1262-001\7629694361579785493_clip0003_t00049.mp4,tier3,1,1.0,0.0745461881160736,True,9,0.9117153882980348,263,0.8303878007360681
7629694361579785493_clip0004_t00056,7629694361579785493,56.418,59.326,2.908,1.0,1.0,5.2,E:\FPTU\PRJ\VN-AV-DF-Capstone\data\clips\tier3\tier3_v3_clips_0_1262-001\7629694361579785493_clip0004_t00056.mp4,tier3,1,1.0,0.0648560598492622,True,9,0.9446160197257996,263,0.8093695720211008
7631544309090864404_clip0001_t00052,7631544309090864404,52.13,55.902,3.772,1.0,1.0,12.81,E:\FPTU\PRJ\VN-AV-DF-Capstone\data\clips\tier3\tier3_v3_clips_0_1262-001\7631544309090864404_clip0001_t00052.mp4,tier3,1,1.0,0.3577280044555664,True,9,0.7827777862548828,263,0.9616666681626265
7631544309090864404_clip0002_t00060,7631544309090864404,60.93,63.39,2.46,1.0,1.0,14.59,E:\FPTU\PRJ\VN-AV-DF-Capstone\data\clips\tier3\tier3_v3_clips_0_1262-001\7631544309090864404_clip0002_t00060.mp4,tier3,1,1.0,0.3953230679035187,True,9,0.4895362854003906,263,0.9099181680118337
7631544309090864404_clip0004_t00090,7631544309090864404,90.85,94.366,3.516,1.0,1.0,13.34,E:\FPTU\PRJ\VN-AV-DF-Capstone\data\clips\tier3\tier3_v3_clips_0_1262-001\7631544309090864404_clip0004_t00090.mp4,tier3,1,0.8888888888888888,0.386767566204071,True,9,0.3728223443031311,263,0.8370340084717944
3tEN20uif6g_clip0026_t00348,3tEN20uif6g,348.482,351.102,2.62,1.0,1.0,3.92,E:\FPTU\PRJ\VN-AV-DF-Capstone\data\clips\tier1\0-100\tier1_v3_clips_0_100\3tEN20uif6g_clip0026_t00348.mp4,tier1,1,1.0,0.0304658338427543,True,9,0.7051213979721069,264,0.6719067581493553
qh78i88JEiU_clip0017_t00193,qh78i88JEiU,193.218,196.094,2.876,1.0,1.0,3.38,E:\FPTU\PRJ\VN-AV-DF-Capstone\data\clips\tier1\300-400\tier1_v3_clips_300_400\qh78i88JEiU_clip0017_t00193.mp4,tier1,1,1.0,0.0165664888918399,True,9,0.6076990962028503,264,0.6162384070322088
7624121007435025684_clip0000_t00031,7624121007435025684,31.49,34.366,2.876,1.0,1.0,-5.89,E:\FPTU\PRJ\VN-AV-DF-Capstone\data\clips\tier3\tier3_v3_clips_0_1262-001\7624121007435025684_clip0000_t00031.mp4,tier3,1,1.0,0.0548442304134368,True,9,0.6087210774421692,265,0.7223792379856425
7627886990238747922_clip0000_t00000,7627886990238747922,0.002,2.238,2.236,1.0,1.0,2.63,E:\FPTU\PRJ\VN-AV-DF-Capstone\data\clips\tier3\tier3_v3_clips_0_1262-001\7627886990238747922_clip0000_t00000.mp4,tier3,1,1.0,0.0443848147988319,True,9,0.6559239029884338,265,0.7017553838951711
7627886990238747922_clip0001_t00015,7627886990238747922,15.266,19.454,4.188,1.0,1.0,13.66,E:\FPTU\PRJ\VN-AV-DF-Capstone\data\clips\tier3\tier3_v3_clips_0_1262-001\7627886990238747922_clip0001_t00015.mp4,tier3,1,1.0,0.0526236668229103,True,9,0.6629458069801331,265,0.7258013416122818
7627886990238747922_clip0002_t00032,7627886990238747922,32.738,38.398,5.66,1.0,1.0,5.99,E:\FPTU\PRJ\VN-AV-DF-Capstone\data\clips\tier3\tier3_v3_clips_0_1262-001\7627886990238747922_clip0002_t00032.mp4,tier3,1,1.0,0.0376977995038032,True,9,0.6812148690223694,265,0.687707493302292
7627886990238747922_clip0003_t00043,7627886990238747922,43.202,45.278,2.076,1.0,1.0,-2.08,E:\FPTU\PRJ\VN-AV-DF-Capstone\data\clips\tier3\tier3_v3_clips_0_1262-001\7627886990238747922_clip0003_t00043.mp4,tier3,1,1.0,0.0566532351076602,True,9,0.7566945552825928,265,0.7534998932180107
7627886990238747922_clip0005_t00073,7627886990238747922,73.73,76.158,2.428,1.0,1.0,12.19,E:\FPTU\PRJ\VN-AV-DF-Capstone\data\clips\tier3\tier3_v3_clips_0_1262-001\7627886990238747922_clip0005_t00073.mp4,tier3,1,1.0,0.0600673221051692,True,9,0.8472140431404114,265,0.7789247994353272
7627886990238747922_clip0006_t00080,7627886990238747922,80.162,82.91,2.748,1.0,1.0,13.97,E:\FPTU\PRJ\VN-AV-DF-Capstone\data\clips\tier3\tier3_v3_clips_0_1262-001\7627886990238747922_clip0006_t00080.mp4,tier3,1,1.0,0.0164694860577583,True,9,0.6008743643760681,265,0.6147655192525033
7630081846314929428_clip0000_t00010,7630081846314929428,10.146,13.31,3.164,1.0,1.0,10.2,E:\FPTU\PRJ\VN-AV-DF-Capstone\data\clips\tier3\tier3_v3_clips_0_1262-001\7630081846314929428_clip0000_t00010.mp4,tier3,1,1.0,0.0144069595262408,True,9,0.5623826384544373,265,0.6022633737856097
jfQzsbl5zZc_clip0000_t00009,jfQzsbl5zZc,9.73,13.822,4.092,1.0,1.0,20.63,E:\FPTU\PRJ\VN-AV-DF-Capstone\data\clips\tier1\100-300\tier1_v3_clips_100_300\jfQzsbl5zZc_clip0000_t00009.mp4,tier1,1,1.0,0.0500390827655792,True,9,0.8676803112030029,268,0.7547763119023407
jfQzsbl5zZc_clip0011_t00068,jfQzsbl5zZc,68.418,73.822,5.404,1.0,1.0,19.52,E:\FPTU\PRJ\VN-AV-DF-Capstone\data\clips\tier1\100-300\tier1_v3_clips_100_300\jfQzsbl5zZc_clip0011_t00068.mp4,tier1,1,1.0,0.0490339323878288,True,9,0.8886202573776245,268,0.7556891382677273
jfQzsbl5zZc_clip0016_t00100,jfQzsbl5zZc,100.002,104.094,4.092,1.0,1.0,19.66,E:\FPTU\PRJ\VN-AV-DF-Capstone\data\clips\tier1\100-300\tier1_v3_clips_100_300\jfQzsbl5zZc_clip0016_t00100.mp4,tier1,1,1.0,0.049759142100811,True,9,0.8626362681388855,268,0.753111254635148
jfQzsbl5zZc_clip0021_t00127,jfQzsbl5zZc,127.49,131.134,3.644,1.0,1.0,19.51,E:\FPTU\PRJ\VN-AV-DF-Capstone\data\clips\tier1\100-300\tier1_v3_clips_100_300\jfQzsbl5zZc_clip0021_t00127.mp4,tier1,1,1.0,0.0492617823183536,True,9,0.8691399097442627,268,0.7528821642612086
jfQzsbl5zZc_clip0032_t00185,jfQzsbl5zZc,185.954,190.302,4.348,1.0,1.0,19.25,E:\FPTU\PRJ\VN-AV-DF-Capstone\data\clips\tier1\100-300\tier1_v3_clips_100_300\jfQzsbl5zZc_clip0032_t00185.mp4,tier1,1,1.0,0.0488715581595897,True,9,0.8738234639167786,268,0.7526284549250999
jfQzsbl5zZc_clip0039_t00215,jfQzsbl5zZc,215.298,220.254,4.956,1.0,1.0,21.2,E:\FPTU\PRJ\VN-AV-DF-Capstone\data\clips\tier1\100-300\tier1_v3_clips_100_300\jfQzsbl5zZc_clip0039_t00215.mp4,tier1,1,1.0,0.0509612970054149,True,9,0.8234741687774658,268,0.7495281023008877
jfQzsbl5zZc_clip0044_t00245,jfQzsbl5zZc,245.282,248.222,2.94,1.0,1.0,20.13,E:\FPTU\PRJ\VN-AV-DF-Capstone\data\clips\tier1\100-300\tier1_v3_clips_100_300\jfQzsbl5zZc_clip0044_t00245.mp4,tier1,1,1.0,0.0489696003496646,True,9,0.8913607001304626,268,0.7559946618017069
jfQzsbl5zZc_clip0049_t00272,jfQzsbl5zZc,272.546,281.566,9.02,1.0,1.0,19.29,E:\FPTU\PRJ\VN-AV-DF-Capstone\data\clips\tier1\100-300\tier1_v3_clips_100_300\jfQzsbl5zZc_clip0049_t00272.mp4,tier1,1,1.0,0.0499866195023059,True,9,0.8637126088142395,268,0.753930900271415
jfQzsbl5zZc_clip0053_t00303,jfQzsbl5zZc,303.17,308.17,5.0,1.0,1.0,20.38,E:\FPTU\PRJ\VN-AV-DF-Capstone\data\clips\tier1\100-300\tier1_v3_clips_100_300\jfQzsbl5zZc_clip0053_t00303.mp4,tier1,1,1.0,0.0507327057421207,True,9,0.8573905229568481,268,0.7548805547162578
jfQzsbl5zZc_clip0059_t00331,jfQzsbl5zZc,331.33,334.174,2.844,1.0,1.0,16.49,E:\FPTU\PRJ\VN-AV-DF-Capstone\data\clips\tier1\100-300\tier1_v3_clips_100_300\jfQzsbl5zZc_clip0059_t00331.mp4,tier1,1,1.0,0.0514437407255172,True,9,0.8971366882324219,268,0.7638628716153855
jfQzsbl5zZc_clip0066_t00360,jfQzsbl5zZc,360.994,365.994,5.0,1.0,1.0,21.34,E:\FPTU\PRJ\VN-AV-DF-Capstone\data\clips\tier1\100-300\tier1_v3_clips_100_300\jfQzsbl5zZc_clip0066_t00360.mp4,tier1,1,1.0,0.0505418144166469,True,9,0.8580366969108582,268,0.7544661598611172
jfQzsbl5zZc_clip0072_t00392,jfQzsbl5zZc,392.098,394.878,2.78,1.0,1.0,19.21,E:\FPTU\PRJ\VN-AV-DF-Capstone\data\clips\tier1\100-300\tier1_v3_clips_100_300\jfQzsbl5zZc_clip0072_t00392.mp4,tier1,1,1.0,0.0518858171999454,True,9,0.8606135249137878,268,0.7586413640269692
jfQzsbl5zZc_clip0078_t00420,jfQzsbl5zZc,420.674,423.646,2.972,1.0,1.0,20.52,E:\FPTU\PRJ\VN-AV-DF-Capstone\data\clips\tier1\100-300\tier1_v3_clips_100_300\jfQzsbl5zZc_clip0078_t00420.mp4,tier1,1,1.0,0.0500063337385654,True,9,0.8980292081832886,268,0.7600413437163007
jfQzsbl5zZc_clip0084_t00447,jfQzsbl5zZc,447.554,451.198,3.644,1.0,1.0,20.28,E:\FPTU\PRJ\VN-AV-DF-Capstone\data\clips\tier1\100-300\tier1_v3_clips_100_300\jfQzsbl5zZc_clip0084_t00447.mp4,tier1,1,1.0,0.0508272238075733,True,9,0.8272669315338135,268,0.7498262718188238
jfQzsbl5zZc_clip0089_t00477,jfQzsbl5zZc,477.378,482.378,5.0,1.0,1.0,17.04,E:\FPTU\PRJ\VN-AV-DF-Capstone\data\clips\tier1\100-300\tier1_v3_clips_100_300\jfQzsbl5zZc_clip0089_t00477.mp4,tier1,1,1.0,0.0494007170200347,True,9,0.8764384388923645,268,0.7545547391695988
jfQzsbl5zZc_clip0095_t00506,jfQzsbl5zZc,506.146,509.982,3.836,1.0,1.0,18.98,E:\FPTU\PRJ\VN-AV-DF-Capstone\data\clips\tier1\100-300\tier1_v3_clips_100_300\jfQzsbl5zZc_clip0095_t00506.mp4,tier1,1,1.0,0.0518755130469799,True,9,0.8779894709587097,268,0.7616791834803966
jfQzsbl5zZc_clip0101_t00536,jfQzsbl5zZc,536.706,541.706,5.0,1.0,1.0,19.42,E:\FPTU\PRJ\VN-AV-DF-Capstone\data\clips\tier1\100-300\tier1_v3_clips_100_300\jfQzsbl5zZc_clip0101_t00536.mp4,tier1,1,1.0,0.0499790385365486,True,9,0.868987500667572,268,0.7548407779028647
jfQzsbl5zZc_clip0107_t00565,jfQzsbl5zZc,565.026,570.238,5.212,1.0,1.0,20.06,E:\FPTU\PRJ\VN-AV-DF-Capstone\data\clips\tier1\100-300\tier1_v3_clips_100_300\jfQzsbl5zZc_clip0107_t00565.mp4,tier1,1,1.0,0.0497834458947181,True,9,0.8930590152740479,268,0.7585472525037642
jfQzsbl5zZc_clip0111_t00597,jfQzsbl5zZc,597.538,603.326,5.788,1.0,1.0,19.76,E:\FPTU\PRJ\VN-AV-DF-Capstone\data\clips\tier1\100-300\tier1_v3_clips_100_300\jfQzsbl5zZc_clip0111_t00597.mp4,tier1,1,1.0,0.0503680892288684,True,9,0.9077160954475404,268,0.7627522063102243
jfQzsbl5zZc_clip0117_t00626,jfQzsbl5zZc,626.082,631.082,5.0,1.0,1.0,20.09,E:\FPTU\PRJ\VN-AV-DF-Capstone\data\clips\tier1\100-300\tier1_v3_clips_100_300\jfQzsbl5zZc_clip0117_t00626.mp4,tier1,1,1.0,0.0532041192054748,True,9,0.8877169489860535,268,0.7670736461105601
jfQzsbl5zZc_clip0122_t00658,jfQzsbl5zZc,658.242,663.242,5.0,1.0,1.0,19.85,E:\FPTU\PRJ\VN-AV-DF-Capstone\data\clips\tier1\100-300\tier1_v3_clips_100_300\jfQzsbl5zZc_clip0122_t00658.mp4,tier1,1,1.0,0.050937931984663,True,9,0.8954319357872009,268,0.7621618527000154
jfQzsbl5zZc_clip0132_t00711,jfQzsbl5zZc,711.234,718.43,7.196,1.0,1.0,16.0,E:\FPTU\PRJ\VN-AV-DF-Capstone\data\clips\tier1\100-300\tier1_v3_clips_100_300\jfQzsbl5zZc_clip0132_t00711.mp4,tier1,1,1.0,0.0517083965241909,True,9,0.8797431588172913,268,0.7615260456873987
jfQzsbl5zZc_clip0138_t00740,jfQzsbl5zZc,740.674,742.974,2.3,1.0,1.0,20.86,E:\FPTU\PRJ\VN-AV-DF-Capstone\data\clips\tier1\100-300\tier1_v3_clips_100_300\jfQzsbl5zZc_clip0138_t00740.mp4,tier1,1,1.0,0.0513122305274009,True,9,0.8663018345832825,268,0.7580573801953924
jfQzsbl5zZc_clip0145_t00768,jfQzsbl5zZc,768.354,773.354,5.0,1.0,1.0,20.55,E:\FPTU\PRJ\VN-AV-DF-Capstone\data\clips\tier1\100-300\tier1_v3_clips_100_300\jfQzsbl5zZc_clip0145_t00768.mp4,tier1,1,1.0,0.0520134679973125,True,9,0.8815010786056519,268,0.7626807659752401
jfQzsbl5zZc_clip0152_t00798,jfQzsbl5zZc,798.146,801.406,3.26,1.0,1.0,19.86,E:\FPTU\PRJ\VN-AV-DF-Capstone\data\clips\tier1\100-300\tier1_v3_clips_100_300\jfQzsbl5zZc_clip0152_t00798.mp4,tier1,1,1.0,0.0513488873839378,True,9,0.8508949279785156,268,0.7554399878698942
jfQzsbl5zZc_clip0159_t00826,jfQzsbl5zZc,826.722,831.722,5.0,1.0,1.0,18.5,E:\FPTU\PRJ\VN-AV-DF-Capstone\data\clips\tier1\100-300\tier1_v3_clips_100_300\jfQzsbl5zZc_clip0159_t00826.mp4,tier1,1,1.0,0.0498324707150459,True,9,0.897131621837616,268,0.7594016583350187
jfQzsbl5zZc_clip0165_t00859,jfQzsbl5zZc,859.042,863.486,4.444,1.0,1.0,17.92,E:\FPTU\PRJ\VN-AV-DF-Capstone\data\clips\tier1\100-300\tier1_v3_clips_100_300\jfQzsbl5zZc_clip0165_t00859.mp4,tier1,1,1.0,0.0508466772735118,True,9,0.8953234553337097,268,0.7618900977103793
jfQzsbl5zZc_clip0169_t00889,jfQzsbl5zZc,889.058,892.414,3.356,1.0,1.0,22.75,E:\FPTU\PRJ\VN-AV-DF-Capstone\data\clips\tier1\100-300\tier1_v3_clips_100_300\jfQzsbl5zZc_clip0169_t00889.mp4,tier1,1,1.0,0.0481046512722969,True,9,0.9107888340950012,268,0.7570288031532092
jfQzsbl5zZc_clip0172_t00917,jfQzsbl5zZc,917.506,922.506,5.0,1.0,1.0,19.5,E:\FPTU\PRJ\VN-AV-DF-Capstone\data\clips\tier1\100-300\tier1_v3_clips_100_300\jfQzsbl5zZc_clip0172_t00917.mp4,tier1,1,1.0,0.0509129017591476,True,9,0.8998865485191345,268,0.7628786721345548
jfQzsbl5zZc_clip0179_t00944,jfQzsbl5zZc,944.77,949.77,5.0,1.0,1.0,18.97,E:\FPTU\PRJ\VN-AV-DF-Capstone\data\clips\tier1\100-300\tier1_v3_clips_100_300\jfQzsbl5zZc_clip0179_t00944.mp4,tier1,1,1.0,0.0854082182049751,True,9,0.8866896033287048,268,0.8560397680019465
9fvi4IXr6rQ_clip0007_t00097,9fvi4IXr6rQ,97.314,101.886,4.572,1.0,1.0,4.62,E:\FPTU\PRJ\VN-AV-DF-Capstone\data\clips\tier1\0-100\tier1_v3_clips_0_100\9fvi4IXr6rQ_clip0007_t00097.mp4,tier1,1,1.0,0.0243213139474391,True,9,0.5611501932144165,270,0.6294908090042108
9fvi4IXr6rQ_clip0014_t00171,9fvi4IXr6rQ,171.266,174.078,2.812,1.0,1.0,6.34,E:\FPTU\PRJ\VN-AV-DF-Capstone\data\clips\tier1\0-100\tier1_v3_clips_0_100\9fvi4IXr6rQ_clip0014_t00171.mp4,tier1,1,1.0,0.0280155539512634,True,9,0.9598895311355592,270,0.7100829732926572
WsHg9aCVIw0_clip0004_t00045,WsHg9aCVIw0,45.058,48.574,3.516,1.0,1.0,5.24,E:\FPTU\PRJ\VN-AV-DF-Capstone\data\clips\tier1\400-440\tier1_v3_clips_400_440\WsHg9aCVIw0_clip0004_t00045.mp4,tier1,1,1.0,0.0148258162662386,True,9,0.9773641228675842,270,0.6766548800819479
WsHg9aCVIw0_clip0005_t00062,WsHg9aCVIw0,62.37,68.158,5.788,1.0,1.0,5.54,E:\FPTU\PRJ\VN-AV-DF-Capstone\data\clips\tier1\400-440\tier1_v3_clips_400_440\WsHg9aCVIw0_clip0005_t00062.mp4,tier1,1,1.0,0.0250754915177822,True,9,0.9917271733283995,270,0.7075626970495137
WsHg9aCVIw0_clip0007_t00098,WsHg9aCVIw0,98.018,101.214,3.196,1.0,1.0,5.99,E:\FPTU\PRJ\VN-AV-DF-Capstone\data\clips\tier1\400-440\tier1_v3_clips_400_440\WsHg9aCVIw0_clip0007_t00098.mp4,tier1,1,1.0,0.0195058807730674,True,9,0.9871273040771484,270,0.6913331535343873
WsHg9aCVIw0_clip0029_t00269,WsHg9aCVIw0,269.186,272.574,3.388,1.0,1.0,5.12,E:\FPTU\PRJ\VN-AV-DF-Capstone\data\clips\tier1\400-440\tier1_v3_clips_400_440\WsHg9aCVIw0_clip0029_t00269.mp4,tier1,1,1.0,0.0183036625385284,True,9,0.9771867394447328,270,0.6862509545597475
WsHg9aCVIw0_clip0031_t00466,WsHg9aCVIw0,466.146,471.146,5.0,1.0,1.0,3.4,E:\FPTU\PRJ\VN-AV-DF-Capstone\data\clips\tier1\400-440\tier1_v3_clips_400_440\WsHg9aCVIw0_clip0031_t00466.mp4,tier1,1,1.0,0.0182863399386405,True,9,0.966947853565216,270,0.6843961399078511
WsHg9aCVIw0_clip0032_t00560,WsHg9aCVIw0,560.962,565.962,5.0,1.0,1.0,1.57,E:\FPTU\PRJ\VN-AV-DF-Capstone\data\clips\tier1\400-440\tier1_v3_clips_400_440\WsHg9aCVIw0_clip0032_t00560.mp4,tier1,1,1.0,0.0101616699248552,True,9,0.9847492575645448,270,0.6650468447058514
WsHg9aCVIw0_clip0033_t00665,WsHg9aCVIw0,665.41,670.41,5.0,1.0,1.0,1.93,E:\FPTU\PRJ\VN-AV-DF-Capstone\data\clips\tier1\400-440\tier1_v3_clips_400_440\WsHg9aCVIw0_clip0033_t00665.mp4,tier1,1,1.0,0.0176360942423343,True,9,0.9726012349128724,270,0.6835937846706097
ijoyJhqD740_clip0038_t00569,ijoyJhqD740,569.378,574.378,5.0,1.0,1.0,1.53,E:\FPTU\PRJ\VN-AV-DF-Capstone\data\clips\tier1\100-300\tier1_v3_clips_100_300\ijoyJhqD740_clip0038_t00569.mp4,tier1,1,1.0,0.0104043250903487,True,9,0.974908411502838,270,0.663981943077823
ijoyJhqD740_clip0041_t00600,ijoyJhqD740,600.834,605.834,5.0,1.0,1.0,1.89,E:\FPTU\PRJ\VN-AV-DF-Capstone\data\clips\tier1\100-300\tier1_v3_clips_100_300\ijoyJhqD740_clip0041_t00600.mp4,tier1,1,1.0,0.0143028814345598,True,9,0.5748293399810791,270,0.6041717414509498
ijoyJhqD740_clip0048_t00695,ijoyJhqD740,695.362,700.362,5.0,1.0,1.0,0.67,E:\FPTU\PRJ\VN-AV-DF-Capstone\data\clips\tier1\100-300\tier1_v3_clips_100_300\ijoyJhqD740_clip0048_t00695.mp4,tier1,1,1.0,0.0141380345448851,True,9,0.5741244554519653,270,0.6035910207430715
ijoyJhqD740_clip0056_t00789,ijoyJhqD740,789.666,794.238,4.572,1.0,1.0,1.01,E:\FPTU\PRJ\VN-AV-DF-Capstone\data\clips\tier1\100-300\tier1_v3_clips_100_300\ijoyJhqD740_clip0056_t00789.mp4,tier1,1,1.0,0.0123625556007027,True,9,0.6871338486671448,270,0.6186189722991041
7625989357257641237_clip0000_t00019,7625989357257641237,19.906,21.982,2.076,1.0,1.0,15.91,E:\FPTU\PRJ\VN-AV-DF-Capstone\data\clips\tier3\tier3_v3_clips_0_1262-001\7625989357257641237_clip0000_t00019.mp4,tier3,1,1.0,0.1202460378408432,True,9,0.7966593503952026,271,0.9365901625197688
7625989357257641237_clip0001_t00028,7625989357257641237,28.13,31.678,3.548,1.0,1.0,16.22,E:\FPTU\PRJ\VN-AV-DF-Capstone\data\clips\tier3\tier3_v3_clips_0_1262-001\7625989357257641237_clip0001_t00028.mp4,tier3,1,1.0,0.1415257304906845,True,9,0.7380264401435852,271,0.9537693717900445
7625989357257641237_clip0002_t00046,7625989357257641237,46.274,48.35,2.076,1.0,1.0,15.38,E:\FPTU\PRJ\VN-AV-DF-Capstone\data\clips\tier3\tier3_v3_clips_0_1262-001\7625989357257641237_clip0002_t00046.mp4,tier3,1,1.0,0.149161010980606,True,9,0.5794507265090942,271,0.9257854223251344
t6uBz4HwSTg_clip0003_t00060,t6uBz4HwSTg,60.642,65.054,4.412,1.0,1.0,14.73,E:\FPTU\PRJ\VN-AV-DF-Capstone\data\clips\tier1\300-400\tier1_v3_clips_300_400\t6uBz4HwSTg_clip0003_t00060.mp4,tier1,1,1.0,0.01053312048316,True,9,0.999226689338684,273,0.6686299354040776
t6uBz4HwSTg_clip0004_t00065,t6uBz4HwSTg,65.506,69.886,4.38,1.0,1.0,15.14,E:\FPTU\PRJ\VN-AV-DF-Capstone\data\clips\tier1\300-400\tier1_v3_clips_300_400\t6uBz4HwSTg_clip0004_t00065.mp4,tier1,1,1.0,0.0105412574484944,True,9,0.9983452558517456,273,0.668496913073503
cVabKjWav-Y_clip0019_t00245,cVabKjWav-Y,245.122,248.19,3.068,1.0,1.0,14.82,E:\FPTU\PRJ\VN-AV-DF-Capstone\data\clips\tier2\tier2_v3_clips_0_999-001\cVabKjWav-Y_clip0019_t00245.mp4,tier2,1,1.0,0.0689230784773826,True,9,0.9363473057746888,274,0.8191687121296264
cVabKjWav-Y_clip0020_t00267,cVabKjWav-Y,267.97,272.97,5.0,1.0,1.0,19.22,E:\FPTU\PRJ\VN-AV-DF-Capstone\data\clips\tier2\tier2_v3_clips_0_999-001\cVabKjWav-Y_clip0020_t00267.mp4,tier2,1,1.0,0.0980007722973823,True,9,0.4638512432575226,274,0.8162799543624468
_adzgpYkn_c_clip0017_t00195,_adzgpYkn_c,195.458,203.358,7.9,1.0,1.0,4.26,E:\FPTU\PRJ\VN-AV-DF-Capstone\data\clips\tier1\440-9999\tier1_v3_clips_440_9999\_adzgpYkn_c_clip0017_t00195.mp4,tier1,1,1.0,0.0205460414290428,True,9,0.9553687572479248,275,0.6886080778338465
0PsGwmgAI-k_clip0001_t00039,0PsGwmgAI-k,39.49,44.478,4.988,1.0,1.0,4.54,E:\FPTU\PRJ\VN-AV-DF-Capstone\data\clips\tier2\tier2_v3_clips_0_999-001\0PsGwmgAI-k_clip0001_t00039.mp4,tier2,1,1.0,0.0223226118832826,True,9,0.8761042356491089,276,0.6795381251410808
0PsGwmgAI-k_clip0002_t00044,0PsGwmgAI-k,44.61,47.326,2.716,1.0,1.0,5.15,E:\FPTU\PRJ\VN-AV-DF-Capstone\data\clips\tier2\tier2_v3_clips_0_999-001\0PsGwmgAI-k_clip0002_t00044.mp4,tier2,1,1.0,0.0221704356372356,True,9,0.9071609973907472,276,0.6845974757219416
0PsGwmgAI-k_clip0008_t00163,0PsGwmgAI-k,163.586,169.854,6.268,1.0,1.0,4.29,E:\FPTU\PRJ\VN-AV-DF-Capstone\data\clips\tier2\tier2_v3_clips_0_999-001\0PsGwmgAI-k_clip0008_t00163.mp4,tier2,1,1.0,0.0219081044197082,True,9,0.873325765132904,276,0.6779003668507241
0PsGwmgAI-k_clip0012_t00290,0PsGwmgAI-k,290.754,296.862,6.108,1.0,1.0,4.67,E:\FPTU\PRJ\VN-AV-DF-Capstone\data\clips\tier2\tier2_v3_clips_0_999-001\0PsGwmgAI-k_clip0012_t00290.mp4,tier2,1,1.0,0.0129957459867,True,9,0.8405200242996216,276,0.6474399191827189
0PsGwmgAI-k_clip0013_t00297,0PsGwmgAI-k,297.09,301.694,4.604,1.0,1.0,6.31,E:\FPTU\PRJ\VN-AV-DF-Capstone\data\clips\tier2\tier2_v3_clips_0_999-001\0PsGwmgAI-k_clip0013_t00297.mp4,tier2,1,1.0,0.0132455248385667,True,9,0.8374198079109192,276,0.6475842602337113
0PsGwmgAI-k_clip0015_t00427,0PsGwmgAI-k,427.17,434.654,7.484,1.0,1.0,4.66,E:\FPTU\PRJ\VN-AV-DF-Capstone\data\clips\tier2\tier2_v3_clips_0_999-001\0PsGwmgAI-k_clip0015_t00427.mp4,tier2,1,1.0,0.0130769480019807,True,9,0.8812891840934753,276,0.6548592602911056
0PsGwmgAI-k_clip0023_t00555,0PsGwmgAI-k,555.554,561.982,6.428,1.0,1.0,3.86,E:\FPTU\PRJ\VN-AV-DF-Capstone\data\clips\tier2\tier2_v3_clips_0_999-001\0PsGwmgAI-k_clip0023_t00555.mp4,tier2,1,1.0,0.0132189914584159,True,9,0.8647072911262512,276,0.6523262487194321
0PsGwmgAI-k_clip0024_t00562,0PsGwmgAI-k,562.146,565.022,2.876,1.0,1.0,1.7,E:\FPTU\PRJ\VN-AV-DF-Capstone\data\clips\tier2\tier2_v3_clips_0_999-001\0PsGwmgAI-k_clip0024_t00562.mp4,tier2,1,1.0,0.0132295852527022,True,9,0.9044937491416932,276,0.6593767141208667
0PsGwmgAI-k_clip0033_t00743,0PsGwmgAI-k,743.234,749.438,6.204,1.0,1.0,8.07,E:\FPTU\PRJ\VN-AV-DF-Capstone\data\clips\tier2\tier2_v3_clips_0_999-001\0PsGwmgAI-k_clip0033_t00743.mp4,tier2,1,1.0,0.0133063122630119,True,9,0.8651434779167175,276,0.6526449443951688
0PsGwmgAI-k_clip0034_t00749,0PsGwmgAI-k,749.57,752.03,2.46,1.0,1.0,6.53,E:\FPTU\PRJ\VN-AV-DF-Capstone\data\clips\tier2\tier2_v3_clips_0_999-001\0PsGwmgAI-k_clip0034_t00749.mp4,tier2,1,1.0,0.0133551377803087,True,9,0.8762372136116028,276,0.6547378213034586
0PsGwmgAI-k_clip0035_t00752,0PsGwmgAI-k,752.13,755.742,3.612,1.0,1.0,6.87,E:\FPTU\PRJ\VN-AV-DF-Capstone\data\clips\tier2\tier2_v3_clips_0_999-001\0PsGwmgAI-k_clip0035_t00752.mp4,tier2,1,1.0,0.0130890645086765,True,9,0.8623725175857544,276,0.6515545659506615
0PsGwmgAI-k_clip0036_t00755,0PsGwmgAI-k,755.874,759.23,3.356,1.0,1.0,6.05,E:\FPTU\PRJ\VN-AV-DF-Capstone\data\clips\tier2\tier2_v3_clips_0_999-001\0PsGwmgAI-k_clip0036_t00755.mp4,tier2,1,1.0,0.0134308226406574,True,9,0.886692464351654,276,0.6567923764557588
0PsGwmgAI-k_clip0040_t00878,0PsGwmgAI-k,878.978,881.054,2.076,1.0,1.0,7.6,E:\FPTU\PRJ\VN-AV-DF-Capstone\data\clips\tier2\tier2_v3_clips_0_999-001\0PsGwmgAI-k_clip0040_t00878.mp4,tier2,1,1.0,0.0130828516557812,True,9,0.8871357440948486,276,0.6559073486738956
0PsGwmgAI-k_clip0041_t00881,0PsGwmgAI-k,881.218,888.062,6.844,1.0,1.0,7.27,E:\FPTU\PRJ\VN-AV-DF-Capstone\data\clips\tier2\tier2_v3_clips_0_999-001\0PsGwmgAI-k_clip0041_t00881.mp4,tier2,1,1.0,0.0133173977956175,True,9,0.8472264409065247,276,0.6495138013166912
0PsGwmgAI-k_clip0042_t00888,0PsGwmgAI-k,888.354,892.67,4.316,1.0,1.0,6.68,E:\FPTU\PRJ\VN-AV-DF-Capstone\data\clips\tier2\tier2_v3_clips_0_999-001\0PsGwmgAI-k_clip0042_t00888.mp4,tier2,1,1.0,0.0131902247667312,True,9,0.855131983757019,276,0.6505568566115394
0PsGwmgAI-k_clip0043_t00894,0PsGwmgAI-k,894.402,899.838,5.436,1.0,1.0,6.64,E:\FPTU\PRJ\VN-AV-DF-Capstone\data\clips\tier2\tier2_v3_clips_0_999-001\0PsGwmgAI-k_clip0043_t00894.mp4,tier2,1,1.0,0.0132374474778771,True,9,0.8659960627555847,276,0.6526047689779911
3tEN20uif6g_clip0000_t00075,3tEN20uif6g,75.522,78.75,3.228,1.0,1.0,4.03,E:\FPTU\PRJ\VN-AV-DF-Capstone\data\clips\tier1\0-100\tier1_v3_clips_0_100\3tEN20uif6g_clip0000_t00075.mp4,tier1,1,1.0,0.0344983600080013,True,9,0.9121971130371094,278,0.7196123742502617
3tEN20uif6g_clip0001_t00080,3tEN20uif6g,80.802,83.55,2.748,1.0,1.0,4.66,E:\FPTU\PRJ\VN-AV-DF-Capstone\data\clips\tier1\0-100\tier1_v3_clips_0_100\3tEN20uif6g_clip0001_t00080.mp4,tier1,1,1.0,0.0344235301017761,True,9,0.8925259709358215,278,0.715933852013168
3tEN20uif6g_clip0002_t00083,3tEN20uif6g,83.714,88.67,4.956,1.0,1.0,5.04,E:\FPTU\PRJ\VN-AV-DF-Capstone\data\clips\tier1\0-100\tier1_v3_clips_0_100\3tEN20uif6g_clip0002_t00083.mp4,tier1,1,1.0,0.0346809662878513,True,9,0.8779780864715576,278,0.71407921338495
3tEN20uif6g_clip0003_t00088,3tEN20uif6g,88.866,90.878,2.012,1.0,1.0,2.89,E:\FPTU\PRJ\VN-AV-DF-Capstone\data\clips\tier1\0-100\tier1_v3_clips_0_100\3tEN20uif6g_clip0003_t00088.mp4,tier1,1,1.0,0.0345788486301898,True,9,0.9108856916427612,278,0.7196037556276316
3tEN20uif6g_clip0004_t00092,3tEN20uif6g,92.738,95.838,3.1,1.0,1.0,2.58,E:\FPTU\PRJ\VN-AV-DF-Capstone\data\clips\tier1\0-100\tier1_v3_clips_0_100\3tEN20uif6g_clip0004_t00092.mp4,tier1,1,1.0,0.0347820818424224,True,9,0.9082648754119872,278,0.7197038490215713
3tEN20uif6g_clip0005_t00096,3tEN20uif6g,96.386,98.43,2.044,1.0,1.0,2.22,E:\FPTU\PRJ\VN-AV-DF-Capstone\data\clips\tier1\0-100\tier1_v3_clips_0_100\3tEN20uif6g_clip0005_t00096.mp4,tier1,1,1.0,0.0341691523790359,True,9,0.8821945190429688,278,0.7134064859607216
3tEN20uif6g_clip0006_t00130,3tEN20uif6g,130.306,132.574,2.268,1.0,1.0,0.38,E:\FPTU\PRJ\VN-AV-DF-Capstone\data\clips\tier1\0-100\tier1_v3_clips_0_100\3tEN20uif6g_clip0006_t00130.mp4,tier1,1,1.0,0.0339915417134761,True,9,0.9107053279876708,278,0.7179461431690459
3tEN20uif6g_clip0007_t00132,3tEN20uif6g,132.866,135.71,2.844,1.0,1.0,0.4,E:\FPTU\PRJ\VN-AV-DF-Capstone\data\clips\tier1\0-100\tier1_v3_clips_0_100\3tEN20uif6g_clip0007_t00132.mp4,tier1,1,1.0,0.03445465862751,True,9,0.9029648900032043,278,0.7178621842167532
3tEN20uif6g_clip0008_t00135,3tEN20uif6g,135.842,139.262,3.42,1.0,1.0,-1.97,E:\FPTU\PRJ\VN-AV-DF-Capstone\data\clips\tier1\0-100\tier1_v3_clips_0_100\3tEN20uif6g_clip0008_t00135.mp4,tier1,1,1.0,0.0341659449040889,True,9,0.929958999156952,278,0.7218266329279204
3tEN20uif6g_clip0009_t00139,3tEN20uif6g,139.394,143.07,3.676,1.0,1.0,-1.36,E:\FPTU\PRJ\VN-AV-DF-Capstone\data\clips\tier1\0-100\tier1_v3_clips_0_100\3tEN20uif6g_clip0009_t00139.mp4,tier1,1,1.0,0.0345865823328495,True,9,0.8858251571655273,278,0.7152027168101704
3tEN20uif6g_clip0010_t00143,3tEN20uif6g,143.362,148.254,4.892,1.0,1.0,-0.56,E:\FPTU\PRJ\VN-AV-DF-Capstone\data\clips\tier1\0-100\tier1_v3_clips_0_100\3tEN20uif6g_clip0010_t00143.mp4,tier1,1,1.0,0.0341203957796096,True,9,0.8912811279296875,278,0.7148750371100547
3tEN20uif6g_clip0011_t00151,3tEN20uif6g,151.746,154.27,2.524,1.0,1.0,-2.32,E:\FPTU\PRJ\VN-AV-DF-Capstone\data\clips\tier1\0-100\tier1_v3_clips_0_100\3tEN20uif6g_clip0011_t00151.mp4,tier1,1,1.0,0.0345243327319622,True,9,0.9010891318321228,278,0.7177240399926503
3tEN20uif6g_clip0019_t00258,3tEN20uif6g,258.37,264.158,5.788,1.0,1.0,3.71,E:\FPTU\PRJ\VN-AV-DF-Capstone\data\clips\tier1\0-100\tier1_v3_clips_0_100\3tEN20uif6g_clip0019_t00258.mp4,tier1,1,1.0,0.0346076898276805,True,9,0.8975270390510559,278,0.7173261845776976
3tEN20uif6g_clip0020_t00264,3tEN20uif6g,264.322,269.79,5.468,1.0,1.0,2.94,E:\FPTU\PRJ\VN-AV-DF-Capstone\data\clips\tier1\0-100\tier1_v3_clips_0_100\3tEN20uif6g_clip0020_t00264.mp4,tier1,1,1.0,0.0343118645250797,True,9,0.8666638135910034,278,0.7110608291354367
3tEN20uif6g_clip0031_t00385,3tEN20uif6g,385.538,396.606,11.068,1.0,1.0,4.17,E:\FPTU\PRJ\VN-AV-DF-Capstone\data\clips\tier1\0-100\tier1_v3_clips_0_100\3tEN20uif6g_clip0031_t00385.mp4,tier1,1,1.0,0.0345244407653808,True,9,0.8781096339225769,278,0.7136691335374156
3tEN20uif6g_clip0032_t00398,3tEN20uif6g,398.882,402.718,3.836,1.0,1.0,2.91,E:\FPTU\PRJ\VN-AV-DF-Capstone\data\clips\tier1\0-100\tier1_v3_clips_0_100\3tEN20uif6g_clip0032_t00398.mp4,tier1,1,1.0,0.0346808135509491,True,9,0.8855546116828918,278,0.7154158244393323
3tEN20uif6g_clip0035_t00482,3tEN20uif6g,482.146,486.334,4.188,1.0,1.0,3.65,E:\FPTU\PRJ\VN-AV-DF-Capstone\data\clips\tier1\0-100\tier1_v3_clips_0_100\3tEN20uif6g_clip0035_t00482.mp4,tier1,1,1.0,0.0342649966478347,True,9,0.8896991014480591,278,0.7149961402303502
3tEN20uif6g_clip0036_t00486,3tEN20uif6g,486.562,490.686,4.124,1.0,1.0,3.72,E:\FPTU\PRJ\VN-AV-DF-Capstone\data\clips\tier1\0-100\tier1_v3_clips_0_100\3tEN20uif6g_clip0036_t00486.mp4,tier1,1,1.0,0.0346046239137649,True,9,0.8965111970901489,278,0.717138431283418
3tEN20uif6g_clip0037_t00490,3tEN20uif6g,490.882,494.014,3.132,1.0,1.0,4.29,E:\FPTU\PRJ\VN-AV-DF-Capstone\data\clips\tier1\0-100\tier1_v3_clips_0_100\3tEN20uif6g_clip0037_t00490.mp4,tier1,1,1.0,0.0347108095884323,True,9,0.9009487628936768,278,0.7182154744190287
3tEN20uif6g_clip0038_t00494,3tEN20uif6g,494.178,496.638,2.46,1.0,1.0,4.34,E:\FPTU\PRJ\VN-AV-DF-Capstone\data\clips\tier1\0-100\tier1_v3_clips_0_100\3tEN20uif6g_clip0038_t00494.mp4,tier1,1,1.0,0.0342539213597774,True,9,0.9098266959190368,278,0.718517410043229
3tEN20uif6g_clip0039_t00498,3tEN20uif6g,498.786,501.566,2.78,1.0,1.0,0.92,E:\FPTU\PRJ\VN-AV-DF-Capstone\data\clips\tier1\0-100\tier1_v3_clips_0_100\3tEN20uif6g_clip0039_t00498.mp4,tier1,1,1.0,0.0343175902962684,True,9,0.8622473478317261,278,0.7102973029103514
3tEN20uif6g_clip0052_t00763,3tEN20uif6g,763.746,767.486,3.74,1.0,1.0,4.58,E:\FPTU\PRJ\VN-AV-DF-Capstone\data\clips\tier1\0-100\tier1_v3_clips_0_100\3tEN20uif6g_clip0052_t00763.mp4,tier1,1,1.0,0.0345110706984996,True,9,0.9161790013313292,278,0.7203502461656345
3tEN20uif6g_clip0053_t00767,3tEN20uif6g,767.714,769.726,2.012,1.0,1.0,3.44,E:\FPTU\PRJ\VN-AV-DF-Capstone\data\clips\tier1\0-100\tier1_v3_clips_0_100\3tEN20uif6g_clip0053_t00767.mp4,tier1,1,1.0,0.0342637859284877,True,9,0.9188601970672609,278,0.720138864413382
3tEN20uif6g_clip0054_t00769,3tEN20uif6g,769.858,772.67,2.812,1.0,1.0,4.48,E:\FPTU\PRJ\VN-AV-DF-Capstone\data\clips\tier1\0-100\tier1_v3_clips_0_100\3tEN20uif6g_clip0054_t00769.mp4,tier1,1,1.0,0.0341902039945125,True,9,0.8703743815422058,278,0.7113788544453848
3tEN20uif6g_clip0055_t00772,3tEN20uif6g,772.994,776.222,3.228,1.0,1.0,4.84,E:\FPTU\PRJ\VN-AV-DF-Capstone\data\clips\tier1\0-100\tier1_v3_clips_0_100\3tEN20uif6g_clip0055_t00772.mp4,tier1,1,1.0,0.0342437177896499,True,9,0.8968470096588135,278,0.7161986316410232
3tEN20uif6g_clip0056_t00776,3tEN20uif6g,776.322,779.646,3.324,1.0,1.0,4.11,E:\FPTU\PRJ\VN-AV-DF-Capstone\data\clips\tier1\0-100\tier1_v3_clips_0_100\3tEN20uif6g_clip0056_t00776.mp4,tier1,1,1.0,0.0349021889269351,True,9,0.9233242869377136,278,0.7226938727802016
3tEN20uif6g_clip0057_t00781,3tEN20uif6g,781.73,785.054,3.324,1.0,1.0,4.29,E:\FPTU\PRJ\VN-AV-DF-Capstone\data\clips\tier1\0-100\tier1_v3_clips_0_100\3tEN20uif6g_clip0057_t00781.mp4,tier1,1,1.0,0.0345364585518837,True,9,0.9059070944786072,278,0.7186078354014758
3tEN20uif6g_clip0058_t00787,3tEN20uif6g,787.266,789.278,2.012,1.0,1.0,3.44,E:\FPTU\PRJ\VN-AV-DF-Capstone\data\clips\tier1\0-100\tier1_v3_clips_0_100\3tEN20uif6g_clip0058_t00787.mp4,tier1,1,1.0,0.0344067439436912,True,9,0.868320882320404,278,0.7116158983277749
3tEN20uif6g_clip0087_t01145,3tEN20uif6g,1145.954,1151.326,5.372,1.0,1.0,4.08,E:\FPTU\PRJ\VN-AV-DF-Capstone\data\clips\tier1\0-100\tier1_v3_clips_0_100\3tEN20uif6g_clip0087_t01145.mp4,tier1,1,1.0,0.034347079694271,True,9,0.9024989008903505,278,0.717482150736234
3tEN20uif6g_clip0088_t01151,3tEN20uif6g,1151.682,1154.398,2.716,1.0,1.0,3.54,E:\FPTU\PRJ\VN-AV-DF-Capstone\data\clips\tier1\0-100\tier1_v3_clips_0_100\3tEN20uif6g_clip0088_t01151.mp4,tier1,1,1.0,0.0343393497169017,True,9,0.895171046257019,278,0.7161676017877127
VdHT9nXSw-8_clip0000_t00000,VdHT9nXSw-8,0.098,5.246,5.148,1.0,1.0,26.42,E:\FPTU\PRJ\VN-AV-DF-Capstone\data\clips\tier1\400-440\tier1_v3_clips_400_440\VdHT9nXSw-8_clip0000_t00000.mp4,tier1,1,1.0,0.1142220497131347,True,9,0.8809453248977661,279,0.9347885482239722
VdHT9nXSw-8_clip0001_t00005,VdHT9nXSw-8,5.986,15.934,9.948,1.0,1.0,26.51,E:\FPTU\PRJ\VN-AV-DF-Capstone\data\clips\tier1\400-440\tier1_v3_clips_400_440\VdHT9nXSw-8_clip0001_t00005.mp4,tier1,1,1.0,0.1071058958768844,True,9,0.8801467418670654,279,0.9149486778335171
VdHT9nXSw-8_clip0002_t00016,VdHT9nXSw-8,16.642,19.742,3.1,1.0,1.0,27.51,E:\FPTU\PRJ\VN-AV-DF-Capstone\data\clips\tier1\400-440\tier1_v3_clips_400_440\VdHT9nXSw-8_clip0002_t00016.mp4,tier1,1,1.0,0.1036224886775016,True,9,0.8422415852546692,279,0.8986167613504138
VdHT9nXSw-8_clip0003_t00020,VdHT9nXSw-8,20.258,30.014,9.756,1.0,1.0,26.52,E:\FPTU\PRJ\VN-AV-DF-Capstone\data\clips\tier1\400-440\tier1_v3_clips_400_440\VdHT9nXSw-8_clip0003_t00020.mp4,tier1,1,1.0,0.1219926252961158,True,9,0.885326623916626,279,0.9570722335283671
VdHT9nXSw-8_clip0004_t00030,VdHT9nXSw-8,30.818,40.414,9.596,1.0,1.0,26.97,E:\FPTU\PRJ\VN-AV-DF-Capstone\data\clips\tier1\400-440\tier1_v3_clips_400_440\VdHT9nXSw-8_clip0004_t00030.mp4,tier1,1,1.0,0.1225465014576911,True,9,0.8997353315353394,279,0.9611481871669264
VdHT9nXSw-8_clip0005_t00051,VdHT9nXSw-8,51.842,55.262,3.42,1.0,1.0,27.12,E:\FPTU\PRJ\VN-AV-DF-Capstone\data\clips\tier1\400-440\tier1_v3_clips_400_440\VdHT9nXSw-8_clip0005_t00051.mp4,tier1,1,1.0,0.0496225804090499,True,9,0.9249097108840942,279,0.7637226554998292
gHsxuixSqz0_clip0032_t00306,gHsxuixSqz0,306.082,312.286,6.204,1.0,1.0,7.21,E:\FPTU\PRJ\VN-AV-DF-Capstone\data\clips\tier1\100-300\tier1_v3_clips_100_300\gHsxuixSqz0_clip0032_t00306.mp4,tier1,1,1.0,0.040768839418888,True,9,0.3006558418273926,281,0.6290512735958935
y3vBfCdY2tQ_clip0017_t00227,y3vBfCdY2tQ,227.106,230.11,3.004,1.0,1.0,5.63,E:\FPTU\PRJ\VN-AV-DF-Capstone\data\clips\tier1\440-9999\tier1_v3_clips_440_9999\y3vBfCdY2tQ_clip0017_t00227.mp4,tier1,1,1.0,0.0144267193973064,True,9,0.3798973858356476,282,0.5701147932060151
y3vBfCdY2tQ_clip0018_t00232,y3vBfCdY2tQ,232.194,234.91,2.716,1.0,1.0,7.48,E:\FPTU\PRJ\VN-AV-DF-Capstone\data\clips\tier1\440-9999\tier1_v3_clips_440_9999\y3vBfCdY2tQ_clip0018_t00232.mp4,tier1,1,1.0,0.014987826347351,True,9,0.9712662100791932,282,0.6760272542893384
UnodrLYWJYI_clip0073_t00773,UnodrLYWJYI,773.538,778.538,5.0,1.0,1.0,13.08,E:\FPTU\PRJ\VN-AV-DF-Capstone\data\clips\tier2\tier2_v3_clips_0_999-001\UnodrLYWJYI_clip0073_t00773.mp4,tier2,1,1.0,0.0586442500352859,True,9,0.8620402216911316,283,0.7776018343970049
UnodrLYWJYI_clip0074_t00777,UnodrLYWJYI,777.538,782.538,5.0,1.0,1.0,13.9,E:\FPTU\PRJ\VN-AV-DF-Capstone\data\clips\tier2\tier2_v3_clips_0_999-001\UnodrLYWJYI_clip0074_t00777.mp4,tier2,1,1.0,0.0578426867723465,True,9,0.8617202043533325,283,0.7753264725447966
UnodrLYWJYI_clip0075_t00781,UnodrLYWJYI,781.538,785.438,3.9,1.0,1.0,13.01,E:\FPTU\PRJ\VN-AV-DF-Capstone\data\clips\tier2\tier2_v3_clips_0_999-001\UnodrLYWJYI_clip0075_t00781.mp4,tier2,1,1.0,0.0571468882262706,True,9,0.8227000832557678,283,0.7665144586094623
gHsxuixSqz0_clip0001_t00045,gHsxuixSqz0,45.73,50.73,5.0,1.0,1.0,6.76,E:\FPTU\PRJ\VN-AV-DF-Capstone\data\clips\tier1\100-300\tier1_v3_clips_100_300\gHsxuixSqz0_clip0001_t00045.mp4,tier1,1,1.0,0.0243092589080333,True,9,0.8661937713623047,285,0.6832886579055554
gHsxuixSqz0_clip0004_t00060,gHsxuixSqz0,60.386,65.918,5.532,1.0,1.0,8.78,E:\FPTU\PRJ\VN-AV-DF-Capstone\data\clips\tier1\100-300\tier1_v3_clips_100_300\gHsxuixSqz0_clip0004_t00060.mp4,tier1,1,1.0,0.0247755758464336,True,9,0.8745200634002686,285,0.6860488625619032
gHsxuixSqz0_clip0018_t00205,gHsxuixSqz0,205.09,210.09,5.0,1.0,1.0,7.0,E:\FPTU\PRJ\VN-AV-DF-Capstone\data\clips\tier1\100-300\tier1_v3_clips_100_300\gHsxuixSqz0_clip0018_t00205.mp4,tier1,1,1.0,0.0242193266749382,True,9,0.8746008276939392,285,0.6845233055865715
gHsxuixSqz0_clip0021_t00219,gHsxuixSqz0,219.81,223.934,4.124,1.0,1.0,5.84,E:\FPTU\PRJ\VN-AV-DF-Capstone\data\clips\tier1\100-300\tier1_v3_clips_100_300\gHsxuixSqz0_clip0021_t00219.mp4,tier1,1,1.0,0.0243957936763763,True,9,0.8845676779747009,285,0.6867706576435476
gHsxuixSqz0_clip0024_t00267,gHsxuixSqz0,267.65,272.65,5.0,1.0,1.0,8.29,E:\FPTU\PRJ\VN-AV-DF-Capstone\data\clips\tier1\100-300\tier1_v3_clips_100_300\gHsxuixSqz0_clip0024_t00267.mp4,tier1,1,1.0,0.0242572855204343,True,9,0.8606554865837097,285,0.6821674407507423
gHsxuixSqz0_clip0028_t00286,gHsxuixSqz0,286.21,291.742,5.532,1.0,1.0,6.76,E:\FPTU\PRJ\VN-AV-DF-Capstone\data\clips\tier1\100-300\tier1_v3_clips_100_300\gHsxuixSqz0_clip0028_t00286.mp4,tier1,1,1.0,0.0245171096175909,True,9,0.89158034324646,285,0.6883440137156586
gHsxuixSqz0_clip0038_t00365,gHsxuixSqz0,365.89,370.89,5.0,1.0,1.0,7.89,E:\FPTU\PRJ\VN-AV-DF-Capstone\data\clips\tier1\100-300\tier1_v3_clips_100_300\gHsxuixSqz0_clip0038_t00365.mp4,tier1,1,1.0,0.024948626756668,True,9,0.9004088640213013,285,0.6910965141342864
gHsxuixSqz0_clip0044_t00435,gHsxuixSqz0,435.266,440.266,5.0,1.0,1.0,5.84,E:\FPTU\PRJ\VN-AV-DF-Capstone\data\clips\tier1\100-300\tier1_v3_clips_100_300\gHsxuixSqz0_clip0044_t00435.mp4,tier1,1,1.0,0.0247030034661293,True,9,0.8934906721115112,285,0.6891957221065891
gHsxuixSqz0_clip0048_t00520,gHsxuixSqz0,520.866,525.866,5.0,1.0,1.0,10.09,E:\FPTU\PRJ\VN-AV-DF-Capstone\data\clips\tier1\100-300\tier1_v3_clips_100_300\gHsxuixSqz0_clip0048_t00520.mp4,tier1,1,1.0,0.0247260835021734,True,9,0.8595187664031982,285,0.6832645701010024
gHsxuixSqz0_clip0052_t00536,gHsxuixSqz0,536.866,540.766,3.9,1.0,1.0,8.67,E:\FPTU\PRJ\VN-AV-DF-Capstone\data\clips\tier1\100-300\tier1_v3_clips_100_300\gHsxuixSqz0_clip0052_t00536.mp4,tier1,1,1.0,0.0249398127198219,True,9,0.8740594387054443,285,0.6864222165237619
gHsxuixSqz0_clip0085_t00872,gHsxuixSqz0,872.418,882.334,9.916,1.0,1.0,7.78,E:\FPTU\PRJ\VN-AV-DF-Capstone\data\clips\tier1\100-300\tier1_v3_clips_100_300\gHsxuixSqz0_clip0085_t00872.mp4,tier1,1,1.0,0.0243335794657468,True,9,0.8447505235671997,285,0.6795718795450036
gHsxuixSqz0_clip0087_t00920,gHsxuixSqz0,920.642,930.046,9.404,1.0,1.0,7.93,E:\FPTU\PRJ\VN-AV-DF-Capstone\data\clips\tier1\100-300\tier1_v3_clips_100_300\gHsxuixSqz0_clip0087_t00920.mp4,tier1,1,1.0,0.0246524587273597,True,9,0.868437647819519,285,0.6846346821776679
gHsxuixSqz0_clip0088_t00975,gHsxuixSqz0,975.042,982.718,7.676,1.0,1.0,10.41,E:\FPTU\PRJ\VN-AV-DF-Capstone\data\clips\tier1\100-300\tier1_v3_clips_100_300\gHsxuixSqz0_clip0088_t00975.mp4,tier1,1,1.0,0.024395652115345,True,9,0.8737123012542725,285,0.6848546110587933
gHsxuixSqz0_clip0090_t01038,gHsxuixSqz0,1038.274,1047.838,9.564,1.0,1.0,10.67,E:\FPTU\PRJ\VN-AV-DF-Capstone\data\clips\tier1\100-300\tier1_v3_clips_100_300\gHsxuixSqz0_clip0090_t01038.mp4,tier1,1,1.0,0.024259814992547,True,9,0.8470973968505859,285,0.6797818387673545
gHsxuixSqz0_clip0091_t01083,gHsxuixSqz0,1083.234,1092.318,9.084,1.0,1.0,9.79,E:\FPTU\PRJ\VN-AV-DF-Capstone\data\clips\tier1\100-300\tier1_v3_clips_100_300\gHsxuixSqz0_clip0091_t01083.mp4,tier1,1,1.0,0.0248188152909278,True,9,0.8712889552116394,285,0.6855983624715232
hjEoiiSe0is_clip0003_t00045,hjEoiiSe0is,45.602,55.582,9.98,1.0,1.0,5.25,E:\FPTU\PRJ\VN-AV-DF-Capstone\data\clips\tier1\100-300\tier1_v3_clips_100_300\hjEoiiSe0is_clip0003_t00045.mp4,tier1,1,1.0,0.0349638275802135,True,9,0.8857025504112244,285,0.7162253709849162
hjEoiiSe0is_clip0008_t00149,hjEoiiSe0is,149.25,152.158,2.908,1.0,1.0,4.29,E:\FPTU\PRJ\VN-AV-DF-Capstone\data\clips\tier1\100-300\tier1_v3_clips_100_300\hjEoiiSe0is_clip0008_t00149.mp4,tier1,1,1.0,0.0344659239053726,True,9,0.8925740718841553,285,0.7160596949841787
hjEoiiSe0is_clip0010_t00198,hjEoiiSe0is,198.402,202.302,3.9,1.0,1.0,4.73,E:\FPTU\PRJ\VN-AV-DF-Capstone\data\clips\tier1\100-300\tier1_v3_clips_100_300\hjEoiiSe0is_clip0010_t00198.mp4,tier1,1,1.0,0.0344776511192321,True,9,0.8849274516105652,285,0.7147427546913023
hjEoiiSe0is_clip0013_t00241,hjEoiiSe0is,241.154,245.022,3.868,1.0,1.0,6.22,E:\FPTU\PRJ\VN-AV-DF-Capstone\data\clips\tier1\100-300\tier1_v3_clips_100_300\hjEoiiSe0is_clip0013_t00241.mp4,tier1,1,1.0,0.0350856445729732,True,9,0.9018723964691162,285,0.7194160871483075
hjEoiiSe0is_clip0017_t00255,hjEoiiSe0is,255.49,258.782,3.292,1.0,1.0,3.82,E:\FPTU\PRJ\VN-AV-DF-Capstone\data\clips\tier1\100-300\tier1_v3_clips_100_300\hjEoiiSe0is_clip0017_t00255.mp4,tier1,1,1.0,0.034905657172203,True,9,0.8871247172355652,285,0.716315314220924
hjEoiiSe0is_clip0025_t00341,hjEoiiSe0is,341.666,346.654,4.988,1.0,1.0,4.48,E:\FPTU\PRJ\VN-AV-DF-Capstone\data\clips\tier1\100-300\tier1_v3_clips_100_300\hjEoiiSe0is_clip0025_t00341.mp4,tier1,1,1.0,0.035558421164751,True,9,0.9069736003875732,285,0.7216250402258599
hjEoiiSe0is_clip0028_t00357,hjEoiiSe0is,357.058,368.734,11.676,1.0,1.0,5.59,E:\FPTU\PRJ\VN-AV-DF-Capstone\data\clips\tier1\100-300\tier1_v3_clips_100_300\hjEoiiSe0is_clip0028_t00357.mp4,tier1,1,1.0,0.0350333787500858,True,9,0.8994354605674744,285,0.7188413573344834
hjEoiiSe0is_clip0031_t00435,hjEoiiSe0is,435.682,446.494,10.812,1.0,1.0,7.38,E:\FPTU\PRJ\VN-AV-DF-Capstone\data\clips\tier1\100-300\tier1_v3_clips_100_300\hjEoiiSe0is_clip0031_t00435.mp4,tier1,1,1.0,0.0349889546632766,True,9,0.8735682368278503,285,0.7141535783448097
hjEoiiSe0is_clip0034_t00455,hjEoiiSe0is,455.01,459.966,4.956,1.0,1.0,4.32,E:\FPTU\PRJ\VN-AV-DF-Capstone\data\clips\tier1\100-300\tier1_v3_clips_100_300\hjEoiiSe0is_clip0034_t00455.mp4,tier1,1,1.0,0.0350959599018096,True,9,0.8948188424110413,285,0.7181998972178509
hjEoiiSe0is_clip0035_t00518,hjEoiiSe0is,518.178,521.502,3.324,1.0,1.0,5.03,E:\FPTU\PRJ\VN-AV-DF-Capstone\data\clips\tier1\100-300\tier1_v3_clips_100_300\hjEoiiSe0is_clip0035_t00518.mp4,tier1,1,1.0,0.0346794724464416,True,9,0.9083892107009888,285,0.7194417471133704
hjEoiiSe0is_clip0037_t00551,hjEoiiSe0is,551.554,556.478,4.924,1.0,1.0,4.25,E:\FPTU\PRJ\VN-AV-DF-Capstone\data\clips\tier1\100-300\tier1_v3_clips_100_300\hjEoiiSe0is_clip0037_t00551.mp4,tier1,1,1.0,0.0346761234104633,True,9,0.8761847019195557,285,0.7137493277002286
hjEoiiSe0is_clip0040_t00569,hjEoiiSe0is,569.954,572.83,2.876,1.0,1.0,4.79,E:\FPTU\PRJ\VN-AV-DF-Capstone\data\clips\tier1\100-300\tier1_v3_clips_100_300\hjEoiiSe0is_clip0040_t00569.mp4,tier1,1,1.0,0.0349256210029125,True,9,0.9028027653694152,285,0.7191372924930799
hjEoiiSe0is_clip0052_t00727,hjEoiiSe0is,727.17,738.462,11.292,1.0,1.0,6.03,E:\FPTU\PRJ\VN-AV-DF-Capstone\data\clips\tier1\100-300\tier1_v3_clips_100_300\hjEoiiSe0is_clip0052_t00727.mp4,tier1,1,1.0,0.0352545715868473,True,9,0.8609511256217957,285,0.7126623103347114
hjEoiiSe0is_clip0053_t00738,hjEoiiSe0is,738.69,743.87,5.18,1.0,1.0,6.33,E:\FPTU\PRJ\VN-AV-DF-Capstone\data\clips\tier1\100-300\tier1_v3_clips_100_300\hjEoiiSe0is_clip0053_t00738.mp4,tier1,1,1.0,0.0350606031715869,True,9,0.8926507234573364,285,0.7177194134557232
hjEoiiSe0is_clip0055_t00793,hjEoiiSe0is,793.858,796.446,2.588,1.0,1.0,5.61,E:\FPTU\PRJ\VN-AV-DF-Capstone\data\clips\tier1\100-300\tier1_v3_clips_100_300\hjEoiiSe0is_clip0055_t00793.mp4,tier1,1,1.0,0.0355573110282421,True,9,0.8614798784255981,285,0.7135936632692532
7642717198158531860_clip0003_t00056,7642717198158531860,56.354,59.23,2.876,1.0,1.0,10.72,E:\FPTU\PRJ\VN-AV-DF-Capstone\data\clips\tier3\tier3_v3_clips_0_1262-001\7642717198158531860_clip0003_t00056.mp4,tier3,1,1.0,0.0179228521883487,True,9,0.790410578250885,286,0.6522362959436566
7642717198158531860_clip0004_t00059,7642717198158531860,59.33,61.598,2.268,1.0,1.0,11.34,E:\FPTU\PRJ\VN-AV-DF-Capstone\data\clips\tier3\tier3_v3_clips_0_1262-001\7642717198158531860_clip0004_t00059.mp4,tier3,1,1.0,0.0177852939814329,True,9,0.760370671749115,286,0.6465543472105326
7642717198158531860_clip0005_t00061,7642717198158531860,61.73,65.982,4.252,1.0,1.0,11.54,E:\FPTU\PRJ\VN-AV-DF-Capstone\data\clips\tier3\tier3_v3_clips_0_1262-001\7642717198158531860_clip0005_t00061.mp4,tier3,1,1.0,0.0172707494348287,True,9,0.7880074977874756,286,0.6500070714439352
lq_tau31IE0_clip0040_t00735,lq_tau31IE0,735.618,740.222,4.604,0.8,1.0,6.62,E:\FPTU\PRJ\VN-AV-DF-Capstone\data\clips\tier1\100-300\tier1_v3_clips_100_300\lq_tau31IE0_clip0040_t00735.mp4,tier1,1,1.0,0.0351254194974899,True,9,0.983820617198944,287,0.7339876428500827
lq_tau31IE0_clip0041_t00742,lq_tau31IE0,742.402,748.894,6.492,1.0,1.0,5.35,E:\FPTU\PRJ\VN-AV-DF-Capstone\data\clips\tier1\100-300\tier1_v3_clips_100_300\lq_tau31IE0_clip0041_t00742.mp4,tier1,1,1.0,0.043045837432146,True,9,0.9855406284332277,287,0.756216482877368
lq_tau31IE0_clip0042_t00749,lq_tau31IE0,749.314,758.014,8.7,0.889,1.0,6.11,E:\FPTU\PRJ\VN-AV-DF-Capstone\data\clips\tier1\100-300\tier1_v3_clips_100_300\lq_tau31IE0_clip0042_t00749.mp4,tier1,1,1.0,0.0447897762060165,True,9,0.6737142205238342,287,0.7060158662569174
7636049221711416584_clip0002_t00017,7636049221711416584,17.282,22.526,5.244,0.8,1.0,7.24,E:\FPTU\PRJ\VN-AV-DF-Capstone\data\clips\tier3\tier3_v3_clips_0_1262-001\7636049221711416584_clip0002_t00017.mp4,tier3,1,0.7777777777777778,0.0211264975368976,True,9,0.401170015335083,289,0.48783995561306137
7636049221711416584_clip0004_t00033,7636049221711416584,33.57,38.43,4.86,0.8,1.0,5.42,E:\FPTU\PRJ\VN-AV-DF-Capstone\data\clips\tier3\tier3_v3_clips_0_1262-001\7636049221711416584_clip0004_t00033.mp4,tier3,1,0.6666666666666666,0.0140731642022728,True,9,0.4272038638591766,289,0.42062153827723936
7636049221711416584_clip0006_t00056,7636049221711416584,56.706,58.75,2.044,1.0,1.0,7.09,E:\FPTU\PRJ\VN-AV-DF-Capstone\data\clips\tier3\tier3_v3_clips_0_1262-001\7636049221711416584_clip0006_t00056.mp4,tier3,1,1.0,0.02112927287817,True,9,0.8625990748405457,289,0.6738514592739522
7636049221711416584_clip0010_t00078,7636049221711416584,78.466,82.846,4.38,1.0,1.0,6.7,E:\FPTU\PRJ\VN-AV-DF-Capstone\data\clips\tier3\tier3_v3_clips_0_1262-001\7636049221711416584_clip0010_t00078.mp4,tier3,1,1.0,0.0179057922214269,True,9,0.568219780921936,289,0.6129789298215164
7636049221711416584_clip0012_t00089,7636049221711416584,89.122,99.358,10.236,1.0,1.0,7.27,E:\FPTU\PRJ\VN-AV-DF-Capstone\data\clips\tier3\tier3_v3_clips_0_1262-001\7636049221711416584_clip0012_t00089.mp4,tier3,1,1.0,0.014825846068561,True,9,0.3644028902053833,289,0.5684853332874362
7636049221711416584_clip0015_t00105,7636049221711416584,105.218,109.694,4.476,1.0,1.0,6.43,E:\FPTU\PRJ\VN-AV-DF-Capstone\data\clips\tier3\tier3_v3_clips_0_1262-001\7636049221711416584_clip0015_t00105.mp4,tier3,1,1.0,0.0211472101509571,True,9,0.8691410422325134,289,0.6750555780838104
b9_oesdIz-M_clip0000_t00006,b9_oesdIz-M,6.626,14.654,8.028,1.0,1.0,21.34,E:\FPTU\PRJ\VN-AV-DF-Capstone\data\clips\tier2\tier2_v3_clips_0_999-001\b9_oesdIz-M_clip0000_t00006.mp4,tier2,1,1.0,0.0193699579685926,True,9,0.899101972579956,290,0.6754230098658758
b9_oesdIz-M_clip0006_t00049,b9_oesdIz-M,49.25,54.25,5.0,1.0,1.0,19.66,E:\FPTU\PRJ\VN-AV-DF-Capstone\data\clips\tier2\tier2_v3_clips_0_999-001\b9_oesdIz-M_clip0006_t00049.mp4,tier2,1,1.0,0.018978726118803,True,9,0.9064204692840576,290,0.6756315008970044
b9_oesdIz-M_clip0007_t00053,b9_oesdIz-M,53.25,58.25,5.0,1.0,1.0,19.12,E:\FPTU\PRJ\VN-AV-DF-Capstone\data\clips\tier2\tier2_v3_clips_0_999-001\b9_oesdIz-M_clip0007_t00053.mp4,tier2,1,1.0,0.0192992687225341,True,9,0.9281476140022278,290,0.6803530292536182
b9_oesdIz-M_clip0008_t00057,b9_oesdIz-M,57.25,62.25,5.0,1.0,1.0,19.47,E:\FPTU\PRJ\VN-AV-DF-Capstone\data\clips\tier2\tier2_v3_clips_0_999-001\b9_oesdIz-M_clip0008_t00057.mp4,tier2,1,1.0,0.0193579588085412,True,9,0.9183061122894288,290,0.6787787596104302
b9_oesdIz-M_clip0009_t00061,b9_oesdIz-M,61.25,66.25,5.0,1.0,1.0,20.54,E:\FPTU\PRJ\VN-AV-DF-Capstone\data\clips\tier2\tier2_v3_clips_0_999-001\b9_oesdIz-M_clip0009_t00061.mp4,tier2,1,1.0,0.0191986747086048,True,9,0.9193480014801024,290,0.6785216920083627
b9_oesdIz-M_clip0012_t00118,b9_oesdIz-M,118.658,123.658,5.0,1.0,1.0,22.17,E:\FPTU\PRJ\VN-AV-DF-Capstone\data\clips\tier2\tier2_v3_clips_0_999-001\b9_oesdIz-M_clip0012_t00118.mp4,tier2,1,1.0,0.0191827490925788,True,9,0.9261929392814636,290,0.6796855369028246
b9_oesdIz-M_clip0013_t00122,b9_oesdIz-M,122.658,127.658,5.0,1.0,1.0,20.83,E:\FPTU\PRJ\VN-AV-DF-Capstone\data\clips\tier2\tier2_v3_clips_0_999-001\b9_oesdIz-M_clip0013_t00122.mp4,tier2,1,1.0,0.0191077217459678,True,9,0.9156477451324464,290,0.6776169295144047
b9_oesdIz-M_clip0014_t00126,b9_oesdIz-M,126.658,131.658,5.0,1.0,1.0,21.07,E:\FPTU\PRJ\VN-AV-DF-Capstone\data\clips\tier2\tier2_v3_clips_0_999-001\b9_oesdIz-M_clip0014_t00126.mp4,tier2,1,1.0,0.0190198794007301,True,9,0.9112482070922852,290,0.6765973751829394
b9_oesdIz-M_clip0015_t00132,b9_oesdIz-M,132.834,135.998,3.164,1.0,1.0,21.33,E:\FPTU\PRJ\VN-AV-DF-Capstone\data\clips\tier2\tier2_v3_clips_0_999-001\b9_oesdIz-M_clip0015_t00132.mp4,tier2,1,1.0,0.0187634266912937,True,9,0.9025093913078308,290,0.6743453185811956
b9_oesdIz-M_clip0016_t00136,b9_oesdIz-M,136.098,142.43,6.332,1.0,1.0,21.14,E:\FPTU\PRJ\VN-AV-DF-Capstone\data\clips\tier2\tier2_v3_clips_0_999-001\b9_oesdIz-M_clip0016_t00136.mp4,tier2,1,1.0,0.0191540364176034,True,9,0.923739731311798,290,0.6791731353945509
b9_oesdIz-M_clip0023_t00186,b9_oesdIz-M,186.21,191.21,5.0,1.0,1.0,21.08,E:\FPTU\PRJ\VN-AV-DF-Capstone\data\clips\tier2\tier2_v3_clips_0_999-001\b9_oesdIz-M_clip0023_t00186.mp4,tier2,1,1.0,0.0189837347716093,True,9,0.9182432889938354,290,0.6777317458033605
b9_oesdIz-M_clip0024_t00190,b9_oesdIz-M,190.21,195.21,5.0,1.0,1.0,19.91,E:\FPTU\PRJ\VN-AV-DF-Capstone\data\clips\tier2\tier2_v3_clips_0_999-001\b9_oesdIz-M_clip0024_t00190.mp4,tier2,1,1.0,0.0189418066293001,True,9,0.9094038009643556,290,0.6760557706267643
b9_oesdIz-M_clip0025_t00194,b9_oesdIz-M,194.21,199.21,5.0,1.0,1.0,20.54,E:\FPTU\PRJ\VN-AV-DF-Capstone\data\clips\tier2\tier2_v3_clips_0_999-001\b9_oesdIz-M_clip0025_t00194.mp4,tier2,1,1.0,0.0190233457833528,True,9,0.8994045257568359,290,0.6745169094145501
b9_oesdIz-M_clip0026_t00198,b9_oesdIz-M,198.21,202.75,4.54,1.0,1.0,19.55,E:\FPTU\PRJ\VN-AV-DF-Capstone\data\clips\tier2\tier2_v3_clips_0_999-001\b9_oesdIz-M_clip0026_t00198.mp4,tier2,1,1.0,0.0191387925297021,True,9,0.9007726311683656,290,0.6750779195768604
b9_oesdIz-M_clip0029_t00228,b9_oesdIz-M,228.258,232.414,4.156,1.0,1.0,21.68,E:\FPTU\PRJ\VN-AV-DF-Capstone\data\clips\tier2\tier2_v3_clips_0_999-001\b9_oesdIz-M_clip0029_t00228.mp4,tier2,1,1.0,0.0189605448395013,True,9,0.9179966449737548,290,0.6776240259954277
b9_oesdIz-M_clip0030_t00233,b9_oesdIz-M,233.826,237.342,3.516,1.0,1.0,19.82,E:\FPTU\PRJ\VN-AV-DF-Capstone\data\clips\tier2\tier2_v3_clips_0_999-001\b9_oesdIz-M_clip0030_t00233.mp4,tier2,1,1.0,0.0191215742379426,True,9,0.8919390439987183,290,0.6734713875608035
b9_oesdIz-M_clip0035_t00319,b9_oesdIz-M,319.682,330.11,10.428,1.0,1.0,22.86,E:\FPTU\PRJ\VN-AV-DF-Capstone\data\clips\tier2\tier2_v3_clips_0_999-001\b9_oesdIz-M_clip0035_t00319.mp4,tier2,1,1.0,0.027272842824459,True,9,0.9344480037689208,290,0.7035373183288107
b9_oesdIz-M_clip0058_t00559,b9_oesdIz-M,559.906,564.906,5.0,1.0,1.0,21.96,E:\FPTU\PRJ\VN-AV-DF-Capstone\data\clips\tier2\tier2_v3_clips_0_999-001\b9_oesdIz-M_clip0058_t00559.mp4,tier2,1,1.0,0.0101504940539598,True,9,0.5190355777740479,290,0.5828311406273126
b9_oesdIz-M_clip0059_t00563,b9_oesdIz-M,563.906,568.906,5.0,1.0,1.0,21.7,E:\FPTU\PRJ\VN-AV-DF-Capstone\data\clips\tier2\tier2_v3_clips_0_999-001\b9_oesdIz-M_clip0059_t00563.mp4,tier2,1,1.0,0.0101057607680559,True,9,0.6438761949539185,290,0.6047380070511384
b9_oesdIz-M_clip0060_t00567,b9_oesdIz-M,567.906,572.906,5.0,1.0,1.0,21.38,E:\FPTU\PRJ\VN-AV-DF-Capstone\data\clips\tier2\tier2_v3_clips_0_999-001\b9_oesdIz-M_clip0060_t00567.mp4,tier2,1,1.0,0.0101634189486503,True,9,0.5196854472160339,290,0.5829816021760738
b9_oesdIz-M_clip0061_t00571,b9_oesdIz-M,571.906,576.906,5.0,1.0,1.0,21.48,E:\FPTU\PRJ\VN-AV-DF-Capstone\data\clips\tier2\tier2_v3_clips_0_999-001\b9_oesdIz-M_clip0061_t00571.mp4,tier2,1,1.0,0.010129521600902,True,9,0.6512860059738159,290,0.6061113955211351
b9_oesdIz-M_clip0062_t00575,b9_oesdIz-M,575.906,579.998,4.092,1.0,1.0,20.87,E:\FPTU\PRJ\VN-AV-DF-Capstone\data\clips\tier2\tier2_v3_clips_0_999-001\b9_oesdIz-M_clip0062_t00575.mp4,tier2,1,1.0,0.0102800391614437,True,9,0.9036448001861572,290,0.6510619632396764
b9_oesdIz-M_clip0063_t00580,b9_oesdIz-M,580.13,588.094,7.964,1.0,1.0,20.11,E:\FPTU\PRJ\VN-AV-DF-Capstone\data\clips\tier2\tier2_v3_clips_0_999-001\b9_oesdIz-M_clip0063_t00580.mp4,tier2,1,1.0,0.0103012584149837,True,9,0.7494335174560547,290,0.6239069466220709
P3K1OaKR4nY_clip0000_t00004,P3K1OaKR4nY,4.29,14.878,10.588,1.0,1.0,8.77,E:\FPTU\PRJ\VN-AV-DF-Capstone\data\clips\tier1\300-400\tier1_v3_clips_300_400\P3K1OaKR4nY_clip0000_t00004.mp4,tier1,1,1.0,0.0106177385896444,True,9,0.829971969127655,291,0.6389956952915378
y3vBfCdY2tQ_clip0000_t00004,y3vBfCdY2tQ,4.418,15.134,10.716,1.0,1.0,8.08,E:\FPTU\PRJ\VN-AV-DF-Capstone\data\clips\tier1\440-9999\tier1_v3_clips_440_9999\y3vBfCdY2tQ_clip0000_t00004.mp4,tier1,1,1.0,0.0326558649539947,True,9,0.8902560472488403,291,0.7106400248629134
7636682087633833234_clip0000_t00011,7636682087633833234,11.65,13.694,2.044,1.0,1.0,6.82,E:\FPTU\PRJ\VN-AV-DF-Capstone\data\clips\tier3\tier3_v3_clips_0_1262-001\7636682087633833234_clip0000_t00011.mp4,tier3,1,1.0,0.0105157792568206,True,9,0.8947398066520691,293,0.6501430697538734
7636682087633833234_clip0002_t00061,7636682087633833234,61.986,64.926,2.94,1.0,1.0,7.35,E:\FPTU\PRJ\VN-AV-DF-Capstone\data\clips\tier3\tier3_v3_clips_0_1262-001\7636682087633833234_clip0002_t00061.mp4,tier3,1,1.0,0.0126010263338685,True,9,0.8257447481155396,293,0.6437398541761588
7636682087633833234_clip0003_t00080,7636682087633833234,80.098,84.606,4.508,1.0,1.0,4.89,E:\FPTU\PRJ\VN-AV-DF-Capstone\data\clips\tier3\tier3_v3_clips_0_1262-001\7636682087633833234_clip0003_t00080.mp4,tier3,1,1.0,0.0114539107307791,True,9,0.6350367665290833,293,0.6069100579558564
7636682087633833234_clip0004_t00087,7636682087633833234,87.778,90.878,3.1,1.0,1.0,5.42,E:\FPTU\PRJ\VN-AV-DF-Capstone\data\clips\tier3\tier3_v3_clips_0_1262-001\7636682087633833234_clip0004_t00087.mp4,tier3,1,1.0,0.0107337348163127,True,9,0.5042487382888794,293,0.5818362260110419
7636682087633833234_clip0008_t00133,7636682087633833234,133.666,135.87,2.204,1.0,1.0,5.71,E:\FPTU\PRJ\VN-AV-DF-Capstone\data\clips\tier3\tier3_v3_clips_0_1262-001\7636682087633833234_clip0008_t00133.mp4,tier3,1,1.0,0.0125627042725682,True,9,0.8594344258308411,293,0.6495790082526579
7636682087633833234_clip0009_t00139,7636682087633833234,139.234,141.438,2.204,1.0,1.0,4.85,E:\FPTU\PRJ\VN-AV-DF-Capstone\data\clips\tier3\tier3_v3_clips_0_1262-001\7636682087633833234_clip0009_t00139.mp4,tier3,1,1.0,0.0129049383103847,True,9,0.7973792552947998,293,0.6395754684015864
7636682087633833234_clip0010_t00170,7636682087633833234,170.37,172.99,2.62,1.0,1.0,6.63,E:\FPTU\PRJ\VN-AV-DF-Capstone\data\clips\tier3\tier3_v3_clips_0_1262-001\7636682087633833234_clip0010_t00170.mp4,tier3,1,1.0,0.0120211206376552,True,9,0.6726967692375183,293,0.6151260918028462
7636682087633833234_clip0012_t00182,7636682087633833234,182.914,186.014,3.1,1.0,1.0,5.96,E:\FPTU\PRJ\VN-AV-DF-Capstone\data\clips\tier3\tier3_v3_clips_0_1262-001\7636682087633833234_clip0012_t00182.mp4,tier3,1,1.0,0.0122328391298651,True,9,0.427520215511322,293,0.5724457204814122
7636682087633833234_clip0013_t00186,7636682087633833234,186.466,188.574,2.108,1.0,1.0,6.34,E:\FPTU\PRJ\VN-AV-DF-Capstone\data\clips\tier3\tier3_v3_clips_0_1262-001\7636682087633833234_clip0013_t00186.mp4,tier3,1,1.0,0.0130352396517992,True,9,0.8749725818634033,293,0.6536291086843633
7636682087633833234_clip0021_t00253,7636682087633833234,253.762,256.318,2.556,1.0,1.0,4.97,E:\FPTU\PRJ\VN-AV-DF-Capstone\data\clips\tier3\tier3_v3_clips_0_1262-001\7636682087633833234_clip0021_t00253.mp4,tier3,1,1.0,0.012793181464076,True,9,0.860291063785553,293,0.6503681868422087
7636682087633833234_clip0026_t00307,7636682087633833234,307.01,309.694,2.684,1.0,1.0,6.36,E:\FPTU\PRJ\VN-AV-DF-Capstone\data\clips\tier3\tier3_v3_clips_0_1262-001\7636682087633833234_clip0026_t00307.mp4,tier3,1,1.0,0.0133565803989768,True,9,0.8522665500640869,293,0.6505116976652389
7636682087633833234_clip0029_t00319,7636682087633833234,319.266,323.742,4.476,1.0,1.0,5.54,E:\FPTU\PRJ\VN-AV-DF-Capstone\data\clips\tier3\tier3_v3_clips_0_1262-001\7636682087633833234_clip0029_t00319.mp4,tier3,1,1.0,0.0128384083509445,True,9,0.8381142020225525,293,0.6465798201139127
bhO764uZyDA_clip0066_t00385,bhO764uZyDA,385.666,387.742,2.076,1.0,1.0,34.69,E:\FPTU\PRJ\VN-AV-DF-Capstone\data\clips\tier1\100-300\tier1_v3_clips_100_300\bhO764uZyDA_clip0066_t00385.mp4,tier1,1,1.0,0.0915952175855636,True,9,0.9978383183479308,294,0.8927811048280619
bhO764uZyDA_clip0070_t00409,bhO764uZyDA,409.986,412.318,2.332,1.0,1.0,35.03,E:\FPTU\PRJ\VN-AV-DF-Capstone\data\clips\tier1\100-300\tier1_v3_clips_100_300\bhO764uZyDA_clip0070_t00409.mp4,tier1,1,1.0,0.0248543228954076,True,9,0.9810763597488404,294,0.7050709025162979
bhO764uZyDA_clip0071_t00412,bhO764uZyDA,412.418,414.75,2.332,1.0,1.0,34.3,E:\FPTU\PRJ\VN-AV-DF-Capstone\data\clips\tier1\100-300\tier1_v3_clips_100_300\bhO764uZyDA_clip0071_t00412.mp4,tier1,1,1.0,0.0237503238022327,True,9,0.9819424152374268,294,0.7021676444739344
I-uqcg6HtaQ_clip0075_t00909,I-uqcg6HtaQ,909.218,915.838,6.62,1.0,1.0,13.32,E:\FPTU\PRJ\VN-AV-DF-Capstone\data\clips\tier2\tier2_v3_clips_0_999-001\I-uqcg6HtaQ_clip0075_t00909.mp4,tier2,1,1.0,0.06284961104393,True,9,0.9061731696128844,295,0.7970312861131095
I-uqcg6HtaQ_clip0076_t00915,I-uqcg6HtaQ,915.97,918.974,3.004,1.0,1.0,12.34,E:\FPTU\PRJ\VN-AV-DF-Capstone\data\clips\tier2\tier2_v3_clips_0_999-001\I-uqcg6HtaQ_clip0076_t00915.mp4,tier2,1,1.0,0.0623924732208251,True,9,0.8949527740478516,295,0.7937857669408176
I-uqcg6HtaQ_clip0077_t00919,I-uqcg6HtaQ,919.106,922.59,3.484,1.0,1.0,14.75,E:\FPTU\PRJ\VN-AV-DF-Capstone\data\clips\tier2\tier2_v3_clips_0_999-001\I-uqcg6HtaQ_clip0077_t00919.mp4,tier2,1,1.0,0.0617843680083751,True,9,0.9118930101394652,295,0.7950918629279806
P3K1OaKR4nY_clip0018_t00142,P3K1OaKR4nY,142.978,154.878,11.9,1.0,1.0,11.84,E:\FPTU\PRJ\VN-AV-DF-Capstone\data\clips\tier1\300-400\tier1_v3_clips_300_400\P3K1OaKR4nY_clip0018_t00142.mp4,tier1,1,1.0,0.0214161202311515,True,9,0.9848291873931884,299,0.696215530257799
P3K1OaKR4nY_clip0019_t00155,P3K1OaKR4nY,155.458,158.494,3.036,1.0,1.0,11.47,E:\FPTU\PRJ\VN-AV-DF-Capstone\data\clips\tier1\300-400\tier1_v3_clips_300_400\P3K1OaKR4nY_clip0019_t00155.mp4,tier1,1,1.0,0.0171928517520427,True,9,0.6450479030609131,299,0.6245632712273796
jInLQAiBlVQ_clip0047_t00796,jInLQAiBlVQ,796.61,803.87,7.26,1.0,1.0,5.5,E:\FPTU\PRJ\VN-AV-DF-Capstone\data\clips\tier1\100-300\tier1_v3_clips_100_300\jInLQAiBlVQ_clip0047_t00796.mp4,tier1,1,1.0,0.0813238695263862,True,9,0.8960732221603394,301,0.8463894027509452
jInLQAiBlVQ_clip0048_t00804,jInLQAiBlVQ,804.002,806.398,2.396,1.0,1.0,2.97,E:\FPTU\PRJ\VN-AV-DF-Capstone\data\clips\tier1\100-300\tier1_v3_clips_100_300\jInLQAiBlVQ_clip0048_t00804.mp4,tier1,1,1.0,0.0846568420529365,True,9,0.8725625276565552,301,0.8514667944529023
z0ZM1kEnmJI_clip0024_t00606,z0ZM1kEnmJI,606.178,608.99,2.812,1.0,1.0,2.95,E:\FPTU\PRJ\VN-AV-DF-Capstone\data\clips\tier1\440-9999\tier1_v3_clips_440_9999\z0ZM1kEnmJI_clip0024_t00606.mp4,tier1,1,1.0,0.0416695550084114,True,9,0.87086021900177,302,0.7321689372214784
y3vBfCdY2tQ_clip0050_t00410,y3vBfCdY2tQ,410.402,412.766,2.364,1.0,1.0,4.36,E:\FPTU\PRJ\VN-AV-DF-Capstone\data\clips\tier1\440-9999\tier1_v3_clips_440_9999\y3vBfCdY2tQ_clip0050_t00410.mp4,tier1,1,1.0,0.0280895996838808,True,9,0.964328110218048,303,0.7110712254233482
y3vBfCdY2tQ_clip0051_t00412,y3vBfCdY2tQ,412.898,416.542,3.644,1.0,1.0,4.14,E:\FPTU\PRJ\VN-AV-DF-Capstone\data\clips\tier1\440-9999\tier1_v3_clips_440_9999\y3vBfCdY2tQ_clip0051_t00412.mp4,tier1,1,1.0,0.0273373164236545,True,9,0.9665583372116088,303,0.7093823236398968
mHTLamr-Zqk_clip0071_t00732,mHTLamr-Zqk,732.034,735.07,3.036,1.0,1.0,13.86,E:\FPTU\PRJ\VN-AV-DF-Capstone\data\clips\tier2\tier2_v3_clips_0_999-001\mHTLamr-Zqk_clip0071_t00732.mp4,tier2,1,1.0,0.0549044758081436,True,9,0.9180423021316528,304,0.7771321078205013
mHTLamr-Zqk_clip0072_t00744,mHTLamr-Zqk,744.45,746.558,2.108,1.0,1.0,14.43,E:\FPTU\PRJ\VN-AV-DF-Capstone\data\clips\tier2\tier2_v3_clips_0_999-001\mHTLamr-Zqk_clip0072_t00744.mp4,tier2,1,1.0,0.0593353323638439,True,9,0.8809265494346619,304,0.7828477705378231
EMFwAo7a4rg_clip0010_t00222,EMFwAo7a4rg,222.306,227.806,5.5,0.8,1.0,6.38,E:\FPTU\PRJ\VN-AV-DF-Capstone\data\clips\tier1\100-300\tier1_v3_clips_100_300\EMFwAo7a4rg_clip0010_t00222.mp4,tier1,1,1.0,0.0116434013471007,True,9,0.3927680552005768,305,0.5646813040651772
EMFwAo7a4rg_clip0023_t00417,EMFwAo7a4rg,417.57,420.126,2.556,1.0,1.0,4.21,E:\FPTU\PRJ\VN-AV-DF-Capstone\data\clips\tier1\100-300\tier1_v3_clips_100_300\EMFwAo7a4rg_clip0023_t00417.mp4,tier1,1,1.0,0.0186969619244337,True,9,0.9719183444976808,305,0.6864099695471148
b9_oesdIz-M_clip0070_t00691,b9_oesdIz-M,691.682,695.806,4.124,1.0,1.0,15.93,E:\FPTU\PRJ\VN-AV-DF-Capstone\data\clips\tier2\tier2_v3_clips_0_999-001\b9_oesdIz-M_clip0070_t00691.mp4,tier2,1,1.0,0.0492901243269443,True,9,0.9180757999420166,310,0.7615963659659805
b9_oesdIz-M_clip0071_t00719,b9_oesdIz-M,719.554,723.262,3.708,1.0,1.0,17.74,E:\FPTU\PRJ\VN-AV-DF-Capstone\data\clips\tier2\tier2_v3_clips_0_999-001\b9_oesdIz-M_clip0071_t00719.mp4,tier2,1,1.0,0.0494605377316474,True,9,0.9002238512039185,310,0.7589177606237273
7634057975606365461_clip0001_t00052,7634057975606365461,52.258,56.222,3.964,1.0,1.0,-0.35,E:\FPTU\PRJ\VN-AV-DF-Capstone\data\clips\tier3\tier3_v3_clips_0_1262-001\7634057975606365461_clip0001_t00052.mp4,tier3,1,1.0,0.0241708979010581,True,9,0.3428835272789001,311,0.5905567802284726
_adzgpYkn_c_clip0002_t00035,_adzgpYkn_c,35.266,37.982,2.716,1.0,1.0,6.5,E:\FPTU\PRJ\VN-AV-DF-Capstone\data\clips\tier1\440-9999\tier1_v3_clips_440_9999\_adzgpYkn_c_clip0002_t00035.mp4,tier1,1,1.0,0.0303122103214263,True,9,0.4202361106872558,314,0.6212076231414065
_adzgpYkn_c_clip0032_t00361,_adzgpYkn_c,361.666,364.286,2.62,1.0,1.0,4.12,E:\FPTU\PRJ\VN-AV-DF-Capstone\data\clips\tier1\440-9999\tier1_v3_clips_440_9999\_adzgpYkn_c_clip0032_t00361.mp4,tier1,1,1.0,0.0712919533252716,True,9,0.9715116024017334,314,0.8319316978990385
_adzgpYkn_c_clip0033_t00364,_adzgpYkn_c,364.418,368.638,4.22,1.0,1.0,3.16,E:\FPTU\PRJ\VN-AV-DF-Capstone\data\clips\tier1\440-9999\tier1_v3_clips_440_9999\_adzgpYkn_c_clip0033_t00364.mp4,tier1,1,1.0,0.0613777115941047,True,9,0.9549824595451356,314,0.8015701767296888
_adzgpYkn_c_clip0034_t00368,_adzgpYkn_c,368.834,374.302,5.468,1.0,1.0,3.66,E:\FPTU\PRJ\VN-AV-DF-Capstone\data\clips\tier1\440-9999\tier1_v3_clips_440_9999\_adzgpYkn_c_clip0034_t00368.mp4,tier1,1,1.0,0.049896702170372,True,9,0.8489177227020264,314,0.7510711287705728
FufWLL1IIrQ_clip0079_t00488,FufWLL1IIrQ,488.77,491.006,2.236,1.0,1.0,1.62,E:\FPTU\PRJ\VN-AV-DF-Capstone\data\clips\tier2\tier2_v3_clips_0_999-001\FufWLL1IIrQ_clip0079_t00488.mp4,tier2,1,1.0,0.0406794995069503,True,9,0.9946553111076356,315,0.7512744573436095
FufWLL1IIrQ_clip0080_t00491,FufWLL1IIrQ,491.906,500.702,8.796,1.0,1.0,1.67,E:\FPTU\PRJ\VN-AV-DF-Capstone\data\clips\tier2\tier2_v3_clips_0_999-001\FufWLL1IIrQ_clip0080_t00491.mp4,tier2,1,1.0,0.043256290256977,True,9,0.8920336961746216,315,0.7402978352520743
FufWLL1IIrQ_clip0081_t00501,FufWLL1IIrQ,501.154,505.086,3.932,1.0,1.0,1.74,E:\FPTU\PRJ\VN-AV-DF-Capstone\data\clips\tier2\tier2_v3_clips_0_999-001\FufWLL1IIrQ_clip0081_t00501.mp4,tier2,1,1.0,0.0403913296759128,True,9,0.9928596019744872,315,0.7501598554899263
FufWLL1IIrQ_clip0082_t00505,FufWLL1IIrQ,505.25,509.182,3.932,1.0,1.0,1.18,E:\FPTU\PRJ\VN-AV-DF-Capstone\data\clips\tier2\tier2_v3_clips_0_999-001\FufWLL1IIrQ_clip0082_t00505.mp4,tier2,1,1.0,0.0402567610144615,True,9,0.992039144039154,315,0.7496425556958958
FufWLL1IIrQ_clip0083_t00509,FufWLL1IIrQ,509.666,514.142,4.476,1.0,1.0,1.5,E:\FPTU\PRJ\VN-AV-DF-Capstone\data\clips\tier2\tier2_v3_clips_0_999-001\FufWLL1IIrQ_clip0083_t00509.mp4,tier2,1,1.0,0.0407351106405258,True,9,0.9936779737472534,315,0.7512559288387899
FufWLL1IIrQ_clip0084_t00516,FufWLL1IIrQ,516.418,520.382,3.964,1.0,1.0,1.06,E:\FPTU\PRJ\VN-AV-DF-Capstone\data\clips\tier2\tier2_v3_clips_0_999-001\FufWLL1IIrQ_clip0084_t00516.mp4,tier2,1,1.0,0.0405498929321765,True,9,0.9933815002441406,315,0.7506908901448366
FufWLL1IIrQ_clip0085_t00520,FufWLL1IIrQ,520.578,525.854,5.276,1.0,1.0,1.62,E:\FPTU\PRJ\VN-AV-DF-Capstone\data\clips\tier2\tier2_v3_clips_0_999-001\FufWLL1IIrQ_clip0085_t00520.mp4,tier2,1,1.0,0.0402154996991157,True,9,0.9931850433349608,315,0.7497305536053991
FufWLL1IIrQ_clip0086_t00526,FufWLL1IIrQ,526.274,531.486,5.212,1.0,1.0,1.33,E:\FPTU\PRJ\VN-AV-DF-Capstone\data\clips\tier2\tier2_v3_clips_0_999-001\FufWLL1IIrQ_clip0086_t00526.mp4,tier2,1,1.0,0.0407095588743686,True,9,0.9943966269493104,315,0.7513120175681567
FufWLL1IIrQ_clip0087_t00532,FufWLL1IIrQ,532.322,538.59,6.268,1.0,1.0,1.45,E:\FPTU\PRJ\VN-AV-DF-Capstone\data\clips\tier2\tier2_v3_clips_0_999-001\FufWLL1IIrQ_clip0087_t00532.mp4,tier2,1,1.0,0.0451079905033111,True,9,0.7874424457550049,315,0.7269664341898002
FufWLL1IIrQ_clip0088_t00539,FufWLL1IIrQ,539.01,546.974,7.964,1.0,1.0,1.56,E:\FPTU\PRJ\VN-AV-DF-Capstone\data\clips\tier2\tier2_v3_clips_0_999-001\FufWLL1IIrQ_clip0088_t00539.mp4,tier2,1,1.0,0.0408354923129081,True,9,0.9921353459358216,315,0.7512615770446349
7637490771456707861_clip0003_t00047,7637490771456707861,47.714,51.55,3.836,1.0,1.0,12.35,E:\FPTU\PRJ\VN-AV-DF-Capstone\data\clips\tier3\tier3_v3_clips_0_1262-001\7637490771456707861_clip0003_t00047.mp4,tier3,1,1.0,0.2065492272377014,True,9,0.8277954459190369,316,0.969610961044536
7642717198158531860_clip0000_t00021,7642717198158531860,21.186,26.186,5.0,0.8,1.0,7.71,E:\FPTU\PRJ\VN-AV-DF-Capstone\data\clips\tier3\tier3_v3_clips_0_1262-001\7642717198158531860_clip0000_t00021.mp4,tier3,1,0.7777777777777778,0.0157372318208217,True,9,0.9030745625495912,317,0.5614927756991693
7642717198158531860_clip0001_t00033,7642717198158531860,33.186,38.186,5.0,1.0,1.0,8.21,E:\FPTU\PRJ\VN-AV-DF-Capstone\data\clips\tier3\tier3_v3_clips_0_1262-001\7642717198158531860_clip0001_t00033.mp4,tier3,1,1.0,0.0153160728514194,True,9,0.913494348526001,317,0.6667408721895329
aArTJcMMmTw_clip0054_t00669,aArTJcMMmTw,669.73,673.086,3.356,1.0,1.0,3.86,E:\FPTU\PRJ\VN-AV-DF-Capstone\data\clips\tier1\0-100\tier1_v3_clips_0_100\aArTJcMMmTw_clip0054_t00669.mp4,tier1,1,1.0,0.0151923261582851,True,9,0.8317543864250183,318,0.6519736172789063
aArTJcMMmTw_clip0055_t00673,aArTJcMMmTw,673.506,678.506,5.0,1.0,1.0,5.15,E:\FPTU\PRJ\VN-AV-DF-Capstone\data\clips\tier1\0-100\tier1_v3_clips_0_100\aArTJcMMmTw_clip0055_t00673.mp4,tier1,1,0.8888888888888888,0.0187033489346504,True,9,0.9933388829231262,318,0.6379201633919196
CHkaAtJLN3E_clip0000_t00012,CHkaAtJLN3E,12.162,23.486,11.324,1.0,1.0,5.69,E:\FPTU\PRJ\VN-AV-DF-Capstone\data\clips\tier1\100-300\tier1_v3_clips_100_300\CHkaAtJLN3E_clip0000_t00012.mp4,tier1,1,1.0,0.0276644919067621,True,9,0.88912433385849,319,0.6966231870094268
CHkaAtJLN3E_clip0002_t00063,CHkaAtJLN3E,63.298,70.462,7.164,1.0,1.0,6.19,E:\FPTU\PRJ\VN-AV-DF-Capstone\data\clips\tier1\100-300\tier1_v3_clips_100_300\CHkaAtJLN3E_clip0002_t00063.mp4,tier1,1,1.0,0.0272404011338949,True,9,0.8617540001869202,319,0.6906191596361324
CHkaAtJLN3E_clip0013_t00166,CHkaAtJLN3E,166.082,177.726,11.644,1.0,1.0,5.88,E:\FPTU\PRJ\VN-AV-DF-Capstone\data\clips\tier1\100-300\tier1_v3_clips_100_300\CHkaAtJLN3E_clip0013_t00166.mp4,tier1,1,1.0,0.0288878753781318,True,9,0.870377242565155,319,0.6967014480969455
CHkaAtJLN3E_clip0015_t00245,CHkaAtJLN3E,245.794,248.478,2.684,1.0,1.0,5.86,E:\FPTU\PRJ\VN-AV-DF-Capstone\data\clips\tier1\100-300\tier1_v3_clips_100_300\CHkaAtJLN3E_clip0015_t00245.mp4,tier1,1,1.0,0.029053121805191,True,9,0.8683319091796875,319,0.6967979422314389
CHkaAtJLN3E_clip0016_t00317,CHkaAtJLN3E,317.794,322.794,5.0,1.0,1.0,6.44,E:\FPTU\PRJ\VN-AV-DF-Capstone\data\clips\tier1\100-300\tier1_v3_clips_100_300\CHkaAtJLN3E_clip0016_t00317.mp4,tier1,1,1.0,0.0282548703253269,True,9,0.8276712894439697,319,0.6874128182254351
CHkaAtJLN3E_clip0029_t00508,CHkaAtJLN3E,508.674,513.674,5.0,1.0,1.0,6.44,E:\FPTU\PRJ\VN-AV-DF-Capstone\data\clips\tier1\100-300\tier1_v3_clips_100_300\CHkaAtJLN3E_clip0029_t00508.mp4,tier1,1,1.0,0.0293110907077789,True,9,0.8672351837158203,319,0.6973185122108361
CHkaAtJLN3E_clip0035_t00590,CHkaAtJLN3E,590.594,601.726,11.132,1.0,1.0,5.55,E:\FPTU\PRJ\VN-AV-DF-Capstone\data\clips\tier1\100-300\tier1_v3_clips_100_300\CHkaAtJLN3E_clip0035_t00590.mp4,tier1,1,1.0,0.0288898311555385,True,9,0.8826454877853394,319,0.6988718465324862
CHkaAtJLN3E_clip0036_t00601,CHkaAtJLN3E,601.858,608.254,6.396,1.0,1.0,5.63,E:\FPTU\PRJ\VN-AV-DF-Capstone\data\clips\tier1\100-300\tier1_v3_clips_100_300\CHkaAtJLN3E_clip0036_t00601.mp4,tier1,1,1.0,0.028723619878292,True,9,0.8565617799758911,319,0.6938087330526039
CHkaAtJLN3E_clip0039_t00617,CHkaAtJLN3E,617.922,622.462,4.54,1.0,1.0,6.39,E:\FPTU\PRJ\VN-AV-DF-Capstone\data\clips\tier1\100-300\tier1_v3_clips_100_300\CHkaAtJLN3E_clip0039_t00617.mp4,tier1,1,1.0,0.028930677101016,True,9,0.8741791844367981,319,0.6974908627864034
CHkaAtJLN3E_clip0049_t00780,CHkaAtJLN3E,780.194,785.194,5.0,1.0,1.0,5.51,E:\FPTU\PRJ\VN-AV-DF-Capstone\data\clips\tier1\100-300\tier1_v3_clips_100_300\CHkaAtJLN3E_clip0049_t00780.mp4,tier1,1,1.0,0.0281298980116844,True,9,0.8556137084960938,319,0.6919978848720616
CHkaAtJLN3E_clip0052_t00792,CHkaAtJLN3E,792.194,797.194,5.0,1.0,1.0,5.3,E:\FPTU\PRJ\VN-AV-DF-Capstone\data\clips\tier1\100-300\tier1_v3_clips_100_300\CHkaAtJLN3E_clip0052_t00792.mp4,tier1,1,1.0,0.028230495750904,True,9,0.8820393681526184,319,0.69693971133574
CHkaAtJLN3E_clip0069_t00960,CHkaAtJLN3E,960.866,963.902,3.036,1.0,1.0,5.43,E:\FPTU\PRJ\VN-AV-DF-Capstone\data\clips\tier1\100-300\tier1_v3_clips_100_300\CHkaAtJLN3E_clip0069_t00960.mp4,tier1,1,1.0,0.0289299190044403,True,9,0.8783676624298096,319,0.6982279073979621
CHkaAtJLN3E_clip0073_t01048,CHkaAtJLN3E,1048.386,1053.822,5.436,1.0,1.0,6.03,E:\FPTU\PRJ\VN-AV-DF-Capstone\data\clips\tier1\100-300\tier1_v3_clips_100_300\CHkaAtJLN3E_clip0073_t01048.mp4,tier1,1,1.0,0.0289183389395475,True,9,0.8449304103851318,319,0.6922951599137628
CHkaAtJLN3E_clip0079_t01111,CHkaAtJLN3E,1111.106,1117.118,6.012,1.0,1.0,5.64,E:\FPTU\PRJ\VN-AV-DF-Capstone\data\clips\tier1\100-300\tier1_v3_clips_100_300\CHkaAtJLN3E_clip0079_t01111.mp4,tier1,1,1.0,0.0283514633774757,True,9,0.9025094509124756,319,0.7008869415831702
CHkaAtJLN3E_clip0083_t01173,CHkaAtJLN3E,1173.538,1183.742,10.204,1.0,1.0,5.37,E:\FPTU\PRJ\VN-AV-DF-Capstone\data\clips\tier1\100-300\tier1_v3_clips_100_300\CHkaAtJLN3E_clip0083_t01173.mp4,tier1,1,1.0,0.0272740870714187,True,9,0.8646211624145508,319,0.691218378886037
usfv-YmWPBs_clip0000_t00022,usfv-YmWPBs,22.21,25.246,3.036,1.0,1.0,7.88,E:\FPTU\PRJ\VN-AV-DF-Capstone\data\clips\tier1\300-400\tier1_v3_clips_300_400\usfv-YmWPBs_clip0000_t00022.mp4,tier1,1,1.0,0.0279647633433341,True,9,0.8866496682167053,319,0.6970176929908074
usfv-YmWPBs_clip0001_t00047,usfv-YmWPBs,47.842,58.206,10.364,1.0,1.0,8.3,E:\FPTU\PRJ\VN-AV-DF-Capstone\data\clips\tier1\300-400\tier1_v3_clips_300_400\usfv-YmWPBs_clip0001_t00047.mp4,tier1,1,1.0,0.0282158050686121,True,9,0.8307374119758606,319,0.6878457581905922
usfv-YmWPBs_clip0004_t00066,usfv-YmWPBs,66.082,69.086,3.004,1.0,1.0,8.75,E:\FPTU\PRJ\VN-AV-DF-Capstone\data\clips\tier1\300-400\tier1_v3_clips_300_400\usfv-YmWPBs_clip0004_t00066.mp4,tier1,1,1.0,0.0282368436455726,True,9,0.8204822540283203,319,0.6860942634443559
usfv-YmWPBs_clip0008_t00125,usfv-YmWPBs,125.57,130.57,5.0,1.0,1.0,9.6,E:\FPTU\PRJ\VN-AV-DF-Capstone\data\clips\tier1\300-400\tier1_v3_clips_300_400\usfv-YmWPBs_clip0008_t00125.mp4,tier1,1,1.0,0.0284719299525022,True,9,0.8255496621131897,319,0.6876392780734942
usfv-YmWPBs_clip0009_t00183,usfv-YmWPBs,183.042,193.726,10.684,1.0,1.0,8.65,E:\FPTU\PRJ\VN-AV-DF-Capstone\data\clips\tier1\300-400\tier1_v3_clips_300_400\usfv-YmWPBs_clip0009_t00183.mp4,tier1,1,1.0,0.0283338166773319,True,9,0.8304697871208191,319,0.688125210125076
usfv-YmWPBs_clip0010_t00218,usfv-YmWPBs,218.562,227.07,8.508,1.0,1.0,9.1,E:\FPTU\PRJ\VN-AV-DF-Capstone\data\clips\tier1\300-400\tier1_v3_clips_300_400\usfv-YmWPBs_clip0010_t00218.mp4,tier1,1,1.0,0.0285759232938289,True,9,0.8314222693443298,319,0.6889634949946907
usfv-YmWPBs_clip0011_t00277,usfv-YmWPBs,277.954,283.486,5.532,1.0,1.0,8.76,E:\FPTU\PRJ\VN-AV-DF-Capstone\data\clips\tier1\300-400\tier1_v3_clips_300_400\usfv-YmWPBs_clip0011_t00277.mp4,tier1,1,1.0,0.0286781582981348,True,9,0.8372675776481628,319,0.6902780270278754
usfv-YmWPBs_clip0029_t00513,usfv-YmWPBs,513.442,518.442,5.0,1.0,1.0,8.89,E:\FPTU\PRJ\VN-AV-DF-Capstone\data\clips\tier1\300-400\tier1_v3_clips_300_400\usfv-YmWPBs_clip0029_t00513.mp4,tier1,1,1.0,0.028320487588644,True,9,0.8275241851806641,319,0.6875685004217152
usfv-YmWPBs_clip0036_t00585,usfv-YmWPBs,585.794,589.374,3.58,1.0,1.0,5.27,E:\FPTU\PRJ\VN-AV-DF-Capstone\data\clips\tier1\300-400\tier1_v3_clips_300_400\usfv-YmWPBs_clip0036_t00585.mp4,tier1,1,1.0,0.0282641854137182,True,9,0.8277671337127686,319,0.6874555179566769
usfv-YmWPBs_clip0044_t00686,usfv-YmWPBs,686.626,697.95,11.324,1.0,1.0,9.36,E:\FPTU\PRJ\VN-AV-DF-Capstone\data\clips\tier1\300-400\tier1_v3_clips_300_400\usfv-YmWPBs_clip0044_t00686.mp4,tier1,1,1.0,0.0276250801980495,True,9,0.8246400356292725,319,0.6851345054385722
usfv-YmWPBs_clip0045_t00762,usfv-YmWPBs,762.914,768.638,5.724,1.0,1.0,8.95,E:\FPTU\PRJ\VN-AV-DF-Capstone\data\clips\tier1\300-400\tier1_v3_clips_300_400\usfv-YmWPBs_clip0045_t00762.mp4,tier1,1,1.0,0.0287546589970588,True,9,0.8215056657791138,319,0.6877082824778253
usfv-YmWPBs_clip0047_t00812,usfv-YmWPBs,812.578,817.578,5.0,1.0,1.0,8.6,E:\FPTU\PRJ\VN-AV-DF-Capstone\data\clips\tier1\300-400\tier1_v3_clips_300_400\usfv-YmWPBs_clip0047_t00812.mp4,tier1,1,1.0,0.0286246705800294,True,9,0.8865936994552612,319,0.6988345720052387
usfv-YmWPBs_clip0053_t00838,usfv-YmWPBs,838.722,845.502,6.78,1.0,1.0,7.06,E:\FPTU\PRJ\VN-AV-DF-Capstone\data\clips\tier1\300-400\tier1_v3_clips_300_400\usfv-YmWPBs_clip0053_t00838.mp4,tier1,1,1.0,0.0284417364746332,True,9,0.8349217176437378,319,0.6892095886111298
usfv-YmWPBs_clip0067_t01039,usfv-YmWPBs,1039.522,1047.806,8.284,1.0,1.0,8.22,E:\FPTU\PRJ\VN-AV-DF-Capstone\data\clips\tier1\300-400\tier1_v3_clips_300_400\usfv-YmWPBs_clip0067_t01039.mp4,tier1,1,1.0,0.0281818732619285,True,9,0.84996098279953,319,0.6911442229815521
usfv-YmWPBs_clip0078_t01187,usfv-YmWPBs,1187.522,1191.614,4.092,1.0,1.0,3.47,E:\FPTU\PRJ\VN-AV-DF-Capstone\data\clips\tier1\300-400\tier1_v3_clips_300_400\usfv-YmWPBs_clip0078_t01187.mp4,tier1,1,1.0,0.028407160192728,True,9,0.8851602077484131,319,0.6979794904147433
UnodrLYWJYI_clip0089_t00947,UnodrLYWJYI,947.394,950.558,3.164,1.0,1.0,14.44,E:\FPTU\PRJ\VN-AV-DF-Capstone\data\clips\tier2\tier2_v3_clips_0_999-001\UnodrLYWJYI_clip0089_t00947.mp4,tier2,1,1.0,0.024237411096692,True,9,0.4108225405216217,320,0.6027301397524097
rGuraolgHIs_clip0019_t00222,rGuraolgHIs,222.946,225.022,2.076,1.0,1.0,6.26,E:\FPTU\PRJ\VN-AV-DF-Capstone\data\clips\tier2\tier2_v3_clips_0_999-001\rGuraolgHIs_clip0019_t00222.mp4,tier2,1,1.0,0.0100122177973389,True,9,0.5893564820289612,322,0.594857935498299
qh78i88JEiU_clip0005_t00079,qh78i88JEiU,79.138,84.138,5.0,1.0,1.0,-2.56,E:\FPTU\PRJ\VN-AV-DF-Capstone\data\clips\tier1\300-400\tier1_v3_clips_300_400\qh78i88JEiU_clip0005_t00079.mp4,tier1,1,1.0,0.0319659151136875,True,9,0.83185875415802,324,0.6984247003805923
qh78i88JEiU_clip0006_t00083,qh78i88JEiU,83.138,88.138,5.0,1.0,1.0,-2.6,E:\FPTU\PRJ\VN-AV-DF-Capstone\data\clips\tier1\300-400\tier1_v3_clips_300_400\qh78i88JEiU_clip0006_t00083.mp4,tier1,1,1.0,0.0317907854914665,True,9,0.8272078037261963,324,0.6971191504314083
UnodrLYWJYI_clip0028_t00276,UnodrLYWJYI,276.93,281.93,5.0,1.0,1.0,14.92,E:\FPTU\PRJ\VN-AV-DF-Capstone\data\clips\tier2\tier2_v3_clips_0_999-001\UnodrLYWJYI_clip0028_t00276.mp4,tier2,1,1.0,0.0134469801560044,True,9,0.3664697110652923,326,0.5650330884196346
7629319231498128648_clip0001_t00018,7629319231498128648,18.242,20.414,2.172,1.0,1.0,1.29,E:\FPTU\PRJ\VN-AV-DF-Capstone\data\clips\tier3\tier3_v3_clips_0_1262-001\7629319231498128648_clip0001_t00018.mp4,tier3,1,1.0,0.0222866237163543,True,9,0.8567469120025635,327,0.6760225043718078
7629319231498128648_clip0002_t00021,7629319231498128648,21.442,24.19,2.748,1.0,1.0,6.62,E:\FPTU\PRJ\VN-AV-DF-Capstone\data\clips\tier3\tier3_v3_clips_0_1262-001\7629319231498128648_clip0002_t00021.mp4,tier3,1,1.0,0.0225866269320249,True,9,0.8142902851104736,327,0.6693606276431862
7629319231498128648_clip0003_t00032,7629319231498128648,32.45,35.006,2.556,1.0,1.0,7.27,E:\FPTU\PRJ\VN-AV-DF-Capstone\data\clips\tier3\tier3_v3_clips_0_1262-001\7629319231498128648_clip0003_t00032.mp4,tier3,1,1.0,0.0230494923889637,True,9,0.846017599105835,327,0.6762408700153231
7629319231498128648_clip0004_t00035,7629319231498128648,35.234,38.846,3.612,1.0,1.0,6.26,E:\FPTU\PRJ\VN-AV-DF-Capstone\data\clips\tier3\tier3_v3_clips_0_1262-001\7629319231498128648_clip0004_t00035.mp4,tier3,1,1.0,0.0236422847956419,True,9,0.7854143977165222,327,0.6671871559341416
7624919664694398229_clip0001_t00056,7624919664694398229,56.866,59.038,2.172,1.0,1.0,7.6,E:\FPTU\PRJ\VN-AV-DF-Capstone\data\clips\tier3\tier3_v3_clips_0_1262-001\7624919664694398229_clip0001_t00056.mp4,tier3,1,1.0,0.26219442486763,True,9,0.4543873071670532,328,0.9037154071471272
I-uqcg6HtaQ_clip0012_t00142,I-uqcg6HtaQ,142.018,145.374,3.356,1.0,1.0,14.38,E:\FPTU\PRJ\VN-AV-DF-Capstone\data\clips\tier2\tier2_v3_clips_0_999-001\I-uqcg6HtaQ_clip0012_t00142.mp4,tier2,1,1.0,0.0245906580239534,True,9,0.995549499988556,329,0.7068951087343164
I-uqcg6HtaQ_clip0013_t00145,I-uqcg6HtaQ,145.73,150.782,5.052,1.0,1.0,14.47,E:\FPTU\PRJ\VN-AV-DF-Capstone\data\clips\tier2\tier2_v3_clips_0_999-001\I-uqcg6HtaQ_clip0013_t00145.mp4,tier2,1,1.0,0.0246816053986549,True,9,0.9958156943321228,329,0.7071938448178476
I-uqcg6HtaQ_clip0014_t00151,I-uqcg6HtaQ,151.266,155.934,4.668,1.0,1.0,14.54,E:\FPTU\PRJ\VN-AV-DF-Capstone\data\clips\tier2\tier2_v3_clips_0_999-001\I-uqcg6HtaQ_clip0014_t00151.mp4,tier2,1,1.0,0.0246920101344585,True,9,0.9948543906211852,329,0.7070530053862808
I-uqcg6HtaQ_clip0015_t00156,I-uqcg6HtaQ,156.258,160.062,3.804,1.0,1.0,14.59,E:\FPTU\PRJ\VN-AV-DF-Capstone\data\clips\tier2\tier2_v3_clips_0_999-001\I-uqcg6HtaQ_clip0015_t00156.mp4,tier2,1,1.0,0.0247727762907743,True,9,0.9966824650764464,329,0.7075991837132346
I-uqcg6HtaQ_clip0016_t00160,I-uqcg6HtaQ,160.386,165.386,5.0,1.0,1.0,12.06,E:\FPTU\PRJ\VN-AV-DF-Capstone\data\clips\tier2\tier2_v3_clips_0_999-001\I-uqcg6HtaQ_clip0016_t00160.mp4,tier2,1,1.0,0.0246503502130508,True,9,0.9961426854133606,329,0.707165028491102
I-uqcg6HtaQ_clip0017_t00164,I-uqcg6HtaQ,164.386,169.386,5.0,1.0,1.0,14.69,E:\FPTU\PRJ\VN-AV-DF-Capstone\data\clips\tier2\tier2_v3_clips_0_999-001\I-uqcg6HtaQ_clip0017_t00164.mp4,tier2,1,1.0,0.0246825721114873,True,9,0.99793541431427,329,0.7075705891053946
I-uqcg6HtaQ_clip0018_t00168,I-uqcg6HtaQ,168.386,173.386,5.0,1.0,1.0,13.22,E:\FPTU\PRJ\VN-AV-DF-Capstone\data\clips\tier2\tier2_v3_clips_0_999-001\I-uqcg6HtaQ_clip0018_t00168.mp4,tier2,1,1.0,0.0247478336095809,True,9,0.99688982963562,329,0.7075667311046232
I-uqcg6HtaQ_clip0019_t00176,I-uqcg6HtaQ,176.546,181.546,5.0,1.0,1.0,13.15,E:\FPTU\PRJ\VN-AV-DF-Capstone\data\clips\tier2\tier2_v3_clips_0_999-001\I-uqcg6HtaQ_clip0019_t00176.mp4,tier2,1,1.0,0.0246151089668273,True,9,0.9948115944862366,329,0.7068325752401133
I-uqcg6HtaQ_clip0020_t00180,I-uqcg6HtaQ,180.546,185.546,5.0,1.0,1.0,13.44,E:\FPTU\PRJ\VN-AV-DF-Capstone\data\clips\tier2\tier2_v3_clips_0_999-001\I-uqcg6HtaQ_clip0020_t00180.mp4,tier2,1,1.0,0.0246850028634071,True,9,0.9964256286621094,329,0.707310885153078
I-uqcg6HtaQ_clip0021_t00184,I-uqcg6HtaQ,184.546,189.546,5.0,1.0,1.0,13.79,E:\FPTU\PRJ\VN-AV-DF-Capstone\data\clips\tier2\tier2_v3_clips_0_999-001\I-uqcg6HtaQ_clip0021_t00184.mp4,tier2,1,1.0,0.0246470794081687,True,9,0.9976219534873962,329,0.7074170215530278
I-uqcg6HtaQ_clip0022_t00190,I-uqcg6HtaQ,190.626,195.626,5.0,1.0,1.0,14.58,E:\FPTU\PRJ\VN-AV-DF-Capstone\data\clips\tier2\tier2_v3_clips_0_999-001\I-uqcg6HtaQ_clip0022_t00190.mp4,tier2,1,1.0,0.0246560424566268,True,9,0.9963696599006652,329,0.7072208400865965
I-uqcg6HtaQ_clip0023_t00194,I-uqcg6HtaQ,194.626,199.626,5.0,1.0,1.0,13.92,E:\FPTU\PRJ\VN-AV-DF-Capstone\data\clips\tier2\tier2_v3_clips_0_999-001\I-uqcg6HtaQ_clip0023_t00194.mp4,tier2,1,1.0,0.0245714206248521,True,9,0.9968315958976746,329,0.7070681079666631
I-uqcg6HtaQ_clip0024_t00198,I-uqcg6HtaQ,198.626,203.626,5.0,1.0,1.0,12.98,E:\FPTU\PRJ\VN-AV-DF-Capstone\data\clips\tier2\tier2_v3_clips_0_999-001\I-uqcg6HtaQ_clip0024_t00198.mp4,tier2,1,1.0,0.0246947072446346,True,9,0.9969618320465088,329,0.7074323729572928
I-uqcg6HtaQ_clip0025_t00202,I-uqcg6HtaQ,202.626,206.686,4.06,1.0,1.0,10.91,E:\FPTU\PRJ\VN-AV-DF-Capstone\data\clips\tier2\tier2_v3_clips_0_999-001\I-uqcg6HtaQ_clip0025_t00202.mp4,tier2,1,1.0,0.0246735494583845,True,9,0.9959937334060668,329,0.7072029630162608
7641878768721677575_clip0003_t00012,7641878768721677575,12.002,16.19,4.188,0.75,1.0,14.41,E:\FPTU\PRJ\VN-AV-DF-Capstone\data\clips\tier3\tier3_v3_clips_0_1262-001\7641878768721677575_clip0003_t00012.mp4,tier3,1,0.7777777777777778,0.0104600107297301,True,9,0.6114096641540527,330,0.4954140909528132
Nw3N73GJ2Zo_clip0025_t00359,Nw3N73GJ2Zo,359.394,369.022,9.628,1.0,1.0,4.29,E:\FPTU\PRJ\VN-AV-DF-Capstone\data\clips\tier1\100-300\tier1_v3_clips_100_300\Nw3N73GJ2Zo_clip0025_t00359.mp4,tier1,1,1.0,0.0337413772940635,True,9,0.8856898546218872,331,0.7128391424799827
MpVfVbPdmis_clip0000_t00013,MpVfVbPdmis,13.122,15.582,2.46,1.0,1.0,5.56,E:\FPTU\PRJ\VN-AV-DF-Capstone\data\clips\tier1\100-300\tier1_v3_clips_100_300\MpVfVbPdmis_clip0000_t00013.mp4,tier1,1,1.0,0.0104404520243406,True,9,0.8869213461875916,332,0.6485548205183708
MpVfVbPdmis_clip0006_t00075,MpVfVbPdmis,75.426,77.662,2.236,1.0,1.0,4.96,E:\FPTU\PRJ\VN-AV-DF-Capstone\data\clips\tier1\100-300\tier1_v3_clips_100_300\MpVfVbPdmis_clip0006_t00075.mp4,tier1,1,1.0,0.0283525977283716,True,9,0.8968693614006042,332,0.6998947717805641
MpVfVbPdmis_clip0010_t00136,MpVfVbPdmis,136.578,143.358,6.78,1.0,1.0,5.11,E:\FPTU\PRJ\VN-AV-DF-Capstone\data\clips\tier1\100-300\tier1_v3_clips_100_300\MpVfVbPdmis_clip0010_t00136.mp4,tier1,1,1.0,0.0280673764646053,True,9,0.878605306148529,332,0.6958821534268006
MpVfVbPdmis_clip0023_t00315,MpVfVbPdmis,315.106,317.342,2.236,1.0,1.0,4.9,E:\FPTU\PRJ\VN-AV-DF-Capstone\data\clips\tier1\100-300\tier1_v3_clips_100_300\MpVfVbPdmis_clip0023_t00315.mp4,tier1,1,1.0,0.0284342691302299,True,9,0.905139684677124,332,0.7015803234481552
MpVfVbPdmis_clip0029_t00346,MpVfVbPdmis,346.466,348.798,2.332,1.0,1.0,4.68,E:\FPTU\PRJ\VN-AV-DF-Capstone\data\clips\tier1\100-300\tier1_v3_clips_100_300\MpVfVbPdmis_clip0029_t00346.mp4,tier1,1,1.0,0.0273416470736265,True,9,0.8601929545402527,332,0.6906239501014765
MpVfVbPdmis_clip0034_t00375,MpVfVbPdmis,375.49,377.886,2.396,1.0,1.0,4.82,E:\FPTU\PRJ\VN-AV-DF-Capstone\data\clips\tier1\100-300\tier1_v3_clips_100_300\MpVfVbPdmis_clip0034_t00375.mp4,tier1,1,1.0,0.0280594434589147,True,9,0.9112781882286072,332,0.7016259959927431
MpVfVbPdmis_clip0036_t00436,MpVfVbPdmis,436.674,439.326,2.652,1.0,1.0,5.62,E:\FPTU\PRJ\VN-AV-DF-Capstone\data\clips\tier1\100-300\tier1_v3_clips_100_300\MpVfVbPdmis_clip0036_t00436.mp4,tier1,1,1.0,0.0294794142246246,True,9,0.9228267669677734,332,0.7075947449313446
MpVfVbPdmis_clip0041_t00518,MpVfVbPdmis,518.882,527.422,8.54,1.0,1.0,5.23,E:\FPTU\PRJ\VN-AV-DF-Capstone\data\clips\tier1\100-300\tier1_v3_clips_100_300\MpVfVbPdmis_clip0041_t00518.mp4,tier1,1,1.0,0.0279287789016962,True,9,0.8934402465820312,332,0.6981164181830408
MpVfVbPdmis_clip0053_t00654,MpVfVbPdmis,654.818,657.694,2.876,1.0,1.0,5.72,E:\FPTU\PRJ\VN-AV-DF-Capstone\data\clips\tier1\100-300\tier1_v3_clips_100_300\MpVfVbPdmis_clip0053_t00654.mp4,tier1,1,1.0,0.0283663906157016,True,9,0.909906804561615,332,0.7022336785283988
MpVfVbPdmis_clip0061_t00744,MpVfVbPdmis,744.994,747.134,2.14,1.0,1.0,4.57,E:\FPTU\PRJ\VN-AV-DF-Capstone\data\clips\tier1\100-300\tier1_v3_clips_100_300\MpVfVbPdmis_clip0061_t00744.mp4,tier1,1,1.0,0.0304959286004304,True,9,0.8856848478317261,332,0.7038542046973565
MpVfVbPdmis_clip0078_t00849,MpVfVbPdmis,849.922,852.094,2.172,1.0,1.0,5.25,E:\FPTU\PRJ\VN-AV-DF-Capstone\data\clips\tier1\100-300\tier1_v3_clips_100_300\MpVfVbPdmis_clip0078_t00849.mp4,tier1,1,1.0,0.0281196609139442,True,9,0.906437337398529,332,0.7009384222168019
MpVfVbPdmis_clip0083_t00905,MpVfVbPdmis,905.378,907.806,2.428,1.0,1.0,5.6,E:\FPTU\PRJ\VN-AV-DF-Capstone\data\clips\tier1\100-300\tier1_v3_clips_100_300\MpVfVbPdmis_clip0083_t00905.mp4,tier1,1,1.0,0.0281606521457433,True,9,0.9192928671836852,332,0.7033205170878141
MpVfVbPdmis_clip0085_t00963,MpVfVbPdmis,963.522,967.486,3.964,1.0,1.0,5.41,E:\FPTU\PRJ\VN-AV-DF-Capstone\data\clips\tier1\100-300\tier1_v3_clips_100_300\MpVfVbPdmis_clip0085_t00963.mp4,tier1,1,1.0,0.029057078063488,True,9,0.8959458470344543,332,0.7016819418062294
MpVfVbPdmis_clip0090_t01064,MpVfVbPdmis,1064.482,1066.846,2.364,1.0,1.0,5.74,E:\FPTU\PRJ\VN-AV-DF-Capstone\data\clips\tier1\100-300\tier1_v3_clips_100_300\MpVfVbPdmis_clip0090_t01064.mp4,tier1,1,1.0,0.0273392405360937,True,9,0.913339614868164,332,0.6999961107327446
MpVfVbPdmis_clip0105_t01193,MpVfVbPdmis,1193.378,1197.278,3.9,1.0,1.0,4.98,E:\FPTU\PRJ\VN-AV-DF-Capstone\data\clips\tier1\100-300\tier1_v3_clips_100_300\MpVfVbPdmis_clip0105_t01193.mp4,tier1,1,1.0,0.0275522470474243,True,9,0.9230849146842957,332,0.7023055143557397
g6hBKVh_7Pk_clip0000_t00012,g6hBKVh_7Pk,12.354,14.75,2.396,1.0,1.0,6.84,E:\FPTU\PRJ\VN-AV-DF-Capstone\data\clips\tier1\100-300\tier1_v3_clips_100_300\g6hBKVh_7Pk_clip0000_t00012.mp4,tier1,1,1.0,0.0114591009914875,True,9,0.8981632590293884,332,0.6533585125524178
g6hBKVh_7Pk_clip0011_t00078,g6hBKVh_7Pk,78.914,81.118,2.204,1.0,1.0,6.0,E:\FPTU\PRJ\VN-AV-DF-Capstone\data\clips\tier1\100-300\tier1_v3_clips_100_300\g6hBKVh_7Pk_clip0011_t00078.mp4,tier1,1,1.0,0.0260542929172515,True,9,0.925850749015808,332,0.6986469646865827
g6hBKVh_7Pk_clip0018_t00165,g6hBKVh_7Pk,165.378,168.51,3.132,1.0,1.0,7.66,E:\FPTU\PRJ\VN-AV-DF-Capstone\data\clips\tier1\100-300\tier1_v3_clips_100_300\g6hBKVh_7Pk_clip0018_t00165.mp4,tier1,1,1.0,0.0263001713901758,True,9,0.9235161542892456,332,0.6989156184098753
g6hBKVh_7Pk_clip0035_t00272,g6hBKVh_7Pk,272.962,275.934,2.972,1.0,1.0,7.77,E:\FPTU\PRJ\VN-AV-DF-Capstone\data\clips\tier1\100-300\tier1_v3_clips_100_300\g6hBKVh_7Pk_clip0035_t00272.mp4,tier1,1,1.0,0.0254574548453092,True,9,0.9488162994384766,332,0.7010475411473656
g6hBKVh_7Pk_clip0042_t00302,g6hBKVh_7Pk,302.402,306.398,3.996,1.0,1.0,6.31,E:\FPTU\PRJ\VN-AV-DF-Capstone\data\clips\tier1\100-300\tier1_v3_clips_100_300\g6hBKVh_7Pk_clip0042_t00302.mp4,tier1,1,1.0,0.0253207460045814,True,9,0.923966944217682,332,0.6962839232683685
g6hBKVh_7Pk_clip0051_t00351,g6hBKVh_7Pk,351.394,355.07,3.676,1.0,1.0,6.13,E:\FPTU\PRJ\VN-AV-DF-Capstone\data\clips\tier1\100-300\tier1_v3_clips_100_300\g6hBKVh_7Pk_clip0051_t00351.mp4,tier1,1,1.0,0.0270176064223051,True,9,0.9185298085212708,332,0.7000216793930353
g6hBKVh_7Pk_clip0058_t00517,g6hBKVh_7Pk,517.666,520.606,2.94,1.0,1.0,6.77,E:\FPTU\PRJ\VN-AV-DF-Capstone\data\clips\tier1\100-300\tier1_v3_clips_100_300\g6hBKVh_7Pk_clip0058_t00517.mp4,tier1,1,1.0,0.0262487176805734,True,9,0.9183636903762816,332,0.6978639258633095
g6hBKVh_7Pk_clip0062_t00590,g6hBKVh_7Pk,590.434,594.878,4.444,1.0,1.0,6.33,E:\FPTU\PRJ\VN-AV-DF-Capstone\data\clips\tier1\100-300\tier1_v3_clips_100_300\g6hBKVh_7Pk_clip0062_t00590.mp4,tier1,1,1.0,0.0270271021872758,True,9,0.9226000905036926,332,0.7007662506345878
g6hBKVh_7Pk_clip0068_t00669,g6hBKVh_7Pk,669.314,673.694,4.38,1.0,1.0,6.46,E:\FPTU\PRJ\VN-AV-DF-Capstone\data\clips\tier1\100-300\tier1_v3_clips_100_300\g6hBKVh_7Pk_clip0068_t00669.mp4,tier1,1,1.0,0.0270974710583686,True,9,0.910146951675415,332,0.6987634330776114
g6hBKVh_7Pk_clip0074_t00748,g6hBKVh_7Pk,748.418,750.59,2.172,1.0,1.0,5.26,E:\FPTU\PRJ\VN-AV-DF-Capstone\data\clips\tier1\100-300\tier1_v3_clips_100_300\g6hBKVh_7Pk_clip0074_t00748.mp4,tier1,1,1.0,0.0273106135427951,True,9,0.9329959154129028,332,0.7033856243817023
g6hBKVh_7Pk_clip0093_t00911,g6hBKVh_7Pk,911.362,914.11,2.748,1.0,1.0,7.32,E:\FPTU\PRJ\VN-AV-DF-Capstone\data\clips\tier1\100-300\tier1_v3_clips_100_300\g6hBKVh_7Pk_clip0093_t00911.mp4,tier1,1,1.0,0.0269224569201469,True,9,0.9139012098312378,332,0.6989414749150487
g6hBKVh_7Pk_clip0101_t01010,g6hBKVh_7Pk,1010.018,1012.894,2.876,1.0,1.0,4.92,E:\FPTU\PRJ\VN-AV-DF-Capstone\data\clips\tier1\100-300\tier1_v3_clips_100_300\g6hBKVh_7Pk_clip0101_t01010.mp4,tier1,1,1.0,0.0269675832241773,True,9,0.9207327365875244,332,0.700271957138999
g6hBKVh_7Pk_clip0103_t01065,g6hBKVh_7Pk,1065.122,1068.094,2.972,1.0,1.0,7.47,E:\FPTU\PRJ\VN-AV-DF-Capstone\data\clips\tier1\100-300\tier1_v3_clips_100_300\g6hBKVh_7Pk_clip0103_t01065.mp4,tier1,1,1.0,0.0270398966968059,True,9,0.9004523158073425,332,0.69689323757955
g6hBKVh_7Pk_clip0105_t01116,g6hBKVh_7Pk,1116.162,1118.782,2.62,1.0,1.0,6.85,E:\FPTU\PRJ\VN-AV-DF-Capstone\data\clips\tier1\100-300\tier1_v3_clips_100_300\g6hBKVh_7Pk_clip0105_t01116.mp4,tier1,1,1.0,0.0272767711430788,True,9,0.9373814463615416,332,0.7040658590441105
g6hBKVh_7Pk_clip0113_t01189,g6hBKVh_7Pk,1189.442,1193.278,3.836,1.0,1.0,5.02,E:\FPTU\PRJ\VN-AV-DF-Capstone\data\clips\tier1\100-300\tier1_v3_clips_100_300\g6hBKVh_7Pk_clip0113_t01189.mp4,tier1,1,1.0,0.0117941852658987,True,9,0.9064472913742064,332,0.6557479812277183
aArTJcMMmTw_clip0043_t00587,aArTJcMMmTw,587.074,593.918,6.844,1.0,1.0,5.16,E:\FPTU\PRJ\VN-AV-DF-Capstone\data\clips\tier1\0-100\tier1_v3_clips_0_100\aArTJcMMmTw_clip0043_t00587.mp4,tier1,1,1.0,0.0120694190263748,True,9,0.4861801862716675,334,0.5823451003378717
aArTJcMMmTw_clip0044_t00594,aArTJcMMmTw,594.05,596.702,2.652,1.0,1.0,5.63,E:\FPTU\PRJ\VN-AV-DF-Capstone\data\clips\tier1\0-100\tier1_v3_clips_0_100\aArTJcMMmTw_clip0044_t00594.mp4,tier1,1,1.0,0.0194413848221302,True,9,0.7714276909828186,334,0.653089978175369
lq_tau31IE0_clip0047_t00787,lq_tau31IE0,787.362,789.534,2.172,1.0,1.0,4.65,E:\FPTU\PRJ\VN-AV-DF-Capstone\data\clips\tier1\100-300\tier1_v3_clips_100_300\lq_tau31IE0_clip0047_t00787.mp4,tier1,1,1.0,0.0255394857376813,True,9,0.9474923610687256,335,0.7010409829605458
lq_tau31IE0_clip0048_t00789,lq_tau31IE0,789.666,792.51,2.844,1.0,1.0,5.47,E:\FPTU\PRJ\VN-AV-DF-Capstone\data\clips\tier1\100-300\tier1_v3_clips_100_300\lq_tau31IE0_clip0048_t00789.mp4,tier1,1,1.0,0.0251114889979362,True,9,0.9570235013961792,335,0.7015381679092967
7634060089552358676_clip0010_t00066,7634060089552358676,66.21,68.286,2.076,1.0,1.0,8.05,E:\FPTU\PRJ\VN-AV-DF-Capstone\data\clips\tier3\tier3_v3_clips_0_1262-001\7634060089552358676_clip0010_t00066.mp4,tier3,1,1.0,0.0121316378936171,True,9,0.6325176954269409,336,0.6083416009882273
7634060096967806228_clip0028_t00248,7634060096967806228,248.322,250.366,2.044,1.0,1.0,7.28,E:\FPTU\PRJ\VN-AV-DF-Capstone\data\clips\tier3\tier3_v3_clips_0_1262-001\7634060096967806228_clip0028_t00248.mp4,tier3,1,1.0,0.0120966900140047,True,9,0.637671172618866,336,0.6091542953853974
7634060096967806228_clip0036_t00324,7634060096967806228,324.994,327.518,2.524,1.0,1.0,3.66,E:\FPTU\PRJ\VN-AV-DF-Capstone\data\clips\tier3\tier3_v3_clips_0_1262-001\7634060096967806228_clip0036_t00324.mp4,tier3,1,1.0,0.0336629301309585,True,9,0.8978039622306824,336,0.7147597686624189
0rNleOYzisw_clip0017_t00181,0rNleOYzisw,181.954,184.67,2.716,1.0,1.0,8.6,E:\FPTU\PRJ\VN-AV-DF-Capstone\data\clips\tier2\tier2_v3_clips_0_999-001\0rNleOYzisw_clip0017_t00181.mp4,tier2,1,1.0,0.0345186069607734,True,9,0.3793482780456543,339,0.6256362745331918
7641198602236267797_clip0001_t00017,7641198602236267797,17.282,19.326,2.044,1.0,1.0,25.15,E:\FPTU\PRJ\VN-AV-DF-Capstone\data\clips\tier3\tier3_v3_clips_0_1262-001\7641198602236267797_clip0001_t00017.mp4,tier3,1,1.0,0.4199350774288177,True,9,0.6314295530319214,341,0.934958156417398
7641198602236267797_clip0002_t00027,7641198602236267797,27.394,30.11,2.716,1.0,1.0,27.54,E:\FPTU\PRJ\VN-AV-DF-Capstone\data\clips\tier3\tier3_v3_clips_0_1262-001\7641198602236267797_clip0002_t00027.mp4,tier3,1,1.0,0.254151850938797,True,9,0.7123739123344421,341,0.9492424551178428
_adzgpYkn_c_clip0056_t00551,_adzgpYkn_c,551.778,556.542,4.764,1.0,1.0,3.52,E:\FPTU\PRJ\VN-AV-DF-Capstone\data\clips\tier1\440-9999\tier1_v3_clips_440_9999\_adzgpYkn_c_clip0056_t00551.mp4,tier1,1,1.0,0.0100795738399028,True,9,0.787032425403595,343,0.6299283805681478
9fvi4IXr6rQ_clip0074_t00649,9fvi4IXr6rQ,649.57,654.302,4.732,1.0,1.0,3.99,E:\FPTU\PRJ\VN-AV-DF-Capstone\data\clips\tier1\0-100\tier1_v3_clips_0_100\9fvi4IXr6rQ_clip0074_t00649.mp4,tier1,1,1.0,0.0156626533716917,True,9,0.4470355212688446,344,0.5853840130893454
sDVTmdupGlg_clip0000_t00002,sDVTmdupGlg,2.178,4.254,2.076,1.0,1.0,8.49,E:\FPTU\PRJ\VN-AV-DF-Capstone\data\clips\tier1\300-400\tier1_v3_clips_300_400\sDVTmdupGlg_clip0000_t00002.mp4,tier1,1,1.0,0.0112586580216884,True,9,0.5493304133415222,346,0.5912449086540668
sDVTmdupGlg_clip0014_t00128,sDVTmdupGlg,128.162,130.238,2.076,1.0,1.0,9.05,E:\FPTU\PRJ\VN-AV-DF-Capstone\data\clips\tier1\300-400\tier1_v3_clips_300_400\sDVTmdupGlg_clip0014_t00128.mp4,tier1,1,1.0,0.0512330494821071,True,9,0.8920098543167114,346,0.7623749005134925
sDVTmdupGlg_clip0024_t00197,sDVTmdupGlg,197.954,202.27,4.316,1.0,1.0,12.53,E:\FPTU\PRJ\VN-AV-DF-Capstone\data\clips\tier1\300-400\tier1_v3_clips_300_400\sDVTmdupGlg_clip0024_t00197.mp4,tier1,1,1.0,0.0517567880451679,True,9,0.9069058895111084,346,0.7664534262064653
sDVTmdupGlg_clip0028_t00235,sDVTmdupGlg,235.746,237.79,2.044,1.0,1.0,9.32,E:\FPTU\PRJ\VN-AV-DF-Capstone\data\clips\tier1\300-400\tier1_v3_clips_300_400\sDVTmdupGlg_clip0028_t00235.mp4,tier1,1,1.0,0.0513087809085845,True,9,0.9293925166130066,346,0.7691814807271798
sDVTmdupGlg_clip0029_t00243,sDVTmdupGlg,243.746,245.918,2.172,1.0,1.0,11.01,E:\FPTU\PRJ\VN-AV-DF-Capstone\data\clips\tier1\300-400\tier1_v3_clips_300_400\sDVTmdupGlg_clip0029_t00243.mp4,tier1,1,1.0,0.0376841276884079,True,9,0.5630769729614258,346,0.6668217829588579
sDVTmdupGlg_clip0030_t00246,sDVTmdupGlg,246.082,248.51,2.428,1.0,1.0,11.26,E:\FPTU\PRJ\VN-AV-DF-Capstone\data\clips\tier1\300-400\tier1_v3_clips_300_400\sDVTmdupGlg_clip0030_t00246.mp4,tier1,1,1.0,0.0522135645151138,True,9,0.907652735710144,346,0.7678496716630618
sDVTmdupGlg_clip0031_t00257,sDVTmdupGlg,257.794,260.254,2.46,1.0,1.0,9.62,E:\FPTU\PRJ\VN-AV-DF-Capstone\data\clips\tier1\300-400\tier1_v3_clips_300_400\sDVTmdupGlg_clip0031_t00257.mp4,tier1,1,1.0,0.0528060905635356,True,9,0.903161346912384,346,0.7686973048236757
sDVTmdupGlg_clip0039_t00327,sDVTmdupGlg,327.714,331.678,3.964,1.0,1.0,11.55,E:\FPTU\PRJ\VN-AV-DF-Capstone\data\clips\tier1\300-400\tier1_v3_clips_300_400\sDVTmdupGlg_clip0039_t00327.mp4,tier1,1,1.0,0.024943072348833,True,9,0.4270441234111786,346,0.6075461841917975
sDVTmdupGlg_clip0058_t00487,sDVTmdupGlg,487.874,492.874,5.0,1.0,1.0,10.11,E:\FPTU\PRJ\VN-AV-DF-Capstone\data\clips\tier1\300-400\tier1_v3_clips_300_400\sDVTmdupGlg_clip0058_t00487.mp4,tier1,1,1.0,0.019880037754774,True,9,0.5310477018356323,346,0.6118842595655096
sDVTmdupGlg_clip0059_t00491,sDVTmdupGlg,491.874,496.874,5.0,1.0,1.0,9.13,E:\FPTU\PRJ\VN-AV-DF-Capstone\data\clips\tier1\300-400\tier1_v3_clips_300_400\sDVTmdupGlg_clip0059_t00491.mp4,tier1,1,1.0,0.0520666688680648,True,9,0.9116719365119934,346,0.7681523057197147
sDVTmdupGlg_clip0062_t00521,sDVTmdupGlg,521.506,526.506,5.0,1.0,1.0,9.83,E:\FPTU\PRJ\VN-AV-DF-Capstone\data\clips\tier1\300-400\tier1_v3_clips_300_400\sDVTmdupGlg_clip0062_t00521.mp4,tier1,1,1.0,0.0107208527624607,True,9,0.3935698270797729,346,0.5622689933307221
0-fu0N-npmg_clip0035_t00411,0-fu0N-npmg,411.746,414.238,2.492,1.0,1.0,2.58,E:\FPTU\PRJ\VN-AV-DF-Capstone\data\clips\tier1\0-100\tier1_v3_clips_0_100\0-fu0N-npmg_clip0035_t00411.mp4,tier1,1,1.0,0.0676639229059219,True,9,0.9058106541633606,348,0.8102942955790079
0-fu0N-npmg_clip0036_t00423,0-fu0N-npmg,423.042,425.694,2.652,1.0,1.0,0.57,E:\FPTU\PRJ\VN-AV-DF-Capstone\data\clips\tier1\0-100\tier1_v3_clips_0_100\0-fu0N-npmg_clip0036_t00423.mp4,tier1,1,1.0,0.0667507350444793,True,9,0.9407958984375,348,0.813940274689076
0-fu0N-npmg_clip0037_t00427,0-fu0N-npmg,427.778,430.27,2.492,1.0,1.0,-0.19,E:\FPTU\PRJ\VN-AV-DF-Capstone\data\clips\tier1\0-100\tier1_v3_clips_0_100\0-fu0N-npmg_clip0037_t00427.mp4,tier1,1,1.0,0.0668811872601509,True,9,0.9506470561027528,348,0.8160398322274093
cVabKjWav-Y_clip0040_t00536,cVabKjWav-Y,536.738,541.598,4.86,1.0,1.0,18.72,E:\FPTU\PRJ\VN-AV-DF-Capstone\data\clips\tier2\tier2_v3_clips_0_999-001\cVabKjWav-Y_clip0040_t00536.mp4,tier2,1,1.0,0.0405688099563121,True,9,0.9798552393913268,349,0.7483562690601342
cVabKjWav-Y_clip0041_t00541,cVabKjWav-Y,541.89,544.158,2.268,1.0,1.0,17.15,E:\FPTU\PRJ\VN-AV-DF-Capstone\data\clips\tier2\tier2_v3_clips_0_999-001\cVabKjWav-Y_clip0041_t00541.mp4,tier2,1,1.0,0.0596545338630676,True,9,0.9948163628578186,349,0.8038295868073382
Nw3N73GJ2Zo_clip0018_t00317,Nw3N73GJ2Zo,317.506,321.758,4.252,1.0,1.0,1.54,E:\FPTU\PRJ\VN-AV-DF-Capstone\data\clips\tier1\100-300\tier1_v3_clips_100_300\Nw3N73GJ2Zo_clip0018_t00317.mp4,tier1,1,1.0,0.0112240761518478,True,9,0.9837672114372252,350,0.6678144963993335
Nw3N73GJ2Zo_clip0019_t00321,Nw3N73GJ2Zo,321.922,324.126,2.204,1.0,1.0,5.29,E:\FPTU\PRJ\VN-AV-DF-Capstone\data\clips\tier1\100-300\tier1_v3_clips_100_300\Nw3N73GJ2Zo_clip0019_t00321.mp4,tier1,1,1.0,0.0126947900280356,True,9,0.9884737730026244,350,0.6727162976703605
Nw3N73GJ2Zo_clip0020_t00324,Nw3N73GJ2Zo,324.354,330.686,6.332,1.0,1.0,4.15,E:\FPTU\PRJ\VN-AV-DF-Capstone\data\clips\tier1\100-300\tier1_v3_clips_100_300\Nw3N73GJ2Zo_clip0020_t00324.mp4,tier1,1,1.0,0.0154397701844573,True,9,0.5850727558135986,350,0.6091265396120717
BG6GHJfaEls_clip0000_t00002,BG6GHJfaEls,2.05,6.494,4.444,1.0,1.0,20.62,E:\FPTU\PRJ\VN-AV-DF-Capstone\data\clips\tier1\100-300\tier1_v3_clips_100_300\BG6GHJfaEls_clip0000_t00002.mp4,tier1,1,1.0,0.0213129743933677,True,9,0.6270164847373962,351,0.6327865837335606
BG6GHJfaEls_clip0003_t00016,BG6GHJfaEls,16.802,19.966,3.164,1.0,1.0,16.17,E:\FPTU\PRJ\VN-AV-DF-Capstone\data\clips\tier1\100-300\tier1_v3_clips_100_300\BG6GHJfaEls_clip0003_t00016.mp4,tier1,1,1.0,0.0211508367210626,True,9,0.4834972620010376,351,0.6070108324119741
BG6GHJfaEls_clip0005_t00030,BG6GHJfaEls,30.498,33.054,2.556,1.0,1.0,16.06,E:\FPTU\PRJ\VN-AV-DF-Capstone\data\clips\tier1\100-300\tier1_v3_clips_100_300\BG6GHJfaEls_clip0005_t00030.mp4,tier1,1,1.0,0.0215972792357206,True,9,0.7952963709831238,351,0.6632700471887324
BG6GHJfaEls_clip0008_t00039,BG6GHJfaEls,39.714,42.558,2.844,1.0,1.0,16.69,E:\FPTU\PRJ\VN-AV-DF-Capstone\data\clips\tier1\100-300\tier1_v3_clips_100_300\BG6GHJfaEls_clip0008_t00039.mp4,tier1,1,1.0,0.0222148634493351,True,9,0.9655063152313232,351,0.6950166933947239
BG6GHJfaEls_clip0010_t00051,BG6GHJfaEls,51.394,54.462,3.068,1.0,1.0,16.27,E:\FPTU\PRJ\VN-AV-DF-Capstone\data\clips\tier1\100-300\tier1_v3_clips_100_300\BG6GHJfaEls_clip0010_t00051.mp4,tier1,1,1.0,0.0221181511878967,True,9,0.9906449913978576,351,0.6991852113890774
BG6GHJfaEls_clip0012_t00059,BG6GHJfaEls,59.394,62.174,2.78,1.0,1.0,15.87,E:\FPTU\PRJ\VN-AV-DF-Capstone\data\clips\tier1\100-300\tier1_v3_clips_100_300\BG6GHJfaEls_clip0012_t00059.mp4,tier1,1,1.0,0.0223701521754264,True,9,0.9782840013504028,351,0.6977014495831001
BG6GHJfaEls_clip0014_t00067,BG6GHJfaEls,67.106,70.718,3.612,1.0,1.0,15.33,E:\FPTU\PRJ\VN-AV-DF-Capstone\data\clips\tier1\100-300\tier1_v3_clips_100_300\BG6GHJfaEls_clip0014_t00067.mp4,tier1,1,1.0,0.0222173668444156,True,9,0.99743914604187,351,0.7006588287325767
BG6GHJfaEls_clip0016_t00079,BG6GHJfaEls,79.106,81.278,2.172,1.0,1.0,16.89,E:\FPTU\PRJ\VN-AV-DF-Capstone\data\clips\tier1\100-300\tier1_v3_clips_100_300\BG6GHJfaEls_clip0016_t00079.mp4,tier1,1,1.0,0.0219854116439819,True,9,0.9969655275344848,351,0.6999331503844546
BG6GHJfaEls_clip0019_t00089,BG6GHJfaEls,89.538,92.702,3.164,1.0,1.0,12.76,E:\FPTU\PRJ\VN-AV-DF-Capstone\data\clips\tier1\100-300\tier1_v3_clips_100_300\BG6GHJfaEls_clip0019_t00089.mp4,tier1,1,1.0,0.0221511889249086,True,9,0.9905763268470764,351,0.699264549211151
BG6GHJfaEls_clip0021_t00102,BG6GHJfaEls,102.978,105.118,2.14,1.0,1.0,15.53,E:\FPTU\PRJ\VN-AV-DF-Capstone\data\clips\tier1\100-300\tier1_v3_clips_100_300\BG6GHJfaEls_clip0021_t00102.mp4,tier1,1,1.0,0.0224801376461982,True,9,0.997005581855774,351,0.7013097197947799
BG6GHJfaEls_clip0024_t00115,BG6GHJfaEls,115.202,117.694,2.492,1.0,1.0,12.08,E:\FPTU\PRJ\VN-AV-DF-Capstone\data\clips\tier1\100-300\tier1_v3_clips_100_300\BG6GHJfaEls_clip0024_t00115.mp4,tier1,1,1.0,0.0220785047858953,True,9,0.9978275299072266,351,0.7003429689762536
BG6GHJfaEls_clip0026_t00126,BG6GHJfaEls,126.658,130.142,3.484,1.0,1.0,17.08,E:\FPTU\PRJ\VN-AV-DF-Capstone\data\clips\tier1\100-300\tier1_v3_clips_100_300\BG6GHJfaEls_clip0026_t00126.mp4,tier1,1,1.0,0.0221594963222742,True,9,0.974948227405548,351,0.6965296458551751
BG6GHJfaEls_clip0027_t00137,BG6GHJfaEls,137.346,139.902,2.556,1.0,1.0,16.04,E:\FPTU\PRJ\VN-AV-DF-Capstone\data\clips\tier1\100-300\tier1_v3_clips_100_300\BG6GHJfaEls_clip0027_t00137.mp4,tier1,1,1.0,0.0220120232552289,True,9,0.9825415015220642,351,0.6974614003174676
BG6GHJfaEls_clip0030_t00151,BG6GHJfaEls,151.778,156.286,4.508,1.0,1.0,14.84,E:\FPTU\PRJ\VN-AV-DF-Capstone\data\clips\tier1\100-300\tier1_v3_clips_100_300\BG6GHJfaEls_clip0030_t00151.mp4,tier1,1,1.0,0.0218957271426916,True,9,0.9467987418174744,351,0.6908319234753681
BG6GHJfaEls_clip0035_t00178,BG6GHJfaEls,178.21,180.51,2.3,1.0,1.0,12.35,E:\FPTU\PRJ\VN-AV-DF-Capstone\data\clips\tier1\100-300\tier1_v3_clips_100_300\BG6GHJfaEls_clip0035_t00178.mp4,tier1,1,1.0,0.0217943657189607,True,9,0.9775766730308532,351,0.6959827343094656
BG6GHJfaEls_clip0037_t00188,BG6GHJfaEls,188.45,191.326,2.876,1.0,1.0,16.59,E:\FPTU\PRJ\VN-AV-DF-Capstone\data\clips\tier1\100-300\tier1_v3_clips_100_300\BG6GHJfaEls_clip0037_t00188.mp4,tier1,1,1.0,0.0220131129026412,True,9,0.9762027263641356,351,0.6963458092996836
BG6GHJfaEls_clip0040_t00202,BG6GHJfaEls,202.21,204.638,2.428,1.0,1.0,13.96,E:\FPTU\PRJ\VN-AV-DF-Capstone\data\clips\tier1\100-300\tier1_v3_clips_100_300\BG6GHJfaEls_clip0040_t00202.mp4,tier1,1,1.0,0.0246612597256898,True,9,0.9904662370681764,351,0.7061935020360419
BG6GHJfaEls_clip0043_t00219,BG6GHJfaEls,219.33,223.646,4.316,1.0,1.0,15.06,E:\FPTU\PRJ\VN-AV-DF-Capstone\data\clips\tier1\100-300\tier1_v3_clips_100_300\BG6GHJfaEls_clip0043_t00219.mp4,tier1,1,1.0,0.0228348448872566,True,9,0.9551481604576112,351,0.6949050169484489
BG6GHJfaEls_clip0045_t00227,BG6GHJfaEls,227.874,229.982,2.108,1.0,1.0,14.34,E:\FPTU\PRJ\VN-AV-DF-Capstone\data\clips\tier1\100-300\tier1_v3_clips_100_300\BG6GHJfaEls_clip0045_t00227.mp4,tier1,1,1.0,0.0219457056373357,True,9,0.9971820116043092,351,0.6998614392493695
BG6GHJfaEls_clip0047_t00236,BG6GHJfaEls,236.29,238.974,2.684,1.0,1.0,14.85,E:\FPTU\PRJ\VN-AV-DF-Capstone\data\clips\tier1\100-300\tier1_v3_clips_100_300\BG6GHJfaEls_clip0047_t00236.mp4,tier1,1,1.0,0.0223319996148347,True,9,0.9973173141479492,351,0.7009546555331985
BG6GHJfaEls_clip0049_t00247,BG6GHJfaEls,247.298,249.406,2.108,1.0,1.0,13.64,E:\FPTU\PRJ\VN-AV-DF-Capstone\data\clips\tier1\100-300\tier1_v3_clips_100_300\BG6GHJfaEls_clip0049_t00247.mp4,tier1,1,1.0,0.0217842124402523,True,9,0.997039794921875,351,0.6993892965624701
BG6GHJfaEls_clip0051_t00257,BG6GHJfaEls,257.122,260.99,3.868,1.0,1.0,14.07,E:\FPTU\PRJ\VN-AV-DF-Capstone\data\clips\tier1\100-300\tier1_v3_clips_100_300\BG6GHJfaEls_clip0051_t00257.mp4,tier1,1,1.0,0.0215849373489618,True,9,0.974001169204712,351,0.6947720232284317
BG6GHJfaEls_clip0053_t00272,BG6GHJfaEls,272.898,275.966,3.068,1.0,1.0,15.12,E:\FPTU\PRJ\VN-AV-DF-Capstone\data\clips\tier1\100-300\tier1_v3_clips_100_300\BG6GHJfaEls_clip0053_t00272.mp4,tier1,1,1.0,0.0224058628082275,True,9,0.9975242614746094,351,0.7011956438134841
BG6GHJfaEls_clip0056_t00282,BG6GHJfaEls,282.658,285.566,2.908,1.0,1.0,15.78,E:\FPTU\PRJ\VN-AV-DF-Capstone\data\clips\tier1\100-300\tier1_v3_clips_100_300\BG6GHJfaEls_clip0056_t00282.mp4,tier1,1,1.0,0.0222435668110847,True,9,0.9979736804962158,351,0.7008256851153921
BG6GHJfaEls_clip0058_t00291,BG6GHJfaEls,291.49,294.206,2.716,1.0,1.0,18.37,E:\FPTU\PRJ\VN-AV-DF-Capstone\data\clips\tier1\100-300\tier1_v3_clips_100_300\BG6GHJfaEls_clip0058_t00291.mp4,tier1,1,1.0,0.022450178861618,True,9,0.9895352125167848,351,0.6999084873865697
BG6GHJfaEls_clip0060_t00299,BG6GHJfaEls,299.682,303.038,3.356,1.0,1.0,14.57,E:\FPTU\PRJ\VN-AV-DF-Capstone\data\clips\tier1\100-300\tier1_v3_clips_100_300\BG6GHJfaEls_clip0060_t00299.mp4,tier1,1,1.0,0.0221951100975275,True,9,0.9841740727424622,351,0.6982563222960553
BG6GHJfaEls_clip0061_t00307,BG6GHJfaEls,307.266,309.534,2.268,1.0,1.0,16.49,E:\FPTU\PRJ\VN-AV-DF-Capstone\data\clips\tier1\100-300\tier1_v3_clips_100_300\BG6GHJfaEls_clip0061_t00307.mp4,tier1,1,1.0,0.0228319466114044,True,9,0.9988985061645508,351,0.702617643180816
BG6GHJfaEls_clip0064_t00317,BG6GHJfaEls,317.986,320.094,2.108,1.0,1.0,13.8,E:\FPTU\PRJ\VN-AV-DF-Capstone\data\clips\tier1\100-300\tier1_v3_clips_100_300\BG6GHJfaEls_clip0064_t00317.mp4,tier1,1,1.0,0.0210607703775167,True,9,0.9974140524864196,351,0.6974527089930888
BG6GHJfaEls_clip0066_t00327,BG6GHJfaEls,327.33,329.374,2.044,1.0,1.0,16.32,E:\FPTU\PRJ\VN-AV-DF-Capstone\data\clips\tier1\100-300\tier1_v3_clips_100_300\BG6GHJfaEls_clip0066_t00327.mp4,tier1,1,1.0,0.0214376933872699,True,9,0.9892075657844543,351,0.6970479040997792
BG6GHJfaEls_clip0069_t00342,BG6GHJfaEls,342.274,344.638,2.364,1.0,1.0,12.69,E:\FPTU\PRJ\VN-AV-DF-Capstone\data\clips\tier1\100-300\tier1_v3_clips_100_300\BG6GHJfaEls_clip0069_t00342.mp4,tier1,1,1.0,0.0213052108883857,True,9,0.9845494031906128,351,0.6958591372244365
7628198311454903572_clip0000_t00008,7628198311454903572,8.77,11.678,2.908,1.0,1.0,24.84,E:\FPTU\PRJ\VN-AV-DF-Capstone\data\clips\tier3\tier3_v3_clips_0_1262-001\7628198311454903572_clip0000_t00008.mp4,tier3,1,1.0,0.2382379621267318,True,9,0.860758900642395,353,0.9754280412898345
7628198311454903572_clip0001_t00029,7628198311454903572,29.89,32.926,3.036,1.0,1.0,31.99,E:\FPTU\PRJ\VN-AV-DF-Capstone\data\clips\tier3\tier3_v3_clips_0_1262-001\7628198311454903572_clip0001_t00029.mp4,tier3,1,1.0,0.0757070481777191,True,9,0.9362952709197998,353,0.8379389210332081
7628198311454903572_clip0002_t00034,7628198311454903572,34.626,37.598,2.972,1.0,1.0,31.48,E:\FPTU\PRJ\VN-AV-DF-Capstone\data\clips\tier3\tier3_v3_clips_0_1262-001\7628198311454903572_clip0002_t00034.mp4,tier3,1,1.0,0.0836767479777336,True,9,0.8063095808029175,353,0.8370620005767457
7628198311454903572_clip0003_t00037,7628198311454903572,37.986,42.59,4.604,1.0,1.0,30.68,E:\FPTU\PRJ\VN-AV-DF-Capstone\data\clips\tier3\tier3_v3_clips_0_1262-001\7628198311454903572_clip0003_t00037.mp4,tier3,1,1.0,0.0904780700802803,True,9,0.8526303768157959,353,0.8640636851583798
7628198311454903572_clip0004_t00045,7628198311454903572,45.282,48.222,2.94,1.0,1.0,29.33,E:\FPTU\PRJ\VN-AV-DF-Capstone\data\clips\tier3\tier3_v3_clips_0_1262-001\7628198311454903572_clip0004_t00045.mp4,tier3,1,1.0,0.1394876837730407,True,9,0.6894028186798096,353,0.9451887327082018
_adzgpYkn_c_clip0035_t00374,_adzgpYkn_c,374.498,385.598,11.1,1.0,1.0,4.07,E:\FPTU\PRJ\VN-AV-DF-Capstone\data\clips\tier1\440-9999\tier1_v3_clips_440_9999\_adzgpYkn_c_clip0035_t00374.mp4,tier1,1,0.8888888888888888,0.0219586864113807,True,9,0.3863997161388397,354,0.5398246799768697
g6hBKVh_7Pk_clip0002_t00030,g6hBKVh_7Pk,30.402,32.862,2.46,1.0,1.0,7.81,E:\FPTU\PRJ\VN-AV-DF-Capstone\data\clips\tier1\100-300\tier1_v3_clips_100_300\g6hBKVh_7Pk_clip0002_t00030.mp4,tier1,1,1.0,0.0323382243514061,True,9,0.7418267726898193,357,0.6835673304450063
g6hBKVh_7Pk_clip0027_t00202,g6hBKVh_7Pk,202.466,210.558,8.092,1.0,1.0,6.81,E:\FPTU\PRJ\VN-AV-DF-Capstone\data\clips\tier1\100-300\tier1_v3_clips_100_300\g6hBKVh_7Pk_clip0027_t00202.mp4,tier1,1,1.0,0.0135280210524797,True,9,0.4212490618228912,357,0.5749243701594484
7483123814390304008_clip0006_t00103,7483123814390304008,103.65,106.494,2.844,1.0,1.0,1.75,E:\FPTU\PRJ\VN-AV-DF-Capstone\data\clips\tier3\tier3_v3_clips_0_1262-001\7483123814390304008_clip0006_t00103.mp4,tier3,1,1.0,0.0199931338429451,True,9,0.3550695180892944,359,0.5811423586645285
Nw3N73GJ2Zo_clip0028_t00384,Nw3N73GJ2Zo,384.962,389.962,5.0,1.0,1.0,3.26,E:\FPTU\PRJ\VN-AV-DF-Capstone\data\clips\tier1\100-300\tier1_v3_clips_100_300\Nw3N73GJ2Zo_clip0028_t00384.mp4,tier1,1,1.0,0.0140424920246005,True,9,0.4647039771080017,360,0.5840170436671136
Nw3N73GJ2Zo_clip0029_t00388,Nw3N73GJ2Zo,388.962,393.962,5.0,1.0,1.0,4.16,E:\FPTU\PRJ\VN-AV-DF-Capstone\data\clips\tier1\100-300\tier1_v3_clips_100_300\Nw3N73GJ2Zo_clip0029_t00388.mp4,tier1,1,1.0,0.0157997645437717,True,9,0.9523303508758544,360,0.6749332401823033
gHsxuixSqz0_clip0030_t00297,gHsxuixSqz0,297.154,302.154,5.0,1.0,1.0,6.93,E:\FPTU\PRJ\VN-AV-DF-Capstone\data\clips\tier1\100-300\tier1_v3_clips_100_300\gHsxuixSqz0_clip0030_t00297.mp4,tier1,1,1.0,0.0122614931315183,True,9,0.7585932612419128,361,0.6309496956455956
gHsxuixSqz0_clip0031_t00301,gHsxuixSqz0,301.154,305.662,4.508,1.0,1.0,7.88,E:\FPTU\PRJ\VN-AV-DF-Capstone\data\clips\tier1\100-300\tier1_v3_clips_100_300\gHsxuixSqz0_clip0031_t00301.mp4,tier1,1,1.0,0.0125751690939068,True,9,0.3536426723003387,361,0.5603561451131266
cVabKjWav-Y_clip0037_t00514,cVabKjWav-Y,514.722,517.854,3.132,1.0,1.0,19.19,E:\FPTU\PRJ\VN-AV-DF-Capstone\data\clips\tier2\tier2_v3_clips_0_999-001\cVabKjWav-Y_clip0037_t00514.mp4,tier2,1,1.0,0.0118532590568065,True,9,0.9603890180587769,362,0.6654306375916395
cVabKjWav-Y_clip0039_t00533,cVabKjWav-Y,533.154,536.318,3.164,1.0,1.0,18.92,E:\FPTU\PRJ\VN-AV-DF-Capstone\data\clips\tier2\tier2_v3_clips_0_999-001\cVabKjWav-Y_clip0039_t00533.mp4,tier2,1,1.0,0.031759288161993,True,9,0.3646888732910156,362,0.6154109717694585
3tEN20uif6g_clip0068_t01042,3tEN20uif6g,1042.082,1044.126,2.044,1.0,1.0,-1.71,E:\FPTU\PRJ\VN-AV-DF-Capstone\data\clips\tier1\0-100\tier1_v3_clips_0_100\3tEN20uif6g_clip0068_t01042.mp4,tier1,1,0.8888888888888888,0.0658192634582519,True,9,0.9188435673713684,363,0.7552002516620699
3tEN20uif6g_clip0069_t01044,3tEN20uif6g,1044.322,1047.422,3.1,1.0,1.0,1.06,E:\FPTU\PRJ\VN-AV-DF-Capstone\data\clips\tier1\0-100\tier1_v3_clips_0_100\3tEN20uif6g_clip0069_t01044.mp4,tier1,1,1.0,0.0662578493356704,True,9,0.8868048787117004,363,0.8030480409799557
3tEN20uif6g_clip0070_t01047,3tEN20uif6g,1047.618,1049.758,2.14,1.0,1.0,0.01,E:\FPTU\PRJ\VN-AV-DF-Capstone\data\clips\tier1\0-100\tier1_v3_clips_0_100\3tEN20uif6g_clip0070_t01047.mp4,tier1,1,1.0,0.0649617984890937,True,9,0.9258854985237122,363,0.8063568917322763
3tEN20uif6g_clip0071_t01054,3tEN20uif6g,1054.242,1056.478,2.236,1.0,1.0,-1.26,E:\FPTU\PRJ\VN-AV-DF-Capstone\data\clips\tier1\0-100\tier1_v3_clips_0_100\3tEN20uif6g_clip0071_t01054.mp4,tier1,1,1.0,0.0689812451601028,True,9,0.955270767211914,363,0.8226691635686015
3tEN20uif6g_clip0072_t01056,3tEN20uif6g,1056.898,1061.086,4.188,1.0,1.0,-1.39,E:\FPTU\PRJ\VN-AV-DF-Capstone\data\clips\tier1\0-100\tier1_v3_clips_0_100\3tEN20uif6g_clip0072_t01056.mp4,tier1,1,1.0,0.0663100630044937,True,9,0.928007960319519,363,0.8104637109572329
3tEN20uif6g_clip0073_t01061,3tEN20uif6g,1061.314,1063.742,2.428,1.0,1.0,-3.83,E:\FPTU\PRJ\VN-AV-DF-Capstone\data\clips\tier1\0-100\tier1_v3_clips_0_100\3tEN20uif6g_clip0073_t01061.mp4,tier1,1,1.0,0.0663012042641639,True,9,0.9531887769699096,363,0.8148828617101723
3tEN20uif6g_clip0074_t01063,3tEN20uif6g,1063.874,1066.174,2.3,1.0,1.0,0.36,E:\FPTU\PRJ\VN-AV-DF-Capstone\data\clips\tier1\0-100\tier1_v3_clips_0_100\3tEN20uif6g_clip0074_t01063.mp4,tier1,1,1.0,0.063969612121582,True,9,0.9359068274497986,363,0.8053787902748543
3tEN20uif6g_clip0075_t01066,3tEN20uif6g,1066.37,1068.99,2.62,1.0,1.0,-1.9,E:\FPTU\PRJ\VN-AV-DF-Capstone\data\clips\tier1\0-100\tier1_v3_clips_0_100\3tEN20uif6g_clip0075_t01066.mp4,tier1,1,1.0,0.0660429745912551,True,9,0.9305256605148317,363,0.8101686565863053
3tEN20uif6g_clip0076_t01070,3tEN20uif6g,1070.338,1072.798,2.46,1.0,1.0,-0.44,E:\FPTU\PRJ\VN-AV-DF-Capstone\data\clips\tier1\0-100\tier1_v3_clips_0_100\3tEN20uif6g_clip0076_t01070.mp4,tier1,1,1.0,0.0671660900115966,True,9,0.9375665187835692,363,0.8145201701860114
3tEN20uif6g_clip0077_t01073,3tEN20uif6g,1073.186,1077.822,4.636,1.0,1.0,-1.49,E:\FPTU\PRJ\VN-AV-DF-Capstone\data\clips\tier1\0-100\tier1_v3_clips_0_100\3tEN20uif6g_clip0077_t01073.mp4,tier1,1,1.0,0.0658895522356033,True,9,0.9318692684173584,363,0.809981059949032
3tEN20uif6g_clip0078_t01078,3tEN20uif6g,1078.018,1080.446,2.428,1.0,1.0,-2.51,E:\FPTU\PRJ\VN-AV-DF-Capstone\data\clips\tier1\0-100\tier1_v3_clips_0_100\3tEN20uif6g_clip0078_t01078.mp4,tier1,1,1.0,0.0647438466548919,True,9,0.9112934470176696,363,0.8031784893399485
3tEN20uif6g_clip0079_t01080,3tEN20uif6g,1080.706,1088.574,7.868,1.0,1.0,-0.9,E:\FPTU\PRJ\VN-AV-DF-Capstone\data\clips\tier1\0-100\tier1_v3_clips_0_100\3tEN20uif6g_clip0079_t01080.mp4,tier1,1,1.0,0.0598364733159542,True,9,0.474846214056015,363,0.7125737937539918
7641839768522837266_clip0000_t00021,7641839768522837266,21.698,25.598,3.9,0.75,1.0,10.91,E:\FPTU\PRJ\VN-AV-DF-Capstone\data\clips\tier3\tier3_v3_clips_0_1262-001\7641839768522837266_clip0000_t00021.mp4,tier3,1,0.8888888888888888,0.0487109124660491,True,9,0.8292173743247986,364,0.6920245107914189
7641839768522837266_clip0001_t00028,7641839768522837266,28.098,33.098,5.0,1.0,1.0,9.79,E:\FPTU\PRJ\VN-AV-DF-Capstone\data\clips\tier3\tier3_v3_clips_0_1262-001\7641839768522837266_clip0001_t00028.mp4,tier3,1,1.0,0.0341523736715316,True,9,0.4187889099121094,364,0.6315825786914258
7644036486509153554_clip0000_t00018,7644036486509153554,18.37,22.686,4.316,0.75,1.0,12.61,E:\FPTU\PRJ\VN-AV-DF-Capstone\data\clips\tier3\tier3_v3_clips_0_1262-001\7644036486509153554_clip0000_t00018.mp4,tier3,1,0.7777777777777778,0.0169841833412647,True,9,0.8659281134605408,365,0.558389332389702
7644036486509153554_clip0001_t00022,7644036486509153554,22.946,28.862,5.916,0.833,1.0,10.7,E:\FPTU\PRJ\VN-AV-DF-Capstone\data\clips\tier3\tier3_v3_clips_0_1262-001\7644036486509153554_clip0001_t00022.mp4,tier3,1,0.6666666666666666,0.0170149970799684,True,9,0.8642834424972534,365,0.505896813259471
7644036486509153554_clip0002_t00028,7644036486509153554,28.994,37.182,8.188,0.778,1.0,11.49,E:\FPTU\PRJ\VN-AV-DF-Capstone\data\clips\tier3\tier3_v3_clips_0_1262-001\7644036486509153554_clip0002_t00028.mp4,tier3,1,0.7777777777777778,0.0170573480427265,True,9,0.8686112761497498,365,0.5590653662855709
rGuraolgHIs_clip0006_t00066,rGuraolgHIs,66.082,70.654,4.572,1.0,1.0,6.35,E:\FPTU\PRJ\VN-AV-DF-Capstone\data\clips\tier2\tier2_v3_clips_0_999-001\rGuraolgHIs_clip0006_t00066.mp4,tier2,1,1.0,0.0246558729559183,True,9,0.3905875980854034,366,0.6003176540836418
aArTJcMMmTw_clip0016_t00307,aArTJcMMmTw,307.33,310.558,3.228,1.0,1.0,4.92,E:\FPTU\PRJ\VN-AV-DF-Capstone\data\clips\tier1\0-100\tier1_v3_clips_0_100\aArTJcMMmTw_clip0016_t00307.mp4,tier1,1,1.0,0.0104527594521641,True,9,0.615009069442749,367,0.6006043705264861
7625975365168663828_clip0001_t00011,7625975365168663828,11.426,15.262,3.836,1.0,1.0,10.49,E:\FPTU\PRJ\VN-AV-DF-Capstone\data\clips\tier3\tier3_v3_clips_0_1262-001\7625975365168663828_clip0001_t00011.mp4,tier3,1,1.0,0.1622063666582107,True,9,0.6783071160316467,368,0.9432306675349965
7625975365168663828_clip0004_t00030,7625975365168663828,30.242,32.702,2.46,1.0,1.0,8.62,E:\FPTU\PRJ\VN-AV-DF-Capstone\data\clips\tier3\tier3_v3_clips_0_1262-001\7625975365168663828_clip0004_t00030.mp4,tier3,1,1.0,0.1881842911243438,True,9,0.8553670048713684,368,0.974476530271418
aArTJcMMmTw_clip0012_t00154,aArTJcMMmTw,154.754,161.694,6.94,1.0,1.0,4.31,E:\FPTU\PRJ\VN-AV-DF-Capstone\data\clips\tier1\0-100\tier1_v3_clips_0_100\aArTJcMMmTw_clip0012_t00154.mp4,tier1,1,1.0,0.013856385834515,True,9,0.9856890439987184,369,0.675440405546653
wKaFsRX95YY_clip0024_t00273,wKaFsRX95YY,273.89,275.934,2.044,1.0,1.0,4.92,E:\FPTU\PRJ\VN-AV-DF-Capstone\data\clips\tier2\tier2_v3_clips_0_999-001\wKaFsRX95YY_clip0024_t00273.mp4,tier2,1,1.0,0.0334858410060405,True,9,0.9546366930007936,370,0.7242988558045391
rGuraolgHIs_clip0000_t00000,rGuraolgHIs,0.194,3.966,3.772,1.0,1.0,7.01,E:\FPTU\PRJ\VN-AV-DF-Capstone\data\clips\tier2\tier2_v3_clips_0_999-001\rGuraolgHIs_clip0000_t00000.mp4,tier2,1,1.0,0.0156496670097112,True,9,0.8747974038124084,371,0.6608354552665753
rGuraolgHIs_clip0001_t00004,rGuraolgHIs,4.194,6.782,2.588,1.0,1.0,5.37,E:\FPTU\PRJ\VN-AV-DF-Capstone\data\clips\tier2\tier2_v3_clips_0_999-001\rGuraolgHIs_clip0001_t00004.mp4,tier2,1,1.0,0.0157448723912239,True,9,0.8832638263702393,371,0.6625930774653391
rGuraolgHIs_clip0002_t00023,rGuraolgHIs,23.298,25.918,2.62,1.0,1.0,5.58,E:\FPTU\PRJ\VN-AV-DF-Capstone\data\clips\tier2\tier2_v3_clips_0_999-001\rGuraolgHIs_clip0002_t00023.mp4,tier2,1,1.0,0.0157680995762348,True,9,0.8908036351203918,371,0.6639879294668065
rGuraolgHIs_clip0003_t00026,rGuraolgHIs,26.05,29.662,3.612,1.0,1.0,5.09,E:\FPTU\PRJ\VN-AV-DF-Capstone\data\clips\tier2\tier2_v3_clips_0_999-001\rGuraolgHIs_clip0003_t00026.mp4,tier2,1,1.0,0.0156302526593208,True,9,0.8892742991447449,371,0.6633364586780532
rGuraolgHIs_clip0004_t00030,rGuraolgHIs,30.018,34.91,4.892,1.0,1.0,4.05,E:\FPTU\PRJ\VN-AV-DF-Capstone\data\clips\tier2\tier2_v3_clips_0_999-001\rGuraolgHIs_clip0004_t00030.mp4,tier2,1,1.0,0.0156857818365097,True,9,0.8819295167922974,371,0.6621940365381789
rGuraolgHIs_clip0007_t00084,rGuraolgHIs,84.578,89.578,5.0,1.0,1.0,6.82,E:\FPTU\PRJ\VN-AV-DF-Capstone\data\clips\tier2\tier2_v3_clips_0_999-001\rGuraolgHIs_clip0007_t00084.mp4,tier2,1,1.0,0.0146516626700758,True,9,0.8062074184417725,371,0.6459686636171675
rGuraolgHIs_clip0008_t00088,rGuraolgHIs,88.578,93.578,5.0,1.0,1.0,5.27,E:\FPTU\PRJ\VN-AV-DF-Capstone\data\clips\tier2\tier2_v3_clips_0_999-001\rGuraolgHIs_clip0008_t00088.mp4,tier2,1,1.0,0.0148140424862504,True,9,0.8937892913818359,371,0.6618737882187735
rGuraolgHIs_clip0009_t00092,rGuraolgHIs,92.578,97.578,5.0,1.0,1.0,4.59,E:\FPTU\PRJ\VN-AV-DF-Capstone\data\clips\tier2\tier2_v3_clips_0_999-001\rGuraolgHIs_clip0009_t00092.mp4,tier2,1,1.0,0.0150069762021303,True,9,0.9091567993164062,371,0.6651197806837141
rGuraolgHIs_clip0010_t00143,rGuraolgHIs,143.138,146.302,3.164,1.0,1.0,7.03,E:\FPTU\PRJ\VN-AV-DF-Capstone\data\clips\tier2\tier2_v3_clips_0_999-001\rGuraolgHIs_clip0010_t00143.mp4,tier2,1,1.0,0.0149062043055891,True,9,0.9020775556564332,371,0.6635915455287249
rGuraolgHIs_clip0012_t00148,rGuraolgHIs,148.578,150.718,2.14,1.0,1.0,3.74,E:\FPTU\PRJ\VN-AV-DF-Capstone\data\clips\tier2\tier2_v3_clips_0_999-001\rGuraolgHIs_clip0012_t00148.mp4,tier2,1,1.0,0.0149296391755342,True,9,0.9105894565582277,371,0.6651585181176484
rGuraolgHIs_clip0013_t00151,rGuraolgHIs,151.074,154.43,3.356,1.0,1.0,5.11,E:\FPTU\PRJ\VN-AV-DF-Capstone\data\clips\tier2\tier2_v3_clips_0_999-001\rGuraolgHIs_clip0013_t00151.mp4,tier2,1,1.0,0.0150813162326812,True,9,0.909231424331665,371,0.665338737948955
rGuraolgHIs_clip0014_t00154,rGuraolgHIs,154.626,158.686,4.06,1.0,1.0,3.85,E:\FPTU\PRJ\VN-AV-DF-Capstone\data\clips\tier2\tier2_v3_clips_0_999-001\rGuraolgHIs_clip0014_t00154.mp4,tier2,1,1.0,0.0148587180301547,True,9,0.9145528078079224,371,0.6656616090604218
rGuraolgHIs_clip0016_t00197,rGuraolgHIs,197.026,203.102,6.076,1.0,1.0,5.99,E:\FPTU\PRJ\VN-AV-DF-Capstone\data\clips\tier2\tier2_v3_clips_0_999-001\rGuraolgHIs_clip0016_t00197.mp4,tier2,1,1.0,0.0156459435820579,True,9,0.8924954533576965,371,0.663948333284397
rGuraolgHIs_clip0017_t00203,rGuraolgHIs,203.394,208.03,4.636,1.0,1.0,4.57,E:\FPTU\PRJ\VN-AV-DF-Capstone\data\clips\tier2\tier2_v3_clips_0_999-001\rGuraolgHIs_clip0017_t00203.mp4,tier2,1,1.0,0.015537429600954,True,9,0.87457275390625,371,0.6604851154613638
rGuraolgHIs_clip0021_t00249,rGuraolgHIs,249.666,252.734,3.068,1.0,1.0,7.37,E:\FPTU\PRJ\VN-AV-DF-Capstone\data\clips\tier2\tier2_v3_clips_0_999-001\rGuraolgHIs_clip0021_t00249.mp4,tier2,1,1.0,0.0153689347207546,True,9,0.902069628238678,371,0.6648710773581318
rGuraolgHIs_clip0022_t00252,rGuraolgHIs,252.834,256.798,3.964,1.0,1.0,4.82,E:\FPTU\PRJ\VN-AV-DF-Capstone\data\clips\tier2\tier2_v3_clips_0_999-001\rGuraolgHIs_clip0022_t00252.mp4,tier2,1,1.0,0.0154811404645442,True,9,0.8814215064048767,371,0.6615378992012975
rGuraolgHIs_clip0023_t00258,rGuraolgHIs,258.402,262.142,3.74,1.0,1.0,4.61,E:\FPTU\PRJ\VN-AV-DF-Capstone\data\clips\tier2\tier2_v3_clips_0_999-001\rGuraolgHIs_clip0023_t00258.mp4,tier2,1,1.0,0.0153126502409577,True,9,0.8718562722206116,371,0.6593835018973246
rGuraolgHIs_clip0024_t00262,rGuraolgHIs,262.306,265.566,3.26,1.0,1.0,4.68,E:\FPTU\PRJ\VN-AV-DF-Capstone\data\clips\tier2\tier2_v3_clips_0_999-001\rGuraolgHIs_clip0024_t00262.mp4,tier2,1,1.0,0.0152340214699506,True,9,0.8928197026252747,371,0.6628652705518604
rGuraolgHIs_clip0025_t00265,rGuraolgHIs,265.954,275.102,9.148,1.0,1.0,5.08,E:\FPTU\PRJ\VN-AV-DF-Capstone\data\clips\tier2\tier2_v3_clips_0_999-001\rGuraolgHIs_clip0025_t00265.mp4,tier2,1,1.0,0.015067022293806,True,9,0.8952349424362183,371,0.6628292020601392
rGuraolgHIs_clip0026_t00275,rGuraolgHIs,275.266,279.582,4.316,1.0,1.0,4.88,E:\FPTU\PRJ\VN-AV-DF-Capstone\data\clips\tier2\tier2_v3_clips_0_999-001\rGuraolgHIs_clip0026_t00275.mp4,tier2,1,1.0,0.0149683840572834,True,9,0.8931511640548706,371,0.6621884260011173
rGuraolgHIs_clip0030_t00331,rGuraolgHIs,331.394,335.39,3.996,1.0,1.0,4.63,E:\FPTU\PRJ\VN-AV-DF-Capstone\data\clips\tier2\tier2_v3_clips_0_999-001\rGuraolgHIs_clip0030_t00331.mp4,tier2,1,1.0,0.0157974325120449,True,9,0.8942478895187378,371,0.6646769385279641
rGuraolgHIs_clip0031_t00335,rGuraolgHIs,335.714,343.39,7.676,1.0,1.0,4.29,E:\FPTU\PRJ\VN-AV-DF-Capstone\data\clips\tier2\tier2_v3_clips_0_999-001\rGuraolgHIs_clip0031_t00335.mp4,tier2,1,1.0,0.0158732831478118,True,9,0.8744006752967834,371,0.6613844587631138
rGuraolgHIs_clip0032_t00343,rGuraolgHIs,343.778,349.15,5.372,1.0,1.0,4.55,E:\FPTU\PRJ\VN-AV-DF-Capstone\data\clips\tier2\tier2_v3_clips_0_999-001\rGuraolgHIs_clip0032_t00343.mp4,tier2,1,1.0,0.0154413543641567,True,9,0.8834631443023682,371,0.661788052320228
rGuraolgHIs_clip0037_t00428,rGuraolgHIs,428.898,431.102,2.204,1.0,1.0,5.44,E:\FPTU\PRJ\VN-AV-DF-Capstone\data\clips\tier2\tier2_v3_clips_0_999-001\rGuraolgHIs_clip0037_t00428.mp4,tier2,1,1.0,0.0153244622051715,True,9,0.8994944095611572,371,0.6642935181423679
rGuraolgHIs_clip0039_t00435,rGuraolgHIs,435.842,439.902,4.06,1.0,1.0,4.17,E:\FPTU\PRJ\VN-AV-DF-Capstone\data\clips\tier2\tier2_v3_clips_0_999-001\rGuraolgHIs_clip0039_t00435.mp4,tier2,1,1.0,0.0153050022199749,True,9,0.9002249240875244,371,0.6643685633205952
rGuraolgHIs_clip0042_t00512,rGuraolgHIs,512.642,517.406,4.764,1.0,1.0,5.49,E:\FPTU\PRJ\VN-AV-DF-Capstone\data\clips\tier2\tier2_v3_clips_0_999-001\rGuraolgHIs_clip0042_t00512.mp4,tier2,1,1.0,0.015305214561522,True,9,0.8871616721153259,371,0.6620638713648727
rGuraolgHIs_clip0043_t00517,rGuraolgHIs,517.698,520.35,2.652,1.0,1.0,4.95,E:\FPTU\PRJ\VN-AV-DF-Capstone\data\clips\tier2\tier2_v3_clips_0_999-001\rGuraolgHIs_clip0043_t00517.mp4,tier2,1,1.0,0.0154467951506376,True,9,0.8778839111328125,371,0.6608185429513248
rGuraolgHIs_clip0044_t00520,rGuraolgHIs,520.482,523.614,3.132,1.0,1.0,3.38,E:\FPTU\PRJ\VN-AV-DF-Capstone\data\clips\tier2\tier2_v3_clips_0_999-001\rGuraolgHIs_clip0044_t00520.mp4,tier2,1,1.0,0.0153429703786969,True,9,0.8985680341720581,371,0.6641812744764877
rGuraolgHIs_clip0045_t00525,rGuraolgHIs,525.506,528.83,3.324,1.0,1.0,3.35,E:\FPTU\PRJ\VN-AV-DF-Capstone\data\clips\tier2\tier2_v3_clips_0_999-001\rGuraolgHIs_clip0045_t00525.mp4,tier2,1,1.0,0.0150673650205135,True,9,0.864452600479126,371,0.6573979728041163
rGuraolgHIs_clip0048_t00581,rGuraolgHIs,581.09,587.294,6.204,1.0,1.0,3.39,E:\FPTU\PRJ\VN-AV-DF-Capstone\data\clips\tier2\tier2_v3_clips_0_999-001\rGuraolgHIs_clip0048_t00581.mp4,tier2,1,1.0,0.014947984367609,True,9,0.8683615922927856,371,0.6577573252493563
7642717198158531860_clip0007_t00070,7642717198158531860,70.786,78.974,8.188,1.0,1.0,10.82,E:\FPTU\PRJ\VN-AV-DF-Capstone\data\clips\tier3\tier3_v3_clips_0_1262-001\7642717198158531860_clip0007_t00070.mp4,tier3,1,1.0,0.0173438116908073,True,9,0.8220746517181396,376,0.6562211731456689
jInLQAiBlVQ_clip0008_t00208,jInLQAiBlVQ,208.162,213.162,5.0,1.0,1.0,5.19,E:\FPTU\PRJ\VN-AV-DF-Capstone\data\clips\tier1\100-300\tier1_v3_clips_100_300\jInLQAiBlVQ_clip0008_t00208.mp4,tier1,1,1.0,0.0220762733370065,True,9,0.8212783336639404,377,0.6691810513637474
jInLQAiBlVQ_clip0009_t00212,jInLQAiBlVQ,212.162,217.086,4.924,1.0,1.0,4.93,E:\FPTU\PRJ\VN-AV-DF-Capstone\data\clips\tier1\100-300\tier1_v3_clips_100_300\jInLQAiBlVQ_clip0009_t00212.mp4,tier1,1,1.0,0.0218251161277294,True,9,0.8200024366378784,377,0.6682606394339426
jInLQAiBlVQ_clip0010_t00247,jInLQAiBlVQ,247.746,255.422,7.676,1.0,1.0,6.05,E:\FPTU\PRJ\VN-AV-DF-Capstone\data\clips\tier1\100-300\tier1_v3_clips_100_300\jInLQAiBlVQ_clip0010_t00247.mp4,tier1,1,1.0,0.0215540956705808,True,9,0.8143389225006104,377,0.666510956669488
jInLQAiBlVQ_clip0012_t00283,jInLQAiBlVQ,283.682,293.854,10.172,1.0,1.0,5.8,E:\FPTU\PRJ\VN-AV-DF-Capstone\data\clips\tier1\100-300\tier1_v3_clips_100_300\jInLQAiBlVQ_clip0012_t00283.mp4,tier1,1,1.0,0.0223537757992744,True,9,0.8364092707633972,377,0.6726193993202898
jInLQAiBlVQ_clip0017_t00326,jInLQAiBlVQ,326.018,331.454,5.436,1.0,1.0,4.35,E:\FPTU\PRJ\VN-AV-DF-Capstone\data\clips\tier1\100-300\tier1_v3_clips_100_300\jInLQAiBlVQ_clip0017_t00326.mp4,tier1,1,1.0,0.0218427218496799,True,9,0.8389769792556763,377,0.6716578243078343
jInLQAiBlVQ_clip0018_t00359,jInLQAiBlVQ,359.906,367.774,7.868,1.0,1.0,5.4,E:\FPTU\PRJ\VN-AV-DF-Capstone\data\clips\tier1\100-300\tier1_v3_clips_100_300\jInLQAiBlVQ_clip0018_t00359.mp4,tier1,1,1.0,0.0210332721471786,True,9,0.8175985813140869,377,0.6656444463935238
jInLQAiBlVQ_clip0019_t00367,jInLQAiBlVQ,367.938,371.87,3.932,1.0,1.0,4.93,E:\FPTU\PRJ\VN-AV-DF-Capstone\data\clips\tier1\100-300\tier1_v3_clips_100_300\jInLQAiBlVQ_clip0019_t00367.mp4,tier1,1,1.0,0.0182058122009038,True,9,0.3862870633602142,377,0.5817036717332504
jInLQAiBlVQ_clip0021_t00403,jInLQAiBlVQ,403.01,413.438,10.428,1.0,1.0,5.26,E:\FPTU\PRJ\VN-AV-DF-Capstone\data\clips\tier1\100-300\tier1_v3_clips_100_300\jInLQAiBlVQ_clip0021_t00403.mp4,tier1,1,1.0,0.0229176878929138,True,9,0.8057896494865417,377,0.6687769587483001
jInLQAiBlVQ_clip0022_t00413,jInLQAiBlVQ,413.698,419.39,5.692,1.0,1.0,5.46,E:\FPTU\PRJ\VN-AV-DF-Capstone\data\clips\tier1\100-300\tier1_v3_clips_100_300\jInLQAiBlVQ_clip0022_t00413.mp4,tier1,1,1.0,0.0232075955718755,True,9,0.8428531289100647,377,0.6761200954831876
mHTLamr-Zqk_clip0014_t00210,mHTLamr-Zqk,210.146,215.646,5.5,1.0,1.0,13.4,E:\FPTU\PRJ\VN-AV-DF-Capstone\data\clips\tier2\tier2_v3_clips_0_999-001\mHTLamr-Zqk_clip0014_t00210.mp4,tier2,1,1.0,0.0124290036037564,True,9,0.7247611284255981,378,0.6254430219184772
9fvi4IXr6rQ_clip0060_t00548,9fvi4IXr6rQ,548.77,552.382,3.612,0.75,1.0,3.62,E:\FPTU\PRJ\VN-AV-DF-Capstone\data\clips\tier1\0-100\tier1_v3_clips_0_100\9fvi4IXr6rQ_clip0060_t00548.mp4,tier1,1,1.0,0.0113240340724587,True,9,0.3826334178447723,379,0.56200876584905
gHsxuixSqz0_clip0041_t00388,gHsxuixSqz0,388.322,393.322,5.0,1.0,1.0,6.73,E:\FPTU\PRJ\VN-AV-DF-Capstone\data\clips\tier1\100-300\tier1_v3_clips_100_300\gHsxuixSqz0_clip0041_t00388.mp4,tier1,1,1.0,0.0246268566697835,True,9,0.4053265154361725,382,0.6028383165869732
Nw3N73GJ2Zo_clip0063_t00696,Nw3N73GJ2Zo,696.194,700.35,4.156,0.75,1.0,3.71,E:\FPTU\PRJ\VN-AV-DF-Capstone\data\clips\tier1\100-300\tier1_v3_clips_100_300\Nw3N73GJ2Zo_clip0063_t00696.mp4,tier1,1,1.0,0.0123675195500254,True,9,0.3589652776718139,383,0.5607206127445671
Nw3N73GJ2Zo_clip0064_t00700,Nw3N73GJ2Zo,700.482,705.214,4.732,1.0,1.0,4.96,E:\FPTU\PRJ\VN-AV-DF-Capstone\data\clips\tier1\100-300\tier1_v3_clips_100_300\Nw3N73GJ2Zo_clip0064_t00700.mp4,tier1,1,1.0,0.015846598893404,True,9,0.8797945380210876,383,0.6622624495119177
lq_tau31IE0_clip0028_t00565,lq_tau31IE0,565.442,572.926,7.484,1.0,1.0,5.31,E:\FPTU\PRJ\VN-AV-DF-Capstone\data\clips\tier1\100-300\tier1_v3_clips_100_300\lq_tau31IE0_clip0028_t00565.mp4,tier1,1,1.0,0.0382023975253105,True,9,0.9875674843788148,384,0.7431665482757572
lq_tau31IE0_clip0029_t00573,lq_tau31IE0,573.282,577.118,3.836,1.0,1.0,6.47,E:\FPTU\PRJ\VN-AV-DF-Capstone\data\clips\tier1\100-300\tier1_v3_clips_100_300\lq_tau31IE0_clip0029_t00573.mp4,tier1,1,1.0,0.0470974370837211,True,9,0.9907087683677672,384,0.7683441496692511
wKaFsRX95YY_clip0026_t00317,wKaFsRX95YY,317.026,320.446,3.42,1.0,1.0,2.57,E:\FPTU\PRJ\VN-AV-DF-Capstone\data\clips\tier2\tier2_v3_clips_0_999-001\wKaFsRX95YY_clip0026_t00317.mp4,tier2,1,0.8888888888888888,0.0165691077709198,True,9,0.5805698037147522,385,0.5591705527126973
AJ7t8LnesSA_clip0008_t00221,AJ7t8LnesSA,221.922,232.158,10.236,0.818,1.0,2.36,E:\FPTU\PRJ\VN-AV-DF-Capstone\data\clips\tier2\tier2_v3_clips_0_999-001\AJ7t8LnesSA_clip0008_t00221.mp4,tier2,1,0.7777777777777778,0.0148962317034602,True,9,0.3848764300346374,387,0.46771798908868123
lq_tau31IE0_clip0033_t00652,lq_tau31IE0,652.674,657.438,4.764,1.0,1.0,4.84,E:\FPTU\PRJ\VN-AV-DF-Capstone\data\clips\tier1\100-300\tier1_v3_clips_100_300\lq_tau31IE0_clip0033_t00652.mp4,tier1,1,1.0,0.025524616241455,True,9,0.7078854441642761,388,0.6587162476352513
lq_tau31IE0_clip0034_t00659,lq_tau31IE0,659.65,663.486,3.836,1.0,1.0,4.1,E:\FPTU\PRJ\VN-AV-DF-Capstone\data\clips\tier1\100-300\tier1_v3_clips_100_300\lq_tau31IE0_clip0034_t00659.mp4,tier1,1,1.0,0.0193242542445659,True,9,0.4735294580459595,388,0.6001954607959694
gHsxuixSqz0_clip0060_t00669,gHsxuixSqz0,669.538,672.382,2.844,1.0,1.0,2.93,E:\FPTU\PRJ\VN-AV-DF-Capstone\data\clips\tier1\100-300\tier1_v3_clips_100_300\gHsxuixSqz0_clip0060_t00669.mp4,tier1,1,1.0,0.0635959059000015,True,9,0.929499089717865,389,0.8032135191018603
gHsxuixSqz0_clip0061_t00678,gHsxuixSqz0,678.562,681.406,2.844,1.0,1.0,8.28,E:\FPTU\PRJ\VN-AV-DF-Capstone\data\clips\tier1\100-300\tier1_v3_clips_100_300\gHsxuixSqz0_clip0061_t00678.mp4,tier1,1,1.0,0.0621420331299304,True,9,0.9307643175125122,389,0.7994121825783561
gHsxuixSqz0_clip0062_t00681,gHsxuixSqz0,681.634,683.646,2.012,1.0,1.0,4.2,E:\FPTU\PRJ\VN-AV-DF-Capstone\data\clips\tier1\100-300\tier1_v3_clips_100_300\gHsxuixSqz0_clip0062_t00681.mp4,tier1,1,1.0,0.0618649646639823,True,9,0.9352850317955016,389,0.7994429744901036
gHsxuixSqz0_clip0063_t00683,gHsxuixSqz0,683.746,686.366,2.62,1.0,1.0,4.43,E:\FPTU\PRJ\VN-AV-DF-Capstone\data\clips\tier1\100-300\tier1_v3_clips_100_300\gHsxuixSqz0_clip0063_t00683.mp4,tier1,1,1.0,0.0613747239112854,True,9,0.9320447444915771,389,0.7975140741549264
gHsxuixSqz0_clip0064_t00689,gHsxuixSqz0,689.666,692.254,2.588,1.0,1.0,5.22,E:\FPTU\PRJ\VN-AV-DF-Capstone\data\clips\tier1\100-300\tier1_v3_clips_100_300\gHsxuixSqz0_clip0064_t00689.mp4,tier1,1,1.0,0.0619468092918396,True,9,0.9463457465171814,389,0.8016214277018077
gHsxuixSqz0_clip0065_t00694,gHsxuixSqz0,694.402,697.182,2.78,1.0,1.0,6.46,E:\FPTU\PRJ\VN-AV-DF-Capstone\data\clips\tier1\100-300\tier1_v3_clips_100_300\gHsxuixSqz0_clip0065_t00694.mp4,tier1,1,1.0,0.0628707632422447,True,9,0.9209322333335876,389,0.7996943803056592
gHsxuixSqz0_clip0066_t00699,gHsxuixSqz0,699.522,703.134,3.612,1.0,1.0,4.53,E:\FPTU\PRJ\VN-AV-DF-Capstone\data\clips\tier1\100-300\tier1_v3_clips_100_300\gHsxuixSqz0_clip0066_t00699.mp4,tier1,1,1.0,0.0616023279726505,True,9,0.930690348148346,389,0.7979051168196541
gHsxuixSqz0_clip0067_t00719,gHsxuixSqz0,719.426,722.174,2.748,1.0,1.0,4.57,E:\FPTU\PRJ\VN-AV-DF-Capstone\data\clips\tier1\100-300\tier1_v3_clips_100_300\gHsxuixSqz0_clip0067_t00719.mp4,tier1,1,1.0,0.0638884231448173,True,9,0.9348375797271729,389,0.8049653520957991
_adzgpYkn_c_clip0047_t00453,_adzgpYkn_c,453.122,462.174,9.052,1.0,1.0,3.99,E:\FPTU\PRJ\VN-AV-DF-Capstone\data\clips\tier1\440-9999\tier1_v3_clips_440_9999\_adzgpYkn_c_clip0047_t00453.mp4,tier1,1,1.0,0.0206611435860395,True,9,0.9659553170204164,390,0.6907949201672747
_adzgpYkn_c_clip0048_t00462,_adzgpYkn_c,462.274,467.274,5.0,1.0,1.0,3.69,E:\FPTU\PRJ\VN-AV-DF-Capstone\data\clips\tier1\440-9999\tier1_v3_clips_440_9999\_adzgpYkn_c_clip0048_t00462.mp4,tier1,1,1.0,0.025323212146759,True,9,0.9705825448036194,390,0.7045170325018859
_adzgpYkn_c_clip0049_t00466,_adzgpYkn_c,466.274,471.274,5.0,0.8,1.0,3.22,E:\FPTU\PRJ\VN-AV-DF-Capstone\data\clips\tier1\440-9999\tier1_v3_clips_440_9999\_adzgpYkn_c_clip0049_t00466.mp4,tier1,1,1.0,0.0254792980849742,True,9,0.313339501619339,390,0.5889650433036345
g6hBKVh_7Pk_clip0054_t00463,g6hBKVh_7Pk,463.874,466.782,2.908,1.0,1.0,7.98,E:\FPTU\PRJ\VN-AV-DF-Capstone\data\clips\tier1\100-300\tier1_v3_clips_100_300\g6hBKVh_7Pk_clip0054_t00463.mp4,tier1,1,1.0,0.0637115463614463,True,9,0.946161150932312,393,0.8064739988834719
g6hBKVh_7Pk_clip0055_t00467,g6hBKVh_7Pk,467.554,469.854,2.3,1.0,1.0,6.75,E:\FPTU\PRJ\VN-AV-DF-Capstone\data\clips\tier1\100-300\tier1_v3_clips_100_300\g6hBKVh_7Pk_clip0055_t00467.mp4,tier1,1,1.0,0.0631226524710655,True,9,0.9627335667610168,393,0.8077683662129184
g6hBKVh_7Pk_clip0056_t00476,g6hBKVh_7Pk,476.194,479.358,3.164,1.0,1.0,6.92,E:\FPTU\PRJ\VN-AV-DF-Capstone\data\clips\tier1\100-300\tier1_v3_clips_100_300\g6hBKVh_7Pk_clip0056_t00476.mp4,tier1,1,1.0,0.0644244477152824,True,9,0.94494891166687,393,0.8082335285285343
7634865418301213972_clip0000_t00000,7634865418301213972,0.162,2.27,2.108,1.0,1.0,-0.79,E:\FPTU\PRJ\VN-AV-DF-Capstone\data\clips\tier3\tier3_v3_clips_0_1262-001\7634865418301213972_clip0000_t00000.mp4,tier3,1,1.0,0.0389183536171913,True,9,0.8985636234283447,395,0.7294418949287597
jInLQAiBlVQ_clip0000_t00008,jInLQAiBlVQ,8.514,18.11,9.596,1.0,1.0,5.63,E:\FPTU\PRJ\VN-AV-DF-Capstone\data\clips\tier1\100-300\tier1_v3_clips_100_300\jInLQAiBlVQ_clip0000_t00008.mp4,tier1,1,1.0,0.0198911130428314,True,9,0.7837806344032288,396,0.6565148474653207
jInLQAiBlVQ_clip0001_t00052,jInLQAiBlVQ,52.386,57.386,5.0,1.0,1.0,6.89,E:\FPTU\PRJ\VN-AV-DF-Capstone\data\clips\tier1\100-300\tier1_v3_clips_100_300\jInLQAiBlVQ_clip0001_t00052.mp4,tier1,1,1.0,0.0199758633971214,True,9,0.8490157723426819,396,0.6682615366443111
jInLQAiBlVQ_clip0002_t00056,jInLQAiBlVQ,56.386,61.386,5.0,1.0,1.0,6.26,E:\FPTU\PRJ\VN-AV-DF-Capstone\data\clips\tier1\100-300\tier1_v3_clips_100_300\jInLQAiBlVQ_clip0002_t00056.mp4,tier1,1,1.0,0.0197879243642091,True,9,0.8312890529632568,396,0.6646130390341762
jInLQAiBlVQ_clip0003_t00060,jInLQAiBlVQ,60.386,64.414,4.028,1.0,1.0,5.49,E:\FPTU\PRJ\VN-AV-DF-Capstone\data\clips\tier1\100-300\tier1_v3_clips_100_300\jInLQAiBlVQ_clip0003_t00060.mp4,tier1,1,1.0,0.0201313123106956,True,9,0.8272976279258728,396,0.6648592367575001
jInLQAiBlVQ_clip0004_t00142,jInLQAiBlVQ,142.914,154.302,11.388,1.0,1.0,5.27,E:\FPTU\PRJ\VN-AV-DF-Capstone\data\clips\tier1\100-300\tier1_v3_clips_100_300\jInLQAiBlVQ_clip0004_t00142.mp4,tier1,1,1.0,0.0201377980411052,True,9,0.8410924077033997,396,0.6673115634646469
jInLQAiBlVQ_clip0025_t00532,jInLQAiBlVQ,532.418,537.418,5.0,1.0,1.0,5.15,E:\FPTU\PRJ\VN-AV-DF-Capstone\data\clips\tier1\100-300\tier1_v3_clips_100_300\jInLQAiBlVQ_clip0025_t00532.mp4,tier1,1,1.0,0.0110253151506185,True,9,0.7827780842781067,396,0.6317956165036752
jInLQAiBlVQ_clip0026_t00536,jInLQAiBlVQ,536.418,541.418,5.0,1.0,1.0,5.8,E:\FPTU\PRJ\VN-AV-DF-Capstone\data\clips\tier1\100-300\tier1_v3_clips_100_300\jInLQAiBlVQ_clip0026_t00536.mp4,tier1,1,1.0,0.0146413231268525,True,9,0.8122013807296753,396,0.6469977997343631
jInLQAiBlVQ_clip0027_t00540,jInLQAiBlVQ,540.418,545.278,4.86,1.0,1.0,4.28,E:\FPTU\PRJ\VN-AV-DF-Capstone\data\clips\tier1\100-300\tier1_v3_clips_100_300\jInLQAiBlVQ_clip0027_t00540.mp4,tier1,1,1.0,0.01499695610255,True,9,0.827031135559082,396,0.6505992788418378
jInLQAiBlVQ_clip0028_t00545,jInLQAiBlVQ,545.538,551.23,5.692,1.0,1.0,4.74,E:\FPTU\PRJ\VN-AV-DF-Capstone\data\clips\tier1\100-300\tier1_v3_clips_100_300\jInLQAiBlVQ_clip0028_t00545.mp4,tier1,1,1.0,0.0148276770487427,True,9,0.832716703414917,396,0.6511340159043567
jInLQAiBlVQ_clip0029_t00551,jInLQAiBlVQ,551.458,554.27,2.812,1.0,1.0,5.96,E:\FPTU\PRJ\VN-AV-DF-Capstone\data\clips\tier1\100-300\tier1_v3_clips_100_300\jInLQAiBlVQ_clip0029_t00551.mp4,tier1,1,1.0,0.0146954422816634,True,9,0.8279083967208862,396,0.6499194387827568
jInLQAiBlVQ_clip0036_t00660,jInLQAiBlVQ,660.482,667.006,6.524,1.0,1.0,6.53,E:\FPTU\PRJ\VN-AV-DF-Capstone\data\clips\tier1\100-300\tier1_v3_clips_100_300\jInLQAiBlVQ_clip0036_t00660.mp4,tier1,1,1.0,0.0185897853225469,True,9,0.8212512135505676,396,0.6595249659475315
jInLQAiBlVQ_clip0037_t00667,jInLQAiBlVQ,667.17,674.782,7.612,1.0,1.0,5.52,E:\FPTU\PRJ\VN-AV-DF-Capstone\data\clips\tier1\100-300\tier1_v3_clips_100_300\jInLQAiBlVQ_clip0037_t00667.mp4,tier1,1,1.0,0.0185108575969934,True,9,0.8308334350585938,396,0.6609974584069827
jInLQAiBlVQ_clip0038_t00675,jInLQAiBlVQ,675.106,679.134,4.028,1.0,1.0,5.12,E:\FPTU\PRJ\VN-AV-DF-Capstone\data\clips\tier1\100-300\tier1_v3_clips_100_300\jInLQAiBlVQ_clip0038_t00675.mp4,tier1,1,1.0,0.0182684604078531,True,9,0.8299381732940674,396,0.6601684669019502
jInLQAiBlVQ_clip0044_t00748,jInLQAiBlVQ,748.13,755.102,6.972,1.0,1.0,5.72,E:\FPTU\PRJ\VN-AV-DF-Capstone\data\clips\tier1\100-300\tier1_v3_clips_100_300\jInLQAiBlVQ_clip0044_t00748.mp4,tier1,1,1.0,0.0192752107977867,True,9,0.8506253361701965,396,0.6666060301125665
jInLQAiBlVQ_clip0045_t00755,jInLQAiBlVQ,755.394,759.518,4.124,1.0,1.0,5.26,E:\FPTU\PRJ\VN-AV-DF-Capstone\data\clips\tier1\100-300\tier1_v3_clips_100_300\jInLQAiBlVQ_clip0045_t00755.mp4,tier1,1,1.0,0.0193492639809846,True,9,0.874969482421875,396,0.6711070500154659
jInLQAiBlVQ_clip0046_t00759,jInLQAiBlVQ,759.842,768.926,9.084,1.0,1.0,5.68,E:\FPTU\PRJ\VN-AV-DF-Capstone\data\clips\tier1\100-300\tier1_v3_clips_100_300\jInLQAiBlVQ_clip0046_t00759.mp4,tier1,1,1.0,0.0193446390330791,True,9,0.8744930624961853,396,0.6710101731256405
jInLQAiBlVQ_clip0052_t00870,jInLQAiBlVQ,870.466,879.55,9.084,1.0,1.0,5.9,E:\FPTU\PRJ\VN-AV-DF-Capstone\data\clips\tier1\100-300\tier1_v3_clips_100_300\jInLQAiBlVQ_clip0052_t00870.mp4,tier1,1,1.0,0.019967682659626,True,9,0.8481370210647583,396,0.6680838169638892
UnodrLYWJYI_clip0069_t00753,UnodrLYWJYI,753.538,758.538,5.0,1.0,1.0,15.62,E:\FPTU\PRJ\VN-AV-DF-Capstone\data\clips\tier2\tier2_v3_clips_0_999-001\UnodrLYWJYI_clip0069_t00753.mp4,tier2,1,1.0,0.0601126141846179,True,9,0.8657839298248291,397,0.7823272158403867
UnodrLYWJYI_clip0070_t00757,UnodrLYWJYI,757.538,762.538,5.0,1.0,1.0,14.34,E:\FPTU\PRJ\VN-AV-DF-Capstone\data\clips\tier2\tier2_v3_clips_0_999-001\UnodrLYWJYI_clip0070_t00757.mp4,tier2,1,1.0,0.0611722543835639,True,9,0.8824049830436707,397,0.7881936399087204
UnodrLYWJYI_clip0071_t00761,UnodrLYWJYI,761.538,766.538,5.0,1.0,1.0,13.66,E:\FPTU\PRJ\VN-AV-DF-Capstone\data\clips\tier2\tier2_v3_clips_0_999-001\UnodrLYWJYI_clip0071_t00761.mp4,tier2,1,1.0,0.0626874268054962,True,9,0.9076266884803772,397,0.796838830876035
UnodrLYWJYI_clip0072_t00765,UnodrLYWJYI,765.538,770.538,5.0,1.0,1.0,12.76,E:\FPTU\PRJ\VN-AV-DF-Capstone\data\clips\tier2\tier2_v3_clips_0_999-001\UnodrLYWJYI_clip0072_t00765.mp4,tier2,1,1.0,0.06056584790349,True,9,0.8908851146697998,397,0.7880114787169437
7638973946565610773_clip0000_t00005,7638973946565610773,5.73,7.838,2.108,1.0,1.0,-4.02,E:\FPTU\PRJ\VN-AV-DF-Capstone\data\clips\tier3\tier3_v3_clips_0_1262-001\7638973946565610773_clip0000_t00005.mp4,tier3,1,1.0,0.0648580640554428,True,9,0.819606363773346,399,0.7873145925455787
0PsGwmgAI-k_clip0004_t00105,0PsGwmgAI-k,105.506,108.03,2.524,1.0,1.0,5.38,E:\FPTU\PRJ\VN-AV-DF-Capstone\data\clips\tier2\tier2_v3_clips_0_999-001\0PsGwmgAI-k_clip0004_t00105.mp4,tier2,1,1.0,0.0268134716898202,True,9,0.8732467293739319,400,0.6914654618137185
0PsGwmgAI-k_clip0005_t00108,0PsGwmgAI-k,108.13,120.094,11.964,1.0,1.0,5.23,E:\FPTU\PRJ\VN-AV-DF-Capstone\data\clips\tier2\tier2_v3_clips_0_999-001\0PsGwmgAI-k_clip0005_t00108.mp4,tier2,1,1.0,0.0271480083465576,True,9,0.870218813419342,400,0.6918571884027578
0PsGwmgAI-k_clip0014_t00379,0PsGwmgAI-k,379.81,387.262,7.452,1.0,1.0,7.34,E:\FPTU\PRJ\VN-AV-DF-Capstone\data\clips\tier2\tier2_v3_clips_0_999-001\0PsGwmgAI-k_clip0014_t00379.mp4,tier2,1,1.0,0.0105785392224788,True,9,0.8555022478103638,400,0.643392526862159
0PsGwmgAI-k_clip0020_t00493,0PsGwmgAI-k,493.314,499.358,6.044,1.0,1.0,7.98,E:\FPTU\PRJ\VN-AV-DF-Capstone\data\clips\tier2\tier2_v3_clips_0_999-001\0PsGwmgAI-k_clip0020_t00493.mp4,tier2,1,1.0,0.0107167661190032,True,9,0.8795517683029175,400,0.6480191997197053
0PsGwmgAI-k_clip0021_t00499,0PsGwmgAI-k,499.522,502.078,2.556,1.0,1.0,10.79,E:\FPTU\PRJ\VN-AV-DF-Capstone\data\clips\tier2\tier2_v3_clips_0_999-001\0PsGwmgAI-k_clip0021_t00499.mp4,tier2,1,1.0,0.0106460303068161,True,9,0.8747539520263672,400,0.6469767153150179
0PsGwmgAI-k_clip0022_t00502,0PsGwmgAI-k,502.178,505.214,3.036,1.0,1.0,9.27,E:\FPTU\PRJ\VN-AV-DF-Capstone\data\clips\tier2\tier2_v3_clips_0_999-001\0PsGwmgAI-k_clip0022_t00502.mp4,tier2,1,1.0,0.0106688532978296,True,9,0.8732278347015381,400,0.6467705791189188
0PsGwmgAI-k_clip0026_t00618,0PsGwmgAI-k,618.018,623.774,5.756,1.0,1.0,5.83,E:\FPTU\PRJ\VN-AV-DF-Capstone\data\clips\tier2\tier2_v3_clips_0_999-001\0PsGwmgAI-k_clip0026_t00618.mp4,tier2,1,1.0,0.010852750390768,True,9,0.8745220899581909,400,0.6475080412169842
0PsGwmgAI-k_clip0027_t00624,0PsGwmgAI-k,624.002,626.686,2.684,1.0,1.0,7.32,E:\FPTU\PRJ\VN-AV-DF-Capstone\data\clips\tier2\tier2_v3_clips_0_999-001\0PsGwmgAI-k_clip0027_t00624.mp4,tier2,1,1.0,0.010771369561553,True,9,0.8475207090377808,400,0.6425178131521807
0PsGwmgAI-k_clip0028_t00686,0PsGwmgAI-k,686.754,691.486,4.732,1.0,1.0,6.83,E:\FPTU\PRJ\VN-AV-DF-Capstone\data\clips\tier2\tier2_v3_clips_0_999-001\0PsGwmgAI-k_clip0028_t00686.mp4,tier2,1,1.0,0.0106558986008167,True,9,0.8720453977584839,400,0.6465260525711513
0PsGwmgAI-k_clip0029_t00691,0PsGwmgAI-k,691.618,695.582,3.964,1.0,1.0,7.56,E:\FPTU\PRJ\VN-AV-DF-Capstone\data\clips\tier2\tier2_v3_clips_0_999-001\0PsGwmgAI-k_clip0029_t00691.mp4,tier2,1,1.0,0.0107026221230626,True,9,0.8247656226158142,400,0.6383119029398333
0PsGwmgAI-k_clip0030_t00695,0PsGwmgAI-k,695.874,699.678,3.804,1.0,1.0,8.21,E:\FPTU\PRJ\VN-AV-DF-Capstone\data\clips\tier2\tier2_v3_clips_0_999-001\0PsGwmgAI-k_clip0030_t00695.mp4,tier2,1,1.0,0.0107601173222064,True,9,0.8729072213172913,400,0.6469666374474811
0PsGwmgAI-k_clip0038_t00821,0PsGwmgAI-k,821.282,825.598,4.316,1.0,1.0,4.53,E:\FPTU\PRJ\VN-AV-DF-Capstone\data\clips\tier2\tier2_v3_clips_0_999-001\0PsGwmgAI-k_clip0038_t00821.mp4,tier2,1,1.0,0.0103963119909167,True,9,0.8135063648223877,400,0.6354770470880994
0PsGwmgAI-k_clip0044_t00968,0PsGwmgAI-k,968.098,972.574,4.476,1.0,1.0,7.17,E:\FPTU\PRJ\VN-AV-DF-Capstone\data\clips\tier2\tier2_v3_clips_0_999-001\0PsGwmgAI-k_clip0044_t00968.mp4,tier2,1,1.0,0.0103726629167795,True,9,0.8268597722053528,400,0.6377680653538804
0PsGwmgAI-k_clip0045_t00972,0PsGwmgAI-k,972.77,975.294,2.524,1.0,1.0,6.32,E:\FPTU\PRJ\VN-AV-DF-Capstone\data\clips\tier2\tier2_v3_clips_0_999-001\0PsGwmgAI-k_clip0045_t00972.mp4,tier2,1,1.0,0.010563381947577,True,9,0.8778502345085144,400,0.6472943308375254
0PsGwmgAI-k_clip0046_t01040,0PsGwmgAI-k,1040.482,1045.482,5.0,1.0,1.0,6.81,E:\FPTU\PRJ\VN-AV-DF-Capstone\data\clips\tier2\tier2_v3_clips_0_999-001\0PsGwmgAI-k_clip0046_t01040.mp4,tier2,1,1.0,0.010583696886897,True,9,0.8335422873497009,400,0.6395315171737026
F1JQOFSjVZg_clip0005_t00046,F1JQOFSjVZg,46.05,48.286,2.236,1.0,1.0,6.56,E:\FPTU\PRJ\VN-AV-DF-Capstone\data\clips\tier1\100-300\tier1_v3_clips_100_300\F1JQOFSjVZg_clip0005_t00046.mp4,tier1,1,1.0,0.0261968486011028,True,9,0.9294200539588928,401,0.6996714648122189
F1JQOFSjVZg_clip0007_t00053,F1JQOFSjVZg,53.026,55.614,2.588,1.0,1.0,6.12,E:\FPTU\PRJ\VN-AV-DF-Capstone\data\clips\tier1\100-300\tier1_v3_clips_100_300\F1JQOFSjVZg_clip0007_t00053.mp4,tier1,1,1.0,0.0263884998857975,True,9,0.9204241633415222,401,0.6986144839760329
F1JQOFSjVZg_clip0008_t00113,F1JQOFSjVZg,113.762,117.566,3.804,1.0,1.0,10.43,E:\FPTU\PRJ\VN-AV-DF-Capstone\data\clips\tier1\100-300\tier1_v3_clips_100_300\F1JQOFSjVZg_clip0008_t00113.mp4,tier1,1,1.0,0.0258632525801658,True,9,0.9292260408401488,401,0.6987137663732939
F1JQOFSjVZg_clip0009_t00117,F1JQOFSjVZg,117.73,121.854,4.124,1.0,1.0,6.83,E:\FPTU\PRJ\VN-AV-DF-Capstone\data\clips\tier1\100-300\tier1_v3_clips_100_300\F1JQOFSjVZg_clip0009_t00117.mp4,tier1,1,1.0,0.025779178366065,True,9,0.916567087173462,401,0.6962470990520152
F1JQOFSjVZg_clip0011_t00166,F1JQOFSjVZg,166.626,170.078,3.452,1.0,1.0,7.76,E:\FPTU\PRJ\VN-AV-DF-Capstone\data\clips\tier1\100-300\tier1_v3_clips_100_300\F1JQOFSjVZg_clip0011_t00166.mp4,tier1,1,1.0,0.0262127891182899,True,9,0.935027003288269,401,0.7007050530137663
F1JQOFSjVZg_clip0015_t00203,F1JQOFSjVZg,203.234,207.998,4.764,1.0,1.0,8.51,E:\FPTU\PRJ\VN-AV-DF-Capstone\data\clips\tier1\100-300\tier1_v3_clips_100_300\F1JQOFSjVZg_clip0015_t00203.mp4,tier1,1,1.0,0.0262898784130811,True,9,0.9219095706939696,401,0.6986036106285596
F1JQOFSjVZg_clip0017_t00213,F1JQOFSjVZg,213.218,215.23,2.012,1.0,1.0,7.2,E:\FPTU\PRJ\VN-AV-DF-Capstone\data\clips\tier1\100-300\tier1_v3_clips_100_300\F1JQOFSjVZg_clip0017_t00213.mp4,tier1,1,1.0,0.0261541176587343,True,9,0.9404777884483336,401,0.70150454188588
F1JQOFSjVZg_clip0023_t00254,F1JQOFSjVZg,254.626,258.078,3.452,1.0,1.0,7.88,E:\FPTU\PRJ\VN-AV-DF-Capstone\data\clips\tier1\100-300\tier1_v3_clips_100_300\F1JQOFSjVZg_clip0023_t00254.mp4,tier1,1,1.0,0.0263794064521789,True,9,0.9389593601226808,401,0.7018602286032702
F1JQOFSjVZg_clip0024_t00259,F1JQOFSjVZg,259.682,262.462,2.78,1.0,1.0,7.89,E:\FPTU\PRJ\VN-AV-DF-Capstone\data\clips\tier1\100-300\tier1_v3_clips_100_300\F1JQOFSjVZg_clip0024_t00259.mp4,tier1,1,1.0,0.0268541853874921,True,9,0.932750940322876,401,0.702078908619864
F1JQOFSjVZg_clip0026_t00267,F1JQOFSjVZg,267.97,269.982,2.012,1.0,1.0,8.15,E:\FPTU\PRJ\VN-AV-DF-Capstone\data\clips\tier1\100-300\tier1_v3_clips_100_300\F1JQOFSjVZg_clip0026_t00267.mp4,tier1,1,1.0,0.02613833732903,True,9,0.9083997011184692,401,0.6958000198212745
F1JQOFSjVZg_clip0031_t00379,F1JQOFSjVZg,379.586,382.334,2.748,1.0,1.0,7.76,E:\FPTU\PRJ\VN-AV-DF-Capstone\data\clips\tier1\100-300\tier1_v3_clips_100_300\F1JQOFSjVZg_clip0031_t00379.mp4,tier1,1,1.0,0.0259632356464862,True,9,0.9288981556892396,401,0.6989326775093073
F1JQOFSjVZg_clip0033_t00387,F1JQOFSjVZg,387.234,390.91,3.676,1.0,1.0,8.26,E:\FPTU\PRJ\VN-AV-DF-Capstone\data\clips\tier1\100-300\tier1_v3_clips_100_300\F1JQOFSjVZg_clip0033_t00387.mp4,tier1,1,1.0,0.0266439672559499,True,9,0.9229748845100404,401,0.699771796263682
F1JQOFSjVZg_clip0034_t00391,F1JQOFSjVZg,391.042,393.662,2.62,1.0,1.0,8.24,E:\FPTU\PRJ\VN-AV-DF-Capstone\data\clips\tier1\100-300\tier1_v3_clips_100_300\F1JQOFSjVZg_clip0034_t00391.mp4,tier1,1,1.0,0.0262704156339168,True,9,0.9480440616607666,401,0.703161702738481
F1JQOFSjVZg_clip0036_t00397,F1JQOFSjVZg,397.474,399.87,2.396,1.0,1.0,9.02,E:\FPTU\PRJ\VN-AV-DF-Capstone\data\clips\tier1\100-300\tier1_v3_clips_100_300\F1JQOFSjVZg_clip0036_t00397.mp4,tier1,1,1.0,0.0258175805211067,True,9,0.93869811296463,401,0.7002588790745835
F1JQOFSjVZg_clip0043_t00478,F1JQOFSjVZg,478.21,480.862,2.652,1.0,1.0,10.6,E:\FPTU\PRJ\VN-AV-DF-Capstone\data\clips\tier1\100-300\tier1_v3_clips_100_300\F1JQOFSjVZg_clip0043_t00478.mp4,tier1,1,1.0,0.0267919227480888,True,9,0.9141660332679749,401,0.6986268636406119
F1JQOFSjVZg_clip0045_t00486,F1JQOFSjVZg,486.626,489.662,3.036,1.0,1.0,8.0,E:\FPTU\PRJ\VN-AV-DF-Capstone\data\clips\tier1\100-300\tier1_v3_clips_100_300\F1JQOFSjVZg_clip0045_t00486.mp4,tier1,1,1.0,0.0267211310565471,True,9,0.9395386576652528,401,0.7029084199636692
F1JQOFSjVZg_clip0046_t00533,F1JQOFSjVZg,533.698,536.542,2.844,1.0,1.0,8.28,E:\FPTU\PRJ\VN-AV-DF-Capstone\data\clips\tier1\100-300\tier1_v3_clips_100_300\F1JQOFSjVZg_clip0046_t00533.mp4,tier1,1,1.0,0.0264464933425188,True,9,0.9302517771720886,401,0.7005093063129837
F1JQOFSjVZg_clip0048_t00541,F1JQOFSjVZg,541.122,543.134,2.012,1.0,1.0,9.05,E:\FPTU\PRJ\VN-AV-DF-Capstone\data\clips\tier1\100-300\tier1_v3_clips_100_300\F1JQOFSjVZg_clip0048_t00541.mp4,tier1,1,1.0,0.0265242811292409,True,9,0.94541198015213,401,0.703399968477527
F1JQOFSjVZg_clip0049_t00586,F1JQOFSjVZg,586.274,589.502,3.228,1.0,1.0,8.73,E:\FPTU\PRJ\VN-AV-DF-Capstone\data\clips\tier1\100-300\tier1_v3_clips_100_300\F1JQOFSjVZg_clip0049_t00586.mp4,tier1,1,1.0,0.0258085448294878,True,9,0.9141467213630676,401,0.6959012679463299
F1JQOFSjVZg_clip0051_t00593,F1JQOFSjVZg,593.026,596.414,3.388,1.0,1.0,7.56,E:\FPTU\PRJ\VN-AV-DF-Capstone\data\clips\tier1\100-300\tier1_v3_clips_100_300\F1JQOFSjVZg_clip0051_t00593.mp4,tier1,1,1.0,0.0263392534106969,True,9,0.9329953789711,401,0.7006966096527286
F1JQOFSjVZg_clip0052_t00596,F1JQOFSjVZg,596.93,600.382,3.452,1.0,1.0,6.15,E:\FPTU\PRJ\VN-AV-DF-Capstone\data\clips\tier1\100-300\tier1_v3_clips_100_300\F1JQOFSjVZg_clip0052_t00596.mp4,tier1,1,1.0,0.0261990595608949,True,9,0.9185301661491394,401,0.697755840285663
F1JQOFSjVZg_clip0055_t00652,F1JQOFSjVZg,652.13,656.542,4.412,1.0,1.0,8.76,E:\FPTU\PRJ\VN-AV-DF-Capstone\data\clips\tier1\100-300\tier1_v3_clips_100_300\F1JQOFSjVZg_clip0055_t00652.mp4,tier1,1,1.0,0.0256211180239915,True,9,0.9111427664756776,401,0.6948523231949855
F1JQOFSjVZg_clip0056_t00656,F1JQOFSjVZg,656.898,660.478,3.58,1.0,1.0,7.8,E:\FPTU\PRJ\VN-AV-DF-Capstone\data\clips\tier1\100-300\tier1_v3_clips_100_300\F1JQOFSjVZg_clip0056_t00656.mp4,tier1,1,1.0,0.0253643933683633,True,9,0.9193134307861328,401,0.6955835396906306
F1JQOFSjVZg_clip0058_t00665,F1JQOFSjVZg,665.922,668.574,2.652,1.0,1.0,7.77,E:\FPTU\PRJ\VN-AV-DF-Capstone\data\clips\tier1\100-300\tier1_v3_clips_100_300\F1JQOFSjVZg_clip0058_t00665.mp4,tier1,1,1.0,0.025604547932744,True,9,0.9231980443000792,401,0.6969338558212841
F1JQOFSjVZg_clip0060_t00672,F1JQOFSjVZg,672.386,675.134,2.748,1.0,1.0,8.89,E:\FPTU\PRJ\VN-AV-DF-Capstone\data\clips\tier1\100-300\tier1_v3_clips_100_300\F1JQOFSjVZg_clip0060_t00672.mp4,tier1,1,1.0,0.0258180107921361,True,9,0.9179829359054564,401,0.696604450670235
F1JQOFSjVZg_clip0062_t00732,F1JQOFSjVZg,732.674,735.134,2.46,1.0,1.0,8.62,E:\FPTU\PRJ\VN-AV-DF-Capstone\data\clips\tier1\100-300\tier1_v3_clips_100_300\F1JQOFSjVZg_clip0062_t00732.mp4,tier1,1,1.0,0.0258860923349857,True,9,0.932715117931366,401,0.6993927108914939
F1JQOFSjVZg_clip0063_t00736,F1JQOFSjVZg,736.898,740.03,3.132,1.0,1.0,6.34,E:\FPTU\PRJ\VN-AV-DF-Capstone\data\clips\tier1\100-300\tier1_v3_clips_100_300\F1JQOFSjVZg_clip0063_t00736.mp4,tier1,1,1.0,0.0264190509915351,True,9,0.9321897029876708,401,0.7007753272789223
F1JQOFSjVZg_clip0065_t00743,F1JQOFSjVZg,743.97,746.334,2.364,1.0,1.0,7.6,E:\FPTU\PRJ\VN-AV-DF-Capstone\data\clips\tier1\100-300\tier1_v3_clips_100_300\F1JQOFSjVZg_clip0065_t00743.mp4,tier1,1,1.0,0.0263690575957298,True,9,0.9265891313552856,401,0.6996485993415914
F1JQOFSjVZg_clip0067_t00783,F1JQOFSjVZg,783.81,786.142,2.332,1.0,1.0,7.83,E:\FPTU\PRJ\VN-AV-DF-Capstone\data\clips\tier1\100-300\tier1_v3_clips_100_300\F1JQOFSjVZg_clip0067_t00783.mp4,tier1,1,1.0,0.0258576478809118,True,9,0.9374390840530396,401,0.7001476120063465
F1JQOFSjVZg_clip0068_t00787,F1JQOFSjVZg,787.906,790.142,2.236,1.0,1.0,10.06,E:\FPTU\PRJ\VN-AV-DF-Capstone\data\clips\tier1\100-300\tier1_v3_clips_100_300\F1JQOFSjVZg_clip0068_t00787.mp4,tier1,1,1.0,0.0265500433743,True,9,0.931407392024994,401,0.7009998856445765
hjEoiiSe0is_clip0047_t00654,hjEoiiSe0is,654.146,656.158,2.012,1.0,1.0,4.8,E:\FPTU\PRJ\VN-AV-DF-Capstone\data\clips\tier1\100-300\tier1_v3_clips_100_300\hjEoiiSe0is_clip0047_t00654.mp4,tier1,1,1.0,0.0797260254621505,True,9,0.9109420776367188,402,0.8445901649299846
hjEoiiSe0is_clip0048_t00658,hjEoiiSe0is,658.338,660.99,2.652,1.0,1.0,10.43,E:\FPTU\PRJ\VN-AV-DF-Capstone\data\clips\tier1\100-300\tier1_v3_clips_100_300\hjEoiiSe0is_clip0048_t00658.mp4,tier1,1,1.0,0.0753986835479736,True,9,0.9178431034088136,402,0.8338290409102388
mHTLamr-Zqk_clip0000_t00000,mHTLamr-Zqk,0.034,5.246,5.212,1.0,1.0,16.42,E:\FPTU\PRJ\VN-AV-DF-Capstone\data\clips\tier2\tier2_v3_clips_0_999-001\mHTLamr-Zqk_clip0000_t00000.mp4,tier2,1,1.0,0.019567085430026,True,9,0.8597094416618347,404,0.6690170751932158
mHTLamr-Zqk_clip0001_t00007,mHTLamr-Zqk,7.202,12.202,5.0,1.0,1.0,18.96,E:\FPTU\PRJ\VN-AV-DF-Capstone\data\clips\tier2\tier2_v3_clips_0_999-001\mHTLamr-Zqk_clip0001_t00007.mp4,tier2,1,1.0,0.019913263618946,True,9,0.8611473441123962,404,0.6702291134838788
mHTLamr-Zqk_clip0002_t00044,mHTLamr-Zqk,44.354,53.47,9.116,1.0,1.0,18.1,E:\FPTU\PRJ\VN-AV-DF-Capstone\data\clips\tier2\tier2_v3_clips_0_999-001\mHTLamr-Zqk_clip0002_t00044.mp4,tier2,1,1.0,0.0197930671274662,True,9,0.8611850738525391,404,0.6699030436286545
mHTLamr-Zqk_clip0003_t00084,mHTLamr-Zqk,84.674,91.198,6.524,1.0,1.0,18.32,E:\FPTU\PRJ\VN-AV-DF-Capstone\data\clips\tier2\tier2_v3_clips_0_999-001\mHTLamr-Zqk_clip0003_t00084.mp4,tier2,1,1.0,0.0196565426886081,True,9,0.8315274715423584,404,0.664291422018848
0-fu0N-npmg_clip0053_t00765,0-fu0N-npmg,765.186,769.726,4.54,1.0,1.0,3.5,E:\FPTU\PRJ\VN-AV-DF-Capstone\data\clips\tier1\0-100\tier1_v3_clips_0_100\0-fu0N-npmg_clip0053_t00765.mp4,tier1,1,1.0,0.0576995685696601,True,9,0.9121882319450378,405,0.7838364151130545
0-fu0N-npmg_clip0054_t00771,0-fu0N-npmg,771.874,776.19,4.316,1.0,1.0,3.8,E:\FPTU\PRJ\VN-AV-DF-Capstone\data\clips\tier1\0-100\tier1_v3_clips_0_100\0-fu0N-npmg_clip0054_t00771.mp4,tier1,1,1.0,0.0582311227917671,True,9,0.9143111109733582,405,0.7856824897387544
cVabKjWav-Y_clip0021_t00292,cVabKjWav-Y,292.29,298.238,5.948,1.0,1.0,17.96,E:\FPTU\PRJ\VN-AV-DF-Capstone\data\clips\tier2\tier2_v3_clips_0_999-001\cVabKjWav-Y_clip0021_t00292.mp4,tier2,1,1.0,0.0693062618374824,True,9,0.9143829345703124,407,0.8163533751732237
cVabKjWav-Y_clip0022_t00298,cVabKjWav-Y,298.786,304.062,5.276,1.0,1.0,17.94,E:\FPTU\PRJ\VN-AV-DF-Capstone\data\clips\tier2\tier2_v3_clips_0_999-001\cVabKjWav-Y_clip0022_t00298.mp4,tier2,1,1.0,0.0686958134174346,True,9,0.9194328784942628,407,0.8155546978377176
MpVfVbPdmis_clip0093_t01105,MpVfVbPdmis,1105.314,1110.314,5.0,1.0,1.0,5.78,E:\FPTU\PRJ\VN-AV-DF-Capstone\data\clips\tier1\100-300\tier1_v3_clips_100_300\MpVfVbPdmis_clip0093_t01105.mp4,tier1,1,1.0,0.082421526312828,True,9,0.9227719902992249,408,0.8541394846537811
MpVfVbPdmis_clip0094_t01109,MpVfVbPdmis,1109.314,1114.314,5.0,1.0,1.0,5.9,E:\FPTU\PRJ\VN-AV-DF-Capstone\data\clips\tier1\100-300\tier1_v3_clips_100_300\MpVfVbPdmis_clip0094_t01109.mp4,tier1,1,1.0,0.0782903879880905,True,9,0.9484447836875916,408,0.8472341564746804
7640076740022390036_clip0000_t00010,7640076740022390036,10.242,12.286,2.044,1.0,1.0,9.09,E:\FPTU\PRJ\VN-AV-DF-Capstone\data\clips\tier3\tier3_v3_clips_0_1262-001\7640076740022390036_clip0000_t00010.mp4,tier3,1,1.0,0.4176430404186249,True,9,0.9173581600189208,410,0.985416145885692
7640076740022390036_clip0001_t00020,7640076740022390036,20.898,24.478,3.58,1.0,1.0,9.22,E:\FPTU\PRJ\VN-AV-DF-Capstone\data\clips\tier3\tier3_v3_clips_0_1262-001\7640076740022390036_clip0001_t00020.mp4,tier3,1,1.0,0.3764005303382873,True,9,0.8482712507247925,410,0.9732243383631988
7640076740022390036_clip0002_t00027,7640076740022390036,27.362,30.654,3.292,1.0,1.0,11.76,E:\FPTU\PRJ\VN-AV-DF-Capstone\data\clips\tier3\tier3_v3_clips_0_1262-001\7640076740022390036_clip0002_t00027.mp4,tier3,1,1.0,0.2699106335639953,True,9,0.4655380249023437,410,0.9056831808651196
7640076740022390036_clip0003_t00034,7640076740022390036,34.082,36.158,2.076,1.0,1.0,7.98,E:\FPTU\PRJ\VN-AV-DF-Capstone\data\clips\tier3\tier3_v3_clips_0_1262-001\7640076740022390036_clip0003_t00034.mp4,tier3,1,1.0,0.3622940480709076,True,9,0.85749351978302,410,0.9748517976087683
FufWLL1IIrQ_clip0089_t00555,FufWLL1IIrQ,555.394,558.078,2.684,1.0,1.0,1.78,E:\FPTU\PRJ\VN-AV-DF-Capstone\data\clips\tier2\tier2_v3_clips_0_999-001\FufWLL1IIrQ_clip0089_t00555.mp4,tier2,1,1.0,0.0333465337753295,True,9,0.9849205017089844,411,0.7292574269296834
FufWLL1IIrQ_clip0090_t00558,FufWLL1IIrQ,558.69,561.502,2.812,1.0,1.0,1.25,E:\FPTU\PRJ\VN-AV-DF-Capstone\data\clips\tier2\tier2_v3_clips_0_999-001\FufWLL1IIrQ_clip0090_t00558.mp4,tier2,1,1.0,0.0331903174519538,True,9,0.985306978225708,411,0.7288931904895672
FufWLL1IIrQ_clip0091_t00561,FufWLL1IIrQ,561.73,566.846,5.116,1.0,1.0,1.52,E:\FPTU\PRJ\VN-AV-DF-Capstone\data\clips\tier2\tier2_v3_clips_0_999-001\FufWLL1IIrQ_clip0091_t00561.mp4,tier2,1,1.0,0.0334204584360122,True,9,0.980728566646576,411,0.728722312001004
FufWLL1IIrQ_clip0092_t00567,FufWLL1IIrQ,567.266,573.63,6.364,1.0,1.0,1.75,E:\FPTU\PRJ\VN-AV-DF-Capstone\data\clips\tier2\tier2_v3_clips_0_999-001\FufWLL1IIrQ_clip0092_t00567.mp4,tier2,1,1.0,0.0329181961715221,True,9,0.9850258231163024,411,0.7280902884887697
FufWLL1IIrQ_clip0093_t00573,FufWLL1IIrQ,573.826,576.382,2.556,1.0,1.0,1.23,E:\FPTU\PRJ\VN-AV-DF-Capstone\data\clips\tier2\tier2_v3_clips_0_999-001\FufWLL1IIrQ_clip0093_t00573.mp4,tier2,1,1.0,0.0332871749997139,True,9,0.9855552315711976,411,0.7292051210614257
FufWLL1IIrQ_clip0094_t00577,FufWLL1IIrQ,577.218,583.902,6.684,1.0,1.0,1.52,E:\FPTU\PRJ\VN-AV-DF-Capstone\data\clips\tier2\tier2_v3_clips_0_999-001\FufWLL1IIrQ_clip0094_t00577.mp4,tier2,1,1.0,0.0340458638966083,True,9,0.7207162380218506,411,0.6845690314246895
FufWLL1IIrQ_clip0095_t00585,FufWLL1IIrQ,585.57,590.558,4.988,1.0,1.0,0.96,E:\FPTU\PRJ\VN-AV-DF-Capstone\data\clips\tier2\tier2_v3_clips_0_999-001\FufWLL1IIrQ_clip0095_t00585.mp4,tier2,1,1.0,0.033224519342184,True,9,0.9808327555656432,411,0.7281982994906624
FufWLL1IIrQ_clip0096_t00591,FufWLL1IIrQ,591.682,596.222,4.54,1.0,1.0,1.43,E:\FPTU\PRJ\VN-AV-DF-Capstone\data\clips\tier2\tier2_v3_clips_0_999-001\FufWLL1IIrQ_clip0096_t00591.mp4,tier2,1,1.0,0.033021692186594,True,9,0.9805314540863036,411,0.7275836623119194
FufWLL1IIrQ_clip0097_t00597,FufWLL1IIrQ,597.058,602.366,5.308,1.0,1.0,1.48,E:\FPTU\PRJ\VN-AV-DF-Capstone\data\clips\tier2\tier2_v3_clips_0_999-001\FufWLL1IIrQ_clip0097_t00597.mp4,tier2,1,1.0,0.0332439020276069,True,9,0.9814364314079284,411,0.7283584856903002
FufWLL1IIrQ_clip0098_t00602,FufWLL1IIrQ,602.818,609.918,7.1,1.0,1.0,1.34,E:\FPTU\PRJ\VN-AV-DF-Capstone\data\clips\tier2\tier2_v3_clips_0_999-001\FufWLL1IIrQ_clip0098_t00602.mp4,tier2,1,1.0,0.0472702495753765,True,9,0.617473840713501,411,0.7029575421436862
FufWLL1IIrQ_clip0099_t00610,FufWLL1IIrQ,610.754,615.518,4.764,1.0,1.0,1.38,E:\FPTU\PRJ\VN-AV-DF-Capstone\data\clips\tier2\tier2_v3_clips_0_999-001\FufWLL1IIrQ_clip0099_t00610.mp4,tier2,1,1.0,0.0331565700471401,True,9,0.9868602752685548,411,0.7290738821335823
FufWLL1IIrQ_clip0100_t00617,FufWLL1IIrQ,617.602,620.158,2.556,1.0,1.0,0.95,E:\FPTU\PRJ\VN-AV-DF-Capstone\data\clips\tier2\tier2_v3_clips_0_999-001\FufWLL1IIrQ_clip0100_t00617.mp4,tier2,1,1.0,0.033342745155096,True,9,0.9834476113319396,411,0.7289870174362236
FufWLL1IIrQ_clip0101_t00620,FufWLL1IIrQ,620.578,624.926,4.348,1.0,1.0,2.32,E:\FPTU\PRJ\VN-AV-DF-Capstone\data\clips\tier2\tier2_v3_clips_0_999-001\FufWLL1IIrQ_clip0101_t00620.mp4,tier2,1,1.0,0.0332833155989646,True,9,0.980249285697937,411,0.7282580940751174
FufWLL1IIrQ_clip0102_t00625,FufWLL1IIrQ,625.058,628.126,3.068,1.0,1.0,0.91,E:\FPTU\PRJ\VN-AV-DF-Capstone\data\clips\tier2\tier2_v3_clips_0_999-001\FufWLL1IIrQ_clip0102_t00625.mp4,tier2,1,1.0,0.0332991704344749,True,9,0.9829480051994324,411,0.7287782280641142
CklYiLA4DZc_clip0017_t00323,CklYiLA4DZc,323.778,326.11,2.332,1.0,1.0,7.48,E:\FPTU\PRJ\VN-AV-DF-Capstone\data\clips\tier1\100-300\tier1_v3_clips_100_300\CklYiLA4DZc_clip0017_t00323.mp4,tier1,1,1.0,0.0356728434562683,True,9,0.9761368632316588,412,0.734147065802935
qh78i88JEiU_clip0030_t00256,qh78i88JEiU,256.834,259.582,2.748,1.0,1.0,2.13,E:\FPTU\PRJ\VN-AV-DF-Capstone\data\clips\tier1\300-400\tier1_v3_clips_300_400\qh78i88JEiU_clip0030_t00256.mp4,tier1,1,1.0,0.024197943508625,True,9,0.6758391857147217,415,0.6493885288060928
7551395128355736849_clip0007_t00097,7551395128355736849,97.698,100.222,2.524,1.0,1.0,0.75,E:\FPTU\PRJ\VN-AV-DF-Capstone\data\clips\tier3\tier3_v3_clips_0_1262-001\7551395128355736849_clip0007_t00097.mp4,tier3,1,1.0,0.0989072024822235,True,9,0.5624039769172668,417,0.8361807941631799
7551395128355736849_clip0009_t00119,7551395128355736849,119.778,124.958,5.18,1.0,1.0,-5.75,E:\FPTU\PRJ\VN-AV-DF-Capstone\data\clips\tier3\tier3_v3_clips_0_1262-001\7551395128355736849_clip0009_t00119.mp4,tier3,1,1.0,0.0553702339529991,True,9,0.6700796484947205,417,0.7346633046225624
Xigg3vUV2Gw_clip0006_t00065,Xigg3vUV2Gw,65.826,68.798,2.972,1.0,1.0,12.05,E:\FPTU\PRJ\VN-AV-DF-Capstone\data\clips\tier1\400-440\tier1_v3_clips_400_440\Xigg3vUV2Gw_clip0006_t00065.mp4,tier1,1,1.0,0.0214491095393896,True,9,0.513441801071167,418,0.6131208419420162
Xigg3vUV2Gw_clip0007_t00069,Xigg3vUV2Gw,69.186,72.062,2.876,1.0,1.0,10.83,E:\FPTU\PRJ\VN-AV-DF-Capstone\data\clips\tier1\400-440\tier1_v3_clips_400_440\Xigg3vUV2Gw_clip0007_t00069.mp4,tier1,1,1.0,0.0188866164535284,True,9,0.9331252574920654,418,0.680089132515738
qh78i88JEiU_clip0032_t00324,qh78i88JEiU,324.034,333.982,9.948,1.0,1.0,-7.41,E:\FPTU\PRJ\VN-AV-DF-Capstone\data\clips\tier1\300-400\tier1_v3_clips_300_400\qh78i88JEiU_clip0032_t00324.mp4,tier1,1,1.0,0.1153301373124122,True,9,0.9533182978630066,419,0.9506276585059352
qh78i88JEiU_clip0033_t00344,qh78i88JEiU,344.61,346.718,2.108,1.0,1.0,-9.08,E:\FPTU\PRJ\VN-AV-DF-Capstone\data\clips\tier1\300-400\tier1_v3_clips_300_400\qh78i88JEiU_clip0033_t00344.mp4,tier1,1,1.0,0.1172793954610824,True,9,0.9535412192344666,419,0.9560629358751946
gHsxuixSqz0_clip0068_t00744,gHsxuixSqz0,744.034,749.034,5.0,1.0,1.0,7.9,E:\FPTU\PRJ\VN-AV-DF-Capstone\data\clips\tier1\100-300\tier1_v3_clips_100_300\gHsxuixSqz0_clip0068_t00744.mp4,tier1,1,1.0,0.0453865192830562,True,9,0.5148769021034241,421,0.6796376560080218
Nw3N73GJ2Zo_clip0069_t00782,Nw3N73GJ2Zo,782.082,790.558,8.476,0.875,1.0,3.89,E:\FPTU\PRJ\VN-AV-DF-Capstone\data\clips\tier1\100-300\tier1_v3_clips_100_300\Nw3N73GJ2Zo_clip0069_t00782.mp4,tier1,1,0.8888888888888888,0.0116178002208471,True,9,0.4805254340171814,423,0.5278094495649803
Nw3N73GJ2Zo_clip0070_t00790,Nw3N73GJ2Zo,790.658,792.99,2.332,1.0,1.0,2.88,E:\FPTU\PRJ\VN-AV-DF-Capstone\data\clips\tier1\100-300\tier1_v3_clips_100_300\Nw3N73GJ2Zo_clip0070_t00790.mp4,tier1,1,1.0,0.0162343215197324,True,9,0.9598347544670104,423,0.6774604877420526
UnodrLYWJYI_clip0024_t00220,UnodrLYWJYI,220.29,224.83,4.54,1.0,1.0,16.26,E:\FPTU\PRJ\VN-AV-DF-Capstone\data\clips\tier2\tier2_v3_clips_0_999-001\UnodrLYWJYI_clip0024_t00220.mp4,tier2,1,1.0,0.0182917341589927,True,9,0.3748022317886352,424,0.5799147859980113
FufWLL1IIrQ_clip0066_t00421,FufWLL1IIrQ,421.826,423.838,2.012,1.0,1.0,1.45,E:\FPTU\PRJ\VN-AV-DF-Capstone\data\clips\tier2\tier2_v3_clips_0_999-001\FufWLL1IIrQ_clip0066_t00421.mp4,tier2,1,1.0,0.0491777472198009,True,9,0.5440670251846313,427,0.6952837350620499
FufWLL1IIrQ_clip0067_t00425,FufWLL1IIrQ,425.57,431.198,5.628,1.0,1.0,2.22,E:\FPTU\PRJ\VN-AV-DF-Capstone\data\clips\tier2\tier2_v3_clips_0_999-001\FufWLL1IIrQ_clip0067_t00425.mp4,tier2,1,1.0,0.0238935891538858,True,9,0.9913985729217528,427,0.7042329654687715
FufWLL1IIrQ_clip0068_t00431,FufWLL1IIrQ,431.65,435.902,4.252,1.0,1.0,1.41,E:\FPTU\PRJ\VN-AV-DF-Capstone\data\clips\tier2\tier2_v3_clips_0_999-001\FufWLL1IIrQ_clip0068_t00431.mp4,tier2,1,1.0,0.0241030119359493,True,9,0.9898889064788818,427,0.7045462780926279
FufWLL1IIrQ_clip0069_t00436,FufWLL1IIrQ,436.13,438.398,2.268,1.0,1.0,2.04,E:\FPTU\PRJ\VN-AV-DF-Capstone\data\clips\tier2\tier2_v3_clips_0_999-001\FufWLL1IIrQ_clip0069_t00436.mp4,tier2,1,1.0,0.0240519475191831,True,9,0.9900892972946168,427,0.7044402846095816
FufWLL1IIrQ_clip0070_t00440,FufWLL1IIrQ,440.994,443.87,2.876,1.0,1.0,2.29,E:\FPTU\PRJ\VN-AV-DF-Capstone\data\clips\tier2\tier2_v3_clips_0_999-001\FufWLL1IIrQ_clip0070_t00440.mp4,tier2,1,1.0,0.0231238454580307,True,9,0.9909045696258544,427,0.7020149831687548
FufWLL1IIrQ_clip0071_t00444,FufWLL1IIrQ,444.034,448.382,4.348,1.0,1.0,0.97,E:\FPTU\PRJ\VN-AV-DF-Capstone\data\clips\tier2\tier2_v3_clips_0_999-001\FufWLL1IIrQ_clip0071_t00444.mp4,tier2,1,1.0,0.0235734060406684,True,9,0.9905403852462769,427,0.7031951893793288
FufWLL1IIrQ_clip0072_t00449,FufWLL1IIrQ,449.538,458.174,8.636,1.0,1.0,1.22,E:\FPTU\PRJ\VN-AV-DF-Capstone\data\clips\tier2\tier2_v3_clips_0_999-001\FufWLL1IIrQ_clip0072_t00449.mp4,tier2,1,1.0,0.024237185716629,True,9,0.8674907684326172,427,0.6833180266629229
FufWLL1IIrQ_clip0073_t00459,FufWLL1IIrQ,459.042,465.662,6.62,1.0,1.0,1.46,E:\FPTU\PRJ\VN-AV-DF-Capstone\data\clips\tier2\tier2_v3_clips_0_999-001\FufWLL1IIrQ_clip0073_t00459.mp4,tier2,1,1.0,0.0234744418412446,True,9,0.9908674955368042,427,0.7029789619315824
FufWLL1IIrQ_clip0074_t00466,FufWLL1IIrQ,466.018,470.558,4.54,1.0,1.0,2.18,E:\FPTU\PRJ\VN-AV-DF-Capstone\data\clips\tier2\tier2_v3_clips_0_999-001\FufWLL1IIrQ_clip0074_t00466.mp4,tier2,1,1.0,0.0236988887190818,True,9,0.8677874803543091,427,0.6818802733179262
FufWLL1IIrQ_clip0075_t00470,FufWLL1IIrQ,470.69,473.15,2.46,1.0,1.0,0.99,E:\FPTU\PRJ\VN-AV-DF-Capstone\data\clips\tier2\tier2_v3_clips_0_999-001\FufWLL1IIrQ_clip0075_t00470.mp4,tier2,1,1.0,0.0240558944642543,True,9,0.9923985600471495,427,0.7048587275030973
FufWLL1IIrQ_clip0076_t00474,FufWLL1IIrQ,474.05,477.63,3.58,1.0,1.0,1.75,E:\FPTU\PRJ\VN-AV-DF-Capstone\data\clips\tier2\tier2_v3_clips_0_999-001\FufWLL1IIrQ_clip0076_t00474.mp4,tier2,1,1.0,0.0232333559542894,True,9,0.990976631641388,427,0.7023308470573186
FufWLL1IIrQ_clip0077_t00478,FufWLL1IIrQ,478.082,480.798,2.716,1.0,1.0,2.85,E:\FPTU\PRJ\VN-AV-DF-Capstone\data\clips\tier2\tier2_v3_clips_0_999-001\FufWLL1IIrQ_clip0077_t00478.mp4,tier2,1,1.0,0.0237270966172218,True,9,0.9903193712234496,427,0.7035816333082627
FufWLL1IIrQ_clip0078_t00480,FufWLL1IIrQ,480.994,483.838,2.844,1.0,1.0,1.34,E:\FPTU\PRJ\VN-AV-DF-Capstone\data\clips\tier2\tier2_v3_clips_0_999-001\FufWLL1IIrQ_clip0078_t00480.mp4,tier2,1,1.0,0.0234847869724035,True,9,0.9924961924552916,427,0.7032950164369842
Xigg3vUV2Gw_clip0026_t00241,Xigg3vUV2Gw,241.282,243.454,2.172,1.0,1.0,11.63,E:\FPTU\PRJ\VN-AV-DF-Capstone\data\clips\tier1\400-440\tier1_v3_clips_400_440\Xigg3vUV2Gw_clip0026_t00241.mp4,tier1,1,1.0,0.0189762208610773,True,9,0.8512826561927795,430,0.665894363529905
Xigg3vUV2Gw_clip0027_t00243,Xigg3vUV2Gw,243.554,245.662,2.108,1.0,1.0,10.8,E:\FPTU\PRJ\VN-AV-DF-Capstone\data\clips\tier1\400-440\tier1_v3_clips_400_440\Xigg3vUV2Gw_clip0027_t00243.mp4,tier1,1,1.0,0.0250901505351066,True,9,0.8552320003509521,430,0.6835158926889255
I-uqcg6HtaQ_clip0042_t00446,I-uqcg6HtaQ,446.146,452.19,6.044,1.0,1.0,5.35,E:\FPTU\PRJ\VN-AV-DF-Capstone\data\clips\tier2\tier2_v3_clips_0_999-001\I-uqcg6HtaQ_clip0042_t00446.mp4,tier2,1,1.0,0.0405444093048572,True,9,0.9133880138397216,432,0.7365592127615761
I-uqcg6HtaQ_clip0043_t00454,I-uqcg6HtaQ,454.146,458.046,3.9,1.0,1.0,8.46,E:\FPTU\PRJ\VN-AV-DF-Capstone\data\clips\tier2\tier2_v3_clips_0_999-001\I-uqcg6HtaQ_clip0043_t00454.mp4,tier2,1,1.0,0.0403175204992294,True,9,0.8743864893913269,432,0.7290485169876011
I-uqcg6HtaQ_clip0044_t00458,I-uqcg6HtaQ,458.274,462.142,3.868,1.0,1.0,10.63,E:\FPTU\PRJ\VN-AV-DF-Capstone\data\clips\tier2\tier2_v3_clips_0_999-001\I-uqcg6HtaQ_clip0044_t00458.mp4,tier2,1,1.0,0.0392870493233203,True,9,0.7746289372444153,432,0.7085916917675591
rGuraolgHIs_clip0040_t00473,rGuraolgHIs,473.602,477.758,4.156,1.0,1.0,6.66,E:\FPTU\PRJ\VN-AV-DF-Capstone\data\clips\tier2\tier2_v3_clips_0_999-001\rGuraolgHIs_clip0040_t00473.mp4,tier2,1,1.0,0.0695661902427673,True,9,0.8522616624832153,433,0.8061103318104996
rGuraolgHIs_clip0041_t00483,rGuraolgHIs,483.778,486.942,3.164,1.0,1.0,7.37,E:\FPTU\PRJ\VN-AV-DF-Capstone\data\clips\tier2\tier2_v3_clips_0_999-001\rGuraolgHIs_clip0041_t00483.mp4,tier2,1,1.0,0.0991280749440193,True,9,0.9019279479980468,433,0.8967082084234324
AJ7t8LnesSA_clip0000_t00000,AJ7t8LnesSA,0.29,4.958,4.668,1.0,1.0,10.48,E:\FPTU\PRJ\VN-AV-DF-Capstone\data\clips\tier2\tier2_v3_clips_0_999-001\AJ7t8LnesSA_clip0000_t00000.mp4,tier2,1,1.0,0.0319686792790889,True,9,0.873763382434845,436,0.7058272865477386
AJ7t8LnesSA_clip0001_t00006,AJ7t8LnesSA,6.242,10.942,4.7,1.0,1.0,6.85,E:\FPTU\PRJ\VN-AV-DF-Capstone\data\clips\tier2\tier2_v3_clips_0_999-001\AJ7t8LnesSA_clip0001_t00006.mp4,tier2,1,1.0,0.0322945192456245,True,9,0.886038064956665,436,0.7088953975051602
AJ7t8LnesSA_clip0002_t00011,AJ7t8LnesSA,11.042,17.47,6.428,1.0,1.0,6.32,E:\FPTU\PRJ\VN-AV-DF-Capstone\data\clips\tier2\tier2_v3_clips_0_999-001\AJ7t8LnesSA_clip0002_t00011.mp4,tier2,1,1.0,0.032259676605463,True,9,0.8820140361785889,436,0.7080888233492217
AJ7t8LnesSA_clip0004_t00070,AJ7t8LnesSA,70.85,77.118,6.268,1.0,1.0,8.08,E:\FPTU\PRJ\VN-AV-DF-Capstone\data\clips\tier2\tier2_v3_clips_0_999-001\AJ7t8LnesSA_clip0004_t00070.mp4,tier2,1,1.0,0.0330666974186897,True,9,0.9033805131912231,436,0.7140933739165338
AJ7t8LnesSA_clip0005_t00077,AJ7t8LnesSA,77.314,82.526,5.212,1.0,1.0,5.68,E:\FPTU\PRJ\VN-AV-DF-Capstone\data\clips\tier2\tier2_v3_clips_0_999-001\AJ7t8LnesSA_clip0005_t00077.mp4,tier2,1,1.0,0.0327586196362972,True,9,0.8865691423416138,436,0.710273840196694
AJ7t8LnesSA_clip0006_t00154,AJ7t8LnesSA,154.082,160.51,6.428,1.0,1.0,7.13,E:\FPTU\PRJ\VN-AV-DF-Capstone\data\clips\tier2\tier2_v3_clips_0_999-001\AJ7t8LnesSA_clip0006_t00154.mp4,tier2,1,1.0,0.0329060219228267,True,9,0.8557465672492981,436,0.7052426013922147
AJ7t8LnesSA_clip0007_t00211,AJ7t8LnesSA,211.362,220.67,9.308,1.0,1.0,4.52,E:\FPTU\PRJ\VN-AV-DF-Capstone\data\clips\tier2\tier2_v3_clips_0_999-001\AJ7t8LnesSA_clip0007_t00211.mp4,tier2,1,1.0,0.0326501280069351,True,9,0.8773733973503113,436,0.7083507350348583
AJ7t8LnesSA_clip0009_t00260,AJ7t8LnesSA,260.642,267.678,7.036,1.0,1.0,5.03,E:\FPTU\PRJ\VN-AV-DF-Capstone\data\clips\tier2\tier2_v3_clips_0_999-001\AJ7t8LnesSA_clip0009_t00260.mp4,tier2,1,1.0,0.0324774160981178,True,9,0.8707489371299744,436,0.7067036113690036
AJ7t8LnesSA_clip0010_t00267,AJ7t8LnesSA,267.906,272.798,4.892,1.0,1.0,6.6,E:\FPTU\PRJ\VN-AV-DF-Capstone\data\clips\tier2\tier2_v3_clips_0_999-001\AJ7t8LnesSA_clip0010_t00267.mp4,tier2,1,1.0,0.0324945673346519,True,9,0.8960018157958984,436,0.7112074797914751
AJ7t8LnesSA_clip0018_t00355,AJ7t8LnesSA,355.938,364.03,8.092,1.0,1.0,8.05,E:\FPTU\PRJ\VN-AV-DF-Capstone\data\clips\tier2\tier2_v3_clips_0_999-001\AJ7t8LnesSA_clip0018_t00355.mp4,tier2,1,1.0,0.0315675549209117,True,9,0.8960099816322327,436,0.7086427641557506
AJ7t8LnesSA_clip0021_t00422,AJ7t8LnesSA,422.338,433.31,10.972,1.0,1.0,6.87,E:\FPTU\PRJ\VN-AV-DF-Capstone\data\clips\tier2\tier2_v3_clips_0_999-001\AJ7t8LnesSA_clip0021_t00422.mp4,tier2,1,1.0,0.0322944968938827,True,9,0.8711825609207153,436,0.7062737760952911
AJ7t8LnesSA_clip0027_t00503,AJ7t8LnesSA,503.234,511.998,8.764,1.0,1.0,7.54,E:\FPTU\PRJ\VN-AV-DF-Capstone\data\clips\tier2\tier2_v3_clips_0_999-001\AJ7t8LnesSA_clip0027_t00503.mp4,tier2,1,1.0,0.0328219272196292,True,9,0.8764066696166992,436,0.7086557107707789
AJ7t8LnesSA_clip0028_t00512,AJ7t8LnesSA,512.098,514.878,2.78,1.0,1.0,4.32,E:\FPTU\PRJ\VN-AV-DF-Capstone\data\clips\tier2\tier2_v3_clips_0_999-001\AJ7t8LnesSA_clip0028_t00512.mp4,tier2,1,1.0,0.0330764167010784,True,9,0.8780854344367981,436,0.7096564414162473
qh78i88JEiU_clip0059_t00623,qh78i88JEiU,623.01,627.838,4.828,1.0,1.0,1.75,E:\FPTU\PRJ\VN-AV-DF-Capstone\data\clips\tier1\300-400\tier1_v3_clips_300_400\qh78i88JEiU_clip0059_t00623.mp4,tier1,1,1.0,0.0965887606143951,True,9,0.9339328408241272,437,0.8953267982889301
qh78i88JEiU_clip0060_t00628,qh78i88JEiU,628.002,630.302,2.3,1.0,1.0,1.1,E:\FPTU\PRJ\VN-AV-DF-Capstone\data\clips\tier1\300-400\tier1_v3_clips_300_400\qh78i88JEiU_clip0060_t00628.mp4,tier1,1,1.0,0.0968127772212028,True,9,0.93318110704422,437,0.8958142623755188
qh78i88JEiU_clip0061_t00630,qh78i88JEiU,630.85,635.742,4.892,1.0,1.0,2.46,E:\FPTU\PRJ\VN-AV-DF-Capstone\data\clips\tier1\300-400\tier1_v3_clips_300_400\qh78i88JEiU_clip0061_t00630.mp4,tier1,1,1.0,0.0787577107548713,True,9,0.5565321445465088,437,0.779366745846298
RoXXg62YfpM_clip0012_t00109,RoXXg62YfpM,109.698,111.87,2.172,1.0,1.0,10.26,E:\FPTU\PRJ\VN-AV-DF-Capstone\data\clips\tier1\300-400\tier1_v3_clips_300_400\RoXXg62YfpM_clip0012_t00109.mp4,tier1,1,1.0,0.0171620827168226,True,9,0.5364401936531067,438,0.6053120299880627
RoXXg62YfpM_clip0013_t00114,RoXXg62YfpM,114.53,118.014,3.484,1.0,1.0,10.29,E:\FPTU\PRJ\VN-AV-DF-Capstone\data\clips\tier1\300-400\tier1_v3_clips_300_400\RoXXg62YfpM_clip0013_t00114.mp4,tier1,1,1.0,0.0252385474741458,True,9,0.999344289302826,438,0.7093582656432306
RoXXg62YfpM_clip0065_t00574,RoXXg62YfpM,574.818,576.894,2.076,1.0,1.0,8.41,E:\FPTU\PRJ\VN-AV-DF-Capstone\data\clips\tier1\300-400\tier1_v3_clips_300_400\RoXXg62YfpM_clip0065_t00574.mp4,tier1,1,1.0,0.0273595917969942,True,9,0.9988815784454346,439,0.7151480877442534
RoXXg62YfpM_clip0066_t00577,RoXXg62YfpM,577.698,579.87,2.172,1.0,1.0,9.5,E:\FPTU\PRJ\VN-AV-DF-Capstone\data\clips\tier1\300-400\tier1_v3_clips_300_400\RoXXg62YfpM_clip0066_t00577.mp4,tier1,1,1.0,0.0269584655761718,True,9,0.9998317360877992,439,0.7142053646275557
RoXXg62YfpM_clip0067_t00580,RoXXg62YfpM,580.706,583.646,2.94,1.0,1.0,8.5,E:\FPTU\PRJ\VN-AV-DF-Capstone\data\clips\tier1\300-400\tier1_v3_clips_300_400\RoXXg62YfpM_clip0067_t00580.mp4,tier1,1,1.0,0.0270063504576683,True,9,0.9990673065185548,439,0.7142030202673556
7629321559143894293_clip0000_t00004,7629321559143894293,4.994,7.102,2.108,1.0,1.0,11.82,E:\FPTU\PRJ\VN-AV-DF-Capstone\data\clips\tier3\tier3_v3_clips_0_1262-001\7629321559143894293_clip0000_t00004.mp4,tier3,1,1.0,0.1106380298733711,True,9,0.7012471556663513,440,0.8931558193873417
7629321559143894293_clip0001_t00015,7629321559143894293,15.874,18.622,2.748,1.0,1.0,12.22,E:\FPTU\PRJ\VN-AV-DF-Capstone\data\clips\tier3\tier3_v3_clips_0_1262-001\7629321559143894293_clip0001_t00015.mp4,tier3,1,1.0,0.1033810824155807,True,9,0.7457829117774963,440,0.8809263814523717
gHsxuixSqz0_clip0056_t00628,gHsxuixSqz0,628.13,631.518,3.388,1.0,1.0,8.45,E:\FPTU\PRJ\VN-AV-DF-Capstone\data\clips\tier1\100-300\tier1_v3_clips_100_300\gHsxuixSqz0_clip0056_t00628.mp4,tier1,1,1.0,0.0545792058110237,True,9,0.923496663570404,441,0.7771942294695421
gHsxuixSqz0_clip0057_t00636,gHsxuixSqz0,636.77,639.678,2.908,1.0,1.0,4.56,E:\FPTU\PRJ\VN-AV-DF-Capstone\data\clips\tier1\100-300\tier1_v3_clips_100_300\gHsxuixSqz0_clip0057_t00636.mp4,tier1,1,1.0,0.0547858402132988,True,9,0.9422717690467834,441,0.7810794889305643
gHsxuixSqz0_clip0058_t00639,gHsxuixSqz0,639.97,642.462,2.492,1.0,1.0,4.7,E:\FPTU\PRJ\VN-AV-DF-Capstone\data\clips\tier1\100-300\tier1_v3_clips_100_300\gHsxuixSqz0_clip0058_t00639.mp4,tier1,1,1.0,0.0553095452487468,True,9,0.9426639080047609,441,0.7825984107118221
gHsxuixSqz0_clip0059_t00660,gHsxuixSqz0,660.002,662.014,2.012,1.0,1.0,3.0,E:\FPTU\PRJ\VN-AV-DF-Capstone\data\clips\tier1\100-300\tier1_v3_clips_100_300\gHsxuixSqz0_clip0059_t00660.mp4,tier1,1,1.0,0.0530329644680023,True,9,0.94297856092453,441,0.7763519045653747
7631099206593154325_clip0002_t00011,7631099206593154325,11.682,14.878,3.196,1.0,1.0,13.03,E:\FPTU\PRJ\VN-AV-DF-Capstone\data\clips\tier3\tier3_v3_clips_0_1262-001\7631099206593154325_clip0002_t00011.mp4,tier3,1,1.0,0.02422452904284,True,9,0.8719983696937561,442,0.684078449492309
7631099206593154325_clip0003_t00015,7631099206593154325,15.458,18.046,2.588,1.0,1.0,12.48,E:\FPTU\PRJ\VN-AV-DF-Capstone\data\clips\tier3\tier3_v3_clips_0_1262-001\7631099206593154325_clip0003_t00015.mp4,tier3,1,1.0,0.3012199997901916,True,9,0.8712825775146484,442,0.9772851607378792
7631099206593154325_clip0006_t00032,7631099206593154325,32.898,35.742,2.844,1.0,1.0,11.67,E:\FPTU\PRJ\VN-AV-DF-Capstone\data\clips\tier3\tier3_v3_clips_0_1262-001\7631099206593154325_clip0006_t00032.mp4,tier3,1,1.0,0.2398819923400879,True,9,0.6806776523590088,442,0.9436489974751193
hjEoiiSe0is_clip0007_t00128,hjEoiiSe0is,128.162,133.162,5.0,1.0,1.0,6.49,E:\FPTU\PRJ\VN-AV-DF-Capstone\data\clips\tier1\100-300\tier1_v3_clips_100_300\hjEoiiSe0is_clip0007_t00128.mp4,tier1,1,1.0,0.0104379765689373,True,9,0.7051621675491333,445,0.6164728187888222
bhO764uZyDA_clip0084_t00527,bhO764uZyDA,527.554,531.134,3.58,1.0,1.0,34.28,E:\FPTU\PRJ\VN-AV-DF-Capstone\data\clips\tier1\100-300\tier1_v3_clips_100_300\bhO764uZyDA_clip0084_t00527.mp4,tier1,1,1.0,0.045127585530281,True,9,0.9374241232872008,446,0.7534880320211463
bhO764uZyDA_clip0085_t00531,bhO764uZyDA,531.266,534.75,3.484,1.0,1.0,34.61,E:\FPTU\PRJ\VN-AV-DF-Capstone\data\clips\tier1\100-300\tier1_v3_clips_100_300\bhO764uZyDA_clip0085_t00531.mp4,tier1,1,1.0,0.0451661013066768,True,9,0.8312248587608337,446,0.7348536047497161
bhO764uZyDA_clip0086_t00537,bhO764uZyDA,537.954,540.318,2.364,1.0,1.0,34.75,E:\FPTU\PRJ\VN-AV-DF-Capstone\data\clips\tier1\100-300\tier1_v3_clips_100_300\bhO764uZyDA_clip0086_t00537.mp4,tier1,1,1.0,0.0448213256895542,True,9,0.5398147106170654,446,0.6824738762902778
g6hBKVh_7Pk_clip0080_t00800,g6hBKVh_7Pk,800.034,810.718,10.684,1.0,1.0,5.1,E:\FPTU\PRJ\VN-AV-DF-Capstone\data\clips\tier1\100-300\tier1_v3_clips_100_300\g6hBKVh_7Pk_clip0080_t00800.mp4,tier1,1,1.0,0.0698609426617622,True,9,0.9386860728263856,447,0.8221776322746928
g6hBKVh_7Pk_clip0081_t00810,g6hBKVh_7Pk,810.946,814.846,3.9,1.0,1.0,3.32,E:\FPTU\PRJ\VN-AV-DF-Capstone\data\clips\tier1\100-300\tier1_v3_clips_100_300\g6hBKVh_7Pk_clip0081_t00810.mp4,tier1,1,1.0,0.07028529047966,True,9,0.9523540139198304,447,0.8257643019217984
g6hBKVh_7Pk_clip0082_t00815,g6hBKVh_7Pk,815.01,819.87,4.86,1.0,1.0,3.19,E:\FPTU\PRJ\VN-AV-DF-Capstone\data\clips\tier1\100-300\tier1_v3_clips_100_300\g6hBKVh_7Pk_clip0082_t00815.mp4,tier1,1,1.0,0.0702902600169181,True,9,0.9545966386795044,447,0.826173815910202
g6hBKVh_7Pk_clip0083_t00819,g6hBKVh_7Pk,819.97,824.958,4.988,1.0,1.0,2.72,E:\FPTU\PRJ\VN-AV-DF-Capstone\data\clips\tier1\100-300\tier1_v3_clips_100_300\g6hBKVh_7Pk_clip0083_t00819.mp4,tier1,1,0.8888888888888888,0.0682199448347091,True,9,0.9253391027450562,447,0.7629920911324541
tFTh1jkOT9Q_clip0011_t00170,tFTh1jkOT9Q,170.466,173.054,2.588,1.0,1.0,6.71,E:\FPTU\PRJ\VN-AV-DF-Capstone\data\clips\tier1\300-400\tier1_v3_clips_300_400\tFTh1jkOT9Q_clip0011_t00170.mp4,tier1,1,1.0,0.0322628878057003,True,9,0.97620689868927,449,0.724719982451669
8cirZ7Q19mg_clip0008_t00182,8cirZ7Q19mg,182.914,188.222,5.308,1.0,1.0,-0.03,E:\FPTU\PRJ\VN-AV-DF-Capstone\data\clips\tier1\0-100\tier1_v3_clips_0_100\8cirZ7Q19mg_clip0008_t00182.mp4,tier1,1,1.0,0.0431722439825534,True,9,0.8898826241493225,450,0.7396855773277999
8cirZ7Q19mg_clip0009_t00193,8cirZ7Q19mg,193.762,196.766,3.004,1.0,1.0,1.82,E:\FPTU\PRJ\VN-AV-DF-Capstone\data\clips\tier1\0-100\tier1_v3_clips_0_100\8cirZ7Q19mg_clip0009_t00193.mp4,tier1,1,1.0,0.0468269288539886,True,9,0.905595362186432,450,0.7525753156689811
8cirZ7Q19mg_clip0010_t00198,8cirZ7Q19mg,198.562,201.246,2.684,1.0,1.0,2.5,E:\FPTU\PRJ\VN-AV-DF-Capstone\data\clips\tier1\0-100\tier1_v3_clips_0_100\8cirZ7Q19mg_clip0010_t00198.mp4,tier1,1,1.0,0.0476160384714603,True,9,0.9479482173919678,450,0.7622337629514069
8cirZ7Q19mg_clip0011_t00201,8cirZ7Q19mg,201.762,204.606,2.844,1.0,1.0,3.09,E:\FPTU\PRJ\VN-AV-DF-Capstone\data\clips\tier1\0-100\tier1_v3_clips_0_100\8cirZ7Q19mg_clip0011_t00201.mp4,tier1,1,1.0,0.0472885556519031,True,9,0.957794189453125,450,0.7630647491730602
8cirZ7Q19mg_clip0012_t00204,8cirZ7Q19mg,204.962,207.358,2.396,1.0,1.0,1.87,E:\FPTU\PRJ\VN-AV-DF-Capstone\data\clips\tier1\0-100\tier1_v3_clips_0_100\8cirZ7Q19mg_clip0012_t00204.mp4,tier1,1,1.0,0.0259089265018701,True,9,0.9418224692344666,450,0.7010631000962038
8cirZ7Q19mg_clip0013_t00207,8cirZ7Q19mg,207.65,211.134,3.484,1.0,1.0,1.97,E:\FPTU\PRJ\VN-AV-DF-Capstone\data\clips\tier1\0-100\tier1_v3_clips_0_100\8cirZ7Q19mg_clip0013_t00207.mp4,tier1,1,0.8888888888888888,0.025587935000658,True,9,0.9544936418533324,450,0.6501230386965708
8cirZ7Q19mg_clip0014_t00221,8cirZ7Q19mg,221.25,223.742,2.492,1.0,1.0,2.11,E:\FPTU\PRJ\VN-AV-DF-Capstone\data\clips\tier1\0-100\tier1_v3_clips_0_100\8cirZ7Q19mg_clip0014_t00221.mp4,tier1,1,1.0,0.0119721954688429,True,9,0.8673583269119263,450,0.6493426966925389
8cirZ7Q19mg_clip0015_t00224,8cirZ7Q19mg,224.098,228.446,4.348,1.0,1.0,2.67,E:\FPTU\PRJ\VN-AV-DF-Capstone\data\clips\tier1\0-100\tier1_v3_clips_0_100\8cirZ7Q19mg_clip0015_t00224.mp4,tier1,1,1.0,0.011830092407763,True,9,0.882746160030365,450,0.6516648268226737
8cirZ7Q19mg_clip0016_t00228,8cirZ7Q19mg,228.706,231.006,2.3,1.0,1.0,2.52,E:\FPTU\PRJ\VN-AV-DF-Capstone\data\clips\tier1\0-100\tier1_v3_clips_0_100\8cirZ7Q19mg_clip0016_t00228.mp4,tier1,1,1.0,0.0117804026231169,True,9,0.9213883876800536,450,0.6583464921565327
8cirZ7Q19mg_clip0017_t00231,8cirZ7Q19mg,231.458,233.47,2.012,1.0,1.0,1.39,E:\FPTU\PRJ\VN-AV-DF-Capstone\data\clips\tier1\0-100\tier1_v3_clips_0_100\8cirZ7Q19mg_clip0017_t00231.mp4,tier1,1,1.0,0.0116281472146511,True,9,0.9049705862998962,450,0.6550277595195919
8cirZ7Q19mg_clip0018_t00233,8cirZ7Q19mg,233.666,236.03,2.364,1.0,1.0,2.79,E:\FPTU\PRJ\VN-AV-DF-Capstone\data\clips\tier1\0-100\tier1_v3_clips_0_100\8cirZ7Q19mg_clip0018_t00233.mp4,tier1,1,1.0,0.0114842373877763,True,9,0.8863247632980347,450,0.6513389488435484
8cirZ7Q19mg_clip0019_t00237,8cirZ7Q19mg,237.602,240.638,3.036,1.0,1.0,2.97,E:\FPTU\PRJ\VN-AV-DF-Capstone\data\clips\tier1\0-100\tier1_v3_clips_0_100\8cirZ7Q19mg_clip0019_t00237.mp4,tier1,1,1.0,0.0449082180857658,True,9,0.9072430729866028,450,0.7475547111476971
8cirZ7Q19mg_clip0020_t00243,8cirZ7Q19mg,243.266,246.814,3.548,1.0,1.0,2.13,E:\FPTU\PRJ\VN-AV-DF-Capstone\data\clips\tier1\0-100\tier1_v3_clips_0_100\8cirZ7Q19mg_clip0020_t00243.mp4,tier1,1,1.0,0.046338215470314,True,9,0.8461630344390869,450,0.7407344009670254
8cirZ7Q19mg_clip0021_t00247,8cirZ7Q19mg,247.426,249.79,2.364,1.0,1.0,3.28,E:\FPTU\PRJ\VN-AV-DF-Capstone\data\clips\tier1\0-100\tier1_v3_clips_0_100\8cirZ7Q19mg_clip0021_t00247.mp4,tier1,1,1.0,0.0449261516332626,True,9,0.9589483737945556,450,0.7567288196597888
8cirZ7Q19mg_clip0022_t00252,8cirZ7Q19mg,252.898,259.614,6.716,1.0,1.0,3.19,E:\FPTU\PRJ\VN-AV-DF-Capstone\data\clips\tier1\0-100\tier1_v3_clips_0_100\8cirZ7Q19mg_clip0022_t00252.mp4,tier1,1,1.0,0.0441481508314609,True,9,0.9436285495758056,450,0.75187165869173
8cirZ7Q19mg_clip0023_t00260,8cirZ7Q19mg,260.226,264.702,4.476,1.0,1.0,3.7,E:\FPTU\PRJ\VN-AV-DF-Capstone\data\clips\tier1\0-100\tier1_v3_clips_0_100\8cirZ7Q19mg_clip0023_t00260.mp4,tier1,1,1.0,0.0482767261564731,True,9,0.8708600997924805,450,0.7504588937851518
8cirZ7Q19mg_clip0024_t00265,8cirZ7Q19mg,265.058,271.198,6.14,1.0,1.0,3.08,E:\FPTU\PRJ\VN-AV-DF-Capstone\data\clips\tier1\0-100\tier1_v3_clips_0_100\8cirZ7Q19mg_clip0024_t00265.mp4,tier1,1,1.0,0.0475544780492782,True,9,0.8791031241416931,450,0.7499142172278367
8cirZ7Q19mg_clip0025_t00273,8cirZ7Q19mg,273.41,275.678,2.268,1.0,1.0,1.94,E:\FPTU\PRJ\VN-AV-DF-Capstone\data\clips\tier1\0-100\tier1_v3_clips_0_100\8cirZ7Q19mg_clip0025_t00273.mp4,tier1,1,1.0,0.0481509044766426,True,9,0.93095600605011,450,0.7607157540164421
8cirZ7Q19mg_clip0026_t00278,8cirZ7Q19mg,278.082,280.286,2.204,1.0,1.0,1.3,E:\FPTU\PRJ\VN-AV-DF-Capstone\data\clips\tier1\0-100\tier1_v3_clips_0_100\8cirZ7Q19mg_clip0026_t00278.mp4,tier1,1,1.0,0.0488111041486263,True,9,0.8699080944061279,450,0.7517701585124283
8cirZ7Q19mg_clip0027_t00282,8cirZ7Q19mg,282.786,285.374,2.588,1.0,1.0,3.31,E:\FPTU\PRJ\VN-AV-DF-Capstone\data\clips\tier1\0-100\tier1_v3_clips_0_100\8cirZ7Q19mg_clip0027_t00282.mp4,tier1,1,1.0,0.024664981290698,True,9,0.8301795125007629,450,0.6779179115051986
8cirZ7Q19mg_clip0028_t00286,8cirZ7Q19mg,286.946,289.726,2.78,1.0,1.0,1.5,E:\FPTU\PRJ\VN-AV-DF-Capstone\data\clips\tier1\0-100\tier1_v3_clips_0_100\8cirZ7Q19mg_clip0028_t00286.mp4,tier1,1,1.0,0.0247167311608791,True,9,0.8747269511222839,450,0.6859224782441001
8cirZ7Q19mg_clip0029_t00294,8cirZ7Q19mg,294.914,297.662,2.748,1.0,1.0,0.07,E:\FPTU\PRJ\VN-AV-DF-Capstone\data\clips\tier1\0-100\tier1_v3_clips_0_100\8cirZ7Q19mg_clip0029_t00294.mp4,tier1,1,1.0,0.0408334955573082,True,9,0.9452022910118104,450,0.7429737458137209
ijoyJhqD740_clip0022_t00357,ijoyJhqD740,357.698,359.774,2.076,1.0,1.0,0.8,E:\FPTU\PRJ\VN-AV-DF-Capstone\data\clips\tier1\100-300\tier1_v3_clips_100_300\ijoyJhqD740_clip0022_t00357.mp4,tier1,1,1.0,0.0189105793833732,True,9,0.9832585453987122,451,0.6890025175285047
ijoyJhqD740_clip0023_t00359,ijoyJhqD740,359.874,364.874,5.0,1.0,1.0,0.78,E:\FPTU\PRJ\VN-AV-DF-Capstone\data\clips\tier1\100-300\tier1_v3_clips_100_300\ijoyJhqD740_clip0023_t00359.mp4,tier1,1,1.0,0.0172346457839012,True,9,0.7482547760009766,451,0.6428919430846927
ijoyJhqD740_clip0036_t00553,ijoyJhqD740,553.378,558.378,5.0,1.0,1.0,0.96,E:\FPTU\PRJ\VN-AV-DF-Capstone\data\clips\tier1\100-300\tier1_v3_clips_100_300\ijoyJhqD740_clip0036_t00553.mp4,tier1,1,1.0,0.0195768531411886,True,9,0.7651373744010925,451,0.6523549258406288
ijoyJhqD740_clip0042_t00647,ijoyJhqD740,647.234,652.234,5.0,1.0,1.0,0.32,E:\FPTU\PRJ\VN-AV-DF-Capstone\data\clips\tier1\100-300\tier1_v3_clips_100_300\ijoyJhqD740_clip0042_t00647.mp4,tier1,1,1.0,0.0188606157898902,True,9,0.983734369277954,451,0.6889481771802786
gHsxuixSqz0_clip0016_t00174,gHsxuixSqz0,174.242,179.242,5.0,1.0,1.0,7.91,E:\FPTU\PRJ\VN-AV-DF-Capstone\data\clips\tier1\100-300\tier1_v3_clips_100_300\gHsxuixSqz0_clip0016_t00174.mp4,tier1,1,1.0,0.0393201559782028,True,9,0.6490569710731506,452,0.6865235789057109
gHsxuixSqz0_clip0017_t00178,gHsxuixSqz0,178.242,182.27,4.028,1.0,1.0,5.56,E:\FPTU\PRJ\VN-AV-DF-Capstone\data\clips\tier1\100-300\tier1_v3_clips_100_300\gHsxuixSqz0_clip0017_t00178.mp4,tier1,1,1.0,0.0518635176122188,True,9,0.5471683144569397,452,0.7032657736176723
9fvi4IXr6rQ_clip0068_t00622,9fvi4IXr6rQ,622.722,626.91,4.188,1.0,1.0,4.34,E:\FPTU\PRJ\VN-AV-DF-Capstone\data\clips\tier1\0-100\tier1_v3_clips_0_100\9fvi4IXr6rQ_clip0068_t00622.mp4,tier1,1,1.0,0.016125189140439,True,9,0.39697265625,453,0.5778297818158029
bhO764uZyDA_clip0079_t00500,bhO764uZyDA,500.098,505.182,5.084,1.0,1.0,34.31,E:\FPTU\PRJ\VN-AV-DF-Capstone\data\clips\tier1\100-300\tier1_v3_clips_100_300\bhO764uZyDA_clip0079_t00500.mp4,tier1,1,1.0,0.1849121451377868,True,9,0.9785927534103394,454,0.9962222506018247
bhO764uZyDA_clip0102_t00625,bhO764uZyDA,625.858,628.702,2.844,1.0,1.0,33.53,E:\FPTU\PRJ\VN-AV-DF-Capstone\data\clips\tier1\100-300\tier1_v3_clips_100_300\bhO764uZyDA_clip0102_t00625.mp4,tier1,1,1.0,0.2017024010419845,True,9,0.926985204219818,454,0.9871150360387915
0-fu0N-npmg_clip0004_t00085,0-fu0N-npmg,85.41,90.41,5.0,1.0,1.0,4.69,E:\FPTU\PRJ\VN-AV-DF-Capstone\data\clips\tier1\0-100\tier1_v3_clips_0_100\0-fu0N-npmg_clip0004_t00085.mp4,tier1,1,1.0,0.0682898461818695,True,9,0.8762128353118896,455,0.8068038324972864
0-fu0N-npmg_clip0005_t00089,0-fu0N-npmg,89.41,94.41,5.0,1.0,1.0,4.33,E:\FPTU\PRJ\VN-AV-DF-Capstone\data\clips\tier1\0-100\tier1_v3_clips_0_100\0-fu0N-npmg_clip0005_t00089.mp4,tier1,1,1.0,0.068532109260559,True,9,0.8950128555297852,455,0.8107921160141154
0-fu0N-npmg_clip0006_t00093,0-fu0N-npmg,93.41,97.726,4.316,1.0,1.0,3.61,E:\FPTU\PRJ\VN-AV-DF-Capstone\data\clips\tier1\0-100\tier1_v3_clips_0_100\0-fu0N-npmg_clip0006_t00093.mp4,tier1,1,1.0,0.0684559494256973,True,9,0.8619770407676697,455,0.8047514406212478
0-fu0N-npmg_clip0007_t00097,0-fu0N-npmg,97.89,102.11,4.22,1.0,1.0,4.89,E:\FPTU\PRJ\VN-AV-DF-Capstone\data\clips\tier1\0-100\tier1_v3_clips_0_100\0-fu0N-npmg_clip0007_t00097.mp4,tier1,1,1.0,0.0689331591129303,True,9,0.9080208539962769,455,0.8141978317468025
0-fu0N-npmg_clip0008_t00102,0-fu0N-npmg,102.306,104.67,2.364,1.0,1.0,4.44,E:\FPTU\PRJ\VN-AV-DF-Capstone\data\clips\tier1\0-100\tier1_v3_clips_0_100\0-fu0N-npmg_clip0008_t00102.mp4,tier1,1,1.0,0.0642483979463577,True,9,0.6841886043548584,455,0.7617296625671399
0-fu0N-npmg_clip0046_t00656,0-fu0N-npmg,656.002,661.002,5.0,1.0,1.0,4.45,E:\FPTU\PRJ\VN-AV-DF-Capstone\data\clips\tier1\0-100\tier1_v3_clips_0_100\0-fu0N-npmg_clip0046_t00656.mp4,tier1,1,1.0,0.0397207215428352,True,9,0.9060513377189636,457,0.7329843719466058
0-fu0N-npmg_clip0047_t00668,0-fu0N-npmg,668.002,673.002,5.0,1.0,1.0,3.67,E:\FPTU\PRJ\VN-AV-DF-Capstone\data\clips\tier1\0-100\tier1_v3_clips_0_100\0-fu0N-npmg_clip0047_t00668.mp4,tier1,1,1.0,0.0413761995732784,True,9,0.8890955448150635,457,0.7345748690934529
usfv-YmWPBs_clip0061_t00990,usfv-YmWPBs,990.882,993.566,2.684,1.0,1.0,11.1,E:\FPTU\PRJ\VN-AV-DF-Capstone\data\clips\tier1\300-400\tier1_v3_clips_300_400\usfv-YmWPBs_clip0061_t00990.mp4,tier1,1,1.0,0.0739124119281768,True,9,0.9579991102218628,458,0.8368010965097072
usfv-YmWPBs_clip0062_t00996,usfv-YmWPBs,996.162,998.782,2.62,1.0,1.0,10.84,E:\FPTU\PRJ\VN-AV-DF-Capstone\data\clips\tier1\300-400\tier1_v3_clips_300_400\usfv-YmWPBs_clip0062_t00996.mp4,tier1,1,1.0,0.0750197321176529,True,9,0.955962061882019,458,0.8395069022168021
usfv-YmWPBs_clip0063_t01000,usfv-YmWPBs,1000.898,1005.406,4.508,1.0,1.0,11.33,E:\FPTU\PRJ\VN-AV-DF-Capstone\data\clips\tier1\300-400\tier1_v3_clips_300_400\usfv-YmWPBs_clip0063_t01000.mp4,tier1,1,1.0,0.0742426216602325,True,9,0.939545750617981,458,0.8344587081870517
usfv-YmWPBs_clip0064_t01005,usfv-YmWPBs,1005.762,1008.766,3.004,1.0,1.0,13.48,E:\FPTU\PRJ\VN-AV-DF-Capstone\data\clips\tier1\300-400\tier1_v3_clips_300_400\usfv-YmWPBs_clip0064_t01005.mp4,tier1,1,1.0,0.0750604793429374,True,9,0.9527623653411864,458,0.8390550463947452
usfv-YmWPBs_clip0065_t01011,usfv-YmWPBs,1011.298,1016.99,5.692,1.0,1.0,12.24,E:\FPTU\PRJ\VN-AV-DF-Capstone\data\clips\tier1\300-400\tier1_v3_clips_300_400\usfv-YmWPBs_clip0065_t01011.mp4,tier1,1,1.0,0.0740905627608299,True,9,0.9393736720085144,458,0.8340074117803422
usfv-YmWPBs_clip0066_t01017,usfv-YmWPBs,1017.09,1021.662,4.572,1.0,1.0,11.66,E:\FPTU\PRJ\VN-AV-DF-Capstone\data\clips\tier1\300-400\tier1_v3_clips_300_400\usfv-YmWPBs_clip0066_t01017.mp4,tier1,1,1.0,0.0745966210961341,True,9,0.9346652626991272,458,0.8345773871960279
qh78i88JEiU_clip0010_t00140,qh78i88JEiU,140.802,143.07,2.268,1.0,1.0,-1.86,E:\FPTU\PRJ\VN-AV-DF-Capstone\data\clips\tier1\300-400\tier1_v3_clips_300_400\qh78i88JEiU_clip0010_t00140.mp4,tier1,1,1.0,0.060439009219408,True,9,0.967896580696106,459,0.8012506224587829
qh78i88JEiU_clip0011_t00145,qh78i88JEiU,145.73,148.734,3.004,1.0,1.0,-1.96,E:\FPTU\PRJ\VN-AV-DF-Capstone\data\clips\tier1\300-400\tier1_v3_clips_300_400\qh78i88JEiU_clip0011_t00145.mp4,tier1,1,1.0,0.0602972321212291,True,9,0.9548170566558838,459,0.7985500036564442
qh78i88JEiU_clip0012_t00148,qh78i88JEiU,148.93,152.766,3.836,1.0,1.0,-2.11,E:\FPTU\PRJ\VN-AV-DF-Capstone\data\clips\tier1\300-400\tier1_v3_clips_300_400\qh78i88JEiU_clip0012_t00148.mp4,tier1,1,1.0,0.0607125088572502,True,9,0.9587891697883606,459,0.8004005342621726
qh78i88JEiU_clip0013_t00153,qh78i88JEiU,153.122,157.918,4.796,1.0,1.0,-1.63,E:\FPTU\PRJ\VN-AV-DF-Capstone\data\clips\tier1\300-400\tier1_v3_clips_300_400\qh78i88JEiU_clip0013_t00153.mp4,tier1,1,1.0,0.0614889860153198,True,9,0.9640004634857178,459,0.803469619150865
qh78i88JEiU_clip0014_t00169,qh78i88JEiU,169.89,172.862,2.972,1.0,1.0,0.73,E:\FPTU\PRJ\VN-AV-DF-Capstone\data\clips\tier1\300-400\tier1_v3_clips_300_400\qh78i88JEiU_clip0014_t00169.mp4,tier1,1,1.0,0.0607635229825973,True,9,0.9661206007003784,459,0.8018355335392436
qh78i88JEiU_clip0015_t00178,qh78i88JEiU,178.274,181.214,2.94,1.0,1.0,-2.57,E:\FPTU\PRJ\VN-AV-DF-Capstone\data\clips\tier1\300-400\tier1_v3_clips_300_400\qh78i88JEiU_clip0015_t00178.mp4,tier1,1,1.0,0.0915420949459075,True,9,0.9562098383903505,459,0.8852878483398241
qh78i88JEiU_clip0016_t00181,qh78i88JEiU,181.314,184.414,3.1,1.0,1.0,-1.58,E:\FPTU\PRJ\VN-AV-DF-Capstone\data\clips\tier1\300-400\tier1_v3_clips_300_400\qh78i88JEiU_clip0016_t00181.mp4,tier1,1,0.8888888888888888,0.1070012599229812,True,9,0.9574480652809144,459,0.8760128527989774
UnodrLYWJYI_clip0099_t01026,UnodrLYWJYI,1026.402,1030.142,3.74,1.0,1.0,16.94,E:\FPTU\PRJ\VN-AV-DF-Capstone\data\clips\tier2\tier2_v3_clips_0_999-001\UnodrLYWJYI_clip0099_t01026.mp4,tier2,1,1.0,0.0380098521709442,True,9,0.901357650756836,460,0.7274200439875232
UnodrLYWJYI_clip0102_t01053,UnodrLYWJYI,1053.602,1057.918,4.316,1.0,1.0,14.34,E:\FPTU\PRJ\VN-AV-DF-Capstone\data\clips\tier2\tier2_v3_clips_0_999-001\UnodrLYWJYI_clip0102_t01053.mp4,tier2,1,1.0,0.0704950243234634,True,9,0.9122074842453004,460,0.8192602056450085
UnodrLYWJYI_clip0103_t01058,UnodrLYWJYI,1058.178,1060.222,2.044,1.0,1.0,15.87,E:\FPTU\PRJ\VN-AV-DF-Capstone\data\clips\tier2\tier2_v3_clips_0_999-001\UnodrLYWJYI_clip0103_t01058.mp4,tier2,1,1.0,0.0696325600147247,True,9,0.9340865015983582,460,0.8207337341687151
CHkaAtJLN3E_clip0066_t00911,CHkaAtJLN3E,911.842,916.842,5.0,1.0,1.0,7.47,E:\FPTU\PRJ\VN-AV-DF-Capstone\data\clips\tier1\100-300\tier1_v3_clips_100_300\CHkaAtJLN3E_clip0066_t00911.mp4,tier1,1,1.0,0.0680165216326713,True,9,0.9476335048675536,463,0.8186508627829074
CHkaAtJLN3E_clip0067_t00923,CHkaAtJLN3E,923.842,926.398,2.556,1.0,1.0,6.1,E:\FPTU\PRJ\VN-AV-DF-Capstone\data\clips\tier1\100-300\tier1_v3_clips_100_300\CHkaAtJLN3E_clip0067_t00923.mp4,tier1,1,1.0,0.053056888282299,True,9,0.5456002354621887,463,0.7062925436450923
XwMwDTPAyAo_clip0001_t00034,XwMwDTPAyAo,34.082,36.574,2.492,1.0,1.0,6.03,E:\FPTU\PRJ\VN-AV-DF-Capstone\data\clips\tier1\440-9999\tier1_v3_clips_440_9999\XwMwDTPAyAo_clip0001_t00034.mp4,tier1,1,1.0,0.0188327208161354,True,9,0.8725256323814392,465,0.6692458870697576
XwMwDTPAyAo_clip0004_t00045,XwMwDTPAyAo,45.986,50.986,5.0,1.0,1.0,5.79,E:\FPTU\PRJ\VN-AV-DF-Capstone\data\clips\tier1\440-9999\tier1_v3_clips_440_9999\XwMwDTPAyAo_clip0004_t00045.mp4,tier1,1,1.0,0.0191892981529235,True,9,0.875988245010376,465,0.6708440140878509
XwMwDTPAyAo_clip0007_t00077,XwMwDTPAyAo,77.09,82.494,5.404,1.0,1.0,5.91,E:\FPTU\PRJ\VN-AV-DF-Capstone\data\clips\tier1\440-9999\tier1_v3_clips_440_9999\XwMwDTPAyAo_clip0007_t00077.mp4,tier1,1,1.0,0.0263662710785865,True,9,0.398484855890274,465,0.6064460135612397
XwMwDTPAyAo_clip0009_t00098,XwMwDTPAyAo,98.37,102.718,4.348,1.0,1.0,6.82,E:\FPTU\PRJ\VN-AV-DF-Capstone\data\clips\tier1\440-9999\tier1_v3_clips_440_9999\XwMwDTPAyAo_clip0009_t00098.mp4,tier1,1,1.0,0.0289926696568727,True,9,0.8301165103912354,465,0.6898867046318019
XwMwDTPAyAo_clip0014_t00206,XwMwDTPAyAo,206.178,209.278,3.1,1.0,1.0,6.42,E:\FPTU\PRJ\VN-AV-DF-Capstone\data\clips\tier1\440-9999\tier1_v3_clips_440_9999\XwMwDTPAyAo_clip0014_t00206.mp4,tier1,1,1.0,0.0313505232334136,True,9,0.8749332427978516,465,0.7043225523270693
XwMwDTPAyAo_clip0015_t00252,XwMwDTPAyAo,252.45,256.542,4.092,1.0,1.0,6.77,E:\FPTU\PRJ\VN-AV-DF-Capstone\data\clips\tier1\440-9999\tier1_v3_clips_440_9999\XwMwDTPAyAo_clip0015_t00252.mp4,tier1,1,1.0,0.0174687802791595,True,9,0.4306162297725677,465,0.5874862133231403
XwMwDTPAyAo_clip0019_t00345,XwMwDTPAyAo,345.506,350.506,5.0,1.0,1.0,4.29,E:\FPTU\PRJ\VN-AV-DF-Capstone\data\clips\tier1\440-9999\tier1_v3_clips_440_9999\XwMwDTPAyAo_clip0019_t00345.mp4,tier1,1,1.0,0.0130607588216662,True,9,0.6772931218147278,465,0.6188151402783933
XwMwDTPAyAo_clip0025_t00424,XwMwDTPAyAo,424.674,432.254,7.58,1.0,1.0,6.05,E:\FPTU\PRJ\VN-AV-DF-Capstone\data\clips\tier1\440-9999\tier1_v3_clips_440_9999\XwMwDTPAyAo_clip0025_t00424.mp4,tier1,1,1.0,0.0251224599778652,True,9,0.6827283501625061,465,0.6531635110983153
XwMwDTPAyAo_clip0026_t00432,XwMwDTPAyAo,432.386,435.774,3.388,1.0,1.0,4.93,E:\FPTU\PRJ\VN-AV-DF-Capstone\data\clips\tier1\440-9999\tier1_v3_clips_440_9999\XwMwDTPAyAo_clip0026_t00432.mp4,tier1,1,1.0,0.0125895906239748,True,9,0.5108819007873535,465,0.5881441659514598
XwMwDTPAyAo_clip0030_t00526,XwMwDTPAyAo,526.562,529.598,3.036,1.0,1.0,7.18,E:\FPTU\PRJ\VN-AV-DF-Capstone\data\clips\tier1\440-9999\tier1_v3_clips_440_9999\XwMwDTPAyAo_clip0030_t00526.mp4,tier1,1,1.0,0.0418225489556789,True,9,0.5173553228378296,465,0.6702092382450549
XwMwDTPAyAo_clip0041_t00643,XwMwDTPAyAo,643.842,647.294,3.452,1.0,1.0,4.7,E:\FPTU\PRJ\VN-AV-DF-Capstone\data\clips\tier1\440-9999\tier1_v3_clips_440_9999\XwMwDTPAyAo_clip0041_t00643.mp4,tier1,1,1.0,0.0345692783594131,True,9,0.8444411754608154,465,0.7078517603391185
I-uqcg6HtaQ_clip0009_t00063,I-uqcg6HtaQ,63.842,69.982,6.14,1.0,1.0,11.68,E:\FPTU\PRJ\VN-AV-DF-Capstone\data\clips\tier2\tier2_v3_clips_0_999-001\I-uqcg6HtaQ_clip0009_t00063.mp4,tier2,1,1.0,0.0200582183897495,True,9,0.8888450264930725,466,0.6755182037239251
I-uqcg6HtaQ_clip0010_t00118,I-uqcg6HtaQ,118.306,128.894,10.588,1.0,1.0,11.68,E:\FPTU\PRJ\VN-AV-DF-Capstone\data\clips\tier2\tier2_v3_clips_0_999-001\I-uqcg6HtaQ_clip0010_t00118.mp4,tier2,1,1.0,0.0197208020836114,True,9,0.8948105573654175,466,0.6756369083191582
I-uqcg6HtaQ_clip0011_t00129,I-uqcg6HtaQ,129.026,134.622,5.596,1.0,1.0,12.65,E:\FPTU\PRJ\VN-AV-DF-Capstone\data\clips\tier2\tier2_v3_clips_0_999-001\I-uqcg6HtaQ_clip0011_t00129.mp4,tier2,1,1.0,0.0197438672184944,True,9,0.9091187715530396,466,0.6782257362222691
I-uqcg6HtaQ_clip0026_t00208,I-uqcg6HtaQ,208.386,217.246,8.86,1.0,1.0,11.07,E:\FPTU\PRJ\VN-AV-DF-Capstone\data\clips\tier2\tier2_v3_clips_0_999-001\I-uqcg6HtaQ_clip0026_t00208.mp4,tier2,1,1.0,0.0198707543313503,True,9,0.8929315209388733,466,0.6757204116137394
I-uqcg6HtaQ_clip0030_t00271,I-uqcg6HtaQ,271.458,276.458,5.0,1.0,1.0,11.41,E:\FPTU\PRJ\VN-AV-DF-Capstone\data\clips\tier2\tier2_v3_clips_0_999-001\I-uqcg6HtaQ_clip0030_t00271.mp4,tier2,1,1.0,0.0196225009858608,True,9,0.9247936606407166,466,0.6806559269968331
I-uqcg6HtaQ_clip0034_t00292,I-uqcg6HtaQ,292.226,303.486,11.26,1.0,1.0,10.97,E:\FPTU\PRJ\VN-AV-DF-Capstone\data\clips\tier2\tier2_v3_clips_0_999-001\I-uqcg6HtaQ_clip0034_t00292.mp4,tier2,1,1.0,0.0197072401642799,True,9,0.9024699330329896,466,0.676951020730441
I-uqcg6HtaQ_clip0054_t00545,I-uqcg6HtaQ,545.442,550.846,5.404,1.0,1.0,10.41,E:\FPTU\PRJ\VN-AV-DF-Capstone\data\clips\tier2\tier2_v3_clips_0_999-001\I-uqcg6HtaQ_clip0054_t00545.mp4,tier2,1,1.0,0.0200452432036399,True,9,0.9001516699790955,466,0.6774775758280575
I-uqcg6HtaQ_clip0057_t00588,I-uqcg6HtaQ,588.45,596.67,8.22,1.0,1.0,9.78,E:\FPTU\PRJ\VN-AV-DF-Capstone\data\clips\tier2\tier2_v3_clips_0_999-001\I-uqcg6HtaQ_clip0057_t00588.mp4,tier2,1,1.0,0.0197587367147207,True,9,0.9164925813674928,466,0.679568158531682
I-uqcg6HtaQ_clip0058_t00636,I-uqcg6HtaQ,636.674,638.846,2.172,1.0,1.0,11.85,E:\FPTU\PRJ\VN-AV-DF-Capstone\data\clips\tier2\tier2_v3_clips_0_999-001\I-uqcg6HtaQ_clip0058_t00636.mp4,tier2,1,1.0,0.0191307570785284,True,9,0.9162473678588868,466,0.6777865117196656
I-uqcg6HtaQ_clip0060_t00701,I-uqcg6HtaQ,701.122,704.734,3.612,1.0,1.0,10.5,E:\FPTU\PRJ\VN-AV-DF-Capstone\data\clips\tier2\tier2_v3_clips_0_999-001\I-uqcg6HtaQ_clip0060_t00701.mp4,tier2,1,1.0,0.019359303638339,True,9,0.9072880148887634,466,0.6768381122400557
I-uqcg6HtaQ_clip0063_t00712,I-uqcg6HtaQ,712.834,717.834,5.0,1.0,1.0,11.79,E:\FPTU\PRJ\VN-AV-DF-Capstone\data\clips\tier2\tier2_v3_clips_0_999-001\I-uqcg6HtaQ_clip0063_t00712.mp4,tier2,1,1.0,0.0196614097803831,True,9,0.9040533900260924,466,0.6771035866041647
I-uqcg6HtaQ_clip0065_t00721,I-uqcg6HtaQ,721.698,724.126,2.428,1.0,1.0,9.72,E:\FPTU\PRJ\VN-AV-DF-Capstone\data\clips\tier2\tier2_v3_clips_0_999-001\I-uqcg6HtaQ_clip0065_t00721.mp4,tier2,1,1.0,0.0195508599281311,True,9,0.932733952999115,466,0.6818588382143683
I-uqcg6HtaQ_clip0068_t00784,I-uqcg6HtaQ,784.226,790.206,5.98,1.0,1.0,10.3,E:\FPTU\PRJ\VN-AV-DF-Capstone\data\clips\tier2\tier2_v3_clips_0_999-001\I-uqcg6HtaQ_clip0068_t00784.mp4,tier2,1,1.0,0.0193615760654211,True,9,0.9152652025222778,466,0.678252141769065
I-uqcg6HtaQ_clip0070_t00794,I-uqcg6HtaQ,794.818,801.886,7.068,1.0,1.0,10.88,E:\FPTU\PRJ\VN-AV-DF-Capstone\data\clips\tier2\tier2_v3_clips_0_999-001\I-uqcg6HtaQ_clip0070_t00794.mp4,tier2,1,1.0,0.019441682845354,True,9,0.910541534423828,466,0.6776403049472546
I-uqcg6HtaQ_clip0072_t00804,I-uqcg6HtaQ,804.898,809.854,4.956,1.0,1.0,8.69,E:\FPTU\PRJ\VN-AV-DF-Capstone\data\clips\tier2\tier2_v3_clips_0_999-001\I-uqcg6HtaQ_clip0072_t00804.mp4,tier2,1,1.0,0.0194802172482013,True,9,0.9211339950561525,466,0.6796162336773546
UnodrLYWJYI_clip0000_t00006,UnodrLYWJYI,6.498,11.498,5.0,1.0,1.0,16.38,E:\FPTU\PRJ\VN-AV-DF-Capstone\data\clips\tier2\tier2_v3_clips_0_999-001\UnodrLYWJYI_clip0000_t00006.mp4,tier2,1,1.0,0.0171632692217826,True,9,0.9087316989898682,466,0.6710138154140288
UnodrLYWJYI_clip0003_t00018,UnodrLYWJYI,18.498,22.366,3.868,1.0,1.0,14.45,E:\FPTU\PRJ\VN-AV-DF-Capstone\data\clips\tier2\tier2_v3_clips_0_999-001\UnodrLYWJYI_clip0003_t00018.mp4,tier2,1,1.0,0.0172586776316165,True,9,0.8942702412605286,466,0.6687259031147236
UnodrLYWJYI_clip0008_t00047,UnodrLYWJYI,47.138,53.758,6.62,1.0,1.0,15.8,E:\FPTU\PRJ\VN-AV-DF-Capstone\data\clips\tier2\tier2_v3_clips_0_999-001\UnodrLYWJYI_clip0008_t00047.mp4,tier2,1,1.0,0.0174374990165233,True,9,0.9062588810920716,466,0.671336558969623
UnodrLYWJYI_clip0009_t00055,UnodrLYWJYI,55.65,62.494,6.844,1.0,1.0,14.87,E:\FPTU\PRJ\VN-AV-DF-Capstone\data\clips\tier2\tier2_v3_clips_0_999-001\UnodrLYWJYI_clip0009_t00055.mp4,tier2,1,1.0,0.0174349211156368,True,9,0.8775560855865479,466,0.6662642236150236
UnodrLYWJYI_clip0011_t00067,UnodrLYWJYI,67.842,73.022,5.18,1.0,1.0,15.23,E:\FPTU\PRJ\VN-AV-DF-Capstone\data\clips\tier2\tier2_v3_clips_0_999-001\UnodrLYWJYI_clip0011_t00067.mp4,tier2,1,1.0,0.0176529046148061,True,9,0.9176381230354308,466,0.6739409464757877
UnodrLYWJYI_clip0020_t00146,UnodrLYWJYI,146.69,157.854,11.164,1.0,1.0,18.41,E:\FPTU\PRJ\VN-AV-DF-Capstone\data\clips\tier2\tier2_v3_clips_0_999-001\UnodrLYWJYI_clip0020_t00146.mp4,tier2,1,1.0,0.0169361848384141,True,9,0.8994685411453247,466,0.6687505252893001
UnodrLYWJYI_clip0023_t00200,UnodrLYWJYI,200.738,208.638,7.9,1.0,1.0,14.92,E:\FPTU\PRJ\VN-AV-DF-Capstone\data\clips\tier2\tier2_v3_clips_0_999-001\UnodrLYWJYI_clip0023_t00200.mp4,tier2,1,1.0,0.0168328285217285,True,9,0.8860214948654175,466,0.6660914060658466
UnodrLYWJYI_clip0025_t00242,UnodrLYWJYI,242.37,247.966,5.596,1.0,1.0,15.62,E:\FPTU\PRJ\VN-AV-DF-Capstone\data\clips\tier2\tier2_v3_clips_0_999-001\UnodrLYWJYI_clip0025_t00242.mp4,tier2,1,1.0,0.0170689336955547,True,9,0.8762416839599609,466,0.6650191436544384
UnodrLYWJYI_clip0026_t00248,UnodrLYWJYI,248.066,252.926,4.86,1.0,1.0,16.48,E:\FPTU\PRJ\VN-AV-DF-Capstone\data\clips\tier2\tier2_v3_clips_0_999-001\UnodrLYWJYI_clip0026_t00248.mp4,tier2,1,1.0,0.0169965904206037,True,9,0.8829033970832825,466,0.6659944793638589
UnodrLYWJYI_clip0029_t00300,UnodrLYWJYI,300.418,311.518,11.1,1.0,1.0,15.91,E:\FPTU\PRJ\VN-AV-DF-Capstone\data\clips\tier2\tier2_v3_clips_0_999-001\UnodrLYWJYI_clip0029_t00300.mp4,tier2,1,1.0,0.0171759575605392,True,9,0.886483907699585,466,0.6671228584697877
UnodrLYWJYI_clip0031_t00354,UnodrLYWJYI,354.914,359.23,4.316,1.0,1.0,17.1,E:\FPTU\PRJ\VN-AV-DF-Capstone\data\clips\tier2\tier2_v3_clips_0_999-001\UnodrLYWJYI_clip0031_t00354.mp4,tier2,1,1.0,0.0171864219009876,True,9,0.8791480660438538,466,0.6658572655750107
UnodrLYWJYI_clip0033_t00368,UnodrLYWJYI,368.514,375.39,6.876,1.0,1.0,14.94,E:\FPTU\PRJ\VN-AV-DF-Capstone\data\clips\tier2\tier2_v3_clips_0_999-001\UnodrLYWJYI_clip0033_t00368.mp4,tier2,1,1.0,0.0171964131295681,True,9,0.8731856942176819,466,0.6648327400402462
UnodrLYWJYI_clip0041_t00421,UnodrLYWJYI,421.122,425.854,4.732,1.0,1.0,16.32,E:\FPTU\PRJ\VN-AV-DF-Capstone\data\clips\tier2\tier2_v3_clips_0_999-001\UnodrLYWJYI_clip0041_t00421.mp4,tier2,1,1.0,0.0164308138191699,True,9,0.8893309831619263,466,0.6655625759215206
UnodrLYWJYI_clip0043_t00430,UnodrLYWJYI,430.018,435.018,5.0,1.0,1.0,15.77,E:\FPTU\PRJ\VN-AV-DF-Capstone\data\clips\tier2\tier2_v3_clips_0_999-001\UnodrLYWJYI_clip0043_t00430.mp4,tier2,1,1.0,0.0162652283906936,True,9,0.8579862117767334,466,0.659572771932858
UnodrLYWJYI_clip0045_t00438,UnodrLYWJYI,438.018,443.018,5.0,1.0,1.0,14.1,E:\FPTU\PRJ\VN-AV-DF-Capstone\data\clips\tier2\tier2_v3_clips_0_999-001\UnodrLYWJYI_clip0045_t00438.mp4,tier2,1,1.0,0.0164547339081764,True,9,0.8890563249588013,466,0.6655803224405127
FufWLL1IIrQ_clip0035_t00210,FufWLL1IIrQ,210.69,213.118,2.428,1.0,1.0,1.22,E:\FPTU\PRJ\VN-AV-DF-Capstone\data\clips\tier2\tier2_v3_clips_0_999-001\FufWLL1IIrQ_clip0035_t00210.mp4,tier2,1,1.0,0.0326244123280048,True,9,0.6961487531661987,467,0.6762987293055209
FufWLL1IIrQ_clip0036_t00213,FufWLL1IIrQ,213.986,217.886,3.9,1.0,1.0,1.73,E:\FPTU\PRJ\VN-AV-DF-Capstone\data\clips\tier2\tier2_v3_clips_0_999-001\FufWLL1IIrQ_clip0036_t00213.mp4,tier2,1,1.0,0.0317360050976276,True,9,0.7376463413238525,467,0.6811625433385292
FufWLL1IIrQ_clip0037_t00218,FufWLL1IIrQ,218.018,222.622,4.604,1.0,1.0,1.42,E:\FPTU\PRJ\VN-AV-DF-Capstone\data\clips\tier2\tier2_v3_clips_0_999-001\FufWLL1IIrQ_clip0037_t00218.mp4,tier2,1,1.0,0.037231832742691,True,9,0.4174369573593139,467,0.6398685604261553
FufWLL1IIrQ_clip0038_t00225,FufWLL1IIrQ,225.25,230.11,4.86,1.0,1.0,0.93,E:\FPTU\PRJ\VN-AV-DF-Capstone\data\clips\tier2\tier2_v3_clips_0_999-001\FufWLL1IIrQ_clip0038_t00225.mp4,tier2,1,1.0,0.0281773712486028,True,9,0.9904820322990416,467,0.7159295927685033
FufWLL1IIrQ_clip0039_t00230,FufWLL1IIrQ,230.53,233.438,2.908,1.0,1.0,2.12,E:\FPTU\PRJ\VN-AV-DF-Capstone\data\clips\tier2\tier2_v3_clips_0_999-001\FufWLL1IIrQ_clip0039_t00230.mp4,tier2,1,1.0,0.0284586772322654,True,9,0.987131655216217,467,0.7161170612515627
FufWLL1IIrQ_clip0040_t00233,FufWLL1IIrQ,233.57,237.63,4.06,1.0,1.0,1.48,E:\FPTU\PRJ\VN-AV-DF-Capstone\data\clips\tier2\tier2_v3_clips_0_999-001\FufWLL1IIrQ_clip0040_t00233.mp4,tier2,1,1.0,0.0285325516015291,True,9,0.9867395758628844,467,0.7162523698783181
FufWLL1IIrQ_clip0041_t00239,FufWLL1IIrQ,239.554,242.59,3.036,1.0,1.0,1.02,E:\FPTU\PRJ\VN-AV-DF-Capstone\data\clips\tier2\tier2_v3_clips_0_999-001\FufWLL1IIrQ_clip0041_t00239.mp4,tier2,1,1.0,0.0285601485520601,True,9,0.9879577159881592,467,0.716543729688089
FufWLL1IIrQ_clip0042_t00243,FufWLL1IIrQ,243.01,251.294,8.284,1.0,1.0,1.67,E:\FPTU\PRJ\VN-AV-DF-Capstone\data\clips\tier2\tier2_v3_clips_0_999-001\FufWLL1IIrQ_clip0042_t00243.mp4,tier2,1,1.0,0.0282990206032991,True,9,0.987472116947174,467,0.7157351810978516
FufWLL1IIrQ_clip0043_t00254,FufWLL1IIrQ,254.114,258.558,4.444,1.0,1.0,1.41,E:\FPTU\PRJ\VN-AV-DF-Capstone\data\clips\tier2\tier2_v3_clips_0_999-001\FufWLL1IIrQ_clip0043_t00254.mp4,tier2,1,1.0,0.0647114217281341,True,9,0.5326259136199951,467,0.7362650482618537
FufWLL1IIrQ_clip0044_t00259,FufWLL1IIrQ,259.618,262.174,2.556,1.0,1.0,2.3,E:\FPTU\PRJ\VN-AV-DF-Capstone\data\clips\tier2\tier2_v3_clips_0_999-001\FufWLL1IIrQ_clip0044_t00259.mp4,tier2,1,1.0,0.0284404587000608,True,9,0.9878652095794678,467,0.7161960794629734
FufWLL1IIrQ_clip0045_t00262,FufWLL1IIrQ,262.274,266.174,3.9,1.0,1.0,0.32,E:\FPTU\PRJ\VN-AV-DF-Capstone\data\clips\tier2\tier2_v3_clips_0_999-001\FufWLL1IIrQ_clip0045_t00262.mp4,tier2,1,1.0,0.0283821355551481,True,9,0.9895341396331788,467,0.7163291463447816
FufWLL1IIrQ_clip0046_t00269,FufWLL1IIrQ,269.058,272.574,3.516,1.0,1.0,1.32,E:\FPTU\PRJ\VN-AV-DF-Capstone\data\clips\tier2\tier2_v3_clips_0_999-001\FufWLL1IIrQ_clip0046_t00269.mp4,tier2,1,1.0,0.0283468328416347,True,9,0.9904991984367372,467,0.7164017258336312
FufWLL1IIrQ_clip0047_t00272,FufWLL1IIrQ,272.802,276.254,3.452,1.0,1.0,1.53,E:\FPTU\PRJ\VN-AV-DF-Capstone\data\clips\tier2\tier2_v3_clips_0_999-001\FufWLL1IIrQ_clip0047_t00272.mp4,tier2,1,1.0,0.0280360411852598,True,9,0.987138330936432,467,0.7149482978033053
_adzgpYkn_c_clip0014_t00178,_adzgpYkn_c,178.082,181.15,3.068,1.0,1.0,6.85,E:\FPTU\PRJ\VN-AV-DF-Capstone\data\clips\tier1\440-9999\tier1_v3_clips_440_9999\_adzgpYkn_c_clip0014_t00178.mp4,tier1,1,1.0,0.0289909932762384,True,9,0.942998468875885,468,0.709802409688237
_adzgpYkn_c_clip0015_t00183,_adzgpYkn_c,183.49,190.558,7.068,1.0,1.0,4.56,E:\FPTU\PRJ\VN-AV-DF-Capstone\data\clips\tier1\440-9999\tier1_v3_clips_440_9999\_adzgpYkn_c_clip0015_t00183.mp4,tier1,1,1.0,0.0381896197795867,True,9,0.9787099361419678,468,0.7415680801599334
_adzgpYkn_c_clip0016_t00190,_adzgpYkn_c,190.722,195.038,4.316,1.0,1.0,6.41,E:\FPTU\PRJ\VN-AV-DF-Capstone\data\clips\tier1\440-9999\tier1_v3_clips_440_9999\_adzgpYkn_c_clip0016_t00190.mp4,tier1,1,1.0,0.0322327800095081,True,9,0.3560880422592163,468,0.6152038986509466
0rNleOYzisw_clip0072_t01119,0rNleOYzisw,1119.938,1131.614,11.676,1.0,1.0,11.86,E:\FPTU\PRJ\VN-AV-DF-Capstone\data\clips\tier2\tier2_v3_clips_0_999-001\0rNleOYzisw_clip0072_t01119.mp4,tier2,1,1.0,0.0578894428908824,True,9,0.664937436580658,471,0.7407295320942066
2A2WBpeuVNw_clip0014_t00274,2A2WBpeuVNw,274.146,278.462,4.316,1.0,1.0,6.08,E:\FPTU\PRJ\VN-AV-DF-Capstone\data\clips\tier1\0-100\tier1_v3_clips_0_100\2A2WBpeuVNw_clip0014_t00274.mp4,tier1,1,1.0,0.0221085157245397,True,9,0.3436602056026459,474,0.5849847527614708
2A2WBpeuVNw_clip0015_t00284,2A2WBpeuVNw,284.066,287.55,3.484,1.0,1.0,6.55,E:\FPTU\PRJ\VN-AV-DF-Capstone\data\clips\tier1\0-100\tier1_v3_clips_0_100\2A2WBpeuVNw_clip0015_t00284.mp4,tier1,1,1.0,0.0170333292335271,True,9,0.7635065317153931,474,0.6450261447166173
7644036312223223058_clip0005_t00031,7644036312223223058,31.298,38.846,7.548,0.714,1.0,19.15,E:\FPTU\PRJ\VN-AV-DF-Capstone\data\clips\tier3\tier3_v3_clips_0_1262-001\7644036312223223058_clip0005_t00031.mp4,tier3,1,0.8888888888888888,0.0112957600504159,True,9,0.8271123766899109,475,0.5880803792999878
CHkaAtJLN3E_clip0040_t00654,CHkaAtJLN3E,654.658,657.438,2.78,1.0,1.0,4.7,E:\FPTU\PRJ\VN-AV-DF-Capstone\data\clips\tier1\100-300\tier1_v3_clips_100_300\CHkaAtJLN3E_clip0040_t00654.mp4,tier1,1,1.0,0.0633149892091751,True,9,0.936156690120697,477,0.8036107559043162
CHkaAtJLN3E_clip0041_t00664,CHkaAtJLN3E,664.61,667.838,3.228,1.0,1.0,6.42,E:\FPTU\PRJ\VN-AV-DF-Capstone\data\clips\tier1\100-300\tier1_v3_clips_100_300\CHkaAtJLN3E_clip0041_t00664.mp4,tier1,1,1.0,0.0647934526205062,True,9,0.9599478244781494,477,0.8119018752328997
AJ7t8LnesSA_clip0022_t00466,AJ7t8LnesSA,466.178,468.542,2.364,1.0,1.0,5.46,E:\FPTU\PRJ\VN-AV-DF-Capstone\data\clips\tier2\tier2_v3_clips_0_999-001\AJ7t8LnesSA_clip0022_t00466.mp4,tier2,1,1.0,0.0627853125333786,True,9,0.9281647801399232,478,0.800734167359589
AJ7t8LnesSA_clip0023_t00468,AJ7t8LnesSA,468.994,473.246,4.252,1.0,1.0,6.23,E:\FPTU\PRJ\VN-AV-DF-Capstone\data\clips\tier2\tier2_v3_clips_0_999-001\AJ7t8LnesSA_clip0023_t00468.mp4,tier2,1,1.0,0.0625391229987144,True,9,0.9188066124916076,478,0.7984012239004952
AJ7t8LnesSA_clip0024_t00474,AJ7t8LnesSA,474.466,477.566,3.1,1.0,1.0,8.52,E:\FPTU\PRJ\VN-AV-DF-Capstone\data\clips\tier2\tier2_v3_clips_0_999-001\AJ7t8LnesSA_clip0024_t00474.mp4,tier2,1,1.0,0.037789013236761,True,9,0.3653687238693237,478,0.6322224362196054
AJ7t8LnesSA_clip0025_t00481,AJ7t8LnesSA,481.41,483.998,2.588,1.0,1.0,9.27,E:\FPTU\PRJ\VN-AV-DF-Capstone\data\clips\tier2\tier2_v3_clips_0_999-001\AJ7t8LnesSA_clip0025_t00481.mp4,tier2,1,1.0,0.0626080408692359,True,9,0.9082533717155457,478,0.7967296658091871
AJ7t8LnesSA_clip0026_t00484,AJ7t8LnesSA,484.162,486.814,2.652,1.0,1.0,6.3,E:\FPTU\PRJ\VN-AV-DF-Capstone\data\clips\tier2\tier2_v3_clips_0_999-001\AJ7t8LnesSA_clip0026_t00484.mp4,tier2,1,1.0,0.0619764477014541,True,9,0.9110219478607178,478,0.7954698612485285
wKaFsRX95YY_clip0020_t00226,wKaFsRX95YY,226.69,230.942,4.252,1.0,1.0,7.13,E:\FPTU\PRJ\VN-AV-DF-Capstone\data\clips\tier2\tier2_v3_clips_0_999-001\wKaFsRX95YY_clip0020_t00226.mp4,tier2,1,1.0,0.0627662762999534,True,9,0.9222126007080078,478,0.7996310866340677
wKaFsRX95YY_clip0021_t00232,wKaFsRX95YY,232.162,235.262,3.1,1.0,1.0,9.43,E:\FPTU\PRJ\VN-AV-DF-Capstone\data\clips\tier2\tier2_v3_clips_0_999-001\wKaFsRX95YY_clip0021_t00232.mp4,tier2,1,1.0,0.03805972635746,True,9,0.3801584243774414,478,0.63558177169221
wKaFsRX95YY_clip0022_t00239,wKaFsRX95YY,239.074,241.662,2.588,1.0,1.0,10.16,E:\FPTU\PRJ\VN-AV-DF-Capstone\data\clips\tier2\tier2_v3_clips_0_999-001\wKaFsRX95YY_clip0022_t00239.mp4,tier2,1,1.0,0.062741108238697,True,9,0.9157370328903198,478,0.7984186691204651
wKaFsRX95YY_clip0023_t00241,wKaFsRX95YY,241.858,244.51,2.652,1.0,1.0,7.2,E:\FPTU\PRJ\VN-AV-DF-Capstone\data\clips\tier2\tier2_v3_clips_0_999-001\wKaFsRX95YY_clip0023_t00241.mp4,tier2,1,1.0,0.0623409077525138,True,9,0.9158915281295776,478,0.7973380976109833
aArTJcMMmTw_clip0046_t00603,aArTJcMMmTw,603.65,607.582,3.932,1.0,1.0,5.51,E:\FPTU\PRJ\VN-AV-DF-Capstone\data\clips\tier1\0-100\tier1_v3_clips_0_100\aArTJcMMmTw_clip0046_t00603.mp4,tier1,1,1.0,0.0367185994982719,True,9,0.3338080048561096,479,0.6236897772178547
aArTJcMMmTw_clip0047_t00608,aArTJcMMmTw,608.002,612.19,4.188,1.0,1.0,4.64,E:\FPTU\PRJ\VN-AV-DF-Capstone\data\clips\tier1\0-100\tier1_v3_clips_0_100\aArTJcMMmTw_clip0047_t00608.mp4,tier1,1,1.0,0.0500075854361057,True,9,0.4061891138553619,479,0.673249497902898
aArTJcMMmTw_clip0048_t00612,aArTJcMMmTw,612.29,617.29,5.0,1.0,1.0,3.46,E:\FPTU\PRJ\VN-AV-DF-Capstone\data\clips\tier1\0-100\tier1_v3_clips_0_100\aArTJcMMmTw_clip0048_t00612.mp4,tier1,1,1.0,0.013469791971147,True,9,0.5874168872833252,479,0.6040869142646309
aArTJcMMmTw_clip0049_t00616,aArTJcMMmTw,616.29,621.29,5.0,1.0,1.0,4.3,E:\FPTU\PRJ\VN-AV-DF-Capstone\data\clips\tier1\0-100\tier1_v3_clips_0_100\aArTJcMMmTw_clip0049_t00616.mp4,tier1,1,1.0,0.0138360457494854,True,9,0.9642155170440674,479,0.6715946541703102
0PsGwmgAI-k_clip0016_t00444,0PsGwmgAI-k,444.45,448.382,3.932,1.0,1.0,10.02,E:\FPTU\PRJ\VN-AV-DF-Capstone\data\clips\tier2\tier2_v3_clips_0_999-001\0PsGwmgAI-k_clip0016_t00444.mp4,tier2,1,1.0,0.0107488464564085,True,9,0.968856394290924,480,0.6638676444211602
0PsGwmgAI-k_clip0017_t00449,0PsGwmgAI-k,449.058,458.398,9.34,1.0,1.0,10.02,E:\FPTU\PRJ\VN-AV-DF-Capstone\data\clips\tier2\tier2_v3_clips_0_999-001\0PsGwmgAI-k_clip0017_t00449.mp4,tier2,1,1.0,0.010821821168065,True,9,0.9873218536376952,480,0.6673282635619291
0PsGwmgAI-k_clip0018_t00459,0PsGwmgAI-k,459.106,466.334,7.228,1.0,1.0,11.04,E:\FPTU\PRJ\VN-AV-DF-Capstone\data\clips\tier2\tier2_v3_clips_0_999-001\0PsGwmgAI-k_clip0018_t00459.mp4,tier2,1,1.0,0.0106867831200361,True,9,0.9932291507720948,480,0.6679969153061764
0PsGwmgAI-k_clip0019_t00466,0PsGwmgAI-k,466.562,469.918,3.356,1.0,1.0,10.86,E:\FPTU\PRJ\VN-AV-DF-Capstone\data\clips\tier2\tier2_v3_clips_0_999-001\0PsGwmgAI-k_clip0019_t00466.mp4,tier2,1,1.0,0.018023544922471,True,9,0.6573930382728577,480,0.6290413501426902
7636049221711416584_clip0001_t00004,7636049221711416584,4.258,6.494,2.236,1.0,1.0,5.7,E:\FPTU\PRJ\VN-AV-DF-Capstone\data\clips\tier3\tier3_v3_clips_0_1262-001\7636049221711416584_clip0001_t00004.mp4,tier3,1,1.0,0.0228320620954036,True,9,0.3947000503540039,482,0.5959947059559914
7636049221711416584_clip0003_t00022,7636049221711416584,22.626,25.886,3.26,1.0,1.0,8.07,E:\FPTU\PRJ\VN-AV-DF-Capstone\data\clips\tier3\tier3_v3_clips_0_1262-001\7636049221711416584_clip0003_t00022.mp4,tier3,1,1.0,0.0177954360842704,True,9,0.5763930082321167,482,0.6141157760864756
7636689448880721173_clip0007_t00045,7636689448880721173,45.154,47.806,2.652,1.0,1.0,8.09,E:\FPTU\PRJ\VN-AV-DF-Capstone\data\clips\tier3\tier3_v3_clips_0_1262-001\7636689448880721173_clip0007_t00045.mp4,tier3,1,1.0,0.0129400379955768,True,9,0.973822295665741,482,0.6708096385085697
7636689448880721173_clip0014_t00105,7636689448880721173,105.506,108.702,3.196,1.0,1.0,6.41,E:\FPTU\PRJ\VN-AV-DF-Capstone\data\clips\tier3\tier3_v3_clips_0_1262-001\7636689448880721173_clip0014_t00105.mp4,tier3,1,1.0,0.0306952074170112,True,9,0.5421253442764282,482,0.6437777008250776
0-fu0N-npmg_clip0011_t00161,0-fu0N-npmg,161.57,164.894,3.324,1.0,1.0,3.59,E:\FPTU\PRJ\VN-AV-DF-Capstone\data\clips\tier1\0-100\tier1_v3_clips_0_100\0-fu0N-npmg_clip0011_t00161.mp4,tier1,1,1.0,0.0667546987533569,True,9,0.9191964268684388,483,0.8101395755784838
0-fu0N-npmg_clip0012_t00168,0-fu0N-npmg,168.034,170.078,2.044,1.0,1.0,2.9,E:\FPTU\PRJ\VN-AV-DF-Capstone\data\clips\tier1\0-100\tier1_v3_clips_0_100\0-fu0N-npmg_clip0012_t00168.mp4,tier1,1,1.0,0.066905178129673,True,9,0.9371787309646606,483,0.8137294805160993
0-fu0N-npmg_clip0013_t00170,0-fu0N-npmg,170.466,172.51,2.044,1.0,1.0,3.2,E:\FPTU\PRJ\VN-AV-DF-Capstone\data\clips\tier1\0-100\tier1_v3_clips_0_100\0-fu0N-npmg_clip0013_t00170.mp4,tier1,1,1.0,0.0659830272197723,True,9,0.9313021898269652,483,0.8101397447987341
I-uqcg6HtaQ_clip0028_t00244,I-uqcg6HtaQ,244.738,249.738,5.0,1.0,1.0,13.91,E:\FPTU\PRJ\VN-AV-DF-Capstone\data\clips\tier2\tier2_v3_clips_0_999-001\I-uqcg6HtaQ_clip0028_t00244.mp4,tier2,1,1.0,0.0384191647171974,True,9,0.6068815588951111,485,0.6765867342242388
y3vBfCdY2tQ_clip0029_t00288,y3vBfCdY2tQ,288.706,296.382,7.676,1.0,1.0,7.72,E:\FPTU\PRJ\VN-AV-DF-Capstone\data\clips\tier1\440-9999\tier1_v3_clips_440_9999\y3vBfCdY2tQ_clip0029_t00288.mp4,tier1,1,1.0,0.0222876276820898,True,9,0.9138891696929932,486,0.6861092113784566
y3vBfCdY2tQ_clip0030_t00296,y3vBfCdY2tQ,296.738,300.638,3.9,1.0,1.0,7.45,E:\FPTU\PRJ\VN-AV-DF-Capstone\data\clips\tier1\440-9999\tier1_v3_clips_440_9999\y3vBfCdY2tQ_clip0030_t00296.mp4,tier1,1,1.0,0.0224100518971681,True,9,0.9653943181037904,486,0.6955372500469502
7630081846314929428_clip0001_t00014,7630081846314929428,14.626,16.638,2.012,1.0,1.0,9.84,E:\FPTU\PRJ\VN-AV-DF-Capstone\data\clips\tier3\tier3_v3_clips_0_1262-001\7630081846314929428_clip0001_t00014.mp4,tier3,1,1.0,0.0192687585949897,True,9,0.8874032497406006,489,0.6730783891603421
7534328797307424018_clip0005_t00040,7534328797307424018,40.002,42.622,2.62,1.0,1.0,3.12,E:\FPTU\PRJ\VN-AV-DF-Capstone\data\clips\tier3\tier3_v3_clips_0_1262-001\7534328797307424018_clip0005_t00040.mp4,tier3,1,1.0,0.0387238524854183,True,9,0.3459441363811493,490,0.631382390757038
Nw3N73GJ2Zo_clip0015_t00303,Nw3N73GJ2Zo,303.106,309.342,6.236,1.0,1.0,4.07,E:\FPTU\PRJ\VN-AV-DF-Capstone\data\clips\tier1\100-300\tier1_v3_clips_100_300\Nw3N73GJ2Zo_clip0015_t00303.mp4,tier1,1,1.0,0.0181618630886077,True,9,0.6969387531280518,491,0.6364028981874499
Nw3N73GJ2Zo_clip0016_t00309,Nw3N73GJ2Zo,309.506,314.506,5.0,1.0,1.0,3.79,E:\FPTU\PRJ\VN-AV-DF-Capstone\data\clips\tier1\100-300\tier1_v3_clips_100_300\Nw3N73GJ2Zo_clip0016_t00309.mp4,tier1,1,1.0,0.0220858287066221,True,9,0.9446258544921876,491,0.6909747121051403
7MhLFqIwNmE_clip0000_t00025,7MhLFqIwNmE,25.666,30.666,5.0,1.0,1.0,10.99,E:\FPTU\PRJ\VN-AV-DF-Capstone\data\clips\tier1\0-100\tier1_v3_clips_0_100\7MhLFqIwNmE_clip0000_t00025.mp4,tier1,1,1.0,0.0293863806873559,True,9,0.7995951771736145,492,0.6855904582628133
7MhLFqIwNmE_clip0006_t00056,7MhLFqIwNmE,56.706,58.782,2.076,1.0,1.0,10.67,E:\FPTU\PRJ\VN-AV-DF-Capstone\data\clips\tier1\0-100\tier1_v3_clips_0_100\7MhLFqIwNmE_clip0006_t00056.mp4,tier1,1,1.0,0.0298530291765928,True,9,0.9790995717048644,492,0.7185594811585013
7MhLFqIwNmE_clip0020_t00212,7MhLFqIwNmE,212.322,214.974,2.652,1.0,1.0,9.55,E:\FPTU\PRJ\VN-AV-DF-Capstone\data\clips\tier1\0-100\tier1_v3_clips_0_100\7MhLFqIwNmE_clip0020_t00212.mp4,tier1,1,1.0,0.0353827774524688,True,9,0.5144326090812683,492,0.6518668834883362
CHkaAtJLN3E_clip0056_t00830,CHkaAtJLN3E,830.37,835.37,5.0,1.0,1.0,6.79,E:\FPTU\PRJ\VN-AV-DF-Capstone\data\clips\tier1\100-300\tier1_v3_clips_100_300\CHkaAtJLN3E_clip0056_t00830.mp4,tier1,1,1.0,0.0559992603957653,True,9,0.7330904006958008,493,0.7475241207395211
CHkaAtJLN3E_clip0057_t00838,CHkaAtJLN3E,838.37,843.37,5.0,1.0,1.0,6.4,E:\FPTU\PRJ\VN-AV-DF-Capstone\data\clips\tier1\100-300\tier1_v3_clips_100_300\CHkaAtJLN3E_clip0057_t00838.mp4,tier1,1,1.0,0.063670702278614,True,9,0.9306246638298036,493,0.803619201235546
7URysGbqZ1w_clip0000_t00003,7URysGbqZ1w,3.01,5.758,2.748,1.0,1.0,6.28,E:\FPTU\PRJ\VN-AV-DF-Capstone\data\clips\tier1\0-100\tier1_v3_clips_0_100\7URysGbqZ1w_clip0000_t00003.mp4,tier1,1,1.0,0.0460849553346633,True,9,0.9229638576507568,495,0.7535864124622222
7URysGbqZ1w_clip0005_t00026,7URysGbqZ1w,26.498,29.982,3.484,1.0,1.0,6.15,E:\FPTU\PRJ\VN-AV-DF-Capstone\data\clips\tier1\0-100\tier1_v3_clips_0_100\7URysGbqZ1w_clip0005_t00026.mp4,tier1,1,1.0,0.0413891151547431,True,9,0.933926284313202,495,0.7425219289888897
7URysGbqZ1w_clip0007_t00044,7URysGbqZ1w,44.066,52.478,8.412,1.0,1.0,5.65,E:\FPTU\PRJ\VN-AV-DF-Capstone\data\clips\tier1\0-100\tier1_v3_clips_0_100\7URysGbqZ1w_clip0007_t00044.mp4,tier1,1,1.0,0.0394742935895919,True,9,0.9060166478157043,495,0.7322960880990381
7URysGbqZ1w_clip0009_t00058,7URysGbqZ1w,58.53,66.078,7.548,1.0,1.0,4.53,E:\FPTU\PRJ\VN-AV-DF-Capstone\data\clips\tier1\0-100\tier1_v3_clips_0_100\7URysGbqZ1w_clip0009_t00058.mp4,tier1,1,1.0,0.0411551743745803,True,9,0.911187469959259,495,0.7378616019488136
7URysGbqZ1w_clip0013_t00085,7URysGbqZ1w,85.09,87.934,2.844,1.0,1.0,3.18,E:\FPTU\PRJ\VN-AV-DF-Capstone\data\clips\tier1\0-100\tier1_v3_clips_0_100\7URysGbqZ1w_clip0013_t00085.mp4,tier1,1,1.0,0.0386960059404373,True,9,0.929225504398346,495,0.7342373120448096
7URysGbqZ1w_clip0018_t00112,7URysGbqZ1w,112.45,115.71,3.26,1.0,1.0,4.7,E:\FPTU\PRJ\VN-AV-DF-Capstone\data\clips\tier1\0-100\tier1_v3_clips_0_100\7URysGbqZ1w_clip0018_t00112.mp4,tier1,1,1.0,0.0397929884493351,True,9,0.9187723994255066,495,0.7354293145098232
7URysGbqZ1w_clip0021_t00126,7URysGbqZ1w,126.946,130.494,3.548,1.0,1.0,6.53,E:\FPTU\PRJ\VN-AV-DF-Capstone\data\clips\tier1\0-100\tier1_v3_clips_0_100\7URysGbqZ1w_clip0021_t00126.mp4,tier1,1,1.0,0.0394715406000614,True,9,0.896691083908081,495,0.7306427795223371
7URysGbqZ1w_clip0024_t00141,7URysGbqZ1w,141.89,144.606,2.716,1.0,1.0,4.71,E:\FPTU\PRJ\VN-AV-DF-Capstone\data\clips\tier1\0-100\tier1_v3_clips_0_100\7URysGbqZ1w_clip0024_t00141.mp4,tier1,1,1.0,0.0430760532617569,True,9,0.9173247814178468,495,0.7442620357165228
7URysGbqZ1w_clip0031_t00169,7URysGbqZ1w,169.154,173.79,4.636,1.0,1.0,6.06,E:\FPTU\PRJ\VN-AV-DF-Capstone\data\clips\tier1\0-100\tier1_v3_clips_0_100\7URysGbqZ1w_clip0031_t00169.mp4,tier1,1,1.0,0.0440218150615692,True,9,0.9189053773880004,495,0.7471590231515711
7URysGbqZ1w_clip0034_t00199,7URysGbqZ1w,199.458,203.102,3.644,1.0,1.0,3.25,E:\FPTU\PRJ\VN-AV-DF-Capstone\data\clips\tier1\0-100\tier1_v3_clips_0_100\7URysGbqZ1w_clip0034_t00199.mp4,tier1,1,1.0,0.0368630141019821,True,9,0.9322143197059632,495,0.7296906602496238
7URysGbqZ1w_clip0039_t00225,7URysGbqZ1w,225.954,228.702,2.748,1.0,1.0,5.06,E:\FPTU\PRJ\VN-AV-DF-Capstone\data\clips\tier1\0-100\tier1_v3_clips_0_100\7URysGbqZ1w_clip0039_t00225.mp4,tier1,1,1.0,0.0387185662984848,True,9,0.9329494833946228,495,0.734956936413956
7URysGbqZ1w_clip0043_t00244,7URysGbqZ1w,244.002,248.03,4.028,1.0,1.0,3.25,E:\FPTU\PRJ\VN-AV-DF-Capstone\data\clips\tier1\0-100\tier1_v3_clips_0_100\7URysGbqZ1w_clip0043_t00244.mp4,tier1,1,1.0,0.0386034399271011,True,9,0.8800326585769653,495,0.7252999802775617
7URysGbqZ1w_clip0045_t00257,7URysGbqZ1w,257.794,260.478,2.684,1.0,1.0,7.22,E:\FPTU\PRJ\VN-AV-DF-Capstone\data\clips\tier1\0-100\tier1_v3_clips_0_100\7URysGbqZ1w_clip0045_t00257.mp4,tier1,1,1.0,0.0456364303827285,True,9,0.9328174591064452,495,0.754083676098999
7URysGbqZ1w_clip0047_t00271,7URysGbqZ1w,271.362,277.246,5.884,1.0,1.0,4.3,E:\FPTU\PRJ\VN-AV-DF-Capstone\data\clips\tier1\0-100\tier1_v3_clips_0_100\7URysGbqZ1w_clip0047_t00271.mp4,tier1,1,1.0,0.0452077314257621,True,9,0.9075251817703248,495,0.7484336081699003
7URysGbqZ1w_clip0049_t00285,7URysGbqZ1w,285.058,291.006,5.948,1.0,1.0,5.52,E:\FPTU\PRJ\VN-AV-DF-Capstone\data\clips\tier1\0-100\tier1_v3_clips_0_100\7URysGbqZ1w_clip0049_t00285.mp4,tier1,1,1.0,0.0433430783450603,True,9,0.9295571446418762,495,0.7471598671455814
7URysGbqZ1w_clip0053_t00309,7URysGbqZ1w,309.698,312.318,2.62,1.0,1.0,5.45,E:\FPTU\PRJ\VN-AV-DF-Capstone\data\clips\tier1\0-100\tier1_v3_clips_0_100\7URysGbqZ1w_clip0053_t00309.mp4,tier1,1,1.0,0.0436255782842636,True,9,0.8125078678131104,495,0.7272861290176582
7URysGbqZ1w_clip0056_t00326,7URysGbqZ1w,326.242,331.742,5.5,1.0,1.0,6.72,E:\FPTU\PRJ\VN-AV-DF-Capstone\data\clips\tier1\0-100\tier1_v3_clips_0_100\7URysGbqZ1w_clip0056_t00326.mp4,tier1,1,1.0,0.0516452342271804,True,9,0.8725607395172119,495,0.7600837139965221
7URysGbqZ1w_clip0058_t00339,7URysGbqZ1w,339.522,341.726,2.204,1.0,1.0,6.42,E:\FPTU\PRJ\VN-AV-DF-Capstone\data\clips\tier1\0-100\tier1_v3_clips_0_100\7URysGbqZ1w_clip0058_t00339.mp4,tier1,1,1.0,0.0524347275495529,True,9,0.9267756342887878,495,0.7718365245511171
7URysGbqZ1w_clip0062_t00367,7URysGbqZ1w,367.074,371.134,4.06,1.0,1.0,6.69,E:\FPTU\PRJ\VN-AV-DF-Capstone\data\clips\tier1\0-100\tier1_v3_clips_0_100\7URysGbqZ1w_clip0062_t00367.mp4,tier1,1,1.0,0.0498017482459545,True,9,0.9084986448287964,495,0.7613225575999258
7URysGbqZ1w_clip0067_t00394,7URysGbqZ1w,394.53,399.518,4.988,1.0,1.0,5.6,E:\FPTU\PRJ\VN-AV-DF-Capstone\data\clips\tier1\0-100\tier1_v3_clips_0_100\7URysGbqZ1w_clip0067_t00394.mp4,tier1,1,1.0,0.0489924699068069,True,9,0.921385645866394,495,0.7613564891677922
7URysGbqZ1w_clip0070_t00407,7URysGbqZ1w,407.714,412.714,5.0,1.0,1.0,4.65,E:\FPTU\PRJ\VN-AV-DF-Capstone\data\clips\tier1\0-100\tier1_v3_clips_0_100\7URysGbqZ1w_clip0070_t00407.mp4,tier1,1,1.0,0.0505642667412757,True,9,0.8977227807044983,495,0.7615317389598188
7URysGbqZ1w_clip0072_t00423,7URysGbqZ1w,423.394,426.878,3.484,1.0,1.0,5.18,E:\FPTU\PRJ\VN-AV-DF-Capstone\data\clips\tier1\0-100\tier1_v3_clips_0_100\7URysGbqZ1w_clip0072_t00423.mp4,tier1,1,1.0,0.0477558150887489,True,9,0.9374005794525146,495,0.7607593448477147
7URysGbqZ1w_clip0075_t00449,7URysGbqZ1w,449.762,453.214,3.452,1.0,1.0,5.51,E:\FPTU\PRJ\VN-AV-DF-Capstone\data\clips\tier1\0-100\tier1_v3_clips_0_100\7URysGbqZ1w_clip0075_t00449.mp4,tier1,1,1.0,0.0541633516550064,True,9,0.9300066828727722,495,0.7771918885259558
7URysGbqZ1w_clip0079_t00467,7URysGbqZ1w,467.01,469.598,2.588,1.0,1.0,4.76,E:\FPTU\PRJ\VN-AV-DF-Capstone\data\clips\tier1\0-100\tier1_v3_clips_0_100\7URysGbqZ1w_clip0079_t00467.mp4,tier1,1,1.0,0.0495929270982742,True,9,0.9569056034088136,495,0.7692869031510389
7URysGbqZ1w_clip0081_t00480,7URysGbqZ1w,480.546,482.782,2.236,1.0,1.0,4.08,E:\FPTU\PRJ\VN-AV-DF-Capstone\data\clips\tier1\0-100\tier1_v3_clips_0_100\7URysGbqZ1w_clip0081_t00480.mp4,tier1,1,1.0,0.0511798858642578,True,9,0.9233886003494264,495,0.7677651587053149
7URysGbqZ1w_clip0082_t00501,7URysGbqZ1w,501.154,503.806,2.652,1.0,1.0,5.34,E:\FPTU\PRJ\VN-AV-DF-Capstone\data\clips\tier1\0-100\tier1_v3_clips_0_100\7URysGbqZ1w_clip0082_t00501.mp4,tier1,1,1.0,0.0526055209338665,True,9,0.9282292127609252,495,0.7725658288117742
7URysGbqZ1w_clip0085_t00515,7URysGbqZ1w,515.842,522.558,6.716,1.0,1.0,6.29,E:\FPTU\PRJ\VN-AV-DF-Capstone\data\clips\tier1\0-100\tier1_v3_clips_0_100\7URysGbqZ1w_clip0085_t00515.mp4,tier1,1,1.0,0.0486760102212429,True,9,0.9104934334754944,495,0.758558310030504
7URysGbqZ1w_clip0087_t00531,7URysGbqZ1w,531.298,539.646,8.348,1.0,1.0,5.45,E:\FPTU\PRJ\VN-AV-DF-Capstone\data\clips\tier1\0-100\tier1_v3_clips_0_100\7URysGbqZ1w_clip0087_t00531.mp4,tier1,1,1.0,0.0508432276546955,True,9,0.9376112818717957,495,0.7693431060965839
7URysGbqZ1w_clip0090_t00549,7URysGbqZ1w,549.282,557.694,8.412,1.0,1.0,6.59,E:\FPTU\PRJ\VN-AV-DF-Capstone\data\clips\tier1\0-100\tier1_v3_clips_0_100\7URysGbqZ1w_clip0090_t00549.mp4,tier1,1,1.0,0.045849110931158,True,9,0.9296764731407166,495,0.7541181269590813
7URysGbqZ1w_clip0096_t00580,7URysGbqZ1w,580.45,583.934,3.484,1.0,1.0,3.28,E:\FPTU\PRJ\VN-AV-DF-Capstone\data\clips\tier1\0-100\tier1_v3_clips_0_100\7URysGbqZ1w_clip0096_t00580.mp4,tier1,1,1.0,0.0469913780689239,True,9,0.9280530214309692,495,0.7569936604830394
UnodrLYWJYI_clip0064_t00697,UnodrLYWJYI,697.122,699.55,2.428,1.0,1.0,17.51,E:\FPTU\PRJ\VN-AV-DF-Capstone\data\clips\tier2\tier2_v3_clips_0_999-001\UnodrLYWJYI_clip0064_t00697.mp4,tier2,1,1.0,0.0679584965109825,True,9,0.909198760986328,496,0.8117076357231993
UnodrLYWJYI_clip0065_t00702,UnodrLYWJYI,702.082,707.518,5.436,1.0,1.0,15.8,E:\FPTU\PRJ\VN-AV-DF-Capstone\data\clips\tier2\tier2_v3_clips_0_999-001\UnodrLYWJYI_clip0065_t00702.mp4,tier2,1,1.0,0.065724603831768,True,9,0.5359098315238953,496,0.7396492548711409
7643163282303388935_clip0002_t00038,7643163282303388935,38.69,40.958,2.268,1.0,1.0,3.9,E:\FPTU\PRJ\VN-AV-DF-Capstone\data\clips\tier3\tier3_v3_clips_0_1262-001\7643163282303388935_clip0002_t00038.mp4,tier3,1,1.0,0.0126673681661486,True,9,0.8565544486045837,499,0.6493605076694795
7643163282303388935_clip0003_t00060,7643163282303388935,60.034,63.55,3.516,1.0,1.0,4.29,E:\FPTU\PRJ\VN-AV-DF-Capstone\data\clips\tier3\tier3_v3_clips_0_1262-001\7643163282303388935_clip0003_t00060.mp4,tier3,1,1.0,0.0139563512057065,True,9,0.5214812159538269,499,0.5937981013059378
7643163282303388935_clip0005_t00076,7643163282303388935,76.642,78.75,2.108,1.0,1.0,3.9,E:\FPTU\PRJ\VN-AV-DF-Capstone\data\clips\tier3\tier3_v3_clips_0_1262-001\7643163282303388935_clip0005_t00076.mp4,tier3,1,1.0,0.0137572204694151,True,9,0.8719637989997864,499,0.6550967350043346
P3K1OaKR4nY_clip0051_t00343,P3K1OaKR4nY,343.682,348.682,5.0,1.0,1.0,8.77,E:\FPTU\PRJ\VN-AV-DF-Capstone\data\clips\tier1\300-400\tier1_v3_clips_300_400\P3K1OaKR4nY_clip0051_t00343.mp4,tier1,1,1.0,0.081510491669178,True,9,0.9921023845672609,501,0.8638523331258902
P3K1OaKR4nY_clip0052_t00350,P3K1OaKR4nY,350.018,355.018,5.0,1.0,1.0,9.51,E:\FPTU\PRJ\VN-AV-DF-Capstone\data\clips\tier1\300-400\tier1_v3_clips_300_400\P3K1OaKR4nY_clip0052_t00350.mp4,tier1,1,1.0,0.0827042236924171,True,9,0.9922537207603456,501,0.8671835296610944
Nw3N73GJ2Zo_clip0041_t00489,Nw3N73GJ2Zo,489.666,494.666,5.0,1.0,1.0,3.48,E:\FPTU\PRJ\VN-AV-DF-Capstone\data\clips\tier1\100-300\tier1_v3_clips_100_300\Nw3N73GJ2Zo_clip0041_t00489.mp4,tier1,1,1.0,0.0225013773888349,True,9,0.6179163455963135,502,0.634470415154637
Nw3N73GJ2Zo_clip0042_t00493,Nw3N73GJ2Zo,493.666,498.666,5.0,1.0,1.0,4.05,E:\FPTU\PRJ\VN-AV-DF-Capstone\data\clips\tier1\100-300\tier1_v3_clips_100_300\Nw3N73GJ2Zo_clip0042_t00493.mp4,tier1,1,1.0,0.0294671431183815,True,9,0.9647812247276306,502,0.7149645038830779
AJ7t8LnesSA_clip0031_t00542,AJ7t8LnesSA,542.338,549.374,7.036,1.0,1.0,2.31,E:\FPTU\PRJ\VN-AV-DF-Capstone\data\clips\tier2\tier2_v3_clips_0_999-001\AJ7t8LnesSA_clip0031_t00542.mp4,tier2,1,1.0,0.0517444461584091,True,9,0.9375835061073304,503,0.7718329584299234
b9_oesdIz-M_clip0021_t00167,b9_oesdIz-M,167.586,175.39,7.804,1.0,1.0,19.99,E:\FPTU\PRJ\VN-AV-DF-Capstone\data\clips\tier2\tier2_v3_clips_0_999-001\b9_oesdIz-M_clip0021_t00167.mp4,tier2,1,1.0,0.0125738121569156,True,9,0.5707137584686279,504,0.5986590511038196
mHTLamr-Zqk_clip0035_t00375,mHTLamr-Zqk,375.298,378.43,3.132,1.0,1.0,16.09,E:\FPTU\PRJ\VN-AV-DF-Capstone\data\clips\tier2\tier2_v3_clips_0_999-001\mHTLamr-Zqk_clip0035_t00375.mp4,tier2,1,1.0,0.0393667928874492,True,9,0.9577462673187256,505,0.7411272609336585
mHTLamr-Zqk_clip0036_t00378,mHTLamr-Zqk,378.626,381.694,3.068,1.0,1.0,15.02,E:\FPTU\PRJ\VN-AV-DF-Capstone\data\clips\tier2\tier2_v3_clips_0_999-001\mHTLamr-Zqk_clip0036_t00378.mp4,tier2,1,1.0,0.0393471159040927,True,9,0.9690023064613342,505,0.7430591509378817
mHTLamr-Zqk_clip0037_t00383,mHTLamr-Zqk,383.554,386.11,2.556,1.0,1.0,14.82,E:\FPTU\PRJ\VN-AV-DF-Capstone\data\clips\tier2\tier2_v3_clips_0_999-001\mHTLamr-Zqk_clip0037_t00383.mp4,tier2,1,1.0,0.0400207675993442,True,9,0.9647610187530518,505,0.7441754916793603
mHTLamr-Zqk_clip0038_t00387,mHTLamr-Zqk,387.97,393.118,5.148,1.0,1.0,14.75,E:\FPTU\PRJ\VN-AV-DF-Capstone\data\clips\tier2\tier2_v3_clips_0_999-001\mHTLamr-Zqk_clip0038_t00387.mp4,tier2,1,1.0,0.0393944568932056,True,9,0.9573239088058472,505,0.7411293066060957
CklYiLA4DZc_clip0018_t00335,CklYiLA4DZc,335.106,338.974,3.868,1.0,1.0,8.27,E:\FPTU\PRJ\VN-AV-DF-Capstone\data\clips\tier1\100-300\tier1_v3_clips_100_300\CklYiLA4DZc_clip0018_t00335.mp4,tier1,1,1.0,0.0541489608585834,True,9,0.9791285395622252,506,0.7858206148544935
CklYiLA4DZc_clip0019_t00339,CklYiLA4DZc,339.33,341.854,2.524,1.0,1.0,8.44,E:\FPTU\PRJ\VN-AV-DF-Capstone\data\clips\tier1\100-300\tier1_v3_clips_100_300\CklYiLA4DZc_clip0019_t00339.mp4,tier1,1,1.0,0.0300789102911949,True,9,0.5653485059738159,506,0.6461698715271791
7630694439006080277_clip0000_t00018,7630694439006080277,18.626,21.918,3.292,1.0,1.0,1.76,E:\FPTU\PRJ\VN-AV-DF-Capstone\data\clips\tier3\tier3_v3_clips_0_1262-001\7630694439006080277_clip0000_t00018.mp4,tier3,1,0.8888888888888888,0.031704407185316,True,9,0.5990583300590515,507,0.6043307843973191
g6hBKVh_7Pk_clip0085_t00849,g6hBKVh_7Pk,849.762,854.366,4.604,1.0,1.0,5.23,E:\FPTU\PRJ\VN-AV-DF-Capstone\data\clips\tier1\100-300\tier1_v3_clips_100_300\g6hBKVh_7Pk_clip0085_t00849.mp4,tier1,1,1.0,0.0124466167762875,True,9,0.6568720936775208,508,0.6135113608230952
UnodrLYWJYI_clip0076_t00801,UnodrLYWJYI,801.378,803.486,2.108,1.0,1.0,16.36,E:\FPTU\PRJ\VN-AV-DF-Capstone\data\clips\tier2\tier2_v3_clips_0_999-001\UnodrLYWJYI_clip0076_t00801.mp4,tier2,1,1.0,0.033491987735033,True,9,0.8920788168907166,511,0.7132762459898208
MpVfVbPdmis_clip0062_t00762,MpVfVbPdmis,762.754,770.238,7.484,1.0,1.0,4.83,E:\FPTU\PRJ\VN-AV-DF-Capstone\data\clips\tier1\100-300\tier1_v3_clips_100_300\MpVfVbPdmis_clip0062_t00762.mp4,tier1,1,1.0,0.0223780404776334,True,9,0.8876908421516418,513,0.6817362578950455
MpVfVbPdmis_clip0063_t00770,MpVfVbPdmis,770.402,772.542,2.14,1.0,1.0,4.57,E:\FPTU\PRJ\VN-AV-DF-Capstone\data\clips\tier1\100-300\tier1_v3_clips_100_300\MpVfVbPdmis_clip0063_t00770.mp4,tier1,1,1.0,0.0222437977790832,True,9,0.8897873759269714,513,0.6817346236748931
MpVfVbPdmis_clip0064_t00772,MpVfVbPdmis,772.706,775.518,2.812,1.0,1.0,4.78,E:\FPTU\PRJ\VN-AV-DF-Capstone\data\clips\tier1\100-300\tier1_v3_clips_100_300\MpVfVbPdmis_clip0064_t00772.mp4,tier1,1,1.0,0.0223814193159341,True,9,0.8813949227333069,513,0.6806345665952814
MpVfVbPdmis_clip0065_t00775,MpVfVbPdmis,775.618,780.414,4.796,1.0,1.0,3.89,E:\FPTU\PRJ\VN-AV-DF-Capstone\data\clips\tier1\100-300\tier1_v3_clips_100_300\MpVfVbPdmis_clip0065_t00775.mp4,tier1,1,1.0,0.0218600835651159,True,9,0.8015221357345581,513,0.6650962067569639
MpVfVbPdmis_clip0068_t00796,MpVfVbPdmis,796.994,799.39,2.396,1.0,1.0,4.46,E:\FPTU\PRJ\VN-AV-DF-Capstone\data\clips\tier1\100-300\tier1_v3_clips_100_300\MpVfVbPdmis_clip0068_t00796.mp4,tier1,1,1.0,0.0214404575526714,True,9,0.864151656627655,513,0.6749868660139332
MpVfVbPdmis_clip0069_t00799,MpVfVbPdmis,799.554,802.11,2.556,1.0,1.0,4.42,E:\FPTU\PRJ\VN-AV-DF-Capstone\data\clips\tier1\100-300\tier1_v3_clips_100_300\MpVfVbPdmis_clip0069_t00799.mp4,tier1,1,1.0,0.021809721365571,True,9,0.7902684807777405,513,0.6629708549571565
MpVfVbPdmis_clip0070_t00802,MpVfVbPdmis,802.306,806.942,4.636,1.0,1.0,3.89,E:\FPTU\PRJ\VN-AV-DF-Capstone\data\clips\tier1\100-300\tier1_v3_clips_100_300\MpVfVbPdmis_clip0070_t00802.mp4,tier1,1,1.0,0.0210705790668725,True,9,0.7605067491531372,513,0.6556726902400454
MpVfVbPdmis_clip0071_t00807,MpVfVbPdmis,807.682,814.206,6.524,1.0,1.0,4.09,E:\FPTU\PRJ\VN-AV-DF-Capstone\data\clips\tier1\100-300\tier1_v3_clips_100_300\MpVfVbPdmis_clip0071_t00807.mp4,tier1,1,1.0,0.0183400437235832,True,9,0.5084601044654846,513,0.6036351999952758
9fvi4IXr6rQ_clip0067_t00615,9fvi4IXr6rQ,615.65,622.366,6.716,0.714,1.0,3.23,E:\FPTU\PRJ\VN-AV-DF-Capstone\data\clips\tier1\0-100\tier1_v3_clips_0_100\9fvi4IXr6rQ_clip0067_t00615.mp4,tier1,1,1.0,0.0132050197571516,True,9,0.4398636221885681,514,0.5773151600769248
lq_tau31IE0_clip0049_t00792,lq_tau31IE0,792.738,802.27,9.532,1.0,1.0,6.15,E:\FPTU\PRJ\VN-AV-DF-Capstone\data\clips\tier1\100-300\tier1_v3_clips_100_300\lq_tau31IE0_clip0049_t00792.mp4,tier1,1,1.0,0.0188885405659675,True,9,0.4043118059635162,514,0.5867744379876847
I-uqcg6HtaQ_clip0045_t00471,I-uqcg6HtaQ,471.394,474.846,3.452,1.0,1.0,8.82,E:\FPTU\PRJ\VN-AV-DF-Capstone\data\clips\tier2\tier2_v3_clips_0_999-001\I-uqcg6HtaQ_clip0045_t00471.mp4,tier2,1,1.0,0.0380213223397731,True,9,0.5527361631393433,515,0.6659303567287131
7641839768522837266_clip0006_t00077,7641839768522837266,77.698,82.558,4.86,1.0,1.0,11.58,E:\FPTU\PRJ\VN-AV-DF-Capstone\data\clips\tier3\tier3_v3_clips_0_1262-001\7641839768522837266_clip0006_t00077.mp4,tier3,1,1.0,0.0188230257481336,True,9,0.5861576795578003,516,0.6186835280865575
7641839768522837266_clip0007_t00082,7641839768522837266,82.754,85.31,2.556,1.0,1.0,11.59,E:\FPTU\PRJ\VN-AV-DF-Capstone\data\clips\tier3\tier3_v3_clips_0_1262-001\7641839768522837266_clip0007_t00082.mp4,tier3,1,1.0,0.0233776681125164,True,9,0.934685468673706,516,0.6927965974727774
0PsGwmgAI-k_clip0031_t00700,0PsGwmgAI-k,700.514,705.514,5.0,1.0,1.0,8.26,E:\FPTU\PRJ\VN-AV-DF-Capstone\data\clips\tier2\tier2_v3_clips_0_999-001\0PsGwmgAI-k_clip0031_t00700.mp4,tier2,1,1.0,0.0440950244665145,True,9,0.9503883719444276,517,0.7529175040663522
0PsGwmgAI-k_clip0032_t00704,0PsGwmgAI-k,704.514,709.514,5.0,1.0,1.0,7.06,E:\FPTU\PRJ\VN-AV-DF-Capstone\data\clips\tier2\tier2_v3_clips_0_999-001\0PsGwmgAI-k_clip0032_t00704.mp4,tier2,1,1.0,0.0450801439583301,True,9,0.9274847507476808,517,0.751602697296774
0wOdyRpc0wc_clip0004_t00059,0wOdyRpc0wc,59.394,63.614,4.22,1.0,1.0,21.5,E:\FPTU\PRJ\VN-AV-DF-Capstone\data\clips\tier1\0-100\tier1_v3_clips_0_100\0wOdyRpc0wc_clip0004_t00059.mp4,tier1,1,1.0,0.0198660977184772,True,9,0.6856229305267334,520,0.6391236522771934
0wOdyRpc0wc_clip0006_t00072,0wOdyRpc0wc,72.354,75.006,2.652,1.0,1.0,20.45,E:\FPTU\PRJ\VN-AV-DF-Capstone\data\clips\tier1\0-100\tier1_v3_clips_0_100\0wOdyRpc0wc_clip0006_t00072.mp4,tier1,1,1.0,0.0290026534348726,True,9,0.930583119392395,520,0.707643743324215
0wOdyRpc0wc_clip0007_t00075,0wOdyRpc0wc,75.33,78.814,3.484,1.0,1.0,17.84,E:\FPTU\PRJ\VN-AV-DF-Capstone\data\clips\tier1\0-100\tier1_v3_clips_0_100\0wOdyRpc0wc_clip0007_t00075.mp4,tier1,1,1.0,0.0251916889101266,True,9,0.4646754860877991,520,0.6148752335063044
0wOdyRpc0wc_clip0014_t00138,0wOdyRpc0wc,138.562,145.086,6.524,1.0,1.0,20.83,E:\FPTU\PRJ\VN-AV-DF-Capstone\data\clips\tier1\0-100\tier1_v3_clips_0_100\0wOdyRpc0wc_clip0014_t00138.mp4,tier1,1,1.0,0.0416286401450634,True,9,0.8127299547195435,520,0.7217973947247921
0wOdyRpc0wc_clip0015_t00145,0wOdyRpc0wc,145.474,150.814,5.34,1.0,1.0,21.11,E:\FPTU\PRJ\VN-AV-DF-Capstone\data\clips\tier1\0-100\tier1_v3_clips_0_100\0wOdyRpc0wc_clip0015_t00145.mp4,tier1,1,1.0,0.03801991045475,True,9,0.6738097071647644,520,0.6872923678811164
CHkaAtJLN3E_clip0058_t00846,CHkaAtJLN3E,846.37,851.37,5.0,1.0,1.0,6.55,E:\FPTU\PRJ\VN-AV-DF-Capstone\data\clips\tier1\100-300\tier1_v3_clips_100_300\CHkaAtJLN3E_clip0058_t00846.mp4,tier1,1,1.0,0.0747551620006561,True,9,0.9123971462249756,521,0.8310865926690949
CHkaAtJLN3E_clip0059_t00850,CHkaAtJLN3E,850.37,855.37,5.0,1.0,1.0,5.81,E:\FPTU\PRJ\VN-AV-DF-Capstone\data\clips\tier1\100-300\tier1_v3_clips_100_300\CHkaAtJLN3E_clip0059_t00850.mp4,tier1,1,1.0,0.100071795284748,True,9,0.9214649200439452,521,0.9027683169381201
CHkaAtJLN3E_clip0060_t00854,CHkaAtJLN3E,854.37,859.37,5.0,1.0,1.0,5.62,E:\FPTU\PRJ\VN-AV-DF-Capstone\data\clips\tier1\100-300\tier1_v3_clips_100_300\CHkaAtJLN3E_clip0060_t00854.mp4,tier1,1,1.0,0.1116205602884292,True,9,0.8917158842086792,521,0.9294877896045658
Xigg3vUV2Gw_clip0005_t00061,Xigg3vUV2Gw,61.698,65.662,3.964,1.0,1.0,11.57,E:\FPTU\PRJ\VN-AV-DF-Capstone\data\clips\tier1\400-440\tier1_v3_clips_400_440\Xigg3vUV2Gw_clip0005_t00061.mp4,tier1,1,1.0,0.0106401480734348,True,9,0.611157238483429,524,0.6004433650150359
7604463316362104082_clip0002_t00011,7604463316362104082,11.522,16.522,5.0,1.0,1.0,5.24,E:\FPTU\PRJ\VN-AV-DF-Capstone\data\clips\tier3\tier3_v3_clips_0_1262-001\7604463316362104082_clip0002_t00011.mp4,tier3,1,1.0,0.0164013877511024,True,9,0.9113943576812744,525,0.6693746553311506
Wv2KVSy4j3E_clip0073_t00655,Wv2KVSy4j3E,655.522,658.686,3.164,1.0,1.0,5.3,E:\FPTU\PRJ\VN-AV-DF-Capstone\data\clips\tier1\400-440\tier1_v3_clips_400_440\Wv2KVSy4j3E_clip0073_t00655.mp4,tier1,1,1.0,0.0180575679987669,True,9,0.5045549273490906,526,0.6021641015161074
CHkaAtJLN3E_clip0024_t00394,CHkaAtJLN3E,394.946,399.71,4.764,1.0,1.0,7.15,E:\FPTU\PRJ\VN-AV-DF-Capstone\data\clips\tier1\100-300\tier1_v3_clips_100_300\CHkaAtJLN3E_clip0024_t00394.mp4,tier1,1,1.0,0.0493028238415718,True,9,0.8897942304611206,527,0.7566406555722175
CHkaAtJLN3E_clip0025_t00413,CHkaAtJLN3E,413.858,418.858,5.0,1.0,1.0,7.41,E:\FPTU\PRJ\VN-AV-DF-Capstone\data\clips\tier1\100-300\tier1_v3_clips_100_300\CHkaAtJLN3E_clip0025_t00413.mp4,tier1,1,1.0,0.0488771125674247,True,9,0.8760367631912231,527,0.753034412867175
bhO764uZyDA_clip0068_t00398,bhO764uZyDA,398.594,401.662,3.068,1.0,1.0,34.48,E:\FPTU\PRJ\VN-AV-DF-Capstone\data\clips\tier1\100-300\tier1_v3_clips_100_300\bhO764uZyDA_clip0068_t00398.mp4,tier1,1,1.0,0.0247937440872192,True,9,0.9599804282188416,528,0.7011803967540593
bhO764uZyDA_clip0069_t00403,bhO764uZyDA,403.138,406.398,3.26,1.0,1.0,34.05,E:\FPTU\PRJ\VN-AV-DF-Capstone\data\clips\tier1\100-300\tier1_v3_clips_100_300\bhO764uZyDA_clip0069_t00403.mp4,tier1,1,1.0,0.027245944365859,True,9,0.9648392796516418,528,0.7088260243217879
gHsxuixSqz0_clip0081_t00851,gHsxuixSqz0,851.074,856.074,5.0,1.0,1.0,6.54,E:\FPTU\PRJ\VN-AV-DF-Capstone\data\clips\tier1\100-300\tier1_v3_clips_100_300\gHsxuixSqz0_clip0081_t00851.mp4,tier1,1,1.0,0.0192038808017969,True,9,0.6492643356323242,529,0.6308742801357003
0PsGwmgAI-k_clip0047_t01059,0PsGwmgAI-k,1059.586,1071.262,11.676,0.75,1.0,6.08,E:\FPTU\PRJ\VN-AV-DF-Capstone\data\clips\tier2\tier2_v3_clips_0_999-001\0PsGwmgAI-k_clip0047_t01059.mp4,tier2,1,0.6666666666666666,0.0720712542533874,True,9,0.3854674100875854,531,0.5738066510388861
7640063825601105173_clip0000_t00005,7640063825601105173,5.218,7.39,2.172,1.0,1.0,8.51,E:\FPTU\PRJ\VN-AV-DF-Capstone\data\clips\tier3\tier3_v3_clips_0_1262-001\7640063825601105173_clip0000_t00005.mp4,tier3,1,0.8888888888888888,0.0321925804018974,True,9,0.4568459689617157,532,0.5805858469532581
bhO764uZyDA_clip0007_t00035,bhO764uZyDA,35.01,37.022,2.012,1.0,1.0,35.06,E:\FPTU\PRJ\VN-AV-DF-Capstone\data\clips\tier1\100-300\tier1_v3_clips_100_300\bhO764uZyDA_clip0007_t00035.mp4,tier1,1,1.0,0.0439630597829818,True,9,0.9844950437545776,533,0.7585710237380852
bhO764uZyDA_clip0008_t00038,bhO764uZyDA,38.658,40.702,2.044,1.0,1.0,34.64,E:\FPTU\PRJ\VN-AV-DF-Capstone\data\clips\tier1\100-300\tier1_v3_clips_100_300\bhO764uZyDA_clip0008_t00038.mp4,tier1,1,1.0,0.0347241014242172,True,9,0.9907718300819396,533,0.734103398395592
bhO764uZyDA_clip0009_t00040,bhO764uZyDA,40.834,42.974,2.14,1.0,1.0,35.09,E:\FPTU\PRJ\VN-AV-DF-Capstone\data\clips\tier1\100-300\tier1_v3_clips_100_300\bhO764uZyDA_clip0009_t00040.mp4,tier1,1,1.0,0.0344152338802814,True,9,0.9988449811935424,533,0.7346730646855287
bhO764uZyDA_clip0010_t00043,bhO764uZyDA,43.458,45.918,2.46,1.0,1.0,34.47,E:\FPTU\PRJ\VN-AV-DF-Capstone\data\clips\tier1\100-300\tier1_v3_clips_100_300\bhO764uZyDA_clip0010_t00043.mp4,tier1,1,1.0,0.0346689671277999,True,9,0.9918373823165894,533,0.73413881421225
bhO764uZyDA_clip0011_t00046,bhO764uZyDA,46.082,49.822,3.74,1.0,1.0,35.26,E:\FPTU\PRJ\VN-AV-DF-Capstone\data\clips\tier1\100-300\tier1_v3_clips_100_300\bhO764uZyDA_clip0011_t00046.mp4,tier1,1,1.0,0.0394144877791404,True,9,0.5401129126548767,533,0.6675592862150348
lq_tau31IE0_clip0018_t00411,lq_tau31IE0,411.458,419.678,8.22,1.0,1.0,6.27,E:\FPTU\PRJ\VN-AV-DF-Capstone\data\clips\tier1\100-300\tier1_v3_clips_100_300\lq_tau31IE0_clip0018_t00411.mp4,tier1,1,1.0,0.0103697916492819,True,9,0.3636866807937622,534,0.5560236892122369
lq_tau31IE0_clip0019_t00419,lq_tau31IE0,419.906,426.366,6.46,1.0,1.0,5.79,E:\FPTU\PRJ\VN-AV-DF-Capstone\data\clips\tier1\100-300\tier1_v3_clips_100_300\lq_tau31IE0_clip0019_t00419.mp4,tier1,1,1.0,0.0184851288795471,True,9,0.6789149045944214,534,0.6341170837114609
Nw3N73GJ2Zo_clip0038_t00476,Nw3N73GJ2Zo,476.93,479.998,3.068,1.0,1.0,4.18,E:\FPTU\PRJ\VN-AV-DF-Capstone\data\clips\tier1\100-300\tier1_v3_clips_100_300\Nw3N73GJ2Zo_clip0038_t00476.mp4,tier1,1,1.0,0.0108904428780078,True,9,0.986083984375,537,0.6672997747292131
Nw3N73GJ2Zo_clip0039_t00480,Nw3N73GJ2Zo,480.13,486.878,6.748,1.0,1.0,4.94,E:\FPTU\PRJ\VN-AV-DF-Capstone\data\clips\tier1\100-300\tier1_v3_clips_100_300\Nw3N73GJ2Zo_clip0039_t00480.mp4,tier1,1,1.0,0.0137925120070576,True,9,0.9849393367767334,537,0.6751312886808705
Nw3N73GJ2Zo_clip0040_t00487,Nw3N73GJ2Zo,487.202,489.534,2.332,1.0,1.0,5.51,E:\FPTU\PRJ\VN-AV-DF-Capstone\data\clips\tier1\100-300\tier1_v3_clips_100_300\Nw3N73GJ2Zo_clip0040_t00487.mp4,tier1,1,1.0,0.0151224816218018,True,9,0.6158697605133057,537,0.6136829866394606
F1JQOFSjVZg_clip0021_t00244,F1JQOFSjVZg,244.194,246.686,2.492,1.0,1.0,11.38,E:\FPTU\PRJ\VN-AV-DF-Capstone\data\clips\tier1\100-300\tier1_v3_clips_100_300\F1JQOFSjVZg_clip0021_t00244.mp4,tier1,1,1.0,0.0103253833949565,True,9,0.4811325073242187,539,0.5766264923330157
0PsGwmgAI-k_clip0010_t00239,0PsGwmgAI-k,239.458,242.558,3.1,1.0,1.0,7.88,E:\FPTU\PRJ\VN-AV-DF-Capstone\data\clips\tier2\tier2_v3_clips_0_999-001\0PsGwmgAI-k_clip0010_t00239.mp4,tier2,1,1.0,0.0891589075326919,True,9,0.8769848942756653,542,0.8647098341329773
0rNleOYzisw_clip0070_t01109,0rNleOYzisw,1109.57,1113.95,4.38,1.0,1.0,12.92,E:\FPTU\PRJ\VN-AV-DF-Capstone\data\clips\tier2\tier2_v3_clips_0_999-001\0rNleOYzisw_clip0070_t01109.mp4,tier2,1,1.0,0.0193965658545494,True,9,0.3716515898704529,543,0.5824171865399929
WsHg9aCVIw0_clip0025_t00235,WsHg9aCVIw0,235.714,239.326,3.612,0.75,1.0,4.06,E:\FPTU\PRJ\VN-AV-DF-Capstone\data\clips\tier1\400-440\tier1_v3_clips_400_440\WsHg9aCVIw0_clip0025_t00235.mp4,tier1,1,0.7777777777777778,0.010488842613995,True,9,0.7389352917671204,544,0.5179984259228407
7641562675729681684_clip0002_t00051,7641562675729681684,51.97,54.654,2.684,1.0,1.0,14.47,E:\FPTU\PRJ\VN-AV-DF-Capstone\data\clips\tier3\tier3_v3_clips_0_1262-001\7641562675729681684_clip0002_t00051.mp4,tier3,1,1.0,0.1455609202384948,True,9,0.3344855904579162,548,0.8825562806690441
jInLQAiBlVQ_clip0011_t00276,jInLQAiBlVQ,276.994,280.734,3.74,0.75,1.0,4.88,E:\FPTU\PRJ\VN-AV-DF-Capstone\data\clips\tier1\100-300\tier1_v3_clips_100_300\jInLQAiBlVQ_clip0011_t00276.mp4,tier1,1,1.0,0.0447080358862876,True,9,0.792217493057251,549,0.7267019348360928
7626359347529960724_clip0005_t00032,7626359347529960724,32.482,35.71,3.228,1.0,1.0,-0.26,E:\FPTU\PRJ\VN-AV-DF-Capstone\data\clips\tier3\tier3_v3_clips_0_1262-001\7626359347529960724_clip0005_t00032.mp4,tier3,1,1.0,0.0458355881273746,True,9,0.5394048094749451,550,0.6852092230618252
0-fu0N-npmg_clip0024_t00297,0-fu0N-npmg,297.154,307.614,10.46,1.0,1.0,2.79,E:\FPTU\PRJ\VN-AV-DF-Capstone\data\clips\tier1\0-100\tier1_v3_clips_0_100\0-fu0N-npmg_clip0024_t00297.mp4,tier1,1,1.0,0.0770064517855644,True,9,0.9027264714241028,551,0.8356120255713606
0-fu0N-npmg_clip0025_t00307,0-fu0N-npmg,307.81,310.654,2.844,1.0,1.0,1.96,E:\FPTU\PRJ\VN-AV-DF-Capstone\data\clips\tier1\0-100\tier1_v3_clips_0_100\0-fu0N-npmg_clip0025_t00307.mp4,tier1,1,1.0,0.0762610509991645,True,9,0.928507685661316,551,0.8380982324310611
0-fu0N-npmg_clip0026_t00312,0-fu0N-npmg,312.418,315.422,3.004,1.0,1.0,1.94,E:\FPTU\PRJ\VN-AV-DF-Capstone\data\clips\tier1\0-100\tier1_v3_clips_0_100\0-fu0N-npmg_clip0026_t00312.mp4,tier1,1,1.0,0.0763762295246124,True,9,0.9407109022140504,551,0.8405705785406944
0-fu0N-npmg_clip0027_t00315,0-fu0N-npmg,315.65,321.182,5.532,1.0,1.0,1.53,E:\FPTU\PRJ\VN-AV-DF-Capstone\data\clips\tier1\0-100\tier1_v3_clips_0_100\0-fu0N-npmg_clip0027_t00315.mp4,tier1,1,1.0,0.0767130032181739,True,9,0.9071595668792723,551,0.8355820119242722
7643736580766682389_clip0001_t00014,7643736580766682389,14.21,16.51,2.3,1.0,1.0,1.54,E:\FPTU\PRJ\VN-AV-DF-Capstone\data\clips\tier3\tier3_v3_clips_0_1262-001\7643736580766682389_clip0001_t00014.mp4,tier3,1,1.0,0.0782511532306671,True,9,0.9723095297813416,552,0.8513369725622569
rGuraolgHIs_clip0027_t00282,rGuraolgHIs,282.466,284.926,2.46,1.0,1.0,7.96,E:\FPTU\PRJ\VN-AV-DF-Capstone\data\clips\tier2\tier2_v3_clips_0_999-001\rGuraolgHIs_clip0027_t00282.mp4,tier2,1,1.0,0.0224671717733144,True,9,0.9137609004974364,553,0.6865835897660821
rGuraolgHIs_clip0028_t00285,rGuraolgHIs,285.09,287.582,2.492,1.0,1.0,7.82,E:\FPTU\PRJ\VN-AV-DF-Capstone\data\clips\tier2\tier2_v3_clips_0_999-001\rGuraolgHIs_clip0028_t00285.mp4,tier2,1,1.0,0.0478997230529785,True,9,0.9639588594436646,553,0.7658444663068683
I-uqcg6HtaQ_clip0035_t00306,I-uqcg6HtaQ,306.402,317.278,10.876,1.0,1.0,11.33,E:\FPTU\PRJ\VN-AV-DF-Capstone\data\clips\tier2\tier2_v3_clips_0_999-001\I-uqcg6HtaQ_clip0035_t00306.mp4,tier2,1,1.0,0.0165176764130592,True,9,0.3155550062656402,554,0.564548444880271
3tEN20uif6g_clip0080_t01088,3tEN20uif6g,1088.834,1094.046,5.212,1.0,1.0,1.47,E:\FPTU\PRJ\VN-AV-DF-Capstone\data\clips\tier1\0-100\tier1_v3_clips_0_100\3tEN20uif6g_clip0080_t01088.mp4,tier1,1,1.0,0.0515173822641372,True,9,0.9362714290618896,557,0.7709728569288559
3tEN20uif6g_clip0081_t01094,3tEN20uif6g,1094.434,1099.23,4.796,1.0,1.0,2.46,E:\FPTU\PRJ\VN-AV-DF-Capstone\data\clips\tier1\0-100\tier1_v3_clips_0_100\3tEN20uif6g_clip0081_t01094.mp4,tier1,1,1.0,0.0520736277103424,True,9,0.9504907131195068,557,0.7750219415361805
3tEN20uif6g_clip0082_t01101,3tEN20uif6g,1101.378,1105.79,4.412,1.0,1.0,2.38,E:\FPTU\PRJ\VN-AV-DF-Capstone\data\clips\tier1\0-100\tier1_v3_clips_0_100\3tEN20uif6g_clip0082_t01101.mp4,tier1,1,1.0,0.0539867803454399,True,9,0.9375150203704834,557,0.7780281043899064
3tEN20uif6g_clip0083_t01106,3tEN20uif6g,1106.018,1109.918,3.9,1.0,1.0,1.81,E:\FPTU\PRJ\VN-AV-DF-Capstone\data\clips\tier1\0-100\tier1_v3_clips_0_100\3tEN20uif6g_clip0083_t01106.mp4,tier1,1,1.0,0.0525015480816364,True,9,0.9437137246131896,557,0.7750105719761744
3tEN20uif6g_clip0084_t01110,3tEN20uif6g,1110.37,1115.006,4.636,1.0,1.0,2.71,E:\FPTU\PRJ\VN-AV-DF-Capstone\data\clips\tier1\0-100\tier1_v3_clips_0_100\3tEN20uif6g_clip0084_t01110.mp4,tier1,1,1.0,0.054018598049879,True,9,0.9028313755989076,557,0.7719955389953083
3tEN20uif6g_clip0085_t01115,3tEN20uif6g,1115.202,1117.566,2.364,1.0,1.0,0.54,E:\FPTU\PRJ\VN-AV-DF-Capstone\data\clips\tier1\0-100\tier1_v3_clips_0_100\3tEN20uif6g_clip0085_t01115.mp4,tier1,1,1.0,0.0528761520981788,True,9,0.9503411054611206,557,0.7772170889759371
3tEN20uif6g_clip0086_t01117,3tEN20uif6g,1117.858,1124.254,6.396,1.0,1.0,2.65,E:\FPTU\PRJ\VN-AV-DF-Capstone\data\clips\tier1\0-100\tier1_v3_clips_0_100\3tEN20uif6g_clip0086_t01117.mp4,tier1,1,1.0,0.0539330095052719,True,9,0.9141968488693236,557,0.7737642844564552
hjEoiiSe0is_clip0041_t00596,hjEoiiSe0is,596.482,598.974,2.492,1.0,1.0,6.49,E:\FPTU\PRJ\VN-AV-DF-Capstone\data\clips\tier1\100-300\tier1_v3_clips_100_300\hjEoiiSe0is_clip0041_t00596.mp4,tier1,1,1.0,0.0801811665296554,True,9,0.824616014957428,560,0.8306160758148364
hjEoiiSe0is_clip0042_t00599,hjEoiiSe0is,599.138,609.342,10.204,1.0,1.0,5.55,E:\FPTU\PRJ\VN-AV-DF-Capstone\data\clips\tier1\100-300\tier1_v3_clips_100_300\hjEoiiSe0is_clip0042_t00599.mp4,tier1,1,1.0,0.0781605318188667,True,9,0.8339922428131104,560,0.8266771812875459
hjEoiiSe0is_clip0043_t00609,hjEoiiSe0is,609.474,612.702,3.228,1.0,1.0,4.24,E:\FPTU\PRJ\VN-AV-DF-Capstone\data\clips\tier1\100-300\tier1_v3_clips_100_300\hjEoiiSe0is_clip0043_t00609.mp4,tier1,1,1.0,0.0777205526828765,True,9,0.8888487219810486,560,0.8351397857624969
hjEoiiSe0is_clip0044_t00613,hjEoiiSe0is,613.218,615.614,2.396,1.0,1.0,7.15,E:\FPTU\PRJ\VN-AV-DF-Capstone\data\clips\tier1\100-300\tier1_v3_clips_100_300\hjEoiiSe0is_clip0044_t00613.mp4,tier1,1,1.0,0.0784873440861702,True,9,0.8829225897789001,560,0.8362166304354821
hjEoiiSe0is_clip0045_t00615,hjEoiiSe0is,615.746,618.942,3.196,1.0,1.0,8.81,E:\FPTU\PRJ\VN-AV-DF-Capstone\data\clips\tier1\100-300\tier1_v3_clips_100_300\hjEoiiSe0is_clip0045_t00615.mp4,tier1,1,1.0,0.0803721323609352,True,9,0.8982448577880859,560,0.8441380328201984
hjEoiiSe0is_clip0046_t00621,hjEoiiSe0is,621.922,629.246,7.324,1.0,1.0,5.18,E:\FPTU\PRJ\VN-AV-DF-Capstone\data\clips\tier1\100-300\tier1_v3_clips_100_300\hjEoiiSe0is_clip0046_t00621.mp4,tier1,1,1.0,0.079770416021347,True,9,0.8408811092376709,560,0.8323493466134284
jInLQAiBlVQ_clip0051_t00842,jInLQAiBlVQ,842.946,847.946,5.0,0.8,1.0,7.23,E:\FPTU\PRJ\VN-AV-DF-Capstone\data\clips\tier1\100-300\tier1_v3_clips_100_300\jInLQAiBlVQ_clip0051_t00842.mp4,tier1,1,1.0,0.051536489278078,True,9,0.5735307335853577,561,0.707012685075814
gHsxuixSqz0_clip0008_t00108,gHsxuixSqz0,108.77,113.342,4.572,1.0,1.0,9.08,E:\FPTU\PRJ\VN-AV-DF-Capstone\data\clips\tier1\100-300\tier1_v3_clips_100_300\gHsxuixSqz0_clip0008_t00108.mp4,tier1,1,1.0,0.0367972329258918,True,9,0.5327619910240173,562,0.6590169773195069
CHkaAtJLN3E_clip0005_t00092,CHkaAtJLN3E,92.29,96.478,4.188,1.0,1.0,6.4,E:\FPTU\PRJ\VN-AV-DF-Capstone\data\clips\tier1\100-300\tier1_v3_clips_100_300\CHkaAtJLN3E_clip0005_t00092.mp4,tier1,1,1.0,0.0308979023247957,True,9,0.5888644456863403,563,0.6525868777854179
CHkaAtJLN3E_clip0026_t00456,CHkaAtJLN3E,456.098,461.098,5.0,1.0,1.0,6.5,E:\FPTU\PRJ\VN-AV-DF-Capstone\data\clips\tier1\100-300\tier1_v3_clips_100_300\CHkaAtJLN3E_clip0026_t00456.mp4,tier1,1,1.0,0.0484403073787689,True,9,0.7035751342773438,565,0.7213908432164927
CHkaAtJLN3E_clip0027_t00472,CHkaAtJLN3E,472.962,478.398,5.436,1.0,1.0,7.34,E:\FPTU\PRJ\VN-AV-DF-Capstone\data\clips\tier1\100-300\tier1_v3_clips_100_300\CHkaAtJLN3E_clip0027_t00472.mp4,tier1,1,1.0,0.0501818396151065,True,9,0.9178858995437622,565,0.7640313012592923
CHkaAtJLN3E_clip0028_t00478,CHkaAtJLN3E,478.786,489.406,10.62,1.0,1.0,7.34,E:\FPTU\PRJ\VN-AV-DF-Capstone\data\clips\tier1\100-300\tier1_v3_clips_100_300\CHkaAtJLN3E_clip0028_t00478.mp4,tier1,1,1.0,0.0486513748764991,True,9,0.8774691820144653,565,0.7526623053638568
lq_tau31IE0_clip0045_t00770,lq_tau31IE0,770.434,779.006,8.572,1.0,1.0,6.35,E:\FPTU\PRJ\VN-AV-DF-Capstone\data\clips\tier1\100-300\tier1_v3_clips_100_300\lq_tau31IE0_clip0045_t00770.mp4,tier1,1,1.0,0.0109859723597764,True,9,0.4335820972919464,572,0.5700638865189351
UnodrLYWJYI_clip0063_t00662,UnodrLYWJYI,662.69,667.69,5.0,0.8,1.0,14.72,E:\FPTU\PRJ\VN-AV-DF-Capstone\data\clips\tier2\tier2_v3_clips_0_999-001\UnodrLYWJYI_clip0063_t00662.mp4,tier2,1,0.6666666666666666,0.0639763101935386,True,9,0.471075177192688,574,0.5665054720348673
cVabKjWav-Y_clip0008_t00052,cVabKjWav-Y,52.258,57.258,5.0,1.0,1.0,19.03,E:\FPTU\PRJ\VN-AV-DF-Capstone\data\clips\tier2\tier2_v3_clips_0_999-001\cVabKjWav-Y_clip0008_t00052.mp4,tier2,1,1.0,0.0220383182168006,True,9,0.4605367481708526,575,0.6054157041701665
CklYiLA4DZc_clip0014_t00247,CklYiLA4DZc,247.874,250.494,2.62,1.0,1.0,9.9,E:\FPTU\PRJ\VN-AV-DF-Capstone\data\clips\tier1\100-300\tier1_v3_clips_100_300\CklYiLA4DZc_clip0014_t00247.mp4,tier1,1,1.0,0.1935826390981674,True,9,0.9106915593147278,578,0.9842396869378932
0wOdyRpc0wc_clip0029_t00269,0wOdyRpc0wc,269.09,273.054,3.964,1.0,1.0,16.35,E:\FPTU\PRJ\VN-AV-DF-Capstone\data\clips\tier1\0-100\tier1_v3_clips_0_100\0wOdyRpc0wc_clip0029_t00269.mp4,tier1,1,1.0,0.0363795086741447,True,9,0.92854243516922,579,0.7277042404297196
0wOdyRpc0wc_clip0030_t00273,0wOdyRpc0wc,273.218,278.218,5.0,1.0,1.0,15.3,E:\FPTU\PRJ\VN-AV-DF-Capstone\data\clips\tier1\0-100\tier1_v3_clips_0_100\0wOdyRpc0wc_clip0030_t00273.mp4,tier1,1,1.0,0.0366011522710323,True,9,0.9045236110687256,579,0.7240791784325409
0wOdyRpc0wc_clip0031_t00277,0wOdyRpc0wc,277.218,282.218,5.0,1.0,1.0,15.19,E:\FPTU\PRJ\VN-AV-DF-Capstone\data\clips\tier1\0-100\tier1_v3_clips_0_100\0wOdyRpc0wc_clip0031_t00277.mp4,tier1,1,1.0,0.0364323481917381,True,9,0.8977578282356262,579,0.722417933139569
0wOdyRpc0wc_clip0032_t00281,0wOdyRpc0wc,281.218,286.218,5.0,1.0,1.0,14.17,E:\FPTU\PRJ\VN-AV-DF-Capstone\data\clips\tier1\0-100\tier1_v3_clips_0_100\0wOdyRpc0wc_clip0032_t00281.mp4,tier1,1,1.0,0.038497794419527,True,9,0.9168369770050048,579,0.7315024120033009
0wOdyRpc0wc_clip0033_t00285,0wOdyRpc0wc,285.218,290.218,5.0,1.0,1.0,14.37,E:\FPTU\PRJ\VN-AV-DF-Capstone\data\clips\tier1\0-100\tier1_v3_clips_0_100\0wOdyRpc0wc_clip0033_t00285.mp4,tier1,1,1.0,0.0376916676759719,True,9,0.919219732284546,579,0.7296913773932605
0-fu0N-npmg_clip0028_t00336,0-fu0N-npmg,336.162,340.126,3.964,1.0,1.0,3.16,E:\FPTU\PRJ\VN-AV-DF-Capstone\data\clips\tier1\0-100\tier1_v3_clips_0_100\0-fu0N-npmg_clip0028_t00336.mp4,tier1,1,1.0,0.0650757998228073,True,9,0.9367105960845948,580,0.808582781669455
0-fu0N-npmg_clip0029_t00340,0-fu0N-npmg,340.354,343.582,3.228,1.0,1.0,2.33,E:\FPTU\PRJ\VN-AV-DF-Capstone\data\clips\tier1\0-100\tier1_v3_clips_0_100\0-fu0N-npmg_clip0029_t00340.mp4,tier1,1,1.0,0.0652863234281539,True,9,0.9434089660644532,580,0.8103476186091707
0-fu0N-npmg_clip0030_t00343,0-fu0N-npmg,343.874,349.278,5.404,1.0,1.0,1.82,E:\FPTU\PRJ\VN-AV-DF-Capstone\data\clips\tier1\0-100\tier1_v3_clips_0_100\0-fu0N-npmg_clip0030_t00343.mp4,tier1,1,1.0,0.0651499480009079,True,9,0.9205356240272522,580,0.8059336318945679
0-fu0N-npmg_clip0031_t00349,0-fu0N-npmg,349.41,352.414,3.004,1.0,1.0,1.16,E:\FPTU\PRJ\VN-AV-DF-Capstone\data\clips\tier1\0-100\tier1_v3_clips_0_100\0-fu0N-npmg_clip0031_t00349.mp4,tier1,1,1.0,0.0578661821782588,True,9,0.8407618999481201,580,0.7716929882435011
I-uqcg6HtaQ_clip0053_t00524,I-uqcg6HtaQ,524.13,528.478,4.348,1.0,1.0,14.79,E:\FPTU\PRJ\VN-AV-DF-Capstone\data\clips\tier2\tier2_v3_clips_0_999-001\I-uqcg6HtaQ_clip0053_t00524.mp4,tier2,1,1.0,0.0190473701804876,True,9,0.35341677069664,581,0.5782326334693331
hxoZsiA7Vs8_clip0090_t00574,hxoZsiA7Vs8,574.594,579.594,5.0,1.0,1.0,6.27,E:\FPTU\PRJ\VN-AV-DF-Capstone\data\clips\tier1\100-300\tier1_v3_clips_100_300\hxoZsiA7Vs8_clip0090_t00574.mp4,tier1,1,1.0,0.0464858636260032,True,9,0.8151332139968872,583,0.7356672700689901
0PsGwmgAI-k_clip0039_t00827,0PsGwmgAI-k,827.842,830.462,2.62,1.0,1.0,8.95,E:\FPTU\PRJ\VN-AV-DF-Capstone\data\clips\tier2\tier2_v3_clips_0_999-001\0PsGwmgAI-k_clip0039_t00827.mp4,tier2,1,1.0,0.0105466358363628,True,9,0.712303876876831,584,0.6180339111246953
usfv-YmWPBs_clip0060_t00965,usfv-YmWPBs,965.666,976.638,10.972,1.0,1.0,10.59,E:\FPTU\PRJ\VN-AV-DF-Capstone\data\clips\tier1\300-400\tier1_v3_clips_300_400\usfv-YmWPBs_clip0060_t00965.mp4,tier1,1,1.0,0.0724427327513694,True,9,0.9018529057502748,585,0.8228245754522431
0rNleOYzisw_clip0044_t00656,0rNleOYzisw,656.034,658.238,2.204,1.0,1.0,8.42,E:\FPTU\PRJ\VN-AV-DF-Capstone\data\clips\tier2\tier2_v3_clips_0_999-001\0rNleOYzisw_clip0044_t00656.mp4,tier2,1,1.0,0.0612693950533866,True,9,0.776199996471405,586,0.7697204883515087
lq_tau31IE0_clip0020_t00426,lq_tau31IE0,426.69,429.598,2.908,1.0,1.0,5.47,E:\FPTU\PRJ\VN-AV-DF-Capstone\data\clips\tier1\100-300\tier1_v3_clips_100_300\lq_tau31IE0_clip0020_t00426.mp4,tier1,1,1.0,0.0272239856421947,True,9,0.9215031862258912,589,0.7011176922629134
lq_tau31IE0_clip0021_t00429,lq_tau31IE0,429.762,435.454,5.692,1.0,1.0,6.15,E:\FPTU\PRJ\VN-AV-DF-Capstone\data\clips\tier1\100-300\tier1_v3_clips_100_300\lq_tau31IE0_clip0021_t00429.mp4,tier1,1,1.0,0.0164951048791408,True,9,0.7209935188293457,589,0.6360339351434767
b9_oesdIz-M_clip0072_t00726,b9_oesdIz-M,726.018,729.534,3.516,1.0,1.0,19.9,E:\FPTU\PRJ\VN-AV-DF-Capstone\data\clips\tier2\tier2_v3_clips_0_999-001\b9_oesdIz-M_clip0072_t00726.mp4,tier2,1,1.0,0.0602497309446334,True,9,0.9445141553878784,590,0.79660035180588
b9_oesdIz-M_clip0073_t00732,b9_oesdIz-M,732.77,739.166,6.396,1.0,1.0,19.07,E:\FPTU\PRJ\VN-AV-DF-Capstone\data\clips\tier2\tier2_v3_clips_0_999-001\b9_oesdIz-M_clip0073_t00732.mp4,tier2,1,1.0,0.0576349906623363,True,9,0.9332188367843628,590,0.7873689336941084
cVabKjWav-Y_clip0007_t00030,cVabKjWav-Y,30.562,35.562,5.0,1.0,1.0,19.46,E:\FPTU\PRJ\VN-AV-DF-Capstone\data\clips\tier2\tier2_v3_clips_0_999-001\cVabKjWav-Y_clip0007_t00030.mp4,tier2,1,1.0,0.0144325327128171,True,9,0.370597779750824,591,0.5684897786755226
Wv2KVSy4j3E_clip0066_t00613,Wv2KVSy4j3E,613.41,615.518,2.108,1.0,1.0,3.81,E:\FPTU\PRJ\VN-AV-DF-Capstone\data\clips\tier1\400-440\tier1_v3_clips_400_440\Wv2KVSy4j3E_clip0066_t00613.mp4,tier1,1,1.0,0.0258972737938165,True,9,0.997186243534088,592,0.7108009208760124
b9_oesdIz-M_clip0076_t00757,b9_oesdIz-M,757.954,761.374,3.42,1.0,1.0,19.53,E:\FPTU\PRJ\VN-AV-DF-Capstone\data\clips\tier2\tier2_v3_clips_0_999-001\b9_oesdIz-M_clip0076_t00757.mp4,tier2,1,1.0,0.0205879472196102,True,9,0.749739408493042,593,0.6524365493508534
0rNleOYzisw_clip0056_t00814,0rNleOYzisw,814.114,818.686,4.572,1.0,1.0,10.66,E:\FPTU\PRJ\VN-AV-DF-Capstone\data\clips\tier2\tier2_v3_clips_0_999-001\0rNleOYzisw_clip0056_t00814.mp4,tier2,1,1.0,0.0313713625073432,True,9,0.3949705362319946,595,0.6196809384667565
7624919664694398229_clip0000_t00045,7624919664694398229,45.794,48.35,2.556,1.0,1.0,10.46,E:\FPTU\PRJ\VN-AV-DF-Capstone\data\clips\tier3\tier3_v3_clips_0_1262-001\7624919664694398229_clip0000_t00045.mp4,tier3,1,1.0,0.2421781718730926,True,9,0.6129840612411499,597,0.9317030696307912
MpVfVbPdmis_clip0022_t00285,MpVfVbPdmis,285.058,290.718,5.66,1.0,1.0,5.22,E:\FPTU\PRJ\VN-AV-DF-Capstone\data\clips\tier1\100-300\tier1_v3_clips_100_300\MpVfVbPdmis_clip0022_t00285.mp4,tier1,1,1.0,0.0687343925237655,True,9,0.9638137817382812,600,0.8234934166592844
_UEZaDjz02I_clip0029_t00332,_UEZaDjz02I,332.802,336.286,3.484,1.0,1.0,4.42,E:\FPTU\PRJ\VN-AV-DF-Capstone\data\clips\tier1\440-9999\tier1_v3_clips_440_9999\_UEZaDjz02I_clip0029_t00332.mp4,tier1,1,1.0,0.1872812062501907,True,9,0.9997532963752748,608,0.9999564640662251
Wv2KVSy4j3E_clip0077_t00681,Wv2KVSy4j3E,681.826,684.446,2.62,1.0,1.0,4.34,E:\FPTU\PRJ\VN-AV-DF-Capstone\data\clips\tier1\400-440\tier1_v3_clips_400_440\Wv2KVSy4j3E_clip0077_t00681.mp4,tier1,1,1.0,0.0155312353745102,True,9,0.9940285086631776,609,0.6815483959077413
g6hBKVh_7Pk_clip0030_t00250,g6hBKVh_7Pk,250.466,255.466,5.0,1.0,1.0,6.95,E:\FPTU\PRJ\VN-AV-DF-Capstone\data\clips\tier1\100-300\tier1_v3_clips_100_300\g6hBKVh_7Pk_clip0030_t00250.mp4,tier1,1,1.0,0.0361244119703769,True,9,0.5837209224700928,610,0.6661472263039506
qwnzKjjauR8_clip0069_t00536,qwnzKjjauR8,536.77,539.774,3.004,1.0,1.0,11.13,E:\FPTU\PRJ\VN-AV-DF-Capstone\data\clips\tier1\300-400\tier1_v3_clips_300_400\qwnzKjjauR8_clip0069_t00536.mp4,tier1,1,1.0,0.0162125322967767,True,9,0.9968719482421876,612,0.6839361461659564
qwnzKjjauR8_clip0070_t00541,qwnzKjjauR8,541.506,543.678,2.172,1.0,1.0,9.95,E:\FPTU\PRJ\VN-AV-DF-Capstone\data\clips\tier1\300-400\tier1_v3_clips_300_400\qwnzKjjauR8_clip0070_t00541.mp4,tier1,1,1.0,0.0161689482629299,True,9,0.9995858669281006,612,0.6842944236279819
qwnzKjjauR8_clip0071_t00543,qwnzKjjauR8,543.778,545.918,2.14,1.0,1.0,8.83,E:\FPTU\PRJ\VN-AV-DF-Capstone\data\clips\tier1\300-400\tier1_v3_clips_300_400\qwnzKjjauR8_clip0071_t00543.mp4,tier1,1,1.0,0.0161140337586402,True,9,0.9985008239746094,612,0.6839509310755142
qwnzKjjauR8_clip0072_t00546,qwnzKjjauR8,546.37,549.982,3.612,1.0,1.0,9.6,E:\FPTU\PRJ\VN-AV-DF-Capstone\data\clips\tier1\300-400\tier1_v3_clips_300_400\qwnzKjjauR8_clip0072_t00546.mp4,tier1,1,1.0,0.015997290611267,True,9,0.9996744990348816,612,0.683834881709652
qwnzKjjauR8_clip0073_t00551,qwnzKjjauR8,551.458,554.846,3.388,1.0,1.0,9.37,E:\FPTU\PRJ\VN-AV-DF-Capstone\data\clips\tier1\300-400\tier1_v3_clips_300_400\qwnzKjjauR8_clip0073_t00551.mp4,tier1,1,1.0,0.0161170735955238,True,9,0.9998103380203248,612,0.6841904366688828
qwnzKjjauR8_clip0074_t00556,qwnzKjjauR8,556.706,560.222,3.516,1.0,1.0,8.75,E:\FPTU\PRJ\VN-AV-DF-Capstone\data\clips\tier1\300-400\tier1_v3_clips_300_400\qwnzKjjauR8_clip0074_t00556.mp4,tier1,1,1.0,0.0161160957068204,True,9,0.9997277855873108,612,0.6841731616000084
qwnzKjjauR8_clip0075_t00562,qwnzKjjauR8,562.914,565.502,2.588,1.0,1.0,10.78,E:\FPTU\PRJ\VN-AV-DF-Capstone\data\clips\tier1\300-400\tier1_v3_clips_300_400\qwnzKjjauR8_clip0075_t00562.mp4,tier1,1,1.0,0.0161046050488948,True,9,0.9996257424354552,612,0.6841233455345254
qwnzKjjauR8_clip0076_t00565,qwnzKjjauR8,565.73,569.214,3.484,1.0,1.0,10.23,E:\FPTU\PRJ\VN-AV-DF-Capstone\data\clips\tier1\300-400\tier1_v3_clips_300_400\qwnzKjjauR8_clip0076_t00565.mp4,tier1,1,1.0,0.0160518083721399,True,9,0.9995354413986206,612,0.6839612582454746
MpVfVbPdmis_clip0038_t00478,MpVfVbPdmis,478.114,483.114,5.0,1.0,1.0,5.42,E:\FPTU\PRJ\VN-AV-DF-Capstone\data\clips\tier1\100-300\tier1_v3_clips_100_300\MpVfVbPdmis_clip0038_t00478.mp4,tier1,1,1.0,0.0846811830997467,True,9,0.9745805263519288,614,0.8695373516027254
MpVfVbPdmis_clip0039_t00482,MpVfVbPdmis,482.114,487.114,5.0,1.0,1.0,6.02,E:\FPTU\PRJ\VN-AV-DF-Capstone\data\clips\tier1\100-300\tier1_v3_clips_100_300\MpVfVbPdmis_clip0039_t00482.mp4,tier1,1,1.0,0.0837365686893463,True,9,0.9816790819168092,614,0.8681751553489341
3tEN20uif6g_clip0015_t00197,3tEN20uif6g,197.09,199.71,2.62,1.0,1.0,1.87,E:\FPTU\PRJ\VN-AV-DF-Capstone\data\clips\tier1\0-100\tier1_v3_clips_0_100\3tEN20uif6g_clip0015_t00197.mp4,tier1,1,1.0,0.0404803231358528,True,9,0.8719993233680725,616,0.729077922812364
FufWLL1IIrQ_clip0055_t00350,FufWLL1IIrQ,350.978,352.99,2.012,1.0,1.0,2.04,E:\FPTU\PRJ\VN-AV-DF-Capstone\data\clips\tier2\tier2_v3_clips_0_999-001\FufWLL1IIrQ_clip0055_t00350.mp4,tier2,1,1.0,0.0295880641788244,True,9,0.9941141605377196,618,0.7204756381173223
FufWLL1IIrQ_clip0056_t00353,FufWLL1IIrQ,353.826,359.102,5.276,1.0,1.0,1.22,E:\FPTU\PRJ\VN-AV-DF-Capstone\data\clips\tier2\tier2_v3_clips_0_999-001\FufWLL1IIrQ_clip0056_t00353.mp4,tier2,1,1.0,0.0290925838053226,True,9,0.9935131072998048,618,0.7189979806468543
FufWLL1IIrQ_clip0057_t00370,FufWLL1IIrQ,370.178,377.694,7.516,1.0,1.0,0.9,E:\FPTU\PRJ\VN-AV-DF-Capstone\data\clips\tier2\tier2_v3_clips_0_999-001\FufWLL1IIrQ_clip0057_t00370.mp4,tier2,1,1.0,0.0315751694142818,True,9,0.8610305786132812,618,0.7024910067768326
FufWLL1IIrQ_clip0058_t00378,FufWLL1IIrQ,378.53,383.646,5.116,1.0,1.0,1.21,E:\FPTU\PRJ\VN-AV-DF-Capstone\data\clips\tier2\tier2_v3_clips_0_999-001\FufWLL1IIrQ_clip0058_t00378.mp4,tier2,1,1.0,0.0292634889483451,True,9,0.9930509924888612,618,0.7193895307575344
FufWLL1IIrQ_clip0059_t00385,FufWLL1IIrQ,385.282,388.158,2.876,1.0,1.0,2.55,E:\FPTU\PRJ\VN-AV-DF-Capstone\data\clips\tier2\tier2_v3_clips_0_999-001\FufWLL1IIrQ_clip0059_t00385.mp4,tier2,1,1.0,0.03022320009768,True,9,0.7726951241493225,618,0.6831598743879106
FufWLL1IIrQ_clip0060_t00388,FufWLL1IIrQ,388.29,390.91,2.62,1.0,1.0,1.54,E:\FPTU\PRJ\VN-AV-DF-Capstone\data\clips\tier2\tier2_v3_clips_0_999-001\FufWLL1IIrQ_clip0060_t00388.mp4,tier2,1,1.0,0.0291832610964775,True,9,0.995270848274231,618,0.7195591831961773
FufWLL1IIrQ_clip0061_t00396,FufWLL1IIrQ,396.738,400.67,3.932,1.0,1.0,1.8,E:\FPTU\PRJ\VN-AV-DF-Capstone\data\clips\tier2\tier2_v3_clips_0_999-001\FufWLL1IIrQ_clip0061_t00396.mp4,tier2,1,1.0,0.0316034965217113,True,9,0.770110547542572,618,0.6865247105377609
FufWLL1IIrQ_clip0062_t00402,FufWLL1IIrQ,402.146,405.502,3.356,1.0,1.0,1.5,E:\FPTU\PRJ\VN-AV-DF-Capstone\data\clips\tier2\tier2_v3_clips_0_999-001\FufWLL1IIrQ_clip0062_t00402.mp4,tier2,1,1.0,0.0290786363184452,True,9,0.9950507283210754,618,0.7192307160862164
FufWLL1IIrQ_clip0063_t00405,FufWLL1IIrQ,405.922,409.726,3.804,1.0,1.0,1.46,E:\FPTU\PRJ\VN-AV-DF-Capstone\data\clips\tier2\tier2_v3_clips_0_999-001\FufWLL1IIrQ_clip0063_t00405.mp4,tier2,1,1.0,0.0291730426251888,True,9,0.9936487674713136,618,0.7192446468605578
FufWLL1IIrQ_clip0064_t00409,FufWLL1IIrQ,409.858,413.182,3.324,1.0,1.0,1.65,E:\FPTU\PRJ\VN-AV-DF-Capstone\data\clips\tier2\tier2_v3_clips_0_999-001\FufWLL1IIrQ_clip0064_t00409.mp4,tier2,1,1.0,0.029380939900875,True,9,0.9960381388664246,618,0.7202418020769967
FufWLL1IIrQ_clip0065_t00413,FufWLL1IIrQ,413.602,417.502,3.9,1.0,1.0,1.94,E:\FPTU\PRJ\VN-AV-DF-Capstone\data\clips\tier2\tier2_v3_clips_0_999-001\FufWLL1IIrQ_clip0065_t00413.mp4,tier2,1,1.0,0.0293805431574583,True,9,0.9944226145744324,618,0.7199556112893684
CklYiLA4DZc_clip0026_t00466,CklYiLA4DZc,466.242,469.534,3.292,1.0,1.0,8.76,E:\FPTU\PRJ\VN-AV-DF-Capstone\data\clips\tier1\100-300\tier1_v3_clips_100_300\CklYiLA4DZc_clip0026_t00466.mp4,tier1,1,1.0,0.0555407851934433,True,9,0.3675016164779663,619,0.6817393014352261
CHkaAtJLN3E_clip0009_t00111,CHkaAtJLN3E,111.746,116.746,5.0,1.0,1.0,6.03,E:\FPTU\PRJ\VN-AV-DF-Capstone\data\clips\tier1\100-300\tier1_v3_clips_100_300\CHkaAtJLN3E_clip0009_t00111.mp4,tier1,1,1.0,0.0732183381915092,True,9,0.5837808847427368,621,0.7688412505378855
gHsxuixSqz0_clip0022_t00229,gHsxuixSqz0,229.442,234.442,5.0,1.0,1.0,9.18,E:\FPTU\PRJ\VN-AV-DF-Capstone\data\clips\tier1\100-300\tier1_v3_clips_100_300\gHsxuixSqz0_clip0022_t00229.mp4,tier1,1,1.0,0.0256007872521877,True,9,0.4701584577560425,624,0.6169752831704085
CHkaAtJLN3E_clip0007_t00103,CHkaAtJLN3E,103.746,108.746,5.0,1.0,1.0,6.16,E:\FPTU\PRJ\VN-AV-DF-Capstone\data\clips\tier1\100-300\tier1_v3_clips_100_300\CHkaAtJLN3E_clip0007_t00103.mp4,tier1,1,1.0,0.0273336917161941,True,9,0.5040873885154724,626,0.6277597693630366
7504901787435076871_clip0003_t00012,7504901787435076871,12.258,14.718,2.46,1.0,1.0,4.33,E:\FPTU\PRJ\VN-AV-DF-Capstone\data\clips\tier3\tier3_v3_clips_0_1262-001\7504901787435076871_clip0003_t00012.mp4,tier3,1,1.0,0.0479154326021671,True,9,0.5171791911125183,627,0.6870444826142499
_UEZaDjz02I_clip0028_t00315,_UEZaDjz02I,315.426,318.11,2.684,1.0,1.0,4.13,E:\FPTU\PRJ\VN-AV-DF-Capstone\data\clips\tier1\440-9999\tier1_v3_clips_440_9999\_UEZaDjz02I_clip0028_t00315.mp4,tier1,1,1.0,0.1345975250005722,True,9,0.9999513626098632,628,0.9999914169311523
I-uqcg6HtaQ_clip0074_t00854,I-uqcg6HtaQ,854.69,858.59,3.9,1.0,1.0,11.95,E:\FPTU\PRJ\VN-AV-DF-Capstone\data\clips\tier2\tier2_v3_clips_0_999-001\I-uqcg6HtaQ_clip0074_t00854.mp4,tier2,1,1.0,0.0765571221709251,True,9,0.9362253546714784,629,0.8402797585268241
7641136380827012373_clip0000_t00000,7641136380827012373,0.258,2.75,2.492,1.0,1.0,-3.24,E:\FPTU\PRJ\VN-AV-DF-Capstone\data\clips\tier3\tier3_v3_clips_0_1262-001\7641136380827012373_clip0000_t00000.mp4,tier3,1,1.0,0.0242143757641315,True,9,0.7366629838943481,635,0.6601676280352373
qh78i88JEiU_clip0035_t00411,qh78i88JEiU,411.298,413.95,2.652,1.0,1.0,-3.79,E:\FPTU\PRJ\VN-AV-DF-Capstone\data\clips\tier1\300-400\tier1_v3_clips_300_400\qh78i88JEiU_clip0035_t00411.mp4,tier1,1,1.0,0.1059123277664184,True,9,0.8958418965339661,637,0.9144143746053377
qh78i88JEiU_clip0036_t00416,qh78i88JEiU,416.098,420.094,3.996,1.0,1.0,-6.01,E:\FPTU\PRJ\VN-AV-DF-Capstone\data\clips\tier1\300-400\tier1_v3_clips_300_400\qh78i88JEiU_clip0036_t00416.mp4,tier1,1,1.0,0.1059688702225685,True,9,0.8524001240730286,637,0.9069047003473006
qh78i88JEiU_clip0037_t00420,qh78i88JEiU,420.194,426.59,6.396,1.0,1.0,-4.9,E:\FPTU\PRJ\VN-AV-DF-Capstone\data\clips\tier1\300-400\tier1_v3_clips_300_400\qh78i88JEiU_clip0037_t00420.mp4,tier1,1,1.0,0.1046871468424797,True,9,0.8826813101768494,637,0.9087003711636713
qh78i88JEiU_clip0038_t00428,qh78i88JEiU,428.29,434.622,6.332,1.0,1.0,-3.53,E:\FPTU\PRJ\VN-AV-DF-Capstone\data\clips\tier1\300-400\tier1_v3_clips_300_400\qh78i88JEiU_clip0038_t00428.mp4,tier1,1,1.0,0.1046758741140365,True,9,0.8604492545127869,637,0.9047458620451101
jInLQAiBlVQ_clip0049_t00811,jInLQAiBlVQ,811.394,814.238,2.844,1.0,1.0,4.03,E:\FPTU\PRJ\VN-AV-DF-Capstone\data\clips\tier1\100-300\tier1_v3_clips_100_300\jInLQAiBlVQ_clip0049_t00811.mp4,tier1,1,1.0,0.0703420937061309,True,9,0.912547767162323,638,0.8188969128878459
jInLQAiBlVQ_clip0050_t00817,jInLQAiBlVQ,817.922,821.31,3.388,1.0,1.0,5.21,E:\FPTU\PRJ\VN-AV-DF-Capstone\data\clips\tier1\100-300\tier1_v3_clips_100_300\jInLQAiBlVQ_clip0050_t00817.mp4,tier1,1,1.0,0.0693479254841804,True,9,0.9210227131843568,638,0.8176404341583229
0wOdyRpc0wc_clip0017_t00163,0wOdyRpc0wc,163.394,166.11,2.716,1.0,1.0,21.86,E:\FPTU\PRJ\VN-AV-DF-Capstone\data\clips\tier1\0-100\tier1_v3_clips_0_100\0wOdyRpc0wc_clip0017_t00163.mp4,tier1,1,1.0,0.0179917383939027,True,9,0.9694096446037292,640,0.6840150573377499
g6hBKVh_7Pk_clip0029_t00246,g6hBKVh_7Pk,246.466,251.466,5.0,1.0,1.0,6.46,E:\FPTU\PRJ\VN-AV-DF-Capstone\data\clips\tier1\100-300\tier1_v3_clips_100_300\g6hBKVh_7Pk_clip0029_t00246.mp4,tier1,1,1.0,0.0264784824103117,True,9,0.4029586613178253,643,0.6075461321543493
hjEoiiSe0is_clip0012_t00235,hjEoiiSe0is,235.49,240.19,4.7,1.0,1.0,5.49,E:\FPTU\PRJ\VN-AV-DF-Capstone\data\clips\tier1\100-300\tier1_v3_clips_100_300\hjEoiiSe0is_clip0012_t00235.mp4,tier1,1,1.0,0.0300124958157539,True,9,0.5775120258331299,644,0.6481325264162292
I-uqcg6HtaQ_clip0029_t00263,I-uqcg6HtaQ,263.97,268.414,4.444,1.0,1.0,12.98,E:\FPTU\PRJ\VN-AV-DF-Capstone\data\clips\tier2\tier2_v3_clips_0_999-001\I-uqcg6HtaQ_clip0029_t00263.mp4,tier2,1,1.0,0.0220626108348369,True,9,0.9684128165245056,646,0.6951081395520481
CklYiLA4DZc_clip0013_t00242,CklYiLA4DZc,242.562,246.11,3.548,1.0,1.0,8.23,E:\FPTU\PRJ\VN-AV-DF-Capstone\data\clips\tier1\100-300\tier1_v3_clips_100_300\CklYiLA4DZc_clip0013_t00242.mp4,tier1,1,1.0,0.0861032754182815,True,9,0.9653748273849488,648,0.8718494538307187
mHTLamr-Zqk_clip0092_t00888,mHTLamr-Zqk,888.45,893.45,5.0,1.0,1.0,13.59,E:\FPTU\PRJ\VN-AV-DF-Capstone\data\clips\tier2\tier2_v3_clips_0_999-001\mHTLamr-Zqk_clip0092_t00888.mp4,tier2,1,1.0,0.1521645188331604,True,9,0.3863075673580169,651,0.8917013354161207
0-fu0N-npmg_clip0009_t00123,0-fu0N-npmg,123.426,126.782,3.356,1.0,1.0,3.71,E:\FPTU\PRJ\VN-AV-DF-Capstone\data\clips\tier1\0-100\tier1_v3_clips_0_100\0-fu0N-npmg_clip0009_t00123.mp4,tier1,1,1.0,0.0643046870827674,True,9,0.8138602375984192,652,0.7847687116052391
0-fu0N-npmg_clip0010_t00146,0-fu0N-npmg,146.37,148.734,2.364,1.0,1.0,3.82,E:\FPTU\PRJ\VN-AV-DF-Capstone\data\clips\tier1\0-100\tier1_v3_clips_0_100\0-fu0N-npmg_clip0010_t00146.mp4,tier1,1,0.7777777777777778,0.0671200901269912,True,9,0.9296507835388184,652,0.7084207754070417
RoXXg62YfpM_clip0022_t00201,RoXXg62YfpM,201.154,204.062,2.908,1.0,1.0,9.39,E:\FPTU\PRJ\VN-AV-DF-Capstone\data\clips\tier1\300-400\tier1_v3_clips_300_400\RoXXg62YfpM_clip0022_t00201.mp4,tier1,1,1.0,0.0379330851137638,True,9,0.9993330836296082,653,0.7444973196168105
g6hBKVh_7Pk_clip0016_t00137,g6hBKVh_7Pk,137.922,141.438,3.516,1.0,1.0,5.18,E:\FPTU\PRJ\VN-AV-DF-Capstone\data\clips\tier1\100-300\tier1_v3_clips_100_300\g6hBKVh_7Pk_clip0016_t00137.mp4,tier1,1,1.0,0.0227586086839437,True,9,0.7345667481422424,654,0.6557678482311978
wKaFsRX95YY_clip0025_t00304,wKaFsRX95YY,304.834,314.718,9.884,1.0,1.0,11.55,E:\FPTU\PRJ\VN-AV-DF-Capstone\data\clips\tier2\tier2_v3_clips_0_999-001\wKaFsRX95YY_clip0025_t00304.mp4,tier2,1,1.0,0.0552911311388015,True,9,0.8594679236412048,655,0.7678657924553043
MpVfVbPdmis_clip0096_t01128,MpVfVbPdmis,1128.578,1133.578,5.0,1.0,1.0,6.15,E:\FPTU\PRJ\VN-AV-DF-Capstone\data\clips\tier1\100-300\tier1_v3_clips_100_300\MpVfVbPdmis_clip0096_t01128.mp4,tier1,1,1.0,0.0474480539560318,True,9,0.4826758205890655,656,0.6796618544989014
MpVfVbPdmis_clip0097_t01144,MpVfVbPdmis,1144.162,1146.526,2.364,1.0,1.0,5.6,E:\FPTU\PRJ\VN-AV-DF-Capstone\data\clips\tier1\100-300\tier1_v3_clips_100_300\MpVfVbPdmis_clip0097_t01144.mp4,tier1,1,1.0,0.0618714839220047,True,9,0.7432324290275574,656,0.7655693853239258
MpVfVbPdmis_clip0098_t01146,MpVfVbPdmis,1146.626,1150.078,3.452,1.0,1.0,4.94,E:\FPTU\PRJ\VN-AV-DF-Capstone\data\clips\tier1\100-300\tier1_v3_clips_100_300\MpVfVbPdmis_clip0098_t01146.mp4,tier1,1,1.0,0.0652563273906707,True,9,0.888235330581665,656,0.8005280596402973
CHkaAtJLN3E_clip0076_t01096,CHkaAtJLN3E,1096.866,1100.35,3.484,1.0,1.0,6.66,E:\FPTU\PRJ\VN-AV-DF-Capstone\data\clips\tier1\100-300\tier1_v3_clips_100_300\CHkaAtJLN3E_clip0076_t01096.mp4,tier1,1,1.0,0.0130508048459887,True,9,0.4547218680381775,659,0.5795103055950233
rGuraolgHIs_clip0034_t00383,rGuraolgHIs,383.714,386.014,2.3,1.0,1.0,4.99,E:\FPTU\PRJ\VN-AV-DF-Capstone\data\clips\tier2\tier2_v3_clips_0_999-001\rGuraolgHIs_clip0034_t00383.mp4,tier2,1,1.0,0.0517440624535083,True,9,0.94578617811203,660,0.7732794266114142
rGuraolgHIs_clip0035_t00390,rGuraolgHIs,390.21,392.734,2.524,1.0,1.0,3.0,E:\FPTU\PRJ\VN-AV-DF-Capstone\data\clips\tier2\tier2_v3_clips_0_999-001\rGuraolgHIs_clip0035_t00390.mp4,tier2,1,1.0,0.0512601844966411,True,9,0.9534326195716858,660,0.7732893272027106
rGuraolgHIs_clip0036_t00393,rGuraolgHIs,393.154,397.79,4.636,1.0,1.0,1.92,E:\FPTU\PRJ\VN-AV-DF-Capstone\data\clips\tier2\tier2_v3_clips_0_999-001\rGuraolgHIs_clip0036_t00393.mp4,tier2,1,1.0,0.0516452491283416,True,9,0.933513641357422,660,0.7708401496883209
jInLQAiBlVQ_clip0005_t00184,jInLQAiBlVQ,184.162,189.162,5.0,0.8,1.0,4.13,E:\FPTU\PRJ\VN-AV-DF-Capstone\data\clips\tier1\100-300\tier1_v3_clips_100_300\jInLQAiBlVQ_clip0005_t00184.mp4,tier1,1,1.0,0.0123619176447391,True,9,0.4066348671913147,662,0.5691173860483444
CHkaAtJLN3E_clip0042_t00710,CHkaAtJLN3E,710.05,713.31,3.26,1.0,1.0,6.38,E:\FPTU\PRJ\VN-AV-DF-Capstone\data\clips\tier1\100-300\tier1_v3_clips_100_300\CHkaAtJLN3E_clip0042_t00710.mp4,tier1,1,1.0,0.0515457801520824,True,9,0.9651702046394348,665,0.7761512519153451
CHkaAtJLN3E_clip0043_t00715,CHkaAtJLN3E,715.426,718.846,3.42,1.0,1.0,4.72,E:\FPTU\PRJ\VN-AV-DF-Capstone\data\clips\tier1\100-300\tier1_v3_clips_100_300\CHkaAtJLN3E_clip0043_t00715.mp4,tier1,1,1.0,0.0513384975492954,True,9,0.9329888820648192,665,0.7698983950876993
CHkaAtJLN3E_clip0044_t00720,CHkaAtJLN3E,720.354,723.038,2.684,1.0,1.0,6.29,E:\FPTU\PRJ\VN-AV-DF-Capstone\data\clips\tier1\100-300\tier1_v3_clips_100_300\CHkaAtJLN3E_clip0044_t00720.mp4,tier1,1,1.0,0.052300713956356,True,9,0.940708875656128,665,0.7739243552921579
CHkaAtJLN3E_clip0045_t00724,CHkaAtJLN3E,724.674,727.422,2.748,1.0,1.0,5.07,E:\FPTU\PRJ\VN-AV-DF-Capstone\data\clips\tier1\100-300\tier1_v3_clips_100_300\CHkaAtJLN3E_clip0045_t00724.mp4,tier1,1,1.0,0.0516145788133144,True,9,0.948612630367279,665,0.7734197755647494
b9_oesdIz-M_clip0082_t00799,b9_oesdIz-M,799.138,801.214,2.076,1.0,1.0,20.1,E:\FPTU\PRJ\VN-AV-DF-Capstone\data\clips\tier2\tier2_v3_clips_0_999-001\b9_oesdIz-M_clip0082_t00799.mp4,tier2,1,1.0,0.0782774835824966,True,9,0.9644145965576172,666,0.8500166367577409
b9_oesdIz-M_clip0083_t00803,b9_oesdIz-M,803.426,807.422,3.996,1.0,1.0,20.09,E:\FPTU\PRJ\VN-AV-DF-Capstone\data\clips\tier2\tier2_v3_clips_0_999-001\b9_oesdIz-M_clip0083_t00803.mp4,tier2,1,1.0,0.0783979147672653,True,9,0.9572972059249878,666,0.8490940043689523
b9_oesdIz-M_clip0084_t00808,b9_oesdIz-M,808.77,810.846,2.076,1.0,1.0,19.89,E:\FPTU\PRJ\VN-AV-DF-Capstone\data\clips\tier2\tier2_v3_clips_0_999-001\b9_oesdIz-M_clip0084_t00808.mp4,tier2,1,1.0,0.0782601758837699,True,9,0.9628561735153198,666,0.8496937097382922
b9_oesdIz-M_clip0085_t00811,b9_oesdIz-M,811.106,813.406,2.3,1.0,1.0,20.08,E:\FPTU\PRJ\VN-AV-DF-Capstone\data\clips\tier2\tier2_v3_clips_0_999-001\b9_oesdIz-M_clip0085_t00811.mp4,tier2,1,1.0,0.069806307554245,True,9,0.7471029162406921,666,0.7882175989782537
CHkaAtJLN3E_clip0047_t00754,CHkaAtJLN3E,754.818,759.818,5.0,1.0,1.0,6.03,E:\FPTU\PRJ\VN-AV-DF-Capstone\data\clips\tier1\100-300\tier1_v3_clips_100_300\CHkaAtJLN3E_clip0047_t00754.mp4,tier1,1,1.0,0.0774679481983184,True,9,0.920184850692749,667,0.8399704308493388
CHkaAtJLN3E_clip0048_t00758,CHkaAtJLN3E,758.818,763.818,5.0,1.0,1.0,5.85,E:\FPTU\PRJ\VN-AV-DF-Capstone\data\clips\tier1\100-300\tier1_v3_clips_100_300\CHkaAtJLN3E_clip0048_t00758.mp4,tier1,1,1.0,0.0776419267058372,True,9,0.9310199022293092,667,0.8423641062413437
9fvi4IXr6rQ_clip0075_t00654,9fvi4IXr6rQ,654.594,658.878,4.284,1.0,1.0,3.64,E:\FPTU\PRJ\VN-AV-DF-Capstone\data\clips\tier1\0-100\tier1_v3_clips_0_100\9fvi4IXr6rQ_clip0075_t00654.mp4,tier1,1,1.0,0.0147303640842437,True,9,0.9146796464920044,669,0.6653286828396581
Xigg3vUV2Gw_clip0014_t00153,Xigg3vUV2Gw,153.314,156.222,2.908,1.0,1.0,11.43,E:\FPTU\PRJ\VN-AV-DF-Capstone\data\clips\tier1\400-440\tier1_v3_clips_400_440\Xigg3vUV2Gw_clip0014_t00153.mp4,tier1,1,1.0,0.0101460786536335,True,9,0.963146448135376,671,0.6611914244461853
3tEN20uif6g_clip0050_t00693,3tEN20uif6g,693.09,696.286,3.196,1.0,1.0,4.61,E:\FPTU\PRJ\VN-AV-DF-Capstone\data\clips\tier1\0-100\tier1_v3_clips_0_100\3tEN20uif6g_clip0050_t00693.mp4,tier1,1,1.0,0.221131294965744,True,9,0.7473311424255371,672,0.9554113780750948
R5y53Ud7Fs8_clip0041_t00484,R5y53Ud7Fs8,484.162,486.462,2.3,1.0,1.0,7.44,E:\FPTU\PRJ\VN-AV-DF-Capstone\data\clips\tier1\300-400\tier1_v3_clips_300_400\R5y53Ud7Fs8_clip0041_t00484.mp4,tier1,1,1.0,0.0271107163280248,True,9,0.342516154050827,673,0.5986299578886806
t6uBz4HwSTg_clip0022_t00421,t6uBz4HwSTg,421.442,428.318,6.876,1.0,1.0,11.06,E:\FPTU\PRJ\VN-AV-DF-Capstone\data\clips\tier1\300-400\tier1_v3_clips_300_400\t6uBz4HwSTg_clip0022_t00421.mp4,tier1,1,1.0,0.0289961602538824,True,9,0.9364644289016724,674,0.7086636470429764
t6uBz4HwSTg_clip0023_t00428,t6uBz4HwSTg,428.514,430.91,2.396,1.0,1.0,12.69,E:\FPTU\PRJ\VN-AV-DF-Capstone\data\clips\tier1\300-400\tier1_v3_clips_300_400\t6uBz4HwSTg_clip0023_t00428.mp4,tier1,1,1.0,0.0289909970015287,True,9,0.9664574861526488,674,0.7139422465788418
t6uBz4HwSTg_clip0024_t00431,t6uBz4HwSTg,431.234,433.438,2.204,1.0,1.0,12.01,E:\FPTU\PRJ\VN-AV-DF-Capstone\data\clips\tier1\300-400\tier1_v3_clips_300_400\t6uBz4HwSTg_clip0024_t00431.mp4,tier1,1,1.0,0.0295403264462947,True,9,0.9617705941200256,674,0.7146358022883287
t6uBz4HwSTg_clip0025_t00433,t6uBz4HwSTg,433.954,440.126,6.172,1.0,1.0,12.96,E:\FPTU\PRJ\VN-AV-DF-Capstone\data\clips\tier1\300-400\tier1_v3_clips_300_400\t6uBz4HwSTg_clip0025_t00433.mp4,tier1,1,1.0,0.029299471527338,True,9,0.9584792256355286,674,0.7133882377347712
t6uBz4HwSTg_clip0026_t00440,t6uBz4HwSTg,440.226,443.23,3.004,1.0,1.0,11.34,E:\FPTU\PRJ\VN-AV-DF-Capstone\data\clips\tier1\300-400\tier1_v3_clips_300_400\t6uBz4HwSTg_clip0026_t00440.mp4,tier1,1,1.0,0.0289241205900907,True,9,0.9715344905853271,674,0.7146530611903386
t6uBz4HwSTg_clip0027_t00444,t6uBz4HwSTg,444.642,446.974,2.332,1.0,1.0,11.72,E:\FPTU\PRJ\VN-AV-DF-Capstone\data\clips\tier1\300-400\tier1_v3_clips_300_400\t6uBz4HwSTg_clip0027_t00444.mp4,tier1,1,1.0,0.0294168069958686,True,9,0.9677742719650269,674,0.7153533481863616
0-fu0N-npmg_clip0049_t00676,0-fu0N-npmg,676.002,680.254,4.252,1.0,1.0,2.89,E:\FPTU\PRJ\VN-AV-DF-Capstone\data\clips\tier1\0-100\tier1_v3_clips_0_100\0-fu0N-npmg_clip0049_t00676.mp4,tier1,1,1.0,0.0760115906596183,True,9,0.8769938349723816,678,0.828316996543072
cVabKjWav-Y_clip0034_t00463,cVabKjWav-Y,463.074,468.074,5.0,1.0,1.0,20.23,E:\FPTU\PRJ\VN-AV-DF-Capstone\data\clips\tier2\tier2_v3_clips_0_999-001\cVabKjWav-Y_clip0034_t00463.mp4,tier2,1,1.0,0.0698241889476776,True,9,0.466845154762268,679,0.7388098462433476
wKaFsRX95YY_clip0037_t00464,wKaFsRX95YY,464.546,467.87,3.324,1.0,1.0,4.76,E:\FPTU\PRJ\VN-AV-DF-Capstone\data\clips\tier2\tier2_v3_clips_0_999-001\wKaFsRX95YY_clip0037_t00464.mp4,tier2,1,1.0,0.0543241128325462,True,9,0.9435383677482604,680,0.7800248521638284
wKaFsRX95YY_clip0038_t00468,wKaFsRX95YY,468.066,470.43,2.364,1.0,1.0,3.05,E:\FPTU\PRJ\VN-AV-DF-Capstone\data\clips\tier2\tier2_v3_clips_0_999-001\wKaFsRX95YY_clip0038_t00468.mp4,tier2,1,1.0,0.0529388263821601,True,9,0.928471863269806,680,0.7735313059560727
wKaFsRX95YY_clip0039_t00487,wKaFsRX95YY,487.842,489.854,2.012,1.0,1.0,5.77,E:\FPTU\PRJ\VN-AV-DF-Capstone\data\clips\tier2\tier2_v3_clips_0_999-001\wKaFsRX95YY_clip0039_t00487.mp4,tier2,1,1.0,0.0521085709333419,True,9,0.9569180607795716,680,0.7762529092224507
wKaFsRX95YY_clip0040_t00492,wKaFsRX95YY,492.066,496.318,4.252,1.0,1.0,5.06,E:\FPTU\PRJ\VN-AV-DF-Capstone\data\clips\tier2\tier2_v3_clips_0_999-001\wKaFsRX95YY_clip0040_t00492.mp4,tier2,1,1.0,0.0518424436450004,True,9,0.92212975025177,680,0.7693771017813782
wKaFsRX95YY_clip0041_t00496,wKaFsRX95YY,496.482,500.99,4.508,1.0,1.0,5.95,E:\FPTU\PRJ\VN-AV-DF-Capstone\data\clips\tier2\tier2_v3_clips_0_999-001\wKaFsRX95YY_clip0041_t00496.mp4,tier2,1,1.0,0.0529262125492095,True,9,0.9329596757888794,680,0.7742883552465565
wKaFsRX95YY_clip0042_t00505,wKaFsRX95YY,505.218,508.67,3.452,1.0,1.0,6.2,E:\FPTU\PRJ\VN-AV-DF-Capstone\data\clips\tier2\tier2_v3_clips_0_999-001\wKaFsRX95YY_clip0042_t00505.mp4,tier2,1,1.0,0.0521324723958969,True,9,0.953953206539154,680,0.7757958637025124
usfv-YmWPBs_clip0073_t01142,usfv-YmWPBs,1142.338,1146.398,4.06,1.0,1.0,9.1,E:\FPTU\PRJ\VN-AV-DF-Capstone\data\clips\tier1\300-400\tier1_v3_clips_300_400\usfv-YmWPBs_clip0073_t01142.mp4,tier1,1,1.0,0.0856561735272407,True,9,0.9276572465896606,684,0.8639557422711684
usfv-YmWPBs_clip0074_t01146,usfv-YmWPBs,1146.818,1149.854,3.036,1.0,1.0,8.49,E:\FPTU\PRJ\VN-AV-DF-Capstone\data\clips\tier1\300-400\tier1_v3_clips_300_400\usfv-YmWPBs_clip0074_t01146.mp4,tier1,1,1.0,0.0842963010072708,True,9,0.9686761498451232,684,0.8674299718245383
usfv-YmWPBs_clip0075_t01154,usfv-YmWPBs,1154.754,1158.174,3.42,1.0,1.0,8.9,E:\FPTU\PRJ\VN-AV-DF-Capstone\data\clips\tier1\300-400\tier1_v3_clips_300_400\usfv-YmWPBs_clip0075_t01154.mp4,tier1,1,1.0,0.0852744728326797,True,9,0.9614489674568176,684,0.8688623628960136
usfv-YmWPBs_clip0076_t01158,usfv-YmWPBs,1158.402,1160.446,2.044,1.0,1.0,7.83,E:\FPTU\PRJ\VN-AV-DF-Capstone\data\clips\tier1\300-400\tier1_v3_clips_300_400\usfv-YmWPBs_clip0076_t01158.mp4,tier1,1,1.0,0.0848467424511909,True,9,0.944413721561432,684,0.8646720993739183
9fvi4IXr6rQ_clip0079_t00678,9fvi4IXr6rQ,678.306,680.638,2.332,1.0,1.0,3.72,E:\FPTU\PRJ\VN-AV-DF-Capstone\data\clips\tier1\0-100\tier1_v3_clips_0_100\9fvi4IXr6rQ_clip0079_t00678.mp4,tier1,1,1.0,0.0100894160568714,True,9,0.9759402871131896,685,0.6632923072809003
Wv2KVSy4j3E_clip0059_t00544,Wv2KVSy4j3E,544.386,546.59,2.204,1.0,1.0,4.03,E:\FPTU\PRJ\VN-AV-DF-Capstone\data\clips\tier1\400-440\tier1_v3_clips_400_440\Wv2KVSy4j3E_clip0059_t00544.mp4,tier1,1,1.0,0.0151503551751375,True,9,0.9960339665412904,686,0.6808479473006865
MpVfVbPdmis_clip0089_t01026,MpVfVbPdmis,1026.498,1031.498,5.0,1.0,1.0,6.19,E:\FPTU\PRJ\VN-AV-DF-Capstone\data\clips\tier1\100-300\tier1_v3_clips_100_300\MpVfVbPdmis_clip0089_t01026.mp4,tier1,1,1.0,0.0733373463153839,True,9,0.905869483947754,687,0.8260098535077776
Wv2KVSy4j3E_clip0061_t00560,Wv2KVSy4j3E,560.93,564.478,3.548,1.0,1.0,6.31,E:\FPTU\PRJ\VN-AV-DF-Capstone\data\clips\tier1\400-440\tier1_v3_clips_400_440\Wv2KVSy4j3E_clip0061_t00560.mp4,tier1,1,1.0,0.0509837344288826,True,9,0.999116063117981,688,0.780585842011394
jInLQAiBlVQ_clip0039_t00722,jInLQAiBlVQ,722.818,725.342,2.524,1.0,1.0,6.29,E:\FPTU\PRJ\VN-AV-DF-Capstone\data\clips\tier1\100-300\tier1_v3_clips_100_300\jInLQAiBlVQ_clip0039_t00722.mp4,tier1,1,1.0,0.127075120806694,True,9,0.9411947727203368,689,0.981000687628845
jInLQAiBlVQ_clip0040_t00728,jInLQAiBlVQ,728.738,732.51,3.772,1.0,1.0,5.45,E:\FPTU\PRJ\VN-AV-DF-Capstone\data\clips\tier1\100-300\tier1_v3_clips_100_300\jInLQAiBlVQ_clip0040_t00728.mp4,tier1,1,1.0,0.125467762351036,True,9,0.9526206254959106,689,0.9785675233483853
jInLQAiBlVQ_clip0041_t00735,jInLQAiBlVQ,735.17,737.886,2.716,1.0,1.0,6.67,E:\FPTU\PRJ\VN-AV-DF-Capstone\data\clips\tier1\100-300\tier1_v3_clips_100_300\jInLQAiBlVQ_clip0041_t00735.mp4,tier1,1,1.0,0.1254211217164993,True,9,0.9570256471633912,689,0.9792157694633306
jInLQAiBlVQ_clip0042_t00742,jInLQAiBlVQ,742.146,744.862,2.716,1.0,1.0,5.52,E:\FPTU\PRJ\VN-AV-DF-Capstone\data\clips\tier1\100-300\tier1_v3_clips_100_300\jInLQAiBlVQ_clip0042_t00742.mp4,tier1,1,1.0,0.1281585097312927,True,9,0.935964822769165,689,0.9830767935596936
jInLQAiBlVQ_clip0043_t00745,jInLQAiBlVQ,745.09,747.23,2.14,1.0,1.0,5.19,E:\FPTU\PRJ\VN-AV-DF-Capstone\data\clips\tier1\100-300\tier1_v3_clips_100_300\jInLQAiBlVQ_clip0043_t00745.mp4,tier1,1,1.0,0.127596840262413,True,9,0.9390900731086732,689,0.9820734943552518
CklYiLA4DZc_clip0011_t00133,CklYiLA4DZc,133.698,138.462,4.764,1.0,1.0,7.72,E:\FPTU\PRJ\VN-AV-DF-Capstone\data\clips\tier1\100-300\tier1_v3_clips_100_300\CklYiLA4DZc_clip0011_t00133.mp4,tier1,1,1.0,0.0715203508734703,True,9,0.7689001560211182,691,0.796808987088194
7633011644041383189_clip0000_t00016,7633011644041383189,16.034,18.43,2.396,1.0,1.0,16.35,E:\FPTU\PRJ\VN-AV-DF-Capstone\data\clips\tier3\tier3_v3_clips_0_1262-001\7633011644041383189_clip0000_t00016.mp4,tier3,1,1.0,0.0900665968656539,True,9,0.6245197057723999,694,0.8226698203035265
7627071362959445268_clip0000_t00035,7627071362959445268,35.458,37.79,2.332,1.0,1.0,5.85,E:\FPTU\PRJ\VN-AV-DF-Capstone\data\clips\tier3\tier3_v3_clips_0_1262-001\7627071362959445268_clip0000_t00035.mp4,tier3,1,1.0,0.0904349163174629,True,9,0.8079520463943481,695,0.8560598156193179
g6hBKVh_7Pk_clip0015_t00119,g6hBKVh_7Pk,119.234,121.79,2.556,1.0,1.0,6.56,E:\FPTU\PRJ\VN-AV-DF-Capstone\data\clips\tier1\100-300\tier1_v3_clips_100_300\g6hBKVh_7Pk_clip0015_t00119.mp4,tier1,1,1.0,0.0332178063690662,True,9,0.6288762092590332,696,0.6660697378719562
XwMwDTPAyAo_clip0027_t00463,XwMwDTPAyAo,463.17,465.918,2.748,1.0,1.0,8.1,E:\FPTU\PRJ\VN-AV-DF-Capstone\data\clips\tier1\440-9999\tier1_v3_clips_440_9999\XwMwDTPAyAo_clip0027_t00463.mp4,tier1,1,1.0,0.0256712399423122,True,9,0.5421866178512573,697,0.6298811621572675
CHkaAtJLN3E_clip0011_t00130,CHkaAtJLN3E,130.466,135.934,5.468,1.0,1.0,6.87,E:\FPTU\PRJ\VN-AV-DF-Capstone\data\clips\tier1\100-300\tier1_v3_clips_100_300\CHkaAtJLN3E_clip0011_t00130.mp4,tier1,1,1.0,0.0484022572636604,True,9,0.7911431789398193,698,0.7367386972030295
Xigg3vUV2Gw_clip0030_t00416,Xigg3vUV2Gw,416.002,419.614,3.612,1.0,1.0,11.17,E:\FPTU\PRJ\VN-AV-DF-Capstone\data\clips\tier1\400-440\tier1_v3_clips_400_440\Xigg3vUV2Gw_clip0030_t00416.mp4,tier1,1,1.0,0.0437037460505962,True,9,0.9747719168663024,700,0.7561373452903322
P3K1OaKR4nY_clip0039_t00264,P3K1OaKR4nY,264.386,269.386,5.0,1.0,1.0,12.23,E:\FPTU\PRJ\VN-AV-DF-Capstone\data\clips\tier1\300-400\tier1_v3_clips_300_400\P3K1OaKR4nY_clip0039_t00264.mp4,tier1,1,1.0,0.0428646318614482,True,9,0.9886074066162108,702,0.756256065590194
P3K1OaKR4nY_clip0040_t00268,P3K1OaKR4nY,268.386,273.386,5.0,1.0,1.0,11.47,E:\FPTU\PRJ\VN-AV-DF-Capstone\data\clips\tier1\300-400\tier1_v3_clips_300_400\P3K1OaKR4nY_clip0040_t00268.mp4,tier1,1,1.0,0.0430661439895629,True,9,0.990347146987915,702,0.7571209046660766
P3K1OaKR4nY_clip0041_t00272,P3K1OaKR4nY,272.386,277.386,5.0,1.0,1.0,11.49,E:\FPTU\PRJ\VN-AV-DF-Capstone\data\clips\tier1\300-400\tier1_v3_clips_300_400\P3K1OaKR4nY_clip0041_t00272.mp4,tier1,1,1.0,0.0432212762534618,True,9,0.9897907972335817,702,0.757452162581528
7634057975606365461_clip0000_t00047,7634057975606365461,47.266,51.198,3.932,1.0,1.0,-0.51,E:\FPTU\PRJ\VN-AV-DF-Capstone\data\clips\tier3\tier3_v3_clips_0_1262-001\7634057975606365461_clip0000_t00047.mp4,tier3,1,1.0,0.0538899227976799,True,9,0.3877516388893127,703,0.6807429159117516
0rNleOYzisw_clip0034_t00524,0rNleOYzisw,524.29,528.606,4.316,1.0,1.0,5.95,E:\FPTU\PRJ\VN-AV-DF-Capstone\data\clips\tier2\tier2_v3_clips_0_999-001\0rNleOYzisw_clip0034_t00524.mp4,tier2,1,1.0,0.0601266808807849,True,9,0.7401756644248962,704,0.7601999908000615
R5y53Ud7Fs8_clip0042_t00487,R5y53Ud7Fs8,487.01,490.27,3.26,1.0,1.0,8.71,E:\FPTU\PRJ\VN-AV-DF-Capstone\data\clips\tier1\300-400\tier1_v3_clips_300_400\R5y53Ud7Fs8_clip0042_t00487.mp4,tier1,1,1.0,0.0294722542166709,True,9,0.4657059907913208,705,0.6269065523239278
7641839768522837266_clip0004_t00048,7641839768522837266,48.546,53.598,5.052,0.8,1.0,9.29,E:\FPTU\PRJ\VN-AV-DF-Capstone\data\clips\tier3\tier3_v3_clips_0_1262-001\7641839768522837266_clip0004_t00048.mp4,tier3,1,0.6666666666666666,0.0139106139540672,True,9,0.6934050917625427,706,0.46714825379906566
7639641433460198664_clip0003_t00057,7639641433460198664,57.826,60.318,2.492,1.0,1.0,4.13,E:\FPTU\PRJ\VN-AV-DF-Capstone\data\clips\tier3\tier3_v3_clips_0_1262-001\7639641433460198664_clip0003_t00057.mp4,tier3,1,1.0,0.0134510230273008,True,9,0.869316816329956,708,0.653782004358361
7639641433460198664_clip0004_t00061,7639641433460198664,61.026,63.838,2.812,1.0,1.0,1.59,E:\FPTU\PRJ\VN-AV-DF-Capstone\data\clips\tier3\tier3_v3_clips_0_1262-001\7639641433460198664_clip0004_t00061.mp4,tier3,1,1.0,0.0158218964934349,True,9,0.8571915030479431,708,0.658205297426675
7639641433460198664_clip0005_t00092,7639641433460198664,92.834,94.91,2.076,1.0,1.0,2.92,E:\FPTU\PRJ\VN-AV-DF-Capstone\data\clips\tier3\tier3_v3_clips_0_1262-001\7639641433460198664_clip0005_t00092.mp4,tier3,1,1.0,0.0150955086573958,True,9,0.9316188097000122,708,0.6693287404978612
3tEN20uif6g_clip0029_t00360,3tEN20uif6g,360.322,362.814,2.492,1.0,1.0,4.96,E:\FPTU\PRJ\VN-AV-DF-Capstone\data\clips\tier1\0-100\tier1_v3_clips_0_100\3tEN20uif6g_clip0029_t00360.mp4,tier1,1,1.0,0.0601506158709526,True,9,0.6536381244659424,709,0.7449949170821397
b9_oesdIz-M_clip0018_t00157,b9_oesdIz-M,157.378,159.774,2.396,1.0,1.0,21.33,E:\FPTU\PRJ\VN-AV-DF-Capstone\data\clips\tier2\tier2_v3_clips_0_999-001\b9_oesdIz-M_clip0018_t00157.mp4,tier2,1,1.0,0.0314875841140747,True,9,0.951091468334198,712,0.718141651249626
cVabKjWav-Y_clip0027_t00358,cVabKjWav-Y,358.178,363.178,5.0,1.0,1.0,20.89,E:\FPTU\PRJ\VN-AV-DF-Capstone\data\clips\tier2\tier2_v3_clips_0_999-001\cVabKjWav-Y_clip0027_t00358.mp4,tier2,1,1.0,0.0614839047193527,True,9,0.568304717540741,713,0.7336268920533114
CklYiLA4DZc_clip0022_t00359,CklYiLA4DZc,359.042,363.038,3.996,1.0,1.0,8.42,E:\FPTU\PRJ\VN-AV-DF-Capstone\data\clips\tier1\100-300\tier1_v3_clips_100_300\CklYiLA4DZc_clip0022_t00359.mp4,tier1,1,1.0,0.0465458966791629,True,9,0.9198421835899352,714,0.7543115070827536
CHkaAtJLN3E_clip0080_t01139,CHkaAtJLN3E,1139.458,1142.974,3.516,1.0,1.0,7.48,E:\FPTU\PRJ\VN-AV-DF-Capstone\data\clips\tier1\100-300\tier1_v3_clips_100_300\CHkaAtJLN3E_clip0080_t01139.mp4,tier1,1,1.0,0.0156004000455141,True,9,0.6281046271324158,716,0.6171650549942335
0rNleOYzisw_clip0009_t00114,0rNleOYzisw,114.178,117.214,3.036,1.0,1.0,8.29,E:\FPTU\PRJ\VN-AV-DF-Capstone\data\clips\tier2\tier2_v3_clips_0_999-001\0rNleOYzisw_clip0009_t00114.mp4,tier2,1,1.0,0.0219671465456485,True,9,0.981760025024414,718,0.6971992649491113
hjEoiiSe0is_clip0049_t00690,hjEoiiSe0is,690.658,702.59,11.932,1.0,1.0,3.66,E:\FPTU\PRJ\VN-AV-DF-Capstone\data\clips\tier1\100-300\tier1_v3_clips_100_300\hjEoiiSe0is_clip0049_t00690.mp4,tier1,1,1.0,0.0749953314661979,True,9,0.928468942642212,720,0.8345876293850316
gHsxuixSqz0_clip0046_t00480,gHsxuixSqz0,480.706,485.706,5.0,1.0,1.0,8.03,E:\FPTU\PRJ\VN-AV-DF-Capstone\data\clips\tier1\100-300\tier1_v3_clips_100_300\gHsxuixSqz0_clip0046_t00480.mp4,tier1,1,1.0,0.2707701027393341,True,9,0.4393445253372192,721,0.9010607985889211
tFTh1jkOT9Q_clip0026_t00451,tFTh1jkOT9Q,451.618,454.078,2.46,1.0,1.0,6.31,E:\FPTU\PRJ\VN-AV-DF-Capstone\data\clips\tier1\300-400\tier1_v3_clips_300_400\tFTh1jkOT9Q_clip0026_t00451.mp4,tier1,1,1.0,0.0463992580771446,True,9,0.9634115695953368,722,0.7615942971393962
gHsxuixSqz0_clip0034_t00337,gHsxuixSqz0,337.602,342.602,5.0,1.0,1.0,7.43,E:\FPTU\PRJ\VN-AV-DF-Capstone\data\clips\tier1\100-300\tier1_v3_clips_100_300\gHsxuixSqz0_clip0034_t00337.mp4,tier1,1,1.0,0.0304194558411836,True,9,0.5865285396575928,723,0.650850223053016
0PsGwmgAI-k_clip0011_t00244,0PsGwmgAI-k,244.898,249.566,4.668,1.0,1.0,6.57,E:\FPTU\PRJ\VN-AV-DF-Capstone\data\clips\tier2\tier2_v3_clips_0_999-001\0PsGwmgAI-k_clip0011_t00244.mp4,tier2,1,1.0,0.2802978754043579,True,9,0.8935278654098511,725,0.9812107997782091
7644036486509153554_clip0003_t00050,7644036486509153554,50.05,57.022,6.972,0.857,1.0,11.02,E:\FPTU\PRJ\VN-AV-DF-Capstone\data\clips\tier3\tier3_v3_clips_0_1262-001\7644036486509153554_clip0003_t00050.mp4,tier3,1,1.0,0.0393075309693813,True,9,0.5894388556480408,726,0.6759677864454587
lq_tau31IE0_clip0031_t00642,lq_tau31IE0,642.338,647.338,5.0,1.0,1.0,5.76,E:\FPTU\PRJ\VN-AV-DF-Capstone\data\clips\tier1\100-300\tier1_v3_clips_100_300\lq_tau31IE0_clip0031_t00642.mp4,tier1,1,1.0,0.0213352348655462,True,9,0.9673482179641724,728,0.6929067463519701
lq_tau31IE0_clip0032_t00648,lq_tau31IE0,648.194,652.574,4.38,1.0,1.0,6.08,E:\FPTU\PRJ\VN-AV-DF-Capstone\data\clips\tier1\100-300\tier1_v3_clips_100_300\lq_tau31IE0_clip0032_t00648.mp4,tier1,1,1.0,0.0262349434196949,True,9,0.9797248840332032,728,0.7086542418804005
b9_oesdIz-M_clip0074_t00749,b9_oesdIz-M,749.954,754.954,5.0,1.0,1.0,19.46,E:\FPTU\PRJ\VN-AV-DF-Capstone\data\clips\tier2\tier2_v3_clips_0_999-001\b9_oesdIz-M_clip0074_t00749.mp4,tier2,1,1.0,0.0235818065702915,True,9,0.8405066728591919,729,0.676741906253531
AJ7t8LnesSA_clip0003_t00023,AJ7t8LnesSA,23.906,27.038,3.132,1.0,1.0,4.19,E:\FPTU\PRJ\VN-AV-DF-Capstone\data\clips\tier2\tier2_v3_clips_0_999-001\AJ7t8LnesSA_clip0003_t00023.mp4,tier2,1,1.0,0.016887854784727,True,9,0.6185267567634583,731,0.6190387760379189
CHkaAtJLN3E_clip0004_t00088,CHkaAtJLN3E,88.29,93.29,5.0,1.0,1.0,6.42,E:\FPTU\PRJ\VN-AV-DF-Capstone\data\clips\tier1\100-300\tier1_v3_clips_100_300\CHkaAtJLN3E_clip0004_t00088.mp4,tier1,1,1.0,0.0281715895980596,True,9,0.4471479952335357,736,0.6200311108686373
rGuraolgHIs_clip0005_t00047,rGuraolgHIs,47.234,50.526,3.292,1.0,1.0,7.86,E:\FPTU\PRJ\VN-AV-DF-Capstone\data\clips\tier2\tier2_v3_clips_0_999-001\rGuraolgHIs_clip0005_t00047.mp4,tier2,1,1.0,0.0192809589207172,True,9,0.4395211637020111,738,0.594074146930611
Nw3N73GJ2Zo_clip0065_t00705,Nw3N73GJ2Zo,705.602,710.602,5.0,1.0,1.0,4.85,E:\FPTU\PRJ\VN-AV-DF-Capstone\data\clips\tier1\100-300\tier1_v3_clips_100_300\Nw3N73GJ2Zo_clip0065_t00705.mp4,tier1,1,1.0,0.0127975391224026,True,9,0.4187737107276916,741,0.5724654227060173
Xigg3vUV2Gw_clip0046_t00688,Xigg3vUV2Gw,688.77,692.734,3.964,1.0,1.0,12.64,E:\FPTU\PRJ\VN-AV-DF-Capstone\data\clips\tier1\400-440\tier1_v3_clips_400_440\Xigg3vUV2Gw_clip0046_t00688.mp4,tier1,1,1.0,0.0133305769413709,True,9,0.9599384665489196,742,0.6694406413070937
cVabKjWav-Y_clip0023_t00311,cVabKjWav-Y,311.81,315.198,3.388,1.0,1.0,17.52,E:\FPTU\PRJ\VN-AV-DF-Capstone\data\clips\tier2\tier2_v3_clips_0_999-001\cVabKjWav-Y_clip0023_t00311.mp4,tier2,1,1.0,0.0503716915845871,True,9,0.929692566394806,744,0.7666403791102295
cVabKjWav-Y_clip0024_t00319,cVabKjWav-Y,319.01,321.31,2.3,1.0,1.0,19.21,E:\FPTU\PRJ\VN-AV-DF-Capstone\data\clips\tier2\tier2_v3_clips_0_999-001\cVabKjWav-Y_clip0024_t00319.mp4,tier2,1,1.0,0.0485585741698741,True,9,0.9431024193763732,744,0.7639877503625282
cVabKjWav-Y_clip0025_t00321,cVabKjWav-Y,321.73,326.526,4.796,1.0,1.0,18.73,E:\FPTU\PRJ\VN-AV-DF-Capstone\data\clips\tier2\tier2_v3_clips_0_999-001\cVabKjWav-Y_clip0025_t00321.mp4,tier2,1,1.0,0.0482427738606929,True,9,0.920706868171692,744,0.7591613955444467
gHsxuixSqz0_clip0074_t00808,gHsxuixSqz0,808.002,817.438,9.436,1.0,1.0,3.77,E:\FPTU\PRJ\VN-AV-DF-Capstone\data\clips\tier1\100-300\tier1_v3_clips_100_300\gHsxuixSqz0_clip0074_t00808.mp4,tier1,1,1.0,0.056263193488121,True,9,0.9603962302207948,745,0.7883675340281648
gHsxuixSqz0_clip0075_t00819,gHsxuixSqz0,819.426,825.566,6.14,1.0,1.0,3.27,E:\FPTU\PRJ\VN-AV-DF-Capstone\data\clips\tier1\100-300\tier1_v3_clips_100_300\gHsxuixSqz0_clip0075_t00819.mp4,tier1,1,1.0,0.0559528656303882,True,9,0.9512466788291932,745,0.785893857434286
gHsxuixSqz0_clip0076_t00825,gHsxuixSqz0,825.89,828.926,3.036,1.0,1.0,2.17,E:\FPTU\PRJ\VN-AV-DF-Capstone\data\clips\tier1\100-300\tier1_v3_clips_100_300\gHsxuixSqz0_clip0076_t00825.mp4,tier1,1,1.0,0.0562149360775947,True,9,0.962739109992981,745,0.7886473971889555
gHsxuixSqz0_clip0077_t00831,gHsxuixSqz0,831.682,834.334,2.652,1.0,1.0,1.86,E:\FPTU\PRJ\VN-AV-DF-Capstone\data\clips\tier1\100-300\tier1_v3_clips_100_300\gHsxuixSqz0_clip0077_t00831.mp4,tier1,1,1.0,0.0557843707501888,True,9,0.9604352116584778,745,0.7870489355363817
gHsxuixSqz0_clip0078_t00834,gHsxuixSqz0,834.658,837.342,2.684,1.0,1.0,2.29,E:\FPTU\PRJ\VN-AV-DF-Capstone\data\clips\tier1\100-300\tier1_v3_clips_100_300\gHsxuixSqz0_clip0078_t00834.mp4,tier1,1,1.0,0.0559085607528686,True,9,0.9641238451004028,745,0.7880436537359132
gHsxuixSqz0_clip0079_t00839,gHsxuixSqz0,839.618,842.686,3.068,1.0,1.0,3.33,E:\FPTU\PRJ\VN-AV-DF-Capstone\data\clips\tier1\100-300\tier1_v3_clips_100_300\gHsxuixSqz0_clip0079_t00839.mp4,tier1,1,1.0,0.0566284209489822,True,9,0.9542261958122252,745,0.7882897274391619
gHsxuixSqz0_clip0080_t00844,gHsxuixSqz0,844.61,850.622,6.012,1.0,1.0,4.57,E:\FPTU\PRJ\VN-AV-DF-Capstone\data\clips\tier1\100-300\tier1_v3_clips_100_300\gHsxuixSqz0_clip0080_t00844.mp4,tier1,1,1.0,0.0560115650296211,True,9,0.953761637210846,745,0.7865001653533525
b9_oesdIz-M_clip0075_t00753,b9_oesdIz-M,753.954,758.954,5.0,1.0,1.0,18.37,E:\FPTU\PRJ\VN-AV-DF-Capstone\data\clips\tier2\tier2_v3_clips_0_999-001\b9_oesdIz-M_clip0075_t00753.mp4,tier2,1,1.0,0.0197449848055839,True,9,0.7095674872398376,747,0.6430138974020785
7365032505457544449_clip0000_t00000,7365032505457544449,0.066,2.494,2.428,1.0,1.0,1.17,E:\FPTU\PRJ\VN-AV-DF-Capstone\data\clips\tier3\tier3_v3_clips_0_1262-001\7365032505457544449_clip0000_t00000.mp4,tier3,1,1.0,0.014562664553523,True,9,0.5156251192092896,748,0.5944430696680135
9fvi4IXr6rQ_clip0042_t00405,9fvi4IXr6rQ,405.474,408.574,3.1,1.0,1.0,4.27,E:\FPTU\PRJ\VN-AV-DF-Capstone\data\clips\tier1\0-100\tier1_v3_clips_0_100\9fvi4IXr6rQ_clip0042_t00405.mp4,tier1,1,1.0,0.0133599108085036,True,9,0.4073468446731567,749,0.57200567478032
7636020413188934919_clip0001_t00085,7636020413188934919,85.282,88.574,3.292,1.0,1.0,-0.69,E:\FPTU\PRJ\VN-AV-DF-Capstone\data\clips\tier3\tier3_v3_clips_0_1262-001\7636020413188934919_clip0001_t00085.mp4,tier3,1,1.0,0.0302200391888618,True,9,0.8568292260169983,753,0.6979983188042815
Xigg3vUV2Gw_clip0053_t00806,Xigg3vUV2Gw,806.562,814.078,7.516,0.875,1.0,12.05,E:\FPTU\PRJ\VN-AV-DF-Capstone\data\clips\tier1\400-440\tier1_v3_clips_400_440\Xigg3vUV2Gw_clip0053_t00806.mp4,tier1,1,1.0,0.0115370657294988,True,9,0.905915141105652,757,0.6549423138059665
UnodrLYWJYI_clip0053_t00510,UnodrLYWJYI,510.21,514.302,4.092,1.0,1.0,14.02,E:\FPTU\PRJ\VN-AV-DF-Capstone\data\clips\tier2\tier2_v3_clips_0_999-001\UnodrLYWJYI_clip0053_t00510.mp4,tier2,1,1.0,0.0839521065354347,True,9,0.8966931104660034,758,0.853774283050515
g6hBKVh_7Pk_clip0066_t00639,g6hBKVh_7Pk,639.746,644.746,5.0,1.0,1.0,4.59,E:\FPTU\PRJ\VN-AV-DF-Capstone\data\clips\tier1\100-300\tier1_v3_clips_100_300\g6hBKVh_7Pk_clip0066_t00639.mp4,tier1,1,1.0,0.0157771073281765,True,9,0.3981631696224212,760,0.5770763119995598
Nw3N73GJ2Zo_clip0013_t00265,Nw3N73GJ2Zo,265.954,270.954,5.0,1.0,1.0,5.26,E:\FPTU\PRJ\VN-AV-DF-Capstone\data\clips\tier1\100-300\tier1_v3_clips_100_300\Nw3N73GJ2Zo_clip0013_t00265.mp4,tier1,1,1.0,0.0272212345153093,True,9,0.9866841435432434,762,0.7126125984703253
Nw3N73GJ2Zo_clip0014_t00269,Nw3N73GJ2Zo,269.954,274.718,4.764,1.0,1.0,6.31,E:\FPTU\PRJ\VN-AV-DF-Capstone\data\clips\tier1\100-300\tier1_v3_clips_100_300\Nw3N73GJ2Zo_clip0014_t00269.mp4,tier1,1,1.0,0.0320876315236091,True,9,0.9824750423431396,762,0.7253409808388078
UnodrLYWJYI_clip0091_t00957,UnodrLYWJYI,957.57,961.086,3.516,1.0,1.0,16.21,E:\FPTU\PRJ\VN-AV-DF-Capstone\data\clips\tier2\tier2_v3_clips_0_999-001\UnodrLYWJYI_clip0091_t00957.mp4,tier2,1,1.0,0.0552355349063873,True,9,0.9522024989128112,767,0.7840768159585726
UnodrLYWJYI_clip0092_t00961,UnodrLYWJYI,961.218,965.246,4.028,1.0,1.0,15.61,E:\FPTU\PRJ\VN-AV-DF-Capstone\data\clips\tier2\tier2_v3_clips_0_999-001\UnodrLYWJYI_clip0092_t00961.mp4,tier2,1,1.0,0.0544652305543422,True,9,0.949287176132202,767,0.7814299899757727
UnodrLYWJYI_clip0093_t00965,UnodrLYWJYI,965.41,972.094,6.684,1.0,1.0,15.84,E:\FPTU\PRJ\VN-AV-DF-Capstone\data\clips\tier2\tier2_v3_clips_0_999-001\UnodrLYWJYI_clip0093_t00965.mp4,tier2,1,1.0,0.0551543682813644,True,9,0.9492672681808472,767,0.783334148534336
UnodrLYWJYI_clip0094_t00972,UnodrLYWJYI,972.258,978.942,6.684,1.0,1.0,15.17,E:\FPTU\PRJ\VN-AV-DF-Capstone\data\clips\tier2\tier2_v3_clips_0_999-001\UnodrLYWJYI_clip0094_t00972.mp4,tier2,1,1.0,0.0560900568962097,True,9,0.9562158584594728,767,0.7871505444822177
Xigg3vUV2Gw_clip0012_t00123,Xigg3vUV2Gw,123.106,125.726,2.62,1.0,1.0,11.52,E:\FPTU\PRJ\VN-AV-DF-Capstone\data\clips\tier1\400-440\tier1_v3_clips_400_440\Xigg3vUV2Gw_clip0012_t00123.mp4,tier1,1,1.0,0.0741117373108863,True,9,0.9564728140830994,768,0.8370835228506313
Wv2KVSy4j3E_clip0041_t00327,Wv2KVSy4j3E,327.362,329.502,2.14,1.0,1.0,3.47,E:\FPTU\PRJ\VN-AV-DF-Capstone\data\clips\tier1\400-440\tier1_v3_clips_400_440\Wv2KVSy4j3E_clip0041_t00327.mp4,tier1,1,1.0,0.0186119675636291,True,9,0.9996151328086852,770,0.6910623566003102
0-fu0N-npmg_clip0065_t00862,0-fu0N-npmg,862.946,866.11,3.164,1.0,1.0,2.32,E:\FPTU\PRJ\VN-AV-DF-Capstone\data\clips\tier1\0-100\tier1_v3_clips_0_100\0-fu0N-npmg_clip0065_t00862.mp4,tier1,1,1.0,0.0495453663170337,True,9,0.9476110935211182,771,0.7675150377228935
VdHT9nXSw-8_clip0026_t00204,VdHT9nXSw-8,204.834,208.798,3.964,0.75,1.0,24.41,E:\FPTU\PRJ\VN-AV-DF-Capstone\data\clips\tier1\400-440\tier1_v3_clips_400_440\VdHT9nXSw-8_clip0026_t00204.mp4,tier1,1,0.6666666666666666,0.0287584867328405,True,9,0.3402102291584015,772,0.44592164450628136
CHkaAtJLN3E_clip0003_t00084,CHkaAtJLN3E,84.29,89.29,5.0,1.0,1.0,6.54,E:\FPTU\PRJ\VN-AV-DF-Capstone\data\clips\tier1\100-300\tier1_v3_clips_100_300\CHkaAtJLN3E_clip0003_t00084.mp4,tier1,1,1.0,0.024217827245593,True,9,0.731853187084198,773,0.6593283947571977
gHsxuixSqz0_clip0010_t00117,gHsxuixSqz0,117.634,122.634,5.0,1.0,1.0,9.6,E:\FPTU\PRJ\VN-AV-DF-Capstone\data\clips\tier1\100-300\tier1_v3_clips_100_300\gHsxuixSqz0_clip0010_t00117.mp4,tier1,1,1.0,0.0749890506267547,True,9,0.4497450292110443,775,0.7500895521536737
gHsxuixSqz0_clip0071_t00763,gHsxuixSqz0,763.778,768.778,5.0,1.0,1.0,6.57,E:\FPTU\PRJ\VN-AV-DF-Capstone\data\clips\tier1\100-300\tier1_v3_clips_100_300\gHsxuixSqz0_clip0071_t00763.mp4,tier1,1,1.0,0.0344228409230709,True,9,0.4545200765132904,777,0.6386367863887354
g6hBKVh_7Pk_clip0060_t00558,g6hBKVh_7Pk,558.082,563.082,5.0,1.0,1.0,5.53,E:\FPTU\PRJ\VN-AV-DF-Capstone\data\clips\tier1\100-300\tier1_v3_clips_100_300\g6hBKVh_7Pk_clip0060_t00558.mp4,tier1,1,1.0,0.056820835918188,True,9,0.484914094209671,783,0.7060025881083855
3tEN20uif6g_clip0021_t00277,3tEN20uif6g,277.762,281.15,3.388,1.0,1.0,6.1,E:\FPTU\PRJ\VN-AV-DF-Capstone\data\clips\tier1\0-100\tier1_v3_clips_0_100\3tEN20uif6g_clip0021_t00277.mp4,tier1,1,1.0,0.0338995046913623,True,9,0.4761184155941009,784,0.6409995581254282
3tEN20uif6g_clip0046_t00643,3tEN20uif6g,643.682,646.334,2.652,1.0,1.0,6.97,E:\FPTU\PRJ\VN-AV-DF-Capstone\data\clips\tier1\0-100\tier1_v3_clips_0_100\3tEN20uif6g_clip0046_t00643.mp4,tier1,1,1.0,0.0669620409607887,True,9,0.8055064082145691,785,0.7906505960105031
aArTJcMMmTw_clip0062_t00767,aArTJcMMmTw,767.778,778.686,10.908,1.0,1.0,5.39,E:\FPTU\PRJ\VN-AV-DF-Capstone\data\clips\tier1\0-100\tier1_v3_clips_0_100\aArTJcMMmTw_clip0062_t00767.mp4,tier1,1,1.0,0.0192067548632621,True,9,0.9640079140663148,786,0.6864252205449723
cVabKjWav-Y_clip0011_t00114,cVabKjWav-Y,114.306,119.294,4.988,1.0,1.0,20.5,E:\FPTU\PRJ\VN-AV-DF-Capstone\data\clips\tier2\tier2_v3_clips_0_999-001\cVabKjWav-Y_clip0011_t00114.mp4,tier2,1,1.0,0.044447585940361,True,9,0.9657567143440248,788,0.7566055255047421
mHTLamr-Zqk_clip0027_t00311,mHTLamr-Zqk,311.234,316.234,5.0,1.0,1.0,13.97,E:\FPTU\PRJ\VN-AV-DF-Capstone\data\clips\tier2\tier2_v3_clips_0_999-001\mHTLamr-Zqk_clip0027_t00311.mp4,tier2,1,1.0,0.0296126436442136,True,9,0.5935266017913818,791,0.6498517568856209
wKaFsRX95YY_clip0043_t00509,wKaFsRX95YY,509.442,513.502,4.06,1.0,1.0,6.97,E:\FPTU\PRJ\VN-AV-DF-Capstone\data\clips\tier2\tier2_v3_clips_0_999-001\wKaFsRX95YY_clip0043_t00509.mp4,tier2,1,1.0,0.0392345935106277,True,9,0.4012383222579956,792,0.6425540220676341
usfv-YmWPBs_clip0023_t00458,usfv-YmWPBs,458.69,460.702,2.012,1.0,1.0,2.77,E:\FPTU\PRJ\VN-AV-DF-Capstone\data\clips\tier1\300-400\tier1_v3_clips_300_400\usfv-YmWPBs_clip0023_t00458.mp4,tier1,1,1.0,0.0639412403106689,True,9,0.9551188349723816,794,0.8086906056689709
usfv-YmWPBs_clip0024_t00469,usfv-YmWPBs,469.634,472.542,2.908,1.0,1.0,4.7,E:\FPTU\PRJ\VN-AV-DF-Capstone\data\clips\tier1\300-400\tier1_v3_clips_300_400\usfv-YmWPBs_clip0024_t00469.mp4,tier1,1,1.0,0.0621509552001953,True,9,0.933673620223999,794,0.7999502870227949
usfv-YmWPBs_clip0025_t00475,usfv-YmWPBs,475.97,478.334,2.364,1.0,1.0,4.64,E:\FPTU\PRJ\VN-AV-DF-Capstone\data\clips\tier1\300-400\tier1_v3_clips_300_400\usfv-YmWPBs_clip0025_t00475.mp4,tier1,1,1.0,0.0622624903917312,True,9,0.95940899848938,794,0.8048005761894739
usfv-YmWPBs_clip0026_t00478,usfv-YmWPBs,478.498,480.99,2.492,1.0,1.0,2.84,E:\FPTU\PRJ\VN-AV-DF-Capstone\data\clips\tier1\300-400\tier1_v3_clips_300_400\usfv-YmWPBs_clip0026_t00478.mp4,tier1,1,1.0,0.0628347620368003,True,9,0.9479436874389648,794,0.8043614489287867
usfv-YmWPBs_clip0027_t00483,usfv-YmWPBs,483.714,485.886,2.172,1.0,1.0,10.57,E:\FPTU\PRJ\VN-AV-DF-Capstone\data\clips\tier1\300-400\tier1_v3_clips_300_400\usfv-YmWPBs_clip0027_t00483.mp4,tier1,1,1.0,0.0628994926810264,True,9,0.9503620862960817,794,0.804967412630017
usfv-YmWPBs_clip0028_t00487,usfv-YmWPBs,487.49,490.494,3.004,1.0,1.0,11.35,E:\FPTU\PRJ\VN-AV-DF-Capstone\data\clips\tier1\300-400\tier1_v3_clips_300_400\usfv-YmWPBs_clip0028_t00487.mp4,tier1,1,1.0,0.0634567961096763,True,9,0.9475436806678772,794,0.8060127748243472
hjEoiiSe0is_clip0050_t00704,hjEoiiSe0is,704.258,709.258,5.0,1.0,1.0,6.62,E:\FPTU\PRJ\VN-AV-DF-Capstone\data\clips\tier1\100-300\tier1_v3_clips_100_300\hjEoiiSe0is_clip0050_t00704.mp4,tier1,1,1.0,0.0168395303189754,True,9,0.5673233866691589,795,0.609869115364637
qh78i88JEiU_clip0054_t00595,qh78i88JEiU,595.01,600.01,5.0,1.0,1.0,1.01,E:\FPTU\PRJ\VN-AV-DF-Capstone\data\clips\tier1\300-400\tier1_v3_clips_300_400\qh78i88JEiU_clip0054_t00595.mp4,tier1,1,1.0,0.1035255342721939,True,9,0.906280517578125,797,0.9096493601283884
qh78i88JEiU_clip0055_t00599,qh78i88JEiU,599.01,604.01,5.0,1.0,1.0,0.59,E:\FPTU\PRJ\VN-AV-DF-Capstone\data\clips\tier1\300-400\tier1_v3_clips_300_400\qh78i88JEiU_clip0055_t00599.mp4,tier1,1,1.0,0.1031700000166893,True,9,0.9157233834266664,797,0.9103315579472974
qh78i88JEiU_clip0056_t00603,qh78i88JEiU,603.01,608.01,5.0,1.0,1.0,-0.11,E:\FPTU\PRJ\VN-AV-DF-Capstone\data\clips\tier1\300-400\tier1_v3_clips_300_400\qh78i88JEiU_clip0056_t00603.mp4,tier1,1,1.0,0.1033630594611167,True,9,0.9081740975379944,797,0.9095337583676709
Wv2KVSy4j3E_clip0051_t00429,Wv2KVSy4j3E,429.826,433.854,4.028,1.0,1.0,4.1,E:\FPTU\PRJ\VN-AV-DF-Capstone\data\clips\tier1\400-440\tier1_v3_clips_400_440\Wv2KVSy4j3E_clip0051_t00429.mp4,tier1,1,1.0,0.0157544780522584,True,9,0.4622080028057098,798,0.588315699001232
g6hBKVh_7Pk_clip0014_t00099,g6hBKVh_7Pk,99.234,104.234,5.0,1.0,1.0,6.22,E:\FPTU\PRJ\VN-AV-DF-Capstone\data\clips\tier1\100-300\tier1_v3_clips_100_300\g6hBKVh_7Pk_clip0014_t00099.mp4,tier1,1,1.0,0.0481469482183456,True,9,0.4084972739219665,801,0.6685062025110555
tFTh1jkOT9Q_clip0024_t00416,tFTh1jkOT9Q,416.162,419.198,3.036,1.0,1.0,7.54,E:\FPTU\PRJ\VN-AV-DF-Capstone\data\clips\tier1\300-400\tier1_v3_clips_300_400\tFTh1jkOT9Q_clip0024_t00416.mp4,tier1,1,1.0,0.0594672746956348,True,9,0.9879159927368164,804,0.8020935034235597
RoXXg62YfpM_clip0025_t00226,RoXXg62YfpM,226.274,230.526,4.252,1.0,1.0,10.43,E:\FPTU\PRJ\VN-AV-DF-Capstone\data\clips\tier1\300-400\tier1_v3_clips_300_400\RoXXg62YfpM_clip0025_t00226.mp4,tier1,1,1.0,0.0396701693534851,True,9,0.99733567237854,807,0.7489534335609044
RoXXg62YfpM_clip0026_t00230,RoXXg62YfpM,230.85,233.534,2.684,1.0,1.0,10.51,E:\FPTU\PRJ\VN-AV-DF-Capstone\data\clips\tier1\300-400\tier1_v3_clips_300_400\RoXXg62YfpM_clip0026_t00230.mp4,tier1,1,1.0,0.0395424515008926,True,9,0.9997696280479432,807,0.7490294064658111
wKaFsRX95YY_clip0003_t00045,wKaFsRX95YY,45.282,50.398,5.116,1.0,1.0,9.52,E:\FPTU\PRJ\VN-AV-DF-Capstone\data\clips\tier2\tier2_v3_clips_0_999-001\wKaFsRX95YY_clip0003_t00045.mp4,tier2,1,1.0,0.0682401284575462,True,9,0.9056042432785034,808,0.8118529228973729
wKaFsRX95YY_clip0004_t00050,wKaFsRX95YY,50.818,53.086,2.268,1.0,1.0,6.84,E:\FPTU\PRJ\VN-AV-DF-Capstone\data\clips\tier2\tier2_v3_clips_0_999-001\wKaFsRX95YY_clip0004_t00050.mp4,tier2,1,1.0,0.0663682296872139,True,9,0.9056708812713624,808,0.8066828905458467
wKaFsRX95YY_clip0005_t00053,wKaFsRX95YY,53.186,55.23,2.044,1.0,1.0,8.09,E:\FPTU\PRJ\VN-AV-DF-Capstone\data\clips\tier2\tier2_v3_clips_0_999-001\wKaFsRX95YY_clip0005_t00053.mp4,tier2,1,1.0,0.0679658949375152,True,9,0.9127705693244934,808,0.8123584351732254
wKaFsRX95YY_clip0006_t00055,wKaFsRX95YY,55.65,57.854,2.204,1.0,1.0,9.04,E:\FPTU\PRJ\VN-AV-DF-Capstone\data\clips\tier2\tier2_v3_clips_0_999-001\wKaFsRX95YY_clip0006_t00055.mp4,tier2,1,1.0,0.0618242360651493,True,9,0.7292006015777588,808,0.7629623889165261
CHkaAtJLN3E_clip0012_t00142,CHkaAtJLN3E,142.658,144.862,2.204,1.0,1.0,7.26,E:\FPTU\PRJ\VN-AV-DF-Capstone\data\clips\tier1\100-300\tier1_v3_clips_100_300\CHkaAtJLN3E_clip0012_t00142.mp4,tier1,1,1.0,0.0586062520742416,True,9,0.9652674198150636,813,0.7957132127790829
I-uqcg6HtaQ_clip0073_t00832,I-uqcg6HtaQ,832.834,837.822,4.988,1.0,1.0,13.65,E:\FPTU\PRJ\VN-AV-DF-Capstone\data\clips\tier2\tier2_v3_clips_0_999-001\I-uqcg6HtaQ_clip0073_t00832.mp4,tier2,1,1.0,0.0348994173109531,True,9,0.9135600328445436,815,0.7209630967266428
rGuraolgHIs_clip0029_t00300,rGuraolgHIs,300.898,311.806,10.908,0.909,1.0,6.67,E:\FPTU\PRJ\VN-AV-DF-Capstone\data\clips\tier2\tier2_v3_clips_0_999-001\rGuraolgHIs_clip0029_t00300.mp4,tier2,1,0.8888888888888888,0.0453281365334987,True,9,0.6818158030509949,816,0.6566482651741173
9fvi4IXr6rQ_clip0058_t00543,9fvi4IXr6rQ,543.202,546.366,3.164,1.0,1.0,4.17,E:\FPTU\PRJ\VN-AV-DF-Capstone\data\clips\tier1\0-100\tier1_v3_clips_0_100\9fvi4IXr6rQ_clip0058_t00543.mp4,tier1,1,1.0,0.0156226642429828,True,9,0.9449875950813292,818,0.6731472105230192
9fvi4IXr6rQ_clip0059_t00546,9fvi4IXr6rQ,546.466,548.606,2.14,1.0,1.0,5.87,E:\FPTU\PRJ\VN-AV-DF-Capstone\data\clips\tier1\0-100\tier1_v3_clips_0_100\9fvi4IXr6rQ_clip0059_t00546.mp4,tier1,1,1.0,0.0155371809378266,True,9,0.9558232426643372,818,0.6748227486573973
9fvi4IXr6rQ_clip0063_t00580,9fvi4IXr6rQ,580.418,587.934,7.516,1.0,1.0,4.38,E:\FPTU\PRJ\VN-AV-DF-Capstone\data\clips\tier1\0-100\tier1_v3_clips_0_100\9fvi4IXr6rQ_clip0063_t00580.mp4,tier1,1,1.0,0.0158533342182636,True,9,0.9246508479118348,818,0.670196913637232
aArTJcMMmTw_clip0021_t00329,aArTJcMMmTw,329.218,334.398,5.18,0.8,1.0,2.95,E:\FPTU\PRJ\VN-AV-DF-Capstone\data\clips\tier1\0-100\tier1_v3_clips_0_100\aArTJcMMmTw_clip0021_t00329.mp4,tier1,1,1.0,0.0356360971927642,True,9,0.3796962201595306,819,0.6287911136301746
jInLQAiBlVQ_clip0030_t00571,jInLQAiBlVQ,571.522,579.87,8.348,1.0,1.0,6.18,E:\FPTU\PRJ\VN-AV-DF-Capstone\data\clips\tier1\100-300\tier1_v3_clips_100_300\jInLQAiBlVQ_clip0030_t00571.mp4,tier1,1,1.0,0.0803294777870178,True,9,0.890826940536499,820,0.8427109121663106
mHTLamr-Zqk_clip0064_t00694,mHTLamr-Zqk,694.37,697.47,3.1,1.0,1.0,14.25,E:\FPTU\PRJ\VN-AV-DF-Capstone\data\clips\tier2\tier2_v3_clips_0_999-001\mHTLamr-Zqk_clip0064_t00694.mp4,tier2,1,1.0,0.2039489150047302,True,9,0.9523090720176696,821,0.9915839538854712
mHTLamr-Zqk_clip0065_t00697,mHTLamr-Zqk,697.922,700.222,2.3,1.0,1.0,14.44,E:\FPTU\PRJ\VN-AV-DF-Capstone\data\clips\tier2\tier2_v3_clips_0_999-001\mHTLamr-Zqk_clip0065_t00697.mp4,tier2,1,1.0,0.2037765383720398,True,9,0.9528664350509644,821,0.9916823120678173
mHTLamr-Zqk_clip0066_t00702,mHTLamr-Zqk,702.978,705.598,2.62,1.0,1.0,16.79,E:\FPTU\PRJ\VN-AV-DF-Capstone\data\clips\tier2\tier2_v3_clips_0_999-001\mHTLamr-Zqk_clip0066_t00702.mp4,tier2,1,1.0,0.2907787263393402,True,9,0.8377872109413147,821,0.9713742136955262
mHTLamr-Zqk_clip0067_t00709,mHTLamr-Zqk,709.314,712.35,3.036,1.0,1.0,12.9,E:\FPTU\PRJ\VN-AV-DF-Capstone\data\clips\tier2\tier2_v3_clips_0_999-001\mHTLamr-Zqk_clip0067_t00709.mp4,tier2,1,1.0,0.0504614673554897,True,9,0.7565690875053406,821,0.7363376943296263
mHTLamr-Zqk_clip0068_t00714,mHTLamr-Zqk,714.562,717.118,2.556,1.0,1.0,14.38,E:\FPTU\PRJ\VN-AV-DF-Capstone\data\clips\tier2\tier2_v3_clips_0_999-001\mHTLamr-Zqk_clip0068_t00714.mp4,tier2,1,1.0,0.101423367857933,True,9,0.9405197501182556,821,0.90987235852218
mHTLamr-Zqk_clip0069_t00719,mHTLamr-Zqk,719.65,722.27,2.62,1.0,1.0,14.84,E:\FPTU\PRJ\VN-AV-DF-Capstone\data\clips\tier2\tier2_v3_clips_0_999-001\mHTLamr-Zqk_clip0069_t00719.mp4,tier2,1,1.0,0.1896542757749557,True,9,0.9754235744476318,821,0.9956629837260528
mHTLamr-Zqk_clip0070_t00723,mHTLamr-Zqk,723.458,727.23,3.772,1.0,1.0,17.82,E:\FPTU\PRJ\VN-AV-DF-Capstone\data\clips\tier2\tier2_v3_clips_0_999-001\mHTLamr-Zqk_clip0070_t00723.mp4,tier2,1,1.0,0.1850731968879699,True,9,0.9657910466194152,821,0.9939631258740145
mHTLamr-Zqk_clip0073_t00752,mHTLamr-Zqk,752.93,756.51,3.58,1.0,1.0,14.97,E:\FPTU\PRJ\VN-AV-DF-Capstone\data\clips\tier2\tier2_v3_clips_0_999-001\mHTLamr-Zqk_clip0073_t00752.mp4,tier2,1,1.0,0.0141343437135219,True,9,0.8183920383453369,821,0.6466868478201075
bhO764uZyDA_clip0012_t00051,bhO764uZyDA,51.842,55.55,3.708,1.0,1.0,34.91,E:\FPTU\PRJ\VN-AV-DF-Capstone\data\clips\tier1\100-300\tier1_v3_clips_100_300\bhO764uZyDA_clip0012_t00051.mp4,tier1,1,1.0,0.0953045710921287,True,9,0.9422009587287904,822,0.8932309832341563
bhO764uZyDA_clip0013_t00055,bhO764uZyDA,55.682,57.822,2.14,1.0,1.0,34.59,E:\FPTU\PRJ\VN-AV-DF-Capstone\data\clips\tier1\100-300\tier1_v3_clips_100_300\bhO764uZyDA_clip0013_t00055.mp4,tier1,1,1.0,0.0826418176293373,True,9,0.9980828762054444,822,0.8680394516268695
bhO764uZyDA_clip0014_t00058,bhO764uZyDA,58.082,60.318,2.236,1.0,1.0,33.58,E:\FPTU\PRJ\VN-AV-DF-Capstone\data\clips\tier1\100-300\tier1_v3_clips_100_300\bhO764uZyDA_clip0014_t00058.mp4,tier1,1,1.0,0.0860494747757911,True,9,0.9827797412872314,822,0.8747719782343509
qh78i88JEiU_clip0019_t00202,qh78i88JEiU,202.53,204.606,2.076,1.0,1.0,2.37,E:\FPTU\PRJ\VN-AV-DF-Capstone\data\clips\tier1\300-400\tier1_v3_clips_300_400\qh78i88JEiU_clip0019_t00202.mp4,tier1,1,1.0,0.0213929936289787,True,9,0.8872119188308716,824,0.6789249343700482
9fvi4IXr6rQ_clip0076_t00660,9fvi4IXr6rQ,660.45,668.382,7.932,1.0,1.0,2.94,E:\FPTU\PRJ\VN-AV-DF-Capstone\data\clips\tier1\0-100\tier1_v3_clips_0_100\9fvi4IXr6rQ_clip0076_t00660.mp4,tier1,1,1.0,0.0132532995194196,True,9,0.4726315140724182,826,0.5832313773177832
AJ7t8LnesSA_clip0030_t00526,AJ7t8LnesSA,526.082,529.15,3.068,1.0,1.0,4.95,E:\FPTU\PRJ\VN-AV-DF-Capstone\data\clips\tier2\tier2_v3_clips_0_999-001\AJ7t8LnesSA_clip0030_t00526.mp4,tier2,1,0.7777777777777778,0.0138728488236665,True,9,0.830062985420227,827,0.5434473929084606
CklYiLA4DZc_clip0016_t00280,CklYiLA4DZc,280.098,286.622,6.524,1.0,1.0,9.42,E:\FPTU\PRJ\VN-AV-DF-Capstone\data\clips\tier1\100-300\tier1_v3_clips_100_300\CklYiLA4DZc_clip0016_t00280.mp4,tier1,1,1.0,0.0205948259681463,True,9,0.6166247725486755,828,0.6289647730014144
gHsxuixSqz0_clip0040_t00384,gHsxuixSqz0,384.322,389.322,5.0,1.0,1.0,8.0,E:\FPTU\PRJ\VN-AV-DF-Capstone\data\clips\tier1\100-300\tier1_v3_clips_100_300\gHsxuixSqz0_clip0040_t00384.mp4,tier1,1,1.0,0.0108784064650535,True,9,0.3298474848270416,832,0.5514600144224634
gHsxuixSqz0_clip0072_t00767,gHsxuixSqz0,767.778,772.778,5.0,1.0,1.0,6.73,E:\FPTU\PRJ\VN-AV-DF-Capstone\data\clips\tier1\100-300\tier1_v3_clips_100_300\gHsxuixSqz0_clip0072_t00767.mp4,tier1,1,1.0,0.0162895955145359,True,9,0.4613253176212311,834,0.5896412437072274
0rNleOYzisw_clip0010_t00129,0rNleOYzisw,129.154,132.574,3.42,1.0,1.0,6.22,E:\FPTU\PRJ\VN-AV-DF-Capstone\data\clips\tier2\tier2_v3_clips_0_999-001\0rNleOYzisw_clip0010_t00129.mp4,tier2,1,1.0,0.0388711988925933,True,9,0.8235333561897278,835,0.7160707257791976
gHsxuixSqz0_clip0045_t00476,gHsxuixSqz0,476.706,481.706,5.0,1.0,1.0,7.93,E:\FPTU\PRJ\VN-AV-DF-Capstone\data\clips\tier1\100-300\tier1_v3_clips_100_300\gHsxuixSqz0_clip0045_t00476.mp4,tier1,1,1.0,0.0845477432012558,True,9,0.5130268931388855,836,0.7877173219906476
lq_tau31IE0_clip0002_t00043,lq_tau31IE0,43.746,47.87,4.124,0.75,1.0,7.41,E:\FPTU\PRJ\VN-AV-DF-Capstone\data\clips\tier1\100-300\tier1_v3_clips_100_300\lq_tau31IE0_clip0002_t00043.mp4,tier1,1,1.0,0.0163894966244697,True,9,0.7178369760513306,838,0.6351845533093168
lq_tau31IE0_clip0025_t00552,lq_tau31IE0,552.066,557.066,5.0,1.0,1.0,6.68,E:\FPTU\PRJ\VN-AV-DF-Capstone\data\clips\tier1\100-300\tier1_v3_clips_100_300\lq_tau31IE0_clip0025_t00552.mp4,tier1,1,1.0,0.0179565846920013,True,9,0.9525870084762572,838,0.6809490443328599
lq_tau31IE0_clip0026_t00556,lq_tau31IE0,556.066,560.19,4.124,1.0,1.0,5.67,E:\FPTU\PRJ\VN-AV-DF-Capstone\data\clips\tier1\100-300\tier1_v3_clips_100_300\lq_tau31IE0_clip0026_t00556.mp4,tier1,1,1.0,0.0169817246496677,True,9,0.9525775909423828,838,0.6782487738974254
b9_oesdIz-M_clip0077_t00769,b9_oesdIz-M,769.602,774.27,4.668,1.0,1.0,17.27,E:\FPTU\PRJ\VN-AV-DF-Capstone\data\clips\tier2\tier2_v3_clips_0_999-001\b9_oesdIz-M_clip0077_t00769.mp4,tier2,1,1.0,0.0524962693452835,True,9,0.9408594965934752,841,0.7744922720754697
b9_oesdIz-M_clip0078_t00775,b9_oesdIz-M,775.682,780.67,4.988,1.0,1.0,18.94,E:\FPTU\PRJ\VN-AV-DF-Capstone\data\clips\tier2\tier2_v3_clips_0_999-001\b9_oesdIz-M_clip0078_t00775.mp4,tier2,1,1.0,0.052326425909996,True,9,0.9394795894622804,841,0.7737785982895031
b9_oesdIz-M_clip0079_t00783,b9_oesdIz-M,783.106,786.398,3.292,1.0,1.0,19.72,E:\FPTU\PRJ\VN-AV-DF-Capstone\data\clips\tier2\tier2_v3_clips_0_999-001\b9_oesdIz-M_clip0079_t00783.mp4,tier2,1,1.0,0.0519177541136741,True,9,0.9519562125205994,841,0.7748490696355933
b9_oesdIz-M_clip0080_t00786,b9_oesdIz-M,786.53,788.734,2.204,1.0,1.0,20.37,E:\FPTU\PRJ\VN-AV-DF-Capstone\data\clips\tier2\tier2_v3_clips_0_999-001\b9_oesdIz-M_clip0080_t00786.mp4,tier2,1,1.0,0.0522312149405479,True,9,0.9629803895950316,841,0.7776622352146667
b9_oesdIz-M_clip0081_t00789,b9_oesdIz-M,789.026,794.878,5.852,1.0,1.0,20.71,E:\FPTU\PRJ\VN-AV-DF-Capstone\data\clips\tier2\tier2_v3_clips_0_999-001\b9_oesdIz-M_clip0081_t00789.mp4,tier2,1,1.0,0.0534297712147235,True,9,0.9371588826179504,841,0.7764233433336248
g6hBKVh_7Pk_clip0017_t00149,g6hBKVh_7Pk,149.89,154.89,5.0,1.0,1.0,7.09,E:\FPTU\PRJ\VN-AV-DF-Capstone\data\clips\tier1\100-300\tier1_v3_clips_100_300\g6hBKVh_7Pk_clip0017_t00149.mp4,tier1,1,1.0,0.0257427711039781,True,9,0.6348140239715576,844,0.6464251876333472
0wOdyRpc0wc_clip0028_t00248,0wOdyRpc0wc,248.802,250.974,2.172,1.0,1.0,21.73,E:\FPTU\PRJ\VN-AV-DF-Capstone\data\clips\tier1\0-100\tier1_v3_clips_0_100\0wOdyRpc0wc_clip0028_t00248.mp4,tier1,1,1.0,0.0257517602294683,True,9,0.4476610422134399,845,0.6134230745584309
cVabKjWav-Y_clip0038_t00518,cVabKjWav-Y,518.178,528.51,10.332,1.0,1.0,19.26,E:\FPTU\PRJ\VN-AV-DF-Capstone\data\clips\tier2\tier2_v3_clips_0_999-001\cVabKjWav-Y_clip0038_t00518.mp4,tier2,1,1.0,0.0320115312933921,True,9,0.5689647197723389,847,0.6521579102420428
F1JQOFSjVZg_clip0010_t00162,F1JQOFSjVZg,162.946,165.534,2.588,1.0,1.0,10.63,E:\FPTU\PRJ\VN-AV-DF-Capstone\data\clips\tier1\100-300\tier1_v3_clips_100_300\F1JQOFSjVZg_clip0010_t00162.mp4,tier1,1,1.0,0.0181013010442256,True,9,0.7726583480834961,848,0.6495975317399921
gHsxuixSqz0_clip0053_t00584,gHsxuixSqz0,584.578,588.254,3.676,1.0,1.0,7.79,E:\FPTU\PRJ\VN-AV-DF-Capstone\data\clips\tier1\100-300\tier1_v3_clips_100_300\gHsxuixSqz0_clip0053_t00584.mp4,tier1,1,1.0,0.0515061356127262,True,9,0.4398873746395111,849,0.68334453786294
CklYiLA4DZc_clip0015_t00277,CklYiLA4DZc,277.346,279.774,2.428,1.0,1.0,7.74,E:\FPTU\PRJ\VN-AV-DF-Capstone\data\clips\tier1\100-300\tier1_v3_clips_100_300\CklYiLA4DZc_clip0015_t00277.mp4,tier1,1,1.0,0.3279913961887359,True,9,0.9921102523803712,852,0.9986076915965362
CHkaAtJLN3E_clip0010_t00115,CHkaAtJLN3E,115.746,120.746,5.0,1.0,1.0,6.06,E:\FPTU\PRJ\VN-AV-DF-Capstone\data\clips\tier1\100-300\tier1_v3_clips_100_300\CHkaAtJLN3E_clip0010_t00115.mp4,tier1,1,1.0,0.0416527613997459,True,9,0.5265728831291199,854,0.6713658604542221
0wOdyRpc0wc_clip0008_t00078,0wOdyRpc0wc,78.946,81.886,2.94,1.0,1.0,14.26,E:\FPTU\PRJ\VN-AV-DF-Capstone\data\clips\tier1\0-100\tier1_v3_clips_0_100\0wOdyRpc0wc_clip0008_t00078.mp4,tier1,1,1.0,0.0178273096680641,True,9,0.9709748029708862,859,0.6838360899966339
eamxIEAY2eQ_clip0039_t00281,eamxIEAY2eQ,281.41,286.41,5.0,1.0,1.0,8.61,E:\FPTU\PRJ\VN-AV-DF-Capstone\data\clips\tier1\100-300\tier1_v3_clips_100_300\eamxIEAY2eQ_clip0039_t00281.mp4,tier1,1,1.0,0.0966731235384941,True,9,0.7084285020828247,860,0.8557654485102144
3tEN20uif6g_clip0017_t00235,3tEN20uif6g,235.138,238.174,3.036,1.0,1.0,2.1,E:\FPTU\PRJ\VN-AV-DF-Capstone\data\clips\tier1\0-100\tier1_v3_clips_0_100\3tEN20uif6g_clip0017_t00235.mp4,tier1,1,1.0,0.025803193449974,True,9,0.7587814331054688,861,0.6684690504421885
hjEoiiSe0is_clip0005_t00074,hjEoiiSe0is,74.786,80.894,6.108,1.0,1.0,5.73,E:\FPTU\PRJ\VN-AV-DF-Capstone\data\clips\tier1\100-300\tier1_v3_clips_100_300\hjEoiiSe0is_clip0005_t00074.mp4,tier1,1,1.0,0.0207878686487674,True,9,0.3951370418071747,863,0.5904130838068803
_adzgpYkn_c_clip0051_t00495,_adzgpYkn_c,495.65,503.646,7.996,1.0,1.0,5.66,E:\FPTU\PRJ\VN-AV-DF-Capstone\data\clips\tier1\440-9999\tier1_v3_clips_440_9999\_adzgpYkn_c_clip0051_t00495.mp4,tier1,1,1.0,0.0114322118461132,True,9,0.9702529907226562,866,0.666005795351666
mHTLamr-Zqk_clip0016_t00235,mHTLamr-Zqk,235.746,239.902,4.156,1.0,1.0,14.35,E:\FPTU\PRJ\VN-AV-DF-Capstone\data\clips\tier2\tier2_v3_clips_0_999-001\mHTLamr-Zqk_clip0016_t00235.mp4,tier2,1,1.0,0.011347871273756,True,9,0.6294617056846619,868,0.6056326851610898
Wv2KVSy4j3E_clip0078_t00688,Wv2KVSy4j3E,688.45,690.782,2.332,1.0,1.0,4.71,E:\FPTU\PRJ\VN-AV-DF-Capstone\data\clips\tier1\400-440\tier1_v3_clips_400_440\Wv2KVSy4j3E_clip0078_t00688.mp4,tier1,1,1.0,0.0193710140883922,True,9,0.9997552037239076,869,0.6931882683254889
7641839768522837266_clip0005_t00065,7641839768522837266,65.474,74.75,9.276,0.889,1.0,10.44,E:\FPTU\PRJ\VN-AV-DF-Capstone\data\clips\tier3\tier3_v3_clips_0_1262-001\7641839768522837266_clip0005_t00065.mp4,tier3,1,0.7777777777777778,0.0457711331546306,True,9,0.3705241680145263,870,0.5506531692047962
8cirZ7Q19mg_clip0007_t00173,8cirZ7Q19mg,173.282,182.782,9.5,1.0,1.0,-0.72,E:\FPTU\PRJ\VN-AV-DF-Capstone\data\clips\tier1\0-100\tier1_v3_clips_0_100\8cirZ7Q19mg_clip0007_t00173.mp4,tier1,1,1.0,0.0548516064882278,True,9,0.5788037180900574,871,0.7171201224397418
y3vBfCdY2tQ_clip0016_t00220,y3vBfCdY2tQ,220.514,223.678,3.164,1.0,1.0,5.82,E:\FPTU\PRJ\VN-AV-DF-Capstone\data\clips\tier1\440-9999\tier1_v3_clips_440_9999\y3vBfCdY2tQ_clip0016_t00220.mp4,tier1,1,1.0,0.0143273388966918,True,9,0.9730663299560548,874,0.6745165604993566
gHsxuixSqz0_clip0073_t00771,gHsxuixSqz0,771.778,776.778,5.0,1.0,1.0,6.61,E:\FPTU\PRJ\VN-AV-DF-Capstone\data\clips\tier1\100-300\tier1_v3_clips_100_300\gHsxuixSqz0_clip0073_t00771.mp4,tier1,1,1.0,0.0256362482905387,True,9,0.5651286244392395,876,0.6338328876306617
_adzgpYkn_c_clip0055_t00526,_adzgpYkn_c,526.114,533.886,7.772,1.0,1.0,4.48,E:\FPTU\PRJ\VN-AV-DF-Capstone\data\clips\tier1\440-9999\tier1_v3_clips_440_9999\_adzgpYkn_c_clip0055_t00526.mp4,tier1,1,1.0,0.0356928929686546,True,9,0.5000898838043213,877,0.650194276395453
gHsxuixSqz0_clip0070_t00759,gHsxuixSqz0,759.778,764.778,5.0,1.0,1.0,8.39,E:\FPTU\PRJ\VN-AV-DF-Capstone\data\clips\tier1\100-300\tier1_v3_clips_100_300\gHsxuixSqz0_clip0070_t00759.mp4,tier1,1,1.0,0.0172560513019561,True,9,0.3269530832767486,879,0.5686038403210295
jInLQAiBlVQ_clip0033_t00628,jInLQAiBlVQ,628.226,635.838,7.612,1.0,1.0,5.87,E:\FPTU\PRJ\VN-AV-DF-Capstone\data\clips\tier1\100-300\tier1_v3_clips_100_300\jInLQAiBlVQ_clip0033_t00628.mp4,tier1,1,1.0,0.1162392571568489,True,9,0.9059689044952391,882,0.9447885096436517
jInLQAiBlVQ_clip0034_t00647,jInLQAiBlVQ,647.362,650.782,3.42,1.0,1.0,5.56,E:\FPTU\PRJ\VN-AV-DF-Capstone\data\clips\tier1\100-300\tier1_v3_clips_100_300\jInLQAiBlVQ_clip0034_t00647.mp4,tier1,1,1.0,0.1165746599435806,True,9,0.9349489212036132,882,0.9508310925598128
jInLQAiBlVQ_clip0035_t00655,jInLQAiBlVQ,655.714,658.91,3.196,1.0,1.0,6.43,E:\FPTU\PRJ\VN-AV-DF-Capstone\data\clips\tier1\100-300\tier1_v3_clips_100_300\jInLQAiBlVQ_clip0035_t00655.mp4,tier1,1,1.0,0.1161935478448867,True,9,0.9274386167526244,882,0.9484507498331078
wKaFsRX95YY_clip0019_t00209,wKaFsRX95YY,209.634,216.158,6.524,0.857,1.0,3.69,E:\FPTU\PRJ\VN-AV-DF-Capstone\data\clips\tier2\tier2_v3_clips_0_999-001\wKaFsRX95YY_clip0019_t00209.mp4,tier2,1,0.8888888888888888,0.0225069113075733,True,9,0.5695368647575378,885,0.5736605970123895
qh78i88JEiU_clip0031_t00260,qh78i88JEiU,260.002,263.166,3.164,1.0,1.0,0.26,E:\FPTU\PRJ\VN-AV-DF-Capstone\data\clips\tier1\300-400\tier1_v3_clips_300_400\qh78i88JEiU_clip0031_t00260.mp4,tier1,1,0.8888888888888888,0.0739559680223465,True,9,0.9578409790992736,886,0.7846061813403983
aArTJcMMmTw_clip0040_t00567,aArTJcMMmTw,567.33,577.438,10.108,0.9,1.0,4.32,E:\FPTU\PRJ\VN-AV-DF-Capstone\data\clips\tier1\0-100\tier1_v3_clips_0_100\aArTJcMMmTw_clip0040_t00567.mp4,tier1,1,1.0,0.0112139377743005,True,9,0.315698504447937,887,0.5498919536287508
RoXXg62YfpM_clip0057_t00467,RoXXg62YfpM,467.714,471.422,3.708,1.0,1.0,9.39,E:\FPTU\PRJ\VN-AV-DF-Capstone\data\clips\tier1\300-400\tier1_v3_clips_300_400\RoXXg62YfpM_clip0057_t00467.mp4,tier1,1,1.0,0.0127285998314619,True,9,0.9939240217208862,893,0.6737716985984412
mHTLamr-Zqk_clip0093_t00892,mHTLamr-Zqk,892.45,897.45,5.0,1.0,1.0,13.34,E:\FPTU\PRJ\VN-AV-DF-Capstone\data\clips\tier2\tier2_v3_clips_0_999-001\mHTLamr-Zqk_clip0093_t00892.mp4,tier2,1,1.0,0.0173147786408662,True,9,0.3370415270328522,896,0.5705467230017582
3tEN20uif6g_clip0018_t00246,3tEN20uif6g,246.274,250.526,4.252,1.0,1.0,1.8,E:\FPTU\PRJ\VN-AV-DF-Capstone\data\clips\tier1\0-100\tier1_v3_clips_0_100\3tEN20uif6g_clip0018_t00246.mp4,tier1,1,1.0,0.0110060162842273,True,9,0.4289248883724212,900,0.5692975117325388
gHsxuixSqz0_clip0007_t00104,gHsxuixSqz0,104.77,109.77,5.0,1.0,1.0,9.64,E:\FPTU\PRJ\VN-AV-DF-Capstone\data\clips\tier1\100-300\tier1_v3_clips_100_300\gHsxuixSqz0_clip0007_t00104.mp4,tier1,1,1.0,0.0483633056282997,True,9,0.5368340015411377,902,0.6917527811189464
7572553728738266389_clip0002_t00081,7572553728738266389,81.954,86.782,4.828,1.0,1.0,4.7,E:\FPTU\PRJ\VN-AV-DF-Capstone\data\clips\tier3\tier3_v3_clips_0_1262-001\7572553728738266389_clip0002_t00081.mp4,tier3,1,1.0,0.0394311994314193,True,9,0.8213475346565247,903,0.7172351866038945
F1JQOFSjVZg_clip0054_t00619,F1JQOFSjVZg,619.938,622.398,2.46,1.0,1.0,13.63,E:\FPTU\PRJ\VN-AV-DF-Capstone\data\clips\tier1\100-300\tier1_v3_clips_100_300\F1JQOFSjVZg_clip0054_t00619.mp4,tier1,1,1.0,0.0181419756263494,True,9,0.9468882083892822,904,0.6804565730941172
0-fu0N-npmg_clip0044_t00598,0-fu0N-npmg,598.69,601.47,2.78,1.0,1.0,2.48,E:\FPTU\PRJ\VN-AV-DF-Capstone\data\clips\tier1\0-100\tier1_v3_clips_0_100\0-fu0N-npmg_clip0044_t00598.mp4,tier1,1,1.0,0.055196139961481,True,9,0.8846044540405273,906,0.7720386960915855
0-fu0N-npmg_clip0045_t00614,0-fu0N-npmg,614.242,616.83,2.588,1.0,1.0,3.34,E:\FPTU\PRJ\VN-AV-DF-Capstone\data\clips\tier1\0-100\tier1_v3_clips_0_100\0-fu0N-npmg_clip0045_t00614.mp4,tier1,1,1.0,0.0555411987006664,True,9,0.7911220192909241,906,0.7564969877791983
0-fu0N-npmg_clip0003_t00070,0-fu0N-npmg,70.466,74.43,3.964,0.75,1.0,2.83,E:\FPTU\PRJ\VN-AV-DF-Capstone\data\clips\tier1\0-100\tier1_v3_clips_0_100\0-fu0N-npmg_clip0003_t00070.mp4,tier1,1,1.0,0.0169293638318777,True,9,0.4297627210617065,907,0.5858423810046722
R5y53Ud7Fs8_clip0069_t00764,R5y53Ud7Fs8,764.354,770.942,6.588,1.0,1.0,3.32,E:\FPTU\PRJ\VN-AV-DF-Capstone\data\clips\tier1\300-400\tier1_v3_clips_300_400\R5y53Ud7Fs8_clip0069_t00764.mp4,tier1,1,1.0,0.0127935456112027,True,9,0.8502869009971619,909,0.64860375438257
P3K1OaKR4nY_clip0037_t00249,P3K1OaKR4nY,249.346,251.614,2.268,1.0,1.0,11.92,E:\FPTU\PRJ\VN-AV-DF-Capstone\data\clips\tier1\300-400\tier1_v3_clips_300_400\P3K1OaKR4nY_clip0037_t00249.mp4,tier1,1,1.0,0.031986616551876,True,9,0.9941933751106262,910,0.7271292921723875
P3K1OaKR4nY_clip0038_t00256,P3K1OaKR4nY,256.546,263.358,6.812,1.0,1.0,11.69,E:\FPTU\PRJ\VN-AV-DF-Capstone\data\clips\tier1\300-400\tier1_v3_clips_300_400\P3K1OaKR4nY_clip0038_t00256.mp4,tier1,1,1.0,0.0322649963200092,True,9,0.99314945936203,910,0.7277156828911646
7637490771456707861_clip0002_t00023,7637490771456707861,23.682,27.486,3.804,1.0,1.0,12.95,E:\FPTU\PRJ\VN-AV-DF-Capstone\data\clips\tier3\tier3_v3_clips_0_1262-001\7637490771456707861_clip0002_t00023.mp4,tier3,1,1.0,0.1126828491687774,True,9,0.7174676656723022,913,0.9016787330926483
7641839768522837266_clip0009_t00100,7641839768522837266,100.002,104.478,4.476,1.0,1.0,10.47,E:\FPTU\PRJ\VN-AV-DF-Capstone\data\clips\tier3\tier3_v3_clips_0_1262-001\7641839768522837266_clip0009_t00100.mp4,tier3,1,1.0,0.0169836543500423,True,9,0.6922752857208252,914,0.6323184147744285
cVabKjWav-Y_clip0000_t00000,cVabKjWav-Y,0.034,5.034,5.0,1.0,1.0,22.48,E:\FPTU\PRJ\VN-AV-DF-Capstone\data\clips\tier2\tier2_v3_clips_0_999-001\cVabKjWav-Y_clip0000_t00000.mp4,tier2,1,1.0,0.0219525080174207,True,9,0.8658542633056641,916,0.6767047846106607
cVabKjWav-Y_clip0001_t00004,cVabKjWav-Y,4.034,9.034,5.0,1.0,1.0,21.26,E:\FPTU\PRJ\VN-AV-DF-Capstone\data\clips\tier2\tier2_v3_clips_0_999-001\cVabKjWav-Y_clip0001_t00004.mp4,tier2,1,1.0,0.0219616964459419,True,9,0.8429951071739197,916,0.6726962512983018
cVabKjWav-Y_clip0002_t00008,cVabKjWav-Y,8.034,13.034,5.0,1.0,1.0,21.21,E:\FPTU\PRJ\VN-AV-DF-Capstone\data\clips\tier2\tier2_v3_clips_0_999-001\cVabKjWav-Y_clip0002_t00008.mp4,tier2,1,1.0,0.0221024975180625,True,9,0.8708665370941162,916,0.6780045045961164
cVabKjWav-Y_clip0003_t00012,cVabKjWav-Y,12.034,17.034,5.0,1.0,1.0,20.74,E:\FPTU\PRJ\VN-AV-DF-Capstone\data\clips\tier2\tier2_v3_clips_0_999-001\cVabKjWav-Y_clip0003_t00012.mp4,tier2,1,1.0,0.0224440488964319,True,9,0.8646212816238403,916,0.6778478835475166
cVabKjWav-Y_clip0004_t00016,cVabKjWav-Y,16.034,18.75,2.716,1.0,1.0,19.52,E:\FPTU\PRJ\VN-AV-DF-Capstone\data\clips\tier2\tier2_v3_clips_0_999-001\cVabKjWav-Y_clip0004_t00016.mp4,tier2,1,1.0,0.0219709780067205,True,9,0.8611308336257935,916,0.6759223668389163
cVabKjWav-Y_clip0005_t00018,cVabKjWav-Y,18.85,24.926,6.076,1.0,1.0,18.93,E:\FPTU\PRJ\VN-AV-DF-Capstone\data\clips\tier2\tier2_v3_clips_0_999-001\cVabKjWav-Y_clip0005_t00018.mp4,tier2,1,1.0,0.0223284848034381,True,9,0.844461977481842,916,0.6739704546524987
cVabKjWav-Y_clip0009_t00090,cVabKjWav-Y,90.946,100.574,9.628,1.0,1.0,18.81,E:\FPTU\PRJ\VN-AV-DF-Capstone\data\clips\tier2\tier2_v3_clips_0_999-001\cVabKjWav-Y_clip0009_t00090.mp4,tier2,1,1.0,0.0219261217862367,True,9,0.8501712083816528,916,0.6738641442920577
cVabKjWav-Y_clip0012_t00146,cVabKjWav-Y,146.466,155.646,9.18,1.0,1.0,18.26,E:\FPTU\PRJ\VN-AV-DF-Capstone\data\clips\tier2\tier2_v3_clips_0_999-001\cVabKjWav-Y_clip0012_t00146.mp4,tier2,1,1.0,0.022378072142601,True,9,0.8342669010162354,916,0.6723085912320268
cVabKjWav-Y_clip0015_t00185,cVabKjWav-Y,185.506,196.894,11.388,1.0,1.0,19.33,E:\FPTU\PRJ\VN-AV-DF-Capstone\data\clips\tier2\tier2_v3_clips_0_999-001\cVabKjWav-Y_clip0015_t00185.mp4,tier2,1,1.0,0.0218666289001703,True,9,0.85514897108078,916,0.6745778847385748
cVabKjWav-Y_clip0016_t00197,cVabKjWav-Y,197.122,202.122,5.0,1.0,1.0,20.15,E:\FPTU\PRJ\VN-AV-DF-Capstone\data\clips\tier2\tier2_v3_clips_0_999-001\cVabKjWav-Y_clip0016_t00197.mp4,tier2,1,1.0,0.0222037080675363,True,9,0.8640081882476807,916,0.6770743788823905
cVabKjWav-Y_clip0017_t00201,cVabKjWav-Y,201.122,206.122,5.0,1.0,1.0,19.46,E:\FPTU\PRJ\VN-AV-DF-Capstone\data\clips\tier2\tier2_v3_clips_0_999-001\cVabKjWav-Y_clip0017_t00201.mp4,tier2,1,1.0,0.0218940563499927,True,9,0.850368082523346,916,0.6738101232158414
cVabKjWav-Y_clip0018_t00205,cVabKjWav-Y,205.122,209.406,4.284,1.0,1.0,18.49,E:\FPTU\PRJ\VN-AV-DF-Capstone\data\clips\tier2\tier2_v3_clips_0_999-001\cVabKjWav-Y_clip0018_t00205.mp4,tier2,1,1.0,0.0220458973199129,True,9,0.854438066482544,916,0.6749486819998982
cVabKjWav-Y_clip0026_t00346,cVabKjWav-Y,346.914,356.67,9.756,1.0,1.0,18.26,E:\FPTU\PRJ\VN-AV-DF-Capstone\data\clips\tier2\tier2_v3_clips_0_999-001\cVabKjWav-Y_clip0026_t00346.mp4,tier2,1,1.0,0.0221645478159189,True,9,0.845378041267395,916,0.6736783024392408
tFTh1jkOT9Q_clip0005_t00029,tFTh1jkOT9Q,29.186,34.186,5.0,1.0,1.0,10.72,E:\FPTU\PRJ\VN-AV-DF-Capstone\data\clips\tier1\300-400\tier1_v3_clips_300_400\tFTh1jkOT9Q_clip0005_t00029.mp4,tier1,1,1.0,0.0392894446849823,True,9,0.9886234998703004,920,0.746362068955787
tFTh1jkOT9Q_clip0006_t00033,tFTh1jkOT9Q,33.186,38.186,5.0,1.0,1.0,11.08,E:\FPTU\PRJ\VN-AV-DF-Capstone\data\clips\tier1\300-400\tier1_v3_clips_300_400\tFTh1jkOT9Q_clip0006_t00033.mp4,tier1,1,1.0,0.0279620960354805,True,9,0.3988353312015533,920,0.610925426343938
tFTh1jkOT9Q_clip0009_t00158,tFTh1jkOT9Q,158.658,160.894,2.236,1.0,1.0,8.0,E:\FPTU\PRJ\VN-AV-DF-Capstone\data\clips\tier1\300-400\tier1_v3_clips_300_400\tFTh1jkOT9Q_clip0009_t00158.mp4,tier1,1,1.0,0.1058048531413078,True,9,0.9901034235954284,920,0.9307512503720309
tFTh1jkOT9Q_clip0010_t00161,tFTh1jkOT9Q,161.154,163.454,2.3,1.0,1.0,8.67,E:\FPTU\PRJ\VN-AV-DF-Capstone\data\clips\tier1\300-400\tier1_v3_clips_300_400\tFTh1jkOT9Q_clip0010_t00161.mp4,tier1,1,1.0,0.1276517510414123,True,9,0.991221845149994,920,0.9914252229049841
tFTh1jkOT9Q_clip0014_t00194,tFTh1jkOT9Q,194.85,197.918,3.068,1.0,1.0,7.03,E:\FPTU\PRJ\VN-AV-DF-Capstone\data\clips\tier1\300-400\tier1_v3_clips_300_400\tFTh1jkOT9Q_clip0014_t00194.mp4,tier1,1,1.0,0.1139335110783577,True,9,0.9867799282073976,920,0.9526665099961444
tFTh1jkOT9Q_clip0016_t00295,tFTh1jkOT9Q,295.138,298.11,2.972,1.0,1.0,7.43,E:\FPTU\PRJ\VN-AV-DF-Capstone\data\clips\tier1\300-400\tier1_v3_clips_300_400\tFTh1jkOT9Q_clip0016_t00295.mp4,tier1,1,1.0,0.1187438145279884,True,9,0.990339696407318,920,0.9666105910738876
tFTh1jkOT9Q_clip0017_t00308,tFTh1jkOT9Q,308.258,311.966,3.708,1.0,1.0,5.78,E:\FPTU\PRJ\VN-AV-DF-Capstone\data\clips\tier1\300-400\tier1_v3_clips_300_400\tFTh1jkOT9Q_clip0017_t00308.mp4,tier1,1,1.0,0.1339931190013885,True,9,0.7814642786979675,920,0.9614348727114062
tFTh1jkOT9Q_clip0021_t00366,tFTh1jkOT9Q,366.818,368.99,2.172,1.0,1.0,6.89,E:\FPTU\PRJ\VN-AV-DF-Capstone\data\clips\tier1\300-400\tier1_v3_clips_300_400\tFTh1jkOT9Q_clip0021_t00366.mp4,tier1,1,1.0,0.1264878511428833,True,9,0.995756983757019,920,0.9890036326511532
tFTh1jkOT9Q_clip0023_t00412,tFTh1jkOT9Q,412.45,414.59,2.14,1.0,1.0,6.81,E:\FPTU\PRJ\VN-AV-DF-Capstone\data\clips\tier1\300-400\tier1_v3_clips_300_400\tFTh1jkOT9Q_clip0023_t00412.mp4,tier1,1,1.0,0.1512099355459213,True,9,0.9941052198410034,920,0.9989597446778242
7619319388646247700_clip0005_t00073,7619319388646247700,73.762,77.438,3.676,1.0,1.0,1.18,E:\FPTU\PRJ\VN-AV-DF-Capstone\data\clips\tier3\tier3_v3_clips_0_1262-001\7619319388646247700_clip0005_t00073.mp4,tier3,1,1.0,0.0618462413549423,True,9,0.3312268853187561,922,0.6927926481707293
7640063825601105173_clip0001_t00010,7640063825601105173,10.754,14.398,3.644,0.75,1.0,6.26,E:\FPTU\PRJ\VN-AV-DF-Capstone\data\clips\tier3\tier3_v3_clips_0_1262-001\7640063825601105173_clip0001_t00010.mp4,tier3,1,0.6666666666666666,0.0172280091792345,True,9,0.3058338761329651,926,0.40793655008386176
mHTLamr-Zqk_clip0025_t00303,mHTLamr-Zqk,303.234,308.234,5.0,1.0,1.0,14.03,E:\FPTU\PRJ\VN-AV-DF-Capstone\data\clips\tier2\tier2_v3_clips_0_999-001\mHTLamr-Zqk_clip0025_t00303.mp4,tier2,1,1.0,0.0656955614686012,True,9,0.7322476506233215,927,0.774216710202476
3tEN20uif6g_clip0028_t00357,3tEN20uif6g,357.922,359.934,2.012,1.0,1.0,4.94,E:\FPTU\PRJ\VN-AV-DF-Capstone\data\clips\tier1\0-100\tier1_v3_clips_0_100\3tEN20uif6g_clip0028_t00357.mp4,tier1,1,1.0,0.0399127900600433,True,9,0.8478344678878784,929,0.723242490938508
MpVfVbPdmis_clip0046_t00582,MpVfVbPdmis,582.018,590.526,8.508,0.875,1.0,4.77,E:\FPTU\PRJ\VN-AV-DF-Capstone\data\clips\tier1\100-300\tier1_v3_clips_100_300\MpVfVbPdmis_clip0046_t00582.mp4,tier1,1,0.8888888888888888,0.0797731056809425,True,9,0.8924360275268555,930,0.7891671371893062
RoXXg62YfpM_clip0060_t00492,RoXXg62YfpM,492.93,495.166,2.236,1.0,1.0,9.28,E:\FPTU\PRJ\VN-AV-DF-Capstone\data\clips\tier1\300-400\tier1_v3_clips_300_400\RoXXg62YfpM_clip0060_t00492.mp4,tier1,1,1.0,0.0142484493553638,True,9,0.9999130964279176,931,0.679035843065801
g6hBKVh_7Pk_clip0052_t00365,g6hBKVh_7Pk,365.89,370.89,5.0,1.0,1.0,6.41,E:\FPTU\PRJ\VN-AV-DF-Capstone\data\clips\tier1\100-300\tier1_v3_clips_100_300\g6hBKVh_7Pk_clip0052_t00365.mp4,tier1,1,1.0,0.0105247795581817,True,9,0.3463070690631866,932,0.5533857365870554
Nw3N73GJ2Zo_clip0006_t00146,Nw3N73GJ2Zo,146.05,151.05,5.0,1.0,1.0,2.99,E:\FPTU\PRJ\VN-AV-DF-Capstone\data\clips\tier1\100-300\tier1_v3_clips_100_300\Nw3N73GJ2Zo_clip0006_t00146.mp4,tier1,1,1.0,0.0156846605241298,True,9,0.6188609600067139,934,0.615767069557996
Nw3N73GJ2Zo_clip0007_t00150,Nw3N73GJ2Zo,150.05,155.05,5.0,1.0,1.0,2.96,E:\FPTU\PRJ\VN-AV-DF-Capstone\data\clips\tier1\100-300\tier1_v3_clips_100_300\Nw3N73GJ2Zo_clip0007_t00150.mp4,tier1,1,1.0,0.016046904027462,True,9,0.7143199443817139,934,0.6336155355013703
mHTLamr-Zqk_clip0063_t00679,mHTLamr-Zqk,679.586,686.462,6.876,1.0,1.0,11.5,E:\FPTU\PRJ\VN-AV-DF-Capstone\data\clips\tier2\tier2_v3_clips_0_999-001\mHTLamr-Zqk_clip0063_t00679.mp4,tier2,1,1.0,0.0185784995555877,True,9,0.3210054039955139,935,0.5712150524020332
MpVfVbPdmis_clip0056_t00686,MpVfVbPdmis,686.498,691.498,5.0,1.0,1.0,4.4,E:\FPTU\PRJ\VN-AV-DF-Capstone\data\clips\tier1\100-300\tier1_v3_clips_100_300\MpVfVbPdmis_clip0056_t00686.mp4,tier1,1,1.0,0.0268452391028404,True,9,0.3369310200214386,936,0.5969094516880861
wKaFsRX95YY_clip0049_t00569,wKaFsRX95YY,569.538,575.454,5.916,1.0,1.0,6.93,E:\FPTU\PRJ\VN-AV-DF-Capstone\data\clips\tier2\tier2_v3_clips_0_999-001\wKaFsRX95YY_clip0049_t00569.mp4,tier2,1,1.0,0.0326472036540508,True,9,0.3198912441730499,940,0.6099634363364892
CHkaAtJLN3E_clip0054_t00815,CHkaAtJLN3E,815.874,818.91,3.036,1.0,1.0,7.32,E:\FPTU\PRJ\VN-AV-DF-Capstone\data\clips\tier1\100-300\tier1_v3_clips_100_300\CHkaAtJLN3E_clip0054_t00815.mp4,tier1,1,1.0,0.0159497465938329,True,9,0.9353811740875244,941,0.6723573894412693
bhO764uZyDA_clip0067_t00394,bhO764uZyDA,394.05,397.47,3.42,1.0,1.0,33.8,E:\FPTU\PRJ\VN-AV-DF-Capstone\data\clips\tier1\100-300\tier1_v3_clips_100_300\bhO764uZyDA_clip0067_t00394.mp4,tier1,1,1.0,0.1196218058466911,True,9,0.9860267639160156,942,0.9682799417628154
CHkaAtJLN3E_clip0008_t00107,CHkaAtJLN3E,107.746,112.746,5.0,1.0,1.0,6.34,E:\FPTU\PRJ\VN-AV-DF-Capstone\data\clips\tier1\100-300\tier1_v3_clips_100_300\CHkaAtJLN3E_clip0008_t00107.mp4,tier1,1,1.0,0.0142540019005537,True,9,0.764491081237793,943,0.6375061521226584
sW5Nf8fj1wY_clip0001_t00100,sW5Nf8fj1wY,100.066,103.07,3.004,1.0,1.0,5.31,E:\FPTU\PRJ\VN-AV-DF-Capstone\data\clips\tier1\300-400\tier1_v3_clips_300_400\sW5Nf8fj1wY_clip0001_t00100.mp4,tier1,1,1.0,0.025797002017498,True,9,0.4363583326339721,944,0.6115537171119322
RoXXg62YfpM_clip0055_t00451,RoXXg62YfpM,451.394,453.502,2.108,1.0,1.0,9.7,E:\FPTU\PRJ\VN-AV-DF-Capstone\data\clips\tier1\300-400\tier1_v3_clips_300_400\RoXXg62YfpM_clip0055_t00451.mp4,tier1,1,1.0,0.0220827274024486,True,9,0.9998998641967772,947,0.7007203640786019
CklYiLA4DZc_clip0027_t00471,CklYiLA4DZc,471.458,474.302,2.844,1.0,1.0,8.3,E:\FPTU\PRJ\VN-AV-DF-Capstone\data\clips\tier1\100-300\tier1_v3_clips_100_300\CklYiLA4DZc_clip0027_t00471.mp4,tier1,1,1.0,0.0880212485790252,True,9,0.6356857419013977,948,0.8189783621503705
CHkaAtJLN3E_clip0068_t00930,CHkaAtJLN3E,930.594,935.594,5.0,1.0,1.0,7.68,E:\FPTU\PRJ\VN-AV-DF-Capstone\data\clips\tier1\100-300\tier1_v3_clips_100_300\CHkaAtJLN3E_clip0068_t00930.mp4,tier1,1,1.0,0.0349901169538497,True,9,0.5641083121299744,950,0.6595462208520211
CklYiLA4DZc_clip0012_t00160,CklYiLA4DZc,160.61,163.326,2.716,1.0,1.0,9.29,E:\FPTU\PRJ\VN-AV-DF-Capstone\data\clips\tier1\100-300\tier1_v3_clips_100_300\CklYiLA4DZc_clip0012_t00160.mp4,tier1,1,1.0,0.0130865117534995,True,9,0.9536008834838868,951,0.6676466228050849
aArTJcMMmTw_clip0058_t00750,aArTJcMMmTw,750.85,755.85,5.0,0.8,1.0,4.78,E:\FPTU\PRJ\VN-AV-DF-Capstone\data\clips\tier1\0-100\tier1_v3_clips_0_100\aArTJcMMmTw_clip0058_t00750.mp4,tier1,1,1.0,0.0176541581749916,True,9,0.3665528893470764,954,0.5766940812255444
_UEZaDjz02I_clip0022_t00232,_UEZaDjz02I,232.866,239.134,6.268,1.0,1.0,4.29,E:\FPTU\PRJ\VN-AV-DF-Capstone\data\clips\tier1\440-9999\tier1_v3_clips_440_9999\_UEZaDjz02I_clip0022_t00232.mp4,tier1,1,1.0,0.0974557250738143,True,9,0.995281219482422,955,0.9085529146181308
gHsxuixSqz0_clip0084_t00863,gHsxuixSqz0,863.074,868.074,5.0,1.0,1.0,7.83,E:\FPTU\PRJ\VN-AV-DF-Capstone\data\clips\tier1\100-300\tier1_v3_clips_100_300\gHsxuixSqz0_clip0084_t00863.mp4,tier1,1,1.0,0.0183885768055915,True,9,0.4488142728805542,958,0.5932438143345362
cVabKjWav-Y_clip0010_t00110,cVabKjWav-Y,110.306,115.306,5.0,1.0,1.0,19.68,E:\FPTU\PRJ\VN-AV-DF-Capstone\data\clips\tier2\tier2_v3_clips_0_999-001\cVabKjWav-Y_clip0010_t00110.mp4,tier2,1,1.0,0.0695067718625068,True,9,0.4197930693626404,960,0.7296278627711726
g6hBKVh_7Pk_clip0061_t00570,g6hBKVh_7Pk,570.082,572.766,2.684,1.0,1.0,4.55,E:\FPTU\PRJ\VN-AV-DF-Capstone\data\clips\tier1\100-300\tier1_v3_clips_100_300\g6hBKVh_7Pk_clip0061_t00570.mp4,tier1,1,1.0,0.0110191525891423,True,9,0.3620388209819793,961,0.5575304520074489
tFTh1jkOT9Q_clip0022_t00406,tFTh1jkOT9Q,406.818,410.334,3.516,1.0,1.0,9.35,E:\FPTU\PRJ\VN-AV-DF-Capstone\data\clips\tier1\300-400\tier1_v3_clips_300_400\tFTh1jkOT9Q_clip0022_t00406.mp4,tier1,1,1.0,0.0245658960193395,True,9,0.935059666633606,963,0.6961518860546487
7638602199739796756_clip0001_t00015,7638602199739796756,15.362,17.694,2.332,1.0,1.0,9.02,E:\FPTU\PRJ\VN-AV-DF-Capstone\data\clips\tier3\tier3_v3_clips_0_1262-001\7638602199739796756_clip0001_t00015.mp4,tier3,1,1.0,0.069761611521244,True,9,0.9666538238525392,964,0.8268381491900682
7457180126313254152_clip0000_t00000,7457180126313254152,0.386,11.582,11.196,1.0,1.0,4.12,E:\FPTU\PRJ\VN-AV-DF-Capstone\data\clips\tier3\tier3_v3_clips_0_1262-001\7457180126313254152_clip0000_t00000.mp4,tier3,1,1.0,0.1028820648789405,True,9,0.932479441165924,966,0.9124914469845817
7457180126313254152_clip0001_t00011,7457180126313254152,11.81,21.182,9.372,1.0,1.0,4.21,E:\FPTU\PRJ\VN-AV-DF-Capstone\data\clips\tier3\tier3_v3_clips_0_1262-001\7457180126313254152_clip0001_t00011.mp4,tier3,1,1.0,0.1041026413440704,True,9,0.9026610255241394,966,0.9106081745943817
I-uqcg6HtaQ_clip0008_t00055,I-uqcg6HtaQ,55.458,59.87,4.412,1.0,1.0,12.12,E:\FPTU\PRJ\VN-AV-DF-Capstone\data\clips\tier2\tier2_v3_clips_0_999-001\I-uqcg6HtaQ_clip0008_t00055.mp4,tier2,1,1.0,0.0107261426746845,True,9,0.9884620308876038,967,0.6672646140134453
F1JQOFSjVZg_clip0019_t00220,F1JQOFSjVZg,220.066,227.262,7.196,1.0,1.0,11.61,E:\FPTU\PRJ\VN-AV-DF-Capstone\data\clips\tier1\100-300\tier1_v3_clips_100_300\F1JQOFSjVZg_clip0019_t00220.mp4,tier1,1,1.0,0.0206251088529825,True,9,0.3862491250038147,968,0.5883940760753538
jInLQAiBlVQ_clip0023_t00490,jInLQAiBlVQ,490.242,492.926,2.684,1.0,1.0,6.87,E:\FPTU\PRJ\VN-AV-DF-Capstone\data\clips\tier1\100-300\tier1_v3_clips_100_300\jInLQAiBlVQ_clip0023_t00490.mp4,tier1,1,1.0,0.0606594085693359,True,9,0.9121780395507812,971,0.7920280484221661
VqcyH3fnubE_clip0020_t00135,VqcyH3fnubE,135.33,138.366,3.036,1.0,1.0,16.87,E:\FPTU\PRJ\VN-AV-DF-Capstone\data\clips\tier1\400-440\tier1_v3_clips_400_440\VqcyH3fnubE_clip0020_t00135.mp4,tier1,1,1.0,0.0360509343445301,True,9,0.6775686740875244,973,0.6825051934010784
gHsxuixSqz0_clip0015_t00170,gHsxuixSqz0,170.242,175.242,5.0,1.0,1.0,8.62,E:\FPTU\PRJ\VN-AV-DF-Capstone\data\clips\tier1\100-300\tier1_v3_clips_100_300\gHsxuixSqz0_clip0015_t00170.mp4,tier1,1,1.0,0.035018190741539,True,9,0.4792870283126831,975,0.6446554728883072
aArTJcMMmTw_clip0039_t00559,aArTJcMMmTw,559.234,567.23,7.996,0.875,1.0,5.04,E:\FPTU\PRJ\VN-AV-DF-Capstone\data\clips\tier1\0-100\tier1_v3_clips_0_100\aArTJcMMmTw_clip0039_t00559.mp4,tier1,1,1.0,0.0108131654560565,True,9,0.4131913185119629,978,0.5659871495540433
0-fu0N-npmg_clip0052_t00738,0-fu0N-npmg,738.274,743.274,5.0,1.0,1.0,3.04,E:\FPTU\PRJ\VN-AV-DF-Capstone\data\clips\tier1\0-100\tier1_v3_clips_0_100\0-fu0N-npmg_clip0052_t00738.mp4,tier1,1,1.0,0.0100149847567081,True,9,0.8753878474235535,984,0.6453417183028451
CklYiLA4DZc_clip0009_t00076,CklYiLA4DZc,76.066,80.862,4.796,1.0,1.0,9.58,E:\FPTU\PRJ\VN-AV-DF-Capstone\data\clips\tier1\100-300\tier1_v3_clips_100_300\CklYiLA4DZc_clip0009_t00076.mp4,tier1,1,1.0,0.0293051823973655,True,9,0.9190447330474854,985,0.7064450184669655
3tEN20uif6g_clip0016_t00210,3tEN20uif6g,210.338,213.598,3.26,1.0,1.0,1.55,E:\FPTU\PRJ\VN-AV-DF-Capstone\data\clips\tier1\0-100\tier1_v3_clips_0_100\3tEN20uif6g_clip0016_t00210.mp4,tier1,1,1.0,0.0341799855232238,True,9,0.9055107831954956,986,0.7175511091314488
RoXXg62YfpM_clip0023_t00208,RoXXg62YfpM,208.162,213.022,4.86,1.0,1.0,9.45,E:\FPTU\PRJ\VN-AV-DF-Capstone\data\clips\tier1\300-400\tier1_v3_clips_300_400\RoXXg62YfpM_clip0023_t00208.mp4,tier1,1,1.0,0.069666288793087,True,9,0.9998044967651368,987,0.8324243954705202
_adzgpYkn_c_clip0020_t00253,_adzgpYkn_c,253.282,255.646,2.364,1.0,1.0,5.48,E:\FPTU\PRJ\VN-AV-DF-Capstone\data\clips\tier1\440-9999\tier1_v3_clips_440_9999\_adzgpYkn_c_clip0020_t00253.mp4,tier1,1,1.0,0.0166265275329351,True,9,0.9668565392494202,988,0.6797853313004163
qwnzKjjauR8_clip0000_t00007,qwnzKjjauR8,7.682,11.294,3.612,1.0,1.0,0.66,E:\FPTU\PRJ\VN-AV-DF-Capstone\data\clips\tier1\300-400\tier1_v3_clips_300_400\qwnzKjjauR8_clip0000_t00007.mp4,tier1,1,1.0,0.0429686717689037,True,9,0.9048239588737488,989,0.7417587546557461
qwnzKjjauR8_clip0001_t00011,qwnzKjjauR8,11.618,14.782,3.164,1.0,1.0,3.2,E:\FPTU\PRJ\VN-AV-DF-Capstone\data\clips\tier1\300-400\tier1_v3_clips_300_400\qwnzKjjauR8_clip0001_t00011.mp4,tier1,1,1.0,0.0428247936069965,True,9,0.928900182247162,989,0.7456092162891569
qwnzKjjauR8_clip0002_t00015,qwnzKjjauR8,15.074,18.43,3.356,1.0,1.0,4.26,E:\FPTU\PRJ\VN-AV-DF-Capstone\data\clips\tier1\300-400\tier1_v3_clips_300_400\qwnzKjjauR8_clip0002_t00015.mp4,tier1,1,1.0,0.0432311929762363,True,9,0.9297023415565492,989,0.7468757689436847
qwnzKjjauR8_clip0003_t00018,qwnzKjjauR8,18.69,21.118,2.428,1.0,1.0,3.24,E:\FPTU\PRJ\VN-AV-DF-Capstone\data\clips\tier1\300-400\tier1_v3_clips_300_400\qwnzKjjauR8_clip0003_t00018.mp4,tier1,1,1.0,0.0429122261703014,True,9,0.928027868270874,989,0.7456973094354449
qwnzKjjauR8_clip0004_t00021,qwnzKjjauR8,21.346,26.558,5.212,1.0,1.0,2.98,E:\FPTU\PRJ\VN-AV-DF-Capstone\data\clips\tier1\300-400\tier1_v3_clips_300_400\qwnzKjjauR8_clip0004_t00021.mp4,tier1,1,1.0,0.0432433597743511,True,9,0.9075644016265868,989,0.7430027538043058
qwnzKjjauR8_clip0068_t00526,qwnzKjjauR8,526.626,531.646,5.02,1.0,1.0,2.08,E:\FPTU\PRJ\VN-AV-DF-Capstone\data\clips\tier1\300-400\tier1_v3_clips_300_400\qwnzKjjauR8_clip0068_t00526.mp4,tier1,1,1.0,0.0428880490362644,True,9,0.8995797038078308,989,0.7406101179524724
u4AumpXc-qc_clip0074_t00489,u4AumpXc-qc,489.794,494.014,4.22,1.0,1.0,12.39,E:\FPTU\PRJ\VN-AV-DF-Capstone\data\clips\tier1\300-400\tier1_v3_clips_300_400\u4AumpXc-qc_clip0074_t00489.mp4,tier1,1,1.0,0.0185500755906105,True,9,0.4665252864360809,994,0.5968163484087455
P3K1OaKR4nY_clip0065_t00516,P3K1OaKR4nY,516.098,524.19,8.092,1.0,1.0,9.62,E:\FPTU\PRJ\VN-AV-DF-Capstone\data\clips\tier1\300-400\tier1_v3_clips_300_400\P3K1OaKR4nY_clip0065_t00516.mp4,tier1,1,1.0,0.0189847964793443,True,9,0.9890368580818176,996,0.6902276676039776
3tEN20uif6g_clip0025_t00341,3tEN20uif6g,341.378,343.614,2.236,1.0,1.0,2.48,E:\FPTU\PRJ\VN-AV-DF-Capstone\data\clips\tier1\0-100\tier1_v3_clips_0_100\3tEN20uif6g_clip0025_t00341.mp4,tier1,1,1.0,0.0448947735130786,True,9,0.902817726135254,997,0.7467365503065005
3tEN20uif6g_clip0027_t00355,3tEN20uif6g,355.234,357.726,2.492,1.0,1.0,4.66,E:\FPTU\PRJ\VN-AV-DF-Capstone\data\clips\tier1\0-100\tier1_v3_clips_0_100\3tEN20uif6g_clip0027_t00355.mp4,tier1,1,1.0,0.0432498082518577,True,9,0.7303431630134583,997,0.7117462682601675
3tEN20uif6g_clip0030_t00363,3tEN20uif6g,363.01,369.374,6.364,1.0,1.0,4.7,E:\FPTU\PRJ\VN-AV-DF-Capstone\data\clips\tier1\0-100\tier1_v3_clips_0_100\3tEN20uif6g_clip0030_t00363.mp4,tier1,1,1.0,0.0829138830304145,True,9,0.8749497532844543,997,0.8470632087017254
CklYiLA4DZc_clip0010_t00109,CklYiLA4DZc,109.73,112.19,2.46,1.0,1.0,14.63,E:\FPTU\PRJ\VN-AV-DF-Capstone\data\clips\tier1\100-300\tier1_v3_clips_100_300\CklYiLA4DZc_clip0010_t00109.mp4,tier1,1,0.8888888888888888,0.03026226721704,True,9,0.6133900284767151,1000,0.6028677743841626
VqcyH3fnubE_clip0019_t00130,VqcyH3fnubE,130.594,133.758,3.164,1.0,1.0,16.53,E:\FPTU\PRJ\VN-AV-DF-Capstone\data\clips\tier1\400-440\tier1_v3_clips_400_440\VqcyH3fnubE_clip0019_t00130.mp4,tier1,1,1.0,0.0330845713615417,True,9,0.5444617867469788,1002,0.650804253798249
jInLQAiBlVQ_clip0006_t00188,jInLQAiBlVQ,188.162,193.162,5.0,0.8,1.0,3.32,E:\FPTU\PRJ\VN-AV-DF-Capstone\data\clips\tier1\100-300\tier1_v3_clips_100_300\jInLQAiBlVQ_clip0006_t00188.mp4,tier1,1,0.8888888888888888,0.010864452458918,True,9,0.3037362694740295,1006,0.4945259436968714
gHsxuixSqz0_clip0011_t00132,gHsxuixSqz0,132.514,137.514,5.0,1.0,1.0,8.84,E:\FPTU\PRJ\VN-AV-DF-Capstone\data\clips\tier1\100-300\tier1_v3_clips_100_300\gHsxuixSqz0_clip0011_t00132.mp4,tier1,1,1.0,0.0324409045279026,True,9,0.5039162635803223,1007,0.6418673623195768
CHkaAtJLN3E_clip0053_t00812,CHkaAtJLN3E,812.354,815.774,3.42,1.0,1.0,6.99,E:\FPTU\PRJ\VN-AV-DF-Capstone\data\clips\tier1\100-300\tier1_v3_clips_100_300\CHkaAtJLN3E_clip0053_t00812.mp4,tier1,1,1.0,0.0306733679026365,True,9,0.6487188339233398,1012,0.6625278604801798
7635664048813575431_clip0006_t00031,7635664048813575431,31.874,39.358,7.484,1.0,1.0,11.04,E:\FPTU\PRJ\VN-AV-DF-Capstone\data\clips\tier3\tier3_v3_clips_0_1262-001\7635664048813575431_clip0006_t00031.mp4,tier3,1,1.0,0.0176707282662391,True,9,0.4327821731567383,1013,0.5884274712405511
7635664048813575431_clip0009_t00049,7635664048813575431,49.634,54.634,5.0,1.0,1.0,12.2,E:\FPTU\PRJ\VN-AV-DF-Capstone\data\clips\tier3\tier3_v3_clips_0_1262-001\7635664048813575431_clip0009_t00049.mp4,tier3,1,1.0,0.0161099396646022,True,9,0.7884833812713623,1013,0.6468776961469006
7635664048813575431_clip0010_t00053,7635664048813575431,53.634,58.634,5.0,1.0,1.0,8.93,E:\FPTU\PRJ\VN-AV-DF-Capstone\data\clips\tier3\tier3_v3_clips_0_1262-001\7635664048813575431_clip0010_t00053.mp4,tier3,1,1.0,0.0352266877889633,True,9,0.89159095287323,1013,0.7179921507167674
7635664048813575431_clip0011_t00057,7635664048813575431,57.634,62.634,5.0,1.0,1.0,6.92,E:\FPTU\PRJ\VN-AV-DF-Capstone\data\clips\tier3\tier3_v3_clips_0_1262-001\7635664048813575431_clip0011_t00057.mp4,tier3,1,1.0,0.0257424563169479,True,9,0.8779758810997009,1013,0.689335232203374
8cirZ7Q19mg_clip0004_t00104,8cirZ7Q19mg,104.226,106.302,2.076,1.0,1.0,-0.21,E:\FPTU\PRJ\VN-AV-DF-Capstone\data\clips\tier1\0-100\tier1_v3_clips_0_100\8cirZ7Q19mg_clip0004_t00104.mp4,tier1,1,1.0,0.0169051140546798,True,9,0.4215011596679687,1015,0.5843173301489439
usfv-YmWPBs_clip0037_t00613,usfv-YmWPBs,613.922,617.406,3.484,1.0,1.0,11.12,E:\FPTU\PRJ\VN-AV-DF-Capstone\data\clips\tier1\300-400\tier1_v3_clips_300_400\usfv-YmWPBs_clip0037_t00613.mp4,tier1,1,1.0,0.0174779519438743,True,9,0.9852455854415894,1020,0.6853873709818019
qh78i88JEiU_clip0040_t00454,qh78i88JEiU,454.562,459.614,5.052,1.0,1.0,-2.09,E:\FPTU\PRJ\VN-AV-DF-Capstone\data\clips\tier1\300-400\tier1_v3_clips_300_400\qh78i88JEiU_clip0040_t00454.mp4,tier1,1,1.0,0.0251138657331466,True,9,0.4066247940063476,1021,0.6044155635329895
hjEoiiSe0is_clip0001_t00024,hjEoiiSe0is,24.674,27.102,2.428,1.0,1.0,3.72,E:\FPTU\PRJ\VN-AV-DF-Capstone\data\clips\tier1\100-300\tier1_v3_clips_100_300\hjEoiiSe0is_clip0001_t00024.mp4,tier1,1,1.0,0.0126053020358085,True,9,0.4287431538105011,1022,0.5736925853010694
g6hBKVh_7Pk_clip0084_t00830,g6hBKVh_7Pk,830.786,834.526,3.74,1.0,1.0,5.92,E:\FPTU\PRJ\VN-AV-DF-Capstone\data\clips\tier1\100-300\tier1_v3_clips_100_300\g6hBKVh_7Pk_clip0084_t00830.mp4,tier1,1,1.0,0.0160004124045372,True,9,0.9091313481330872,1024,0.6678653203605034
7640181038324600085_clip0002_t00020,7640181038324600085,20.546,23.742,3.196,1.0,1.0,0.29,E:\FPTU\PRJ\VN-AV-DF-Capstone\data\clips\tier3\tier3_v3_clips_0_1262-001\7640181038324600085_clip0002_t00020.mp4,tier3,1,1.0,0.0467601679265499,True,9,0.907699167728424,1026,0.7527617678062172
wKaFsRX95YY_clip0018_t00192,wKaFsRX95YY,192.738,197.738,5.0,1.0,1.0,4.27,E:\FPTU\PRJ\VN-AV-DF-Capstone\data\clips\tier2\tier2_v3_clips_0_999-001\wKaFsRX95YY_clip0018_t00192.mp4,tier2,1,1.0,0.0154756009578704,True,9,0.6550645232200623,1028,0.6215772147597424
VqcyH3fnubE_clip0018_t00123,VqcyH3fnubE,123.266,128.638,5.372,1.0,1.0,14.24,E:\FPTU\PRJ\VN-AV-DF-Capstone\data\clips\tier1\400-440\tier1_v3_clips_400_440\VqcyH3fnubE_clip0018_t00123.mp4,tier1,1,1.0,0.0343551486730575,True,9,0.870148777961731,1034,0.711795642068464
aArTJcMMmTw_clip0059_t00754,aArTJcMMmTw,754.85,759.85,5.0,1.0,1.0,4.98,E:\FPTU\PRJ\VN-AV-DF-Capstone\data\clips\tier1\0-100\tier1_v3_clips_0_100\aArTJcMMmTw_clip0059_t00754.mp4,tier1,1,1.0,0.0142031526193022,True,9,0.4900782406330108,1035,0.5889395956919795
3tEN20uif6g_clip0024_t00334,3tEN20uif6g,334.338,341.278,6.94,1.0,1.0,4.33,E:\FPTU\PRJ\VN-AV-DF-Capstone\data\clips\tier1\0-100\tier1_v3_clips_0_100\3tEN20uif6g_clip0024_t00334.mp4,tier1,1,1.0,0.0109212193638086,True,9,0.5039544701576233,1040,0.5823032912476142
_adzgpYkn_c_clip0050_t00487,_adzgpYkn_c,487.266,494.622,7.356,0.857,1.0,4.38,E:\FPTU\PRJ\VN-AV-DF-Capstone\data\clips\tier1\440-9999\tier1_v3_clips_440_9999\_adzgpYkn_c_clip0050_t00487.mp4,tier1,1,1.0,0.0177035685628652,True,9,0.3572597503662109,1041,0.575190893406825
3tEN20uif6g_clip0048_t00678,3tEN20uif6g,678.818,684.35,5.532,1.0,1.0,6.24,E:\FPTU\PRJ\VN-AV-DF-Capstone\data\clips\tier1\0-100\tier1_v3_clips_0_100\3tEN20uif6g_clip0048_t00678.mp4,tier1,1,1.0,0.0526280626654624,True,9,0.8842377066612244,1042,0.7648650218963394
jInLQAiBlVQ_clip0031_t00597,jInLQAiBlVQ,597.154,601.438,4.284,1.0,1.0,6.56,E:\FPTU\PRJ\VN-AV-DF-Capstone\data\clips\tier1\100-300\tier1_v3_clips_100_300\jInLQAiBlVQ_clip0031_t00597.mp4,tier1,1,1.0,0.1273613274097442,True,9,0.901322603225708,1044,0.9747566998209428
jInLQAiBlVQ_clip0032_t00603,jInLQAiBlVQ,603.01,608.222,5.212,1.0,1.0,4.41,E:\FPTU\PRJ\VN-AV-DF-Capstone\data\clips\tier1\100-300\tier1_v3_clips_100_300\jInLQAiBlVQ_clip0032_t00603.mp4,tier1,1,1.0,0.1267433911561966,True,9,0.8791765570640564,1044,0.9691380022894097
Be0_77S0AyQ_clip0032_t00402,Be0_77S0AyQ,402.562,404.926,2.364,1.0,1.0,8.21,E:\FPTU\PRJ\VN-AV-DF-Capstone\data\clips\tier1\0-100\tier1_v3_clips_0_100\Be0_77S0AyQ_clip0032_t00402.mp4,tier1,1,1.0,0.0210716146975755,True,9,0.3141011595726013,1045,0.5768981000891645
0rNleOYzisw_clip0073_t01140,0rNleOYzisw,1140.738,1152.254,11.516,1.0,1.0,10.57,E:\FPTU\PRJ\VN-AV-DF-Capstone\data\clips\tier2\tier2_v3_clips_0_999-001\0rNleOYzisw_clip0073_t01140.mp4,tier2,1,1.0,0.053186547011137,True,9,0.7911285758018494,1047,0.7499799957125904
bhO764uZyDA_clip0005_t00022,bhO764uZyDA,22.914,25.118,2.204,1.0,1.0,34.74,E:\FPTU\PRJ\VN-AV-DF-Capstone\data\clips\tier1\100-300\tier1_v3_clips_100_300\bhO764uZyDA_clip0005_t00022.mp4,tier1,1,1.0,0.0650646537542343,True,9,0.9940618872642516,1049,0.818672743202114
bhO764uZyDA_clip0006_t00025,bhO764uZyDA,25.57,27.806,2.236,1.0,1.0,34.77,E:\FPTU\PRJ\VN-AV-DF-Capstone\data\clips\tier1\100-300\tier1_v3_clips_100_300\bhO764uZyDA_clip0006_t00025.mp4,tier1,1,1.0,0.0665046274662017,True,9,0.6797943115234375,1049,0.7671998958783641
_UEZaDjz02I_clip0045_t00494,_UEZaDjz02I,494.05,497.886,3.836,1.0,1.0,4.21,E:\FPTU\PRJ\VN-AV-DF-Capstone\data\clips\tier1\440-9999\tier1_v3_clips_440_9999\_UEZaDjz02I_clip0045_t00494.mp4,tier1,1,1.0,0.0440888740122318,True,9,0.7010562419891357,1051,0.7089006907336534
0wOdyRpc0wc_clip0003_t00044,0wOdyRpc0wc,44.674,50.206,5.532,1.0,1.0,21.12,E:\FPTU\PRJ\VN-AV-DF-Capstone\data\clips\tier1\0-100\tier1_v3_clips_0_100\0wOdyRpc0wc_clip0003_t00044.mp4,tier1,1,1.0,0.0154272811487317,True,9,0.8575776219367981,1053,0.6571810614729658
g6hBKVh_7Pk_clip0026_t00193,g6hBKVh_7Pk,193.314,202.366,9.052,1.0,1.0,6.99,E:\FPTU\PRJ\VN-AV-DF-Capstone\data\clips\tier1\100-300\tier1_v3_clips_100_300\g6hBKVh_7Pk_clip0026_t00193.mp4,tier1,1,1.0,0.0115082450211048,True,9,0.3084564507007599,1055,0.5494286457509089
AJ7t8LnesSA_clip0013_t00295,AJ7t8LnesSA,295.202,298.462,3.26,1.0,1.0,5.62,E:\FPTU\PRJ\VN-AV-DF-Capstone\data\clips\tier2\tier2_v3_clips_0_999-001\AJ7t8LnesSA_clip0013_t00295.mp4,tier2,1,1.0,0.0535288304090499,True,9,0.9594268798828124,1059,0.7806272056678925
AJ7t8LnesSA_clip0014_t00298,AJ7t8LnesSA,298.658,302.174,3.516,1.0,1.0,5.67,E:\FPTU\PRJ\VN-AV-DF-Capstone\data\clips\tier2\tier2_v3_clips_0_999-001\AJ7t8LnesSA_clip0014_t00298.mp4,tier2,1,1.0,0.0542489625513553,True,9,0.9060003757476808,1059,0.7731924695528032
AJ7t8LnesSA_clip0015_t00306,AJ7t8LnesSA,306.53,308.926,2.396,1.0,1.0,7.96,E:\FPTU\PRJ\VN-AV-DF-Capstone\data\clips\tier2\tier2_v3_clips_0_999-001\AJ7t8LnesSA_clip0015_t00306.mp4,tier2,1,1.0,0.0545050390064716,True,9,0.9551074504852296,1059,0.7825672950104592
AJ7t8LnesSA_clip0016_t00309,AJ7t8LnesSA,309.058,315.006,5.948,1.0,1.0,5.78,E:\FPTU\PRJ\VN-AV-DF-Capstone\data\clips\tier2\tier2_v3_clips_0_999-001\AJ7t8LnesSA_clip0016_t00309.mp4,tier2,1,1.0,0.0537340976297855,True,9,0.9220054149627686,1059,0.7745916386609839
AJ7t8LnesSA_clip0017_t00315,AJ7t8LnesSA,315.266,317.47,2.204,1.0,1.0,5.05,E:\FPTU\PRJ\VN-AV-DF-Capstone\data\clips\tier2\tier2_v3_clips_0_999-001\AJ7t8LnesSA_clip0017_t00315.mp4,tier2,1,1.0,0.0535375736653804,True,9,0.9185619354248048,1059,0.7734399479718662
wKaFsRX95YY_clip0030_t00370,wKaFsRX95YY,370.53,373.694,3.164,1.0,1.0,6.66,E:\FPTU\PRJ\VN-AV-DF-Capstone\data\clips\tier2\tier2_v3_clips_0_999-001\wKaFsRX95YY_clip0030_t00370.mp4,tier2,1,1.0,0.053708828985691,True,9,0.9658846259117126,1059,0.7822650801432767
wKaFsRX95YY_clip0031_t00373,wKaFsRX95YY,373.922,377.406,3.484,1.0,1.0,6.61,E:\FPTU\PRJ\VN-AV-DF-Capstone\data\clips\tier2\tier2_v3_clips_0_999-001\wKaFsRX95YY_clip0031_t00373.mp4,tier2,1,1.0,0.0545295029878616,True,9,0.9174906611442566,1059,0.7759967592850209
wKaFsRX95YY_clip0032_t00381,wKaFsRX95YY,381.762,390.27,8.508,1.0,1.0,7.33,E:\FPTU\PRJ\VN-AV-DF-Capstone\data\clips\tier2\tier2_v3_clips_0_999-001\wKaFsRX95YY_clip0032_t00381.mp4,tier2,1,1.0,0.0538227744400501,True,9,0.9193532466888428,1059,0.7743690841980391
wKaFsRX95YY_clip0033_t00390,wKaFsRX95YY,390.53,392.702,2.172,1.0,1.0,6.02,E:\FPTU\PRJ\VN-AV-DF-Capstone\data\clips\tier2\tier2_v3_clips_0_999-001\wKaFsRX95YY_clip0033_t00390.mp4,tier2,1,1.0,0.0533553175628185,True,9,0.92303466796875,1059,0.7737247321944748
ijoyJhqD740_clip0015_t00247,ijoyJhqD740,247.458,252.458,5.0,1.0,1.0,0.9,E:\FPTU\PRJ\VN-AV-DF-Capstone\data\clips\tier1\100-300\tier1_v3_clips_100_300\ijoyJhqD740_clip0015_t00247.mp4,tier1,1,1.0,0.0112627279013395,True,9,0.4943355023860931,1060,0.5815511906126246
ijoyJhqD740_clip0030_t00440,ijoyJhqD740,440.482,445.482,5.0,1.0,1.0,1.24,E:\FPTU\PRJ\VN-AV-DF-Capstone\data\clips\tier1\100-300\tier1_v3_clips_100_300\ijoyJhqD740_clip0030_t00440.mp4,tier1,1,1.0,0.0109054986387491,True,9,0.8009893894195557,1060,0.6346777000497851
gHsxuixSqz0_clip0033_t00320,gHsxuixSqz0,320.482,325.482,5.0,1.0,1.0,7.57,E:\FPTU\PRJ\VN-AV-DF-Capstone\data\clips\tier1\100-300\tier1_v3_clips_100_300\gHsxuixSqz0_clip0033_t00320.mp4,tier1,1,1.0,0.033246636390686,True,9,0.3634555637836456,1062,0.6193106077290216
UnodrLYWJYI_clip0083_t00908,UnodrLYWJYI,908.61,915.454,6.844,1.0,1.0,14.69,E:\FPTU\PRJ\VN-AV-DF-Capstone\data\clips\tier2\tier2_v3_clips_0_999-001\UnodrLYWJYI_clip0083_t00908.mp4,tier2,1,1.0,0.0506468676030635,True,9,0.880050539970398,1067,0.7586417640280051
UnodrLYWJYI_clip0084_t00919,UnodrLYWJYI,919.426,922.302,2.876,1.0,1.0,16.13,E:\FPTU\PRJ\VN-AV-DF-Capstone\data\clips\tier2\tier2_v3_clips_0_999-001\UnodrLYWJYI_clip0084_t00919.mp4,tier2,1,1.0,0.0514665879309177,True,9,0.8969845175743103,1067,0.7638992636260555
UnodrLYWJYI_clip0085_t00922,UnodrLYWJYI,922.53,924.67,2.14,1.0,1.0,15.26,E:\FPTU\PRJ\VN-AV-DF-Capstone\data\clips\tier2\tier2_v3_clips_0_999-001\UnodrLYWJYI_clip0085_t00922.mp4,tier2,1,1.0,0.0497043393552303,True,9,0.9312583208084106,1067,0.765069323622015
UnodrLYWJYI_clip0086_t00924,UnodrLYWJYI,924.77,931.582,6.812,1.0,1.0,16.27,E:\FPTU\PRJ\VN-AV-DF-Capstone\data\clips\tier2\tier2_v3_clips_0_999-001\UnodrLYWJYI_clip0086_t00924.mp4,tier2,1,1.0,0.0504075773060321,True,9,0.9140923619270324,1067,0.7639867407402303
UnodrLYWJYI_clip0087_t00931,UnodrLYWJYI,931.714,933.854,2.14,1.0,1.0,17.01,E:\FPTU\PRJ\VN-AV-DF-Capstone\data\clips\tier2\tier2_v3_clips_0_999-001\UnodrLYWJYI_clip0087_t00931.mp4,tier2,1,1.0,0.0502187684178352,True,9,0.9178807139396667,1067,0.7641326125003312
UnodrLYWJYI_clip0088_t00935,UnodrLYWJYI,935.618,940.03,4.412,1.0,1.0,15.44,E:\FPTU\PRJ\VN-AV-DF-Capstone\data\clips\tier2\tier2_v3_clips_0_999-001\UnodrLYWJYI_clip0088_t00935.mp4,tier2,1,1.0,0.0502412170171737,True,9,0.91633403301239,1067,0.763921811041813
_UEZaDjz02I_clip0016_t00192,_UEZaDjz02I,192.77,194.91,2.14,1.0,1.0,3.43,E:\FPTU\PRJ\VN-AV-DF-Capstone\data\clips\tier1\440-9999\tier1_v3_clips_440_9999\_UEZaDjz02I_clip0016_t00192.mp4,tier1,1,1.0,0.0341952592134475,True,9,0.9796625971794128,1068,0.7306790040080429
F1JQOFSjVZg_clip0042_t00466,F1JQOFSjVZg,466.114,468.158,2.044,1.0,1.0,11.6,E:\FPTU\PRJ\VN-AV-DF-Capstone\data\clips\tier1\100-300\tier1_v3_clips_100_300\F1JQOFSjVZg_clip0042_t00466.mp4,tier1,1,1.0,0.0243383571505546,True,9,0.963443636894226,1072,0.7005309486650357
