clip_id,source_video,start_time,end_time,duration,face_ratio,speech_ratio,snr,file_path
okygVjgD02Y_clip0000_t00009,okygVjgD02Y,9.602,13.79,4.188,1.0,1.0,8.23,/kaggle/working/clips/tier1/okygVjgD02Y_clip0000_t00009.mp4
okygVjgD02Y_clip0001_t00016,okygVjgD02Y,16.29,18.686,2.396,1.0,1.0,9.2,/kaggle/working/clips/tier1/okygVjgD02Y_clip0001_t00016.mp4
okygVjgD02Y_clip0002_t00025,okygVjgD02Y,25.73,29.63,3.9,1.0,1.0,8.38,/kaggle/working/clips/tier1/okygVjgD02Y_clip0002_t00025.mp4
okygVjgD02Y_clip0003_t00031,okygVjgD02Y,31.714,37.246,5.532,1.0,1.0,7.93,/kaggle/working/clips/tier1/okygVjgD02Y_clip0003_t00031.mp4
okygVjgD02Y_clip0004_t00037,okygVjgD02Y,37.57,40.446,2.876,1.0,1.0,8.86,/kaggle/working/clips/tier1/okygVjgD02Y_clip0004_t00037.mp4
okygVjgD02Y_clip0005_t00044,okygVjgD02Y,44.77,47.294,2.524,1.0,1.0,9.18,/kaggle/working/clips/tier1/okygVjgD02Y_clip0005_t00044.mp4
okygVjgD02Y_clip0006_t00056,okygVjgD02Y,56.45,59.646,3.196,1.0,1.0,7.23,/kaggle/working/clips/tier1/okygVjgD02Y_clip0006_t00056.mp4
okygVjgD02Y_clip0007_t00060,okygVjgD02Y,60.386,64.158,3.772,1.0,1.0,7.41,/kaggle/working/clips/tier1/okygVjgD02Y_clip0007_t00060.mp4
okygVjgD02Y_clip0008_t00071,okygVjgD02Y,71.362,75.294,3.932,1.0,1.0,7.9,/kaggle/working/clips/tier1/okygVjgD02Y_clip0008_t00071.mp4
okygVjgD02Y_clip0009_t00076,okygVjgD02Y,76.834,79.038,2.204,1.0,1.0,6.1,/kaggle/working/clips/tier1/okygVjgD02Y_clip0009_t00076.mp4
okygVjgD02Y_clip0010_t00079,okygVjgD02Y,79.458,83.39,3.932,1.0,1.0,7.98,/kaggle/working/clips/tier1/okygVjgD02Y_clip0010_t00079.mp4
okygVjgD02Y_clip0011_t00086,okygVjgD02Y,86.242,91.166,4.924,1.0,1.0,8.15,/kaggle/working/clips/tier1/okygVjgD02Y_clip0011_t00086.mp4
okygVjgD02Y_clip0012_t00093,okygVjgD02Y,93.922,96.574,2.652,1.0,1.0,7.89,/kaggle/working/clips/tier1/okygVjgD02Y_clip0012_t00093.mp4
okygVjgD02Y_clip0013_t00096,okygVjgD02Y,96.674,99.358,2.684,1.0,1.0,6.99,/kaggle/working/clips/tier1/okygVjgD02Y_clip0013_t00096.mp4
okygVjgD02Y_clip0014_t00106,okygVjgD02Y,106.53,109.022,2.492,1.0,1.0,7.7,/kaggle/working/clips/tier1/okygVjgD02Y_clip0014_t00106.mp4
okygVjgD02Y_clip0015_t00109,okygVjgD02Y,109.314,111.71,2.396,1.0,1.0,8.09,/kaggle/working/clips/tier1/okygVjgD02Y_clip0015_t00109.mp4
okygVjgD02Y_clip0016_t00112,okygVjgD02Y,112.354,115.454,3.1,1.0,1.0,7.17,/kaggle/working/clips/tier1/okygVjgD02Y_clip0016_t00112.mp4
okygVjgD02Y_clip0017_t00115,okygVjgD02Y,115.714,119.518,3.804,1.0,1.0,8.73,/kaggle/working/clips/tier1/okygVjgD02Y_clip0017_t00115.mp4
okygVjgD02Y_clip0018_t00121,okygVjgD02Y,121.73,123.998,2.268,1.0,1.0,5.36,/kaggle/working/clips/tier1/okygVjgD02Y_clip0018_t00121.mp4
okygVjgD02Y_clip0019_t00124,okygVjgD02Y,124.162,128.414,4.252,1.0,1.0,8.35,/kaggle/working/clips/tier1/okygVjgD02Y_clip0019_t00124.mp4
okygVjgD02Y_clip0020_t00128,okygVjgD02Y,128.994,133.054,4.06,1.0,1.0,8.46,/kaggle/working/clips/tier1/okygVjgD02Y_clip0020_t00128.mp4
okygVjgD02Y_clip0021_t00133,okygVjgD02Y,133.218,135.71,2.492,1.0,1.0,7.63,/kaggle/working/clips/tier1/okygVjgD02Y_clip0021_t00133.mp4
okygVjgD02Y_clip0022_t00139,okygVjgD02Y,139.874,144.638,4.764,1.0,1.0,8.23,/kaggle/working/clips/tier1/okygVjgD02Y_clip0022_t00139.mp4
okygVjgD02Y_clip0023_t00153,okygVjgD02Y,153.154,157.086,3.932,1.0,1.0,6.21,/kaggle/working/clips/tier1/okygVjgD02Y_clip0023_t00153.mp4
okygVjgD02Y_clip0024_t00157,okygVjgD02Y,157.282,169.214,11.932,1.0,1.0,6.78,/kaggle/working/clips/tier1/okygVjgD02Y_clip0024_t00157.mp4
okygVjgD02Y_clip0025_t00172,okygVjgD02Y,172.546,176.158,3.612,1.0,1.0,4.62,/kaggle/working/clips/tier1/okygVjgD02Y_clip0025_t00172.mp4
okygVjgD02Y_clip0026_t00178,okygVjgD02Y,178.37,180.734,2.364,1.0,1.0,5.64,/kaggle/working/clips/tier1/okygVjgD02Y_clip0026_t00178.mp4
okygVjgD02Y_clip0027_t00181,okygVjgD02Y,181.378,184.35,2.972,1.0,1.0,3.86,/kaggle/working/clips/tier1/okygVjgD02Y_clip0027_t00181.mp4
okygVjgD02Y_clip0028_t00196,okygVjgD02Y,196.162,198.686,2.524,1.0,1.0,4.27,/kaggle/working/clips/tier1/okygVjgD02Y_clip0028_t00196.mp4
okygVjgD02Y_clip0029_t00204,okygVjgD02Y,204.098,207.902,3.804,1.0,1.0,3.6,/kaggle/working/clips/tier1/okygVjgD02Y_clip0029_t00204.mp4
okygVjgD02Y_clip0030_t00214,okygVjgD02Y,214.146,216.99,2.844,1.0,1.0,3.47,/kaggle/working/clips/tier1/okygVjgD02Y_clip0030_t00214.mp4
okygVjgD02Y_clip0031_t00223,okygVjgD02Y,223.042,226.11,3.068,1.0,1.0,4.95,/kaggle/working/clips/tier1/okygVjgD02Y_clip0031_t00223.mp4
okygVjgD02Y_clip0032_t00235,okygVjgD02Y,235.298,237.47,2.172,1.0,1.0,6.29,/kaggle/working/clips/tier1/okygVjgD02Y_clip0032_t00235.mp4
okygVjgD02Y_clip0033_t00241,okygVjgD02Y,241.282,243.966,2.684,1.0,1.0,3.36,/kaggle/working/clips/tier1/okygVjgD02Y_clip0033_t00241.mp4
okygVjgD02Y_clip0034_t00271,okygVjgD02Y,271.202,273.502,2.3,1.0,1.0,3.82,/kaggle/working/clips/tier1/okygVjgD02Y_clip0034_t00271.mp4
okygVjgD02Y_clip0035_t00278,okygVjgD02Y,278.53,283.53,5.0,1.0,1.0,5.74,/kaggle/working/clips/tier1/okygVjgD02Y_clip0035_t00278.mp4
okygVjgD02Y_clip0036_t00282,okygVjgD02Y,282.53,287.53,5.0,1.0,1.0,4.98,/kaggle/working/clips/tier1/okygVjgD02Y_clip0036_t00282.mp4
okygVjgD02Y_clip0037_t00286,okygVjgD02Y,286.53,291.53,5.0,1.0,1.0,5.31,/kaggle/working/clips/tier1/okygVjgD02Y_clip0037_t00286.mp4
okygVjgD02Y_clip0038_t00290,okygVjgD02Y,290.53,295.53,5.0,1.0,1.0,5.75,/kaggle/working/clips/tier1/okygVjgD02Y_clip0038_t00290.mp4
okygVjgD02Y_clip0039_t00301,okygVjgD02Y,301.09,303.518,2.428,1.0,1.0,5.79,/kaggle/working/clips/tier1/okygVjgD02Y_clip0039_t00301.mp4
okygVjgD02Y_clip0040_t00306,okygVjgD02Y,306.69,310.078,3.388,1.0,1.0,4.66,/kaggle/working/clips/tier1/okygVjgD02Y_clip0040_t00306.mp4
okygVjgD02Y_clip0041_t00311,okygVjgD02Y,311.906,314.782,2.876,1.0,1.0,5.22,/kaggle/working/clips/tier1/okygVjgD02Y_clip0041_t00311.mp4
okygVjgD02Y_clip0042_t00315,okygVjgD02Y,315.426,320.222,4.796,1.0,1.0,5.68,/kaggle/working/clips/tier1/okygVjgD02Y_clip0042_t00315.mp4
okygVjgD02Y_clip0043_t00328,okygVjgD02Y,328.61,331.198,2.588,1.0,1.0,6.04,/kaggle/working/clips/tier1/okygVjgD02Y_clip0043_t00328.mp4
okygVjgD02Y_clip0044_t00355,okygVjgD02Y,355.426,359.038,3.612,1.0,1.0,6.04,/kaggle/working/clips/tier1/okygVjgD02Y_clip0044_t00355.mp4
okygVjgD02Y_clip0045_t00367,okygVjgD02Y,367.842,370.302,2.46,1.0,1.0,4.98,/kaggle/working/clips/tier1/okygVjgD02Y_clip0045_t00367.mp4
okygVjgD02Y_clip0046_t00378,okygVjgD02Y,378.338,381.022,2.684,1.0,1.0,4.99,/kaggle/working/clips/tier1/okygVjgD02Y_clip0046_t00378.mp4
okygVjgD02Y_clip0047_t00406,okygVjgD02Y,406.786,408.798,2.012,1.0,1.0,4.35,/kaggle/working/clips/tier1/okygVjgD02Y_clip0047_t00406.mp4
okygVjgD02Y_clip0048_t00417,okygVjgD02Y,417.25,419.838,2.588,1.0,1.0,5.43,/kaggle/working/clips/tier1/okygVjgD02Y_clip0048_t00417.mp4
okygVjgD02Y_clip0049_t00432,okygVjgD02Y,432.514,435.038,2.524,1.0,1.0,5.02,/kaggle/working/clips/tier1/okygVjgD02Y_clip0049_t00432.mp4
okygVjgD02Y_clip0050_t00442,okygVjgD02Y,442.722,444.926,2.204,1.0,1.0,4.68,/kaggle/working/clips/tier1/okygVjgD02Y_clip0050_t00442.mp4
okygVjgD02Y_clip0051_t00447,okygVjgD02Y,447.042,449.502,2.46,1.0,1.0,5.77,/kaggle/working/clips/tier1/okygVjgD02Y_clip0051_t00447.mp4
okygVjgD02Y_clip0052_t00465,okygVjgD02Y,465.218,467.902,2.684,1.0,1.0,2.54,/kaggle/working/clips/tier1/okygVjgD02Y_clip0052_t00465.mp4
okygVjgD02Y_clip0053_t00478,okygVjgD02Y,478.338,480.542,2.204,1.0,1.0,3.44,/kaggle/working/clips/tier1/okygVjgD02Y_clip0053_t00478.mp4
okygVjgD02Y_clip0054_t00499,okygVjgD02Y,499.202,501.566,2.364,1.0,1.0,5.71,/kaggle/working/clips/tier1/okygVjgD02Y_clip0054_t00499.mp4
okygVjgD02Y_clip0055_t00505,okygVjgD02Y,505.058,507.998,2.94,1.0,1.0,4.08,/kaggle/working/clips/tier1/okygVjgD02Y_clip0055_t00505.mp4
okygVjgD02Y_clip0056_t00528,okygVjgD02Y,528.578,533.47,4.892,1.0,1.0,3.87,/kaggle/working/clips/tier1/okygVjgD02Y_clip0056_t00528.mp4
okygVjgD02Y_clip0057_t00539,okygVjgD02Y,539.778,543.102,3.324,1.0,1.0,5.76,/kaggle/working/clips/tier1/okygVjgD02Y_clip0057_t00539.mp4
ouCPqISuqAU_clip0000_t00001,ouCPqISuqAU,1.282,4.574,3.292,1.0,1.0,-1.33,/kaggle/working/clips/tier1/ouCPqISuqAU_clip0000_t00001.mp4
ouCPqISuqAU_clip0001_t00007,ouCPqISuqAU,7.81,13.79,5.98,1.0,1.0,-3.36,/kaggle/working/clips/tier1/ouCPqISuqAU_clip0001_t00007.mp4
ouCPqISuqAU_clip0002_t00013,ouCPqISuqAU,13.89,15.998,2.108,1.0,1.0,-7.25,/kaggle/working/clips/tier1/ouCPqISuqAU_clip0002_t00013.mp4
ouCPqISuqAU_clip0003_t00016,ouCPqISuqAU,16.13,21.13,5.0,1.0,1.0,-8.06,/kaggle/working/clips/tier1/ouCPqISuqAU_clip0003_t00016.mp4
ouCPqISuqAU_clip0004_t00020,ouCPqISuqAU,20.13,25.13,5.0,1.0,1.0,-6.24,/kaggle/working/clips/tier1/ouCPqISuqAU_clip0004_t00020.mp4
ouCPqISuqAU_clip0005_t00024,ouCPqISuqAU,24.13,29.13,5.0,1.0,1.0,-7.38,/kaggle/working/clips/tier1/ouCPqISuqAU_clip0005_t00024.mp4
ouCPqISuqAU_clip0006_t00028,ouCPqISuqAU,28.13,31.742,3.612,1.0,1.0,-3.84,/kaggle/working/clips/tier1/ouCPqISuqAU_clip0006_t00028.mp4
ouCPqISuqAU_clip0007_t00031,ouCPqISuqAU,31.874,35.262,3.388,1.0,1.0,-9.18,/kaggle/working/clips/tier1/ouCPqISuqAU_clip0007_t00031.mp4
ouCPqISuqAU_clip0008_t00035,ouCPqISuqAU,35.458,37.598,2.14,1.0,1.0,-4.49,/kaggle/working/clips/tier1/ouCPqISuqAU_clip0008_t00035.mp4
ouCPqISuqAU_clip0009_t00037,ouCPqISuqAU,37.73,46.366,8.636,1.0,1.0,-8.07,/kaggle/working/clips/tier1/ouCPqISuqAU_clip0009_t00037.mp4
ouCPqISuqAU_clip0010_t00065,ouCPqISuqAU,65.794,68.222,2.428,1.0,1.0,-8.65,/kaggle/working/clips/tier1/ouCPqISuqAU_clip0010_t00065.mp4
ouCPqISuqAU_clip0011_t00068,ouCPqISuqAU,68.354,70.366,2.012,1.0,1.0,-11.82,/kaggle/working/clips/tier1/ouCPqISuqAU_clip0011_t00068.mp4
ouCPqISuqAU_clip0012_t00070,ouCPqISuqAU,70.498,79.774,9.276,1.0,1.0,-7.11,/kaggle/working/clips/tier1/ouCPqISuqAU_clip0012_t00070.mp4
ouCPqISuqAU_clip0013_t00079,ouCPqISuqAU,79.938,89.022,9.084,1.0,1.0,-8.57,/kaggle/working/clips/tier1/ouCPqISuqAU_clip0013_t00079.mp4
ouCPqISuqAU_clip0014_t00090,ouCPqISuqAU,90.114,93.182,3.068,1.0,1.0,-10.36,/kaggle/working/clips/tier1/ouCPqISuqAU_clip0014_t00090.mp4
ouCPqISuqAU_clip0015_t00093,ouCPqISuqAU,93.378,97.31,3.932,1.0,1.0,-7.66,/kaggle/working/clips/tier1/ouCPqISuqAU_clip0015_t00093.mp4
ouCPqISuqAU_clip0016_t00097,ouCPqISuqAU,97.442,99.774,2.332,1.0,1.0,-7.21,/kaggle/working/clips/tier1/ouCPqISuqAU_clip0016_t00097.mp4
ouCPqISuqAU_clip0017_t00099,ouCPqISuqAU,99.906,106.27,6.364,1.0,1.0,-7.18,/kaggle/working/clips/tier1/ouCPqISuqAU_clip0017_t00099.mp4
ouCPqISuqAU_clip0018_t00110,ouCPqISuqAU,110.85,113.79,2.94,1.0,1.0,-10.22,/kaggle/working/clips/tier1/ouCPqISuqAU_clip0018_t00110.mp4
ouCPqISuqAU_clip0019_t00113,ouCPqISuqAU,113.986,123.774,9.788,1.0,1.0,-8.85,/kaggle/working/clips/tier1/ouCPqISuqAU_clip0019_t00113.mp4
ouCPqISuqAU_clip0020_t00124,ouCPqISuqAU,124.61,126.878,2.268,1.0,1.0,-5.52,/kaggle/working/clips/tier1/ouCPqISuqAU_clip0020_t00124.mp4
ouCPqISuqAU_clip0021_t00127,ouCPqISuqAU,127.042,129.886,2.844,1.0,1.0,-4.56,/kaggle/working/clips/tier1/ouCPqISuqAU_clip0021_t00127.mp4
ouCPqISuqAU_clip0022_t00129,ouCPqISuqAU,129.986,135.134,5.148,1.0,1.0,-7.68,/kaggle/working/clips/tier1/ouCPqISuqAU_clip0022_t00129.mp4
ouCPqISuqAU_clip0023_t00145,ouCPqISuqAU,145.474,147.678,2.204,1.0,1.0,-6.78,/kaggle/working/clips/tier1/ouCPqISuqAU_clip0023_t00145.mp4
ouCPqISuqAU_clip0024_t00147,ouCPqISuqAU,147.81,152.81,5.0,1.0,1.0,-7.01,/kaggle/working/clips/tier1/ouCPqISuqAU_clip0024_t00147.mp4
ouCPqISuqAU_clip0025_t00151,ouCPqISuqAU,151.81,156.81,5.0,1.0,1.0,-7.54,/kaggle/working/clips/tier1/ouCPqISuqAU_clip0025_t00151.mp4
ouCPqISuqAU_clip0026_t00155,ouCPqISuqAU,155.81,160.81,5.0,1.0,1.0,-10.57,/kaggle/working/clips/tier1/ouCPqISuqAU_clip0026_t00155.mp4
ouCPqISuqAU_clip0027_t00172,ouCPqISuqAU,172.514,175.006,2.492,1.0,1.0,-10.95,/kaggle/working/clips/tier1/ouCPqISuqAU_clip0027_t00172.mp4
ouCPqISuqAU_clip0028_t00175,ouCPqISuqAU,175.234,177.918,2.684,1.0,1.0,-10.18,/kaggle/working/clips/tier1/ouCPqISuqAU_clip0028_t00175.mp4
ouCPqISuqAU_clip0029_t00178,ouCPqISuqAU,178.274,183.274,5.0,1.0,1.0,-8.46,/kaggle/working/clips/tier1/ouCPqISuqAU_clip0029_t00178.mp4
ouCPqISuqAU_clip0030_t00182,ouCPqISuqAU,182.274,187.274,5.0,1.0,1.0,-11.1,/kaggle/working/clips/tier1/ouCPqISuqAU_clip0030_t00182.mp4
ouCPqISuqAU_clip0031_t00186,ouCPqISuqAU,186.274,191.274,5.0,1.0,1.0,-9.63,/kaggle/working/clips/tier1/ouCPqISuqAU_clip0031_t00186.mp4
ouCPqISuqAU_clip0032_t00190,ouCPqISuqAU,190.274,195.274,5.0,1.0,1.0,-10.6,/kaggle/working/clips/tier1/ouCPqISuqAU_clip0032_t00190.mp4
ouCPqISuqAU_clip0033_t00196,ouCPqISuqAU,196.61,199.71,3.1,1.0,1.0,-12.55,/kaggle/working/clips/tier1/ouCPqISuqAU_clip0033_t00196.mp4
ouCPqISuqAU_clip0034_t00199,ouCPqISuqAU,199.874,202.11,2.236,1.0,1.0,-5.58,/kaggle/working/clips/tier1/ouCPqISuqAU_clip0034_t00199.mp4
ouCPqISuqAU_clip0035_t00204,ouCPqISuqAU,204.674,206.846,2.172,1.0,1.0,-5.67,/kaggle/working/clips/tier1/ouCPqISuqAU_clip0035_t00204.mp4
ouCPqISuqAU_clip0036_t00207,ouCPqISuqAU,207.202,210.782,3.58,1.0,1.0,-8.57,/kaggle/working/clips/tier1/ouCPqISuqAU_clip0036_t00207.mp4
ouCPqISuqAU_clip0037_t00213,ouCPqISuqAU,213.218,216.318,3.1,1.0,1.0,-7.43,/kaggle/working/clips/tier1/ouCPqISuqAU_clip0037_t00213.mp4
ouCPqISuqAU_clip0038_t00216,ouCPqISuqAU,216.834,220.062,3.228,1.0,1.0,-5.01,/kaggle/working/clips/tier1/ouCPqISuqAU_clip0038_t00216.mp4
ouCPqISuqAU_clip0039_t00222,ouCPqISuqAU,222.21,224.606,2.396,1.0,1.0,-8.82,/kaggle/working/clips/tier1/ouCPqISuqAU_clip0039_t00222.mp4
ouCPqISuqAU_clip0040_t00224,ouCPqISuqAU,224.994,229.054,4.06,1.0,1.0,-3.78,/kaggle/working/clips/tier1/ouCPqISuqAU_clip0040_t00224.mp4
ouCPqISuqAU_clip0041_t00229,ouCPqISuqAU,229.154,234.942,5.788,1.0,1.0,-3.98,/kaggle/working/clips/tier1/ouCPqISuqAU_clip0041_t00229.mp4
ouCPqISuqAU_clip0042_t00235,ouCPqISuqAU,235.202,242.782,7.58,1.0,1.0,-10.04,/kaggle/working/clips/tier1/ouCPqISuqAU_clip0042_t00235.mp4
ouCPqISuqAU_clip0043_t00242,ouCPqISuqAU,242.946,248.35,5.404,1.0,1.0,-11.3,/kaggle/working/clips/tier1/ouCPqISuqAU_clip0043_t00242.mp4
ouCPqISuqAU_clip0044_t00248,ouCPqISuqAU,248.61,251.614,3.004,1.0,1.0,-8.26,/kaggle/working/clips/tier1/ouCPqISuqAU_clip0044_t00248.mp4
ouCPqISuqAU_clip0045_t00251,ouCPqISuqAU,251.938,258.046,6.108,1.0,1.0,-8.59,/kaggle/working/clips/tier1/ouCPqISuqAU_clip0045_t00251.mp4
ouCPqISuqAU_clip0046_t00258,ouCPqISuqAU,258.434,262.622,4.188,1.0,1.0,-7.45,/kaggle/working/clips/tier1/ouCPqISuqAU_clip0046_t00258.mp4
ouCPqISuqAU_clip0047_t00263,ouCPqISuqAU,263.234,267.966,4.732,1.0,1.0,-6.92,/kaggle/working/clips/tier1/ouCPqISuqAU_clip0047_t00263.mp4
ouCPqISuqAU_clip0048_t00268,ouCPqISuqAU,268.098,274.974,6.876,1.0,1.0,-8.25,/kaggle/working/clips/tier1/ouCPqISuqAU_clip0048_t00268.mp4
ouCPqISuqAU_clip0049_t00275,ouCPqISuqAU,275.074,278.942,3.868,1.0,1.0,-9.27,/kaggle/working/clips/tier1/ouCPqISuqAU_clip0049_t00275.mp4
ouCPqISuqAU_clip0050_t00279,ouCPqISuqAU,279.842,281.918,2.076,1.0,1.0,-4.87,/kaggle/working/clips/tier1/ouCPqISuqAU_clip0050_t00279.mp4
ouCPqISuqAU_clip0051_t00283,ouCPqISuqAU,283.65,286.75,3.1,1.0,1.0,-9.8,/kaggle/working/clips/tier1/ouCPqISuqAU_clip0051_t00283.mp4
ouCPqISuqAU_clip0052_t00286,ouCPqISuqAU,286.85,296.542,9.692,1.0,1.0,-8.39,/kaggle/working/clips/tier1/ouCPqISuqAU_clip0052_t00286.mp4
ouCPqISuqAU_clip0053_t00303,ouCPqISuqAU,303.298,306.174,2.876,1.0,1.0,-3.46,/kaggle/working/clips/tier1/ouCPqISuqAU_clip0053_t00303.mp4
ouCPqISuqAU_clip0054_t00307,ouCPqISuqAU,307.906,311.55,3.644,1.0,1.0,-7.37,/kaggle/working/clips/tier1/ouCPqISuqAU_clip0054_t00307.mp4
ouCPqISuqAU_clip0055_t00311,ouCPqISuqAU,311.81,314.75,2.94,1.0,1.0,-7.6,/kaggle/working/clips/tier1/ouCPqISuqAU_clip0055_t00311.mp4
ouCPqISuqAU_clip0056_t00331,ouCPqISuqAU,331.842,334.142,2.3,1.0,1.0,-7.12,/kaggle/working/clips/tier1/ouCPqISuqAU_clip0056_t00331.mp4
ouCPqISuqAU_clip0057_t00335,ouCPqISuqAU,335.746,339.582,3.836,1.0,1.0,-7.02,/kaggle/working/clips/tier1/ouCPqISuqAU_clip0057_t00335.mp4
ouCPqISuqAU_clip0058_t00339,ouCPqISuqAU,339.906,343.006,3.1,1.0,1.0,-6.06,/kaggle/working/clips/tier1/ouCPqISuqAU_clip0058_t00339.mp4
ouCPqISuqAU_clip0059_t00343,ouCPqISuqAU,343.362,346.878,3.516,1.0,1.0,-7.48,/kaggle/working/clips/tier1/ouCPqISuqAU_clip0059_t00343.mp4
ouCPqISuqAU_clip0060_t00347,ouCPqISuqAU,347.618,352.766,5.148,1.0,1.0,-8.53,/kaggle/working/clips/tier1/ouCPqISuqAU_clip0060_t00347.mp4
ouCPqISuqAU_clip0061_t00352,ouCPqISuqAU,352.994,357.854,4.86,1.0,1.0,-9.5,/kaggle/working/clips/tier1/ouCPqISuqAU_clip0061_t00352.mp4
ouCPqISuqAU_clip0062_t00358,ouCPqISuqAU,358.562,363.038,4.476,1.0,1.0,-8.78,/kaggle/working/clips/tier1/ouCPqISuqAU_clip0062_t00358.mp4
ouCPqISuqAU_clip0063_t00363,ouCPqISuqAU,363.266,367.998,4.732,1.0,1.0,-7.87,/kaggle/working/clips/tier1/ouCPqISuqAU_clip0063_t00363.mp4
ouCPqISuqAU_clip0064_t00370,ouCPqISuqAU,370.53,373.918,3.388,1.0,1.0,-6.26,/kaggle/working/clips/tier1/ouCPqISuqAU_clip0064_t00370.mp4
ouCPqISuqAU_clip0065_t00374,ouCPqISuqAU,374.018,376.19,2.172,1.0,1.0,-6.01,/kaggle/working/clips/tier1/ouCPqISuqAU_clip0065_t00374.mp4
ouCPqISuqAU_clip0066_t00376,ouCPqISuqAU,376.29,378.718,2.428,1.0,1.0,-6.58,/kaggle/working/clips/tier1/ouCPqISuqAU_clip0066_t00376.mp4
ouCPqISuqAU_clip0067_t00380,ouCPqISuqAU,380.066,384.35,4.284,1.0,1.0,-8.2,/kaggle/working/clips/tier1/ouCPqISuqAU_clip0067_t00380.mp4
ouCPqISuqAU_clip0068_t00384,ouCPqISuqAU,384.45,388.254,3.804,1.0,1.0,-6.32,/kaggle/working/clips/tier1/ouCPqISuqAU_clip0068_t00384.mp4
ouCPqISuqAU_clip0069_t00388,ouCPqISuqAU,388.386,393.054,4.668,1.0,1.0,-9.66,/kaggle/working/clips/tier1/ouCPqISuqAU_clip0069_t00388.mp4
ouCPqISuqAU_clip0070_t00393,ouCPqISuqAU,393.218,398.462,5.244,1.0,1.0,-7.65,/kaggle/working/clips/tier1/ouCPqISuqAU_clip0070_t00393.mp4
ouCPqISuqAU_clip0071_t00398,ouCPqISuqAU,398.658,403.326,4.668,1.0,1.0,-9.11,/kaggle/working/clips/tier1/ouCPqISuqAU_clip0071_t00398.mp4
ouCPqISuqAU_clip0072_t00406,ouCPqISuqAU,406.338,411.902,5.564,1.0,1.0,-8.58,/kaggle/working/clips/tier1/ouCPqISuqAU_clip0072_t00406.mp4
ouCPqISuqAU_clip0073_t00414,ouCPqISuqAU,414.498,416.926,2.428,1.0,1.0,-6.64,/kaggle/working/clips/tier1/ouCPqISuqAU_clip0073_t00414.mp4
ouCPqISuqAU_clip0074_t00429,ouCPqISuqAU,429.922,433.15,3.228,1.0,1.0,-9.95,/kaggle/working/clips/tier1/ouCPqISuqAU_clip0074_t00429.mp4
ouCPqISuqAU_clip0075_t00450,ouCPqISuqAU,450.562,452.606,2.044,1.0,1.0,-10.44,/kaggle/working/clips/tier1/ouCPqISuqAU_clip0075_t00450.mp4
ouCPqISuqAU_clip0076_t00454,ouCPqISuqAU,454.914,457.31,2.396,1.0,1.0,-7.91,/kaggle/working/clips/tier1/ouCPqISuqAU_clip0076_t00454.mp4
ouCPqISuqAU_clip0077_t00457,ouCPqISuqAU,457.442,459.838,2.396,1.0,1.0,-7.51,/kaggle/working/clips/tier1/ouCPqISuqAU_clip0077_t00457.mp4
ouCPqISuqAU_clip0078_t00460,ouCPqISuqAU,460.162,464.382,4.22,1.0,1.0,-7.72,/kaggle/working/clips/tier1/ouCPqISuqAU_clip0078_t00460.mp4
ouCPqISuqAU_clip0079_t00469,ouCPqISuqAU,469.41,476.094,6.684,1.0,1.0,-8.1,/kaggle/working/clips/tier1/ouCPqISuqAU_clip0079_t00469.mp4
ouCPqISuqAU_clip0080_t00478,ouCPqISuqAU,478.594,480.926,2.332,1.0,1.0,-8.21,/kaggle/working/clips/tier1/ouCPqISuqAU_clip0080_t00478.mp4
ouCPqISuqAU_clip0081_t00481,ouCPqISuqAU,481.186,483.23,2.044,1.0,1.0,-10.21,/kaggle/working/clips/tier1/ouCPqISuqAU_clip0081_t00481.mp4
ouCPqISuqAU_clip0082_t00483,ouCPqISuqAU,483.33,490.238,6.908,1.0,1.0,-10.58,/kaggle/working/clips/tier1/ouCPqISuqAU_clip0082_t00483.mp4
ouCPqISuqAU_clip0083_t00492,ouCPqISuqAU,492.194,495.358,3.164,1.0,1.0,-6.38,/kaggle/working/clips/tier1/ouCPqISuqAU_clip0083_t00492.mp4
ouCPqISuqAU_clip0084_t00495,ouCPqISuqAU,495.618,501.342,5.724,1.0,1.0,-10.05,/kaggle/working/clips/tier1/ouCPqISuqAU_clip0084_t00495.mp4
ouCPqISuqAU_clip0085_t00502,ouCPqISuqAU,502.85,507.582,4.732,1.0,1.0,-9.09,/kaggle/working/clips/tier1/ouCPqISuqAU_clip0085_t00502.mp4
ouCPqISuqAU_clip0086_t00514,ouCPqISuqAU,514.082,520.254,6.172,1.0,1.0,-6.69,/kaggle/working/clips/tier1/ouCPqISuqAU_clip0086_t00514.mp4
ouCPqISuqAU_clip0087_t00520,ouCPqISuqAU,520.482,528.318,7.836,1.0,1.0,-9.26,/kaggle/working/clips/tier1/ouCPqISuqAU_clip0087_t00520.mp4
ouCPqISuqAU_clip0088_t00529,ouCPqISuqAU,529.282,536.926,7.644,1.0,1.0,-7.01,/kaggle/working/clips/tier1/ouCPqISuqAU_clip0088_t00529.mp4
ouCPqISuqAU_clip0089_t00537,ouCPqISuqAU,537.218,539.87,2.652,1.0,1.0,-8.05,/kaggle/working/clips/tier1/ouCPqISuqAU_clip0089_t00537.mp4
ouCPqISuqAU_clip0090_t00540,ouCPqISuqAU,540.322,543.838,3.516,1.0,1.0,-7.88,/kaggle/working/clips/tier1/ouCPqISuqAU_clip0090_t00540.mp4
ouCPqISuqAU_clip0091_t00546,ouCPqISuqAU,546.69,549.566,2.876,1.0,1.0,-6.29,/kaggle/working/clips/tier1/ouCPqISuqAU_clip0091_t00546.mp4
ouCPqISuqAU_clip0092_t00549,ouCPqISuqAU,549.826,552.158,2.332,1.0,1.0,-8.83,/kaggle/working/clips/tier1/ouCPqISuqAU_clip0092_t00549.mp4
ouCPqISuqAU_clip0093_t00552,ouCPqISuqAU,552.706,561.47,8.764,0.889,1.0,-8.84,/kaggle/working/clips/tier1/ouCPqISuqAU_clip0093_t00552.mp4
ouCPqISuqAU_clip0094_t00562,ouCPqISuqAU,562.562,567.562,5.0,1.0,1.0,-6.74,/kaggle/working/clips/tier1/ouCPqISuqAU_clip0094_t00562.mp4
ouCPqISuqAU_clip0095_t00566,ouCPqISuqAU,566.562,571.562,5.0,1.0,1.0,-5.66,/kaggle/working/clips/tier1/ouCPqISuqAU_clip0095_t00566.mp4
ouCPqISuqAU_clip0096_t00570,ouCPqISuqAU,570.562,575.562,5.0,1.0,1.0,-7.67,/kaggle/working/clips/tier1/ouCPqISuqAU_clip0096_t00570.mp4
ouCPqISuqAU_clip0097_t00577,ouCPqISuqAU,577.186,584.478,7.292,1.0,1.0,-5.24,/kaggle/working/clips/tier1/ouCPqISuqAU_clip0097_t00577.mp4
ouCPqISuqAU_clip0098_t00584,ouCPqISuqAU,584.578,586.75,2.172,1.0,1.0,-6.54,/kaggle/working/clips/tier1/ouCPqISuqAU_clip0098_t00584.mp4
ouCPqISuqAU_clip0099_t00587,ouCPqISuqAU,587.106,593.918,6.812,1.0,1.0,-8.01,/kaggle/working/clips/tier1/ouCPqISuqAU_clip0099_t00587.mp4
ouCPqISuqAU_clip0100_t00594,ouCPqISuqAU,594.018,597.694,3.676,1.0,1.0,-7.53,/kaggle/working/clips/tier1/ouCPqISuqAU_clip0100_t00594.mp4
ouCPqISuqAU_clip0101_t00597,ouCPqISuqAU,597.794,602.622,4.828,1.0,1.0,-7.77,/kaggle/working/clips/tier1/ouCPqISuqAU_clip0101_t00597.mp4
ouCPqISuqAU_clip0102_t00605,ouCPqISuqAU,605.026,613.47,8.444,1.0,1.0,-10.6,/kaggle/working/clips/tier1/ouCPqISuqAU_clip0102_t00605.mp4
ouCPqISuqAU_clip0103_t00613,ouCPqISuqAU,613.57,622.366,8.796,1.0,1.0,-6.75,/kaggle/working/clips/tier1/ouCPqISuqAU_clip0103_t00613.mp4
ouCPqISuqAU_clip0104_t00623,ouCPqISuqAU,623.554,628.554,5.0,1.0,1.0,-4.87,/kaggle/working/clips/tier1/ouCPqISuqAU_clip0104_t00623.mp4
ouCPqISuqAU_clip0105_t00627,ouCPqISuqAU,627.554,632.554,5.0,1.0,1.0,-7.08,/kaggle/working/clips/tier1/ouCPqISuqAU_clip0105_t00627.mp4
ouCPqISuqAU_clip0106_t00631,ouCPqISuqAU,631.554,636.554,5.0,1.0,1.0,-4.6,/kaggle/working/clips/tier1/ouCPqISuqAU_clip0106_t00631.mp4
ouCPqISuqAU_clip0107_t00635,ouCPqISuqAU,635.554,640.542,4.988,1.0,1.0,-6.32,/kaggle/working/clips/tier1/ouCPqISuqAU_clip0107_t00635.mp4
ouCPqISuqAU_clip0108_t00640,ouCPqISuqAU,640.674,645.886,5.212,1.0,1.0,-6.15,/kaggle/working/clips/tier1/ouCPqISuqAU_clip0108_t00640.mp4
P3K1OaKR4nY_clip0000_t00004,P3K1OaKR4nY,4.29,14.878,10.588,1.0,1.0,8.77,/kaggle/working/clips/tier1/P3K1OaKR4nY_clip0000_t00004.mp4
P3K1OaKR4nY_clip0001_t00018,P3K1OaKR4nY,18.786,25.054,6.268,1.0,1.0,12.98,/kaggle/working/clips/tier1/P3K1OaKR4nY_clip0001_t00018.mp4
P3K1OaKR4nY_clip0002_t00025,P3K1OaKR4nY,25.25,28.99,3.74,1.0,1.0,12.5,/kaggle/working/clips/tier1/P3K1OaKR4nY_clip0002_t00025.mp4
P3K1OaKR4nY_clip0003_t00035,P3K1OaKR4nY,35.65,39.39,3.74,1.0,1.0,12.04,/kaggle/working/clips/tier1/P3K1OaKR4nY_clip0003_t00035.mp4
P3K1OaKR4nY_clip0004_t00049,P3K1OaKR4nY,49.282,52.958,3.676,1.0,1.0,11.18,/kaggle/working/clips/tier1/P3K1OaKR4nY_clip0004_t00049.mp4
P3K1OaKR4nY_clip0005_t00053,P3K1OaKR4nY,53.698,55.742,2.044,1.0,1.0,11.96,/kaggle/working/clips/tier1/P3K1OaKR4nY_clip0005_t00053.mp4
P3K1OaKR4nY_clip0006_t00055,P3K1OaKR4nY,55.842,59.902,4.06,1.0,1.0,11.27,/kaggle/working/clips/tier1/P3K1OaKR4nY_clip0006_t00055.mp4
P3K1OaKR4nY_clip0007_t00064,P3K1OaKR4nY,64.13,68.126,3.996,1.0,1.0,12.31,/kaggle/working/clips/tier1/P3K1OaKR4nY_clip0007_t00064.mp4
P3K1OaKR4nY_clip0008_t00075,P3K1OaKR4nY,75.81,81.982,6.172,1.0,1.0,11.82,/kaggle/working/clips/tier1/P3K1OaKR4nY_clip0008_t00075.mp4
P3K1OaKR4nY_clip0009_t00082,P3K1OaKR4nY,82.434,85.406,2.972,1.0,1.0,11.85,/kaggle/working/clips/tier1/P3K1OaKR4nY_clip0009_t00082.mp4
P3K1OaKR4nY_clip0010_t00091,P3K1OaKR4nY,91.266,96.702,5.436,1.0,1.0,11.51,/kaggle/working/clips/tier1/P3K1OaKR4nY_clip0010_t00091.mp4
P3K1OaKR4nY_clip0011_t00097,P3K1OaKR4nY,97.09,99.646,2.556,1.0,1.0,12.95,/kaggle/working/clips/tier1/P3K1OaKR4nY_clip0011_t00097.mp4
P3K1OaKR4nY_clip0012_t00101,P3K1OaKR4nY,101.762,105.982,4.22,1.0,1.0,11.89,/kaggle/working/clips/tier1/P3K1OaKR4nY_clip0012_t00101.mp4
P3K1OaKR4nY_clip0013_t00108,P3K1OaKR4nY,108.546,111.518,2.972,1.0,1.0,11.89,/kaggle/working/clips/tier1/P3K1OaKR4nY_clip0013_t00108.mp4
P3K1OaKR4nY_clip0014_t00111,P3K1OaKR4nY,111.682,115.518,3.836,1.0,1.0,11.35,/kaggle/working/clips/tier1/P3K1OaKR4nY_clip0014_t00111.mp4
P3K1OaKR4nY_clip0015_t00120,P3K1OaKR4nY,120.386,122.91,2.524,1.0,1.0,11.43,/kaggle/working/clips/tier1/P3K1OaKR4nY_clip0015_t00120.mp4
P3K1OaKR4nY_clip0016_t00123,P3K1OaKR4nY,123.106,126.11,3.004,1.0,1.0,11.24,/kaggle/working/clips/tier1/P3K1OaKR4nY_clip0016_t00123.mp4
P3K1OaKR4nY_clip0017_t00135,P3K1OaKR4nY,135.586,142.43,6.844,1.0,1.0,11.75,/kaggle/working/clips/tier1/P3K1OaKR4nY_clip0017_t00135.mp4
P3K1OaKR4nY_clip0018_t00142,P3K1OaKR4nY,142.978,154.878,11.9,1.0,1.0,11.84,/kaggle/working/clips/tier1/P3K1OaKR4nY_clip0018_t00142.mp4
P3K1OaKR4nY_clip0019_t00155,P3K1OaKR4nY,155.458,158.494,3.036,1.0,1.0,11.47,/kaggle/working/clips/tier1/P3K1OaKR4nY_clip0019_t00155.mp4
P3K1OaKR4nY_clip0020_t00158,P3K1OaKR4nY,158.626,169.982,11.356,1.0,1.0,11.07,/kaggle/working/clips/tier1/P3K1OaKR4nY_clip0020_t00158.mp4
P3K1OaKR4nY_clip0021_t00170,P3K1OaKR4nY,170.338,172.542,2.204,1.0,1.0,12.03,/kaggle/working/clips/tier1/P3K1OaKR4nY_clip0021_t00170.mp4
P3K1OaKR4nY_clip0022_t00172,P3K1OaKR4nY,172.706,175.07,2.364,1.0,1.0,11.87,/kaggle/working/clips/tier1/P3K1OaKR4nY_clip0022_t00172.mp4
P3K1OaKR4nY_clip0023_t00175,P3K1OaKR4nY,175.33,179.358,4.028,1.0,1.0,11.8,/kaggle/working/clips/tier1/P3K1OaKR4nY_clip0023_t00175.mp4
P3K1OaKR4nY_clip0024_t00179,P3K1OaKR4nY,179.458,181.758,2.3,1.0,1.0,12.61,/kaggle/working/clips/tier1/P3K1OaKR4nY_clip0024_t00179.mp4
P3K1OaKR4nY_clip0025_t00183,P3K1OaKR4nY,183.138,185.694,2.556,1.0,1.0,11.03,/kaggle/working/clips/tier1/P3K1OaKR4nY_clip0025_t00183.mp4
P3K1OaKR4nY_clip0026_t00186,P3K1OaKR4nY,186.114,195.902,9.788,1.0,1.0,11.08,/kaggle/working/clips/tier1/P3K1OaKR4nY_clip0026_t00186.mp4
P3K1OaKR4nY_clip0027_t00196,P3K1OaKR4nY,196.098,199.358,3.26,1.0,1.0,11.92,/kaggle/working/clips/tier1/P3K1OaKR4nY_clip0027_t00196.mp4
P3K1OaKR4nY_clip0028_t00199,P3K1OaKR4nY,199.81,203.07,3.26,1.0,1.0,11.38,/kaggle/working/clips/tier1/P3K1OaKR4nY_clip0028_t00199.mp4
P3K1OaKR4nY_clip0029_t00203,P3K1OaKR4nY,203.202,207.39,4.188,1.0,1.0,11.54,/kaggle/working/clips/tier1/P3K1OaKR4nY_clip0029_t00203.mp4
P3K1OaKR4nY_clip0030_t00208,P3K1OaKR4nY,208.45,213.758,5.308,1.0,1.0,11.09,/kaggle/working/clips/tier1/P3K1OaKR4nY_clip0030_t00208.mp4
P3K1OaKR4nY_clip0031_t00213,P3K1OaKR4nY,213.986,218.59,4.604,1.0,1.0,11.31,/kaggle/working/clips/tier1/P3K1OaKR4nY_clip0031_t00213.mp4
P3K1OaKR4nY_clip0032_t00218,P3K1OaKR4nY,218.978,225.214,6.236,1.0,1.0,11.57,/kaggle/working/clips/tier1/P3K1OaKR4nY_clip0032_t00218.mp4
P3K1OaKR4nY_clip0033_t00225,P3K1OaKR4nY,225.41,228.158,2.748,1.0,1.0,11.58,/kaggle/working/clips/tier1/P3K1OaKR4nY_clip0033_t00225.mp4
P3K1OaKR4nY_clip0034_t00230,P3K1OaKR4nY,230.306,233.758,3.452,1.0,1.0,10.77,/kaggle/working/clips/tier1/P3K1OaKR4nY_clip0034_t00230.mp4
P3K1OaKR4nY_clip0035_t00233,P3K1OaKR4nY,233.922,237.854,3.932,1.0,1.0,10.88,/kaggle/working/clips/tier1/P3K1OaKR4nY_clip0035_t00233.mp4
P3K1OaKR4nY_clip0036_t00238,P3K1OaKR4nY,238.114,245.854,7.74,1.0,1.0,11.23,/kaggle/working/clips/tier1/P3K1OaKR4nY_clip0036_t00238.mp4
P3K1OaKR4nY_clip0037_t00249,P3K1OaKR4nY,249.346,251.614,2.268,1.0,1.0,11.92,/kaggle/working/clips/tier1/P3K1OaKR4nY_clip0037_t00249.mp4
P3K1OaKR4nY_clip0038_t00256,P3K1OaKR4nY,256.546,263.358,6.812,1.0,1.0,11.69,/kaggle/working/clips/tier1/P3K1OaKR4nY_clip0038_t00256.mp4
P3K1OaKR4nY_clip0039_t00264,P3K1OaKR4nY,264.386,269.386,5.0,1.0,1.0,12.23,/kaggle/working/clips/tier1/P3K1OaKR4nY_clip0039_t00264.mp4
P3K1OaKR4nY_clip0040_t00268,P3K1OaKR4nY,268.386,273.386,5.0,1.0,1.0,11.47,/kaggle/working/clips/tier1/P3K1OaKR4nY_clip0040_t00268.mp4
P3K1OaKR4nY_clip0041_t00272,P3K1OaKR4nY,272.386,277.386,5.0,1.0,1.0,11.49,/kaggle/working/clips/tier1/P3K1OaKR4nY_clip0041_t00272.mp4
P3K1OaKR4nY_clip0042_t00278,P3K1OaKR4nY,278.466,284.062,5.596,1.0,1.0,12.07,/kaggle/working/clips/tier1/P3K1OaKR4nY_clip0042_t00278.mp4
P3K1OaKR4nY_clip0043_t00284,P3K1OaKR4nY,284.354,287.166,2.812,1.0,1.0,12.02,/kaggle/working/clips/tier1/P3K1OaKR4nY_clip0043_t00284.mp4
P3K1OaKR4nY_clip0044_t00287,P3K1OaKR4nY,287.266,290.782,3.516,1.0,1.0,11.56,/kaggle/working/clips/tier1/P3K1OaKR4nY_clip0044_t00287.mp4
P3K1OaKR4nY_clip0045_t00295,P3K1OaKR4nY,295.714,300.714,5.0,1.0,1.0,11.64,/kaggle/working/clips/tier1/P3K1OaKR4nY_clip0045_t00295.mp4
P3K1OaKR4nY_clip0046_t00299,P3K1OaKR4nY,299.714,303.774,4.06,1.0,1.0,11.54,/kaggle/working/clips/tier1/P3K1OaKR4nY_clip0046_t00299.mp4
P3K1OaKR4nY_clip0047_t00304,P3K1OaKR4nY,304.066,314.014,9.948,1.0,1.0,12.02,/kaggle/working/clips/tier1/P3K1OaKR4nY_clip0047_t00304.mp4
P3K1OaKR4nY_clip0048_t00314,P3K1OaKR4nY,314.498,319.518,5.02,1.0,1.0,12.16,/kaggle/working/clips/tier1/P3K1OaKR4nY_clip0048_t00314.mp4
P3K1OaKR4nY_clip0049_t00323,P3K1OaKR4nY,323.618,334.718,11.1,1.0,1.0,9.9,/kaggle/working/clips/tier1/P3K1OaKR4nY_clip0049_t00323.mp4
P3K1OaKR4nY_clip0050_t00335,P3K1OaKR4nY,335.682,340.682,5.0,1.0,1.0,10.88,/kaggle/working/clips/tier1/P3K1OaKR4nY_clip0050_t00335.mp4
P3K1OaKR4nY_clip0051_t00343,P3K1OaKR4nY,343.682,348.682,5.0,1.0,1.0,8.77,/kaggle/working/clips/tier1/P3K1OaKR4nY_clip0051_t00343.mp4
P3K1OaKR4nY_clip0052_t00350,P3K1OaKR4nY,350.018,355.018,5.0,1.0,1.0,9.51,/kaggle/working/clips/tier1/P3K1OaKR4nY_clip0052_t00350.mp4
P3K1OaKR4nY_clip0053_t00358,P3K1OaKR4nY,358.018,363.018,5.0,1.0,1.0,9.11,/kaggle/working/clips/tier1/P3K1OaKR4nY_clip0053_t00358.mp4
P3K1OaKR4nY_clip0054_t00365,P3K1OaKR4nY,365.698,369.95,4.252,1.0,1.0,10.41,/kaggle/working/clips/tier1/P3K1OaKR4nY_clip0054_t00365.mp4
P3K1OaKR4nY_clip0055_t00392,P3K1OaKR4nY,392.29,398.334,6.044,1.0,1.0,9.26,/kaggle/working/clips/tier1/P3K1OaKR4nY_clip0055_t00392.mp4
P3K1OaKR4nY_clip0056_t00398,P3K1OaKR4nY,398.818,405.47,6.652,1.0,1.0,10.0,/kaggle/working/clips/tier1/P3K1OaKR4nY_clip0056_t00398.mp4
P3K1OaKR4nY_clip0057_t00406,P3K1OaKR4nY,406.53,413.566,7.036,1.0,1.0,10.61,/kaggle/working/clips/tier1/P3K1OaKR4nY_clip0057_t00406.mp4
P3K1OaKR4nY_clip0058_t00446,P3K1OaKR4nY,446.274,448.51,2.236,1.0,1.0,11.25,/kaggle/working/clips/tier1/P3K1OaKR4nY_clip0058_t00446.mp4
P3K1OaKR4nY_clip0059_t00448,P3K1OaKR4nY,448.738,451.742,3.004,1.0,1.0,10.8,/kaggle/working/clips/tier1/P3K1OaKR4nY_clip0059_t00448.mp4
P3K1OaKR4nY_clip0060_t00470,P3K1OaKR4nY,470.242,475.242,5.0,1.0,1.0,9.21,/kaggle/working/clips/tier1/P3K1OaKR4nY_clip0060_t00470.mp4
P3K1OaKR4nY_clip0061_t00474,P3K1OaKR4nY,474.242,479.242,5.0,1.0,1.0,10.12,/kaggle/working/clips/tier1/P3K1OaKR4nY_clip0061_t00474.mp4
P3K1OaKR4nY_clip0062_t00488,P3K1OaKR4nY,488.546,493.918,5.372,0.8,1.0,9.81,/kaggle/working/clips/tier1/P3K1OaKR4nY_clip0062_t00488.mp4
P3K1OaKR4nY_clip0063_t00505,P3K1OaKR4nY,505.954,512.702,6.748,1.0,1.0,9.45,/kaggle/working/clips/tier1/P3K1OaKR4nY_clip0063_t00505.mp4
P3K1OaKR4nY_clip0064_t00512,P3K1OaKR4nY,512.962,515.806,2.844,1.0,1.0,11.13,/kaggle/working/clips/tier1/P3K1OaKR4nY_clip0064_t00512.mp4
P3K1OaKR4nY_clip0065_t00516,P3K1OaKR4nY,516.098,524.19,8.092,1.0,1.0,9.62,/kaggle/working/clips/tier1/P3K1OaKR4nY_clip0065_t00516.mp4
P3K1OaKR4nY_clip0066_t00536,P3K1OaKR4nY,536.93,543.166,6.236,1.0,1.0,11.14,/kaggle/working/clips/tier1/P3K1OaKR4nY_clip0066_t00536.mp4
Qkdyus1My0Q_clip0000_t00077,Qkdyus1My0Q,77.794,79.902,2.108,1.0,1.0,20.43,/kaggle/working/clips/tier1/Qkdyus1My0Q_clip0000_t00077.mp4
Qkdyus1My0Q_clip0001_t00083,Qkdyus1My0Q,83.33,88.33,5.0,1.0,1.0,12.22,/kaggle/working/clips/tier1/Qkdyus1My0Q_clip0001_t00083.mp4
Qkdyus1My0Q_clip0002_t00087,Qkdyus1My0Q,87.33,92.33,5.0,1.0,1.0,13.52,/kaggle/working/clips/tier1/Qkdyus1My0Q_clip0002_t00087.mp4
Qkdyus1My0Q_clip0003_t00091,Qkdyus1My0Q,91.33,95.966,4.636,1.0,1.0,14.93,/kaggle/working/clips/tier1/Qkdyus1My0Q_clip0003_t00091.mp4
Qkdyus1My0Q_clip0004_t00096,Qkdyus1My0Q,96.162,102.43,6.268,1.0,1.0,17.52,/kaggle/working/clips/tier1/Qkdyus1My0Q_clip0004_t00096.mp4
Qkdyus1My0Q_clip0005_t00116,Qkdyus1My0Q,116.098,121.098,5.0,1.0,1.0,15.73,/kaggle/working/clips/tier1/Qkdyus1My0Q_clip0005_t00116.mp4
Qkdyus1My0Q_clip0006_t00120,Qkdyus1My0Q,120.098,125.098,5.0,1.0,1.0,15.57,/kaggle/working/clips/tier1/Qkdyus1My0Q_clip0006_t00120.mp4
Qkdyus1My0Q_clip0007_t00124,Qkdyus1My0Q,124.098,128.414,4.316,1.0,1.0,14.33,/kaggle/working/clips/tier1/Qkdyus1My0Q_clip0007_t00124.mp4
Qkdyus1My0Q_clip0008_t00130,Qkdyus1My0Q,130.274,134.782,4.508,1.0,1.0,12.6,/kaggle/working/clips/tier1/Qkdyus1My0Q_clip0008_t00130.mp4
Qkdyus1My0Q_clip0009_t00137,Qkdyus1My0Q,137.794,140.478,2.684,1.0,1.0,20.84,/kaggle/working/clips/tier1/Qkdyus1My0Q_clip0009_t00137.mp4
Qkdyus1My0Q_clip0010_t00140,Qkdyus1My0Q,140.77,147.71,6.94,1.0,1.0,16.4,/kaggle/working/clips/tier1/Qkdyus1My0Q_clip0010_t00140.mp4
Qkdyus1My0Q_clip0011_t00148,Qkdyus1My0Q,148.034,151.902,3.868,1.0,1.0,18.12,/kaggle/working/clips/tier1/Qkdyus1My0Q_clip0011_t00148.mp4
Qkdyus1My0Q_clip0012_t00152,Qkdyus1My0Q,152.962,154.974,2.012,1.0,1.0,18.77,/kaggle/working/clips/tier1/Qkdyus1My0Q_clip0012_t00152.mp4
Qkdyus1My0Q_clip0013_t00155,Qkdyus1My0Q,155.17,157.406,2.236,1.0,1.0,15.04,/kaggle/working/clips/tier1/Qkdyus1My0Q_clip0013_t00155.mp4
Qkdyus1My0Q_clip0014_t00159,Qkdyus1My0Q,159.042,162.206,3.164,1.0,1.0,18.57,/kaggle/working/clips/tier1/Qkdyus1My0Q_clip0014_t00159.mp4
Qkdyus1My0Q_clip0015_t00172,Qkdyus1My0Q,172.482,175.102,2.62,1.0,1.0,15.05,/kaggle/working/clips/tier1/Qkdyus1My0Q_clip0015_t00172.mp4
Qkdyus1My0Q_clip0016_t00342,Qkdyus1My0Q,342.914,345.182,2.268,1.0,1.0,4.94,/kaggle/working/clips/tier1/Qkdyus1My0Q_clip0016_t00342.mp4
Qkdyus1My0Q_clip0017_t00345,Qkdyus1My0Q,345.506,347.646,2.14,1.0,1.0,6.05,/kaggle/working/clips/tier1/Qkdyus1My0Q_clip0017_t00345.mp4
qh78i88JEiU_clip0000_t00028,qh78i88JEiU,28.194,33.194,5.0,1.0,1.0,-7.23,/kaggle/working/clips/tier1/qh78i88JEiU_clip0000_t00028.mp4
qh78i88JEiU_clip0001_t00032,qh78i88JEiU,32.194,37.194,5.0,1.0,1.0,-8.41,/kaggle/working/clips/tier1/qh78i88JEiU_clip0001_t00032.mp4
qh78i88JEiU_clip0002_t00036,qh78i88JEiU,36.194,40.766,4.572,1.0,1.0,-7.74,/kaggle/working/clips/tier1/qh78i88JEiU_clip0002_t00036.mp4
qh78i88JEiU_clip0003_t00041,qh78i88JEiU,41.986,47.262,5.276,1.0,1.0,-7.81,/kaggle/working/clips/tier1/qh78i88JEiU_clip0003_t00041.mp4
qh78i88JEiU_clip0004_t00047,qh78i88JEiU,47.714,54.494,6.78,1.0,1.0,-4.35,/kaggle/working/clips/tier1/qh78i88JEiU_clip0004_t00047.mp4
qh78i88JEiU_clip0005_t00079,qh78i88JEiU,79.138,84.138,5.0,1.0,1.0,-2.56,/kaggle/working/clips/tier1/qh78i88JEiU_clip0005_t00079.mp4
qh78i88JEiU_clip0006_t00083,qh78i88JEiU,83.138,88.138,5.0,1.0,1.0,-2.6,/kaggle/working/clips/tier1/qh78i88JEiU_clip0006_t00083.mp4
qh78i88JEiU_clip0007_t00091,qh78i88JEiU,91.138,95.23,4.092,1.0,1.0,-3.95,/kaggle/working/clips/tier1/qh78i88JEiU_clip0007_t00091.mp4
qh78i88JEiU_clip0008_t00099,qh78i88JEiU,99.074,102.206,3.132,1.0,1.0,0.82,/kaggle/working/clips/tier1/qh78i88JEiU_clip0008_t00099.mp4
qh78i88JEiU_clip0009_t00119,qh78i88JEiU,119.362,121.406,2.044,1.0,1.0,3.4,/kaggle/working/clips/tier1/qh78i88JEiU_clip0009_t00119.mp4
qh78i88JEiU_clip0010_t00140,qh78i88JEiU,140.802,143.07,2.268,1.0,1.0,-1.86,/kaggle/working/clips/tier1/qh78i88JEiU_clip0010_t00140.mp4
qh78i88JEiU_clip0011_t00145,qh78i88JEiU,145.73,148.734,3.004,1.0,1.0,-1.96,/kaggle/working/clips/tier1/qh78i88JEiU_clip0011_t00145.mp4
qh78i88JEiU_clip0012_t00148,qh78i88JEiU,148.93,152.766,3.836,1.0,1.0,-2.11,/kaggle/working/clips/tier1/qh78i88JEiU_clip0012_t00148.mp4
qh78i88JEiU_clip0013_t00153,qh78i88JEiU,153.122,157.918,4.796,1.0,1.0,-1.63,/kaggle/working/clips/tier1/qh78i88JEiU_clip0013_t00153.mp4
qh78i88JEiU_clip0014_t00169,qh78i88JEiU,169.89,172.862,2.972,1.0,1.0,0.73,/kaggle/working/clips/tier1/qh78i88JEiU_clip0014_t00169.mp4
qh78i88JEiU_clip0015_t00178,qh78i88JEiU,178.274,181.214,2.94,1.0,1.0,-2.57,/kaggle/working/clips/tier1/qh78i88JEiU_clip0015_t00178.mp4
qh78i88JEiU_clip0016_t00181,qh78i88JEiU,181.314,184.414,3.1,1.0,1.0,-1.58,/kaggle/working/clips/tier1/qh78i88JEiU_clip0016_t00181.mp4
qh78i88JEiU_clip0017_t00193,qh78i88JEiU,193.218,196.094,2.876,1.0,1.0,3.38,/kaggle/working/clips/tier1/qh78i88JEiU_clip0017_t00193.mp4
qh78i88JEiU_clip0018_t00196,qh78i88JEiU,196.194,201.758,5.564,1.0,1.0,2.64,/kaggle/working/clips/tier1/qh78i88JEiU_clip0018_t00196.mp4
qh78i88JEiU_clip0019_t00202,qh78i88JEiU,202.53,204.606,2.076,1.0,1.0,2.37,/kaggle/working/clips/tier1/qh78i88JEiU_clip0019_t00202.mp4
qh78i88JEiU_clip0020_t00211,qh78i88JEiU,211.778,215.102,3.324,1.0,1.0,2.95,/kaggle/working/clips/tier1/qh78i88JEiU_clip0020_t00211.mp4
qh78i88JEiU_clip0021_t00215,qh78i88JEiU,215.266,217.438,2.172,1.0,1.0,2.7,/kaggle/working/clips/tier1/qh78i88JEiU_clip0021_t00215.mp4
qh78i88JEiU_clip0022_t00217,qh78i88JEiU,217.73,221.694,3.964,1.0,1.0,1.77,/kaggle/working/clips/tier1/qh78i88JEiU_clip0022_t00217.mp4
qh78i88JEiU_clip0023_t00221,qh78i88JEiU,221.794,227.55,5.756,1.0,1.0,3.52,/kaggle/working/clips/tier1/qh78i88JEiU_clip0023_t00221.mp4
qh78i88JEiU_clip0024_t00227,qh78i88JEiU,227.81,229.886,2.076,1.0,1.0,3.47,/kaggle/working/clips/tier1/qh78i88JEiU_clip0024_t00227.mp4
qh78i88JEiU_clip0025_t00231,qh78i88JEiU,231.202,238.366,7.164,1.0,1.0,4.71,/kaggle/working/clips/tier1/qh78i88JEiU_clip0025_t00231.mp4
qh78i88JEiU_clip0026_t00239,qh78i88JEiU,239.33,241.47,2.14,1.0,1.0,4.46,/kaggle/working/clips/tier1/qh78i88JEiU_clip0026_t00239.mp4
qh78i88JEiU_clip0027_t00241,qh78i88JEiU,241.762,245.086,3.324,1.0,1.0,2.29,/kaggle/working/clips/tier1/qh78i88JEiU_clip0027_t00241.mp4
qh78i88JEiU_clip0028_t00245,qh78i88JEiU,245.186,248.094,2.908,1.0,1.0,2.28,/kaggle/working/clips/tier1/qh78i88JEiU_clip0028_t00245.mp4
qh78i88JEiU_clip0029_t00248,qh78i88JEiU,248.194,256.158,7.964,1.0,1.0,2.07,/kaggle/working/clips/tier1/qh78i88JEiU_clip0029_t00248.mp4
qh78i88JEiU_clip0030_t00256,qh78i88JEiU,256.834,259.582,2.748,1.0,1.0,2.13,/kaggle/working/clips/tier1/qh78i88JEiU_clip0030_t00256.mp4
qh78i88JEiU_clip0031_t00260,qh78i88JEiU,260.002,263.166,3.164,1.0,1.0,0.26,/kaggle/working/clips/tier1/qh78i88JEiU_clip0031_t00260.mp4
qh78i88JEiU_clip0032_t00324,qh78i88JEiU,324.034,333.982,9.948,1.0,1.0,-7.41,/kaggle/working/clips/tier1/qh78i88JEiU_clip0032_t00324.mp4
qh78i88JEiU_clip0033_t00344,qh78i88JEiU,344.61,346.718,2.108,1.0,1.0,-9.08,/kaggle/working/clips/tier1/qh78i88JEiU_clip0033_t00344.mp4
qh78i88JEiU_clip0034_t00394,qh78i88JEiU,394.914,397.886,2.972,1.0,1.0,-2.59,/kaggle/working/clips/tier1/qh78i88JEiU_clip0034_t00394.mp4
qh78i88JEiU_clip0035_t00411,qh78i88JEiU,411.298,413.95,2.652,1.0,1.0,-3.79,/kaggle/working/clips/tier1/qh78i88JEiU_clip0035_t00411.mp4
qh78i88JEiU_clip0036_t00416,qh78i88JEiU,416.098,420.094,3.996,1.0,1.0,-6.01,/kaggle/working/clips/tier1/qh78i88JEiU_clip0036_t00416.mp4
qh78i88JEiU_clip0037_t00420,qh78i88JEiU,420.194,426.59,6.396,1.0,1.0,-4.9,/kaggle/working/clips/tier1/qh78i88JEiU_clip0037_t00420.mp4
qh78i88JEiU_clip0038_t00428,qh78i88JEiU,428.29,434.622,6.332,1.0,1.0,-3.53,/kaggle/working/clips/tier1/qh78i88JEiU_clip0038_t00428.mp4
qh78i88JEiU_clip0039_t00441,qh78i88JEiU,441.058,443.966,2.908,1.0,1.0,-2.83,/kaggle/working/clips/tier1/qh78i88JEiU_clip0039_t00441.mp4
qh78i88JEiU_clip0040_t00454,qh78i88JEiU,454.562,459.614,5.052,1.0,1.0,-2.09,/kaggle/working/clips/tier1/qh78i88JEiU_clip0040_t00454.mp4
qh78i88JEiU_clip0041_t00475,qh78i88JEiU,475.458,477.918,2.46,1.0,1.0,-1.77,/kaggle/working/clips/tier1/qh78i88JEiU_clip0041_t00475.mp4
qh78i88JEiU_clip0042_t00484,qh78i88JEiU,484.226,486.814,2.588,1.0,1.0,-1.57,/kaggle/working/clips/tier1/qh78i88JEiU_clip0042_t00484.mp4
qh78i88JEiU_clip0043_t00487,qh78i88JEiU,487.01,497.118,10.108,1.0,1.0,-0.32,/kaggle/working/clips/tier1/qh78i88JEiU_clip0043_t00487.mp4
qh78i88JEiU_clip0044_t00497,qh78i88JEiU,497.41,502.526,5.116,1.0,1.0,-0.38,/kaggle/working/clips/tier1/qh78i88JEiU_clip0044_t00497.mp4
qh78i88JEiU_clip0045_t00502,qh78i88JEiU,502.69,510.814,8.124,1.0,1.0,-2.01,/kaggle/working/clips/tier1/qh78i88JEiU_clip0045_t00502.mp4
qh78i88JEiU_clip0046_t00515,qh78i88JEiU,515.042,518.75,3.708,1.0,1.0,-3.41,/kaggle/working/clips/tier1/qh78i88JEiU_clip0046_t00515.mp4
qh78i88JEiU_clip0047_t00518,qh78i88JEiU,518.882,521.854,2.972,1.0,1.0,-3.32,/kaggle/working/clips/tier1/qh78i88JEiU_clip0047_t00518.mp4
qh78i88JEiU_clip0048_t00543,qh78i88JEiU,543.906,552.03,8.124,1.0,1.0,-3.18,/kaggle/working/clips/tier1/qh78i88JEiU_clip0048_t00543.mp4
qh78i88JEiU_clip0049_t00552,qh78i88JEiU,552.162,557.502,5.34,1.0,1.0,-2.99,/kaggle/working/clips/tier1/qh78i88JEiU_clip0049_t00552.mp4
qh78i88JEiU_clip0050_t00559,qh78i88JEiU,559.65,564.958,5.308,1.0,1.0,2.23,/kaggle/working/clips/tier1/qh78i88JEiU_clip0050_t00559.mp4
qh78i88JEiU_clip0051_t00565,qh78i88JEiU,565.058,568.126,3.068,1.0,1.0,1.48,/kaggle/working/clips/tier1/qh78i88JEiU_clip0051_t00565.mp4
qh78i88JEiU_clip0052_t00577,qh78i88JEiU,577.218,581.182,3.964,1.0,1.0,0.85,/kaggle/working/clips/tier1/qh78i88JEiU_clip0052_t00577.mp4
qh78i88JEiU_clip0053_t00581,qh78i88JEiU,581.858,584.99,3.132,1.0,1.0,-0.59,/kaggle/working/clips/tier1/qh78i88JEiU_clip0053_t00581.mp4
qh78i88JEiU_clip0054_t00595,qh78i88JEiU,595.01,600.01,5.0,1.0,1.0,1.01,/kaggle/working/clips/tier1/qh78i88JEiU_clip0054_t00595.mp4
qh78i88JEiU_clip0055_t00599,qh78i88JEiU,599.01,604.01,5.0,1.0,1.0,0.59,/kaggle/working/clips/tier1/qh78i88JEiU_clip0055_t00599.mp4
qh78i88JEiU_clip0056_t00603,qh78i88JEiU,603.01,608.01,5.0,1.0,1.0,-0.11,/kaggle/working/clips/tier1/qh78i88JEiU_clip0056_t00603.mp4
qh78i88JEiU_clip0057_t00607,qh78i88JEiU,607.01,612.01,5.0,1.0,1.0,0.57,/kaggle/working/clips/tier1/qh78i88JEiU_clip0057_t00607.mp4
qh78i88JEiU_clip0058_t00615,qh78i88JEiU,615.01,620.01,5.0,1.0,1.0,-0.06,/kaggle/working/clips/tier1/qh78i88JEiU_clip0058_t00615.mp4
qh78i88JEiU_clip0059_t00623,qh78i88JEiU,623.01,627.838,4.828,1.0,1.0,1.75,/kaggle/working/clips/tier1/qh78i88JEiU_clip0059_t00623.mp4
qh78i88JEiU_clip0060_t00628,qh78i88JEiU,628.002,630.302,2.3,1.0,1.0,1.1,/kaggle/working/clips/tier1/qh78i88JEiU_clip0060_t00628.mp4
qh78i88JEiU_clip0061_t00630,qh78i88JEiU,630.85,635.742,4.892,1.0,1.0,2.46,/kaggle/working/clips/tier1/qh78i88JEiU_clip0061_t00630.mp4
qh78i88JEiU_clip0062_t00648,qh78i88JEiU,648.962,652.638,3.676,1.0,1.0,-1.18,/kaggle/working/clips/tier1/qh78i88JEiU_clip0062_t00648.mp4
qh78i88JEiU_clip0063_t00654,qh78i88JEiU,654.85,659.966,5.116,1.0,1.0,-1.2,/kaggle/working/clips/tier1/qh78i88JEiU_clip0063_t00654.mp4
qh78i88JEiU_clip0064_t00660,qh78i88JEiU,660.546,667.614,7.068,1.0,1.0,0.3,/kaggle/working/clips/tier1/qh78i88JEiU_clip0064_t00660.mp4
qh78i88JEiU_clip0065_t00667,qh78i88JEiU,667.778,671.87,4.092,1.0,1.0,0.24,/kaggle/working/clips/tier1/qh78i88JEiU_clip0065_t00667.mp4
qh78i88JEiU_clip0066_t00673,qh78i88JEiU,673.922,680.318,6.396,1.0,1.0,0.92,/kaggle/working/clips/tier1/qh78i88JEiU_clip0066_t00673.mp4
qh78i88JEiU_clip0067_t00680,qh78i88JEiU,680.578,683.902,3.324,1.0,1.0,2.21,/kaggle/working/clips/tier1/qh78i88JEiU_clip0067_t00680.mp4
qh78i88JEiU_clip0068_t00684,qh78i88JEiU,684.226,693.214,8.988,1.0,1.0,1.48,/kaggle/working/clips/tier1/qh78i88JEiU_clip0068_t00684.mp4
qh78i88JEiU_clip0069_t00702,qh78i88JEiU,702.498,707.498,5.0,1.0,1.0,-0.75,/kaggle/working/clips/tier1/qh78i88JEiU_clip0069_t00702.mp4
qh78i88JEiU_clip0070_t00727,qh78i88JEiU,727.586,739.582,11.996,1.0,1.0,-2.9,/kaggle/working/clips/tier1/qh78i88JEiU_clip0070_t00727.mp4
qh78i88JEiU_clip0071_t00741,qh78i88JEiU,741.186,748.638,7.452,1.0,1.0,-4.41,/kaggle/working/clips/tier1/qh78i88JEiU_clip0071_t00741.mp4
qh78i88JEiU_clip0072_t00757,qh78i88JEiU,757.122,759.71,2.588,1.0,1.0,5.64,/kaggle/working/clips/tier1/qh78i88JEiU_clip0072_t00757.mp4
qh78i88JEiU_clip0073_t00765,qh78i88JEiU,765.026,767.646,2.62,1.0,1.0,3.92,/kaggle/working/clips/tier1/qh78i88JEiU_clip0073_t00765.mp4
qh78i88JEiU_clip0074_t00767,qh78i88JEiU,767.746,771.614,3.868,1.0,1.0,4.31,/kaggle/working/clips/tier1/qh78i88JEiU_clip0074_t00767.mp4
qh78i88JEiU_clip0075_t00785,qh78i88JEiU,785.666,789.086,3.42,0.75,1.0,4.06,/kaggle/working/clips/tier1/qh78i88JEiU_clip0075_t00785.mp4
qh78i88JEiU_clip0076_t00809,qh78i88JEiU,809.794,813.822,4.028,1.0,1.0,3.44,/kaggle/working/clips/tier1/qh78i88JEiU_clip0076_t00809.mp4
qh78i88JEiU_clip0077_t00814,qh78i88JEiU,814.082,820.574,6.492,1.0,1.0,2.59,/kaggle/working/clips/tier1/qh78i88JEiU_clip0077_t00814.mp4
qh78i88JEiU_clip0078_t00827,qh78i88JEiU,827.618,837.534,9.916,1.0,1.0,-7.32,/kaggle/working/clips/tier1/qh78i88JEiU_clip0078_t00827.mp4
qh78i88JEiU_clip0079_t00838,qh78i88JEiU,838.69,848.766,10.076,1.0,1.0,-2.79,/kaggle/working/clips/tier1/qh78i88JEiU_clip0079_t00838.mp4
qh78i88JEiU_clip0080_t00848,qh78i88JEiU,848.898,853.726,4.828,1.0,1.0,-3.61,/kaggle/working/clips/tier1/qh78i88JEiU_clip0080_t00848.mp4
qh78i88JEiU_clip0081_t00853,qh78i88JEiU,853.954,858.622,4.668,1.0,1.0,-7.22,/kaggle/working/clips/tier1/qh78i88JEiU_clip0081_t00853.mp4
qwnzKjjauR8_clip0000_t00007,qwnzKjjauR8,7.682,11.294,3.612,1.0,1.0,0.66,/kaggle/working/clips/tier1/qwnzKjjauR8_clip0000_t00007.mp4
qwnzKjjauR8_clip0001_t00011,qwnzKjjauR8,11.618,14.782,3.164,1.0,1.0,3.2,/kaggle/working/clips/tier1/qwnzKjjauR8_clip0001_t00011.mp4
qwnzKjjauR8_clip0002_t00015,qwnzKjjauR8,15.074,18.43,3.356,1.0,1.0,4.26,/kaggle/working/clips/tier1/qwnzKjjauR8_clip0002_t00015.mp4
qwnzKjjauR8_clip0003_t00018,qwnzKjjauR8,18.69,21.118,2.428,1.0,1.0,3.24,/kaggle/working/clips/tier1/qwnzKjjauR8_clip0003_t00018.mp4
qwnzKjjauR8_clip0004_t00021,qwnzKjjauR8,21.346,26.558,5.212,1.0,1.0,2.98,/kaggle/working/clips/tier1/qwnzKjjauR8_clip0004_t00021.mp4
qwnzKjjauR8_clip0005_t00034,qwnzKjjauR8,34.914,40.094,5.18,1.0,1.0,3.37,/kaggle/working/clips/tier1/qwnzKjjauR8_clip0005_t00034.mp4
qwnzKjjauR8_clip0006_t00040,qwnzKjjauR8,40.418,50.334,9.916,1.0,1.0,5.41,/kaggle/working/clips/tier1/qwnzKjjauR8_clip0006_t00040.mp4
qwnzKjjauR8_clip0007_t00050,qwnzKjjauR8,50.434,56.158,5.724,1.0,1.0,4.04,/kaggle/working/clips/tier1/qwnzKjjauR8_clip0007_t00050.mp4
qwnzKjjauR8_clip0008_t00057,qwnzKjjauR8,57.57,59.966,2.396,1.0,1.0,5.91,/kaggle/working/clips/tier1/qwnzKjjauR8_clip0008_t00057.mp4
qwnzKjjauR8_clip0009_t00060,qwnzKjjauR8,60.322,63.23,2.908,1.0,1.0,7.77,/kaggle/working/clips/tier1/qwnzKjjauR8_clip0009_t00060.mp4
qwnzKjjauR8_clip0010_t00070,qwnzKjjauR8,70.082,75.102,5.02,1.0,1.0,7.01,/kaggle/working/clips/tier1/qwnzKjjauR8_clip0010_t00070.mp4
qwnzKjjauR8_clip0011_t00075,qwnzKjjauR8,75.362,80.382,5.02,1.0,1.0,5.8,/kaggle/working/clips/tier1/qwnzKjjauR8_clip0011_t00075.mp4
qwnzKjjauR8_clip0012_t00083,qwnzKjjauR8,83.81,86.846,3.036,1.0,1.0,8.22,/kaggle/working/clips/tier1/qwnzKjjauR8_clip0012_t00083.mp4
qwnzKjjauR8_clip0013_t00087,qwnzKjjauR8,87.01,89.31,2.3,1.0,1.0,3.78,/kaggle/working/clips/tier1/qwnzKjjauR8_clip0013_t00087.mp4
qwnzKjjauR8_clip0014_t00090,qwnzKjjauR8,90.146,94.43,4.284,1.0,1.0,4.75,/kaggle/working/clips/tier1/qwnzKjjauR8_clip0014_t00090.mp4
qwnzKjjauR8_clip0015_t00095,qwnzKjjauR8,95.106,97.438,2.332,1.0,1.0,4.23,/kaggle/working/clips/tier1/qwnzKjjauR8_clip0015_t00095.mp4
qwnzKjjauR8_clip0016_t00097,qwnzKjjauR8,97.602,101.79,4.188,1.0,1.0,4.33,/kaggle/working/clips/tier1/qwnzKjjauR8_clip0016_t00097.mp4
qwnzKjjauR8_clip0017_t00102,qwnzKjjauR8,102.178,104.606,2.428,1.0,1.0,4.6,/kaggle/working/clips/tier1/qwnzKjjauR8_clip0017_t00102.mp4
qwnzKjjauR8_clip0018_t00114,qwnzKjjauR8,114.338,117.534,3.196,1.0,1.0,5.86,/kaggle/working/clips/tier1/qwnzKjjauR8_clip0018_t00114.mp4
qwnzKjjauR8_clip0019_t00121,qwnzKjjauR8,121.634,123.71,2.076,1.0,1.0,4.18,/kaggle/working/clips/tier1/qwnzKjjauR8_clip0019_t00121.mp4
qwnzKjjauR8_clip0020_t00135,qwnzKjjauR8,135.746,140.35,4.604,1.0,1.0,7.8,/kaggle/working/clips/tier1/qwnzKjjauR8_clip0020_t00135.mp4
qwnzKjjauR8_clip0021_t00141,qwnzKjjauR8,141.154,145.758,4.604,1.0,1.0,3.39,/kaggle/working/clips/tier1/qwnzKjjauR8_clip0021_t00141.mp4
qwnzKjjauR8_clip0022_t00157,qwnzKjjauR8,157.634,159.966,2.332,1.0,1.0,8.12,/kaggle/working/clips/tier1/qwnzKjjauR8_clip0022_t00157.mp4
qwnzKjjauR8_clip0023_t00169,qwnzKjjauR8,169.858,172.542,2.684,1.0,1.0,5.48,/kaggle/working/clips/tier1/qwnzKjjauR8_clip0023_t00169.mp4
qwnzKjjauR8_clip0024_t00172,qwnzKjjauR8,172.706,176.158,3.452,1.0,1.0,4.13,/kaggle/working/clips/tier1/qwnzKjjauR8_clip0024_t00172.mp4
qwnzKjjauR8_clip0025_t00176,qwnzKjjauR8,176.386,178.782,2.396,1.0,1.0,4.5,/kaggle/working/clips/tier1/qwnzKjjauR8_clip0025_t00176.mp4
qwnzKjjauR8_clip0026_t00178,qwnzKjjauR8,178.882,182.398,3.516,1.0,1.0,5.73,/kaggle/working/clips/tier1/qwnzKjjauR8_clip0026_t00178.mp4
qwnzKjjauR8_clip0027_t00187,qwnzKjjauR8,187.394,189.79,2.396,1.0,1.0,10.12,/kaggle/working/clips/tier1/qwnzKjjauR8_clip0027_t00187.mp4
qwnzKjjauR8_clip0028_t00196,qwnzKjjauR8,196.578,198.686,2.108,1.0,1.0,5.01,/kaggle/working/clips/tier1/qwnzKjjauR8_clip0028_t00196.mp4
qwnzKjjauR8_clip0029_t00201,qwnzKjjauR8,201.346,211.806,10.46,1.0,1.0,7.23,/kaggle/working/clips/tier1/qwnzKjjauR8_clip0029_t00201.mp4
qwnzKjjauR8_clip0030_t00218,qwnzKjjauR8,218.754,221.342,2.588,1.0,1.0,3.92,/kaggle/working/clips/tier1/qwnzKjjauR8_clip0030_t00218.mp4
qwnzKjjauR8_clip0031_t00223,qwnzKjjauR8,223.81,226.302,2.492,1.0,1.0,0.92,/kaggle/working/clips/tier1/qwnzKjjauR8_clip0031_t00223.mp4
qwnzKjjauR8_clip0032_t00243,qwnzKjjauR8,243.746,247.486,3.74,1.0,1.0,5.13,/kaggle/working/clips/tier1/qwnzKjjauR8_clip0032_t00243.mp4
qwnzKjjauR8_clip0033_t00249,qwnzKjjauR8,249.538,252.926,3.388,1.0,1.0,5.08,/kaggle/working/clips/tier1/qwnzKjjauR8_clip0033_t00249.mp4
qwnzKjjauR8_clip0034_t00257,qwnzKjjauR8,257.826,263.166,5.34,1.0,1.0,5.61,/kaggle/working/clips/tier1/qwnzKjjauR8_clip0034_t00257.mp4
qwnzKjjauR8_clip0035_t00264,qwnzKjjauR8,264.354,268.062,3.708,1.0,1.0,6.4,/kaggle/working/clips/tier1/qwnzKjjauR8_clip0035_t00264.mp4
qwnzKjjauR8_clip0036_t00271,qwnzKjjauR8,271.81,273.886,2.076,1.0,1.0,1.5,/kaggle/working/clips/tier1/qwnzKjjauR8_clip0036_t00271.mp4
qwnzKjjauR8_clip0037_t00274,qwnzKjjauR8,274.178,277.63,3.452,1.0,1.0,7.5,/kaggle/working/clips/tier1/qwnzKjjauR8_clip0037_t00274.mp4
qwnzKjjauR8_clip0038_t00292,qwnzKjjauR8,292.93,295.006,2.076,1.0,1.0,13.23,/kaggle/working/clips/tier1/qwnzKjjauR8_clip0038_t00292.mp4
qwnzKjjauR8_clip0039_t00295,qwnzKjjauR8,295.106,300.35,5.244,1.0,1.0,7.03,/kaggle/working/clips/tier1/qwnzKjjauR8_clip0039_t00295.mp4
qwnzKjjauR8_clip0040_t00302,qwnzKjjauR8,302.338,307.998,5.66,1.0,1.0,4.3,/kaggle/working/clips/tier1/qwnzKjjauR8_clip0040_t00302.mp4
qwnzKjjauR8_clip0041_t00314,qwnzKjjauR8,314.146,316.478,2.332,1.0,1.0,8.52,/kaggle/working/clips/tier1/qwnzKjjauR8_clip0041_t00314.mp4
qwnzKjjauR8_clip0042_t00316,qwnzKjjauR8,316.642,326.974,10.332,1.0,1.0,6.41,/kaggle/working/clips/tier1/qwnzKjjauR8_clip0042_t00316.mp4
qwnzKjjauR8_clip0043_t00333,qwnzKjjauR8,333.09,336.19,3.1,1.0,1.0,1.63,/kaggle/working/clips/tier1/qwnzKjjauR8_clip0043_t00333.mp4
qwnzKjjauR8_clip0044_t00345,qwnzKjjauR8,345.378,350.378,5.0,1.0,1.0,6.29,/kaggle/working/clips/tier1/qwnzKjjauR8_clip0044_t00345.mp4
qwnzKjjauR8_clip0045_t00351,qwnzKjjauR8,351.49,354.494,3.004,1.0,1.0,4.94,/kaggle/working/clips/tier1/qwnzKjjauR8_clip0045_t00351.mp4
qwnzKjjauR8_clip0046_t00354,qwnzKjjauR8,354.786,356.894,2.108,1.0,1.0,4.93,/kaggle/working/clips/tier1/qwnzKjjauR8_clip0046_t00354.mp4
qwnzKjjauR8_clip0047_t00357,qwnzKjjauR8,357.154,361.214,4.06,1.0,1.0,6.26,/kaggle/working/clips/tier1/qwnzKjjauR8_clip0047_t00357.mp4
qwnzKjjauR8_clip0048_t00363,qwnzKjjauR8,363.298,365.598,2.3,1.0,1.0,8.56,/kaggle/working/clips/tier1/qwnzKjjauR8_clip0048_t00363.mp4
qwnzKjjauR8_clip0049_t00377,qwnzKjjauR8,377.698,381.822,4.124,1.0,1.0,7.49,/kaggle/working/clips/tier1/qwnzKjjauR8_clip0049_t00377.mp4
qwnzKjjauR8_clip0050_t00382,qwnzKjjauR8,382.05,386.846,4.796,1.0,1.0,4.39,/kaggle/working/clips/tier1/qwnzKjjauR8_clip0050_t00382.mp4
qwnzKjjauR8_clip0051_t00398,qwnzKjjauR8,398.978,401.342,2.364,1.0,1.0,4.76,/kaggle/working/clips/tier1/qwnzKjjauR8_clip0051_t00398.mp4
qwnzKjjauR8_clip0052_t00406,qwnzKjjauR8,406.786,412.958,6.172,1.0,1.0,7.72,/kaggle/working/clips/tier1/qwnzKjjauR8_clip0052_t00406.mp4
qwnzKjjauR8_clip0053_t00413,qwnzKjjauR8,413.122,415.518,2.396,1.0,1.0,8.01,/kaggle/working/clips/tier1/qwnzKjjauR8_clip0053_t00413.mp4
qwnzKjjauR8_clip0054_t00415,qwnzKjjauR8,415.874,421.662,5.788,1.0,1.0,1.23,/kaggle/working/clips/tier1/qwnzKjjauR8_clip0054_t00415.mp4
qwnzKjjauR8_clip0055_t00423,qwnzKjjauR8,423.33,428.33,5.0,1.0,1.0,8.14,/kaggle/working/clips/tier1/qwnzKjjauR8_clip0055_t00423.mp4
qwnzKjjauR8_clip0056_t00427,qwnzKjjauR8,427.33,432.33,5.0,1.0,1.0,5.31,/kaggle/working/clips/tier1/qwnzKjjauR8_clip0056_t00427.mp4
qwnzKjjauR8_clip0057_t00431,qwnzKjjauR8,431.33,436.33,5.0,1.0,1.0,8.15,/kaggle/working/clips/tier1/qwnzKjjauR8_clip0057_t00431.mp4
qwnzKjjauR8_clip0058_t00435,qwnzKjjauR8,435.33,440.33,5.0,1.0,1.0,8.24,/kaggle/working/clips/tier1/qwnzKjjauR8_clip0058_t00435.mp4
qwnzKjjauR8_clip0059_t00451,qwnzKjjauR8,451.522,454.59,3.068,1.0,1.0,3.48,/kaggle/working/clips/tier1/qwnzKjjauR8_clip0059_t00451.mp4
qwnzKjjauR8_clip0060_t00464,qwnzKjjauR8,464.834,467.774,2.94,1.0,1.0,5.28,/kaggle/working/clips/tier1/qwnzKjjauR8_clip0060_t00464.mp4
qwnzKjjauR8_clip0061_t00476,qwnzKjjauR8,476.93,482.206,5.276,1.0,1.0,4.74,/kaggle/working/clips/tier1/qwnzKjjauR8_clip0061_t00476.mp4
qwnzKjjauR8_clip0062_t00482,qwnzKjjauR8,482.562,487.486,4.924,1.0,1.0,2.77,/kaggle/working/clips/tier1/qwnzKjjauR8_clip0062_t00482.mp4
qwnzKjjauR8_clip0063_t00487,qwnzKjjauR8,487.682,491.422,3.74,1.0,1.0,5.9,/kaggle/working/clips/tier1/qwnzKjjauR8_clip0063_t00487.mp4
qwnzKjjauR8_clip0064_t00495,qwnzKjjauR8,495.586,498.43,2.844,1.0,1.0,4.72,/kaggle/working/clips/tier1/qwnzKjjauR8_clip0064_t00495.mp4
qwnzKjjauR8_clip0065_t00505,qwnzKjjauR8,505.25,507.742,2.492,1.0,1.0,5.67,/kaggle/working/clips/tier1/qwnzKjjauR8_clip0065_t00505.mp4
qwnzKjjauR8_clip0066_t00516,qwnzKjjauR8,516.29,519.198,2.908,1.0,1.0,-0.04,/kaggle/working/clips/tier1/qwnzKjjauR8_clip0066_t00516.mp4
qwnzKjjauR8_clip0067_t00519,qwnzKjjauR8,519.33,522.75,3.42,1.0,1.0,0.39,/kaggle/working/clips/tier1/qwnzKjjauR8_clip0067_t00519.mp4
qwnzKjjauR8_clip0068_t00526,qwnzKjjauR8,526.626,531.646,5.02,1.0,1.0,2.08,/kaggle/working/clips/tier1/qwnzKjjauR8_clip0068_t00526.mp4
qwnzKjjauR8_clip0069_t00536,qwnzKjjauR8,536.77,539.774,3.004,1.0,1.0,11.13,/kaggle/working/clips/tier1/qwnzKjjauR8_clip0069_t00536.mp4
qwnzKjjauR8_clip0070_t00541,qwnzKjjauR8,541.506,543.678,2.172,1.0,1.0,9.95,/kaggle/working/clips/tier1/qwnzKjjauR8_clip0070_t00541.mp4
qwnzKjjauR8_clip0071_t00543,qwnzKjjauR8,543.778,545.918,2.14,1.0,1.0,8.83,/kaggle/working/clips/tier1/qwnzKjjauR8_clip0071_t00543.mp4
qwnzKjjauR8_clip0072_t00546,qwnzKjjauR8,546.37,549.982,3.612,1.0,1.0,9.6,/kaggle/working/clips/tier1/qwnzKjjauR8_clip0072_t00546.mp4
qwnzKjjauR8_clip0073_t00551,qwnzKjjauR8,551.458,554.846,3.388,1.0,1.0,9.37,/kaggle/working/clips/tier1/qwnzKjjauR8_clip0073_t00551.mp4
qwnzKjjauR8_clip0074_t00556,qwnzKjjauR8,556.706,560.222,3.516,1.0,1.0,8.75,/kaggle/working/clips/tier1/qwnzKjjauR8_clip0074_t00556.mp4
qwnzKjjauR8_clip0075_t00562,qwnzKjjauR8,562.914,565.502,2.588,1.0,1.0,10.78,/kaggle/working/clips/tier1/qwnzKjjauR8_clip0075_t00562.mp4
qwnzKjjauR8_clip0076_t00565,qwnzKjjauR8,565.73,569.214,3.484,1.0,1.0,10.23,/kaggle/working/clips/tier1/qwnzKjjauR8_clip0076_t00565.mp4
R5y53Ud7Fs8_clip0000_t00013,R5y53Ud7Fs8,13.506,17.79,4.284,1.0,1.0,3.05,/kaggle/working/clips/tier1/R5y53Ud7Fs8_clip0000_t00013.mp4
R5y53Ud7Fs8_clip0001_t00025,R5y53Ud7Fs8,25.858,28.638,2.78,1.0,1.0,3.06,/kaggle/working/clips/tier1/R5y53Ud7Fs8_clip0001_t00025.mp4
R5y53Ud7Fs8_clip0002_t00032,R5y53Ud7Fs8,32.834,37.834,5.0,1.0,1.0,3.12,/kaggle/working/clips/tier1/R5y53Ud7Fs8_clip0002_t00032.mp4
R5y53Ud7Fs8_clip0003_t00060,R5y53Ud7Fs8,60.354,63.614,3.26,1.0,1.0,4.5,/kaggle/working/clips/tier1/R5y53Ud7Fs8_clip0003_t00060.mp4
R5y53Ud7Fs8_clip0004_t00064,R5y53Ud7Fs8,64.098,69.15,5.052,1.0,1.0,4.23,/kaggle/working/clips/tier1/R5y53Ud7Fs8_clip0004_t00064.mp4
R5y53Ud7Fs8_clip0005_t00071,R5y53Ud7Fs8,71.426,75.038,3.612,1.0,1.0,4.02,/kaggle/working/clips/tier1/R5y53Ud7Fs8_clip0005_t00071.mp4
R5y53Ud7Fs8_clip0006_t00104,R5y53Ud7Fs8,104.642,106.718,2.076,1.0,1.0,3.08,/kaggle/working/clips/tier1/R5y53Ud7Fs8_clip0006_t00104.mp4
R5y53Ud7Fs8_clip0007_t00118,R5y53Ud7Fs8,118.594,123.594,5.0,1.0,1.0,4.38,/kaggle/working/clips/tier1/R5y53Ud7Fs8_clip0007_t00118.mp4
R5y53Ud7Fs8_clip0008_t00134,R5y53Ud7Fs8,134.434,137.566,3.132,1.0,1.0,4.29,/kaggle/working/clips/tier1/R5y53Ud7Fs8_clip0008_t00134.mp4
R5y53Ud7Fs8_clip0009_t00144,R5y53Ud7Fs8,144.578,149.278,4.7,1.0,1.0,3.54,/kaggle/working/clips/tier1/R5y53Ud7Fs8_clip0009_t00144.mp4
R5y53Ud7Fs8_clip0010_t00149,R5y53Ud7Fs8,149.506,151.646,2.14,1.0,1.0,3.34,/kaggle/working/clips/tier1/R5y53Ud7Fs8_clip0010_t00149.mp4
R5y53Ud7Fs8_clip0011_t00151,R5y53Ud7Fs8,151.81,156.734,4.924,1.0,1.0,3.63,/kaggle/working/clips/tier1/R5y53Ud7Fs8_clip0011_t00151.mp4
R5y53Ud7Fs8_clip0012_t00161,R5y53Ud7Fs8,161.41,166.942,5.532,1.0,1.0,4.1,/kaggle/working/clips/tier1/R5y53Ud7Fs8_clip0012_t00161.mp4
R5y53Ud7Fs8_clip0013_t00168,R5y53Ud7Fs8,168.226,173.226,5.0,0.8,1.0,3.64,/kaggle/working/clips/tier1/R5y53Ud7Fs8_clip0013_t00168.mp4
R5y53Ud7Fs8_clip0014_t00172,R5y53Ud7Fs8,172.226,177.226,5.0,1.0,1.0,1.94,/kaggle/working/clips/tier1/R5y53Ud7Fs8_clip0014_t00172.mp4
R5y53Ud7Fs8_clip0015_t00176,R5y53Ud7Fs8,176.226,180.574,4.348,1.0,1.0,2.32,/kaggle/working/clips/tier1/R5y53Ud7Fs8_clip0015_t00176.mp4
R5y53Ud7Fs8_clip0016_t00181,R5y53Ud7Fs8,181.09,186.09,5.0,1.0,1.0,4.02,/kaggle/working/clips/tier1/R5y53Ud7Fs8_clip0016_t00181.mp4
R5y53Ud7Fs8_clip0017_t00185,R5y53Ud7Fs8,185.09,190.09,5.0,1.0,1.0,3.1,/kaggle/working/clips/tier1/R5y53Ud7Fs8_clip0017_t00185.mp4
R5y53Ud7Fs8_clip0018_t00201,R5y53Ud7Fs8,201.346,203.582,2.236,1.0,1.0,3.55,/kaggle/working/clips/tier1/R5y53Ud7Fs8_clip0018_t00201.mp4
R5y53Ud7Fs8_clip0019_t00203,R5y53Ud7Fs8,203.714,207.006,3.292,1.0,1.0,1.69,/kaggle/working/clips/tier1/R5y53Ud7Fs8_clip0019_t00203.mp4
R5y53Ud7Fs8_clip0020_t00208,R5y53Ud7Fs8,208.674,213.674,5.0,1.0,1.0,3.93,/kaggle/working/clips/tier1/R5y53Ud7Fs8_clip0020_t00208.mp4
R5y53Ud7Fs8_clip0021_t00216,R5y53Ud7Fs8,216.674,221.674,5.0,1.0,1.0,3.73,/kaggle/working/clips/tier1/R5y53Ud7Fs8_clip0021_t00216.mp4
R5y53Ud7Fs8_clip0022_t00226,R5y53Ud7Fs8,226.242,233.726,7.484,1.0,1.0,3.39,/kaggle/working/clips/tier1/R5y53Ud7Fs8_clip0022_t00226.mp4
R5y53Ud7Fs8_clip0023_t00249,R5y53Ud7Fs8,249.218,251.454,2.236,1.0,1.0,3.78,/kaggle/working/clips/tier1/R5y53Ud7Fs8_clip0023_t00249.mp4
R5y53Ud7Fs8_clip0024_t00251,R5y53Ud7Fs8,251.554,253.854,2.3,1.0,1.0,3.09,/kaggle/working/clips/tier1/R5y53Ud7Fs8_clip0024_t00251.mp4
R5y53Ud7Fs8_clip0025_t00254,R5y53Ud7Fs8,254.05,256.734,2.684,1.0,1.0,3.14,/kaggle/working/clips/tier1/R5y53Ud7Fs8_clip0025_t00254.mp4
R5y53Ud7Fs8_clip0026_t00257,R5y53Ud7Fs8,257.058,260.958,3.9,1.0,1.0,3.29,/kaggle/working/clips/tier1/R5y53Ud7Fs8_clip0026_t00257.mp4
R5y53Ud7Fs8_clip0027_t00262,R5y53Ud7Fs8,262.242,266.814,4.572,1.0,1.0,4.78,/kaggle/working/clips/tier1/R5y53Ud7Fs8_clip0027_t00262.mp4
R5y53Ud7Fs8_clip0028_t00267,R5y53Ud7Fs8,267.298,270.366,3.068,1.0,1.0,6.92,/kaggle/working/clips/tier1/R5y53Ud7Fs8_clip0028_t00267.mp4
R5y53Ud7Fs8_clip0029_t00283,R5y53Ud7Fs8,283.522,286.91,3.388,1.0,1.0,4.78,/kaggle/working/clips/tier1/R5y53Ud7Fs8_clip0029_t00283.mp4
R5y53Ud7Fs8_clip0030_t00302,R5y53Ud7Fs8,302.402,307.262,4.86,1.0,1.0,2.53,/kaggle/working/clips/tier1/R5y53Ud7Fs8_clip0030_t00302.mp4
R5y53Ud7Fs8_clip0031_t00307,R5y53Ud7Fs8,307.746,313.374,5.628,1.0,1.0,3.03,/kaggle/working/clips/tier1/R5y53Ud7Fs8_clip0031_t00307.mp4
R5y53Ud7Fs8_clip0032_t00331,R5y53Ud7Fs8,331.746,335.646,3.9,1.0,1.0,3.55,/kaggle/working/clips/tier1/R5y53Ud7Fs8_clip0032_t00331.mp4
R5y53Ud7Fs8_clip0033_t00355,R5y53Ud7Fs8,355.074,358.206,3.132,1.0,1.0,4.62,/kaggle/working/clips/tier1/R5y53Ud7Fs8_clip0033_t00355.mp4
R5y53Ud7Fs8_clip0034_t00378,R5y53Ud7Fs8,378.146,389.342,11.196,1.0,1.0,3.54,/kaggle/working/clips/tier1/R5y53Ud7Fs8_clip0034_t00378.mp4
R5y53Ud7Fs8_clip0035_t00419,R5y53Ud7Fs8,419.33,426.462,7.132,1.0,1.0,2.92,/kaggle/working/clips/tier1/R5y53Ud7Fs8_clip0035_t00419.mp4
R5y53Ud7Fs8_clip0036_t00433,R5y53Ud7Fs8,433.794,438.794,5.0,1.0,1.0,2.83,/kaggle/working/clips/tier1/R5y53Ud7Fs8_clip0036_t00433.mp4
R5y53Ud7Fs8_clip0037_t00437,R5y53Ud7Fs8,437.794,442.794,5.0,1.0,1.0,2.69,/kaggle/working/clips/tier1/R5y53Ud7Fs8_clip0037_t00437.mp4
R5y53Ud7Fs8_clip0038_t00466,R5y53Ud7Fs8,466.082,468.574,2.492,1.0,1.0,3.47,/kaggle/working/clips/tier1/R5y53Ud7Fs8_clip0038_t00466.mp4
R5y53Ud7Fs8_clip0039_t00471,R5y53Ud7Fs8,471.01,475.326,4.316,1.0,1.0,3.69,/kaggle/working/clips/tier1/R5y53Ud7Fs8_clip0039_t00471.mp4
R5y53Ud7Fs8_clip0040_t00481,R5y53Ud7Fs8,481.922,483.966,2.044,1.0,1.0,6.8,/kaggle/working/clips/tier1/R5y53Ud7Fs8_clip0040_t00481.mp4
R5y53Ud7Fs8_clip0041_t00484,R5y53Ud7Fs8,484.162,486.462,2.3,1.0,1.0,7.44,/kaggle/working/clips/tier1/R5y53Ud7Fs8_clip0041_t00484.mp4
R5y53Ud7Fs8_clip0042_t00487,R5y53Ud7Fs8,487.01,490.27,3.26,1.0,1.0,8.71,/kaggle/working/clips/tier1/R5y53Ud7Fs8_clip0042_t00487.mp4
R5y53Ud7Fs8_clip0043_t00490,R5y53Ud7Fs8,490.594,493.822,3.228,1.0,1.0,7.89,/kaggle/working/clips/tier1/R5y53Ud7Fs8_clip0043_t00490.mp4
R5y53Ud7Fs8_clip0044_t00494,R5y53Ud7Fs8,494.178,497.534,3.356,1.0,1.0,6.87,/kaggle/working/clips/tier1/R5y53Ud7Fs8_clip0044_t00494.mp4
R5y53Ud7Fs8_clip0045_t00504,R5y53Ud7Fs8,504.386,508.35,3.964,1.0,1.0,5.2,/kaggle/working/clips/tier1/R5y53Ud7Fs8_clip0045_t00504.mp4
R5y53Ud7Fs8_clip0046_t00539,R5y53Ud7Fs8,539.65,543.838,4.188,1.0,1.0,2.99,/kaggle/working/clips/tier1/R5y53Ud7Fs8_clip0046_t00539.mp4
R5y53Ud7Fs8_clip0047_t00545,R5y53Ud7Fs8,545.378,554.366,8.988,1.0,1.0,5.69,/kaggle/working/clips/tier1/R5y53Ud7Fs8_clip0047_t00545.mp4
R5y53Ud7Fs8_clip0048_t00568,R5y53Ud7Fs8,568.162,573.162,5.0,1.0,1.0,6.11,/kaggle/working/clips/tier1/R5y53Ud7Fs8_clip0048_t00568.mp4
R5y53Ud7Fs8_clip0049_t00572,R5y53Ud7Fs8,572.162,577.162,5.0,1.0,1.0,5.42,/kaggle/working/clips/tier1/R5y53Ud7Fs8_clip0049_t00572.mp4
R5y53Ud7Fs8_clip0050_t00606,R5y53Ud7Fs8,606.562,608.862,2.3,1.0,1.0,5.92,/kaggle/working/clips/tier1/R5y53Ud7Fs8_clip0050_t00606.mp4
R5y53Ud7Fs8_clip0051_t00633,R5y53Ud7Fs8,633.058,636.158,3.1,1.0,1.0,3.54,/kaggle/working/clips/tier1/R5y53Ud7Fs8_clip0051_t00633.mp4
R5y53Ud7Fs8_clip0052_t00644,R5y53Ud7Fs8,644.642,646.942,2.3,1.0,1.0,2.35,/kaggle/working/clips/tier1/R5y53Ud7Fs8_clip0052_t00644.mp4
R5y53Ud7Fs8_clip0053_t00667,R5y53Ud7Fs8,667.138,671.486,4.348,1.0,1.0,3.32,/kaggle/working/clips/tier1/R5y53Ud7Fs8_clip0053_t00667.mp4
R5y53Ud7Fs8_clip0054_t00674,R5y53Ud7Fs8,674.05,676.094,2.044,1.0,1.0,2.65,/kaggle/working/clips/tier1/R5y53Ud7Fs8_clip0054_t00674.mp4
R5y53Ud7Fs8_clip0055_t00676,R5y53Ud7Fs8,676.418,678.654,2.236,1.0,1.0,3.18,/kaggle/working/clips/tier1/R5y53Ud7Fs8_clip0055_t00676.mp4
R5y53Ud7Fs8_clip0056_t00678,R5y53Ud7Fs8,678.754,683.326,4.572,1.0,1.0,3.2,/kaggle/working/clips/tier1/R5y53Ud7Fs8_clip0056_t00678.mp4
R5y53Ud7Fs8_clip0057_t00685,R5y53Ud7Fs8,685.57,688.158,2.588,1.0,1.0,3.89,/kaggle/working/clips/tier1/R5y53Ud7Fs8_clip0057_t00685.mp4
R5y53Ud7Fs8_clip0058_t00692,R5y53Ud7Fs8,692.29,697.29,5.0,1.0,1.0,4.09,/kaggle/working/clips/tier1/R5y53Ud7Fs8_clip0058_t00692.mp4
R5y53Ud7Fs8_clip0059_t00700,R5y53Ud7Fs8,700.29,703.486,3.196,1.0,1.0,2.64,/kaggle/working/clips/tier1/R5y53Ud7Fs8_clip0059_t00700.mp4
R5y53Ud7Fs8_clip0060_t00703,R5y53Ud7Fs8,703.874,713.438,9.564,1.0,1.0,3.76,/kaggle/working/clips/tier1/R5y53Ud7Fs8_clip0060_t00703.mp4
R5y53Ud7Fs8_clip0061_t00713,R5y53Ud7Fs8,713.602,718.602,5.0,1.0,1.0,2.92,/kaggle/working/clips/tier1/R5y53Ud7Fs8_clip0061_t00713.mp4
R5y53Ud7Fs8_clip0062_t00728,R5y53Ud7Fs8,728.002,731.71,3.708,1.0,1.0,3.56,/kaggle/working/clips/tier1/R5y53Ud7Fs8_clip0062_t00728.mp4
R5y53Ud7Fs8_clip0063_t00736,R5y53Ud7Fs8,736.418,741.418,5.0,1.0,1.0,5.25,/kaggle/working/clips/tier1/R5y53Ud7Fs8_clip0063_t00736.mp4
R5y53Ud7Fs8_clip0064_t00740,R5y53Ud7Fs8,740.418,745.418,5.0,1.0,1.0,5.04,/kaggle/working/clips/tier1/R5y53Ud7Fs8_clip0064_t00740.mp4
R5y53Ud7Fs8_clip0065_t00744,R5y53Ud7Fs8,744.418,746.974,2.556,1.0,1.0,4.61,/kaggle/working/clips/tier1/R5y53Ud7Fs8_clip0065_t00744.mp4
R5y53Ud7Fs8_clip0066_t00747,R5y53Ud7Fs8,747.202,752.202,5.0,1.0,1.0,3.28,/kaggle/working/clips/tier1/R5y53Ud7Fs8_clip0066_t00747.mp4
R5y53Ud7Fs8_clip0067_t00751,R5y53Ud7Fs8,751.202,756.202,5.0,1.0,1.0,4.79,/kaggle/working/clips/tier1/R5y53Ud7Fs8_clip0067_t00751.mp4
R5y53Ud7Fs8_clip0068_t00761,R5y53Ud7Fs8,761.154,764.222,3.068,1.0,1.0,4.28,/kaggle/working/clips/tier1/R5y53Ud7Fs8_clip0068_t00761.mp4
R5y53Ud7Fs8_clip0069_t00764,R5y53Ud7Fs8,764.354,770.942,6.588,1.0,1.0,3.32,/kaggle/working/clips/tier1/R5y53Ud7Fs8_clip0069_t00764.mp4
R5y53Ud7Fs8_clip0070_t00783,R5y53Ud7Fs8,783.586,788.586,5.0,1.0,1.0,4.5,/kaggle/working/clips/tier1/R5y53Ud7Fs8_clip0070_t00783.mp4
R5y53Ud7Fs8_clip0071_t00803,R5y53Ud7Fs8,803.586,808.586,5.0,0.8,1.0,4.33,/kaggle/working/clips/tier1/R5y53Ud7Fs8_clip0071_t00803.mp4
R5y53Ud7Fs8_clip0072_t00836,R5y53Ud7Fs8,836.162,839.07,2.908,1.0,1.0,1.45,/kaggle/working/clips/tier1/R5y53Ud7Fs8_clip0072_t00836.mp4
R5y53Ud7Fs8_clip0073_t00843,R5y53Ud7Fs8,843.17,848.17,5.0,0.8,1.0,2.03,/kaggle/working/clips/tier1/R5y53Ud7Fs8_clip0073_t00843.mp4
R5y53Ud7Fs8_clip0074_t00847,R5y53Ud7Fs8,847.17,852.17,5.0,1.0,1.0,3.86,/kaggle/working/clips/tier1/R5y53Ud7Fs8_clip0074_t00847.mp4
R5y53Ud7Fs8_clip0075_t00851,R5y53Ud7Fs8,851.17,855.71,4.54,1.0,1.0,6.09,/kaggle/working/clips/tier1/R5y53Ud7Fs8_clip0075_t00851.mp4
R5y53Ud7Fs8_clip0076_t00863,R5y53Ud7Fs8,863.042,865.534,2.492,1.0,1.0,6.18,/kaggle/working/clips/tier1/R5y53Ud7Fs8_clip0076_t00863.mp4
R5y53Ud7Fs8_clip0077_t00865,R5y53Ud7Fs8,865.73,870.27,4.54,1.0,1.0,6.34,/kaggle/working/clips/tier1/R5y53Ud7Fs8_clip0077_t00865.mp4
R5y53Ud7Fs8_clip0078_t00878,R5y53Ud7Fs8,878.498,880.606,2.108,1.0,1.0,4.16,/kaggle/working/clips/tier1/R5y53Ud7Fs8_clip0078_t00878.mp4
R5y53Ud7Fs8_clip0079_t00912,R5y53Ud7Fs8,912.386,917.15,4.764,1.0,1.0,4.97,/kaggle/working/clips/tier1/R5y53Ud7Fs8_clip0079_t00912.mp4
R5y53Ud7Fs8_clip0080_t00930,R5y53Ud7Fs8,930.466,933.086,2.62,1.0,1.0,4.84,/kaggle/working/clips/tier1/R5y53Ud7Fs8_clip0080_t00930.mp4
R5y53Ud7Fs8_clip0081_t00951,R5y53Ud7Fs8,951.938,955.806,3.868,1.0,1.0,4.52,/kaggle/working/clips/tier1/R5y53Ud7Fs8_clip0081_t00951.mp4
rwk-AlvnwfA_clip0000_t00049,rwk-AlvnwfA,49.282,53.022,3.74,0.75,1.0,19.14,/kaggle/working/clips/tier1/rwk-AlvnwfA_clip0000_t00049.mp4
RoXXg62YfpM_clip0000_t00007,RoXXg62YfpM,7.906,10.91,3.004,1.0,1.0,4.98,/kaggle/working/clips/tier1/RoXXg62YfpM_clip0000_t00007.mp4
RoXXg62YfpM_clip0001_t00014,RoXXg62YfpM,14.594,18.238,3.644,1.0,1.0,6.19,/kaggle/working/clips/tier1/RoXXg62YfpM_clip0001_t00014.mp4
RoXXg62YfpM_clip0002_t00023,RoXXg62YfpM,23.458,26.558,3.1,1.0,1.0,6.52,/kaggle/working/clips/tier1/RoXXg62YfpM_clip0002_t00023.mp4
RoXXg62YfpM_clip0003_t00027,RoXXg62YfpM,27.202,29.694,2.492,1.0,1.0,5.41,/kaggle/working/clips/tier1/RoXXg62YfpM_clip0003_t00027.mp4
RoXXg62YfpM_clip0004_t00029,RoXXg62YfpM,29.858,35.358,5.5,1.0,1.0,6.78,/kaggle/working/clips/tier1/RoXXg62YfpM_clip0004_t00029.mp4
RoXXg62YfpM_clip0005_t00035,RoXXg62YfpM,35.842,39.23,3.388,1.0,1.0,6.35,/kaggle/working/clips/tier1/RoXXg62YfpM_clip0005_t00035.mp4
RoXXg62YfpM_clip0006_t00040,RoXXg62YfpM,40.29,42.622,2.332,1.0,1.0,6.69,/kaggle/working/clips/tier1/RoXXg62YfpM_clip0006_t00040.mp4
RoXXg62YfpM_clip0007_t00042,RoXXg62YfpM,42.754,44.766,2.012,1.0,1.0,4.48,/kaggle/working/clips/tier1/RoXXg62YfpM_clip0007_t00042.mp4
RoXXg62YfpM_clip0008_t00052,RoXXg62YfpM,52.898,57.694,4.796,1.0,1.0,6.29,/kaggle/working/clips/tier1/RoXXg62YfpM_clip0008_t00052.mp4
RoXXg62YfpM_clip0009_t00066,RoXXg62YfpM,66.818,72.35,5.532,1.0,1.0,8.4,/kaggle/working/clips/tier1/RoXXg62YfpM_clip0009_t00066.mp4
RoXXg62YfpM_clip0010_t00078,RoXXg62YfpM,78.882,81.118,2.236,1.0,1.0,10.04,/kaggle/working/clips/tier1/RoXXg62YfpM_clip0010_t00078.mp4
RoXXg62YfpM_clip0011_t00086,RoXXg62YfpM,86.53,90.014,3.484,1.0,1.0,10.56,/kaggle/working/clips/tier1/RoXXg62YfpM_clip0011_t00086.mp4
RoXXg62YfpM_clip0012_t00109,RoXXg62YfpM,109.698,111.87,2.172,1.0,1.0,10.26,/kaggle/working/clips/tier1/RoXXg62YfpM_clip0012_t00109.mp4
RoXXg62YfpM_clip0013_t00114,RoXXg62YfpM,114.53,118.014,3.484,1.0,1.0,10.29,/kaggle/working/clips/tier1/RoXXg62YfpM_clip0013_t00114.mp4
RoXXg62YfpM_clip0014_t00126,RoXXg62YfpM,126.626,130.206,3.58,1.0,1.0,9.38,/kaggle/working/clips/tier1/RoXXg62YfpM_clip0014_t00126.mp4
RoXXg62YfpM_clip0015_t00132,RoXXg62YfpM,132.034,134.398,2.364,1.0,1.0,8.92,/kaggle/working/clips/tier1/RoXXg62YfpM_clip0015_t00132.mp4
RoXXg62YfpM_clip0016_t00134,RoXXg62YfpM,134.498,139.498,5.0,1.0,1.0,8.97,/kaggle/working/clips/tier1/RoXXg62YfpM_clip0016_t00134.mp4
RoXXg62YfpM_clip0017_t00146,RoXXg62YfpM,146.498,151.498,5.0,1.0,1.0,7.26,/kaggle/working/clips/tier1/RoXXg62YfpM_clip0017_t00146.mp4
RoXXg62YfpM_clip0018_t00166,RoXXg62YfpM,166.306,168.446,2.14,1.0,1.0,10.45,/kaggle/working/clips/tier1/RoXXg62YfpM_clip0018_t00166.mp4
RoXXg62YfpM_clip0019_t00169,RoXXg62YfpM,169.09,172.638,3.548,1.0,1.0,10.68,/kaggle/working/clips/tier1/RoXXg62YfpM_clip0019_t00169.mp4
RoXXg62YfpM_clip0020_t00175,RoXXg62YfpM,175.938,178.174,2.236,1.0,1.0,8.62,/kaggle/working/clips/tier1/RoXXg62YfpM_clip0020_t00175.mp4
RoXXg62YfpM_clip0021_t00179,RoXXg62YfpM,179.362,181.822,2.46,1.0,1.0,7.32,/kaggle/working/clips/tier1/RoXXg62YfpM_clip0021_t00179.mp4
RoXXg62YfpM_clip0022_t00201,RoXXg62YfpM,201.154,204.062,2.908,1.0,1.0,9.39,/kaggle/working/clips/tier1/RoXXg62YfpM_clip0022_t00201.mp4
RoXXg62YfpM_clip0023_t00208,RoXXg62YfpM,208.162,213.022,4.86,1.0,1.0,9.45,/kaggle/working/clips/tier1/RoXXg62YfpM_clip0023_t00208.mp4
RoXXg62YfpM_clip0024_t00217,RoXXg62YfpM,217.506,220.318,2.812,1.0,1.0,9.57,/kaggle/working/clips/tier1/RoXXg62YfpM_clip0024_t00217.mp4
RoXXg62YfpM_clip0025_t00226,RoXXg62YfpM,226.274,230.526,4.252,1.0,1.0,10.43,/kaggle/working/clips/tier1/RoXXg62YfpM_clip0025_t00226.mp4
RoXXg62YfpM_clip0026_t00230,RoXXg62YfpM,230.85,233.534,2.684,1.0,1.0,10.51,/kaggle/working/clips/tier1/RoXXg62YfpM_clip0026_t00230.mp4
RoXXg62YfpM_clip0027_t00233,RoXXg62YfpM,233.89,237.118,3.228,1.0,1.0,9.35,/kaggle/working/clips/tier1/RoXXg62YfpM_clip0027_t00233.mp4
RoXXg62YfpM_clip0028_t00237,RoXXg62YfpM,237.954,241.726,3.772,1.0,1.0,9.67,/kaggle/working/clips/tier1/RoXXg62YfpM_clip0028_t00237.mp4
RoXXg62YfpM_clip0029_t00244,RoXXg62YfpM,244.29,251.87,7.58,1.0,1.0,6.61,/kaggle/working/clips/tier1/RoXXg62YfpM_clip0029_t00244.mp4
RoXXg62YfpM_clip0030_t00264,RoXXg62YfpM,264.29,268.51,4.22,1.0,1.0,10.61,/kaggle/working/clips/tier1/RoXXg62YfpM_clip0030_t00264.mp4
RoXXg62YfpM_clip0031_t00268,RoXXg62YfpM,268.802,271.678,2.876,1.0,1.0,10.74,/kaggle/working/clips/tier1/RoXXg62YfpM_clip0031_t00268.mp4
RoXXg62YfpM_clip0032_t00273,RoXXg62YfpM,273.73,276.542,2.812,1.0,1.0,9.85,/kaggle/working/clips/tier1/RoXXg62YfpM_clip0032_t00273.mp4
RoXXg62YfpM_clip0033_t00276,RoXXg62YfpM,276.866,278.878,2.012,1.0,1.0,9.69,/kaggle/working/clips/tier1/RoXXg62YfpM_clip0033_t00276.mp4
RoXXg62YfpM_clip0034_t00285,RoXXg62YfpM,285.218,288.286,3.068,1.0,1.0,10.48,/kaggle/working/clips/tier1/RoXXg62YfpM_clip0034_t00285.mp4
RoXXg62YfpM_clip0035_t00290,RoXXg62YfpM,290.786,293.086,2.3,1.0,1.0,11.32,/kaggle/working/clips/tier1/RoXXg62YfpM_clip0035_t00290.mp4
RoXXg62YfpM_clip0036_t00293,RoXXg62YfpM,293.25,297.662,4.412,1.0,1.0,9.95,/kaggle/working/clips/tier1/RoXXg62YfpM_clip0036_t00293.mp4
RoXXg62YfpM_clip0037_t00311,RoXXg62YfpM,311.554,314.526,2.972,1.0,1.0,9.48,/kaggle/working/clips/tier1/RoXXg62YfpM_clip0037_t00311.mp4
RoXXg62YfpM_clip0038_t00315,RoXXg62YfpM,315.298,317.534,2.236,1.0,1.0,10.72,/kaggle/working/clips/tier1/RoXXg62YfpM_clip0038_t00315.mp4
RoXXg62YfpM_clip0039_t00322,RoXXg62YfpM,322.818,325.118,2.3,1.0,1.0,7.69,/kaggle/working/clips/tier1/RoXXg62YfpM_clip0039_t00322.mp4
RoXXg62YfpM_clip0040_t00329,RoXXg62YfpM,329.762,333.31,3.548,1.0,1.0,9.38,/kaggle/working/clips/tier1/RoXXg62YfpM_clip0040_t00329.mp4
RoXXg62YfpM_clip0041_t00334,RoXXg62YfpM,334.21,339.742,5.532,1.0,1.0,9.39,/kaggle/working/clips/tier1/RoXXg62YfpM_clip0041_t00334.mp4
RoXXg62YfpM_clip0042_t00344,RoXXg62YfpM,344.546,352.958,8.412,1.0,1.0,10.03,/kaggle/working/clips/tier1/RoXXg62YfpM_clip0042_t00344.mp4
RoXXg62YfpM_clip0043_t00353,RoXXg62YfpM,353.218,355.838,2.62,1.0,1.0,10.19,/kaggle/working/clips/tier1/RoXXg62YfpM_clip0043_t00353.mp4
RoXXg62YfpM_clip0044_t00356,RoXXg62YfpM,356.098,358.75,2.652,1.0,1.0,10.85,/kaggle/working/clips/tier1/RoXXg62YfpM_clip0044_t00356.mp4
RoXXg62YfpM_clip0045_t00359,RoXXg62YfpM,359.01,366.59,7.58,1.0,1.0,9.38,/kaggle/working/clips/tier1/RoXXg62YfpM_clip0045_t00359.mp4
RoXXg62YfpM_clip0046_t00367,RoXXg62YfpM,367.074,370.59,3.516,1.0,1.0,9.83,/kaggle/working/clips/tier1/RoXXg62YfpM_clip0046_t00367.mp4
RoXXg62YfpM_clip0047_t00383,RoXXg62YfpM,383.202,386.942,3.74,1.0,1.0,8.41,/kaggle/working/clips/tier1/RoXXg62YfpM_clip0047_t00383.mp4
RoXXg62YfpM_clip0048_t00389,RoXXg62YfpM,389.09,393.086,3.996,1.0,1.0,9.01,/kaggle/working/clips/tier1/RoXXg62YfpM_clip0048_t00389.mp4
RoXXg62YfpM_clip0049_t00397,RoXXg62YfpM,397.026,399.486,2.46,1.0,1.0,8.18,/kaggle/working/clips/tier1/RoXXg62YfpM_clip0049_t00397.mp4
RoXXg62YfpM_clip0050_t00404,RoXXg62YfpM,404.482,408.062,3.58,1.0,1.0,7.88,/kaggle/working/clips/tier1/RoXXg62YfpM_clip0050_t00404.mp4
RoXXg62YfpM_clip0051_t00408,RoXXg62YfpM,408.29,413.406,5.116,1.0,1.0,10.36,/kaggle/working/clips/tier1/RoXXg62YfpM_clip0051_t00408.mp4
RoXXg62YfpM_clip0052_t00425,RoXXg62YfpM,425.506,427.902,2.396,1.0,1.0,9.79,/kaggle/working/clips/tier1/RoXXg62YfpM_clip0052_t00425.mp4
RoXXg62YfpM_clip0053_t00440,RoXXg62YfpM,440.354,444.798,4.444,1.0,1.0,9.41,/kaggle/working/clips/tier1/RoXXg62YfpM_clip0053_t00440.mp4
RoXXg62YfpM_clip0054_t00445,RoXXg62YfpM,445.922,448.894,2.972,1.0,1.0,10.53,/kaggle/working/clips/tier1/RoXXg62YfpM_clip0054_t00445.mp4
RoXXg62YfpM_clip0055_t00451,RoXXg62YfpM,451.394,453.502,2.108,1.0,1.0,9.7,/kaggle/working/clips/tier1/RoXXg62YfpM_clip0055_t00451.mp4
RoXXg62YfpM_clip0056_t00460,RoXXg62YfpM,460.098,462.814,2.716,1.0,1.0,8.2,/kaggle/working/clips/tier1/RoXXg62YfpM_clip0056_t00460.mp4
RoXXg62YfpM_clip0057_t00467,RoXXg62YfpM,467.714,471.422,3.708,1.0,1.0,9.39,/kaggle/working/clips/tier1/RoXXg62YfpM_clip0057_t00467.mp4
RoXXg62YfpM_clip0058_t00481,RoXXg62YfpM,481.154,483.614,2.46,1.0,1.0,10.34,/kaggle/working/clips/tier1/RoXXg62YfpM_clip0058_t00481.mp4
RoXXg62YfpM_clip0059_t00484,RoXXg62YfpM,484.866,487.23,2.364,1.0,1.0,8.56,/kaggle/working/clips/tier1/RoXXg62YfpM_clip0059_t00484.mp4
RoXXg62YfpM_clip0060_t00492,RoXXg62YfpM,492.93,495.166,2.236,1.0,1.0,9.28,/kaggle/working/clips/tier1/RoXXg62YfpM_clip0060_t00492.mp4
RoXXg62YfpM_clip0061_t00523,RoXXg62YfpM,523.202,527.294,4.092,1.0,1.0,10.26,/kaggle/working/clips/tier1/RoXXg62YfpM_clip0061_t00523.mp4
RoXXg62YfpM_clip0062_t00540,RoXXg62YfpM,540.386,545.246,4.86,1.0,1.0,9.9,/kaggle/working/clips/tier1/RoXXg62YfpM_clip0062_t00540.mp4
RoXXg62YfpM_clip0063_t00550,RoXXg62YfpM,550.914,553.406,2.492,1.0,1.0,10.42,/kaggle/working/clips/tier1/RoXXg62YfpM_clip0063_t00550.mp4
RoXXg62YfpM_clip0064_t00566,RoXXg62YfpM,566.402,568.702,2.3,1.0,1.0,8.37,/kaggle/working/clips/tier1/RoXXg62YfpM_clip0064_t00566.mp4
RoXXg62YfpM_clip0065_t00574,RoXXg62YfpM,574.818,576.894,2.076,1.0,1.0,8.41,/kaggle/working/clips/tier1/RoXXg62YfpM_clip0065_t00574.mp4
RoXXg62YfpM_clip0066_t00577,RoXXg62YfpM,577.698,579.87,2.172,1.0,1.0,9.5,/kaggle/working/clips/tier1/RoXXg62YfpM_clip0066_t00577.mp4
RoXXg62YfpM_clip0067_t00580,RoXXg62YfpM,580.706,583.646,2.94,1.0,1.0,8.5,/kaggle/working/clips/tier1/RoXXg62YfpM_clip0067_t00580.mp4
RoXXg62YfpM_clip0068_t00613,RoXXg62YfpM,613.282,616.126,2.844,1.0,1.0,8.69,/kaggle/working/clips/tier1/RoXXg62YfpM_clip0068_t00613.mp4
RoXXg62YfpM_clip0069_t00616,RoXXg62YfpM,616.578,621.406,4.828,1.0,1.0,7.56,/kaggle/working/clips/tier1/RoXXg62YfpM_clip0069_t00616.mp4
RoXXg62YfpM_clip0070_t00622,RoXXg62YfpM,622.722,625.31,2.588,1.0,1.0,9.93,/kaggle/working/clips/tier1/RoXXg62YfpM_clip0070_t00622.mp4
RoXXg62YfpM_clip0071_t00628,RoXXg62YfpM,628.002,630.43,2.428,1.0,1.0,9.68,/kaggle/working/clips/tier1/RoXXg62YfpM_clip0071_t00628.mp4
sDVTmdupGlg_clip0000_t00002,sDVTmdupGlg,2.178,4.254,2.076,1.0,1.0,8.49,/kaggle/working/clips/tier1/sDVTmdupGlg_clip0000_t00002.mp4
sDVTmdupGlg_clip0001_t00015,sDVTmdupGlg,15.522,17.598,2.076,1.0,1.0,8.97,/kaggle/working/clips/tier1/sDVTmdupGlg_clip0001_t00015.mp4
sDVTmdupGlg_clip0002_t00028,sDVTmdupGlg,28.834,31.038,2.204,1.0,1.0,10.13,/kaggle/working/clips/tier1/sDVTmdupGlg_clip0002_t00028.mp4
sDVTmdupGlg_clip0003_t00032,sDVTmdupGlg,32.802,40.094,7.292,1.0,1.0,11.33,/kaggle/working/clips/tier1/sDVTmdupGlg_clip0003_t00032.mp4
sDVTmdupGlg_clip0004_t00040,sDVTmdupGlg,40.29,42.302,2.012,1.0,1.0,9.44,/kaggle/working/clips/tier1/sDVTmdupGlg_clip0004_t00040.mp4
sDVTmdupGlg_clip0005_t00043,sDVTmdupGlg,43.138,54.366,11.228,1.0,1.0,11.47,/kaggle/working/clips/tier1/sDVTmdupGlg_clip0005_t00043.mp4
sDVTmdupGlg_clip0006_t00056,sDVTmdupGlg,56.386,67.134,10.748,1.0,1.0,11.86,/kaggle/working/clips/tier1/sDVTmdupGlg_clip0006_t00056.mp4
sDVTmdupGlg_clip0007_t00067,sDVTmdupGlg,67.362,70.942,3.58,1.0,1.0,12.78,/kaggle/working/clips/tier1/sDVTmdupGlg_clip0007_t00067.mp4
sDVTmdupGlg_clip0008_t00074,sDVTmdupGlg,74.082,82.782,8.7,1.0,1.0,10.57,/kaggle/working/clips/tier1/sDVTmdupGlg_clip0008_t00074.mp4
sDVTmdupGlg_clip0009_t00083,sDVTmdupGlg,83.106,90.398,7.292,1.0,1.0,12.0,/kaggle/working/clips/tier1/sDVTmdupGlg_clip0009_t00083.mp4
sDVTmdupGlg_clip0010_t00100,sDVTmdupGlg,100.578,105.342,4.764,1.0,1.0,12.64,/kaggle/working/clips/tier1/sDVTmdupGlg_clip0010_t00100.mp4
sDVTmdupGlg_clip0011_t00113,sDVTmdupGlg,113.762,117.022,3.26,1.0,1.0,10.84,/kaggle/working/clips/tier1/sDVTmdupGlg_clip0011_t00113.mp4
sDVTmdupGlg_clip0012_t00119,sDVTmdupGlg,119.33,122.494,3.164,1.0,1.0,13.34,/kaggle/working/clips/tier1/sDVTmdupGlg_clip0012_t00119.mp4
sDVTmdupGlg_clip0013_t00124,sDVTmdupGlg,124.194,128.062,3.868,1.0,1.0,8.15,/kaggle/working/clips/tier1/sDVTmdupGlg_clip0013_t00124.mp4
sDVTmdupGlg_clip0014_t00128,sDVTmdupGlg,128.162,130.238,2.076,1.0,1.0,9.05,/kaggle/working/clips/tier1/sDVTmdupGlg_clip0014_t00128.mp4
sDVTmdupGlg_clip0015_t00130,sDVTmdupGlg,130.402,133.598,3.196,1.0,1.0,11.12,/kaggle/working/clips/tier1/sDVTmdupGlg_clip0015_t00130.mp4
sDVTmdupGlg_clip0016_t00136,sDVTmdupGlg,136.93,140.606,3.676,1.0,1.0,11.74,/kaggle/working/clips/tier1/sDVTmdupGlg_clip0016_t00136.mp4
sDVTmdupGlg_clip0017_t00141,sDVTmdupGlg,141.154,146.174,5.02,1.0,1.0,9.97,/kaggle/working/clips/tier1/sDVTmdupGlg_clip0017_t00141.mp4
sDVTmdupGlg_clip0018_t00154,sDVTmdupGlg,154.722,157.662,2.94,1.0,1.0,11.01,/kaggle/working/clips/tier1/sDVTmdupGlg_clip0018_t00154.mp4
sDVTmdupGlg_clip0019_t00161,sDVTmdupGlg,161.41,164.478,3.068,1.0,1.0,11.27,/kaggle/working/clips/tier1/sDVTmdupGlg_clip0019_t00161.mp4
sDVTmdupGlg_clip0020_t00165,sDVTmdupGlg,165.25,168.158,2.908,1.0,1.0,10.2,/kaggle/working/clips/tier1/sDVTmdupGlg_clip0020_t00165.mp4
sDVTmdupGlg_clip0021_t00168,sDVTmdupGlg,168.258,176.638,8.38,1.0,1.0,9.83,/kaggle/working/clips/tier1/sDVTmdupGlg_clip0021_t00168.mp4
sDVTmdupGlg_clip0022_t00176,sDVTmdupGlg,176.834,188.798,11.964,1.0,1.0,9.97,/kaggle/working/clips/tier1/sDVTmdupGlg_clip0022_t00176.mp4
sDVTmdupGlg_clip0023_t00188,sDVTmdupGlg,188.93,193.342,4.412,1.0,1.0,10.98,/kaggle/working/clips/tier1/sDVTmdupGlg_clip0023_t00188.mp4
sDVTmdupGlg_clip0024_t00197,sDVTmdupGlg,197.954,202.27,4.316,1.0,1.0,12.53,/kaggle/working/clips/tier1/sDVTmdupGlg_clip0024_t00197.mp4
sDVTmdupGlg_clip0025_t00210,sDVTmdupGlg,210.722,214.494,3.772,1.0,1.0,12.45,/kaggle/working/clips/tier1/sDVTmdupGlg_clip0025_t00210.mp4
sDVTmdupGlg_clip0026_t00215,sDVTmdupGlg,215.33,218.366,3.036,1.0,1.0,11.54,/kaggle/working/clips/tier1/sDVTmdupGlg_clip0026_t00215.mp4
sDVTmdupGlg_clip0027_t00218,sDVTmdupGlg,218.53,227.646,9.116,1.0,1.0,11.26,/kaggle/working/clips/tier1/sDVTmdupGlg_clip0027_t00218.mp4
sDVTmdupGlg_clip0028_t00235,sDVTmdupGlg,235.746,237.79,2.044,1.0,1.0,9.32,/kaggle/working/clips/tier1/sDVTmdupGlg_clip0028_t00235.mp4
sDVTmdupGlg_clip0029_t00243,sDVTmdupGlg,243.746,245.918,2.172,1.0,1.0,11.01,/kaggle/working/clips/tier1/sDVTmdupGlg_clip0029_t00243.mp4
sDVTmdupGlg_clip0030_t00246,sDVTmdupGlg,246.082,248.51,2.428,1.0,1.0,11.26,/kaggle/working/clips/tier1/sDVTmdupGlg_clip0030_t00246.mp4
sDVTmdupGlg_clip0031_t00257,sDVTmdupGlg,257.794,260.254,2.46,1.0,1.0,9.62,/kaggle/working/clips/tier1/sDVTmdupGlg_clip0031_t00257.mp4
sDVTmdupGlg_clip0032_t00273,sDVTmdupGlg,273.634,276.734,3.1,1.0,1.0,13.67,/kaggle/working/clips/tier1/sDVTmdupGlg_clip0032_t00273.mp4
sDVTmdupGlg_clip0033_t00278,sDVTmdupGlg,278.242,285.566,7.324,1.0,1.0,11.03,/kaggle/working/clips/tier1/sDVTmdupGlg_clip0033_t00278.mp4
sDVTmdupGlg_clip0034_t00285,sDVTmdupGlg,285.698,288.702,3.004,1.0,1.0,11.18,/kaggle/working/clips/tier1/sDVTmdupGlg_clip0034_t00285.mp4
sDVTmdupGlg_clip0035_t00292,sDVTmdupGlg,292.29,295.166,2.876,1.0,1.0,11.32,/kaggle/working/clips/tier1/sDVTmdupGlg_clip0035_t00292.mp4
sDVTmdupGlg_clip0036_t00295,sDVTmdupGlg,295.586,303.006,7.42,1.0,1.0,10.75,/kaggle/working/clips/tier1/sDVTmdupGlg_clip0036_t00295.mp4
sDVTmdupGlg_clip0037_t00303,sDVTmdupGlg,303.106,306.814,3.708,1.0,1.0,11.03,/kaggle/working/clips/tier1/sDVTmdupGlg_clip0037_t00303.mp4
sDVTmdupGlg_clip0038_t00312,sDVTmdupGlg,312.802,315.742,2.94,1.0,1.0,9.01,/kaggle/working/clips/tier1/sDVTmdupGlg_clip0038_t00312.mp4
sDVTmdupGlg_clip0039_t00327,sDVTmdupGlg,327.714,331.678,3.964,1.0,1.0,11.55,/kaggle/working/clips/tier1/sDVTmdupGlg_clip0039_t00327.mp4
sDVTmdupGlg_clip0040_t00349,sDVTmdupGlg,349.634,354.634,5.0,1.0,1.0,10.46,/kaggle/working/clips/tier1/sDVTmdupGlg_clip0040_t00349.mp4
sDVTmdupGlg_clip0041_t00357,sDVTmdupGlg,357.634,362.634,5.0,1.0,1.0,12.35,/kaggle/working/clips/tier1/sDVTmdupGlg_clip0041_t00357.mp4
sDVTmdupGlg_clip0042_t00361,sDVTmdupGlg,361.634,366.634,5.0,1.0,1.0,11.6,/kaggle/working/clips/tier1/sDVTmdupGlg_clip0042_t00361.mp4
sDVTmdupGlg_clip0043_t00365,sDVTmdupGlg,365.634,370.634,5.0,1.0,1.0,11.69,/kaggle/working/clips/tier1/sDVTmdupGlg_clip0043_t00365.mp4
sDVTmdupGlg_clip0044_t00369,sDVTmdupGlg,369.634,374.634,5.0,1.0,1.0,11.23,/kaggle/working/clips/tier1/sDVTmdupGlg_clip0044_t00369.mp4
sDVTmdupGlg_clip0045_t00373,sDVTmdupGlg,373.634,377.182,3.548,1.0,1.0,11.02,/kaggle/working/clips/tier1/sDVTmdupGlg_clip0045_t00373.mp4
sDVTmdupGlg_clip0046_t00385,sDVTmdupGlg,385.506,390.506,5.0,1.0,1.0,12.01,/kaggle/working/clips/tier1/sDVTmdupGlg_clip0046_t00385.mp4
sDVTmdupGlg_clip0047_t00389,sDVTmdupGlg,389.506,394.506,5.0,1.0,1.0,11.76,/kaggle/working/clips/tier1/sDVTmdupGlg_clip0047_t00389.mp4
sDVTmdupGlg_clip0048_t00393,sDVTmdupGlg,393.506,396.19,2.684,1.0,1.0,11.06,/kaggle/working/clips/tier1/sDVTmdupGlg_clip0048_t00393.mp4
sDVTmdupGlg_clip0049_t00401,sDVTmdupGlg,401.474,406.474,5.0,1.0,1.0,10.85,/kaggle/working/clips/tier1/sDVTmdupGlg_clip0049_t00401.mp4
sDVTmdupGlg_clip0050_t00405,sDVTmdupGlg,405.474,410.474,5.0,1.0,1.0,12.11,/kaggle/working/clips/tier1/sDVTmdupGlg_clip0050_t00405.mp4
sDVTmdupGlg_clip0051_t00423,sDVTmdupGlg,423.01,426.174,3.164,1.0,1.0,10.21,/kaggle/working/clips/tier1/sDVTmdupGlg_clip0051_t00423.mp4
sDVTmdupGlg_clip0052_t00435,sDVTmdupGlg,435.81,442.622,6.812,1.0,1.0,10.95,/kaggle/working/clips/tier1/sDVTmdupGlg_clip0052_t00435.mp4
sDVTmdupGlg_clip0053_t00442,sDVTmdupGlg,442.754,445.886,3.132,1.0,1.0,12.02,/kaggle/working/clips/tier1/sDVTmdupGlg_clip0053_t00442.mp4
sDVTmdupGlg_clip0054_t00446,sDVTmdupGlg,446.274,451.23,4.956,1.0,1.0,12.94,/kaggle/working/clips/tier1/sDVTmdupGlg_clip0054_t00446.mp4
sDVTmdupGlg_clip0055_t00452,sDVTmdupGlg,452.45,462.974,10.524,1.0,1.0,13.11,/kaggle/working/clips/tier1/sDVTmdupGlg_clip0055_t00452.mp4
sDVTmdupGlg_clip0056_t00464,sDVTmdupGlg,464.674,467.006,2.332,1.0,1.0,11.48,/kaggle/working/clips/tier1/sDVTmdupGlg_clip0056_t00464.mp4
sDVTmdupGlg_clip0057_t00483,sDVTmdupGlg,483.874,488.874,5.0,1.0,1.0,10.34,/kaggle/working/clips/tier1/sDVTmdupGlg_clip0057_t00483.mp4
sDVTmdupGlg_clip0058_t00487,sDVTmdupGlg,487.874,492.874,5.0,1.0,1.0,10.11,/kaggle/working/clips/tier1/sDVTmdupGlg_clip0058_t00487.mp4
sDVTmdupGlg_clip0059_t00491,sDVTmdupGlg,491.874,496.874,5.0,1.0,1.0,9.13,/kaggle/working/clips/tier1/sDVTmdupGlg_clip0059_t00491.mp4
sDVTmdupGlg_clip0060_t00499,sDVTmdupGlg,499.874,504.874,5.0,1.0,1.0,12.0,/kaggle/working/clips/tier1/sDVTmdupGlg_clip0060_t00499.mp4
sDVTmdupGlg_clip0061_t00503,sDVTmdupGlg,503.874,508.874,5.0,1.0,1.0,11.81,/kaggle/working/clips/tier1/sDVTmdupGlg_clip0061_t00503.mp4
sDVTmdupGlg_clip0062_t00521,sDVTmdupGlg,521.506,526.506,5.0,1.0,1.0,9.83,/kaggle/working/clips/tier1/sDVTmdupGlg_clip0062_t00521.mp4
sDVTmdupGlg_clip0063_t00525,sDVTmdupGlg,525.506,530.506,5.0,1.0,1.0,11.98,/kaggle/working/clips/tier1/sDVTmdupGlg_clip0063_t00525.mp4
sDVTmdupGlg_clip0064_t00529,sDVTmdupGlg,529.506,532.83,3.324,1.0,1.0,9.86,/kaggle/working/clips/tier1/sDVTmdupGlg_clip0064_t00529.mp4
sDVTmdupGlg_clip0065_t00532,sDVTmdupGlg,532.93,539.518,6.588,1.0,1.0,11.47,/kaggle/working/clips/tier1/sDVTmdupGlg_clip0065_t00532.mp4
sDVTmdupGlg_clip0066_t00573,sDVTmdupGlg,573.73,577.086,3.356,1.0,1.0,11.27,/kaggle/working/clips/tier1/sDVTmdupGlg_clip0066_t00573.mp4
RY6V7DqGnTw_clip0000_t00058,RY6V7DqGnTw,58.978,61.406,2.428,1.0,1.0,0.08,/kaggle/working/clips/tier1/RY6V7DqGnTw_clip0000_t00058.mp4
RY6V7DqGnTw_clip0001_t00065,RY6V7DqGnTw,65.794,68.35,2.556,1.0,1.0,-3.22,/kaggle/working/clips/tier1/RY6V7DqGnTw_clip0001_t00065.mp4
RY6V7DqGnTw_clip0002_t00071,RY6V7DqGnTw,71.138,73.662,2.524,1.0,1.0,-1.03,/kaggle/working/clips/tier1/RY6V7DqGnTw_clip0002_t00071.mp4
RY6V7DqGnTw_clip0003_t00077,RY6V7DqGnTw,77.378,79.422,2.044,1.0,1.0,-0.94,/kaggle/working/clips/tier1/RY6V7DqGnTw_clip0003_t00077.mp4
RY6V7DqGnTw_clip0004_t00092,RY6V7DqGnTw,92.642,98.622,5.98,1.0,1.0,8.8,/kaggle/working/clips/tier1/RY6V7DqGnTw_clip0004_t00092.mp4
RY6V7DqGnTw_clip0005_t00103,RY6V7DqGnTw,103.682,106.878,3.196,1.0,1.0,-0.17,/kaggle/working/clips/tier1/RY6V7DqGnTw_clip0005_t00103.mp4
RY6V7DqGnTw_clip0006_t00107,RY6V7DqGnTw,107.298,113.15,5.852,1.0,1.0,7.88,/kaggle/working/clips/tier1/RY6V7DqGnTw_clip0006_t00107.mp4
RY6V7DqGnTw_clip0007_t00113,RY6V7DqGnTw,113.762,118.59,4.828,1.0,1.0,-3.21,/kaggle/working/clips/tier1/RY6V7DqGnTw_clip0007_t00113.mp4
RY6V7DqGnTw_clip0008_t00119,RY6V7DqGnTw,119.042,122.43,3.388,1.0,1.0,-2.06,/kaggle/working/clips/tier1/RY6V7DqGnTw_clip0008_t00119.mp4
RY6V7DqGnTw_clip0009_t00122,RY6V7DqGnTw,122.882,126.814,3.932,1.0,1.0,8.65,/kaggle/working/clips/tier1/RY6V7DqGnTw_clip0009_t00122.mp4
RY6V7DqGnTw_clip0010_t00127,RY6V7DqGnTw,127.298,135.71,8.412,1.0,1.0,8.83,/kaggle/working/clips/tier1/RY6V7DqGnTw_clip0010_t00127.mp4
RY6V7DqGnTw_clip0011_t00141,RY6V7DqGnTw,141.762,146.762,5.0,1.0,1.0,5.53,/kaggle/working/clips/tier1/RY6V7DqGnTw_clip0011_t00141.mp4
RY6V7DqGnTw_clip0012_t00145,RY6V7DqGnTw,145.762,150.762,5.0,1.0,1.0,9.5,/kaggle/working/clips/tier1/RY6V7DqGnTw_clip0012_t00145.mp4
RY6V7DqGnTw_clip0013_t00149,RY6V7DqGnTw,149.762,154.718,4.956,1.0,1.0,9.42,/kaggle/working/clips/tier1/RY6V7DqGnTw_clip0013_t00149.mp4
RY6V7DqGnTw_clip0014_t00159,RY6V7DqGnTw,159.234,163.934,4.7,1.0,1.0,-0.64,/kaggle/working/clips/tier1/RY6V7DqGnTw_clip0014_t00159.mp4
RY6V7DqGnTw_clip0015_t00168,RY6V7DqGnTw,168.77,171.358,2.588,1.0,1.0,10.0,/kaggle/working/clips/tier1/RY6V7DqGnTw_clip0015_t00168.mp4
RY6V7DqGnTw_clip0016_t00171,RY6V7DqGnTw,171.458,176.222,4.764,1.0,1.0,9.5,/kaggle/working/clips/tier1/RY6V7DqGnTw_clip0016_t00171.mp4
RY6V7DqGnTw_clip0017_t00176,RY6V7DqGnTw,176.834,180.51,3.676,1.0,1.0,-3.82,/kaggle/working/clips/tier1/RY6V7DqGnTw_clip0017_t00176.mp4
RY6V7DqGnTw_clip0018_t00186,RY6V7DqGnTw,186.114,190.43,4.316,1.0,1.0,5.82,/kaggle/working/clips/tier1/RY6V7DqGnTw_clip0018_t00186.mp4
RY6V7DqGnTw_clip0019_t00192,RY6V7DqGnTw,192.322,196.094,3.772,1.0,1.0,14.14,/kaggle/working/clips/tier1/RY6V7DqGnTw_clip0019_t00192.mp4
RY6V7DqGnTw_clip0020_t00197,RY6V7DqGnTw,197.026,202.59,5.564,1.0,1.0,23.96,/kaggle/working/clips/tier1/RY6V7DqGnTw_clip0020_t00197.mp4
RY6V7DqGnTw_clip0021_t00206,RY6V7DqGnTw,206.69,214.654,7.964,1.0,1.0,24.22,/kaggle/working/clips/tier1/RY6V7DqGnTw_clip0021_t00206.mp4
RY6V7DqGnTw_clip0022_t00214,RY6V7DqGnTw,214.786,218.622,3.836,1.0,1.0,17.95,/kaggle/working/clips/tier1/RY6V7DqGnTw_clip0022_t00214.mp4
RY6V7DqGnTw_clip0023_t00219,RY6V7DqGnTw,219.874,226.206,6.332,1.0,1.0,21.06,/kaggle/working/clips/tier1/RY6V7DqGnTw_clip0023_t00219.mp4
RY6V7DqGnTw_clip0024_t00228,RY6V7DqGnTw,228.45,231.422,2.972,1.0,1.0,15.35,/kaggle/working/clips/tier1/RY6V7DqGnTw_clip0024_t00228.mp4
RY6V7DqGnTw_clip0025_t00232,RY6V7DqGnTw,232.226,234.302,2.076,1.0,1.0,4.61,/kaggle/working/clips/tier1/RY6V7DqGnTw_clip0025_t00232.mp4
RY6V7DqGnTw_clip0026_t00235,RY6V7DqGnTw,235.49,238.526,3.036,1.0,1.0,14.59,/kaggle/working/clips/tier1/RY6V7DqGnTw_clip0026_t00235.mp4
RY6V7DqGnTw_clip0027_t00243,RY6V7DqGnTw,243.17,245.534,2.364,1.0,1.0,5.47,/kaggle/working/clips/tier1/RY6V7DqGnTw_clip0027_t00243.mp4
RY6V7DqGnTw_clip0028_t00245,RY6V7DqGnTw,245.73,250.73,5.0,1.0,1.0,16.41,/kaggle/working/clips/tier1/RY6V7DqGnTw_clip0028_t00245.mp4
RY6V7DqGnTw_clip0029_t00249,RY6V7DqGnTw,249.73,254.73,5.0,1.0,1.0,21.45,/kaggle/working/clips/tier1/RY6V7DqGnTw_clip0029_t00249.mp4
RY6V7DqGnTw_clip0030_t00253,RY6V7DqGnTw,253.73,258.73,5.0,1.0,1.0,14.58,/kaggle/working/clips/tier1/RY6V7DqGnTw_clip0030_t00253.mp4
RY6V7DqGnTw_clip0031_t00260,RY6V7DqGnTw,260.706,266.494,5.788,1.0,1.0,20.6,/kaggle/working/clips/tier1/RY6V7DqGnTw_clip0031_t00260.mp4
RY6V7DqGnTw_clip0032_t00270,RY6V7DqGnTw,270.658,273.31,2.652,1.0,1.0,7.41,/kaggle/working/clips/tier1/RY6V7DqGnTw_clip0032_t00270.mp4
RY6V7DqGnTw_clip0033_t00273,RY6V7DqGnTw,273.634,276.126,2.492,1.0,1.0,15.27,/kaggle/working/clips/tier1/RY6V7DqGnTw_clip0033_t00273.mp4
RY6V7DqGnTw_clip0034_t00281,RY6V7DqGnTw,281.858,283.87,2.012,1.0,1.0,8.93,/kaggle/working/clips/tier1/RY6V7DqGnTw_clip0034_t00281.mp4
RY6V7DqGnTw_clip0035_t00289,RY6V7DqGnTw,289.25,291.39,2.14,1.0,1.0,5.92,/kaggle/working/clips/tier1/RY6V7DqGnTw_clip0035_t00289.mp4
RY6V7DqGnTw_clip0036_t00294,RY6V7DqGnTw,294.274,296.766,2.492,1.0,1.0,0.63,/kaggle/working/clips/tier1/RY6V7DqGnTw_clip0036_t00294.mp4
RY6V7DqGnTw_clip0037_t00300,RY6V7DqGnTw,300.066,303.582,3.516,1.0,1.0,14.86,/kaggle/working/clips/tier1/RY6V7DqGnTw_clip0037_t00300.mp4
RY6V7DqGnTw_clip0038_t00312,RY6V7DqGnTw,312.418,320.958,8.54,1.0,1.0,21.1,/kaggle/working/clips/tier1/RY6V7DqGnTw_clip0038_t00312.mp4
RY6V7DqGnTw_clip0039_t00326,RY6V7DqGnTw,326.69,328.702,2.012,1.0,1.0,8.8,/kaggle/working/clips/tier1/RY6V7DqGnTw_clip0039_t00326.mp4
RY6V7DqGnTw_clip0040_t00330,RY6V7DqGnTw,330.498,335.498,5.0,1.0,1.0,22.55,/kaggle/working/clips/tier1/RY6V7DqGnTw_clip0040_t00330.mp4
RY6V7DqGnTw_clip0041_t00334,RY6V7DqGnTw,334.498,339.498,5.0,1.0,1.0,21.18,/kaggle/working/clips/tier1/RY6V7DqGnTw_clip0041_t00334.mp4
RY6V7DqGnTw_clip0042_t00338,RY6V7DqGnTw,338.498,343.498,5.0,1.0,1.0,18.22,/kaggle/working/clips/tier1/RY6V7DqGnTw_clip0042_t00338.mp4
RY6V7DqGnTw_clip0043_t00346,RY6V7DqGnTw,346.178,351.23,5.052,1.0,1.0,5.18,/kaggle/working/clips/tier1/RY6V7DqGnTw_clip0043_t00346.mp4
RY6V7DqGnTw_clip0044_t00353,RY6V7DqGnTw,353.026,357.822,4.796,1.0,1.0,8.02,/kaggle/working/clips/tier1/RY6V7DqGnTw_clip0044_t00353.mp4
RY6V7DqGnTw_clip0045_t00358,RY6V7DqGnTw,358.53,361.342,2.812,1.0,1.0,4.05,/kaggle/working/clips/tier1/RY6V7DqGnTw_clip0045_t00358.mp4
RY6V7DqGnTw_clip0046_t00361,RY6V7DqGnTw,361.986,365.758,3.772,1.0,1.0,18.71,/kaggle/working/clips/tier1/RY6V7DqGnTw_clip0046_t00361.mp4
RY6V7DqGnTw_clip0047_t00365,RY6V7DqGnTw,365.89,368.094,2.204,1.0,1.0,16.03,/kaggle/working/clips/tier1/RY6V7DqGnTw_clip0047_t00365.mp4
RY6V7DqGnTw_clip0048_t00369,RY6V7DqGnTw,369.25,372.03,2.78,1.0,1.0,8.23,/kaggle/working/clips/tier1/RY6V7DqGnTw_clip0048_t00369.mp4
RY6V7DqGnTw_clip0049_t00372,RY6V7DqGnTw,372.514,374.686,2.172,1.0,1.0,5.68,/kaggle/working/clips/tier1/RY6V7DqGnTw_clip0049_t00372.mp4
RY6V7DqGnTw_clip0050_t00375,RY6V7DqGnTw,375.298,379.774,4.476,1.0,1.0,11.4,/kaggle/working/clips/tier1/RY6V7DqGnTw_clip0050_t00375.mp4
RY6V7DqGnTw_clip0051_t00380,RY6V7DqGnTw,380.162,391.326,11.164,1.0,1.0,16.25,/kaggle/working/clips/tier1/RY6V7DqGnTw_clip0051_t00380.mp4
RY6V7DqGnTw_clip0052_t00391,RY6V7DqGnTw,391.938,399.038,7.1,1.0,1.0,18.34,/kaggle/working/clips/tier1/RY6V7DqGnTw_clip0052_t00391.mp4
RY6V7DqGnTw_clip0053_t00405,RY6V7DqGnTw,405.41,409.726,4.316,1.0,1.0,17.4,/kaggle/working/clips/tier1/RY6V7DqGnTw_clip0053_t00405.mp4
RY6V7DqGnTw_clip0054_t00415,RY6V7DqGnTw,415.554,421.47,5.916,1.0,1.0,19.03,/kaggle/working/clips/tier1/RY6V7DqGnTw_clip0054_t00415.mp4
RY6V7DqGnTw_clip0055_t00421,RY6V7DqGnTw,421.954,426.954,5.0,1.0,1.0,15.87,/kaggle/working/clips/tier1/RY6V7DqGnTw_clip0055_t00421.mp4
RY6V7DqGnTw_clip0056_t00425,RY6V7DqGnTw,425.954,430.954,5.0,1.0,1.0,18.99,/kaggle/working/clips/tier1/RY6V7DqGnTw_clip0056_t00425.mp4
RY6V7DqGnTw_clip0057_t00429,RY6V7DqGnTw,429.954,434.954,5.0,1.0,1.0,18.46,/kaggle/working/clips/tier1/RY6V7DqGnTw_clip0057_t00429.mp4
RY6V7DqGnTw_clip0058_t00433,RY6V7DqGnTw,433.954,436.99,3.036,1.0,1.0,17.78,/kaggle/working/clips/tier1/RY6V7DqGnTw_clip0058_t00433.mp4
RY6V7DqGnTw_clip0059_t00438,RY6V7DqGnTw,438.69,442.27,3.58,1.0,1.0,10.32,/kaggle/working/clips/tier1/RY6V7DqGnTw_clip0059_t00438.mp4
RY6V7DqGnTw_clip0060_t00442,RY6V7DqGnTw,442.594,450.942,8.348,1.0,1.0,18.45,/kaggle/working/clips/tier1/RY6V7DqGnTw_clip0060_t00442.mp4
RY6V7DqGnTw_clip0061_t00451,RY6V7DqGnTw,451.618,454.174,2.556,1.0,1.0,2.52,/kaggle/working/clips/tier1/RY6V7DqGnTw_clip0061_t00451.mp4
RY6V7DqGnTw_clip0062_t00461,RY6V7DqGnTw,461.346,463.518,2.172,1.0,1.0,4.43,/kaggle/working/clips/tier1/RY6V7DqGnTw_clip0062_t00461.mp4
RY6V7DqGnTw_clip0063_t00463,RY6V7DqGnTw,463.682,472.83,9.148,1.0,1.0,18.5,/kaggle/working/clips/tier1/RY6V7DqGnTw_clip0063_t00463.mp4
RY6V7DqGnTw_clip0064_t00472,RY6V7DqGnTw,472.994,476.446,3.452,1.0,1.0,17.57,/kaggle/working/clips/tier1/RY6V7DqGnTw_clip0064_t00472.mp4
RY6V7DqGnTw_clip0065_t00477,RY6V7DqGnTw,477.826,485.214,7.388,1.0,1.0,16.17,/kaggle/working/clips/tier1/RY6V7DqGnTw_clip0065_t00477.mp4
RY6V7DqGnTw_clip0066_t00487,RY6V7DqGnTw,487.17,493.054,5.884,1.0,1.0,16.74,/kaggle/working/clips/tier1/RY6V7DqGnTw_clip0066_t00487.mp4
RY6V7DqGnTw_clip0067_t00493,RY6V7DqGnTw,493.218,496.862,3.644,1.0,1.0,16.22,/kaggle/working/clips/tier1/RY6V7DqGnTw_clip0067_t00493.mp4
RY6V7DqGnTw_clip0068_t00498,RY6V7DqGnTw,498.082,500.542,2.46,1.0,1.0,7.94,/kaggle/working/clips/tier1/RY6V7DqGnTw_clip0068_t00498.mp4
RY6V7DqGnTw_clip0069_t00501,RY6V7DqGnTw,501.922,510.11,8.188,1.0,1.0,15.97,/kaggle/working/clips/tier1/RY6V7DqGnTw_clip0069_t00501.mp4
RY6V7DqGnTw_clip0070_t00513,RY6V7DqGnTw,513.858,520.958,7.1,1.0,1.0,17.15,/kaggle/working/clips/tier1/RY6V7DqGnTw_clip0070_t00513.mp4
RY6V7DqGnTw_clip0071_t00521,RY6V7DqGnTw,521.058,524.414,3.356,1.0,1.0,17.24,/kaggle/working/clips/tier1/RY6V7DqGnTw_clip0071_t00521.mp4
RY6V7DqGnTw_clip0072_t00527,RY6V7DqGnTw,527.042,529.054,2.012,1.0,1.0,6.06,/kaggle/working/clips/tier1/RY6V7DqGnTw_clip0072_t00527.mp4
RY6V7DqGnTw_clip0073_t00529,RY6V7DqGnTw,529.282,531.806,2.524,1.0,1.0,1.68,/kaggle/working/clips/tier1/RY6V7DqGnTw_clip0073_t00529.mp4
RY6V7DqGnTw_clip0074_t00532,RY6V7DqGnTw,532.066,534.494,2.428,1.0,1.0,6.01,/kaggle/working/clips/tier1/RY6V7DqGnTw_clip0074_t00532.mp4
RY6V7DqGnTw_clip0075_t00535,RY6V7DqGnTw,535.01,542.974,7.964,1.0,1.0,17.49,/kaggle/working/clips/tier1/RY6V7DqGnTw_clip0075_t00535.mp4
RY6V7DqGnTw_clip0076_t00545,RY6V7DqGnTw,545.282,553.694,8.412,1.0,1.0,16.6,/kaggle/working/clips/tier1/RY6V7DqGnTw_clip0076_t00545.mp4
RY6V7DqGnTw_clip0077_t00553,RY6V7DqGnTw,553.826,556.734,2.908,1.0,1.0,17.91,/kaggle/working/clips/tier1/RY6V7DqGnTw_clip0077_t00553.mp4
RY6V7DqGnTw_clip0078_t00561,RY6V7DqGnTw,561.218,563.934,2.716,1.0,1.0,7.72,/kaggle/working/clips/tier1/RY6V7DqGnTw_clip0078_t00561.mp4
RY6V7DqGnTw_clip0079_t00564,RY6V7DqGnTw,564.162,570.974,6.812,1.0,1.0,17.9,/kaggle/working/clips/tier1/RY6V7DqGnTw_clip0079_t00564.mp4
RY6V7DqGnTw_clip0080_t00571,RY6V7DqGnTw,571.618,574.302,2.684,1.0,1.0,1.04,/kaggle/working/clips/tier1/RY6V7DqGnTw_clip0080_t00571.mp4
RY6V7DqGnTw_clip0081_t00575,RY6V7DqGnTw,575.234,586.686,11.452,1.0,1.0,16.44,/kaggle/working/clips/tier1/RY6V7DqGnTw_clip0081_t00575.mp4
RY6V7DqGnTw_clip0082_t00588,RY6V7DqGnTw,588.098,593.278,5.18,1.0,1.0,5.71,/kaggle/working/clips/tier1/RY6V7DqGnTw_clip0082_t00588.mp4
RY6V7DqGnTw_clip0083_t00596,RY6V7DqGnTw,596.738,606.366,9.628,1.0,1.0,16.1,/kaggle/working/clips/tier1/RY6V7DqGnTw_clip0083_t00596.mp4
RY6V7DqGnTw_clip0084_t00613,RY6V7DqGnTw,613.794,617.918,4.124,1.0,1.0,12.26,/kaggle/working/clips/tier1/RY6V7DqGnTw_clip0084_t00613.mp4
RY6V7DqGnTw_clip0085_t00618,RY6V7DqGnTw,618.114,623.39,5.276,1.0,1.0,17.7,/kaggle/working/clips/tier1/RY6V7DqGnTw_clip0085_t00618.mp4
RY6V7DqGnTw_clip0086_t00629,RY6V7DqGnTw,629.474,632.638,3.164,1.0,1.0,5.1,/kaggle/working/clips/tier1/RY6V7DqGnTw_clip0086_t00629.mp4
RY6V7DqGnTw_clip0087_t00633,RY6V7DqGnTw,633.57,637.822,4.252,1.0,1.0,18.34,/kaggle/working/clips/tier1/RY6V7DqGnTw_clip0087_t00633.mp4
RY6V7DqGnTw_clip0088_t00638,RY6V7DqGnTw,638.146,641.95,3.804,1.0,1.0,17.7,/kaggle/working/clips/tier1/RY6V7DqGnTw_clip0088_t00638.mp4
RY6V7DqGnTw_clip0089_t00646,RY6V7DqGnTw,646.658,648.67,2.012,1.0,1.0,3.76,/kaggle/working/clips/tier1/RY6V7DqGnTw_clip0089_t00646.mp4
RY6V7DqGnTw_clip0090_t00648,RY6V7DqGnTw,648.93,653.918,4.988,1.0,1.0,18.78,/kaggle/working/clips/tier1/RY6V7DqGnTw_clip0090_t00648.mp4
RY6V7DqGnTw_clip0091_t00654,RY6V7DqGnTw,654.21,661.118,6.908,1.0,1.0,17.19,/kaggle/working/clips/tier1/RY6V7DqGnTw_clip0091_t00654.mp4
RY6V7DqGnTw_clip0092_t00664,RY6V7DqGnTw,664.578,667.038,2.46,1.0,1.0,2.35,/kaggle/working/clips/tier1/RY6V7DqGnTw_clip0092_t00664.mp4
RY6V7DqGnTw_clip0093_t00667,RY6V7DqGnTw,667.33,670.942,3.612,1.0,1.0,4.81,/kaggle/working/clips/tier1/RY6V7DqGnTw_clip0093_t00667.mp4
RY6V7DqGnTw_clip0094_t00674,RY6V7DqGnTw,674.306,679.262,4.956,1.0,1.0,3.62,/kaggle/working/clips/tier1/RY6V7DqGnTw_clip0094_t00674.mp4
RY6V7DqGnTw_clip0095_t00681,RY6V7DqGnTw,681.858,686.858,5.0,1.0,1.0,13.31,/kaggle/working/clips/tier1/RY6V7DqGnTw_clip0095_t00681.mp4
RY6V7DqGnTw_clip0096_t00685,RY6V7DqGnTw,685.858,690.858,5.0,1.0,1.0,19.06,/kaggle/working/clips/tier1/RY6V7DqGnTw_clip0096_t00685.mp4
RY6V7DqGnTw_clip0097_t00689,RY6V7DqGnTw,689.858,694.858,5.0,1.0,1.0,18.23,/kaggle/working/clips/tier1/RY6V7DqGnTw_clip0097_t00689.mp4
RY6V7DqGnTw_clip0098_t00693,RY6V7DqGnTw,693.858,697.726,3.868,1.0,1.0,16.96,/kaggle/working/clips/tier1/RY6V7DqGnTw_clip0098_t00693.mp4
RY6V7DqGnTw_clip0099_t00700,RY6V7DqGnTw,700.322,702.974,2.652,1.0,1.0,6.49,/kaggle/working/clips/tier1/RY6V7DqGnTw_clip0099_t00700.mp4
RY6V7DqGnTw_clip0100_t00703,RY6V7DqGnTw,703.682,712.446,8.764,1.0,1.0,16.66,/kaggle/working/clips/tier1/RY6V7DqGnTw_clip0100_t00703.mp4
RY6V7DqGnTw_clip0101_t00713,RY6V7DqGnTw,713.058,715.326,2.268,1.0,1.0,17.13,/kaggle/working/clips/tier1/RY6V7DqGnTw_clip0101_t00713.mp4
RY6V7DqGnTw_clip0102_t00716,RY6V7DqGnTw,716.194,721.374,5.18,1.0,1.0,16.14,/kaggle/working/clips/tier1/RY6V7DqGnTw_clip0102_t00716.mp4
RY6V7DqGnTw_clip0103_t00721,RY6V7DqGnTw,721.474,724.35,2.876,1.0,1.0,16.45,/kaggle/working/clips/tier1/RY6V7DqGnTw_clip0103_t00721.mp4
RY6V7DqGnTw_clip0104_t00726,RY6V7DqGnTw,726.978,730.302,3.324,1.0,1.0,2.07,/kaggle/working/clips/tier1/RY6V7DqGnTw_clip0104_t00726.mp4
RY6V7DqGnTw_clip0105_t00730,RY6V7DqGnTw,730.626,735.626,5.0,1.0,1.0,18.51,/kaggle/working/clips/tier1/RY6V7DqGnTw_clip0105_t00730.mp4
RY6V7DqGnTw_clip0106_t00734,RY6V7DqGnTw,734.626,739.626,5.0,1.0,1.0,15.53,/kaggle/working/clips/tier1/RY6V7DqGnTw_clip0106_t00734.mp4
RY6V7DqGnTw_clip0107_t00738,RY6V7DqGnTw,738.626,743.626,5.0,1.0,1.0,15.86,/kaggle/working/clips/tier1/RY6V7DqGnTw_clip0107_t00738.mp4
RY6V7DqGnTw_clip0108_t00742,RY6V7DqGnTw,742.626,747.626,5.0,1.0,1.0,13.65,/kaggle/working/clips/tier1/RY6V7DqGnTw_clip0108_t00742.mp4
RY6V7DqGnTw_clip0109_t00748,RY6V7DqGnTw,748.002,753.63,5.628,1.0,1.0,16.08,/kaggle/working/clips/tier1/RY6V7DqGnTw_clip0109_t00748.mp4
RY6V7DqGnTw_clip0110_t00756,RY6V7DqGnTw,756.034,758.622,2.588,1.0,1.0,4.4,/kaggle/working/clips/tier1/RY6V7DqGnTw_clip0110_t00756.mp4
RY6V7DqGnTw_clip0111_t00761,RY6V7DqGnTw,761.218,763.742,2.524,1.0,1.0,17.03,/kaggle/working/clips/tier1/RY6V7DqGnTw_clip0111_t00761.mp4
RY6V7DqGnTw_clip0112_t00764,RY6V7DqGnTw,764.13,771.87,7.74,1.0,1.0,14.88,/kaggle/working/clips/tier1/RY6V7DqGnTw_clip0112_t00764.mp4
RY6V7DqGnTw_clip0113_t00772,RY6V7DqGnTw,772.258,775.326,3.068,1.0,1.0,7.74,/kaggle/working/clips/tier1/RY6V7DqGnTw_clip0113_t00772.mp4
RY6V7DqGnTw_clip0114_t00776,RY6V7DqGnTw,776.354,778.91,2.556,1.0,1.0,4.07,/kaggle/working/clips/tier1/RY6V7DqGnTw_clip0114_t00776.mp4
RY6V7DqGnTw_clip0115_t00779,RY6V7DqGnTw,779.266,783.358,4.092,1.0,1.0,6.09,/kaggle/working/clips/tier1/RY6V7DqGnTw_clip0115_t00779.mp4
RY6V7DqGnTw_clip0116_t00790,RY6V7DqGnTw,790.306,794.046,3.74,1.0,1.0,17.61,/kaggle/working/clips/tier1/RY6V7DqGnTw_clip0116_t00790.mp4
RY6V7DqGnTw_clip0117_t00796,RY6V7DqGnTw,796.194,800.702,4.508,1.0,1.0,13.44,/kaggle/working/clips/tier1/RY6V7DqGnTw_clip0117_t00796.mp4
RY6V7DqGnTw_clip0118_t00803,RY6V7DqGnTw,803.65,809.182,5.532,1.0,1.0,15.33,/kaggle/working/clips/tier1/RY6V7DqGnTw_clip0118_t00803.mp4
RY6V7DqGnTw_clip0119_t00810,RY6V7DqGnTw,810.818,816.734,5.916,1.0,1.0,16.26,/kaggle/working/clips/tier1/RY6V7DqGnTw_clip0119_t00810.mp4
RY6V7DqGnTw_clip0120_t00816,RY6V7DqGnTw,816.898,821.214,4.316,1.0,1.0,16.7,/kaggle/working/clips/tier1/RY6V7DqGnTw_clip0120_t00816.mp4
RY6V7DqGnTw_clip0121_t00824,RY6V7DqGnTw,824.194,826.782,2.588,1.0,1.0,6.92,/kaggle/working/clips/tier1/RY6V7DqGnTw_clip0121_t00824.mp4
RY6V7DqGnTw_clip0122_t00828,RY6V7DqGnTw,828.514,834.11,5.596,1.0,1.0,17.38,/kaggle/working/clips/tier1/RY6V7DqGnTw_clip0122_t00828.mp4
RY6V7DqGnTw_clip0123_t00834,RY6V7DqGnTw,834.594,842.078,7.484,1.0,1.0,13.47,/kaggle/working/clips/tier1/RY6V7DqGnTw_clip0123_t00834.mp4
RY6V7DqGnTw_clip0124_t00843,RY6V7DqGnTw,843.298,850.11,6.812,1.0,1.0,16.01,/kaggle/working/clips/tier1/RY6V7DqGnTw_clip0124_t00843.mp4
RY6V7DqGnTw_clip0125_t00852,RY6V7DqGnTw,852.29,854.43,2.14,1.0,1.0,4.64,/kaggle/working/clips/tier1/RY6V7DqGnTw_clip0125_t00852.mp4
RY6V7DqGnTw_clip0126_t00854,RY6V7DqGnTw,854.594,856.83,2.236,1.0,1.0,3.72,/kaggle/working/clips/tier1/RY6V7DqGnTw_clip0126_t00854.mp4
RY6V7DqGnTw_clip0127_t00859,RY6V7DqGnTw,859.618,863.71,4.092,1.0,1.0,16.5,/kaggle/working/clips/tier1/RY6V7DqGnTw_clip0127_t00859.mp4
RY6V7DqGnTw_clip0128_t00863,RY6V7DqGnTw,863.938,873.214,9.276,1.0,1.0,15.15,/kaggle/working/clips/tier1/RY6V7DqGnTw_clip0128_t00863.mp4
RY6V7DqGnTw_clip0129_t00877,RY6V7DqGnTw,877.506,881.214,3.708,1.0,1.0,16.14,/kaggle/working/clips/tier1/RY6V7DqGnTw_clip0129_t00877.mp4
RY6V7DqGnTw_clip0130_t00881,RY6V7DqGnTw,881.506,888.478,6.972,1.0,1.0,15.15,/kaggle/working/clips/tier1/RY6V7DqGnTw_clip0130_t00881.mp4
RY6V7DqGnTw_clip0131_t00889,RY6V7DqGnTw,889.794,894.11,4.316,1.0,1.0,17.83,/kaggle/working/clips/tier1/RY6V7DqGnTw_clip0131_t00889.mp4
RY6V7DqGnTw_clip0132_t00894,RY6V7DqGnTw,894.626,903.742,9.116,1.0,1.0,15.09,/kaggle/working/clips/tier1/RY6V7DqGnTw_clip0132_t00894.mp4
RY6V7DqGnTw_clip0133_t00907,RY6V7DqGnTw,907.362,913.662,6.3,1.0,1.0,15.15,/kaggle/working/clips/tier1/RY6V7DqGnTw_clip0133_t00907.mp4
RY6V7DqGnTw_clip0134_t00914,RY6V7DqGnTw,914.018,921.022,7.004,1.0,1.0,16.34,/kaggle/working/clips/tier1/RY6V7DqGnTw_clip0134_t00914.mp4
RY6V7DqGnTw_clip0135_t00925,RY6V7DqGnTw,925.922,930.11,4.188,1.0,1.0,14.6,/kaggle/working/clips/tier1/RY6V7DqGnTw_clip0135_t00925.mp4
RY6V7DqGnTw_clip0136_t00930,RY6V7DqGnTw,930.37,935.326,4.956,1.0,1.0,16.11,/kaggle/working/clips/tier1/RY6V7DqGnTw_clip0136_t00930.mp4
sW5Nf8fj1wY_clip0000_t00092,sW5Nf8fj1wY,92.482,95.998,3.516,1.0,1.0,2.12,/kaggle/working/clips/tier1/sW5Nf8fj1wY_clip0000_t00092.mp4
sW5Nf8fj1wY_clip0001_t00100,sW5Nf8fj1wY,100.066,103.07,3.004,1.0,1.0,5.31,/kaggle/working/clips/tier1/sW5Nf8fj1wY_clip0001_t00100.mp4
sW5Nf8fj1wY_clip0002_t00216,sW5Nf8fj1wY,216.194,218.462,2.268,1.0,1.0,0.58,/kaggle/working/clips/tier1/sW5Nf8fj1wY_clip0002_t00216.mp4
sW5Nf8fj1wY_clip0003_t00227,sW5Nf8fj1wY,227.106,233.566,6.46,1.0,1.0,1.5,/kaggle/working/clips/tier1/sW5Nf8fj1wY_clip0003_t00227.mp4
sW5Nf8fj1wY_clip0004_t00238,sW5Nf8fj1wY,238.114,240.798,2.684,1.0,1.0,4.43,/kaggle/working/clips/tier1/sW5Nf8fj1wY_clip0004_t00238.mp4
sW5Nf8fj1wY_clip0005_t00252,sW5Nf8fj1wY,252.514,255.326,2.812,1.0,1.0,3.32,/kaggle/working/clips/tier1/sW5Nf8fj1wY_clip0005_t00252.mp4
sW5Nf8fj1wY_clip0006_t00255,sW5Nf8fj1wY,255.426,257.694,2.268,1.0,1.0,0.75,/kaggle/working/clips/tier1/sW5Nf8fj1wY_clip0006_t00255.mp4
sW5Nf8fj1wY_clip0007_t00258,sW5Nf8fj1wY,258.306,266.526,8.22,1.0,1.0,2.15,/kaggle/working/clips/tier1/sW5Nf8fj1wY_clip0007_t00258.mp4
sW5Nf8fj1wY_clip0008_t00266,sW5Nf8fj1wY,266.658,271.742,5.084,1.0,1.0,5.67,/kaggle/working/clips/tier1/sW5Nf8fj1wY_clip0008_t00266.mp4
sW5Nf8fj1wY_clip0009_t00271,sW5Nf8fj1wY,271.842,279.646,7.804,1.0,1.0,3.49,/kaggle/working/clips/tier1/sW5Nf8fj1wY_clip0009_t00271.mp4
t8hKH960SUY_clip0000_t00036,t8hKH960SUY,36.162,38.686,2.524,1.0,1.0,3.25,/kaggle/working/clips/tier1/t8hKH960SUY_clip0000_t00036.mp4
t8hKH960SUY_clip0001_t00052,t8hKH960SUY,52.418,54.43,2.012,1.0,1.0,3.57,/kaggle/working/clips/tier1/t8hKH960SUY_clip0001_t00052.mp4
t8hKH960SUY_clip0002_t00057,t8hKH960SUY,57.09,59.422,2.332,1.0,1.0,2.63,/kaggle/working/clips/tier1/t8hKH960SUY_clip0002_t00057.mp4
t6uBz4HwSTg_clip0000_t00001,t6uBz4HwSTg,1.218,5.726,4.508,1.0,1.0,15.52,/kaggle/working/clips/tier1/t6uBz4HwSTg_clip0000_t00001.mp4
t6uBz4HwSTg_clip0001_t00007,t6uBz4HwSTg,7.65,15.966,8.316,1.0,1.0,11.87,/kaggle/working/clips/tier1/t6uBz4HwSTg_clip0001_t00007.mp4
t6uBz4HwSTg_clip0002_t00025,t6uBz4HwSTg,25.57,27.742,2.172,1.0,1.0,12.06,/kaggle/working/clips/tier1/t6uBz4HwSTg_clip0002_t00025.mp4
t6uBz4HwSTg_clip0003_t00060,t6uBz4HwSTg,60.642,65.054,4.412,1.0,1.0,14.73,/kaggle/working/clips/tier1/t6uBz4HwSTg_clip0003_t00060.mp4
t6uBz4HwSTg_clip0004_t00065,t6uBz4HwSTg,65.506,69.886,4.38,1.0,1.0,15.14,/kaggle/working/clips/tier1/t6uBz4HwSTg_clip0004_t00065.mp4
t6uBz4HwSTg_clip0005_t00082,t6uBz4HwSTg,82.562,84.766,2.204,1.0,1.0,13.5,/kaggle/working/clips/tier1/t6uBz4HwSTg_clip0005_t00082.mp4
t6uBz4HwSTg_clip0006_t00090,t6uBz4HwSTg,90.05,92.19,2.14,1.0,1.0,13.88,/kaggle/working/clips/tier1/t6uBz4HwSTg_clip0006_t00090.mp4
t6uBz4HwSTg_clip0007_t00092,t6uBz4HwSTg,92.802,96.542,3.74,1.0,1.0,14.54,/kaggle/working/clips/tier1/t6uBz4HwSTg_clip0007_t00092.mp4
t6uBz4HwSTg_clip0008_t00097,t6uBz4HwSTg,97.058,99.134,2.076,1.0,1.0,13.52,/kaggle/working/clips/tier1/t6uBz4HwSTg_clip0008_t00097.mp4
t6uBz4HwSTg_clip0009_t00100,t6uBz4HwSTg,100.194,103.166,2.972,1.0,1.0,13.85,/kaggle/working/clips/tier1/t6uBz4HwSTg_clip0009_t00100.mp4
t6uBz4HwSTg_clip0010_t00103,t6uBz4HwSTg,103.362,107.23,3.868,1.0,1.0,9.86,/kaggle/working/clips/tier1/t6uBz4HwSTg_clip0010_t00103.mp4
t6uBz4HwSTg_clip0011_t00108,t6uBz4HwSTg,108.066,111.198,3.132,1.0,1.0,14.37,/kaggle/working/clips/tier1/t6uBz4HwSTg_clip0011_t00108.mp4
t6uBz4HwSTg_clip0012_t00113,t6uBz4HwSTg,113.634,115.998,2.364,1.0,1.0,13.64,/kaggle/working/clips/tier1/t6uBz4HwSTg_clip0012_t00113.mp4
t6uBz4HwSTg_clip0013_t00122,t6uBz4HwSTg,122.594,125.342,2.748,1.0,1.0,10.45,/kaggle/working/clips/tier1/t6uBz4HwSTg_clip0013_t00122.mp4
t6uBz4HwSTg_clip0014_t00126,t6uBz4HwSTg,126.018,128.542,2.524,1.0,1.0,12.13,/kaggle/working/clips/tier1/t6uBz4HwSTg_clip0014_t00126.mp4
t6uBz4HwSTg_clip0015_t00133,t6uBz4HwSTg,133.314,136.35,3.036,1.0,1.0,11.39,/kaggle/working/clips/tier1/t6uBz4HwSTg_clip0015_t00133.mp4
t6uBz4HwSTg_clip0016_t00138,t6uBz4HwSTg,138.626,141.374,2.748,1.0,1.0,9.99,/kaggle/working/clips/tier1/t6uBz4HwSTg_clip0016_t00138.mp4
t6uBz4HwSTg_clip0017_t00141,t6uBz4HwSTg,141.57,143.614,2.044,1.0,1.0,9.73,/kaggle/working/clips/tier1/t6uBz4HwSTg_clip0017_t00141.mp4
t6uBz4HwSTg_clip0018_t00155,t6uBz4HwSTg,155.714,158.622,2.908,1.0,1.0,12.45,/kaggle/working/clips/tier1/t6uBz4HwSTg_clip0018_t00155.mp4
t6uBz4HwSTg_clip0019_t00160,t6uBz4HwSTg,160.066,165.118,5.052,1.0,1.0,10.44,/kaggle/working/clips/tier1/t6uBz4HwSTg_clip0019_t00160.mp4
t6uBz4HwSTg_clip0020_t00165,t6uBz4HwSTg,165.346,170.142,4.796,1.0,1.0,10.22,/kaggle/working/clips/tier1/t6uBz4HwSTg_clip0020_t00165.mp4
t6uBz4HwSTg_clip0021_t00170,t6uBz4HwSTg,170.466,173.918,3.452,1.0,1.0,11.11,/kaggle/working/clips/tier1/t6uBz4HwSTg_clip0021_t00170.mp4
t6uBz4HwSTg_clip0022_t00421,t6uBz4HwSTg,421.442,428.318,6.876,1.0,1.0,11.06,/kaggle/working/clips/tier1/t6uBz4HwSTg_clip0022_t00421.mp4
t6uBz4HwSTg_clip0023_t00428,t6uBz4HwSTg,428.514,430.91,2.396,1.0,1.0,12.69,/kaggle/working/clips/tier1/t6uBz4HwSTg_clip0023_t00428.mp4
t6uBz4HwSTg_clip0024_t00431,t6uBz4HwSTg,431.234,433.438,2.204,1.0,1.0,12.01,/kaggle/working/clips/tier1/t6uBz4HwSTg_clip0024_t00431.mp4
t6uBz4HwSTg_clip0025_t00433,t6uBz4HwSTg,433.954,440.126,6.172,1.0,1.0,12.96,/kaggle/working/clips/tier1/t6uBz4HwSTg_clip0025_t00433.mp4
t6uBz4HwSTg_clip0026_t00440,t6uBz4HwSTg,440.226,443.23,3.004,1.0,1.0,11.34,/kaggle/working/clips/tier1/t6uBz4HwSTg_clip0026_t00440.mp4
t6uBz4HwSTg_clip0027_t00444,t6uBz4HwSTg,444.642,446.974,2.332,1.0,1.0,11.72,/kaggle/working/clips/tier1/t6uBz4HwSTg_clip0027_t00444.mp4
t6uBz4HwSTg_clip0028_t00449,t6uBz4HwSTg,449.89,452.446,2.556,1.0,1.0,12.16,/kaggle/working/clips/tier1/t6uBz4HwSTg_clip0028_t00449.mp4
t6uBz4HwSTg_clip0029_t00453,t6uBz4HwSTg,453.25,457.822,4.572,1.0,1.0,11.79,/kaggle/working/clips/tier1/t6uBz4HwSTg_clip0029_t00453.mp4
t6uBz4HwSTg_clip0030_t00458,t6uBz4HwSTg,458.21,462.334,4.124,1.0,1.0,12.87,/kaggle/working/clips/tier1/t6uBz4HwSTg_clip0030_t00458.mp4
t6uBz4HwSTg_clip0031_t00464,t6uBz4HwSTg,464.098,466.302,2.204,1.0,1.0,11.55,/kaggle/working/clips/tier1/t6uBz4HwSTg_clip0031_t00464.mp4
t6uBz4HwSTg_clip0032_t00469,t6uBz4HwSTg,469.794,472.478,2.684,1.0,1.0,12.32,/kaggle/working/clips/tier1/t6uBz4HwSTg_clip0032_t00469.mp4
t6uBz4HwSTg_clip0033_t00473,t6uBz4HwSTg,473.026,476.702,3.676,1.0,1.0,10.57,/kaggle/working/clips/tier1/t6uBz4HwSTg_clip0033_t00473.mp4
tFTh1jkOT9Q_clip0000_t00004,tFTh1jkOT9Q,4.002,8.83,4.828,1.0,1.0,10.61,/kaggle/working/clips/tier1/tFTh1jkOT9Q_clip0000_t00004.mp4
tFTh1jkOT9Q_clip0001_t00009,tFTh1jkOT9Q,9.346,13.374,4.028,1.0,1.0,11.08,/kaggle/working/clips/tier1/tFTh1jkOT9Q_clip0001_t00009.mp4
tFTh1jkOT9Q_clip0002_t00013,tFTh1jkOT9Q,13.506,18.506,5.0,1.0,1.0,12.03,/kaggle/working/clips/tier1/tFTh1jkOT9Q_clip0002_t00013.mp4
tFTh1jkOT9Q_clip0003_t00017,tFTh1jkOT9Q,17.506,22.506,5.0,1.0,1.0,10.08,/kaggle/working/clips/tier1/tFTh1jkOT9Q_clip0003_t00017.mp4
tFTh1jkOT9Q_clip0004_t00021,tFTh1jkOT9Q,21.506,25.854,4.348,1.0,1.0,11.72,/kaggle/working/clips/tier1/tFTh1jkOT9Q_clip0004_t00021.mp4
tFTh1jkOT9Q_clip0005_t00029,tFTh1jkOT9Q,29.186,34.186,5.0,1.0,1.0,10.72,/kaggle/working/clips/tier1/tFTh1jkOT9Q_clip0005_t00029.mp4
tFTh1jkOT9Q_clip0006_t00033,tFTh1jkOT9Q,33.186,38.186,5.0,1.0,1.0,11.08,/kaggle/working/clips/tier1/tFTh1jkOT9Q_clip0006_t00033.mp4
tFTh1jkOT9Q_clip0007_t00037,tFTh1jkOT9Q,37.186,41.406,4.22,1.0,1.0,10.74,/kaggle/working/clips/tier1/tFTh1jkOT9Q_clip0007_t00037.mp4
tFTh1jkOT9Q_clip0008_t00041,tFTh1jkOT9Q,41.794,46.782,4.988,1.0,1.0,12.35,/kaggle/working/clips/tier1/tFTh1jkOT9Q_clip0008_t00041.mp4
tFTh1jkOT9Q_clip0009_t00158,tFTh1jkOT9Q,158.658,160.894,2.236,1.0,1.0,8.0,/kaggle/working/clips/tier1/tFTh1jkOT9Q_clip0009_t00158.mp4
tFTh1jkOT9Q_clip0010_t00161,tFTh1jkOT9Q,161.154,163.454,2.3,1.0,1.0,8.67,/kaggle/working/clips/tier1/tFTh1jkOT9Q_clip0010_t00161.mp4
tFTh1jkOT9Q_clip0011_t00170,tFTh1jkOT9Q,170.466,173.054,2.588,1.0,1.0,6.71,/kaggle/working/clips/tier1/tFTh1jkOT9Q_clip0011_t00170.mp4
tFTh1jkOT9Q_clip0012_t00173,tFTh1jkOT9Q,173.314,175.454,2.14,1.0,1.0,8.5,/kaggle/working/clips/tier1/tFTh1jkOT9Q_clip0012_t00173.mp4
tFTh1jkOT9Q_clip0013_t00175,tFTh1jkOT9Q,175.874,178.046,2.172,1.0,1.0,8.2,/kaggle/working/clips/tier1/tFTh1jkOT9Q_clip0013_t00175.mp4
tFTh1jkOT9Q_clip0014_t00194,tFTh1jkOT9Q,194.85,197.918,3.068,1.0,1.0,7.03,/kaggle/working/clips/tier1/tFTh1jkOT9Q_clip0014_t00194.mp4
tFTh1jkOT9Q_clip0015_t00222,tFTh1jkOT9Q,222.786,224.894,2.108,1.0,1.0,7.99,/kaggle/working/clips/tier1/tFTh1jkOT9Q_clip0015_t00222.mp4
tFTh1jkOT9Q_clip0016_t00295,tFTh1jkOT9Q,295.138,298.11,2.972,1.0,1.0,7.43,/kaggle/working/clips/tier1/tFTh1jkOT9Q_clip0016_t00295.mp4
tFTh1jkOT9Q_clip0017_t00308,tFTh1jkOT9Q,308.258,311.966,3.708,1.0,1.0,5.78,/kaggle/working/clips/tier1/tFTh1jkOT9Q_clip0017_t00308.mp4
tFTh1jkOT9Q_clip0018_t00318,tFTh1jkOT9Q,318.786,320.862,2.076,1.0,1.0,7.84,/kaggle/working/clips/tier1/tFTh1jkOT9Q_clip0018_t00318.mp4
tFTh1jkOT9Q_clip0019_t00321,tFTh1jkOT9Q,321.058,324.03,2.972,1.0,1.0,6.29,/kaggle/working/clips/tier1/tFTh1jkOT9Q_clip0019_t00321.mp4
tFTh1jkOT9Q_clip0020_t00361,tFTh1jkOT9Q,361.954,364.542,2.588,1.0,1.0,6.51,/kaggle/working/clips/tier1/tFTh1jkOT9Q_clip0020_t00361.mp4
tFTh1jkOT9Q_clip0021_t00366,tFTh1jkOT9Q,366.818,368.99,2.172,1.0,1.0,6.89,/kaggle/working/clips/tier1/tFTh1jkOT9Q_clip0021_t00366.mp4
tFTh1jkOT9Q_clip0022_t00406,tFTh1jkOT9Q,406.818,410.334,3.516,1.0,1.0,9.35,/kaggle/working/clips/tier1/tFTh1jkOT9Q_clip0022_t00406.mp4
tFTh1jkOT9Q_clip0023_t00412,tFTh1jkOT9Q,412.45,414.59,2.14,1.0,1.0,6.81,/kaggle/working/clips/tier1/tFTh1jkOT9Q_clip0023_t00412.mp4
tFTh1jkOT9Q_clip0024_t00416,tFTh1jkOT9Q,416.162,419.198,3.036,1.0,1.0,7.54,/kaggle/working/clips/tier1/tFTh1jkOT9Q_clip0024_t00416.mp4
tFTh1jkOT9Q_clip0025_t00446,tFTh1jkOT9Q,446.722,449.278,2.556,1.0,1.0,7.55,/kaggle/working/clips/tier1/tFTh1jkOT9Q_clip0025_t00446.mp4
tFTh1jkOT9Q_clip0026_t00451,tFTh1jkOT9Q,451.618,454.078,2.46,1.0,1.0,6.31,/kaggle/working/clips/tier1/tFTh1jkOT9Q_clip0026_t00451.mp4
tFTh1jkOT9Q_clip0027_t00486,tFTh1jkOT9Q,486.498,488.638,2.14,1.0,1.0,5.87,/kaggle/working/clips/tier1/tFTh1jkOT9Q_clip0027_t00486.mp4
tFTh1jkOT9Q_clip0028_t00490,tFTh1jkOT9Q,490.178,500.862,10.684,1.0,1.0,11.84,/kaggle/working/clips/tier1/tFTh1jkOT9Q_clip0028_t00490.mp4
TuPDzdbwAYY_clip0000_t00027,TuPDzdbwAYY,27.906,32.478,4.572,1.0,1.0,8.19,/kaggle/working/clips/tier1/TuPDzdbwAYY_clip0000_t00027.mp4
TuPDzdbwAYY_clip0001_t00033,TuPDzdbwAYY,33.122,36.286,3.164,1.0,1.0,8.11,/kaggle/working/clips/tier1/TuPDzdbwAYY_clip0001_t00033.mp4
TuPDzdbwAYY_clip0002_t00036,TuPDzdbwAYY,36.578,39.358,2.78,1.0,1.0,8.24,/kaggle/working/clips/tier1/TuPDzdbwAYY_clip0002_t00036.mp4
TuPDzdbwAYY_clip0003_t00043,TuPDzdbwAYY,43.042,45.278,2.236,1.0,1.0,8.27,/kaggle/working/clips/tier1/TuPDzdbwAYY_clip0003_t00043.mp4
TuPDzdbwAYY_clip0004_t00049,TuPDzdbwAYY,49.474,51.838,2.364,1.0,1.0,8.61,/kaggle/working/clips/tier1/TuPDzdbwAYY_clip0004_t00049.mp4
TuPDzdbwAYY_clip0005_t00056,TuPDzdbwAYY,56.93,60.638,3.708,1.0,1.0,7.62,/kaggle/working/clips/tier1/TuPDzdbwAYY_clip0005_t00056.mp4
TuPDzdbwAYY_clip0006_t00086,TuPDzdbwAYY,86.946,89.342,2.396,1.0,1.0,8.47,/kaggle/working/clips/tier1/TuPDzdbwAYY_clip0006_t00086.mp4
TuPDzdbwAYY_clip0007_t00097,TuPDzdbwAYY,97.378,99.582,2.204,1.0,1.0,8.4,/kaggle/working/clips/tier1/TuPDzdbwAYY_clip0007_t00097.mp4
TuPDzdbwAYY_clip0008_t00108,TuPDzdbwAYY,108.386,110.75,2.364,1.0,1.0,8.61,/kaggle/working/clips/tier1/TuPDzdbwAYY_clip0008_t00108.mp4
TuPDzdbwAYY_clip0009_t00118,TuPDzdbwAYY,118.722,126.846,8.124,0.75,1.0,2.62,/kaggle/working/clips/tier1/TuPDzdbwAYY_clip0009_t00118.mp4
TuPDzdbwAYY_clip0010_t00139,TuPDzdbwAYY,139.906,145.79,5.884,0.833,1.0,2.66,/kaggle/working/clips/tier1/TuPDzdbwAYY_clip0010_t00139.mp4
TuPDzdbwAYY_clip0011_t00150,TuPDzdbwAYY,150.562,154.078,3.516,1.0,1.0,1.9,/kaggle/working/clips/tier1/TuPDzdbwAYY_clip0011_t00150.mp4
TuPDzdbwAYY_clip0012_t00198,TuPDzdbwAYY,198.21,201.566,3.356,1.0,1.0,3.02,/kaggle/working/clips/tier1/TuPDzdbwAYY_clip0012_t00198.mp4
TuPDzdbwAYY_clip0013_t00243,TuPDzdbwAYY,243.138,249.022,5.884,0.833,1.0,2.8,/kaggle/working/clips/tier1/TuPDzdbwAYY_clip0013_t00243.mp4
TuPDzdbwAYY_clip0014_t00250,TuPDzdbwAYY,250.722,253.406,2.684,1.0,1.0,3.38,/kaggle/working/clips/tier1/TuPDzdbwAYY_clip0014_t00250.mp4
TuPDzdbwAYY_clip0015_t00253,TuPDzdbwAYY,253.57,257.438,3.868,1.0,1.0,2.63,/kaggle/working/clips/tier1/TuPDzdbwAYY_clip0015_t00253.mp4
TuPDzdbwAYY_clip0016_t00258,TuPDzdbwAYY,258.242,260.478,2.236,1.0,1.0,3.51,/kaggle/working/clips/tier1/TuPDzdbwAYY_clip0016_t00258.mp4
TuPDzdbwAYY_clip0017_t00260,TuPDzdbwAYY,260.834,266.014,5.18,1.0,1.0,2.72,/kaggle/working/clips/tier1/TuPDzdbwAYY_clip0017_t00260.mp4
TuPDzdbwAYY_clip0018_t00269,TuPDzdbwAYY,269.41,272.19,2.78,1.0,1.0,8.15,/kaggle/working/clips/tier1/TuPDzdbwAYY_clip0018_t00269.mp4
TuPDzdbwAYY_clip0019_t00272,TuPDzdbwAYY,272.546,278.046,5.5,1.0,1.0,8.08,/kaggle/working/clips/tier1/TuPDzdbwAYY_clip0019_t00272.mp4
TuPDzdbwAYY_clip0020_t00278,TuPDzdbwAYY,278.338,282.718,4.38,1.0,1.0,8.4,/kaggle/working/clips/tier1/TuPDzdbwAYY_clip0020_t00278.mp4
TuPDzdbwAYY_clip0021_t00283,TuPDzdbwAYY,283.138,285.278,2.14,1.0,1.0,7.56,/kaggle/working/clips/tier1/TuPDzdbwAYY_clip0021_t00283.mp4
TuPDzdbwAYY_clip0022_t00285,TuPDzdbwAYY,285.89,288.062,2.172,1.0,1.0,8.36,/kaggle/working/clips/tier1/TuPDzdbwAYY_clip0022_t00285.mp4
TuPDzdbwAYY_clip0023_t00290,TuPDzdbwAYY,290.274,295.262,4.988,1.0,1.0,8.06,/kaggle/working/clips/tier1/TuPDzdbwAYY_clip0023_t00290.mp4
u4AumpXc-qc_clip0000_t00005,u4AumpXc-qc,5.122,7.262,2.14,1.0,1.0,10.92,/kaggle/working/clips/tier1/u4AumpXc-qc_clip0000_t00005.mp4
u4AumpXc-qc_clip0001_t00007,u4AumpXc-qc,7.874,10.782,2.908,1.0,1.0,9.82,/kaggle/working/clips/tier1/u4AumpXc-qc_clip0001_t00007.mp4
u4AumpXc-qc_clip0002_t00011,u4AumpXc-qc,11.33,16.35,5.02,1.0,1.0,13.95,/kaggle/working/clips/tier1/u4AumpXc-qc_clip0002_t00011.mp4
u4AumpXc-qc_clip0003_t00019,u4AumpXc-qc,19.554,23.966,4.412,1.0,1.0,15.43,/kaggle/working/clips/tier1/u4AumpXc-qc_clip0003_t00019.mp4
u4AumpXc-qc_clip0004_t00024,u4AumpXc-qc,24.162,27.39,3.228,1.0,1.0,15.57,/kaggle/working/clips/tier1/u4AumpXc-qc_clip0004_t00024.mp4
u4AumpXc-qc_clip0005_t00027,u4AumpXc-qc,27.522,30.59,3.068,1.0,1.0,16.12,/kaggle/working/clips/tier1/u4AumpXc-qc_clip0005_t00027.mp4
u4AumpXc-qc_clip0006_t00030,u4AumpXc-qc,30.754,33.694,2.94,1.0,1.0,13.17,/kaggle/working/clips/tier1/u4AumpXc-qc_clip0006_t00030.mp4
u4AumpXc-qc_clip0007_t00034,u4AumpXc-qc,34.722,38.494,3.772,1.0,1.0,15.37,/kaggle/working/clips/tier1/u4AumpXc-qc_clip0007_t00034.mp4
u4AumpXc-qc_clip0008_t00059,u4AumpXc-qc,59.746,62.942,3.196,1.0,1.0,15.91,/kaggle/working/clips/tier1/u4AumpXc-qc_clip0008_t00059.mp4
u4AumpXc-qc_clip0009_t00065,u4AumpXc-qc,65.858,67.87,2.012,1.0,1.0,15.43,/kaggle/working/clips/tier1/u4AumpXc-qc_clip0009_t00065.mp4
u4AumpXc-qc_clip0010_t00071,u4AumpXc-qc,71.074,74.078,3.004,1.0,1.0,14.96,/kaggle/working/clips/tier1/u4AumpXc-qc_clip0010_t00071.mp4
u4AumpXc-qc_clip0011_t00083,u4AumpXc-qc,83.138,86.238,3.1,1.0,1.0,13.53,/kaggle/working/clips/tier1/u4AumpXc-qc_clip0011_t00083.mp4
u4AumpXc-qc_clip0012_t00090,u4AumpXc-qc,90.658,93.118,2.46,1.0,1.0,14.67,/kaggle/working/clips/tier1/u4AumpXc-qc_clip0012_t00090.mp4
u4AumpXc-qc_clip0013_t00093,u4AumpXc-qc,93.218,95.326,2.108,1.0,1.0,9.17,/kaggle/working/clips/tier1/u4AumpXc-qc_clip0013_t00093.mp4
u4AumpXc-qc_clip0014_t00097,u4AumpXc-qc,97.442,102.27,4.828,1.0,1.0,15.09,/kaggle/working/clips/tier1/u4AumpXc-qc_clip0014_t00097.mp4
u4AumpXc-qc_clip0015_t00102,u4AumpXc-qc,102.85,108.83,5.98,1.0,1.0,14.95,/kaggle/working/clips/tier1/u4AumpXc-qc_clip0015_t00102.mp4
u4AumpXc-qc_clip0016_t00109,u4AumpXc-qc,109.826,115.582,5.756,1.0,1.0,16.16,/kaggle/working/clips/tier1/u4AumpXc-qc_clip0016_t00109.mp4
u4AumpXc-qc_clip0017_t00117,u4AumpXc-qc,117.89,122.27,4.38,0.8,1.0,16.17,/kaggle/working/clips/tier1/u4AumpXc-qc_clip0017_t00117.mp4
u4AumpXc-qc_clip0018_t00122,u4AumpXc-qc,122.402,125.342,2.94,1.0,1.0,13.72,/kaggle/working/clips/tier1/u4AumpXc-qc_clip0018_t00122.mp4
u4AumpXc-qc_clip0019_t00136,u4AumpXc-qc,136.13,138.654,2.524,1.0,1.0,16.61,/kaggle/working/clips/tier1/u4AumpXc-qc_clip0019_t00136.mp4
u4AumpXc-qc_clip0020_t00145,u4AumpXc-qc,145.666,147.71,2.044,1.0,1.0,12.86,/kaggle/working/clips/tier1/u4AumpXc-qc_clip0020_t00145.mp4
u4AumpXc-qc_clip0021_t00149,u4AumpXc-qc,149.058,152.542,3.484,1.0,1.0,11.02,/kaggle/working/clips/tier1/u4AumpXc-qc_clip0021_t00149.mp4
u4AumpXc-qc_clip0022_t00155,u4AumpXc-qc,155.266,157.31,2.044,1.0,1.0,12.59,/kaggle/working/clips/tier1/u4AumpXc-qc_clip0022_t00155.mp4
u4AumpXc-qc_clip0023_t00158,u4AumpXc-qc,158.306,169.278,10.972,1.0,1.0,8.08,/kaggle/working/clips/tier1/u4AumpXc-qc_clip0023_t00158.mp4
u4AumpXc-qc_clip0024_t00172,u4AumpXc-qc,172.578,175.006,2.428,1.0,1.0,14.32,/kaggle/working/clips/tier1/u4AumpXc-qc_clip0024_t00172.mp4
u4AumpXc-qc_clip0025_t00177,u4AumpXc-qc,177.538,179.838,2.3,1.0,1.0,16.36,/kaggle/working/clips/tier1/u4AumpXc-qc_clip0025_t00177.mp4
u4AumpXc-qc_clip0026_t00185,u4AumpXc-qc,185.922,190.91,4.988,1.0,1.0,14.13,/kaggle/working/clips/tier1/u4AumpXc-qc_clip0026_t00185.mp4
u4AumpXc-qc_clip0027_t00197,u4AumpXc-qc,197.186,200.318,3.132,1.0,1.0,15.44,/kaggle/working/clips/tier1/u4AumpXc-qc_clip0027_t00197.mp4
u4AumpXc-qc_clip0028_t00210,u4AumpXc-qc,210.786,214.878,4.092,1.0,1.0,14.1,/kaggle/working/clips/tier1/u4AumpXc-qc_clip0028_t00210.mp4
u4AumpXc-qc_clip0029_t00218,u4AumpXc-qc,218.178,223.198,5.02,1.0,1.0,15.55,/kaggle/working/clips/tier1/u4AumpXc-qc_clip0029_t00218.mp4
u4AumpXc-qc_clip0030_t00234,u4AumpXc-qc,234.658,237.15,2.492,1.0,1.0,14.43,/kaggle/working/clips/tier1/u4AumpXc-qc_clip0030_t00234.mp4
u4AumpXc-qc_clip0031_t00238,u4AumpXc-qc,238.338,240.414,2.076,1.0,1.0,14.07,/kaggle/working/clips/tier1/u4AumpXc-qc_clip0031_t00238.mp4
u4AumpXc-qc_clip0032_t00240,u4AumpXc-qc,240.578,242.622,2.044,1.0,1.0,10.36,/kaggle/working/clips/tier1/u4AumpXc-qc_clip0032_t00240.mp4
u4AumpXc-qc_clip0033_t00259,u4AumpXc-qc,259.074,261.214,2.14,1.0,1.0,15.73,/kaggle/working/clips/tier1/u4AumpXc-qc_clip0033_t00259.mp4
u4AumpXc-qc_clip0034_t00267,u4AumpXc-qc,267.874,270.782,2.908,1.0,1.0,10.76,/kaggle/working/clips/tier1/u4AumpXc-qc_clip0034_t00267.mp4
u4AumpXc-qc_clip0035_t00271,u4AumpXc-qc,271.49,275.518,4.028,1.0,1.0,14.86,/kaggle/working/clips/tier1/u4AumpXc-qc_clip0035_t00271.mp4
u4AumpXc-qc_clip0036_t00282,u4AumpXc-qc,282.594,287.294,4.7,1.0,1.0,13.59,/kaggle/working/clips/tier1/u4AumpXc-qc_clip0036_t00282.mp4
u4AumpXc-qc_clip0037_t00288,u4AumpXc-qc,288.482,293.086,4.604,1.0,1.0,14.86,/kaggle/working/clips/tier1/u4AumpXc-qc_clip0037_t00288.mp4
u4AumpXc-qc_clip0038_t00293,u4AumpXc-qc,293.282,297.598,4.316,1.0,1.0,14.74,/kaggle/working/clips/tier1/u4AumpXc-qc_clip0038_t00293.mp4
u4AumpXc-qc_clip0039_t00297,u4AumpXc-qc,297.762,302.11,4.348,1.0,1.0,11.87,/kaggle/working/clips/tier1/u4AumpXc-qc_clip0039_t00297.mp4
u4AumpXc-qc_clip0040_t00303,u4AumpXc-qc,303.49,305.694,2.204,1.0,1.0,16.09,/kaggle/working/clips/tier1/u4AumpXc-qc_clip0040_t00303.mp4
u4AumpXc-qc_clip0041_t00305,u4AumpXc-qc,305.986,308.158,2.172,1.0,1.0,16.68,/kaggle/working/clips/tier1/u4AumpXc-qc_clip0041_t00305.mp4
u4AumpXc-qc_clip0042_t00308,u4AumpXc-qc,308.322,315.518,7.196,1.0,1.0,13.59,/kaggle/working/clips/tier1/u4AumpXc-qc_clip0042_t00308.mp4
u4AumpXc-qc_clip0043_t00316,u4AumpXc-qc,316.93,319.134,2.204,1.0,1.0,15.37,/kaggle/working/clips/tier1/u4AumpXc-qc_clip0043_t00316.mp4
u4AumpXc-qc_clip0044_t00320,u4AumpXc-qc,320.386,323.55,3.164,1.0,1.0,13.73,/kaggle/working/clips/tier1/u4AumpXc-qc_clip0044_t00320.mp4
u4AumpXc-qc_clip0045_t00329,u4AumpXc-qc,329.186,333.054,3.868,1.0,1.0,16.43,/kaggle/working/clips/tier1/u4AumpXc-qc_clip0045_t00329.mp4
u4AumpXc-qc_clip0046_t00336,u4AumpXc-qc,336.354,343.102,6.748,0.857,1.0,12.46,/kaggle/working/clips/tier1/u4AumpXc-qc_clip0046_t00336.mp4
u4AumpXc-qc_clip0047_t00345,u4AumpXc-qc,345.186,349.822,4.636,1.0,1.0,14.9,/kaggle/working/clips/tier1/u4AumpXc-qc_clip0047_t00345.mp4
u4AumpXc-qc_clip0048_t00349,u4AumpXc-qc,349.954,354.526,4.572,1.0,1.0,11.94,/kaggle/working/clips/tier1/u4AumpXc-qc_clip0048_t00349.mp4
u4AumpXc-qc_clip0049_t00356,u4AumpXc-qc,356.866,358.974,2.108,1.0,1.0,15.47,/kaggle/working/clips/tier1/u4AumpXc-qc_clip0049_t00356.mp4
u4AumpXc-qc_clip0050_t00361,u4AumpXc-qc,361.154,363.838,2.684,1.0,1.0,15.14,/kaggle/working/clips/tier1/u4AumpXc-qc_clip0050_t00361.mp4
u4AumpXc-qc_clip0051_t00364,u4AumpXc-qc,364.674,367.614,2.94,1.0,1.0,13.93,/kaggle/working/clips/tier1/u4AumpXc-qc_clip0051_t00364.mp4
u4AumpXc-qc_clip0052_t00367,u4AumpXc-qc,367.714,370.814,3.1,1.0,1.0,10.8,/kaggle/working/clips/tier1/u4AumpXc-qc_clip0052_t00367.mp4
u4AumpXc-qc_clip0053_t00371,u4AumpXc-qc,371.234,375.902,4.668,1.0,1.0,13.64,/kaggle/working/clips/tier1/u4AumpXc-qc_clip0053_t00371.mp4
u4AumpXc-qc_clip0054_t00377,u4AumpXc-qc,377.794,380.126,2.332,1.0,1.0,16.45,/kaggle/working/clips/tier1/u4AumpXc-qc_clip0054_t00377.mp4
u4AumpXc-qc_clip0055_t00380,u4AumpXc-qc,380.354,383.806,3.452,1.0,1.0,12.08,/kaggle/working/clips/tier1/u4AumpXc-qc_clip0055_t00380.mp4
u4AumpXc-qc_clip0056_t00384,u4AumpXc-qc,384.034,387.678,3.644,1.0,1.0,12.95,/kaggle/working/clips/tier1/u4AumpXc-qc_clip0056_t00384.mp4
u4AumpXc-qc_clip0057_t00387,u4AumpXc-qc,387.81,391.806,3.996,1.0,1.0,14.74,/kaggle/working/clips/tier1/u4AumpXc-qc_clip0057_t00387.mp4
u4AumpXc-qc_clip0058_t00398,u4AumpXc-qc,398.722,400.766,2.044,1.0,1.0,10.81,/kaggle/working/clips/tier1/u4AumpXc-qc_clip0058_t00398.mp4
u4AumpXc-qc_clip0059_t00403,u4AumpXc-qc,403.906,408.446,4.54,1.0,1.0,15.78,/kaggle/working/clips/tier1/u4AumpXc-qc_clip0059_t00403.mp4
u4AumpXc-qc_clip0060_t00408,u4AumpXc-qc,408.674,412.478,3.804,1.0,1.0,11.28,/kaggle/working/clips/tier1/u4AumpXc-qc_clip0060_t00408.mp4
u4AumpXc-qc_clip0061_t00427,u4AumpXc-qc,427.202,431.454,4.252,1.0,1.0,15.3,/kaggle/working/clips/tier1/u4AumpXc-qc_clip0061_t00427.mp4
u4AumpXc-qc_clip0062_t00432,u4AumpXc-qc,432.13,434.878,2.748,1.0,1.0,17.1,/kaggle/working/clips/tier1/u4AumpXc-qc_clip0062_t00432.mp4
u4AumpXc-qc_clip0063_t00435,u4AumpXc-qc,435.362,437.694,2.332,1.0,1.0,14.47,/kaggle/working/clips/tier1/u4AumpXc-qc_clip0063_t00435.mp4
u4AumpXc-qc_clip0064_t00439,u4AumpXc-qc,439.49,442.622,3.132,1.0,1.0,16.12,/kaggle/working/clips/tier1/u4AumpXc-qc_clip0064_t00439.mp4
u4AumpXc-qc_clip0065_t00446,u4AumpXc-qc,446.146,449.182,3.036,1.0,1.0,14.17,/kaggle/working/clips/tier1/u4AumpXc-qc_clip0065_t00446.mp4
u4AumpXc-qc_clip0066_t00449,u4AumpXc-qc,449.314,454.974,5.66,1.0,1.0,12.26,/kaggle/working/clips/tier1/u4AumpXc-qc_clip0066_t00449.mp4
u4AumpXc-qc_clip0067_t00458,u4AumpXc-qc,458.082,462.206,4.124,1.0,1.0,15.03,/kaggle/working/clips/tier1/u4AumpXc-qc_clip0067_t00458.mp4
u4AumpXc-qc_clip0068_t00462,u4AumpXc-qc,462.466,464.51,2.044,1.0,1.0,14.23,/kaggle/working/clips/tier1/u4AumpXc-qc_clip0068_t00462.mp4
u4AumpXc-qc_clip0069_t00464,u4AumpXc-qc,464.674,467.262,2.588,1.0,1.0,15.74,/kaggle/working/clips/tier1/u4AumpXc-qc_clip0069_t00464.mp4
u4AumpXc-qc_clip0070_t00469,u4AumpXc-qc,469.698,472.222,2.524,1.0,1.0,15.81,/kaggle/working/clips/tier1/u4AumpXc-qc_clip0070_t00469.mp4
u4AumpXc-qc_clip0071_t00472,u4AumpXc-qc,472.354,475.166,2.812,1.0,1.0,14.8,/kaggle/working/clips/tier1/u4AumpXc-qc_clip0071_t00472.mp4
u4AumpXc-qc_clip0072_t00477,u4AumpXc-qc,477.41,479.422,2.012,1.0,1.0,13.81,/kaggle/working/clips/tier1/u4AumpXc-qc_clip0072_t00477.mp4
u4AumpXc-qc_clip0073_t00479,u4AumpXc-qc,479.618,481.662,2.044,1.0,1.0,11.26,/kaggle/working/clips/tier1/u4AumpXc-qc_clip0073_t00479.mp4
u4AumpXc-qc_clip0074_t00489,u4AumpXc-qc,489.794,494.014,4.22,1.0,1.0,12.39,/kaggle/working/clips/tier1/u4AumpXc-qc_clip0074_t00489.mp4
u4AumpXc-qc_clip0075_t00494,u4AumpXc-qc,494.882,497.694,2.812,1.0,1.0,15.24,/kaggle/working/clips/tier1/u4AumpXc-qc_clip0075_t00494.mp4
u4AumpXc-qc_clip0076_t00498,u4AumpXc-qc,498.498,500.606,2.108,1.0,1.0,14.3,/kaggle/working/clips/tier1/u4AumpXc-qc_clip0076_t00498.mp4
u4AumpXc-qc_clip0077_t00500,u4AumpXc-qc,500.738,508.094,7.356,1.0,1.0,14.26,/kaggle/working/clips/tier1/u4AumpXc-qc_clip0077_t00500.mp4
u4AumpXc-qc_clip0078_t00509,u4AumpXc-qc,509.09,511.422,2.332,1.0,1.0,13.65,/kaggle/working/clips/tier1/u4AumpXc-qc_clip0078_t00509.mp4
u4AumpXc-qc_clip0079_t00511,u4AumpXc-qc,511.522,514.526,3.004,1.0,1.0,15.12,/kaggle/working/clips/tier1/u4AumpXc-qc_clip0079_t00511.mp4
u4AumpXc-qc_clip0080_t00520,u4AumpXc-qc,520.002,523.294,3.292,1.0,1.0,12.71,/kaggle/working/clips/tier1/u4AumpXc-qc_clip0080_t00520.mp4
u4AumpXc-qc_clip0081_t00523,u4AumpXc-qc,523.394,526.75,3.356,1.0,1.0,15.57,/kaggle/working/clips/tier1/u4AumpXc-qc_clip0081_t00523.mp4
u4AumpXc-qc_clip0082_t00527,u4AumpXc-qc,527.522,530.398,2.876,1.0,1.0,13.32,/kaggle/working/clips/tier1/u4AumpXc-qc_clip0082_t00527.mp4
u4AumpXc-qc_clip0083_t00536,u4AumpXc-qc,536.514,538.622,2.108,1.0,1.0,10.18,/kaggle/working/clips/tier1/u4AumpXc-qc_clip0083_t00536.mp4
usfv-YmWPBs_clip0000_t00022,usfv-YmWPBs,22.21,25.246,3.036,1.0,1.0,7.88,/kaggle/working/clips/tier1/usfv-YmWPBs_clip0000_t00022.mp4
usfv-YmWPBs_clip0001_t00047,usfv-YmWPBs,47.842,58.206,10.364,1.0,1.0,8.3,/kaggle/working/clips/tier1/usfv-YmWPBs_clip0001_t00047.mp4
usfv-YmWPBs_clip0002_t00058,usfv-YmWPBs,58.53,61.918,3.388,1.0,1.0,6.79,/kaggle/working/clips/tier1/usfv-YmWPBs_clip0002_t00058.mp4
usfv-YmWPBs_clip0003_t00062,usfv-YmWPBs,62.05,65.982,3.932,1.0,1.0,8.76,/kaggle/working/clips/tier1/usfv-YmWPBs_clip0003_t00062.mp4
usfv-YmWPBs_clip0004_t00066,usfv-YmWPBs,66.082,69.086,3.004,1.0,1.0,8.75,/kaggle/working/clips/tier1/usfv-YmWPBs_clip0004_t00066.mp4
usfv-YmWPBs_clip0005_t00113,usfv-YmWPBs,113.57,118.57,5.0,1.0,1.0,10.23,/kaggle/working/clips/tier1/usfv-YmWPBs_clip0005_t00113.mp4
usfv-YmWPBs_clip0006_t00117,usfv-YmWPBs,117.57,122.57,5.0,1.0,1.0,8.53,/kaggle/working/clips/tier1/usfv-YmWPBs_clip0006_t00117.mp4
usfv-YmWPBs_clip0007_t00121,usfv-YmWPBs,121.57,126.57,5.0,1.0,1.0,9.99,/kaggle/working/clips/tier1/usfv-YmWPBs_clip0007_t00121.mp4
usfv-YmWPBs_clip0008_t00125,usfv-YmWPBs,125.57,130.57,5.0,1.0,1.0,9.6,/kaggle/working/clips/tier1/usfv-YmWPBs_clip0008_t00125.mp4
usfv-YmWPBs_clip0009_t00183,usfv-YmWPBs,183.042,193.726,10.684,1.0,1.0,8.65,/kaggle/working/clips/tier1/usfv-YmWPBs_clip0009_t00183.mp4
usfv-YmWPBs_clip0010_t00218,usfv-YmWPBs,218.562,227.07,8.508,1.0,1.0,9.1,/kaggle/working/clips/tier1/usfv-YmWPBs_clip0010_t00218.mp4
usfv-YmWPBs_clip0011_t00277,usfv-YmWPBs,277.954,283.486,5.532,1.0,1.0,8.76,/kaggle/working/clips/tier1/usfv-YmWPBs_clip0011_t00277.mp4
usfv-YmWPBs_clip0012_t00283,usfv-YmWPBs,283.65,295.07,11.42,1.0,1.0,9.14,/kaggle/working/clips/tier1/usfv-YmWPBs_clip0012_t00283.mp4
usfv-YmWPBs_clip0013_t00295,usfv-YmWPBs,295.458,304.382,8.924,1.0,1.0,8.14,/kaggle/working/clips/tier1/usfv-YmWPBs_clip0013_t00295.mp4
usfv-YmWPBs_clip0014_t00306,usfv-YmWPBs,306.338,309.502,3.164,1.0,1.0,10.54,/kaggle/working/clips/tier1/usfv-YmWPBs_clip0014_t00306.mp4
usfv-YmWPBs_clip0015_t00309,usfv-YmWPBs,309.634,312.67,3.036,1.0,1.0,9.4,/kaggle/working/clips/tier1/usfv-YmWPBs_clip0015_t00309.mp4
usfv-YmWPBs_clip0016_t00342,usfv-YmWPBs,342.946,347.946,5.0,1.0,1.0,9.87,/kaggle/working/clips/tier1/usfv-YmWPBs_clip0016_t00342.mp4
usfv-YmWPBs_clip0017_t00346,usfv-YmWPBs,346.946,351.946,5.0,1.0,1.0,8.43,/kaggle/working/clips/tier1/usfv-YmWPBs_clip0017_t00346.mp4
usfv-YmWPBs_clip0018_t00350,usfv-YmWPBs,350.946,355.946,5.0,1.0,1.0,6.81,/kaggle/working/clips/tier1/usfv-YmWPBs_clip0018_t00350.mp4
usfv-YmWPBs_clip0019_t00354,usfv-YmWPBs,354.946,359.486,4.54,1.0,1.0,6.13,/kaggle/working/clips/tier1/usfv-YmWPBs_clip0019_t00354.mp4
usfv-YmWPBs_clip0020_t00393,usfv-YmWPBs,393.218,397.47,4.252,1.0,1.0,12.54,/kaggle/working/clips/tier1/usfv-YmWPBs_clip0020_t00393.mp4
usfv-YmWPBs_clip0021_t00427,usfv-YmWPBs,427.778,430.494,2.716,1.0,1.0,8.74,/kaggle/working/clips/tier1/usfv-YmWPBs_clip0021_t00427.mp4
usfv-YmWPBs_clip0022_t00430,usfv-YmWPBs,430.722,435.742,5.02,1.0,1.0,7.15,/kaggle/working/clips/tier1/usfv-YmWPBs_clip0022_t00430.mp4
usfv-YmWPBs_clip0023_t00458,usfv-YmWPBs,458.69,460.702,2.012,1.0,1.0,2.77,/kaggle/working/clips/tier1/usfv-YmWPBs_clip0023_t00458.mp4
usfv-YmWPBs_clip0024_t00469,usfv-YmWPBs,469.634,472.542,2.908,1.0,1.0,4.7,/kaggle/working/clips/tier1/usfv-YmWPBs_clip0024_t00469.mp4
usfv-YmWPBs_clip0025_t00475,usfv-YmWPBs,475.97,478.334,2.364,1.0,1.0,4.64,/kaggle/working/clips/tier1/usfv-YmWPBs_clip0025_t00475.mp4
usfv-YmWPBs_clip0026_t00478,usfv-YmWPBs,478.498,480.99,2.492,1.0,1.0,2.84,/kaggle/working/clips/tier1/usfv-YmWPBs_clip0026_t00478.mp4
usfv-YmWPBs_clip0027_t00483,usfv-YmWPBs,483.714,485.886,2.172,1.0,1.0,10.57,/kaggle/working/clips/tier1/usfv-YmWPBs_clip0027_t00483.mp4
usfv-YmWPBs_clip0028_t00487,usfv-YmWPBs,487.49,490.494,3.004,1.0,1.0,11.35,/kaggle/working/clips/tier1/usfv-YmWPBs_clip0028_t00487.mp4
usfv-YmWPBs_clip0029_t00513,usfv-YmWPBs,513.442,518.442,5.0,1.0,1.0,8.89,/kaggle/working/clips/tier1/usfv-YmWPBs_clip0029_t00513.mp4
usfv-YmWPBs_clip0030_t00517,usfv-YmWPBs,517.442,522.442,5.0,1.0,1.0,8.04,/kaggle/working/clips/tier1/usfv-YmWPBs_clip0030_t00517.mp4
usfv-YmWPBs_clip0031_t00521,usfv-YmWPBs,521.442,526.442,5.0,1.0,1.0,8.02,/kaggle/working/clips/tier1/usfv-YmWPBs_clip0031_t00521.mp4
usfv-YmWPBs_clip0032_t00525,usfv-YmWPBs,525.442,528.286,2.844,1.0,1.0,3.98,/kaggle/working/clips/tier1/usfv-YmWPBs_clip0032_t00525.mp4
usfv-YmWPBs_clip0033_t00551,usfv-YmWPBs,551.842,554.238,2.396,1.0,1.0,11.98,/kaggle/working/clips/tier1/usfv-YmWPBs_clip0033_t00551.mp4
usfv-YmWPBs_clip0034_t00574,usfv-YmWPBs,574.21,576.574,2.364,1.0,1.0,5.24,/kaggle/working/clips/tier1/usfv-YmWPBs_clip0034_t00574.mp4
usfv-YmWPBs_clip0035_t00577,usfv-YmWPBs,577.538,585.502,7.964,1.0,1.0,8.83,/kaggle/working/clips/tier1/usfv-YmWPBs_clip0035_t00577.mp4
usfv-YmWPBs_clip0036_t00585,usfv-YmWPBs,585.794,589.374,3.58,1.0,1.0,5.27,/kaggle/working/clips/tier1/usfv-YmWPBs_clip0036_t00585.mp4
usfv-YmWPBs_clip0037_t00613,usfv-YmWPBs,613.922,617.406,3.484,1.0,1.0,11.12,/kaggle/working/clips/tier1/usfv-YmWPBs_clip0037_t00613.mp4
usfv-YmWPBs_clip0038_t00622,usfv-YmWPBs,622.498,625.406,2.908,1.0,1.0,11.72,/kaggle/working/clips/tier1/usfv-YmWPBs_clip0038_t00622.mp4
usfv-YmWPBs_clip0039_t00629,usfv-YmWPBs,629.378,631.838,2.46,1.0,1.0,13.0,/kaggle/working/clips/tier1/usfv-YmWPBs_clip0039_t00629.mp4
usfv-YmWPBs_clip0040_t00634,usfv-YmWPBs,634.05,638.558,4.508,1.0,1.0,11.07,/kaggle/working/clips/tier1/usfv-YmWPBs_clip0040_t00634.mp4
usfv-YmWPBs_clip0041_t00664,usfv-YmWPBs,664.642,667.07,2.428,1.0,1.0,12.38,/kaggle/working/clips/tier1/usfv-YmWPBs_clip0041_t00664.mp4
usfv-YmWPBs_clip0042_t00672,usfv-YmWPBs,672.738,674.91,2.172,1.0,1.0,12.49,/kaggle/working/clips/tier1/usfv-YmWPBs_clip0042_t00672.mp4
usfv-YmWPBs_clip0043_t00678,usfv-YmWPBs,678.818,685.598,6.78,1.0,1.0,13.86,/kaggle/working/clips/tier1/usfv-YmWPBs_clip0043_t00678.mp4
usfv-YmWPBs_clip0044_t00686,usfv-YmWPBs,686.626,697.95,11.324,1.0,1.0,9.36,/kaggle/working/clips/tier1/usfv-YmWPBs_clip0044_t00686.mp4
usfv-YmWPBs_clip0045_t00762,usfv-YmWPBs,762.914,768.638,5.724,1.0,1.0,8.95,/kaggle/working/clips/tier1/usfv-YmWPBs_clip0045_t00762.mp4
usfv-YmWPBs_clip0046_t00768,usfv-YmWPBs,768.77,773.246,4.476,1.0,1.0,6.57,/kaggle/working/clips/tier1/usfv-YmWPBs_clip0046_t00768.mp4
usfv-YmWPBs_clip0047_t00812,usfv-YmWPBs,812.578,817.578,5.0,1.0,1.0,8.6,/kaggle/working/clips/tier1/usfv-YmWPBs_clip0047_t00812.mp4
usfv-YmWPBs_clip0048_t00816,usfv-YmWPBs,816.578,821.578,5.0,1.0,1.0,7.97,/kaggle/working/clips/tier1/usfv-YmWPBs_clip0048_t00816.mp4
usfv-YmWPBs_clip0049_t00820,usfv-YmWPBs,820.578,825.578,5.0,1.0,1.0,7.38,/kaggle/working/clips/tier1/usfv-YmWPBs_clip0049_t00820.mp4
usfv-YmWPBs_clip0050_t00824,usfv-YmWPBs,824.578,829.578,5.0,1.0,1.0,8.39,/kaggle/working/clips/tier1/usfv-YmWPBs_clip0050_t00824.mp4
usfv-YmWPBs_clip0051_t00828,usfv-YmWPBs,828.578,832.926,4.348,1.0,1.0,8.43,/kaggle/working/clips/tier1/usfv-YmWPBs_clip0051_t00828.mp4
usfv-YmWPBs_clip0052_t00833,usfv-YmWPBs,833.186,838.174,4.988,1.0,1.0,9.0,/kaggle/working/clips/tier1/usfv-YmWPBs_clip0052_t00833.mp4
usfv-YmWPBs_clip0053_t00838,usfv-YmWPBs,838.722,845.502,6.78,1.0,1.0,7.06,/kaggle/working/clips/tier1/usfv-YmWPBs_clip0053_t00838.mp4
usfv-YmWPBs_clip0054_t00878,usfv-YmWPBs,878.21,880.894,2.684,1.0,1.0,6.0,/kaggle/working/clips/tier1/usfv-YmWPBs_clip0054_t00878.mp4
usfv-YmWPBs_clip0055_t00881,usfv-YmWPBs,881.058,886.058,5.0,1.0,1.0,9.43,/kaggle/working/clips/tier1/usfv-YmWPBs_clip0055_t00881.mp4
usfv-YmWPBs_clip0056_t00885,usfv-YmWPBs,885.058,890.058,5.0,1.0,1.0,9.51,/kaggle/working/clips/tier1/usfv-YmWPBs_clip0056_t00885.mp4
usfv-YmWPBs_clip0057_t00889,usfv-YmWPBs,889.058,894.058,5.0,1.0,1.0,9.76,/kaggle/working/clips/tier1/usfv-YmWPBs_clip0057_t00889.mp4
usfv-YmWPBs_clip0058_t00893,usfv-YmWPBs,893.058,898.058,5.0,1.0,1.0,7.8,/kaggle/working/clips/tier1/usfv-YmWPBs_clip0058_t00893.mp4
usfv-YmWPBs_clip0059_t00910,usfv-YmWPBs,910.338,916.51,6.172,1.0,1.0,11.25,/kaggle/working/clips/tier1/usfv-YmWPBs_clip0059_t00910.mp4
usfv-YmWPBs_clip0060_t00965,usfv-YmWPBs,965.666,976.638,10.972,1.0,1.0,10.59,/kaggle/working/clips/tier1/usfv-YmWPBs_clip0060_t00965.mp4
usfv-YmWPBs_clip0061_t00990,usfv-YmWPBs,990.882,993.566,2.684,1.0,1.0,11.1,/kaggle/working/clips/tier1/usfv-YmWPBs_clip0061_t00990.mp4
usfv-YmWPBs_clip0062_t00996,usfv-YmWPBs,996.162,998.782,2.62,1.0,1.0,10.84,/kaggle/working/clips/tier1/usfv-YmWPBs_clip0062_t00996.mp4
usfv-YmWPBs_clip0063_t01000,usfv-YmWPBs,1000.898,1005.406,4.508,1.0,1.0,11.33,/kaggle/working/clips/tier1/usfv-YmWPBs_clip0063_t01000.mp4
usfv-YmWPBs_clip0064_t01005,usfv-YmWPBs,1005.762,1008.766,3.004,1.0,1.0,13.48,/kaggle/working/clips/tier1/usfv-YmWPBs_clip0064_t01005.mp4
usfv-YmWPBs_clip0065_t01011,usfv-YmWPBs,1011.298,1016.99,5.692,1.0,1.0,12.24,/kaggle/working/clips/tier1/usfv-YmWPBs_clip0065_t01011.mp4
usfv-YmWPBs_clip0066_t01017,usfv-YmWPBs,1017.09,1021.662,4.572,1.0,1.0,11.66,/kaggle/working/clips/tier1/usfv-YmWPBs_clip0066_t01017.mp4
usfv-YmWPBs_clip0067_t01039,usfv-YmWPBs,1039.522,1047.806,8.284,1.0,1.0,8.22,/kaggle/working/clips/tier1/usfv-YmWPBs_clip0067_t01039.mp4
usfv-YmWPBs_clip0068_t01047,usfv-YmWPBs,1047.906,1052.542,4.636,1.0,1.0,6.24,/kaggle/working/clips/tier1/usfv-YmWPBs_clip0068_t01047.mp4
usfv-YmWPBs_clip0069_t01052,usfv-YmWPBs,1052.834,1059.39,6.556,1.0,1.0,8.14,/kaggle/working/clips/tier1/usfv-YmWPBs_clip0069_t01052.mp4
usfv-YmWPBs_clip0070_t01127,usfv-YmWPBs,1127.81,1131.07,3.26,0.75,1.0,12.24,/kaggle/working/clips/tier1/usfv-YmWPBs_clip0070_t01127.mp4
usfv-YmWPBs_clip0071_t01131,usfv-YmWPBs,1131.298,1134.078,2.78,1.0,1.0,13.14,/kaggle/working/clips/tier1/usfv-YmWPBs_clip0071_t01131.mp4
usfv-YmWPBs_clip0072_t01134,usfv-YmWPBs,1134.21,1136.478,2.268,1.0,1.0,13.36,/kaggle/working/clips/tier1/usfv-YmWPBs_clip0072_t01134.mp4
usfv-YmWPBs_clip0073_t01142,usfv-YmWPBs,1142.338,1146.398,4.06,1.0,1.0,9.1,/kaggle/working/clips/tier1/usfv-YmWPBs_clip0073_t01142.mp4
usfv-YmWPBs_clip0074_t01146,usfv-YmWPBs,1146.818,1149.854,3.036,1.0,1.0,8.49,/kaggle/working/clips/tier1/usfv-YmWPBs_clip0074_t01146.mp4
usfv-YmWPBs_clip0075_t01154,usfv-YmWPBs,1154.754,1158.174,3.42,1.0,1.0,8.9,/kaggle/working/clips/tier1/usfv-YmWPBs_clip0075_t01154.mp4
usfv-YmWPBs_clip0076_t01158,usfv-YmWPBs,1158.402,1160.446,2.044,1.0,1.0,7.83,/kaggle/working/clips/tier1/usfv-YmWPBs_clip0076_t01158.mp4
usfv-YmWPBs_clip0077_t01181,usfv-YmWPBs,1181.826,1187.294,5.468,1.0,1.0,5.59,/kaggle/working/clips/tier1/usfv-YmWPBs_clip0077_t01181.mp4
usfv-YmWPBs_clip0078_t01187,usfv-YmWPBs,1187.522,1191.614,4.092,1.0,1.0,3.47,/kaggle/working/clips/tier1/usfv-YmWPBs_clip0078_t01187.mp4
tzfOPG9WhJ0_clip0000_t00000,tzfOPG9WhJ0,0.162,4.606,4.444,1.0,1.0,9.4,/kaggle/working/clips/tier1/tzfOPG9WhJ0_clip0000_t00000.mp4
tzfOPG9WhJ0_clip0001_t00005,tzfOPG9WhJ0,5.442,10.046,4.604,1.0,1.0,8.77,/kaggle/working/clips/tier1/tzfOPG9WhJ0_clip0001_t00005.mp4
tzfOPG9WhJ0_clip0002_t00014,tzfOPG9WhJ0,14.53,20.318,5.788,1.0,1.0,8.5,/kaggle/working/clips/tier1/tzfOPG9WhJ0_clip0002_t00014.mp4
tzfOPG9WhJ0_clip0003_t00028,tzfOPG9WhJ0,28.61,31.134,2.524,1.0,1.0,9.46,/kaggle/working/clips/tier1/tzfOPG9WhJ0_clip0003_t00028.mp4
tzfOPG9WhJ0_clip0004_t00058,tzfOPG9WhJ0,58.37,63.37,5.0,1.0,1.0,6.87,/kaggle/working/clips/tier1/tzfOPG9WhJ0_clip0004_t00058.mp4
tzfOPG9WhJ0_clip0005_t00062,tzfOPG9WhJ0,62.37,67.37,5.0,1.0,1.0,8.11,/kaggle/working/clips/tier1/tzfOPG9WhJ0_clip0005_t00062.mp4
tzfOPG9WhJ0_clip0006_t00066,tzfOPG9WhJ0,66.37,71.37,5.0,1.0,1.0,7.69,/kaggle/working/clips/tier1/tzfOPG9WhJ0_clip0006_t00066.mp4
tzfOPG9WhJ0_clip0007_t00070,tzfOPG9WhJ0,70.37,75.37,5.0,1.0,1.0,8.61,/kaggle/working/clips/tier1/tzfOPG9WhJ0_clip0007_t00070.mp4
tzfOPG9WhJ0_clip0008_t00074,tzfOPG9WhJ0,74.37,79.37,5.0,1.0,1.0,7.1,/kaggle/working/clips/tier1/tzfOPG9WhJ0_clip0008_t00074.mp4
tzfOPG9WhJ0_clip0009_t00078,tzfOPG9WhJ0,78.37,83.37,5.0,1.0,1.0,6.85,/kaggle/working/clips/tier1/tzfOPG9WhJ0_clip0009_t00078.mp4
tzfOPG9WhJ0_clip0010_t00082,tzfOPG9WhJ0,82.37,87.37,5.0,1.0,1.0,6.46,/kaggle/working/clips/tier1/tzfOPG9WhJ0_clip0010_t00082.mp4
tzfOPG9WhJ0_clip0011_t00088,tzfOPG9WhJ0,88.386,96.094,7.708,1.0,1.0,7.91,/kaggle/working/clips/tier1/tzfOPG9WhJ0_clip0011_t00088.mp4
tzfOPG9WhJ0_clip0012_t00096,tzfOPG9WhJ0,96.258,101.258,5.0,1.0,1.0,7.9,/kaggle/working/clips/tier1/tzfOPG9WhJ0_clip0012_t00096.mp4
tzfOPG9WhJ0_clip0013_t00100,tzfOPG9WhJ0,100.258,105.258,5.0,1.0,1.0,6.65,/kaggle/working/clips/tier1/tzfOPG9WhJ0_clip0013_t00100.mp4
tzfOPG9WhJ0_clip0014_t00104,tzfOPG9WhJ0,104.258,109.258,5.0,1.0,1.0,7.99,/kaggle/working/clips/tier1/tzfOPG9WhJ0_clip0014_t00104.mp4
tzfOPG9WhJ0_clip0015_t00108,tzfOPG9WhJ0,108.258,113.258,5.0,1.0,1.0,7.7,/kaggle/working/clips/tier1/tzfOPG9WhJ0_clip0015_t00108.mp4
tzfOPG9WhJ0_clip0016_t00112,tzfOPG9WhJ0,112.258,117.258,5.0,1.0,1.0,6.31,/kaggle/working/clips/tier1/tzfOPG9WhJ0_clip0016_t00112.mp4
tzfOPG9WhJ0_clip0017_t00116,tzfOPG9WhJ0,116.258,121.258,5.0,1.0,1.0,6.64,/kaggle/working/clips/tier1/tzfOPG9WhJ0_clip0017_t00116.mp4
tzfOPG9WhJ0_clip0018_t00120,tzfOPG9WhJ0,120.258,125.258,5.0,1.0,1.0,9.75,/kaggle/working/clips/tier1/tzfOPG9WhJ0_clip0018_t00120.mp4
tzfOPG9WhJ0_clip0019_t00124,tzfOPG9WhJ0,124.258,127.838,3.58,1.0,1.0,7.36,/kaggle/working/clips/tier1/tzfOPG9WhJ0_clip0019_t00124.mp4
tzfOPG9WhJ0_clip0020_t00134,tzfOPG9WhJ0,134.562,139.562,5.0,1.0,1.0,9.17,/kaggle/working/clips/tier1/tzfOPG9WhJ0_clip0020_t00134.mp4
tzfOPG9WhJ0_clip0021_t00138,tzfOPG9WhJ0,138.562,143.562,5.0,1.0,1.0,7.86,/kaggle/working/clips/tier1/tzfOPG9WhJ0_clip0021_t00138.mp4
tzfOPG9WhJ0_clip0022_t00142,tzfOPG9WhJ0,142.562,147.562,5.0,1.0,1.0,7.87,/kaggle/working/clips/tier1/tzfOPG9WhJ0_clip0022_t00142.mp4
tzfOPG9WhJ0_clip0023_t00156,tzfOPG9WhJ0,156.418,158.942,2.524,1.0,1.0,8.09,/kaggle/working/clips/tier1/tzfOPG9WhJ0_clip0023_t00156.mp4
tzfOPG9WhJ0_clip0024_t00159,tzfOPG9WhJ0,159.042,164.042,5.0,1.0,1.0,8.15,/kaggle/working/clips/tier1/tzfOPG9WhJ0_clip0024_t00159.mp4
tzfOPG9WhJ0_clip0025_t00163,tzfOPG9WhJ0,163.042,168.042,5.0,1.0,1.0,8.77,/kaggle/working/clips/tier1/tzfOPG9WhJ0_clip0025_t00163.mp4
tzfOPG9WhJ0_clip0026_t00167,tzfOPG9WhJ0,167.042,172.042,5.0,1.0,1.0,7.1,/kaggle/working/clips/tier1/tzfOPG9WhJ0_clip0026_t00167.mp4
tzfOPG9WhJ0_clip0027_t00171,tzfOPG9WhJ0,171.042,176.042,5.0,1.0,1.0,7.59,/kaggle/working/clips/tier1/tzfOPG9WhJ0_clip0027_t00171.mp4
tzfOPG9WhJ0_clip0028_t00175,tzfOPG9WhJ0,175.042,179.518,4.476,1.0,1.0,7.28,/kaggle/working/clips/tier1/tzfOPG9WhJ0_clip0028_t00175.mp4
tzfOPG9WhJ0_clip0029_t00180,tzfOPG9WhJ0,180.386,183.742,3.356,1.0,1.0,6.67,/kaggle/working/clips/tier1/tzfOPG9WhJ0_clip0029_t00180.mp4
tzfOPG9WhJ0_clip0030_t00190,tzfOPG9WhJ0,190.338,194.91,4.572,1.0,1.0,7.83,/kaggle/working/clips/tier1/tzfOPG9WhJ0_clip0030_t00190.mp4
tzfOPG9WhJ0_clip0031_t00195,tzfOPG9WhJ0,195.074,200.99,5.916,1.0,1.0,8.77,/kaggle/working/clips/tier1/tzfOPG9WhJ0_clip0031_t00195.mp4
tzfOPG9WhJ0_clip0032_t00201,tzfOPG9WhJ0,201.218,207.742,6.524,1.0,1.0,8.45,/kaggle/working/clips/tier1/tzfOPG9WhJ0_clip0032_t00201.mp4
tzfOPG9WhJ0_clip0033_t00215,tzfOPG9WhJ0,215.138,220.138,5.0,1.0,1.0,8.83,/kaggle/working/clips/tier1/tzfOPG9WhJ0_clip0033_t00215.mp4
tzfOPG9WhJ0_clip0034_t00219,tzfOPG9WhJ0,219.138,224.138,5.0,1.0,1.0,8.48,/kaggle/working/clips/tier1/tzfOPG9WhJ0_clip0034_t00219.mp4
tzfOPG9WhJ0_clip0035_t00223,tzfOPG9WhJ0,223.138,228.138,5.0,1.0,1.0,8.79,/kaggle/working/clips/tier1/tzfOPG9WhJ0_clip0035_t00223.mp4
tzfOPG9WhJ0_clip0036_t00227,tzfOPG9WhJ0,227.138,232.138,5.0,1.0,1.0,7.83,/kaggle/working/clips/tier1/tzfOPG9WhJ0_clip0036_t00227.mp4
tzfOPG9WhJ0_clip0037_t00231,tzfOPG9WhJ0,231.138,236.138,5.0,1.0,1.0,8.14,/kaggle/working/clips/tier1/tzfOPG9WhJ0_clip0037_t00231.mp4
tzfOPG9WhJ0_clip0038_t00235,tzfOPG9WhJ0,235.138,240.138,5.0,1.0,1.0,7.6,/kaggle/working/clips/tier1/tzfOPG9WhJ0_clip0038_t00235.mp4
tzfOPG9WhJ0_clip0039_t00239,tzfOPG9WhJ0,239.138,243.198,4.06,1.0,1.0,8.21,/kaggle/working/clips/tier1/tzfOPG9WhJ0_clip0039_t00239.mp4
tzfOPG9WhJ0_clip0040_t00243,tzfOPG9WhJ0,243.33,248.33,5.0,1.0,1.0,9.03,/kaggle/working/clips/tier1/tzfOPG9WhJ0_clip0040_t00243.mp4
tzfOPG9WhJ0_clip0041_t00247,tzfOPG9WhJ0,247.33,252.33,5.0,1.0,1.0,9.15,/kaggle/working/clips/tier1/tzfOPG9WhJ0_clip0041_t00247.mp4
tzfOPG9WhJ0_clip0042_t00251,tzfOPG9WhJ0,251.33,256.33,5.0,1.0,1.0,9.0,/kaggle/working/clips/tier1/tzfOPG9WhJ0_clip0042_t00251.mp4
tzfOPG9WhJ0_clip0043_t00255,tzfOPG9WhJ0,255.33,260.33,5.0,1.0,1.0,8.41,/kaggle/working/clips/tier1/tzfOPG9WhJ0_clip0043_t00255.mp4
tzfOPG9WhJ0_clip0044_t00259,tzfOPG9WhJ0,259.33,264.33,5.0,1.0,1.0,8.59,/kaggle/working/clips/tier1/tzfOPG9WhJ0_clip0044_t00259.mp4
tzfOPG9WhJ0_clip0045_t00263,tzfOPG9WhJ0,263.33,268.094,4.764,1.0,1.0,7.69,/kaggle/working/clips/tier1/tzfOPG9WhJ0_clip0045_t00263.mp4
tzfOPG9WhJ0_clip0046_t00289,tzfOPG9WhJ0,289.762,294.762,5.0,1.0,1.0,7.2,/kaggle/working/clips/tier1/tzfOPG9WhJ0_clip0046_t00289.mp4
tzfOPG9WhJ0_clip0047_t00293,tzfOPG9WhJ0,293.762,298.762,5.0,1.0,1.0,6.74,/kaggle/working/clips/tier1/tzfOPG9WhJ0_clip0047_t00293.mp4
tzfOPG9WhJ0_clip0048_t00297,tzfOPG9WhJ0,297.762,302.27,4.508,1.0,1.0,7.26,/kaggle/working/clips/tier1/tzfOPG9WhJ0_clip0048_t00297.mp4
tzfOPG9WhJ0_clip0049_t00302,tzfOPG9WhJ0,302.498,312.542,10.044,1.0,1.0,7.42,/kaggle/working/clips/tier1/tzfOPG9WhJ0_clip0049_t00302.mp4
tzfOPG9WhJ0_clip0050_t00314,tzfOPG9WhJ0,314.434,319.434,5.0,1.0,1.0,6.6,/kaggle/working/clips/tier1/tzfOPG9WhJ0_clip0050_t00314.mp4
tzfOPG9WhJ0_clip0051_t00332,tzfOPG9WhJ0,332.514,335.774,3.26,1.0,1.0,8.34,/kaggle/working/clips/tier1/tzfOPG9WhJ0_clip0051_t00332.mp4
tzfOPG9WhJ0_clip0052_t00335,tzfOPG9WhJ0,335.906,342.75,6.844,1.0,1.0,5.96,/kaggle/working/clips/tier1/tzfOPG9WhJ0_clip0052_t00335.mp4
tzfOPG9WhJ0_clip0053_t00343,tzfOPG9WhJ0,343.01,354.686,11.676,1.0,1.0,6.2,/kaggle/working/clips/tier1/tzfOPG9WhJ0_clip0053_t00343.mp4
tzfOPG9WhJ0_clip0054_t00354,tzfOPG9WhJ0,354.786,359.786,5.0,1.0,1.0,6.49,/kaggle/working/clips/tier1/tzfOPG9WhJ0_clip0054_t00354.mp4
tzfOPG9WhJ0_clip0055_t00358,tzfOPG9WhJ0,358.786,363.786,5.0,1.0,1.0,8.05,/kaggle/working/clips/tier1/tzfOPG9WhJ0_clip0055_t00358.mp4
tzfOPG9WhJ0_clip0056_t00362,tzfOPG9WhJ0,362.786,367.786,5.0,1.0,1.0,8.51,/kaggle/working/clips/tier1/tzfOPG9WhJ0_clip0056_t00362.mp4
tzfOPG9WhJ0_clip0057_t00366,tzfOPG9WhJ0,366.786,371.786,5.0,1.0,1.0,6.75,/kaggle/working/clips/tier1/tzfOPG9WhJ0_clip0057_t00366.mp4
tzfOPG9WhJ0_clip0058_t00370,tzfOPG9WhJ0,370.786,375.786,5.0,1.0,1.0,6.63,/kaggle/working/clips/tier1/tzfOPG9WhJ0_clip0058_t00370.mp4
tzfOPG9WhJ0_clip0059_t00374,tzfOPG9WhJ0,374.786,379.786,5.0,1.0,1.0,6.93,/kaggle/working/clips/tier1/tzfOPG9WhJ0_clip0059_t00374.mp4
tzfOPG9WhJ0_clip0060_t00378,tzfOPG9WhJ0,378.786,383.742,4.956,1.0,1.0,6.28,/kaggle/working/clips/tier1/tzfOPG9WhJ0_clip0060_t00378.mp4
tzfOPG9WhJ0_clip0061_t00386,tzfOPG9WhJ0,386.882,394.878,7.996,1.0,1.0,6.36,/kaggle/working/clips/tier1/tzfOPG9WhJ0_clip0061_t00386.mp4
tzfOPG9WhJ0_clip0062_t00394,tzfOPG9WhJ0,394.978,401.47,6.492,1.0,1.0,6.34,/kaggle/working/clips/tier1/tzfOPG9WhJ0_clip0062_t00394.mp4
tzfOPG9WhJ0_clip0063_t00401,tzfOPG9WhJ0,401.634,403.934,2.3,1.0,1.0,5.88,/kaggle/working/clips/tier1/tzfOPG9WhJ0_clip0063_t00401.mp4
tzfOPG9WhJ0_clip0064_t00406,tzfOPG9WhJ0,406.562,410.494,3.932,1.0,1.0,7.79,/kaggle/working/clips/tier1/tzfOPG9WhJ0_clip0064_t00406.mp4
tzfOPG9WhJ0_clip0065_t00410,tzfOPG9WhJ0,410.626,415.626,5.0,1.0,1.0,7.82,/kaggle/working/clips/tier1/tzfOPG9WhJ0_clip0065_t00410.mp4
tzfOPG9WhJ0_clip0066_t00414,tzfOPG9WhJ0,414.626,419.626,5.0,1.0,1.0,6.27,/kaggle/working/clips/tier1/tzfOPG9WhJ0_clip0066_t00414.mp4
tzfOPG9WhJ0_clip0067_t00418,tzfOPG9WhJ0,418.626,423.626,5.0,1.0,1.0,5.89,/kaggle/working/clips/tier1/tzfOPG9WhJ0_clip0067_t00418.mp4
tzfOPG9WhJ0_clip0068_t00422,tzfOPG9WhJ0,422.626,426.558,3.932,1.0,1.0,4.93,/kaggle/working/clips/tier1/tzfOPG9WhJ0_clip0068_t00422.mp4
tzfOPG9WhJ0_clip0069_t00428,tzfOPG9WhJ0,428.962,438.782,9.82,1.0,1.0,4.9,/kaggle/working/clips/tier1/tzfOPG9WhJ0_clip0069_t00428.mp4
tzfOPG9WhJ0_clip0070_t00440,tzfOPG9WhJ0,440.674,448.158,7.484,0.875,1.0,6.57,/kaggle/working/clips/tier1/tzfOPG9WhJ0_clip0070_t00440.mp4
tzfOPG9WhJ0_clip0071_t00448,tzfOPG9WhJ0,448.258,458.91,10.652,1.0,1.0,8.15,/kaggle/working/clips/tier1/tzfOPG9WhJ0_clip0071_t00448.mp4
tzfOPG9WhJ0_clip0072_t00459,tzfOPG9WhJ0,459.202,462.43,3.228,1.0,1.0,9.39,/kaggle/working/clips/tier1/tzfOPG9WhJ0_clip0072_t00459.mp4
tzfOPG9WhJ0_clip0073_t00462,tzfOPG9WhJ0,462.53,471.614,9.084,1.0,1.0,6.38,/kaggle/working/clips/tier1/tzfOPG9WhJ0_clip0073_t00462.mp4
