clip_id,source_video,start_time,end_time,duration,face_ratio,speech_ratio,snr,file_path
BG6GHJfaEls_clip0000_t00002,BG6GHJfaEls,2.05,6.494,4.444,1.0,1.0,20.62,/kaggle/working/clips/tier1/BG6GHJfaEls_clip0000_t00002.mp4
BG6GHJfaEls_clip0001_t00006,BG6GHJfaEls,6.658,10.302,3.644,1.0,1.0,16.33,/kaggle/working/clips/tier1/BG6GHJfaEls_clip0001_t00006.mp4
BG6GHJfaEls_clip0002_t00012,BG6GHJfaEls,12.578,16.318,3.74,1.0,1.0,15.82,/kaggle/working/clips/tier1/BG6GHJfaEls_clip0002_t00012.mp4
BG6GHJfaEls_clip0003_t00016,BG6GHJfaEls,16.802,19.966,3.164,1.0,1.0,16.17,/kaggle/working/clips/tier1/BG6GHJfaEls_clip0003_t00016.mp4
BG6GHJfaEls_clip0004_t00020,BG6GHJfaEls,20.354,23.294,2.94,1.0,1.0,15.16,/kaggle/working/clips/tier1/BG6GHJfaEls_clip0004_t00020.mp4
BG6GHJfaEls_clip0005_t00030,BG6GHJfaEls,30.498,33.054,2.556,1.0,1.0,16.06,/kaggle/working/clips/tier1/BG6GHJfaEls_clip0005_t00030.mp4
BG6GHJfaEls_clip0006_t00033,BG6GHJfaEls,33.73,36.446,2.716,1.0,1.0,15.83,/kaggle/working/clips/tier1/BG6GHJfaEls_clip0006_t00033.mp4
BG6GHJfaEls_clip0007_t00036,BG6GHJfaEls,36.834,38.878,2.044,1.0,1.0,16.52,/kaggle/working/clips/tier1/BG6GHJfaEls_clip0007_t00036.mp4
BG6GHJfaEls_clip0008_t00039,BG6GHJfaEls,39.714,42.558,2.844,1.0,1.0,16.69,/kaggle/working/clips/tier1/BG6GHJfaEls_clip0008_t00039.mp4
BG6GHJfaEls_clip0009_t00045,BG6GHJfaEls,45.346,47.422,2.076,1.0,1.0,14.13,/kaggle/working/clips/tier1/BG6GHJfaEls_clip0009_t00045.mp4
BG6GHJfaEls_clip0010_t00051,BG6GHJfaEls,51.394,54.462,3.068,1.0,1.0,16.27,/kaggle/working/clips/tier1/BG6GHJfaEls_clip0010_t00051.mp4
BG6GHJfaEls_clip0011_t00054,BG6GHJfaEls,54.818,58.878,4.06,1.0,1.0,14.73,/kaggle/working/clips/tier1/BG6GHJfaEls_clip0011_t00054.mp4
BG6GHJfaEls_clip0012_t00059,BG6GHJfaEls,59.394,62.174,2.78,1.0,1.0,15.87,/kaggle/working/clips/tier1/BG6GHJfaEls_clip0012_t00059.mp4
BG6GHJfaEls_clip0013_t00062,BG6GHJfaEls,62.498,66.75,4.252,1.0,1.0,15.87,/kaggle/working/clips/tier1/BG6GHJfaEls_clip0013_t00062.mp4
BG6GHJfaEls_clip0014_t00067,BG6GHJfaEls,67.106,70.718,3.612,1.0,1.0,15.33,/kaggle/working/clips/tier1/BG6GHJfaEls_clip0014_t00067.mp4
BG6GHJfaEls_clip0015_t00072,BG6GHJfaEls,72.77,78.206,5.436,1.0,1.0,16.02,/kaggle/working/clips/tier1/BG6GHJfaEls_clip0015_t00072.mp4
BG6GHJfaEls_clip0016_t00079,BG6GHJfaEls,79.106,81.278,2.172,1.0,1.0,16.89,/kaggle/working/clips/tier1/BG6GHJfaEls_clip0016_t00079.mp4
BG6GHJfaEls_clip0017_t00081,BG6GHJfaEls,81.634,84.926,3.292,1.0,1.0,17.83,/kaggle/working/clips/tier1/BG6GHJfaEls_clip0017_t00081.mp4
BG6GHJfaEls_clip0018_t00085,BG6GHJfaEls,85.346,89.182,3.836,1.0,1.0,15.66,/kaggle/working/clips/tier1/BG6GHJfaEls_clip0018_t00085.mp4
BG6GHJfaEls_clip0019_t00089,BG6GHJfaEls,89.538,92.702,3.164,1.0,1.0,12.76,/kaggle/working/clips/tier1/BG6GHJfaEls_clip0019_t00089.mp4
BG6GHJfaEls_clip0020_t00100,BG6GHJfaEls,100.162,102.654,2.492,1.0,1.0,17.93,/kaggle/working/clips/tier1/BG6GHJfaEls_clip0020_t00100.mp4
BG6GHJfaEls_clip0021_t00102,BG6GHJfaEls,102.978,105.118,2.14,1.0,1.0,15.53,/kaggle/working/clips/tier1/BG6GHJfaEls_clip0021_t00102.mp4
BG6GHJfaEls_clip0022_t00108,BG6GHJfaEls,108.002,110.654,2.652,1.0,1.0,14.37,/kaggle/working/clips/tier1/BG6GHJfaEls_clip0022_t00108.mp4
BG6GHJfaEls_clip0023_t00112,BG6GHJfaEls,112.322,114.942,2.62,1.0,1.0,12.0,/kaggle/working/clips/tier1/BG6GHJfaEls_clip0023_t00112.mp4
BG6GHJfaEls_clip0024_t00115,BG6GHJfaEls,115.202,117.694,2.492,1.0,1.0,12.08,/kaggle/working/clips/tier1/BG6GHJfaEls_clip0024_t00115.mp4
BG6GHJfaEls_clip0025_t00120,BG6GHJfaEls,120.994,126.142,5.148,1.0,1.0,16.24,/kaggle/working/clips/tier1/BG6GHJfaEls_clip0025_t00120.mp4
BG6GHJfaEls_clip0026_t00126,BG6GHJfaEls,126.658,130.142,3.484,1.0,1.0,17.08,/kaggle/working/clips/tier1/BG6GHJfaEls_clip0026_t00126.mp4
BG6GHJfaEls_clip0027_t00137,BG6GHJfaEls,137.346,139.902,2.556,1.0,1.0,16.04,/kaggle/working/clips/tier1/BG6GHJfaEls_clip0027_t00137.mp4
BG6GHJfaEls_clip0028_t00145,BG6GHJfaEls,145.666,148.702,3.036,1.0,1.0,15.83,/kaggle/working/clips/tier1/BG6GHJfaEls_clip0028_t00145.mp4
BG6GHJfaEls_clip0029_t00148,BG6GHJfaEls,148.994,151.166,2.172,1.0,1.0,13.24,/kaggle/working/clips/tier1/BG6GHJfaEls_clip0029_t00148.mp4
BG6GHJfaEls_clip0030_t00151,BG6GHJfaEls,151.778,156.286,4.508,1.0,1.0,14.84,/kaggle/working/clips/tier1/BG6GHJfaEls_clip0030_t00151.mp4
BG6GHJfaEls_clip0031_t00162,BG6GHJfaEls,162.082,166.654,4.572,1.0,1.0,14.44,/kaggle/working/clips/tier1/BG6GHJfaEls_clip0031_t00162.mp4
BG6GHJfaEls_clip0032_t00166,BG6GHJfaEls,166.946,169.022,2.076,1.0,1.0,16.85,/kaggle/working/clips/tier1/BG6GHJfaEls_clip0032_t00166.mp4
BG6GHJfaEls_clip0033_t00169,BG6GHJfaEls,169.41,174.43,5.02,1.0,1.0,14.91,/kaggle/working/clips/tier1/BG6GHJfaEls_clip0033_t00169.mp4
BG6GHJfaEls_clip0034_t00174,BG6GHJfaEls,174.85,177.918,3.068,1.0,1.0,16.81,/kaggle/working/clips/tier1/BG6GHJfaEls_clip0034_t00174.mp4
BG6GHJfaEls_clip0035_t00178,BG6GHJfaEls,178.21,180.51,2.3,1.0,1.0,12.35,/kaggle/working/clips/tier1/BG6GHJfaEls_clip0035_t00178.mp4
BG6GHJfaEls_clip0036_t00181,BG6GHJfaEls,181.794,185.982,4.188,1.0,1.0,15.89,/kaggle/working/clips/tier1/BG6GHJfaEls_clip0036_t00181.mp4
BG6GHJfaEls_clip0037_t00188,BG6GHJfaEls,188.45,191.326,2.876,1.0,1.0,16.59,/kaggle/working/clips/tier1/BG6GHJfaEls_clip0037_t00188.mp4
BG6GHJfaEls_clip0038_t00193,BG6GHJfaEls,193.954,198.27,4.316,1.0,1.0,13.72,/kaggle/working/clips/tier1/BG6GHJfaEls_clip0038_t00193.mp4
BG6GHJfaEls_clip0039_t00198,BG6GHJfaEls,198.658,201.918,3.26,1.0,1.0,17.59,/kaggle/working/clips/tier1/BG6GHJfaEls_clip0039_t00198.mp4
BG6GHJfaEls_clip0040_t00202,BG6GHJfaEls,202.21,204.638,2.428,1.0,1.0,13.96,/kaggle/working/clips/tier1/BG6GHJfaEls_clip0040_t00202.mp4
BG6GHJfaEls_clip0041_t00208,BG6GHJfaEls,208.162,210.558,2.396,1.0,1.0,12.87,/kaggle/working/clips/tier1/BG6GHJfaEls_clip0041_t00208.mp4
BG6GHJfaEls_clip0042_t00215,BG6GHJfaEls,215.298,218.014,2.716,1.0,1.0,12.42,/kaggle/working/clips/tier1/BG6GHJfaEls_clip0042_t00215.mp4
BG6GHJfaEls_clip0043_t00219,BG6GHJfaEls,219.33,223.646,4.316,1.0,1.0,15.06,/kaggle/working/clips/tier1/BG6GHJfaEls_clip0043_t00219.mp4
BG6GHJfaEls_clip0044_t00223,BG6GHJfaEls,223.906,226.718,2.812,1.0,1.0,13.45,/kaggle/working/clips/tier1/BG6GHJfaEls_clip0044_t00223.mp4
BG6GHJfaEls_clip0045_t00227,BG6GHJfaEls,227.874,229.982,2.108,1.0,1.0,14.34,/kaggle/working/clips/tier1/BG6GHJfaEls_clip0045_t00227.mp4
BG6GHJfaEls_clip0046_t00230,BG6GHJfaEls,230.434,233.918,3.484,1.0,1.0,14.47,/kaggle/working/clips/tier1/BG6GHJfaEls_clip0046_t00230.mp4
BG6GHJfaEls_clip0047_t00236,BG6GHJfaEls,236.29,238.974,2.684,1.0,1.0,14.85,/kaggle/working/clips/tier1/BG6GHJfaEls_clip0047_t00236.mp4
BG6GHJfaEls_clip0048_t00241,BG6GHJfaEls,241.538,244.798,3.26,1.0,1.0,14.17,/kaggle/working/clips/tier1/BG6GHJfaEls_clip0048_t00241.mp4
BG6GHJfaEls_clip0049_t00247,BG6GHJfaEls,247.298,249.406,2.108,1.0,1.0,13.64,/kaggle/working/clips/tier1/BG6GHJfaEls_clip0049_t00247.mp4
BG6GHJfaEls_clip0050_t00249,BG6GHJfaEls,249.762,253.182,3.42,1.0,1.0,16.86,/kaggle/working/clips/tier1/BG6GHJfaEls_clip0050_t00249.mp4
BG6GHJfaEls_clip0051_t00257,BG6GHJfaEls,257.122,260.99,3.868,1.0,1.0,14.07,/kaggle/working/clips/tier1/BG6GHJfaEls_clip0051_t00257.mp4
BG6GHJfaEls_clip0052_t00261,BG6GHJfaEls,261.698,264.062,2.364,1.0,1.0,16.1,/kaggle/working/clips/tier1/BG6GHJfaEls_clip0052_t00261.mp4
BG6GHJfaEls_clip0053_t00272,BG6GHJfaEls,272.898,275.966,3.068,1.0,1.0,15.12,/kaggle/working/clips/tier1/BG6GHJfaEls_clip0053_t00272.mp4
BG6GHJfaEls_clip0054_t00276,BG6GHJfaEls,276.418,278.526,2.108,1.0,1.0,14.17,/kaggle/working/clips/tier1/BG6GHJfaEls_clip0054_t00276.mp4
BG6GHJfaEls_clip0055_t00278,BG6GHJfaEls,278.786,282.174,3.388,1.0,1.0,15.7,/kaggle/working/clips/tier1/BG6GHJfaEls_clip0055_t00278.mp4
BG6GHJfaEls_clip0056_t00282,BG6GHJfaEls,282.658,285.566,2.908,1.0,1.0,15.78,/kaggle/working/clips/tier1/BG6GHJfaEls_clip0056_t00282.mp4
BG6GHJfaEls_clip0057_t00287,BG6GHJfaEls,287.938,291.198,3.26,1.0,1.0,13.03,/kaggle/working/clips/tier1/BG6GHJfaEls_clip0057_t00287.mp4
BG6GHJfaEls_clip0058_t00291,BG6GHJfaEls,291.49,294.206,2.716,1.0,1.0,18.37,/kaggle/working/clips/tier1/BG6GHJfaEls_clip0058_t00291.mp4
BG6GHJfaEls_clip0059_t00294,BG6GHJfaEls,294.562,297.15,2.588,1.0,1.0,17.1,/kaggle/working/clips/tier1/BG6GHJfaEls_clip0059_t00294.mp4
BG6GHJfaEls_clip0060_t00299,BG6GHJfaEls,299.682,303.038,3.356,1.0,1.0,14.57,/kaggle/working/clips/tier1/BG6GHJfaEls_clip0060_t00299.mp4
BG6GHJfaEls_clip0061_t00307,BG6GHJfaEls,307.266,309.534,2.268,1.0,1.0,16.49,/kaggle/working/clips/tier1/BG6GHJfaEls_clip0061_t00307.mp4
BG6GHJfaEls_clip0062_t00309,BG6GHJfaEls,309.858,313.278,3.42,1.0,1.0,15.42,/kaggle/working/clips/tier1/BG6GHJfaEls_clip0062_t00309.mp4
BG6GHJfaEls_clip0063_t00314,BG6GHJfaEls,314.37,316.414,2.044,1.0,1.0,16.88,/kaggle/working/clips/tier1/BG6GHJfaEls_clip0063_t00314.mp4
BG6GHJfaEls_clip0064_t00317,BG6GHJfaEls,317.986,320.094,2.108,1.0,1.0,13.8,/kaggle/working/clips/tier1/BG6GHJfaEls_clip0064_t00317.mp4
BG6GHJfaEls_clip0065_t00320,BG6GHJfaEls,320.386,323.774,3.388,1.0,1.0,14.0,/kaggle/working/clips/tier1/BG6GHJfaEls_clip0065_t00320.mp4
BG6GHJfaEls_clip0066_t00327,BG6GHJfaEls,327.33,329.374,2.044,1.0,1.0,16.32,/kaggle/working/clips/tier1/BG6GHJfaEls_clip0066_t00327.mp4
BG6GHJfaEls_clip0067_t00329,BG6GHJfaEls,329.762,333.822,4.06,1.0,1.0,14.16,/kaggle/working/clips/tier1/BG6GHJfaEls_clip0067_t00329.mp4
BG6GHJfaEls_clip0068_t00338,BG6GHJfaEls,338.978,341.918,2.94,1.0,1.0,14.8,/kaggle/working/clips/tier1/BG6GHJfaEls_clip0068_t00338.mp4
BG6GHJfaEls_clip0069_t00342,BG6GHJfaEls,342.274,344.638,2.364,1.0,1.0,12.69,/kaggle/working/clips/tier1/BG6GHJfaEls_clip0069_t00342.mp4
bhO764uZyDA_clip0000_t00000,bhO764uZyDA,0.13,4.254,4.124,1.0,1.0,34.46,/kaggle/working/clips/tier1/bhO764uZyDA_clip0000_t00000.mp4
bhO764uZyDA_clip0001_t00004,bhO764uZyDA,4.386,9.822,5.436,1.0,1.0,34.72,/kaggle/working/clips/tier1/bhO764uZyDA_clip0001_t00004.mp4
bhO764uZyDA_clip0002_t00014,bhO764uZyDA,14.274,16.382,2.108,1.0,1.0,34.44,/kaggle/working/clips/tier1/bhO764uZyDA_clip0002_t00014.mp4
bhO764uZyDA_clip0003_t00016,bhO764uZyDA,16.61,18.782,2.172,1.0,1.0,35.47,/kaggle/working/clips/tier1/bhO764uZyDA_clip0003_t00016.mp4
bhO764uZyDA_clip0004_t00018,bhO764uZyDA,18.946,22.462,3.516,1.0,1.0,34.49,/kaggle/working/clips/tier1/bhO764uZyDA_clip0004_t00018.mp4
bhO764uZyDA_clip0005_t00022,bhO764uZyDA,22.914,25.118,2.204,1.0,1.0,34.74,/kaggle/working/clips/tier1/bhO764uZyDA_clip0005_t00022.mp4
bhO764uZyDA_clip0006_t00025,bhO764uZyDA,25.57,27.806,2.236,1.0,1.0,34.77,/kaggle/working/clips/tier1/bhO764uZyDA_clip0006_t00025.mp4
bhO764uZyDA_clip0007_t00035,bhO764uZyDA,35.01,37.022,2.012,1.0,1.0,35.06,/kaggle/working/clips/tier1/bhO764uZyDA_clip0007_t00035.mp4
bhO764uZyDA_clip0008_t00038,bhO764uZyDA,38.658,40.702,2.044,1.0,1.0,34.64,/kaggle/working/clips/tier1/bhO764uZyDA_clip0008_t00038.mp4
bhO764uZyDA_clip0009_t00040,bhO764uZyDA,40.834,42.974,2.14,1.0,1.0,35.09,/kaggle/working/clips/tier1/bhO764uZyDA_clip0009_t00040.mp4
bhO764uZyDA_clip0010_t00043,bhO764uZyDA,43.458,45.918,2.46,1.0,1.0,34.47,/kaggle/working/clips/tier1/bhO764uZyDA_clip0010_t00043.mp4
bhO764uZyDA_clip0011_t00046,bhO764uZyDA,46.082,49.822,3.74,1.0,1.0,35.26,/kaggle/working/clips/tier1/bhO764uZyDA_clip0011_t00046.mp4
bhO764uZyDA_clip0012_t00051,bhO764uZyDA,51.842,55.55,3.708,1.0,1.0,34.91,/kaggle/working/clips/tier1/bhO764uZyDA_clip0012_t00051.mp4
bhO764uZyDA_clip0013_t00055,bhO764uZyDA,55.682,57.822,2.14,1.0,1.0,34.59,/kaggle/working/clips/tier1/bhO764uZyDA_clip0013_t00055.mp4
bhO764uZyDA_clip0014_t00058,bhO764uZyDA,58.082,60.318,2.236,1.0,1.0,33.58,/kaggle/working/clips/tier1/bhO764uZyDA_clip0014_t00058.mp4
bhO764uZyDA_clip0015_t00065,bhO764uZyDA,65.314,67.966,2.652,1.0,1.0,34.43,/kaggle/working/clips/tier1/bhO764uZyDA_clip0015_t00065.mp4
bhO764uZyDA_clip0016_t00068,bhO764uZyDA,68.13,70.75,2.62,1.0,1.0,34.72,/kaggle/working/clips/tier1/bhO764uZyDA_clip0016_t00068.mp4
bhO764uZyDA_clip0017_t00071,bhO764uZyDA,71.234,74.334,3.1,1.0,1.0,35.47,/kaggle/working/clips/tier1/bhO764uZyDA_clip0017_t00071.mp4
bhO764uZyDA_clip0018_t00074,bhO764uZyDA,74.498,78.398,3.9,1.0,1.0,34.43,/kaggle/working/clips/tier1/bhO764uZyDA_clip0018_t00074.mp4
bhO764uZyDA_clip0019_t00082,bhO764uZyDA,82.69,85.534,2.844,1.0,1.0,34.25,/kaggle/working/clips/tier1/bhO764uZyDA_clip0019_t00082.mp4
bhO764uZyDA_clip0020_t00087,bhO764uZyDA,87.618,90.654,3.036,1.0,1.0,34.95,/kaggle/working/clips/tier1/bhO764uZyDA_clip0020_t00087.mp4
bhO764uZyDA_clip0021_t00090,bhO764uZyDA,90.754,93.31,2.556,1.0,1.0,34.02,/kaggle/working/clips/tier1/bhO764uZyDA_clip0021_t00090.mp4
bhO764uZyDA_clip0022_t00098,bhO764uZyDA,98.85,101.982,3.132,1.0,1.0,34.43,/kaggle/working/clips/tier1/bhO764uZyDA_clip0022_t00098.mp4
bhO764uZyDA_clip0023_t00104,bhO764uZyDA,104.258,106.526,2.268,1.0,1.0,33.6,/kaggle/working/clips/tier1/bhO764uZyDA_clip0023_t00104.mp4
bhO764uZyDA_clip0024_t00107,bhO764uZyDA,107.298,116.606,9.308,1.0,1.0,34.61,/kaggle/working/clips/tier1/bhO764uZyDA_clip0024_t00107.mp4
bhO764uZyDA_clip0025_t00118,bhO764uZyDA,118.754,120.926,2.172,1.0,1.0,33.94,/kaggle/working/clips/tier1/bhO764uZyDA_clip0025_t00118.mp4
bhO764uZyDA_clip0026_t00121,bhO764uZyDA,121.378,125.918,4.54,1.0,1.0,34.49,/kaggle/working/clips/tier1/bhO764uZyDA_clip0026_t00121.mp4
bhO764uZyDA_clip0027_t00126,bhO764uZyDA,126.05,129.758,3.708,1.0,1.0,33.28,/kaggle/working/clips/tier1/bhO764uZyDA_clip0027_t00126.mp4
bhO764uZyDA_clip0028_t00130,bhO764uZyDA,130.242,133.822,3.58,1.0,1.0,34.75,/kaggle/working/clips/tier1/bhO764uZyDA_clip0028_t00130.mp4
bhO764uZyDA_clip0029_t00133,bhO764uZyDA,133.954,136.734,2.78,1.0,1.0,34.3,/kaggle/working/clips/tier1/bhO764uZyDA_clip0029_t00133.mp4
bhO764uZyDA_clip0030_t00143,bhO764uZyDA,143.746,146.27,2.524,1.0,1.0,34.64,/kaggle/working/clips/tier1/bhO764uZyDA_clip0030_t00143.mp4
bhO764uZyDA_clip0031_t00148,bhO764uZyDA,148.834,152.254,3.42,1.0,1.0,34.98,/kaggle/working/clips/tier1/bhO764uZyDA_clip0031_t00148.mp4
bhO764uZyDA_clip0032_t00152,bhO764uZyDA,152.706,155.678,2.972,1.0,1.0,34.87,/kaggle/working/clips/tier1/bhO764uZyDA_clip0032_t00152.mp4
bhO764uZyDA_clip0033_t00173,bhO764uZyDA,173.506,175.71,2.204,1.0,1.0,34.2,/kaggle/working/clips/tier1/bhO764uZyDA_clip0033_t00173.mp4
bhO764uZyDA_clip0034_t00177,bhO764uZyDA,177.73,181.118,3.388,1.0,1.0,34.09,/kaggle/working/clips/tier1/bhO764uZyDA_clip0034_t00177.mp4
bhO764uZyDA_clip0035_t00181,bhO764uZyDA,181.41,184.19,2.78,1.0,1.0,34.32,/kaggle/working/clips/tier1/bhO764uZyDA_clip0035_t00181.mp4
bhO764uZyDA_clip0036_t00187,bhO764uZyDA,187.778,189.79,2.012,1.0,1.0,35.04,/kaggle/working/clips/tier1/bhO764uZyDA_clip0036_t00187.mp4
bhO764uZyDA_clip0037_t00189,bhO764uZyDA,189.922,191.934,2.012,1.0,1.0,34.32,/kaggle/working/clips/tier1/bhO764uZyDA_clip0037_t00189.mp4
bhO764uZyDA_clip0038_t00194,bhO764uZyDA,194.146,196.606,2.46,1.0,1.0,34.26,/kaggle/working/clips/tier1/bhO764uZyDA_clip0038_t00194.mp4
bhO764uZyDA_clip0039_t00197,bhO764uZyDA,197.73,200.35,2.62,1.0,1.0,34.05,/kaggle/working/clips/tier1/bhO764uZyDA_clip0039_t00197.mp4
bhO764uZyDA_clip0040_t00200,bhO764uZyDA,200.834,204.414,3.58,1.0,1.0,34.26,/kaggle/working/clips/tier1/bhO764uZyDA_clip0040_t00200.mp4
bhO764uZyDA_clip0041_t00204,bhO764uZyDA,204.898,207.262,2.364,1.0,1.0,33.94,/kaggle/working/clips/tier1/bhO764uZyDA_clip0041_t00204.mp4
bhO764uZyDA_clip0042_t00218,bhO764uZyDA,218.37,221.438,3.068,1.0,1.0,34.57,/kaggle/working/clips/tier1/bhO764uZyDA_clip0042_t00218.mp4
bhO764uZyDA_clip0043_t00223,bhO764uZyDA,223.682,226.814,3.132,1.0,1.0,34.91,/kaggle/working/clips/tier1/bhO764uZyDA_clip0043_t00223.mp4
bhO764uZyDA_clip0044_t00226,bhO764uZyDA,226.914,229.694,2.78,1.0,1.0,34.52,/kaggle/working/clips/tier1/bhO764uZyDA_clip0044_t00226.mp4
bhO764uZyDA_clip0045_t00229,bhO764uZyDA,229.89,234.014,4.124,1.0,1.0,34.29,/kaggle/working/clips/tier1/bhO764uZyDA_clip0045_t00229.mp4
bhO764uZyDA_clip0046_t00237,bhO764uZyDA,237.25,239.966,2.716,1.0,1.0,34.05,/kaggle/working/clips/tier1/bhO764uZyDA_clip0046_t00237.mp4
bhO764uZyDA_clip0047_t00240,bhO764uZyDA,240.354,242.974,2.62,1.0,1.0,34.61,/kaggle/working/clips/tier1/bhO764uZyDA_clip0047_t00240.mp4
bhO764uZyDA_clip0048_t00245,bhO764uZyDA,245.218,249.15,3.932,1.0,1.0,34.86,/kaggle/working/clips/tier1/bhO764uZyDA_clip0048_t00245.mp4
bhO764uZyDA_clip0049_t00256,bhO764uZyDA,256.77,263.006,6.236,1.0,1.0,34.27,/kaggle/working/clips/tier1/bhO764uZyDA_clip0049_t00256.mp4
bhO764uZyDA_clip0050_t00268,bhO764uZyDA,268.962,274.014,5.052,1.0,1.0,34.21,/kaggle/working/clips/tier1/bhO764uZyDA_clip0050_t00268.mp4
bhO764uZyDA_clip0051_t00276,bhO764uZyDA,276.322,278.366,2.044,1.0,1.0,34.9,/kaggle/working/clips/tier1/bhO764uZyDA_clip0051_t00276.mp4
bhO764uZyDA_clip0052_t00278,bhO764uZyDA,278.498,282.014,3.516,1.0,1.0,34.04,/kaggle/working/clips/tier1/bhO764uZyDA_clip0052_t00278.mp4
bhO764uZyDA_clip0053_t00290,bhO764uZyDA,290.018,294.11,4.092,1.0,1.0,34.36,/kaggle/working/clips/tier1/bhO764uZyDA_clip0053_t00290.mp4
bhO764uZyDA_clip0054_t00297,bhO764uZyDA,297.41,299.87,2.46,1.0,1.0,34.99,/kaggle/working/clips/tier1/bhO764uZyDA_clip0054_t00297.mp4
bhO764uZyDA_clip0055_t00310,bhO764uZyDA,310.434,313.246,2.812,1.0,1.0,34.9,/kaggle/working/clips/tier1/bhO764uZyDA_clip0055_t00310.mp4
bhO764uZyDA_clip0056_t00315,bhO764uZyDA,315.714,318.59,2.876,1.0,1.0,35.32,/kaggle/working/clips/tier1/bhO764uZyDA_clip0056_t00315.mp4
bhO764uZyDA_clip0057_t00323,bhO764uZyDA,323.81,326.014,2.204,1.0,1.0,34.91,/kaggle/working/clips/tier1/bhO764uZyDA_clip0057_t00323.mp4
bhO764uZyDA_clip0058_t00328,bhO764uZyDA,328.898,334.014,5.116,1.0,1.0,34.97,/kaggle/working/clips/tier1/bhO764uZyDA_clip0058_t00328.mp4
bhO764uZyDA_clip0059_t00334,bhO764uZyDA,334.498,339.39,4.892,1.0,1.0,34.54,/kaggle/working/clips/tier1/bhO764uZyDA_clip0059_t00334.mp4
bhO764uZyDA_clip0060_t00342,bhO764uZyDA,342.37,344.766,2.396,1.0,1.0,34.1,/kaggle/working/clips/tier1/bhO764uZyDA_clip0060_t00342.mp4
bhO764uZyDA_clip0061_t00344,bhO764uZyDA,344.866,347.998,3.132,1.0,1.0,34.29,/kaggle/working/clips/tier1/bhO764uZyDA_clip0061_t00344.mp4
bhO764uZyDA_clip0062_t00348,bhO764uZyDA,348.29,351.422,3.132,1.0,1.0,34.41,/kaggle/working/clips/tier1/bhO764uZyDA_clip0062_t00348.mp4
bhO764uZyDA_clip0063_t00353,bhO764uZyDA,353.89,356.35,2.46,1.0,1.0,33.99,/kaggle/working/clips/tier1/bhO764uZyDA_clip0063_t00353.mp4
bhO764uZyDA_clip0064_t00362,bhO764uZyDA,362.082,366.942,4.86,1.0,1.0,34.3,/kaggle/working/clips/tier1/bhO764uZyDA_clip0064_t00362.mp4
bhO764uZyDA_clip0065_t00378,bhO764uZyDA,378.21,382.014,3.804,0.75,1.0,35.2,/kaggle/working/clips/tier1/bhO764uZyDA_clip0065_t00378.mp4
bhO764uZyDA_clip0066_t00385,bhO764uZyDA,385.666,387.742,2.076,1.0,1.0,34.69,/kaggle/working/clips/tier1/bhO764uZyDA_clip0066_t00385.mp4
bhO764uZyDA_clip0067_t00394,bhO764uZyDA,394.05,397.47,3.42,1.0,1.0,33.8,/kaggle/working/clips/tier1/bhO764uZyDA_clip0067_t00394.mp4
bhO764uZyDA_clip0068_t00398,bhO764uZyDA,398.594,401.662,3.068,1.0,1.0,34.48,/kaggle/working/clips/tier1/bhO764uZyDA_clip0068_t00398.mp4
bhO764uZyDA_clip0069_t00403,bhO764uZyDA,403.138,406.398,3.26,1.0,1.0,34.05,/kaggle/working/clips/tier1/bhO764uZyDA_clip0069_t00403.mp4
bhO764uZyDA_clip0070_t00409,bhO764uZyDA,409.986,412.318,2.332,1.0,1.0,35.03,/kaggle/working/clips/tier1/bhO764uZyDA_clip0070_t00409.mp4
bhO764uZyDA_clip0071_t00412,bhO764uZyDA,412.418,414.75,2.332,1.0,1.0,34.3,/kaggle/working/clips/tier1/bhO764uZyDA_clip0071_t00412.mp4
bhO764uZyDA_clip0072_t00421,bhO764uZyDA,421.218,425.086,3.868,1.0,1.0,34.92,/kaggle/working/clips/tier1/bhO764uZyDA_clip0072_t00421.mp4
bhO764uZyDA_clip0073_t00425,bhO764uZyDA,425.25,428.798,3.548,1.0,1.0,34.51,/kaggle/working/clips/tier1/bhO764uZyDA_clip0073_t00425.mp4
bhO764uZyDA_clip0074_t00464,bhO764uZyDA,464.77,469.982,5.212,1.0,1.0,34.3,/kaggle/working/clips/tier1/bhO764uZyDA_clip0074_t00464.mp4
bhO764uZyDA_clip0075_t00473,bhO764uZyDA,473.474,476.126,2.652,1.0,1.0,33.34,/kaggle/working/clips/tier1/bhO764uZyDA_clip0075_t00473.mp4
bhO764uZyDA_clip0076_t00477,bhO764uZyDA,477.922,481.822,3.9,1.0,1.0,34.41,/kaggle/working/clips/tier1/bhO764uZyDA_clip0076_t00477.mp4
bhO764uZyDA_clip0077_t00482,bhO764uZyDA,482.146,486.014,3.868,1.0,1.0,34.14,/kaggle/working/clips/tier1/bhO764uZyDA_clip0077_t00482.mp4
bhO764uZyDA_clip0078_t00487,bhO764uZyDA,487.65,492.958,5.308,1.0,1.0,34.71,/kaggle/working/clips/tier1/bhO764uZyDA_clip0078_t00487.mp4
bhO764uZyDA_clip0079_t00500,bhO764uZyDA,500.098,505.182,5.084,1.0,1.0,34.31,/kaggle/working/clips/tier1/bhO764uZyDA_clip0079_t00500.mp4
bhO764uZyDA_clip0080_t00505,bhO764uZyDA,505.41,508.254,2.844,1.0,1.0,34.5,/kaggle/working/clips/tier1/bhO764uZyDA_clip0080_t00505.mp4
bhO764uZyDA_clip0081_t00510,bhO764uZyDA,510.242,512.606,2.364,1.0,1.0,34.1,/kaggle/working/clips/tier1/bhO764uZyDA_clip0081_t00510.mp4
bhO764uZyDA_clip0082_t00515,bhO764uZyDA,515.586,518.622,3.036,1.0,1.0,34.22,/kaggle/working/clips/tier1/bhO764uZyDA_clip0082_t00515.mp4
bhO764uZyDA_clip0083_t00518,bhO764uZyDA,518.786,521.022,2.236,1.0,1.0,34.79,/kaggle/working/clips/tier1/bhO764uZyDA_clip0083_t00518.mp4
bhO764uZyDA_clip0084_t00527,bhO764uZyDA,527.554,531.134,3.58,1.0,1.0,34.28,/kaggle/working/clips/tier1/bhO764uZyDA_clip0084_t00527.mp4
bhO764uZyDA_clip0085_t00531,bhO764uZyDA,531.266,534.75,3.484,1.0,1.0,34.61,/kaggle/working/clips/tier1/bhO764uZyDA_clip0085_t00531.mp4
bhO764uZyDA_clip0086_t00537,bhO764uZyDA,537.954,540.318,2.364,1.0,1.0,34.75,/kaggle/working/clips/tier1/bhO764uZyDA_clip0086_t00537.mp4
bhO764uZyDA_clip0087_t00543,bhO764uZyDA,543.746,547.582,3.836,1.0,1.0,34.56,/kaggle/working/clips/tier1/bhO764uZyDA_clip0087_t00543.mp4
bhO764uZyDA_clip0088_t00550,bhO764uZyDA,550.914,553.822,2.908,1.0,1.0,33.99,/kaggle/working/clips/tier1/bhO764uZyDA_clip0088_t00550.mp4
bhO764uZyDA_clip0089_t00553,bhO764uZyDA,553.922,556.158,2.236,1.0,1.0,34.44,/kaggle/working/clips/tier1/bhO764uZyDA_clip0089_t00553.mp4
bhO764uZyDA_clip0090_t00562,bhO764uZyDA,562.658,565.982,3.324,1.0,1.0,34.03,/kaggle/working/clips/tier1/bhO764uZyDA_clip0090_t00562.mp4
bhO764uZyDA_clip0091_t00566,bhO764uZyDA,566.114,569.694,3.58,1.0,1.0,34.33,/kaggle/working/clips/tier1/bhO764uZyDA_clip0091_t00566.mp4
bhO764uZyDA_clip0092_t00589,bhO764uZyDA,589.634,592.478,2.844,1.0,1.0,34.42,/kaggle/working/clips/tier1/bhO764uZyDA_clip0092_t00589.mp4
bhO764uZyDA_clip0093_t00592,bhO764uZyDA,592.962,595.326,2.364,1.0,1.0,36.02,/kaggle/working/clips/tier1/bhO764uZyDA_clip0093_t00592.mp4
bhO764uZyDA_clip0094_t00595,bhO764uZyDA,595.426,597.854,2.428,1.0,1.0,35.3,/kaggle/working/clips/tier1/bhO764uZyDA_clip0094_t00595.mp4
bhO764uZyDA_clip0095_t00599,bhO764uZyDA,599.97,604.286,4.316,1.0,1.0,33.92,/kaggle/working/clips/tier1/bhO764uZyDA_clip0095_t00599.mp4
bhO764uZyDA_clip0096_t00605,bhO764uZyDA,605.89,608.446,2.556,1.0,1.0,34.34,/kaggle/working/clips/tier1/bhO764uZyDA_clip0096_t00605.mp4
bhO764uZyDA_clip0097_t00608,bhO764uZyDA,608.546,610.718,2.172,1.0,1.0,34.37,/kaggle/working/clips/tier1/bhO764uZyDA_clip0097_t00608.mp4
bhO764uZyDA_clip0098_t00610,bhO764uZyDA,610.946,613.086,2.14,1.0,1.0,35.33,/kaggle/working/clips/tier1/bhO764uZyDA_clip0098_t00610.mp4
bhO764uZyDA_clip0099_t00613,bhO764uZyDA,613.218,615.262,2.044,1.0,1.0,33.05,/kaggle/working/clips/tier1/bhO764uZyDA_clip0099_t00613.mp4
bhO764uZyDA_clip0100_t00615,bhO764uZyDA,615.746,619.038,3.292,1.0,1.0,34.83,/kaggle/working/clips/tier1/bhO764uZyDA_clip0100_t00615.mp4
bhO764uZyDA_clip0101_t00619,bhO764uZyDA,619.17,622.238,3.068,1.0,1.0,33.98,/kaggle/working/clips/tier1/bhO764uZyDA_clip0101_t00619.mp4
bhO764uZyDA_clip0102_t00625,bhO764uZyDA,625.858,628.702,2.844,1.0,1.0,33.53,/kaggle/working/clips/tier1/bhO764uZyDA_clip0102_t00625.mp4
c4Benhb4TS0_clip0000_t00214,c4Benhb4TS0,214.466,217.79,3.324,1.0,1.0,8.98,/kaggle/working/clips/tier1/c4Benhb4TS0_clip0000_t00214.mp4
c4Benhb4TS0_clip0001_t00217,c4Benhb4TS0,217.954,220.67,2.716,1.0,1.0,9.56,/kaggle/working/clips/tier1/c4Benhb4TS0_clip0001_t00217.mp4
c4Benhb4TS0_clip0002_t00221,c4Benhb4TS0,221.09,223.902,2.812,1.0,1.0,10.66,/kaggle/working/clips/tier1/c4Benhb4TS0_clip0002_t00221.mp4
c4Benhb4TS0_clip0003_t00226,c4Benhb4TS0,226.21,229.534,3.324,1.0,1.0,9.78,/kaggle/working/clips/tier1/c4Benhb4TS0_clip0003_t00226.mp4
c4Benhb4TS0_clip0004_t00290,c4Benhb4TS0,290.69,293.054,2.364,1.0,1.0,11.0,/kaggle/working/clips/tier1/c4Benhb4TS0_clip0004_t00290.mp4
c4Benhb4TS0_clip0005_t00293,c4Benhb4TS0,293.346,295.454,2.108,1.0,1.0,10.48,/kaggle/working/clips/tier1/c4Benhb4TS0_clip0005_t00293.mp4
c4Benhb4TS0_clip0006_t00304,c4Benhb4TS0,304.61,307.358,2.748,1.0,1.0,10.22,/kaggle/working/clips/tier1/c4Benhb4TS0_clip0006_t00304.mp4
c4Benhb4TS0_clip0007_t00308,c4Benhb4TS0,308.578,311.198,2.62,1.0,1.0,9.01,/kaggle/working/clips/tier1/c4Benhb4TS0_clip0007_t00308.mp4
c4Benhb4TS0_clip0008_t00311,c4Benhb4TS0,311.49,313.758,2.268,1.0,1.0,9.65,/kaggle/working/clips/tier1/c4Benhb4TS0_clip0008_t00311.mp4
c4Benhb4TS0_clip0009_t00314,c4Benhb4TS0,314.05,316.446,2.396,1.0,1.0,9.23,/kaggle/working/clips/tier1/c4Benhb4TS0_clip0009_t00314.mp4
c4Benhb4TS0_clip0010_t00401,c4Benhb4TS0,401.666,404.606,2.94,1.0,1.0,9.94,/kaggle/working/clips/tier1/c4Benhb4TS0_clip0010_t00401.mp4
c4Benhb4TS0_clip0011_t00446,c4Benhb4TS0,446.69,449.886,3.196,1.0,1.0,9.85,/kaggle/working/clips/tier1/c4Benhb4TS0_clip0011_t00446.mp4
c4Benhb4TS0_clip0012_t00450,c4Benhb4TS0,450.818,452.83,2.012,1.0,1.0,9.97,/kaggle/working/clips/tier1/c4Benhb4TS0_clip0012_t00450.mp4
c4Benhb4TS0_clip0013_t00453,c4Benhb4TS0,453.058,455.102,2.044,1.0,1.0,9.15,/kaggle/working/clips/tier1/c4Benhb4TS0_clip0013_t00453.mp4
c4Benhb4TS0_clip0014_t00460,c4Benhb4TS0,460.514,463.806,3.292,1.0,1.0,9.53,/kaggle/working/clips/tier1/c4Benhb4TS0_clip0014_t00460.mp4
c4Benhb4TS0_clip0015_t00464,c4Benhb4TS0,464.066,466.302,2.236,1.0,1.0,9.52,/kaggle/working/clips/tier1/c4Benhb4TS0_clip0015_t00464.mp4
c4Benhb4TS0_clip0016_t00466,c4Benhb4TS0,466.402,468.574,2.172,1.0,1.0,10.43,/kaggle/working/clips/tier1/c4Benhb4TS0_clip0016_t00466.mp4
c4Benhb4TS0_clip0017_t00476,c4Benhb4TS0,476.674,478.814,2.14,1.0,1.0,9.31,/kaggle/working/clips/tier1/c4Benhb4TS0_clip0017_t00476.mp4
c4Benhb4TS0_clip0018_t00479,c4Benhb4TS0,479.266,481.534,2.268,1.0,1.0,9.96,/kaggle/working/clips/tier1/c4Benhb4TS0_clip0018_t00479.mp4
c4Benhb4TS0_clip0019_t00495,c4Benhb4TS0,495.586,497.822,2.236,1.0,1.0,9.61,/kaggle/working/clips/tier1/c4Benhb4TS0_clip0019_t00495.mp4
c4Benhb4TS0_clip0020_t00500,c4Benhb4TS0,500.994,503.326,2.332,1.0,1.0,10.13,/kaggle/working/clips/tier1/c4Benhb4TS0_clip0020_t00500.mp4
c4Benhb4TS0_clip0021_t00505,c4Benhb4TS0,505.634,508.062,2.428,1.0,1.0,8.57,/kaggle/working/clips/tier1/c4Benhb4TS0_clip0021_t00505.mp4
c4Benhb4TS0_clip0022_t00508,c4Benhb4TS0,508.194,510.43,2.236,1.0,1.0,10.36,/kaggle/working/clips/tier1/c4Benhb4TS0_clip0022_t00508.mp4
c4Benhb4TS0_clip0023_t00512,c4Benhb4TS0,512.738,514.942,2.204,1.0,1.0,10.4,/kaggle/working/clips/tier1/c4Benhb4TS0_clip0023_t00512.mp4
c4Benhb4TS0_clip0024_t00515,c4Benhb4TS0,515.234,518.302,3.068,1.0,1.0,10.83,/kaggle/working/clips/tier1/c4Benhb4TS0_clip0024_t00515.mp4
C9yjoixv3-E_clip0000_t00000,C9yjoixv3-E,0.066,9.95,9.884,1.0,1.0,4.92,/kaggle/working/clips/tier1/C9yjoixv3-E_clip0000_t00000.mp4
C9yjoixv3-E_clip0001_t00012,C9yjoixv3-E,12.706,16.67,3.964,0.75,1.0,0.21,/kaggle/working/clips/tier1/C9yjoixv3-E_clip0001_t00012.mp4
C9yjoixv3-E_clip0002_t00016,C9yjoixv3-E,16.898,23.39,6.492,1.0,1.0,4.14,/kaggle/working/clips/tier1/C9yjoixv3-E_clip0002_t00016.mp4
C9yjoixv3-E_clip0003_t00024,C9yjoixv3-E,24.29,26.462,2.172,1.0,1.0,-1.61,/kaggle/working/clips/tier1/C9yjoixv3-E_clip0003_t00024.mp4
C9yjoixv3-E_clip0004_t00027,C9yjoixv3-E,27.042,29.886,2.844,1.0,1.0,-2.35,/kaggle/working/clips/tier1/C9yjoixv3-E_clip0004_t00027.mp4
C9yjoixv3-E_clip0005_t00037,C9yjoixv3-E,37.314,42.046,4.732,0.8,1.0,0.72,/kaggle/working/clips/tier1/C9yjoixv3-E_clip0005_t00037.mp4
C9yjoixv3-E_clip0006_t00046,C9yjoixv3-E,46.562,48.606,2.044,1.0,1.0,0.1,/kaggle/working/clips/tier1/C9yjoixv3-E_clip0006_t00046.mp4
C9yjoixv3-E_clip0007_t00048,C9yjoixv3-E,48.802,56.35,7.548,0.75,1.0,0.54,/kaggle/working/clips/tier1/C9yjoixv3-E_clip0007_t00048.mp4
C9yjoixv3-E_clip0008_t00058,C9yjoixv3-E,58.21,65.822,7.612,1.0,1.0,0.2,/kaggle/working/clips/tier1/C9yjoixv3-E_clip0008_t00058.mp4
C9yjoixv3-E_clip0009_t00066,C9yjoixv3-E,66.786,70.078,3.292,0.75,1.0,3.02,/kaggle/working/clips/tier1/C9yjoixv3-E_clip0009_t00066.mp4
C9yjoixv3-E_clip0010_t00070,C9yjoixv3-E,70.21,76.894,6.684,1.0,1.0,0.32,/kaggle/working/clips/tier1/C9yjoixv3-E_clip0010_t00070.mp4
C9yjoixv3-E_clip0011_t00078,C9yjoixv3-E,78.434,80.606,2.172,1.0,1.0,0.71,/kaggle/working/clips/tier1/C9yjoixv3-E_clip0011_t00078.mp4
C9yjoixv3-E_clip0012_t00087,C9yjoixv3-E,87.874,90.238,2.364,1.0,1.0,8.47,/kaggle/working/clips/tier1/C9yjoixv3-E_clip0012_t00087.mp4
C9yjoixv3-E_clip0013_t00097,C9yjoixv3-E,97.346,99.71,2.364,1.0,1.0,-1.74,/kaggle/working/clips/tier1/C9yjoixv3-E_clip0013_t00097.mp4
C9yjoixv3-E_clip0014_t00115,C9yjoixv3-E,115.586,120.158,4.572,1.0,1.0,-1.91,/kaggle/working/clips/tier1/C9yjoixv3-E_clip0014_t00115.mp4
C9yjoixv3-E_clip0015_t00120,C9yjoixv3-E,120.386,124.35,3.964,1.0,1.0,-1.69,/kaggle/working/clips/tier1/C9yjoixv3-E_clip0015_t00120.mp4
C9yjoixv3-E_clip0016_t00124,C9yjoixv3-E,124.994,130.718,5.724,1.0,1.0,-3.49,/kaggle/working/clips/tier1/C9yjoixv3-E_clip0016_t00124.mp4
C9yjoixv3-E_clip0017_t00132,C9yjoixv3-E,132.866,135.198,2.332,1.0,1.0,1.94,/kaggle/working/clips/tier1/C9yjoixv3-E_clip0017_t00132.mp4
C9yjoixv3-E_clip0018_t00152,C9yjoixv3-E,152.258,163.774,11.516,0.909,1.0,-1.69,/kaggle/working/clips/tier1/C9yjoixv3-E_clip0018_t00152.mp4
C9yjoixv3-E_clip0019_t00164,C9yjoixv3-E,164.674,168.734,4.06,1.0,1.0,3.39,/kaggle/working/clips/tier1/C9yjoixv3-E_clip0019_t00164.mp4
C9yjoixv3-E_clip0020_t00168,C9yjoixv3-E,168.834,172.414,3.58,1.0,1.0,2.24,/kaggle/working/clips/tier1/C9yjoixv3-E_clip0020_t00168.mp4
C9yjoixv3-E_clip0021_t00172,C9yjoixv3-E,172.61,184.414,11.804,1.0,1.0,3.25,/kaggle/working/clips/tier1/C9yjoixv3-E_clip0021_t00172.mp4
C9yjoixv3-E_clip0022_t00185,C9yjoixv3-E,185.922,190.174,4.252,1.0,1.0,0.73,/kaggle/working/clips/tier1/C9yjoixv3-E_clip0022_t00185.mp4
C9yjoixv3-E_clip0023_t00191,C9yjoixv3-E,191.714,199.23,7.516,1.0,1.0,-0.34,/kaggle/working/clips/tier1/C9yjoixv3-E_clip0023_t00191.mp4
C9yjoixv3-E_clip0024_t00199,C9yjoixv3-E,199.522,202.59,3.068,1.0,1.0,0.29,/kaggle/working/clips/tier1/C9yjoixv3-E_clip0024_t00199.mp4
C9yjoixv3-E_clip0025_t00205,C9yjoixv3-E,205.314,212.158,6.844,0.857,1.0,3.04,/kaggle/working/clips/tier1/C9yjoixv3-E_clip0025_t00205.mp4
C9yjoixv3-E_clip0026_t00219,C9yjoixv3-E,219.682,224.254,4.572,1.0,1.0,-1.84,/kaggle/working/clips/tier1/C9yjoixv3-E_clip0026_t00219.mp4
C9yjoixv3-E_clip0027_t00233,C9yjoixv3-E,233.154,237.086,3.932,1.0,1.0,5.21,/kaggle/working/clips/tier1/C9yjoixv3-E_clip0027_t00233.mp4
C9yjoixv3-E_clip0028_t00240,C9yjoixv3-E,240.034,242.27,2.236,1.0,1.0,13.76,/kaggle/working/clips/tier1/C9yjoixv3-E_clip0028_t00240.mp4
C9yjoixv3-E_clip0029_t00255,C9yjoixv3-E,255.106,257.342,2.236,1.0,1.0,-1.36,/kaggle/working/clips/tier1/C9yjoixv3-E_clip0029_t00255.mp4
CklYiLA4DZc_clip0000_t00004,CklYiLA4DZc,4.162,9.15,4.988,1.0,1.0,5.68,/kaggle/working/clips/tier1/CklYiLA4DZc_clip0000_t00004.mp4
CklYiLA4DZc_clip0001_t00009,CklYiLA4DZc,9.602,14.602,5.0,1.0,1.0,5.81,/kaggle/working/clips/tier1/CklYiLA4DZc_clip0001_t00009.mp4
CklYiLA4DZc_clip0002_t00013,CklYiLA4DZc,13.602,18.602,5.0,1.0,1.0,5.81,/kaggle/working/clips/tier1/CklYiLA4DZc_clip0002_t00013.mp4
CklYiLA4DZc_clip0003_t00017,CklYiLA4DZc,17.602,22.602,5.0,1.0,1.0,6.34,/kaggle/working/clips/tier1/CklYiLA4DZc_clip0003_t00017.mp4
CklYiLA4DZc_clip0004_t00021,CklYiLA4DZc,21.602,26.602,5.0,1.0,1.0,5.72,/kaggle/working/clips/tier1/CklYiLA4DZc_clip0004_t00021.mp4
CklYiLA4DZc_clip0005_t00028,CklYiLA4DZc,28.098,33.098,5.0,1.0,1.0,6.29,/kaggle/working/clips/tier1/CklYiLA4DZc_clip0005_t00028.mp4
CklYiLA4DZc_clip0006_t00032,CklYiLA4DZc,32.098,37.098,5.0,1.0,1.0,4.67,/kaggle/working/clips/tier1/CklYiLA4DZc_clip0006_t00032.mp4
CklYiLA4DZc_clip0007_t00036,CklYiLA4DZc,36.098,41.098,5.0,1.0,1.0,3.69,/kaggle/working/clips/tier1/CklYiLA4DZc_clip0007_t00036.mp4
CklYiLA4DZc_clip0008_t00041,CklYiLA4DZc,41.858,46.59,4.732,1.0,1.0,8.05,/kaggle/working/clips/tier1/CklYiLA4DZc_clip0008_t00041.mp4
CklYiLA4DZc_clip0009_t00076,CklYiLA4DZc,76.066,80.862,4.796,1.0,1.0,9.58,/kaggle/working/clips/tier1/CklYiLA4DZc_clip0009_t00076.mp4
CklYiLA4DZc_clip0010_t00109,CklYiLA4DZc,109.73,112.19,2.46,1.0,1.0,14.63,/kaggle/working/clips/tier1/CklYiLA4DZc_clip0010_t00109.mp4
CklYiLA4DZc_clip0011_t00133,CklYiLA4DZc,133.698,138.462,4.764,1.0,1.0,7.72,/kaggle/working/clips/tier1/CklYiLA4DZc_clip0011_t00133.mp4
CklYiLA4DZc_clip0012_t00160,CklYiLA4DZc,160.61,163.326,2.716,1.0,1.0,9.29,/kaggle/working/clips/tier1/CklYiLA4DZc_clip0012_t00160.mp4
CklYiLA4DZc_clip0013_t00242,CklYiLA4DZc,242.562,246.11,3.548,1.0,1.0,8.23,/kaggle/working/clips/tier1/CklYiLA4DZc_clip0013_t00242.mp4
CklYiLA4DZc_clip0014_t00247,CklYiLA4DZc,247.874,250.494,2.62,1.0,1.0,9.9,/kaggle/working/clips/tier1/CklYiLA4DZc_clip0014_t00247.mp4
CklYiLA4DZc_clip0015_t00277,CklYiLA4DZc,277.346,279.774,2.428,1.0,1.0,7.74,/kaggle/working/clips/tier1/CklYiLA4DZc_clip0015_t00277.mp4
CklYiLA4DZc_clip0016_t00280,CklYiLA4DZc,280.098,286.622,6.524,1.0,1.0,9.42,/kaggle/working/clips/tier1/CklYiLA4DZc_clip0016_t00280.mp4
CklYiLA4DZc_clip0017_t00323,CklYiLA4DZc,323.778,326.11,2.332,1.0,1.0,7.48,/kaggle/working/clips/tier1/CklYiLA4DZc_clip0017_t00323.mp4
CklYiLA4DZc_clip0018_t00335,CklYiLA4DZc,335.106,338.974,3.868,1.0,1.0,8.27,/kaggle/working/clips/tier1/CklYiLA4DZc_clip0018_t00335.mp4
CklYiLA4DZc_clip0019_t00339,CklYiLA4DZc,339.33,341.854,2.524,1.0,1.0,8.44,/kaggle/working/clips/tier1/CklYiLA4DZc_clip0019_t00339.mp4
CklYiLA4DZc_clip0020_t00349,CklYiLA4DZc,349.826,353.662,3.836,1.0,1.0,9.44,/kaggle/working/clips/tier1/CklYiLA4DZc_clip0020_t00349.mp4
CklYiLA4DZc_clip0021_t00353,CklYiLA4DZc,353.762,356.254,2.492,1.0,1.0,8.36,/kaggle/working/clips/tier1/CklYiLA4DZc_clip0021_t00353.mp4
CklYiLA4DZc_clip0022_t00359,CklYiLA4DZc,359.042,363.038,3.996,1.0,1.0,8.42,/kaggle/working/clips/tier1/CklYiLA4DZc_clip0022_t00359.mp4
CklYiLA4DZc_clip0023_t00365,CklYiLA4DZc,365.154,367.198,2.044,1.0,1.0,7.94,/kaggle/working/clips/tier1/CklYiLA4DZc_clip0023_t00365.mp4
CklYiLA4DZc_clip0024_t00410,CklYiLA4DZc,410.978,414.142,3.164,1.0,1.0,8.53,/kaggle/working/clips/tier1/CklYiLA4DZc_clip0024_t00410.mp4
CklYiLA4DZc_clip0025_t00420,CklYiLA4DZc,420.994,423.838,2.844,1.0,1.0,7.9,/kaggle/working/clips/tier1/CklYiLA4DZc_clip0025_t00420.mp4
CklYiLA4DZc_clip0026_t00466,CklYiLA4DZc,466.242,469.534,3.292,1.0,1.0,8.76,/kaggle/working/clips/tier1/CklYiLA4DZc_clip0026_t00466.mp4
CklYiLA4DZc_clip0027_t00471,CklYiLA4DZc,471.458,474.302,2.844,1.0,1.0,8.3,/kaggle/working/clips/tier1/CklYiLA4DZc_clip0027_t00471.mp4
CklYiLA4DZc_clip0028_t00486,CklYiLA4DZc,486.594,497.918,11.324,1.0,1.0,3.54,/kaggle/working/clips/tier1/CklYiLA4DZc_clip0028_t00486.mp4
d31XnguWocc_clip0000_t00001,d31XnguWocc,1.282,6.282,5.0,1.0,1.0,20.69,/kaggle/working/clips/tier1/d31XnguWocc_clip0000_t00001.mp4
d31XnguWocc_clip0001_t00005,d31XnguWocc,5.282,10.282,5.0,1.0,1.0,19.81,/kaggle/working/clips/tier1/d31XnguWocc_clip0001_t00005.mp4
d31XnguWocc_clip0002_t00009,d31XnguWocc,9.282,14.282,5.0,1.0,1.0,21.61,/kaggle/working/clips/tier1/d31XnguWocc_clip0002_t00009.mp4
d31XnguWocc_clip0003_t00014,d31XnguWocc,14.754,19.646,4.892,1.0,1.0,19.75,/kaggle/working/clips/tier1/d31XnguWocc_clip0003_t00014.mp4
d31XnguWocc_clip0004_t00019,d31XnguWocc,19.906,24.83,4.924,1.0,1.0,22.0,/kaggle/working/clips/tier1/d31XnguWocc_clip0004_t00019.mp4
d31XnguWocc_clip0005_t00024,d31XnguWocc,24.93,31.486,6.556,1.0,1.0,21.08,/kaggle/working/clips/tier1/d31XnguWocc_clip0005_t00024.mp4
d31XnguWocc_clip0006_t00031,d31XnguWocc,31.618,36.83,5.212,1.0,1.0,20.85,/kaggle/working/clips/tier1/d31XnguWocc_clip0006_t00031.mp4
d31XnguWocc_clip0007_t00037,d31XnguWocc,37.378,42.974,5.596,1.0,1.0,22.49,/kaggle/working/clips/tier1/d31XnguWocc_clip0007_t00037.mp4
d31XnguWocc_clip0008_t00043,d31XnguWocc,43.138,45.246,2.108,1.0,1.0,18.95,/kaggle/working/clips/tier1/d31XnguWocc_clip0008_t00043.mp4
d31XnguWocc_clip0009_t00045,d31XnguWocc,45.346,48.19,2.844,1.0,1.0,23.85,/kaggle/working/clips/tier1/d31XnguWocc_clip0009_t00045.mp4
d31XnguWocc_clip0010_t00048,d31XnguWocc,48.578,53.578,5.0,1.0,1.0,21.67,/kaggle/working/clips/tier1/d31XnguWocc_clip0010_t00048.mp4
d31XnguWocc_clip0011_t00052,d31XnguWocc,52.578,57.578,5.0,1.0,1.0,20.7,/kaggle/working/clips/tier1/d31XnguWocc_clip0011_t00052.mp4
d31XnguWocc_clip0012_t00056,d31XnguWocc,56.578,61.578,5.0,1.0,1.0,20.7,/kaggle/working/clips/tier1/d31XnguWocc_clip0012_t00056.mp4
d31XnguWocc_clip0013_t00060,d31XnguWocc,60.578,63.614,3.036,1.0,1.0,17.34,/kaggle/working/clips/tier1/d31XnguWocc_clip0013_t00060.mp4
d31XnguWocc_clip0014_t00066,d31XnguWocc,66.114,69.214,3.1,1.0,1.0,23.4,/kaggle/working/clips/tier1/d31XnguWocc_clip0014_t00066.mp4
d31XnguWocc_clip0015_t00091,d31XnguWocc,91.938,94.75,2.812,1.0,1.0,19.38,/kaggle/working/clips/tier1/d31XnguWocc_clip0015_t00091.mp4
d31XnguWocc_clip0016_t00098,d31XnguWocc,98.818,102.686,3.868,1.0,1.0,17.6,/kaggle/working/clips/tier1/d31XnguWocc_clip0016_t00098.mp4
d31XnguWocc_clip0017_t00140,d31XnguWocc,140.642,144.126,3.484,1.0,1.0,23.9,/kaggle/working/clips/tier1/d31XnguWocc_clip0017_t00140.mp4
d31XnguWocc_clip0018_t00154,d31XnguWocc,154.658,160.702,6.044,1.0,1.0,19.86,/kaggle/working/clips/tier1/d31XnguWocc_clip0018_t00154.mp4
d31XnguWocc_clip0019_t00169,d31XnguWocc,169.73,174.73,5.0,1.0,1.0,22.6,/kaggle/working/clips/tier1/d31XnguWocc_clip0019_t00169.mp4
d31XnguWocc_clip0020_t00173,d31XnguWocc,173.73,178.73,5.0,1.0,1.0,21.52,/kaggle/working/clips/tier1/d31XnguWocc_clip0020_t00173.mp4
d31XnguWocc_clip0021_t00233,d31XnguWocc,233.41,235.55,2.14,1.0,1.0,20.83,/kaggle/working/clips/tier1/d31XnguWocc_clip0021_t00233.mp4
d31XnguWocc_clip0022_t00242,d31XnguWocc,242.754,249.662,6.908,1.0,1.0,22.25,/kaggle/working/clips/tier1/d31XnguWocc_clip0022_t00242.mp4
d31XnguWocc_clip0023_t00249,d31XnguWocc,249.858,254.206,4.348,1.0,1.0,24.05,/kaggle/working/clips/tier1/d31XnguWocc_clip0023_t00249.mp4
d31XnguWocc_clip0024_t00255,d31XnguWocc,255.042,259.55,4.508,1.0,1.0,19.99,/kaggle/working/clips/tier1/d31XnguWocc_clip0024_t00255.mp4
d31XnguWocc_clip0025_t00259,d31XnguWocc,259.874,267.518,7.644,1.0,1.0,22.03,/kaggle/working/clips/tier1/d31XnguWocc_clip0025_t00259.mp4
d31XnguWocc_clip0026_t00267,d31XnguWocc,267.714,273.982,6.268,1.0,1.0,21.67,/kaggle/working/clips/tier1/d31XnguWocc_clip0026_t00267.mp4
d31XnguWocc_clip0027_t00274,d31XnguWocc,274.21,277.47,3.26,1.0,1.0,23.8,/kaggle/working/clips/tier1/d31XnguWocc_clip0027_t00274.mp4
d31XnguWocc_clip0028_t00305,d31XnguWocc,305.282,310.046,4.764,1.0,1.0,24.84,/kaggle/working/clips/tier1/d31XnguWocc_clip0028_t00305.mp4
d31XnguWocc_clip0029_t00310,d31XnguWocc,310.37,314.59,4.22,1.0,1.0,20.77,/kaggle/working/clips/tier1/d31XnguWocc_clip0029_t00310.mp4
d31XnguWocc_clip0030_t00344,d31XnguWocc,344.802,353.342,8.54,1.0,1.0,20.71,/kaggle/working/clips/tier1/d31XnguWocc_clip0030_t00344.mp4
d31XnguWocc_clip0031_t00354,d31XnguWocc,354.05,363.006,8.956,1.0,1.0,20.52,/kaggle/working/clips/tier1/d31XnguWocc_clip0031_t00354.mp4
d31XnguWocc_clip0032_t00366,d31XnguWocc,366.178,369.726,3.548,1.0,1.0,24.62,/kaggle/working/clips/tier1/d31XnguWocc_clip0032_t00366.mp4
d31XnguWocc_clip0033_t00370,d31XnguWocc,370.178,375.178,5.0,1.0,1.0,22.42,/kaggle/working/clips/tier1/d31XnguWocc_clip0033_t00370.mp4
d31XnguWocc_clip0034_t00374,d31XnguWocc,374.178,379.178,5.0,0.8,1.0,20.2,/kaggle/working/clips/tier1/d31XnguWocc_clip0034_t00374.mp4
d31XnguWocc_clip0035_t00378,d31XnguWocc,378.178,382.942,4.764,1.0,1.0,19.27,/kaggle/working/clips/tier1/d31XnguWocc_clip0035_t00378.mp4
d31XnguWocc_clip0036_t00393,d31XnguWocc,393.474,395.55,2.076,1.0,1.0,21.89,/kaggle/working/clips/tier1/d31XnguWocc_clip0036_t00393.mp4
d31XnguWocc_clip0037_t00401,d31XnguWocc,401.282,406.282,5.0,1.0,1.0,20.12,/kaggle/working/clips/tier1/d31XnguWocc_clip0037_t00401.mp4
d31XnguWocc_clip0038_t00405,d31XnguWocc,405.282,410.282,5.0,1.0,1.0,20.65,/kaggle/working/clips/tier1/d31XnguWocc_clip0038_t00405.mp4
d31XnguWocc_clip0039_t00409,d31XnguWocc,409.282,412.19,2.908,1.0,1.0,20.97,/kaggle/working/clips/tier1/d31XnguWocc_clip0039_t00409.mp4
d31XnguWocc_clip0040_t00412,d31XnguWocc,412.418,415.774,3.356,1.0,1.0,20.76,/kaggle/working/clips/tier1/d31XnguWocc_clip0040_t00412.mp4
d31XnguWocc_clip0041_t00417,d31XnguWocc,417.282,421.47,4.188,1.0,1.0,20.13,/kaggle/working/clips/tier1/d31XnguWocc_clip0041_t00417.mp4
d31XnguWocc_clip0042_t00421,d31XnguWocc,421.794,424.35,2.556,1.0,1.0,24.87,/kaggle/working/clips/tier1/d31XnguWocc_clip0042_t00421.mp4
d31XnguWocc_clip0043_t00424,d31XnguWocc,424.706,430.59,5.884,1.0,1.0,22.97,/kaggle/working/clips/tier1/d31XnguWocc_clip0043_t00424.mp4
d31XnguWocc_clip0044_t00432,d31XnguWocc,432.002,434.302,2.3,1.0,1.0,20.86,/kaggle/working/clips/tier1/d31XnguWocc_clip0044_t00432.mp4
d31XnguWocc_clip0045_t00434,d31XnguWocc,434.466,438.174,3.708,1.0,1.0,22.83,/kaggle/working/clips/tier1/d31XnguWocc_clip0045_t00434.mp4
d31XnguWocc_clip0046_t00438,d31XnguWocc,438.754,445.054,6.3,1.0,1.0,20.67,/kaggle/working/clips/tier1/d31XnguWocc_clip0046_t00438.mp4
d31XnguWocc_clip0047_t00445,d31XnguWocc,445.186,454.014,8.828,1.0,1.0,21.99,/kaggle/working/clips/tier1/d31XnguWocc_clip0047_t00445.mp4
d31XnguWocc_clip0048_t00463,d31XnguWocc,463.17,470.846,7.676,1.0,1.0,19.99,/kaggle/working/clips/tier1/d31XnguWocc_clip0048_t00463.mp4
d31XnguWocc_clip0049_t00480,d31XnguWocc,480.482,486.59,6.108,1.0,1.0,22.3,/kaggle/working/clips/tier1/d31XnguWocc_clip0049_t00480.mp4
d31XnguWocc_clip0050_t00494,d31XnguWocc,494.018,499.018,5.0,1.0,1.0,23.5,/kaggle/working/clips/tier1/d31XnguWocc_clip0050_t00494.mp4
d31XnguWocc_clip0051_t00502,d31XnguWocc,502.018,507.018,5.0,1.0,1.0,18.77,/kaggle/working/clips/tier1/d31XnguWocc_clip0051_t00502.mp4
d31XnguWocc_clip0052_t00511,d31XnguWocc,511.362,514.174,2.812,1.0,1.0,19.28,/kaggle/working/clips/tier1/d31XnguWocc_clip0052_t00511.mp4
d31XnguWocc_clip0053_t00515,d31XnguWocc,515.65,527.486,11.836,1.0,1.0,20.11,/kaggle/working/clips/tier1/d31XnguWocc_clip0053_t00515.mp4
d31XnguWocc_clip0054_t00530,d31XnguWocc,530.946,533.95,3.004,1.0,1.0,16.96,/kaggle/working/clips/tier1/d31XnguWocc_clip0054_t00530.mp4
d31XnguWocc_clip0055_t00561,d31XnguWocc,561.698,564.414,2.716,1.0,1.0,20.57,/kaggle/working/clips/tier1/d31XnguWocc_clip0055_t00561.mp4
d31XnguWocc_clip0056_t00564,d31XnguWocc,564.546,569.886,5.34,1.0,1.0,22.51,/kaggle/working/clips/tier1/d31XnguWocc_clip0056_t00564.mp4
d31XnguWocc_clip0057_t00587,d31XnguWocc,587.138,591.262,4.124,1.0,1.0,21.91,/kaggle/working/clips/tier1/d31XnguWocc_clip0057_t00587.mp4
d31XnguWocc_clip0058_t00609,d31XnguWocc,609.474,614.046,4.572,1.0,1.0,18.31,/kaggle/working/clips/tier1/d31XnguWocc_clip0058_t00609.mp4
d31XnguWocc_clip0059_t00632,d31XnguWocc,632.354,636.734,4.38,1.0,1.0,20.57,/kaggle/working/clips/tier1/d31XnguWocc_clip0059_t00632.mp4
d31XnguWocc_clip0060_t00644,d31XnguWocc,644.13,648.35,4.22,1.0,1.0,19.64,/kaggle/working/clips/tier1/d31XnguWocc_clip0060_t00644.mp4
d31XnguWocc_clip0061_t00649,d31XnguWocc,649.154,654.59,5.436,1.0,1.0,24.29,/kaggle/working/clips/tier1/d31XnguWocc_clip0061_t00649.mp4
d31XnguWocc_clip0062_t00665,d31XnguWocc,665.218,672.382,7.164,1.0,1.0,21.78,/kaggle/working/clips/tier1/d31XnguWocc_clip0062_t00665.mp4
d31XnguWocc_clip0063_t00672,d31XnguWocc,672.706,675.134,2.428,1.0,1.0,21.22,/kaggle/working/clips/tier1/d31XnguWocc_clip0063_t00672.mp4
d31XnguWocc_clip0064_t00683,d31XnguWocc,683.65,687.294,3.644,1.0,1.0,22.06,/kaggle/working/clips/tier1/d31XnguWocc_clip0064_t00683.mp4
d31XnguWocc_clip0065_t00687,d31XnguWocc,687.49,689.758,2.268,1.0,1.0,22.79,/kaggle/working/clips/tier1/d31XnguWocc_clip0065_t00687.mp4
d31XnguWocc_clip0066_t00690,d31XnguWocc,690.146,697.47,7.324,1.0,1.0,21.3,/kaggle/working/clips/tier1/d31XnguWocc_clip0066_t00690.mp4
d31XnguWocc_clip0067_t00718,d31XnguWocc,718.434,721.534,3.1,1.0,1.0,17.03,/kaggle/working/clips/tier1/d31XnguWocc_clip0067_t00718.mp4
d31XnguWocc_clip0068_t00729,d31XnguWocc,729.954,732.83,2.876,1.0,1.0,5.78,/kaggle/working/clips/tier1/d31XnguWocc_clip0068_t00729.mp4
d31XnguWocc_clip0069_t00744,d31XnguWocc,744.258,748.414,4.156,1.0,1.0,20.34,/kaggle/working/clips/tier1/d31XnguWocc_clip0069_t00744.mp4
d31XnguWocc_clip0070_t00748,d31XnguWocc,748.642,753.726,5.084,1.0,1.0,20.59,/kaggle/working/clips/tier1/d31XnguWocc_clip0070_t00748.mp4
d31XnguWocc_clip0071_t00754,d31XnguWocc,754.274,758.43,4.156,1.0,1.0,21.78,/kaggle/working/clips/tier1/d31XnguWocc_clip0071_t00754.mp4
d31XnguWocc_clip0072_t00760,d31XnguWocc,760.418,764.862,4.444,1.0,1.0,19.27,/kaggle/working/clips/tier1/d31XnguWocc_clip0072_t00760.mp4
d31XnguWocc_clip0073_t00765,d31XnguWocc,765.186,768.414,3.228,1.0,1.0,20.56,/kaggle/working/clips/tier1/d31XnguWocc_clip0073_t00765.mp4
CHkaAtJLN3E_clip0000_t00012,CHkaAtJLN3E,12.162,23.486,11.324,1.0,1.0,5.69,/kaggle/working/clips/tier1/CHkaAtJLN3E_clip0000_t00012.mp4
CHkaAtJLN3E_clip0001_t00058,CHkaAtJLN3E,58.146,63.07,4.924,1.0,1.0,5.6,/kaggle/working/clips/tier1/CHkaAtJLN3E_clip0001_t00058.mp4
CHkaAtJLN3E_clip0002_t00063,CHkaAtJLN3E,63.298,70.462,7.164,1.0,1.0,6.19,/kaggle/working/clips/tier1/CHkaAtJLN3E_clip0002_t00063.mp4
CHkaAtJLN3E_clip0003_t00084,CHkaAtJLN3E,84.29,89.29,5.0,1.0,1.0,6.54,/kaggle/working/clips/tier1/CHkaAtJLN3E_clip0003_t00084.mp4
CHkaAtJLN3E_clip0004_t00088,CHkaAtJLN3E,88.29,93.29,5.0,1.0,1.0,6.42,/kaggle/working/clips/tier1/CHkaAtJLN3E_clip0004_t00088.mp4
CHkaAtJLN3E_clip0005_t00092,CHkaAtJLN3E,92.29,96.478,4.188,1.0,1.0,6.4,/kaggle/working/clips/tier1/CHkaAtJLN3E_clip0005_t00092.mp4
CHkaAtJLN3E_clip0006_t00096,CHkaAtJLN3E,96.706,100.798,4.092,1.0,1.0,5.2,/kaggle/working/clips/tier1/CHkaAtJLN3E_clip0006_t00096.mp4
CHkaAtJLN3E_clip0007_t00103,CHkaAtJLN3E,103.746,108.746,5.0,1.0,1.0,6.16,/kaggle/working/clips/tier1/CHkaAtJLN3E_clip0007_t00103.mp4
CHkaAtJLN3E_clip0008_t00107,CHkaAtJLN3E,107.746,112.746,5.0,1.0,1.0,6.34,/kaggle/working/clips/tier1/CHkaAtJLN3E_clip0008_t00107.mp4
CHkaAtJLN3E_clip0009_t00111,CHkaAtJLN3E,111.746,116.746,5.0,1.0,1.0,6.03,/kaggle/working/clips/tier1/CHkaAtJLN3E_clip0009_t00111.mp4
CHkaAtJLN3E_clip0010_t00115,CHkaAtJLN3E,115.746,120.746,5.0,1.0,1.0,6.06,/kaggle/working/clips/tier1/CHkaAtJLN3E_clip0010_t00115.mp4
CHkaAtJLN3E_clip0011_t00130,CHkaAtJLN3E,130.466,135.934,5.468,1.0,1.0,6.87,/kaggle/working/clips/tier1/CHkaAtJLN3E_clip0011_t00130.mp4
CHkaAtJLN3E_clip0012_t00142,CHkaAtJLN3E,142.658,144.862,2.204,1.0,1.0,7.26,/kaggle/working/clips/tier1/CHkaAtJLN3E_clip0012_t00142.mp4
CHkaAtJLN3E_clip0013_t00166,CHkaAtJLN3E,166.082,177.726,11.644,1.0,1.0,5.88,/kaggle/working/clips/tier1/CHkaAtJLN3E_clip0013_t00166.mp4
CHkaAtJLN3E_clip0014_t00238,CHkaAtJLN3E,238.05,245.47,7.42,1.0,1.0,6.54,/kaggle/working/clips/tier1/CHkaAtJLN3E_clip0014_t00238.mp4
CHkaAtJLN3E_clip0015_t00245,CHkaAtJLN3E,245.794,248.478,2.684,1.0,1.0,5.86,/kaggle/working/clips/tier1/CHkaAtJLN3E_clip0015_t00245.mp4
CHkaAtJLN3E_clip0016_t00317,CHkaAtJLN3E,317.794,322.794,5.0,1.0,1.0,6.44,/kaggle/working/clips/tier1/CHkaAtJLN3E_clip0016_t00317.mp4
CHkaAtJLN3E_clip0017_t00321,CHkaAtJLN3E,321.794,326.794,5.0,1.0,1.0,5.25,/kaggle/working/clips/tier1/CHkaAtJLN3E_clip0017_t00321.mp4
CHkaAtJLN3E_clip0018_t00325,CHkaAtJLN3E,325.794,330.794,5.0,1.0,1.0,5.4,/kaggle/working/clips/tier1/CHkaAtJLN3E_clip0018_t00325.mp4
CHkaAtJLN3E_clip0019_t00352,CHkaAtJLN3E,352.61,357.61,5.0,1.0,1.0,7.32,/kaggle/working/clips/tier1/CHkaAtJLN3E_clip0019_t00352.mp4
CHkaAtJLN3E_clip0020_t00356,CHkaAtJLN3E,356.61,361.61,5.0,1.0,1.0,6.83,/kaggle/working/clips/tier1/CHkaAtJLN3E_clip0020_t00356.mp4
CHkaAtJLN3E_clip0021_t00360,CHkaAtJLN3E,360.61,365.61,5.0,1.0,1.0,7.0,/kaggle/working/clips/tier1/CHkaAtJLN3E_clip0021_t00360.mp4
CHkaAtJLN3E_clip0022_t00365,CHkaAtJLN3E,365.858,369.214,3.356,1.0,1.0,5.91,/kaggle/working/clips/tier1/CHkaAtJLN3E_clip0022_t00365.mp4
CHkaAtJLN3E_clip0023_t00369,CHkaAtJLN3E,369.986,375.358,5.372,1.0,1.0,6.9,/kaggle/working/clips/tier1/CHkaAtJLN3E_clip0023_t00369.mp4
CHkaAtJLN3E_clip0024_t00394,CHkaAtJLN3E,394.946,399.71,4.764,1.0,1.0,7.15,/kaggle/working/clips/tier1/CHkaAtJLN3E_clip0024_t00394.mp4
CHkaAtJLN3E_clip0025_t00413,CHkaAtJLN3E,413.858,418.858,5.0,1.0,1.0,7.41,/kaggle/working/clips/tier1/CHkaAtJLN3E_clip0025_t00413.mp4
CHkaAtJLN3E_clip0026_t00456,CHkaAtJLN3E,456.098,461.098,5.0,1.0,1.0,6.5,/kaggle/working/clips/tier1/CHkaAtJLN3E_clip0026_t00456.mp4
CHkaAtJLN3E_clip0027_t00472,CHkaAtJLN3E,472.962,478.398,5.436,1.0,1.0,7.34,/kaggle/working/clips/tier1/CHkaAtJLN3E_clip0027_t00472.mp4
CHkaAtJLN3E_clip0028_t00478,CHkaAtJLN3E,478.786,489.406,10.62,1.0,1.0,7.34,/kaggle/working/clips/tier1/CHkaAtJLN3E_clip0028_t00478.mp4
CHkaAtJLN3E_clip0029_t00508,CHkaAtJLN3E,508.674,513.674,5.0,1.0,1.0,6.44,/kaggle/working/clips/tier1/CHkaAtJLN3E_clip0029_t00508.mp4
CHkaAtJLN3E_clip0030_t00512,CHkaAtJLN3E,512.674,517.674,5.0,1.0,1.0,5.39,/kaggle/working/clips/tier1/CHkaAtJLN3E_clip0030_t00512.mp4
CHkaAtJLN3E_clip0031_t00516,CHkaAtJLN3E,516.674,521.342,4.668,1.0,1.0,5.07,/kaggle/working/clips/tier1/CHkaAtJLN3E_clip0031_t00516.mp4
CHkaAtJLN3E_clip0032_t00568,CHkaAtJLN3E,568.418,573.418,5.0,1.0,1.0,7.17,/kaggle/working/clips/tier1/CHkaAtJLN3E_clip0032_t00568.mp4
CHkaAtJLN3E_clip0033_t00580,CHkaAtJLN3E,580.418,585.418,5.0,0.8,1.0,6.76,/kaggle/working/clips/tier1/CHkaAtJLN3E_clip0033_t00580.mp4
CHkaAtJLN3E_clip0034_t00584,CHkaAtJLN3E,584.418,587.102,2.684,1.0,1.0,5.24,/kaggle/working/clips/tier1/CHkaAtJLN3E_clip0034_t00584.mp4
CHkaAtJLN3E_clip0035_t00590,CHkaAtJLN3E,590.594,601.726,11.132,1.0,1.0,5.55,/kaggle/working/clips/tier1/CHkaAtJLN3E_clip0035_t00590.mp4
CHkaAtJLN3E_clip0036_t00601,CHkaAtJLN3E,601.858,608.254,6.396,1.0,1.0,5.63,/kaggle/working/clips/tier1/CHkaAtJLN3E_clip0036_t00601.mp4
CHkaAtJLN3E_clip0037_t00608,CHkaAtJLN3E,608.386,611.262,2.876,1.0,1.0,6.45,/kaggle/working/clips/tier1/CHkaAtJLN3E_clip0037_t00608.mp4
CHkaAtJLN3E_clip0038_t00611,CHkaAtJLN3E,611.554,617.598,6.044,1.0,1.0,5.92,/kaggle/working/clips/tier1/CHkaAtJLN3E_clip0038_t00611.mp4
CHkaAtJLN3E_clip0039_t00617,CHkaAtJLN3E,617.922,622.462,4.54,1.0,1.0,6.39,/kaggle/working/clips/tier1/CHkaAtJLN3E_clip0039_t00617.mp4
CHkaAtJLN3E_clip0040_t00654,CHkaAtJLN3E,654.658,657.438,2.78,1.0,1.0,4.7,/kaggle/working/clips/tier1/CHkaAtJLN3E_clip0040_t00654.mp4
CHkaAtJLN3E_clip0041_t00664,CHkaAtJLN3E,664.61,667.838,3.228,1.0,1.0,6.42,/kaggle/working/clips/tier1/CHkaAtJLN3E_clip0041_t00664.mp4
CHkaAtJLN3E_clip0042_t00710,CHkaAtJLN3E,710.05,713.31,3.26,1.0,1.0,6.38,/kaggle/working/clips/tier1/CHkaAtJLN3E_clip0042_t00710.mp4
CHkaAtJLN3E_clip0043_t00715,CHkaAtJLN3E,715.426,718.846,3.42,1.0,1.0,4.72,/kaggle/working/clips/tier1/CHkaAtJLN3E_clip0043_t00715.mp4
CHkaAtJLN3E_clip0044_t00720,CHkaAtJLN3E,720.354,723.038,2.684,1.0,1.0,6.29,/kaggle/working/clips/tier1/CHkaAtJLN3E_clip0044_t00720.mp4
CHkaAtJLN3E_clip0045_t00724,CHkaAtJLN3E,724.674,727.422,2.748,1.0,1.0,5.07,/kaggle/working/clips/tier1/CHkaAtJLN3E_clip0045_t00724.mp4
CHkaAtJLN3E_clip0046_t00740,CHkaAtJLN3E,740.866,745.866,5.0,1.0,1.0,6.32,/kaggle/working/clips/tier1/CHkaAtJLN3E_clip0046_t00740.mp4
CHkaAtJLN3E_clip0047_t00754,CHkaAtJLN3E,754.818,759.818,5.0,1.0,1.0,6.03,/kaggle/working/clips/tier1/CHkaAtJLN3E_clip0047_t00754.mp4
CHkaAtJLN3E_clip0048_t00758,CHkaAtJLN3E,758.818,763.818,5.0,1.0,1.0,5.85,/kaggle/working/clips/tier1/CHkaAtJLN3E_clip0048_t00758.mp4
CHkaAtJLN3E_clip0049_t00780,CHkaAtJLN3E,780.194,785.194,5.0,1.0,1.0,5.51,/kaggle/working/clips/tier1/CHkaAtJLN3E_clip0049_t00780.mp4
CHkaAtJLN3E_clip0050_t00784,CHkaAtJLN3E,784.194,789.194,5.0,1.0,1.0,5.41,/kaggle/working/clips/tier1/CHkaAtJLN3E_clip0050_t00784.mp4
CHkaAtJLN3E_clip0051_t00788,CHkaAtJLN3E,788.194,793.194,5.0,1.0,1.0,6.0,/kaggle/working/clips/tier1/CHkaAtJLN3E_clip0051_t00788.mp4
CHkaAtJLN3E_clip0052_t00792,CHkaAtJLN3E,792.194,797.194,5.0,1.0,1.0,5.3,/kaggle/working/clips/tier1/CHkaAtJLN3E_clip0052_t00792.mp4
CHkaAtJLN3E_clip0053_t00812,CHkaAtJLN3E,812.354,815.774,3.42,1.0,1.0,6.99,/kaggle/working/clips/tier1/CHkaAtJLN3E_clip0053_t00812.mp4
CHkaAtJLN3E_clip0054_t00815,CHkaAtJLN3E,815.874,818.91,3.036,1.0,1.0,7.32,/kaggle/working/clips/tier1/CHkaAtJLN3E_clip0054_t00815.mp4
CHkaAtJLN3E_clip0055_t00819,CHkaAtJLN3E,819.042,830.142,11.1,1.0,1.0,6.96,/kaggle/working/clips/tier1/CHkaAtJLN3E_clip0055_t00819.mp4
CHkaAtJLN3E_clip0056_t00830,CHkaAtJLN3E,830.37,835.37,5.0,1.0,1.0,6.79,/kaggle/working/clips/tier1/CHkaAtJLN3E_clip0056_t00830.mp4
CHkaAtJLN3E_clip0057_t00838,CHkaAtJLN3E,838.37,843.37,5.0,1.0,1.0,6.4,/kaggle/working/clips/tier1/CHkaAtJLN3E_clip0057_t00838.mp4
CHkaAtJLN3E_clip0058_t00846,CHkaAtJLN3E,846.37,851.37,5.0,1.0,1.0,6.55,/kaggle/working/clips/tier1/CHkaAtJLN3E_clip0058_t00846.mp4
CHkaAtJLN3E_clip0059_t00850,CHkaAtJLN3E,850.37,855.37,5.0,1.0,1.0,5.81,/kaggle/working/clips/tier1/CHkaAtJLN3E_clip0059_t00850.mp4
CHkaAtJLN3E_clip0060_t00854,CHkaAtJLN3E,854.37,859.37,5.0,1.0,1.0,5.62,/kaggle/working/clips/tier1/CHkaAtJLN3E_clip0060_t00854.mp4
CHkaAtJLN3E_clip0061_t00869,CHkaAtJLN3E,869.698,874.698,5.0,1.0,1.0,7.5,/kaggle/working/clips/tier1/CHkaAtJLN3E_clip0061_t00869.mp4
CHkaAtJLN3E_clip0062_t00890,CHkaAtJLN3E,890.69,897.278,6.588,1.0,1.0,6.35,/kaggle/working/clips/tier1/CHkaAtJLN3E_clip0062_t00890.mp4
CHkaAtJLN3E_clip0063_t00897,CHkaAtJLN3E,897.474,901.022,3.548,1.0,1.0,5.62,/kaggle/working/clips/tier1/CHkaAtJLN3E_clip0063_t00897.mp4
CHkaAtJLN3E_clip0064_t00901,CHkaAtJLN3E,901.154,905.118,3.964,1.0,1.0,5.28,/kaggle/working/clips/tier1/CHkaAtJLN3E_clip0064_t00901.mp4
CHkaAtJLN3E_clip0065_t00905,CHkaAtJLN3E,905.218,907.742,2.524,1.0,1.0,6.41,/kaggle/working/clips/tier1/CHkaAtJLN3E_clip0065_t00905.mp4
CHkaAtJLN3E_clip0066_t00911,CHkaAtJLN3E,911.842,916.842,5.0,1.0,1.0,7.47,/kaggle/working/clips/tier1/CHkaAtJLN3E_clip0066_t00911.mp4
CHkaAtJLN3E_clip0067_t00923,CHkaAtJLN3E,923.842,926.398,2.556,1.0,1.0,6.1,/kaggle/working/clips/tier1/CHkaAtJLN3E_clip0067_t00923.mp4
CHkaAtJLN3E_clip0068_t00930,CHkaAtJLN3E,930.594,935.594,5.0,1.0,1.0,7.68,/kaggle/working/clips/tier1/CHkaAtJLN3E_clip0068_t00930.mp4
CHkaAtJLN3E_clip0069_t00960,CHkaAtJLN3E,960.866,963.902,3.036,1.0,1.0,5.43,/kaggle/working/clips/tier1/CHkaAtJLN3E_clip0069_t00960.mp4
CHkaAtJLN3E_clip0070_t00964,CHkaAtJLN3E,964.034,970.462,6.428,1.0,1.0,5.63,/kaggle/working/clips/tier1/CHkaAtJLN3E_clip0070_t00964.mp4
CHkaAtJLN3E_clip0071_t00970,CHkaAtJLN3E,970.562,974.91,4.348,1.0,1.0,5.02,/kaggle/working/clips/tier1/CHkaAtJLN3E_clip0071_t00970.mp4
CHkaAtJLN3E_clip0072_t01016,CHkaAtJLN3E,1016.13,1018.718,2.588,1.0,1.0,6.88,/kaggle/working/clips/tier1/CHkaAtJLN3E_clip0072_t01016.mp4
CHkaAtJLN3E_clip0073_t01048,CHkaAtJLN3E,1048.386,1053.822,5.436,1.0,1.0,6.03,/kaggle/working/clips/tier1/CHkaAtJLN3E_clip0073_t01048.mp4
CHkaAtJLN3E_clip0074_t01053,CHkaAtJLN3E,1053.922,1057.118,3.196,1.0,1.0,5.44,/kaggle/working/clips/tier1/CHkaAtJLN3E_clip0074_t01053.mp4
CHkaAtJLN3E_clip0075_t01058,CHkaAtJLN3E,1058.466,1064.99,6.524,1.0,1.0,6.87,/kaggle/working/clips/tier1/CHkaAtJLN3E_clip0075_t01058.mp4
CHkaAtJLN3E_clip0076_t01096,CHkaAtJLN3E,1096.866,1100.35,3.484,1.0,1.0,6.66,/kaggle/working/clips/tier1/CHkaAtJLN3E_clip0076_t01096.mp4
CHkaAtJLN3E_clip0077_t01100,CHkaAtJLN3E,1100.642,1103.71,3.068,1.0,1.0,7.27,/kaggle/working/clips/tier1/CHkaAtJLN3E_clip0077_t01100.mp4
CHkaAtJLN3E_clip0078_t01104,CHkaAtJLN3E,1104.034,1106.558,2.524,1.0,1.0,7.29,/kaggle/working/clips/tier1/CHkaAtJLN3E_clip0078_t01104.mp4
CHkaAtJLN3E_clip0079_t01111,CHkaAtJLN3E,1111.106,1117.118,6.012,1.0,1.0,5.64,/kaggle/working/clips/tier1/CHkaAtJLN3E_clip0079_t01111.mp4
CHkaAtJLN3E_clip0080_t01139,CHkaAtJLN3E,1139.458,1142.974,3.516,1.0,1.0,7.48,/kaggle/working/clips/tier1/CHkaAtJLN3E_clip0080_t01139.mp4
CHkaAtJLN3E_clip0081_t01146,CHkaAtJLN3E,1146.37,1151.37,5.0,1.0,1.0,7.1,/kaggle/working/clips/tier1/CHkaAtJLN3E_clip0081_t01146.mp4
CHkaAtJLN3E_clip0082_t01150,CHkaAtJLN3E,1150.37,1155.37,5.0,1.0,1.0,7.06,/kaggle/working/clips/tier1/CHkaAtJLN3E_clip0082_t01150.mp4
CHkaAtJLN3E_clip0083_t01173,CHkaAtJLN3E,1173.538,1183.742,10.204,1.0,1.0,5.37,/kaggle/working/clips/tier1/CHkaAtJLN3E_clip0083_t01173.mp4
EMFwAo7a4rg_clip0000_t00017,EMFwAo7a4rg,17.314,19.486,2.172,1.0,1.0,2.86,/kaggle/working/clips/tier1/EMFwAo7a4rg_clip0000_t00017.mp4
EMFwAo7a4rg_clip0001_t00034,EMFwAo7a4rg,34.082,41.982,7.9,1.0,1.0,5.91,/kaggle/working/clips/tier1/EMFwAo7a4rg_clip0001_t00034.mp4
EMFwAo7a4rg_clip0002_t00048,EMFwAo7a4rg,48.002,59.038,11.036,1.0,1.0,6.49,/kaggle/working/clips/tier1/EMFwAo7a4rg_clip0002_t00048.mp4
EMFwAo7a4rg_clip0003_t00092,EMFwAo7a4rg,92.866,96.734,3.868,1.0,1.0,5.83,/kaggle/working/clips/tier1/EMFwAo7a4rg_clip0003_t00092.mp4
EMFwAo7a4rg_clip0004_t00132,EMFwAo7a4rg,132.002,143.998,11.996,1.0,1.0,3.87,/kaggle/working/clips/tier1/EMFwAo7a4rg_clip0004_t00132.mp4
EMFwAo7a4rg_clip0005_t00148,EMFwAo7a4rg,148.546,152.19,3.644,1.0,1.0,4.45,/kaggle/working/clips/tier1/EMFwAo7a4rg_clip0005_t00148.mp4
EMFwAo7a4rg_clip0006_t00179,EMFwAo7a4rg,179.618,181.758,2.14,1.0,1.0,6.07,/kaggle/working/clips/tier1/EMFwAo7a4rg_clip0006_t00179.mp4
EMFwAo7a4rg_clip0007_t00192,EMFwAo7a4rg,192.322,194.942,2.62,1.0,1.0,4.71,/kaggle/working/clips/tier1/EMFwAo7a4rg_clip0007_t00192.mp4
EMFwAo7a4rg_clip0008_t00197,EMFwAo7a4rg,197.474,200.574,3.1,1.0,1.0,5.28,/kaggle/working/clips/tier1/EMFwAo7a4rg_clip0008_t00197.mp4
EMFwAo7a4rg_clip0009_t00209,EMFwAo7a4rg,209.89,215.774,5.884,1.0,1.0,5.51,/kaggle/working/clips/tier1/EMFwAo7a4rg_clip0009_t00209.mp4
EMFwAo7a4rg_clip0010_t00222,EMFwAo7a4rg,222.306,227.806,5.5,0.8,1.0,6.38,/kaggle/working/clips/tier1/EMFwAo7a4rg_clip0010_t00222.mp4
EMFwAo7a4rg_clip0011_t00246,EMFwAo7a4rg,246.37,250.974,4.604,1.0,1.0,4.42,/kaggle/working/clips/tier1/EMFwAo7a4rg_clip0011_t00246.mp4
EMFwAo7a4rg_clip0012_t00300,EMFwAo7a4rg,300.77,305.77,5.0,1.0,1.0,5.69,/kaggle/working/clips/tier1/EMFwAo7a4rg_clip0012_t00300.mp4
EMFwAo7a4rg_clip0013_t00304,EMFwAo7a4rg,304.77,309.77,5.0,1.0,1.0,5.64,/kaggle/working/clips/tier1/EMFwAo7a4rg_clip0013_t00304.mp4
EMFwAo7a4rg_clip0014_t00311,EMFwAo7a4rg,311.778,316.778,5.0,1.0,1.0,5.59,/kaggle/working/clips/tier1/EMFwAo7a4rg_clip0014_t00311.mp4
EMFwAo7a4rg_clip0015_t00315,EMFwAo7a4rg,315.778,320.778,5.0,1.0,1.0,5.67,/kaggle/working/clips/tier1/EMFwAo7a4rg_clip0015_t00315.mp4
EMFwAo7a4rg_clip0016_t00323,EMFwAo7a4rg,323.778,328.778,5.0,1.0,1.0,4.61,/kaggle/working/clips/tier1/EMFwAo7a4rg_clip0016_t00323.mp4
EMFwAo7a4rg_clip0017_t00341,EMFwAo7a4rg,341.314,343.934,2.62,1.0,1.0,6.72,/kaggle/working/clips/tier1/EMFwAo7a4rg_clip0017_t00341.mp4
EMFwAo7a4rg_clip0018_t00350,EMFwAo7a4rg,350.498,352.51,2.012,1.0,1.0,4.64,/kaggle/working/clips/tier1/EMFwAo7a4rg_clip0018_t00350.mp4
EMFwAo7a4rg_clip0019_t00362,EMFwAo7a4rg,362.242,365.79,3.548,1.0,1.0,4.21,/kaggle/working/clips/tier1/EMFwAo7a4rg_clip0019_t00362.mp4
EMFwAo7a4rg_clip0020_t00376,EMFwAo7a4rg,376.258,378.462,2.204,1.0,1.0,4.93,/kaggle/working/clips/tier1/EMFwAo7a4rg_clip0020_t00376.mp4
EMFwAo7a4rg_clip0021_t00402,EMFwAo7a4rg,402.754,405.406,2.652,1.0,1.0,4.07,/kaggle/working/clips/tier1/EMFwAo7a4rg_clip0021_t00402.mp4
EMFwAo7a4rg_clip0022_t00413,EMFwAo7a4rg,413.218,417.342,4.124,1.0,1.0,7.17,/kaggle/working/clips/tier1/EMFwAo7a4rg_clip0022_t00413.mp4
EMFwAo7a4rg_clip0023_t00417,EMFwAo7a4rg,417.57,420.126,2.556,1.0,1.0,4.21,/kaggle/working/clips/tier1/EMFwAo7a4rg_clip0023_t00417.mp4
EMFwAo7a4rg_clip0024_t00453,EMFwAo7a4rg,453.698,457.118,3.42,1.0,1.0,5.41,/kaggle/working/clips/tier1/EMFwAo7a4rg_clip0024_t00453.mp4
EMFwAo7a4rg_clip0025_t00519,EMFwAo7a4rg,519.746,523.486,3.74,1.0,1.0,2.66,/kaggle/working/clips/tier1/EMFwAo7a4rg_clip0025_t00519.mp4
EMFwAo7a4rg_clip0026_t00523,EMFwAo7a4rg,523.842,527.966,4.124,1.0,1.0,6.65,/kaggle/working/clips/tier1/EMFwAo7a4rg_clip0026_t00523.mp4
EMFwAo7a4rg_clip0027_t00533,EMFwAo7a4rg,533.602,539.902,6.3,1.0,1.0,7.32,/kaggle/working/clips/tier1/EMFwAo7a4rg_clip0027_t00533.mp4
EMFwAo7a4rg_clip0028_t00543,EMFwAo7a4rg,543.266,545.95,2.684,1.0,1.0,6.5,/kaggle/working/clips/tier1/EMFwAo7a4rg_clip0028_t00543.mp4
EMFwAo7a4rg_clip0029_t00546,EMFwAo7a4rg,546.37,548.414,2.044,1.0,1.0,6.67,/kaggle/working/clips/tier1/EMFwAo7a4rg_clip0029_t00546.mp4
EMFwAo7a4rg_clip0030_t00548,EMFwAo7a4rg,548.674,552.99,4.316,1.0,1.0,7.19,/kaggle/working/clips/tier1/EMFwAo7a4rg_clip0030_t00548.mp4
EMFwAo7a4rg_clip0031_t00573,EMFwAo7a4rg,573.762,578.762,5.0,1.0,1.0,5.91,/kaggle/working/clips/tier1/EMFwAo7a4rg_clip0031_t00573.mp4
EMFwAo7a4rg_clip0032_t00577,EMFwAo7a4rg,577.762,582.762,5.0,1.0,1.0,5.98,/kaggle/working/clips/tier1/EMFwAo7a4rg_clip0032_t00577.mp4
EMFwAo7a4rg_clip0033_t00597,EMFwAo7a4rg,597.762,602.762,5.0,1.0,1.0,6.92,/kaggle/working/clips/tier1/EMFwAo7a4rg_clip0033_t00597.mp4
EMFwAo7a4rg_clip0034_t00601,EMFwAo7a4rg,601.762,606.762,5.0,1.0,1.0,6.61,/kaggle/working/clips/tier1/EMFwAo7a4rg_clip0034_t00601.mp4
EMFwAo7a4rg_clip0035_t00608,EMFwAo7a4rg,608.578,612.894,4.316,0.75,1.0,8.09,/kaggle/working/clips/tier1/EMFwAo7a4rg_clip0035_t00608.mp4
EMFwAo7a4rg_clip0036_t00640,EMFwAo7a4rg,640.482,647.166,6.684,1.0,1.0,4.04,/kaggle/working/clips/tier1/EMFwAo7a4rg_clip0036_t00640.mp4
EMFwAo7a4rg_clip0037_t00648,EMFwAo7a4rg,648.258,650.622,2.364,1.0,1.0,5.86,/kaggle/working/clips/tier1/EMFwAo7a4rg_clip0037_t00648.mp4
EMFwAo7a4rg_clip0038_t00650,EMFwAo7a4rg,650.786,653.982,3.196,1.0,1.0,3.67,/kaggle/working/clips/tier1/EMFwAo7a4rg_clip0038_t00650.mp4
EMFwAo7a4rg_clip0039_t00654,EMFwAo7a4rg,654.466,657.182,2.716,1.0,1.0,5.68,/kaggle/working/clips/tier1/EMFwAo7a4rg_clip0039_t00654.mp4
EMFwAo7a4rg_clip0040_t00657,EMFwAo7a4rg,657.314,661.918,4.604,1.0,1.0,6.85,/kaggle/working/clips/tier1/EMFwAo7a4rg_clip0040_t00657.mp4
EMFwAo7a4rg_clip0041_t00662,EMFwAo7a4rg,662.242,665.406,3.164,1.0,1.0,3.42,/kaggle/working/clips/tier1/EMFwAo7a4rg_clip0041_t00662.mp4
EMFwAo7a4rg_clip0042_t00672,EMFwAo7a4rg,672.45,678.398,5.948,1.0,1.0,7.33,/kaggle/working/clips/tier1/EMFwAo7a4rg_clip0042_t00672.mp4
EMFwAo7a4rg_clip0043_t00694,EMFwAo7a4rg,694.306,700.158,5.852,0.833,1.0,7.25,/kaggle/working/clips/tier1/EMFwAo7a4rg_clip0043_t00694.mp4
F1JQOFSjVZg_clip0000_t00015,F1JQOFSjVZg,15.01,17.214,2.204,1.0,1.0,6.1,/kaggle/working/clips/tier1/F1JQOFSjVZg_clip0000_t00015.mp4
F1JQOFSjVZg_clip0001_t00017,F1JQOFSjVZg,17.314,20.03,2.716,1.0,1.0,6.37,/kaggle/working/clips/tier1/F1JQOFSjVZg_clip0001_t00017.mp4
F1JQOFSjVZg_clip0002_t00020,F1JQOFSjVZg,20.354,22.43,2.076,1.0,1.0,5.12,/kaggle/working/clips/tier1/F1JQOFSjVZg_clip0002_t00020.mp4
F1JQOFSjVZg_clip0003_t00023,F1JQOFSjVZg,23.01,25.246,2.236,1.0,1.0,8.88,/kaggle/working/clips/tier1/F1JQOFSjVZg_clip0003_t00023.mp4
F1JQOFSjVZg_clip0004_t00029,F1JQOFSjVZg,29.826,31.902,2.076,1.0,1.0,8.62,/kaggle/working/clips/tier1/F1JQOFSjVZg_clip0004_t00029.mp4
F1JQOFSjVZg_clip0005_t00046,F1JQOFSjVZg,46.05,48.286,2.236,1.0,1.0,6.56,/kaggle/working/clips/tier1/F1JQOFSjVZg_clip0005_t00046.mp4
F1JQOFSjVZg_clip0006_t00048,F1JQOFSjVZg,48.482,51.23,2.748,1.0,1.0,7.09,/kaggle/working/clips/tier1/F1JQOFSjVZg_clip0006_t00048.mp4
F1JQOFSjVZg_clip0007_t00053,F1JQOFSjVZg,53.026,55.614,2.588,1.0,1.0,6.12,/kaggle/working/clips/tier1/F1JQOFSjVZg_clip0007_t00053.mp4
F1JQOFSjVZg_clip0008_t00113,F1JQOFSjVZg,113.762,117.566,3.804,1.0,1.0,10.43,/kaggle/working/clips/tier1/F1JQOFSjVZg_clip0008_t00113.mp4
F1JQOFSjVZg_clip0009_t00117,F1JQOFSjVZg,117.73,121.854,4.124,1.0,1.0,6.83,/kaggle/working/clips/tier1/F1JQOFSjVZg_clip0009_t00117.mp4
F1JQOFSjVZg_clip0010_t00162,F1JQOFSjVZg,162.946,165.534,2.588,1.0,1.0,10.63,/kaggle/working/clips/tier1/F1JQOFSjVZg_clip0010_t00162.mp4
F1JQOFSjVZg_clip0011_t00166,F1JQOFSjVZg,166.626,170.078,3.452,1.0,1.0,7.76,/kaggle/working/clips/tier1/F1JQOFSjVZg_clip0011_t00166.mp4
F1JQOFSjVZg_clip0012_t00170,F1JQOFSjVZg,170.306,172.894,2.588,1.0,1.0,6.3,/kaggle/working/clips/tier1/F1JQOFSjVZg_clip0012_t00170.mp4
F1JQOFSjVZg_clip0013_t00175,F1JQOFSjVZg,175.202,180.766,5.564,1.0,1.0,12.34,/kaggle/working/clips/tier1/F1JQOFSjVZg_clip0013_t00175.mp4
F1JQOFSjVZg_clip0014_t00181,F1JQOFSjVZg,181.058,187.998,6.94,0.833,1.0,12.4,/kaggle/working/clips/tier1/F1JQOFSjVZg_clip0014_t00181.mp4
F1JQOFSjVZg_clip0015_t00203,F1JQOFSjVZg,203.234,207.998,4.764,1.0,1.0,8.51,/kaggle/working/clips/tier1/F1JQOFSjVZg_clip0015_t00203.mp4
F1JQOFSjVZg_clip0016_t00210,F1JQOFSjVZg,210.082,212.094,2.012,1.0,1.0,7.57,/kaggle/working/clips/tier1/F1JQOFSjVZg_clip0016_t00210.mp4
F1JQOFSjVZg_clip0017_t00213,F1JQOFSjVZg,213.218,215.23,2.012,1.0,1.0,7.2,/kaggle/working/clips/tier1/F1JQOFSjVZg_clip0017_t00213.mp4
F1JQOFSjVZg_clip0018_t00217,F1JQOFSjVZg,217.506,219.934,2.428,1.0,1.0,13.36,/kaggle/working/clips/tier1/F1JQOFSjVZg_clip0018_t00217.mp4
F1JQOFSjVZg_clip0019_t00220,F1JQOFSjVZg,220.066,227.262,7.196,1.0,1.0,11.61,/kaggle/working/clips/tier1/F1JQOFSjVZg_clip0019_t00220.mp4
F1JQOFSjVZg_clip0020_t00237,F1JQOFSjVZg,237.698,241.246,3.548,1.0,1.0,11.72,/kaggle/working/clips/tier1/F1JQOFSjVZg_clip0020_t00237.mp4
F1JQOFSjVZg_clip0021_t00244,F1JQOFSjVZg,244.194,246.686,2.492,1.0,1.0,11.38,/kaggle/working/clips/tier1/F1JQOFSjVZg_clip0021_t00244.mp4
F1JQOFSjVZg_clip0022_t00247,F1JQOFSjVZg,247.938,252.03,4.092,1.0,1.0,9.97,/kaggle/working/clips/tier1/F1JQOFSjVZg_clip0022_t00247.mp4
F1JQOFSjVZg_clip0023_t00254,F1JQOFSjVZg,254.626,258.078,3.452,1.0,1.0,7.88,/kaggle/working/clips/tier1/F1JQOFSjVZg_clip0023_t00254.mp4
F1JQOFSjVZg_clip0024_t00259,F1JQOFSjVZg,259.682,262.462,2.78,1.0,1.0,7.89,/kaggle/working/clips/tier1/F1JQOFSjVZg_clip0024_t00259.mp4
F1JQOFSjVZg_clip0025_t00264,F1JQOFSjVZg,264.802,267.838,3.036,1.0,1.0,6.86,/kaggle/working/clips/tier1/F1JQOFSjVZg_clip0025_t00264.mp4
F1JQOFSjVZg_clip0026_t00267,F1JQOFSjVZg,267.97,269.982,2.012,1.0,1.0,8.15,/kaggle/working/clips/tier1/F1JQOFSjVZg_clip0026_t00267.mp4
F1JQOFSjVZg_clip0027_t00285,F1JQOFSjVZg,285.698,288.99,3.292,1.0,1.0,12.41,/kaggle/working/clips/tier1/F1JQOFSjVZg_clip0027_t00285.mp4
F1JQOFSjVZg_clip0028_t00294,F1JQOFSjVZg,294.946,297.822,2.876,1.0,1.0,12.21,/kaggle/working/clips/tier1/F1JQOFSjVZg_clip0028_t00294.mp4
F1JQOFSjVZg_clip0029_t00309,F1JQOFSjVZg,309.634,312.638,3.004,1.0,1.0,13.95,/kaggle/working/clips/tier1/F1JQOFSjVZg_clip0029_t00309.mp4
F1JQOFSjVZg_clip0030_t00348,F1JQOFSjVZg,348.674,350.686,2.012,1.0,1.0,13.76,/kaggle/working/clips/tier1/F1JQOFSjVZg_clip0030_t00348.mp4
F1JQOFSjVZg_clip0031_t00379,F1JQOFSjVZg,379.586,382.334,2.748,1.0,1.0,7.76,/kaggle/working/clips/tier1/F1JQOFSjVZg_clip0031_t00379.mp4
F1JQOFSjVZg_clip0032_t00382,F1JQOFSjVZg,382.498,386.302,3.804,1.0,1.0,8.46,/kaggle/working/clips/tier1/F1JQOFSjVZg_clip0032_t00382.mp4
F1JQOFSjVZg_clip0033_t00387,F1JQOFSjVZg,387.234,390.91,3.676,1.0,1.0,8.26,/kaggle/working/clips/tier1/F1JQOFSjVZg_clip0033_t00387.mp4
F1JQOFSjVZg_clip0034_t00391,F1JQOFSjVZg,391.042,393.662,2.62,1.0,1.0,8.24,/kaggle/working/clips/tier1/F1JQOFSjVZg_clip0034_t00391.mp4
F1JQOFSjVZg_clip0035_t00394,F1JQOFSjVZg,394.69,397.054,2.364,1.0,1.0,8.12,/kaggle/working/clips/tier1/F1JQOFSjVZg_clip0035_t00394.mp4
F1JQOFSjVZg_clip0036_t00397,F1JQOFSjVZg,397.474,399.87,2.396,1.0,1.0,9.02,/kaggle/working/clips/tier1/F1JQOFSjVZg_clip0036_t00397.mp4
F1JQOFSjVZg_clip0037_t00402,F1JQOFSjVZg,402.818,405.246,2.428,1.0,1.0,11.5,/kaggle/working/clips/tier1/F1JQOFSjVZg_clip0037_t00402.mp4
F1JQOFSjVZg_clip0038_t00412,F1JQOFSjVZg,412.482,416.926,4.444,1.0,1.0,11.87,/kaggle/working/clips/tier1/F1JQOFSjVZg_clip0038_t00412.mp4
F1JQOFSjVZg_clip0039_t00438,F1JQOFSjVZg,438.402,441.63,3.228,1.0,1.0,12.93,/kaggle/working/clips/tier1/F1JQOFSjVZg_clip0039_t00438.mp4
F1JQOFSjVZg_clip0040_t00441,F1JQOFSjVZg,441.858,445.95,4.092,0.75,1.0,12.78,/kaggle/working/clips/tier1/F1JQOFSjVZg_clip0040_t00441.mp4
F1JQOFSjVZg_clip0041_t00451,F1JQOFSjVZg,451.362,457.982,6.62,1.0,1.0,12.87,/kaggle/working/clips/tier1/F1JQOFSjVZg_clip0041_t00451.mp4
F1JQOFSjVZg_clip0042_t00466,F1JQOFSjVZg,466.114,468.158,2.044,1.0,1.0,11.6,/kaggle/working/clips/tier1/F1JQOFSjVZg_clip0042_t00466.mp4
F1JQOFSjVZg_clip0043_t00478,F1JQOFSjVZg,478.21,480.862,2.652,1.0,1.0,10.6,/kaggle/working/clips/tier1/F1JQOFSjVZg_clip0043_t00478.mp4
F1JQOFSjVZg_clip0044_t00480,F1JQOFSjVZg,480.994,483.102,2.108,1.0,1.0,9.28,/kaggle/working/clips/tier1/F1JQOFSjVZg_clip0044_t00480.mp4
F1JQOFSjVZg_clip0045_t00486,F1JQOFSjVZg,486.626,489.662,3.036,1.0,1.0,8.0,/kaggle/working/clips/tier1/F1JQOFSjVZg_clip0045_t00486.mp4
F1JQOFSjVZg_clip0046_t00533,F1JQOFSjVZg,533.698,536.542,2.844,1.0,1.0,8.28,/kaggle/working/clips/tier1/F1JQOFSjVZg_clip0046_t00533.mp4
F1JQOFSjVZg_clip0047_t00536,F1JQOFSjVZg,536.866,540.83,3.964,1.0,1.0,8.38,/kaggle/working/clips/tier1/F1JQOFSjVZg_clip0047_t00536.mp4
F1JQOFSjVZg_clip0048_t00541,F1JQOFSjVZg,541.122,543.134,2.012,1.0,1.0,9.05,/kaggle/working/clips/tier1/F1JQOFSjVZg_clip0048_t00541.mp4
F1JQOFSjVZg_clip0049_t00586,F1JQOFSjVZg,586.274,589.502,3.228,1.0,1.0,8.73,/kaggle/working/clips/tier1/F1JQOFSjVZg_clip0049_t00586.mp4
F1JQOFSjVZg_clip0050_t00589,F1JQOFSjVZg,589.858,592.926,3.068,1.0,1.0,6.99,/kaggle/working/clips/tier1/F1JQOFSjVZg_clip0050_t00589.mp4
F1JQOFSjVZg_clip0051_t00593,F1JQOFSjVZg,593.026,596.414,3.388,1.0,1.0,7.56,/kaggle/working/clips/tier1/F1JQOFSjVZg_clip0051_t00593.mp4
F1JQOFSjVZg_clip0052_t00596,F1JQOFSjVZg,596.93,600.382,3.452,1.0,1.0,6.15,/kaggle/working/clips/tier1/F1JQOFSjVZg_clip0052_t00596.mp4
F1JQOFSjVZg_clip0053_t00601,F1JQOFSjVZg,601.858,604.062,2.204,1.0,1.0,15.94,/kaggle/working/clips/tier1/F1JQOFSjVZg_clip0053_t00601.mp4
F1JQOFSjVZg_clip0054_t00619,F1JQOFSjVZg,619.938,622.398,2.46,1.0,1.0,13.63,/kaggle/working/clips/tier1/F1JQOFSjVZg_clip0054_t00619.mp4
F1JQOFSjVZg_clip0055_t00652,F1JQOFSjVZg,652.13,656.542,4.412,1.0,1.0,8.76,/kaggle/working/clips/tier1/F1JQOFSjVZg_clip0055_t00652.mp4
F1JQOFSjVZg_clip0056_t00656,F1JQOFSjVZg,656.898,660.478,3.58,1.0,1.0,7.8,/kaggle/working/clips/tier1/F1JQOFSjVZg_clip0056_t00656.mp4
F1JQOFSjVZg_clip0057_t00662,F1JQOFSjVZg,662.85,665.662,2.812,1.0,1.0,7.9,/kaggle/working/clips/tier1/F1JQOFSjVZg_clip0057_t00662.mp4
F1JQOFSjVZg_clip0058_t00665,F1JQOFSjVZg,665.922,668.574,2.652,1.0,1.0,7.77,/kaggle/working/clips/tier1/F1JQOFSjVZg_clip0058_t00665.mp4
F1JQOFSjVZg_clip0059_t00669,F1JQOFSjVZg,669.826,672.254,2.428,1.0,1.0,8.44,/kaggle/working/clips/tier1/F1JQOFSjVZg_clip0059_t00669.mp4
F1JQOFSjVZg_clip0060_t00672,F1JQOFSjVZg,672.386,675.134,2.748,1.0,1.0,8.89,/kaggle/working/clips/tier1/F1JQOFSjVZg_clip0060_t00672.mp4
F1JQOFSjVZg_clip0061_t00688,F1JQOFSjVZg,688.066,691.326,3.26,1.0,1.0,13.46,/kaggle/working/clips/tier1/F1JQOFSjVZg_clip0061_t00688.mp4
F1JQOFSjVZg_clip0062_t00732,F1JQOFSjVZg,732.674,735.134,2.46,1.0,1.0,8.62,/kaggle/working/clips/tier1/F1JQOFSjVZg_clip0062_t00732.mp4
F1JQOFSjVZg_clip0063_t00736,F1JQOFSjVZg,736.898,740.03,3.132,1.0,1.0,6.34,/kaggle/working/clips/tier1/F1JQOFSjVZg_clip0063_t00736.mp4
F1JQOFSjVZg_clip0064_t00741,F1JQOFSjVZg,741.058,743.838,2.78,1.0,1.0,9.31,/kaggle/working/clips/tier1/F1JQOFSjVZg_clip0064_t00741.mp4
F1JQOFSjVZg_clip0065_t00743,F1JQOFSjVZg,743.97,746.334,2.364,1.0,1.0,7.6,/kaggle/working/clips/tier1/F1JQOFSjVZg_clip0065_t00743.mp4
F1JQOFSjVZg_clip0066_t00749,F1JQOFSjVZg,749.442,753.502,4.06,0.75,1.0,13.02,/kaggle/working/clips/tier1/F1JQOFSjVZg_clip0066_t00749.mp4
F1JQOFSjVZg_clip0067_t00783,F1JQOFSjVZg,783.81,786.142,2.332,1.0,1.0,7.83,/kaggle/working/clips/tier1/F1JQOFSjVZg_clip0067_t00783.mp4
F1JQOFSjVZg_clip0068_t00787,F1JQOFSjVZg,787.906,790.142,2.236,1.0,1.0,10.06,/kaggle/working/clips/tier1/F1JQOFSjVZg_clip0068_t00787.mp4
F1JQOFSjVZg_clip0069_t00819,F1JQOFSjVZg,819.362,823.07,3.708,0.75,1.0,12.43,/kaggle/working/clips/tier1/F1JQOFSjVZg_clip0069_t00819.mp4
F1JQOFSjVZg_clip0070_t00846,F1JQOFSjVZg,846.53,848.702,2.172,1.0,1.0,5.96,/kaggle/working/clips/tier1/F1JQOFSjVZg_clip0070_t00846.mp4
eamxIEAY2eQ_clip0000_t00000,eamxIEAY2eQ,0.162,10.942,10.78,1.0,1.0,9.01,/kaggle/working/clips/tier1/eamxIEAY2eQ_clip0000_t00000.mp4
eamxIEAY2eQ_clip0001_t00013,eamxIEAY2eQ,13.058,18.974,5.916,1.0,1.0,7.49,/kaggle/working/clips/tier1/eamxIEAY2eQ_clip0001_t00013.mp4
eamxIEAY2eQ_clip0002_t00019,eamxIEAY2eQ,19.266,22.558,3.292,1.0,1.0,8.72,/kaggle/working/clips/tier1/eamxIEAY2eQ_clip0002_t00019.mp4
eamxIEAY2eQ_clip0003_t00023,eamxIEAY2eQ,23.906,32.126,8.22,0.778,1.0,7.66,/kaggle/working/clips/tier1/eamxIEAY2eQ_clip0003_t00023.mp4
eamxIEAY2eQ_clip0004_t00032,eamxIEAY2eQ,32.386,42.974,10.588,1.0,1.0,7.38,/kaggle/working/clips/tier1/eamxIEAY2eQ_clip0004_t00032.mp4
eamxIEAY2eQ_clip0005_t00043,eamxIEAY2eQ,43.074,45.534,2.46,1.0,1.0,6.09,/kaggle/working/clips/tier1/eamxIEAY2eQ_clip0005_t00043.mp4
eamxIEAY2eQ_clip0006_t00046,eamxIEAY2eQ,46.562,51.562,5.0,1.0,1.0,8.24,/kaggle/working/clips/tier1/eamxIEAY2eQ_clip0006_t00046.mp4
eamxIEAY2eQ_clip0007_t00050,eamxIEAY2eQ,50.562,55.562,5.0,1.0,1.0,8.02,/kaggle/working/clips/tier1/eamxIEAY2eQ_clip0007_t00050.mp4
eamxIEAY2eQ_clip0008_t00054,eamxIEAY2eQ,54.562,59.562,5.0,1.0,1.0,7.98,/kaggle/working/clips/tier1/eamxIEAY2eQ_clip0008_t00054.mp4
eamxIEAY2eQ_clip0009_t00059,eamxIEAY2eQ,59.97,69.726,9.756,1.0,1.0,7.55,/kaggle/working/clips/tier1/eamxIEAY2eQ_clip0009_t00059.mp4
eamxIEAY2eQ_clip0010_t00069,eamxIEAY2eQ,69.858,74.974,5.116,1.0,1.0,6.9,/kaggle/working/clips/tier1/eamxIEAY2eQ_clip0010_t00069.mp4
eamxIEAY2eQ_clip0011_t00092,eamxIEAY2eQ,92.002,97.002,5.0,1.0,1.0,8.76,/kaggle/working/clips/tier1/eamxIEAY2eQ_clip0011_t00092.mp4
eamxIEAY2eQ_clip0012_t00096,eamxIEAY2eQ,96.002,101.002,5.0,1.0,1.0,8.16,/kaggle/working/clips/tier1/eamxIEAY2eQ_clip0012_t00096.mp4
eamxIEAY2eQ_clip0013_t00100,eamxIEAY2eQ,100.002,105.002,5.0,1.0,1.0,8.97,/kaggle/working/clips/tier1/eamxIEAY2eQ_clip0013_t00100.mp4
eamxIEAY2eQ_clip0014_t00126,eamxIEAY2eQ,126.914,132.638,5.724,1.0,1.0,9.0,/kaggle/working/clips/tier1/eamxIEAY2eQ_clip0014_t00126.mp4
eamxIEAY2eQ_clip0015_t00132,eamxIEAY2eQ,132.994,140.126,7.132,1.0,1.0,8.76,/kaggle/working/clips/tier1/eamxIEAY2eQ_clip0015_t00132.mp4
eamxIEAY2eQ_clip0016_t00142,eamxIEAY2eQ,142.722,147.722,5.0,1.0,1.0,8.58,/kaggle/working/clips/tier1/eamxIEAY2eQ_clip0016_t00142.mp4
eamxIEAY2eQ_clip0017_t00146,eamxIEAY2eQ,146.722,151.722,5.0,1.0,1.0,9.56,/kaggle/working/clips/tier1/eamxIEAY2eQ_clip0017_t00146.mp4
eamxIEAY2eQ_clip0018_t00150,eamxIEAY2eQ,150.722,155.722,5.0,1.0,1.0,7.97,/kaggle/working/clips/tier1/eamxIEAY2eQ_clip0018_t00150.mp4
eamxIEAY2eQ_clip0019_t00154,eamxIEAY2eQ,154.722,159.722,5.0,1.0,1.0,7.71,/kaggle/working/clips/tier1/eamxIEAY2eQ_clip0019_t00154.mp4
eamxIEAY2eQ_clip0020_t00158,eamxIEAY2eQ,158.722,161.502,2.78,1.0,1.0,8.37,/kaggle/working/clips/tier1/eamxIEAY2eQ_clip0020_t00158.mp4
eamxIEAY2eQ_clip0021_t00162,eamxIEAY2eQ,162.882,165.758,2.876,1.0,1.0,9.01,/kaggle/working/clips/tier1/eamxIEAY2eQ_clip0021_t00162.mp4
eamxIEAY2eQ_clip0022_t00179,eamxIEAY2eQ,179.394,184.394,5.0,1.0,1.0,8.71,/kaggle/working/clips/tier1/eamxIEAY2eQ_clip0022_t00179.mp4
eamxIEAY2eQ_clip0023_t00183,eamxIEAY2eQ,183.394,188.394,5.0,1.0,1.0,9.01,/kaggle/working/clips/tier1/eamxIEAY2eQ_clip0023_t00183.mp4
eamxIEAY2eQ_clip0024_t00187,eamxIEAY2eQ,187.394,190.782,3.388,1.0,1.0,8.19,/kaggle/working/clips/tier1/eamxIEAY2eQ_clip0024_t00187.mp4
eamxIEAY2eQ_clip0025_t00190,eamxIEAY2eQ,190.882,193.438,2.556,1.0,1.0,8.11,/kaggle/working/clips/tier1/eamxIEAY2eQ_clip0025_t00190.mp4
eamxIEAY2eQ_clip0026_t00193,eamxIEAY2eQ,193.602,198.602,5.0,1.0,1.0,8.31,/kaggle/working/clips/tier1/eamxIEAY2eQ_clip0026_t00193.mp4
eamxIEAY2eQ_clip0027_t00197,eamxIEAY2eQ,197.602,202.602,5.0,1.0,1.0,8.6,/kaggle/working/clips/tier1/eamxIEAY2eQ_clip0027_t00197.mp4
eamxIEAY2eQ_clip0028_t00201,eamxIEAY2eQ,201.602,206.602,5.0,1.0,1.0,7.92,/kaggle/working/clips/tier1/eamxIEAY2eQ_clip0028_t00201.mp4
eamxIEAY2eQ_clip0029_t00208,eamxIEAY2eQ,208.098,211.486,3.388,1.0,1.0,8.77,/kaggle/working/clips/tier1/eamxIEAY2eQ_clip0029_t00208.mp4
eamxIEAY2eQ_clip0030_t00222,eamxIEAY2eQ,222.082,229.95,7.868,1.0,1.0,8.12,/kaggle/working/clips/tier1/eamxIEAY2eQ_clip0030_t00222.mp4
eamxIEAY2eQ_clip0031_t00230,eamxIEAY2eQ,230.082,234.75,4.668,1.0,1.0,7.95,/kaggle/working/clips/tier1/eamxIEAY2eQ_clip0031_t00230.mp4
eamxIEAY2eQ_clip0032_t00236,eamxIEAY2eQ,236.866,241.63,4.764,1.0,1.0,8.58,/kaggle/working/clips/tier1/eamxIEAY2eQ_clip0032_t00236.mp4
eamxIEAY2eQ_clip0033_t00241,eamxIEAY2eQ,241.794,245.662,3.868,1.0,1.0,7.84,/kaggle/working/clips/tier1/eamxIEAY2eQ_clip0033_t00241.mp4
eamxIEAY2eQ_clip0034_t00245,eamxIEAY2eQ,245.762,250.762,5.0,1.0,1.0,9.55,/kaggle/working/clips/tier1/eamxIEAY2eQ_clip0034_t00245.mp4
eamxIEAY2eQ_clip0035_t00249,eamxIEAY2eQ,249.762,254.762,5.0,1.0,1.0,8.69,/kaggle/working/clips/tier1/eamxIEAY2eQ_clip0035_t00249.mp4
eamxIEAY2eQ_clip0036_t00253,eamxIEAY2eQ,253.762,258.762,5.0,1.0,1.0,7.49,/kaggle/working/clips/tier1/eamxIEAY2eQ_clip0036_t00253.mp4
eamxIEAY2eQ_clip0037_t00257,eamxIEAY2eQ,257.762,262.762,5.0,1.0,1.0,7.96,/kaggle/working/clips/tier1/eamxIEAY2eQ_clip0037_t00257.mp4
eamxIEAY2eQ_clip0038_t00265,eamxIEAY2eQ,265.346,272.19,6.844,1.0,1.0,7.81,/kaggle/working/clips/tier1/eamxIEAY2eQ_clip0038_t00265.mp4
eamxIEAY2eQ_clip0039_t00281,eamxIEAY2eQ,281.41,286.41,5.0,1.0,1.0,8.61,/kaggle/working/clips/tier1/eamxIEAY2eQ_clip0039_t00281.mp4
eamxIEAY2eQ_clip0040_t00289,eamxIEAY2eQ,289.41,294.41,5.0,1.0,1.0,8.5,/kaggle/working/clips/tier1/eamxIEAY2eQ_clip0040_t00289.mp4
eamxIEAY2eQ_clip0041_t00293,eamxIEAY2eQ,293.41,298.41,5.0,1.0,1.0,8.73,/kaggle/working/clips/tier1/eamxIEAY2eQ_clip0041_t00293.mp4
eamxIEAY2eQ_clip0042_t00297,eamxIEAY2eQ,297.41,302.41,5.0,1.0,1.0,8.6,/kaggle/working/clips/tier1/eamxIEAY2eQ_clip0042_t00297.mp4
eamxIEAY2eQ_clip0043_t00301,eamxIEAY2eQ,301.41,306.41,5.0,1.0,1.0,7.74,/kaggle/working/clips/tier1/eamxIEAY2eQ_clip0043_t00301.mp4
eamxIEAY2eQ_clip0044_t00305,eamxIEAY2eQ,305.41,310.41,5.0,1.0,1.0,8.19,/kaggle/working/clips/tier1/eamxIEAY2eQ_clip0044_t00305.mp4
eamxIEAY2eQ_clip0045_t00309,eamxIEAY2eQ,309.41,314.41,5.0,1.0,1.0,8.47,/kaggle/working/clips/tier1/eamxIEAY2eQ_clip0045_t00309.mp4
eamxIEAY2eQ_clip0046_t00313,eamxIEAY2eQ,313.41,318.41,5.0,1.0,1.0,8.74,/kaggle/working/clips/tier1/eamxIEAY2eQ_clip0046_t00313.mp4
eamxIEAY2eQ_clip0047_t00317,eamxIEAY2eQ,317.41,321.598,4.188,1.0,1.0,8.16,/kaggle/working/clips/tier1/eamxIEAY2eQ_clip0047_t00317.mp4
eamxIEAY2eQ_clip0048_t00321,eamxIEAY2eQ,321.954,327.966,6.012,1.0,1.0,8.54,/kaggle/working/clips/tier1/eamxIEAY2eQ_clip0048_t00321.mp4
eamxIEAY2eQ_clip0049_t00328,eamxIEAY2eQ,328.546,331.518,2.972,1.0,1.0,8.81,/kaggle/working/clips/tier1/eamxIEAY2eQ_clip0049_t00328.mp4
eamxIEAY2eQ_clip0050_t00331,eamxIEAY2eQ,331.682,335.518,3.836,1.0,1.0,8.43,/kaggle/working/clips/tier1/eamxIEAY2eQ_clip0050_t00331.mp4
eamxIEAY2eQ_clip0051_t00335,eamxIEAY2eQ,335.778,341.598,5.82,1.0,1.0,8.37,/kaggle/working/clips/tier1/eamxIEAY2eQ_clip0051_t00335.mp4
eamxIEAY2eQ_clip0052_t00341,eamxIEAY2eQ,341.922,345.118,3.196,1.0,1.0,8.25,/kaggle/working/clips/tier1/eamxIEAY2eQ_clip0052_t00341.mp4
eamxIEAY2eQ_clip0053_t00345,eamxIEAY2eQ,345.218,353.502,8.284,1.0,1.0,8.62,/kaggle/working/clips/tier1/eamxIEAY2eQ_clip0053_t00345.mp4
eamxIEAY2eQ_clip0054_t00354,eamxIEAY2eQ,354.338,359.422,5.084,1.0,1.0,8.61,/kaggle/working/clips/tier1/eamxIEAY2eQ_clip0054_t00354.mp4
eamxIEAY2eQ_clip0055_t00364,eamxIEAY2eQ,364.162,366.206,2.044,1.0,1.0,7.95,/kaggle/working/clips/tier1/eamxIEAY2eQ_clip0055_t00364.mp4
eamxIEAY2eQ_clip0056_t00368,eamxIEAY2eQ,368.258,370.462,2.204,1.0,1.0,6.49,/kaggle/working/clips/tier1/eamxIEAY2eQ_clip0056_t00368.mp4
eamxIEAY2eQ_clip0057_t00370,eamxIEAY2eQ,370.722,375.722,5.0,1.0,1.0,8.66,/kaggle/working/clips/tier1/eamxIEAY2eQ_clip0057_t00370.mp4
eamxIEAY2eQ_clip0058_t00374,eamxIEAY2eQ,374.722,379.722,5.0,1.0,1.0,8.67,/kaggle/working/clips/tier1/eamxIEAY2eQ_clip0058_t00374.mp4
eamxIEAY2eQ_clip0059_t00378,eamxIEAY2eQ,378.722,383.722,5.0,1.0,1.0,8.36,/kaggle/working/clips/tier1/eamxIEAY2eQ_clip0059_t00378.mp4
eamxIEAY2eQ_clip0060_t00384,eamxIEAY2eQ,384.674,386.91,2.236,1.0,1.0,8.24,/kaggle/working/clips/tier1/eamxIEAY2eQ_clip0060_t00384.mp4
eamxIEAY2eQ_clip0061_t00387,eamxIEAY2eQ,387.234,392.894,5.66,1.0,1.0,8.14,/kaggle/working/clips/tier1/eamxIEAY2eQ_clip0061_t00387.mp4
eamxIEAY2eQ_clip0062_t00393,eamxIEAY2eQ,393.09,398.09,5.0,1.0,1.0,8.12,/kaggle/working/clips/tier1/eamxIEAY2eQ_clip0062_t00393.mp4
eamxIEAY2eQ_clip0063_t00397,eamxIEAY2eQ,397.09,402.09,5.0,1.0,1.0,8.02,/kaggle/working/clips/tier1/eamxIEAY2eQ_clip0063_t00397.mp4
eamxIEAY2eQ_clip0064_t00401,eamxIEAY2eQ,401.09,406.09,5.0,1.0,1.0,8.71,/kaggle/working/clips/tier1/eamxIEAY2eQ_clip0064_t00401.mp4
eamxIEAY2eQ_clip0065_t00406,eamxIEAY2eQ,406.722,409.726,3.004,1.0,1.0,5.99,/kaggle/working/clips/tier1/eamxIEAY2eQ_clip0065_t00406.mp4
eamxIEAY2eQ_clip0066_t00410,eamxIEAY2eQ,410.978,415.978,5.0,1.0,1.0,8.79,/kaggle/working/clips/tier1/eamxIEAY2eQ_clip0066_t00410.mp4
eamxIEAY2eQ_clip0067_t00414,eamxIEAY2eQ,414.978,419.978,5.0,1.0,1.0,8.3,/kaggle/working/clips/tier1/eamxIEAY2eQ_clip0067_t00414.mp4
eamxIEAY2eQ_clip0068_t00418,eamxIEAY2eQ,418.978,423.646,4.668,1.0,1.0,9.05,/kaggle/working/clips/tier1/eamxIEAY2eQ_clip0068_t00418.mp4
eamxIEAY2eQ_clip0069_t00428,eamxIEAY2eQ,428.738,433.374,4.636,1.0,1.0,9.62,/kaggle/working/clips/tier1/eamxIEAY2eQ_clip0069_t00428.mp4
eamxIEAY2eQ_clip0070_t00438,eamxIEAY2eQ,438.914,443.914,5.0,1.0,1.0,7.92,/kaggle/working/clips/tier1/eamxIEAY2eQ_clip0070_t00438.mp4
eamxIEAY2eQ_clip0071_t00442,eamxIEAY2eQ,442.914,447.914,5.0,1.0,1.0,7.82,/kaggle/working/clips/tier1/eamxIEAY2eQ_clip0071_t00442.mp4
eamxIEAY2eQ_clip0072_t00446,eamxIEAY2eQ,446.914,451.914,5.0,1.0,1.0,8.32,/kaggle/working/clips/tier1/eamxIEAY2eQ_clip0072_t00446.mp4
eamxIEAY2eQ_clip0073_t00450,eamxIEAY2eQ,450.914,455.914,5.0,1.0,1.0,8.44,/kaggle/working/clips/tier1/eamxIEAY2eQ_clip0073_t00450.mp4
eamxIEAY2eQ_clip0074_t00454,eamxIEAY2eQ,454.914,459.914,5.0,1.0,1.0,9.18,/kaggle/working/clips/tier1/eamxIEAY2eQ_clip0074_t00454.mp4
eamxIEAY2eQ_clip0075_t00458,eamxIEAY2eQ,458.914,463.914,5.0,1.0,1.0,9.73,/kaggle/working/clips/tier1/eamxIEAY2eQ_clip0075_t00458.mp4
eamxIEAY2eQ_clip0076_t00462,eamxIEAY2eQ,462.914,465.822,2.908,1.0,1.0,8.99,/kaggle/working/clips/tier1/eamxIEAY2eQ_clip0076_t00462.mp4
eamxIEAY2eQ_clip0077_t00465,eamxIEAY2eQ,465.922,470.922,5.0,1.0,1.0,8.92,/kaggle/working/clips/tier1/eamxIEAY2eQ_clip0077_t00465.mp4
eamxIEAY2eQ_clip0078_t00473,eamxIEAY2eQ,473.922,478.922,5.0,0.8,1.0,7.41,/kaggle/working/clips/tier1/eamxIEAY2eQ_clip0078_t00473.mp4
eamxIEAY2eQ_clip0079_t00477,eamxIEAY2eQ,477.922,481.886,3.964,1.0,1.0,7.73,/kaggle/working/clips/tier1/eamxIEAY2eQ_clip0079_t00477.mp4
eamxIEAY2eQ_clip0080_t00485,eamxIEAY2eQ,485.218,489.854,4.636,1.0,1.0,8.83,/kaggle/working/clips/tier1/eamxIEAY2eQ_clip0080_t00485.mp4
eamxIEAY2eQ_clip0081_t00489,eamxIEAY2eQ,489.954,494.43,4.476,1.0,1.0,7.08,/kaggle/working/clips/tier1/eamxIEAY2eQ_clip0081_t00489.mp4
eamxIEAY2eQ_clip0082_t00494,eamxIEAY2eQ,494.53,500.158,5.628,1.0,1.0,8.25,/kaggle/working/clips/tier1/eamxIEAY2eQ_clip0082_t00494.mp4
eamxIEAY2eQ_clip0083_t00500,eamxIEAY2eQ,500.258,504.574,4.316,1.0,1.0,8.76,/kaggle/working/clips/tier1/eamxIEAY2eQ_clip0083_t00500.mp4
eamxIEAY2eQ_clip0084_t00504,eamxIEAY2eQ,504.77,506.814,2.044,1.0,1.0,9.81,/kaggle/working/clips/tier1/eamxIEAY2eQ_clip0084_t00504.mp4
eamxIEAY2eQ_clip0085_t00515,eamxIEAY2eQ,515.938,520.446,4.508,0.8,1.0,7.71,/kaggle/working/clips/tier1/eamxIEAY2eQ_clip0085_t00515.mp4
eamxIEAY2eQ_clip0086_t00520,eamxIEAY2eQ,520.77,524.734,3.964,1.0,1.0,7.58,/kaggle/working/clips/tier1/eamxIEAY2eQ_clip0086_t00520.mp4
eamxIEAY2eQ_clip0087_t00524,eamxIEAY2eQ,524.866,528.99,4.124,1.0,1.0,6.9,/kaggle/working/clips/tier1/eamxIEAY2eQ_clip0087_t00524.mp4
eamxIEAY2eQ_clip0088_t00562,eamxIEAY2eQ,562.114,565.086,2.972,1.0,1.0,9.61,/kaggle/working/clips/tier1/eamxIEAY2eQ_clip0088_t00562.mp4
eamxIEAY2eQ_clip0089_t00565,eamxIEAY2eQ,565.346,568.798,3.452,1.0,1.0,9.25,/kaggle/working/clips/tier1/eamxIEAY2eQ_clip0089_t00565.mp4
eamxIEAY2eQ_clip0090_t00571,eamxIEAY2eQ,571.106,577.054,5.948,1.0,1.0,8.01,/kaggle/working/clips/tier1/eamxIEAY2eQ_clip0090_t00571.mp4
eamxIEAY2eQ_clip0091_t00578,eamxIEAY2eQ,578.338,582.206,3.868,1.0,1.0,8.52,/kaggle/working/clips/tier1/eamxIEAY2eQ_clip0091_t00578.mp4
eamxIEAY2eQ_clip0092_t00582,eamxIEAY2eQ,582.434,587.326,4.892,1.0,1.0,7.48,/kaggle/working/clips/tier1/eamxIEAY2eQ_clip0092_t00582.mp4
eamxIEAY2eQ_clip0093_t00591,eamxIEAY2eQ,591.874,598.334,6.46,1.0,1.0,8.81,/kaggle/working/clips/tier1/eamxIEAY2eQ_clip0093_t00591.mp4
eamxIEAY2eQ_clip0094_t00598,eamxIEAY2eQ,598.882,610.398,11.516,1.0,1.0,8.08,/kaggle/working/clips/tier1/eamxIEAY2eQ_clip0094_t00598.mp4
eamxIEAY2eQ_clip0095_t00610,eamxIEAY2eQ,610.53,613.758,3.228,1.0,1.0,7.71,/kaggle/working/clips/tier1/eamxIEAY2eQ_clip0095_t00610.mp4
eamxIEAY2eQ_clip0096_t00613,eamxIEAY2eQ,613.858,622.206,8.348,1.0,1.0,7.92,/kaggle/working/clips/tier1/eamxIEAY2eQ_clip0096_t00613.mp4
eamxIEAY2eQ_clip0097_t00622,eamxIEAY2eQ,622.53,629.47,6.94,1.0,1.0,7.17,/kaggle/working/clips/tier1/eamxIEAY2eQ_clip0097_t00622.mp4
eamxIEAY2eQ_clip0098_t00629,eamxIEAY2eQ,629.57,632.382,2.812,1.0,1.0,7.49,/kaggle/working/clips/tier1/eamxIEAY2eQ_clip0098_t00629.mp4
eamxIEAY2eQ_clip0099_t00634,eamxIEAY2eQ,634.434,638.974,4.54,1.0,1.0,8.72,/kaggle/working/clips/tier1/eamxIEAY2eQ_clip0099_t00634.mp4
eamxIEAY2eQ_clip0100_t00639,eamxIEAY2eQ,639.074,642.142,3.068,1.0,1.0,6.74,/kaggle/working/clips/tier1/eamxIEAY2eQ_clip0100_t00639.mp4
eamxIEAY2eQ_clip0101_t00642,eamxIEAY2eQ,642.242,645.054,2.812,1.0,1.0,7.11,/kaggle/working/clips/tier1/eamxIEAY2eQ_clip0101_t00642.mp4
eamxIEAY2eQ_clip0102_t00645,eamxIEAY2eQ,645.25,649.054,3.804,1.0,1.0,7.1,/kaggle/working/clips/tier1/eamxIEAY2eQ_clip0102_t00645.mp4
eamxIEAY2eQ_clip0103_t00649,eamxIEAY2eQ,649.954,653.726,3.772,1.0,1.0,6.83,/kaggle/working/clips/tier1/eamxIEAY2eQ_clip0103_t00649.mp4
eamxIEAY2eQ_clip0104_t00653,eamxIEAY2eQ,653.954,656.094,2.14,1.0,1.0,8.76,/kaggle/working/clips/tier1/eamxIEAY2eQ_clip0104_t00653.mp4
eamxIEAY2eQ_clip0105_t00664,eamxIEAY2eQ,664.066,669.066,5.0,0.8,1.0,7.49,/kaggle/working/clips/tier1/eamxIEAY2eQ_clip0105_t00664.mp4
eamxIEAY2eQ_clip0106_t00668,eamxIEAY2eQ,668.066,673.066,5.0,1.0,1.0,8.34,/kaggle/working/clips/tier1/eamxIEAY2eQ_clip0106_t00668.mp4
eamxIEAY2eQ_clip0107_t00672,eamxIEAY2eQ,672.066,677.066,5.0,1.0,1.0,6.87,/kaggle/working/clips/tier1/eamxIEAY2eQ_clip0107_t00672.mp4
eamxIEAY2eQ_clip0108_t00676,eamxIEAY2eQ,676.066,681.066,5.0,1.0,1.0,7.44,/kaggle/working/clips/tier1/eamxIEAY2eQ_clip0108_t00676.mp4
eamxIEAY2eQ_clip0109_t00687,eamxIEAY2eQ,687.586,695.23,7.644,1.0,1.0,6.59,/kaggle/working/clips/tier1/eamxIEAY2eQ_clip0109_t00687.mp4
eamxIEAY2eQ_clip0110_t00695,eamxIEAY2eQ,695.33,697.63,2.3,1.0,1.0,8.9,/kaggle/working/clips/tier1/eamxIEAY2eQ_clip0110_t00695.mp4
eamxIEAY2eQ_clip0111_t00700,eamxIEAY2eQ,700.002,703.582,3.58,1.0,1.0,6.84,/kaggle/working/clips/tier1/eamxIEAY2eQ_clip0111_t00700.mp4
eamxIEAY2eQ_clip0112_t00703,eamxIEAY2eQ,703.714,707.454,3.74,1.0,1.0,7.36,/kaggle/working/clips/tier1/eamxIEAY2eQ_clip0112_t00703.mp4
eamxIEAY2eQ_clip0113_t00707,eamxIEAY2eQ,707.714,718.846,11.132,1.0,1.0,7.97,/kaggle/working/clips/tier1/eamxIEAY2eQ_clip0113_t00707.mp4
eamxIEAY2eQ_clip0114_t00735,eamxIEAY2eQ,735.97,739.518,3.548,1.0,1.0,8.41,/kaggle/working/clips/tier1/eamxIEAY2eQ_clip0114_t00735.mp4
eamxIEAY2eQ_clip0115_t00739,eamxIEAY2eQ,739.746,744.746,5.0,1.0,1.0,7.52,/kaggle/working/clips/tier1/eamxIEAY2eQ_clip0115_t00739.mp4
eamxIEAY2eQ_clip0116_t00743,eamxIEAY2eQ,743.746,748.746,5.0,1.0,1.0,6.58,/kaggle/working/clips/tier1/eamxIEAY2eQ_clip0116_t00743.mp4
eamxIEAY2eQ_clip0117_t00747,eamxIEAY2eQ,747.746,752.702,4.956,1.0,1.0,6.39,/kaggle/working/clips/tier1/eamxIEAY2eQ_clip0117_t00747.mp4
eamxIEAY2eQ_clip0118_t00752,eamxIEAY2eQ,752.802,757.802,5.0,1.0,1.0,8.64,/kaggle/working/clips/tier1/eamxIEAY2eQ_clip0118_t00752.mp4
eamxIEAY2eQ_clip0119_t00756,eamxIEAY2eQ,756.802,761.802,5.0,1.0,1.0,7.22,/kaggle/working/clips/tier1/eamxIEAY2eQ_clip0119_t00756.mp4
eamxIEAY2eQ_clip0120_t00760,eamxIEAY2eQ,760.802,765.802,5.0,1.0,1.0,7.23,/kaggle/working/clips/tier1/eamxIEAY2eQ_clip0120_t00760.mp4
eamxIEAY2eQ_clip0121_t00764,eamxIEAY2eQ,764.802,769.802,5.0,1.0,1.0,7.21,/kaggle/working/clips/tier1/eamxIEAY2eQ_clip0121_t00764.mp4
eamxIEAY2eQ_clip0122_t00771,eamxIEAY2eQ,771.298,777.214,5.916,1.0,1.0,7.59,/kaggle/working/clips/tier1/eamxIEAY2eQ_clip0122_t00771.mp4
eamxIEAY2eQ_clip0123_t00777,eamxIEAY2eQ,777.922,782.922,5.0,1.0,1.0,7.41,/kaggle/working/clips/tier1/eamxIEAY2eQ_clip0123_t00777.mp4
eamxIEAY2eQ_clip0124_t00781,eamxIEAY2eQ,781.922,786.922,5.0,1.0,1.0,6.38,/kaggle/working/clips/tier1/eamxIEAY2eQ_clip0124_t00781.mp4
eamxIEAY2eQ_clip0125_t00785,eamxIEAY2eQ,785.922,790.922,5.0,1.0,1.0,8.33,/kaggle/working/clips/tier1/eamxIEAY2eQ_clip0125_t00785.mp4
eamxIEAY2eQ_clip0126_t00789,eamxIEAY2eQ,789.922,792.446,2.524,1.0,1.0,7.58,/kaggle/working/clips/tier1/eamxIEAY2eQ_clip0126_t00789.mp4
g6hBKVh_7Pk_clip0000_t00012,g6hBKVh_7Pk,12.354,14.75,2.396,1.0,1.0,6.84,/kaggle/working/clips/tier1/g6hBKVh_7Pk_clip0000_t00012.mp4
g6hBKVh_7Pk_clip0001_t00015,g6hBKVh_7Pk,15.074,19.454,4.38,1.0,1.0,6.63,/kaggle/working/clips/tier1/g6hBKVh_7Pk_clip0001_t00015.mp4
g6hBKVh_7Pk_clip0002_t00030,g6hBKVh_7Pk,30.402,32.862,2.46,1.0,1.0,7.81,/kaggle/working/clips/tier1/g6hBKVh_7Pk_clip0002_t00030.mp4
g6hBKVh_7Pk_clip0003_t00051,g6hBKVh_7Pk,51.17,53.342,2.172,1.0,1.0,7.17,/kaggle/working/clips/tier1/g6hBKVh_7Pk_clip0003_t00051.mp4
g6hBKVh_7Pk_clip0004_t00053,g6hBKVh_7Pk,53.57,56.094,2.524,1.0,1.0,7.56,/kaggle/working/clips/tier1/g6hBKVh_7Pk_clip0004_t00053.mp4
g6hBKVh_7Pk_clip0005_t00056,g6hBKVh_7Pk,56.322,59.134,2.812,1.0,1.0,6.59,/kaggle/working/clips/tier1/g6hBKVh_7Pk_clip0005_t00056.mp4
g6hBKVh_7Pk_clip0006_t00059,g6hBKVh_7Pk,59.362,64.734,5.372,1.0,1.0,6.13,/kaggle/working/clips/tier1/g6hBKVh_7Pk_clip0006_t00059.mp4
g6hBKVh_7Pk_clip0007_t00065,g6hBKVh_7Pk,65.026,67.582,2.556,1.0,1.0,7.44,/kaggle/working/clips/tier1/g6hBKVh_7Pk_clip0007_t00065.mp4
g6hBKVh_7Pk_clip0008_t00067,g6hBKVh_7Pk,67.874,70.494,2.62,1.0,1.0,6.55,/kaggle/working/clips/tier1/g6hBKVh_7Pk_clip0008_t00067.mp4
g6hBKVh_7Pk_clip0009_t00071,g6hBKVh_7Pk,71.874,75.358,3.484,1.0,1.0,6.47,/kaggle/working/clips/tier1/g6hBKVh_7Pk_clip0009_t00071.mp4
g6hBKVh_7Pk_clip0010_t00075,g6hBKVh_7Pk,75.554,78.75,3.196,1.0,1.0,6.09,/kaggle/working/clips/tier1/g6hBKVh_7Pk_clip0010_t00075.mp4
g6hBKVh_7Pk_clip0011_t00078,g6hBKVh_7Pk,78.914,81.118,2.204,1.0,1.0,6.0,/kaggle/working/clips/tier1/g6hBKVh_7Pk_clip0011_t00078.mp4
g6hBKVh_7Pk_clip0012_t00091,g6hBKVh_7Pk,91.234,96.234,5.0,1.0,1.0,6.58,/kaggle/working/clips/tier1/g6hBKVh_7Pk_clip0012_t00091.mp4
g6hBKVh_7Pk_clip0013_t00095,g6hBKVh_7Pk,95.234,100.234,5.0,1.0,1.0,6.73,/kaggle/working/clips/tier1/g6hBKVh_7Pk_clip0013_t00095.mp4
g6hBKVh_7Pk_clip0014_t00099,g6hBKVh_7Pk,99.234,104.234,5.0,1.0,1.0,6.22,/kaggle/working/clips/tier1/g6hBKVh_7Pk_clip0014_t00099.mp4
g6hBKVh_7Pk_clip0015_t00119,g6hBKVh_7Pk,119.234,121.79,2.556,1.0,1.0,6.56,/kaggle/working/clips/tier1/g6hBKVh_7Pk_clip0015_t00119.mp4
g6hBKVh_7Pk_clip0016_t00137,g6hBKVh_7Pk,137.922,141.438,3.516,1.0,1.0,5.18,/kaggle/working/clips/tier1/g6hBKVh_7Pk_clip0016_t00137.mp4
g6hBKVh_7Pk_clip0017_t00149,g6hBKVh_7Pk,149.89,154.89,5.0,1.0,1.0,7.09,/kaggle/working/clips/tier1/g6hBKVh_7Pk_clip0017_t00149.mp4
g6hBKVh_7Pk_clip0018_t00165,g6hBKVh_7Pk,165.378,168.51,3.132,1.0,1.0,7.66,/kaggle/working/clips/tier1/g6hBKVh_7Pk_clip0018_t00165.mp4
g6hBKVh_7Pk_clip0019_t00168,g6hBKVh_7Pk,168.642,171.102,2.46,1.0,1.0,6.34,/kaggle/working/clips/tier1/g6hBKVh_7Pk_clip0019_t00168.mp4
g6hBKVh_7Pk_clip0020_t00171,g6hBKVh_7Pk,171.234,174.174,2.94,1.0,1.0,6.89,/kaggle/working/clips/tier1/g6hBKVh_7Pk_clip0020_t00171.mp4
g6hBKVh_7Pk_clip0021_t00174,g6hBKVh_7Pk,174.338,177.342,3.004,1.0,1.0,6.9,/kaggle/working/clips/tier1/g6hBKVh_7Pk_clip0021_t00174.mp4
g6hBKVh_7Pk_clip0022_t00177,g6hBKVh_7Pk,177.442,180.254,2.812,1.0,1.0,6.32,/kaggle/working/clips/tier1/g6hBKVh_7Pk_clip0022_t00177.mp4
g6hBKVh_7Pk_clip0023_t00180,g6hBKVh_7Pk,180.354,183.038,2.684,1.0,1.0,5.43,/kaggle/working/clips/tier1/g6hBKVh_7Pk_clip0023_t00180.mp4
g6hBKVh_7Pk_clip0024_t00183,g6hBKVh_7Pk,183.202,185.982,2.78,1.0,1.0,6.6,/kaggle/working/clips/tier1/g6hBKVh_7Pk_clip0024_t00183.mp4
g6hBKVh_7Pk_clip0025_t00186,g6hBKVh_7Pk,186.466,192.062,5.596,1.0,1.0,6.45,/kaggle/working/clips/tier1/g6hBKVh_7Pk_clip0025_t00186.mp4
g6hBKVh_7Pk_clip0026_t00193,g6hBKVh_7Pk,193.314,202.366,9.052,1.0,1.0,6.99,/kaggle/working/clips/tier1/g6hBKVh_7Pk_clip0026_t00193.mp4
g6hBKVh_7Pk_clip0027_t00202,g6hBKVh_7Pk,202.466,210.558,8.092,1.0,1.0,6.81,/kaggle/working/clips/tier1/g6hBKVh_7Pk_clip0027_t00202.mp4
g6hBKVh_7Pk_clip0028_t00229,g6hBKVh_7Pk,229.09,234.09,5.0,1.0,1.0,6.57,/kaggle/working/clips/tier1/g6hBKVh_7Pk_clip0028_t00229.mp4
g6hBKVh_7Pk_clip0029_t00246,g6hBKVh_7Pk,246.466,251.466,5.0,1.0,1.0,6.46,/kaggle/working/clips/tier1/g6hBKVh_7Pk_clip0029_t00246.mp4
g6hBKVh_7Pk_clip0030_t00250,g6hBKVh_7Pk,250.466,255.466,5.0,1.0,1.0,6.95,/kaggle/working/clips/tier1/g6hBKVh_7Pk_clip0030_t00250.mp4
g6hBKVh_7Pk_clip0031_t00254,g6hBKVh_7Pk,254.466,259.466,5.0,1.0,1.0,6.94,/kaggle/working/clips/tier1/g6hBKVh_7Pk_clip0031_t00254.mp4
g6hBKVh_7Pk_clip0032_t00258,g6hBKVh_7Pk,258.466,263.466,5.0,1.0,1.0,6.72,/kaggle/working/clips/tier1/g6hBKVh_7Pk_clip0032_t00258.mp4
g6hBKVh_7Pk_clip0033_t00262,g6hBKVh_7Pk,262.466,267.466,5.0,1.0,1.0,6.72,/kaggle/working/clips/tier1/g6hBKVh_7Pk_clip0033_t00262.mp4
g6hBKVh_7Pk_clip0034_t00266,g6hBKVh_7Pk,266.466,269.726,3.26,1.0,1.0,6.52,/kaggle/working/clips/tier1/g6hBKVh_7Pk_clip0034_t00266.mp4
g6hBKVh_7Pk_clip0035_t00272,g6hBKVh_7Pk,272.962,275.934,2.972,1.0,1.0,7.77,/kaggle/working/clips/tier1/g6hBKVh_7Pk_clip0035_t00272.mp4
g6hBKVh_7Pk_clip0036_t00276,g6hBKVh_7Pk,276.194,278.398,2.204,1.0,1.0,6.64,/kaggle/working/clips/tier1/g6hBKVh_7Pk_clip0036_t00276.mp4
g6hBKVh_7Pk_clip0037_t00280,g6hBKVh_7Pk,280.546,283.678,3.132,1.0,1.0,5.77,/kaggle/working/clips/tier1/g6hBKVh_7Pk_clip0037_t00280.mp4
g6hBKVh_7Pk_clip0038_t00283,g6hBKVh_7Pk,283.81,286.334,2.524,1.0,1.0,5.74,/kaggle/working/clips/tier1/g6hBKVh_7Pk_clip0038_t00283.mp4
g6hBKVh_7Pk_clip0039_t00288,g6hBKVh_7Pk,288.034,291.454,3.42,1.0,1.0,5.92,/kaggle/working/clips/tier1/g6hBKVh_7Pk_clip0039_t00288.mp4
g6hBKVh_7Pk_clip0040_t00294,g6hBKVh_7Pk,294.658,297.374,2.716,1.0,1.0,6.72,/kaggle/working/clips/tier1/g6hBKVh_7Pk_clip0040_t00294.mp4
g6hBKVh_7Pk_clip0041_t00297,g6hBKVh_7Pk,297.57,299.87,2.3,1.0,1.0,6.72,/kaggle/working/clips/tier1/g6hBKVh_7Pk_clip0041_t00297.mp4
g6hBKVh_7Pk_clip0042_t00302,g6hBKVh_7Pk,302.402,306.398,3.996,1.0,1.0,6.31,/kaggle/working/clips/tier1/g6hBKVh_7Pk_clip0042_t00302.mp4
g6hBKVh_7Pk_clip0043_t00306,g6hBKVh_7Pk,306.626,308.766,2.14,1.0,1.0,5.58,/kaggle/working/clips/tier1/g6hBKVh_7Pk_clip0043_t00306.mp4
g6hBKVh_7Pk_clip0044_t00308,g6hBKVh_7Pk,308.93,312.51,3.58,1.0,1.0,6.06,/kaggle/working/clips/tier1/g6hBKVh_7Pk_clip0044_t00308.mp4
g6hBKVh_7Pk_clip0045_t00312,g6hBKVh_7Pk,312.866,315.742,2.876,1.0,1.0,6.6,/kaggle/working/clips/tier1/g6hBKVh_7Pk_clip0045_t00312.mp4
g6hBKVh_7Pk_clip0046_t00317,g6hBKVh_7Pk,317.378,320.958,3.58,1.0,1.0,6.06,/kaggle/working/clips/tier1/g6hBKVh_7Pk_clip0046_t00317.mp4
g6hBKVh_7Pk_clip0047_t00331,g6hBKVh_7Pk,331.426,334.878,3.452,1.0,1.0,7.04,/kaggle/working/clips/tier1/g6hBKVh_7Pk_clip0047_t00331.mp4
g6hBKVh_7Pk_clip0048_t00335,g6hBKVh_7Pk,335.042,338.174,3.132,1.0,1.0,6.87,/kaggle/working/clips/tier1/g6hBKVh_7Pk_clip0048_t00335.mp4
g6hBKVh_7Pk_clip0049_t00339,g6hBKVh_7Pk,339.522,342.846,3.324,1.0,1.0,6.57,/kaggle/working/clips/tier1/g6hBKVh_7Pk_clip0049_t00339.mp4
g6hBKVh_7Pk_clip0050_t00343,g6hBKVh_7Pk,343.01,345.662,2.652,1.0,1.0,5.9,/kaggle/working/clips/tier1/g6hBKVh_7Pk_clip0050_t00343.mp4
g6hBKVh_7Pk_clip0051_t00351,g6hBKVh_7Pk,351.394,355.07,3.676,1.0,1.0,6.13,/kaggle/working/clips/tier1/g6hBKVh_7Pk_clip0051_t00351.mp4
g6hBKVh_7Pk_clip0052_t00365,g6hBKVh_7Pk,365.89,370.89,5.0,1.0,1.0,6.41,/kaggle/working/clips/tier1/g6hBKVh_7Pk_clip0052_t00365.mp4
g6hBKVh_7Pk_clip0053_t00405,g6hBKVh_7Pk,405.602,412.446,6.844,1.0,1.0,7.95,/kaggle/working/clips/tier1/g6hBKVh_7Pk_clip0053_t00405.mp4
g6hBKVh_7Pk_clip0054_t00463,g6hBKVh_7Pk,463.874,466.782,2.908,1.0,1.0,7.98,/kaggle/working/clips/tier1/g6hBKVh_7Pk_clip0054_t00463.mp4
g6hBKVh_7Pk_clip0055_t00467,g6hBKVh_7Pk,467.554,469.854,2.3,1.0,1.0,6.75,/kaggle/working/clips/tier1/g6hBKVh_7Pk_clip0055_t00467.mp4
g6hBKVh_7Pk_clip0056_t00476,g6hBKVh_7Pk,476.194,479.358,3.164,1.0,1.0,6.92,/kaggle/working/clips/tier1/g6hBKVh_7Pk_clip0056_t00476.mp4
g6hBKVh_7Pk_clip0057_t00493,g6hBKVh_7Pk,493.186,500.83,7.644,0.857,1.0,4.55,/kaggle/working/clips/tier1/g6hBKVh_7Pk_clip0057_t00493.mp4
g6hBKVh_7Pk_clip0058_t00517,g6hBKVh_7Pk,517.666,520.606,2.94,1.0,1.0,6.77,/kaggle/working/clips/tier1/g6hBKVh_7Pk_clip0058_t00517.mp4
g6hBKVh_7Pk_clip0059_t00522,g6hBKVh_7Pk,522.69,529.086,6.396,1.0,1.0,5.44,/kaggle/working/clips/tier1/g6hBKVh_7Pk_clip0059_t00522.mp4
g6hBKVh_7Pk_clip0060_t00558,g6hBKVh_7Pk,558.082,563.082,5.0,1.0,1.0,5.53,/kaggle/working/clips/tier1/g6hBKVh_7Pk_clip0060_t00558.mp4
g6hBKVh_7Pk_clip0061_t00570,g6hBKVh_7Pk,570.082,572.766,2.684,1.0,1.0,4.55,/kaggle/working/clips/tier1/g6hBKVh_7Pk_clip0061_t00570.mp4
g6hBKVh_7Pk_clip0062_t00590,g6hBKVh_7Pk,590.434,594.878,4.444,1.0,1.0,6.33,/kaggle/working/clips/tier1/g6hBKVh_7Pk_clip0062_t00590.mp4
g6hBKVh_7Pk_clip0063_t00595,g6hBKVh_7Pk,595.01,597.086,2.076,1.0,1.0,5.42,/kaggle/working/clips/tier1/g6hBKVh_7Pk_clip0063_t00595.mp4
g6hBKVh_7Pk_clip0064_t00597,g6hBKVh_7Pk,597.634,601.086,3.452,1.0,1.0,5.97,/kaggle/working/clips/tier1/g6hBKVh_7Pk_clip0064_t00597.mp4
g6hBKVh_7Pk_clip0065_t00603,g6hBKVh_7Pk,603.778,607.71,3.932,1.0,1.0,6.14,/kaggle/working/clips/tier1/g6hBKVh_7Pk_clip0065_t00603.mp4
g6hBKVh_7Pk_clip0066_t00639,g6hBKVh_7Pk,639.746,644.746,5.0,1.0,1.0,4.59,/kaggle/working/clips/tier1/g6hBKVh_7Pk_clip0066_t00639.mp4
g6hBKVh_7Pk_clip0067_t00666,g6hBKVh_7Pk,666.722,669.054,2.332,1.0,1.0,6.88,/kaggle/working/clips/tier1/g6hBKVh_7Pk_clip0067_t00666.mp4
g6hBKVh_7Pk_clip0068_t00669,g6hBKVh_7Pk,669.314,673.694,4.38,1.0,1.0,6.46,/kaggle/working/clips/tier1/g6hBKVh_7Pk_clip0068_t00669.mp4
g6hBKVh_7Pk_clip0069_t00674,g6hBKVh_7Pk,674.05,679.39,5.34,1.0,1.0,6.14,/kaggle/working/clips/tier1/g6hBKVh_7Pk_clip0069_t00674.mp4
g6hBKVh_7Pk_clip0070_t00679,g6hBKVh_7Pk,679.682,683.902,4.22,1.0,1.0,6.03,/kaggle/working/clips/tier1/g6hBKVh_7Pk_clip0070_t00679.mp4
g6hBKVh_7Pk_clip0071_t00735,g6hBKVh_7Pk,735.682,740.286,4.604,1.0,1.0,6.95,/kaggle/working/clips/tier1/g6hBKVh_7Pk_clip0071_t00735.mp4
g6hBKVh_7Pk_clip0072_t00740,g6hBKVh_7Pk,740.386,743.934,3.548,1.0,1.0,6.37,/kaggle/working/clips/tier1/g6hBKVh_7Pk_clip0072_t00740.mp4
g6hBKVh_7Pk_clip0073_t00744,g6hBKVh_7Pk,744.354,748.286,3.932,1.0,1.0,6.31,/kaggle/working/clips/tier1/g6hBKVh_7Pk_clip0073_t00744.mp4
g6hBKVh_7Pk_clip0074_t00748,g6hBKVh_7Pk,748.418,750.59,2.172,1.0,1.0,5.26,/kaggle/working/clips/tier1/g6hBKVh_7Pk_clip0074_t00748.mp4
g6hBKVh_7Pk_clip0075_t00761,g6hBKVh_7Pk,761.73,764.638,2.908,1.0,1.0,5.82,/kaggle/working/clips/tier1/g6hBKVh_7Pk_clip0075_t00761.mp4
g6hBKVh_7Pk_clip0076_t00767,g6hBKVh_7Pk,767.202,773.822,6.62,1.0,1.0,5.45,/kaggle/working/clips/tier1/g6hBKVh_7Pk_clip0076_t00767.mp4
g6hBKVh_7Pk_clip0077_t00777,g6hBKVh_7Pk,777.154,782.174,5.02,1.0,1.0,5.56,/kaggle/working/clips/tier1/g6hBKVh_7Pk_clip0077_t00777.mp4
g6hBKVh_7Pk_clip0078_t00782,g6hBKVh_7Pk,782.722,785.758,3.036,1.0,1.0,5.12,/kaggle/working/clips/tier1/g6hBKVh_7Pk_clip0078_t00782.mp4
g6hBKVh_7Pk_clip0079_t00786,g6hBKVh_7Pk,786.466,788.51,2.044,1.0,1.0,6.08,/kaggle/working/clips/tier1/g6hBKVh_7Pk_clip0079_t00786.mp4
g6hBKVh_7Pk_clip0080_t00800,g6hBKVh_7Pk,800.034,810.718,10.684,1.0,1.0,5.1,/kaggle/working/clips/tier1/g6hBKVh_7Pk_clip0080_t00800.mp4
g6hBKVh_7Pk_clip0081_t00810,g6hBKVh_7Pk,810.946,814.846,3.9,1.0,1.0,3.32,/kaggle/working/clips/tier1/g6hBKVh_7Pk_clip0081_t00810.mp4
g6hBKVh_7Pk_clip0082_t00815,g6hBKVh_7Pk,815.01,819.87,4.86,1.0,1.0,3.19,/kaggle/working/clips/tier1/g6hBKVh_7Pk_clip0082_t00815.mp4
g6hBKVh_7Pk_clip0083_t00819,g6hBKVh_7Pk,819.97,824.958,4.988,1.0,1.0,2.72,/kaggle/working/clips/tier1/g6hBKVh_7Pk_clip0083_t00819.mp4
g6hBKVh_7Pk_clip0084_t00830,g6hBKVh_7Pk,830.786,834.526,3.74,1.0,1.0,5.92,/kaggle/working/clips/tier1/g6hBKVh_7Pk_clip0084_t00830.mp4
g6hBKVh_7Pk_clip0085_t00849,g6hBKVh_7Pk,849.762,854.366,4.604,1.0,1.0,5.23,/kaggle/working/clips/tier1/g6hBKVh_7Pk_clip0085_t00849.mp4
g6hBKVh_7Pk_clip0086_t00859,g6hBKVh_7Pk,859.778,864.51,4.732,1.0,1.0,4.69,/kaggle/working/clips/tier1/g6hBKVh_7Pk_clip0086_t00859.mp4
g6hBKVh_7Pk_clip0087_t00865,g6hBKVh_7Pk,865.058,869.95,4.892,1.0,1.0,4.59,/kaggle/working/clips/tier1/g6hBKVh_7Pk_clip0087_t00865.mp4
g6hBKVh_7Pk_clip0088_t00870,g6hBKVh_7Pk,870.114,873.438,3.324,1.0,1.0,3.21,/kaggle/working/clips/tier1/g6hBKVh_7Pk_clip0088_t00870.mp4
g6hBKVh_7Pk_clip0089_t00874,g6hBKVh_7Pk,874.114,879.114,5.0,1.0,1.0,4.41,/kaggle/working/clips/tier1/g6hBKVh_7Pk_clip0089_t00874.mp4
g6hBKVh_7Pk_clip0090_t00878,g6hBKVh_7Pk,878.114,883.114,5.0,1.0,1.0,4.12,/kaggle/working/clips/tier1/g6hBKVh_7Pk_clip0090_t00878.mp4
g6hBKVh_7Pk_clip0091_t00882,g6hBKVh_7Pk,882.114,887.114,5.0,1.0,1.0,2.51,/kaggle/working/clips/tier1/g6hBKVh_7Pk_clip0091_t00882.mp4
g6hBKVh_7Pk_clip0092_t00886,g6hBKVh_7Pk,886.114,889.726,3.612,1.0,1.0,2.91,/kaggle/working/clips/tier1/g6hBKVh_7Pk_clip0092_t00886.mp4
g6hBKVh_7Pk_clip0093_t00911,g6hBKVh_7Pk,911.362,914.11,2.748,1.0,1.0,7.32,/kaggle/working/clips/tier1/g6hBKVh_7Pk_clip0093_t00911.mp4
g6hBKVh_7Pk_clip0094_t00914,g6hBKVh_7Pk,914.21,918.366,4.156,1.0,1.0,6.79,/kaggle/working/clips/tier1/g6hBKVh_7Pk_clip0094_t00914.mp4
g6hBKVh_7Pk_clip0095_t00919,g6hBKVh_7Pk,919.714,922.974,3.26,1.0,1.0,5.98,/kaggle/working/clips/tier1/g6hBKVh_7Pk_clip0095_t00919.mp4
g6hBKVh_7Pk_clip0096_t00991,g6hBKVh_7Pk,991.458,993.662,2.204,1.0,1.0,7.49,/kaggle/working/clips/tier1/g6hBKVh_7Pk_clip0096_t00991.mp4
g6hBKVh_7Pk_clip0097_t00996,g6hBKVh_7Pk,996.034,999.23,3.196,1.0,1.0,6.69,/kaggle/working/clips/tier1/g6hBKVh_7Pk_clip0097_t00996.mp4
g6hBKVh_7Pk_clip0098_t01000,g6hBKVh_7Pk,1000.354,1003.486,3.132,1.0,1.0,6.55,/kaggle/working/clips/tier1/g6hBKVh_7Pk_clip0098_t01000.mp4
g6hBKVh_7Pk_clip0099_t01004,g6hBKVh_7Pk,1004.61,1006.654,2.044,1.0,1.0,6.87,/kaggle/working/clips/tier1/g6hBKVh_7Pk_clip0099_t01004.mp4
g6hBKVh_7Pk_clip0100_t01006,g6hBKVh_7Pk,1006.818,1009.886,3.068,1.0,1.0,6.18,/kaggle/working/clips/tier1/g6hBKVh_7Pk_clip0100_t01006.mp4
g6hBKVh_7Pk_clip0101_t01010,g6hBKVh_7Pk,1010.018,1012.894,2.876,1.0,1.0,4.92,/kaggle/working/clips/tier1/g6hBKVh_7Pk_clip0101_t01010.mp4
g6hBKVh_7Pk_clip0102_t01060,g6hBKVh_7Pk,1060.098,1063.998,3.9,1.0,1.0,7.54,/kaggle/working/clips/tier1/g6hBKVh_7Pk_clip0102_t01060.mp4
g6hBKVh_7Pk_clip0103_t01065,g6hBKVh_7Pk,1065.122,1068.094,2.972,1.0,1.0,7.47,/kaggle/working/clips/tier1/g6hBKVh_7Pk_clip0103_t01065.mp4
g6hBKVh_7Pk_clip0104_t01101,g6hBKVh_7Pk,1101.506,1103.966,2.46,1.0,1.0,6.82,/kaggle/working/clips/tier1/g6hBKVh_7Pk_clip0104_t01101.mp4
g6hBKVh_7Pk_clip0105_t01116,g6hBKVh_7Pk,1116.162,1118.782,2.62,1.0,1.0,6.85,/kaggle/working/clips/tier1/g6hBKVh_7Pk_clip0105_t01116.mp4
g6hBKVh_7Pk_clip0106_t01118,g6hBKVh_7Pk,1118.946,1126.43,7.484,1.0,1.0,7.12,/kaggle/working/clips/tier1/g6hBKVh_7Pk_clip0106_t01118.mp4
g6hBKVh_7Pk_clip0107_t01168,g6hBKVh_7Pk,1168.418,1170.43,2.012,1.0,1.0,5.67,/kaggle/working/clips/tier1/g6hBKVh_7Pk_clip0107_t01168.mp4
g6hBKVh_7Pk_clip0108_t01173,g6hBKVh_7Pk,1173.122,1176.734,3.612,1.0,1.0,6.8,/kaggle/working/clips/tier1/g6hBKVh_7Pk_clip0108_t01173.mp4
g6hBKVh_7Pk_clip0109_t01177,g6hBKVh_7Pk,1177.186,1180.222,3.036,1.0,1.0,6.0,/kaggle/working/clips/tier1/g6hBKVh_7Pk_clip0109_t01177.mp4
g6hBKVh_7Pk_clip0110_t01181,g6hBKVh_7Pk,1181.762,1183.902,2.14,1.0,1.0,6.26,/kaggle/working/clips/tier1/g6hBKVh_7Pk_clip0110_t01181.mp4
g6hBKVh_7Pk_clip0111_t01184,g6hBKVh_7Pk,1184.13,1186.622,2.492,1.0,1.0,6.57,/kaggle/working/clips/tier1/g6hBKVh_7Pk_clip0111_t01184.mp4
g6hBKVh_7Pk_clip0112_t01187,g6hBKVh_7Pk,1187.042,1189.246,2.204,1.0,1.0,6.55,/kaggle/working/clips/tier1/g6hBKVh_7Pk_clip0112_t01187.mp4
g6hBKVh_7Pk_clip0113_t01189,g6hBKVh_7Pk,1189.442,1193.278,3.836,1.0,1.0,5.02,/kaggle/working/clips/tier1/g6hBKVh_7Pk_clip0113_t01189.mp4
gHsxuixSqz0_clip0000_t00014,gHsxuixSqz0,14.37,19.102,4.732,1.0,1.0,5.43,/kaggle/working/clips/tier1/gHsxuixSqz0_clip0000_t00014.mp4
gHsxuixSqz0_clip0001_t00045,gHsxuixSqz0,45.73,50.73,5.0,1.0,1.0,6.76,/kaggle/working/clips/tier1/gHsxuixSqz0_clip0001_t00045.mp4
gHsxuixSqz0_clip0002_t00049,gHsxuixSqz0,49.73,54.73,5.0,1.0,1.0,7.82,/kaggle/working/clips/tier1/gHsxuixSqz0_clip0002_t00049.mp4
gHsxuixSqz0_clip0003_t00053,gHsxuixSqz0,53.73,58.73,5.0,1.0,1.0,7.58,/kaggle/working/clips/tier1/gHsxuixSqz0_clip0003_t00053.mp4
gHsxuixSqz0_clip0004_t00060,gHsxuixSqz0,60.386,65.918,5.532,1.0,1.0,8.78,/kaggle/working/clips/tier1/gHsxuixSqz0_clip0004_t00060.mp4
gHsxuixSqz0_clip0005_t00076,gHsxuixSqz0,76.29,81.29,5.0,1.0,1.0,9.12,/kaggle/working/clips/tier1/gHsxuixSqz0_clip0005_t00076.mp4
gHsxuixSqz0_clip0006_t00080,gHsxuixSqz0,80.29,85.29,5.0,1.0,1.0,8.02,/kaggle/working/clips/tier1/gHsxuixSqz0_clip0006_t00080.mp4
gHsxuixSqz0_clip0007_t00104,gHsxuixSqz0,104.77,109.77,5.0,1.0,1.0,9.64,/kaggle/working/clips/tier1/gHsxuixSqz0_clip0007_t00104.mp4
gHsxuixSqz0_clip0008_t00108,gHsxuixSqz0,108.77,113.342,4.572,1.0,1.0,9.08,/kaggle/working/clips/tier1/gHsxuixSqz0_clip0008_t00108.mp4
gHsxuixSqz0_clip0009_t00113,gHsxuixSqz0,113.634,118.634,5.0,1.0,1.0,10.17,/kaggle/working/clips/tier1/gHsxuixSqz0_clip0009_t00113.mp4
gHsxuixSqz0_clip0010_t00117,gHsxuixSqz0,117.634,122.634,5.0,1.0,1.0,9.6,/kaggle/working/clips/tier1/gHsxuixSqz0_clip0010_t00117.mp4
gHsxuixSqz0_clip0011_t00132,gHsxuixSqz0,132.514,137.514,5.0,1.0,1.0,8.84,/kaggle/working/clips/tier1/gHsxuixSqz0_clip0011_t00132.mp4
gHsxuixSqz0_clip0012_t00136,gHsxuixSqz0,136.514,141.514,5.0,1.0,1.0,10.17,/kaggle/working/clips/tier1/gHsxuixSqz0_clip0012_t00136.mp4
gHsxuixSqz0_clip0013_t00140,gHsxuixSqz0,140.514,145.514,5.0,1.0,1.0,9.35,/kaggle/working/clips/tier1/gHsxuixSqz0_clip0013_t00140.mp4
gHsxuixSqz0_clip0014_t00144,gHsxuixSqz0,144.514,149.514,5.0,1.0,1.0,8.39,/kaggle/working/clips/tier1/gHsxuixSqz0_clip0014_t00144.mp4
gHsxuixSqz0_clip0015_t00170,gHsxuixSqz0,170.242,175.242,5.0,1.0,1.0,8.62,/kaggle/working/clips/tier1/gHsxuixSqz0_clip0015_t00170.mp4
gHsxuixSqz0_clip0016_t00174,gHsxuixSqz0,174.242,179.242,5.0,1.0,1.0,7.91,/kaggle/working/clips/tier1/gHsxuixSqz0_clip0016_t00174.mp4
gHsxuixSqz0_clip0017_t00178,gHsxuixSqz0,178.242,182.27,4.028,1.0,1.0,5.56,/kaggle/working/clips/tier1/gHsxuixSqz0_clip0017_t00178.mp4
gHsxuixSqz0_clip0018_t00205,gHsxuixSqz0,205.09,210.09,5.0,1.0,1.0,7.0,/kaggle/working/clips/tier1/gHsxuixSqz0_clip0018_t00205.mp4
gHsxuixSqz0_clip0019_t00209,gHsxuixSqz0,209.09,214.09,5.0,1.0,1.0,7.59,/kaggle/working/clips/tier1/gHsxuixSqz0_clip0019_t00209.mp4
gHsxuixSqz0_clip0020_t00213,gHsxuixSqz0,213.09,218.09,5.0,1.0,1.0,8.43,/kaggle/working/clips/tier1/gHsxuixSqz0_clip0020_t00213.mp4
gHsxuixSqz0_clip0021_t00219,gHsxuixSqz0,219.81,223.934,4.124,1.0,1.0,5.84,/kaggle/working/clips/tier1/gHsxuixSqz0_clip0021_t00219.mp4
gHsxuixSqz0_clip0022_t00229,gHsxuixSqz0,229.442,234.442,5.0,1.0,1.0,9.18,/kaggle/working/clips/tier1/gHsxuixSqz0_clip0022_t00229.mp4
gHsxuixSqz0_clip0023_t00248,gHsxuixSqz0,248.194,253.194,5.0,1.0,1.0,7.38,/kaggle/working/clips/tier1/gHsxuixSqz0_clip0023_t00248.mp4
gHsxuixSqz0_clip0024_t00267,gHsxuixSqz0,267.65,272.65,5.0,1.0,1.0,8.29,/kaggle/working/clips/tier1/gHsxuixSqz0_clip0024_t00267.mp4
gHsxuixSqz0_clip0025_t00271,gHsxuixSqz0,271.65,276.65,5.0,1.0,1.0,5.28,/kaggle/working/clips/tier1/gHsxuixSqz0_clip0025_t00271.mp4
gHsxuixSqz0_clip0026_t00275,gHsxuixSqz0,275.65,280.65,5.0,1.0,1.0,6.35,/kaggle/working/clips/tier1/gHsxuixSqz0_clip0026_t00275.mp4
gHsxuixSqz0_clip0027_t00279,gHsxuixSqz0,279.65,284.65,5.0,1.0,1.0,7.37,/kaggle/working/clips/tier1/gHsxuixSqz0_clip0027_t00279.mp4
gHsxuixSqz0_clip0028_t00286,gHsxuixSqz0,286.21,291.742,5.532,1.0,1.0,6.76,/kaggle/working/clips/tier1/gHsxuixSqz0_clip0028_t00286.mp4
gHsxuixSqz0_clip0029_t00293,gHsxuixSqz0,293.154,298.154,5.0,1.0,1.0,7.04,/kaggle/working/clips/tier1/gHsxuixSqz0_clip0029_t00293.mp4
gHsxuixSqz0_clip0030_t00297,gHsxuixSqz0,297.154,302.154,5.0,1.0,1.0,6.93,/kaggle/working/clips/tier1/gHsxuixSqz0_clip0030_t00297.mp4
gHsxuixSqz0_clip0031_t00301,gHsxuixSqz0,301.154,305.662,4.508,1.0,1.0,7.88,/kaggle/working/clips/tier1/gHsxuixSqz0_clip0031_t00301.mp4
gHsxuixSqz0_clip0032_t00306,gHsxuixSqz0,306.082,312.286,6.204,1.0,1.0,7.21,/kaggle/working/clips/tier1/gHsxuixSqz0_clip0032_t00306.mp4
gHsxuixSqz0_clip0033_t00320,gHsxuixSqz0,320.482,325.482,5.0,1.0,1.0,7.57,/kaggle/working/clips/tier1/gHsxuixSqz0_clip0033_t00320.mp4
gHsxuixSqz0_clip0034_t00337,gHsxuixSqz0,337.602,342.602,5.0,1.0,1.0,7.43,/kaggle/working/clips/tier1/gHsxuixSqz0_clip0034_t00337.mp4
gHsxuixSqz0_clip0035_t00341,gHsxuixSqz0,341.602,346.602,5.0,1.0,1.0,8.4,/kaggle/working/clips/tier1/gHsxuixSqz0_clip0035_t00341.mp4
gHsxuixSqz0_clip0036_t00357,gHsxuixSqz0,357.89,362.89,5.0,1.0,1.0,8.42,/kaggle/working/clips/tier1/gHsxuixSqz0_clip0036_t00357.mp4
gHsxuixSqz0_clip0037_t00361,gHsxuixSqz0,361.89,366.89,5.0,1.0,1.0,8.44,/kaggle/working/clips/tier1/gHsxuixSqz0_clip0037_t00361.mp4
gHsxuixSqz0_clip0038_t00365,gHsxuixSqz0,365.89,370.89,5.0,1.0,1.0,7.89,/kaggle/working/clips/tier1/gHsxuixSqz0_clip0038_t00365.mp4
gHsxuixSqz0_clip0039_t00372,gHsxuixSqz0,372.322,377.322,5.0,1.0,1.0,7.51,/kaggle/working/clips/tier1/gHsxuixSqz0_clip0039_t00372.mp4
gHsxuixSqz0_clip0040_t00384,gHsxuixSqz0,384.322,389.322,5.0,1.0,1.0,8.0,/kaggle/working/clips/tier1/gHsxuixSqz0_clip0040_t00384.mp4
gHsxuixSqz0_clip0041_t00388,gHsxuixSqz0,388.322,393.322,5.0,1.0,1.0,6.73,/kaggle/working/clips/tier1/gHsxuixSqz0_clip0041_t00388.mp4
gHsxuixSqz0_clip0042_t00427,gHsxuixSqz0,427.266,432.266,5.0,1.0,1.0,8.29,/kaggle/working/clips/tier1/gHsxuixSqz0_clip0042_t00427.mp4
gHsxuixSqz0_clip0043_t00431,gHsxuixSqz0,431.266,436.266,5.0,1.0,1.0,6.8,/kaggle/working/clips/tier1/gHsxuixSqz0_clip0043_t00431.mp4
gHsxuixSqz0_clip0044_t00435,gHsxuixSqz0,435.266,440.266,5.0,1.0,1.0,5.84,/kaggle/working/clips/tier1/gHsxuixSqz0_clip0044_t00435.mp4
gHsxuixSqz0_clip0045_t00476,gHsxuixSqz0,476.706,481.706,5.0,1.0,1.0,7.93,/kaggle/working/clips/tier1/gHsxuixSqz0_clip0045_t00476.mp4
gHsxuixSqz0_clip0046_t00480,gHsxuixSqz0,480.706,485.706,5.0,1.0,1.0,8.03,/kaggle/working/clips/tier1/gHsxuixSqz0_clip0046_t00480.mp4
gHsxuixSqz0_clip0047_t00492,gHsxuixSqz0,492.706,496.062,3.356,1.0,1.0,5.96,/kaggle/working/clips/tier1/gHsxuixSqz0_clip0047_t00492.mp4
gHsxuixSqz0_clip0048_t00520,gHsxuixSqz0,520.866,525.866,5.0,1.0,1.0,10.09,/kaggle/working/clips/tier1/gHsxuixSqz0_clip0048_t00520.mp4
gHsxuixSqz0_clip0049_t00524,gHsxuixSqz0,524.866,529.866,5.0,1.0,1.0,9.53,/kaggle/working/clips/tier1/gHsxuixSqz0_clip0049_t00524.mp4
gHsxuixSqz0_clip0050_t00528,gHsxuixSqz0,528.866,533.866,5.0,1.0,1.0,9.93,/kaggle/working/clips/tier1/gHsxuixSqz0_clip0050_t00528.mp4
gHsxuixSqz0_clip0051_t00532,gHsxuixSqz0,532.866,537.866,5.0,1.0,1.0,10.03,/kaggle/working/clips/tier1/gHsxuixSqz0_clip0051_t00532.mp4
gHsxuixSqz0_clip0052_t00536,gHsxuixSqz0,536.866,540.766,3.9,1.0,1.0,8.67,/kaggle/working/clips/tier1/gHsxuixSqz0_clip0052_t00536.mp4
gHsxuixSqz0_clip0053_t00584,gHsxuixSqz0,584.578,588.254,3.676,1.0,1.0,7.79,/kaggle/working/clips/tier1/gHsxuixSqz0_clip0053_t00584.mp4
gHsxuixSqz0_clip0054_t00619,gHsxuixSqz0,619.202,624.202,5.0,1.0,1.0,8.31,/kaggle/working/clips/tier1/gHsxuixSqz0_clip0054_t00619.mp4
gHsxuixSqz0_clip0055_t00623,gHsxuixSqz0,623.202,627.71,4.508,1.0,1.0,6.04,/kaggle/working/clips/tier1/gHsxuixSqz0_clip0055_t00623.mp4
gHsxuixSqz0_clip0056_t00628,gHsxuixSqz0,628.13,631.518,3.388,1.0,1.0,8.45,/kaggle/working/clips/tier1/gHsxuixSqz0_clip0056_t00628.mp4
gHsxuixSqz0_clip0057_t00636,gHsxuixSqz0,636.77,639.678,2.908,1.0,1.0,4.56,/kaggle/working/clips/tier1/gHsxuixSqz0_clip0057_t00636.mp4
gHsxuixSqz0_clip0058_t00639,gHsxuixSqz0,639.97,642.462,2.492,1.0,1.0,4.7,/kaggle/working/clips/tier1/gHsxuixSqz0_clip0058_t00639.mp4
gHsxuixSqz0_clip0059_t00660,gHsxuixSqz0,660.002,662.014,2.012,1.0,1.0,3.0,/kaggle/working/clips/tier1/gHsxuixSqz0_clip0059_t00660.mp4
gHsxuixSqz0_clip0060_t00669,gHsxuixSqz0,669.538,672.382,2.844,1.0,1.0,2.93,/kaggle/working/clips/tier1/gHsxuixSqz0_clip0060_t00669.mp4
gHsxuixSqz0_clip0061_t00678,gHsxuixSqz0,678.562,681.406,2.844,1.0,1.0,8.28,/kaggle/working/clips/tier1/gHsxuixSqz0_clip0061_t00678.mp4
gHsxuixSqz0_clip0062_t00681,gHsxuixSqz0,681.634,683.646,2.012,1.0,1.0,4.2,/kaggle/working/clips/tier1/gHsxuixSqz0_clip0062_t00681.mp4
gHsxuixSqz0_clip0063_t00683,gHsxuixSqz0,683.746,686.366,2.62,1.0,1.0,4.43,/kaggle/working/clips/tier1/gHsxuixSqz0_clip0063_t00683.mp4
gHsxuixSqz0_clip0064_t00689,gHsxuixSqz0,689.666,692.254,2.588,1.0,1.0,5.22,/kaggle/working/clips/tier1/gHsxuixSqz0_clip0064_t00689.mp4
gHsxuixSqz0_clip0065_t00694,gHsxuixSqz0,694.402,697.182,2.78,1.0,1.0,6.46,/kaggle/working/clips/tier1/gHsxuixSqz0_clip0065_t00694.mp4
gHsxuixSqz0_clip0066_t00699,gHsxuixSqz0,699.522,703.134,3.612,1.0,1.0,4.53,/kaggle/working/clips/tier1/gHsxuixSqz0_clip0066_t00699.mp4
gHsxuixSqz0_clip0067_t00719,gHsxuixSqz0,719.426,722.174,2.748,1.0,1.0,4.57,/kaggle/working/clips/tier1/gHsxuixSqz0_clip0067_t00719.mp4
gHsxuixSqz0_clip0068_t00744,gHsxuixSqz0,744.034,749.034,5.0,1.0,1.0,7.9,/kaggle/working/clips/tier1/gHsxuixSqz0_clip0068_t00744.mp4
gHsxuixSqz0_clip0069_t00756,gHsxuixSqz0,756.034,759.038,3.004,1.0,1.0,7.99,/kaggle/working/clips/tier1/gHsxuixSqz0_clip0069_t00756.mp4
gHsxuixSqz0_clip0070_t00759,gHsxuixSqz0,759.778,764.778,5.0,1.0,1.0,8.39,/kaggle/working/clips/tier1/gHsxuixSqz0_clip0070_t00759.mp4
gHsxuixSqz0_clip0071_t00763,gHsxuixSqz0,763.778,768.778,5.0,1.0,1.0,6.57,/kaggle/working/clips/tier1/gHsxuixSqz0_clip0071_t00763.mp4
gHsxuixSqz0_clip0072_t00767,gHsxuixSqz0,767.778,772.778,5.0,1.0,1.0,6.73,/kaggle/working/clips/tier1/gHsxuixSqz0_clip0072_t00767.mp4
gHsxuixSqz0_clip0073_t00771,gHsxuixSqz0,771.778,776.778,5.0,1.0,1.0,6.61,/kaggle/working/clips/tier1/gHsxuixSqz0_clip0073_t00771.mp4
gHsxuixSqz0_clip0074_t00808,gHsxuixSqz0,808.002,817.438,9.436,1.0,1.0,3.77,/kaggle/working/clips/tier1/gHsxuixSqz0_clip0074_t00808.mp4
gHsxuixSqz0_clip0075_t00819,gHsxuixSqz0,819.426,825.566,6.14,1.0,1.0,3.27,/kaggle/working/clips/tier1/gHsxuixSqz0_clip0075_t00819.mp4
gHsxuixSqz0_clip0076_t00825,gHsxuixSqz0,825.89,828.926,3.036,1.0,1.0,2.17,/kaggle/working/clips/tier1/gHsxuixSqz0_clip0076_t00825.mp4
gHsxuixSqz0_clip0077_t00831,gHsxuixSqz0,831.682,834.334,2.652,1.0,1.0,1.86,/kaggle/working/clips/tier1/gHsxuixSqz0_clip0077_t00831.mp4
gHsxuixSqz0_clip0078_t00834,gHsxuixSqz0,834.658,837.342,2.684,1.0,1.0,2.29,/kaggle/working/clips/tier1/gHsxuixSqz0_clip0078_t00834.mp4
gHsxuixSqz0_clip0079_t00839,gHsxuixSqz0,839.618,842.686,3.068,1.0,1.0,3.33,/kaggle/working/clips/tier1/gHsxuixSqz0_clip0079_t00839.mp4
gHsxuixSqz0_clip0080_t00844,gHsxuixSqz0,844.61,850.622,6.012,1.0,1.0,4.57,/kaggle/working/clips/tier1/gHsxuixSqz0_clip0080_t00844.mp4
gHsxuixSqz0_clip0081_t00851,gHsxuixSqz0,851.074,856.074,5.0,1.0,1.0,6.54,/kaggle/working/clips/tier1/gHsxuixSqz0_clip0081_t00851.mp4
gHsxuixSqz0_clip0082_t00855,gHsxuixSqz0,855.074,860.074,5.0,1.0,1.0,7.09,/kaggle/working/clips/tier1/gHsxuixSqz0_clip0082_t00855.mp4
gHsxuixSqz0_clip0083_t00859,gHsxuixSqz0,859.074,864.074,5.0,1.0,1.0,6.75,/kaggle/working/clips/tier1/gHsxuixSqz0_clip0083_t00859.mp4
gHsxuixSqz0_clip0084_t00863,gHsxuixSqz0,863.074,868.074,5.0,1.0,1.0,7.83,/kaggle/working/clips/tier1/gHsxuixSqz0_clip0084_t00863.mp4
gHsxuixSqz0_clip0085_t00872,gHsxuixSqz0,872.418,882.334,9.916,1.0,1.0,7.78,/kaggle/working/clips/tier1/gHsxuixSqz0_clip0085_t00872.mp4
gHsxuixSqz0_clip0086_t00882,gHsxuixSqz0,882.434,885.63,3.196,1.0,1.0,7.93,/kaggle/working/clips/tier1/gHsxuixSqz0_clip0086_t00882.mp4
gHsxuixSqz0_clip0087_t00920,gHsxuixSqz0,920.642,930.046,9.404,1.0,1.0,7.93,/kaggle/working/clips/tier1/gHsxuixSqz0_clip0087_t00920.mp4
gHsxuixSqz0_clip0088_t00975,gHsxuixSqz0,975.042,982.718,7.676,1.0,1.0,10.41,/kaggle/working/clips/tier1/gHsxuixSqz0_clip0088_t00975.mp4
gHsxuixSqz0_clip0089_t00982,gHsxuixSqz0,982.85,986.686,3.836,1.0,1.0,9.39,/kaggle/working/clips/tier1/gHsxuixSqz0_clip0089_t00982.mp4
gHsxuixSqz0_clip0090_t01038,gHsxuixSqz0,1038.274,1047.838,9.564,1.0,1.0,10.67,/kaggle/working/clips/tier1/gHsxuixSqz0_clip0090_t01038.mp4
gHsxuixSqz0_clip0091_t01083,gHsxuixSqz0,1083.234,1092.318,9.084,1.0,1.0,9.79,/kaggle/working/clips/tier1/gHsxuixSqz0_clip0091_t01083.mp4
gHsxuixSqz0_clip0092_t01124,gHsxuixSqz0,1124.93,1131.486,6.556,1.0,1.0,6.07,/kaggle/working/clips/tier1/gHsxuixSqz0_clip0092_t01124.mp4
hjEoiiSe0is_clip0000_t00014,hjEoiiSe0is,14.242,18.718,4.476,1.0,1.0,1.05,/kaggle/working/clips/tier1/hjEoiiSe0is_clip0000_t00014.mp4
hjEoiiSe0is_clip0001_t00024,hjEoiiSe0is,24.674,27.102,2.428,1.0,1.0,3.72,/kaggle/working/clips/tier1/hjEoiiSe0is_clip0001_t00024.mp4
hjEoiiSe0is_clip0002_t00027,hjEoiiSe0is,27.33,31.294,3.964,1.0,1.0,4.35,/kaggle/working/clips/tier1/hjEoiiSe0is_clip0002_t00027.mp4
hjEoiiSe0is_clip0003_t00045,hjEoiiSe0is,45.602,55.582,9.98,1.0,1.0,5.25,/kaggle/working/clips/tier1/hjEoiiSe0is_clip0003_t00045.mp4
hjEoiiSe0is_clip0004_t00056,hjEoiiSe0is,56.002,60.798,4.796,1.0,1.0,3.99,/kaggle/working/clips/tier1/hjEoiiSe0is_clip0004_t00056.mp4
hjEoiiSe0is_clip0005_t00074,hjEoiiSe0is,74.786,80.894,6.108,1.0,1.0,5.73,/kaggle/working/clips/tier1/hjEoiiSe0is_clip0005_t00074.mp4
hjEoiiSe0is_clip0006_t00124,hjEoiiSe0is,124.162,129.162,5.0,1.0,1.0,7.33,/kaggle/working/clips/tier1/hjEoiiSe0is_clip0006_t00124.mp4
hjEoiiSe0is_clip0007_t00128,hjEoiiSe0is,128.162,133.162,5.0,1.0,1.0,6.49,/kaggle/working/clips/tier1/hjEoiiSe0is_clip0007_t00128.mp4
hjEoiiSe0is_clip0008_t00149,hjEoiiSe0is,149.25,152.158,2.908,1.0,1.0,4.29,/kaggle/working/clips/tier1/hjEoiiSe0is_clip0008_t00149.mp4
hjEoiiSe0is_clip0009_t00152,hjEoiiSe0is,152.258,162.686,10.428,1.0,1.0,4.19,/kaggle/working/clips/tier1/hjEoiiSe0is_clip0009_t00152.mp4
hjEoiiSe0is_clip0010_t00198,hjEoiiSe0is,198.402,202.302,3.9,1.0,1.0,4.73,/kaggle/working/clips/tier1/hjEoiiSe0is_clip0010_t00198.mp4
hjEoiiSe0is_clip0011_t00202,hjEoiiSe0is,202.466,211.358,8.892,1.0,1.0,4.51,/kaggle/working/clips/tier1/hjEoiiSe0is_clip0011_t00202.mp4
hjEoiiSe0is_clip0012_t00235,hjEoiiSe0is,235.49,240.19,4.7,1.0,1.0,5.49,/kaggle/working/clips/tier1/hjEoiiSe0is_clip0012_t00235.mp4
hjEoiiSe0is_clip0013_t00241,hjEoiiSe0is,241.154,245.022,3.868,1.0,1.0,6.22,/kaggle/working/clips/tier1/hjEoiiSe0is_clip0013_t00241.mp4
hjEoiiSe0is_clip0014_t00245,hjEoiiSe0is,245.122,250.014,4.892,1.0,1.0,4.27,/kaggle/working/clips/tier1/hjEoiiSe0is_clip0014_t00245.mp4
hjEoiiSe0is_clip0015_t00250,hjEoiiSe0is,250.37,252.414,2.044,1.0,1.0,5.86,/kaggle/working/clips/tier1/hjEoiiSe0is_clip0015_t00250.mp4
hjEoiiSe0is_clip0016_t00252,hjEoiiSe0is,252.61,255.39,2.78,1.0,1.0,4.68,/kaggle/working/clips/tier1/hjEoiiSe0is_clip0016_t00252.mp4
hjEoiiSe0is_clip0017_t00255,hjEoiiSe0is,255.49,258.782,3.292,1.0,1.0,3.82,/kaggle/working/clips/tier1/hjEoiiSe0is_clip0017_t00255.mp4
hjEoiiSe0is_clip0018_t00259,hjEoiiSe0is,259.234,267.23,7.996,1.0,1.0,7.35,/kaggle/working/clips/tier1/hjEoiiSe0is_clip0018_t00259.mp4
hjEoiiSe0is_clip0019_t00267,hjEoiiSe0is,267.426,269.502,2.076,1.0,1.0,7.17,/kaggle/working/clips/tier1/hjEoiiSe0is_clip0019_t00267.mp4
hjEoiiSe0is_clip0020_t00269,hjEoiiSe0is,269.922,275.262,5.34,1.0,1.0,6.4,/kaggle/working/clips/tier1/hjEoiiSe0is_clip0020_t00269.mp4
hjEoiiSe0is_clip0021_t00275,hjEoiiSe0is,275.618,281.822,6.204,1.0,1.0,5.44,/kaggle/working/clips/tier1/hjEoiiSe0is_clip0021_t00275.mp4
hjEoiiSe0is_clip0022_t00294,hjEoiiSe0is,294.178,301.022,6.844,1.0,1.0,6.49,/kaggle/working/clips/tier1/hjEoiiSe0is_clip0022_t00294.mp4
hjEoiiSe0is_clip0023_t00301,hjEoiiSe0is,301.442,308.222,6.78,0.714,1.0,6.46,/kaggle/working/clips/tier1/hjEoiiSe0is_clip0023_t00301.mp4
hjEoiiSe0is_clip0024_t00308,hjEoiiSe0is,308.834,317.662,8.828,0.889,1.0,7.73,/kaggle/working/clips/tier1/hjEoiiSe0is_clip0024_t00308.mp4
hjEoiiSe0is_clip0025_t00341,hjEoiiSe0is,341.666,346.654,4.988,1.0,1.0,4.48,/kaggle/working/clips/tier1/hjEoiiSe0is_clip0025_t00341.mp4
hjEoiiSe0is_clip0026_t00346,hjEoiiSe0is,346.786,353.086,6.3,1.0,1.0,5.2,/kaggle/working/clips/tier1/hjEoiiSe0is_clip0026_t00346.mp4
hjEoiiSe0is_clip0027_t00353,hjEoiiSe0is,353.282,356.606,3.324,1.0,1.0,4.85,/kaggle/working/clips/tier1/hjEoiiSe0is_clip0027_t00353.mp4
hjEoiiSe0is_clip0028_t00357,hjEoiiSe0is,357.058,368.734,11.676,1.0,1.0,5.59,/kaggle/working/clips/tier1/hjEoiiSe0is_clip0028_t00357.mp4
hjEoiiSe0is_clip0029_t00369,hjEoiiSe0is,369.282,372.574,3.292,1.0,1.0,7.21,/kaggle/working/clips/tier1/hjEoiiSe0is_clip0029_t00369.mp4
hjEoiiSe0is_clip0030_t00374,hjEoiiSe0is,374.018,380.766,6.748,1.0,1.0,6.96,/kaggle/working/clips/tier1/hjEoiiSe0is_clip0030_t00374.mp4
hjEoiiSe0is_clip0031_t00435,hjEoiiSe0is,435.682,446.494,10.812,1.0,1.0,7.38,/kaggle/working/clips/tier1/hjEoiiSe0is_clip0031_t00435.mp4
hjEoiiSe0is_clip0032_t00447,hjEoiiSe0is,447.01,452.01,5.0,1.0,1.0,5.76,/kaggle/working/clips/tier1/hjEoiiSe0is_clip0032_t00447.mp4
hjEoiiSe0is_clip0033_t00451,hjEoiiSe0is,451.01,456.01,5.0,1.0,1.0,6.78,/kaggle/working/clips/tier1/hjEoiiSe0is_clip0033_t00451.mp4
hjEoiiSe0is_clip0034_t00455,hjEoiiSe0is,455.01,459.966,4.956,1.0,1.0,4.32,/kaggle/working/clips/tier1/hjEoiiSe0is_clip0034_t00455.mp4
hjEoiiSe0is_clip0035_t00518,hjEoiiSe0is,518.178,521.502,3.324,1.0,1.0,5.03,/kaggle/working/clips/tier1/hjEoiiSe0is_clip0035_t00518.mp4
hjEoiiSe0is_clip0036_t00521,hjEoiiSe0is,521.666,527.902,6.236,1.0,1.0,4.9,/kaggle/working/clips/tier1/hjEoiiSe0is_clip0036_t00521.mp4
hjEoiiSe0is_clip0037_t00551,hjEoiiSe0is,551.554,556.478,4.924,1.0,1.0,4.25,/kaggle/working/clips/tier1/hjEoiiSe0is_clip0037_t00551.mp4
hjEoiiSe0is_clip0038_t00556,hjEoiiSe0is,556.834,562.43,5.596,1.0,1.0,4.74,/kaggle/working/clips/tier1/hjEoiiSe0is_clip0038_t00556.mp4
hjEoiiSe0is_clip0039_t00562,hjEoiiSe0is,562.882,569.822,6.94,1.0,1.0,5.12,/kaggle/working/clips/tier1/hjEoiiSe0is_clip0039_t00562.mp4
hjEoiiSe0is_clip0040_t00569,hjEoiiSe0is,569.954,572.83,2.876,1.0,1.0,4.79,/kaggle/working/clips/tier1/hjEoiiSe0is_clip0040_t00569.mp4
hjEoiiSe0is_clip0041_t00596,hjEoiiSe0is,596.482,598.974,2.492,1.0,1.0,6.49,/kaggle/working/clips/tier1/hjEoiiSe0is_clip0041_t00596.mp4
hjEoiiSe0is_clip0042_t00599,hjEoiiSe0is,599.138,609.342,10.204,1.0,1.0,5.55,/kaggle/working/clips/tier1/hjEoiiSe0is_clip0042_t00599.mp4
hjEoiiSe0is_clip0043_t00609,hjEoiiSe0is,609.474,612.702,3.228,1.0,1.0,4.24,/kaggle/working/clips/tier1/hjEoiiSe0is_clip0043_t00609.mp4
hjEoiiSe0is_clip0044_t00613,hjEoiiSe0is,613.218,615.614,2.396,1.0,1.0,7.15,/kaggle/working/clips/tier1/hjEoiiSe0is_clip0044_t00613.mp4
hjEoiiSe0is_clip0045_t00615,hjEoiiSe0is,615.746,618.942,3.196,1.0,1.0,8.81,/kaggle/working/clips/tier1/hjEoiiSe0is_clip0045_t00615.mp4
hjEoiiSe0is_clip0046_t00621,hjEoiiSe0is,621.922,629.246,7.324,1.0,1.0,5.18,/kaggle/working/clips/tier1/hjEoiiSe0is_clip0046_t00621.mp4
hjEoiiSe0is_clip0047_t00654,hjEoiiSe0is,654.146,656.158,2.012,1.0,1.0,4.8,/kaggle/working/clips/tier1/hjEoiiSe0is_clip0047_t00654.mp4
hjEoiiSe0is_clip0048_t00658,hjEoiiSe0is,658.338,660.99,2.652,1.0,1.0,10.43,/kaggle/working/clips/tier1/hjEoiiSe0is_clip0048_t00658.mp4
hjEoiiSe0is_clip0049_t00690,hjEoiiSe0is,690.658,702.59,11.932,1.0,1.0,3.66,/kaggle/working/clips/tier1/hjEoiiSe0is_clip0049_t00690.mp4
hjEoiiSe0is_clip0050_t00704,hjEoiiSe0is,704.258,709.258,5.0,1.0,1.0,6.62,/kaggle/working/clips/tier1/hjEoiiSe0is_clip0050_t00704.mp4
hjEoiiSe0is_clip0051_t00708,hjEoiiSe0is,708.258,713.258,5.0,1.0,1.0,7.53,/kaggle/working/clips/tier1/hjEoiiSe0is_clip0051_t00708.mp4
hjEoiiSe0is_clip0052_t00727,hjEoiiSe0is,727.17,738.462,11.292,1.0,1.0,6.03,/kaggle/working/clips/tier1/hjEoiiSe0is_clip0052_t00727.mp4
hjEoiiSe0is_clip0053_t00738,hjEoiiSe0is,738.69,743.87,5.18,1.0,1.0,6.33,/kaggle/working/clips/tier1/hjEoiiSe0is_clip0053_t00738.mp4
hjEoiiSe0is_clip0054_t00788,hjEoiiSe0is,788.994,793.598,4.604,1.0,1.0,6.49,/kaggle/working/clips/tier1/hjEoiiSe0is_clip0054_t00788.mp4
hjEoiiSe0is_clip0055_t00793,hjEoiiSe0is,793.858,796.446,2.588,1.0,1.0,5.61,/kaggle/working/clips/tier1/hjEoiiSe0is_clip0055_t00793.mp4
hjEoiiSe0is_clip0056_t00829,hjEoiiSe0is,829.25,832.958,3.708,1.0,1.0,7.45,/kaggle/working/clips/tier1/hjEoiiSe0is_clip0056_t00829.mp4
hjEoiiSe0is_clip0057_t00834,hjEoiiSe0is,834.498,840.542,6.044,1.0,1.0,1.56,/kaggle/working/clips/tier1/hjEoiiSe0is_clip0057_t00834.mp4
i7SoX1RseXs_clip0000_t00021,i7SoX1RseXs,21.378,23.71,2.332,1.0,1.0,5.37,/kaggle/working/clips/tier1/i7SoX1RseXs_clip0000_t00021.mp4
i7SoX1RseXs_clip0001_t00024,i7SoX1RseXs,24.546,27.166,2.62,1.0,1.0,3.46,/kaggle/working/clips/tier1/i7SoX1RseXs_clip0001_t00024.mp4
i7SoX1RseXs_clip0002_t00087,i7SoX1RseXs,87.458,90.494,3.036,1.0,1.0,7.02,/kaggle/working/clips/tier1/i7SoX1RseXs_clip0002_t00087.mp4
i7SoX1RseXs_clip0003_t00090,i7SoX1RseXs,90.978,94.366,3.388,1.0,1.0,6.66,/kaggle/working/clips/tier1/i7SoX1RseXs_clip0003_t00090.mp4
ijoyJhqD740_clip0000_t00013,ijoyJhqD740,13.122,23.518,10.396,1.0,1.0,2.89,/kaggle/working/clips/tier1/ijoyJhqD740_clip0000_t00013.mp4
ijoyJhqD740_clip0001_t00039,ijoyJhqD740,39.778,48.126,8.348,1.0,1.0,0.67,/kaggle/working/clips/tier1/ijoyJhqD740_clip0001_t00039.mp4
ijoyJhqD740_clip0002_t00060,ijoyJhqD740,60.322,62.718,2.396,1.0,1.0,1.64,/kaggle/working/clips/tier1/ijoyJhqD740_clip0002_t00060.mp4
ijoyJhqD740_clip0003_t00089,ijoyJhqD740,89.442,92.478,3.036,1.0,1.0,2.38,/kaggle/working/clips/tier1/ijoyJhqD740_clip0003_t00089.mp4
ijoyJhqD740_clip0004_t00107,ijoyJhqD740,107.97,110.462,2.492,1.0,1.0,2.8,/kaggle/working/clips/tier1/ijoyJhqD740_clip0004_t00107.mp4
ijoyJhqD740_clip0005_t00113,ijoyJhqD740,113.73,116.254,2.524,1.0,1.0,2.18,/kaggle/working/clips/tier1/ijoyJhqD740_clip0005_t00113.mp4
ijoyJhqD740_clip0006_t00122,ijoyJhqD740,122.466,124.766,2.3,1.0,1.0,2.48,/kaggle/working/clips/tier1/ijoyJhqD740_clip0006_t00122.mp4
ijoyJhqD740_clip0007_t00127,ijoyJhqD740,127.906,130.43,2.524,1.0,1.0,1.83,/kaggle/working/clips/tier1/ijoyJhqD740_clip0007_t00127.mp4
ijoyJhqD740_clip0008_t00140,ijoyJhqD740,140.77,146.43,5.66,1.0,1.0,1.5,/kaggle/working/clips/tier1/ijoyJhqD740_clip0008_t00140.mp4
ijoyJhqD740_clip0009_t00186,ijoyJhqD740,186.146,191.146,5.0,1.0,1.0,0.87,/kaggle/working/clips/tier1/ijoyJhqD740_clip0009_t00186.mp4
ijoyJhqD740_clip0010_t00223,ijoyJhqD740,223.458,228.458,5.0,1.0,1.0,1.59,/kaggle/working/clips/tier1/ijoyJhqD740_clip0010_t00223.mp4
ijoyJhqD740_clip0011_t00231,ijoyJhqD740,231.458,236.458,5.0,1.0,1.0,0.42,/kaggle/working/clips/tier1/ijoyJhqD740_clip0011_t00231.mp4
ijoyJhqD740_clip0012_t00235,ijoyJhqD740,235.458,240.458,5.0,1.0,1.0,0.8,/kaggle/working/clips/tier1/ijoyJhqD740_clip0012_t00235.mp4
ijoyJhqD740_clip0013_t00239,ijoyJhqD740,239.458,244.458,5.0,1.0,1.0,1.99,/kaggle/working/clips/tier1/ijoyJhqD740_clip0013_t00239.mp4
ijoyJhqD740_clip0014_t00243,ijoyJhqD740,243.458,248.458,5.0,1.0,1.0,0.85,/kaggle/working/clips/tier1/ijoyJhqD740_clip0014_t00243.mp4
ijoyJhqD740_clip0015_t00247,ijoyJhqD740,247.458,252.458,5.0,1.0,1.0,0.9,/kaggle/working/clips/tier1/ijoyJhqD740_clip0015_t00247.mp4
ijoyJhqD740_clip0016_t00254,ijoyJhqD740,254.786,260.83,6.044,1.0,1.0,1.59,/kaggle/working/clips/tier1/ijoyJhqD740_clip0016_t00254.mp4
ijoyJhqD740_clip0017_t00261,ijoyJhqD740,261.154,266.154,5.0,1.0,1.0,0.04,/kaggle/working/clips/tier1/ijoyJhqD740_clip0017_t00261.mp4
ijoyJhqD740_clip0018_t00313,ijoyJhqD740,313.762,316.19,2.428,1.0,1.0,2.34,/kaggle/working/clips/tier1/ijoyJhqD740_clip0018_t00313.mp4
ijoyJhqD740_clip0019_t00316,ijoyJhqD740,316.418,319.006,2.588,1.0,1.0,1.58,/kaggle/working/clips/tier1/ijoyJhqD740_clip0019_t00316.mp4
ijoyJhqD740_clip0020_t00335,ijoyJhqD740,335.714,341.182,5.468,1.0,1.0,1.65,/kaggle/working/clips/tier1/ijoyJhqD740_clip0020_t00335.mp4
ijoyJhqD740_clip0021_t00354,ijoyJhqD740,354.594,357.438,2.844,1.0,1.0,-0.17,/kaggle/working/clips/tier1/ijoyJhqD740_clip0021_t00354.mp4
ijoyJhqD740_clip0022_t00357,ijoyJhqD740,357.698,359.774,2.076,1.0,1.0,0.8,/kaggle/working/clips/tier1/ijoyJhqD740_clip0022_t00357.mp4
ijoyJhqD740_clip0023_t00359,ijoyJhqD740,359.874,364.874,5.0,1.0,1.0,0.78,/kaggle/working/clips/tier1/ijoyJhqD740_clip0023_t00359.mp4
ijoyJhqD740_clip0024_t00367,ijoyJhqD740,367.874,372.874,5.0,1.0,1.0,0.44,/kaggle/working/clips/tier1/ijoyJhqD740_clip0024_t00367.mp4
ijoyJhqD740_clip0025_t00375,ijoyJhqD740,375.938,380.938,5.0,1.0,1.0,1.16,/kaggle/working/clips/tier1/ijoyJhqD740_clip0025_t00375.mp4
ijoyJhqD740_clip0026_t00412,ijoyJhqD740,412.962,415.742,2.78,1.0,1.0,2.34,/kaggle/working/clips/tier1/ijoyJhqD740_clip0026_t00412.mp4
ijoyJhqD740_clip0027_t00428,ijoyJhqD740,428.482,433.482,5.0,1.0,1.0,2.53,/kaggle/working/clips/tier1/ijoyJhqD740_clip0027_t00428.mp4
ijoyJhqD740_clip0028_t00432,ijoyJhqD740,432.482,437.482,5.0,1.0,1.0,0.35,/kaggle/working/clips/tier1/ijoyJhqD740_clip0028_t00432.mp4
ijoyJhqD740_clip0029_t00436,ijoyJhqD740,436.482,441.482,5.0,1.0,1.0,0.01,/kaggle/working/clips/tier1/ijoyJhqD740_clip0029_t00436.mp4
ijoyJhqD740_clip0030_t00440,ijoyJhqD740,440.482,445.482,5.0,1.0,1.0,1.24,/kaggle/working/clips/tier1/ijoyJhqD740_clip0030_t00440.mp4
ijoyJhqD740_clip0031_t00450,ijoyJhqD740,450.882,455.882,5.0,1.0,1.0,0.81,/kaggle/working/clips/tier1/ijoyJhqD740_clip0031_t00450.mp4
ijoyJhqD740_clip0032_t00487,ijoyJhqD740,487.81,492.81,5.0,1.0,1.0,1.37,/kaggle/working/clips/tier1/ijoyJhqD740_clip0032_t00487.mp4
ijoyJhqD740_clip0033_t00495,ijoyJhqD740,495.81,500.81,5.0,1.0,1.0,0.8,/kaggle/working/clips/tier1/ijoyJhqD740_clip0033_t00495.mp4
ijoyJhqD740_clip0034_t00530,ijoyJhqD740,530.242,535.242,5.0,1.0,1.0,1.59,/kaggle/working/clips/tier1/ijoyJhqD740_clip0034_t00530.mp4
ijoyJhqD740_clip0035_t00546,ijoyJhqD740,546.114,551.006,4.892,1.0,1.0,1.55,/kaggle/working/clips/tier1/ijoyJhqD740_clip0035_t00546.mp4
ijoyJhqD740_clip0036_t00553,ijoyJhqD740,553.378,558.378,5.0,1.0,1.0,0.96,/kaggle/working/clips/tier1/ijoyJhqD740_clip0036_t00553.mp4
ijoyJhqD740_clip0037_t00561,ijoyJhqD740,561.378,566.378,5.0,1.0,1.0,0.88,/kaggle/working/clips/tier1/ijoyJhqD740_clip0037_t00561.mp4
ijoyJhqD740_clip0038_t00569,ijoyJhqD740,569.378,574.378,5.0,1.0,1.0,1.53,/kaggle/working/clips/tier1/ijoyJhqD740_clip0038_t00569.mp4
ijoyJhqD740_clip0039_t00577,ijoyJhqD740,577.378,582.378,5.0,1.0,1.0,1.14,/kaggle/working/clips/tier1/ijoyJhqD740_clip0039_t00577.mp4
ijoyJhqD740_clip0040_t00592,ijoyJhqD740,592.834,597.834,5.0,1.0,1.0,1.2,/kaggle/working/clips/tier1/ijoyJhqD740_clip0040_t00592.mp4
ijoyJhqD740_clip0041_t00600,ijoyJhqD740,600.834,605.834,5.0,1.0,1.0,1.89,/kaggle/working/clips/tier1/ijoyJhqD740_clip0041_t00600.mp4
ijoyJhqD740_clip0042_t00647,ijoyJhqD740,647.234,652.234,5.0,1.0,1.0,0.32,/kaggle/working/clips/tier1/ijoyJhqD740_clip0042_t00647.mp4
ijoyJhqD740_clip0043_t00655,ijoyJhqD740,655.234,658.334,3.1,1.0,1.0,1.2,/kaggle/working/clips/tier1/ijoyJhqD740_clip0043_t00655.mp4
ijoyJhqD740_clip0044_t00659,ijoyJhqD740,659.778,661.79,2.012,1.0,1.0,0.24,/kaggle/working/clips/tier1/ijoyJhqD740_clip0044_t00659.mp4
ijoyJhqD740_clip0045_t00662,ijoyJhqD740,662.562,666.558,3.996,1.0,1.0,1.75,/kaggle/working/clips/tier1/ijoyJhqD740_clip0045_t00662.mp4
ijoyJhqD740_clip0046_t00670,ijoyJhqD740,670.594,675.838,5.244,1.0,1.0,1.32,/kaggle/working/clips/tier1/ijoyJhqD740_clip0046_t00670.mp4
ijoyJhqD740_clip0047_t00687,ijoyJhqD740,687.362,692.362,5.0,1.0,1.0,-0.01,/kaggle/working/clips/tier1/ijoyJhqD740_clip0047_t00687.mp4
ijoyJhqD740_clip0048_t00695,ijoyJhqD740,695.362,700.362,5.0,1.0,1.0,0.67,/kaggle/working/clips/tier1/ijoyJhqD740_clip0048_t00695.mp4
ijoyJhqD740_clip0049_t00707,ijoyJhqD740,707.362,710.334,2.972,1.0,1.0,0.8,/kaggle/working/clips/tier1/ijoyJhqD740_clip0049_t00707.mp4
ijoyJhqD740_clip0050_t00718,ijoyJhqD740,718.434,723.434,5.0,1.0,1.0,-0.29,/kaggle/working/clips/tier1/ijoyJhqD740_clip0050_t00718.mp4
ijoyJhqD740_clip0051_t00748,ijoyJhqD740,748.802,753.802,5.0,1.0,1.0,1.79,/kaggle/working/clips/tier1/ijoyJhqD740_clip0051_t00748.mp4
ijoyJhqD740_clip0052_t00752,ijoyJhqD740,752.802,757.802,5.0,1.0,1.0,0.83,/kaggle/working/clips/tier1/ijoyJhqD740_clip0052_t00752.mp4
ijoyJhqD740_clip0053_t00756,ijoyJhqD740,756.802,761.802,5.0,1.0,1.0,0.61,/kaggle/working/clips/tier1/ijoyJhqD740_clip0053_t00756.mp4
ijoyJhqD740_clip0054_t00764,ijoyJhqD740,764.802,769.802,5.0,1.0,1.0,1.63,/kaggle/working/clips/tier1/ijoyJhqD740_clip0054_t00764.mp4
ijoyJhqD740_clip0055_t00781,ijoyJhqD740,781.666,786.666,5.0,1.0,1.0,0.6,/kaggle/working/clips/tier1/ijoyJhqD740_clip0055_t00781.mp4
ijoyJhqD740_clip0056_t00789,ijoyJhqD740,789.666,794.238,4.572,1.0,1.0,1.01,/kaggle/working/clips/tier1/ijoyJhqD740_clip0056_t00789.mp4
hxoZsiA7Vs8_clip0000_t00002,hxoZsiA7Vs8,2.786,9.054,6.268,1.0,1.0,8.02,/kaggle/working/clips/tier1/hxoZsiA7Vs8_clip0000_t00002.mp4
hxoZsiA7Vs8_clip0001_t00009,hxoZsiA7Vs8,9.378,17.886,8.508,1.0,1.0,6.48,/kaggle/working/clips/tier1/hxoZsiA7Vs8_clip0001_t00009.mp4
hxoZsiA7Vs8_clip0002_t00019,hxoZsiA7Vs8,19.362,21.694,2.332,1.0,1.0,5.13,/kaggle/working/clips/tier1/hxoZsiA7Vs8_clip0002_t00019.mp4
hxoZsiA7Vs8_clip0003_t00028,hxoZsiA7Vs8,28.514,31.518,3.004,1.0,1.0,6.58,/kaggle/working/clips/tier1/hxoZsiA7Vs8_clip0003_t00028.mp4
hxoZsiA7Vs8_clip0004_t00043,hxoZsiA7Vs8,43.554,48.554,5.0,1.0,1.0,6.38,/kaggle/working/clips/tier1/hxoZsiA7Vs8_clip0004_t00043.mp4
hxoZsiA7Vs8_clip0005_t00047,hxoZsiA7Vs8,47.554,52.318,4.764,1.0,1.0,5.7,/kaggle/working/clips/tier1/hxoZsiA7Vs8_clip0005_t00047.mp4
hxoZsiA7Vs8_clip0006_t00052,hxoZsiA7Vs8,52.418,57.418,5.0,1.0,1.0,6.44,/kaggle/working/clips/tier1/hxoZsiA7Vs8_clip0006_t00052.mp4
hxoZsiA7Vs8_clip0007_t00056,hxoZsiA7Vs8,56.418,61.418,5.0,1.0,1.0,5.54,/kaggle/working/clips/tier1/hxoZsiA7Vs8_clip0007_t00056.mp4
hxoZsiA7Vs8_clip0008_t00060,hxoZsiA7Vs8,60.418,65.418,5.0,1.0,1.0,5.51,/kaggle/working/clips/tier1/hxoZsiA7Vs8_clip0008_t00060.mp4
hxoZsiA7Vs8_clip0009_t00064,hxoZsiA7Vs8,64.418,69.418,5.0,1.0,1.0,6.46,/kaggle/working/clips/tier1/hxoZsiA7Vs8_clip0009_t00064.mp4
hxoZsiA7Vs8_clip0010_t00069,hxoZsiA7Vs8,69.73,80.894,11.164,1.0,1.0,5.83,/kaggle/working/clips/tier1/hxoZsiA7Vs8_clip0010_t00069.mp4
hxoZsiA7Vs8_clip0011_t00081,hxoZsiA7Vs8,81.026,86.026,5.0,0.8,1.0,6.38,/kaggle/working/clips/tier1/hxoZsiA7Vs8_clip0011_t00081.mp4
hxoZsiA7Vs8_clip0012_t00085,hxoZsiA7Vs8,85.026,90.026,5.0,1.0,1.0,6.36,/kaggle/working/clips/tier1/hxoZsiA7Vs8_clip0012_t00085.mp4
hxoZsiA7Vs8_clip0013_t00104,hxoZsiA7Vs8,104.674,109.674,5.0,0.8,1.0,5.91,/kaggle/working/clips/tier1/hxoZsiA7Vs8_clip0013_t00104.mp4
hxoZsiA7Vs8_clip0014_t00116,hxoZsiA7Vs8,116.674,121.674,5.0,1.0,1.0,6.11,/kaggle/working/clips/tier1/hxoZsiA7Vs8_clip0014_t00116.mp4
hxoZsiA7Vs8_clip0015_t00120,hxoZsiA7Vs8,120.674,125.674,5.0,1.0,1.0,6.64,/kaggle/working/clips/tier1/hxoZsiA7Vs8_clip0015_t00120.mp4
hxoZsiA7Vs8_clip0016_t00124,hxoZsiA7Vs8,124.674,129.674,5.0,1.0,1.0,6.12,/kaggle/working/clips/tier1/hxoZsiA7Vs8_clip0016_t00124.mp4
hxoZsiA7Vs8_clip0017_t00128,hxoZsiA7Vs8,128.674,133.674,5.0,1.0,1.0,6.17,/kaggle/working/clips/tier1/hxoZsiA7Vs8_clip0017_t00128.mp4
hxoZsiA7Vs8_clip0018_t00132,hxoZsiA7Vs8,132.674,137.674,5.0,1.0,1.0,5.33,/kaggle/working/clips/tier1/hxoZsiA7Vs8_clip0018_t00132.mp4
hxoZsiA7Vs8_clip0019_t00136,hxoZsiA7Vs8,136.674,141.31,4.636,1.0,1.0,6.07,/kaggle/working/clips/tier1/hxoZsiA7Vs8_clip0019_t00136.mp4
hxoZsiA7Vs8_clip0020_t00184,hxoZsiA7Vs8,184.066,189.066,5.0,1.0,1.0,6.15,/kaggle/working/clips/tier1/hxoZsiA7Vs8_clip0020_t00184.mp4
hxoZsiA7Vs8_clip0021_t00188,hxoZsiA7Vs8,188.066,193.066,5.0,1.0,1.0,5.93,/kaggle/working/clips/tier1/hxoZsiA7Vs8_clip0021_t00188.mp4
hxoZsiA7Vs8_clip0022_t00192,hxoZsiA7Vs8,192.066,197.066,5.0,1.0,1.0,5.64,/kaggle/working/clips/tier1/hxoZsiA7Vs8_clip0022_t00192.mp4
hxoZsiA7Vs8_clip0023_t00196,hxoZsiA7Vs8,196.066,201.066,5.0,1.0,1.0,5.23,/kaggle/working/clips/tier1/hxoZsiA7Vs8_clip0023_t00196.mp4
hxoZsiA7Vs8_clip0024_t00200,hxoZsiA7Vs8,200.066,205.066,5.0,1.0,1.0,4.75,/kaggle/working/clips/tier1/hxoZsiA7Vs8_clip0024_t00200.mp4
hxoZsiA7Vs8_clip0025_t00204,hxoZsiA7Vs8,204.066,207.998,3.932,1.0,1.0,4.68,/kaggle/working/clips/tier1/hxoZsiA7Vs8_clip0025_t00204.mp4
hxoZsiA7Vs8_clip0026_t00208,hxoZsiA7Vs8,208.418,210.59,2.172,1.0,1.0,7.26,/kaggle/working/clips/tier1/hxoZsiA7Vs8_clip0026_t00208.mp4
hxoZsiA7Vs8_clip0027_t00213,hxoZsiA7Vs8,213.314,220.478,7.164,1.0,1.0,5.71,/kaggle/working/clips/tier1/hxoZsiA7Vs8_clip0027_t00213.mp4
hxoZsiA7Vs8_clip0028_t00223,hxoZsiA7Vs8,223.01,228.01,5.0,1.0,1.0,6.68,/kaggle/working/clips/tier1/hxoZsiA7Vs8_clip0028_t00223.mp4
hxoZsiA7Vs8_clip0029_t00227,hxoZsiA7Vs8,227.01,232.01,5.0,1.0,1.0,6.04,/kaggle/working/clips/tier1/hxoZsiA7Vs8_clip0029_t00227.mp4
hxoZsiA7Vs8_clip0030_t00231,hxoZsiA7Vs8,231.01,236.01,5.0,1.0,1.0,5.99,/kaggle/working/clips/tier1/hxoZsiA7Vs8_clip0030_t00231.mp4
hxoZsiA7Vs8_clip0031_t00235,hxoZsiA7Vs8,235.01,240.01,5.0,1.0,1.0,5.71,/kaggle/working/clips/tier1/hxoZsiA7Vs8_clip0031_t00235.mp4
hxoZsiA7Vs8_clip0032_t00251,hxoZsiA7Vs8,251.01,256.01,5.0,1.0,1.0,5.25,/kaggle/working/clips/tier1/hxoZsiA7Vs8_clip0032_t00251.mp4
hxoZsiA7Vs8_clip0033_t00255,hxoZsiA7Vs8,255.01,260.01,5.0,1.0,1.0,5.54,/kaggle/working/clips/tier1/hxoZsiA7Vs8_clip0033_t00255.mp4
hxoZsiA7Vs8_clip0034_t00259,hxoZsiA7Vs8,259.01,264.01,5.0,1.0,1.0,5.59,/kaggle/working/clips/tier1/hxoZsiA7Vs8_clip0034_t00259.mp4
hxoZsiA7Vs8_clip0035_t00263,hxoZsiA7Vs8,263.01,265.598,2.588,1.0,1.0,3.94,/kaggle/working/clips/tier1/hxoZsiA7Vs8_clip0035_t00263.mp4
hxoZsiA7Vs8_clip0036_t00265,hxoZsiA7Vs8,265.794,273.214,7.42,1.0,1.0,5.82,/kaggle/working/clips/tier1/hxoZsiA7Vs8_clip0036_t00265.mp4
hxoZsiA7Vs8_clip0037_t00273,hxoZsiA7Vs8,273.314,279.998,6.684,1.0,1.0,6.19,/kaggle/working/clips/tier1/hxoZsiA7Vs8_clip0037_t00273.mp4
hxoZsiA7Vs8_clip0038_t00280,hxoZsiA7Vs8,280.162,285.162,5.0,1.0,1.0,5.11,/kaggle/working/clips/tier1/hxoZsiA7Vs8_clip0038_t00280.mp4
hxoZsiA7Vs8_clip0039_t00284,hxoZsiA7Vs8,284.162,289.162,5.0,1.0,1.0,6.16,/kaggle/working/clips/tier1/hxoZsiA7Vs8_clip0039_t00284.mp4
hxoZsiA7Vs8_clip0040_t00288,hxoZsiA7Vs8,288.162,293.162,5.0,1.0,1.0,6.28,/kaggle/working/clips/tier1/hxoZsiA7Vs8_clip0040_t00288.mp4
hxoZsiA7Vs8_clip0041_t00292,hxoZsiA7Vs8,292.162,297.162,5.0,1.0,1.0,6.08,/kaggle/working/clips/tier1/hxoZsiA7Vs8_clip0041_t00292.mp4
hxoZsiA7Vs8_clip0042_t00296,hxoZsiA7Vs8,296.162,301.162,5.0,1.0,1.0,6.34,/kaggle/working/clips/tier1/hxoZsiA7Vs8_clip0042_t00296.mp4
hxoZsiA7Vs8_clip0043_t00300,hxoZsiA7Vs8,300.162,305.162,5.0,1.0,1.0,5.53,/kaggle/working/clips/tier1/hxoZsiA7Vs8_clip0043_t00300.mp4
hxoZsiA7Vs8_clip0044_t00304,hxoZsiA7Vs8,304.162,309.162,5.0,1.0,1.0,5.52,/kaggle/working/clips/tier1/hxoZsiA7Vs8_clip0044_t00304.mp4
hxoZsiA7Vs8_clip0045_t00308,hxoZsiA7Vs8,308.162,313.162,5.0,1.0,1.0,5.58,/kaggle/working/clips/tier1/hxoZsiA7Vs8_clip0045_t00308.mp4
hxoZsiA7Vs8_clip0046_t00312,hxoZsiA7Vs8,312.162,314.846,2.684,1.0,1.0,4.51,/kaggle/working/clips/tier1/hxoZsiA7Vs8_clip0046_t00312.mp4
hxoZsiA7Vs8_clip0047_t00315,hxoZsiA7Vs8,315.01,319.518,4.508,1.0,1.0,6.4,/kaggle/working/clips/tier1/hxoZsiA7Vs8_clip0047_t00315.mp4
hxoZsiA7Vs8_clip0048_t00319,hxoZsiA7Vs8,319.714,324.714,5.0,1.0,1.0,5.67,/kaggle/working/clips/tier1/hxoZsiA7Vs8_clip0048_t00319.mp4
hxoZsiA7Vs8_clip0049_t00323,hxoZsiA7Vs8,323.714,328.714,5.0,1.0,1.0,6.12,/kaggle/working/clips/tier1/hxoZsiA7Vs8_clip0049_t00323.mp4
hxoZsiA7Vs8_clip0050_t00327,hxoZsiA7Vs8,327.714,332.714,5.0,1.0,1.0,5.49,/kaggle/working/clips/tier1/hxoZsiA7Vs8_clip0050_t00327.mp4
hxoZsiA7Vs8_clip0051_t00331,hxoZsiA7Vs8,331.714,336.714,5.0,1.0,1.0,5.2,/kaggle/working/clips/tier1/hxoZsiA7Vs8_clip0051_t00331.mp4
hxoZsiA7Vs8_clip0052_t00338,hxoZsiA7Vs8,338.114,343.998,5.884,1.0,1.0,6.27,/kaggle/working/clips/tier1/hxoZsiA7Vs8_clip0052_t00338.mp4
hxoZsiA7Vs8_clip0053_t00348,hxoZsiA7Vs8,348.61,355.134,6.524,1.0,1.0,6.35,/kaggle/working/clips/tier1/hxoZsiA7Vs8_clip0053_t00348.mp4
hxoZsiA7Vs8_clip0054_t00356,hxoZsiA7Vs8,356.77,358.814,2.044,1.0,1.0,5.96,/kaggle/working/clips/tier1/hxoZsiA7Vs8_clip0054_t00356.mp4
hxoZsiA7Vs8_clip0055_t00359,hxoZsiA7Vs8,359.074,363.262,4.188,1.0,1.0,5.95,/kaggle/working/clips/tier1/hxoZsiA7Vs8_clip0055_t00359.mp4
hxoZsiA7Vs8_clip0056_t00363,hxoZsiA7Vs8,363.522,368.522,5.0,1.0,1.0,6.48,/kaggle/working/clips/tier1/hxoZsiA7Vs8_clip0056_t00363.mp4
hxoZsiA7Vs8_clip0057_t00375,hxoZsiA7Vs8,375.522,380.414,4.892,1.0,1.0,6.39,/kaggle/working/clips/tier1/hxoZsiA7Vs8_clip0057_t00375.mp4
hxoZsiA7Vs8_clip0058_t00391,hxoZsiA7Vs8,391.49,396.49,5.0,1.0,1.0,6.3,/kaggle/working/clips/tier1/hxoZsiA7Vs8_clip0058_t00391.mp4
hxoZsiA7Vs8_clip0059_t00395,hxoZsiA7Vs8,395.49,400.49,5.0,1.0,1.0,5.54,/kaggle/working/clips/tier1/hxoZsiA7Vs8_clip0059_t00395.mp4
hxoZsiA7Vs8_clip0060_t00399,hxoZsiA7Vs8,399.49,404.49,5.0,1.0,1.0,5.8,/kaggle/working/clips/tier1/hxoZsiA7Vs8_clip0060_t00399.mp4
hxoZsiA7Vs8_clip0061_t00403,hxoZsiA7Vs8,403.49,408.49,5.0,1.0,1.0,5.79,/kaggle/working/clips/tier1/hxoZsiA7Vs8_clip0061_t00403.mp4
hxoZsiA7Vs8_clip0062_t00407,hxoZsiA7Vs8,407.49,411.262,3.772,1.0,1.0,5.6,/kaggle/working/clips/tier1/hxoZsiA7Vs8_clip0062_t00407.mp4
hxoZsiA7Vs8_clip0063_t00411,hxoZsiA7Vs8,411.394,416.394,5.0,1.0,1.0,6.07,/kaggle/working/clips/tier1/hxoZsiA7Vs8_clip0063_t00411.mp4
hxoZsiA7Vs8_clip0064_t00428,hxoZsiA7Vs8,428.13,435.966,7.836,1.0,1.0,5.78,/kaggle/working/clips/tier1/hxoZsiA7Vs8_clip0064_t00428.mp4
hxoZsiA7Vs8_clip0065_t00436,hxoZsiA7Vs8,436.098,446.238,10.14,1.0,1.0,5.55,/kaggle/working/clips/tier1/hxoZsiA7Vs8_clip0065_t00436.mp4
hxoZsiA7Vs8_clip0066_t00449,hxoZsiA7Vs8,449.218,454.218,5.0,1.0,1.0,6.23,/kaggle/working/clips/tier1/hxoZsiA7Vs8_clip0066_t00449.mp4
hxoZsiA7Vs8_clip0067_t00453,hxoZsiA7Vs8,453.218,458.218,5.0,1.0,1.0,6.39,/kaggle/working/clips/tier1/hxoZsiA7Vs8_clip0067_t00453.mp4
hxoZsiA7Vs8_clip0068_t00457,hxoZsiA7Vs8,457.218,462.218,5.0,1.0,1.0,5.93,/kaggle/working/clips/tier1/hxoZsiA7Vs8_clip0068_t00457.mp4
hxoZsiA7Vs8_clip0069_t00461,hxoZsiA7Vs8,461.218,466.218,5.0,1.0,1.0,5.69,/kaggle/working/clips/tier1/hxoZsiA7Vs8_clip0069_t00461.mp4
hxoZsiA7Vs8_clip0070_t00465,hxoZsiA7Vs8,465.218,467.998,2.78,1.0,1.0,4.32,/kaggle/working/clips/tier1/hxoZsiA7Vs8_clip0070_t00465.mp4
hxoZsiA7Vs8_clip0071_t00468,hxoZsiA7Vs8,468.29,473.79,5.5,1.0,1.0,6.65,/kaggle/working/clips/tier1/hxoZsiA7Vs8_clip0071_t00468.mp4
hxoZsiA7Vs8_clip0072_t00473,hxoZsiA7Vs8,473.954,475.998,2.044,1.0,1.0,5.95,/kaggle/working/clips/tier1/hxoZsiA7Vs8_clip0072_t00473.mp4
hxoZsiA7Vs8_clip0073_t00476,hxoZsiA7Vs8,476.29,481.29,5.0,1.0,1.0,6.49,/kaggle/working/clips/tier1/hxoZsiA7Vs8_clip0073_t00476.mp4
hxoZsiA7Vs8_clip0074_t00480,hxoZsiA7Vs8,480.29,485.29,5.0,1.0,1.0,5.54,/kaggle/working/clips/tier1/hxoZsiA7Vs8_clip0074_t00480.mp4
hxoZsiA7Vs8_clip0075_t00484,hxoZsiA7Vs8,484.29,489.29,5.0,1.0,1.0,6.19,/kaggle/working/clips/tier1/hxoZsiA7Vs8_clip0075_t00484.mp4
hxoZsiA7Vs8_clip0076_t00488,hxoZsiA7Vs8,488.29,493.29,5.0,1.0,1.0,5.83,/kaggle/working/clips/tier1/hxoZsiA7Vs8_clip0076_t00488.mp4
hxoZsiA7Vs8_clip0077_t00492,hxoZsiA7Vs8,492.29,497.29,5.0,1.0,1.0,5.66,/kaggle/working/clips/tier1/hxoZsiA7Vs8_clip0077_t00492.mp4
hxoZsiA7Vs8_clip0078_t00496,hxoZsiA7Vs8,496.29,501.29,5.0,1.0,1.0,5.76,/kaggle/working/clips/tier1/hxoZsiA7Vs8_clip0078_t00496.mp4
hxoZsiA7Vs8_clip0079_t00500,hxoZsiA7Vs8,500.29,505.29,5.0,1.0,1.0,6.02,/kaggle/working/clips/tier1/hxoZsiA7Vs8_clip0079_t00500.mp4
hxoZsiA7Vs8_clip0080_t00504,hxoZsiA7Vs8,504.29,509.29,5.0,1.0,1.0,5.75,/kaggle/working/clips/tier1/hxoZsiA7Vs8_clip0080_t00504.mp4
hxoZsiA7Vs8_clip0081_t00520,hxoZsiA7Vs8,520.29,524.734,4.444,1.0,1.0,5.73,/kaggle/working/clips/tier1/hxoZsiA7Vs8_clip0081_t00520.mp4
hxoZsiA7Vs8_clip0082_t00524,hxoZsiA7Vs8,524.834,531.294,6.46,1.0,1.0,5.46,/kaggle/working/clips/tier1/hxoZsiA7Vs8_clip0082_t00524.mp4
hxoZsiA7Vs8_clip0083_t00531,hxoZsiA7Vs8,531.49,534.558,3.068,1.0,1.0,5.06,/kaggle/working/clips/tier1/hxoZsiA7Vs8_clip0083_t00531.mp4
hxoZsiA7Vs8_clip0084_t00536,hxoZsiA7Vs8,536.93,541.15,4.22,1.0,1.0,6.85,/kaggle/working/clips/tier1/hxoZsiA7Vs8_clip0084_t00536.mp4
hxoZsiA7Vs8_clip0085_t00541,hxoZsiA7Vs8,541.602,545.47,3.868,1.0,1.0,6.08,/kaggle/working/clips/tier1/hxoZsiA7Vs8_clip0085_t00541.mp4
hxoZsiA7Vs8_clip0086_t00547,hxoZsiA7Vs8,547.106,554.142,7.036,1.0,1.0,5.72,/kaggle/working/clips/tier1/hxoZsiA7Vs8_clip0086_t00547.mp4
hxoZsiA7Vs8_clip0087_t00554,hxoZsiA7Vs8,554.242,560.126,5.884,1.0,1.0,6.28,/kaggle/working/clips/tier1/hxoZsiA7Vs8_clip0087_t00554.mp4
hxoZsiA7Vs8_clip0088_t00560,hxoZsiA7Vs8,560.322,566.238,5.916,1.0,1.0,5.39,/kaggle/working/clips/tier1/hxoZsiA7Vs8_clip0088_t00560.mp4
hxoZsiA7Vs8_clip0089_t00566,hxoZsiA7Vs8,566.594,571.594,5.0,1.0,1.0,5.49,/kaggle/working/clips/tier1/hxoZsiA7Vs8_clip0089_t00566.mp4
hxoZsiA7Vs8_clip0090_t00574,hxoZsiA7Vs8,574.594,579.594,5.0,1.0,1.0,6.27,/kaggle/working/clips/tier1/hxoZsiA7Vs8_clip0090_t00574.mp4
hxoZsiA7Vs8_clip0091_t00578,hxoZsiA7Vs8,578.594,582.974,4.38,1.0,1.0,6.0,/kaggle/working/clips/tier1/hxoZsiA7Vs8_clip0091_t00578.mp4
hxoZsiA7Vs8_clip0092_t00583,hxoZsiA7Vs8,583.074,588.074,5.0,1.0,1.0,4.79,/kaggle/working/clips/tier1/hxoZsiA7Vs8_clip0092_t00583.mp4
hxoZsiA7Vs8_clip0093_t00587,hxoZsiA7Vs8,587.074,592.074,5.0,1.0,1.0,5.91,/kaggle/working/clips/tier1/hxoZsiA7Vs8_clip0093_t00587.mp4
hxoZsiA7Vs8_clip0094_t00591,hxoZsiA7Vs8,591.074,596.074,5.0,1.0,1.0,5.95,/kaggle/working/clips/tier1/hxoZsiA7Vs8_clip0094_t00591.mp4
hxoZsiA7Vs8_clip0095_t00595,hxoZsiA7Vs8,595.074,598.174,3.1,1.0,1.0,5.3,/kaggle/working/clips/tier1/hxoZsiA7Vs8_clip0095_t00595.mp4
hxoZsiA7Vs8_clip0096_t00600,hxoZsiA7Vs8,600.642,605.63,4.988,1.0,1.0,6.3,/kaggle/working/clips/tier1/hxoZsiA7Vs8_clip0096_t00600.mp4
hxoZsiA7Vs8_clip0097_t00607,hxoZsiA7Vs8,607.106,612.894,5.788,1.0,1.0,5.62,/kaggle/working/clips/tier1/hxoZsiA7Vs8_clip0097_t00607.mp4
hxoZsiA7Vs8_clip0098_t00613,hxoZsiA7Vs8,613.154,625.022,11.868,1.0,1.0,6.63,/kaggle/working/clips/tier1/hxoZsiA7Vs8_clip0098_t00613.mp4
hxoZsiA7Vs8_clip0099_t00625,hxoZsiA7Vs8,625.122,628.862,3.74,1.0,1.0,5.35,/kaggle/working/clips/tier1/hxoZsiA7Vs8_clip0099_t00625.mp4
hxoZsiA7Vs8_clip0100_t00631,hxoZsiA7Vs8,631.074,638.206,7.132,1.0,1.0,5.97,/kaggle/working/clips/tier1/hxoZsiA7Vs8_clip0100_t00631.mp4
hxoZsiA7Vs8_clip0101_t00638,hxoZsiA7Vs8,638.338,644.67,6.332,1.0,1.0,5.74,/kaggle/working/clips/tier1/hxoZsiA7Vs8_clip0101_t00638.mp4
hxoZsiA7Vs8_clip0102_t00646,hxoZsiA7Vs8,646.914,649.726,2.812,1.0,1.0,6.58,/kaggle/working/clips/tier1/hxoZsiA7Vs8_clip0102_t00646.mp4
hxoZsiA7Vs8_clip0103_t00649,hxoZsiA7Vs8,649.858,653.022,3.164,1.0,1.0,5.27,/kaggle/working/clips/tier1/hxoZsiA7Vs8_clip0103_t00649.mp4
hxoZsiA7Vs8_clip0104_t00653,hxoZsiA7Vs8,653.218,656.606,3.388,1.0,1.0,6.35,/kaggle/working/clips/tier1/hxoZsiA7Vs8_clip0104_t00653.mp4
hxoZsiA7Vs8_clip0105_t00661,hxoZsiA7Vs8,661.89,663.934,2.044,1.0,1.0,5.39,/kaggle/working/clips/tier1/hxoZsiA7Vs8_clip0105_t00661.mp4
hxoZsiA7Vs8_clip0106_t00664,hxoZsiA7Vs8,664.258,667.006,2.748,1.0,1.0,5.15,/kaggle/working/clips/tier1/hxoZsiA7Vs8_clip0106_t00664.mp4
hxoZsiA7Vs8_clip0107_t00667,hxoZsiA7Vs8,667.17,672.17,5.0,1.0,1.0,6.06,/kaggle/working/clips/tier1/hxoZsiA7Vs8_clip0107_t00667.mp4
hxoZsiA7Vs8_clip0108_t00671,hxoZsiA7Vs8,671.17,676.17,5.0,1.0,1.0,5.87,/kaggle/working/clips/tier1/hxoZsiA7Vs8_clip0108_t00671.mp4
hxoZsiA7Vs8_clip0109_t00675,hxoZsiA7Vs8,675.17,680.17,5.0,1.0,1.0,5.78,/kaggle/working/clips/tier1/hxoZsiA7Vs8_clip0109_t00675.mp4
hxoZsiA7Vs8_clip0110_t00679,hxoZsiA7Vs8,679.17,684.17,5.0,1.0,1.0,5.7,/kaggle/working/clips/tier1/hxoZsiA7Vs8_clip0110_t00679.mp4
hxoZsiA7Vs8_clip0111_t00683,hxoZsiA7Vs8,683.17,686.27,3.1,1.0,1.0,6.2,/kaggle/working/clips/tier1/hxoZsiA7Vs8_clip0111_t00683.mp4
hxoZsiA7Vs8_clip0112_t00686,hxoZsiA7Vs8,686.402,688.606,2.204,1.0,1.0,6.16,/kaggle/working/clips/tier1/hxoZsiA7Vs8_clip0112_t00686.mp4
hxoZsiA7Vs8_clip0113_t00688,hxoZsiA7Vs8,688.706,691.326,2.62,1.0,1.0,6.13,/kaggle/working/clips/tier1/hxoZsiA7Vs8_clip0113_t00688.mp4
hxoZsiA7Vs8_clip0114_t00691,hxoZsiA7Vs8,691.458,697.374,5.916,1.0,1.0,6.25,/kaggle/working/clips/tier1/hxoZsiA7Vs8_clip0114_t00691.mp4
hxoZsiA7Vs8_clip0115_t00697,hxoZsiA7Vs8,697.506,702.506,5.0,1.0,1.0,5.62,/kaggle/working/clips/tier1/hxoZsiA7Vs8_clip0115_t00697.mp4
hxoZsiA7Vs8_clip0116_t00701,hxoZsiA7Vs8,701.506,706.506,5.0,1.0,1.0,5.71,/kaggle/working/clips/tier1/hxoZsiA7Vs8_clip0116_t00701.mp4
hxoZsiA7Vs8_clip0117_t00705,hxoZsiA7Vs8,705.506,710.506,5.0,1.0,1.0,5.99,/kaggle/working/clips/tier1/hxoZsiA7Vs8_clip0117_t00705.mp4
hxoZsiA7Vs8_clip0118_t00709,hxoZsiA7Vs8,709.506,714.506,5.0,1.0,1.0,4.65,/kaggle/working/clips/tier1/hxoZsiA7Vs8_clip0118_t00709.mp4
hxoZsiA7Vs8_clip0119_t00713,hxoZsiA7Vs8,713.506,718.506,5.0,1.0,1.0,5.69,/kaggle/working/clips/tier1/hxoZsiA7Vs8_clip0119_t00713.mp4
hxoZsiA7Vs8_clip0120_t00719,hxoZsiA7Vs8,719.266,724.266,5.0,1.0,1.0,5.88,/kaggle/working/clips/tier1/hxoZsiA7Vs8_clip0120_t00719.mp4
hxoZsiA7Vs8_clip0121_t00723,hxoZsiA7Vs8,723.266,728.266,5.0,1.0,1.0,6.38,/kaggle/working/clips/tier1/hxoZsiA7Vs8_clip0121_t00723.mp4
hxoZsiA7Vs8_clip0122_t00727,hxoZsiA7Vs8,727.266,731.39,4.124,1.0,1.0,6.45,/kaggle/working/clips/tier1/hxoZsiA7Vs8_clip0122_t00727.mp4
hxoZsiA7Vs8_clip0123_t00731,hxoZsiA7Vs8,731.586,733.854,2.268,1.0,1.0,5.54,/kaggle/working/clips/tier1/hxoZsiA7Vs8_clip0123_t00731.mp4
hxoZsiA7Vs8_clip0124_t00734,hxoZsiA7Vs8,734.786,740.126,5.34,1.0,1.0,5.88,/kaggle/working/clips/tier1/hxoZsiA7Vs8_clip0124_t00734.mp4
hxoZsiA7Vs8_clip0125_t00740,hxoZsiA7Vs8,740.226,750.654,10.428,1.0,1.0,5.76,/kaggle/working/clips/tier1/hxoZsiA7Vs8_clip0125_t00740.mp4
hxoZsiA7Vs8_clip0126_t00755,hxoZsiA7Vs8,755.362,764.574,9.212,1.0,1.0,6.32,/kaggle/working/clips/tier1/hxoZsiA7Vs8_clip0126_t00755.mp4
hxoZsiA7Vs8_clip0127_t00764,hxoZsiA7Vs8,764.674,769.674,5.0,1.0,1.0,4.62,/kaggle/working/clips/tier1/hxoZsiA7Vs8_clip0127_t00764.mp4
hxoZsiA7Vs8_clip0128_t00768,hxoZsiA7Vs8,768.674,773.674,5.0,1.0,1.0,5.81,/kaggle/working/clips/tier1/hxoZsiA7Vs8_clip0128_t00768.mp4
hxoZsiA7Vs8_clip0129_t00772,hxoZsiA7Vs8,772.674,777.674,5.0,1.0,1.0,4.89,/kaggle/working/clips/tier1/hxoZsiA7Vs8_clip0129_t00772.mp4
hxoZsiA7Vs8_clip0130_t00776,hxoZsiA7Vs8,776.674,781.674,5.0,1.0,1.0,6.26,/kaggle/working/clips/tier1/hxoZsiA7Vs8_clip0130_t00776.mp4
hxoZsiA7Vs8_clip0131_t00780,hxoZsiA7Vs8,780.674,785.674,5.0,1.0,1.0,4.81,/kaggle/working/clips/tier1/hxoZsiA7Vs8_clip0131_t00780.mp4
hxoZsiA7Vs8_clip0132_t00784,hxoZsiA7Vs8,784.674,789.674,5.0,1.0,1.0,4.7,/kaggle/working/clips/tier1/hxoZsiA7Vs8_clip0132_t00784.mp4
jInLQAiBlVQ_clip0000_t00008,jInLQAiBlVQ,8.514,18.11,9.596,1.0,1.0,5.63,/kaggle/working/clips/tier1/jInLQAiBlVQ_clip0000_t00008.mp4
jInLQAiBlVQ_clip0001_t00052,jInLQAiBlVQ,52.386,57.386,5.0,1.0,1.0,6.89,/kaggle/working/clips/tier1/jInLQAiBlVQ_clip0001_t00052.mp4
jInLQAiBlVQ_clip0002_t00056,jInLQAiBlVQ,56.386,61.386,5.0,1.0,1.0,6.26,/kaggle/working/clips/tier1/jInLQAiBlVQ_clip0002_t00056.mp4
jInLQAiBlVQ_clip0003_t00060,jInLQAiBlVQ,60.386,64.414,4.028,1.0,1.0,5.49,/kaggle/working/clips/tier1/jInLQAiBlVQ_clip0003_t00060.mp4
jInLQAiBlVQ_clip0004_t00142,jInLQAiBlVQ,142.914,154.302,11.388,1.0,1.0,5.27,/kaggle/working/clips/tier1/jInLQAiBlVQ_clip0004_t00142.mp4
jInLQAiBlVQ_clip0005_t00184,jInLQAiBlVQ,184.162,189.162,5.0,0.8,1.0,4.13,/kaggle/working/clips/tier1/jInLQAiBlVQ_clip0005_t00184.mp4
jInLQAiBlVQ_clip0006_t00188,jInLQAiBlVQ,188.162,193.162,5.0,0.8,1.0,3.32,/kaggle/working/clips/tier1/jInLQAiBlVQ_clip0006_t00188.mp4
jInLQAiBlVQ_clip0007_t00200,jInLQAiBlVQ,200.162,205.162,5.0,0.8,1.0,4.27,/kaggle/working/clips/tier1/jInLQAiBlVQ_clip0007_t00200.mp4
jInLQAiBlVQ_clip0008_t00208,jInLQAiBlVQ,208.162,213.162,5.0,1.0,1.0,5.19,/kaggle/working/clips/tier1/jInLQAiBlVQ_clip0008_t00208.mp4
jInLQAiBlVQ_clip0009_t00212,jInLQAiBlVQ,212.162,217.086,4.924,1.0,1.0,4.93,/kaggle/working/clips/tier1/jInLQAiBlVQ_clip0009_t00212.mp4
jInLQAiBlVQ_clip0010_t00247,jInLQAiBlVQ,247.746,255.422,7.676,1.0,1.0,6.05,/kaggle/working/clips/tier1/jInLQAiBlVQ_clip0010_t00247.mp4
jInLQAiBlVQ_clip0011_t00276,jInLQAiBlVQ,276.994,280.734,3.74,0.75,1.0,4.88,/kaggle/working/clips/tier1/jInLQAiBlVQ_clip0011_t00276.mp4
jInLQAiBlVQ_clip0012_t00283,jInLQAiBlVQ,283.682,293.854,10.172,1.0,1.0,5.8,/kaggle/working/clips/tier1/jInLQAiBlVQ_clip0012_t00283.mp4
jInLQAiBlVQ_clip0013_t00298,jInLQAiBlVQ,298.434,303.434,5.0,1.0,1.0,5.33,/kaggle/working/clips/tier1/jInLQAiBlVQ_clip0013_t00298.mp4
jInLQAiBlVQ_clip0014_t00302,jInLQAiBlVQ,302.434,307.434,5.0,1.0,1.0,6.22,/kaggle/working/clips/tier1/jInLQAiBlVQ_clip0014_t00302.mp4
jInLQAiBlVQ_clip0015_t00308,jInLQAiBlVQ,308.866,316.03,7.164,0.875,1.0,6.34,/kaggle/working/clips/tier1/jInLQAiBlVQ_clip0015_t00308.mp4
jInLQAiBlVQ_clip0016_t00316,jInLQAiBlVQ,316.226,324.542,8.316,1.0,1.0,5.3,/kaggle/working/clips/tier1/jInLQAiBlVQ_clip0016_t00316.mp4
jInLQAiBlVQ_clip0017_t00326,jInLQAiBlVQ,326.018,331.454,5.436,1.0,1.0,4.35,/kaggle/working/clips/tier1/jInLQAiBlVQ_clip0017_t00326.mp4
jInLQAiBlVQ_clip0018_t00359,jInLQAiBlVQ,359.906,367.774,7.868,1.0,1.0,5.4,/kaggle/working/clips/tier1/jInLQAiBlVQ_clip0018_t00359.mp4
jInLQAiBlVQ_clip0019_t00367,jInLQAiBlVQ,367.938,371.87,3.932,1.0,1.0,4.93,/kaggle/working/clips/tier1/jInLQAiBlVQ_clip0019_t00367.mp4
jInLQAiBlVQ_clip0020_t00388,jInLQAiBlVQ,388.802,398.014,9.212,1.0,1.0,4.92,/kaggle/working/clips/tier1/jInLQAiBlVQ_clip0020_t00388.mp4
jInLQAiBlVQ_clip0021_t00403,jInLQAiBlVQ,403.01,413.438,10.428,1.0,1.0,5.26,/kaggle/working/clips/tier1/jInLQAiBlVQ_clip0021_t00403.mp4
jInLQAiBlVQ_clip0022_t00413,jInLQAiBlVQ,413.698,419.39,5.692,1.0,1.0,5.46,/kaggle/working/clips/tier1/jInLQAiBlVQ_clip0022_t00413.mp4
jInLQAiBlVQ_clip0023_t00490,jInLQAiBlVQ,490.242,492.926,2.684,1.0,1.0,6.87,/kaggle/working/clips/tier1/jInLQAiBlVQ_clip0023_t00490.mp4
jInLQAiBlVQ_clip0024_t00528,jInLQAiBlVQ,528.066,530.142,2.076,1.0,1.0,4.39,/kaggle/working/clips/tier1/jInLQAiBlVQ_clip0024_t00528.mp4
jInLQAiBlVQ_clip0025_t00532,jInLQAiBlVQ,532.418,537.418,5.0,1.0,1.0,5.15,/kaggle/working/clips/tier1/jInLQAiBlVQ_clip0025_t00532.mp4
jInLQAiBlVQ_clip0026_t00536,jInLQAiBlVQ,536.418,541.418,5.0,1.0,1.0,5.8,/kaggle/working/clips/tier1/jInLQAiBlVQ_clip0026_t00536.mp4
jInLQAiBlVQ_clip0027_t00540,jInLQAiBlVQ,540.418,545.278,4.86,1.0,1.0,4.28,/kaggle/working/clips/tier1/jInLQAiBlVQ_clip0027_t00540.mp4
jInLQAiBlVQ_clip0028_t00545,jInLQAiBlVQ,545.538,551.23,5.692,1.0,1.0,4.74,/kaggle/working/clips/tier1/jInLQAiBlVQ_clip0028_t00545.mp4
jInLQAiBlVQ_clip0029_t00551,jInLQAiBlVQ,551.458,554.27,2.812,1.0,1.0,5.96,/kaggle/working/clips/tier1/jInLQAiBlVQ_clip0029_t00551.mp4
jInLQAiBlVQ_clip0030_t00571,jInLQAiBlVQ,571.522,579.87,8.348,1.0,1.0,6.18,/kaggle/working/clips/tier1/jInLQAiBlVQ_clip0030_t00571.mp4
jInLQAiBlVQ_clip0031_t00597,jInLQAiBlVQ,597.154,601.438,4.284,1.0,1.0,6.56,/kaggle/working/clips/tier1/jInLQAiBlVQ_clip0031_t00597.mp4
jInLQAiBlVQ_clip0032_t00603,jInLQAiBlVQ,603.01,608.222,5.212,1.0,1.0,4.41,/kaggle/working/clips/tier1/jInLQAiBlVQ_clip0032_t00603.mp4
jInLQAiBlVQ_clip0033_t00628,jInLQAiBlVQ,628.226,635.838,7.612,1.0,1.0,5.87,/kaggle/working/clips/tier1/jInLQAiBlVQ_clip0033_t00628.mp4
jInLQAiBlVQ_clip0034_t00647,jInLQAiBlVQ,647.362,650.782,3.42,1.0,1.0,5.56,/kaggle/working/clips/tier1/jInLQAiBlVQ_clip0034_t00647.mp4
jInLQAiBlVQ_clip0035_t00655,jInLQAiBlVQ,655.714,658.91,3.196,1.0,1.0,6.43,/kaggle/working/clips/tier1/jInLQAiBlVQ_clip0035_t00655.mp4
jInLQAiBlVQ_clip0036_t00660,jInLQAiBlVQ,660.482,667.006,6.524,1.0,1.0,6.53,/kaggle/working/clips/tier1/jInLQAiBlVQ_clip0036_t00660.mp4
jInLQAiBlVQ_clip0037_t00667,jInLQAiBlVQ,667.17,674.782,7.612,1.0,1.0,5.52,/kaggle/working/clips/tier1/jInLQAiBlVQ_clip0037_t00667.mp4
jInLQAiBlVQ_clip0038_t00675,jInLQAiBlVQ,675.106,679.134,4.028,1.0,1.0,5.12,/kaggle/working/clips/tier1/jInLQAiBlVQ_clip0038_t00675.mp4
jInLQAiBlVQ_clip0039_t00722,jInLQAiBlVQ,722.818,725.342,2.524,1.0,1.0,6.29,/kaggle/working/clips/tier1/jInLQAiBlVQ_clip0039_t00722.mp4
jInLQAiBlVQ_clip0040_t00728,jInLQAiBlVQ,728.738,732.51,3.772,1.0,1.0,5.45,/kaggle/working/clips/tier1/jInLQAiBlVQ_clip0040_t00728.mp4
jInLQAiBlVQ_clip0041_t00735,jInLQAiBlVQ,735.17,737.886,2.716,1.0,1.0,6.67,/kaggle/working/clips/tier1/jInLQAiBlVQ_clip0041_t00735.mp4
jInLQAiBlVQ_clip0042_t00742,jInLQAiBlVQ,742.146,744.862,2.716,1.0,1.0,5.52,/kaggle/working/clips/tier1/jInLQAiBlVQ_clip0042_t00742.mp4
jInLQAiBlVQ_clip0043_t00745,jInLQAiBlVQ,745.09,747.23,2.14,1.0,1.0,5.19,/kaggle/working/clips/tier1/jInLQAiBlVQ_clip0043_t00745.mp4
jInLQAiBlVQ_clip0044_t00748,jInLQAiBlVQ,748.13,755.102,6.972,1.0,1.0,5.72,/kaggle/working/clips/tier1/jInLQAiBlVQ_clip0044_t00748.mp4
jInLQAiBlVQ_clip0045_t00755,jInLQAiBlVQ,755.394,759.518,4.124,1.0,1.0,5.26,/kaggle/working/clips/tier1/jInLQAiBlVQ_clip0045_t00755.mp4
jInLQAiBlVQ_clip0046_t00759,jInLQAiBlVQ,759.842,768.926,9.084,1.0,1.0,5.68,/kaggle/working/clips/tier1/jInLQAiBlVQ_clip0046_t00759.mp4
jInLQAiBlVQ_clip0047_t00796,jInLQAiBlVQ,796.61,803.87,7.26,1.0,1.0,5.5,/kaggle/working/clips/tier1/jInLQAiBlVQ_clip0047_t00796.mp4
jInLQAiBlVQ_clip0048_t00804,jInLQAiBlVQ,804.002,806.398,2.396,1.0,1.0,2.97,/kaggle/working/clips/tier1/jInLQAiBlVQ_clip0048_t00804.mp4
jInLQAiBlVQ_clip0049_t00811,jInLQAiBlVQ,811.394,814.238,2.844,1.0,1.0,4.03,/kaggle/working/clips/tier1/jInLQAiBlVQ_clip0049_t00811.mp4
jInLQAiBlVQ_clip0050_t00817,jInLQAiBlVQ,817.922,821.31,3.388,1.0,1.0,5.21,/kaggle/working/clips/tier1/jInLQAiBlVQ_clip0050_t00817.mp4
jInLQAiBlVQ_clip0051_t00842,jInLQAiBlVQ,842.946,847.946,5.0,0.8,1.0,7.23,/kaggle/working/clips/tier1/jInLQAiBlVQ_clip0051_t00842.mp4
jInLQAiBlVQ_clip0052_t00870,jInLQAiBlVQ,870.466,879.55,9.084,1.0,1.0,5.9,/kaggle/working/clips/tier1/jInLQAiBlVQ_clip0052_t00870.mp4
KGzI9Ufjctc_clip0000_t00117,KGzI9Ufjctc,117.826,120.574,2.748,1.0,1.0,2.03,/kaggle/working/clips/tier1/KGzI9Ufjctc_clip0000_t00117.mp4
KGzI9Ufjctc_clip0001_t00229,KGzI9Ufjctc,229.602,232.382,2.78,1.0,1.0,2.3,/kaggle/working/clips/tier1/KGzI9Ufjctc_clip0001_t00229.mp4
KGzI9Ufjctc_clip0002_t00365,KGzI9Ufjctc,365.218,367.55,2.332,1.0,1.0,1.73,/kaggle/working/clips/tier1/KGzI9Ufjctc_clip0002_t00365.mp4
KGzI9Ufjctc_clip0003_t00367,KGzI9Ufjctc,367.682,373.534,5.852,0.833,1.0,2.74,/kaggle/working/clips/tier1/KGzI9Ufjctc_clip0003_t00367.mp4
KGzI9Ufjctc_clip0004_t00375,KGzI9Ufjctc,375.33,377.886,2.556,1.0,1.0,1.87,/kaggle/working/clips/tier1/KGzI9Ufjctc_clip0004_t00375.mp4
KGzI9Ufjctc_clip0005_t00378,KGzI9Ufjctc,378.306,381.758,3.452,1.0,1.0,3.66,/kaggle/working/clips/tier1/KGzI9Ufjctc_clip0005_t00378.mp4
KGzI9Ufjctc_clip0006_t00387,KGzI9Ufjctc,387.682,389.694,2.012,1.0,1.0,4.35,/kaggle/working/clips/tier1/KGzI9Ufjctc_clip0006_t00387.mp4
jfQzsbl5zZc_clip0000_t00009,jfQzsbl5zZc,9.73,13.822,4.092,1.0,1.0,20.63,/kaggle/working/clips/tier1/jfQzsbl5zZc_clip0000_t00009.mp4
jfQzsbl5zZc_clip0001_t00015,jfQzsbl5zZc,15.586,18.814,3.228,1.0,1.0,20.38,/kaggle/working/clips/tier1/jfQzsbl5zZc_clip0001_t00015.mp4
jfQzsbl5zZc_clip0002_t00018,jfQzsbl5zZc,18.914,21.438,2.524,1.0,1.0,18.78,/kaggle/working/clips/tier1/jfQzsbl5zZc_clip0002_t00018.mp4
jfQzsbl5zZc_clip0003_t00021,jfQzsbl5zZc,21.602,24.798,3.196,1.0,1.0,20.34,/kaggle/working/clips/tier1/jfQzsbl5zZc_clip0003_t00021.mp4
jfQzsbl5zZc_clip0004_t00027,jfQzsbl5zZc,27.586,32.638,5.052,1.0,1.0,20.16,/kaggle/working/clips/tier1/jfQzsbl5zZc_clip0004_t00027.mp4
jfQzsbl5zZc_clip0005_t00032,jfQzsbl5zZc,32.962,35.518,2.556,1.0,1.0,17.93,/kaggle/working/clips/tier1/jfQzsbl5zZc_clip0005_t00032.mp4
jfQzsbl5zZc_clip0006_t00041,jfQzsbl5zZc,41.698,44.03,2.332,1.0,1.0,22.93,/kaggle/working/clips/tier1/jfQzsbl5zZc_clip0006_t00041.mp4
jfQzsbl5zZc_clip0007_t00044,jfQzsbl5zZc,44.546,55.87,11.324,1.0,1.0,19.9,/kaggle/working/clips/tier1/jfQzsbl5zZc_clip0007_t00044.mp4
jfQzsbl5zZc_clip0008_t00056,jfQzsbl5zZc,56.066,58.59,2.524,1.0,1.0,20.02,/kaggle/working/clips/tier1/jfQzsbl5zZc_clip0008_t00056.mp4
jfQzsbl5zZc_clip0009_t00060,jfQzsbl5zZc,60.13,63.07,2.94,1.0,1.0,18.79,/kaggle/working/clips/tier1/jfQzsbl5zZc_clip0009_t00060.mp4
jfQzsbl5zZc_clip0010_t00064,jfQzsbl5zZc,64.834,68.254,3.42,1.0,1.0,19.79,/kaggle/working/clips/tier1/jfQzsbl5zZc_clip0010_t00064.mp4
jfQzsbl5zZc_clip0011_t00068,jfQzsbl5zZc,68.418,73.822,5.404,1.0,1.0,19.52,/kaggle/working/clips/tier1/jfQzsbl5zZc_clip0011_t00068.mp4
jfQzsbl5zZc_clip0012_t00074,jfQzsbl5zZc,74.21,84.158,9.948,1.0,1.0,19.33,/kaggle/working/clips/tier1/jfQzsbl5zZc_clip0012_t00074.mp4
jfQzsbl5zZc_clip0013_t00084,jfQzsbl5zZc,84.322,89.322,5.0,1.0,1.0,18.44,/kaggle/working/clips/tier1/jfQzsbl5zZc_clip0013_t00084.mp4
jfQzsbl5zZc_clip0014_t00088,jfQzsbl5zZc,88.322,93.322,5.0,1.0,1.0,20.11,/kaggle/working/clips/tier1/jfQzsbl5zZc_clip0014_t00088.mp4
jfQzsbl5zZc_clip0015_t00092,jfQzsbl5zZc,92.322,97.322,5.0,1.0,1.0,19.48,/kaggle/working/clips/tier1/jfQzsbl5zZc_clip0015_t00092.mp4
jfQzsbl5zZc_clip0016_t00100,jfQzsbl5zZc,100.002,104.094,4.092,1.0,1.0,19.66,/kaggle/working/clips/tier1/jfQzsbl5zZc_clip0016_t00100.mp4
jfQzsbl5zZc_clip0017_t00104,jfQzsbl5zZc,104.194,106.43,2.236,1.0,1.0,19.23,/kaggle/working/clips/tier1/jfQzsbl5zZc_clip0017_t00104.mp4
jfQzsbl5zZc_clip0018_t00106,jfQzsbl5zZc,106.722,112.446,5.724,1.0,1.0,19.01,/kaggle/working/clips/tier1/jfQzsbl5zZc_clip0018_t00106.mp4
jfQzsbl5zZc_clip0019_t00117,jfQzsbl5zZc,117.73,124.542,6.812,1.0,1.0,21.15,/kaggle/working/clips/tier1/jfQzsbl5zZc_clip0019_t00117.mp4
jfQzsbl5zZc_clip0020_t00124,jfQzsbl5zZc,124.674,127.358,2.684,1.0,1.0,19.36,/kaggle/working/clips/tier1/jfQzsbl5zZc_clip0020_t00124.mp4
jfQzsbl5zZc_clip0021_t00127,jfQzsbl5zZc,127.49,131.134,3.644,1.0,1.0,19.51,/kaggle/working/clips/tier1/jfQzsbl5zZc_clip0021_t00127.mp4
jfQzsbl5zZc_clip0022_t00131,jfQzsbl5zZc,131.234,134.27,3.036,1.0,1.0,21.64,/kaggle/working/clips/tier1/jfQzsbl5zZc_clip0022_t00131.mp4
jfQzsbl5zZc_clip0023_t00135,jfQzsbl5zZc,135.522,137.95,2.428,1.0,1.0,21.19,/kaggle/working/clips/tier1/jfQzsbl5zZc_clip0023_t00135.mp4
jfQzsbl5zZc_clip0024_t00138,jfQzsbl5zZc,138.21,150.046,11.836,1.0,1.0,19.93,/kaggle/working/clips/tier1/jfQzsbl5zZc_clip0024_t00138.mp4
jfQzsbl5zZc_clip0025_t00152,jfQzsbl5zZc,152.258,163.966,11.708,1.0,1.0,21.18,/kaggle/working/clips/tier1/jfQzsbl5zZc_clip0025_t00152.mp4
jfQzsbl5zZc_clip0026_t00164,jfQzsbl5zZc,164.162,168.158,3.996,1.0,1.0,21.2,/kaggle/working/clips/tier1/jfQzsbl5zZc_clip0026_t00164.mp4
jfQzsbl5zZc_clip0027_t00168,jfQzsbl5zZc,168.29,171.966,3.676,1.0,1.0,19.15,/kaggle/working/clips/tier1/jfQzsbl5zZc_clip0027_t00168.mp4
jfQzsbl5zZc_clip0028_t00172,jfQzsbl5zZc,172.098,174.75,2.652,1.0,1.0,16.82,/kaggle/working/clips/tier1/jfQzsbl5zZc_clip0028_t00172.mp4
jfQzsbl5zZc_clip0029_t00174,jfQzsbl5zZc,174.882,177.79,2.908,1.0,1.0,21.13,/kaggle/working/clips/tier1/jfQzsbl5zZc_clip0029_t00174.mp4
jfQzsbl5zZc_clip0030_t00177,jfQzsbl5zZc,177.954,182.954,5.0,1.0,1.0,18.76,/kaggle/working/clips/tier1/jfQzsbl5zZc_clip0030_t00177.mp4
jfQzsbl5zZc_clip0031_t00181,jfQzsbl5zZc,181.954,186.954,5.0,1.0,1.0,18.23,/kaggle/working/clips/tier1/jfQzsbl5zZc_clip0031_t00181.mp4
jfQzsbl5zZc_clip0032_t00185,jfQzsbl5zZc,185.954,190.302,4.348,1.0,1.0,19.25,/kaggle/working/clips/tier1/jfQzsbl5zZc_clip0032_t00185.mp4
jfQzsbl5zZc_clip0033_t00190,jfQzsbl5zZc,190.498,195.498,5.0,1.0,1.0,18.17,/kaggle/working/clips/tier1/jfQzsbl5zZc_clip0033_t00190.mp4
jfQzsbl5zZc_clip0034_t00194,jfQzsbl5zZc,194.498,199.498,5.0,1.0,1.0,18.43,/kaggle/working/clips/tier1/jfQzsbl5zZc_clip0034_t00194.mp4
jfQzsbl5zZc_clip0035_t00198,jfQzsbl5zZc,198.498,203.498,5.0,1.0,1.0,18.07,/kaggle/working/clips/tier1/jfQzsbl5zZc_clip0035_t00198.mp4
jfQzsbl5zZc_clip0036_t00204,jfQzsbl5zZc,204.61,206.974,2.364,1.0,1.0,23.02,/kaggle/working/clips/tier1/jfQzsbl5zZc_clip0036_t00204.mp4
jfQzsbl5zZc_clip0037_t00207,jfQzsbl5zZc,207.298,212.298,5.0,1.0,1.0,19.11,/kaggle/working/clips/tier1/jfQzsbl5zZc_clip0037_t00207.mp4
jfQzsbl5zZc_clip0038_t00211,jfQzsbl5zZc,211.298,216.298,5.0,1.0,1.0,19.06,/kaggle/working/clips/tier1/jfQzsbl5zZc_clip0038_t00211.mp4
jfQzsbl5zZc_clip0039_t00215,jfQzsbl5zZc,215.298,220.254,4.956,1.0,1.0,21.2,/kaggle/working/clips/tier1/jfQzsbl5zZc_clip0039_t00215.mp4
jfQzsbl5zZc_clip0040_t00220,jfQzsbl5zZc,220.354,224.798,4.444,1.0,1.0,20.39,/kaggle/working/clips/tier1/jfQzsbl5zZc_clip0040_t00220.mp4
jfQzsbl5zZc_clip0041_t00225,jfQzsbl5zZc,225.026,230.366,5.34,1.0,1.0,19.64,/kaggle/working/clips/tier1/jfQzsbl5zZc_clip0041_t00225.mp4
jfQzsbl5zZc_clip0042_t00232,jfQzsbl5zZc,232.194,235.966,3.772,1.0,1.0,19.65,/kaggle/working/clips/tier1/jfQzsbl5zZc_clip0042_t00232.mp4
jfQzsbl5zZc_clip0043_t00239,jfQzsbl5zZc,239.906,245.15,5.244,1.0,1.0,21.6,/kaggle/working/clips/tier1/jfQzsbl5zZc_clip0043_t00239.mp4
jfQzsbl5zZc_clip0044_t00245,jfQzsbl5zZc,245.282,248.222,2.94,1.0,1.0,20.13,/kaggle/working/clips/tier1/jfQzsbl5zZc_clip0044_t00245.mp4
jfQzsbl5zZc_clip0045_t00248,jfQzsbl5zZc,248.354,255.166,6.812,1.0,1.0,20.98,/kaggle/working/clips/tier1/jfQzsbl5zZc_clip0045_t00248.mp4
jfQzsbl5zZc_clip0046_t00255,jfQzsbl5zZc,255.586,259.038,3.452,1.0,1.0,18.78,/kaggle/working/clips/tier1/jfQzsbl5zZc_clip0046_t00255.mp4
jfQzsbl5zZc_clip0047_t00263,jfQzsbl5zZc,263.042,267.39,4.348,1.0,1.0,17.35,/kaggle/working/clips/tier1/jfQzsbl5zZc_clip0047_t00263.mp4
jfQzsbl5zZc_clip0048_t00268,jfQzsbl5zZc,268.994,271.358,2.364,1.0,1.0,23.73,/kaggle/working/clips/tier1/jfQzsbl5zZc_clip0048_t00268.mp4
jfQzsbl5zZc_clip0049_t00272,jfQzsbl5zZc,272.546,281.566,9.02,1.0,1.0,19.29,/kaggle/working/clips/tier1/jfQzsbl5zZc_clip0049_t00272.mp4
jfQzsbl5zZc_clip0050_t00283,jfQzsbl5zZc,283.874,294.974,11.1,1.0,1.0,19.56,/kaggle/working/clips/tier1/jfQzsbl5zZc_clip0050_t00283.mp4
jfQzsbl5zZc_clip0051_t00295,jfQzsbl5zZc,295.17,300.17,5.0,1.0,1.0,19.67,/kaggle/working/clips/tier1/jfQzsbl5zZc_clip0051_t00295.mp4
jfQzsbl5zZc_clip0052_t00299,jfQzsbl5zZc,299.17,304.17,5.0,1.0,1.0,20.27,/kaggle/working/clips/tier1/jfQzsbl5zZc_clip0052_t00299.mp4
jfQzsbl5zZc_clip0053_t00303,jfQzsbl5zZc,303.17,308.17,5.0,1.0,1.0,20.38,/kaggle/working/clips/tier1/jfQzsbl5zZc_clip0053_t00303.mp4
jfQzsbl5zZc_clip0054_t00307,jfQzsbl5zZc,307.17,312.17,5.0,1.0,1.0,19.9,/kaggle/working/clips/tier1/jfQzsbl5zZc_clip0054_t00307.mp4
jfQzsbl5zZc_clip0055_t00311,jfQzsbl5zZc,311.17,316.17,5.0,1.0,1.0,18.7,/kaggle/working/clips/tier1/jfQzsbl5zZc_clip0055_t00311.mp4
jfQzsbl5zZc_clip0056_t00315,jfQzsbl5zZc,315.17,319.902,4.732,1.0,1.0,18.4,/kaggle/working/clips/tier1/jfQzsbl5zZc_clip0056_t00315.mp4
jfQzsbl5zZc_clip0057_t00322,jfQzsbl5zZc,322.402,326.366,3.964,1.0,1.0,18.6,/kaggle/working/clips/tier1/jfQzsbl5zZc_clip0057_t00322.mp4
jfQzsbl5zZc_clip0058_t00327,jfQzsbl5zZc,327.458,331.166,3.708,1.0,1.0,18.79,/kaggle/working/clips/tier1/jfQzsbl5zZc_clip0058_t00327.mp4
jfQzsbl5zZc_clip0059_t00331,jfQzsbl5zZc,331.33,334.174,2.844,1.0,1.0,16.49,/kaggle/working/clips/tier1/jfQzsbl5zZc_clip0059_t00331.mp4
jfQzsbl5zZc_clip0060_t00337,jfQzsbl5zZc,337.954,341.662,3.708,1.0,1.0,23.07,/kaggle/working/clips/tier1/jfQzsbl5zZc_clip0060_t00337.mp4
jfQzsbl5zZc_clip0061_t00342,jfQzsbl5zZc,342.082,344.894,2.812,1.0,1.0,21.46,/kaggle/working/clips/tier1/jfQzsbl5zZc_clip0061_t00342.mp4
jfQzsbl5zZc_clip0062_t00344,jfQzsbl5zZc,344.994,349.994,5.0,1.0,1.0,20.34,/kaggle/working/clips/tier1/jfQzsbl5zZc_clip0062_t00344.mp4
jfQzsbl5zZc_clip0063_t00348,jfQzsbl5zZc,348.994,353.994,5.0,1.0,1.0,20.57,/kaggle/working/clips/tier1/jfQzsbl5zZc_clip0063_t00348.mp4
jfQzsbl5zZc_clip0064_t00352,jfQzsbl5zZc,352.994,357.994,5.0,1.0,1.0,21.14,/kaggle/working/clips/tier1/jfQzsbl5zZc_clip0064_t00352.mp4
jfQzsbl5zZc_clip0065_t00356,jfQzsbl5zZc,356.994,361.994,5.0,1.0,1.0,19.63,/kaggle/working/clips/tier1/jfQzsbl5zZc_clip0065_t00356.mp4
jfQzsbl5zZc_clip0066_t00360,jfQzsbl5zZc,360.994,365.994,5.0,1.0,1.0,21.34,/kaggle/working/clips/tier1/jfQzsbl5zZc_clip0066_t00360.mp4
jfQzsbl5zZc_clip0067_t00367,jfQzsbl5zZc,367.266,375.902,8.636,1.0,1.0,20.85,/kaggle/working/clips/tier1/jfQzsbl5zZc_clip0067_t00367.mp4
jfQzsbl5zZc_clip0068_t00376,jfQzsbl5zZc,376.098,381.098,5.0,1.0,1.0,20.59,/kaggle/working/clips/tier1/jfQzsbl5zZc_clip0068_t00376.mp4
jfQzsbl5zZc_clip0069_t00380,jfQzsbl5zZc,380.098,385.098,5.0,1.0,1.0,19.9,/kaggle/working/clips/tier1/jfQzsbl5zZc_clip0069_t00380.mp4
jfQzsbl5zZc_clip0070_t00384,jfQzsbl5zZc,384.098,389.098,5.0,1.0,1.0,17.99,/kaggle/working/clips/tier1/jfQzsbl5zZc_clip0070_t00384.mp4
jfQzsbl5zZc_clip0071_t00388,jfQzsbl5zZc,388.098,393.098,5.0,1.0,1.0,18.1,/kaggle/working/clips/tier1/jfQzsbl5zZc_clip0071_t00388.mp4
jfQzsbl5zZc_clip0072_t00392,jfQzsbl5zZc,392.098,394.878,2.78,1.0,1.0,19.21,/kaggle/working/clips/tier1/jfQzsbl5zZc_clip0072_t00392.mp4
jfQzsbl5zZc_clip0073_t00397,jfQzsbl5zZc,397.282,403.006,5.724,1.0,1.0,21.71,/kaggle/working/clips/tier1/jfQzsbl5zZc_clip0073_t00397.mp4
jfQzsbl5zZc_clip0074_t00403,jfQzsbl5zZc,403.554,408.414,4.86,1.0,1.0,20.74,/kaggle/working/clips/tier1/jfQzsbl5zZc_clip0074_t00403.mp4
jfQzsbl5zZc_clip0075_t00408,jfQzsbl5zZc,408.674,413.674,5.0,1.0,1.0,21.32,/kaggle/working/clips/tier1/jfQzsbl5zZc_clip0075_t00408.mp4
jfQzsbl5zZc_clip0076_t00412,jfQzsbl5zZc,412.674,417.674,5.0,1.0,1.0,21.21,/kaggle/working/clips/tier1/jfQzsbl5zZc_clip0076_t00412.mp4
jfQzsbl5zZc_clip0077_t00416,jfQzsbl5zZc,416.674,421.674,5.0,1.0,1.0,21.09,/kaggle/working/clips/tier1/jfQzsbl5zZc_clip0077_t00416.mp4
jfQzsbl5zZc_clip0078_t00420,jfQzsbl5zZc,420.674,423.646,2.972,1.0,1.0,20.52,/kaggle/working/clips/tier1/jfQzsbl5zZc_clip0078_t00420.mp4
jfQzsbl5zZc_clip0079_t00423,jfQzsbl5zZc,423.842,428.894,5.052,1.0,1.0,18.85,/kaggle/working/clips/tier1/jfQzsbl5zZc_clip0079_t00423.mp4
jfQzsbl5zZc_clip0080_t00429,jfQzsbl5zZc,429.794,434.794,5.0,1.0,1.0,21.12,/kaggle/working/clips/tier1/jfQzsbl5zZc_clip0080_t00429.mp4
jfQzsbl5zZc_clip0081_t00433,jfQzsbl5zZc,433.794,438.794,5.0,1.0,1.0,20.41,/kaggle/working/clips/tier1/jfQzsbl5zZc_clip0081_t00433.mp4
jfQzsbl5zZc_clip0082_t00437,jfQzsbl5zZc,437.794,442.794,5.0,1.0,1.0,19.78,/kaggle/working/clips/tier1/jfQzsbl5zZc_clip0082_t00437.mp4
jfQzsbl5zZc_clip0083_t00441,jfQzsbl5zZc,441.794,446.794,5.0,1.0,1.0,19.38,/kaggle/working/clips/tier1/jfQzsbl5zZc_clip0083_t00441.mp4
jfQzsbl5zZc_clip0084_t00447,jfQzsbl5zZc,447.554,451.198,3.644,1.0,1.0,20.28,/kaggle/working/clips/tier1/jfQzsbl5zZc_clip0084_t00447.mp4
jfQzsbl5zZc_clip0085_t00451,jfQzsbl5zZc,451.394,455.87,4.476,1.0,1.0,16.84,/kaggle/working/clips/tier1/jfQzsbl5zZc_clip0085_t00451.mp4
jfQzsbl5zZc_clip0086_t00456,jfQzsbl5zZc,456.002,466.878,10.876,1.0,1.0,19.46,/kaggle/working/clips/tier1/jfQzsbl5zZc_clip0086_t00456.mp4
jfQzsbl5zZc_clip0087_t00469,jfQzsbl5zZc,469.378,474.378,5.0,1.0,1.0,18.14,/kaggle/working/clips/tier1/jfQzsbl5zZc_clip0087_t00469.mp4
jfQzsbl5zZc_clip0088_t00473,jfQzsbl5zZc,473.378,478.378,5.0,1.0,1.0,18.64,/kaggle/working/clips/tier1/jfQzsbl5zZc_clip0088_t00473.mp4
jfQzsbl5zZc_clip0089_t00477,jfQzsbl5zZc,477.378,482.378,5.0,1.0,1.0,17.04,/kaggle/working/clips/tier1/jfQzsbl5zZc_clip0089_t00477.mp4
jfQzsbl5zZc_clip0090_t00481,jfQzsbl5zZc,481.378,486.378,5.0,1.0,1.0,18.94,/kaggle/working/clips/tier1/jfQzsbl5zZc_clip0090_t00481.mp4
jfQzsbl5zZc_clip0091_t00485,jfQzsbl5zZc,485.378,490.378,5.0,1.0,1.0,18.76,/kaggle/working/clips/tier1/jfQzsbl5zZc_clip0091_t00485.mp4
jfQzsbl5zZc_clip0092_t00492,jfQzsbl5zZc,492.162,494.206,2.044,1.0,1.0,21.93,/kaggle/working/clips/tier1/jfQzsbl5zZc_clip0092_t00492.mp4
jfQzsbl5zZc_clip0093_t00494,jfQzsbl5zZc,494.466,497.342,2.876,1.0,1.0,19.26,/kaggle/working/clips/tier1/jfQzsbl5zZc_clip0093_t00494.mp4
jfQzsbl5zZc_clip0094_t00497,jfQzsbl5zZc,497.538,504.99,7.452,1.0,1.0,19.33,/kaggle/working/clips/tier1/jfQzsbl5zZc_clip0094_t00497.mp4
jfQzsbl5zZc_clip0095_t00506,jfQzsbl5zZc,506.146,509.982,3.836,1.0,1.0,18.98,/kaggle/working/clips/tier1/jfQzsbl5zZc_clip0095_t00506.mp4
jfQzsbl5zZc_clip0096_t00510,jfQzsbl5zZc,510.37,517.598,7.228,1.0,1.0,19.91,/kaggle/working/clips/tier1/jfQzsbl5zZc_clip0096_t00510.mp4
jfQzsbl5zZc_clip0097_t00517,jfQzsbl5zZc,517.794,523.486,5.692,1.0,1.0,17.81,/kaggle/working/clips/tier1/jfQzsbl5zZc_clip0097_t00517.mp4
jfQzsbl5zZc_clip0098_t00524,jfQzsbl5zZc,524.706,529.706,5.0,1.0,1.0,20.24,/kaggle/working/clips/tier1/jfQzsbl5zZc_clip0098_t00524.mp4
jfQzsbl5zZc_clip0099_t00528,jfQzsbl5zZc,528.706,533.706,5.0,1.0,1.0,20.23,/kaggle/working/clips/tier1/jfQzsbl5zZc_clip0099_t00528.mp4
jfQzsbl5zZc_clip0100_t00532,jfQzsbl5zZc,532.706,537.706,5.0,1.0,1.0,19.89,/kaggle/working/clips/tier1/jfQzsbl5zZc_clip0100_t00532.mp4
jfQzsbl5zZc_clip0101_t00536,jfQzsbl5zZc,536.706,541.706,5.0,1.0,1.0,19.42,/kaggle/working/clips/tier1/jfQzsbl5zZc_clip0101_t00536.mp4
jfQzsbl5zZc_clip0102_t00540,jfQzsbl5zZc,540.706,545.706,5.0,1.0,1.0,18.9,/kaggle/working/clips/tier1/jfQzsbl5zZc_clip0102_t00540.mp4
jfQzsbl5zZc_clip0103_t00544,jfQzsbl5zZc,544.706,549.706,5.0,1.0,1.0,18.75,/kaggle/working/clips/tier1/jfQzsbl5zZc_clip0103_t00544.mp4
jfQzsbl5zZc_clip0104_t00550,jfQzsbl5zZc,550.946,555.946,5.0,1.0,1.0,19.25,/kaggle/working/clips/tier1/jfQzsbl5zZc_clip0104_t00550.mp4
jfQzsbl5zZc_clip0105_t00554,jfQzsbl5zZc,554.946,559.946,5.0,1.0,1.0,18.28,/kaggle/working/clips/tier1/jfQzsbl5zZc_clip0105_t00554.mp4
jfQzsbl5zZc_clip0106_t00558,jfQzsbl5zZc,558.946,563.946,5.0,1.0,1.0,17.86,/kaggle/working/clips/tier1/jfQzsbl5zZc_clip0106_t00558.mp4
jfQzsbl5zZc_clip0107_t00565,jfQzsbl5zZc,565.026,570.238,5.212,1.0,1.0,20.06,/kaggle/working/clips/tier1/jfQzsbl5zZc_clip0107_t00565.mp4
jfQzsbl5zZc_clip0108_t00570,jfQzsbl5zZc,570.338,573.438,3.1,1.0,1.0,17.13,/kaggle/working/clips/tier1/jfQzsbl5zZc_clip0108_t00570.mp4
jfQzsbl5zZc_clip0109_t00577,jfQzsbl5zZc,577.666,587.102,9.436,1.0,1.0,21.41,/kaggle/working/clips/tier1/jfQzsbl5zZc_clip0109_t00577.mp4
jfQzsbl5zZc_clip0110_t00588,jfQzsbl5zZc,588.482,597.214,8.732,1.0,1.0,19.99,/kaggle/working/clips/tier1/jfQzsbl5zZc_clip0110_t00588.mp4
jfQzsbl5zZc_clip0111_t00597,jfQzsbl5zZc,597.538,603.326,5.788,1.0,1.0,19.76,/kaggle/working/clips/tier1/jfQzsbl5zZc_clip0111_t00597.mp4
jfQzsbl5zZc_clip0112_t00603,jfQzsbl5zZc,603.458,608.094,4.636,1.0,1.0,20.52,/kaggle/working/clips/tier1/jfQzsbl5zZc_clip0112_t00603.mp4
jfQzsbl5zZc_clip0113_t00608,jfQzsbl5zZc,608.258,613.95,5.692,1.0,1.0,19.13,/kaggle/working/clips/tier1/jfQzsbl5zZc_clip0113_t00608.mp4
jfQzsbl5zZc_clip0114_t00614,jfQzsbl5zZc,614.082,619.082,5.0,1.0,1.0,20.07,/kaggle/working/clips/tier1/jfQzsbl5zZc_clip0114_t00614.mp4
jfQzsbl5zZc_clip0115_t00618,jfQzsbl5zZc,618.082,623.082,5.0,1.0,1.0,20.26,/kaggle/working/clips/tier1/jfQzsbl5zZc_clip0115_t00618.mp4
jfQzsbl5zZc_clip0116_t00622,jfQzsbl5zZc,622.082,627.082,5.0,1.0,1.0,19.65,/kaggle/working/clips/tier1/jfQzsbl5zZc_clip0116_t00622.mp4
jfQzsbl5zZc_clip0117_t00626,jfQzsbl5zZc,626.082,631.082,5.0,1.0,1.0,20.09,/kaggle/working/clips/tier1/jfQzsbl5zZc_clip0117_t00626.mp4
jfQzsbl5zZc_clip0118_t00630,jfQzsbl5zZc,630.082,635.082,5.0,1.0,1.0,18.05,/kaggle/working/clips/tier1/jfQzsbl5zZc_clip0118_t00630.mp4
jfQzsbl5zZc_clip0119_t00634,jfQzsbl5zZc,634.082,639.082,5.0,1.0,1.0,19.42,/kaggle/working/clips/tier1/jfQzsbl5zZc_clip0119_t00634.mp4
jfQzsbl5zZc_clip0120_t00640,jfQzsbl5zZc,640.546,647.166,6.62,1.0,1.0,18.69,/kaggle/working/clips/tier1/jfQzsbl5zZc_clip0120_t00640.mp4
jfQzsbl5zZc_clip0121_t00647,jfQzsbl5zZc,647.458,655.678,8.22,1.0,1.0,19.36,/kaggle/working/clips/tier1/jfQzsbl5zZc_clip0121_t00647.mp4
jfQzsbl5zZc_clip0122_t00658,jfQzsbl5zZc,658.242,663.242,5.0,1.0,1.0,19.85,/kaggle/working/clips/tier1/jfQzsbl5zZc_clip0122_t00658.mp4
jfQzsbl5zZc_clip0123_t00662,jfQzsbl5zZc,662.242,667.242,5.0,1.0,1.0,16.81,/kaggle/working/clips/tier1/jfQzsbl5zZc_clip0123_t00662.mp4
jfQzsbl5zZc_clip0124_t00666,jfQzsbl5zZc,666.242,671.242,5.0,1.0,1.0,18.91,/kaggle/working/clips/tier1/jfQzsbl5zZc_clip0124_t00666.mp4
jfQzsbl5zZc_clip0125_t00670,jfQzsbl5zZc,670.242,675.242,5.0,1.0,1.0,18.28,/kaggle/working/clips/tier1/jfQzsbl5zZc_clip0125_t00670.mp4
jfQzsbl5zZc_clip0126_t00674,jfQzsbl5zZc,674.242,678.622,4.38,1.0,1.0,17.1,/kaggle/working/clips/tier1/jfQzsbl5zZc_clip0126_t00674.mp4
jfQzsbl5zZc_clip0127_t00678,jfQzsbl5zZc,678.722,683.722,5.0,1.0,1.0,18.92,/kaggle/working/clips/tier1/jfQzsbl5zZc_clip0127_t00678.mp4
jfQzsbl5zZc_clip0128_t00682,jfQzsbl5zZc,682.722,687.722,5.0,1.0,1.0,17.92,/kaggle/working/clips/tier1/jfQzsbl5zZc_clip0128_t00682.mp4
jfQzsbl5zZc_clip0129_t00686,jfQzsbl5zZc,686.722,691.722,5.0,1.0,1.0,17.83,/kaggle/working/clips/tier1/jfQzsbl5zZc_clip0129_t00686.mp4
jfQzsbl5zZc_clip0130_t00694,jfQzsbl5zZc,694.594,703.262,8.668,1.0,1.0,16.86,/kaggle/working/clips/tier1/jfQzsbl5zZc_clip0130_t00694.mp4
jfQzsbl5zZc_clip0131_t00703,jfQzsbl5zZc,703.458,711.07,7.612,1.0,1.0,17.87,/kaggle/working/clips/tier1/jfQzsbl5zZc_clip0131_t00703.mp4
jfQzsbl5zZc_clip0132_t00711,jfQzsbl5zZc,711.234,718.43,7.196,1.0,1.0,16.0,/kaggle/working/clips/tier1/jfQzsbl5zZc_clip0132_t00711.mp4
jfQzsbl5zZc_clip0133_t00718,jfQzsbl5zZc,718.69,721.694,3.004,1.0,1.0,23.32,/kaggle/working/clips/tier1/jfQzsbl5zZc_clip0133_t00718.mp4
jfQzsbl5zZc_clip0134_t00722,jfQzsbl5zZc,722.242,724.542,2.3,1.0,1.0,22.47,/kaggle/working/clips/tier1/jfQzsbl5zZc_clip0134_t00722.mp4
jfQzsbl5zZc_clip0135_t00726,jfQzsbl5zZc,726.85,728.862,2.012,1.0,1.0,15.63,/kaggle/working/clips/tier1/jfQzsbl5zZc_clip0135_t00726.mp4
jfQzsbl5zZc_clip0136_t00729,jfQzsbl5zZc,729.378,734.558,5.18,1.0,1.0,19.98,/kaggle/working/clips/tier1/jfQzsbl5zZc_clip0136_t00729.mp4
jfQzsbl5zZc_clip0137_t00735,jfQzsbl5zZc,735.266,737.918,2.652,1.0,1.0,20.41,/kaggle/working/clips/tier1/jfQzsbl5zZc_clip0137_t00735.mp4
jfQzsbl5zZc_clip0138_t00740,jfQzsbl5zZc,740.674,742.974,2.3,1.0,1.0,20.86,/kaggle/working/clips/tier1/jfQzsbl5zZc_clip0138_t00740.mp4
jfQzsbl5zZc_clip0139_t00744,jfQzsbl5zZc,744.354,749.354,5.0,1.0,1.0,21.08,/kaggle/working/clips/tier1/jfQzsbl5zZc_clip0139_t00744.mp4
jfQzsbl5zZc_clip0140_t00748,jfQzsbl5zZc,748.354,753.354,5.0,1.0,1.0,21.69,/kaggle/working/clips/tier1/jfQzsbl5zZc_clip0140_t00748.mp4
jfQzsbl5zZc_clip0141_t00752,jfQzsbl5zZc,752.354,757.354,5.0,1.0,1.0,21.21,/kaggle/working/clips/tier1/jfQzsbl5zZc_clip0141_t00752.mp4
jfQzsbl5zZc_clip0142_t00756,jfQzsbl5zZc,756.354,761.354,5.0,1.0,1.0,20.69,/kaggle/working/clips/tier1/jfQzsbl5zZc_clip0142_t00756.mp4
jfQzsbl5zZc_clip0143_t00760,jfQzsbl5zZc,760.354,765.354,5.0,1.0,1.0,18.26,/kaggle/working/clips/tier1/jfQzsbl5zZc_clip0143_t00760.mp4
jfQzsbl5zZc_clip0144_t00764,jfQzsbl5zZc,764.354,769.354,5.0,1.0,1.0,20.14,/kaggle/working/clips/tier1/jfQzsbl5zZc_clip0144_t00764.mp4
jfQzsbl5zZc_clip0145_t00768,jfQzsbl5zZc,768.354,773.354,5.0,1.0,1.0,20.55,/kaggle/working/clips/tier1/jfQzsbl5zZc_clip0145_t00768.mp4
jfQzsbl5zZc_clip0146_t00772,jfQzsbl5zZc,772.354,775.742,3.388,1.0,1.0,19.96,/kaggle/working/clips/tier1/jfQzsbl5zZc_clip0146_t00772.mp4
jfQzsbl5zZc_clip0147_t00778,jfQzsbl5zZc,778.146,783.146,5.0,1.0,1.0,20.67,/kaggle/working/clips/tier1/jfQzsbl5zZc_clip0147_t00778.mp4
jfQzsbl5zZc_clip0148_t00782,jfQzsbl5zZc,782.146,787.146,5.0,1.0,1.0,20.39,/kaggle/working/clips/tier1/jfQzsbl5zZc_clip0148_t00782.mp4
jfQzsbl5zZc_clip0149_t00786,jfQzsbl5zZc,786.146,791.146,5.0,1.0,1.0,21.34,/kaggle/working/clips/tier1/jfQzsbl5zZc_clip0149_t00786.mp4
jfQzsbl5zZc_clip0150_t00790,jfQzsbl5zZc,790.146,795.146,5.0,1.0,1.0,20.42,/kaggle/working/clips/tier1/jfQzsbl5zZc_clip0150_t00790.mp4
jfQzsbl5zZc_clip0151_t00794,jfQzsbl5zZc,794.146,799.146,5.0,1.0,1.0,19.93,/kaggle/working/clips/tier1/jfQzsbl5zZc_clip0151_t00794.mp4
jfQzsbl5zZc_clip0152_t00798,jfQzsbl5zZc,798.146,801.406,3.26,1.0,1.0,19.86,/kaggle/working/clips/tier1/jfQzsbl5zZc_clip0152_t00798.mp4
jfQzsbl5zZc_clip0153_t00803,jfQzsbl5zZc,803.586,805.95,2.364,1.0,1.0,19.86,/kaggle/working/clips/tier1/jfQzsbl5zZc_clip0153_t00803.mp4
jfQzsbl5zZc_clip0154_t00806,jfQzsbl5zZc,806.21,810.558,4.348,1.0,1.0,21.61,/kaggle/working/clips/tier1/jfQzsbl5zZc_clip0154_t00806.mp4
jfQzsbl5zZc_clip0155_t00812,jfQzsbl5zZc,812.546,814.59,2.044,1.0,1.0,22.85,/kaggle/working/clips/tier1/jfQzsbl5zZc_clip0155_t00812.mp4
jfQzsbl5zZc_clip0156_t00814,jfQzsbl5zZc,814.722,819.722,5.0,1.0,1.0,20.22,/kaggle/working/clips/tier1/jfQzsbl5zZc_clip0156_t00814.mp4
jfQzsbl5zZc_clip0157_t00818,jfQzsbl5zZc,818.722,823.722,5.0,1.0,1.0,21.49,/kaggle/working/clips/tier1/jfQzsbl5zZc_clip0157_t00818.mp4
jfQzsbl5zZc_clip0158_t00822,jfQzsbl5zZc,822.722,827.722,5.0,1.0,1.0,19.0,/kaggle/working/clips/tier1/jfQzsbl5zZc_clip0158_t00822.mp4
jfQzsbl5zZc_clip0159_t00826,jfQzsbl5zZc,826.722,831.722,5.0,1.0,1.0,18.5,/kaggle/working/clips/tier1/jfQzsbl5zZc_clip0159_t00826.mp4
jfQzsbl5zZc_clip0160_t00832,jfQzsbl5zZc,832.866,837.866,5.0,1.0,1.0,20.59,/kaggle/working/clips/tier1/jfQzsbl5zZc_clip0160_t00832.mp4
jfQzsbl5zZc_clip0161_t00836,jfQzsbl5zZc,836.866,841.866,5.0,1.0,1.0,18.82,/kaggle/working/clips/tier1/jfQzsbl5zZc_clip0161_t00836.mp4
jfQzsbl5zZc_clip0162_t00840,jfQzsbl5zZc,840.866,845.866,5.0,1.0,1.0,17.2,/kaggle/working/clips/tier1/jfQzsbl5zZc_clip0162_t00840.mp4
jfQzsbl5zZc_clip0163_t00844,jfQzsbl5zZc,844.866,848.126,3.26,1.0,1.0,16.41,/kaggle/working/clips/tier1/jfQzsbl5zZc_clip0163_t00844.mp4
jfQzsbl5zZc_clip0164_t00849,jfQzsbl5zZc,849.762,858.846,9.084,1.0,1.0,16.29,/kaggle/working/clips/tier1/jfQzsbl5zZc_clip0164_t00849.mp4
jfQzsbl5zZc_clip0165_t00859,jfQzsbl5zZc,859.042,863.486,4.444,1.0,1.0,17.92,/kaggle/working/clips/tier1/jfQzsbl5zZc_clip0165_t00859.mp4
jfQzsbl5zZc_clip0166_t00867,jfQzsbl5zZc,867.618,869.79,2.172,1.0,1.0,19.19,/kaggle/working/clips/tier1/jfQzsbl5zZc_clip0166_t00867.mp4
jfQzsbl5zZc_clip0167_t00874,jfQzsbl5zZc,874.402,877.662,3.26,1.0,1.0,21.17,/kaggle/working/clips/tier1/jfQzsbl5zZc_clip0167_t00874.mp4
jfQzsbl5zZc_clip0168_t00879,jfQzsbl5zZc,879.01,887.454,8.444,1.0,1.0,18.84,/kaggle/working/clips/tier1/jfQzsbl5zZc_clip0168_t00879.mp4
jfQzsbl5zZc_clip0169_t00889,jfQzsbl5zZc,889.058,892.414,3.356,1.0,1.0,22.75,/kaggle/working/clips/tier1/jfQzsbl5zZc_clip0169_t00889.mp4
jfQzsbl5zZc_clip0170_t00900,jfQzsbl5zZc,900.642,903.71,3.068,1.0,1.0,19.04,/kaggle/working/clips/tier1/jfQzsbl5zZc_clip0170_t00900.mp4
jfQzsbl5zZc_clip0171_t00908,jfQzsbl5zZc,908.802,917.374,8.572,1.0,1.0,20.01,/kaggle/working/clips/tier1/jfQzsbl5zZc_clip0171_t00908.mp4
jfQzsbl5zZc_clip0172_t00917,jfQzsbl5zZc,917.506,922.506,5.0,1.0,1.0,19.5,/kaggle/working/clips/tier1/jfQzsbl5zZc_clip0172_t00917.mp4
jfQzsbl5zZc_clip0173_t00921,jfQzsbl5zZc,921.506,926.506,5.0,1.0,1.0,17.32,/kaggle/working/clips/tier1/jfQzsbl5zZc_clip0173_t00921.mp4
jfQzsbl5zZc_clip0174_t00925,jfQzsbl5zZc,925.506,930.506,5.0,1.0,1.0,18.13,/kaggle/working/clips/tier1/jfQzsbl5zZc_clip0174_t00925.mp4
jfQzsbl5zZc_clip0175_t00929,jfQzsbl5zZc,929.506,933.47,3.964,1.0,1.0,16.86,/kaggle/working/clips/tier1/jfQzsbl5zZc_clip0175_t00929.mp4
jfQzsbl5zZc_clip0176_t00933,jfQzsbl5zZc,933.698,937.086,3.388,1.0,1.0,14.12,/kaggle/working/clips/tier1/jfQzsbl5zZc_clip0176_t00933.mp4
jfQzsbl5zZc_clip0177_t00937,jfQzsbl5zZc,937.218,939.358,2.14,1.0,1.0,15.8,/kaggle/working/clips/tier1/jfQzsbl5zZc_clip0177_t00937.mp4
jfQzsbl5zZc_clip0178_t00940,jfQzsbl5zZc,940.77,945.77,5.0,1.0,1.0,20.34,/kaggle/working/clips/tier1/jfQzsbl5zZc_clip0178_t00940.mp4
jfQzsbl5zZc_clip0179_t00944,jfQzsbl5zZc,944.77,949.77,5.0,1.0,1.0,18.97,/kaggle/working/clips/tier1/jfQzsbl5zZc_clip0179_t00944.mp4
jfQzsbl5zZc_clip0180_t00948,jfQzsbl5zZc,948.77,953.77,5.0,1.0,1.0,18.84,/kaggle/working/clips/tier1/jfQzsbl5zZc_clip0180_t00948.mp4
jfQzsbl5zZc_clip0181_t00952,jfQzsbl5zZc,952.77,957.77,5.0,1.0,1.0,16.88,/kaggle/working/clips/tier1/jfQzsbl5zZc_clip0181_t00952.mp4
jfQzsbl5zZc_clip0182_t00956,jfQzsbl5zZc,956.77,960.478,3.708,1.0,1.0,16.29,/kaggle/working/clips/tier1/jfQzsbl5zZc_clip0182_t00956.mp4
KjSzxPVGE30_clip0000_t00001,KjSzxPVGE30,1.186,5.374,4.188,1.0,1.0,23.38,/kaggle/working/clips/tier1/KjSzxPVGE30_clip0000_t00001.mp4
KjSzxPVGE30_clip0001_t00007,KjSzxPVGE30,7.81,11.358,3.548,1.0,1.0,18.07,/kaggle/working/clips/tier1/KjSzxPVGE30_clip0001_t00007.mp4
KjSzxPVGE30_clip0002_t00011,KjSzxPVGE30,11.586,14.462,2.876,1.0,1.0,23.37,/kaggle/working/clips/tier1/KjSzxPVGE30_clip0002_t00011.mp4
KjSzxPVGE30_clip0003_t00014,KjSzxPVGE30,14.562,16.83,2.268,1.0,1.0,20.15,/kaggle/working/clips/tier1/KjSzxPVGE30_clip0003_t00014.mp4
KjSzxPVGE30_clip0004_t00018,KjSzxPVGE30,18.178,22.43,4.252,1.0,1.0,21.23,/kaggle/working/clips/tier1/KjSzxPVGE30_clip0004_t00018.mp4
KjSzxPVGE30_clip0005_t00023,KjSzxPVGE30,23.906,27.294,3.388,1.0,1.0,20.53,/kaggle/working/clips/tier1/KjSzxPVGE30_clip0005_t00023.mp4
KjSzxPVGE30_clip0006_t00028,KjSzxPVGE30,28.738,32.798,4.06,1.0,1.0,24.58,/kaggle/working/clips/tier1/KjSzxPVGE30_clip0006_t00028.mp4
KjSzxPVGE30_clip0007_t00033,KjSzxPVGE30,33.858,39.39,5.532,1.0,1.0,21.62,/kaggle/working/clips/tier1/KjSzxPVGE30_clip0007_t00033.mp4
KjSzxPVGE30_clip0008_t00039,KjSzxPVGE30,39.714,41.726,2.012,1.0,1.0,27.42,/kaggle/working/clips/tier1/KjSzxPVGE30_clip0008_t00039.mp4
KjSzxPVGE30_clip0009_t00044,KjSzxPVGE30,44.226,48.19,3.964,1.0,1.0,20.05,/kaggle/working/clips/tier1/KjSzxPVGE30_clip0009_t00044.mp4
KjSzxPVGE30_clip0010_t00048,KjSzxPVGE30,48.546,51.102,2.556,1.0,1.0,21.5,/kaggle/working/clips/tier1/KjSzxPVGE30_clip0010_t00048.mp4
KjSzxPVGE30_clip0011_t00051,KjSzxPVGE30,51.458,53.598,2.14,1.0,1.0,22.08,/kaggle/working/clips/tier1/KjSzxPVGE30_clip0011_t00051.mp4
KjSzxPVGE30_clip0012_t00056,KjSzxPVGE30,56.482,58.526,2.044,1.0,1.0,25.71,/kaggle/working/clips/tier1/KjSzxPVGE30_clip0012_t00056.mp4
KjSzxPVGE30_clip0013_t00059,KjSzxPVGE30,59.522,62.046,2.524,1.0,1.0,25.9,/kaggle/working/clips/tier1/KjSzxPVGE30_clip0013_t00059.mp4
KjSzxPVGE30_clip0014_t00063,KjSzxPVGE30,63.65,66.078,2.428,1.0,1.0,19.52,/kaggle/working/clips/tier1/KjSzxPVGE30_clip0014_t00063.mp4
KjSzxPVGE30_clip0015_t00067,KjSzxPVGE30,67.874,71.07,3.196,1.0,1.0,23.21,/kaggle/working/clips/tier1/KjSzxPVGE30_clip0015_t00067.mp4
KjSzxPVGE30_clip0016_t00082,KjSzxPVGE30,82.338,84.83,2.492,1.0,1.0,19.9,/kaggle/working/clips/tier1/KjSzxPVGE30_clip0016_t00082.mp4
KjSzxPVGE30_clip0017_t00087,KjSzxPVGE30,87.394,89.918,2.524,1.0,1.0,21.89,/kaggle/working/clips/tier1/KjSzxPVGE30_clip0017_t00087.mp4
KjSzxPVGE30_clip0018_t00090,KjSzxPVGE30,90.146,93.278,3.132,1.0,1.0,18.27,/kaggle/working/clips/tier1/KjSzxPVGE30_clip0018_t00090.mp4
KjSzxPVGE30_clip0019_t00094,KjSzxPVGE30,94.818,98.078,3.26,1.0,1.0,19.04,/kaggle/working/clips/tier1/KjSzxPVGE30_clip0019_t00094.mp4
KjSzxPVGE30_clip0020_t00100,KjSzxPVGE30,100.226,105.438,5.212,1.0,1.0,18.68,/kaggle/working/clips/tier1/KjSzxPVGE30_clip0020_t00100.mp4
KjSzxPVGE30_clip0021_t00105,KjSzxPVGE30,105.634,108.478,2.844,1.0,1.0,17.41,/kaggle/working/clips/tier1/KjSzxPVGE30_clip0021_t00105.mp4
KjSzxPVGE30_clip0022_t00111,KjSzxPVGE30,111.202,114.654,3.452,1.0,1.0,18.93,/kaggle/working/clips/tier1/KjSzxPVGE30_clip0022_t00111.mp4
KjSzxPVGE30_clip0023_t00115,KjSzxPVGE30,115.042,117.342,2.3,1.0,1.0,18.25,/kaggle/working/clips/tier1/KjSzxPVGE30_clip0023_t00115.mp4
KjSzxPVGE30_clip0024_t00118,KjSzxPVGE30,118.338,126.782,8.444,1.0,1.0,21.6,/kaggle/working/clips/tier1/KjSzxPVGE30_clip0024_t00118.mp4
KjSzxPVGE30_clip0025_t00126,KjSzxPVGE30,126.882,129.47,2.588,1.0,1.0,16.41,/kaggle/working/clips/tier1/KjSzxPVGE30_clip0025_t00126.mp4
KjSzxPVGE30_clip0026_t00129,KjSzxPVGE30,129.858,134.334,4.476,1.0,1.0,19.47,/kaggle/working/clips/tier1/KjSzxPVGE30_clip0026_t00129.mp4
KjSzxPVGE30_clip0027_t00134,KjSzxPVGE30,134.434,137.598,3.164,1.0,1.0,20.68,/kaggle/working/clips/tier1/KjSzxPVGE30_clip0027_t00134.mp4
KjSzxPVGE30_clip0028_t00139,KjSzxPVGE30,139.746,144.766,5.02,1.0,1.0,16.76,/kaggle/working/clips/tier1/KjSzxPVGE30_clip0028_t00139.mp4
KjSzxPVGE30_clip0029_t00146,KjSzxPVGE30,146.658,148.734,2.076,1.0,1.0,23.59,/kaggle/working/clips/tier1/KjSzxPVGE30_clip0029_t00146.mp4
KjSzxPVGE30_clip0030_t00150,KjSzxPVGE30,150.402,155.454,5.052,1.0,1.0,22.8,/kaggle/working/clips/tier1/KjSzxPVGE30_clip0030_t00150.mp4
KjSzxPVGE30_clip0031_t00157,KjSzxPVGE30,157.09,161.758,4.668,1.0,1.0,21.37,/kaggle/working/clips/tier1/KjSzxPVGE30_clip0031_t00157.mp4
KjSzxPVGE30_clip0032_t00171,KjSzxPVGE30,171.202,175.582,4.38,1.0,1.0,25.38,/kaggle/working/clips/tier1/KjSzxPVGE30_clip0032_t00171.mp4
KjSzxPVGE30_clip0033_t00177,KjSzxPVGE30,177.794,182.11,4.316,1.0,1.0,23.26,/kaggle/working/clips/tier1/KjSzxPVGE30_clip0033_t00177.mp4
KjSzxPVGE30_clip0034_t00182,KjSzxPVGE30,182.306,184.414,2.108,1.0,1.0,18.25,/kaggle/working/clips/tier1/KjSzxPVGE30_clip0034_t00182.mp4
KjSzxPVGE30_clip0035_t00188,KjSzxPVGE30,188.322,193.63,5.308,1.0,1.0,21.05,/kaggle/working/clips/tier1/KjSzxPVGE30_clip0035_t00188.mp4
KjSzxPVGE30_clip0036_t00193,KjSzxPVGE30,193.826,198.718,4.892,1.0,1.0,24.18,/kaggle/working/clips/tier1/KjSzxPVGE30_clip0036_t00193.mp4
KjSzxPVGE30_clip0037_t00200,KjSzxPVGE30,200.13,203.166,3.036,1.0,1.0,21.66,/kaggle/working/clips/tier1/KjSzxPVGE30_clip0037_t00200.mp4
KjSzxPVGE30_clip0038_t00203,KjSzxPVGE30,203.298,207.038,3.74,1.0,1.0,21.24,/kaggle/working/clips/tier1/KjSzxPVGE30_clip0038_t00203.mp4
KjSzxPVGE30_clip0039_t00207,KjSzxPVGE30,207.17,211.518,4.348,1.0,1.0,20.48,/kaggle/working/clips/tier1/KjSzxPVGE30_clip0039_t00207.mp4
KjSzxPVGE30_clip0040_t00217,KjSzxPVGE30,217.986,221.694,3.708,1.0,1.0,20.04,/kaggle/working/clips/tier1/KjSzxPVGE30_clip0040_t00217.mp4
KjSzxPVGE30_clip0041_t00223,KjSzxPVGE30,223.554,228.478,4.924,1.0,1.0,20.32,/kaggle/working/clips/tier1/KjSzxPVGE30_clip0041_t00223.mp4
KjSzxPVGE30_clip0042_t00228,KjSzxPVGE30,228.866,231.582,2.716,1.0,1.0,23.27,/kaggle/working/clips/tier1/KjSzxPVGE30_clip0042_t00228.mp4
KjSzxPVGE30_clip0043_t00234,KjSzxPVGE30,234.274,239.934,5.66,1.0,1.0,22.07,/kaggle/working/clips/tier1/KjSzxPVGE30_clip0043_t00234.mp4
KjSzxPVGE30_clip0044_t00240,KjSzxPVGE30,240.29,243.294,3.004,1.0,1.0,23.27,/kaggle/working/clips/tier1/KjSzxPVGE30_clip0044_t00240.mp4
KjSzxPVGE30_clip0045_t00243,KjSzxPVGE30,243.426,247.966,4.54,1.0,1.0,20.88,/kaggle/working/clips/tier1/KjSzxPVGE30_clip0045_t00243.mp4
KjSzxPVGE30_clip0046_t00248,KjSzxPVGE30,248.066,251.902,3.836,1.0,1.0,22.08,/kaggle/working/clips/tier1/KjSzxPVGE30_clip0046_t00248.mp4
KjSzxPVGE30_clip0047_t00252,KjSzxPVGE30,252.29,254.654,2.364,1.0,1.0,24.88,/kaggle/working/clips/tier1/KjSzxPVGE30_clip0047_t00252.mp4
KjSzxPVGE30_clip0048_t00255,KjSzxPVGE30,255.01,259.966,4.956,1.0,1.0,20.46,/kaggle/working/clips/tier1/KjSzxPVGE30_clip0048_t00255.mp4
KjSzxPVGE30_clip0049_t00260,KjSzxPVGE30,260.162,262.814,2.652,1.0,1.0,22.16,/kaggle/working/clips/tier1/KjSzxPVGE30_clip0049_t00260.mp4
KjSzxPVGE30_clip0050_t00263,KjSzxPVGE30,263.01,265.918,2.908,1.0,1.0,24.22,/kaggle/working/clips/tier1/KjSzxPVGE30_clip0050_t00263.mp4
KjSzxPVGE30_clip0051_t00268,KjSzxPVGE30,268.514,271.294,2.78,1.0,1.0,19.01,/kaggle/working/clips/tier1/KjSzxPVGE30_clip0051_t00268.mp4
KjSzxPVGE30_clip0052_t00271,KjSzxPVGE30,271.938,274.27,2.332,1.0,1.0,19.71,/kaggle/working/clips/tier1/KjSzxPVGE30_clip0052_t00271.mp4
KjSzxPVGE30_clip0053_t00278,KjSzxPVGE30,278.018,283.018,5.0,1.0,1.0,20.97,/kaggle/working/clips/tier1/KjSzxPVGE30_clip0053_t00278.mp4
KjSzxPVGE30_clip0054_t00282,KjSzxPVGE30,282.018,287.018,5.0,1.0,1.0,20.03,/kaggle/working/clips/tier1/KjSzxPVGE30_clip0054_t00282.mp4
KjSzxPVGE30_clip0055_t00286,KjSzxPVGE30,286.018,290.782,4.764,1.0,1.0,18.91,/kaggle/working/clips/tier1/KjSzxPVGE30_clip0055_t00286.mp4
KjSzxPVGE30_clip0056_t00291,KjSzxPVGE30,291.938,294.814,2.876,1.0,1.0,19.68,/kaggle/working/clips/tier1/KjSzxPVGE30_clip0056_t00291.mp4
KjSzxPVGE30_clip0057_t00294,KjSzxPVGE30,294.946,296.958,2.012,1.0,1.0,19.7,/kaggle/working/clips/tier1/KjSzxPVGE30_clip0057_t00294.mp4
KjSzxPVGE30_clip0058_t00298,KjSzxPVGE30,298.658,301.566,2.908,1.0,1.0,19.28,/kaggle/working/clips/tier1/KjSzxPVGE30_clip0058_t00298.mp4
KjSzxPVGE30_clip0059_t00303,KjSzxPVGE30,303.33,305.79,2.46,1.0,1.0,20.66,/kaggle/working/clips/tier1/KjSzxPVGE30_clip0059_t00303.mp4
KjSzxPVGE30_clip0060_t00305,KjSzxPVGE30,305.89,308.67,2.78,1.0,1.0,21.11,/kaggle/working/clips/tier1/KjSzxPVGE30_clip0060_t00305.mp4
KjSzxPVGE30_clip0061_t00308,KjSzxPVGE30,308.834,310.942,2.108,1.0,1.0,25.3,/kaggle/working/clips/tier1/KjSzxPVGE30_clip0061_t00308.mp4
KjSzxPVGE30_clip0062_t00313,KjSzxPVGE30,313.858,316.254,2.396,1.0,1.0,23.42,/kaggle/working/clips/tier1/KjSzxPVGE30_clip0062_t00313.mp4
KjSzxPVGE30_clip0063_t00316,KjSzxPVGE30,316.514,322.814,6.3,1.0,1.0,20.09,/kaggle/working/clips/tier1/KjSzxPVGE30_clip0063_t00316.mp4
KjSzxPVGE30_clip0064_t00322,KjSzxPVGE30,322.946,325.758,2.812,1.0,1.0,24.19,/kaggle/working/clips/tier1/KjSzxPVGE30_clip0064_t00322.mp4
KjSzxPVGE30_clip0065_t00326,KjSzxPVGE30,326.05,328.094,2.044,1.0,1.0,21.91,/kaggle/working/clips/tier1/KjSzxPVGE30_clip0065_t00326.mp4
KjSzxPVGE30_clip0066_t00328,KjSzxPVGE30,328.226,332.158,3.932,1.0,1.0,22.22,/kaggle/working/clips/tier1/KjSzxPVGE30_clip0066_t00328.mp4
KjSzxPVGE30_clip0067_t00339,KjSzxPVGE30,339.81,342.366,2.556,1.0,1.0,18.55,/kaggle/working/clips/tier1/KjSzxPVGE30_clip0067_t00339.mp4
KjSzxPVGE30_clip0068_t00342,KjSzxPVGE30,342.466,344.83,2.364,1.0,1.0,16.66,/kaggle/working/clips/tier1/KjSzxPVGE30_clip0068_t00342.mp4
KjSzxPVGE30_clip0069_t00347,KjSzxPVGE30,347.938,350.686,2.748,1.0,1.0,24.47,/kaggle/working/clips/tier1/KjSzxPVGE30_clip0069_t00347.mp4
KjSzxPVGE30_clip0070_t00350,KjSzxPVGE30,350.914,354.366,3.452,1.0,1.0,18.53,/kaggle/working/clips/tier1/KjSzxPVGE30_clip0070_t00350.mp4
KjSzxPVGE30_clip0071_t00355,KjSzxPVGE30,355.778,358.878,3.1,1.0,1.0,22.07,/kaggle/working/clips/tier1/KjSzxPVGE30_clip0071_t00355.mp4
KjSzxPVGE30_clip0072_t00364,KjSzxPVGE30,364.066,369.534,5.468,1.0,1.0,19.12,/kaggle/working/clips/tier1/KjSzxPVGE30_clip0072_t00364.mp4
KjSzxPVGE30_clip0073_t00371,KjSzxPVGE30,371.874,373.918,2.044,1.0,1.0,19.42,/kaggle/working/clips/tier1/KjSzxPVGE30_clip0073_t00371.mp4
KjSzxPVGE30_clip0074_t00378,KjSzxPVGE30,378.754,383.678,4.924,1.0,1.0,24.51,/kaggle/working/clips/tier1/KjSzxPVGE30_clip0074_t00378.mp4
KjSzxPVGE30_clip0075_t00387,KjSzxPVGE30,387.746,389.758,2.012,1.0,1.0,18.42,/kaggle/working/clips/tier1/KjSzxPVGE30_clip0075_t00387.mp4
KjSzxPVGE30_clip0076_t00389,KjSzxPVGE30,389.954,394.238,4.284,1.0,1.0,19.69,/kaggle/working/clips/tier1/KjSzxPVGE30_clip0076_t00389.mp4
KjSzxPVGE30_clip0077_t00394,KjSzxPVGE30,394.338,401.118,6.78,1.0,1.0,16.62,/kaggle/working/clips/tier1/KjSzxPVGE30_clip0077_t00394.mp4
KjSzxPVGE30_clip0078_t00402,KjSzxPVGE30,402.818,405.438,2.62,1.0,1.0,17.47,/kaggle/working/clips/tier1/KjSzxPVGE30_clip0078_t00402.mp4
KjSzxPVGE30_clip0079_t00405,KjSzxPVGE30,405.634,408.958,3.324,1.0,1.0,17.26,/kaggle/working/clips/tier1/KjSzxPVGE30_clip0079_t00405.mp4
KjSzxPVGE30_clip0080_t00413,KjSzxPVGE30,413.346,415.742,2.396,1.0,1.0,22.84,/kaggle/working/clips/tier1/KjSzxPVGE30_clip0080_t00413.mp4
KjSzxPVGE30_clip0081_t00417,KjSzxPVGE30,417.634,419.838,2.204,1.0,1.0,20.71,/kaggle/working/clips/tier1/KjSzxPVGE30_clip0081_t00417.mp4
KjSzxPVGE30_clip0082_t00420,KjSzxPVGE30,420.258,423.038,2.78,1.0,1.0,19.44,/kaggle/working/clips/tier1/KjSzxPVGE30_clip0082_t00420.mp4
KjSzxPVGE30_clip0083_t00423,KjSzxPVGE30,423.586,427.582,3.996,1.0,1.0,19.28,/kaggle/working/clips/tier1/KjSzxPVGE30_clip0083_t00423.mp4
KjSzxPVGE30_clip0084_t00429,KjSzxPVGE30,429.826,434.046,4.22,1.0,1.0,17.91,/kaggle/working/clips/tier1/KjSzxPVGE30_clip0084_t00429.mp4
KjSzxPVGE30_clip0085_t00434,KjSzxPVGE30,434.53,437.726,3.196,1.0,1.0,23.33,/kaggle/working/clips/tier1/KjSzxPVGE30_clip0085_t00434.mp4
KjSzxPVGE30_clip0086_t00438,KjSzxPVGE30,438.85,441.854,3.004,1.0,1.0,22.0,/kaggle/working/clips/tier1/KjSzxPVGE30_clip0086_t00438.mp4
KjSzxPVGE30_clip0087_t00444,KjSzxPVGE30,444.258,449.758,5.5,1.0,1.0,22.68,/kaggle/working/clips/tier1/KjSzxPVGE30_clip0087_t00444.mp4
KjSzxPVGE30_clip0088_t00450,KjSzxPVGE30,450.242,453.086,2.844,1.0,1.0,23.33,/kaggle/working/clips/tier1/KjSzxPVGE30_clip0088_t00450.mp4
KjSzxPVGE30_clip0089_t00453,KjSzxPVGE30,453.314,463.39,10.076,1.0,1.0,20.07,/kaggle/working/clips/tier1/KjSzxPVGE30_clip0089_t00453.mp4
KjSzxPVGE30_clip0090_t00465,KjSzxPVGE30,465.058,472.446,7.388,1.0,1.0,18.58,/kaggle/working/clips/tier1/KjSzxPVGE30_clip0090_t00465.mp4
KjSzxPVGE30_clip0091_t00472,KjSzxPVGE30,472.674,476.254,3.58,1.0,1.0,22.65,/kaggle/working/clips/tier1/KjSzxPVGE30_clip0091_t00472.mp4
KjSzxPVGE30_clip0092_t00476,KjSzxPVGE30,476.642,479.262,2.62,1.0,1.0,22.7,/kaggle/working/clips/tier1/KjSzxPVGE30_clip0092_t00476.mp4
KjSzxPVGE30_clip0093_t00481,KjSzxPVGE30,481.154,483.486,2.332,1.0,1.0,25.51,/kaggle/working/clips/tier1/KjSzxPVGE30_clip0093_t00481.mp4
KjSzxPVGE30_clip0094_t00483,KjSzxPVGE30,483.682,486.206,2.524,1.0,1.0,19.75,/kaggle/working/clips/tier1/KjSzxPVGE30_clip0094_t00483.mp4
KjSzxPVGE30_clip0095_t00486,KjSzxPVGE30,486.338,489.182,2.844,1.0,1.0,21.42,/kaggle/working/clips/tier1/KjSzxPVGE30_clip0095_t00486.mp4
KjSzxPVGE30_clip0096_t00489,KjSzxPVGE30,489.282,492.766,3.484,1.0,1.0,20.96,/kaggle/working/clips/tier1/KjSzxPVGE30_clip0096_t00489.mp4
KjSzxPVGE30_clip0097_t00493,KjSzxPVGE30,493.314,496.414,3.1,1.0,1.0,19.82,/kaggle/working/clips/tier1/KjSzxPVGE30_clip0097_t00493.mp4
KjSzxPVGE30_clip0098_t00496,KjSzxPVGE30,496.962,499.838,2.876,1.0,1.0,19.57,/kaggle/working/clips/tier1/KjSzxPVGE30_clip0098_t00496.mp4
KjSzxPVGE30_clip0099_t00500,KjSzxPVGE30,500.226,502.75,2.524,1.0,1.0,18.77,/kaggle/working/clips/tier1/KjSzxPVGE30_clip0099_t00500.mp4
KjSzxPVGE30_clip0100_t00502,KjSzxPVGE30,502.946,507.946,5.0,1.0,1.0,20.2,/kaggle/working/clips/tier1/KjSzxPVGE30_clip0100_t00502.mp4
KjSzxPVGE30_clip0101_t00506,KjSzxPVGE30,506.946,511.946,5.0,1.0,1.0,19.76,/kaggle/working/clips/tier1/KjSzxPVGE30_clip0101_t00506.mp4
KjSzxPVGE30_clip0102_t00510,KjSzxPVGE30,510.946,515.134,4.188,1.0,1.0,21.29,/kaggle/working/clips/tier1/KjSzxPVGE30_clip0102_t00510.mp4
KjSzxPVGE30_clip0103_t00515,KjSzxPVGE30,515.234,517.246,2.012,1.0,1.0,20.91,/kaggle/working/clips/tier1/KjSzxPVGE30_clip0103_t00515.mp4
KjSzxPVGE30_clip0104_t00517,KjSzxPVGE30,517.602,520.926,3.324,1.0,1.0,19.78,/kaggle/working/clips/tier1/KjSzxPVGE30_clip0104_t00517.mp4
KjSzxPVGE30_clip0105_t00522,KjSzxPVGE30,522.21,524.254,2.044,1.0,1.0,18.84,/kaggle/working/clips/tier1/KjSzxPVGE30_clip0105_t00522.mp4
KjSzxPVGE30_clip0106_t00528,KjSzxPVGE30,528.898,534.206,5.308,1.0,1.0,23.21,/kaggle/working/clips/tier1/KjSzxPVGE30_clip0106_t00528.mp4
KjSzxPVGE30_clip0107_t00534,KjSzxPVGE30,534.562,536.894,2.332,1.0,1.0,20.74,/kaggle/working/clips/tier1/KjSzxPVGE30_clip0107_t00534.mp4
KjSzxPVGE30_clip0108_t00537,KjSzxPVGE30,537.058,543.646,6.588,1.0,1.0,20.49,/kaggle/working/clips/tier1/KjSzxPVGE30_clip0108_t00537.mp4
KjSzxPVGE30_clip0109_t00543,KjSzxPVGE30,543.778,547.55,3.772,1.0,1.0,18.0,/kaggle/working/clips/tier1/KjSzxPVGE30_clip0109_t00543.mp4
KjSzxPVGE30_clip0110_t00554,KjSzxPVGE30,554.146,559.838,5.692,1.0,1.0,20.21,/kaggle/working/clips/tier1/KjSzxPVGE30_clip0110_t00554.mp4
KjSzxPVGE30_clip0111_t00559,KjSzxPVGE30,559.97,562.078,2.108,1.0,1.0,16.89,/kaggle/working/clips/tier1/KjSzxPVGE30_clip0111_t00559.mp4
KjSzxPVGE30_clip0112_t00562,KjSzxPVGE30,562.21,570.046,7.836,1.0,1.0,21.33,/kaggle/working/clips/tier1/KjSzxPVGE30_clip0112_t00562.mp4
KjSzxPVGE30_clip0113_t00570,KjSzxPVGE30,570.146,578.558,8.412,1.0,1.0,19.9,/kaggle/working/clips/tier1/KjSzxPVGE30_clip0113_t00570.mp4
KjSzxPVGE30_clip0114_t00578,KjSzxPVGE30,578.658,584.766,6.108,1.0,1.0,18.78,/kaggle/working/clips/tier1/KjSzxPVGE30_clip0114_t00578.mp4
KjSzxPVGE30_clip0115_t00584,KjSzxPVGE30,584.962,588.67,3.708,1.0,1.0,19.03,/kaggle/working/clips/tier1/KjSzxPVGE30_clip0115_t00584.mp4
KjSzxPVGE30_clip0116_t00588,KjSzxPVGE30,588.802,597.438,8.636,1.0,1.0,16.83,/kaggle/working/clips/tier1/KjSzxPVGE30_clip0116_t00588.mp4
KjSzxPVGE30_clip0117_t00597,KjSzxPVGE30,597.602,602.654,5.052,1.0,1.0,20.6,/kaggle/working/clips/tier1/KjSzxPVGE30_clip0117_t00597.mp4
KjSzxPVGE30_clip0118_t00602,KjSzxPVGE30,602.818,605.342,2.524,1.0,1.0,20.6,/kaggle/working/clips/tier1/KjSzxPVGE30_clip0118_t00602.mp4
KjSzxPVGE30_clip0119_t00605,KjSzxPVGE30,605.506,608.734,3.228,1.0,1.0,19.81,/kaggle/working/clips/tier1/KjSzxPVGE30_clip0119_t00605.mp4
KjSzxPVGE30_clip0120_t00610,KjSzxPVGE30,610.434,613.374,2.94,1.0,1.0,16.42,/kaggle/working/clips/tier1/KjSzxPVGE30_clip0120_t00610.mp4
KjSzxPVGE30_clip0121_t00615,KjSzxPVGE30,615.202,618.59,3.388,1.0,1.0,21.16,/kaggle/working/clips/tier1/KjSzxPVGE30_clip0121_t00615.mp4
KjSzxPVGE30_clip0122_t00620,KjSzxPVGE30,620.802,623.006,2.204,1.0,1.0,22.81,/kaggle/working/clips/tier1/KjSzxPVGE30_clip0122_t00620.mp4
KjSzxPVGE30_clip0123_t00623,KjSzxPVGE30,623.234,625.694,2.46,1.0,1.0,22.93,/kaggle/working/clips/tier1/KjSzxPVGE30_clip0123_t00623.mp4
KjSzxPVGE30_clip0124_t00626,KjSzxPVGE30,626.434,629.918,3.484,1.0,1.0,22.26,/kaggle/working/clips/tier1/KjSzxPVGE30_clip0124_t00626.mp4
KjSzxPVGE30_clip0125_t00630,KjSzxPVGE30,630.338,635.806,5.468,1.0,1.0,21.21,/kaggle/working/clips/tier1/KjSzxPVGE30_clip0125_t00630.mp4
KjSzxPVGE30_clip0126_t00649,KjSzxPVGE30,649.794,653.63,3.836,1.0,1.0,19.21,/kaggle/working/clips/tier1/KjSzxPVGE30_clip0126_t00649.mp4
KjSzxPVGE30_clip0127_t00653,KjSzxPVGE30,653.986,657.822,3.836,1.0,1.0,21.81,/kaggle/working/clips/tier1/KjSzxPVGE30_clip0127_t00653.mp4
KjSzxPVGE30_clip0128_t00658,KjSzxPVGE30,658.05,662.334,4.284,1.0,1.0,18.84,/kaggle/working/clips/tier1/KjSzxPVGE30_clip0128_t00658.mp4
KjSzxPVGE30_clip0129_t00664,KjSzxPVGE30,664.802,669.022,4.22,1.0,1.0,19.93,/kaggle/working/clips/tier1/KjSzxPVGE30_clip0129_t00664.mp4
KjSzxPVGE30_clip0130_t00669,KjSzxPVGE30,669.25,675.038,5.788,1.0,1.0,20.81,/kaggle/working/clips/tier1/KjSzxPVGE30_clip0130_t00669.mp4
KjSzxPVGE30_clip0131_t00675,KjSzxPVGE30,675.202,677.406,2.204,1.0,1.0,25.05,/kaggle/working/clips/tier1/KjSzxPVGE30_clip0131_t00675.mp4
KjSzxPVGE30_clip0132_t00679,KjSzxPVGE30,679.362,684.19,4.828,1.0,1.0,21.95,/kaggle/working/clips/tier1/KjSzxPVGE30_clip0132_t00679.mp4
KjSzxPVGE30_clip0133_t00684,KjSzxPVGE30,684.322,686.366,2.044,1.0,1.0,22.67,/kaggle/working/clips/tier1/KjSzxPVGE30_clip0133_t00684.mp4
KjSzxPVGE30_clip0134_t00690,KjSzxPVGE30,690.626,696.286,5.66,1.0,1.0,21.63,/kaggle/working/clips/tier1/KjSzxPVGE30_clip0134_t00690.mp4
KjSzxPVGE30_clip0135_t00696,KjSzxPVGE30,696.386,699.198,2.812,1.0,1.0,17.42,/kaggle/working/clips/tier1/KjSzxPVGE30_clip0135_t00696.mp4
KjSzxPVGE30_clip0136_t00699,KjSzxPVGE30,699.298,701.47,2.172,1.0,1.0,23.81,/kaggle/working/clips/tier1/KjSzxPVGE30_clip0136_t00699.mp4
KjSzxPVGE30_clip0137_t00701,KjSzxPVGE30,701.89,706.75,4.86,1.0,1.0,22.96,/kaggle/working/clips/tier1/KjSzxPVGE30_clip0137_t00701.mp4
KjSzxPVGE30_clip0138_t00707,KjSzxPVGE30,707.17,710.11,2.94,1.0,1.0,19.84,/kaggle/working/clips/tier1/KjSzxPVGE30_clip0138_t00707.mp4
KjSzxPVGE30_clip0139_t00711,KjSzxPVGE30,711.81,714.91,3.1,1.0,1.0,20.45,/kaggle/working/clips/tier1/KjSzxPVGE30_clip0139_t00711.mp4
KjSzxPVGE30_clip0140_t00715,KjSzxPVGE30,715.714,720.606,4.892,1.0,1.0,16.95,/kaggle/working/clips/tier1/KjSzxPVGE30_clip0140_t00715.mp4
KjSzxPVGE30_clip0141_t00720,KjSzxPVGE30,720.962,724.03,3.068,1.0,1.0,19.6,/kaggle/working/clips/tier1/KjSzxPVGE30_clip0141_t00720.mp4
KjSzxPVGE30_clip0142_t00724,KjSzxPVGE30,724.386,726.75,2.364,1.0,1.0,18.2,/kaggle/working/clips/tier1/KjSzxPVGE30_clip0142_t00724.mp4
KjSzxPVGE30_clip0143_t00730,KjSzxPVGE30,730.722,737.662,6.94,1.0,1.0,24.91,/kaggle/working/clips/tier1/KjSzxPVGE30_clip0143_t00730.mp4
KjSzxPVGE30_clip0144_t00737,KjSzxPVGE30,737.986,742.986,5.0,1.0,1.0,21.96,/kaggle/working/clips/tier1/KjSzxPVGE30_clip0144_t00737.mp4
KjSzxPVGE30_clip0145_t00741,KjSzxPVGE30,741.986,746.986,5.0,1.0,1.0,21.89,/kaggle/working/clips/tier1/KjSzxPVGE30_clip0145_t00741.mp4
KjSzxPVGE30_clip0146_t00745,KjSzxPVGE30,745.986,750.986,5.0,1.0,1.0,21.57,/kaggle/working/clips/tier1/KjSzxPVGE30_clip0146_t00745.mp4
KjSzxPVGE30_clip0147_t00749,KjSzxPVGE30,749.986,752.83,2.844,1.0,1.0,19.01,/kaggle/working/clips/tier1/KjSzxPVGE30_clip0147_t00749.mp4
KjSzxPVGE30_clip0148_t00755,KjSzxPVGE30,755.458,758.462,3.004,1.0,1.0,23.57,/kaggle/working/clips/tier1/KjSzxPVGE30_clip0148_t00755.mp4
KjSzxPVGE30_clip0149_t00760,KjSzxPVGE30,760.354,763.966,3.612,1.0,1.0,23.28,/kaggle/working/clips/tier1/KjSzxPVGE30_clip0149_t00760.mp4
KjSzxPVGE30_clip0150_t00766,KjSzxPVGE30,766.05,770.366,4.316,1.0,1.0,22.52,/kaggle/working/clips/tier1/KjSzxPVGE30_clip0150_t00766.mp4
KjSzxPVGE30_clip0151_t00771,KjSzxPVGE30,771.138,775.038,3.9,1.0,1.0,20.82,/kaggle/working/clips/tier1/KjSzxPVGE30_clip0151_t00771.mp4
KjSzxPVGE30_clip0152_t00782,KjSzxPVGE30,782.786,784.798,2.012,1.0,1.0,19.4,/kaggle/working/clips/tier1/KjSzxPVGE30_clip0152_t00782.mp4
KjSzxPVGE30_clip0153_t00786,KjSzxPVGE30,786.594,790.014,3.42,1.0,1.0,19.01,/kaggle/working/clips/tier1/KjSzxPVGE30_clip0153_t00786.mp4
KjSzxPVGE30_clip0154_t00791,KjSzxPVGE30,791.49,797.086,5.596,1.0,1.0,20.7,/kaggle/working/clips/tier1/KjSzxPVGE30_clip0154_t00791.mp4
KjSzxPVGE30_clip0155_t00797,KjSzxPVGE30,797.378,799.422,2.044,1.0,1.0,19.39,/kaggle/working/clips/tier1/KjSzxPVGE30_clip0155_t00797.mp4
KjSzxPVGE30_clip0156_t00799,KjSzxPVGE30,799.682,801.918,2.236,1.0,1.0,20.46,/kaggle/working/clips/tier1/KjSzxPVGE30_clip0156_t00799.mp4
KjSzxPVGE30_clip0157_t00804,KjSzxPVGE30,804.418,810.334,5.916,1.0,1.0,17.23,/kaggle/working/clips/tier1/KjSzxPVGE30_clip0157_t00804.mp4
KjSzxPVGE30_clip0158_t00812,KjSzxPVGE30,812.45,816.286,3.836,1.0,1.0,17.3,/kaggle/working/clips/tier1/KjSzxPVGE30_clip0158_t00812.mp4
KjSzxPVGE30_clip0159_t00816,KjSzxPVGE30,816.418,818.558,2.14,1.0,1.0,19.19,/kaggle/working/clips/tier1/KjSzxPVGE30_clip0159_t00816.mp4
KjSzxPVGE30_clip0160_t00818,KjSzxPVGE30,818.85,825.022,6.172,1.0,1.0,14.97,/kaggle/working/clips/tier1/KjSzxPVGE30_clip0160_t00818.mp4
KjSzxPVGE30_clip0161_t00830,KjSzxPVGE30,830.946,833.502,2.556,1.0,1.0,18.38,/kaggle/working/clips/tier1/KjSzxPVGE30_clip0161_t00830.mp4
KjSzxPVGE30_clip0162_t00837,KjSzxPVGE30,837.25,839.294,2.044,1.0,1.0,15.1,/kaggle/working/clips/tier1/KjSzxPVGE30_clip0162_t00837.mp4
KjSzxPVGE30_clip0163_t00839,KjSzxPVGE30,839.682,842.366,2.684,1.0,1.0,17.13,/kaggle/working/clips/tier1/KjSzxPVGE30_clip0163_t00839.mp4
KjSzxPVGE30_clip0164_t00842,KjSzxPVGE30,842.562,847.614,5.052,1.0,1.0,16.83,/kaggle/working/clips/tier1/KjSzxPVGE30_clip0164_t00842.mp4
KjSzxPVGE30_clip0165_t00848,KjSzxPVGE30,848.034,850.846,2.812,1.0,1.0,15.19,/kaggle/working/clips/tier1/KjSzxPVGE30_clip0165_t00848.mp4
KjSzxPVGE30_clip0166_t00854,KjSzxPVGE30,854.978,859.646,4.668,1.0,1.0,22.55,/kaggle/working/clips/tier1/KjSzxPVGE30_clip0166_t00854.mp4
KjSzxPVGE30_clip0167_t00861,KjSzxPVGE30,861.282,864.606,3.324,1.0,1.0,19.94,/kaggle/working/clips/tier1/KjSzxPVGE30_clip0167_t00861.mp4
KjSzxPVGE30_clip0168_t00864,KjSzxPVGE30,864.706,866.942,2.236,1.0,1.0,22.24,/kaggle/working/clips/tier1/KjSzxPVGE30_clip0168_t00864.mp4
KjSzxPVGE30_clip0169_t00869,KjSzxPVGE30,869.058,873.95,4.892,1.0,1.0,20.64,/kaggle/working/clips/tier1/KjSzxPVGE30_clip0169_t00869.mp4
KjSzxPVGE30_clip0170_t00886,KjSzxPVGE30,886.946,890.654,3.708,1.0,1.0,20.6,/kaggle/working/clips/tier1/KjSzxPVGE30_clip0170_t00886.mp4
KjSzxPVGE30_clip0171_t00897,KjSzxPVGE30,897.634,899.646,2.012,1.0,1.0,20.1,/kaggle/working/clips/tier1/KjSzxPVGE30_clip0171_t00897.mp4
KjSzxPVGE30_clip0172_t00903,KjSzxPVGE30,903.106,905.118,2.012,1.0,1.0,23.67,/kaggle/working/clips/tier1/KjSzxPVGE30_clip0172_t00903.mp4
KjSzxPVGE30_clip0173_t00905,KjSzxPVGE30,905.858,908.798,2.94,1.0,1.0,19.34,/kaggle/working/clips/tier1/KjSzxPVGE30_clip0173_t00905.mp4
KjSzxPVGE30_clip0174_t00915,KjSzxPVGE30,915.714,918.142,2.428,1.0,1.0,25.08,/kaggle/working/clips/tier1/KjSzxPVGE30_clip0174_t00915.mp4
KjSzxPVGE30_clip0175_t00918,KjSzxPVGE30,918.658,921.502,2.844,1.0,1.0,22.02,/kaggle/working/clips/tier1/KjSzxPVGE30_clip0175_t00918.mp4
KjSzxPVGE30_clip0176_t00921,KjSzxPVGE30,921.826,924.798,2.972,1.0,1.0,24.67,/kaggle/working/clips/tier1/KjSzxPVGE30_clip0176_t00921.mp4
KjSzxPVGE30_clip0177_t00926,KjSzxPVGE30,926.402,928.638,2.236,1.0,1.0,24.12,/kaggle/working/clips/tier1/KjSzxPVGE30_clip0177_t00926.mp4
KjSzxPVGE30_clip0178_t00928,KjSzxPVGE30,928.738,931.326,2.588,1.0,1.0,25.65,/kaggle/working/clips/tier1/KjSzxPVGE30_clip0178_t00928.mp4
KjSzxPVGE30_clip0179_t00935,KjSzxPVGE30,935.202,938.462,3.26,1.0,1.0,21.86,/kaggle/working/clips/tier1/KjSzxPVGE30_clip0179_t00935.mp4
KjSzxPVGE30_clip0180_t00938,KjSzxPVGE30,938.85,942.238,3.388,1.0,1.0,23.06,/kaggle/working/clips/tier1/KjSzxPVGE30_clip0180_t00938.mp4
KjSzxPVGE30_clip0181_t00942,KjSzxPVGE30,942.85,947.262,4.412,1.0,1.0,17.99,/kaggle/working/clips/tier1/KjSzxPVGE30_clip0181_t00942.mp4
KjSzxPVGE30_clip0182_t00950,KjSzxPVGE30,950.722,954.142,3.42,1.0,1.0,19.48,/kaggle/working/clips/tier1/KjSzxPVGE30_clip0182_t00950.mp4
KjSzxPVGE30_clip0183_t00955,KjSzxPVGE30,955.202,959.934,4.732,1.0,1.0,19.28,/kaggle/working/clips/tier1/KjSzxPVGE30_clip0183_t00955.mp4
KjSzxPVGE30_clip0184_t00960,KjSzxPVGE30,960.098,962.622,2.524,1.0,1.0,22.74,/kaggle/working/clips/tier1/KjSzxPVGE30_clip0184_t00960.mp4
KjSzxPVGE30_clip0185_t00962,KjSzxPVGE30,962.818,966.238,3.42,1.0,1.0,20.68,/kaggle/working/clips/tier1/KjSzxPVGE30_clip0185_t00962.mp4
KjSzxPVGE30_clip0186_t00981,KjSzxPVGE30,981.73,983.998,2.268,1.0,1.0,20.39,/kaggle/working/clips/tier1/KjSzxPVGE30_clip0186_t00981.mp4
lq_tau31IE0_clip0000_t00017,lq_tau31IE0,17.026,22.11,5.084,1.0,1.0,10.93,/kaggle/working/clips/tier1/lq_tau31IE0_clip0000_t00017.mp4
lq_tau31IE0_clip0001_t00022,lq_tau31IE0,22.37,27.07,4.7,1.0,1.0,8.93,/kaggle/working/clips/tier1/lq_tau31IE0_clip0001_t00022.mp4
lq_tau31IE0_clip0002_t00043,lq_tau31IE0,43.746,47.87,4.124,0.75,1.0,7.41,/kaggle/working/clips/tier1/lq_tau31IE0_clip0002_t00043.mp4
lq_tau31IE0_clip0003_t00161,lq_tau31IE0,161.794,171.326,9.532,0.8,1.0,5.85,/kaggle/working/clips/tier1/lq_tau31IE0_clip0003_t00161.mp4
lq_tau31IE0_clip0004_t00178,lq_tau31IE0,178.626,181.918,3.292,1.0,1.0,6.85,/kaggle/working/clips/tier1/lq_tau31IE0_clip0004_t00178.mp4
lq_tau31IE0_clip0005_t00182,lq_tau31IE0,182.018,190.142,8.124,1.0,1.0,5.85,/kaggle/working/clips/tier1/lq_tau31IE0_clip0005_t00182.mp4
lq_tau31IE0_clip0006_t00210,lq_tau31IE0,210.914,215.914,5.0,1.0,1.0,6.17,/kaggle/working/clips/tier1/lq_tau31IE0_clip0006_t00210.mp4
lq_tau31IE0_clip0007_t00214,lq_tau31IE0,214.914,219.914,5.0,1.0,1.0,5.95,/kaggle/working/clips/tier1/lq_tau31IE0_clip0007_t00214.mp4
lq_tau31IE0_clip0008_t00218,lq_tau31IE0,218.914,222.974,4.06,1.0,1.0,5.23,/kaggle/working/clips/tier1/lq_tau31IE0_clip0008_t00218.mp4
lq_tau31IE0_clip0009_t00299,lq_tau31IE0,299.778,304.778,5.0,0.8,1.0,5.67,/kaggle/working/clips/tier1/lq_tau31IE0_clip0009_t00299.mp4
lq_tau31IE0_clip0010_t00303,lq_tau31IE0,303.778,308.778,5.0,0.8,1.0,6.18,/kaggle/working/clips/tier1/lq_tau31IE0_clip0010_t00303.mp4
lq_tau31IE0_clip0011_t00345,lq_tau31IE0,345.41,350.41,5.0,1.0,1.0,7.62,/kaggle/working/clips/tier1/lq_tau31IE0_clip0011_t00345.mp4
lq_tau31IE0_clip0012_t00353,lq_tau31IE0,353.41,358.41,5.0,1.0,1.0,6.7,/kaggle/working/clips/tier1/lq_tau31IE0_clip0012_t00353.mp4
lq_tau31IE0_clip0013_t00374,lq_tau31IE0,374.754,383.582,8.828,1.0,1.0,6.37,/kaggle/working/clips/tier1/lq_tau31IE0_clip0013_t00374.mp4
lq_tau31IE0_clip0014_t00384,lq_tau31IE0,384.13,391.134,7.004,0.857,1.0,6.72,/kaggle/working/clips/tier1/lq_tau31IE0_clip0014_t00384.mp4
lq_tau31IE0_clip0015_t00395,lq_tau31IE0,395.842,400.842,5.0,1.0,1.0,6.14,/kaggle/working/clips/tier1/lq_tau31IE0_clip0015_t00395.mp4
lq_tau31IE0_clip0016_t00399,lq_tau31IE0,399.842,404.842,5.0,1.0,1.0,5.15,/kaggle/working/clips/tier1/lq_tau31IE0_clip0016_t00399.mp4
lq_tau31IE0_clip0017_t00403,lq_tau31IE0,403.842,408.842,5.0,1.0,1.0,5.63,/kaggle/working/clips/tier1/lq_tau31IE0_clip0017_t00403.mp4
lq_tau31IE0_clip0018_t00411,lq_tau31IE0,411.458,419.678,8.22,1.0,1.0,6.27,/kaggle/working/clips/tier1/lq_tau31IE0_clip0018_t00411.mp4
lq_tau31IE0_clip0019_t00419,lq_tau31IE0,419.906,426.366,6.46,1.0,1.0,5.79,/kaggle/working/clips/tier1/lq_tau31IE0_clip0019_t00419.mp4
lq_tau31IE0_clip0020_t00426,lq_tau31IE0,426.69,429.598,2.908,1.0,1.0,5.47,/kaggle/working/clips/tier1/lq_tau31IE0_clip0020_t00426.mp4
lq_tau31IE0_clip0021_t00429,lq_tau31IE0,429.762,435.454,5.692,1.0,1.0,6.15,/kaggle/working/clips/tier1/lq_tau31IE0_clip0021_t00429.mp4
lq_tau31IE0_clip0022_t00435,lq_tau31IE0,435.554,443.998,8.444,1.0,1.0,6.78,/kaggle/working/clips/tier1/lq_tau31IE0_clip0022_t00435.mp4
lq_tau31IE0_clip0023_t00445,lq_tau31IE0,445.474,453.534,8.06,1.0,1.0,6.03,/kaggle/working/clips/tier1/lq_tau31IE0_clip0023_t00445.mp4
lq_tau31IE0_clip0024_t00520,lq_tau31IE0,520.578,525.578,5.0,1.0,1.0,5.92,/kaggle/working/clips/tier1/lq_tau31IE0_clip0024_t00520.mp4
lq_tau31IE0_clip0025_t00552,lq_tau31IE0,552.066,557.066,5.0,1.0,1.0,6.68,/kaggle/working/clips/tier1/lq_tau31IE0_clip0025_t00552.mp4
lq_tau31IE0_clip0026_t00556,lq_tau31IE0,556.066,560.19,4.124,1.0,1.0,5.67,/kaggle/working/clips/tier1/lq_tau31IE0_clip0026_t00556.mp4
lq_tau31IE0_clip0027_t00560,lq_tau31IE0,560.482,565.342,4.86,1.0,1.0,5.88,/kaggle/working/clips/tier1/lq_tau31IE0_clip0027_t00560.mp4
lq_tau31IE0_clip0028_t00565,lq_tau31IE0,565.442,572.926,7.484,1.0,1.0,5.31,/kaggle/working/clips/tier1/lq_tau31IE0_clip0028_t00565.mp4
lq_tau31IE0_clip0029_t00573,lq_tau31IE0,573.282,577.118,3.836,1.0,1.0,6.47,/kaggle/working/clips/tier1/lq_tau31IE0_clip0029_t00573.mp4
lq_tau31IE0_clip0030_t00577,lq_tau31IE0,577.666,582.666,5.0,1.0,1.0,5.28,/kaggle/working/clips/tier1/lq_tau31IE0_clip0030_t00577.mp4
lq_tau31IE0_clip0031_t00642,lq_tau31IE0,642.338,647.338,5.0,1.0,1.0,5.76,/kaggle/working/clips/tier1/lq_tau31IE0_clip0031_t00642.mp4
lq_tau31IE0_clip0032_t00648,lq_tau31IE0,648.194,652.574,4.38,1.0,1.0,6.08,/kaggle/working/clips/tier1/lq_tau31IE0_clip0032_t00648.mp4
lq_tau31IE0_clip0033_t00652,lq_tau31IE0,652.674,657.438,4.764,1.0,1.0,4.84,/kaggle/working/clips/tier1/lq_tau31IE0_clip0033_t00652.mp4
lq_tau31IE0_clip0034_t00659,lq_tau31IE0,659.65,663.486,3.836,1.0,1.0,4.1,/kaggle/working/clips/tier1/lq_tau31IE0_clip0034_t00659.mp4
lq_tau31IE0_clip0035_t00663,lq_tau31IE0,663.842,667.07,3.228,1.0,1.0,5.3,/kaggle/working/clips/tier1/lq_tau31IE0_clip0035_t00663.mp4
lq_tau31IE0_clip0036_t00668,lq_tau31IE0,668.098,673.098,5.0,1.0,1.0,5.93,/kaggle/working/clips/tier1/lq_tau31IE0_clip0036_t00668.mp4
lq_tau31IE0_clip0037_t00672,lq_tau31IE0,672.098,677.098,5.0,1.0,1.0,2.96,/kaggle/working/clips/tier1/lq_tau31IE0_clip0037_t00672.mp4
lq_tau31IE0_clip0038_t00676,lq_tau31IE0,676.098,681.054,4.956,1.0,1.0,5.21,/kaggle/working/clips/tier1/lq_tau31IE0_clip0038_t00676.mp4
lq_tau31IE0_clip0039_t00681,lq_tau31IE0,681.186,687.838,6.652,1.0,1.0,6.03,/kaggle/working/clips/tier1/lq_tau31IE0_clip0039_t00681.mp4
lq_tau31IE0_clip0040_t00735,lq_tau31IE0,735.618,740.222,4.604,0.8,1.0,6.62,/kaggle/working/clips/tier1/lq_tau31IE0_clip0040_t00735.mp4
lq_tau31IE0_clip0041_t00742,lq_tau31IE0,742.402,748.894,6.492,1.0,1.0,5.35,/kaggle/working/clips/tier1/lq_tau31IE0_clip0041_t00742.mp4
lq_tau31IE0_clip0042_t00749,lq_tau31IE0,749.314,758.014,8.7,0.889,1.0,6.11,/kaggle/working/clips/tier1/lq_tau31IE0_clip0042_t00749.mp4
lq_tau31IE0_clip0043_t00758,lq_tau31IE0,758.114,761.31,3.196,1.0,1.0,5.56,/kaggle/working/clips/tier1/lq_tau31IE0_clip0043_t00758.mp4
lq_tau31IE0_clip0044_t00761,lq_tau31IE0,761.634,770.046,8.412,1.0,1.0,6.71,/kaggle/working/clips/tier1/lq_tau31IE0_clip0044_t00761.mp4
lq_tau31IE0_clip0045_t00770,lq_tau31IE0,770.434,779.006,8.572,1.0,1.0,6.35,/kaggle/working/clips/tier1/lq_tau31IE0_clip0045_t00770.mp4
lq_tau31IE0_clip0046_t00779,lq_tau31IE0,779.394,787.134,7.74,1.0,1.0,5.91,/kaggle/working/clips/tier1/lq_tau31IE0_clip0046_t00779.mp4
lq_tau31IE0_clip0047_t00787,lq_tau31IE0,787.362,789.534,2.172,1.0,1.0,4.65,/kaggle/working/clips/tier1/lq_tau31IE0_clip0047_t00787.mp4
lq_tau31IE0_clip0048_t00789,lq_tau31IE0,789.666,792.51,2.844,1.0,1.0,5.47,/kaggle/working/clips/tier1/lq_tau31IE0_clip0048_t00789.mp4
lq_tau31IE0_clip0049_t00792,lq_tau31IE0,792.738,802.27,9.532,1.0,1.0,6.15,/kaggle/working/clips/tier1/lq_tau31IE0_clip0049_t00792.mp4
lq_tau31IE0_clip0050_t00802,lq_tau31IE0,802.786,810.366,7.58,1.0,1.0,4.68,/kaggle/working/clips/tier1/lq_tau31IE0_clip0050_t00802.mp4
lq_tau31IE0_clip0051_t00810,lq_tau31IE0,810.626,813.406,2.78,1.0,1.0,4.65,/kaggle/working/clips/tier1/lq_tau31IE0_clip0051_t00810.mp4
lq_tau31IE0_clip0052_t00813,lq_tau31IE0,813.538,820.158,6.62,1.0,1.0,5.41,/kaggle/working/clips/tier1/lq_tau31IE0_clip0052_t00813.mp4
lq_tau31IE0_clip0053_t00821,lq_tau31IE0,821.378,829.086,7.708,1.0,1.0,5.0,/kaggle/working/clips/tier1/lq_tau31IE0_clip0053_t00821.mp4
lq_tau31IE0_clip0054_t00829,lq_tau31IE0,829.602,834.602,5.0,1.0,1.0,6.17,/kaggle/working/clips/tier1/lq_tau31IE0_clip0054_t00829.mp4
lq_tau31IE0_clip0055_t00833,lq_tau31IE0,833.602,838.602,5.0,1.0,1.0,3.6,/kaggle/working/clips/tier1/lq_tau31IE0_clip0055_t00833.mp4
lq_tau31IE0_clip0056_t00837,lq_tau31IE0,837.602,842.602,5.0,1.0,1.0,4.82,/kaggle/working/clips/tier1/lq_tau31IE0_clip0056_t00837.mp4
MpVfVbPdmis_clip0000_t00013,MpVfVbPdmis,13.122,15.582,2.46,1.0,1.0,5.56,/kaggle/working/clips/tier1/MpVfVbPdmis_clip0000_t00013.mp4
MpVfVbPdmis_clip0001_t00015,MpVfVbPdmis,15.746,19.326,3.58,1.0,1.0,5.15,/kaggle/working/clips/tier1/MpVfVbPdmis_clip0001_t00015.mp4
MpVfVbPdmis_clip0002_t00059,MpVfVbPdmis,59.106,63.326,4.22,1.0,1.0,5.45,/kaggle/working/clips/tier1/MpVfVbPdmis_clip0002_t00059.mp4
MpVfVbPdmis_clip0003_t00063,MpVfVbPdmis,63.458,65.566,2.108,1.0,1.0,5.0,/kaggle/working/clips/tier1/MpVfVbPdmis_clip0003_t00063.mp4
MpVfVbPdmis_clip0004_t00065,MpVfVbPdmis,65.698,70.462,4.764,1.0,1.0,4.66,/kaggle/working/clips/tier1/MpVfVbPdmis_clip0004_t00065.mp4
MpVfVbPdmis_clip0005_t00070,MpVfVbPdmis,70.594,73.342,2.748,1.0,1.0,5.04,/kaggle/working/clips/tier1/MpVfVbPdmis_clip0005_t00070.mp4
MpVfVbPdmis_clip0006_t00075,MpVfVbPdmis,75.426,77.662,2.236,1.0,1.0,4.96,/kaggle/working/clips/tier1/MpVfVbPdmis_clip0006_t00075.mp4
MpVfVbPdmis_clip0007_t00086,MpVfVbPdmis,86.178,91.178,5.0,1.0,1.0,4.93,/kaggle/working/clips/tier1/MpVfVbPdmis_clip0007_t00086.mp4
MpVfVbPdmis_clip0008_t00090,MpVfVbPdmis,90.178,95.006,4.828,1.0,1.0,4.28,/kaggle/working/clips/tier1/MpVfVbPdmis_clip0008_t00090.mp4
MpVfVbPdmis_clip0009_t00129,MpVfVbPdmis,129.122,136.318,7.196,1.0,1.0,5.49,/kaggle/working/clips/tier1/MpVfVbPdmis_clip0009_t00129.mp4
MpVfVbPdmis_clip0010_t00136,MpVfVbPdmis,136.578,143.358,6.78,1.0,1.0,5.11,/kaggle/working/clips/tier1/MpVfVbPdmis_clip0010_t00136.mp4
MpVfVbPdmis_clip0011_t00194,MpVfVbPdmis,194.882,199.882,5.0,0.8,1.0,5.26,/kaggle/working/clips/tier1/MpVfVbPdmis_clip0011_t00194.mp4
MpVfVbPdmis_clip0012_t00198,MpVfVbPdmis,198.882,203.882,5.0,1.0,1.0,4.77,/kaggle/working/clips/tier1/MpVfVbPdmis_clip0012_t00198.mp4
MpVfVbPdmis_clip0013_t00202,MpVfVbPdmis,202.882,207.882,5.0,1.0,1.0,4.89,/kaggle/working/clips/tier1/MpVfVbPdmis_clip0013_t00202.mp4
MpVfVbPdmis_clip0014_t00210,MpVfVbPdmis,210.882,215.882,5.0,1.0,1.0,5.82,/kaggle/working/clips/tier1/MpVfVbPdmis_clip0014_t00210.mp4
MpVfVbPdmis_clip0015_t00214,MpVfVbPdmis,214.882,219.882,5.0,1.0,1.0,5.66,/kaggle/working/clips/tier1/MpVfVbPdmis_clip0015_t00214.mp4
MpVfVbPdmis_clip0016_t00218,MpVfVbPdmis,218.882,223.882,5.0,1.0,1.0,5.52,/kaggle/working/clips/tier1/MpVfVbPdmis_clip0016_t00218.mp4
MpVfVbPdmis_clip0017_t00242,MpVfVbPdmis,242.242,245.31,3.068,1.0,1.0,4.18,/kaggle/working/clips/tier1/MpVfVbPdmis_clip0017_t00242.mp4
MpVfVbPdmis_clip0018_t00249,MpVfVbPdmis,249.762,253.438,3.676,1.0,1.0,5.12,/kaggle/working/clips/tier1/MpVfVbPdmis_clip0018_t00249.mp4
MpVfVbPdmis_clip0019_t00253,MpVfVbPdmis,253.922,258.75,4.828,1.0,1.0,5.58,/kaggle/working/clips/tier1/MpVfVbPdmis_clip0019_t00253.mp4
MpVfVbPdmis_clip0020_t00258,MpVfVbPdmis,258.914,261.406,2.492,1.0,1.0,4.78,/kaggle/working/clips/tier1/MpVfVbPdmis_clip0020_t00258.mp4
MpVfVbPdmis_clip0021_t00261,MpVfVbPdmis,261.57,265.662,4.092,1.0,1.0,5.14,/kaggle/working/clips/tier1/MpVfVbPdmis_clip0021_t00261.mp4
MpVfVbPdmis_clip0022_t00285,MpVfVbPdmis,285.058,290.718,5.66,1.0,1.0,5.22,/kaggle/working/clips/tier1/MpVfVbPdmis_clip0022_t00285.mp4
MpVfVbPdmis_clip0023_t00315,MpVfVbPdmis,315.106,317.342,2.236,1.0,1.0,4.9,/kaggle/working/clips/tier1/MpVfVbPdmis_clip0023_t00315.mp4
MpVfVbPdmis_clip0024_t00317,MpVfVbPdmis,317.442,321.726,4.284,1.0,1.0,4.93,/kaggle/working/clips/tier1/MpVfVbPdmis_clip0024_t00317.mp4
MpVfVbPdmis_clip0025_t00322,MpVfVbPdmis,322.594,328.51,5.916,1.0,1.0,5.78,/kaggle/working/clips/tier1/MpVfVbPdmis_clip0025_t00322.mp4
MpVfVbPdmis_clip0026_t00328,MpVfVbPdmis,328.802,331.006,2.204,1.0,1.0,6.03,/kaggle/working/clips/tier1/MpVfVbPdmis_clip0026_t00328.mp4
MpVfVbPdmis_clip0027_t00331,MpVfVbPdmis,331.33,338.782,7.452,1.0,1.0,5.21,/kaggle/working/clips/tier1/MpVfVbPdmis_clip0027_t00331.mp4
MpVfVbPdmis_clip0028_t00341,MpVfVbPdmis,341.634,346.27,4.636,1.0,1.0,5.47,/kaggle/working/clips/tier1/MpVfVbPdmis_clip0028_t00341.mp4
MpVfVbPdmis_clip0029_t00346,MpVfVbPdmis,346.466,348.798,2.332,1.0,1.0,4.68,/kaggle/working/clips/tier1/MpVfVbPdmis_clip0029_t00346.mp4
MpVfVbPdmis_clip0030_t00349,MpVfVbPdmis,349.09,352.478,3.388,1.0,1.0,5.15,/kaggle/working/clips/tier1/MpVfVbPdmis_clip0030_t00349.mp4
MpVfVbPdmis_clip0031_t00352,MpVfVbPdmis,352.834,358.846,6.012,1.0,1.0,5.3,/kaggle/working/clips/tier1/MpVfVbPdmis_clip0031_t00352.mp4
MpVfVbPdmis_clip0032_t00359,MpVfVbPdmis,359.362,361.918,2.556,1.0,1.0,5.5,/kaggle/working/clips/tier1/MpVfVbPdmis_clip0032_t00359.mp4
MpVfVbPdmis_clip0033_t00370,MpVfVbPdmis,370.946,373.214,2.268,1.0,1.0,5.63,/kaggle/working/clips/tier1/MpVfVbPdmis_clip0033_t00370.mp4
MpVfVbPdmis_clip0034_t00375,MpVfVbPdmis,375.49,377.886,2.396,1.0,1.0,4.82,/kaggle/working/clips/tier1/MpVfVbPdmis_clip0034_t00375.mp4
MpVfVbPdmis_clip0035_t00430,MpVfVbPdmis,430.018,436.574,6.556,1.0,1.0,5.46,/kaggle/working/clips/tier1/MpVfVbPdmis_clip0035_t00430.mp4
MpVfVbPdmis_clip0036_t00436,MpVfVbPdmis,436.674,439.326,2.652,1.0,1.0,5.62,/kaggle/working/clips/tier1/MpVfVbPdmis_clip0036_t00436.mp4
MpVfVbPdmis_clip0037_t00441,MpVfVbPdmis,441.41,444.798,3.388,1.0,1.0,4.87,/kaggle/working/clips/tier1/MpVfVbPdmis_clip0037_t00441.mp4
MpVfVbPdmis_clip0038_t00478,MpVfVbPdmis,478.114,483.114,5.0,1.0,1.0,5.42,/kaggle/working/clips/tier1/MpVfVbPdmis_clip0038_t00478.mp4
MpVfVbPdmis_clip0039_t00482,MpVfVbPdmis,482.114,487.114,5.0,1.0,1.0,6.02,/kaggle/working/clips/tier1/MpVfVbPdmis_clip0039_t00482.mp4
MpVfVbPdmis_clip0040_t00510,MpVfVbPdmis,510.914,517.598,6.684,1.0,1.0,5.53,/kaggle/working/clips/tier1/MpVfVbPdmis_clip0040_t00510.mp4
MpVfVbPdmis_clip0041_t00518,MpVfVbPdmis,518.882,527.422,8.54,1.0,1.0,5.23,/kaggle/working/clips/tier1/MpVfVbPdmis_clip0041_t00518.mp4
MpVfVbPdmis_clip0042_t00533,MpVfVbPdmis,533.186,544.094,10.908,0.909,1.0,4.79,/kaggle/working/clips/tier1/MpVfVbPdmis_clip0042_t00533.mp4
MpVfVbPdmis_clip0043_t00545,MpVfVbPdmis,545.442,550.442,5.0,0.8,1.0,5.42,/kaggle/working/clips/tier1/MpVfVbPdmis_clip0043_t00545.mp4
MpVfVbPdmis_clip0044_t00549,MpVfVbPdmis,549.442,554.442,5.0,1.0,1.0,4.08,/kaggle/working/clips/tier1/MpVfVbPdmis_clip0044_t00549.mp4
MpVfVbPdmis_clip0045_t00557,MpVfVbPdmis,557.442,560.318,2.876,1.0,1.0,4.87,/kaggle/working/clips/tier1/MpVfVbPdmis_clip0045_t00557.mp4
MpVfVbPdmis_clip0046_t00582,MpVfVbPdmis,582.018,590.526,8.508,0.875,1.0,4.77,/kaggle/working/clips/tier1/MpVfVbPdmis_clip0046_t00582.mp4
MpVfVbPdmis_clip0047_t00613,MpVfVbPdmis,613.41,618.41,5.0,1.0,1.0,4.82,/kaggle/working/clips/tier1/MpVfVbPdmis_clip0047_t00613.mp4
MpVfVbPdmis_clip0048_t00617,MpVfVbPdmis,617.41,622.41,5.0,1.0,1.0,4.55,/kaggle/working/clips/tier1/MpVfVbPdmis_clip0048_t00617.mp4
MpVfVbPdmis_clip0049_t00621,MpVfVbPdmis,621.41,626.41,5.0,1.0,1.0,4.16,/kaggle/working/clips/tier1/MpVfVbPdmis_clip0049_t00621.mp4
MpVfVbPdmis_clip0050_t00625,MpVfVbPdmis,625.41,630.41,5.0,1.0,1.0,4.79,/kaggle/working/clips/tier1/MpVfVbPdmis_clip0050_t00625.mp4
MpVfVbPdmis_clip0051_t00629,MpVfVbPdmis,629.41,634.41,5.0,1.0,1.0,4.78,/kaggle/working/clips/tier1/MpVfVbPdmis_clip0051_t00629.mp4
MpVfVbPdmis_clip0052_t00633,MpVfVbPdmis,633.41,638.41,5.0,1.0,1.0,4.99,/kaggle/working/clips/tier1/MpVfVbPdmis_clip0052_t00633.mp4
MpVfVbPdmis_clip0053_t00654,MpVfVbPdmis,654.818,657.694,2.876,1.0,1.0,5.72,/kaggle/working/clips/tier1/MpVfVbPdmis_clip0053_t00654.mp4
MpVfVbPdmis_clip0054_t00657,MpVfVbPdmis,657.858,661.054,3.196,1.0,1.0,5.08,/kaggle/working/clips/tier1/MpVfVbPdmis_clip0054_t00657.mp4
MpVfVbPdmis_clip0055_t00662,MpVfVbPdmis,662.37,666.91,4.54,1.0,1.0,5.59,/kaggle/working/clips/tier1/MpVfVbPdmis_clip0055_t00662.mp4
MpVfVbPdmis_clip0056_t00686,MpVfVbPdmis,686.498,691.498,5.0,1.0,1.0,4.4,/kaggle/working/clips/tier1/MpVfVbPdmis_clip0056_t00686.mp4
MpVfVbPdmis_clip0057_t00690,MpVfVbPdmis,690.498,695.07,4.572,0.8,1.0,4.61,/kaggle/working/clips/tier1/MpVfVbPdmis_clip0057_t00690.mp4
MpVfVbPdmis_clip0058_t00719,MpVfVbPdmis,719.906,727.55,7.644,1.0,1.0,4.27,/kaggle/working/clips/tier1/MpVfVbPdmis_clip0058_t00719.mp4
MpVfVbPdmis_clip0059_t00731,MpVfVbPdmis,731.266,734.174,2.908,1.0,1.0,5.05,/kaggle/working/clips/tier1/MpVfVbPdmis_clip0059_t00731.mp4
MpVfVbPdmis_clip0060_t00740,MpVfVbPdmis,740.674,744.862,4.188,1.0,1.0,5.03,/kaggle/working/clips/tier1/MpVfVbPdmis_clip0060_t00740.mp4
MpVfVbPdmis_clip0061_t00744,MpVfVbPdmis,744.994,747.134,2.14,1.0,1.0,4.57,/kaggle/working/clips/tier1/MpVfVbPdmis_clip0061_t00744.mp4
MpVfVbPdmis_clip0062_t00762,MpVfVbPdmis,762.754,770.238,7.484,1.0,1.0,4.83,/kaggle/working/clips/tier1/MpVfVbPdmis_clip0062_t00762.mp4
MpVfVbPdmis_clip0063_t00770,MpVfVbPdmis,770.402,772.542,2.14,1.0,1.0,4.57,/kaggle/working/clips/tier1/MpVfVbPdmis_clip0063_t00770.mp4
MpVfVbPdmis_clip0064_t00772,MpVfVbPdmis,772.706,775.518,2.812,1.0,1.0,4.78,/kaggle/working/clips/tier1/MpVfVbPdmis_clip0064_t00772.mp4
MpVfVbPdmis_clip0065_t00775,MpVfVbPdmis,775.618,780.414,4.796,1.0,1.0,3.89,/kaggle/working/clips/tier1/MpVfVbPdmis_clip0065_t00775.mp4
MpVfVbPdmis_clip0066_t00783,MpVfVbPdmis,783.138,787.07,3.932,1.0,1.0,4.36,/kaggle/working/clips/tier1/MpVfVbPdmis_clip0066_t00783.mp4
MpVfVbPdmis_clip0067_t00787,MpVfVbPdmis,787.49,794.654,7.164,0.857,1.0,4.96,/kaggle/working/clips/tier1/MpVfVbPdmis_clip0067_t00787.mp4
MpVfVbPdmis_clip0068_t00796,MpVfVbPdmis,796.994,799.39,2.396,1.0,1.0,4.46,/kaggle/working/clips/tier1/MpVfVbPdmis_clip0068_t00796.mp4
MpVfVbPdmis_clip0069_t00799,MpVfVbPdmis,799.554,802.11,2.556,1.0,1.0,4.42,/kaggle/working/clips/tier1/MpVfVbPdmis_clip0069_t00799.mp4
MpVfVbPdmis_clip0070_t00802,MpVfVbPdmis,802.306,806.942,4.636,1.0,1.0,3.89,/kaggle/working/clips/tier1/MpVfVbPdmis_clip0070_t00802.mp4
MpVfVbPdmis_clip0071_t00807,MpVfVbPdmis,807.682,814.206,6.524,1.0,1.0,4.09,/kaggle/working/clips/tier1/MpVfVbPdmis_clip0071_t00807.mp4
MpVfVbPdmis_clip0072_t00814,MpVfVbPdmis,814.53,821.022,6.492,1.0,1.0,5.47,/kaggle/working/clips/tier1/MpVfVbPdmis_clip0072_t00814.mp4
MpVfVbPdmis_clip0073_t00821,MpVfVbPdmis,821.122,824.062,2.94,1.0,1.0,4.61,/kaggle/working/clips/tier1/MpVfVbPdmis_clip0073_t00821.mp4
MpVfVbPdmis_clip0074_t00827,MpVfVbPdmis,827.458,832.458,5.0,1.0,1.0,5.32,/kaggle/working/clips/tier1/MpVfVbPdmis_clip0074_t00827.mp4
MpVfVbPdmis_clip0075_t00831,MpVfVbPdmis,831.458,836.458,5.0,1.0,1.0,5.66,/kaggle/working/clips/tier1/MpVfVbPdmis_clip0075_t00831.mp4
MpVfVbPdmis_clip0076_t00835,MpVfVbPdmis,835.458,840.458,5.0,1.0,1.0,5.45,/kaggle/working/clips/tier1/MpVfVbPdmis_clip0076_t00835.mp4
MpVfVbPdmis_clip0077_t00839,MpVfVbPdmis,839.458,844.458,5.0,1.0,1.0,4.94,/kaggle/working/clips/tier1/MpVfVbPdmis_clip0077_t00839.mp4
MpVfVbPdmis_clip0078_t00849,MpVfVbPdmis,849.922,852.094,2.172,1.0,1.0,5.25,/kaggle/working/clips/tier1/MpVfVbPdmis_clip0078_t00849.mp4
MpVfVbPdmis_clip0079_t00852,MpVfVbPdmis,852.418,857.278,4.86,1.0,1.0,4.98,/kaggle/working/clips/tier1/MpVfVbPdmis_clip0079_t00852.mp4
MpVfVbPdmis_clip0080_t00859,MpVfVbPdmis,859.362,865.534,6.172,1.0,1.0,4.98,/kaggle/working/clips/tier1/MpVfVbPdmis_clip0080_t00859.mp4
MpVfVbPdmis_clip0081_t00865,MpVfVbPdmis,865.762,870.174,4.412,1.0,1.0,5.12,/kaggle/working/clips/tier1/MpVfVbPdmis_clip0081_t00865.mp4
MpVfVbPdmis_clip0082_t00870,MpVfVbPdmis,870.434,873.31,2.876,1.0,1.0,4.58,/kaggle/working/clips/tier1/MpVfVbPdmis_clip0082_t00870.mp4
MpVfVbPdmis_clip0083_t00905,MpVfVbPdmis,905.378,907.806,2.428,1.0,1.0,5.6,/kaggle/working/clips/tier1/MpVfVbPdmis_clip0083_t00905.mp4
MpVfVbPdmis_clip0084_t00908,MpVfVbPdmis,908.098,916.702,8.604,1.0,1.0,5.0,/kaggle/working/clips/tier1/MpVfVbPdmis_clip0084_t00908.mp4
MpVfVbPdmis_clip0085_t00963,MpVfVbPdmis,963.522,967.486,3.964,1.0,1.0,5.41,/kaggle/working/clips/tier1/MpVfVbPdmis_clip0085_t00963.mp4
MpVfVbPdmis_clip0086_t00967,MpVfVbPdmis,967.746,970.494,2.748,1.0,1.0,5.65,/kaggle/working/clips/tier1/MpVfVbPdmis_clip0086_t00967.mp4
MpVfVbPdmis_clip0087_t00972,MpVfVbPdmis,972.098,975.038,2.94,1.0,1.0,5.06,/kaggle/working/clips/tier1/MpVfVbPdmis_clip0087_t00972.mp4
MpVfVbPdmis_clip0088_t01013,MpVfVbPdmis,1013.314,1022.334,9.02,0.778,1.0,4.76,/kaggle/working/clips/tier1/MpVfVbPdmis_clip0088_t01013.mp4
MpVfVbPdmis_clip0089_t01026,MpVfVbPdmis,1026.498,1031.498,5.0,1.0,1.0,6.19,/kaggle/working/clips/tier1/MpVfVbPdmis_clip0089_t01026.mp4
MpVfVbPdmis_clip0090_t01064,MpVfVbPdmis,1064.482,1066.846,2.364,1.0,1.0,5.74,/kaggle/working/clips/tier1/MpVfVbPdmis_clip0090_t01064.mp4
MpVfVbPdmis_clip0091_t01067,MpVfVbPdmis,1067.01,1072.958,5.948,1.0,1.0,5.48,/kaggle/working/clips/tier1/MpVfVbPdmis_clip0091_t01067.mp4
MpVfVbPdmis_clip0092_t01073,MpVfVbPdmis,1073.25,1079.006,5.756,1.0,1.0,4.81,/kaggle/working/clips/tier1/MpVfVbPdmis_clip0092_t01073.mp4
MpVfVbPdmis_clip0093_t01105,MpVfVbPdmis,1105.314,1110.314,5.0,1.0,1.0,5.78,/kaggle/working/clips/tier1/MpVfVbPdmis_clip0093_t01105.mp4
MpVfVbPdmis_clip0094_t01109,MpVfVbPdmis,1109.314,1114.314,5.0,1.0,1.0,5.9,/kaggle/working/clips/tier1/MpVfVbPdmis_clip0094_t01109.mp4
MpVfVbPdmis_clip0095_t01117,MpVfVbPdmis,1117.314,1120.414,3.1,1.0,1.0,5.18,/kaggle/working/clips/tier1/MpVfVbPdmis_clip0095_t01117.mp4
MpVfVbPdmis_clip0096_t01128,MpVfVbPdmis,1128.578,1133.578,5.0,1.0,1.0,6.15,/kaggle/working/clips/tier1/MpVfVbPdmis_clip0096_t01128.mp4
MpVfVbPdmis_clip0097_t01144,MpVfVbPdmis,1144.162,1146.526,2.364,1.0,1.0,5.6,/kaggle/working/clips/tier1/MpVfVbPdmis_clip0097_t01144.mp4
MpVfVbPdmis_clip0098_t01146,MpVfVbPdmis,1146.626,1150.078,3.452,1.0,1.0,4.94,/kaggle/working/clips/tier1/MpVfVbPdmis_clip0098_t01146.mp4
MpVfVbPdmis_clip0099_t01150,MpVfVbPdmis,1150.242,1155.242,5.0,1.0,1.0,4.75,/kaggle/working/clips/tier1/MpVfVbPdmis_clip0099_t01150.mp4
MpVfVbPdmis_clip0100_t01154,MpVfVbPdmis,1154.242,1159.242,5.0,1.0,1.0,4.95,/kaggle/working/clips/tier1/MpVfVbPdmis_clip0100_t01154.mp4
MpVfVbPdmis_clip0101_t01158,MpVfVbPdmis,1158.242,1163.242,5.0,1.0,1.0,4.86,/kaggle/working/clips/tier1/MpVfVbPdmis_clip0101_t01158.mp4
MpVfVbPdmis_clip0102_t01164,MpVfVbPdmis,1164.418,1166.462,2.044,1.0,1.0,3.65,/kaggle/working/clips/tier1/MpVfVbPdmis_clip0102_t01164.mp4
MpVfVbPdmis_clip0103_t01174,MpVfVbPdmis,1174.818,1179.818,5.0,0.8,1.0,6.02,/kaggle/working/clips/tier1/MpVfVbPdmis_clip0103_t01174.mp4
MpVfVbPdmis_clip0104_t01189,MpVfVbPdmis,1189.538,1193.182,3.644,1.0,1.0,5.41,/kaggle/working/clips/tier1/MpVfVbPdmis_clip0104_t01189.mp4
MpVfVbPdmis_clip0105_t01193,MpVfVbPdmis,1193.378,1197.278,3.9,1.0,1.0,4.98,/kaggle/working/clips/tier1/MpVfVbPdmis_clip0105_t01193.mp4
Nw3N73GJ2Zo_clip0000_t00029,Nw3N73GJ2Zo,29.474,33.118,3.644,1.0,1.0,8.47,/kaggle/working/clips/tier1/Nw3N73GJ2Zo_clip0000_t00029.mp4
Nw3N73GJ2Zo_clip0001_t00037,Nw3N73GJ2Zo,37.602,40.606,3.004,1.0,1.0,7.76,/kaggle/working/clips/tier1/Nw3N73GJ2Zo_clip0001_t00037.mp4
Nw3N73GJ2Zo_clip0002_t00041,Nw3N73GJ2Zo,41.058,47.006,5.948,1.0,1.0,6.1,/kaggle/working/clips/tier1/Nw3N73GJ2Zo_clip0002_t00041.mp4
Nw3N73GJ2Zo_clip0003_t00136,Nw3N73GJ2Zo,136.194,139.358,3.164,1.0,1.0,3.49,/kaggle/working/clips/tier1/Nw3N73GJ2Zo_clip0003_t00136.mp4
Nw3N73GJ2Zo_clip0004_t00139,Nw3N73GJ2Zo,139.618,141.79,2.172,1.0,1.0,6.02,/kaggle/working/clips/tier1/Nw3N73GJ2Zo_clip0004_t00139.mp4
Nw3N73GJ2Zo_clip0005_t00142,Nw3N73GJ2Zo,142.05,147.05,5.0,0.8,1.0,4.17,/kaggle/working/clips/tier1/Nw3N73GJ2Zo_clip0005_t00142.mp4
Nw3N73GJ2Zo_clip0006_t00146,Nw3N73GJ2Zo,146.05,151.05,5.0,1.0,1.0,2.99,/kaggle/working/clips/tier1/Nw3N73GJ2Zo_clip0006_t00146.mp4
Nw3N73GJ2Zo_clip0007_t00150,Nw3N73GJ2Zo,150.05,155.05,5.0,1.0,1.0,2.96,/kaggle/working/clips/tier1/Nw3N73GJ2Zo_clip0007_t00150.mp4
Nw3N73GJ2Zo_clip0008_t00178,Nw3N73GJ2Zo,178.05,183.05,5.0,1.0,1.0,5.24,/kaggle/working/clips/tier1/Nw3N73GJ2Zo_clip0008_t00178.mp4
Nw3N73GJ2Zo_clip0009_t00182,Nw3N73GJ2Zo,182.05,187.05,5.0,0.8,1.0,2.6,/kaggle/working/clips/tier1/Nw3N73GJ2Zo_clip0009_t00182.mp4
Nw3N73GJ2Zo_clip0010_t00190,Nw3N73GJ2Zo,190.05,195.05,5.0,1.0,1.0,4.86,/kaggle/working/clips/tier1/Nw3N73GJ2Zo_clip0010_t00190.mp4
Nw3N73GJ2Zo_clip0011_t00194,Nw3N73GJ2Zo,194.05,198.526,4.476,0.75,1.0,3.83,/kaggle/working/clips/tier1/Nw3N73GJ2Zo_clip0011_t00194.mp4
Nw3N73GJ2Zo_clip0012_t00198,Nw3N73GJ2Zo,198.818,206.558,7.74,1.0,1.0,4.26,/kaggle/working/clips/tier1/Nw3N73GJ2Zo_clip0012_t00198.mp4
Nw3N73GJ2Zo_clip0013_t00265,Nw3N73GJ2Zo,265.954,270.954,5.0,1.0,1.0,5.26,/kaggle/working/clips/tier1/Nw3N73GJ2Zo_clip0013_t00265.mp4
Nw3N73GJ2Zo_clip0014_t00269,Nw3N73GJ2Zo,269.954,274.718,4.764,1.0,1.0,6.31,/kaggle/working/clips/tier1/Nw3N73GJ2Zo_clip0014_t00269.mp4
Nw3N73GJ2Zo_clip0015_t00303,Nw3N73GJ2Zo,303.106,309.342,6.236,1.0,1.0,4.07,/kaggle/working/clips/tier1/Nw3N73GJ2Zo_clip0015_t00303.mp4
Nw3N73GJ2Zo_clip0016_t00309,Nw3N73GJ2Zo,309.506,314.506,5.0,1.0,1.0,3.79,/kaggle/working/clips/tier1/Nw3N73GJ2Zo_clip0016_t00309.mp4
Nw3N73GJ2Zo_clip0017_t00313,Nw3N73GJ2Zo,313.506,318.506,5.0,1.0,1.0,3.08,/kaggle/working/clips/tier1/Nw3N73GJ2Zo_clip0017_t00313.mp4
Nw3N73GJ2Zo_clip0018_t00317,Nw3N73GJ2Zo,317.506,321.758,4.252,1.0,1.0,1.54,/kaggle/working/clips/tier1/Nw3N73GJ2Zo_clip0018_t00317.mp4
Nw3N73GJ2Zo_clip0019_t00321,Nw3N73GJ2Zo,321.922,324.126,2.204,1.0,1.0,5.29,/kaggle/working/clips/tier1/Nw3N73GJ2Zo_clip0019_t00321.mp4
Nw3N73GJ2Zo_clip0020_t00324,Nw3N73GJ2Zo,324.354,330.686,6.332,1.0,1.0,4.15,/kaggle/working/clips/tier1/Nw3N73GJ2Zo_clip0020_t00324.mp4
Nw3N73GJ2Zo_clip0021_t00331,Nw3N73GJ2Zo,331.138,337.31,6.172,1.0,1.0,3.31,/kaggle/working/clips/tier1/Nw3N73GJ2Zo_clip0021_t00331.mp4
Nw3N73GJ2Zo_clip0022_t00343,Nw3N73GJ2Zo,343.362,347.454,4.092,1.0,1.0,2.99,/kaggle/working/clips/tier1/Nw3N73GJ2Zo_clip0022_t00343.mp4
Nw3N73GJ2Zo_clip0023_t00347,Nw3N73GJ2Zo,347.938,354.526,6.588,1.0,1.0,3.92,/kaggle/working/clips/tier1/Nw3N73GJ2Zo_clip0023_t00347.mp4
Nw3N73GJ2Zo_clip0024_t00354,Nw3N73GJ2Zo,354.69,359.102,4.412,1.0,1.0,3.92,/kaggle/working/clips/tier1/Nw3N73GJ2Zo_clip0024_t00354.mp4
Nw3N73GJ2Zo_clip0025_t00359,Nw3N73GJ2Zo,359.394,369.022,9.628,1.0,1.0,4.29,/kaggle/working/clips/tier1/Nw3N73GJ2Zo_clip0025_t00359.mp4
Nw3N73GJ2Zo_clip0026_t00369,Nw3N73GJ2Zo,369.154,380.286,11.132,1.0,1.0,4.48,/kaggle/working/clips/tier1/Nw3N73GJ2Zo_clip0026_t00369.mp4
Nw3N73GJ2Zo_clip0027_t00380,Nw3N73GJ2Zo,380.962,385.962,5.0,1.0,1.0,5.43,/kaggle/working/clips/tier1/Nw3N73GJ2Zo_clip0027_t00380.mp4
Nw3N73GJ2Zo_clip0028_t00384,Nw3N73GJ2Zo,384.962,389.962,5.0,1.0,1.0,3.26,/kaggle/working/clips/tier1/Nw3N73GJ2Zo_clip0028_t00384.mp4
Nw3N73GJ2Zo_clip0029_t00388,Nw3N73GJ2Zo,388.962,393.962,5.0,1.0,1.0,4.16,/kaggle/working/clips/tier1/Nw3N73GJ2Zo_clip0029_t00388.mp4
Nw3N73GJ2Zo_clip0030_t00392,Nw3N73GJ2Zo,392.962,397.962,5.0,0.8,1.0,3.35,/kaggle/working/clips/tier1/Nw3N73GJ2Zo_clip0030_t00392.mp4
Nw3N73GJ2Zo_clip0031_t00396,Nw3N73GJ2Zo,396.962,401.962,5.0,0.8,1.0,4.26,/kaggle/working/clips/tier1/Nw3N73GJ2Zo_clip0031_t00396.mp4
Nw3N73GJ2Zo_clip0032_t00400,Nw3N73GJ2Zo,400.962,403.55,2.588,1.0,1.0,4.17,/kaggle/working/clips/tier1/Nw3N73GJ2Zo_clip0032_t00400.mp4
Nw3N73GJ2Zo_clip0033_t00403,Nw3N73GJ2Zo,403.938,412.894,8.956,0.778,1.0,4.0,/kaggle/working/clips/tier1/Nw3N73GJ2Zo_clip0033_t00403.mp4
Nw3N73GJ2Zo_clip0034_t00460,Nw3N73GJ2Zo,460.93,465.93,5.0,1.0,1.0,4.27,/kaggle/working/clips/tier1/Nw3N73GJ2Zo_clip0034_t00460.mp4
Nw3N73GJ2Zo_clip0035_t00464,Nw3N73GJ2Zo,464.93,469.93,5.0,1.0,1.0,4.21,/kaggle/working/clips/tier1/Nw3N73GJ2Zo_clip0035_t00464.mp4
Nw3N73GJ2Zo_clip0036_t00468,Nw3N73GJ2Zo,468.93,473.93,5.0,1.0,1.0,4.19,/kaggle/working/clips/tier1/Nw3N73GJ2Zo_clip0036_t00468.mp4
Nw3N73GJ2Zo_clip0037_t00472,Nw3N73GJ2Zo,472.93,477.93,5.0,1.0,1.0,3.79,/kaggle/working/clips/tier1/Nw3N73GJ2Zo_clip0037_t00472.mp4
Nw3N73GJ2Zo_clip0038_t00476,Nw3N73GJ2Zo,476.93,479.998,3.068,1.0,1.0,4.18,/kaggle/working/clips/tier1/Nw3N73GJ2Zo_clip0038_t00476.mp4
Nw3N73GJ2Zo_clip0039_t00480,Nw3N73GJ2Zo,480.13,486.878,6.748,1.0,1.0,4.94,/kaggle/working/clips/tier1/Nw3N73GJ2Zo_clip0039_t00480.mp4
Nw3N73GJ2Zo_clip0040_t00487,Nw3N73GJ2Zo,487.202,489.534,2.332,1.0,1.0,5.51,/kaggle/working/clips/tier1/Nw3N73GJ2Zo_clip0040_t00487.mp4
Nw3N73GJ2Zo_clip0041_t00489,Nw3N73GJ2Zo,489.666,494.666,5.0,1.0,1.0,3.48,/kaggle/working/clips/tier1/Nw3N73GJ2Zo_clip0041_t00489.mp4
Nw3N73GJ2Zo_clip0042_t00493,Nw3N73GJ2Zo,493.666,498.666,5.0,1.0,1.0,4.05,/kaggle/working/clips/tier1/Nw3N73GJ2Zo_clip0042_t00493.mp4
Nw3N73GJ2Zo_clip0043_t00497,Nw3N73GJ2Zo,497.666,502.666,5.0,0.8,1.0,3.08,/kaggle/working/clips/tier1/Nw3N73GJ2Zo_clip0043_t00497.mp4
Nw3N73GJ2Zo_clip0044_t00501,Nw3N73GJ2Zo,501.666,505.054,3.388,1.0,1.0,2.65,/kaggle/working/clips/tier1/Nw3N73GJ2Zo_clip0044_t00501.mp4
Nw3N73GJ2Zo_clip0045_t00505,Nw3N73GJ2Zo,505.282,512.414,7.132,1.0,1.0,4.54,/kaggle/working/clips/tier1/Nw3N73GJ2Zo_clip0045_t00505.mp4
Nw3N73GJ2Zo_clip0046_t00512,Nw3N73GJ2Zo,512.642,517.642,5.0,0.8,1.0,4.99,/kaggle/working/clips/tier1/Nw3N73GJ2Zo_clip0046_t00512.mp4
Nw3N73GJ2Zo_clip0047_t00545,Nw3N73GJ2Zo,545.41,552.158,6.748,1.0,1.0,5.18,/kaggle/working/clips/tier1/Nw3N73GJ2Zo_clip0047_t00545.mp4
Nw3N73GJ2Zo_clip0048_t00552,Nw3N73GJ2Zo,552.322,559.55,7.228,1.0,1.0,4.96,/kaggle/working/clips/tier1/Nw3N73GJ2Zo_clip0048_t00552.mp4
Nw3N73GJ2Zo_clip0049_t00559,Nw3N73GJ2Zo,559.714,565.726,6.012,1.0,1.0,4.03,/kaggle/working/clips/tier1/Nw3N73GJ2Zo_clip0049_t00559.mp4
Nw3N73GJ2Zo_clip0050_t00568,Nw3N73GJ2Zo,568.61,576.35,7.74,1.0,1.0,5.76,/kaggle/working/clips/tier1/Nw3N73GJ2Zo_clip0050_t00568.mp4
Nw3N73GJ2Zo_clip0051_t00576,Nw3N73GJ2Zo,576.642,586.75,10.108,1.0,1.0,4.97,/kaggle/working/clips/tier1/Nw3N73GJ2Zo_clip0051_t00576.mp4
Nw3N73GJ2Zo_clip0052_t00611,Nw3N73GJ2Zo,611.874,615.614,3.74,1.0,1.0,4.8,/kaggle/working/clips/tier1/Nw3N73GJ2Zo_clip0052_t00611.mp4
Nw3N73GJ2Zo_clip0053_t00615,Nw3N73GJ2Zo,615.842,619.262,3.42,1.0,1.0,5.87,/kaggle/working/clips/tier1/Nw3N73GJ2Zo_clip0053_t00615.mp4
Nw3N73GJ2Zo_clip0054_t00619,Nw3N73GJ2Zo,619.682,627.998,8.316,0.75,1.0,4.85,/kaggle/working/clips/tier1/Nw3N73GJ2Zo_clip0054_t00619.mp4
Nw3N73GJ2Zo_clip0055_t00657,Nw3N73GJ2Zo,657.154,661.118,3.964,1.0,1.0,5.72,/kaggle/working/clips/tier1/Nw3N73GJ2Zo_clip0055_t00657.mp4
Nw3N73GJ2Zo_clip0056_t00661,Nw3N73GJ2Zo,661.634,666.634,5.0,1.0,1.0,5.01,/kaggle/working/clips/tier1/Nw3N73GJ2Zo_clip0056_t00661.mp4
Nw3N73GJ2Zo_clip0057_t00665,Nw3N73GJ2Zo,665.634,670.634,5.0,0.8,1.0,3.54,/kaggle/working/clips/tier1/Nw3N73GJ2Zo_clip0057_t00665.mp4
Nw3N73GJ2Zo_clip0058_t00669,Nw3N73GJ2Zo,669.634,674.634,5.0,1.0,1.0,3.53,/kaggle/working/clips/tier1/Nw3N73GJ2Zo_clip0058_t00669.mp4
Nw3N73GJ2Zo_clip0059_t00673,Nw3N73GJ2Zo,673.634,678.634,5.0,1.0,1.0,4.07,/kaggle/working/clips/tier1/Nw3N73GJ2Zo_clip0059_t00673.mp4
Nw3N73GJ2Zo_clip0060_t00677,Nw3N73GJ2Zo,677.634,682.634,5.0,1.0,1.0,3.4,/kaggle/working/clips/tier1/Nw3N73GJ2Zo_clip0060_t00677.mp4
Nw3N73GJ2Zo_clip0061_t00681,Nw3N73GJ2Zo,681.634,684.19,2.556,1.0,1.0,4.26,/kaggle/working/clips/tier1/Nw3N73GJ2Zo_clip0061_t00681.mp4
Nw3N73GJ2Zo_clip0062_t00684,Nw3N73GJ2Zo,684.514,696.03,11.516,1.0,1.0,3.72,/kaggle/working/clips/tier1/Nw3N73GJ2Zo_clip0062_t00684.mp4
Nw3N73GJ2Zo_clip0063_t00696,Nw3N73GJ2Zo,696.194,700.35,4.156,0.75,1.0,3.71,/kaggle/working/clips/tier1/Nw3N73GJ2Zo_clip0063_t00696.mp4
Nw3N73GJ2Zo_clip0064_t00700,Nw3N73GJ2Zo,700.482,705.214,4.732,1.0,1.0,4.96,/kaggle/working/clips/tier1/Nw3N73GJ2Zo_clip0064_t00700.mp4
Nw3N73GJ2Zo_clip0065_t00705,Nw3N73GJ2Zo,705.602,710.602,5.0,1.0,1.0,4.85,/kaggle/working/clips/tier1/Nw3N73GJ2Zo_clip0065_t00705.mp4
Nw3N73GJ2Zo_clip0066_t00757,Nw3N73GJ2Zo,757.666,766.398,8.732,1.0,1.0,5.02,/kaggle/working/clips/tier1/Nw3N73GJ2Zo_clip0066_t00757.mp4
Nw3N73GJ2Zo_clip0067_t00766,Nw3N73GJ2Zo,766.53,778.526,11.996,0.917,1.0,4.3,/kaggle/working/clips/tier1/Nw3N73GJ2Zo_clip0067_t00766.mp4
Nw3N73GJ2Zo_clip0068_t00778,Nw3N73GJ2Zo,778.914,781.982,3.068,1.0,1.0,4.67,/kaggle/working/clips/tier1/Nw3N73GJ2Zo_clip0068_t00778.mp4
Nw3N73GJ2Zo_clip0069_t00782,Nw3N73GJ2Zo,782.082,790.558,8.476,0.875,1.0,3.89,/kaggle/working/clips/tier1/Nw3N73GJ2Zo_clip0069_t00782.mp4
Nw3N73GJ2Zo_clip0070_t00790,Nw3N73GJ2Zo,790.658,792.99,2.332,1.0,1.0,2.88,/kaggle/working/clips/tier1/Nw3N73GJ2Zo_clip0070_t00790.mp4
l9jY99iqS48_clip0000_t00004,l9jY99iqS48,4.034,9.034,5.0,1.0,1.0,14.1,/kaggle/working/clips/tier1/l9jY99iqS48_clip0000_t00004.mp4
l9jY99iqS48_clip0001_t00008,l9jY99iqS48,8.034,13.034,5.0,1.0,1.0,15.16,/kaggle/working/clips/tier1/l9jY99iqS48_clip0001_t00008.mp4
l9jY99iqS48_clip0002_t00012,l9jY99iqS48,12.034,17.034,5.0,1.0,1.0,16.13,/kaggle/working/clips/tier1/l9jY99iqS48_clip0002_t00012.mp4
l9jY99iqS48_clip0003_t00016,l9jY99iqS48,16.034,21.034,5.0,1.0,1.0,16.89,/kaggle/working/clips/tier1/l9jY99iqS48_clip0003_t00016.mp4
l9jY99iqS48_clip0004_t00020,l9jY99iqS48,20.034,25.034,5.0,1.0,1.0,16.08,/kaggle/working/clips/tier1/l9jY99iqS48_clip0004_t00020.mp4
l9jY99iqS48_clip0005_t00024,l9jY99iqS48,24.034,29.034,5.0,1.0,1.0,15.7,/kaggle/working/clips/tier1/l9jY99iqS48_clip0005_t00024.mp4
l9jY99iqS48_clip0006_t00028,l9jY99iqS48,28.034,31.646,3.612,1.0,1.0,16.5,/kaggle/working/clips/tier1/l9jY99iqS48_clip0006_t00028.mp4
l9jY99iqS48_clip0007_t00053,l9jY99iqS48,53.602,58.602,5.0,1.0,1.0,13.69,/kaggle/working/clips/tier1/l9jY99iqS48_clip0007_t00053.mp4
l9jY99iqS48_clip0008_t00057,l9jY99iqS48,57.602,61.63,4.028,1.0,1.0,15.43,/kaggle/working/clips/tier1/l9jY99iqS48_clip0008_t00057.mp4
l9jY99iqS48_clip0009_t00073,l9jY99iqS48,73.57,82.782,9.212,0.889,1.0,17.55,/kaggle/working/clips/tier1/l9jY99iqS48_clip0009_t00073.mp4
l9jY99iqS48_clip0010_t00082,l9jY99iqS48,82.882,85.918,3.036,1.0,1.0,13.75,/kaggle/working/clips/tier1/l9jY99iqS48_clip0010_t00082.mp4
l9jY99iqS48_clip0011_t00086,l9jY99iqS48,86.05,88.478,2.428,1.0,1.0,17.74,/kaggle/working/clips/tier1/l9jY99iqS48_clip0011_t00086.mp4
l9jY99iqS48_clip0012_t00090,l9jY99iqS48,90.754,96.03,5.276,1.0,1.0,18.3,/kaggle/working/clips/tier1/l9jY99iqS48_clip0012_t00090.mp4
l9jY99iqS48_clip0013_t00096,l9jY99iqS48,96.226,103.102,6.876,1.0,1.0,17.61,/kaggle/working/clips/tier1/l9jY99iqS48_clip0013_t00096.mp4
l9jY99iqS48_clip0014_t00103,l9jY99iqS48,103.202,115.198,11.996,1.0,1.0,18.88,/kaggle/working/clips/tier1/l9jY99iqS48_clip0014_t00103.mp4
l9jY99iqS48_clip0015_t00122,l9jY99iqS48,122.274,124.702,2.428,1.0,1.0,16.96,/kaggle/working/clips/tier1/l9jY99iqS48_clip0015_t00122.mp4
l9jY99iqS48_clip0016_t00127,l9jY99iqS48,127.682,129.886,2.204,1.0,1.0,17.61,/kaggle/working/clips/tier1/l9jY99iqS48_clip0016_t00127.mp4
l9jY99iqS48_clip0017_t00130,l9jY99iqS48,130.178,132.382,2.204,1.0,1.0,16.1,/kaggle/working/clips/tier1/l9jY99iqS48_clip0017_t00130.mp4
l9jY99iqS48_clip0018_t00133,l9jY99iqS48,133.122,139.454,6.332,1.0,1.0,18.84,/kaggle/working/clips/tier1/l9jY99iqS48_clip0018_t00133.mp4
l9jY99iqS48_clip0019_t00139,l9jY99iqS48,139.618,143.23,3.612,0.75,1.0,18.35,/kaggle/working/clips/tier1/l9jY99iqS48_clip0019_t00139.mp4
l9jY99iqS48_clip0020_t00144,l9jY99iqS48,144.386,149.386,5.0,1.0,1.0,18.55,/kaggle/working/clips/tier1/l9jY99iqS48_clip0020_t00144.mp4
l9jY99iqS48_clip0021_t00148,l9jY99iqS48,148.386,153.386,5.0,1.0,1.0,19.97,/kaggle/working/clips/tier1/l9jY99iqS48_clip0021_t00148.mp4
l9jY99iqS48_clip0022_t00152,l9jY99iqS48,152.386,157.374,4.988,1.0,1.0,17.26,/kaggle/working/clips/tier1/l9jY99iqS48_clip0022_t00152.mp4
l9jY99iqS48_clip0023_t00157,l9jY99iqS48,157.698,163.326,5.628,1.0,1.0,17.85,/kaggle/working/clips/tier1/l9jY99iqS48_clip0023_t00157.mp4
l9jY99iqS48_clip0024_t00172,l9jY99iqS48,172.034,180.222,8.188,1.0,1.0,17.63,/kaggle/working/clips/tier1/l9jY99iqS48_clip0024_t00172.mp4
l9jY99iqS48_clip0025_t00180,l9jY99iqS48,180.354,185.354,5.0,1.0,1.0,15.57,/kaggle/working/clips/tier1/l9jY99iqS48_clip0025_t00180.mp4
l9jY99iqS48_clip0026_t00184,l9jY99iqS48,184.354,189.354,5.0,1.0,1.0,16.78,/kaggle/working/clips/tier1/l9jY99iqS48_clip0026_t00184.mp4
l9jY99iqS48_clip0027_t00188,l9jY99iqS48,188.354,193.354,5.0,1.0,1.0,17.4,/kaggle/working/clips/tier1/l9jY99iqS48_clip0027_t00188.mp4
l9jY99iqS48_clip0028_t00192,l9jY99iqS48,192.354,197.354,5.0,1.0,1.0,15.99,/kaggle/working/clips/tier1/l9jY99iqS48_clip0028_t00192.mp4
l9jY99iqS48_clip0029_t00197,l9jY99iqS48,197.538,201.342,3.804,1.0,1.0,15.44,/kaggle/working/clips/tier1/l9jY99iqS48_clip0029_t00197.mp4
l9jY99iqS48_clip0030_t00201,l9jY99iqS48,201.442,204.862,3.42,1.0,1.0,15.23,/kaggle/working/clips/tier1/l9jY99iqS48_clip0030_t00201.mp4
l9jY99iqS48_clip0031_t00205,l9jY99iqS48,205.026,216.926,11.9,1.0,1.0,16.14,/kaggle/working/clips/tier1/l9jY99iqS48_clip0031_t00205.mp4
l9jY99iqS48_clip0032_t00217,l9jY99iqS48,217.026,223.646,6.62,1.0,1.0,15.53,/kaggle/working/clips/tier1/l9jY99iqS48_clip0032_t00217.mp4
l9jY99iqS48_clip0033_t00224,l9jY99iqS48,224.354,228.446,4.092,1.0,1.0,17.7,/kaggle/working/clips/tier1/l9jY99iqS48_clip0033_t00224.mp4
l9jY99iqS48_clip0034_t00230,l9jY99iqS48,230.242,233.214,2.972,1.0,1.0,17.05,/kaggle/working/clips/tier1/l9jY99iqS48_clip0034_t00230.mp4
l9jY99iqS48_clip0035_t00233,l9jY99iqS48,233.314,238.314,5.0,1.0,1.0,18.26,/kaggle/working/clips/tier1/l9jY99iqS48_clip0035_t00233.mp4
l9jY99iqS48_clip0036_t00237,l9jY99iqS48,237.314,242.314,5.0,1.0,1.0,16.46,/kaggle/working/clips/tier1/l9jY99iqS48_clip0036_t00237.mp4
l9jY99iqS48_clip0037_t00241,l9jY99iqS48,241.314,246.314,5.0,1.0,1.0,15.27,/kaggle/working/clips/tier1/l9jY99iqS48_clip0037_t00241.mp4
l9jY99iqS48_clip0038_t00245,l9jY99iqS48,245.314,250.314,5.0,1.0,1.0,15.05,/kaggle/working/clips/tier1/l9jY99iqS48_clip0038_t00245.mp4
l9jY99iqS48_clip0039_t00249,l9jY99iqS48,249.314,254.314,5.0,1.0,1.0,17.53,/kaggle/working/clips/tier1/l9jY99iqS48_clip0039_t00249.mp4
l9jY99iqS48_clip0040_t00253,l9jY99iqS48,253.314,258.314,5.0,1.0,1.0,17.44,/kaggle/working/clips/tier1/l9jY99iqS48_clip0040_t00253.mp4
l9jY99iqS48_clip0041_t00257,l9jY99iqS48,257.314,262.27,4.956,1.0,1.0,16.23,/kaggle/working/clips/tier1/l9jY99iqS48_clip0041_t00257.mp4
l9jY99iqS48_clip0042_t00262,l9jY99iqS48,262.658,273.342,10.684,1.0,1.0,15.75,/kaggle/working/clips/tier1/l9jY99iqS48_clip0042_t00262.mp4
l9jY99iqS48_clip0043_t00273,l9jY99iqS48,273.474,279.934,6.46,1.0,1.0,14.05,/kaggle/working/clips/tier1/l9jY99iqS48_clip0043_t00273.mp4
l9jY99iqS48_clip0044_t00284,l9jY99iqS48,284.066,289.066,5.0,1.0,1.0,16.6,/kaggle/working/clips/tier1/l9jY99iqS48_clip0044_t00284.mp4
l9jY99iqS48_clip0045_t00288,l9jY99iqS48,288.066,293.066,5.0,1.0,1.0,16.53,/kaggle/working/clips/tier1/l9jY99iqS48_clip0045_t00288.mp4
l9jY99iqS48_clip0046_t00300,l9jY99iqS48,300.226,305.278,5.052,1.0,1.0,19.06,/kaggle/working/clips/tier1/l9jY99iqS48_clip0046_t00300.mp4
l9jY99iqS48_clip0047_t00305,l9jY99iqS48,305.41,310.41,5.0,1.0,1.0,16.1,/kaggle/working/clips/tier1/l9jY99iqS48_clip0047_t00305.mp4
l9jY99iqS48_clip0048_t00309,l9jY99iqS48,309.41,314.41,5.0,1.0,1.0,14.21,/kaggle/working/clips/tier1/l9jY99iqS48_clip0048_t00309.mp4
l9jY99iqS48_clip0049_t00313,l9jY99iqS48,313.41,318.41,5.0,1.0,1.0,17.74,/kaggle/working/clips/tier1/l9jY99iqS48_clip0049_t00313.mp4
l9jY99iqS48_clip0050_t00317,l9jY99iqS48,317.41,322.41,5.0,1.0,1.0,17.72,/kaggle/working/clips/tier1/l9jY99iqS48_clip0050_t00317.mp4
l9jY99iqS48_clip0051_t00321,l9jY99iqS48,321.41,326.41,5.0,1.0,1.0,15.51,/kaggle/working/clips/tier1/l9jY99iqS48_clip0051_t00321.mp4
l9jY99iqS48_clip0052_t00325,l9jY99iqS48,325.41,330.41,5.0,1.0,1.0,14.42,/kaggle/working/clips/tier1/l9jY99iqS48_clip0052_t00325.mp4
l9jY99iqS48_clip0053_t00329,l9jY99iqS48,329.41,334.41,5.0,1.0,1.0,15.89,/kaggle/working/clips/tier1/l9jY99iqS48_clip0053_t00329.mp4
l9jY99iqS48_clip0054_t00335,l9jY99iqS48,335.522,340.522,5.0,1.0,1.0,16.21,/kaggle/working/clips/tier1/l9jY99iqS48_clip0054_t00335.mp4
l9jY99iqS48_clip0055_t00339,l9jY99iqS48,339.522,344.522,5.0,1.0,1.0,16.42,/kaggle/working/clips/tier1/l9jY99iqS48_clip0055_t00339.mp4
l9jY99iqS48_clip0056_t00343,l9jY99iqS48,343.522,348.522,5.0,1.0,1.0,15.54,/kaggle/working/clips/tier1/l9jY99iqS48_clip0056_t00343.mp4
l9jY99iqS48_clip0057_t00360,l9jY99iqS48,360.898,365.898,5.0,1.0,1.0,16.64,/kaggle/working/clips/tier1/l9jY99iqS48_clip0057_t00360.mp4
l9jY99iqS48_clip0058_t00364,l9jY99iqS48,364.898,369.898,5.0,1.0,1.0,16.9,/kaggle/working/clips/tier1/l9jY99iqS48_clip0058_t00364.mp4
l9jY99iqS48_clip0059_t00371,l9jY99iqS48,371.202,378.366,7.164,1.0,1.0,16.69,/kaggle/working/clips/tier1/l9jY99iqS48_clip0059_t00371.mp4
l9jY99iqS48_clip0060_t00378,l9jY99iqS48,378.498,383.498,5.0,1.0,1.0,14.99,/kaggle/working/clips/tier1/l9jY99iqS48_clip0060_t00378.mp4
l9jY99iqS48_clip0061_t00382,l9jY99iqS48,382.498,387.498,5.0,1.0,1.0,15.44,/kaggle/working/clips/tier1/l9jY99iqS48_clip0061_t00382.mp4
l9jY99iqS48_clip0062_t00386,l9jY99iqS48,386.498,390.878,4.38,1.0,1.0,15.12,/kaggle/working/clips/tier1/l9jY99iqS48_clip0062_t00386.mp4
l9jY99iqS48_clip0063_t00391,l9jY99iqS48,391.522,401.534,10.012,1.0,1.0,16.67,/kaggle/working/clips/tier1/l9jY99iqS48_clip0063_t00391.mp4
l9jY99iqS48_clip0064_t00413,l9jY99iqS48,413.922,418.922,5.0,1.0,1.0,14.8,/kaggle/working/clips/tier1/l9jY99iqS48_clip0064_t00413.mp4
l9jY99iqS48_clip0065_t00417,l9jY99iqS48,417.922,422.922,5.0,1.0,1.0,16.34,/kaggle/working/clips/tier1/l9jY99iqS48_clip0065_t00417.mp4
l9jY99iqS48_clip0066_t00421,l9jY99iqS48,421.922,426.462,4.54,1.0,1.0,15.03,/kaggle/working/clips/tier1/l9jY99iqS48_clip0066_t00421.mp4
l9jY99iqS48_clip0067_t00429,l9jY99iqS48,429.954,436.542,6.588,1.0,1.0,14.24,/kaggle/working/clips/tier1/l9jY99iqS48_clip0067_t00429.mp4
l9jY99iqS48_clip0068_t00436,l9jY99iqS48,436.706,439.006,2.3,1.0,1.0,14.65,/kaggle/working/clips/tier1/l9jY99iqS48_clip0068_t00436.mp4
l9jY99iqS48_clip0069_t00441,l9jY99iqS48,441.794,446.794,5.0,0.8,1.0,16.55,/kaggle/working/clips/tier1/l9jY99iqS48_clip0069_t00441.mp4
l9jY99iqS48_clip0070_t00445,l9jY99iqS48,445.794,450.794,5.0,0.8,1.0,17.05,/kaggle/working/clips/tier1/l9jY99iqS48_clip0070_t00445.mp4
l9jY99iqS48_clip0071_t00449,l9jY99iqS48,449.794,454.794,5.0,1.0,1.0,17.75,/kaggle/working/clips/tier1/l9jY99iqS48_clip0071_t00449.mp4
l9jY99iqS48_clip0072_t00453,l9jY99iqS48,453.794,458.654,4.86,1.0,1.0,18.11,/kaggle/working/clips/tier1/l9jY99iqS48_clip0072_t00453.mp4
l9jY99iqS48_clip0073_t00458,l9jY99iqS48,458.786,470.558,11.772,1.0,1.0,16.57,/kaggle/working/clips/tier1/l9jY99iqS48_clip0073_t00458.mp4
l9jY99iqS48_clip0074_t00470,l9jY99iqS48,470.658,475.658,5.0,1.0,1.0,15.63,/kaggle/working/clips/tier1/l9jY99iqS48_clip0074_t00470.mp4
l9jY99iqS48_clip0075_t00474,l9jY99iqS48,474.658,479.658,5.0,1.0,1.0,15.53,/kaggle/working/clips/tier1/l9jY99iqS48_clip0075_t00474.mp4
l9jY99iqS48_clip0076_t00478,l9jY99iqS48,478.658,483.658,5.0,1.0,1.0,16.59,/kaggle/working/clips/tier1/l9jY99iqS48_clip0076_t00478.mp4
l9jY99iqS48_clip0077_t00482,l9jY99iqS48,482.658,487.658,5.0,1.0,1.0,17.65,/kaggle/working/clips/tier1/l9jY99iqS48_clip0077_t00482.mp4
l9jY99iqS48_clip0078_t00486,l9jY99iqS48,486.658,491.23,4.572,1.0,1.0,17.27,/kaggle/working/clips/tier1/l9jY99iqS48_clip0078_t00486.mp4
l9jY99iqS48_clip0079_t00492,l9jY99iqS48,492.994,504.03,11.036,1.0,1.0,16.94,/kaggle/working/clips/tier1/l9jY99iqS48_clip0079_t00492.mp4
l9jY99iqS48_clip0080_t00504,l9jY99iqS48,504.29,513.918,9.628,1.0,1.0,16.61,/kaggle/working/clips/tier1/l9jY99iqS48_clip0080_t00504.mp4
l9jY99iqS48_clip0081_t00514,l9jY99iqS48,514.018,525.15,11.132,1.0,1.0,16.29,/kaggle/working/clips/tier1/l9jY99iqS48_clip0081_t00514.mp4
l9jY99iqS48_clip0082_t00535,l9jY99iqS48,535.298,540.298,5.0,1.0,1.0,15.44,/kaggle/working/clips/tier1/l9jY99iqS48_clip0082_t00535.mp4
l9jY99iqS48_clip0083_t00539,l9jY99iqS48,539.298,544.298,5.0,0.8,1.0,15.24,/kaggle/working/clips/tier1/l9jY99iqS48_clip0083_t00539.mp4
l9jY99iqS48_clip0084_t00551,l9jY99iqS48,551.298,554.654,3.356,1.0,1.0,14.02,/kaggle/working/clips/tier1/l9jY99iqS48_clip0084_t00551.mp4
l9jY99iqS48_clip0085_t00554,l9jY99iqS48,554.914,559.914,5.0,1.0,1.0,13.38,/kaggle/working/clips/tier1/l9jY99iqS48_clip0085_t00554.mp4
l9jY99iqS48_clip0086_t00558,l9jY99iqS48,558.914,563.914,5.0,1.0,1.0,14.0,/kaggle/working/clips/tier1/l9jY99iqS48_clip0086_t00558.mp4
l9jY99iqS48_clip0087_t00562,l9jY99iqS48,562.914,567.914,5.0,1.0,1.0,14.48,/kaggle/working/clips/tier1/l9jY99iqS48_clip0087_t00562.mp4
l9jY99iqS48_clip0088_t00566,l9jY99iqS48,566.914,571.914,5.0,1.0,1.0,14.46,/kaggle/working/clips/tier1/l9jY99iqS48_clip0088_t00566.mp4
l9jY99iqS48_clip0089_t00570,l9jY99iqS48,570.914,573.662,2.748,1.0,1.0,16.1,/kaggle/working/clips/tier1/l9jY99iqS48_clip0089_t00570.mp4
l9jY99iqS48_clip0090_t00573,l9jY99iqS48,573.762,583.806,10.044,1.0,1.0,16.51,/kaggle/working/clips/tier1/l9jY99iqS48_clip0090_t00573.mp4
l9jY99iqS48_clip0091_t00583,l9jY99iqS48,583.97,592.382,8.412,1.0,1.0,16.95,/kaggle/working/clips/tier1/l9jY99iqS48_clip0091_t00583.mp4
l9jY99iqS48_clip0092_t00592,l9jY99iqS48,592.61,597.918,5.308,1.0,1.0,16.61,/kaggle/working/clips/tier1/l9jY99iqS48_clip0092_t00592.mp4
l9jY99iqS48_clip0093_t00599,l9jY99iqS48,599.522,602.814,3.292,1.0,1.0,16.42,/kaggle/working/clips/tier1/l9jY99iqS48_clip0093_t00599.mp4
l9jY99iqS48_clip0094_t00604,l9jY99iqS48,604.066,609.886,5.82,1.0,1.0,15.89,/kaggle/working/clips/tier1/l9jY99iqS48_clip0094_t00604.mp4
l9jY99iqS48_clip0095_t00609,l9jY99iqS48,609.986,614.986,5.0,1.0,1.0,15.44,/kaggle/working/clips/tier1/l9jY99iqS48_clip0095_t00609.mp4
l9jY99iqS48_clip0096_t00613,l9jY99iqS48,613.986,618.986,5.0,1.0,1.0,15.38,/kaggle/working/clips/tier1/l9jY99iqS48_clip0096_t00613.mp4
l9jY99iqS48_clip0097_t00617,l9jY99iqS48,617.986,622.986,5.0,1.0,1.0,15.05,/kaggle/working/clips/tier1/l9jY99iqS48_clip0097_t00617.mp4
l9jY99iqS48_clip0098_t00621,l9jY99iqS48,621.986,626.986,5.0,0.8,1.0,13.58,/kaggle/working/clips/tier1/l9jY99iqS48_clip0098_t00621.mp4
l9jY99iqS48_clip0099_t00629,l9jY99iqS48,629.634,634.634,5.0,1.0,1.0,15.17,/kaggle/working/clips/tier1/l9jY99iqS48_clip0099_t00629.mp4
l9jY99iqS48_clip0100_t00633,l9jY99iqS48,633.634,638.634,5.0,1.0,1.0,15.19,/kaggle/working/clips/tier1/l9jY99iqS48_clip0100_t00633.mp4
l9jY99iqS48_clip0101_t00637,l9jY99iqS48,637.634,642.59,4.956,0.8,1.0,17.05,/kaggle/working/clips/tier1/l9jY99iqS48_clip0101_t00637.mp4
l9jY99iqS48_clip0102_t00643,l9jY99iqS48,643.746,646.046,2.3,1.0,1.0,16.82,/kaggle/working/clips/tier1/l9jY99iqS48_clip0102_t00643.mp4
l9jY99iqS48_clip0103_t00646,l9jY99iqS48,646.306,655.824,9.518,1.0,1.0,15.89,/kaggle/working/clips/tier1/l9jY99iqS48_clip0103_t00646.mp4
